2025-12-21 21:42:49,968 - [DEBUG] - y_true: (1447,) [0 0 0 0 0 1 0 0 0 0 0 0 0 0 0 0 0 1 0 0 0 0 0 0 1 0 0 0 0 0 0 0 0 0 0 0 0
 0 1 1 0]
2025-12-21 21:42:50,133 - [DEBUG] - y_rrl_: (1447,) [0 0 0 0 0 0 0 0 0 0 0 0 0 0 0 0 0 0 0 0 0 0 0 0 0 0 0 0 0 0 0 0 0 0 0 0 0
 0 0 0 0]
2025-12-21 21:42:50,134 - [DEBUG] - y_rrl: (1447, 2) [[ 1.8736783 -1.0999408]
 [ 1.8736783 -1.0999408]
 [ 1.8736783 -1.0999408]
 [ 1.8736783 -1.0999408]
 [ 1.8736783 -1.0999408]
 [ 1.8736783 -1.0999408]
 [ 1.8736783 -1.0999408]
 [ 1.8736783 -1.0999408]
 [ 1.8736783 -1.0999408]
 [ 1.8736783 -1.0999408]
 [ 1.8736783 -1.0999408]
 [ 1.8736783 -1.0999408]
 [ 1.8736783 -1.0999408]
 [ 1.8736783 -1.0999408]
 [ 1.8736783 -1.0999408]
 [ 1.8736783 -1.0999408]
 [ 1.8736783 -1.0999408]
 [ 1.8736783 -1.0999408]
 [ 1.8736783 -1.0999408]
 [ 1.8736783 -1.0999408]
 [ 1.8736783 -1.0999408]
 [ 1.8736783 -1.0999408]
 [ 1.8736783 -1.0999408]
 [ 1.8736783 -1.0999408]
 [ 1.8736783 -1.0999408]
 [ 1.8736783 -1.0999408]
 [ 1.8736783 -1.0999408]
 [ 1.8736783 -1.0999408]
 [ 1.8736783 -1.0999408]
 [ 1.8736783 -1.0999408]
 [ 1.8736783 -1.0999408]
 [ 1.8736783 -1.0999408]
 [ 1.8736783 -1.0999408]
 [ 1.8736783 -1.0999408]
 [ 1.8736783 -1.0999408]
 [ 1.8736783 -1.0999408]
 [ 1.8736783 -1.0999408]
 [ 1.8736783 -1.0999408]
 [ 1.8736783 -1.0999408]
 [ 1.8736783 -1.0999408]
 [ 1.8736783 -1.0999408]]
2025-12-21 21:42:50,136 - [INFO] - ------------------------------------------------------------
2025-12-21 21:42:50,136 - [INFO] - On Validation Set:
	Accuracy of RRL  Model: 0.8887353144436766
	F1 Score of RRL  Model: 0.47054518843761434
2025-12-21 21:42:50,143 - [INFO] - On Validation Set:
Performance of  RRL Model: 
[[1286    0]
 [ 161    0]]
              precision    recall  f1-score   support

           0       0.89      1.00      0.94      1286
           1       0.00      0.00      0.00       161

    accuracy                           0.89      1447
   macro avg       0.44      0.50      0.47      1447
weighted avg       0.79      0.89      0.84      1447

2025-12-21 21:42:50,143 - [INFO] - ------------------------------------------------------------
2025-12-21 21:42:51,782 - [INFO] - epoch: 0, loss_rrl: 160.41616237163544
2025-12-21 21:42:52,041 - [DEBUG] - y_true: (1447,) [0 0 0 0 0 1 0 0 0 0 0 0 0 0 0 0 0 1 0 0 0 0 0 0 1 0 0 0 0 0 0 0 0 0 0 0 0
 0 1 1 0]
2025-12-21 21:42:52,204 - [DEBUG] - y_rrl_: (1447,) [0 0 0 0 0 1 0 0 0 0 0 0 0 0 0 0 0 0 0 0 0 0 0 0 1 0 0 0 0 0 0 0 0 0 0 0 0
 0 1 0 0]
2025-12-21 21:42:52,205 - [DEBUG] - y_rrl: (1447, 2) [[ 3.019572   -2.261764  ]
 [ 0.90305245 -0.15596905]
 [ 3.019572   -2.261764  ]
 [ 3.019572   -2.261764  ]
 [ 3.019572   -2.261764  ]
 [-0.29579517  1.0661077 ]
 [ 3.019572   -2.261764  ]
 [ 3.019572   -2.261764  ]
 [ 3.019572   -2.261764  ]
 [ 2.1654704  -1.4283799 ]
 [ 1.4683542  -0.7177641 ]
 [ 2.322456   -1.551148  ]
 [ 2.4082038  -1.6579528 ]
 [ 2.7158375  -1.948909  ]
 [ 2.4082038  -1.6579528 ]
 [ 2.7158375  -1.948909  ]
 [ 3.019572   -2.261764  ]
 [ 1.4683542  -0.7177641 ]
 [ 1.7571543  -0.98935306]
 [ 2.238104   -1.4776765 ]
 [ 3.019572   -2.261764  ]
 [ 2.7158375  -1.948909  ]
 [ 3.019572   -2.261764  ]
 [ 2.4082038  -1.6579528 ]
 [-0.29579517  1.0661077 ]
 [ 0.90305245 -0.15596905]
 [ 1.7042811  -0.95062745]
 [ 2.4082038  -1.6579528 ]
 [ 2.322456   -1.551148  ]
 [ 3.019572   -2.261764  ]
 [ 3.019572   -2.261764  ]
 [ 2.238104   -1.4776765 ]
 [ 1.4683542  -0.7177641 ]
 [ 1.4683542  -0.7177641 ]
 [ 3.019572   -2.261764  ]
 [ 3.019572   -2.261764  ]
 [ 3.019572   -2.261764  ]
 [ 2.4082038  -1.6579528 ]
 [ 0.26950672  0.5043127 ]
 [ 1.0600272  -0.29825044]
 [ 3.019572   -2.261764  ]]
2025-12-21 21:42:52,207 - [INFO] - ------------------------------------------------------------
2025-12-21 21:42:52,207 - [INFO] - On Validation Set:
	Accuracy of RRL  Model: 0.907394609536973
	F1 Score of RRL  Model: 0.736760505251268
2025-12-21 21:42:52,213 - [INFO] - On Validation Set:
Performance of  RRL Model: 
[[1239   47]
 [  87   74]]
              precision    recall  f1-score   support

           0       0.93      0.96      0.95      1286
           1       0.61      0.46      0.52       161

    accuracy                           0.91      1447
   macro avg       0.77      0.71      0.74      1447
weighted avg       0.90      0.91      0.90      1447

2025-12-21 21:42:52,213 - [INFO] - ------------------------------------------------------------
2025-12-21 21:42:53,440 - [INFO] - epoch: 1, loss_rrl: 115.86624153330922
2025-12-21 21:42:53,939 - [DEBUG] - y_true: (1447,) [0 0 0 0 0 1 0 0 0 0 0 0 0 0 0 0 0 1 0 0 0 0 0 0 1 0 0 0 0 0 0 0 0 0 0 0 0
 0 1 1 0]
2025-12-21 21:42:54,103 - [DEBUG] - y_rrl_: (1447,) [0 0 0 0 0 1 0 0 0 0 0 0 0 0 0 0 0 0 0 0 0 0 0 0 1 0 0 0 0 0 0 0 0 0 0 0 0
 0 1 0 0]
2025-12-21 21:42:54,103 - [DEBUG] - y_rrl: (1447, 2) [[ 3.2655268  -2.5252638 ]
 [ 0.70819134  0.03452817]
 [ 1.6365031  -0.882562  ]
 [ 1.6365031  -0.882562  ]
 [ 3.2655268  -2.5252638 ]
 [ 0.0772021   0.6662913 ]
 [ 3.2655268  -2.5252638 ]
 [ 2.8621938  -2.1129112 ]
 [ 3.2655268  -2.5252638 ]
 [ 1.855835   -1.1239382 ]
 [ 1.1020882  -0.37236446]
 [ 2.1084468  -1.3613373 ]
 [ 2.694559   -1.9517754 ]
 [ 2.9494247  -2.2125044 ]
 [ 2.9494247  -2.2125044 ]
 [ 2.694559   -1.9517754 ]
 [ 2.8621938  -2.1129112 ]
 [ 1.1020882  -0.37236446]
 [ 1.7145499  -0.95444465]
 [ 2.3633122  -1.6220661 ]
 [ 3.2655268  -2.5252638 ]
 [ 2.9494247  -2.2125044 ]
 [ 3.2655268  -2.5252638 ]
 [ 2.9494247  -2.2125044 ]
 [-0.6133179   1.3640785 ]
 [ 1.3987113  -0.663259  ]
 [ 1.5997106  -0.872165  ]
 [ 2.9494247  -2.2125044 ]
 [ 2.3633122  -1.6220661 ]
 [ 3.1170592  -2.3736403 ]
 [ 3.2655268  -2.5252638 ]
 [ 2.1084468  -1.3613373 ]
 [ 1.1020882  -0.37236446]
 [ 1.1020882  -0.37236446]
 [ 3.2655268  -2.5252638 ]
 [ 2.8621938  -2.1129112 ]
 [ 3.2655268  -2.5252638 ]
 [ 2.9494247  -2.2125044 ]
 [ 0.36669114  0.3667477 ]
 [ 0.63189906  0.0969935 ]
 [ 2.8621938  -2.1129112 ]]
2025-12-21 21:42:54,105 - [INFO] - ------------------------------------------------------------
2025-12-21 21:42:54,105 - [INFO] - On Validation Set:
	Accuracy of RRL  Model: 0.902557014512785
	F1 Score of RRL  Model: 0.7445719329214475
2025-12-21 21:42:54,111 - [INFO] - On Validation Set:
Performance of  RRL Model: 
[[1222   64]
 [  77   84]]
              precision    recall  f1-score   support

           0       0.94      0.95      0.95      1286
           1       0.57      0.52      0.54       161

    accuracy                           0.90      1447
   macro avg       0.75      0.74      0.74      1447
weighted avg       0.90      0.90      0.90      1447

2025-12-21 21:42:54,111 - [INFO] - ------------------------------------------------------------
2025-12-21 21:42:55,079 - [INFO] - epoch: 2, loss_rrl: 114.13779801689088
2025-12-21 21:42:55,790 - [DEBUG] - y_true: (1447,) [0 0 0 0 0 1 0 0 0 0 0 0 0 0 0 0 0 1 0 0 0 0 0 0 1 0 0 0 0 0 0 0 0 0 0 0 0
 0 1 1 0]
2025-12-21 21:42:55,953 - [DEBUG] - y_rrl_: (1447,) [0 0 0 0 0 1 0 0 0 0 0 0 0 0 0 0 0 0 0 0 0 0 0 0 1 0 0 0 0 0 0 0 0 0 0 0 0
 0 1 0 0]
2025-12-21 21:42:55,954 - [DEBUG] - y_rrl: (1447, 2) [[ 4.0619493  -3.3272064 ]
 [ 0.7086811   0.03086094]
 [ 3.6901488  -2.949985  ]
 [ 3.6901488  -2.949985  ]
 [ 4.0619493  -3.3272064 ]
 [-0.38804963  1.1301006 ]
 [ 4.0619493  -3.3272064 ]
 [ 3.6901488  -2.949985  ]
 [ 4.0619493  -3.3272064 ]
 [ 2.3581548  -1.635035  ]
 [ 1.3914976  -0.6509745 ]
 [ 2.7234921  -1.9659245 ]
 [ 3.4496198  -2.6963174 ]
 [ 4.0619493  -3.3272064 ]
 [ 4.0619493  -3.3272064 ]
 [ 3.4496198  -2.6963174 ]
 [ 4.0619493  -3.3272064 ]
 [ 1.3914976  -0.6509745 ]
 [ 2.412476   -1.6613104 ]
 [ 2.9915593  -2.247887  ]
 [ 3.8387299  -3.0982018 ]
 [ 4.0619493  -3.3272064 ]
 [ 3.8387299  -3.0982018 ]
 [ 4.0619493  -3.3272064 ]
 [-0.38804963  1.1301006 ]
 [ 1.0804814  -0.34636045]
 [ 2.0235631  -1.2851776 ]
 [ 3.6901488  -2.949985  ]
 [ 3.335822   -2.5968132 ]
 [ 4.0619493  -3.3272064 ]
 [ 4.0619493  -3.3272064 ]
 [ 3.14014    -2.3961039 ]
 [ 1.3914976  -0.6509745 ]
 [ 1.0196972  -0.27375317]
 [ 4.0619493  -3.3272064 ]
 [ 3.6901488  -2.949985  ]
 [ 3.8387299  -3.0982018 ]
 [ 3.6901488  -2.949985  ]
 [-0.0770334   0.82548654]
 [ 0.9601671  -0.22045913]
 [ 3.6901488  -2.949985  ]]
2025-12-21 21:42:55,956 - [INFO] - ------------------------------------------------------------
2025-12-21 21:42:55,956 - [INFO] - On Validation Set:
	Accuracy of RRL  Model: 0.9032480995162405
	F1 Score of RRL  Model: 0.7196388436797644
2025-12-21 21:42:55,962 - [INFO] - On Validation Set:
Performance of  RRL Model: 
[[1239   47]
 [  93   68]]
              precision    recall  f1-score   support

           0       0.93      0.96      0.95      1286
           1       0.59      0.42      0.49       161

    accuracy                           0.90      1447
   macro avg       0.76      0.69      0.72      1447
weighted avg       0.89      0.90      0.90      1447

2025-12-21 21:42:55,962 - [INFO] - ------------------------------------------------------------
2025-12-21 21:42:56,675 - [INFO] - epoch: 3, loss_rrl: 112.99689631350338
2025-12-21 21:42:57,608 - [DEBUG] - y_true: (1447,) [0 0 0 0 0 1 0 0 0 0 0 0 0 0 0 0 0 1 0 0 0 0 0 0 1 0 0 0 0 0 0 0 0 0 0 0 0
 0 1 1 0]
2025-12-21 21:42:57,774 - [DEBUG] - y_rrl_: (1447,) [0 1 0 0 0 1 0 0 0 0 0 0 0 0 0 0 0 0 0 0 0 0 0 0 1 0 0 0 0 0 0 0 0 0 0 0 0
 0 0 0 0]
2025-12-21 21:42:57,775 - [DEBUG] - y_rrl: (1447, 2) [[ 4.2151785  -3.4903085 ]
 [ 0.23868102  0.49100384]
 [ 2.854395   -2.1164126 ]
 [ 2.854395   -2.1164126 ]
 [ 4.2151785  -3.4903085 ]
 [-0.9905198   1.7226797 ]
 [ 4.2151785  -3.4903085 ]
 [ 3.5694025  -2.8335083 ]
 [ 4.2151785  -3.4903085 ]
 [ 2.6973777  -1.9802078 ]
 [ 2.2215786  -1.5055401 ]
 [ 3.0936031  -2.3588407 ]
 [ 3.611826   -2.8687472 ]
 [ 3.969069   -3.2385046 ]
 [ 3.969069   -3.2385046 ]
 [ 3.969069   -3.2385046 ]
 [ 3.969069   -3.2385046 ]
 [ 2.2215786  -1.5055401 ]
 [ 2.7247257  -1.9934808 ]
 [ 3.1932824  -2.4629366 ]
 [ 3.969069   -3.2385046 ]
 [ 3.969069   -3.2385046 ]
 [ 3.969069   -3.2385046 ]
 [ 3.969069   -3.2385046 ]
 [-0.9905198   1.7226797 ]
 [ 1.3533549  -0.631088  ]
 [ 2.2215786  -1.5055401 ]
 [ 3.5694025  -2.8335083 ]
 [ 3.0936031  -2.3588407 ]
 [ 3.969069   -3.2385046 ]
 [ 4.2151785  -3.4903085 ]
 [ 3.592949   -2.867933  ]
 [ 2.2215786  -1.5055401 ]
 [ 1.8219119  -1.1005439 ]
 [ 4.2151785  -3.4903085 ]
 [ 3.5694025  -2.8335083 ]
 [ 3.969069   -3.2385046 ]
 [ 3.5694025  -2.8335083 ]
 [ 0.3770497   0.33913544]
 [ 1.0796533  -0.36232635]
 [ 3.5694025  -2.8335083 ]]
2025-12-21 21:42:57,777 - [INFO] - ------------------------------------------------------------
2025-12-21 21:42:57,777 - [INFO] - On Validation Set:
	Accuracy of RRL  Model: 0.9080856945404284
	F1 Score of RRL  Model: 0.729259896487642
2025-12-21 21:42:57,783 - [INFO] - On Validation Set:
Performance of  RRL Model: 
[[1245   41]
 [  92   69]]
              precision    recall  f1-score   support

           0       0.93      0.97      0.95      1286
           1       0.63      0.43      0.51       161

    accuracy                           0.91      1447
   macro avg       0.78      0.70      0.73      1447
weighted avg       0.90      0.91      0.90      1447

2025-12-21 21:42:57,783 - [INFO] - ------------------------------------------------------------
2025-12-21 21:42:58,282 - [INFO] - epoch: 4, loss_rrl: 111.96282892674208
2025-12-21 21:42:59,468 - [DEBUG] - y_true: (1447,) [0 0 0 0 0 1 0 0 0 0 0 0 0 0 0 0 0 1 0 0 0 0 0 0 1 0 0 0 0 0 0 0 0 0 0 0 0
 0 1 1 0]
2025-12-21 21:42:59,630 - [DEBUG] - y_rrl_: (1447,) [0 0 0 0 0 1 0 0 0 0 0 0 0 0 0 0 0 0 0 0 0 0 0 0 1 0 0 0 0 0 0 0 0 0 0 0 0
 0 0 0 0]
2025-12-21 21:42:59,631 - [DEBUG] - y_rrl: (1447, 2) [[ 4.7604494e+00 -4.0466485e+00]
 [ 5.8291054e-01  1.3051066e-01]
 [ 3.7353206e+00 -3.0138943e+00]
 [ 3.7353206e+00 -3.0138943e+00]
 [ 3.9942217e+00 -3.2783883e+00]
 [ 8.6546317e-04  7.1414608e-01]
 [ 4.7604494e+00 -4.0466485e+00]
 [ 4.5015488e+00 -3.7821543e+00]
 [ 4.7604494e+00 -4.0466485e+00]
 [ 3.4640436e+00 -2.7628469e+00]
 [ 1.6700993e+00 -9.6275342e-01]
 [ 3.4738331e+00 -2.7503211e+00]
 [ 4.0232124e+00 -3.3092597e+00]
 [ 3.2569847e+00 -2.5409999e+00]
 [ 4.0232124e+00 -3.3092597e+00]
 [ 4.0232124e+00 -3.3092597e+00]
 [ 3.7353206e+00 -3.0138943e+00]
 [ 2.4363275e+00 -1.7310134e+00]
 [ 2.9360237e+00 -2.2159958e+00]
 [ 3.4738331e+00 -2.7503211e+00]
 [ 4.5015488e+00 -3.7821543e+00]
 [ 4.0232124e+00 -3.3092597e+00]
 [ 4.5015488e+00 -3.7821543e+00]
 [ 3.2569847e+00 -2.5409999e+00]
 [-1.0863233e+00  1.8074101e+00]
 [ 2.4363275e+00 -1.7310134e+00]
 [ 2.4363275e+00 -1.7310134e+00]
 [ 4.0232124e+00 -3.3092597e+00]
 [ 3.4738331e+00 -2.7503211e+00]
 [ 4.5015488e+00 -3.7821543e+00]
 [ 4.7604494e+00 -4.0466485e+00]
 [ 3.0659227e+00 -2.3301871e+00]
 [ 2.4363275e+00 -1.7310134e+00]
 [ 2.4363275e+00 -1.7310134e+00]
 [ 4.7604494e+00 -4.0466485e+00]
 [ 4.5015488e+00 -3.7821543e+00]
 [ 4.5015488e+00 -3.7821543e+00]
 [ 4.0232124e+00 -3.3092597e+00]
 [ 5.5024523e-01  1.5520731e-01]
 [ 9.0216208e-01 -2.0103535e-01]
 [ 4.5015488e+00 -3.7821543e+00]]
2025-12-21 21:42:59,633 - [INFO] - ------------------------------------------------------------
2025-12-21 21:42:59,633 - [INFO] - On Validation Set:
	Accuracy of RRL  Model: 0.9080856945404284
	F1 Score of RRL  Model: 0.7310382609886616
2025-12-21 21:42:59,639 - [INFO] - On Validation Set:
Performance of  RRL Model: 
[[1244   42]
 [  91   70]]
              precision    recall  f1-score   support

           0       0.93      0.97      0.95      1286
           1       0.62      0.43      0.51       161

    accuracy                           0.91      1447
   macro avg       0.78      0.70      0.73      1447
weighted avg       0.90      0.91      0.90      1447

2025-12-21 21:42:59,639 - [INFO] - ------------------------------------------------------------
2025-12-21 21:42:59,907 - [INFO] - epoch: 5, loss_rrl: 111.1129783578217
2025-12-21 21:43:01,347 - [DEBUG] - y_true: (1447,) [0 0 0 0 0 1 0 0 0 0 0 0 0 0 0 0 0 1 0 0 0 0 0 0 1 0 0 0 0 0 0 0 0 0 0 0 0
 0 1 1 0]
2025-12-21 21:43:01,510 - [DEBUG] - y_rrl_: (1447,) [0 1 0 0 0 1 0 0 0 0 0 0 0 0 0 0 0 0 0 0 0 0 0 0 1 0 0 0 0 0 0 0 0 0 0 0 0
 0 1 0 0]
2025-12-21 21:43:01,510 - [DEBUG] - y_rrl: (1447, 2) [[ 5.4659667  -4.764436  ]
 [ 0.2851849   0.42124224]
 [ 3.8655415  -3.1514435 ]
 [ 3.8655415  -3.1514435 ]
 [ 5.4659667  -4.764436  ]
 [-0.6587066   1.3556267 ]
 [ 5.4659667  -4.764436  ]
 [ 4.7262483  -4.014121  ]
 [ 5.4659667  -4.764436  ]
 [ 2.930369   -2.234905  ]
 [ 2.182364   -1.487993  ]
 [ 3.9782436  -3.2672086 ]
 [ 4.6164346  -3.9147463 ]
 [ 4.6164346  -3.9147463 ]
 [ 4.6164346  -3.9147463 ]
 [ 4.6164346  -3.9147463 ]
 [ 5.17452    -4.4675055 ]
 [ 2.182364   -1.487993  ]
 [ 2.7642703  -2.047322  ]
 [ 3.5299726  -2.8138244 ]
 [ 5.17452    -4.4675055 ]
 [ 4.6164346  -3.9147463 ]
 [ 5.17452    -4.4675055 ]
 [ 4.6164346  -3.9147463 ]
 [-1.0472953   1.7561182 ]
 [ 1.3569791  -0.6685979 ]
 [ 2.8081367  -2.114706  ]
 [ 4.1681633  -3.461362  ]
 [ 3.9782436  -3.2672086 ]
 [ 5.17452    -4.4675055 ]
 [ 5.4659667  -4.764436  ]
 [ 4.6164346  -3.9147463 ]
 [ 2.182364   -1.487993  ]
 [ 1.7340927  -1.0346088 ]
 [ 5.4659667  -4.764436  ]
 [ 4.7262483  -4.014121  ]
 [ 5.17452    -4.4675055 ]
 [ 4.1681633  -3.461362  ]
 [ 0.16667822  0.53623176]
 [ 1.1419073  -0.45258045]
 [ 4.7262483  -4.014121  ]]
2025-12-21 21:43:01,512 - [INFO] - ------------------------------------------------------------
2025-12-21 21:43:01,512 - [INFO] - On Validation Set:
	Accuracy of RRL  Model: 0.9087767795438839
	F1 Score of RRL  Model: 0.7151574803149606
2025-12-21 21:43:01,518 - [INFO] - On Validation Set:
Performance of  RRL Model: 
[[1254   32]
 [ 100   61]]
              precision    recall  f1-score   support

           0       0.93      0.98      0.95      1286
           1       0.66      0.38      0.48       161

    accuracy                           0.91      1447
   macro avg       0.79      0.68      0.72      1447
weighted avg       0.90      0.91      0.90      1447

2025-12-21 21:43:01,518 - [INFO] - ------------------------------------------------------------
2025-12-21 21:43:01,549 - [INFO] - epoch: 6, loss_rrl: 109.86113375797868
2025-12-21 21:43:02,949 - [INFO] - epoch: 7, loss_rrl: 108.23253429681063
2025-12-21 21:43:03,162 - [DEBUG] - y_true: (1447,) [0 0 0 0 0 1 0 0 0 0 0 0 0 0 0 0 0 1 0 0 0 0 0 0 1 0 0 0 0 0 0 0 0 0 0 0 0
 0 1 1 0]
2025-12-21 21:43:03,325 - [DEBUG] - y_rrl_: (1447,) [0 1 0 0 0 1 0 0 0 0 0 0 0 0 0 0 0 0 0 0 0 0 0 0 1 0 0 0 0 0 0 0 0 0 0 0 0
 0 0 0 0]
2025-12-21 21:43:03,325 - [DEBUG] - y_rrl: (1447, 2) [[ 5.798144   -5.109971  ]
 [ 0.08919613  0.6039457 ]
 [ 4.0173445  -3.3169107 ]
 [ 4.0173445  -3.3169107 ]
 [ 5.798144   -5.109971  ]
 [-0.5300215   1.2313156 ]
 [ 5.798144   -5.109971  ]
 [ 4.9981465  -4.2996187 ]
 [ 5.798144   -5.109971  ]
 [ 3.7284844  -3.046905  ]
 [ 2.8565013  -2.1759973 ]
 [ 4.126164   -3.428711  ]
 [ 4.432602   -3.7327137 ]
 [ 5.461424   -4.7678847 ]
 [ 5.461424   -4.7678847 ]
 [ 4.8506513  -4.162314  ]
 [ 5.461424   -4.7678847 ]
 [ 2.8565013  -2.1759973 ]
 [ 3.527426   -2.8333445 ]
 [ 4.273659   -3.5660157 ]
 [ 5.461424   -4.7678847 ]
 [ 5.461424   -4.7678847 ]
 [ 5.461424   -4.7678847 ]
 [ 5.461424   -4.7678847 ]
 [-0.5300215   1.2313156 ]
 [ 1.5332752  -0.84702796]
 [ 2.8565013  -2.1759973 ]
 [ 4.9981465  -4.2996187 ]
 [ 4.7369366  -4.0342817 ]
 [ 5.461424   -4.7678847 ]
 [ 5.798144   -5.109971  ]
 [ 4.432602   -3.7327137 ]
 [ 2.8565013  -2.1759973 ]
 [ 2.3932242  -1.7077314 ]
 [ 5.798144   -5.109971  ]
 [ 4.9981465  -4.2996187 ]
 [ 5.461424   -4.7678847 ]
 [ 4.9981465  -4.2996187 ]
 [ 0.6125154   0.06811231]
 [ 1.4258755  -0.7466774 ]
 [ 4.9981465  -4.2996187 ]]
2025-12-21 21:43:03,327 - [INFO] - ------------------------------------------------------------
2025-12-21 21:43:03,327 - [INFO] - On Validation Set:
	Accuracy of RRL  Model: 0.9067035245335177
	F1 Score of RRL  Model: 0.7012200810940198
2025-12-21 21:43:03,333 - [INFO] - On Validation Set:
Performance of  RRL Model: 
[[1256   30]
 [ 105   56]]
              precision    recall  f1-score   support

           0       0.92      0.98      0.95      1286
           1       0.65      0.35      0.45       161

    accuracy                           0.91      1447
   macro avg       0.79      0.66      0.70      1447
weighted avg       0.89      0.91      0.89      1447

2025-12-21 21:43:03,333 - [INFO] - ------------------------------------------------------------
2025-12-21 21:43:04,734 - [INFO] - epoch: 8, loss_rrl: 108.16869914717972
2025-12-21 21:43:05,212 - [DEBUG] - y_true: (1447,) [0 0 0 0 0 1 0 0 0 0 0 0 0 0 0 0 0 1 0 0 0 0 0 0 1 0 0 0 0 0 0 0 0 0 0 0 0
 0 1 1 0]
2025-12-21 21:43:05,373 - [DEBUG] - y_rrl_: (1447,) [0 1 0 0 0 1 0 0 0 0 0 0 0 0 0 0 0 0 0 0 0 0 0 0 1 0 0 0 0 0 0 0 0 0 0 0 0
 0 1 0 0]
2025-12-21 21:43:05,373 - [DEBUG] - y_rrl: (1447, 2) [[ 5.6859007  -5.0121264 ]
 [ 0.03910832  0.63487744]
 [ 3.7549062  -3.0691943 ]
 [ 3.7549062  -3.0691943 ]
 [ 5.6859007  -5.0121264 ]
 [-1.1281304   1.8148618 ]
 [ 5.6859007  -5.0121264 ]
 [ 5.340588   -4.6615696 ]
 [ 5.6859007  -5.0121264 ]
 [ 3.9661064  -3.3033338 ]
 [ 2.503244   -1.8366727 ]
 [ 3.8777251  -3.1949089 ]
 [ 4.243736   -3.5586057 ]
 [ 5.340588   -4.6615696 ]
 [ 4.9139504  -4.223752  ]
 [ 4.6703734  -3.9964235 ]
 [ 5.340588   -4.6615696 ]
 [ 2.503244   -1.8366727 ]
 [ 3.2798352  -2.6003077 ]
 [ 4.121302   -3.4222372 ]
 [ 5.340588   -4.6615696 ]
 [ 5.340588   -4.6615696 ]
 [ 5.340588   -4.6615696 ]
 [ 4.9139504  -4.223752  ]
 [-1.1281304   1.8148618 ]
 [ 2.0766063  -1.3988549 ]
 [ 3.295892   -2.6381874 ]
 [ 4.9139504  -4.223752  ]
 [ 4.54794    -3.860055  ]
 [ 5.340588   -4.6615696 ]
 [ 5.6859007  -5.0121264 ]
 [ 4.9139504  -4.223752  ]
 [ 2.503244   -1.8366727 ]
 [ 2.503244   -1.8366727 ]
 [ 5.6859007  -5.0121264 ]
 [ 5.340588   -4.6615696 ]
 [ 5.340588   -4.6615696 ]
 [ 4.9139504  -4.223752  ]
 [ 0.09115563  0.57552946]
 [ 0.44215083  0.22050014]
 [ 5.340588   -4.6615696 ]]
2025-12-21 21:43:05,375 - [INFO] - ------------------------------------------------------------
2025-12-21 21:43:05,376 - [INFO] - On Validation Set:
	Accuracy of RRL  Model: 0.9108500345542502
	F1 Score of RRL  Model: 0.7608396231612583
2025-12-21 21:43:05,382 - [INFO] - On Validation Set:
Performance of  RRL Model: 
[[1232   54]
 [  75   86]]
              precision    recall  f1-score   support

           0       0.94      0.96      0.95      1286
           1       0.61      0.53      0.57       161

    accuracy                           0.91      1447
   macro avg       0.78      0.75      0.76      1447
weighted avg       0.91      0.91      0.91      1447

2025-12-21 21:43:05,382 - [INFO] - ------------------------------------------------------------
2025-12-21 21:43:06,398 - [INFO] - epoch: 9, loss_rrl: 107.78254541195929
2025-12-21 21:43:07,081 - [DEBUG] - y_true: (1447,) [0 0 0 0 0 1 0 0 0 0 0 0 0 0 0 0 0 1 0 0 0 0 0 0 1 0 0 0 0 0 0 0 0 0 0 0 0
 0 1 1 0]
2025-12-21 21:43:07,243 - [DEBUG] - y_rrl_: (1447,) [0 0 0 0 0 1 0 0 0 0 0 0 0 0 0 0 0 0 0 0 0 0 0 0 1 0 0 0 0 0 0 0 0 0 0 0 0
 0 0 0 0]
2025-12-21 21:43:07,244 - [DEBUG] - y_rrl: (1447, 2) [[ 7.1476274  -6.489278  ]
 [ 0.5512614   0.11228154]
 [ 6.207876   -5.5396986 ]
 [ 6.207876   -5.5396986 ]
 [ 7.1476274  -6.489278  ]
 [ 0.09714434  0.5739939 ]
 [ 7.1476274  -6.489278  ]
 [ 6.207876   -5.5396986 ]
 [ 7.1476274  -6.489278  ]
 [ 3.5803277  -2.9293458 ]
 [ 2.5267918  -1.8768536 ]
 [ 5.1543407  -4.487207  ]
 [ 5.562935   -4.8936014 ]
 [ 6.738147   -6.074685  ]
 [ 6.2890325  -5.614774  ]
 [ 6.012049   -5.3535123 ]
 [ 6.738147   -6.074685  ]
 [ 2.5267918  -1.8768536 ]
 [ 3.6855495  -3.0129938 ]
 [ 4.9010534  -4.213482  ]
 [ 6.738147   -6.074685  ]
 [ 6.738147   -6.074685  ]
 [ 6.738147   -6.074685  ]
 [ 6.2890325  -5.614774  ]
 [-0.92253196  1.588296  ]
 [ 2.0776775  -1.4169425 ]
 [ 3.6876876  -3.0360513 ]
 [ 5.758762   -5.0797877 ]
 [ 5.8804383  -5.2083797 ]
 [ 6.738147   -6.074685  ]
 [ 7.1476274  -6.489278  ]
 [ 6.2890325  -5.614774  ]
 [ 2.5267918  -1.8768536 ]
 [ 1.9965212  -1.3418669 ]
 [ 7.1476274  -6.489278  ]
 [ 6.207876   -5.5396986 ]
 [ 6.738147   -6.074685  ]
 [ 5.758762   -5.0797877 ]
 [ 0.54625887  0.11408276]
 [ 2.1388981  -1.4885187 ]
 [ 6.207876   -5.5396986 ]]
2025-12-21 21:43:07,246 - [INFO] - ------------------------------------------------------------
2025-12-21 21:43:07,246 - [INFO] - On Validation Set:
	Accuracy of RRL  Model: 0.907394609536973
	F1 Score of RRL  Model: 0.655989638776524
2025-12-21 21:43:07,252 - [INFO] - On Validation Set:
Performance of  RRL Model: 
[[1275   11]
 [ 123   38]]
              precision    recall  f1-score   support

           0       0.91      0.99      0.95      1286
           1       0.78      0.24      0.36       161

    accuracy                           0.91      1447
   macro avg       0.84      0.61      0.66      1447
weighted avg       0.90      0.91      0.88      1447

2025-12-21 21:43:07,252 - [INFO] - ------------------------------------------------------------
2025-12-21 21:43:08,033 - [INFO] - epoch: 10, loss_rrl: 106.97179241478443
2025-12-21 21:43:08,989 - [DEBUG] - y_true: (1447,) [0 0 0 0 0 1 0 0 0 0 0 0 0 0 0 0 0 1 0 0 0 0 0 0 1 0 0 0 0 0 0 0 0 0 0 0 0
 0 1 1 0]
2025-12-21 21:43:09,150 - [DEBUG] - y_rrl_: (1447,) [0 1 0 0 0 1 0 0 0 0 0 0 0 0 0 0 0 0 0 0 0 0 0 0 1 0 0 0 0 0 0 0 0 0 0 0 0
 0 1 0 0]
2025-12-21 21:43:09,150 - [DEBUG] - y_rrl: (1447, 2) [[ 6.5596266  -5.9176884 ]
 [-0.4694704   1.1167412 ]
 [ 5.3562846  -4.7010155 ]
 [ 5.609973   -4.958496  ]
 [ 6.3059387  -5.6602077 ]
 [-0.80907965  1.4636273 ]
 [ 6.5596266  -5.9176884 ]
 [ 5.609973   -4.958496  ]
 [ 6.5596266  -5.9176884 ]
 [ 3.5366836  -2.9023917 ]
 [ 1.1213254  -0.4863615 ]
 [ 4.1786904  -3.5244467 ]
 [ 5.3566136  -4.6955056 ]
 [ 5.8411064  -5.1904006 ]
 [ 5.610302   -4.9529867 ]
 [ 6.0947948  -5.4478817 ]
 [ 6.0947948  -5.4478817 ]
 [ 2.359089   -1.725823  ]
 [ 3.7655878  -3.118171  ]
 [ 4.2041774  -3.5339892 ]
 [ 6.0947948  -5.4478817 ]
 [ 5.8411064  -5.1904006 ]
 [ 5.8411064  -5.1904006 ]
 [ 5.610302   -4.9529867 ]
 [-0.80907965  1.4636273 ]
 [ 1.6209087  -0.97344726]
 [ 5.3536806  -4.7115397 ]
 [ 5.12548    -4.463601  ]
 [ 4.9198046  -4.260789  ]
 [ 6.0947948  -5.4478817 ]
 [ 6.5596266  -5.9176884 ]
 [ 3.6941977  -3.0295517 ]
 [ 2.359089   -1.725823  ]
 [ 1.6205798  -0.978957  ]
 [ 6.3059387  -5.6602077 ]
 [ 5.609973   -4.958496  ]
 [ 5.8411064  -5.1904006 ]
 [ 5.12548    -4.463601  ]
 [-0.32458687  0.96873206]
 [ 1.5915171  -0.9547027 ]
 [ 5.609973   -4.958496  ]]
2025-12-21 21:43:09,152 - [INFO] - ------------------------------------------------------------
2025-12-21 21:43:09,153 - [INFO] - On Validation Set:
	Accuracy of RRL  Model: 0.9004837595024188
	F1 Score of RRL  Model: 0.718892666342885
2025-12-21 21:43:09,159 - [INFO] - On Validation Set:
Performance of  RRL Model: 
[[1233   53]
 [  91   70]]
              precision    recall  f1-score   support

           0       0.93      0.96      0.94      1286
           1       0.57      0.43      0.49       161

    accuracy                           0.90      1447
   macro avg       0.75      0.70      0.72      1447
weighted avg       0.89      0.90      0.89      1447

2025-12-21 21:43:09,159 - [INFO] - ------------------------------------------------------------
2025-12-21 21:43:09,690 - [INFO] - epoch: 11, loss_rrl: 108.44467883184552
2025-12-21 21:43:10,818 - [DEBUG] - y_true: (1447,) [0 0 0 0 0 1 0 0 0 0 0 0 0 0 0 0 0 1 0 0 0 0 0 0 1 0 0 0 0 0 0 0 0 0 0 0 0
 0 1 1 0]
2025-12-21 21:43:10,980 - [DEBUG] - y_rrl_: (1447,) [0 1 0 0 0 1 0 0 0 0 0 0 0 0 0 0 0 0 0 0 0 0 0 0 1 0 0 0 0 0 0 0 0 0 0 0 0
 0 0 0 0]
2025-12-21 21:43:10,981 - [DEBUG] - y_rrl: (1447, 2) [[ 6.9884543  -6.363757  ]
 [ 0.21116464  0.41462255]
 [ 3.7930791  -3.1562867 ]
 [ 4.3731694  -3.7340035 ]
 [ 6.4083643  -5.78604   ]
 [-0.4630421   1.0965065 ]
 [ 6.9884543  -6.363757  ]
 [ 5.621351   -4.983812  ]
 [ 6.9884543  -6.363757  ]
 [ 2.5666578  -1.9446107 ]
 [ 1.779531   -1.1620933 ]
 [ 4.2541337  -3.623577  ]
 [ 4.706631   -4.0740814 ]
 [ 6.0146437  -5.387487  ]
 [ 6.0738473  -5.434316  ]
 [ 5.8076077  -5.182687  ]
 [ 5.621351   -4.983812  ]
 [ 1.779531   -1.1620933 ]
 [ 4.140029   -3.5099664 ]
 [ 5.1004643  -4.4529233 ]
 [ 6.5947337  -5.9652042 ]
 [ 6.0146437  -5.387487  ]
 [ 6.0146437  -5.387487  ]
 [ 6.0738473  -5.434316  ]
 [-1.6097339   2.2383387 ]
 [ 1.2586446  -0.631205  ]
 [ 4.8342237  -4.2012944 ]
 [ 6.0738473  -5.434316  ]
 [ 5.0412607  -4.4060946 ]
 [ 5.621351   -4.983812  ]
 [ 6.9884543  -6.363757  ]
 [ 3.733247   -3.092689  ]
 [ 1.779531   -1.1620933 ]
 [ 1.779531   -1.1620933 ]
 [ 6.4083643  -5.78604   ]
 [ 5.621351   -4.983812  ]
 [ 6.0146437  -5.387487  ]
 [ 6.0738473  -5.434316  ]
 [ 1.0312277  -0.4157739 ]
 [ 1.0312277  -0.4157739 ]
 [ 5.621351   -4.983812  ]]
2025-12-21 21:43:10,983 - [INFO] - ------------------------------------------------------------
2025-12-21 21:43:10,983 - [INFO] - On Validation Set:
	Accuracy of RRL  Model: 0.8949550794747754
	F1 Score of RRL  Model: 0.6994972128101432
2025-12-21 21:43:10,989 - [INFO] - On Validation Set:
Performance of  RRL Model: 
[[1231   55]
 [  97   64]]
              precision    recall  f1-score   support

           0       0.93      0.96      0.94      1286
           1       0.54      0.40      0.46       161

    accuracy                           0.89      1447
   macro avg       0.73      0.68      0.70      1447
weighted avg       0.88      0.89      0.89      1447

2025-12-21 21:43:10,989 - [INFO] - ------------------------------------------------------------
2025-12-21 21:43:11,280 - [INFO] - epoch: 12, loss_rrl: 109.23478659801185
2025-12-21 21:43:12,637 - [DEBUG] - y_true: (1447,) [0 0 0 0 0 1 0 0 0 0 0 0 0 0 0 0 0 1 0 0 0 0 0 0 1 0 0 0 0 0 0 0 0 0 0 0 0
 0 1 1 0]
2025-12-21 21:43:12,801 - [DEBUG] - y_rrl_: (1447,) [0 1 0 0 0 1 0 0 0 0 0 0 0 0 0 0 0 0 0 0 0 0 0 0 1 0 0 0 0 0 0 0 0 0 0 0 0
 0 1 0 0]
2025-12-21 21:43:12,801 - [DEBUG] - y_rrl: (1447, 2) [[ 6.902577   -6.2957325 ]
 [-0.09678812  0.70504963]
 [ 4.679212   -4.0684023 ]
 [ 5.3000507  -4.686969  ]
 [ 6.2817383  -5.6771655 ]
 [ 0.03399454  0.586005  ]
 [ 6.902577   -6.2957325 ]
 [ 6.5390344  -5.9275064 ]
 [ 6.902577   -6.2957325 ]
 [ 4.1592712  -3.5631118 ]
 [ 2.3213017  -1.7218821 ]
 [ 4.080226   -3.4677095 ]
 [ 5.3623776  -4.7435193 ]
 [ 5.0507107  -4.4458947 ]
 [ 5.1157312  -4.4990416 ]
 [ 5.6715493  -5.0644617 ]
 [ 6.5390344  -5.9275064 ]
 [ 2.3213017  -1.7218821 ]
 [ 3.8716047  -3.2595    ]
 [ 4.1452465  -3.5208564 ]
 [ 6.5390344  -5.9275064 ]
 [ 5.0507107  -4.4458947 ]
 [ 5.9181957  -5.3089395 ]
 [ 5.1157312  -4.4990416 ]
 [-2.0776172   2.688591  ]
 [ 2.632969   -2.0195067 ]
 [ 2.9421403  -2.3404489 ]
 [ 5.1157312  -4.4990416 ]
 [ 4.080226   -3.4677095 ]
 [ 6.5390344  -5.9275064 ]
 [ 6.902577   -6.2957325 ]
 [ 4.4948926  -3.8804748 ]
 [ 2.3213017  -1.7218821 ]
 [ 2.3213017  -1.7218821 ]
 [ 6.2817383  -5.6771655 ]
 [ 6.5390344  -5.9275064 ]
 [ 5.9181957  -5.3089395 ]
 [ 5.1157312  -4.4990416 ]
 [-0.2776726   0.8836296 ]
 [ 0.6928121  -0.09455563]
 [ 6.5390344  -5.9275064 ]]
2025-12-21 21:43:12,804 - [INFO] - ------------------------------------------------------------
2025-12-21 21:43:12,804 - [INFO] - On Validation Set:
	Accuracy of RRL  Model: 0.9067035245335177
	F1 Score of RRL  Model: 0.7482359309451543
2025-12-21 21:43:12,811 - [INFO] - On Validation Set:
Performance of  RRL Model: 
[[1230   56]
 [  79   82]]
              precision    recall  f1-score   support

           0       0.94      0.96      0.95      1286
           1       0.59      0.51      0.55       161

    accuracy                           0.91      1447
   macro avg       0.77      0.73      0.75      1447
weighted avg       0.90      0.91      0.90      1447

2025-12-21 21:43:12,811 - [INFO] - ------------------------------------------------------------
2025-12-21 21:43:12,874 - [INFO] - epoch: 13, loss_rrl: 108.45944142527878
2025-12-21 21:43:14,276 - [INFO] - epoch: 14, loss_rrl: 107.9935503769666
2025-12-21 21:43:14,457 - [DEBUG] - y_true: (1447,) [0 0 0 0 0 1 0 0 0 0 0 0 0 0 0 0 0 1 0 0 0 0 0 0 1 0 0 0 0 0 0 0 0 0 0 0 0
 0 1 1 0]
2025-12-21 21:43:14,621 - [DEBUG] - y_rrl_: (1447,) [0 1 0 0 0 1 0 0 0 0 0 0 0 0 0 0 0 0 0 0 0 0 0 0 1 0 0 0 0 0 0 0 0 1 0 0 0
 0 1 1 0]
2025-12-21 21:43:14,622 - [DEBUG] - y_rrl: (1447, 2) [[ 6.2801094  -5.6877027 ]
 [-0.3860373   0.9761462 ]
 [ 4.656035   -4.057621  ]
 [ 5.2661777  -4.6718044 ]
 [ 6.2801094  -5.6877027 ]
 [-1.3478296   1.9448528 ]
 [ 6.890252   -6.3018866 ]
 [ 5.2661777  -4.6718044 ]
 [ 6.890252   -6.3018866 ]
 [ 2.713627   -2.1336997 ]
 [ 1.419158   -0.8335438 ]
 [ 4.5818505  -3.985832  ]
 [ 4.978355   -4.380519  ]
 [ 5.902427   -5.305489  ]
 [ 5.894225   -5.292123  ]
 [ 4.986557   -4.3938847 ]
 [ 5.902427   -5.305489  ]
 [ 2.0293007  -1.4477276 ]
 [ 3.1171563  -2.5195868 ]
 [ 3.6329834  -3.0220182 ]
 [ 6.51257    -5.919673  ]
 [ 5.902427   -5.305489  ]
 [ 5.902427   -5.305489  ]
 [ 5.2840824  -4.6779394 ]
 [-1.3478296   1.9448528 ]
 [ 1.4109557  -0.8201776 ]
 [ 5.5966997  -5.0080686 ]
 [ 4.6478324  -4.0442543 ]
 [ 5.4977207  -4.8974366 ]
 [ 6.51257    -5.919673  ]
 [ 6.890252   -6.3018866 ]
 [ 4.978355   -4.380519  ]
 [ 1.419158   -0.8335438 ]
 [ 0.17276545  0.41432437]
 [ 6.890252   -6.3018866 ]
 [ 5.2661777  -4.6718044 ]
 [ 5.902427   -5.305489  ]
 [ 4.0376897  -3.4300706 ]
 [ 0.28536433  0.29506654]
 [ 0.28536433  0.29506654]
 [ 4.656035   -4.057621  ]]
2025-12-21 21:43:14,624 - [INFO] - ------------------------------------------------------------
2025-12-21 21:43:14,624 - [INFO] - On Validation Set:
	Accuracy of RRL  Model: 0.9032480995162405
	F1 Score of RRL  Model: 0.7567132631983475
2025-12-21 21:43:14,630 - [INFO] - On Validation Set:
Performance of  RRL Model: 
[[1215   71]
 [  69   92]]
              precision    recall  f1-score   support

           0       0.95      0.94      0.95      1286
           1       0.56      0.57      0.57       161

    accuracy                           0.90      1447
   macro avg       0.76      0.76      0.76      1447
weighted avg       0.90      0.90      0.90      1447

2025-12-21 21:43:14,630 - [INFO] - ------------------------------------------------------------
2025-12-21 21:43:15,871 - [INFO] - epoch: 15, loss_rrl: 108.87130179256201
2025-12-21 21:43:16,280 - [DEBUG] - y_true: (1447,) [0 0 0 0 0 1 0 0 0 0 0 0 0 0 0 0 0 1 0 0 0 0 0 0 1 0 0 0 0 0 0 0 0 0 0 0 0
 0 1 1 0]
2025-12-21 21:43:16,442 - [DEBUG] - y_rrl_: (1447,) [0 0 0 0 0 1 0 0 0 0 0 0 0 0 0 0 0 0 0 0 0 0 0 0 1 0 0 0 0 0 0 0 0 0 0 0 0
 0 1 0 0]
2025-12-21 21:43:16,443 - [DEBUG] - y_rrl: (1447, 2) [[ 8.685853   -8.11627   ]
 [ 1.624906   -1.0576316 ]
 [ 7.0317507  -6.456388  ]
 [ 7.0317507  -6.456388  ]
 [ 8.685853   -8.11627   ]
 [-1.2984134   1.8725667 ]
 [ 8.685853   -8.11627   ]
 [ 8.288568   -7.714606  ]
 [ 8.685853   -8.11627   ]
 [ 4.491787   -3.9306512 ]
 [ 1.9060189  -1.3330882 ]
 [ 6.1000853  -5.518707  ]
 [ 7.0964465  -6.522139  ]
 [ 7.684493   -7.1017175 ]
 [ 8.0817795  -7.503382  ]
 [ 6.6991596  -6.1204753 ]
 [ 8.288568   -7.714606  ]
 [ 1.9060189  -1.3330882 ]
 [ 5.45059    -4.8759384 ]
 [ 6.6881313  -6.098285  ]
 [ 8.288568   -7.714606  ]
 [ 7.684493   -7.1017175 ]
 [ 8.288568   -7.714606  ]
 [ 8.0817795  -7.503382  ]
 [-0.9011265   1.4709033 ]
 [ 1.0547359  -0.49021593]
 [ 3.733005   -3.1587229 ]
 [ 8.0817795  -7.503382  ]
 [ 6.6881313  -6.098285  ]
 [ 8.685853   -8.11627   ]
 [ 8.685853   -8.11627   ]
 [ 6.6991596  -6.1204753 ]
 [ 1.9060189  -1.3330882 ]
 [ 1.9060189  -1.3330882 ]
 [ 8.685853   -8.11627   ]
 [ 8.685853   -8.11627   ]
 [ 8.685853   -8.11627   ]
 [ 8.0817795  -7.503382  ]
 [-0.04984353  0.62803006]
 [ 0.94651806 -0.37540206]
 [ 8.288568   -7.714606  ]]
2025-12-21 21:43:16,445 - [INFO] - ------------------------------------------------------------
2025-12-21 21:43:16,445 - [INFO] - On Validation Set:
	Accuracy of RRL  Model: 0.9046302695231514
	F1 Score of RRL  Model: 0.7104254159029212
2025-12-21 21:43:16,451 - [INFO] - On Validation Set:
Performance of  RRL Model: 
[[1247   39]
 [  99   62]]
              precision    recall  f1-score   support

           0       0.93      0.97      0.95      1286
           1       0.61      0.39      0.47       161

    accuracy                           0.90      1447
   macro avg       0.77      0.68      0.71      1447
weighted avg       0.89      0.90      0.89      1447

2025-12-21 21:43:16,451 - [INFO] - ------------------------------------------------------------
2025-12-21 21:43:17,466 - [INFO] - epoch: 16, loss_rrl: 108.53526673279703
2025-12-21 21:43:18,119 - [DEBUG] - y_true: (1447,) [0 0 0 0 0 1 0 0 0 0 0 0 0 0 0 0 0 1 0 0 0 0 0 0 1 0 0 0 0 0 0 0 0 0 0 0 0
 0 1 1 0]
2025-12-21 21:43:18,281 - [DEBUG] - y_rrl_: (1447,) [0 0 0 0 0 1 0 0 0 0 0 0 0 0 0 0 0 0 0 0 0 0 0 0 1 0 0 0 0 0 0 0 0 1 0 0 0
 0 1 0 0]
2025-12-21 21:43:18,282 - [DEBUG] - y_rrl: (1447, 2) [[ 7.262805   -6.708629  ]
 [ 0.44176123  0.11112095]
 [ 4.769988   -4.2121997 ]
 [ 6.320486   -5.764432  ]
 [ 6.4276047  -5.8753586 ]
 [ 0.11426622  0.44869193]
 [ 7.9781027  -7.4275913 ]
 [ 6.320486   -5.764432  ]
 [ 7.9781027  -7.4275913 ]
 [ 2.5074687  -1.963354  ]
 [ 1.0343381  -0.48504078]
 [ 4.7274513  -4.17181   ]
 [ 6.071583   -5.5103545 ]
 [ 6.0050697  -5.4486036 ]
 [ 6.9067836  -6.343625  ]
 [ 5.876477   -5.321992  ]
 [ 6.840271   -6.281874  ]
 [ 1.7496351  -1.2040026 ]
 [ 3.959289   -3.4001422 ]
 [ 4.6425805  -4.0713477 ]
 [ 7.5555677  -7.000836  ]
 [ 6.0050697  -5.4486036 ]
 [ 6.0050697  -5.4486036 ]
 [ 6.191487   -5.6246634 ]
 [-2.1179311   2.673213  ]
 [ 2.0646448  -1.5066744 ]
 [ 3.5940304  -3.0471327 ]
 [ 5.671702   -5.107221  ]
 [ 5.691245   -5.1316924 ]
 [ 7.5555677  -7.000836  ]
 [ 7.9781027  -7.4275913 ]
 [ 5.107789   -4.5504727 ]
 [ 1.0343381  -0.48504078]
 [-0.20074353  0.7513636 ]
 [ 7.1429014  -6.594321  ]
 [ 6.320486   -5.764432  ]
 [ 6.0050697  -5.4486036 ]
 [ 4.956405   -4.3882594 ]
 [-0.20074353  0.7513636 ]
 [ 0.8283782  -0.28450963]
 [ 5.6051893  -5.0454698 ]]
2025-12-21 21:43:18,284 - [INFO] - ------------------------------------------------------------
2025-12-21 21:43:18,284 - [INFO] - On Validation Set:
	Accuracy of RRL  Model: 0.8880442294402211
	F1 Score of RRL  Model: 0.7122511808781216
2025-12-21 21:43:18,290 - [INFO] - On Validation Set:
Performance of  RRL Model: 
[[1208   78]
 [  84   77]]
              precision    recall  f1-score   support

           0       0.93      0.94      0.94      1286
           1       0.50      0.48      0.49       161

    accuracy                           0.89      1447
   macro avg       0.72      0.71      0.71      1447
weighted avg       0.89      0.89      0.89      1447

2025-12-21 21:43:18,290 - [INFO] - ------------------------------------------------------------
2025-12-21 21:43:19,072 - [INFO] - epoch: 17, loss_rrl: 107.01635038107634
2025-12-21 21:43:19,940 - [DEBUG] - y_true: (1447,) [0 0 0 0 0 1 0 0 0 0 0 0 0 0 0 0 0 1 0 0 0 0 0 0 1 0 0 0 0 0 0 0 0 0 0 0 0
 0 1 1 0]
2025-12-21 21:43:20,102 - [DEBUG] - y_rrl_: (1447,) [0 0 0 0 0 1 0 0 0 0 0 0 0 0 0 0 0 0 0 0 0 0 0 0 1 0 0 0 0 0 0 0 0 0 0 0 0
 0 1 0 0]
2025-12-21 21:43:20,102 - [DEBUG] - y_rrl: (1447, 2) [[ 8.986798   -8.455464  ]
 [ 1.2791986  -0.74522346]
 [ 5.3039656  -4.7627044 ]
 [ 6.2058945  -5.6628203 ]
 [ 8.08487    -7.5553493 ]
 [-0.07523675  0.6150143 ]
 [ 8.986798   -8.455464  ]
 [ 6.2058945  -5.6628203 ]
 [ 8.986798   -8.455464  ]
 [ 2.2418175  -1.7098241 ]
 [ 1.9283344  -1.3932741 ]
 [ 4.990483   -4.4461536 ]
 [ 6.076749   -5.538853  ]
 [ 7.053027   -6.5114026 ]
 [ 7.954955   -7.411519  ]
 [ 6.9786777  -6.4389696 ]
 [ 7.4724197  -6.930588  ]
 [ 1.9283344  -1.3932741 ]
 [ 5.658167   -5.1219664 ]
 [ 5.6021643  -5.051051  ]
 [ 8.558685   -8.023288  ]
 [ 7.053027   -6.5114026 ]
 [ 7.6567574  -7.123172  ]
 [ 7.954955   -7.411519  ]
 [-0.07523675  0.6150143 ]
 [ 0.6078236  -0.07626984]
 [ 4.9525003  -4.4226956 ]
 [ 6.688431   -6.143751  ]
 [ 5.9667606  -5.4187026 ]
 [ 7.4724197  -6.930588  ]
 [ 8.986798   -8.455464  ]
 [ 6.076749   -5.538853  ]
 [ 1.9283344  -1.3932741 ]
 [ 0.6618093  -0.12550668]
 [ 8.08487    -7.5553493 ]
 [ 6.2058945  -5.6628203 ]
 [ 7.6567574  -7.123172  ]
 [ 6.688431   -6.143751  ]
 [-0.07523675  0.6150143 ]
 [ 1.0110296  -0.47768578]
 [ 6.2058945  -5.6628203 ]]
2025-12-21 21:43:20,105 - [INFO] - ------------------------------------------------------------
2025-12-21 21:43:20,105 - [INFO] - On Validation Set:
	Accuracy of RRL  Model: 0.9039391845196959
	F1 Score of RRL  Model: 0.7052845200852791
2025-12-21 21:43:20,111 - [INFO] - On Validation Set:
Performance of  RRL Model: 
[[1248   38]
 [ 101   60]]
              precision    recall  f1-score   support

           0       0.93      0.97      0.95      1286
           1       0.61      0.37      0.46       161

    accuracy                           0.90      1447
   macro avg       0.77      0.67      0.71      1447
weighted avg       0.89      0.90      0.89      1447

2025-12-21 21:43:20,111 - [INFO] - ------------------------------------------------------------
2025-12-21 21:43:20,663 - [INFO] - epoch: 18, loss_rrl: 107.70480185002089
2025-12-21 21:43:21,761 - [DEBUG] - y_true: (1447,) [0 0 0 0 0 1 0 0 0 0 0 0 0 0 0 0 0 1 0 0 0 0 0 0 1 0 0 0 0 0 0 0 0 0 0 0 0
 0 1 1 0]
2025-12-21 21:43:21,925 - [DEBUG] - y_rrl_: (1447,) [0 0 0 0 0 0 0 0 0 0 0 0 0 0 0 0 0 0 0 0 0 0 0 0 0 0 0 0 0 0 0 0 0 0 0 0 0
 0 1 0 0]
2025-12-21 21:43:21,925 - [DEBUG] - y_rrl: (1447, 2) [[ 8.951766   -8.43954   ]
 [ 2.146717   -1.6431677 ]
 [ 7.2652683  -6.7479653 ]
 [ 7.2652683  -6.7479653 ]
 [ 8.951766   -8.43954   ]
 [ 0.81664515 -0.2925281 ]
 [ 8.951766   -8.43954   ]
 [ 7.2652683  -6.7479653 ]
 [ 8.951766   -8.43954   ]
 [ 4.3315344  -3.8250833 ]
 [ 2.865547   -2.350033  ]
 [ 6.8179445  -6.303143  ]
 [ 8.951766   -8.43954   ]
 [ 7.933102   -7.409312  ]
 [ 8.951766   -8.43954   ]
 [ 6.9051576  -6.384912  ]
 [ 8.502863   -7.9867263 ]
 [ 2.865547   -2.350033  ]
 [ 5.51838    -5.0013976 ]
 [ 5.58963    -5.058553  ]
 [ 8.502863   -7.9867263 ]
 [ 7.933102   -7.409312  ]
 [ 8.502863   -7.9867263 ]
 [ 8.951766   -8.43954   ]
 [ 0.80736613 -0.29835725]
 [ 4.9121547  -4.404661  ]
 [ 5.79928    -5.2729144 ]
 [ 7.7141714  -7.2007785 ]
 [ 6.8272243  -6.2973146 ]
 [ 8.951766   -8.43954   ]
 [ 8.951766   -8.43954   ]
 [ 6.9051576  -6.384912  ]
 [ 2.865547   -2.350033  ]
 [ 1.6279527  -1.1112716 ]
 [ 8.951766   -8.43954   ]
 [ 7.7141714  -7.2007785 ]
 [ 8.951766   -8.43954   ]
 [ 7.7141714  -7.2007785 ]
 [-0.21129854  0.731871  ]
 [ 0.8945788  -0.38012648]
 [ 7.2652683  -6.7479653 ]]
2025-12-21 21:43:21,928 - [INFO] - ------------------------------------------------------------
2025-12-21 21:43:21,928 - [INFO] - On Validation Set:
	Accuracy of RRL  Model: 0.8970283344851416
	F1 Score of RRL  Model: 0.6288523675825302
2025-12-21 21:43:21,934 - [INFO] - On Validation Set:
Performance of  RRL Model: 
[[1264   22]
 [ 127   34]]
              precision    recall  f1-score   support

           0       0.91      0.98      0.94      1286
           1       0.61      0.21      0.31       161

    accuracy                           0.90      1447
   macro avg       0.76      0.60      0.63      1447
weighted avg       0.88      0.90      0.87      1447

2025-12-21 21:43:21,934 - [INFO] - ------------------------------------------------------------
2025-12-21 21:43:22,258 - [INFO] - epoch: 19, loss_rrl: 108.05747216194868
2025-12-21 21:43:23,776 - [DEBUG] - y_true: (1447,) [0 0 0 0 0 1 0 0 0 0 0 0 0 0 0 0 0 1 0 0 0 0 0 0 1 0 0 0 0 0 0 0 0 0 0 0 0
 0 1 1 0]
2025-12-21 21:43:23,937 - [DEBUG] - y_rrl_: (1447,) [0 1 0 0 0 1 0 0 0 0 0 0 0 0 0 0 0 0 0 0 0 0 0 0 1 0 0 0 0 0 0 0 0 0 0 0 0
 0 0 0 0]
2025-12-21 21:43:23,938 - [DEBUG] - y_rrl: (1447, 2) [[ 8.04729    -7.550343  ]
 [ 0.1478405   0.35216567]
 [ 4.390968   -3.8848639 ]
 [ 5.2763324  -4.7686224 ]
 [ 7.1619253  -6.666584  ]
 [-0.03575004  0.54434305]
 [ 8.04729    -7.550343  ]
 [ 6.361177   -5.859337  ]
 [ 8.04729    -7.550343  ]
 [ 3.4527445  -2.9610925 ]
 [ 3.610763   -3.1236138 ]
 [ 5.63383    -5.138099  ]
 [ 6.10344    -5.5969625 ]
 [ 6.683356   -6.184229  ]
 [ 5.9120855  -5.4034233 ]
 [ 7.5687203  -7.067988  ]
 [ 7.5687203  -7.067988  ]
 [ 3.610763   -3.1236138 ]
 [ 5.51282    -5.007815  ]
 [ 4.696417   -4.181356  ]
 [ 7.5687203  -7.067988  ]
 [ 6.683356   -6.184229  ]
 [ 6.683356   -6.184229  ]
 [ 6.988805   -6.480721  ]
 [-1.0852752   1.5904732 ]
 [ 2.9955285  -2.491763  ]
 [ 4.496128   -4.0073724 ]
 [ 5.781261   -5.27207   ]
 [ 5.5985117  -5.0935154 ]
 [ 6.4838767  -5.977274  ]
 [ 8.04729    -7.550343  ]
 [ 3.96907    -3.4601185 ]
 [ 2.525919   -2.0328999 ]
 [ 1.3183752  -0.8242483 ]
 [ 7.1619253  -6.666584  ]
 [ 6.361177   -5.859337  ]
 [ 6.683356   -6.184229  ]
 [ 5.781261   -5.27207   ]
 [ 0.57948464 -0.08750758]
 [ 0.57948464 -0.08750758]
 [ 6.361177   -5.859337  ]]
2025-12-21 21:43:23,940 - [INFO] - ------------------------------------------------------------
2025-12-21 21:43:23,940 - [INFO] - On Validation Set:
	Accuracy of RRL  Model: 0.899101589495508
	F1 Score of RRL  Model: 0.718515498422444
2025-12-21 21:43:23,946 - [INFO] - On Validation Set:
Performance of  RRL Model: 
[[1230   56]
 [  90   71]]
              precision    recall  f1-score   support

           0       0.93      0.96      0.94      1286
           1       0.56      0.44      0.49       161

    accuracy                           0.90      1447
   macro avg       0.75      0.70      0.72      1447
weighted avg       0.89      0.90      0.89      1447

2025-12-21 21:43:23,946 - [INFO] - ------------------------------------------------------------
2025-12-21 21:43:24,041 - [INFO] - epoch: 20, loss_rrl: 108.38467065431178
2025-12-21 21:43:25,463 - [INFO] - epoch: 21, loss_rrl: 107.41918671317399
2025-12-21 21:43:25,618 - [DEBUG] - y_true: (1447,) [0 0 0 0 0 1 0 0 0 0 0 0 0 0 0 0 0 1 0 0 0 0 0 0 1 0 0 0 0 0 0 0 0 0 0 0 0
 0 1 1 0]
2025-12-21 21:43:25,780 - [DEBUG] - y_rrl_: (1447,) [0 1 0 0 0 1 0 0 0 0 0 0 0 0 0 0 0 0 0 0 0 0 0 0 1 1 0 0 0 0 0 0 0 0 0 0 0
 0 0 0 0]
2025-12-21 21:43:25,780 - [DEBUG] - y_rrl: (1447, 2) [[ 7.824812   -7.342252  ]
 [-1.2106001   1.6969258 ]
 [ 6.1825647  -5.695284  ]
 [ 6.1825647  -5.695284  ]
 [ 7.824812   -7.342252  ]
 [-1.4059547   1.896676  ]
 [ 7.824812   -7.342252  ]
 [ 7.340326   -6.8540983 ]
 [ 7.824812   -7.342252  ]
 [ 4.3785024  -3.901855  ]
 [ 4.3785024  -3.901855  ]
 [ 6.285876   -5.8029013 ]
 [ 5.2630267  -4.772636  ]
 [ 7.340326   -6.8540983 ]
 [ 6.746783   -6.253479  ]
 [ 7.340326   -6.8540983 ]
 [ 7.340326   -6.8540983 ]
 [ 3.3240519  -2.850658  ]
 [ 4.2085767  -3.7214394 ]
 [ 5.6815343  -5.1825933 ]
 [ 7.340326   -6.8540983 ]
 [ 7.340326   -6.8540983 ]
 [ 7.340326   -6.8540983 ]
 [ 6.746783   -6.253479  ]
 [-1.4059547   1.896676  ]
 [ 0.18150479  0.30169037]
 [ 6.285876   -5.8029013 ]
 [ 6.746783   -6.253479  ]
 [ 6.2750773  -5.7832117 ]
 [ 7.340326   -6.8540983 ]
 [ 7.824812   -7.342252  ]
 [ 5.6923323  -5.2022824 ]
 [ 3.3132539  -2.8309689 ]
 [ 2.2588038  -1.7797718 ]
 [ 7.824812   -7.342252  ]
 [ 7.340326   -6.8540983 ]
 [ 7.340326   -6.8540983 ]
 [ 6.746783   -6.253479  ]
 [ 1.3072871  -0.8260257 ]
 [ 1.3072871  -0.8260257 ]
 [ 7.340326   -6.8540983 ]]
2025-12-21 21:43:25,782 - [INFO] - ------------------------------------------------------------
2025-12-21 21:43:25,782 - [INFO] - On Validation Set:
	Accuracy of RRL  Model: 0.9067035245335177
	F1 Score of RRL  Model: 0.7322518966261642
2025-12-21 21:43:25,788 - [INFO] - On Validation Set:
Performance of  RRL Model: 
[[1240   46]
 [  89   72]]
              precision    recall  f1-score   support

           0       0.93      0.96      0.95      1286
           1       0.61      0.45      0.52       161

    accuracy                           0.91      1447
   macro avg       0.77      0.71      0.73      1447
weighted avg       0.90      0.91      0.90      1447

2025-12-21 21:43:25,788 - [INFO] - ------------------------------------------------------------
2025-12-21 21:43:27,112 - [INFO] - epoch: 22, loss_rrl: 106.40863874740899
2025-12-21 21:43:27,505 - [DEBUG] - y_true: (1447,) [0 0 0 0 0 1 0 0 0 0 0 0 0 0 0 0 0 1 0 0 0 0 0 0 1 0 0 0 0 0 0 0 0 0 0 0 0
 0 1 1 0]
2025-12-21 21:43:27,671 - [DEBUG] - y_rrl_: (1447,) [0 0 0 0 0 1 0 0 0 0 0 0 0 0 0 0 0 0 0 0 0 0 0 0 1 0 0 0 0 0 0 0 0 0 0 0 0
 0 1 0 0]
2025-12-21 21:43:27,671 - [DEBUG] - y_rrl: (1447, 2) [[ 8.830699   -8.362226  ]
 [ 2.0535917  -1.5827708 ]
 [ 7.175659   -6.702633  ]
 [ 7.175659   -6.702633  ]
 [ 8.830699   -8.362226  ]
 [-0.61518705  1.0917238 ]
 [ 8.830699   -8.362226  ]
 [ 8.354141   -7.882115  ]
 [ 8.830699   -8.362226  ]
 [ 5.3357067  -4.8726897 ]
 [ 3.6120758  -3.1368363 ]
 [ 5.600464   -5.1193266 ]
 [ 7.7748356  -7.296001  ]
 [ 7.7748356  -7.296001  ]
 [ 7.7748356  -7.296001  ]
 [ 7.7748356  -7.296001  ]
 [ 8.354141   -7.882115  ]
 [ 2.5820298  -2.1099012 ]
 [ 5.2794247  -4.8064547 ]
 [ 6.6305103  -6.1462607 ]
 [ 8.354141   -7.882115  ]
 [ 7.7748356  -7.296001  ]
 [ 8.354141   -7.882115  ]
 [ 7.7748356  -7.296001  ]
 [-0.61518705  1.0917238 ]
 [ 1.1166657  -0.6472889 ]
 [ 3.5189557  -3.0453832 ]
 [ 7.7748356  -7.296001  ]
 [ 6.6305103  -6.1462607 ]
 [ 8.354141   -7.882115  ]
 [ 8.830699   -8.362226  ]
 [ 6.744789   -6.269067  ]
 [ 3.6120758  -3.1368363 ]
 [ 2.5820298  -2.1099012 ]
 [ 8.830699   -8.362226  ]
 [ 8.354141   -7.882115  ]
 [ 8.354141   -7.882115  ]
 [ 7.7748356  -7.296001  ]
 [-0.61518705  1.0917238 ]
 [ 1.559184   -1.0849512 ]
 [ 8.354141   -7.882115  ]]
2025-12-21 21:43:27,674 - [INFO] - ------------------------------------------------------------
2025-12-21 21:43:27,674 - [INFO] - On Validation Set:
	Accuracy of RRL  Model: 0.9060124395300622
	F1 Score of RRL  Model: 0.6933672388217842
2025-12-21 21:43:27,679 - [INFO] - On Validation Set:
Performance of  RRL Model: 
[[1258   28]
 [ 108   53]]
              precision    recall  f1-score   support

           0       0.92      0.98      0.95      1286
           1       0.65      0.33      0.44       161

    accuracy                           0.91      1447
   macro avg       0.79      0.65      0.69      1447
weighted avg       0.89      0.91      0.89      1447

2025-12-21 21:43:27,680 - [INFO] - ------------------------------------------------------------
2025-12-21 21:43:28,760 - [INFO] - epoch: 23, loss_rrl: 106.14906452409923
2025-12-21 21:43:29,366 - [DEBUG] - y_true: (1447,) [0 0 0 0 0 1 0 0 0 0 0 0 0 0 0 0 0 1 0 0 0 0 0 0 1 0 0 0 0 0 0 0 0 0 0 0 0
 0 1 1 0]
2025-12-21 21:43:29,527 - [DEBUG] - y_rrl_: (1447,) [0 0 0 0 0 0 0 0 0 0 0 0 0 0 0 0 0 0 0 0 0 0 0 0 1 0 0 0 0 0 0 0 0 1 0 0 0
 0 0 0 0]
2025-12-21 21:43:29,528 - [DEBUG] - y_rrl: (1447, 2) [[ 8.186098   -7.728729  ]
 [ 1.1608477  -0.70276237]
 [ 5.6422086  -5.181823  ]
 [ 7.400227   -6.9412246 ]
 [ 7.24468    -6.7886786 ]
 [ 0.6216642  -0.1561136 ]
 [ 9.002699   -8.54808   ]
 [ 7.8533025  -7.397734  ]
 [ 9.002699   -8.54808   ]
 [ 3.6318285  -3.1842098 ]
 [ 2.7876513  -2.3330338 ]
 [ 5.88816    -5.4326873 ]
 [ 7.0446897  -6.5814567 ]
 [ 6.7916045  -6.332169  ]
 [ 7.9861073  -7.5215063 ]
 [ 7.733022   -7.272218  ]
 [ 8.186098   -7.728729  ]
 [ 2.608104   -2.159213  ]
 [ 4.7257066  -4.263926  ]
 [ 5.659739   -5.18899   ]
 [ 8.549624   -8.09157   ]
 [ 6.7916045  -6.332169  ]
 [ 6.7916045  -6.332169  ]
 [ 7.169506   -6.702154  ]
 [-0.3744843   0.8370598 ]
 [ 2.5876615  -2.1258116 ]
 [ 4.321411   -3.8682272 ]
 [ 6.836711   -6.37116   ]
 [ 6.431234   -5.9693503 ]
 [ 8.549624   -8.09157   ]
 [ 9.002699   -8.54808   ]
 [ 6.048541   -5.588282  ]
 [ 2.3345764  -1.8765239 ]
 [ 0.18903182  0.26699558]
 [ 8.061281   -7.6080317 ]
 [ 7.8533025  -7.397734  ]
 [ 6.7916045  -6.332169  ]
 [ 6.0201097  -5.551808  ]
 [ 2.8152273  -2.364858  ]
 [ 2.8152273  -2.364858  ]
 [ 7.0367007  -6.578383  ]]
2025-12-21 21:43:29,530 - [INFO] - ------------------------------------------------------------
2025-12-21 21:43:29,530 - [INFO] - On Validation Set:
	Accuracy of RRL  Model: 0.8977194194885971
	F1 Score of RRL  Model: 0.6359624668525192
2025-12-21 21:43:29,536 - [INFO] - On Validation Set:
Performance of  RRL Model: 
[[1263   23]
 [ 125   36]]
              precision    recall  f1-score   support

           0       0.91      0.98      0.94      1286
           1       0.61      0.22      0.33       161

    accuracy                           0.90      1447
   macro avg       0.76      0.60      0.64      1447
weighted avg       0.88      0.90      0.88      1447

2025-12-21 21:43:29,536 - [INFO] - ------------------------------------------------------------
2025-12-21 21:43:30,434 - [INFO] - epoch: 24, loss_rrl: 107.45143638923764
2025-12-21 21:43:31,333 - [DEBUG] - y_true: (1447,) [0 0 0 0 0 1 0 0 0 0 0 0 0 0 0 0 0 1 0 0 0 0 0 0 1 0 0 0 0 0 0 0 0 0 0 0 0
 0 1 1 0]
2025-12-21 21:43:31,492 - [DEBUG] - y_rrl_: (1447,) [0 1 0 0 0 1 0 0 0 0 0 0 0 0 0 0 0 0 0 0 0 0 0 0 1 0 0 0 0 0 0 0 0 0 0 0 0
 0 1 0 0]
2025-12-21 21:43:31,493 - [DEBUG] - y_rrl: (1447, 2) [[ 8.3888     -7.947694  ]
 [-0.6140325   1.0591888 ]
 [ 5.630075   -5.179762  ]
 [ 5.630075   -5.179762  ]
 [ 8.3888     -7.947694  ]
 [-0.04212676  0.49391225]
 [ 8.3888     -7.947694  ]
 [ 5.630075   -5.179762  ]
 [ 8.3888     -7.947694  ]
 [ 2.5785682  -2.1361983 ]
 [ 0.9316257  -0.4862141 ]
 [ 5.2410507  -4.788184  ]
 [ 7.367704   -6.9169836 ]
 [ 7.367704   -6.9169836 ]
 [ 7.367704   -6.9169836 ]
 [ 7.367704   -6.9169836 ]
 [ 6.7717996  -6.3223867 ]
 [ 2.1895428  -1.7446207 ]
 [ 5.0400844  -4.594658  ]
 [ 5.048385   -4.5917754 ]
 [ 7.9493937  -7.5049706 ]
 [ 7.367704   -6.9169836 ]
 [ 7.9493937  -7.5049706 ]
 [ 7.367704   -6.9169836 ]
 [-0.9911863   1.4401277 ]
 [ 1.7600424  -1.3147267 ]
 [ 4.341763   -3.900535  ]
 [ 6.2259793  -5.7743587 ]
 [ 6.1901097  -5.7344003 ]
 [ 6.7717996  -6.3223867 ]
 [ 8.3888     -7.947694  ]
 [ 5.2410507  -4.788184  ]
 [ 2.1895428  -1.7446207 ]
 [ 1.0478184  -0.6019959 ]
 [ 8.3888     -7.947694  ]
 [ 5.630075   -5.179762  ]
 [ 7.9493937  -7.5049706 ]
 [ 6.2259793  -5.7743587 ]
 [-0.9911863   1.4401277 ]
 [ 1.1354673  -0.6886711 ]
 [ 5.630075   -5.179762  ]]
2025-12-21 21:43:31,495 - [INFO] - ------------------------------------------------------------
2025-12-21 21:43:31,495 - [INFO] - On Validation Set:
	Accuracy of RRL  Model: 0.9060124395300622
	F1 Score of RRL  Model: 0.7529253422524884
2025-12-21 21:43:31,501 - [INFO] - On Validation Set:
Performance of  RRL Model: 
[[1225   61]
 [  75   86]]
              precision    recall  f1-score   support

           0       0.94      0.95      0.95      1286
           1       0.59      0.53      0.56       161

    accuracy                           0.91      1447
   macro avg       0.76      0.74      0.75      1447
weighted avg       0.90      0.91      0.90      1447

2025-12-21 21:43:31,501 - [INFO] - ------------------------------------------------------------
2025-12-21 21:43:32,082 - [INFO] - epoch: 25, loss_rrl: 106.74816403351724
2025-12-21 21:43:33,130 - [DEBUG] - y_true: (1447,) [0 0 0 0 0 1 0 0 0 0 0 0 0 0 0 0 0 1 0 0 0 0 0 0 1 0 0 0 0 0 0 0 0 0 0 0 0
 0 1 1 0]
2025-12-21 21:43:33,290 - [DEBUG] - y_rrl_: (1447,) [0 0 0 0 0 1 0 0 0 0 0 0 0 0 0 0 0 0 0 0 0 0 0 0 1 1 0 0 0 0 0 0 0 0 0 0 0
 0 1 0 0]
2025-12-21 21:43:33,290 - [DEBUG] - y_rrl: (1447, 2) [[ 8.550643   -8.122705  ]
 [ 0.66514564 -0.23395087]
 [ 6.9529014  -6.520908  ]
 [ 6.9529014  -6.520908  ]
 [ 8.550643   -8.122705  ]
 [-2.1778882   2.611226  ]
 [ 8.550643   -8.122705  ]
 [ 8.096545   -7.665407  ]
 [ 8.550643   -8.122705  ]
 [ 3.786065   -3.3619113 ]
 [ 1.1101705  -0.6778894 ]
 [ 5.420651   -4.9813857 ]
 [ 6.599418   -6.1649456 ]
 [ 7.5468817  -7.109691  ]
 [ 7.5468817  -7.109691  ]
 [ 6.599418   -6.1649456 ]
 [ 8.096545   -7.665407  ]
 [ 1.1101705  -0.6778894 ]
 [ 5.215599   -4.7834373 ]
 [ 6.3681145  -5.9261317 ]
 [ 8.096545   -7.665407  ]
 [ 7.5468817  -7.109691  ]
 [ 8.096545   -7.665407  ]
 [ 7.5468817  -7.109691  ]
 [-2.1778882   2.611226  ]
 [-0.27364817  0.7036188 ]
 [ 5.420651   -4.9813857 ]
 [ 7.5468817  -7.109691  ]
 [ 6.3681145  -5.9261317 ]
 [ 8.096545   -7.665407  ]
 [ 8.550643   -8.122705  ]
 [ 5.420651   -4.9813857 ]
 [ 1.1101705  -0.6778894 ]
 [ 1.1101705  -0.6778894 ]
 [ 8.550643   -8.122705  ]
 [ 8.096545   -7.665407  ]
 [ 8.096545   -7.665407  ]
 [ 7.5468817  -7.109691  ]
 [ 0.15339383  0.2849717 ]
 [ 0.38469765  0.04615797]
 [ 8.096545   -7.665407  ]]
2025-12-21 21:43:33,292 - [INFO] - ------------------------------------------------------------
2025-12-21 21:43:33,292 - [INFO] - On Validation Set:
	Accuracy of RRL  Model: 0.9032480995162405
	F1 Score of RRL  Model: 0.7441939166186825
2025-12-21 21:43:33,298 - [INFO] - On Validation Set:
Performance of  RRL Model: 
[[1224   62]
 [  78   83]]
              precision    recall  f1-score   support

           0       0.94      0.95      0.95      1286
           1       0.57      0.52      0.54       161

    accuracy                           0.90      1447
   macro avg       0.76      0.73      0.74      1447
weighted avg       0.90      0.90      0.90      1447

2025-12-21 21:43:33,299 - [INFO] - ------------------------------------------------------------
2025-12-21 21:43:33,650 - [INFO] - epoch: 26, loss_rrl: 106.99747859686613
2025-12-21 21:43:34,938 - [DEBUG] - y_true: (1447,) [0 0 0 0 0 1 0 0 0 0 0 0 0 0 0 0 0 1 0 0 0 0 0 0 1 0 0 0 0 0 0 0 0 0 0 0 0
 0 1 1 0]
2025-12-21 21:43:35,101 - [DEBUG] - y_rrl_: (1447,) [0 0 0 0 0 1 0 0 0 0 0 0 0 0 0 0 0 0 0 0 0 0 0 0 1 0 0 0 0 0 0 0 0 0 0 0 0
 0 1 0 0]
2025-12-21 21:43:35,102 - [DEBUG] - y_rrl: (1447, 2) [[ 8.216246   -7.801093  ]
 [ 0.2713342   0.14716639]
 [ 5.40456    -4.9809055 ]
 [ 5.40456    -4.9809055 ]
 [ 8.216246   -7.801093  ]
 [-0.04759183  0.47291523]
 [ 8.216246   -7.801093  ]
 [ 7.0168514  -6.5970945 ]
 [ 8.216246   -7.801093  ]
 [ 3.73716    -3.3227916 ]
 [ 2.177568   -1.7599797 ]
 [ 5.457259   -5.034282  ]
 [ 7.1601787  -6.7361236 ]
 [ 7.1601787  -6.7361236 ]
 [ 5.927632   -5.5031266 ]
 [ 6.2047315  -5.783273  ]
 [ 7.0168514  -6.5970945 ]
 [ 2.177568   -1.7599797 ]
 [ 4.7504196  -4.3311357 ]
 [ 5.960784   -5.532124  ]
 [ 7.764323   -7.3460846 ]
 [ 7.1601787  -6.7361236 ]
 [ 7.764323   -7.3460846 ]
 [ 7.1601787  -6.7361236 ]
 [-1.003039    1.4257661 ]
 [ 2.6810932  -2.2578216 ]
 [ 4.157587   -3.741967  ]
 [ 7.1601787  -6.7361236 ]
 [ 5.960784   -5.532124  ]
 [ 6.564929   -6.142085  ]
 [ 8.216246   -7.801093  ]
 [ 5.005337   -4.5792737 ]
 [ 1.7256459  -1.3049709 ]
 [ 1.7256459  -1.3049709 ]
 [ 8.216246   -7.801093  ]
 [ 7.0168514  -6.5970945 ]
 [ 7.764323   -7.3460846 ]
 [ 7.1601787  -6.7361236 ]
 [-0.5511165   0.970757  ]
 [ 0.64827776 -0.23324256]
 [ 7.0168514  -6.5970945 ]]
2025-12-21 21:43:35,104 - [INFO] - ------------------------------------------------------------
2025-12-21 21:43:35,104 - [INFO] - On Validation Set:
	Accuracy of RRL  Model: 0.907394609536973
	F1 Score of RRL  Model: 0.7478595801344069
2025-12-21 21:43:35,110 - [INFO] - On Validation Set:
Performance of  RRL Model: 
[[1232   54]
 [  80   81]]
              precision    recall  f1-score   support

           0       0.94      0.96      0.95      1286
           1       0.60      0.50      0.55       161

    accuracy                           0.91      1447
   macro avg       0.77      0.73      0.75      1447
weighted avg       0.90      0.91      0.90      1447

2025-12-21 21:43:35,110 - [INFO] - ------------------------------------------------------------
2025-12-21 21:43:35,240 - [INFO] - epoch: 27, loss_rrl: 108.09302301891148
2025-12-21 21:43:36,630 - [INFO] - epoch: 28, loss_rrl: 108.29775743186474
2025-12-21 21:43:36,746 - [DEBUG] - y_true: (1447,) [0 0 0 0 0 1 0 0 0 0 0 0 0 0 0 0 0 1 0 0 0 0 0 0 1 0 0 0 0 0 0 0 0 0 0 0 0
 0 1 1 0]
2025-12-21 21:43:36,907 - [DEBUG] - y_rrl_: (1447,) [0 1 0 0 0 1 0 0 0 0 0 0 0 0 0 0 0 0 0 0 0 0 0 0 1 0 0 0 0 0 0 0 0 0 0 0 0
 0 0 0 0]
2025-12-21 21:43:36,907 - [DEBUG] - y_rrl: (1447, 2) [[ 8.224536   -7.82178   ]
 [ 0.15030424  0.25586927]
 [ 6.552695   -6.146198  ]
 [ 6.552695   -6.146198  ]
 [ 8.224536   -7.82178   ]
 [-0.2782332   0.6908949 ]
 [ 8.224536   -7.82178   ]
 [ 8.224536   -7.82178   ]
 [ 8.224536   -7.82178   ]
 [ 4.8955183  -4.4978037 ]
 [ 3.6916726  -3.2895355 ]
 [ 6.0346017  -5.6299043 ]
 [ 7.1169095  -6.705588  ]
 [ 7.752044   -7.3463144 ]
 [ 7.1169095  -6.705588  ]
 [ 6.7659554  -6.3627067 ]
 [ 8.224536   -7.82178   ]
 [ 2.705584   -2.3059278 ]
 [ 4.6831675  -4.2763753 ]
 [ 5.9130645  -5.4973197 ]
 [ 7.752044   -7.3463144 ]
 [ 7.752044   -7.3463144 ]
 [ 7.752044   -7.3463144 ]
 [ 7.1169095  -6.705588  ]
 [-1.2643217   1.6745026 ]
 [ 2.5840464  -2.173343  ]
 [ 4.6699214  -4.2721415 ]
 [ 7.1169095  -6.705588  ]
 [ 6.548199   -6.1380463 ]
 [ 7.752044   -7.3463144 ]
 [ 8.224536   -7.82178   ]
 [ 6.1308208  -5.72198   ]
 [ 3.2191808  -2.8140695 ]
 [ 2.2330923  -1.8304617 ]
 [ 8.224536   -7.82178   ]
 [ 8.224536   -7.82178   ]
 [ 7.752044   -7.3463144 ]
 [ 7.1169095  -6.705588  ]
 [ 2.0332382  -1.6335657 ]
 [ 1.0471498  -0.6499577 ]
 [ 8.224536   -7.82178   ]]
2025-12-21 21:43:36,910 - [INFO] - ------------------------------------------------------------
2025-12-21 21:43:36,910 - [INFO] - On Validation Set:
	Accuracy of RRL  Model: 0.9032480995162405
	F1 Score of RRL  Model: 0.6912869090288445
2025-12-21 21:43:36,916 - [INFO] - On Validation Set:
Performance of  RRL Model: 
[[1253   33]
 [ 107   54]]
              precision    recall  f1-score   support

           0       0.92      0.97      0.95      1286
           1       0.62      0.34      0.44       161

    accuracy                           0.90      1447
   macro avg       0.77      0.65      0.69      1447
weighted avg       0.89      0.90      0.89      1447

2025-12-21 21:43:36,916 - [INFO] - ------------------------------------------------------------
2025-12-21 21:43:38,238 - [INFO] - epoch: 29, loss_rrl: 107.92591892927885
2025-12-21 21:43:38,584 - [DEBUG] - y_true: (1447,) [0 0 0 0 0 1 0 0 0 0 0 0 0 0 0 0 0 1 0 0 0 0 0 0 1 0 0 0 0 0 0 0 0 0 0 0 0
 0 1 1 0]
2025-12-21 21:43:38,744 - [DEBUG] - y_rrl_: (1447,) [0 0 0 0 0 1 0 0 0 0 0 0 0 0 0 0 0 0 0 0 0 0 0 0 1 0 0 0 0 0 0 0 0 0 0 0 0
 0 1 1 0]
2025-12-21 21:43:38,745 - [DEBUG] - y_rrl: (1447, 2) [[ 7.1398587  -6.746926  ]
 [ 1.55171    -1.1607653 ]
 [ 4.546631   -4.15116   ]
 [ 6.281118   -5.886787  ]
 [ 6.2306457  -5.8387647 ]
 [-0.6621226   1.0625072 ]
 [ 7.965132   -7.574393  ]
 [ 7.965132   -7.574393  ]
 [ 7.965132   -7.574393  ]
 [ 5.8294578  -5.443838  ]
 [ 3.1575613  -2.7601252 ]
 [ 4.2409477  -3.844005  ]
 [ 6.46609    -6.071027  ]
 [ 5.166968   -4.766847  ]
 [ 7.3753033  -6.9791875 ]
 [ 5.107832   -4.709027  ]
 [ 7.1398587  -6.746926  ]
 [ 3.0144866  -2.6216128 ]
 [ 3.6450546  -3.24818   ]
 [ 5.6446624  -5.2414346 ]
 [ 7.491285   -7.0976806 ]
 [ 5.166968   -4.766847  ]
 [ 5.7567973  -5.3620524 ]
 [ 6.5500293  -6.1517205 ]
 [-1.1566235   1.5517745 ]
 [ 3.0736225  -2.6794314 ]
 [ 2.5406387  -2.1449003 ]
 [ 7.3753033  -6.9791875 ]
 [ 4.7354493  -4.3332734 ]
 [ 7.965132   -7.574393  ]
 [ 7.965132   -7.574393  ]
 [ 5.0238934  -4.628333  ]
 [ 2.6837132  -2.2834127 ]
 [ 0.8061518  -0.4092723 ]
 [ 7.0559196  -6.666232  ]
 [ 7.965132   -7.574393  ]
 [ 6.2306457  -5.8387647 ]
 [ 6.5500293  -6.1517205 ]
 [-1.1566235   1.5517745 ]
 [ 0.10016985  0.29073378]
 [ 7.1398587  -6.746926  ]]
2025-12-21 21:43:38,747 - [INFO] - ------------------------------------------------------------
2025-12-21 21:43:38,747 - [INFO] - On Validation Set:
	Accuracy of RRL  Model: 0.9032480995162405
	F1 Score of RRL  Model: 0.7485302587936206
2025-12-21 21:43:38,753 - [INFO] - On Validation Set:
Performance of  RRL Model: 
[[1221   65]
 [  75   86]]
              precision    recall  f1-score   support

           0       0.94      0.95      0.95      1286
           1       0.57      0.53      0.55       161

    accuracy                           0.90      1447
   macro avg       0.76      0.74      0.75      1447
weighted avg       0.90      0.90      0.90      1447

2025-12-21 21:43:38,753 - [INFO] - ------------------------------------------------------------
2025-12-21 21:43:39,851 - [INFO] - epoch: 30, loss_rrl: 107.08114097453654
2025-12-21 21:43:40,432 - [DEBUG] - y_true: (1447,) [0 0 0 0 0 1 0 0 0 0 0 0 0 0 0 0 0 1 0 0 0 0 0 0 1 0 0 0 0 0 0 0 0 0 0 0 0
 0 1 1 0]
2025-12-21 21:43:40,593 - [DEBUG] - y_rrl_: (1447,) [0 0 0 0 0 0 0 0 0 0 0 0 0 0 0 0 0 0 0 0 0 0 0 0 1 0 0 0 0 0 0 0 0 0 0 0 0
 0 0 0 0]
2025-12-21 21:43:40,594 - [DEBUG] - y_rrl: (1447, 2) [[ 8.372893   -7.9917464 ]
 [ 3.299075   -2.9248176 ]
 [ 5.7679462  -5.3843613 ]
 [ 7.5611877  -7.1786947 ]
 [ 7.4037046  -7.0235615 ]
 [ 0.5516026  -0.16317244]
 [ 9.196946   -8.817895  ]
 [ 8.784838   -8.40303   ]
 [ 9.196946   -8.817895  ]
 [ 5.4274664  -5.050063  ]
 [ 3.3047242  -2.9211466 ]
 [ 5.9447727  -5.56491   ]
 [ 8.227757   -7.8497095 ]
 [ 6.991596   -6.608697  ]
 [ 9.196946   -8.817895  ]
 [ 6.97649    -6.5948505 ]
 [ 7.960785   -7.576882  ]
 [ 3.1444821  -2.765263  ]
 [ 4.937106   -4.552114  ]
 [ 7.4861474  -7.1002626 ]
 [ 8.784838   -8.40303   ]
 [ 6.991596   -6.608697  ]
 [ 6.991596   -6.608697  ]
 [ 8.372893   -7.9917464 ]
 [-0.93940115  1.3158249 ]
 [ 3.571697   -3.1939745 ]
 [ 4.3660665  -3.9872365 ]
 [ 9.196946   -8.817895  ]
 [ 6.5169587  -6.132078  ]
 [ 9.196946   -8.817895  ]
 [ 9.196946   -8.817895  ]
 [ 6.831354   -6.452814  ]
 [ 3.3047242  -2.9211466 ]
 [ 1.3512409  -0.97093   ]
 [ 8.227757   -7.8497095 ]
 [ 9.196946   -8.817895  ]
 [ 7.4037046  -7.0235615 ]
 [ 8.372893   -7.9917464 ]
 [ 2.4105756  -2.0313938 ]
 [ 1.4262812  -1.0493617 ]
 [ 7.960785   -7.576882  ]]
2025-12-21 21:43:40,596 - [INFO] - ------------------------------------------------------------
2025-12-21 21:43:40,596 - [INFO] - On Validation Set:
	Accuracy of RRL  Model: 0.9018659295093296
	F1 Score of RRL  Model: 0.6564439539860888
2025-12-21 21:43:40,602 - [INFO] - On Validation Set:
Performance of  RRL Model: 
[[1264   22]
 [ 120   41]]
              precision    recall  f1-score   support

           0       0.91      0.98      0.95      1286
           1       0.65      0.25      0.37       161

    accuracy                           0.90      1447
   macro avg       0.78      0.62      0.66      1447
weighted avg       0.88      0.90      0.88      1447

2025-12-21 21:43:40,602 - [INFO] - ------------------------------------------------------------
2025-12-21 21:43:41,464 - [INFO] - epoch: 31, loss_rrl: 107.45309076830745
2025-12-21 21:43:42,286 - [DEBUG] - y_true: (1447,) [0 0 0 0 0 1 0 0 0 0 0 0 0 0 0 0 0 1 0 0 0 0 0 0 1 0 0 0 0 0 0 0 0 0 0 0 0
 0 1 1 0]
2025-12-21 21:43:42,447 - [DEBUG] - y_rrl_: (1447,) [0 0 0 0 0 0 0 0 0 0 0 0 0 0 0 0 0 0 0 0 0 0 0 0 1 0 0 0 0 0 0 0 0 0 0 0 0
 0 1 0 0]
2025-12-21 21:43:42,447 - [DEBUG] - y_rrl: (1447, 2) [[ 8.450784   -8.081036  ]
 [ 1.2155427  -0.8439612 ]
 [ 6.279548   -5.90152   ]
 [ 7.0842113  -6.708184  ]
 [ 8.450784   -8.081036  ]
 [ 0.58077544 -0.20390576]
 [ 9.255447   -8.887699  ]
 [ 7.524424   -7.15105   ]
 [ 9.255447   -8.887699  ]
 [ 4.15984    -3.7905803 ]
 [ 2.2648864  -1.8925216 ]
 [ 6.4341345  -6.059655  ]
 [ 8.316156   -7.940777  ]
 [ 7.5114923  -7.1341124 ]
 [ 8.316156   -7.940777  ]
 [ 6.537001   -6.161781  ]
 [ 7.951705   -7.5769787 ]
 [ 3.06955    -2.6991858 ]
 [ 5.115021   -4.7415156 ]
 [ 5.7364683  -5.356528  ]
 [ 8.815235   -8.444834  ]
 [ 7.5114923  -7.1341124 ]
 [ 8.010571   -7.6381693 ]
 [ 7.5114923  -7.1341124 ]
 [-0.3937162   0.76842487]
 [ 2.1818485  -1.8083848 ]
 [ 5.2172103  -4.848476  ]
 [ 7.0842113  -6.708184  ]
 [ 6.968413   -6.5891204 ]
 [ 8.316156   -7.940777  ]
 [ 9.255447   -8.887699  ]
 [ 5.9939213  -5.616789  ]
 [ 1.8246735  -1.4496555 ]
 [ 0.5927296  -0.21706247]
 [ 9.255447   -8.887699  ]
 [ 7.524424   -7.15105   ]
 [ 8.010571   -7.6381693 ]
 [ 6.279548   -5.90152   ]
 [ 0.04649667  0.32555875]
 [ 1.39424    -1.0260975 ]
 [ 6.719761   -6.3443856 ]]
2025-12-21 21:43:42,450 - [INFO] - ------------------------------------------------------------
2025-12-21 21:43:42,450 - [INFO] - On Validation Set:
	Accuracy of RRL  Model: 0.89426399447132
	F1 Score of RRL  Model: 0.6733243914423448
2025-12-21 21:43:42,456 - [INFO] - On Validation Set:
Performance of  RRL Model: 
[[1242   44]
 [ 109   52]]
              precision    recall  f1-score   support

           0       0.92      0.97      0.94      1286
           1       0.54      0.32      0.40       161

    accuracy                           0.89      1447
   macro avg       0.73      0.64      0.67      1447
weighted avg       0.88      0.89      0.88      1447

2025-12-21 21:43:42,456 - [INFO] - ------------------------------------------------------------
2025-12-21 21:43:43,094 - [INFO] - epoch: 32, loss_rrl: 107.21515603456646
2025-12-21 21:43:44,157 - [DEBUG] - y_true: (1447,) [0 0 0 0 0 1 0 0 0 0 0 0 0 0 0 0 0 1 0 0 0 0 0 0 1 0 0 0 0 0 0 0 0 0 0 0 0
 0 1 1 0]
2025-12-21 21:43:44,318 - [DEBUG] - y_rrl_: (1447,) [0 0 0 0 0 1 0 0 0 0 0 0 0 0 0 0 0 0 0 0 0 0 0 0 1 0 0 0 0 0 0 0 0 0 0 0 0
 0 0 0 0]
2025-12-21 21:43:44,318 - [DEBUG] - y_rrl: (1447, 2) [[ 9.1086388e+00 -8.7519026e+00]
 [ 1.5324764e+00 -1.1747062e+00]
 [ 6.9770012e+00 -6.6122994e+00]
 [ 6.9770012e+00 -6.6122994e+00]
 [ 9.1086388e+00 -8.7519026e+00]
 [-4.2697847e-01  7.9052681e-01]
 [ 9.1086388e+00 -8.7519026e+00]
 [ 8.5937338e+00 -8.2321987e+00]
 [ 9.1086388e+00 -8.7519026e+00]
 [ 5.2926488e+00 -4.9349566e+00]
 [ 2.9454474e+00 -2.5860627e+00]
 [ 6.2465334e+00 -5.8833065e+00]
 [ 7.6289763e+00 -7.2695036e+00]
 [ 8.1621923e+00 -7.7981062e+00]
 [ 8.5937338e+00 -8.2321987e+00]
 [ 7.1974359e+00 -6.8354106e+00]
 [ 8.5937338e+00 -8.2321987e+00]
 [ 2.9454474e+00 -2.5860627e+00]
 [ 5.7844648e+00 -5.4240541e+00]
 [ 8.1621923e+00 -7.7981062e+00]
 [ 8.6770983e+00 -8.3178101e+00]
 [ 8.1621923e+00 -7.7981062e+00]
 [ 8.6770983e+00 -8.3178101e+00]
 [ 8.5937338e+00 -8.2321987e+00]
 [ 4.5615546e-03  3.5643411e-01]
 [ 2.9454474e+00 -2.5860627e+00]
 [ 5.8149929e+00 -5.4492135e+00]
 [ 8.5937338e+00 -8.2321987e+00]
 [ 6.7797503e+00 -6.4119091e+00]
 [ 8.5937338e+00 -8.2321987e+00]
 [ 9.1086388e+00 -8.7519026e+00]
 [ 7.1974359e+00 -6.8354106e+00]
 [ 2.5139070e+00 -2.1519697e+00]
 [ 2.5139070e+00 -2.1519697e+00]
 [ 9.1086388e+00 -8.7519026e+00]
 [ 8.5937338e+00 -8.2321987e+00]
 [ 9.1086388e+00 -8.7519026e+00]
 [ 8.5937338e+00 -8.2321987e+00]
 [ 9.6931964e-01 -6.0626304e-01]
 [ 1.3870044e+00 -1.0297627e+00]
 [ 8.5937338e+00 -8.2321987e+00]]
2025-12-21 21:43:44,321 - [INFO] - ------------------------------------------------------------
2025-12-21 21:43:44,321 - [INFO] - On Validation Set:
	Accuracy of RRL  Model: 0.9039391845196959
	F1 Score of RRL  Model: 0.6877752474801806
2025-12-21 21:43:44,327 - [INFO] - On Validation Set:
Performance of  RRL Model: 
[[1256   30]
 [ 109   52]]
              precision    recall  f1-score   support

           0       0.92      0.98      0.95      1286
           1       0.63      0.32      0.43       161

    accuracy                           0.90      1447
   macro avg       0.78      0.65      0.69      1447
weighted avg       0.89      0.90      0.89      1447

2025-12-21 21:43:44,327 - [INFO] - ------------------------------------------------------------
2025-12-21 21:43:44,728 - [INFO] - epoch: 33, loss_rrl: 106.84938010945916
2025-12-21 21:43:46,020 - [DEBUG] - y_true: (1447,) [0 0 0 0 0 1 0 0 0 0 0 0 0 0 0 0 0 1 0 0 0 0 0 0 1 0 0 0 0 0 0 0 0 0 0 0 0
 0 1 1 0]
2025-12-21 21:43:46,181 - [DEBUG] - y_rrl_: (1447,) [0 0 0 0 0 0 0 0 0 0 0 0 0 0 0 0 0 0 0 0 0 0 0 0 1 0 0 0 0 0 0 0 0 0 0 0 0
 0 1 0 0]
2025-12-21 21:43:46,181 - [DEBUG] - y_rrl: (1447, 2) [[ 8.700199   -8.354213  ]
 [ 0.77810526 -0.42851168]
 [ 6.600254   -6.246607  ]
 [ 6.600254   -6.246607  ]
 [ 8.700199   -8.354213  ]
 [ 0.31438032  0.04023057]
 [ 8.700199   -8.354213  ]
 [ 8.186832   -7.8362193 ]
 [ 8.700199   -8.354213  ]
 [ 4.950008   -4.602985  ]
 [ 2.6086748  -2.260016  ]
 [ 5.845499   -5.4932504 ]
 [ 7.7907085  -7.437641  ]
 [ 7.7907085  -7.437641  ]
 [ 6.577303   -6.2239037 ]
 [ 6.832018   -6.4809165 ]
 [ 8.186832   -7.8362193 ]
 [ 2.6086748  -2.260016  ]
 [ 5.397573   -5.0479903 ]
 [ 6.408065   -6.0513964 ]
 [ 8.304075   -7.9556336 ]
 [ 7.7907085  -7.437641  ]
 [ 8.304075   -7.9556336 ]
 [ 7.7907085  -7.437641  ]
 [-0.64431     0.9969548 ]
 [ 3.1712406  -2.8181617 ]
 [ 4.8085985  -4.4614196 ]
 [ 7.7907085  -7.437641  ]
 [ 6.408065   -6.0513964 ]
 [ 7.7907085  -7.437641  ]
 [ 8.700199   -8.354213  ]
 [ 5.449375   -5.0946717 ]
 [ 2.2125504  -1.8614377 ]
 [ 2.2125504  -1.8614377 ]
 [ 8.700199   -8.354213  ]
 [ 8.186832   -7.8362193 ]
 [ 8.304075   -7.9556336 ]
 [ 7.7907085  -7.437641  ]
 [-0.24818599  0.5983761 ]
 [ 1.134457   -0.7878686 ]
 [ 8.186832   -7.8362193 ]]
2025-12-21 21:43:46,183 - [INFO] - ------------------------------------------------------------
2025-12-21 21:43:46,183 - [INFO] - On Validation Set:
	Accuracy of RRL  Model: 0.8921907394609537
	F1 Score of RRL  Model: 0.6456103993971364
2025-12-21 21:43:46,189 - [INFO] - On Validation Set:
Performance of  RRL Model: 
[[1249   37]
 [ 119   42]]
              precision    recall  f1-score   support

           0       0.91      0.97      0.94      1286
           1       0.53      0.26      0.35       161

    accuracy                           0.89      1447
   macro avg       0.72      0.62      0.65      1447
weighted avg       0.87      0.89      0.88      1447

2025-12-21 21:43:46,190 - [INFO] - ------------------------------------------------------------
2025-12-21 21:43:46,355 - [INFO] - epoch: 34, loss_rrl: 106.96418993361294
2025-12-21 21:43:47,801 - [INFO] - epoch: 35, loss_rrl: 106.63097785040736
2025-12-21 21:43:47,886 - [DEBUG] - y_true: (1447,) [0 0 0 0 0 1 0 0 0 0 0 0 0 0 0 0 0 1 0 0 0 0 0 0 1 0 0 0 0 0 0 0 0 0 0 0 0
 0 1 1 0]
2025-12-21 21:43:48,047 - [DEBUG] - y_rrl_: (1447,) [0 0 0 0 0 1 0 0 0 0 0 0 0 0 0 0 0 0 0 0 0 0 0 0 1 0 0 0 0 0 0 0 0 0 0 0 0
 0 0 0 0]
2025-12-21 21:43:48,048 - [DEBUG] - y_rrl: (1447, 2) [[ 8.368066   -8.032504  ]
 [ 0.29675567  0.04242295]
 [ 6.796016   -6.4575434 ]
 [ 6.796016   -6.4575434 ]
 [ 7.220449   -6.884337  ]
 [-0.14096056  0.4849066 ]
 [ 8.368066   -8.032504  ]
 [ 8.368066   -8.032504  ]
 [ 8.368066   -8.032504  ]
 [ 5.1061816  -4.7739706 ]
 [ 2.5594847  -2.2232692 ]
 [ 5.998797   -5.6616554 ]
 [ 7.413078   -7.070695  ]
 [ 6.796016   -6.4575434 ]
 [ 7.413078   -7.070695  ]
 [ 6.973443   -6.6373963 ]
 [ 7.220449   -6.884337  ]
 [ 2.7369125  -2.4031215 ]
 [ 4.9577193  -4.6186447 ]
 [ 6.013998   -5.668161  ]
 [ 7.943633   -7.605711  ]
 [ 7.943633   -7.605711  ]
 [ 7.943633   -7.605711  ]
 [ 6.2654605  -5.9225273 ]
 [-1.1111503   1.4532213 ]
 [ 2.752113   -2.4096267 ]
 [ 3.550084   -3.2142506 ]
 [ 7.413078   -7.070695  ]
 [ 6.5445533  -6.2031775 ]
 [ 7.413078   -7.070695  ]
 [ 8.368066   -8.032504  ]
 [ 6.442888   -6.10238   ]
 [ 3.2826686  -2.9446433 ]
 [ 2.3124788  -1.9763284 ]
 [ 8.368066   -8.032504  ]
 [ 8.368066   -8.032504  ]
 [ 7.943633   -7.605711  ]
 [ 7.413078   -7.070695  ]
 [ 2.2131076  -1.8794372 ]
 [ 1.2429179  -0.9111224 ]
 [ 8.368066   -8.032504  ]]
2025-12-21 21:43:48,050 - [INFO] - ------------------------------------------------------------
2025-12-21 21:43:48,050 - [INFO] - On Validation Set:
	Accuracy of RRL  Model: 0.9046302695231514
	F1 Score of RRL  Model: 0.6766658462654473
2025-12-21 21:43:48,056 - [INFO] - On Validation Set:
Performance of  RRL Model: 
[[1262   24]
 [ 114   47]]
              precision    recall  f1-score   support

           0       0.92      0.98      0.95      1286
           1       0.66      0.29      0.41       161

    accuracy                           0.90      1447
   macro avg       0.79      0.64      0.68      1447
weighted avg       0.89      0.90      0.89      1447

2025-12-21 21:43:48,056 - [INFO] - ------------------------------------------------------------
2025-12-21 21:43:49,444 - [INFO] - epoch: 36, loss_rrl: 107.01788012403995
2025-12-21 21:43:49,763 - [DEBUG] - y_true: (1447,) [0 0 0 0 0 1 0 0 0 0 0 0 0 0 0 0 0 1 0 0 0 0 0 0 1 0 0 0 0 0 0 0 0 0 0 0 0
 0 1 1 0]
2025-12-21 21:43:49,925 - [DEBUG] - y_rrl_: (1447,) [0 0 0 0 0 1 0 0 0 0 0 0 0 0 0 0 0 0 0 0 0 0 0 0 1 0 0 0 0 0 0 0 0 0 0 0 0
 0 0 0 0]
2025-12-21 21:43:49,925 - [DEBUG] - y_rrl: (1447, 2) [[ 8.641133   -8.313977  ]
 [ 1.3020077  -0.97290605]
 [ 6.006096   -5.67695   ]
 [ 7.8386025  -7.510323  ]
 [ 7.595841   -7.269487  ]
 [-1.6985062   2.028998  ]
 [ 9.428347   -9.1028595 ]
 [ 9.428347   -9.1028595 ]
 [ 9.428347   -9.1028595 ]
 [ 6.1610327  -5.838678  ]
 [ 3.966176   -3.6388402 ]
 [ 5.973496   -5.647285  ]
 [ 6.420621   -6.0911508 ]
 [ 7.595841   -7.269487  ]
 [ 8.889566   -8.559776  ]
 [ 7.21748    -6.8898435 ]
 [ 8.641133   -8.313977  ]
 [ 3.7514744  -3.427594  ]
 [ 5.1897507  -4.859162  ]
 [ 7.481924   -7.1488214 ]
 [ 9.00661    -8.678854  ]
 [ 7.595841   -7.269487  ]
 [ 7.1741037  -6.845481  ]
 [ 8.102352   -7.7708945 ]
 [-1.6985062   2.028998  ]
 [ 0.25671533  0.07158509]
 [ 5.961851   -5.639313  ]
 [ 8.889566   -8.559776  ]
 [ 6.9754124  -6.6474137 ]
 [ 8.889566   -8.559776  ]
 [ 9.428347   -9.1028595 ]
 [ 6.420621   -6.0911508 ]
 [ 3.544439   -3.2148342 ]
 [ 1.4972314  -1.1702143 ]
 [ 8.383055   -8.058369  ]
 [ 9.428347   -9.1028595 ]
 [ 7.1741037  -6.845481  ]
 [ 8.102352   -7.7708945 ]
 [ 0.7509604  -0.4256896 ]
 [ 2.158603   -1.8366452 ]
 [ 8.641133   -8.313977  ]]
2025-12-21 21:43:49,928 - [INFO] - ------------------------------------------------------------
2025-12-21 21:43:49,928 - [INFO] - On Validation Set:
	Accuracy of RRL  Model: 0.9004837595024188
	F1 Score of RRL  Model: 0.6728711379050489
2025-12-21 21:43:49,934 - [INFO] - On Validation Set:
Performance of  RRL Model: 
[[1255   31]
 [ 113   48]]
              precision    recall  f1-score   support

           0       0.92      0.98      0.95      1286
           1       0.61      0.30      0.40       161

    accuracy                           0.90      1447
   macro avg       0.76      0.64      0.67      1447
weighted avg       0.88      0.90      0.89      1447

2025-12-21 21:43:49,934 - [INFO] - ------------------------------------------------------------
2025-12-21 21:43:51,064 - [INFO] - epoch: 37, loss_rrl: 107.29756943508983
2025-12-21 21:43:51,798 - [DEBUG] - y_true: (1447,) [0 0 0 0 0 1 0 0 0 0 0 0 0 0 0 0 0 1 0 0 0 0 0 0 1 0 0 0 0 0 0 0 0 0 0 0 0
 0 1 1 0]
2025-12-21 21:43:51,947 - [DEBUG] - y_rrl_: (1447,) [0 0 0 0 0 1 0 0 0 0 0 0 0 0 0 0 0 0 0 0 0 0 0 0 1 0 0 0 0 0 0 0 0 0 0 0 0
 0 0 1 0]
2025-12-21 21:43:51,948 - [DEBUG] - y_rrl: (1447, 2) [[ 7.135703   -6.818356  ]
 [ 2.0256016  -1.7128565 ]
 [ 5.0087504  -4.684574  ]
 [ 5.817385   -5.4948025 ]
 [ 7.135703   -6.818356  ]
 [-0.6713081   0.994968  ]
 [ 7.9443383  -7.628585  ]
 [ 7.0079837  -6.6858983 ]
 [ 7.9443383  -7.628585  ]
 [ 3.768792   -3.4496331 ]
 [ 0.3686359  -0.04420928]
 [ 5.5514016  -5.2341743 ]
 [ 7.9443383  -7.628585  ]
 [ 6.199349   -5.8756695 ]
 [ 7.9443383  -7.628585  ]
 [ 5.207335   -4.885359  ]
 [ 6.199349   -5.8756695 ]
 [ 1.3758554  -1.055223  ]
 [ 3.733742   -3.4130387 ]
 [ 7.0079837  -6.6858983 ]
 [ 7.546145   -7.2282114 ]
 [ 6.199349   -5.8756695 ]
 [ 6.73751    -6.4179826 ]
 [ 7.135703   -6.818356  ]
 [-0.7269673   1.0425919 ]
 [ 1.8306304  -1.5159006 ]
 [ 6.0159698  -5.6955876 ]
 [ 7.9443383  -7.628585  ]
 [ 5.607061   -5.2817984 ]
 [ 7.9443383  -7.628585  ]
 [ 7.9443383  -7.628585  ]
 [ 6.0159698  -5.6955876 ]
 [ 1.5592344  -1.2353048 ]
 [ 0.5672208  -0.24499449]
 [ 7.9443383  -7.628585  ]
 [ 7.9443383  -7.628585  ]
 [ 7.135703   -6.818356  ]
 [ 7.135703   -6.818356  ]
 [ 0.72961456 -0.40913165]
 [-0.26239905  0.5811787 ]
 [ 6.199349   -5.8756695 ]]
2025-12-21 21:43:51,950 - [INFO] - ------------------------------------------------------------
2025-12-21 21:43:51,950 - [INFO] - On Validation Set:
	Accuracy of RRL  Model: 0.9080856945404284
	F1 Score of RRL  Model: 0.71602708537145
2025-12-21 21:43:51,956 - [INFO] - On Validation Set:
Performance of  RRL Model: 
[[1252   34]
 [  99   62]]
              precision    recall  f1-score   support

           0       0.93      0.97      0.95      1286
           1       0.65      0.39      0.48       161

    accuracy                           0.91      1447
   macro avg       0.79      0.68      0.72      1447
weighted avg       0.90      0.91      0.90      1447

2025-12-21 21:43:51,956 - [INFO] - ------------------------------------------------------------
2025-12-21 21:43:53,060 - [INFO] - epoch: 38, loss_rrl: 106.86533483862877
2025-12-21 21:43:53,987 - [DEBUG] - y_true: (1447,) [0 0 0 0 0 1 0 0 0 0 0 0 0 0 0 0 0 1 0 0 0 0 0 0 1 0 0 0 0 0 0 0 0 0 0 0 0
 0 1 1 0]
2025-12-21 21:43:54,137 - [DEBUG] - y_rrl_: (1447,) [0 1 0 0 0 0 0 0 0 0 0 0 0 0 0 0 0 0 0 0 0 0 0 0 1 0 0 0 0 0 0 0 0 0 0 0 0
 0 1 0 0]
2025-12-21 21:43:54,137 - [DEBUG] - y_rrl: (1447, 2) [[ 8.752463   -8.44618   ]
 [-0.37926894  0.6896087 ]
 [ 6.640626   -6.3277707 ]
 [ 6.640626   -6.3277707 ]
 [ 8.752463   -8.44618   ]
 [ 0.18623513  0.12771784]
 [ 8.752463   -8.44618   ]
 [ 6.640626   -6.3277707 ]
 [ 8.752463   -8.44618   ]
 [ 3.4539819  -3.1438646 ]
 [ 2.229659   -1.9185923 ]
 [ 5.4163036  -5.1024985 ]
 [ 7.8182783  -7.505895  ]
 [ 8.242287   -7.9319987 ]
 [ 8.242287   -7.9319987 ]
 [ 6.80317    -6.492411  ]
 [ 7.8182783  -7.505895  ]
 [ 2.229659   -1.9185923 ]
 [ 5.3718934  -5.0623345 ]
 [ 5.677768   -5.3639627 ]
 [ 8.328456   -8.020077  ]
 [ 8.242287   -7.9319987 ]
 [ 8.328456   -8.020077  ]
 [ 8.242287   -7.9319987 ]
 [-0.82887334  1.1412017 ]
 [ 1.8134912  -1.5019996 ]
 [ 6.80317    -6.492411  ]
 [ 7.0646343  -6.753875  ]
 [ 6.8554196  -6.542086  ]
 [ 8.242287   -7.9319987 ]
 [ 8.752463   -8.44618   ]
 [ 5.4163036  -5.1024985 ]
 [ 2.229659   -1.9185923 ]
 [ 1.0520072  -0.74046826]
 [ 8.752463   -8.44618   ]
 [ 6.640626   -6.3277707 ]
 [ 8.328456   -8.020077  ]
 [ 7.0646343  -6.753875  ]
 [-0.82887334  1.1412017 ]
 [ 0.5579928  -0.24871056]
 [ 6.640626   -6.3277707 ]]
2025-12-21 21:43:54,139 - [INFO] - ------------------------------------------------------------
2025-12-21 21:43:54,140 - [INFO] - On Validation Set:
	Accuracy of RRL  Model: 0.89426399447132
	F1 Score of RRL  Model: 0.6733243914423448
2025-12-21 21:43:54,145 - [INFO] - On Validation Set:
Performance of  RRL Model: 
[[1242   44]
 [ 109   52]]
              precision    recall  f1-score   support

           0       0.92      0.97      0.94      1286
           1       0.54      0.32      0.40       161

    accuracy                           0.89      1447
   macro avg       0.73      0.64      0.67      1447
weighted avg       0.88      0.89      0.88      1447

2025-12-21 21:43:54,145 - [INFO] - ------------------------------------------------------------
2025-12-21 21:43:54,952 - [INFO] - epoch: 39, loss_rrl: 106.82447784673423
2025-12-21 21:43:56,199 - [DEBUG] - y_true: (1447,) [0 0 0 0 0 1 0 0 0 0 0 0 0 0 0 0 0 1 0 0 0 0 0 0 1 0 0 0 0 0 0 0 0 0 0 0 0
 0 1 1 0]
2025-12-21 21:43:56,349 - [DEBUG] - y_rrl_: (1447,) [0 1 0 0 0 1 0 0 0 0 0 0 0 0 0 0 0 0 0 0 0 0 0 0 1 0 0 0 0 0 0 0 0 0 0 0 0
 0 0 0 0]
2025-12-21 21:43:56,349 - [DEBUG] - y_rrl: (1447, 2) [[ 8.506975   -8.208511  ]
 [-0.11931102  0.41976234]
 [ 6.4238887  -6.119061  ]
 [ 6.4238887  -6.119061  ]
 [ 8.506975   -8.208511  ]
 [-0.97363466  1.2780148 ]
 [ 8.506975   -8.208511  ]
 [ 6.8374414  -6.5346417 ]
 [ 8.506975   -8.208511  ]
 [ 3.7533514  -3.4531393 ]
 [ 1.3535324  -1.051941  ]
 [ 5.5897326  -5.286003  ]
 [ 6.9914765  -6.690685  ]
 [ 7.575999   -7.2716203 ]
 [ 5.978395   -5.678886  ]
 [ 6.5779233  -6.275104  ]
 [ 7.9895515  -7.687201  ]
 [ 2.5056424  -2.204501  ]
 [ 5.10508    -4.8034005 ]
 [ 5.022145   -4.71438   ]
 [ 8.093422   -7.79293   ]
 [ 7.575999   -7.2716203 ]
 [ 8.093422   -7.79293   ]
 [ 7.9895515  -7.687201  ]
 [-0.5600817   0.86243474]
 [ 1.032799   -0.7327976 ]
 [ 5.1761794  -4.8704224 ]
 [ 6.8374414  -6.5346417 ]
 [ 6.174255   -5.866939  ]
 [ 7.9895515  -7.687201  ]
 [ 8.506975   -8.208511  ]
 [ 6.5779233  -6.275104  ]
 [ 2.0920894  -1.7889203 ]
 [ 0.9399795  -0.6363605 ]
 [ 8.506975   -8.208511  ]
 [ 6.8374414  -6.5346417 ]
 [ 8.506975   -8.208511  ]
 [ 6.8374414  -6.5346417 ]
 [ 0.43799335 -0.1340819 ]
 [ 0.84166205 -0.5422468 ]
 [ 6.8374414  -6.5346417 ]]
2025-12-21 21:43:56,351 - [INFO] - ------------------------------------------------------------
2025-12-21 21:43:56,351 - [INFO] - On Validation Set:
	Accuracy of RRL  Model: 0.9087767795438839
	F1 Score of RRL  Model: 0.7423182774809778
2025-12-21 21:43:56,357 - [INFO] - On Validation Set:
Performance of  RRL Model: 
[[1239   47]
 [  85   76]]
              precision    recall  f1-score   support

           0       0.94      0.96      0.95      1286
           1       0.62      0.47      0.54       161

    accuracy                           0.91      1447
   macro avg       0.78      0.72      0.74      1447
weighted avg       0.90      0.91      0.90      1447

2025-12-21 21:43:56,357 - [INFO] - ------------------------------------------------------------
2025-12-21 21:43:56,892 - [INFO] - epoch: 40, loss_rrl: 106.36465140804648
2025-12-21 21:43:58,410 - [DEBUG] - y_true: (1447,) [0 0 0 0 0 1 0 0 0 0 0 0 0 0 0 0 0 1 0 0 0 0 0 0 1 0 0 0 0 0 0 0 0 0 0 0 0
 0 1 1 0]
2025-12-21 21:43:58,559 - [DEBUG] - y_rrl_: (1447,) [0 1 0 0 0 1 0 0 0 0 0 0 0 0 0 0 0 0 0 0 0 0 0 0 1 0 0 0 0 0 0 0 0 1 0 0 0
 0 0 0 0]
2025-12-21 21:43:58,560 - [DEBUG] - y_rrl: (1447, 2) [[ 8.238421   -7.9466844 ]
 [-0.67245555  0.9681703 ]
 [ 5.243056   -4.9458227 ]
 [ 6.228967   -5.9310474 ]
 [ 7.2525096  -6.9614596 ]
 [-0.09866445  0.3977086 ]
 [ 8.238421   -7.9466844 ]
 [ 6.6590796  -6.363128  ]
 [ 8.238421   -7.9466844 ]
 [ 3.6222017  -3.328709  ]
 [ 2.3310347  -2.0366285 ]
 [ 4.3820004  -4.085823  ]
 [ 6.3441935  -6.047392  ]
 [ 6.3441935  -6.047392  ]
 [ 7.330105   -7.0326166 ]
 [ 6.3163395  -6.020355  ]
 [ 7.7602177  -7.464697  ]
 [ 2.3310347  -2.0366285 ]
 [ 4.8440995  -4.5492053 ]
 [ 4.8504267  -4.5496597 ]
 [ 7.808308   -7.514604  ]
 [ 6.3441935  -6.047392  ]
 [ 6.8223968  -6.5293794 ]
 [ 7.330105   -7.0326166 ]
 [-1.1124289   1.4099705 ]
 [ 1.9287752  -1.6315851 ]
 [ 2.9399993  -2.6438696 ]
 [ 6.228967   -5.9310474 ]
 [ 4.965653   -4.6660037 ]
 [ 7.330105   -7.0326166 ]
 [ 8.238421   -7.9466844 ]
 [ 3.9518883  -3.6537428 ]
 [ 1.9009221  -1.6045479 ]
 [-0.1861268   0.4822456 ]
 [ 7.2525096  -6.9614596 ]
 [ 6.6590796  -6.363128  ]
 [ 6.8223968  -6.5293794 ]
 [ 6.228967   -5.9310474 ]
 [ 1.7099885  -1.4157591 ]
 [ 0.69622415 -0.4034971 ]
 [ 6.6590796  -6.363128  ]]
2025-12-21 21:43:58,562 - [INFO] - ------------------------------------------------------------
2025-12-21 21:43:58,562 - [INFO] - On Validation Set:
	Accuracy of RRL  Model: 0.9011748445058743
	F1 Score of RRL  Model: 0.7317274918353085
2025-12-21 21:43:58,568 - [INFO] - On Validation Set:
Performance of  RRL Model: 
[[1227   59]
 [  84   77]]
              precision    recall  f1-score   support

           0       0.94      0.95      0.94      1286
           1       0.57      0.48      0.52       161

    accuracy                           0.90      1447
   macro avg       0.75      0.72      0.73      1447
weighted avg       0.89      0.90      0.90      1447

2025-12-21 21:43:58,568 - [INFO] - ------------------------------------------------------------
2025-12-21 21:43:58,819 - [INFO] - epoch: 41, loss_rrl: 106.82601382397115
2025-12-21 21:44:00,451 - [INFO] - epoch: 42, loss_rrl: 106.4865981079638
2025-12-21 21:44:00,507 - [DEBUG] - y_true: (1447,) [0 0 0 0 0 1 0 0 0 0 0 0 0 0 0 0 0 1 0 0 0 0 0 0 1 0 0 0 0 0 0 0 0 0 0 0 0
 0 1 1 0]
2025-12-21 21:44:00,656 - [DEBUG] - y_rrl_: (1447,) [0 0 0 0 0 1 0 0 0 0 0 0 0 0 0 0 0 0 0 0 0 0 0 0 1 0 0 0 0 0 0 0 0 0 0 0 0
 0 0 0 0]
2025-12-21 21:44:00,657 - [DEBUG] - y_rrl: (1447, 2) [[ 8.122011   -7.836825  ]
 [ 0.2501052   0.03860141]
 [ 6.586378   -6.29887   ]
 [ 6.586378   -6.29887   ]
 [ 7.0476213  -6.762023  ]
 [-0.16661927  0.45894623]
 [ 8.122011   -7.836825  ]
 [ 8.122011   -7.836825  ]
 [ 8.122011   -7.836825  ]
 [ 5.1171613  -4.8343163 ]
 [ 1.6424581  -1.3578908 ]
 [ 7.082612   -6.7988725 ]
 [ 7.1711082  -6.8803253 ]
 [ 6.586378   -6.29887   ]
 [ 5.1870008  -4.8987937 ]
 [ 6.621369   -6.335719  ]
 [ 7.0476213  -6.762023  ]
 [ 2.716848   -2.4326928 ]
 [ 4.615869   -4.327578  ]
 [ 5.8101945  -5.5166535 ]
 [ 7.6607676  -7.3736715 ]
 [ 7.6607676  -7.3736715 ]
 [ 7.6607676  -7.3736715 ]
 [ 6.096719   -5.805524  ]
 [-1.2060188   1.4968979 ]
 [ 2.805345   -2.514145  ]
 [ 3.2763467  -2.9905167 ]
 [ 7.1711082  -6.8803253 ]
 [ 6.299854   -6.0099998 ]
 [ 7.1711082  -6.8803253 ]
 [ 8.122011   -7.836825  ]
 [ 6.1317096  -5.842373  ]
 [ 2.2556047  -1.9695392 ]
 [ 2.2556047  -1.9695392 ]
 [ 8.122011   -7.836825  ]
 [ 8.122011   -7.836825  ]
 [ 7.6607676  -7.3736715 ]
 [ 7.1711082  -6.8803253 ]
 [ 2.1451974  -1.8612243 ]
 [ 1.1057978  -0.82327265]
 [ 8.122011   -7.836825  ]]
2025-12-21 21:44:00,659 - [INFO] - ------------------------------------------------------------
2025-12-21 21:44:00,659 - [INFO] - On Validation Set:
	Accuracy of RRL  Model: 0.9018659295093296
	F1 Score of RRL  Model: 0.6935785015509425
2025-12-21 21:44:00,665 - [INFO] - On Validation Set:
Performance of  RRL Model: 
[[1249   37]
 [ 105   56]]
              precision    recall  f1-score   support

           0       0.92      0.97      0.95      1286
           1       0.60      0.35      0.44       161

    accuracy                           0.90      1447
   macro avg       0.76      0.66      0.69      1447
weighted avg       0.89      0.90      0.89      1447

2025-12-21 21:44:00,665 - [INFO] - ------------------------------------------------------------
2025-12-21 21:44:02,296 - [INFO] - epoch: 43, loss_rrl: 107.3127683904022
2025-12-21 21:44:02,639 - [DEBUG] - y_true: (1447,) [0 0 0 0 0 1 0 0 0 0 0 0 0 0 0 0 0 1 0 0 0 0 0 0 1 0 0 0 0 0 0 0 0 0 0 0 0
 0 1 1 0]
2025-12-21 21:44:02,789 - [DEBUG] - y_rrl_: (1447,) [0 1 0 0 0 1 0 0 0 0 0 0 0 0 0 0 0 0 0 0 0 0 0 0 1 1 0 0 0 0 0 0 0 0 0 0 0
 0 1 1 0]
2025-12-21 21:44:02,790 - [DEBUG] - y_rrl: (1447, 2) [[ 7.5990453  -7.32023   ]
 [-0.29763404  0.57993925]
 [ 4.5990906  -4.3150735 ]
 [ 5.5734687  -5.2888093 ]
 [ 5.5592856  -5.280717  ]
 [-2.2446392   2.5294282 ]
 [ 7.5990453  -7.32023   ]
 [ 7.099948   -6.817539  ]
 [ 7.5990453  -7.32023   ]
 [ 4.0894704  -3.809294  ]
 [ 1.6820072  -1.3987639 ]
 [ 5.04501    -4.764639  ]
 [ 5.664472   -5.3808494 ]
 [ 5.060189   -4.778026  ]
 [ 7.099948   -6.817539  ]
 [ 5.558291   -5.2754216 ]
 [ 6.034567   -5.7517624 ]
 [ 1.6668292  -1.3853767 ]
 [ 4.054925   -3.7730596 ]
 [ 5.757866   -5.4727855 ]
 [ 7.1379476  -6.8572764 ]
 [ 6.12557    -5.843803  ]
 [ 6.163569   -5.88354   ]
 [ 6.034567   -5.7517624 ]
 [-3.3251982   3.6085925 ]
 [-0.1914532   0.47451118]
 [ 3.566237   -3.2858243 ]
 [ 7.099948   -6.817539  ]
 [ 4.783488   -4.499049  ]
 [ 7.099948   -6.817539  ]
 [ 7.5990453  -7.32023   ]
 [ 4.583913   -4.3016853 ]
 [ 2.286291   -2.0015872 ]
 [ 0.23135354  0.05131296]
 [ 6.6246667  -6.3464937 ]
 [ 7.099948   -6.817539  ]
 [ 6.163569   -5.88354   ]
 [ 7.099948   -6.817539  ]
 [-1.3607342   1.6432773 ]
 [-0.01865203  0.29852393]
 [ 7.099948   -6.817539  ]]
2025-12-21 21:44:02,792 - [INFO] - ------------------------------------------------------------
2025-12-21 21:44:02,792 - [INFO] - On Validation Set:
	Accuracy of RRL  Model: 0.902557014512785
	F1 Score of RRL  Model: 0.7516182244270627
2025-12-21 21:44:02,798 - [INFO] - On Validation Set:
Performance of  RRL Model: 
[[1217   69]
 [  72   89]]
              precision    recall  f1-score   support

           0       0.94      0.95      0.95      1286
           1       0.56      0.55      0.56       161

    accuracy                           0.90      1447
   macro avg       0.75      0.75      0.75      1447
weighted avg       0.90      0.90      0.90      1447

2025-12-21 21:44:02,798 - [INFO] - ------------------------------------------------------------
2025-12-21 21:44:04,215 - [INFO] - epoch: 44, loss_rrl: 107.67374756000936
2025-12-21 21:44:04,855 - [DEBUG] - y_true: (1447,) [0 0 0 0 0 1 0 0 0 0 0 0 0 0 0 0 0 1 0 0 0 0 0 0 1 0 0 0 0 0 0 0 0 0 0 0 0
 0 1 1 0]
2025-12-21 21:44:05,005 - [DEBUG] - y_rrl_: (1447,) [0 0 0 0 0 1 0 0 0 0 0 0 0 0 0 0 0 0 0 0 0 0 0 0 1 0 0 0 0 0 0 0 0 0 0 0 0
 0 1 1 0]
2025-12-21 21:44:05,006 - [DEBUG] - y_rrl: (1447, 2) [[ 7.710584   -7.437964  ]
 [ 1.3591127  -1.0850459 ]
 [ 6.1344986  -5.857998  ]
 [ 6.1344986  -5.857998  ]
 [ 7.710584   -7.437964  ]
 [-0.59709615  0.8765409 ]
 [ 7.710584   -7.437964  ]
 [ 6.7773705  -6.499446  ]
 [ 7.710584   -7.437964  ]
 [ 3.7587042  -3.4829047 ]
 [ 2.442507   -2.164117  ]
 [ 6.1330214  -5.8582425 ]
 [ 7.222908   -6.9467845 ]
 [ 7.222908   -6.9467845 ]
 [ 7.222908   -6.9467845 ]
 [ 5.687484   -5.4109035 ]
 [ 6.7773705  -6.499446  ]
 [ 1.3526196  -1.0755744 ]
 [ 4.2012815  -3.9256618 ]
 [ 5.9067106  -5.6279974 ]
 [ 7.2650466  -6.9906254 ]
 [ 7.222908   -6.9467845 ]
 [ 7.2650466  -6.9906254 ]
 [ 7.222908   -6.9467845 ]
 [-1.6869838   1.9650837 ]
 [ 2.442507   -2.164117  ]
 [ 4.1615124  -3.889076  ]
 [ 7.222908   -6.9467845 ]
 [ 5.9067106  -5.6279974 ]
 [ 7.222908   -6.9467845 ]
 [ 7.710584   -7.437964  ]
 [ 5.687484   -5.4109035 ]
 [ 2.442507   -2.164117  ]
 [ 1.3526196  -1.0755744 ]
 [ 7.710584   -7.437964  ]
 [ 6.7773705  -6.499446  ]
 [ 7.2650466  -6.9906254 ]
 [ 7.222908   -6.9467845 ]
 [-0.59709615  0.8765409 ]
 [-0.37078658  0.6462963 ]
 [ 6.7773705  -6.499446  ]]
2025-12-21 21:44:05,008 - [INFO] - ------------------------------------------------------------
2025-12-21 21:44:05,008 - [INFO] - On Validation Set:
	Accuracy of RRL  Model: 0.9094678645473393
	F1 Score of RRL  Model: 0.7401851737631667
2025-12-21 21:44:05,014 - [INFO] - On Validation Set:
Performance of  RRL Model: 
[[1242   44]
 [  87   74]]
              precision    recall  f1-score   support

           0       0.93      0.97      0.95      1286
           1       0.63      0.46      0.53       161

    accuracy                           0.91      1447
   macro avg       0.78      0.71      0.74      1447
weighted avg       0.90      0.91      0.90      1447

2025-12-21 21:44:05,014 - [INFO] - ------------------------------------------------------------
2025-12-21 21:44:06,146 - [INFO] - epoch: 45, loss_rrl: 107.6994953379035
2025-12-21 21:44:07,055 - [DEBUG] - y_true: (1447,) [0 0 0 0 0 1 0 0 0 0 0 0 0 0 0 0 0 1 0 0 0 0 0 0 1 0 0 0 0 0 0 0 0 0 0 0 0
 0 1 1 0]
2025-12-21 21:44:07,205 - [DEBUG] - y_rrl_: (1447,) [0 0 0 0 0 0 0 0 0 0 0 0 0 0 0 0 0 0 0 0 0 0 0 0 1 0 0 0 0 0 0 0 0 0 0 0 0
 0 0 0 0]
2025-12-21 21:44:07,206 - [DEBUG] - y_rrl: (1447, 2) [[ 8.2586679e+00 -7.9918609e+00]
 [ 4.7568285e-01 -2.0529032e-01]
 [ 6.2647791e+00 -5.9924469e+00]
 [ 7.3249769e+00 -7.0528522e+00]
 [ 8.2586679e+00 -7.9918609e+00]
 [ 1.0808032e+00 -8.0753601e-01]
 [ 9.3188658e+00 -9.0522661e+00]
 [ 7.7492571e+00 -7.4788823e+00]
 [ 9.3188658e+00 -9.0522661e+00]
 [ 4.7118549e+00 -4.4435062e+00]
 [ 3.4406412e+00 -3.1714377e+00]
 [ 6.4780436e+00 -6.2068148e+00]
 [ 8.4174919e+00 -8.1457281e+00]
 [ 7.7815752e+00 -7.5113525e+00]
 [ 8.8417730e+00 -8.5717573e+00]
 [ 6.2728467e+00 -6.0021729e+00]
 [ 7.7815752e+00 -7.5113525e+00]
 [ 3.4406412e+00 -3.1714377e+00]
 [ 4.8246841e+00 -4.5549307e+00]
 [ 6.4699755e+00 -6.1970887e+00]
 [ 8.8945847e+00 -8.6262360e+00]
 [ 7.7815752e+00 -7.5113525e+00]
 [ 7.8343873e+00 -7.5658312e+00]
 [ 7.7815752e+00 -7.5113525e+00]
 [-3.6444850e-03  2.7561492e-01]
 [ 2.6526461e+00 -2.3813169e+00]
 [ 7.3330441e+00 -7.0625782e+00]
 [ 7.7492571e+00 -7.4788823e+00]
 [ 7.5624914e+00 -7.2899647e+00]
 [ 8.8417730e+00 -8.5717573e+00]
 [ 9.3188658e+00 -9.0522661e+00]
 [ 6.0537624e+00 -5.7807851e+00]
 [ 3.0163605e+00 -2.7454081e+00]
 [ 1.9238449e+00 -1.6525321e+00]
 [ 9.3188658e+00 -9.0522661e+00]
 [ 7.7492571e+00 -7.4788823e+00]
 [ 7.8343873e+00 -7.5658312e+00]
 [ 6.6890597e+00 -6.4184771e+00]
 [ 4.2063603e-01 -1.5041471e-01]
 [ 1.6999177e+00 -1.4322078e+00]
 [ 6.6890597e+00 -6.4184771e+00]]
2025-12-21 21:44:07,208 - [INFO] - ------------------------------------------------------------
2025-12-21 21:44:07,208 - [INFO] - On Validation Set:
	Accuracy of RRL  Model: 0.9004837595024188
	F1 Score of RRL  Model: 0.6487295678912446
2025-12-21 21:44:07,214 - [INFO] - On Validation Set:
Performance of  RRL Model: 
[[1264   22]
 [ 122   39]]
              precision    recall  f1-score   support

           0       0.91      0.98      0.95      1286
           1       0.64      0.24      0.35       161

    accuracy                           0.90      1447
   macro avg       0.78      0.61      0.65      1447
weighted avg       0.88      0.90      0.88      1447

2025-12-21 21:44:07,214 - [INFO] - ------------------------------------------------------------
2025-12-21 21:44:08,048 - [INFO] - epoch: 46, loss_rrl: 106.59819223545492
2025-12-21 21:44:09,209 - [DEBUG] - y_true: (1447,) [0 0 0 0 0 1 0 0 0 0 0 0 0 0 0 0 0 1 0 0 0 0 0 0 1 0 0 0 0 0 0 0 0 0 0 0 0
 0 1 1 0]
2025-12-21 21:44:09,357 - [DEBUG] - y_rrl_: (1447,) [0 1 0 0 0 1 0 0 0 0 0 0 0 0 0 0 0 0 0 0 0 0 0 0 1 0 0 0 0 0 0 0 0 0 0 0 0
 0 0 0 0]
2025-12-21 21:44:09,358 - [DEBUG] - y_rrl: (1447, 2) [[ 8.575097   -8.314334  ]
 [-0.2928182   0.5573291 ]
 [ 5.730616   -5.465059  ]
 [ 6.5528426  -6.2867026 ]
 [ 7.752871   -7.4926896 ]
 [-1.0904052   1.3568074 ]
 [ 8.575097   -8.314334  ]
 [ 6.9817634  -6.717323  ]
 [ 8.575097   -8.314334  ]
 [ 3.9586976  -3.6961873 ]
 [ 1.5913326  -1.3276422 ]
 [ 4.9073243  -4.642631  ]
 [ 6.8457675  -6.5805564 ]
 [ 6.8457675  -6.5805564 ]
 [ 5.702726   -5.4390616 ]
 [ 6.590752   -6.3262105 ]
 [ 8.096914   -7.8328204 ]
 [ 2.7064846  -2.4431396 ]
 [ 5.1355224  -4.8718605 ]
 [ 5.2627187  -4.994147  ]
 [ 8.146176   -7.8837132 ]
 [ 6.8457675  -6.5805564 ]
 [ 7.3239503  -7.0620694 ]
 [ 7.667994   -7.4022    ]
 [-2.1676462   2.4327965 ]
 [ 1.0773484  -0.81251365]
 [ 3.335361   -3.0705166 ]
 [ 6.5528426  -6.2867026 ]
 [ 5.5556445  -5.288     ]
 [ 7.667994   -7.4022    ]
 [ 8.575097   -8.314334  ]
 [ 5.7685266  -5.5045667 ]
 [ 2.2775636  -2.0125191 ]
 [ 0.3401859  -0.07537764]
 [ 7.752871   -7.4926896 ]
 [ 6.9817634  -6.717323  ]
 [ 7.3239503  -7.0620694 ]
 [ 6.5528426  -6.2867026 ]
 [ 0.7937462  -0.52816343]
 [ 1.0066284  -0.7447307 ]
 [ 6.9817634  -6.717323  ]]
2025-12-21 21:44:09,360 - [INFO] - ------------------------------------------------------------
2025-12-21 21:44:09,360 - [INFO] - On Validation Set:
	Accuracy of RRL  Model: 0.8963372494816862
	F1 Score of RRL  Model: 0.6873919806429312
2025-12-21 21:44:09,366 - [INFO] - On Validation Set:
Performance of  RRL Model: 
[[1240   46]
 [ 104   57]]
              precision    recall  f1-score   support

           0       0.92      0.96      0.94      1286
           1       0.55      0.35      0.43       161

    accuracy                           0.90      1447
   macro avg       0.74      0.66      0.69      1447
weighted avg       0.88      0.90      0.89      1447

2025-12-21 21:44:09,366 - [INFO] - ------------------------------------------------------------
2025-12-21 21:44:09,958 - [INFO] - epoch: 47, loss_rrl: 106.454899802804
2025-12-21 21:44:11,322 - [DEBUG] - y_true: (1447,) [0 0 0 0 0 1 0 0 0 0 0 0 0 0 0 0 0 1 0 0 0 0 0 0 1 0 0 0 0 0 0 0 0 0 0 0 0
 0 1 1 0]
2025-12-21 21:44:11,506 - [DEBUG] - y_rrl_: (1447,) [0 0 0 0 0 0 0 0 0 0 0 0 0 0 0 0 0 0 0 0 0 0 0 0 1 0 0 0 0 0 0 0 0 0 0 0 0
 0 1 0 0]
2025-12-21 21:44:11,506 - [DEBUG] - y_rrl: (1447, 2) [[ 7.6191845  -7.3638973 ]
 [ 0.906189   -0.64772475]
 [ 3.5358572  -3.2735434 ]
 [ 5.3661065  -5.10342   ]
 [ 6.8174067  -6.562682  ]
 [ 0.5195316  -0.2580639 ]
 [ 8.6476555  -8.392559  ]
 [ 6.8813777  -6.620674  ]
 [ 8.6476555  -8.392559  ]
 [ 3.8869567  -3.628093  ]
 [ 3.8869567  -3.628093  ]
 [ 4.974153   -4.715219  ]
 [ 6.9400954  -6.6806617 ]
 [ 5.911624   -5.6520004 ]
 [ 7.7418733  -7.481877  ]
 [ 5.607955   -5.3489757 ]
 [ 5.8529067  -5.592013  ]
 [ 2.7815096  -2.5238538 ]
 [ 4.146579   -3.8884423 ]
 [ 6.4674335  -6.205078  ]
 [ 8.23371    -7.9769626 ]
 [ 5.911624   -5.6520004 ]
 [ 6.403462   -6.147086  ]
 [ 6.713402   -6.453215  ]
 [-2.0472915   2.3067083 ]
 [ 2.6712341  -2.411282  ]
 [ 3.3960364  -3.136919  ]
 [ 7.7418733  -7.481877  ]
 [ 5.6656556  -5.403863  ]
 [ 6.4674335  -6.205078  ]
 [ 8.6476555  -8.392559  ]
 [ 4.560209   -4.299623  ]
 [ 3.473012   -3.212497  ]
 [ 1.5657871  -1.3070428 ]
 [ 7.845878   -7.5913434 ]
 [ 6.8813777  -6.620674  ]
 [ 6.403462   -6.147086  ]
 [ 6.713402   -6.453215  ]
 [-0.17197093  0.43057922]
 [ 1.1024686  -0.8462194 ]
 [ 5.8529067  -5.592013  ]]
2025-12-21 21:44:11,508 - [INFO] - ------------------------------------------------------------
2025-12-21 21:44:11,509 - [INFO] - On Validation Set:
	Accuracy of RRL  Model: 0.8963372494816862
	F1 Score of RRL  Model: 0.6667986883796331
2025-12-21 21:44:11,515 - [INFO] - On Validation Set:
Performance of  RRL Model: 
[[1249   37]
 [ 113   48]]
              precision    recall  f1-score   support

           0       0.92      0.97      0.94      1286
           1       0.56      0.30      0.39       161

    accuracy                           0.90      1447
   macro avg       0.74      0.63      0.67      1447
weighted avg       0.88      0.90      0.88      1447

2025-12-21 21:44:11,515 - [INFO] - ------------------------------------------------------------
2025-12-21 21:44:11,769 - [INFO] - epoch: 48, loss_rrl: 106.82697249762714
2025-12-21 21:44:13,343 - [INFO] - epoch: 49, loss_rrl: 107.28505193442106
2025-12-21 21:44:13,365 - [DEBUG] - y_true: (1447,) [0 0 0 0 0 1 0 0 0 0 0 0 0 0 0 0 0 1 0 0 0 0 0 0 1 0 0 0 0 0 0 0 0 0 0 0 0
 0 1 1 0]
2025-12-21 21:44:13,548 - [DEBUG] - y_rrl_: (1447,) [0 1 0 0 0 1 0 0 0 0 0 0 0 0 0 0 0 0 0 0 0 0 0 0 1 0 0 0 0 0 0 0 0 1 0 0 0
 0 0 0 0]
2025-12-21 21:44:13,548 - [DEBUG] - y_rrl: (1447, 2) [[ 7.5959797  -7.3464546 ]
 [-1.7937231   2.046436  ]
 [ 4.211918   -3.958304  ]
 [ 5.002561   -4.7484035 ]
 [ 5.700562   -5.4512625 ]
 [-0.4100375   0.6657853 ]
 [ 7.5959797  -7.3464546 ]
 [ 5.002561   -4.7484035 ]
 [ 7.5959797  -7.3464546 ]
 [ 2.0578957  -1.8054926 ]
 [ 0.6795047  -0.4271294 ]
 [ 5.197009   -4.946026  ]
 [ 6.314384   -6.0622363 ]
 [ 4.7910275  -4.5369563 ]
 [ 4.722941   -4.470582  ]
 [ 5.5690703  -5.315938  ]
 [ 6.000253   -5.7472425 ]
 [ 1.7842789  -1.5322225 ]
 [ 4.093534   -3.8412116 ]
 [ 3.7438543  -3.487412  ]
 [ 7.1773973  -6.9262676 ]
 [ 5.8958015  -5.6420493 ]
 [ 6.3867536  -6.1361685 ]
 [ 5.581671   -5.3270555 ]
 [-1.5274131   1.7819963 ]
 [ 1.6924286  -1.4381467 ]
 [ 2.7654407  -2.513567  ]
 [ 4.583979   -4.3282166 ]
 [ 4.6370945  -4.3810577 ]
 [ 7.1050277  -6.8523355 ]
 [ 7.5959797  -7.3464546 ]
 [ 4.7784266  -4.525839  ]
 [ 1.3656967  -1.1120353 ]
 [-1.5274131   1.7819963 ]
 [ 6.8053365  -6.5563555 ]
 [ 5.002561   -4.7484035 ]
 [ 6.3867536  -6.1361685 ]
 [ 4.583979   -4.3282166 ]
 [ 1.2672518  -1.0153933 ]
 [ 0.14987612  0.10081767]
 [ 5.002561   -4.7484035 ]]
2025-12-21 21:44:13,551 - [INFO] - ------------------------------------------------------------
2025-12-21 21:44:13,551 - [INFO] - On Validation Set:
	Accuracy of RRL  Model: 0.8901174844505875
	F1 Score of RRL  Model: 0.7288003932325341
2025-12-21 21:44:13,558 - [INFO] - On Validation Set:
Performance of  RRL Model: 
[[1202   84]
 [  75   86]]
              precision    recall  f1-score   support

           0       0.94      0.93      0.94      1286
           1       0.51      0.53      0.52       161

    accuracy                           0.89      1447
   macro avg       0.72      0.73      0.73      1447
weighted avg       0.89      0.89      0.89      1447

2025-12-21 21:44:13,558 - [INFO] - ------------------------------------------------------------
2025-12-21 21:44:15,133 - [INFO] - epoch: 50, loss_rrl: 106.59896321967244
2025-12-21 21:44:15,388 - [DEBUG] - y_true: (1447,) [0 0 0 0 0 1 0 0 0 0 0 0 0 0 0 0 0 1 0 0 0 0 0 0 1 0 0 0 0 0 0 0 0 0 0 0 0
 0 1 1 0]
2025-12-21 21:44:15,554 - [DEBUG] - y_rrl_: (1447,) [0 1 0 0 0 1 0 0 0 0 0 0 0 0 0 0 0 0 0 0 0 0 0 0 1 0 0 0 0 0 0 0 0 0 0 0 0
 0 1 0 0]
2025-12-21 21:44:15,555 - [DEBUG] - y_rrl: (1447, 2) [[ 6.622678   -6.378433  ]
 [-0.18964508  0.43699786]
 [ 3.7694252  -3.5207527 ]
 [ 5.5709085  -5.321885  ]
 [ 4.7021484  -4.4581246 ]
 [-1.9391263   2.1884933 ]
 [ 7.611336   -7.3672676 ]
 [ 7.1005354  -6.8533792 ]
 [ 7.611336   -7.3672676 ]
 [ 4.142347   -3.8968637 ]
 [ 0.5987869  -0.35191014]
 [ 3.851854   -3.6041384 ]
 [ 4.9023747  -4.658052  ]
 [ 4.2802258  -4.034641  ]
 [ 7.1894135  -6.9437847 ]
 [ 5.450044   -5.2069244 ]
 [ 5.004173   -4.7565346 ]
 [ 1.7064906  -1.4599204 ]
 [ 3.4650304  -3.2196007 ]
 [ 5.4153895  -5.1644626 ]
 [ 7.611336   -7.3672676 ]
 [ 5.38793    -5.142652  ]
 [ 5.38793    -5.142652  ]
 [ 5.093051   -4.846939  ]
 [-3.1117597   3.360003  ]
 [ 0.17016295  0.0777863 ]
 [ 3.5364492  -3.290706  ]
 [ 7.1894135  -6.9437847 ]
 [ 4.602565   -4.3521643 ]
 [ 6.6786127  -6.4298964 ]
 [ 7.611336   -7.3672676 ]
 [ 4.693154   -4.446089  ]
 [ 1.284568   -1.0364373 ]
 [ 0.47174278 -0.22413912]
 [ 6.798511   -6.55497   ]
 [ 7.1005354  -6.8533792 ]
 [ 5.38793    -5.142652  ]
 [ 6.200755   -5.9549503 ]
 [-1.2156239   1.4630842 ]
 [ 0.55839986 -0.31623828]
 [ 6.111877   -5.864545  ]]
2025-12-21 21:44:15,557 - [INFO] - ------------------------------------------------------------
2025-12-21 21:44:15,557 - [INFO] - On Validation Set:
	Accuracy of RRL  Model: 0.9018659295093296
	F1 Score of RRL  Model: 0.7621630506245891
2025-12-21 21:44:15,563 - [INFO] - On Validation Set:
Performance of  RRL Model: 
[[1207   79]
 [  63   98]]
              precision    recall  f1-score   support

           0       0.95      0.94      0.94      1286
           1       0.55      0.61      0.58       161

    accuracy                           0.90      1447
   macro avg       0.75      0.77      0.76      1447
weighted avg       0.91      0.90      0.90      1447

2025-12-21 21:44:15,563 - [INFO] - ------------------------------------------------------------
2025-12-21 21:44:16,758 - [INFO] - epoch: 51, loss_rrl: 107.46974709630013
2025-12-21 21:44:17,241 - [DEBUG] - y_true: (1447,) [0 0 0 0 0 1 0 0 0 0 0 0 0 0 0 0 0 1 0 0 0 0 0 0 1 0 0 0 0 0 0 0 0 0 0 0 0
 0 1 1 0]
2025-12-21 21:44:17,410 - [DEBUG] - y_rrl_: (1447,) [0 0 0 0 0 1 0 0 0 0 0 0 0 0 0 0 0 0 0 0 0 0 0 0 1 0 0 0 0 0 0 0 0 0 0 0 0
 0 1 1 0]
2025-12-21 21:44:17,410 - [DEBUG] - y_rrl: (1447, 2) [[ 8.1247425  -7.88596   ]
 [ 1.2727379  -1.0308764 ]
 [ 6.0502315  -5.8066254 ]
 [ 6.0502315  -5.8066254 ]
 [ 8.1247425  -7.88596   ]
 [-0.01307014  0.25779   ]
 [ 8.1247425  -7.88596   ]
 [ 7.16184    -6.918529  ]
 [ 8.1247425  -7.88596   ]
 [ 4.214217   -3.9725022 ]
 [ 2.9735703  -2.72971   ]
 [ 5.9211936  -5.675737  ]
 [ 5.6769333  -5.434369  ]
 [ 7.577563   -7.33577   ]
 [ 7.577563   -7.33577   ]
 [ 5.987462   -5.745234  ]
 [ 7.16184    -6.918529  ]
 [ 2.9735703  -2.72971   ]
 [ 4.502554   -4.261073  ]
 [ 6.336916   -6.092978  ]
 [ 7.709019   -7.468719  ]
 [ 7.577563   -7.33577   ]
 [ 7.709019   -7.468719  ]
 [ 7.577563   -7.33577   ]
 [-0.01307014  0.25779   ]
 [ 1.488663   -1.2455497 ]
 [ 3.9982932  -3.7578297 ]
 [ 7.577563   -7.33577   ]
 [ 6.336916   -6.092978  ]
 [ 7.577563   -7.33577   ]
 [ 8.1247425  -7.88596   ]
 [ 5.987462   -5.745234  ]
 [ 2.9735703  -2.72971   ]
 [ 1.7991924  -1.5564146 ]
 [ 8.1247425  -7.88596   ]
 [ 7.16184    -6.918529  ]
 [ 7.709019   -7.468719  ]
 [ 7.577563   -7.33577   ]
 [-0.01307014  0.25779   ]
 [ 0.05319866  0.18829335]
 [ 7.16184    -6.918529  ]]
2025-12-21 21:44:17,412 - [INFO] - ------------------------------------------------------------
2025-12-21 21:44:17,412 - [INFO] - On Validation Set:
	Accuracy of RRL  Model: 0.9032480995162405
	F1 Score of RRL  Model: 0.712149458344227
2025-12-21 21:44:17,418 - [INFO] - On Validation Set:
Performance of  RRL Model: 
[[1243   43]
 [  97   64]]
              precision    recall  f1-score   support

           0       0.93      0.97      0.95      1286
           1       0.60      0.40      0.48       161

    accuracy                           0.90      1447
   macro avg       0.76      0.68      0.71      1447
weighted avg       0.89      0.90      0.89      1447

2025-12-21 21:44:17,418 - [INFO] - ------------------------------------------------------------
2025-12-21 21:44:18,417 - [INFO] - epoch: 52, loss_rrl: 107.03109683282673
2025-12-21 21:44:19,156 - [DEBUG] - y_true: (1447,) [0 0 0 0 0 1 0 0 0 0 0 0 0 0 0 0 0 1 0 0 0 0 0 0 1 0 0 0 0 0 0 0 0 0 0 0 0
 0 1 1 0]
2025-12-21 21:44:19,327 - [DEBUG] - y_rrl_: (1447,) [0 1 0 0 0 1 0 0 0 0 0 0 0 0 0 0 0 0 0 0 0 0 0 0 1 0 0 0 0 0 0 0 0 0 0 0 0
 0 1 0 0]
2025-12-21 21:44:19,328 - [DEBUG] - y_rrl: (1447, 2) [[ 8.346451   -8.112838  ]
 [-0.48628625  0.7233817 ]
 [ 6.29771    -6.0594015 ]
 [ 6.29771    -6.0594015 ]
 [ 8.346451   -8.112838  ]
 [-1.1867765   1.4254688 ]
 [ 8.346451   -8.112838  ]
 [ 6.29771    -6.0594015 ]
 [ 8.346451   -8.112838  ]
 [ 3.3550985  -3.1183162 ]
 [ 2.0449815  -1.8074516 ]
 [ 4.987592   -4.748537  ]
 [ 6.4777775  -6.243405  ]
 [ 7.9301157  -7.6950254 ]
 [ 7.9301157  -7.6950254 ]
 [ 6.7510195  -6.5169764 ]
 [ 7.376639   -7.138613  ]
 [ 2.0449815  -1.8074516 ]
 [ 4.745204   -4.5089436 ]
 [ 5.0877595  -4.8473744 ]
 [ 7.9301157  -7.6950254 ]
 [ 7.9301157  -7.6950254 ]
 [ 7.9301157  -7.6950254 ]
 [ 7.9301157  -7.6950254 ]
 [-2.3658724   2.6035185 ]
 [ 1.7717389  -1.5338799 ]
 [ 4.987592   -4.748537  ]
 [ 6.8511868  -6.6158133 ]
 [ 6.1666884  -5.926586  ]
 [ 7.376639   -7.138613  ]
 [ 8.346451   -8.112838  ]
 [ 6.1975427  -5.960564  ]
 [ 2.0449815  -1.8074516 ]
 [ 0.96605223 -0.72823983]
 [ 8.346451   -8.112838  ]
 [ 6.29771    -6.0594015 ]
 [ 7.9301157  -7.6950254 ]
 [ 6.8511868  -6.6158133 ]
 [-0.91353375  1.1518971 ]
 [ 0.8498937  -0.61654216]
 [ 6.29771    -6.0594015 ]]
2025-12-21 21:44:19,330 - [INFO] - ------------------------------------------------------------
2025-12-21 21:44:19,330 - [INFO] - On Validation Set:
	Accuracy of RRL  Model: 0.899101589495508
	F1 Score of RRL  Model: 0.7018095076784101
2025-12-21 21:44:19,336 - [INFO] - On Validation Set:
Performance of  RRL Model: 
[[1239   47]
 [  99   62]]
              precision    recall  f1-score   support

           0       0.93      0.96      0.94      1286
           1       0.57      0.39      0.46       161

    accuracy                           0.90      1447
   macro avg       0.75      0.67      0.70      1447
weighted avg       0.89      0.90      0.89      1447

2025-12-21 21:44:19,336 - [INFO] - ------------------------------------------------------------
2025-12-21 21:44:20,072 - [INFO] - epoch: 53, loss_rrl: 107.32636469975114
2025-12-21 21:44:21,044 - [DEBUG] - y_true: (1447,) [0 0 0 0 0 1 0 0 0 0 0 0 0 0 0 0 0 1 0 0 0 0 0 0 1 0 0 0 0 0 0 0 0 0 0 0 0
 0 1 1 0]
2025-12-21 21:44:21,207 - [DEBUG] - y_rrl_: (1447,) [0 0 0 0 0 1 0 0 0 0 0 0 0 0 0 0 0 0 0 0 0 0 0 0 1 0 0 0 0 0 0 0 0 1 0 0 0
 0 0 0 0]
2025-12-21 21:44:21,207 - [DEBUG] - y_rrl: (1447, 2) [[ 8.0985603e+00 -7.8699551e+00]
 [ 2.3280372e-01 -9.1866404e-04]
 [ 5.1796203e+00 -4.9469204e+00]
 [ 6.0344687e+00 -5.8012915e+00]
 [ 7.2437119e+00 -7.0155840e+00]
 [-1.4491754e+00  1.6827542e+00]
 [ 8.0985603e+00 -7.8699551e+00]
 [ 6.4637575e+00 -6.2320175e+00]
 [ 8.0985603e+00 -7.8699551e+00]
 [ 3.5355508e+00 -3.3052666e+00]
 [ 2.3619320e+00 -2.1326554e+00]
 [ 5.4961777e+00 -5.2661953e+00]
 [ 6.8144231e+00 -6.5848570e+00]
 [ 6.8144231e+00 -6.5848570e+00]
 [ 7.6692719e+00 -7.4392281e+00]
 [ 6.4956536e+00 -6.2666168e+00]
 [ 7.5246444e+00 -7.2931776e+00]
 [ 3.4228194e+00 -3.1938150e+00]
 [ 4.4920249e+00 -4.2608161e+00]
 [ 4.8156805e+00 -4.5804892e+00]
 [ 7.6692719e+00 -7.4392281e+00]
 [ 6.8144231e+00 -6.5848570e+00]
 [ 6.8144231e+00 -6.5848570e+00]
 [ 7.6692719e+00 -7.4392281e+00]
 [-2.6227951e+00  2.8553653e+00]
 [ 6.6379994e-01 -4.3150207e-01]
 [ 2.7234042e+00 -2.4911022e+00]
 [ 6.6083846e+00 -6.3780689e+00]
 [ 5.0217190e+00 -4.7872772e+00]
 [ 7.0953555e+00 -6.8624506e+00]
 [ 8.0985603e+00 -7.8699551e+00]
 [ 5.0668888e+00 -4.8354683e+00]
 [ 1.7747421e+00 -1.5422860e+00]
 [-1.4099362e-01  3.7324467e-01]
 [ 7.2437119e+00 -7.0155840e+00]
 [ 6.4637575e+00 -6.2320175e+00]
 [ 6.8144231e+00 -6.5848570e+00]
 [ 6.6083846e+00 -6.3780689e+00]
 [ 1.6286139e+00 -1.3977982e+00]
 [ 1.0289114e+00 -8.0196482e-01]
 [ 6.4637575e+00 -6.2320175e+00]]
2025-12-21 21:44:21,209 - [INFO] - ------------------------------------------------------------
2025-12-21 21:44:21,209 - [INFO] - On Validation Set:
	Accuracy of RRL  Model: 0.9067035245335177
	F1 Score of RRL  Model: 0.7421096197488227
2025-12-21 21:44:21,215 - [INFO] - On Validation Set:
Performance of  RRL Model: 
[[1234   52]
 [  83   78]]
              precision    recall  f1-score   support

           0       0.94      0.96      0.95      1286
           1       0.60      0.48      0.54       161

    accuracy                           0.91      1447
   macro avg       0.77      0.72      0.74      1447
weighted avg       0.90      0.91      0.90      1447

2025-12-21 21:44:21,215 - [INFO] - ------------------------------------------------------------
2025-12-21 21:44:21,735 - [INFO] - epoch: 54, loss_rrl: 106.77502120658755
2025-12-21 21:44:22,942 - [DEBUG] - y_true: (1447,) [0 0 0 0 0 1 0 0 0 0 0 0 0 0 0 0 0 1 0 0 0 0 0 0 1 0 0 0 0 0 0 0 0 0 0 0 0
 0 1 1 0]
2025-12-21 21:44:23,105 - [DEBUG] - y_rrl_: (1447,) [0 1 0 0 0 1 0 0 0 0 0 0 0 0 0 0 0 0 0 0 0 0 0 0 1 0 0 0 0 0 0 0 0 0 0 0 0
 0 1 0 0]
2025-12-21 21:44:23,105 - [DEBUG] - y_rrl: (1447, 2) [[ 7.5171995  -7.2934647 ]
 [-1.2537491   1.4808669 ]
 [ 4.630718   -4.4029937 ]
 [ 5.4687476  -5.2405615 ]
 [ 5.6231885  -5.399653  ]
 [-1.9840331   2.2126408 ]
 [ 7.5171995  -7.2934647 ]
 [ 6.934877   -6.708351  ]
 [ 7.5171995  -7.2934647 ]
 [ 4.035186   -3.810047  ]
 [ 0.5917239  -0.3653448 ]
 [ 3.7093682  -3.482326  ]
 [ 4.8336983  -4.6096854 ]
 [ 5.2130413  -4.988107  ]
 [ 7.107053   -6.881918  ]
 [ 5.9216237  -5.6974626 ]
 [ 5.8788943  -5.652107  ]
 [ 1.6477063  -1.4215889 ]
 [ 3.9039752  -3.6776836 ]
 [ 5.3226795  -5.092803  ]
 [ 7.107053   -6.881918  ]
 [ 6.269024   -6.044351  ]
 [ 6.269024   -6.044351  ]
 [ 6.05107    -5.8256745 ]
 [-3.1694624   3.3970966 ]
 [ 0.1496338   0.07773475]
 [ 4.1372504  -3.9083474 ]
 [ 7.107053   -6.881918  ]
 [ 4.4846506  -4.2552357 ]
 [ 6.52473    -6.296805  ]
 [ 7.5171995  -7.2934647 ]
 [ 3.2992215  -3.07078   ]
 [ 1.2375596  -1.0100429 ]
 [ 0.39953044 -0.17247565]
 [ 6.6791706  -6.4558973 ]
 [ 6.934877   -6.708351  ]
 [ 6.269024   -6.044351  ]
 [ 7.107053   -6.881918  ]
 [-1.3239896   1.5508845 ]
 [ 0.46038365 -0.23823096]
 [ 6.934877   -6.708351  ]]
2025-12-21 21:44:23,107 - [INFO] - ------------------------------------------------------------
2025-12-21 21:44:23,107 - [INFO] - On Validation Set:
	Accuracy of RRL  Model: 0.899101589495508
	F1 Score of RRL  Model: 0.7435144716394716
2025-12-21 21:44:23,113 - [INFO] - On Validation Set:
Performance of  RRL Model: 
[[1214   72]
 [  74   87]]
              precision    recall  f1-score   support

           0       0.94      0.94      0.94      1286
           1       0.55      0.54      0.54       161

    accuracy                           0.90      1447
   macro avg       0.74      0.74      0.74      1447
weighted avg       0.90      0.90      0.90      1447

2025-12-21 21:44:23,113 - [INFO] - ------------------------------------------------------------
2025-12-21 21:44:23,371 - [INFO] - epoch: 55, loss_rrl: 106.9230737555772
2025-12-21 21:44:24,759 - [DEBUG] - y_true: (1447,) [0 0 0 0 0 1 0 0 0 0 0 0 0 0 0 0 0 1 0 0 0 0 0 0 1 0 0 0 0 0 0 0 0 0 0 0 0
 0 1 1 0]
2025-12-21 21:44:24,922 - [DEBUG] - y_rrl_: (1447,) [0 0 0 0 0 1 0 0 0 0 0 0 0 0 0 0 0 0 0 0 0 0 0 0 1 0 0 0 0 0 0 0 0 0 0 0 0
 0 0 0 0]
2025-12-21 21:44:24,923 - [DEBUG] - y_rrl: (1447, 2) [[ 7.4946375  -7.2754726 ]
 [ 1.1511534  -0.9304156 ]
 [ 5.8580847  -5.635947  ]
 [ 6.7755103  -6.553515  ]
 [ 7.4946375  -7.2754726 ]
 [-1.0471858   1.2709808 ]
 [ 8.412063   -8.19304   ]
 [ 7.825358   -7.603615  ]
 [ 8.412063   -8.19304   ]
 [ 4.9519615  -4.7315426 ]
 [ 3.7624853  -3.543006  ]
 [ 7.825358   -7.603615  ]
 [ 6.969878   -6.751489  ]
 [ 7.084338   -6.8638115 ]
 [ 6.0457926  -5.826875  ]
 [ 6.3051615  -6.086936  ]
 [ 6.9079323  -6.686047  ]
 [ 4.9519615  -4.7315426 ]
 [ 4.276272   -4.055959  ]
 [ 6.6562114  -6.432575  ]
 [ 8.412063   -8.19304   ]
 [ 7.084338   -6.8638115 ]
 [ 7.084338   -6.8638115 ]
 [ 7.084338   -6.8638115 ]
 [-1.0471858   1.2709808 ]
 [ 1.9303311  -1.7072914 ]
 [ 3.5107636  -3.289534  ]
 [ 8.001763   -7.781379  ]
 [ 6.245912   -6.0209146 ]
 [ 7.825358   -7.603615  ]
 [ 8.412063   -8.19304   ]
 [ 6.2255826  -6.003418  ]
 [ 2.183039   -1.9603057 ]
 [ 2.183039   -1.9603057 ]
 [ 8.412063   -8.19304   ]
 [ 7.825358   -7.603615  ]
 [ 7.084338   -6.8638115 ]
 [ 7.084338   -6.8638115 ]
 [ 0.78496796 -0.5647339 ]
 [ 1.3716727  -1.1541595 ]
 [ 6.9079323  -6.686047  ]]
2025-12-21 21:44:24,925 - [INFO] - ------------------------------------------------------------
2025-12-21 21:44:24,925 - [INFO] - On Validation Set:
	Accuracy of RRL  Model: 0.907394609536973
	F1 Score of RRL  Model: 0.7207368360410186
2025-12-21 21:44:24,931 - [INFO] - On Validation Set:
Performance of  RRL Model: 
[[1248   38]
 [  96   65]]
              precision    recall  f1-score   support

           0       0.93      0.97      0.95      1286
           1       0.63      0.40      0.49       161

    accuracy                           0.91      1447
   macro avg       0.78      0.69      0.72      1447
weighted avg       0.90      0.91      0.90      1447

2025-12-21 21:44:24,931 - [INFO] - ------------------------------------------------------------
2025-12-21 21:44:24,963 - [INFO] - epoch: 56, loss_rrl: 107.53605174273252
2025-12-21 21:44:26,381 - [INFO] - epoch: 57, loss_rrl: 107.62714913859963
2025-12-21 21:44:26,595 - [DEBUG] - y_true: (1447,) [0 0 0 0 0 1 0 0 0 0 0 0 0 0 0 0 0 1 0 0 0 0 0 0 1 0 0 0 0 0 0 0 0 0 0 0 0
 0 1 1 0]
2025-12-21 21:44:26,755 - [DEBUG] - y_rrl_: (1447,) [0 1 0 0 0 0 0 0 0 0 0 0 0 0 0 0 0 0 0 0 0 0 0 0 1 0 0 0 0 0 0 0 0 0 0 0 0
 0 0 0 0]
2025-12-21 21:44:26,755 - [DEBUG] - y_rrl: (1447, 2) [[ 8.65922    -8.444808  ]
 [-0.11688623  0.33457002]
 [ 6.600838   -6.382205  ]
 [ 6.600838   -6.382205  ]
 [ 8.65922    -8.444808  ]
 [ 0.56048954 -0.3407976 ]
 [ 8.65922    -8.444808  ]
 [ 8.043448   -7.8263826 ]
 [ 8.65922    -8.444808  ]
 [ 5.1670613  -4.9512606 ]
 [ 2.9186614  -2.7035263 ]
 [ 6.826738   -6.6105795 ]
 [ 6.7880597  -6.572932  ]
 [ 8.2483     -8.032561  ]
 [ 8.2483     -8.032561  ]
 [ 7.442509   -7.2290044 ]
 [ 8.043448   -7.8263826 ]
 [ 3.950351   -3.7354577 ]
 [ 5.3664985  -5.1509504 ]
 [ 6.4681396  -6.2479153 ]
 [ 8.65922    -8.444808  ]
 [ 8.2483     -8.032561  ]
 [ 8.2483     -8.032561  ]
 [ 8.2483     -8.032561  ]
 [-0.6562208   0.87500536]
 [ 2.1315138  -1.913164  ]
 [ 4.438486   -4.2224035 ]
 [ 8.2483     -8.032561  ]
 [ 6.4681396  -6.2479153 ]
 [ 7.632528   -7.414136  ]
 [ 8.65922    -8.444808  ]
 [ 6.4158177  -6.198333  ]
 [ 2.3750427  -2.15699   ]
 [ 2.3750427  -2.15699   ]
 [ 8.65922    -8.444808  ]
 [ 8.043448   -7.8263826 ]
 [ 8.2483     -8.032561  ]
 [ 8.2483     -8.032561  ]
 [ 2.1357977  -1.9192648 ]
 [ 1.5348588  -1.3218868 ]
 [ 8.043448   -7.8263826 ]]
2025-12-21 21:44:26,757 - [INFO] - ------------------------------------------------------------
2025-12-21 21:44:26,758 - [INFO] - On Validation Set:
	Accuracy of RRL  Model: 0.8997926744989634
	F1 Score of RRL  Model: 0.6357283609816228
2025-12-21 21:44:26,763 - [INFO] - On Validation Set:
Performance of  RRL Model: 
[[1267   19]
 [ 126   35]]
              precision    recall  f1-score   support

           0       0.91      0.99      0.95      1286
           1       0.65      0.22      0.33       161

    accuracy                           0.90      1447
   macro avg       0.78      0.60      0.64      1447
weighted avg       0.88      0.90      0.88      1447

2025-12-21 21:44:26,764 - [INFO] - ------------------------------------------------------------
2025-12-21 21:44:28,019 - [INFO] - epoch: 58, loss_rrl: 106.63287932239473
2025-12-21 21:44:28,617 - [DEBUG] - y_true: (1447,) [0 0 0 0 0 1 0 0 0 0 0 0 0 0 0 0 0 1 0 0 0 0 0 0 1 0 0 0 0 0 0 0 0 0 0 0 0
 0 1 1 0]
2025-12-21 21:44:28,781 - [DEBUG] - y_rrl_: (1447,) [0 0 0 0 0 1 0 0 0 0 0 0 0 0 0 0 0 0 0 0 0 0 0 0 1 0 0 0 0 0 0 0 0 0 0 0 0
 0 1 0 0]
2025-12-21 21:44:28,782 - [DEBUG] - y_rrl: (1447, 2) [[ 7.8880277  -7.678084  ]
 [ 1.0135453  -0.80074495]
 [ 5.8099513  -5.5958986 ]
 [ 5.8099513  -5.5958986 ]
 [ 7.8880277  -7.678084  ]
 [-0.25380912  0.46891072]
 [ 7.8880277  -7.678084  ]
 [ 6.8448415  -6.6310196 ]
 [ 7.8880277  -7.678084  ]
 [ 3.9898582  -3.777242  ]
 [ 0.5861273  -0.37237862]
 [ 5.680307   -5.4647083 ]
 [ 6.013168   -5.80252   ]
 [ 7.4796863  -7.268452  ]
 [ 7.4796863  -7.268452  ]
 [ 6.2753787  -6.06502   ]
 [ 6.8448415  -6.6310196 ]
 [ 2.825324   -2.610931  ]
 [ 4.1740155  -3.9616547 ]
 [ 5.680307   -5.4647083 ]
 [ 7.4796863  -7.268452  ]
 [ 7.4796863  -7.268452  ]
 [ 7.4796863  -7.268452  ]
 [ 7.4796863  -7.268452  ]
 [-0.25380912  0.46891072]
 [ 1.3588061  -1.1449983 ]
 [ 3.644597   -3.432989  ]
 [ 7.4796863  -7.268452  ]
 [ 5.680307   -5.4647083 ]
 [ 6.8448415  -6.6310196 ]
 [ 7.8880277  -7.678084  ]
 [ 5.640534   -5.427587  ]
 [ 1.621017   -1.4074993 ]
 [ 1.621017   -1.4074993 ]
 [ 7.8880277  -7.678084  ]
 [ 6.8448415  -6.6310196 ]
 [ 7.4796863  -7.268452  ]
 [ 7.4796863  -7.268452  ]
 [-0.25380912  0.46891072]
 [ 0.34126255 -0.1314015 ]
 [ 6.8448415  -6.6310196 ]]
2025-12-21 21:44:28,784 - [INFO] - ------------------------------------------------------------
2025-12-21 21:44:28,784 - [INFO] - On Validation Set:
	Accuracy of RRL  Model: 0.912232204561161
	F1 Score of RRL  Model: 0.7672764343470799
2025-12-21 21:44:28,790 - [INFO] - On Validation Set:
Performance of  RRL Model: 
[[1231   55]
 [  72   89]]
              precision    recall  f1-score   support

           0       0.94      0.96      0.95      1286
           1       0.62      0.55      0.58       161

    accuracy                           0.91      1447
   macro avg       0.78      0.76      0.77      1447
weighted avg       0.91      0.91      0.91      1447

2025-12-21 21:44:28,790 - [INFO] - ------------------------------------------------------------
2025-12-21 21:44:29,819 - [INFO] - epoch: 59, loss_rrl: 105.95473937503994
2025-12-21 21:44:30,529 - [DEBUG] - y_true: (1447,) [0 0 0 0 0 1 0 0 0 0 0 0 0 0 0 0 0 1 0 0 0 0 0 0 1 0 0 0 0 0 0 0 0 0 0 0 0
 0 1 1 0]
2025-12-21 21:44:30,696 - [DEBUG] - y_rrl_: (1447,) [0 0 0 0 0 1 0 0 0 0 0 0 0 0 0 0 0 0 0 0 0 0 0 0 1 0 0 0 0 0 0 0 0 0 0 0 0
 0 1 0 0]
2025-12-21 21:44:30,697 - [DEBUG] - y_rrl: (1447, 2) [[ 8.904606   -8.698601  ]
 [ 1.5019749  -1.2941867 ]
 [ 7.269699   -7.0609436 ]
 [ 7.269699   -7.0609436 ]
 [ 8.904606   -8.698601  ]
 [-0.61878014  0.8292697 ]
 [ 8.904606   -8.698601  ]
 [ 7.269699   -7.0609436 ]
 [ 8.904606   -8.698601  ]
 [ 4.4365315  -4.228929  ]
 [ 4.2827334  -4.0736246 ]
 [ 5.9316273  -5.722213  ]
 [ 7.4572406  -7.2518015 ]
 [ 8.494812   -8.287549  ]
 [ 8.494812   -8.287549  ]
 [ 7.310538   -7.1041226 ]
 [ 8.267015   -8.058482  ]
 [ 3.0984578  -2.8901982 ]
 [ 5.225583   -5.0172043 ]
 [ 6.1185856  -5.9081    ]
 [ 8.494812   -8.287549  ]
 [ 8.494812   -8.287549  ]
 [ 8.494812   -8.287549  ]
 [ 8.494812   -8.287549  ]
 [-1.8030565   2.0126958 ]
 [ 2.4255753  -2.2157729 ]
 [ 5.0977707  -4.891368  ]
 [ 7.497496   -7.2900105 ]
 [ 6.706109   -6.494587  ]
 [ 8.267015   -8.058482  ]
 [ 8.904606   -8.698601  ]
 [ 6.672948   -6.4640036 ]
 [ 3.8729405  -3.6625724 ]
 [ 1.6913486  -1.4816074 ]
 [ 8.904606   -8.698601  ]
 [ 7.269699   -7.0609436 ]
 [ 8.494812   -8.287549  ]
 [ 7.497496   -7.2900105 ]
 [ 0.05410228  0.15484445]
 [ 1.8428059  -1.638118  ]
 [ 7.269699   -7.0609436 ]]
2025-12-21 21:44:30,699 - [INFO] - ------------------------------------------------------------
2025-12-21 21:44:30,699 - [INFO] - On Validation Set:
	Accuracy of RRL  Model: 0.9046302695231514
	F1 Score of RRL  Model: 0.6956970960427181
2025-12-21 21:44:30,705 - [INFO] - On Validation Set:
Performance of  RRL Model: 
[[1254   32]
 [ 106   55]]
              precision    recall  f1-score   support

           0       0.92      0.98      0.95      1286
           1       0.63      0.34      0.44       161

    accuracy                           0.90      1447
   macro avg       0.78      0.66      0.70      1447
weighted avg       0.89      0.90      0.89      1447

2025-12-21 21:44:30,705 - [INFO] - ------------------------------------------------------------
2025-12-21 21:44:31,498 - [INFO] - epoch: 60, loss_rrl: 105.38879727385938
2025-12-21 21:44:32,411 - [DEBUG] - y_true: (1447,) [0 0 0 0 0 1 0 0 0 0 0 0 0 0 0 0 0 1 0 0 0 0 0 0 1 0 0 0 0 0 0 0 0 0 0 0 0
 0 1 1 0]
2025-12-21 21:44:32,573 - [DEBUG] - y_rrl_: (1447,) [0 0 0 0 0 1 0 0 0 0 0 0 0 0 0 0 0 0 0 0 0 0 0 0 1 0 0 0 0 0 0 0 0 0 0 0 0
 0 0 0 0]
2025-12-21 21:44:32,574 - [DEBUG] - y_rrl: (1447, 2) [[ 8.135542   -7.932781  ]
 [ 0.35436118 -0.14859976]
 [ 5.271548   -5.0652523 ]
 [ 6.067757   -5.861066  ]
 [ 7.3393326  -7.1369677 ]
 [ 0.08534978  0.12236966]
 [ 8.135542   -7.932781  ]
 [ 6.479747   -6.274289  ]
 [ 8.135542   -7.932781  ]
 [ 3.6806602  -3.4763184 ]
 [ 0.13841534  0.06763975]
 [ 4.359478   -4.1537714 ]
 [ 6.9273424  -6.7237444 ]
 [ 6.9273424  -6.7237444 ]
 [ 7.723552   -7.519558  ]
 [ 6.568418   -6.3652515 ]
 [ 7.4614615  -7.256219  ]
 [ 2.3566012  -2.1516144 ]
 [ 4.45291    -4.2478113 ]
 [ 4.917117   -4.7087383 ]
 [ 7.723552   -7.519558  ]
 [ 6.9273424  -6.7237444 ]
 [ 6.9273424  -6.7237444 ]
 [ 7.723552   -7.519558  ]
 [-1.0697839   1.2766759 ]
 [ 0.8621082  -0.65600634]
 [ 3.9281435  -3.7237344 ]
 [ 6.7418375  -6.537628  ]
 [ 5.1026225  -4.8948545 ]
 [ 7.049472   -6.8429956 ]
 [ 8.135542   -7.932781  ]
 [ 5.0981283  -4.8928757 ]
 [ 1.9446115  -1.738391  ]
 [ 0.16668707  0.03935182]
 [ 7.3393326  -7.1369677 ]
 [ 6.479747   -6.274289  ]
 [ 6.9273424  -6.7237444 ]
 [ 6.7418375  -6.537628  ]
 [ 0.4973395  -0.29085308]
 [ 1.1669258  -0.9654371 ]
 [ 6.479747   -6.274289  ]]
2025-12-21 21:44:32,576 - [INFO] - ------------------------------------------------------------
2025-12-21 21:44:32,576 - [INFO] - On Validation Set:
	Accuracy of RRL  Model: 0.9060124395300622
	F1 Score of RRL  Model: 0.7361641426058604
2025-12-21 21:44:32,584 - [INFO] - On Validation Set:
Performance of  RRL Model: 
[[1236   50]
 [  86   75]]
              precision    recall  f1-score   support

           0       0.93      0.96      0.95      1286
           1       0.60      0.47      0.52       161

    accuracy                           0.91      1447
   macro avg       0.77      0.71      0.74      1447
weighted avg       0.90      0.91      0.90      1447

2025-12-21 21:44:32,584 - [INFO] - ------------------------------------------------------------
2025-12-21 21:44:33,122 - [INFO] - epoch: 61, loss_rrl: 105.17552514746785
2025-12-21 21:44:34,353 - [DEBUG] - y_true: (1447,) [0 0 0 0 0 1 0 0 0 0 0 0 0 0 0 0 0 1 0 0 0 0 0 0 1 0 0 0 0 0 0 0 0 0 0 0 0
 0 1 1 0]
2025-12-21 21:44:34,518 - [DEBUG] - y_rrl_: (1447,) [0 0 0 0 0 0 0 0 0 0 0 0 0 0 0 0 0 0 0 0 0 0 0 0 1 0 0 0 0 0 0 0 0 0 0 0 0
 0 1 0 0]
2025-12-21 21:44:34,518 - [DEBUG] - y_rrl: (1447, 2) [[ 8.338066   -8.138485  ]
 [ 1.6055161  -1.4031779 ]
 [ 5.4446306  -5.2415843 ]
 [ 6.236176   -6.0327425 ]
 [ 7.54652    -7.3473263 ]
 [ 0.34177044 -0.13732131]
 [ 8.338066   -8.138485  ]
 [ 7.6620283  -7.460011  ]
 [ 8.338066   -8.138485  ]
 [ 4.9441786  -4.743241  ]
 [ 1.416927   -1.2143118 ]
 [ 4.5855627  -4.3830895 ]
 [ 5.6819983  -5.4821296 ]
 [ 7.117259   -6.916857  ]
 [ 7.908805   -7.708015  ]
 [ 6.7665634  -6.5665793 ]
 [ 7.6620283  -7.460011  ]
 [ 2.6592584  -2.4574766 ]
 [ 4.655265   -4.4533787 ]
 [ 6.090089   -5.885214  ]
 [ 7.908805   -7.708015  ]
 [ 7.117259   -6.916857  ]
 [ 7.117259   -6.916857  ]
 [ 7.908805   -7.708015  ]
 [-0.8004709   1.0041149 ]
 [ 1.1454326  -0.94255817]
 [ 6.0905256  -5.888106  ]
 [ 7.908805   -7.708015  ]
 [ 5.2985435  -5.0940557 ]
 [ 7.232767   -7.0295415 ]
 [ 8.338066   -8.138485  ]
 [ 5.29898    -5.0969477 ]
 [ 2.2299972  -2.027007  ]
 [ 1.4384518  -1.2358489 ]
 [ 7.54652    -7.3473263 ]
 [ 7.6620283  -7.460011  ]
 [ 7.117259   -6.916857  ]
 [ 7.908805   -7.708015  ]
 [-0.3712096   0.5736456 ]
 [ 3.3545766  -3.1550283 ]
 [ 7.6620283  -7.460011  ]]
2025-12-21 21:44:34,520 - [INFO] - ------------------------------------------------------------
2025-12-21 21:44:34,520 - [INFO] - On Validation Set:
	Accuracy of RRL  Model: 0.8984105044920525
	F1 Score of RRL  Model: 0.6369069261298169
2025-12-21 21:44:34,526 - [INFO] - On Validation Set:
Performance of  RRL Model: 
[[1264   22]
 [ 125   36]]
              precision    recall  f1-score   support

           0       0.91      0.98      0.95      1286
           1       0.62      0.22      0.33       161

    accuracy                           0.90      1447
   macro avg       0.77      0.60      0.64      1447
weighted avg       0.88      0.90      0.88      1447

2025-12-21 21:44:34,526 - [INFO] - ------------------------------------------------------------
2025-12-21 21:44:34,854 - [INFO] - epoch: 62, loss_rrl: 105.96686303429306
2025-12-21 21:44:36,326 - [DEBUG] - y_true: (1447,) [0 0 0 0 0 1 0 0 0 0 0 0 0 0 0 0 0 1 0 0 0 0 0 0 1 0 0 0 0 0 0 0 0 0 0 0 0
 0 1 1 0]
2025-12-21 21:44:36,491 - [DEBUG] - y_rrl_: (1447,) [0 0 0 0 0 1 0 0 0 0 0 0 0 0 0 0 0 0 0 0 0 0 0 0 1 0 0 0 0 0 0 0 0 0 0 0 0
 0 1 0 0]
2025-12-21 21:44:36,491 - [DEBUG] - y_rrl: (1447, 2) [[ 7.45728    -7.2608    ]
 [ 0.7889983  -0.58978957]
 [ 5.2361655  -5.0386786 ]
 [ 6.0042667  -5.806401  ]
 [ 6.6891794  -6.4930778 ]
 [-0.4850176   0.68627954]
 [ 7.45728    -7.2608    ]
 [ 7.45728    -7.2608    ]
 [ 7.45728    -7.2608    ]
 [ 4.817471   -4.6220307 ]
 [ 3.6834257  -3.4863737 ]
 [ 4.4250402  -4.2281117 ]
 [ 6.2331095  -6.0358253 ]
 [ 6.2331095  -6.0358253 ]
 [ 7.00121    -6.8035474 ]
 [ 6.3271866  -6.13149   ]
 [ 7.45728    -7.2608    ]
 [ 2.5533316  -2.357064  ]
 [ 4.204846   -4.007276  ]
 [ 5.1902313  -4.988567  ]
 [ 7.45728    -7.2608    ]
 [ 6.2331095  -6.0358253 ]
 [ 6.2331095  -6.0358253 ]
 [ 7.00121    -6.8035474 ]
 [-3.0605187   3.2604804 ]
 [ 1.782321   -1.5820754 ]
 [ 2.911339   -2.7140038 ]
 [ 7.00121    -6.8035474 ]
 [ 5.099064   -4.900168  ]
 [ 6.324277   -6.1242237 ]
 [ 7.45728    -7.2608    ]
 [ 4.4260817  -4.2271914 ]
 [ 3.2273557  -3.0291207 ]
 [ 1.3291605  -1.1320889 ]
 [ 6.6891794  -6.4930778 ]
 [ 7.45728    -7.2608    ]
 [ 6.2331095  -6.0358253 ]
 [ 7.00121    -6.8035474 ]
 [-0.4821083   0.6790127 ]
 [ 0.6519371  -0.45664397]
 [ 7.45728    -7.2608    ]]
2025-12-21 21:44:36,493 - [INFO] - ------------------------------------------------------------
2025-12-21 21:44:36,493 - [INFO] - On Validation Set:
	Accuracy of RRL  Model: 0.8963372494816862
	F1 Score of RRL  Model: 0.703451196852115
2025-12-21 21:44:36,499 - [INFO] - On Validation Set:
Performance of  RRL Model: 
[[1232   54]
 [  96   65]]
              precision    recall  f1-score   support

           0       0.93      0.96      0.94      1286
           1       0.55      0.40      0.46       161

    accuracy                           0.90      1447
   macro avg       0.74      0.68      0.70      1447
weighted avg       0.89      0.90      0.89      1447

2025-12-21 21:44:36,499 - [INFO] - ------------------------------------------------------------
2025-12-21 21:44:36,567 - [INFO] - epoch: 63, loss_rrl: 106.58428998850286
2025-12-21 21:44:38,386 - [INFO] - epoch: 64, loss_rrl: 105.18312741070986
2025-12-21 21:44:38,619 - [DEBUG] - y_true: (1447,) [0 0 0 0 0 1 0 0 0 0 0 0 0 0 0 0 0 1 0 0 0 0 0 0 1 0 0 0 0 0 0 0 0 0 0 0 0
 0 1 1 0]
2025-12-21 21:44:38,786 - [DEBUG] - y_rrl_: (1447,) [0 1 0 0 0 1 0 0 0 0 0 0 0 0 0 0 0 0 0 0 0 0 0 0 1 0 0 0 0 0 0 0 0 1 0 0 0
 0 0 1 0]
2025-12-21 21:44:38,787 - [DEBUG] - y_rrl: (1447, 2) [[ 6.7996926  -6.606232  ]
 [-2.9904306   3.187697  ]
 [ 4.6959853  -4.498824  ]
 [ 4.6959853  -4.498824  ]
 [ 6.7996926  -6.606232  ]
 [-1.1639605   1.3621192 ]
 [ 6.7996926  -6.606232  ]
 [ 5.1699047  -4.9739017 ]
 [ 6.7996926  -6.606232  ]
 [ 2.52431    -2.3293123 ]
 [ 1.228692   -1.0330783 ]
 [ 3.8742857  -3.6776683 ]
 [ 4.8651695  -4.671051  ]
 [ 6.3257737  -6.1311545 ]
 [ 6.3257737  -6.1311545 ]
 [ 5.669298   -5.4766026 ]
 [ 6.1432314  -5.947425  ]
 [ 1.228692   -1.0330783 ]
 [ 3.5522327  -3.3576922 ]
 [ 3.557434   -3.358697  ]
 [ 6.7996926  -6.606232  ]
 [ 6.3257737  -6.1311545 ]
 [ 6.3257737  -6.1311545 ]
 [ 6.3257737  -6.1311545 ]
 [-2.294354    2.491749  ]
 [ 0.42456275 -0.22752675]
 [ 2.7216313  -2.5265467 ]
 [ 5.3524466  -5.157631  ]
 [ 4.5307612  -4.33222   ]
 [ 5.6693125  -5.4723473 ]
 [ 6.7996926  -6.606232  ]
 [ 4.538918   -4.342717  ]
 [ 0.75477314 -0.55800045]
 [-0.21855386  0.41552308]
 [ 6.7996926  -6.606232  ]
 [ 5.1699047  -4.9739017 ]
 [ 6.3257737  -6.1311545 ]
 [ 5.3524466  -5.157631  ]
 [ 0.44850987 -0.25308612]
 [-0.02542214  0.21773687]
 [ 5.1699047  -4.9739017 ]]
2025-12-21 21:44:38,789 - [INFO] - ------------------------------------------------------------
2025-12-21 21:44:38,789 - [INFO] - On Validation Set:
	Accuracy of RRL  Model: 0.9032480995162405
	F1 Score of RRL  Model: 0.7580175066414387
2025-12-21 21:44:38,795 - [INFO] - On Validation Set:
Performance of  RRL Model: 
[[1214   72]
 [  68   93]]
              precision    recall  f1-score   support

           0       0.95      0.94      0.95      1286
           1       0.56      0.58      0.57       161

    accuracy                           0.90      1447
   macro avg       0.76      0.76      0.76      1447
weighted avg       0.90      0.90      0.90      1447

2025-12-21 21:44:38,795 - [INFO] - ------------------------------------------------------------
2025-12-21 21:44:40,376 - [INFO] - epoch: 65, loss_rrl: 106.24197997152805
2025-12-21 21:44:40,824 - [DEBUG] - y_true: (1447,) [0 0 0 0 0 1 0 0 0 0 0 0 0 0 0 0 0 1 0 0 0 0 0 0 1 0 0 0 0 0 0 0 0 0 0 0 0
 0 1 1 0]
2025-12-21 21:44:40,986 - [DEBUG] - y_rrl_: (1447,) [0 0 0 0 0 1 0 0 0 0 0 0 0 0 0 0 0 0 0 0 0 0 0 0 1 0 0 0 0 0 0 0 0 0 0 0 0
 0 0 0 0]
2025-12-21 21:44:40,987 - [DEBUG] - y_rrl: (1447, 2) [[ 7.931293   -7.7407737 ]
 [ 1.2960618  -1.1028775 ]
 [ 5.849978   -5.6558332 ]
 [ 5.849978   -5.6558332 ]
 [ 6.956796   -6.766087  ]
 [-0.11027032  0.30540305]
 [ 7.931293   -7.7407737 ]
 [ 7.301344   -7.1085234 ]
 [ 7.931293   -7.7407737 ]
 [ 3.8650455  -3.673557  ]
 [ 1.741032   -1.5478148 ]
 [ 6.151828   -5.957468  ]
 [ 5.9992905  -5.8081226 ]
 [ 6.4799275  -6.2880836 ]
 [ 7.4544244  -7.262771  ]
 [ 6.3471255  -6.156218  ]
 [ 6.326847   -6.1338367 ]
 [ 2.715529   -2.5225017 ]
 [ 4.2620425  -4.0693192 ]
 [ 5.6749587  -5.479465  ]
 [ 7.4544244  -7.262771  ]
 [ 7.4544244  -7.262771  ]
 [ 7.4544244  -7.262771  ]
 [ 6.4799275  -6.2880836 ]
 [-0.11027032  0.30540305]
 [ 0.783527   -0.5898504 ]
 [ 2.7511945  -2.5575259 ]
 [ 7.4544244  -7.262771  ]
 [ 5.6749587  -5.479465  ]
 [ 6.8244753  -6.6305203 ]
 [ 7.931293   -7.7407737 ]
 [ 5.7171764  -5.5239677 ]
 [ 2.2386603  -2.0444987 ]
 [ 1.1313614  -0.93794596]
 [ 7.931293   -7.7407737 ]
 [ 7.301344   -7.1085234 ]
 [ 7.4544244  -7.262771  ]
 [ 7.4544244  -7.262771  ]
 [ 0.36659846 -0.17260014]
 [ 1.0387658  -0.849353  ]
 [ 7.301344   -7.1085234 ]]
2025-12-21 21:44:40,989 - [INFO] - ------------------------------------------------------------
2025-12-21 21:44:40,989 - [INFO] - On Validation Set:
	Accuracy of RRL  Model: 0.9101589495507948
	F1 Score of RRL  Model: 0.7429910372718329
2025-12-21 21:44:40,995 - [INFO] - On Validation Set:
Performance of  RRL Model: 
[[1242   44]
 [  86   75]]
              precision    recall  f1-score   support

           0       0.94      0.97      0.95      1286
           1       0.63      0.47      0.54       161

    accuracy                           0.91      1447
   macro avg       0.78      0.72      0.74      1447
weighted avg       0.90      0.91      0.90      1447

2025-12-21 21:44:40,995 - [INFO] - ------------------------------------------------------------
2025-12-21 21:44:42,016 - [INFO] - epoch: 66, loss_rrl: 106.41559951752424
2025-12-21 21:44:42,658 - [DEBUG] - y_true: (1447,) [0 0 0 0 0 1 0 0 0 0 0 0 0 0 0 0 0 1 0 0 0 0 0 0 1 0 0 0 0 0 0 0 0 0 0 0 0
 0 1 1 0]
2025-12-21 21:44:42,821 - [DEBUG] - y_rrl_: (1447,) [0 0 0 0 0 1 0 0 0 0 0 0 0 0 0 0 0 0 0 0 0 0 0 0 1 0 0 0 0 0 0 0 0 1 0 0 0
 0 1 0 0]
2025-12-21 21:44:42,821 - [DEBUG] - y_rrl: (1447, 2) [[ 7.6174035  -7.4297767 ]
 [ 0.5427981  -0.35346383]
 [ 4.869628   -4.6780553 ]
 [ 4.869628   -4.6780553 ]
 [ 7.6174035  -7.4297767 ]
 [-1.8303353   2.0220191 ]
 [ 7.6174035  -7.4297767 ]
 [ 4.869628   -4.6780553 ]
 [ 7.6174035  -7.4297767 ]
 [ 1.4743457  -1.2840625 ]
 [ 2.4328654  -2.2427666 ]
 [ 4.7392273  -4.5485654 ]
 [ 6.179543   -5.9923873 ]
 [ 7.1625257  -6.9737887 ]
 [ 7.1625257  -6.9737887 ]
 [ 6.0736046  -5.8855944 ]
 [ 5.828148   -5.6367593 ]
 [ 1.3439453  -1.1545728 ]
 [ 3.9962704  -3.8064754 ]
 [ 4.869628   -4.6780553 ]
 [ 7.1625257  -6.9737887 ]
 [ 7.1625257  -6.9737887 ]
 [ 7.1625257  -6.9737887 ]
 [ 7.1625257  -6.9737887 ]
 [-2.919255    3.1102126 ]
 [ 0.54012704 -0.34938964]
 [ 2.9391778  -2.7495565 ]
 [ 6.2040057  -6.015084  ]
 [ 5.37327    -5.180771  ]
 [ 5.828148   -5.6367593 ]
 [ 7.6174035  -7.4297767 ]
 [ 5.434131   -5.2438636 ]
 [ 1.9779873  -1.7867783 ]
 [-0.06945265  0.26011935]
 [ 7.6174035  -7.4297767 ]
 [ 4.869628   -4.6780553 ]
 [ 7.1625257  -6.9737887 ]
 [ 6.2040057  -6.015084  ]
 [-1.0265172   1.2168357 ]
 [ 2.562787   -2.37519   ]
 [ 4.869628   -4.6780553 ]]
2025-12-21 21:44:42,824 - [INFO] - ------------------------------------------------------------
2025-12-21 21:44:42,824 - [INFO] - On Validation Set:
	Accuracy of RRL  Model: 0.8921907394609537
	F1 Score of RRL  Model: 0.7373645705350163
2025-12-21 21:44:42,830 - [INFO] - On Validation Set:
Performance of  RRL Model: 
[[1201   85]
 [  71   90]]
              precision    recall  f1-score   support

           0       0.94      0.93      0.94      1286
           1       0.51      0.56      0.54       161

    accuracy                           0.89      1447
   macro avg       0.73      0.75      0.74      1447
weighted avg       0.90      0.89      0.89      1447

2025-12-21 21:44:42,830 - [INFO] - ------------------------------------------------------------
2025-12-21 21:44:43,625 - [INFO] - epoch: 67, loss_rrl: 106.02140182442963
2025-12-21 21:44:44,503 - [DEBUG] - y_true: (1447,) [0 0 0 0 0 1 0 0 0 0 0 0 0 0 0 0 0 1 0 0 0 0 0 0 1 0 0 0 0 0 0 0 0 0 0 0 0
 0 1 1 0]
2025-12-21 21:44:44,665 - [DEBUG] - y_rrl_: (1447,) [0 0 0 0 0 0 0 0 0 0 0 0 0 0 0 0 0 0 0 0 0 0 0 0 1 0 0 0 0 0 0 0 0 0 0 0 0
 0 1 0 0]
2025-12-21 21:44:44,666 - [DEBUG] - y_rrl: (1447, 2) [[ 8.151719   -7.9669394 ]
 [ 1.1615142  -0.97503966]
 [ 4.2185354  -4.0291543 ]
 [ 4.9625583  -4.7728305 ]
 [ 7.407696   -7.2232633 ]
 [ 0.16681679  0.02240733]
 [ 8.151719   -7.9669394 ]
 [ 5.3836665  -5.195025  ]
 [ 8.151719   -7.9669394 ]
 [ 2.759636   -2.5718963 ]
 [ 1.2392156  -1.0516132 ]
 [ 4.5469117  -4.3594995 ]
 [ 5.997216   -5.8132415 ]
 [ 6.9865875  -6.801069  ]
 [ 8.151719   -7.9669394 ]
 [ 6.6998224  -6.5146623 ]
 [ 6.3217235  -6.1332593 ]
 [ 2.6669047  -2.480047  ]
 [ 4.6167803  -4.429862  ]
 [ 4.9625583  -4.7728305 ]
 [ 7.730611   -7.544745  ]
 [ 6.9865875  -6.801069  ]
 [ 6.9865875  -6.801069  ]
 [ 8.151719   -7.9669394 ]
 [-0.44286332  0.6302965 ]
 [ 1.543191   -1.3564324 ]
 [ 4.246375   -4.0600047 ]
 [ 7.213662   -7.028705  ]
 [ 5.1565924  -4.9673886 ]
 [ 6.3217235  -6.1332593 ]
 [ 8.151719   -7.9669394 ]
 [ 5.283237   -5.096208  ]
 [ 2.2457964  -2.0578527 ]
 [ 0.56371677 -0.3759427 ]
 [ 7.407696   -7.2232633 ]
 [ 5.3836665  -5.195025  ]
 [ 7.407696   -7.2232633 ]
 [ 7.213662   -7.028705  ]
 [-0.44286332  0.6302965 ]
 [ 1.3871322  -1.2033845 ]
 [ 5.3836665  -5.195025  ]]
2025-12-21 21:44:44,668 - [INFO] - ------------------------------------------------------------
2025-12-21 21:44:44,668 - [INFO] - On Validation Set:
	Accuracy of RRL  Model: 0.9018659295093296
	F1 Score of RRL  Model: 0.6724407289793524
2025-12-21 21:44:44,674 - [INFO] - On Validation Set:
Performance of  RRL Model: 
[[1258   28]
 [ 114   47]]
              precision    recall  f1-score   support

           0       0.92      0.98      0.95      1286
           1       0.63      0.29      0.40       161

    accuracy                           0.90      1447
   macro avg       0.77      0.64      0.67      1447
weighted avg       0.88      0.90      0.89      1447

2025-12-21 21:44:44,674 - [INFO] - ------------------------------------------------------------
2025-12-21 21:44:45,229 - [INFO] - epoch: 68, loss_rrl: 106.59051349945366
2025-12-21 21:44:46,332 - [DEBUG] - y_true: (1447,) [0 0 0 0 0 1 0 0 0 0 0 0 0 0 0 0 0 1 0 0 0 0 0 0 1 0 0 0 0 0 0 0 0 0 0 0 0
 0 1 1 0]
2025-12-21 21:44:46,496 - [DEBUG] - y_rrl_: (1447,) [0 1 0 0 0 1 0 0 0 0 0 0 0 0 0 0 0 0 0 0 0 0 0 0 1 0 0 0 0 0 0 0 0 0 0 0 0
 0 1 0 0]
2025-12-21 21:44:46,496 - [DEBUG] - y_rrl: (1447, 2) [[ 6.8507013  -6.668611  ]
 [-1.1244966   1.3099597 ]
 [ 4.8041606  -4.6186595 ]
 [ 5.648241   -5.4628406 ]
 [ 6.8507013  -6.668611  ]
 [-0.25730884  0.4436646 ]
 [ 7.6947823  -7.5127916 ]
 [ 6.072421   -5.888083  ]
 [ 7.6947823  -7.5127916 ]
 [ 3.4801338  -3.2966678 ]
 [ 2.2169824  -2.0329404 ]
 [ 4.8092694  -4.624356  ]
 [ 5.8489127  -5.666306  ]
 [ 6.4265213  -6.2433686 ]
 [ 7.270602   -7.087549  ]
 [ 5.418583   -5.236119  ]
 [ 6.1522427  -5.967976  ]
 [ 2.2169824  -2.0329404 ]
 [ 3.298435   -3.114239  ]
 [ 4.4691257  -4.282289  ]
 [ 7.270602   -7.087549  ]
 [ 6.4265213  -6.2433686 ]
 [ 6.4265213  -6.2433686 ]
 [ 6.4265213  -6.2433686 ]
 [-1.2652469   1.4509151 ]
 [ 1.3790513  -1.1937042 ]
 [ 4.3850894  -4.1991134 ]
 [ 6.3466997  -6.163475  ]
 [ 5.393028   -5.2063637 ]
 [ 6.572143   -6.3869147 ]
 [ 7.6947823  -7.5127916 ]
 [ 5.5642047  -5.379665  ]
 [ 1.7928022  -1.607698  ]
 [ 0.86890024 -0.68362343]
 [ 7.6947823  -7.5127916 ]
 [ 6.072421   -5.888083  ]
 [ 6.4265213  -6.2433686 ]
 [ 5.5026193  -5.3192945 ]
 [-0.84106684  1.0256728 ]
 [ 2.784714   -2.6027472 ]
 [ 5.2283406  -5.043902  ]]
2025-12-21 21:44:46,498 - [INFO] - ------------------------------------------------------------
2025-12-21 21:44:46,498 - [INFO] - On Validation Set:
	Accuracy of RRL  Model: 0.8984105044920525
	F1 Score of RRL  Model: 0.7208883955107841
2025-12-21 21:44:46,504 - [INFO] - On Validation Set:
Performance of  RRL Model: 
[[1227   59]
 [  88   73]]
              precision    recall  f1-score   support

           0       0.93      0.95      0.94      1286
           1       0.55      0.45      0.50       161

    accuracy                           0.90      1447
   macro avg       0.74      0.70      0.72      1447
weighted avg       0.89      0.90      0.89      1447

2025-12-21 21:44:46,504 - [INFO] - ------------------------------------------------------------
2025-12-21 21:44:46,994 - [INFO] - epoch: 69, loss_rrl: 105.04931833781302
2025-12-21 21:44:48,329 - [DEBUG] - y_true: (1447,) [0 0 0 0 0 1 0 0 0 0 0 0 0 0 0 0 0 1 0 0 0 0 0 0 1 0 0 0 0 0 0 0 0 0 0 0 0
 0 1 1 0]
2025-12-21 21:44:48,490 - [DEBUG] - y_rrl_: (1447,) [0 1 0 0 0 1 0 0 0 0 0 0 0 0 0 0 0 0 0 0 0 0 0 0 1 0 0 0 0 0 0 0 0 0 0 0 0
 0 1 0 0]
2025-12-21 21:44:48,490 - [DEBUG] - y_rrl: (1447, 2) [[ 7.6057587  -7.4265122 ]
 [-0.20726852  0.38976538]
 [ 4.104823   -3.9239872 ]
 [ 4.816151   -4.634985  ]
 [ 6.8944306  -6.715515  ]
 [-0.30826655  0.49179888]
 [ 7.6057587  -7.4265122 ]
 [ 6.2187514  -6.0387926 ]
 [ 7.6057587  -7.4265122 ]
 [ 3.6724765  -3.4933598 ]
 [ 1.5087876  -1.3289357 ]
 [ 4.730742   -4.551091  ]
 [ 6.43698    -6.257025  ]
 [ 6.43698    -6.257025  ]
 [ 7.148308   -6.968022  ]
 [ 6.626588   -6.44801   ]
 [ 7.6057587  -7.4265122 ]
 [ 2.8957946  -2.7166555 ]
 [ 4.5183554  -4.3380747 ]
 [ 3.8944852  -3.709948  ]
 [ 7.6057587  -7.4265122 ]
 [ 6.43698    -6.257025  ]
 [ 6.43698    -6.257025  ]
 [ 7.148308   -6.968022  ]
 [-2.7133734   2.8958042 ]
 [ 2.0238903  -1.8412381 ]
 [ 4.47249    -4.2938113 ]
 [ 5.7613006  -5.580302  ]
 [ 5.252462   -5.0711026 ]
 [ 6.4660106  -6.2835903 ]
 [ 7.6057587  -7.4265122 ]
 [ 4.7755127  -4.594091  ]
 [ 2.438344   -2.2581651 ]
 [ 0.34000918 -0.1594478 ]
 [ 6.8944306  -6.715515  ]
 [ 6.2187514  -6.0387926 ]
 [ 6.43698    -6.257025  ]
 [ 5.7613006  -5.580302  ]
 [-0.14768977  0.32737875]
 [ 1.0368283  -0.85854316]
 [ 6.2187514  -6.0387926 ]]
2025-12-21 21:44:48,492 - [INFO] - ------------------------------------------------------------
2025-12-21 21:44:48,492 - [INFO] - On Validation Set:
	Accuracy of RRL  Model: 0.8984105044920525
	F1 Score of RRL  Model: 0.7191860303931625
2025-12-21 21:44:48,498 - [INFO] - On Validation Set:
Performance of  RRL Model: 
[[1228   58]
 [  89   72]]
              precision    recall  f1-score   support

           0       0.93      0.95      0.94      1286
           1       0.55      0.45      0.49       161

    accuracy                           0.90      1447
   macro avg       0.74      0.70      0.72      1447
weighted avg       0.89      0.90      0.89      1447

2025-12-21 21:44:48,498 - [INFO] - ------------------------------------------------------------
2025-12-21 21:44:48,593 - [INFO] - epoch: 70, loss_rrl: 106.11231434345245
2025-12-21 21:44:50,011 - [INFO] - epoch: 71, loss_rrl: 106.4071931457147
2025-12-21 21:44:50,161 - [DEBUG] - y_true: (1447,) [0 0 0 0 0 1 0 0 0 0 0 0 0 0 0 0 0 1 0 0 0 0 0 0 1 0 0 0 0 0 0 0 0 0 0 0 0
 0 1 1 0]
2025-12-21 21:44:50,314 - [DEBUG] - y_rrl_: (1447,) [0 0 0 0 0 1 0 0 0 0 0 0 0 0 0 0 0 0 0 0 0 0 0 0 1 0 0 0 0 0 0 0 0 0 0 0 0
 0 0 0 0]
2025-12-21 21:44:50,314 - [DEBUG] - y_rrl: (1447, 2) [[ 7.243437   -7.0668907 ]
 [ 0.39999628 -0.21959648]
 [ 5.1312723  -4.9514494 ]
 [ 5.1312723  -4.9514494 ]
 [ 7.243437   -7.0668907 ]
 [-0.7205632   0.90131956]
 [ 7.243437   -7.0668907 ]
 [ 6.579067   -6.4004254 ]
 [ 7.243437   -7.0668907 ]
 [ 3.9992332  -3.821404  ]
 [ 1.4550189  -1.2751203 ]
 [ 5.3939314  -5.213916  ]
 [ 5.3182116  -5.14107   ]
 [ 7.243437   -7.0668907 ]
 [ 7.243437   -7.0668907 ]
 [ 5.8107934  -5.633881  ]
 [ 6.579067   -6.4004254 ]
 [ 1.8662399  -1.6876876 ]
 [ 3.7059844  -3.5273976 ]
 [ 5.3939314  -5.213916  ]
 [ 6.7586517  -6.581087  ]
 [ 7.243437   -7.0668907 ]
 [ 6.7586517  -6.581087  ]
 [ 7.243437   -7.0668907 ]
 [-1.6684204   1.848526  ]
 [ 0.8888719  -0.7090729 ]
 [ 4.38465    -4.2058983 ]
 [ 7.243437   -7.0668907 ]
 [ 5.3939314  -5.213916  ]
 [ 6.579067   -6.4004254 ]
 [ 7.243437   -7.0668907 ]
 [ 5.146424   -4.967416  ]
 [ 2.3293114  -2.1490908 ]
 [ 1.3814541  -1.2018843 ]
 [ 7.243437   -7.0668907 ]
 [ 6.579067   -6.4004254 ]
 [ 6.7586517  -6.581087  ]
 [ 7.243437   -7.0668907 ]
 [ 0.9493586  -0.7709935 ]
 [ 0.6658709  -0.49025226]
 [ 6.579067   -6.4004254 ]]
2025-12-21 21:44:50,316 - [INFO] - ------------------------------------------------------------
2025-12-21 21:44:50,316 - [INFO] - On Validation Set:
	Accuracy of RRL  Model: 0.907394609536973
	F1 Score of RRL  Model: 0.736760505251268
2025-12-21 21:44:50,322 - [INFO] - On Validation Set:
Performance of  RRL Model: 
[[1239   47]
 [  87   74]]
              precision    recall  f1-score   support

           0       0.93      0.96      0.95      1286
           1       0.61      0.46      0.52       161

    accuracy                           0.91      1447
   macro avg       0.77      0.71      0.74      1447
weighted avg       0.90      0.91      0.90      1447

2025-12-21 21:44:50,322 - [INFO] - ------------------------------------------------------------
2025-12-21 21:44:51,623 - [INFO] - epoch: 72, loss_rrl: 106.81586378067732
2025-12-21 21:44:52,052 - [DEBUG] - y_true: (1447,) [0 0 0 0 0 1 0 0 0 0 0 0 0 0 0 0 0 1 0 0 0 0 0 0 1 0 0 0 0 0 0 0 0 0 0 0 0
 0 1 1 0]
2025-12-21 21:44:52,202 - [DEBUG] - y_rrl_: (1447,) [0 0 0 0 0 1 0 0 0 0 0 0 0 0 0 0 0 0 0 0 0 0 0 0 1 0 0 0 0 0 0 0 0 0 0 0 0
 0 1 0 0]
2025-12-21 21:44:52,202 - [DEBUG] - y_rrl: (1447, 2) [[ 7.896737   -7.7228675 ]
 [ 1.4740896  -1.2977438 ]
 [ 6.3977795  -6.222756  ]
 [ 6.3977795  -6.222756  ]
 [ 7.896737   -7.7228675 ]
 [-0.13346791  0.31147528]
 [ 7.896737   -7.7228675 ]
 [ 7.896737   -7.7228675 ]
 [ 7.896737   -7.7228675 ]
 [ 5.2967772  -5.123691  ]
 [ 3.4694853  -3.2929974 ]
 [ 5.130278   -4.9536405 ]
 [ 5.9493737  -5.774918  ]
 [ 7.385438   -7.210572  ]
 [ 7.385438   -7.210572  ]
 [ 6.95757    -6.7843347 ]
 [ 7.896737   -7.7228675 ]
 [ 2.5303187  -2.354464  ]
 [ 4.8681355  -4.6932526 ]
 [ 5.558146   -5.379878  ]
 [ 7.896737   -7.7228675 ]
 [ 7.385438   -7.210572  ]
 [ 7.385438   -7.210572  ]
 [ 7.385438   -7.210572  ]
 [-1.0726345   1.2500086 ]
 [ 1.5221215  -1.3450484 ]
 [ 2.9101543  -2.733397  ]
 [ 7.385438   -7.210572  ]
 [ 5.558146   -5.379878  ]
 [ 7.385438   -7.210572  ]
 [ 7.896737   -7.7228675 ]
 [ 5.558146   -5.379878  ]
 [ 2.9581861  -2.780702  ]
 [ 2.0190196  -1.8421688 ]
 [ 7.896737   -7.7228675 ]
 [ 7.896737   -7.7228675 ]
 [ 7.385438   -7.210572  ]
 [ 7.385438   -7.210572  ]
 [-0.5613352   0.737713  ]
 [ 1.2659568  -1.0929811 ]
 [ 7.896737   -7.7228675 ]]
2025-12-21 21:44:52,204 - [INFO] - ------------------------------------------------------------
2025-12-21 21:44:52,204 - [INFO] - On Validation Set:
	Accuracy of RRL  Model: 0.9108500345542502
	F1 Score of RRL  Model: 0.7457783624990296
2025-12-21 21:44:52,210 - [INFO] - On Validation Set:
Performance of  RRL Model: 
[[1242   44]
 [  85   76]]
              precision    recall  f1-score   support

           0       0.94      0.97      0.95      1286
           1       0.63      0.47      0.54       161

    accuracy                           0.91      1447
   macro avg       0.78      0.72      0.75      1447
weighted avg       0.90      0.91      0.91      1447

2025-12-21 21:44:52,210 - [INFO] - ------------------------------------------------------------
2025-12-21 21:44:53,363 - [INFO] - epoch: 73, loss_rrl: 107.22521637286991
2025-12-21 21:44:54,034 - [DEBUG] - y_true: (1447,) [0 0 0 0 0 1 0 0 0 0 0 0 0 0 0 0 0 1 0 0 0 0 0 0 1 0 0 0 0 0 0 0 0 0 0 0 0
 0 1 1 0]
2025-12-21 21:44:54,185 - [DEBUG] - y_rrl_: (1447,) [0 0 0 0 0 0 0 0 0 0 0 0 0 0 0 0 0 0 0 0 0 0 0 0 1 0 0 0 0 0 0 0 0 0 0 0 0
 0 0 0 0]
2025-12-21 21:44:54,185 - [DEBUG] - y_rrl: (1447, 2) [[ 7.469023   -7.297702  ]
 [ 2.4214005  -2.247925  ]
 [ 5.9808354  -5.8083863 ]
 [ 6.8802304  -6.70787   ]
 [ 7.469023   -7.297702  ]
 [ 0.34536    -0.17006244]
 [ 8.368419   -8.1971855 ]
 [ 7.3811984  -7.2098126 ]
 [ 8.368419   -8.1971855 ]
 [ 4.7803698  -4.609742  ]
 [ 4.6154594  -4.4436693 ]
 [ 7.216288   -7.0437393 ]
 [ 6.93138    -6.7605467 ]
 [ 6.9680552  -6.795759  ]
 [ 8.368419   -8.1971855 ]
 [ 6.0561996  -5.8845215 ]
 [ 7.469023   -7.297702  ]
 [ 3.7036047  -3.5324306 ]
 [ 3.949966   -3.7766669 ]
 [ 6.2110343  -6.036655  ]
 [ 7.86745    -7.695243  ]
 [ 6.9680552  -6.795759  ]
 [ 6.9680552  -6.795759  ]
 [ 7.469023   -7.297702  ]
 [-0.06552705  0.23923324]
 [ 2.5092258  -2.3358142 ]
 [ 5.013886   -4.84121   ]
 [ 7.3811984  -7.2098126 ]
 [ 6.71532    -6.5417967 ]
 [ 7.699222   -7.5259705 ]
 [ 8.368419   -8.1971855 ]
 [ 7.198254   -7.024028  ]
 [ 4.1144915  -3.9417264 ]
 [ 2.215417   -2.043115  ]
 [ 8.368419   -8.1971855 ]
 [ 7.3811984  -7.2098126 ]
 [ 7.469023   -7.297702  ]
 [ 6.4818034  -6.310329  ]
 [ 2.6676536  -2.4966667 ]
 [ 1.7557987  -1.5854282 ]
 [ 6.4818034  -6.310329  ]]
2025-12-21 21:44:54,187 - [INFO] - ------------------------------------------------------------
2025-12-21 21:44:54,187 - [INFO] - On Validation Set:
	Accuracy of RRL  Model: 0.9032480995162405
	F1 Score of RRL  Model: 0.6405861897665176
2025-12-21 21:44:54,193 - [INFO] - On Validation Set:
Performance of  RRL Model: 
[[1272   14]
 [ 126   35]]
              precision    recall  f1-score   support

           0       0.91      0.99      0.95      1286
           1       0.71      0.22      0.33       161

    accuracy                           0.90      1447
   macro avg       0.81      0.60      0.64      1447
weighted avg       0.89      0.90      0.88      1447

2025-12-21 21:44:54,193 - [INFO] - ------------------------------------------------------------
2025-12-21 21:44:55,093 - [INFO] - epoch: 74, loss_rrl: 106.59000788070261
2025-12-21 21:44:56,011 - [DEBUG] - y_true: (1447,) [0 0 0 0 0 1 0 0 0 0 0 0 0 0 0 0 0 1 0 0 0 0 0 0 1 0 0 0 0 0 0 0 0 0 0 0 0
 0 1 1 0]
2025-12-21 21:44:56,160 - [DEBUG] - y_rrl_: (1447,) [0 0 0 0 0 1 0 0 0 0 0 0 0 0 0 0 0 0 0 0 0 0 0 0 1 0 0 0 0 0 0 0 0 0 0 0 0
 0 1 0 0]
2025-12-21 21:44:56,161 - [DEBUG] - y_rrl: (1447, 2) [[ 7.3745904  -7.205929  ]
 [ 0.09946183  0.07177015]
 [ 5.2222757  -5.0505285 ]
 [ 5.2222757  -5.0505285 ]
 [ 7.3745904  -7.205929  ]
 [-0.6401996   0.8128536 ]
 [ 7.3745904  -7.205929  ]
 [ 5.7137947  -5.543001  ]
 [ 7.3745904  -7.205929  ]
 [ 3.1283627  -2.9583006 ]
 [ 2.0789785  -1.9083773 ]
 [ 4.6644096  -4.493078  ]
 [ 5.464582   -5.295351  ]
 [ 6.8830714  -6.713456  ]
 [ 6.8830714  -6.713456  ]
 [ 6.014164   -5.845147  ]
 [ 6.691113   -6.520469  ]
 [ 2.0789785  -1.9083773 ]
 [ 3.912197   -3.741584  ]
 [ 4.06448    -3.8914464 ]
 [ 6.8830714  -6.713456  ]
 [ 6.8830714  -6.713456  ]
 [ 6.8830714  -6.713456  ]
 [ 6.8830714  -6.713456  ]
 [-1.5091068   1.6811621 ]
 [ 1.0378766  -0.86610883]
 [ 3.6530657  -3.4828846 ]
 [ 5.905753   -5.7359877 ]
 [ 5.0417986  -4.868914  ]
 [ 6.199594   -6.0279965 ]
 [ 7.3745904  -7.205929  ]
 [ 5.0417986  -4.868914  ]
 [ 1.5874594  -1.4159046 ]
 [ 0.6101411  -0.4384367 ]
 [ 7.3745904  -7.205929  ]
 [ 5.7137947  -5.543001  ]
 [ 6.8830714  -6.713456  ]
 [ 5.905753   -5.7359877 ]
 [-1.0175879   1.1886894 ]
 [ 0.8236851  -0.6558523 ]
 [ 5.7137947  -5.543001  ]]
2025-12-21 21:44:56,163 - [INFO] - ------------------------------------------------------------
2025-12-21 21:44:56,163 - [INFO] - On Validation Set:
	Accuracy of RRL  Model: 0.907394609536973
	F1 Score of RRL  Model: 0.7493588484090133
2025-12-21 21:44:56,169 - [INFO] - On Validation Set:
Performance of  RRL Model: 
[[1231   55]
 [  79   82]]
              precision    recall  f1-score   support

           0       0.94      0.96      0.95      1286
           1       0.60      0.51      0.55       161

    accuracy                           0.91      1447
   macro avg       0.77      0.73      0.75      1447
weighted avg       0.90      0.91      0.90      1447

2025-12-21 21:44:56,169 - [INFO] - ------------------------------------------------------------
2025-12-21 21:44:56,814 - [INFO] - epoch: 75, loss_rrl: 106.55614913254976
2025-12-21 21:44:57,971 - [DEBUG] - y_true: (1447,) [0 0 0 0 0 1 0 0 0 0 0 0 0 0 0 0 0 1 0 0 0 0 0 0 1 0 0 0 0 0 0 0 0 0 0 0 0
 0 1 1 0]
2025-12-21 21:44:58,121 - [DEBUG] - y_rrl_: (1447,) [0 1 0 0 0 1 0 0 0 0 0 0 0 0 0 0 0 0 0 0 0 0 0 0 1 0 0 0 0 0 0 0 0 0 0 0 0
 0 1 0 0]
2025-12-21 21:44:58,121 - [DEBUG] - y_rrl: (1447, 2) [[ 7.558207   -7.3920918 ]
 [-0.03166356  0.20080797]
 [ 5.390271   -5.221134  ]
 [ 5.390271   -5.221134  ]
 [ 7.558207   -7.3920918 ]
 [-1.8295223   1.999183  ]
 [ 7.558207   -7.3920918 ]
 [ 6.867612   -6.6995516 ]
 [ 7.558207   -7.3920918 ]
 [ 4.343143   -4.1757884 ]
 [ 2.3623059  -2.1942759 ]
 [ 4.886775   -4.7180386 ]
 [ 5.6379924  -5.4713173 ]
 [ 7.558207   -7.3920918 ]
 [ 7.558207   -7.3920918 ]
 [ 6.228982   -6.062516  ]
 [ 6.867612   -6.6995516 ]
 [ 2.3623059  -2.1942759 ]
 [ 4.106965   -3.938926  ]
 [ 5.727207   -5.55789   ]
 [ 7.0694146  -6.9023666 ]
 [ 7.558207   -7.3920918 ]
 [ 7.0694146  -6.9023666 ]
 [ 7.558207   -7.3920918 ]
 [-2.6699548   2.839034  ]
 [ 1.282524   -1.1133517 ]
 [ 4.397982   -4.2283134 ]
 [ 7.558207   -7.3920918 ]
 [ 5.727207   -5.55789   ]
 [ 6.867612   -6.6995516 ]
 [ 7.558207   -7.3920918 ]
 [ 5.238415   -5.068164  ]
 [ 1.8735133  -1.7045506 ]
 [ 1.8735133  -1.7045506 ]
 [ 7.558207   -7.3920918 ]
 [ 6.867612   -6.6995516 ]
 [ 7.0694146  -6.9023666 ]
 [ 7.558207   -7.3920918 ]
 [-0.74974024  0.91825885]
 [ 1.0812594  -0.9159436 ]
 [ 6.867612   -6.6995516 ]]
2025-12-21 21:44:58,123 - [INFO] - ------------------------------------------------------------
2025-12-21 21:44:58,123 - [INFO] - On Validation Set:
	Accuracy of RRL  Model: 0.9004837595024188
	F1 Score of RRL  Model: 0.7097453613417284
2025-12-21 21:44:58,129 - [INFO] - On Validation Set:
Performance of  RRL Model: 
[[1238   48]
 [  96   65]]
              precision    recall  f1-score   support

           0       0.93      0.96      0.95      1286
           1       0.58      0.40      0.47       161

    accuracy                           0.90      1447
   macro avg       0.75      0.68      0.71      1447
weighted avg       0.89      0.90      0.89      1447

2025-12-21 21:44:58,129 - [INFO] - ------------------------------------------------------------
2025-12-21 21:44:58,517 - [INFO] - epoch: 76, loss_rrl: 106.97484590858221
2025-12-21 21:44:59,937 - [DEBUG] - y_true: (1447,) [0 0 0 0 0 1 0 0 0 0 0 0 0 0 0 0 0 1 0 0 0 0 0 0 1 0 0 0 0 0 0 0 0 0 0 0 0
 0 1 1 0]
2025-12-21 21:45:00,091 - [DEBUG] - y_rrl_: (1447,) [0 0 0 0 0 1 0 0 0 0 0 0 0 0 0 0 0 0 0 0 0 0 0 0 1 0 0 0 0 0 0 0 0 0 0 0 0
 0 0 0 0]
2025-12-21 21:45:00,092 - [DEBUG] - y_rrl: (1447, 2) [[ 7.519629   -7.3559937 ]
 [ 1.2059225  -1.0392189 ]
 [ 5.392184   -5.225586  ]
 [ 5.392184   -5.225586  ]
 [ 7.519629   -7.3559937 ]
 [-0.3057261   0.4732099 ]
 [ 7.519629   -7.3559937 ]
 [ 5.856182   -5.6904974 ]
 [ 7.519629   -7.3559937 ]
 [ 2.6651285  -2.500413  ]
 [ 0.30665433 -0.14078969]
 [ 5.6910973  -5.5243235 ]
 [ 7.05563    -6.8910823 ]
 [ 7.05563    -6.8910823 ]
 [ 5.682531   -5.517358  ]
 [ 6.6993384  -6.5362697 ]
 [ 6.824854   -6.65931   ]
 [ 1.6797539  -1.5145142 ]
 [ 4.5437007  -4.3790836 ]
 [ 4.2584276  -4.090599  ]
 [ 7.519629   -7.3559937 ]
 [ 7.05563    -6.8910823 ]
 [ 7.05563    -6.8910823 ]
 [ 7.05563    -6.8910823 ]
 [-0.3057261   0.4732099 ]
 [ 2.0360456  -1.8693273 ]
 [ 4.769213   -4.6035204 ]
 [ 6.0869584  -5.92227   ]
 [ 5.2270994  -5.059412  ]
 [ 6.3608556  -6.1943984 ]
 [ 7.519629   -7.3559937 ]
 [ 4.4068093  -4.2396874 ]
 [ 1.2157558  -1.0496027 ]
 [ 0.24708414 -0.08078998]
 [ 7.519629   -7.3559937 ]
 [ 5.856182   -5.6904974 ]
 [ 7.05563    -6.8910823 ]
 [ 6.0869584  -5.92227   ]
 [ 0.15827212  0.00829836]
 [ 1.1665133  -1.0036472 ]
 [ 5.856182   -5.6904974 ]]
2025-12-21 21:45:00,094 - [INFO] - ------------------------------------------------------------
2025-12-21 21:45:00,094 - [INFO] - On Validation Set:
	Accuracy of RRL  Model: 0.9053213545266068
	F1 Score of RRL  Model: 0.730012679553233
2025-12-21 21:45:00,100 - [INFO] - On Validation Set:
Performance of  RRL Model: 
[[1238   48]
 [  89   72]]
              precision    recall  f1-score   support

           0       0.93      0.96      0.95      1286
           1       0.60      0.45      0.51       161

    accuracy                           0.91      1447
   macro avg       0.77      0.70      0.73      1447
weighted avg       0.90      0.91      0.90      1447

2025-12-21 21:45:00,100 - [INFO] - ------------------------------------------------------------
2025-12-21 21:45:00,239 - [INFO] - epoch: 77, loss_rrl: 106.22723752632737
2025-12-21 21:45:01,681 - [INFO] - epoch: 78, loss_rrl: 106.7670031581074
2025-12-21 21:45:01,799 - [DEBUG] - y_true: (1447,) [0 0 0 0 0 1 0 0 0 0 0 0 0 0 0 0 0 1 0 0 0 0 0 0 1 0 0 0 0 0 0 0 0 0 0 0 0
 0 1 1 0]
2025-12-21 21:45:02,005 - [DEBUG] - y_rrl_: (1447,) [0 0 0 0 0 1 0 0 0 0 0 0 0 0 0 0 0 0 0 0 0 0 0 0 1 0 0 0 0 0 0 0 0 0 0 0 0
 0 0 0 0]
2025-12-21 21:45:02,005 - [DEBUG] - y_rrl: (1447, 2) [[ 7.2787080e+00 -7.1175065e+00]
 [ 1.5820934e-01  5.4639392e-03]
 [ 5.8524013e+00 -5.6901698e+00]
 [ 5.8524013e+00 -5.6901698e+00]
 [ 7.2787080e+00 -7.1175065e+00]
 [-5.5416596e-01  7.1914923e-01]
 [ 7.2787080e+00 -7.1175065e+00]
 [ 6.3346591e+00 -6.1733212e+00]
 [ 7.2787080e+00 -7.1175065e+00]
 [ 3.8603041e+00 -3.6996241e+00]
 [ 2.3110559e+00 -2.1486971e+00]
 [ 5.3761215e+00 -5.2142644e+00]
 [ 6.7964511e+00 -6.6343551e+00]
 [ 7.2787080e+00 -7.1175065e+00]
 [ 7.2787080e+00 -7.1175065e+00]
 [ 6.4742980e+00 -6.3136458e+00]
 [ 7.2787080e+00 -7.1175065e+00]
 [ 2.9017668e+00 -2.7405679e+00]
 [ 4.3044190e+00 -4.1422429e+00]
 [ 4.5552421e+00 -4.3908253e+00]
 [ 7.2787080e+00 -7.1175065e+00]
 [ 7.2787080e+00 -7.1175065e+00]
 [ 6.7964511e+00 -6.6343551e+00]
 [ 7.2787080e+00 -7.1175065e+00]
 [-1.3585758e+00  1.5230095e+00]
 [ 2.5426795e+00 -2.3781631e+00]
 [ 4.3703141e+00 -4.2095065e+00]
 [ 6.3346591e+00 -6.1733212e+00]
 [ 6.1805310e+00 -6.0181251e+00]
 [ 7.2787080e+00 -7.1175065e+00]
 [ 7.2787080e+00 -7.1175065e+00]
 [ 5.0170341e+00 -4.8518600e+00]
 [ 3.2239194e+00 -3.0612769e+00]
 [ 1.4754601e+00 -1.3132308e+00]
 [ 7.2787080e+00 -7.1175065e+00]
 [ 6.3346591e+00 -6.1733212e+00]
 [ 6.7964511e+00 -6.6343551e+00]
 [ 6.3346591e+00 -6.1733212e+00]
 [ 9.0309811e-01 -7.4263716e-01]
 [ 9.0309811e-01 -7.4263716e-01]
 [ 6.3346591e+00 -6.1733212e+00]]
2025-12-21 21:45:02,007 - [INFO] - ------------------------------------------------------------
2025-12-21 21:45:02,007 - [INFO] - On Validation Set:
	Accuracy of RRL  Model: 0.9067035245335177
	F1 Score of RRL  Model: 0.7012200810940198
2025-12-21 21:45:02,013 - [INFO] - On Validation Set:
Performance of  RRL Model: 
[[1256   30]
 [ 105   56]]
              precision    recall  f1-score   support

           0       0.92      0.98      0.95      1286
           1       0.65      0.35      0.45       161

    accuracy                           0.91      1447
   macro avg       0.79      0.66      0.70      1447
weighted avg       0.89      0.91      0.89      1447

2025-12-21 21:45:02,013 - [INFO] - ------------------------------------------------------------
2025-12-21 21:45:03,314 - [INFO] - epoch: 79, loss_rrl: 108.00004645250738
2025-12-21 21:45:03,661 - [DEBUG] - y_true: (1447,) [0 0 0 0 0 1 0 0 0 0 0 0 0 0 0 0 0 1 0 0 0 0 0 0 1 0 0 0 0 0 0 0 0 0 0 0 0
 0 1 1 0]
2025-12-21 21:45:03,810 - [DEBUG] - y_rrl_: (1447,) [0 0 0 0 0 1 0 0 0 0 0 0 0 0 0 0 0 0 0 0 0 0 0 0 1 0 0 0 0 0 0 0 0 0 0 0 0
 0 1 0 0]
2025-12-21 21:45:03,810 - [DEBUG] - y_rrl: (1447, 2) [[ 6.43529    -6.2762604 ]
 [ 1.6066734  -1.4462899 ]
 [ 4.236472   -4.076707  ]
 [ 5.858001   -5.69804   ]
 [ 5.6774535  -5.5186973 ]
 [-0.5517044   0.7143696 ]
 [ 7.2989826  -7.1400304 ]
 [ 7.2989826  -7.1400304 ]
 [ 7.2989826  -7.1400304 ]
 [ 4.815583   -4.6572704 ]
 [ 3.0543334  -2.892999  ]
 [ 3.956853   -3.7956862 ]
 [ 5.0528374  -4.8944974 ]
 [ 5.6774535  -5.5186973 ]
 [ 7.2989826  -7.1400304 ]
 [ 5.6122465  -5.4537506 ]
 [ 6.43529    -6.2762604 ]
 [ 2.2312899  -2.0704892 ]
 [ 3.4514253  -3.2914271 ]
 [ 5.537733   -5.3757596 ]
 [ 7.2989826  -7.1400304 ]
 [ 5.6774535  -5.5186973 ]
 [ 5.18088    -5.0212483 ]
 [ 6.43529    -6.2762604 ]
 [-0.87817466  1.0394301 ]
 [ 0.80818796 -0.6474664 ]
 [ 2.5984092  -2.4368098 ]
 [ 7.2989826  -7.1400304 ]
 [ 4.7798963  -4.618196  ]
 [ 7.2989826  -7.1400304 ]
 [ 7.2989826  -7.1400304 ]
 [ 5.3720603  -5.2106643 ]
 [ 2.55776    -2.3955495 ]
 [ 0.9768797  -0.8154764 ]
 [ 6.5411463  -6.3824673 ]
 [ 7.2989826  -7.1400304 ]
 [ 5.6774535  -5.5186973 ]
 [ 6.43529    -6.2762604 ]
 [-0.87817466  1.0394301 ]
 [ 0.883075   -0.7248415 ]
 [ 6.43529    -6.2762604 ]]
2025-12-21 21:45:03,812 - [INFO] - ------------------------------------------------------------
2025-12-21 21:45:03,812 - [INFO] - On Validation Set:
	Accuracy of RRL  Model: 0.9108500345542502
	F1 Score of RRL  Model: 0.755065326672729
2025-12-21 21:45:03,818 - [INFO] - On Validation Set:
Performance of  RRL Model: 
[[1236   50]
 [  79   82]]
              precision    recall  f1-score   support

           0       0.94      0.96      0.95      1286
           1       0.62      0.51      0.56       161

    accuracy                           0.91      1447
   macro avg       0.78      0.74      0.76      1447
weighted avg       0.90      0.91      0.91      1447

2025-12-21 21:45:03,818 - [INFO] - ------------------------------------------------------------
2025-12-21 21:45:04,896 - [INFO] - epoch: 80, loss_rrl: 106.32833611406386
2025-12-21 21:45:05,721 - [DEBUG] - y_true: (1447,) [0 0 0 0 0 1 0 0 0 0 0 0 0 0 0 0 0 1 0 0 0 0 0 0 1 0 0 0 0 0 0 0 0 0 0 0 0
 0 1 1 0]
2025-12-21 21:45:05,871 - [DEBUG] - y_rrl_: (1447,) [0 0 0 0 0 1 0 0 0 0 0 0 0 0 0 0 0 0 0 0 0 0 0 0 1 0 0 0 0 0 0 0 0 0 0 0 0
 0 0 0 0]
2025-12-21 21:45:05,871 - [DEBUG] - y_rrl: (1447, 2) [[ 7.719702   -7.562521  ]
 [ 2.8403938  -2.681264  ]
 [ 5.5223937  -5.364489  ]
 [ 6.275299   -6.1171255 ]
 [ 6.966797   -6.809885  ]
 [-0.16148522  0.32232866]
 [ 7.719702   -7.562521  ]
 [ 7.719702   -7.562521  ]
 [ 7.719702   -7.562521  ]
 [ 5.2051883  -5.0486298 ]
 [ 3.4550064  -3.2954707 ]
 [ 5.2166147  -5.0567255 ]
 [ 6.966797   -6.809885  ]
 [ 6.4730134  -6.315239  ]
 [ 7.719702   -7.562521  ]
 [ 6.8891335  -6.7324743 ]
 [ 7.719702   -7.562521  ]
 [ 2.6244376  -2.4654236 ]
 [ 4.7058687  -4.5477242 ]
 [ 5.475736   -5.3147163 ]
 [ 7.719702   -7.562521  ]
 [ 6.4730134  -6.315239  ]
 [ 6.4730134  -6.315239  ]
 [ 7.719702   -7.562521  ]
 [-0.4982704   0.65773004]
 [ 2.7021015  -2.5428348 ]
 [ 3.8418195  -3.6814973 ]
 [ 7.719702   -7.562521  ]
 [ 4.7228312  -4.5620804 ]
 [ 7.719702   -7.562521  ]
 [ 7.719702   -7.562521  ]
 [ 4.9543896  -4.7953215 ]
 [ 2.9612226  -2.800825  ]
 [ 1.377749   -1.2181419 ]
 [ 6.966797   -6.809885  ]
 [ 7.719702   -7.562521  ]
 [ 6.966797   -6.809885  ]
 [ 7.719702   -7.562521  ]
 [ 1.3944255  -1.2356051 ]
 [ 1.2519119  -1.095429  ]
 [ 7.719702   -7.562521  ]]
2025-12-21 21:45:05,873 - [INFO] - ------------------------------------------------------------
2025-12-21 21:45:05,874 - [INFO] - On Validation Set:
	Accuracy of RRL  Model: 0.9094678645473393
	F1 Score of RRL  Model: 0.7163055077053397
2025-12-21 21:45:05,879 - [INFO] - On Validation Set:
Performance of  RRL Model: 
[[1255   31]
 [ 100   61]]
              precision    recall  f1-score   support

           0       0.93      0.98      0.95      1286
           1       0.66      0.38      0.48       161

    accuracy                           0.91      1447
   macro avg       0.79      0.68      0.72      1447
weighted avg       0.90      0.91      0.90      1447

2025-12-21 21:45:05,879 - [INFO] - ------------------------------------------------------------
2025-12-21 21:45:06,662 - [INFO] - epoch: 81, loss_rrl: 106.26854809001088
2025-12-21 21:45:07,437 - [DEBUG] - y_true: (1447,) [0 0 0 0 0 1 0 0 0 0 0 0 0 0 0 0 0 1 0 0 0 0 0 0 1 0 0 0 0 0 0 0 0 0 0 0 0
 0 1 1 0]
2025-12-21 21:45:07,586 - [DEBUG] - y_rrl_: (1447,) [0 0 0 0 0 1 0 0 0 0 0 0 0 0 0 0 0 0 0 0 0 0 0 0 1 0 0 0 0 0 0 0 0 0 0 0 0
 0 1 0 0]
2025-12-21 21:45:07,586 - [DEBUG] - y_rrl: (1447, 2) [[ 7.5497313  -7.394315  ]
 [ 1.321543   -1.1632185 ]
 [ 5.1323366  -4.974801  ]
 [ 5.1323366  -4.974801  ]
 [ 7.5497313  -7.394315  ]
 [-0.25431994  0.4133523 ]
 [ 7.5497313  -7.394315  ]
 [ 5.613022   -5.456334  ]
 [ 7.5497313  -7.394315  ]
 [ 3.133372   -2.9772897 ]
 [ 2.4974864  -2.3402522 ]
 [ 5.798458   -5.640108  ]
 [ 7.069046   -6.9127817 ]
 [ 7.5497313  -7.394315  ]
 [ 7.5497313  -7.394315  ]
 [ 6.247724   -6.0919704 ]
 [ 6.528768   -6.3722086 ]
 [ 2.4974864  -2.3402522 ]
 [ 4.0564733  -3.899251  ]
 [ 4.882712   -4.7242336 ]
 [ 7.069046   -6.9127817 ]
 [ 7.5497313  -7.394315  ]
 [ 7.069046   -6.9127817 ]
 [ 7.5497313  -7.394315  ]
 [-2.5365825   2.6947813 ]
 [ 2.8381224  -2.6795297 ]
 [ 4.7191935  -4.561817  ]
 [ 6.6339855  -6.4784403 ]
 [ 5.798458   -5.640108  ]
 [ 6.528768   -6.3722086 ]
 [ 7.5497313  -7.394315  ]
 [ 5.317773   -5.1585746 ]
 [ 2.0168009  -1.8587185 ]
 [ 1.1010549  -0.94284415]
 [ 7.5497313  -7.394315  ]
 [ 5.613022   -5.456334  ]
 [ 7.069046   -6.9127817 ]
 [ 6.6339855  -6.4784403 ]
 [-0.59495616  0.75263   ]
 [ 1.1563175  -1.0015771 ]
 [ 5.613022   -5.456334  ]]
2025-12-21 21:45:07,588 - [INFO] - ------------------------------------------------------------
2025-12-21 21:45:07,588 - [INFO] - On Validation Set:
	Accuracy of RRL  Model: 0.902557014512785
	F1 Score of RRL  Model: 0.7091183603289949
2025-12-21 21:45:07,594 - [INFO] - On Validation Set:
Performance of  RRL Model: 
[[1243   43]
 [  98   63]]
              precision    recall  f1-score   support

           0       0.93      0.97      0.95      1286
           1       0.59      0.39      0.47       161

    accuracy                           0.90      1447
   macro avg       0.76      0.68      0.71      1447
weighted avg       0.89      0.90      0.89      1447

2025-12-21 21:45:07,594 - [INFO] - ------------------------------------------------------------
2025-12-21 21:45:08,202 - [INFO] - epoch: 82, loss_rrl: 107.25682618096471
2025-12-21 21:45:09,154 - [DEBUG] - y_true: (1447,) [0 0 0 0 0 1 0 0 0 0 0 0 0 0 0 0 0 1 0 0 0 0 0 0 1 0 0 0 0 0 0 0 0 0 0 0 0
 0 1 1 0]
2025-12-21 21:45:09,303 - [DEBUG] - y_rrl_: (1447,) [0 1 0 0 0 1 0 0 0 0 0 0 0 0 0 0 0 0 0 0 0 0 0 0 1 0 0 0 0 0 0 0 0 0 0 0 0
 0 0 0 0]
2025-12-21 21:45:09,303 - [DEBUG] - y_rrl: (1447, 2) [[ 7.7956023  -7.6419296 ]
 [-0.17057063  0.32634228]
 [ 5.4076743  -5.251919  ]
 [ 6.40838    -6.253748  ]
 [ 7.7956023  -7.6419296 ]
 [ 0.02876955  0.12846738]
 [ 7.7956023  -7.6419296 ]
 [ 5.4076743  -5.251919  ]
 [ 7.7956023  -7.6419296 ]
 [ 2.9754894  -2.820325  ]
 [ 2.2935364  -2.1372302 ]
 [ 5.2123094  -5.056247  ]
 [ 6.3412466  -6.187891  ]
 [ 7.7956023  -7.6419296 ]
 [ 7.7956023  -7.6419296 ]
 [ 6.9875426  -6.8343697 ]
 [ 6.3083086  -6.1526775 ]
 [ 2.2935364  -2.1372302 ]
 [ 4.758659   -4.6040373 ]
 [ 6.1204405  -5.964877  ]
 [ 7.7956023  -7.6419296 ]
 [ 7.7956023  -7.6419296 ]
 [ 7.309014   -7.1545067 ]
 [ 7.7956023  -7.6419296 ]
 [-0.2927022   0.4486047 ]
 [ 2.133829   -1.978174  ]
 [ 4.7257214  -4.5688243 ]
 [ 6.894968   -6.741171  ]
 [ 6.0203695  -5.8638067 ]
 [ 7.7956023  -7.6419296 ]
 [ 7.7956023  -7.6419296 ]
 [ 6.5344863  -6.378213  ]
 [ 2.2935364  -2.1372302 ]
 [ 1.3929021  -1.2364715 ]
 [ 7.7956023  -7.6419296 ]
 [ 6.894968   -6.741171  ]
 [ 7.7956023  -7.6419296 ]
 [ 6.894968   -6.741171  ]
 [ 1.0294749  -0.87336177]
 [ 0.99594223 -0.84209496]
 [ 5.4076743  -5.251919  ]]
2025-12-21 21:45:09,305 - [INFO] - ------------------------------------------------------------
2025-12-21 21:45:09,306 - [INFO] - On Validation Set:
	Accuracy of RRL  Model: 0.9060124395300622
	F1 Score of RRL  Model: 0.6933672388217842
2025-12-21 21:45:09,311 - [INFO] - On Validation Set:
Performance of  RRL Model: 
[[1258   28]
 [ 108   53]]
              precision    recall  f1-score   support

           0       0.92      0.98      0.95      1286
           1       0.65      0.33      0.44       161

    accuracy                           0.91      1447
   macro avg       0.79      0.65      0.69      1447
weighted avg       0.89      0.91      0.89      1447

2025-12-21 21:45:09,312 - [INFO] - ------------------------------------------------------------
2025-12-21 21:45:09,670 - [INFO] - epoch: 83, loss_rrl: 106.62673606723547
2025-12-21 21:45:10,882 - [DEBUG] - y_true: (1447,) [0 0 0 0 0 1 0 0 0 0 0 0 0 0 0 0 0 1 0 0 0 0 0 0 1 0 0 0 0 0 0 0 0 0 0 0 0
 0 1 1 0]
2025-12-21 21:45:11,030 - [DEBUG] - y_rrl_: (1447,) [0 0 0 0 0 1 0 0 0 0 0 0 0 0 0 0 0 0 0 0 0 0 0 0 0 0 0 0 0 0 0 0 0 0 0 0 0
 0 0 0 0]
2025-12-21 21:45:11,031 - [DEBUG] - y_rrl: (1447, 2) [[ 7.5565634  -7.404609  ]
 [ 1.8544979  -1.7005316 ]
 [ 4.4867616  -4.3330116 ]
 [ 5.201629   -5.047625  ]
 [ 6.841696   -6.689996  ]
 [-0.15143692  0.30690736]
 [ 7.5565634  -7.404609  ]
 [ 5.6970663  -5.5438833 ]
 [ 7.5565634  -7.404609  ]
 [ 2.5926857  -2.4403327 ]
 [ 0.42931795 -0.27528134]
 [ 5.0391903  -4.884643  ]
 [ 6.841696   -6.689996  ]
 [ 6.346259   -6.193737  ]
 [ 6.12926    -5.97675   ]
 [ 6.763509   -6.612044  ]
 [ 6.57544    -6.422379  ]
 [ 1.8566216  -1.7031405 ]
 [ 4.481221   -4.3283267 ]
 [ 4.3802466  -4.2245026 ]
 [ 7.5565634  -7.404609  ]
 [ 6.346259   -6.193737  ]
 [ 6.346259   -6.193737  ]
 [ 7.5565634  -7.404609  ]
 [ 0.34400022 -0.18935099]
 [ 2.649677   -2.4957056 ]
 [ 4.679463   -4.5255933 ]
 [ 6.67819    -6.5261135 ]
 [ 4.543753   -4.3883843 ]
 [ 6.57544    -6.422379  ]
 [ 7.5565634  -7.404609  ]
 [ 3.7506979  -3.595819  ]
 [ 1.3611845  -1.2068818 ]
 [ 0.48281097 -0.32838646]
 [ 6.841696   -6.689996  ]
 [ 5.6970663  -5.5438833 ]
 [ 6.841696   -6.689996  ]
 [ 6.67819    -6.5261135 ]
 [ 1.3251239  -1.1715813 ]
 [ 1.3534508  -1.2021384 ]
 [ 5.6970663  -5.5438833 ]]
2025-12-21 21:45:11,033 - [INFO] - ------------------------------------------------------------
2025-12-21 21:45:11,033 - [INFO] - On Validation Set:
	Accuracy of RRL  Model: 0.8977194194885971
	F1 Score of RRL  Model: 0.6851054569408664
2025-12-21 21:45:11,039 - [INFO] - On Validation Set:
Performance of  RRL Model: 
[[1244   42]
 [ 106   55]]
              precision    recall  f1-score   support

           0       0.92      0.97      0.94      1286
           1       0.57      0.34      0.43       161

    accuracy                           0.90      1447
   macro avg       0.74      0.65      0.69      1447
weighted avg       0.88      0.90      0.89      1447

2025-12-21 21:45:11,039 - [INFO] - ------------------------------------------------------------
2025-12-21 21:45:11,194 - [INFO] - epoch: 84, loss_rrl: 106.09279978461564
2025-12-21 21:45:12,555 - [INFO] - epoch: 85, loss_rrl: 106.44827009364963
2025-12-21 21:45:12,637 - [DEBUG] - y_true: (1447,) [0 0 0 0 0 1 0 0 0 0 0 0 0 0 0 0 0 1 0 0 0 0 0 0 1 0 0 0 0 0 0 0 0 0 0 0 0
 0 1 1 0]
2025-12-21 21:45:12,787 - [DEBUG] - y_rrl_: (1447,) [0 0 0 0 0 1 0 0 0 0 0 0 0 0 0 0 0 0 0 0 0 0 0 0 1 0 0 0 0 0 0 0 0 0 0 0 0
 0 0 0 0]
2025-12-21 21:45:12,788 - [DEBUG] - y_rrl: (1447, 2) [[ 7.114807   -6.964536  ]
 [ 0.9906904  -0.8382196 ]
 [ 5.7476177  -5.596421  ]
 [ 5.7476177  -5.596421  ]
 [ 6.2510014  -6.100613  ]
 [-0.58844614  0.7421833 ]
 [ 7.114807   -6.964536  ]
 [ 7.114807   -6.964536  ]
 [ 7.114807   -6.964536  ]
 [ 4.713586   -4.563874  ]
 [ 2.0410085  -1.8883756 ]
 [ 4.531838   -4.3792434 ]
 [ 5.756588   -5.6037955 ]
 [ 5.396167   -5.244064  ]
 [ 6.259972   -6.107987  ]
 [ 5.485775   -5.334269  ]
 [ 6.2510014  -6.100613  ]
 [ 2.1306162  -1.9785808 ]
 [ 4.019731   -3.8685286 ]
 [ 5.306035   -5.1529613 ]
 [ 7.114807   -6.964536  ]
 [ 6.259972   -6.107987  ]
 [ 6.6114225  -6.460345  ]
 [ 5.396167   -5.244064  ]
 [-1.3626434   1.5159013 ]
 [ 2.4014297  -2.2481074 ]
 [ 2.4567344  -2.3039608 ]
 [ 6.259972   -6.107987  ]
 [ 5.306035   -5.1529613 ]
 [ 7.114807   -6.964536  ]
 [ 7.114807   -6.964536  ]
 [ 4.802651   -4.648769  ]
 [ 2.4014297  -2.2481074 ]
 [ 1.6272324  -1.4743892 ]
 [ 7.114807   -6.964536  ]
 [ 7.114807   -6.964536  ]
 [ 6.6114225  -6.460345  ]
 [ 6.259972   -6.107987  ]
 [ 0.09467755  0.05668356]
 [ 0.09467755  0.05668356]
 [ 7.114807   -6.964536  ]]
2025-12-21 21:45:12,790 - [INFO] - ------------------------------------------------------------
2025-12-21 21:45:12,790 - [INFO] - On Validation Set:
	Accuracy of RRL  Model: 0.9067035245335177
	F1 Score of RRL  Model: 0.7269937235599196
2025-12-21 21:45:12,796 - [INFO] - On Validation Set:
Performance of  RRL Model: 
[[1243   43]
 [  92   69]]
              precision    recall  f1-score   support

           0       0.93      0.97      0.95      1286
           1       0.62      0.43      0.51       161

    accuracy                           0.91      1447
   macro avg       0.77      0.70      0.73      1447
weighted avg       0.90      0.91      0.90      1447

2025-12-21 21:45:12,796 - [INFO] - ------------------------------------------------------------
2025-12-21 21:45:14,026 - [INFO] - epoch: 86, loss_rrl: 106.11011059582233
2025-12-21 21:45:14,319 - [DEBUG] - y_true: (1447,) [0 0 0 0 0 1 0 0 0 0 0 0 0 0 0 0 0 1 0 0 0 0 0 0 1 0 0 0 0 0 0 0 0 0 0 0 0
 0 1 1 0]
2025-12-21 21:45:14,467 - [DEBUG] - y_rrl_: (1447,) [0 0 0 0 0 1 0 0 0 0 0 0 0 0 0 0 0 0 0 0 0 0 0 0 1 0 0 0 0 0 0 0 0 0 0 0 0
 0 1 0 0]
2025-12-21 21:45:14,468 - [DEBUG] - y_rrl: (1447, 2) [[ 6.4317565  -6.283079  ]
 [ 1.9035139  -1.7522532 ]
 [ 4.3494163  -4.2000732 ]
 [ 5.888422   -5.7389026 ]
 [ 4.865415   -4.716867  ]
 [-0.47038767  0.62242013]
 [ 7.2690544  -7.1204457 ]
 [ 7.2690544  -7.1204457 ]
 [ 7.2690544  -7.1204457 ]
 [ 4.857592   -4.7095275 ]
 [ 2.1688187  -2.0178745 ]
 [ 4.7432065  -4.5920787 ]
 [ 4.6001096  -4.4512463 ]
 [ 4.865415   -4.716867  ]
 [ 7.2690544  -7.1204457 ]
 [ 5.6559014  -5.507693  ]
 [ 5.567123   -5.4183297 ]
 [ 2.2575977  -2.1072376 ]
 [ 3.3278232  -3.1782196 ]
 [ 5.4449143  -5.2935414 ]
 [ 7.2690544  -7.1204457 ]
 [ 5.7300487  -5.5816164 ]
 [ 5.21405    -5.0648227 ]
 [ 5.567123   -5.4183297 ]
 [-1.2462424   1.3978064 ]
 [ 0.3645081  -0.21342386]
 [ 4.302052   -4.15157   ]
 [ 7.2690544  -7.1204457 ]
 [ 4.7432065  -4.5920787 ]
 [ 7.2690544  -7.1204457 ]
 [ 7.2690544  -7.1204457 ]
 [ 5.1745076  -5.0236588 ]
 [ 2.5174537  -2.3658302 ]
 [ 1.0398912  -0.888981  ]
 [ 6.5673466  -6.418983  ]
 [ 7.2690544  -7.1204457 ]
 [ 5.21405    -5.0648227 ]
 [ 6.4317565  -6.283079  ]
 [-0.73024404  0.8810126 ]
 [ 2.6680596  -2.5194428 ]
 [ 6.4317565  -6.283079  ]]
2025-12-21 21:45:14,470 - [INFO] - ------------------------------------------------------------
2025-12-21 21:45:14,470 - [INFO] - On Validation Set:
	Accuracy of RRL  Model: 0.907394609536973
	F1 Score of RRL  Model: 0.7281234576210347
2025-12-21 21:45:14,476 - [INFO] - On Validation Set:
Performance of  RRL Model: 
[[1244   42]
 [  92   69]]
              precision    recall  f1-score   support

           0       0.93      0.97      0.95      1286
           1       0.62      0.43      0.51       161

    accuracy                           0.91      1447
   macro avg       0.78      0.70      0.73      1447
weighted avg       0.90      0.91      0.90      1447

2025-12-21 21:45:14,476 - [INFO] - ------------------------------------------------------------
2025-12-21 21:45:15,922 - [INFO] - epoch: 87, loss_rrl: 106.94244869984686
2025-12-21 21:45:16,632 - [DEBUG] - y_true: (1447,) [0 0 0 0 0 1 0 0 0 0 0 0 0 0 0 0 0 1 0 0 0 0 0 0 1 0 0 0 0 0 0 0 0 0 0 0 0
 0 1 1 0]
2025-12-21 21:45:16,894 - [DEBUG] - y_rrl_: (1447,) [0 0 0 0 0 1 0 0 0 0 0 0 0 0 0 0 0 0 0 0 0 0 0 0 1 0 0 0 0 0 0 0 0 0 0 0 0
 0 0 0 0]
2025-12-21 21:45:16,894 - [DEBUG] - y_rrl: (1447, 2) [[ 7.162543   -7.0155706 ]
 [ 2.3130224  -2.1642113 ]
 [ 4.1688623  -4.0201783 ]
 [ 4.860764   -4.7118387 ]
 [ 5.609901   -5.4630556 ]
 [-0.598986    0.7493362 ]
 [ 7.162543   -7.0155706 ]
 [ 5.7215047  -5.572693  ]
 [ 7.162543   -7.0155706 ]
 [ 3.294891   -3.1466093 ]
 [ 1.5324848  -1.3824222 ]
 [ 4.641814   -4.4923596 ]
 [ 6.4706416  -6.3239107 ]
 [ 5.609901   -5.4630556 ]
 [ 7.162543   -7.0155706 ]
 [ 6.3956904  -6.249177  ]
 [ 4.860764   -4.7118387 ]
 [ 1.6263733  -1.4768829 ]
 [ 4.058864   -3.910971  ]
 [ 5.333716   -5.18402   ]
 [ 7.162543   -7.0155706 ]
 [ 6.4706416  -6.3239107 ]
 [ 5.9567647  -5.809251  ]
 [ 6.301802   -6.1547165 ]
 [-0.8519614   1.0010703 ]
 [ 2.2152011  -2.0662758 ]
 [ 4.161469   -4.012644  ]
 [ 7.162543   -7.0155706 ]
 [ 4.641814   -4.4923596 ]
 [ 6.2353816  -6.0873528 ]
 [ 7.162543   -7.0155706 ]
 [ 4.288247   -4.139524  ]
 [ 2.3932257  -2.2432766 ]
 [ 0.93447185 -0.7852225 ]
 [ 6.4706416  -6.3239107 ]
 [ 6.2353816  -6.0873528 ]
 [ 6.4706416  -6.3239107 ]
 [ 7.162543   -7.0155706 ]
 [ 0.32817608 -0.17888212]
 [ 0.4629895  -0.31582117]
 [ 5.7215047  -5.572693  ]]
2025-12-21 21:45:16,897 - [INFO] - ------------------------------------------------------------
2025-12-21 21:45:16,897 - [INFO] - On Validation Set:
	Accuracy of RRL  Model: 0.9080856945404284
	F1 Score of RRL  Model: 0.71602708537145
2025-12-21 21:45:16,906 - [INFO] - On Validation Set:
Performance of  RRL Model: 
[[1252   34]
 [  99   62]]
              precision    recall  f1-score   support

           0       0.93      0.97      0.95      1286
           1       0.65      0.39      0.48       161

    accuracy                           0.91      1447
   macro avg       0.79      0.68      0.72      1447
weighted avg       0.90      0.91      0.90      1447

2025-12-21 21:45:16,906 - [INFO] - ------------------------------------------------------------
2025-12-21 21:45:18,075 - [INFO] - epoch: 88, loss_rrl: 107.05584686808288
2025-12-21 21:45:19,095 - [DEBUG] - y_true: (1447,) [0 0 0 0 0 1 0 0 0 0 0 0 0 0 0 0 0 1 0 0 0 0 0 0 1 0 0 0 0 0 0 0 0 0 0 0 0
 0 1 1 0]
2025-12-21 21:45:19,340 - [DEBUG] - y_rrl_: (1447,) [0 0 0 0 0 1 0 0 0 0 0 0 0 0 0 0 0 0 0 0 0 0 0 0 1 0 0 0 0 0 0 0 0 0 0 0 0
 0 1 0 0]
2025-12-21 21:45:19,341 - [DEBUG] - y_rrl: (1447, 2) [[ 7.2850275  -7.1396637 ]
 [ 0.9234224  -0.7765744 ]
 [ 5.9308643  -5.7846193 ]
 [ 5.9308643  -5.7846193 ]
 [ 7.2850275  -7.1396637 ]
 [-0.39579916  0.54449683]
 [ 7.2850275  -7.1396637 ]
 [ 5.9308643  -5.7846193 ]
 [ 7.2850275  -7.1396637 ]
 [ 2.8570344  -2.7115424 ]
 [ 1.14791    -1.0002939 ]
 [ 4.736271   -4.5886717 ]
 [ 7.2850275  -7.1396637 ]
 [ 7.2850275  -7.1396637 ]
 [ 7.2850275  -7.1396637 ]
 [ 6.022785   -5.877101  ]
 [ 6.7704964  -6.624363  ]
 [ 1.14791    -1.0002939 ]
 [ 3.7136493  -3.5666018 ]
 [ 4.6443496  -4.4961896 ]
 [ 6.7704964  -6.624363  ]
 [ 7.2850275  -7.1396637 ]
 [ 6.7704964  -6.624363  ]
 [ 7.2850275  -7.1396637 ]
 [-2.0389423   2.1861405 ]
 [ 2.4101517  -2.2628567 ]
 [ 3.560359   -3.4136124 ]
 [ 6.4453955  -6.29992   ]
 [ 5.4839816  -5.3359337 ]
 [ 7.2850275  -7.1396637 ]
 [ 7.2850275  -7.1396637 ]
 [ 4.22174    -4.073371  ]
 [ 1.14791    -1.0002939 ]
 [ 0.3082777  -0.1605498 ]
 [ 7.2850275  -7.1396637 ]
 [ 6.4453955  -6.29992   ]
 [ 7.2850275  -7.1396637 ]
 [ 6.4453955  -6.29992   ]
 [-1.1435101   1.2917591 ]
 [ 0.65753573 -0.5119712 ]
 [ 5.9308643  -5.7846193 ]]
2025-12-21 21:45:19,343 - [INFO] - ------------------------------------------------------------
2025-12-21 21:45:19,343 - [INFO] - On Validation Set:
	Accuracy of RRL  Model: 0.8997926744989634
	F1 Score of RRL  Model: 0.7105636707503976
2025-12-21 21:45:19,352 - [INFO] - On Validation Set:
Performance of  RRL Model: 
[[1236   50]
 [  95   66]]
              precision    recall  f1-score   support

           0       0.93      0.96      0.94      1286
           1       0.57      0.41      0.48       161

    accuracy                           0.90      1447
   macro avg       0.75      0.69      0.71      1447
weighted avg       0.89      0.90      0.89      1447

2025-12-21 21:45:19,352 - [INFO] - ------------------------------------------------------------
2025-12-21 21:45:19,987 - [INFO] - epoch: 89, loss_rrl: 105.63418176211417
2025-12-21 21:45:20,934 - [DEBUG] - y_true: (1447,) [0 0 0 0 0 1 0 0 0 0 0 0 0 0 0 0 0 1 0 0 0 0 0 0 1 0 0 0 0 0 0 0 0 0 0 0 0
 0 1 1 0]
2025-12-21 21:45:21,183 - [DEBUG] - y_rrl_: (1447,) [0 1 0 0 0 1 0 0 0 0 0 0 0 0 0 0 0 0 0 0 0 0 0 0 1 0 0 0 0 0 0 0 0 0 0 0 0
 0 0 0 0]
2025-12-21 21:45:21,184 - [DEBUG] - y_rrl: (1447, 2) [[ 6.5370755  -6.393222  ]
 [-0.3946383   0.54041404]
 [ 3.6457918  -3.5002816 ]
 [ 5.13386    -4.9881816 ]
 [ 5.8815804  -5.7379603 ]
 [-0.25562418  0.4027023 ]
 [ 7.3696485  -7.22586   ]
 [ 5.6462913  -5.501369  ]
 [ 7.3696485  -7.22586   ]
 [ 3.2695076  -3.125086  ]
 [ 2.4706137  -2.32512   ]
 [ 4.1919026  -4.046141  ]
 [ 5.3162117  -5.172932  ]
 [ 5.8815804  -5.7379603 ]
 [ 7.3696485  -7.22586   ]
 [ 5.795503   -5.6520886 ]
 [ 5.655178   -5.5102997 ]
 [ 2.4706137  -2.32512   ]
 [ 3.49878    -3.3540206 ]
 [ 4.74751    -4.600967  ]
 [ 7.3696485  -7.22586   ]
 [ 5.8815804  -5.7379603 ]
 [ 5.3691487  -5.2247725 ]
 [ 6.5370755  -6.393222  ]
 [-0.48476493  0.63064784]
 [ 1.1587498  -1.0133256 ]
 [ 4.334966   -4.188215  ]
 [ 6.5281887  -6.384291  ]
 [ 4.9334745  -4.7872744 ]
 [ 6.487751   -6.342938  ]
 [ 7.3696485  -7.22586   ]
 [ 4.421043   -4.2740865 ]
 [ 1.9581826  -1.8119322 ]
 [ 0.46122813 -0.31510183]
 [ 6.7141533  -6.5705986 ]
 [ 5.6462913  -5.501369  ]
 [ 5.8815804  -5.7379603 ]
 [ 5.695616   -5.551653  ]
 [ 1.1387044  -0.9934074 ]
 [ 1.2959133  -1.1526761 ]
 [ 4.8137183  -4.6687307 ]]
2025-12-21 21:45:21,186 - [INFO] - ------------------------------------------------------------
2025-12-21 21:45:21,187 - [INFO] - On Validation Set:
	Accuracy of RRL  Model: 0.902557014512785
	F1 Score of RRL  Model: 0.7110610727562401
2025-12-21 21:45:21,195 - [INFO] - On Validation Set:
Performance of  RRL Model: 
[[1242   44]
 [  97   64]]
              precision    recall  f1-score   support

           0       0.93      0.97      0.95      1286
           1       0.59      0.40      0.48       161

    accuracy                           0.90      1447
   macro avg       0.76      0.68      0.71      1447
weighted avg       0.89      0.90      0.89      1447

2025-12-21 21:45:21,195 - [INFO] - ------------------------------------------------------------
2025-12-21 21:45:21,754 - [INFO] - epoch: 90, loss_rrl: 107.43661207705736
2025-12-21 21:45:23,212 - [DEBUG] - y_true: (1447,) [0 0 0 0 0 1 0 0 0 0 0 0 0 0 0 0 0 1 0 0 0 0 0 0 1 0 0 0 0 0 0 0 0 0 0 0 0
 0 1 1 0]
2025-12-21 21:45:23,458 - [DEBUG] - y_rrl_: (1447,) [0 1 0 0 0 1 0 0 0 0 0 0 0 0 0 0 0 0 0 0 0 0 0 0 1 0 0 0 0 0 0 0 0 0 0 0 0
 0 0 0 0]
2025-12-21 21:45:23,459 - [DEBUG] - y_rrl: (1447, 2) [[ 7.270752   -7.128508  ]
 [-0.9580913   1.1030462 ]
 [ 4.4337296  -4.2898545 ]
 [ 5.06823    -4.924126  ]
 [ 6.636251   -6.4942365 ]
 [-0.27709022  0.42257923]
 [ 7.270752   -7.128508  ]
 [ 5.5818605  -5.4384995 ]
 [ 7.270752   -7.128508  ]
 [ 2.6136622  -2.4710195 ]
 [ 1.7925463  -1.648843  ]
 [ 4.1262445  -3.9820516 ]
 [ 6.122621   -5.979863  ]
 [ 6.122621   -5.979863  ]
 [ 5.2843976  -5.140907  ]
 [ 6.5315294  -6.3897166 ]
 [ 6.404366   -6.2611117 ]
 [ 1.7925463  -1.648843  ]
 [ 4.2341733  -4.0910306 ]
 [ 4.163831   -4.0181293 ]
 [ 7.270752   -7.128508  ]
 [ 6.122621   -5.979863  ]
 [ 6.122621   -5.979863  ]
 [ 6.7571216  -6.614135  ]
 [-0.27709022  0.42257923]
 [ 2.0181386  -1.8732615 ]
 [ 3.5964806  -3.45288   ]
 [ 5.934616   -5.7915225 ]
 [ 4.3518367  -4.2064695 ]
 [ 5.890736   -5.7467384 ]
 [ 7.270752   -7.128508  ]
 [ 3.612614   -3.4676783 ]
 [ 1.2789161  -1.1344697 ]
 [ 0.45641065 -0.31185746]
 [ 6.636251   -6.4942365 ]
 [ 5.5818605  -5.4384995 ]
 [ 6.122621   -5.979863  ]
 [ 5.934616   -5.7915225 ]
 [ 1.1029257  -0.95919055]
 [ 2.785122   -2.6428623 ]
 [ 5.5818605  -5.4384995 ]]
2025-12-21 21:45:23,462 - [INFO] - ------------------------------------------------------------
2025-12-21 21:45:23,462 - [INFO] - On Validation Set:
	Accuracy of RRL  Model: 0.8977194194885971
	F1 Score of RRL  Model: 0.699718445730695
2025-12-21 21:45:23,471 - [INFO] - On Validation Set:
Performance of  RRL Model: 
[[1237   49]
 [  99   62]]
              precision    recall  f1-score   support

           0       0.93      0.96      0.94      1286
           1       0.56      0.39      0.46       161

    accuracy                           0.90      1447
   macro avg       0.74      0.67      0.70      1447
weighted avg       0.89      0.90      0.89      1447

2025-12-21 21:45:23,471 - [INFO] - ------------------------------------------------------------
2025-12-21 21:45:23,727 - [INFO] - epoch: 91, loss_rrl: 106.20107246749103
2025-12-21 21:45:25,312 - [INFO] - epoch: 92, loss_rrl: 107.62779569625854
2025-12-21 21:45:25,364 - [DEBUG] - y_true: (1447,) [0 0 0 0 0 1 0 0 0 0 0 0 0 0 0 0 0 1 0 0 0 0 0 0 1 0 0 0 0 0 0 0 0 0 0 0 0
 0 1 1 0]
2025-12-21 21:45:25,527 - [DEBUG] - y_rrl_: (1447,) [0 0 0 0 0 1 0 0 0 0 0 0 0 0 0 0 0 0 0 0 0 0 0 0 1 0 0 0 0 0 0 0 0 0 0 0 0
 0 0 0 0]
2025-12-21 21:45:25,527 - [DEBUG] - y_rrl: (1447, 2) [[ 6.982976  -6.8422604]
 [ 1.064416  -0.921622 ]
 [ 5.657338  -5.515787 ]
 [ 5.657338  -5.515787 ]
 [ 6.1848736 -6.0440536]
 [-0.5418861  0.6858026]
 [ 6.982976  -6.8422604]
 [ 6.982976  -6.8422604]
 [ 6.982976  -6.8422604]
 [ 4.6790066 -4.5387683]
 [ 3.0264313 -2.885094 ]
 [ 6.2622232 -6.121929 ]
 [ 5.529748  -5.3867264]
 [ 6.1848736 -6.0440536]
 [ 6.0572834 -5.9149933]
 [ 6.2622232 -6.121929 ]
 [ 6.1848736 -6.0440536]
 [ 3.103781  -2.9629695]
 [ 3.9500606 -3.808452 ]
 [ 5.2028112 -5.0595255]
 [ 6.982976  -6.8422604]
 [ 6.982976  -6.8422604]
 [ 6.4554405 -6.3139935]
 [ 5.259181  -5.1167865]
 [-1.2626388  1.4061335]
 [ 2.3713062 -2.2277665]
 [ 3.376579  -3.235099 ]
 [ 6.0572834 -5.9149933]
 [ 6.128504  -5.9867926]
 [ 6.982976  -6.8422604]
 [ 6.982976  -6.8422604]
 [ 5.529748  -5.3867264]
 [ 3.2969983 -3.1550338]
 [ 2.5762455 -2.4347029]
 [ 6.982976  -6.8422604]
 [ 6.982976  -6.8422604]
 [ 6.4554405 -6.3139935]
 [ 6.0572834 -5.9149933]
 [ 1.0450612 -0.904868 ]
 [ 1.0450612 -0.904868 ]
 [ 6.982976  -6.8422604]]
2025-12-21 21:45:25,529 - [INFO] - ------------------------------------------------------------
2025-12-21 21:45:25,529 - [INFO] - On Validation Set:
	Accuracy of RRL  Model: 0.9060124395300622
	F1 Score of RRL  Model: 0.6709604066345639
2025-12-21 21:45:25,535 - [INFO] - On Validation Set:
Performance of  RRL Model: 
[[1267   19]
 [ 117   44]]
              precision    recall  f1-score   support

           0       0.92      0.99      0.95      1286
           1       0.70      0.27      0.39       161

    accuracy                           0.91      1447
   macro avg       0.81      0.63      0.67      1447
weighted avg       0.89      0.91      0.89      1447

2025-12-21 21:45:25,535 - [INFO] - ------------------------------------------------------------
2025-12-21 21:45:26,932 - [INFO] - epoch: 93, loss_rrl: 106.34679580107331
2025-12-21 21:45:27,217 - [DEBUG] - y_true: (1447,) [0 0 0 0 0 1 0 0 0 0 0 0 0 0 0 0 0 1 0 0 0 0 0 0 1 0 0 0 0 0 0 0 0 0 0 0 0
 0 1 1 0]
2025-12-21 21:45:27,381 - [DEBUG] - y_rrl_: (1447,) [0 1 0 0 0 1 0 0 0 0 0 0 0 0 0 0 0 0 0 0 0 0 0 0 1 0 0 0 0 0 0 0 0 0 0 0 0
 0 1 0 0]
2025-12-21 21:45:27,381 - [DEBUG] - y_rrl: (1447, 2) [[ 7.1643085  -7.0250816 ]
 [-0.29631752  0.43808913]
 [ 5.2201085  -5.0802827 ]
 [ 5.8552237  -5.715177  ]
 [ 5.7486963  -5.609589  ]
 [-0.39635414  0.5387353 ]
 [ 7.1643085  -7.0250816 ]
 [ 7.1643085  -7.0250816 ]
 [ 7.1643085  -7.0250816 ]
 [ 4.844969   -4.706209  ]
 [ 2.2652972  -2.1239028 ]
 [ 3.999346   -3.85822   ]
 [ 4.612966   -4.4734955 ]
 [ 5.7486963  -5.609589  ]
 [ 7.1643085  -7.0250816 ]
 [ 6.4336357  -6.2948227 ]
 [ 6.3838115  -6.2444835 ]
 [ 2.315122   -2.1742418 ]
 [ 4.1022515  -3.962139  ]
 [ 5.365134   -5.223373  ]
 [ 7.1643085  -7.0250816 ]
 [ 6.5291934  -6.3901873 ]
 [ 6.0006056  -5.860881  ]
 [ 6.3838115  -6.2444835 ]
 [-1.1270264   1.2689945 ]
 [ 0.49445167 -0.35291517]
 [ 3.444701   -3.3041432 ]
 [ 7.1643085  -7.0250816 ]
 [ 4.7300186  -4.588479  ]
 [ 7.1643085  -7.0250816 ]
 [ 7.1643085  -7.0250816 ]
 [ 5.056861   -4.915583  ]
 [ 2.5172064  -2.3751943 ]
 [ 1.1514189  -1.0100414 ]
 [ 6.5291934  -6.3901873 ]
 [ 7.1643085  -7.0250816 ]
 [ 6.0006056  -5.860881  ]
 [ 7.1643085  -7.0250816 ]
 [-0.59843874  0.73968804]
 [ 2.7173388  -2.5780945 ]
 [ 7.1643085  -7.0250816 ]]
2025-12-21 21:45:27,383 - [INFO] - ------------------------------------------------------------
2025-12-21 21:45:27,383 - [INFO] - On Validation Set:
	Accuracy of RRL  Model: 0.9032480995162405
	F1 Score of RRL  Model: 0.7000272460197119
2025-12-21 21:45:27,389 - [INFO] - On Validation Set:
Performance of  RRL Model: 
[[1249   37]
 [ 103   58]]
              precision    recall  f1-score   support

           0       0.92      0.97      0.95      1286
           1       0.61      0.36      0.45       161

    accuracy                           0.90      1447
   macro avg       0.77      0.67      0.70      1447
weighted avg       0.89      0.90      0.89      1447

2025-12-21 21:45:27,389 - [INFO] - ------------------------------------------------------------
2025-12-21 21:45:28,585 - [INFO] - epoch: 94, loss_rrl: 107.69657310470939
2025-12-21 21:45:29,122 - [DEBUG] - y_true: (1447,) [0 0 0 0 0 1 0 0 0 0 0 0 0 0 0 0 0 1 0 0 0 0 0 0 1 0 0 0 0 0 0 0 0 0 0 0 0
 0 1 1 0]
2025-12-21 21:45:29,284 - [DEBUG] - y_rrl_: (1447,) [0 0 0 0 0 1 0 0 0 0 0 0 0 0 0 0 0 0 0 0 0 0 0 0 1 0 0 0 0 0 0 0 0 0 0 0 0
 0 1 0 0]
2025-12-21 21:45:29,284 - [DEBUG] - y_rrl: (1447, 2) [[ 7.010611   -6.8728557 ]
 [ 0.77491033 -0.6357259 ]
 [ 5.3751554  -5.2363334 ]
 [ 5.3751554  -5.2363334 ]
 [ 7.010611   -6.8728557 ]
 [-0.5633387   0.7042085 ]
 [ 7.010611   -6.8728557 ]
 [ 4.850335   -4.7108064 ]
 [ 7.010611   -6.8728557 ]
 [ 2.5311885  -2.3921142 ]
 [ 2.370793   -2.230287  ]
 [ 4.467432   -4.327583  ]
 [ 7.010611   -6.8728557 ]
 [ 7.010611   -6.8728557 ]
 [ 7.010611   -6.8728557 ]
 [ 6.2632833  -6.125932  ]
 [ 5.6396947  -5.5002656 ]
 [ 1.6234653  -1.4833636 ]
 [ 3.9346447  -3.796011  ]
 [ 4.4254003  -4.285047  ]
 [ 7.010611   -6.8728557 ]
 [ 7.010611   -6.8728557 ]
 [ 6.4857907  -6.3473277 ]
 [ 7.010611   -6.8728557 ]
 [-1.3106666   1.451132  ]
 [ 2.370793   -2.230287  ]
 [ 3.789249   -3.6508822 ]
 [ 6.221251   -6.0833964 ]
 [ 5.21476    -5.0745063 ]
 [ 6.164515   -6.0257926 ]
 [ 7.010611   -6.8728557 ]
 [ 5.5360355  -5.3960414 ]
 [ 2.370793   -2.230287  ]
 [ 0.8341058  -0.6939043 ]
 [ 7.010611   -6.8728557 ]
 [ 4.850335   -4.7108064 ]
 [ 6.4857907  -6.3473277 ]
 [ 6.221251   -6.0833964 ]
 [-0.5633387   0.7042085 ]
 [ 0.48518392 -0.34721696]
 [ 4.850335   -4.7108064 ]]
2025-12-21 21:45:29,286 - [INFO] - ------------------------------------------------------------
2025-12-21 21:45:29,286 - [INFO] - On Validation Set:
	Accuracy of RRL  Model: 0.9115411195577056
	F1 Score of RRL  Model: 0.7436697999357846
2025-12-21 21:45:29,292 - [INFO] - On Validation Set:
Performance of  RRL Model: 
[[1245   41]
 [  87   74]]
              precision    recall  f1-score   support

           0       0.93      0.97      0.95      1286
           1       0.64      0.46      0.54       161

    accuracy                           0.91      1447
   macro avg       0.79      0.71      0.74      1447
weighted avg       0.90      0.91      0.90      1447

2025-12-21 21:45:29,292 - [INFO] - ------------------------------------------------------------
2025-12-21 21:45:30,243 - [INFO] - epoch: 95, loss_rrl: 106.39833863917738
2025-12-21 21:45:31,016 - [DEBUG] - y_true: (1447,) [0 0 0 0 0 1 0 0 0 0 0 0 0 0 0 0 0 1 0 0 0 0 0 0 1 0 0 0 0 0 0 0 0 0 0 0 0
 0 1 1 0]
2025-12-21 21:45:31,179 - [DEBUG] - y_rrl_: (1447,) [0 0 0 0 0 1 0 0 0 0 0 0 0 0 0 0 0 0 0 0 0 0 0 0 1 0 0 0 0 0 0 0 0 0 0 0 0
 0 1 0 0]
2025-12-21 21:45:31,180 - [DEBUG] - y_rrl: (1447, 2) [[ 6.7049842e+00 -6.5686121e+00]
 [ 1.6147662e+00 -1.4759436e+00]
 [ 4.6291933e+00 -4.4910765e+00]
 [ 5.4379845e+00 -5.2999263e+00]
 [ 5.9601145e+00 -5.8236456e+00]
 [ 6.1192885e-03  1.3326629e-01]
 [ 7.5137749e+00 -7.3774619e+00]
 [ 5.9351425e+00 -5.7977796e+00]
 [ 7.5137749e+00 -7.3774619e+00]
 [ 2.9985652e+00 -2.8618596e+00]
 [ 1.2892170e+00 -1.1513960e+00]
 [ 5.7199945e+00 -5.5812178e+00]
 [ 5.6718845e+00 -5.5351200e+00]
 [ 5.9601145e+00 -5.8236456e+00]
 [ 7.5137749e+00 -7.3774619e+00]
 [ 5.4584956e+00 -5.3218241e+00]
 [ 5.1263518e+00 -4.9889297e+00]
 [ 2.0340869e+00 -1.8963630e+00]
 [ 3.1537452e+00 -3.0158064e+00]
 [ 4.9751253e+00 -4.8362508e+00]
 [ 7.0166168e+00 -6.8796086e+00]
 [ 6.7049842e+00 -6.5686121e+00]
 [ 6.2078261e+00 -6.0707588e+00]
 [ 5.9601145e+00 -5.8236456e+00]
 [-7.4321121e-01  8.8220096e-01]
 [ 9.4152701e-01 -8.0295551e-01]
 [ 4.5381312e+00 -4.4001150e+00]
 [ 6.7689056e+00 -6.6324954e+00]
 [ 5.7199945e+00 -5.5812178e+00]
 [ 6.6800127e+00 -6.5427465e+00]
 [ 7.5137749e+00 -7.3774619e+00]
 [ 5.2228365e+00 -5.0833645e+00]
 [ 1.5369287e+00 -1.3985097e+00]
 [ 7.9205871e-01 -6.5354264e-01]
 [ 7.5137749e+00 -7.3774619e+00]
 [ 5.9351425e+00 -5.7977796e+00]
 [ 6.2078261e+00 -6.0707588e+00]
 [ 5.9601145e+00 -5.8236456e+00]
 [-2.4605289e-01  3.8434777e-01]
 [ 1.5477275e+00 -1.4118967e+00]
 [ 5.1263518e+00 -4.9889297e+00]]
2025-12-21 21:45:31,182 - [INFO] - ------------------------------------------------------------
2025-12-21 21:45:31,182 - [INFO] - On Validation Set:
	Accuracy of RRL  Model: 0.8984105044920525
	F1 Score of RRL  Model: 0.6369069261298169
2025-12-21 21:45:31,188 - [INFO] - On Validation Set:
Performance of  RRL Model: 
[[1264   22]
 [ 125   36]]
              precision    recall  f1-score   support

           0       0.91      0.98      0.95      1286
           1       0.62      0.22      0.33       161

    accuracy                           0.90      1447
   macro avg       0.77      0.60      0.64      1447
weighted avg       0.88      0.90      0.88      1447

2025-12-21 21:45:31,188 - [INFO] - ------------------------------------------------------------
2025-12-21 21:45:31,891 - [INFO] - epoch: 96, loss_rrl: 107.51491197384894
2025-12-21 21:45:32,906 - [DEBUG] - y_true: (1447,) [0 0 0 0 0 1 0 0 0 0 0 0 0 0 0 0 0 1 0 0 0 0 0 0 1 0 0 0 0 0 0 0 0 0 0 0 0
 0 1 1 0]
2025-12-21 21:45:33,068 - [DEBUG] - y_rrl_: (1447,) [0 1 0 0 0 1 0 0 0 0 0 0 0 0 0 0 0 0 0 0 0 0 0 0 1 0 0 0 0 0 0 0 0 0 0 0 0
 0 0 0 0]
2025-12-21 21:45:33,068 - [DEBUG] - y_rrl: (1447, 2) [[ 7.2406964  -7.1057944 ]
 [-0.91054827  1.0480103 ]
 [ 5.2057443  -5.0691247 ]
 [ 5.2057443  -5.0691247 ]
 [ 7.2406964  -7.1057944 ]
 [-1.5891976   1.726896  ]
 [ 7.2406964  -7.1057944 ]
 [ 5.691889   -5.5559525 ]
 [ 7.2406964  -7.1057944 ]
 [ 3.3810973  -3.2455928 ]
 [ 2.3514714  -2.2149587 ]
 [ 4.6622634  -4.5253186 ]
 [ 5.434384   -5.299035  ]
 [ 7.2406964  -7.1057944 ]
 [ 5.6797976  -5.5444303 ]
 [ 6.477844   -6.34333   ]
 [ 6.3957186  -6.2598767 ]
 [ 2.3514714  -2.2149587 ]
 [ 4.187073   -4.0513053 ]
 [ 4.7212863  -4.5838594 ]
 [ 7.2406964  -7.1057944 ]
 [ 7.2406964  -7.1057944 ]
 [ 6.754552   -6.6189666 ]
 [ 7.2406964  -7.1057944 ]
 [-2.3520503   2.4893608 ]
 [ 1.3080112  -1.170664  ]
 [ 2.674348   -2.53721   ]
 [ 6.536867   -6.4018703 ]
 [ 5.425116   -5.2877836 ]
 [ 6.3957186  -6.2598767 ]
 [ 7.2406964  -7.1057944 ]
 [ 5.7839494  -5.646873  ]
 [ 1.8653266  -1.7281303 ]
 [ 1.1614974  -1.024206  ]
 [ 7.2406964  -7.1057944 ]
 [ 5.691889   -5.5559525 ]
 [ 6.754552   -6.6189666 ]
 [ 6.536867   -6.4018703 ]
 [ 0.21711549 -0.07986359]
 [ 1.2698436  -1.1354098 ]
 [ 5.691889   -5.5559525 ]]
2025-12-21 21:45:33,070 - [INFO] - ------------------------------------------------------------
2025-12-21 21:45:33,070 - [INFO] - On Validation Set:
	Accuracy of RRL  Model: 0.902557014512785
	F1 Score of RRL  Model: 0.701044009582909
2025-12-21 21:45:33,076 - [INFO] - On Validation Set:
Performance of  RRL Model: 
[[1247   39]
 [ 102   59]]
              precision    recall  f1-score   support

           0       0.92      0.97      0.95      1286
           1       0.60      0.37      0.46       161

    accuracy                           0.90      1447
   macro avg       0.76      0.67      0.70      1447
weighted avg       0.89      0.90      0.89      1447

2025-12-21 21:45:33,076 - [INFO] - ------------------------------------------------------------
2025-12-21 21:45:33,543 - [INFO] - epoch: 97, loss_rrl: 106.0920478720218
2025-12-21 21:45:34,751 - [DEBUG] - y_true: (1447,) [0 0 0 0 0 1 0 0 0 0 0 0 0 0 0 0 0 1 0 0 0 0 0 0 1 0 0 0 0 0 0 0 0 0 0 0 0
 0 1 1 0]
2025-12-21 21:45:34,912 - [DEBUG] - y_rrl_: (1447,) [0 0 0 0 0 0 0 0 0 0 0 0 0 0 0 0 0 0 0 0 0 0 0 0 1 0 0 0 0 0 0 0 0 0 0 0 0
 0 0 0 0]
2025-12-21 21:45:34,912 - [DEBUG] - y_rrl: (1447, 2) [[ 7.0964575  -6.96293   ]
 [ 2.0407522  -1.9048657 ]
 [ 4.461019   -4.3260055 ]
 [ 5.1038895  -4.9686704 ]
 [ 6.453587   -6.320266  ]
 [ 0.32136643 -0.1849379 ]
 [ 7.0964575  -6.96293   ]
 [ 6.264841   -6.1303883 ]
 [ 7.0964575  -6.96293   ]
 [ 3.3559148  -3.2220895 ]
 [ 2.3965583  -2.2612622 ]
 [ 4.6626134  -4.5268965 ]
 [ 5.005807   -4.8703423 ]
 [ 5.005807   -4.8703423 ]
 [ 4.061909   -3.9257784 ]
 [ 5.366977   -5.2323594 ]
 [ 6.264841   -6.1303883 ]
 [ 1.6264349  -1.4915186 ]
 [ 4.062189   -3.927803  ]
 [ 4.8170605  -4.6804647 ]
 [ 7.0964575  -6.96293   ]
 [ 5.005807   -4.8703423 ]
 [ 5.9651637  -5.8311696 ]
 [ 5.648678   -5.5130067 ]
 [-2.4260736   2.5619829 ]
 [ 1.908135   -1.7721659 ]
 [ 4.1771574  -4.0419636 ]
 [ 5.648678   -5.5130067 ]
 [ 4.17419    -4.0378003 ]
 [ 5.7764173  -5.641292  ]
 [ 7.0964575  -6.96293   ]
 [ 4.17419    -4.0378003 ]
 [ 1.908135   -1.7721659 ]
 [ 1.1380115  -1.0024223 ]
 [ 6.453587   -6.320266  ]
 [ 6.264841   -6.1303883 ]
 [ 5.9651637  -5.8311696 ]
 [ 5.648678   -5.5130067 ]
 [ 0.8712832  -0.7368323 ]
 [ 1.6702751  -1.5352536 ]
 [ 6.264841   -6.1303883 ]]
2025-12-21 21:45:34,914 - [INFO] - ------------------------------------------------------------
2025-12-21 21:45:34,914 - [INFO] - On Validation Set:
	Accuracy of RRL  Model: 0.8997926744989634
	F1 Score of RRL  Model: 0.6506140460430456
2025-12-21 21:45:34,920 - [INFO] - On Validation Set:
Performance of  RRL Model: 
[[1262   24]
 [ 121   40]]
              precision    recall  f1-score   support

           0       0.91      0.98      0.95      1286
           1       0.62      0.25      0.36       161

    accuracy                           0.90      1447
   macro avg       0.77      0.61      0.65      1447
weighted avg       0.88      0.90      0.88      1447

2025-12-21 21:45:34,920 - [INFO] - ------------------------------------------------------------
2025-12-21 21:45:35,150 - [INFO] - epoch: 98, loss_rrl: 107.82189396582544
2025-12-21 21:45:36,629 - [INFO] - epoch: 99, loss_rrl: 105.47577994130552
