2025-12-21 17:18:59,469 - [DEBUG] - y_true: (1447,) [0 0 0 0 0 1 0 0 0 0 0 0 0 0 0 0 0 1 0 0 0 0 0 0 1 0 0 0 0 0 0 0 0 0 0 0 0
 0 1 1 0]
2025-12-21 17:18:59,627 - [DEBUG] - y_rrl_: (1447,) [0 0 0 0 0 0 0 0 0 0 0 0 0 0 0 0 0 0 0 0 0 0 0 0 0 0 0 0 0 0 0 0 0 0 0 0 0
 0 0 0 0]
2025-12-21 17:18:59,628 - [DEBUG] - y_rrl: (1447, 2) [[0.4808382  0.13588947]
 [0.5005522  0.11993445]
 [0.5005522  0.11993445]
 [0.5561215  0.09088352]
 [0.5561215  0.09088352]
 [0.5561215  0.09088352]
 [0.4808382  0.13588947]
 [0.5561215  0.09088352]
 [0.4808382  0.13588947]
 [0.5561215  0.09088352]
 [0.4544418  0.21264222]
 [0.42526886 0.1649404 ]
 [0.5005522  0.11993445]
 [0.5561215  0.09088352]
 [0.5561215  0.09088352]
 [0.5561215  0.09088352]
 [0.5561215  0.09088352]
 [0.5561215  0.09088352]
 [0.5561215  0.09088352]
 [0.5561215  0.09088352]
 [0.5561215  0.09088352]
 [0.5561215  0.09088352]
 [0.5561215  0.09088352]
 [0.4808382  0.13588947]
 [0.5561215  0.09088352]
 [0.5561215  0.09088352]
 [0.5005522  0.11993445]
 [0.4808382  0.13588947]
 [0.5561215  0.09088352]
 [0.4865641  0.10354868]
 [0.5561215  0.09088352]
 [0.5561215  0.09088352]
 [0.5561215  0.09088352]
 [0.5561215  0.09088352]
 [0.5561215  0.09088352]
 [0.5561215  0.09088352]
 [0.5561215  0.09088352]
 [0.5561215  0.09088352]
 [0.5561215  0.09088352]
 [0.35223362 0.18348405]
 [0.5561215  0.09088352]]
2025-12-21 17:18:59,630 - [INFO] - ------------------------------------------------------------
2025-12-21 17:18:59,630 - [INFO] - On Validation Set:
	Accuracy of RRL  Model: 0.8887353144436766
	F1 Score of RRL  Model: 0.47054518843761434
2025-12-21 17:18:59,636 - [INFO] - On Validation Set:
Performance of  RRL Model: 
[[1286    0]
 [ 161    0]]
              precision    recall  f1-score   support

           0       0.89      1.00      0.94      1286
           1       0.00      0.00      0.00       161

    accuracy                           0.89      1447
   macro avg       0.44      0.50      0.47      1447
weighted avg       0.79      0.89      0.84      1447

2025-12-21 17:18:59,636 - [INFO] - ------------------------------------------------------------
2025-12-21 17:19:01,013 - [INFO] - epoch: 0, loss_rrl: 155.30252520367503
2025-12-21 17:19:01,257 - [DEBUG] - y_true: (1447,) [0 0 0 0 0 1 0 0 0 0 0 0 0 0 0 0 0 1 0 0 0 0 0 0 1 0 0 0 0 0 0 0 0 0 0 0 0
 0 1 1 0]
2025-12-21 17:19:01,415 - [DEBUG] - y_rrl_: (1447,) [0 0 0 0 0 1 0 0 0 0 0 0 0 0 0 0 0 0 0 0 0 0 0 0 1 0 0 0 0 0 0 0 0 0 0 0 0
 0 1 0 0]
2025-12-21 17:19:01,416 - [DEBUG] - y_rrl: (1447, 2) [[ 2.0186267  -1.4430647 ]
 [ 0.9349539  -0.4630139 ]
 [ 1.8768847  -1.33036   ]
 [ 1.8768847  -1.33036   ]
 [ 2.0186267  -1.4430647 ]
 [-0.3404569   0.7967481 ]
 [ 2.1759648  -1.6671987 ]
 [ 1.8768847  -1.33036   ]
 [ 2.1759648  -1.6671987 ]
 [ 1.2605665  -0.6603179 ]
 [ 0.56890404 -0.10667394]
 [ 1.3500633  -0.89647174]
 [ 1.2030013  -0.6644358 ]
 [ 1.8768847  -1.33036   ]
 [ 1.7195466  -1.1062261 ]
 [ 1.6181107  -1.0978936 ]
 [ 1.8768847  -1.33036   ]
 [ 0.7337451  -0.22642957]
 [ 0.9349539  -0.4630139 ]
 [ 1.4514992  -0.90480417]
 [ 2.0186267  -1.4430647 ]
 [ 1.8768847  -1.33036   ]
 [ 2.0186267  -1.4430647 ]
 [ 1.7195466  -1.1062261 ]
 [-0.3404569   0.7967481 ]
 [ 0.3186357   0.20702828]
 [ 1.3500633  -0.89647174]
 [ 1.7195466  -1.1062261 ]
 [ 1.3500633  -0.89647174]
 [ 1.8768847  -1.33036   ]
 [ 2.1759648  -1.6671987 ]
 [ 1.4514992  -0.90480417]
 [ 0.56890404 -0.10667394]
 [ 0.7337451  -0.22642957]
 [ 2.0186267  -1.4430647 ]
 [ 1.8768847  -1.33036   ]
 [ 2.1759648  -1.6671987 ]
 [ 1.7195466  -1.1062261 ]
 [ 0.07465246  0.36329025]
 [ 1.0581391  -0.5169056 ]
 [ 1.8768847  -1.33036   ]]
2025-12-21 17:19:01,418 - [INFO] - ------------------------------------------------------------
2025-12-21 17:19:01,418 - [INFO] - On Validation Set:
	Accuracy of RRL  Model: 0.899101589495508
	F1 Score of RRL  Model: 0.6732725023198267
2025-12-21 17:19:01,424 - [INFO] - On Validation Set:
Performance of  RRL Model: 
[[1252   34]
 [ 112   49]]
              precision    recall  f1-score   support

           0       0.92      0.97      0.94      1286
           1       0.59      0.30      0.40       161

    accuracy                           0.90      1447
   macro avg       0.75      0.64      0.67      1447
weighted avg       0.88      0.90      0.88      1447

2025-12-21 17:19:01,424 - [INFO] - ------------------------------------------------------------
2025-12-21 17:19:02,570 - [INFO] - epoch: 1, loss_rrl: 116.9635019339621
2025-12-21 17:19:03,035 - [DEBUG] - y_true: (1447,) [0 0 0 0 0 1 0 0 0 0 0 0 0 0 0 0 0 1 0 0 0 0 0 0 1 0 0 0 0 0 0 0 0 0 0 0 0
 0 1 1 0]
2025-12-21 17:19:03,193 - [DEBUG] - y_rrl_: (1447,) [0 0 0 0 0 1 0 0 0 0 0 0 0 0 0 0 0 0 0 0 0 0 0 0 1 0 0 0 0 0 0 0 0 0 0 0 0
 0 0 0 0]
2025-12-21 17:19:03,193 - [DEBUG] - y_rrl: (1447, 2) [[ 2.319774   -1.7635342 ]
 [ 1.0117813  -0.5586424 ]
 [ 2.0323672  -1.4390373 ]
 [ 2.0323672  -1.4390373 ]
 [ 2.319774   -1.7635342 ]
 [ 0.14638165  0.43937075]
 [ 2.319774   -1.7635342 ]
 [ 2.0323672  -1.4390373 ]
 [ 2.319774   -1.7635342 ]
 [ 1.4403611  -0.7956769 ]
 [ 0.5879163  -0.08017088]
 [ 1.3792753  -0.87803215]
 [ 1.7524937  -1.1851972 ]
 [ 2.0323672  -1.4390373 ]
 [ 2.0323672  -1.4390373 ]
 [ 2.0399003  -1.5096941 ]
 [ 2.0323672  -1.4390373 ]
 [ 0.78726923 -0.23467162]
 [ 1.6724063  -1.1903044 ]
 [ 1.6591489  -1.1318722 ]
 [ 1.9522799  -1.4441445 ]
 [ 2.0323672  -1.4390373 ]
 [ 1.9522799  -1.4441445 ]
 [ 2.0323672  -1.4390373 ]
 [-1.0975436   1.6525713 ]
 [ 0.78726923 -0.23467162]
 [ 1.3792753  -0.87803215]
 [ 2.0323672  -1.4390373 ]
 [ 1.3792753  -0.87803215]
 [ 2.0323672  -1.4390373 ]
 [ 2.319774   -1.7635342 ]
 [ 1.2916548  -0.8124825 ]
 [ 0.5879163  -0.08017088]
 [ 0.78726923 -0.23467162]
 [ 2.319774   -1.7635342 ]
 [ 2.0323672  -1.4390373 ]
 [ 2.0399003  -1.5096941 ]
 [ 2.0323672  -1.4390373 ]
 [ 0.51960003  0.1322056 ]
 [ 0.34895417  0.28287777]
 [ 2.0323672  -1.4390373 ]]
2025-12-21 17:19:03,195 - [INFO] - ------------------------------------------------------------
2025-12-21 17:19:03,195 - [INFO] - On Validation Set:
	Accuracy of RRL  Model: 0.9032480995162405
	F1 Score of RRL  Model: 0.706228682800065
2025-12-21 17:19:03,201 - [INFO] - On Validation Set:
Performance of  RRL Model: 
[[1246   40]
 [ 100   61]]
              precision    recall  f1-score   support

           0       0.93      0.97      0.95      1286
           1       0.60      0.38      0.47       161

    accuracy                           0.90      1447
   macro avg       0.76      0.67      0.71      1447
weighted avg       0.89      0.90      0.89      1447

2025-12-21 17:19:03,201 - [INFO] - ------------------------------------------------------------
2025-12-21 17:19:04,127 - [INFO] - epoch: 2, loss_rrl: 114.26929739117622
2025-12-21 17:19:04,820 - [DEBUG] - y_true: (1447,) [0 0 0 0 0 1 0 0 0 0 0 0 0 0 0 0 0 1 0 0 0 0 0 0 1 0 0 0 0 0 0 0 0 0 0 0 0
 0 1 1 0]
2025-12-21 17:19:04,977 - [DEBUG] - y_rrl_: (1447,) [0 0 0 0 0 1 0 0 0 0 0 0 0 0 0 0 0 0 0 0 0 0 0 0 1 0 0 0 0 0 0 0 0 0 0 0 0
 0 0 0 0]
2025-12-21 17:19:04,977 - [DEBUG] - y_rrl: (1447, 2) [[ 1.921902   -1.4172921 ]
 [ 0.4642948  -0.03547222]
 [ 1.3792223  -0.83707654]
 [ 1.3792223  -0.83707654]
 [ 1.921902   -1.4172921 ]
 [ 0.0856065   0.39743945]
 [ 1.921902   -1.4172921 ]
 [ 1.5805209  -1.0749669 ]
 [ 1.921902   -1.4172921 ]
 [ 0.89982706 -0.3432566 ]
 [ 0.6202131  -0.13669637]
 [ 1.3009069  -0.8684068 ]
 [ 1.3076267  -0.831928  ]
 [ 1.5872407  -1.0384881 ]
 [ 1.7206032  -1.1794018 ]
 [ 1.7206032  -1.1794018 ]
 [ 1.7138834  -1.2158805 ]
 [ 0.4868505   0.00421711]
 [ 0.87727135 -0.38294592]
 [ 1.3792223  -0.83707654]
 [ 1.5872407  -1.0384881 ]
 [ 1.7206032  -1.1794018 ]
 [ 1.7206032  -1.1794018 ]
 [ 1.5872407  -1.0384881 ]
 [-0.97280616  1.4558369 ]
 [ 0.41891438  0.10119399]
 [ 1.0996082  -0.6305164 ]
 [ 1.5872407  -1.0384881 ]
 [ 1.5125847  -0.97799015]
 [ 1.5125847  -0.97799015]
 [ 1.7885394  -1.2763785 ]
 [ 1.3792223  -0.83707654]
 [ 0.41891438  0.10119399]
 [ 0.28555185  0.24210748]
 [ 1.921902   -1.4172921 ]
 [ 1.5805209  -1.0749669 ]
 [ 1.7206032  -1.1794018 ]
 [ 1.5872407  -1.0384881 ]
 [ 0.28690517  0.15954909]
 [ 0.85785544 -0.28099725]
 [ 1.5805209  -1.0749669 ]]
2025-12-21 17:19:04,979 - [INFO] - ------------------------------------------------------------
2025-12-21 17:19:04,980 - [INFO] - On Validation Set:
	Accuracy of RRL  Model: 0.907394609536973
	F1 Score of RRL  Model: 0.7244859101294745
2025-12-21 17:19:04,985 - [INFO] - On Validation Set:
Performance of  RRL Model: 
[[1246   40]
 [  94   67]]
              precision    recall  f1-score   support

           0       0.93      0.97      0.95      1286
           1       0.63      0.42      0.50       161

    accuracy                           0.91      1447
   macro avg       0.78      0.69      0.72      1447
weighted avg       0.90      0.91      0.90      1447

2025-12-21 17:19:04,986 - [INFO] - ------------------------------------------------------------
2025-12-21 17:19:05,687 - [INFO] - epoch: 3, loss_rrl: 115.54567033052444
2025-12-21 17:19:06,599 - [DEBUG] - y_true: (1447,) [0 0 0 0 0 1 0 0 0 0 0 0 0 0 0 0 0 1 0 0 0 0 0 0 1 0 0 0 0 0 0 0 0 0 0 0 0
 0 1 1 0]
2025-12-21 17:19:06,757 - [DEBUG] - y_rrl_: (1447,) [0 0 0 0 0 1 0 0 0 0 0 0 0 0 0 0 0 0 0 0 0 0 0 0 1 0 0 0 0 0 0 0 0 0 0 0 0
 0 0 0 0]
2025-12-21 17:19:06,758 - [DEBUG] - y_rrl: (1447, 2) [[ 2.0509508  -1.5477544 ]
 [ 0.55260843 -0.12484013]
 [ 1.4872875  -0.94695574]
 [ 1.4872875  -0.94695574]
 [ 2.0509508  -1.5477544 ]
 [ 0.03175574  0.44985095]
 [ 2.0509508  -1.5477544 ]
 [ 1.7001479  -1.1960102 ]
 [ 2.0509508  -1.5477544 ]
 [ 1.1933769  -0.65163165]
 [ 0.938883   -0.4696486 ]
 [ 1.445654   -1.0140272 ]
 [ 1.8380904  -1.2986999 ]
 [ 1.7003111  -1.1534073 ]
 [ 1.8380904  -1.2986999 ]
 [ 1.8380904  -1.2986999 ]
 [ 1.8379273  -1.3413028 ]
 [ 0.8011036  -0.32435614]
 [ 0.9448818  -0.45211565]
 [ 1.0950142  -0.6196802 ]
 [ 1.7003111  -1.1534073 ]
 [ 1.8380904  -1.2986999 ]
 [ 1.8380904  -1.2986999 ]
 [ 1.7003111  -1.1534073 ]
 [-0.79077697  1.3197683 ]
 [ 0.7260226  -0.22059414]
 [ 1.2327936  -0.76497275]
 [ 1.7003111  -1.1534073 ]
 [ 1.2327936  -0.76497275]
 [ 1.6250669  -1.0922482 ]
 [ 1.9131715  -1.4024618 ]
 [ 1.4872875  -0.94695574]
 [ 0.7260226  -0.22059414]
 [ 0.5882431  -0.07530167]
 [ 2.0509508  -1.5477544 ]
 [ 1.7001479  -1.1960102 ]
 [ 1.8380904  -1.2986999 ]
 [ 1.7003111  -1.1534073 ]
 [ 0.63688946 -0.12647906]
 [ 1.5959859  -1.0019114 ]
 [ 1.7001479  -1.1960102 ]]
2025-12-21 17:19:06,759 - [INFO] - ------------------------------------------------------------
2025-12-21 17:19:06,760 - [INFO] - On Validation Set:
	Accuracy of RRL  Model: 0.9108500345542502
	F1 Score of RRL  Model: 0.724567624157271
2025-12-21 17:19:06,765 - [INFO] - On Validation Set:
Performance of  RRL Model: 
[[1254   32]
 [  97   64]]
              precision    recall  f1-score   support

           0       0.93      0.98      0.95      1286
           1       0.67      0.40      0.50       161

    accuracy                           0.91      1447
   macro avg       0.80      0.69      0.72      1447
weighted avg       0.90      0.91      0.90      1447

2025-12-21 17:19:06,766 - [INFO] - ------------------------------------------------------------
2025-12-21 17:19:07,242 - [INFO] - epoch: 4, loss_rrl: 112.87733143754303
2025-12-21 17:19:08,404 - [DEBUG] - y_true: (1447,) [0 0 0 0 0 1 0 0 0 0 0 0 0 0 0 0 0 1 0 0 0 0 0 0 1 0 0 0 0 0 0 0 0 0 0 0 0
 0 1 1 0]
2025-12-21 17:19:08,561 - [DEBUG] - y_rrl_: (1447,) [0 0 0 0 0 1 0 0 0 0 0 0 0 0 0 0 0 0 0 0 0 0 0 0 1 0 0 0 0 0 0 0 0 0 0 0 0
 0 0 0 0]
2025-12-21 17:19:08,562 - [DEBUG] - y_rrl: (1447, 2) [[ 1.8889065  -1.3512731 ]
 [ 0.7251803  -0.30592683]
 [ 1.6631376  -1.1320446 ]
 [ 1.888227   -1.3929663 ]
 [ 1.6347859  -1.1112876 ]
 [ 0.08040486  0.39232272]
 [ 2.113996   -1.6121948 ]
 [ 1.888227   -1.3929663 ]
 [ 2.113996   -1.6121948 ]
 [ 1.3436747  -0.81105876]
 [ 0.9562939  -0.48819315]
 [ 1.5008461  -1.0701005 ]
 [ 1.5015256  -1.0284073 ]
 [ 1.4724946  -1.0493436 ]
 [ 1.7266152  -1.289329  ]
 [ 2.113996   -1.6121948 ]
 [ 1.6341064  -1.1529806 ]
 [ 0.9562939  -0.48819315]
 [ 1.3376507  -0.88971406]
 [ 1.5008461  -1.0701005 ]
 [ 2.113996   -1.6121948 ]
 [ 1.7266152  -1.289329  ]
 [ 2.113996   -1.6121948 ]
 [ 1.8598754  -1.3722091 ]
 [-0.69117576  1.2107885 ]
 [ 0.7312044  -0.22727153]
 [ 1.2757567  -0.8091789 ]
 [ 1.7266152  -1.289329  ]
 [ 1.2757567  -0.8091789 ]
 [ 1.888227   -1.3929663 ]
 [ 2.113996   -1.6121948 ]
 [ 1.888227   -1.3929663 ]
 [ 0.7312044  -0.22727153]
 [ 0.7312044  -0.22727153]
 [ 1.8889065  -1.3512731 ]
 [ 1.888227   -1.3929663 ]
 [ 1.8889065  -1.3512731 ]
 [ 1.7266152  -1.289329  ]
 [ 0.6928752  -0.19146454]
 [ 1.4361835  -0.9474073 ]
 [ 1.888227   -1.3929663 ]]
2025-12-21 17:19:08,564 - [INFO] - ------------------------------------------------------------
2025-12-21 17:19:08,564 - [INFO] - On Validation Set:
	Accuracy of RRL  Model: 0.9067035245335177
	F1 Score of RRL  Model: 0.6967601324447797
2025-12-21 17:19:08,570 - [INFO] - On Validation Set:
Performance of  RRL Model: 
[[1258   28]
 [ 107   54]]
              precision    recall  f1-score   support

           0       0.92      0.98      0.95      1286
           1       0.66      0.34      0.44       161

    accuracy                           0.91      1447
   macro avg       0.79      0.66      0.70      1447
weighted avg       0.89      0.91      0.89      1447

2025-12-21 17:19:08,570 - [INFO] - ------------------------------------------------------------
2025-12-21 17:19:08,821 - [INFO] - epoch: 5, loss_rrl: 111.24984491989017
2025-12-21 17:19:10,322 - [DEBUG] - y_true: (1447,) [0 0 0 0 0 1 0 0 0 0 0 0 0 0 0 0 0 1 0 0 0 0 0 0 1 0 0 0 0 0 0 0 0 0 0 0 0
 0 1 1 0]
2025-12-21 17:19:10,480 - [DEBUG] - y_rrl_: (1447,) [0 0 0 0 0 1 0 0 0 0 0 0 0 0 0 0 0 0 0 0 0 0 0 0 1 0 0 0 0 0 0 0 0 0 0 0 0
 0 0 0 0]
2025-12-21 17:19:10,480 - [DEBUG] - y_rrl: (1447, 2) [[ 2.102923   -1.5669725 ]
 [ 1.0487089  -0.62245977]
 [ 1.7686753  -1.2377785 ]
 [ 1.7686753  -1.2377785 ]
 [ 2.102923   -1.5669725 ]
 [ 0.17083274  0.30202705]
 [ 2.102923   -1.5669725 ]
 [ 1.9949769  -1.4995738 ]
 [ 2.3292243  -1.8287677 ]
 [ 1.4776087  -0.94509864]
 [ 1.0945284  -0.6260836 ]
 [ 1.8324165  -1.3945671 ]
 [ 1.7198427  -1.2479575 ]
 [ 2.102923   -1.5669725 ]
 [ 1.5455168  -1.0566603 ]
 [ 2.102923   -1.5669725 ]
 [ 1.9949769  -1.4995738 ]
 [ 1.0945284  -0.6260836 ]
 [ 1.2112693  -0.72746646]
 [ 1.2112693  -0.72746646]
 [ 1.5455168  -1.0566603 ]
 [ 2.102923   -1.5669725 ]
 [ 1.1624366  -0.7376453 ]
 [ 1.5455168  -1.0566603 ]
 [-0.26749265  0.7917524 ]
 [ 1.088747   -0.57829666]
 [ 1.3855951  -0.9187635 ]
 [ 1.5455168  -1.0566603 ]
 [ 1.7686753  -1.2377785 ]
 [ 1.9891952  -1.4517869 ]
 [ 2.3292243  -1.8287677 ]
 [ 1.7686753  -1.2377785 ]
 [ 0.868227   -0.36428833]
 [ 0.868227   -0.36428833]
 [ 2.102923   -1.5669725 ]
 [ 2.2154968  -1.7135822 ]
 [ 1.7198427  -1.2479575 ]
 [ 1.5455168  -1.0566603 ]
 [ 0.39713424  0.04023178]
 [ 1.4678402  -0.941641  ]
 [ 1.9949769  -1.4995738 ]]
2025-12-21 17:19:10,482 - [INFO] - ------------------------------------------------------------
2025-12-21 17:19:10,482 - [INFO] - On Validation Set:
	Accuracy of RRL  Model: 0.9046302695231514
	F1 Score of RRL  Model: 0.6518238248012275
2025-12-21 17:19:10,488 - [INFO] - On Validation Set:
Performance of  RRL Model: 
[[1271   15]
 [ 123   38]]
              precision    recall  f1-score   support

           0       0.91      0.99      0.95      1286
           1       0.72      0.24      0.36       161

    accuracy                           0.90      1447
   macro avg       0.81      0.61      0.65      1447
weighted avg       0.89      0.90      0.88      1447

2025-12-21 17:19:10,488 - [INFO] - ------------------------------------------------------------
2025-12-21 17:19:10,518 - [INFO] - epoch: 6, loss_rrl: 112.06176255829632
2025-12-21 17:19:11,916 - [INFO] - epoch: 7, loss_rrl: 112.19653386808932
2025-12-21 17:19:12,184 - [DEBUG] - y_true: (1447,) [0 0 0 0 0 1 0 0 0 0 0 0 0 0 0 0 0 1 0 0 0 0 0 0 1 0 0 0 0 0 0 0 0 0 0 0 0
 0 1 1 0]
2025-12-21 17:19:12,343 - [DEBUG] - y_rrl_: (1447,) [0 0 0 0 0 1 0 0 0 0 0 0 0 0 0 0 0 0 0 0 0 0 0 0 1 0 0 0 0 0 0 0 0 0 0 0 0
 0 0 0 0]
2025-12-21 17:19:12,344 - [DEBUG] - y_rrl: (1447, 2) [[ 1.7981161  -1.2778056 ]
 [ 0.57920104 -0.15304512]
 [ 1.5208255  -1.0934888 ]
 [ 1.7345213  -1.2932154 ]
 [ 1.7981161  -1.2778056 ]
 [-0.11787822  0.59679985]
 [ 2.2609444  -1.822006  ]
 [ 1.7345213  -1.2932154 ]
 [ 2.2609444  -1.822006  ]
 [ 1.2343473  -0.75618744]
 [ 1.337867   -0.867108  ]
 [ 1.838041   -1.4041358 ]
 [ 1.6516305  -1.1809754 ]
 [ 1.9437293  -1.5113587 ]
 [ 2.2230465  -1.7239486 ]
 [ 2.0472488  -1.6222793 ]
 [ 1.6243454  -1.2044091 ]
 [ 1.2343473  -0.75618744]
 [ 0.9369215  -0.49629176]
 [ 1.6966234  -1.195158  ]
 [ 1.5735208  -1.1138885 ]
 [ 2.0472488  -1.6222793 ]
 [ 1.1031635  -0.7285254 ]
 [ 1.9058315  -1.4133013 ]
 [-0.91734976  1.4405891 ]
 [ 0.7285531  -0.22607738]
 [ 1.2666248  -0.86116266]
 [ 2.1195269  -1.6130282 ]
 [ 1.6268061  -1.1577195 ]
 [ 1.8001431  -1.3060784 ]
 [ 2.1574247  -1.7110856 ]
 [ 1.6966234  -1.195158  ]
 [ 0.7664509  -0.32413477]
 [ 0.66293114 -0.21321425]
 [ 2.0118117  -1.4775323 ]
 [ 1.7345213  -1.2932154 ]
 [ 1.4758327  -1.0793061 ]
 [ 1.9058315  -1.4133013 ]
 [ 0.4914357  -0.04423083]
 [ 0.96129924 -0.4411891 ]
 [ 1.5208255  -1.0934888 ]]
2025-12-21 17:19:12,346 - [INFO] - ------------------------------------------------------------
2025-12-21 17:19:12,346 - [INFO] - On Validation Set:
	Accuracy of RRL  Model: 0.9101589495507948
	F1 Score of RRL  Model: 0.727212348314346
2025-12-21 17:19:12,352 - [INFO] - On Validation Set:
Performance of  RRL Model: 
[[1251   35]
 [  95   66]]
              precision    recall  f1-score   support

           0       0.93      0.97      0.95      1286
           1       0.65      0.41      0.50       161

    accuracy                           0.91      1447
   macro avg       0.79      0.69      0.73      1447
weighted avg       0.90      0.91      0.90      1447

2025-12-21 17:19:12,352 - [INFO] - ------------------------------------------------------------
2025-12-21 17:19:13,541 - [INFO] - epoch: 8, loss_rrl: 111.46752657182515
2025-12-21 17:19:13,984 - [DEBUG] - y_true: (1447,) [0 0 0 0 0 1 0 0 0 0 0 0 0 0 0 0 0 1 0 0 0 0 0 0 1 0 0 0 0 0 0 0 0 0 0 0 0
 0 1 1 0]
2025-12-21 17:19:14,144 - [DEBUG] - y_rrl_: (1447,) [0 0 0 0 0 1 0 0 0 0 0 0 0 0 0 0 0 0 0 0 0 0 0 0 1 0 0 0 0 0 0 0 1 1 0 0 0
 0 0 1 0]
2025-12-21 17:19:14,145 - [DEBUG] - y_rrl: (1447, 2) [[ 2.0341358e+00 -1.5502870e+00]
 [ 6.5966123e-01 -2.4189253e-01]
 [ 1.5596349e+00 -1.0807986e+00]
 [ 1.7366636e+00 -1.2439443e+00]
 [ 2.0341358e+00 -1.5502870e+00]
 [-1.4559792e-01  6.6006643e-01]
 [ 2.2111645e+00 -1.7134328e+00]
 [ 1.7366636e+00 -1.2439443e+00]
 [ 2.2111645e+00 -1.7134328e+00]
 [ 1.0789162e+00 -5.7510656e-01]
 [ 2.2668125e-01  1.6728453e-01]
 [ 8.8442868e-01 -5.0155318e-01]
 [ 1.6439101e+00 -1.1744907e+00]
 [ 2.0341358e+00 -1.5502870e+00]
 [ 2.2111645e+00 -1.7134328e+00]
 [ 1.5243878e+00 -1.0871773e+00]
 [ 1.5596349e+00 -1.0807986e+00]
 [ 2.2668125e-01  1.6728453e-01]
 [ 1.0498871e+00 -6.1768883e-01]
 [ 1.7366636e+00 -1.2439443e+00]
 [ 2.2111645e+00 -1.7134328e+00]
 [ 2.0341358e+00 -1.5502870e+00]
 [ 2.0341358e+00 -1.5502870e+00]
 [ 2.0341358e+00 -1.5502870e+00]
 [-1.0271302e+00  1.5853115e+00]
 [ 5.1166171e-01 -3.6164507e-02]
 [ 1.1694092e+00 -7.0500225e-01]
 [ 2.2111645e+00 -1.7134328e+00]
 [ 1.5118961e+00 -9.8428363e-01]
 [ 1.7366636e+00 -1.2439443e+00]
 [ 2.2111645e+00 -1.7134328e+00]
 [ 1.7366636e+00 -1.2439443e+00]
 [ 1.9137710e-03  4.2694521e-01]
 [ 1.9137710e-03  4.2694521e-01]
 [ 2.2111645e+00 -1.7134328e+00]
 [ 1.7366636e+00 -1.2439443e+00]
 [ 1.8093684e+00 -1.2906263e+00]
 [ 2.0341358e+00 -1.5502870e+00]
 [ 4.2165655e-01  1.2112440e-01]
 [ 1.5374616e-02  4.5281941e-01]
 [ 1.5596349e+00 -1.0807986e+00]]
2025-12-21 17:19:14,147 - [INFO] - ------------------------------------------------------------
2025-12-21 17:19:14,147 - [INFO] - On Validation Set:
	Accuracy of RRL  Model: 0.9101589495507948
	F1 Score of RRL  Model: 0.741339955558489
2025-12-21 17:19:14,153 - [INFO] - On Validation Set:
Performance of  RRL Model: 
[[1243   43]
 [  87   74]]
              precision    recall  f1-score   support

           0       0.93      0.97      0.95      1286
           1       0.63      0.46      0.53       161

    accuracy                           0.91      1447
   macro avg       0.78      0.71      0.74      1447
weighted avg       0.90      0.91      0.90      1447

2025-12-21 17:19:14,153 - [INFO] - ------------------------------------------------------------
2025-12-21 17:19:15,133 - [INFO] - epoch: 9, loss_rrl: 112.50414096005261
2025-12-21 17:19:15,798 - [DEBUG] - y_true: (1447,) [0 0 0 0 0 1 0 0 0 0 0 0 0 0 0 0 0 1 0 0 0 0 0 0 1 0 0 0 0 0 0 0 0 0 0 0 0
 0 1 1 0]
2025-12-21 17:19:15,957 - [DEBUG] - y_rrl_: (1447,) [0 0 0 0 0 1 0 0 0 0 0 0 0 0 0 0 0 0 0 0 0 0 0 0 1 0 0 0 0 0 0 0 1 1 0 0 0
 0 0 0 0]
2025-12-21 17:19:15,957 - [DEBUG] - y_rrl: (1447, 2) [[ 2.1133938  -1.6372612 ]
 [ 0.8693705  -0.45260057]
 [ 1.7724669  -1.2948982 ]
 [ 1.9546659  -1.4633026 ]
 [ 2.1133938  -1.6372612 ]
 [ 0.11296523  0.3558564 ]
 [ 2.2955928  -1.8056655 ]
 [ 1.9546659  -1.4633026 ]
 [ 2.2955928  -1.8056655 ]
 [ 1.2790152  -0.776696  ]
 [ 0.44899127 -0.05588541]
 [ 1.124642   -0.74249196]
 [ 1.7026368  -1.2408956 ]
 [ 2.1133938  -1.6372612 ]
 [ 2.2955928  -1.8056655 ]
 [ 1.3657831  -0.9014375 ]
 [ 1.7724669  -1.2948982 ]
 [ 0.44899127 -0.05588541]
 [ 1.0248561  -0.55907464]
 [ 1.9546659  -1.4633026 ]
 [ 1.8032539  -1.3597332 ]
 [ 2.1133938  -1.6372612 ]
 [ 1.2833699  -0.9164505 ]
 [ 2.1133938  -1.6372612 ]
 [-0.783174    1.2950798 ]
 [ 0.686059   -0.21192628]
 [ 1.3617097  -0.8985328 ]
 [ 2.2955928  -1.8056655 ]
 [ 1.6993945  -1.1734113 ]
 [ 1.9546659  -1.4633026 ]
 [ 2.2955928  -1.8056655 ]
 [ 1.9546659  -1.4633026 ]
 [ 0.19371974  0.23400593]
 [ 0.19371974  0.23400593]
 [ 2.2955928  -1.8056655 ]
 [ 1.9546659  -1.4633026 ]
 [ 1.5204376  -1.0724913 ]
 [ 2.1133938  -1.6372612 ]
 [ 0.70592153 -0.20891333]
 [ 0.38723087  0.02277252]
 [ 1.7724669  -1.2948982 ]]
2025-12-21 17:19:15,959 - [INFO] - ------------------------------------------------------------
2025-12-21 17:19:15,959 - [INFO] - On Validation Set:
	Accuracy of RRL  Model: 0.9011748445058743
	F1 Score of RRL  Model: 0.637650095525284
2025-12-21 17:19:15,965 - [INFO] - On Validation Set:
Performance of  RRL Model: 
[[1269   17]
 [ 126   35]]
              precision    recall  f1-score   support

           0       0.91      0.99      0.95      1286
           1       0.67      0.22      0.33       161

    accuracy                           0.90      1447
   macro avg       0.79      0.60      0.64      1447
weighted avg       0.88      0.90      0.88      1447

2025-12-21 17:19:15,965 - [INFO] - ------------------------------------------------------------
2025-12-21 17:19:16,712 - [INFO] - epoch: 10, loss_rrl: 113.20027423463762
2025-12-21 17:19:17,607 - [DEBUG] - y_true: (1447,) [0 0 0 0 0 1 0 0 0 0 0 0 0 0 0 0 0 1 0 0 0 0 0 0 1 0 0 0 0 0 0 0 0 0 0 0 0
 0 1 1 0]
2025-12-21 17:19:17,767 - [DEBUG] - y_rrl_: (1447,) [0 0 0 0 0 1 0 0 0 0 0 0 0 0 0 0 0 0 0 0 0 0 0 0 1 0 0 0 0 0 0 0 0 0 0 0 0
 0 0 0 0]
2025-12-21 17:19:17,768 - [DEBUG] - y_rrl: (1447, 2) [[ 1.8549535  -1.3320582 ]
 [ 0.53441614 -0.11139192]
 [ 1.6048887  -1.1076255 ]
 [ 1.6048887  -1.1076255 ]
 [ 1.8549535  -1.3320582 ]
 [ 0.09526012  0.48582697]
 [ 1.8549535  -1.3320582 ]
 [ 1.6048887  -1.1076255 ]
 [ 2.1330976  -1.6445539 ]
 [ 0.94431394 -0.4362198 ]
 [ 0.74382246 -0.30543593]
 [ 1.4043971  -0.9768416 ]
 [ 1.5425731  -1.0820956 ]
 [ 1.7430644  -1.2128794 ]
 [ 1.8549535  -1.3320582 ]
 [ 2.1330976  -1.6445539 ]
 [ 1.7167776  -1.2268043 ]
 [ 0.63193357 -0.18625727]
 [ 1.1249409  -0.67385006]
 [ 1.3267443  -0.7951297 ]
 [ 1.541261   -1.0915997 ]
 [ 1.8549535  -1.3320582 ]
 [ 1.3750057  -0.8982828 ]
 [ 1.7430644  -1.2128794 ]
 [-0.84254247  1.4660683 ]
 [ 0.46567822  0.00705969]
 [ 1.126253   -0.664346  ]
 [ 1.7430644  -1.2128794 ]
 [ 1.4386334  -0.9143085 ]
 [ 1.7167776  -1.2268043 ]
 [ 2.0212088  -1.5253751 ]
 [ 1.3267443  -0.7951297 ]
 [ 0.46567822  0.00705969]
 [ 0.35378927  0.12623835]
 [ 1.8549535  -1.3320582 ]
 [ 1.6048887  -1.1076255 ]
 [ 1.8549535  -1.3320582 ]
 [ 1.7430644  -1.2128794 ]
 [ 0.37340438  0.17333136]
 [ 1.5606414  -1.0847373 ]
 [ 1.6048887  -1.1076255 ]]
2025-12-21 17:19:17,770 - [INFO] - ------------------------------------------------------------
2025-12-21 17:19:17,770 - [INFO] - On Validation Set:
	Accuracy of RRL  Model: 0.9149965445749827
	F1 Score of RRL  Model: 0.7479468932554434
2025-12-21 17:19:17,776 - [INFO] - On Validation Set:
Performance of  RRL Model: 
[[1251   35]
 [  88   73]]
              precision    recall  f1-score   support

           0       0.93      0.97      0.95      1286
           1       0.68      0.45      0.54       161

    accuracy                           0.91      1447
   macro avg       0.81      0.71      0.75      1447
weighted avg       0.91      0.91      0.91      1447

2025-12-21 17:19:17,776 - [INFO] - ------------------------------------------------------------
2025-12-21 17:19:18,298 - [INFO] - epoch: 11, loss_rrl: 113.09493437595665
2025-12-21 17:19:19,417 - [DEBUG] - y_true: (1447,) [0 0 0 0 0 1 0 0 0 0 0 0 0 0 0 0 0 1 0 0 0 0 0 0 1 0 0 0 0 0 0 0 0 0 0 0 0
 0 1 1 0]
2025-12-21 17:19:19,576 - [DEBUG] - y_rrl_: (1447,) [0 0 0 0 0 1 0 0 0 0 0 0 0 0 0 0 0 0 0 0 0 0 0 0 1 0 0 0 0 0 0 0 0 0 0 0 0
 0 0 0 0]
2025-12-21 17:19:19,577 - [DEBUG] - y_rrl: (1447, 2) [[ 2.5700722  -2.0828218 ]
 [ 0.75553936 -0.33352914]
 [ 1.9733113  -1.4773848 ]
 [ 1.9733113  -1.4773848 ]
 [ 2.5700722  -2.0828218 ]
 [-0.04292489  0.5600981 ]
 [ 2.5700722  -2.0828218 ]
 [ 1.9733113  -1.4773848 ]
 [ 2.5700722  -2.0828218 ]
 [ 1.21706    -0.7104177 ]
 [ 0.99740183 -0.5600731 ]
 [ 1.7536527  -1.3270401 ]
 [ 1.9087244  -1.4494387 ]
 [ 2.0948567  -1.6624162 ]
 [ 2.2226353  -1.7974467 ]
 [ 2.5700722  -2.0828218 ]
 [ 2.1010897  -1.6124153 ]
 [ 0.86962306 -0.42504245]
 [ 1.4168872  -0.96691257]
 [ 1.6258743  -1.1920096 ]
 [ 1.8858699  -1.4373193 ]
 [ 2.2226353  -1.7974467 ]
 [ 1.6662114  -1.2869745 ]
 [ 2.4422936  -1.9477915 ]
 [-1.270935    1.784226  ]
 [ 0.68349093 -0.21206498]
 [ 1.4397418  -0.97903186]
 [ 2.0948567  -1.6624162 ]
 [ 1.4397418  -0.97903186]
 [ 2.1010897  -1.6124153 ]
 [ 2.4422936  -1.9477915 ]
 [ 1.4168872  -0.96691257]
 [ 0.68349093 -0.21206498]
 [ 0.55571216 -0.07703432]
 [ 2.5700722  -2.0828218 ]
 [ 1.9733113  -1.4773848 ]
 [ 1.9087244  -1.4494387 ]
 [ 2.0948567  -1.6624162 ]
 [ 0.61842304 -0.07328528]
 [ 1.2456701  -0.728959  ]
 [ 1.9733113  -1.4773848 ]]
2025-12-21 17:19:19,579 - [INFO] - ------------------------------------------------------------
2025-12-21 17:19:19,579 - [INFO] - On Validation Set:
	Accuracy of RRL  Model: 0.9046302695231514
	F1 Score of RRL  Model: 0.6865015071590053
2025-12-21 17:19:19,585 - [INFO] - On Validation Set:
Performance of  RRL Model: 
[[1258   28]
 [ 110   51]]
              precision    recall  f1-score   support

           0       0.92      0.98      0.95      1286
           1       0.65      0.32      0.42       161

    accuracy                           0.90      1447
   macro avg       0.78      0.65      0.69      1447
weighted avg       0.89      0.90      0.89      1447

2025-12-21 17:19:19,585 - [INFO] - ------------------------------------------------------------
2025-12-21 17:19:19,872 - [INFO] - epoch: 12, loss_rrl: 113.16235347278416
2025-12-21 17:19:21,211 - [DEBUG] - y_true: (1447,) [0 0 0 0 0 1 0 0 0 0 0 0 0 0 0 0 0 1 0 0 0 0 0 0 1 0 0 0 0 0 0 0 0 0 0 0 0
 0 1 1 0]
2025-12-21 17:19:21,369 - [DEBUG] - y_rrl_: (1447,) [0 0 0 0 0 1 0 0 0 0 0 0 0 0 0 0 0 0 0 0 0 0 0 0 1 0 0 0 0 0 0 0 0 0 0 0 0
 0 0 0 0]
2025-12-21 17:19:21,369 - [DEBUG] - y_rrl: (1447, 2) [[ 2.1805618  -1.6607665 ]
 [ 0.6289996  -0.20800845]
 [ 1.8499745  -1.3553909 ]
 [ 1.8499745  -1.3553909 ]
 [ 2.1805618  -1.6607665 ]
 [ 0.19653231  0.3808223 ]
 [ 2.4829478  -1.9969939 ]
 [ 1.8499745  -1.3553909 ]
 [ 2.4829478  -1.9969939 ]
 [ 1.368116   -0.83796275]
 [ 1.1292473  -0.6680099 ]
 [ 1.6111058  -1.185438  ]
 [ 1.8216811  -1.3635899 ]
 [ 2.0040553  -1.5725936 ]
 [ 2.124067   -1.6998173 ]
 [ 2.4829478  -1.9969939 ]
 [ 1.9699866  -1.4826146 ]
 [ 1.0092353  -0.5407861 ]
 [ 1.2902665  -0.84141237]
 [ 1.4910938  -1.0582143 ]
 [ 1.803228   -1.3557914 ]
 [ 2.124067   -1.6998173 ]
 [ 1.5643592  -1.1858386 ]
 [ 2.0040553  -1.5725936 ]
 [-0.5318086   1.1509079 ]
 [ 0.82686114 -0.33178264]
 [ 1.3087195  -0.8492108 ]
 [ 2.0040553  -1.5725936 ]
 [ 1.3087195  -0.8492108 ]
 [ 1.9699866  -1.4826146 ]
 [ 2.362936   -1.8697702 ]
 [ 1.8499745  -1.3553909 ]
 [ 0.82686114 -0.33178264]
 [ 0.7068492  -0.2045588 ]
 [ 2.1805618  -1.6607665 ]
 [ 1.8499745  -1.3553909 ]
 [ 1.8216811  -1.3635899 ]
 [ 2.0040553  -1.5725936 ]
 [ 0.49891844  0.04459499]
 [ 1.069032   -0.5539329 ]
 [ 1.8499745  -1.3553909 ]]
2025-12-21 17:19:21,371 - [INFO] - ------------------------------------------------------------
2025-12-21 17:19:21,371 - [INFO] - On Validation Set:
	Accuracy of RRL  Model: 0.907394609536973
	F1 Score of RRL  Model: 0.6757992241840556
2025-12-21 17:19:21,377 - [INFO] - On Validation Set:
Performance of  RRL Model: 
[[1268   18]
 [ 116   45]]
              precision    recall  f1-score   support

           0       0.92      0.99      0.95      1286
           1       0.71      0.28      0.40       161

    accuracy                           0.91      1447
   macro avg       0.82      0.63      0.68      1447
weighted avg       0.89      0.91      0.89      1447

2025-12-21 17:19:21,377 - [INFO] - ------------------------------------------------------------
2025-12-21 17:19:21,439 - [INFO] - epoch: 13, loss_rrl: 111.66460608318448
2025-12-21 17:19:22,828 - [INFO] - epoch: 14, loss_rrl: 112.36737816780806
2025-12-21 17:19:23,007 - [DEBUG] - y_true: (1447,) [0 0 0 0 0 1 0 0 0 0 0 0 0 0 0 0 0 1 0 0 0 0 0 0 1 0 0 0 0 0 0 0 0 0 0 0 0
 0 1 1 0]
2025-12-21 17:19:23,166 - [DEBUG] - y_rrl_: (1447,) [0 0 0 0 0 1 0 0 0 0 0 0 0 0 0 0 0 0 0 0 0 0 0 0 1 0 0 0 0 0 0 0 0 0 0 0 0
 0 0 0 0]
2025-12-21 17:19:23,167 - [DEBUG] - y_rrl: (1447, 2) [[ 1.7829401  -1.2710056 ]
 [ 0.5019163  -0.08196005]
 [ 1.5356131  -1.055853  ]
 [ 1.6930151  -1.1998111 ]
 [ 1.4445071  -0.88383555]
 [ 0.0615663   0.51385003]
 [ 2.361099   -1.8764782 ]
 [ 1.6930151  -1.1998111 ]
 [ 2.361099   -1.8764782 ]
 [ 1.1971803  -0.6686829 ]
 [ 0.6712611  -0.18826187]
 [ 1.2858922  -0.845357  ]
 [ 1.6959195  -1.2390481 ]
 [ 1.383249   -0.91750026]
 [ 1.9978802  -1.5745956 ]
 [ 1.5589815  -1.1261319 ]
 [ 1.1971803  -0.6686829 ]
 [ 0.6712611  -0.18826187]
 [ 0.7077331  -0.23988461]
 [ 1.3297963  -0.8979284 ]
 [ 1.7163835  -1.2700899 ]
 [ 1.7216821  -1.3046705 ]
 [ 1.1957628  -0.82424927]
 [ 1.7464678  -1.2193829 ]
 [-0.75020313  1.3670037 ]
 [ 0.65079707 -0.15721998]
 [ 1.4485927  -1.0238955 ]
 [ 1.8790839  -1.4486283 ]
 [ 1.4485927  -1.0238955 ]
 [ 1.8118114  -1.3257781 ]
 [ 2.2423027  -1.7505109 ]
 [ 1.1670958  -0.71939   ]
 [ 0.30804226  0.11362076]
 [ 0.30804226  0.11362076]
 [ 2.0591383  -1.5409307 ]
 [ 1.6930151  -1.1998111 ]
 [ 1.7216821  -1.3046705 ]
 [ 1.7216821  -1.3046705 ]
 [ 0.363527    0.17830268]
 [ 0.40877926  0.11419138]
 [ 1.5356131  -1.055853  ]]
2025-12-21 17:19:23,169 - [INFO] - ------------------------------------------------------------
2025-12-21 17:19:23,169 - [INFO] - On Validation Set:
	Accuracy of RRL  Model: 0.907394609536973
	F1 Score of RRL  Model: 0.7148927785815953
2025-12-21 17:19:23,175 - [INFO] - On Validation Set:
Performance of  RRL Model: 
[[1251   35]
 [  99   62]]
              precision    recall  f1-score   support

           0       0.93      0.97      0.95      1286
           1       0.64      0.39      0.48       161

    accuracy                           0.91      1447
   macro avg       0.78      0.68      0.71      1447
weighted avg       0.89      0.91      0.90      1447

2025-12-21 17:19:23,175 - [INFO] - ------------------------------------------------------------
2025-12-21 17:19:24,399 - [INFO] - epoch: 15, loss_rrl: 112.07094649225473
2025-12-21 17:19:24,801 - [DEBUG] - y_true: (1447,) [0 0 0 0 0 1 0 0 0 0 0 0 0 0 0 0 0 1 0 0 0 0 0 0 1 0 0 0 0 0 0 0 0 0 0 0 0
 0 1 1 0]
2025-12-21 17:19:24,959 - [DEBUG] - y_rrl_: (1447,) [0 0 0 0 0 1 0 0 0 0 0 0 0 0 0 0 0 0 0 0 0 0 0 0 1 0 0 0 0 0 0 0 0 0 0 0 0
 0 0 0 0]
2025-12-21 17:19:24,960 - [DEBUG] - y_rrl: (1447, 2) [[ 2.64362    -2.1603527 ]
 [ 0.738737   -0.31980252]
 [ 1.943239   -1.4514365 ]
 [ 1.943239   -1.4514365 ]
 [ 2.64362    -2.1603527 ]
 [-0.24014309  0.75264245]
 [ 2.64362    -2.1603527 ]
 [ 1.943239   -1.4514365 ]
 [ 2.64362    -2.1603527 ]
 [ 1.1314734  -0.6293834 ]
 [ 0.8025808  -0.35287791]
 [ 2.0634956  -1.5788219 ]
 [ 1.8882675  -1.4326097 ]
 [ 2.1404295  -1.7110056 ]
 [ 2.2606862  -1.8383911 ]
 [ 2.1944706  -1.7564616 ]
 [ 2.0634956  -1.5788219 ]
 [ 1.1314734  -0.6293834 ]
 [ 1.1216708  -0.6417641 ]
 [ 1.5603051  -1.129475  ]
 [ 2.074214   -1.6290761 ]
 [ 2.2606862  -1.8383911 ]
 [ 1.8115369  -1.4345001 ]
 [ 2.5233634  -2.032967  ]
 [-1.0329381   1.5864626 ]
 [ 0.4963776  -0.02902595]
 [ 1.2314125  -0.85296935]
 [ 2.1404295  -1.7110056 ]
 [ 1.6805619  -1.2568604 ]
 [ 2.0634956  -1.5788219 ]
 [ 2.5233634  -2.032967  ]
 [ 1.1111557  -0.725584  ]
 [ 0.41964695 -0.03091637]
 [ 0.29939017  0.09646912]
 [ 2.64362    -2.1603527 ]
 [ 1.943239   -1.4514365 ]
 [ 2.2606862  -1.8383911 ]
 [ 2.1404295  -1.7110056 ]
 [ 0.51520944  0.02489947]
 [ 1.0316746  -0.5042749 ]
 [ 1.943239   -1.4514365 ]]
2025-12-21 17:19:24,962 - [INFO] - ------------------------------------------------------------
2025-12-21 17:19:24,962 - [INFO] - On Validation Set:
	Accuracy of RRL  Model: 0.9046302695231514
	F1 Score of RRL  Model: 0.7063821152556727
2025-12-21 17:19:24,968 - [INFO] - On Validation Set:
Performance of  RRL Model: 
[[1249   37]
 [ 101   60]]
              precision    recall  f1-score   support

           0       0.93      0.97      0.95      1286
           1       0.62      0.37      0.47       161

    accuracy                           0.90      1447
   macro avg       0.77      0.67      0.71      1447
weighted avg       0.89      0.90      0.89      1447

2025-12-21 17:19:24,968 - [INFO] - ------------------------------------------------------------
2025-12-21 17:19:25,965 - [INFO] - epoch: 16, loss_rrl: 113.52395773679018
2025-12-21 17:19:26,594 - [DEBUG] - y_true: (1447,) [0 0 0 0 0 1 0 0 0 0 0 0 0 0 0 0 0 1 0 0 0 0 0 0 1 0 0 0 0 0 0 0 0 0 0 0 0
 0 1 1 0]
2025-12-21 17:19:26,753 - [DEBUG] - y_rrl_: (1447,) [0 0 0 0 0 1 0 0 0 0 0 0 0 0 0 0 0 0 0 0 0 0 0 0 1 0 0 0 0 0 0 0 0 0 0 0 0
 0 0 0 0]
2025-12-21 17:19:26,753 - [DEBUG] - y_rrl: (1447, 2) [[ 1.9143225  -1.4562541 ]
 [ 0.40084907  0.0119554 ]
 [ 1.255379   -0.74041736]
 [ 1.6421489  -1.1568745 ]
 [ 1.8542032  -1.3406419 ]
 [ 0.2344124   0.24332964]
 [ 2.7877972  -2.305885  ]
 [ 1.6421489  -1.1568745 ]
 [ 2.7877972  -2.305885  ]
 [ 1.4357287  -0.9106114 ]
 [ 1.2982717  -0.7301973 ]
 [ 1.7612281  -1.3229253 ]
 [ 1.5369899  -1.0876602 ]
 [ 1.9143225  -1.4562541 ]
 [ 2.4106638  -1.9893669 ]
 [ 1.8637106  -1.3900371 ]
 [ 1.6926316  -1.1725477 ]
 [ 1.0079834  -0.52787614]
 [ 0.39121255  0.11189446]
 [ 1.2650155  -0.84035635]
 [ 2.2504804  -1.8064942 ]
 [ 1.9143225  -1.4562541 ]
 [ 1.0493245  -0.6413885 ]
 [ 2.291456   -1.7727723 ]
 [-0.61569166  1.1341094 ]
 [ 0.29449296  0.19095802]
 [ 1.3840947  -1.0064071 ]
 [ 1.8638397  -1.440581  ]
 [ 1.3745869  -0.9570122 ]
 [ 2.1889734  -1.7056606 ]
 [ 2.6782255  -2.1892297 ]
 [ 1.6421489  -1.1568745 ]
 [ 0.9211383  -0.41367912]
 [ 0.493393   -0.0309439 ]
 [ 2.4106638  -1.9893669 ]
 [ 1.6421489  -1.1568745 ]
 [ 1.4770699  -1.0241237 ]
 [ 1.4770699  -1.0241237 ]
 [ 0.6115458  -0.07318854]
 [ 0.6192465  -0.05690679]
 [ 1.255379   -0.74041736]]
2025-12-21 17:19:26,756 - [INFO] - ------------------------------------------------------------
2025-12-21 17:19:26,756 - [INFO] - On Validation Set:
	Accuracy of RRL  Model: 0.9067035245335177
	F1 Score of RRL  Model: 0.7196078572094993
2025-12-21 17:19:26,761 - [INFO] - On Validation Set:
Performance of  RRL Model: 
[[1247   39]
 [  96   65]]
              precision    recall  f1-score   support

           0       0.93      0.97      0.95      1286
           1       0.62      0.40      0.49       161

    accuracy                           0.91      1447
   macro avg       0.78      0.69      0.72      1447
weighted avg       0.89      0.91      0.90      1447

2025-12-21 17:19:26,762 - [INFO] - ------------------------------------------------------------
2025-12-21 17:19:27,529 - [INFO] - epoch: 17, loss_rrl: 110.03766990825534
2025-12-21 17:19:28,388 - [DEBUG] - y_true: (1447,) [0 0 0 0 0 1 0 0 0 0 0 0 0 0 0 0 0 1 0 0 0 0 0 0 1 0 0 0 0 0 0 0 0 0 0 0 0
 0 1 1 0]
2025-12-21 17:19:28,546 - [DEBUG] - y_rrl_: (1447,) [0 0 0 0 0 0 0 0 0 0 0 0 0 0 0 0 0 0 0 0 0 0 0 0 1 0 0 0 0 0 0 0 0 0 0 0 0
 0 0 0 0]
2025-12-21 17:19:28,547 - [DEBUG] - y_rrl: (1447, 2) [[ 2.374989   -1.9547125 ]
 [ 0.80194163 -0.38503218]
 [ 2.015692   -1.5267327 ]
 [ 2.015692   -1.5267327 ]
 [ 2.760687   -2.2801597 ]
 [ 0.5330235   0.0035336 ]
 [ 2.760687   -2.2801597 ]
 [ 2.015692   -1.5267327 ]
 [ 2.760687   -2.2801597 ]
 [ 1.2296133  -0.66349363]
 [ 0.97708297 -0.46275386]
 [ 1.7631617  -1.3259928 ]
 [ 1.9235076  -1.4702775 ]
 [ 2.2509484  -1.8236344 ]
 [ 2.374989   -1.9547125 ]
 [ 2.760687   -2.2801597 ]
 [ 2.1397326  -1.6578108 ]
 [ 0.85304236 -0.33167565]
 [ 2.015692   -1.5267327 ]
 [ 1.6299939  -1.2012854 ]
 [ 2.6366465  -2.1490817 ]
 [ 2.374989   -1.9547125 ]
 [ 1.9984181  -1.6228946 ]
 [ 2.6366465  -2.1490817 ]
 [-0.27873096  0.85558987]
 [ 0.5164744   0.01531067]
 [ 1.7540345  -1.3323635 ]
 [ 2.2509484  -1.8236344 ]
 [ 1.7540345  -1.3323635 ]
 [ 2.1397326  -1.6578108 ]
 [ 2.6366465  -2.1490817 ]
 [ 2.015692   -1.5267327 ]
 [ 0.5913849  -0.13730651]
 [ 0.46734428 -0.00622833]
 [ 2.374989   -1.9547125 ]
 [ 2.015692   -1.5267327 ]
 [ 2.374989   -1.9547125 ]
 [ 2.2509484  -1.8236344 ]
 [ 0.5330235   0.0035336 ]
 [ 1.1580074  -0.6343218 ]
 [ 2.015692   -1.5267327 ]]
2025-12-21 17:19:28,549 - [INFO] - ------------------------------------------------------------
2025-12-21 17:19:28,549 - [INFO] - On Validation Set:
	Accuracy of RRL  Model: 0.9011748445058743
	F1 Score of RRL  Model: 0.6141729053430418
2025-12-21 17:19:28,554 - [INFO] - On Validation Set:
Performance of  RRL Model: 
[[1276   10]
 [ 133   28]]
              precision    recall  f1-score   support

           0       0.91      0.99      0.95      1286
           1       0.74      0.17      0.28       161

    accuracy                           0.90      1447
   macro avg       0.82      0.58      0.61      1447
weighted avg       0.89      0.90      0.87      1447

2025-12-21 17:19:28,555 - [INFO] - ------------------------------------------------------------
2025-12-21 17:19:29,103 - [INFO] - epoch: 18, loss_rrl: 112.72260252572596
2025-12-21 17:19:30,223 - [DEBUG] - y_true: (1447,) [0 0 0 0 0 1 0 0 0 0 0 0 0 0 0 0 0 1 0 0 0 0 0 0 1 0 0 0 0 0 0 0 0 0 0 0 0
 0 1 1 0]
2025-12-21 17:19:30,413 - [DEBUG] - y_rrl_: (1447,) [0 0 0 0 0 0 0 0 0 0 0 0 0 0 0 0 0 0 0 0 0 0 0 0 1 0 0 0 0 0 0 0 0 0 0 0 0
 0 1 0 0]
2025-12-21 17:19:30,414 - [DEBUG] - y_rrl: (1447, 2) [[ 2.6296883  -2.1505694 ]
 [ 1.0348216  -0.5590563 ]
 [ 1.864296   -1.3767989 ]
 [ 1.864296   -1.3767989 ]
 [ 2.6296883  -2.1505694 ]
 [ 0.428833    0.10589434]
 [ 2.6296883  -2.1505694 ]
 [ 1.864296   -1.3767989 ]
 [ 2.6296883  -2.1505694 ]
 [ 1.1179821  -0.5538444 ]
 [ 0.8900941  -0.37743497]
 [ 1.6364079  -1.2003895 ]
 [ 2.6296883  -2.1505694 ]
 [ 2.505248   -2.0191395 ]
 [ 2.6296883  -2.1505694 ]
 [ 2.2773602  -1.84273   ]
 [ 1.9887359  -1.508229  ]
 [ 0.76565415 -0.2460049 ]
 [ 1.5119679  -1.0689594 ]
 [ 1.864296   -1.3767989 ]
 [ 2.15292    -1.7113    ]
 [ 2.6296883  -2.1505694 ]
 [ 1.8746222  -1.4998757 ]
 [ 2.505248   -2.0191395 ]
 [-0.76128733  1.2914608 ]
 [ 1.2424221  -0.6852744 ]
 [ 1.23367    -0.8575351 ]
 [ 2.505248   -2.0191395 ]
 [ 1.9887359  -1.508229  ]
 [ 1.9887359  -1.508229  ]
 [ 2.505248   -2.0191395 ]
 [ 1.5119679  -1.0689594 ]
 [ 0.4873562  -0.03458058]
 [ 0.36291617  0.09684949]
 [ 2.6296883  -2.1505694 ]
 [ 1.864296   -1.3767989 ]
 [ 2.6296883  -2.1505694 ]
 [ 2.505248   -2.0191395 ]
 [ 0.07650487  0.4137338 ]
 [ 1.0390656  -0.5172754 ]
 [ 1.864296   -1.3767989 ]]
2025-12-21 17:19:30,416 - [INFO] - ------------------------------------------------------------
2025-12-21 17:19:30,416 - [INFO] - On Validation Set:
	Accuracy of RRL  Model: 0.8908085694540429
	F1 Score of RRL  Model: 0.6383232509871419
2025-12-21 17:19:30,422 - [INFO] - On Validation Set:
Performance of  RRL Model: 
[[1249   37]
 [ 121   40]]
              precision    recall  f1-score   support

           0       0.91      0.97      0.94      1286
           1       0.52      0.25      0.34       161

    accuracy                           0.89      1447
   macro avg       0.72      0.61      0.64      1447
weighted avg       0.87      0.89      0.87      1447

2025-12-21 17:19:30,422 - [INFO] - ------------------------------------------------------------
2025-12-21 17:19:30,775 - [INFO] - epoch: 19, loss_rrl: 110.61570332758129
2025-12-21 17:19:32,125 - [DEBUG] - y_true: (1447,) [0 0 0 0 0 1 0 0 0 0 0 0 0 0 0 0 0 1 0 0 0 0 0 0 1 0 0 0 0 0 0 0 0 0 0 0 0
 0 1 1 0]
2025-12-21 17:19:32,281 - [DEBUG] - y_rrl_: (1447,) [0 0 0 0 0 1 0 0 0 0 0 0 0 0 0 0 0 0 0 0 0 0 0 0 1 0 0 0 0 0 0 0 0 0 0 0 0
 0 1 0 0]
2025-12-21 17:19:32,282 - [DEBUG] - y_rrl: (1447, 2) [[ 1.9682920e+00 -1.5078559e+00]
 [ 4.8330948e-01 -6.8485126e-02]
 [ 1.6059490e+00 -1.0776794e+00]
 [ 1.7529110e+00 -1.2669166e+00]
 [ 2.0135298e+00 -1.4467423e+00]
 [-7.2714366e-02  5.4604816e-01]
 [ 2.1152537e+00 -1.6970928e+00]
 [ 1.7529110e+00 -1.2669166e+00]
 [ 2.5303791e+00 -2.0527065e+00]
 [ 1.3962975e+00 -8.8103718e-01]
 [ 8.0989194e-01 -2.9895201e-01]
 [ 1.5363926e+00 -1.1015583e+00]
 [ 2.1152537e+00 -1.6970928e+00]
 [ 1.4712464e+00 -9.5702976e-01]
 [ 2.1152537e+00 -1.6970928e+00]
 [ 2.0397408e+00 -1.5640121e+00]
 [ 1.3632199e+00 -7.9505169e-01]
 [ 1.0526210e+00 -5.8157974e-01]
 [ 1.2622726e+00 -7.7822202e-01]
 [ 1.3377857e+00 -9.1130310e-01]
 [ 2.0595443e+00 -1.6191502e+00]
 [ 1.9682920e+00 -1.5078559e+00]
 [ 1.6246156e+00 -1.2083985e+00]
 [ 1.4712464e+00 -9.5702976e-01]
 [-1.8005664e+00  2.3017633e+00]
 [ 1.1083304e+00 -6.5952271e-01]
 [ 1.4649438e+00 -1.0454022e+00]
 [ 1.9880955e+00 -1.5629940e+00]
 [ 1.4649438e+00 -1.0454022e+00]
 [ 1.8800690e+00 -1.4010158e+00]
 [ 2.4032209e+00 -1.9186076e+00]
 [ 1.4092345e+00 -9.6745926e-01]
 [ 3.9476663e-01  5.6661550e-02]
 [ 6.3749576e-01 -2.2596616e-01]
 [ 2.1152537e+00 -1.6970928e+00]
 [ 1.7529110e+00 -1.2669166e+00]
 [ 1.9682920e+00 -1.5078559e+00]
 [ 1.8411338e+00 -1.3737565e+00]
 [-1.2655035e-03  4.8989198e-01]
 [ 7.9647768e-01 -2.3438737e-01]
 [ 1.6059490e+00 -1.0776794e+00]]
2025-12-21 17:19:32,284 - [INFO] - ------------------------------------------------------------
2025-12-21 17:19:32,284 - [INFO] - On Validation Set:
	Accuracy of RRL  Model: 0.9046302695231514
	F1 Score of RRL  Model: 0.7434001542020047
2025-12-21 17:19:32,290 - [INFO] - On Validation Set:
Performance of  RRL Model: 
[[1228   58]
 [  80   81]]
              precision    recall  f1-score   support

           0       0.94      0.95      0.95      1286
           1       0.58      0.50      0.54       161

    accuracy                           0.90      1447
   macro avg       0.76      0.73      0.74      1447
weighted avg       0.90      0.90      0.90      1447

2025-12-21 17:19:32,290 - [INFO] - ------------------------------------------------------------
2025-12-21 17:19:32,384 - [INFO] - epoch: 20, loss_rrl: 110.6540641579777
2025-12-21 17:19:33,754 - [INFO] - epoch: 21, loss_rrl: 110.75547152198851
2025-12-21 17:19:33,899 - [DEBUG] - y_true: (1447,) [0 0 0 0 0 1 0 0 0 0 0 0 0 0 0 0 0 1 0 0 0 0 0 0 1 0 0 0 0 0 0 0 0 0 0 0 0
 0 1 1 0]
2025-12-21 17:19:34,055 - [DEBUG] - y_rrl_: (1447,) [0 0 0 0 0 1 0 0 0 0 0 0 0 0 0 0 0 0 0 0 0 0 0 0 1 0 0 0 0 0 0 0 0 0 0 0 0
 0 1 0 0]
2025-12-21 17:19:34,056 - [DEBUG] - y_rrl: (1447, 2) [[ 2.090149   -1.6730686 ]
 [ 0.30777276  0.14220417]
 [ 1.5997272  -1.0790328 ]
 [ 1.5997272  -1.0790328 ]
 [ 2.0161748  -1.4572946 ]
 [-0.10891192  0.5807056 ]
 [ 2.5024867  -2.0262697 ]
 [ 1.5997272  -1.0790328 ]
 [ 2.5024867  -2.0262697 ]
 [ 1.3192313  -0.8056538 ]
 [ 1.0950519  -0.541915  ]
 [ 1.5132457  -1.0796005 ]
 [ 1.4209878  -0.9353301 ]
 [ 2.0303597  -1.500801  ]
 [ 2.5024867  -2.0262697 ]
 [ 2.1538723  -1.7216009 ]
 [ 1.5137068  -0.98966545]
 [ 0.970617   -0.5009852 ]
 [ 0.7201106  -0.2109968 ]
 [ 1.5997272  -1.0790328 ]
 [ 2.0298984  -1.590736  ]
 [ 2.5024867  -2.0262697 ]
 [ 1.6033756  -1.1940289 ]
 [ 2.0303597  -1.500801  ]
 [-1.3519357   1.8188527 ]
 [ 0.36170644  0.154421  ]
 [ 1.4495224  -1.0310681 ]
 [ 2.2403538  -1.7210337 ]
 [ 1.7237012  -1.2098979 ]
 [ 1.8618602  -1.3842691 ]
 [ 2.3785129  -1.8954047 ]
 [ 1.2511127  -0.7743643 ]
 [ 0.68271416 -0.188714  ]
 [ 0.55827916 -0.14778423]
 [ 2.090149   -1.6730686 ]
 [ 1.5997272  -1.0790328 ]
 [ 1.95199    -1.4986975 ]
 [ 2.2403538  -1.7210337 ]
 [-0.04518853  0.5321733 ]
 [ 0.9113101  -0.39351898]
 [ 1.5997272  -1.0790328 ]]
2025-12-21 17:19:34,058 - [INFO] - ------------------------------------------------------------
2025-12-21 17:19:34,058 - [INFO] - On Validation Set:
	Accuracy of RRL  Model: 0.8970283344851416
	F1 Score of RRL  Model: 0.6966896584711177
2025-12-21 17:19:34,064 - [INFO] - On Validation Set:
Performance of  RRL Model: 
[[1237   49]
 [ 100   61]]
              precision    recall  f1-score   support

           0       0.93      0.96      0.94      1286
           1       0.55      0.38      0.45       161

    accuracy                           0.90      1447
   macro avg       0.74      0.67      0.70      1447
weighted avg       0.88      0.90      0.89      1447

2025-12-21 17:19:34,064 - [INFO] - ------------------------------------------------------------
2025-12-21 17:19:35,310 - [INFO] - epoch: 22, loss_rrl: 111.25567873008549
2025-12-21 17:19:35,677 - [DEBUG] - y_true: (1447,) [0 0 0 0 0 1 0 0 0 0 0 0 0 0 0 0 0 1 0 0 0 0 0 0 1 0 0 0 0 0 0 0 0 0 0 0 0
 0 1 1 0]
2025-12-21 17:19:35,834 - [DEBUG] - y_rrl_: (1447,) [0 0 0 0 0 1 0 0 0 0 0 0 0 0 0 0 0 0 0 0 0 0 0 0 1 0 0 0 0 0 0 0 0 0 0 0 0
 0 1 0 0]
2025-12-21 17:19:35,834 - [DEBUG] - y_rrl: (1447, 2) [[ 2.2023268  -1.779466  ]
 [ 0.68657905 -0.27385136]
 [ 2.0430276  -1.5600343 ]
 [ 2.0430276  -1.5600343 ]
 [ 2.6384187  -2.1567934 ]
 [ 0.04092839  0.4293328 ]
 [ 2.32897    -1.912951  ]
 [ 2.0430276  -1.5600343 ]
 [ 2.7650619  -2.2902782 ]
 [ 1.1630085  -0.6050387 ]
 [ 0.79097164 -0.276673  ]
 [ 1.7976339  -1.3651533 ]
 [ 1.7806501  -1.3324611 ]
 [ 2.2023268  -1.779466  ]
 [ 2.32897    -1.912951  ]
 [ 2.2663817  -1.8284276 ]
 [ 2.0430276  -1.5600343 ]
 [ 0.79097164 -0.276673  ]
 [ 1.1226709  -0.65117866]
 [ 1.6069357  -1.182707  ]
 [ 2.2663817  -1.8284276 ]
 [ 2.2023268  -1.779466  ]
 [ 1.83029    -1.4511003 ]
 [ 2.2023268  -1.779466  ]
 [-1.1148381   1.5800486 ]
 [ 0.30524012  0.21929376]
 [ 1.361542   -0.98782617]
 [ 2.2023268  -1.779466  ]
 [ 1.7335789  -1.3161918 ]
 [ 2.1696708  -1.6935191 ]
 [ 2.6384187  -2.1567934 ]
 [ 1.6709907  -1.2316685 ]
 [ 0.3548798   0.10065426]
 [ 0.3548798   0.10065426]
 [ 2.32897    -1.912951  ]
 [ 2.0430276  -1.5600343 ]
 [ 2.2023268  -1.779466  ]
 [ 2.2023268  -1.779466  ]
 [ 0.10498333  0.38037124]
 [ 1.1107779  -0.58813584]
 [ 2.0430276  -1.5600343 ]]
2025-12-21 17:19:35,836 - [INFO] - ------------------------------------------------------------
2025-12-21 17:19:35,836 - [INFO] - On Validation Set:
	Accuracy of RRL  Model: 0.902557014512785
	F1 Score of RRL  Model: 0.735479554886563
2025-12-21 17:19:35,842 - [INFO] - On Validation Set:
Performance of  RRL Model: 
[[1228   58]
 [  83   78]]
              precision    recall  f1-score   support

           0       0.94      0.95      0.95      1286
           1       0.57      0.48      0.53       161

    accuracy                           0.90      1447
   macro avg       0.76      0.72      0.74      1447
weighted avg       0.90      0.90      0.90      1447

2025-12-21 17:19:35,842 - [INFO] - ------------------------------------------------------------
2025-12-21 17:19:36,854 - [INFO] - epoch: 23, loss_rrl: 110.5109151750803
2025-12-21 17:19:37,441 - [DEBUG] - y_true: (1447,) [0 0 0 0 0 1 0 0 0 0 0 0 0 0 0 0 0 1 0 0 0 0 0 0 1 0 0 0 0 0 0 0 0 0 0 0 0
 0 1 1 0]
2025-12-21 17:19:37,599 - [DEBUG] - y_rrl_: (1447,) [0 0 0 0 0 0 0 0 0 0 0 0 0 0 0 0 0 0 0 0 0 0 0 0 1 0 0 0 0 0 0 0 0 0 0 0 0
 0 0 0 0]
2025-12-21 17:19:37,599 - [DEBUG] - y_rrl: (1447, 2) [[ 2.6252482  -2.152276  ]
 [ 0.9253867  -0.50889087]
 [ 1.8083801  -1.2903498 ]
 [ 1.9466712  -1.470106  ]
 [ 2.3342626  -1.8662428 ]
 [ 0.5650626  -0.0865829 ]
 [ 2.9687016  -2.4953372 ]
 [ 1.9466712  -1.470106  ]
 [ 2.9687016  -2.4953372 ]
 [ 1.6958373  -1.1856083 ]
 [ 1.3082349  -0.7523156 ]
 [ 1.9755969  -1.5442652 ]
 [ 2.6011763  -2.181413  ]
 [ 2.258405   -1.7951722 ]
 [ 2.8921618  -2.4674463 ]
 [ 2.3111057  -1.8328792 ]
 [ 2.0993655  -1.5763828 ]
 [ 1.3051548  -0.8383208 ]
 [ 0.7870956  -0.3291346 ]
 [ 1.4267483  -1.0572202 ]
 [ 2.372857   -1.9847445 ]
 [ 2.258405   -1.7951722 ]
 [ 1.5001972  -1.1339605 ]
 [ 2.6252482  -2.152276  ]
 [-0.2767242   0.79343206]
 [ 1.4569347  -1.0070982 ]
 [ 1.9228961  -1.5065582 ]
 [ 2.4725542  -2.045999  ]
 [ 1.6319103  -1.2205253 ]
 [ 2.2897394  -1.8636619 ]
 [ 2.840079   -2.3599234 ]
 [ 1.8701315  -1.4422148 ]
 [ 0.8648519  -0.36732092]
 [ 0.8617718  -0.45332608]
 [ 2.8921618  -2.4674463 ]
 [ 1.9466712  -1.470106  ]
 [ 2.4108026  -1.8941339 ]
 [ 2.3342626  -1.8662428 ]
 [ 0.64160234 -0.11447406]
 [ 1.0817158  -0.51957184]
 [ 1.8083801  -1.2903498 ]]
2025-12-21 17:19:37,601 - [INFO] - ------------------------------------------------------------
2025-12-21 17:19:37,601 - [INFO] - On Validation Set:
	Accuracy of RRL  Model: 0.9011748445058743
	F1 Score of RRL  Model: 0.6141729053430418
2025-12-21 17:19:37,607 - [INFO] - On Validation Set:
Performance of  RRL Model: 
[[1276   10]
 [ 133   28]]
              precision    recall  f1-score   support

           0       0.91      0.99      0.95      1286
           1       0.74      0.17      0.28       161

    accuracy                           0.90      1447
   macro avg       0.82      0.58      0.61      1447
weighted avg       0.89      0.90      0.87      1447

2025-12-21 17:19:37,607 - [INFO] - ------------------------------------------------------------
2025-12-21 17:19:38,412 - [INFO] - epoch: 24, loss_rrl: 110.7523568123579
2025-12-21 17:19:39,254 - [DEBUG] - y_true: (1447,) [0 0 0 0 0 1 0 0 0 0 0 0 0 0 0 0 0 1 0 0 0 0 0 0 1 0 0 0 0 0 0 0 0 0 0 0 0
 0 1 1 0]
2025-12-21 17:19:39,411 - [DEBUG] - y_rrl_: (1447,) [0 0 0 0 0 1 0 0 0 0 0 0 0 0 0 0 0 0 0 0 0 0 0 0 1 1 0 0 0 0 0 0 0 0 0 0 0
 0 1 0 0]
2025-12-21 17:19:39,412 - [DEBUG] - y_rrl: (1447, 2) [[ 2.3617163  -1.9554498 ]
 [ 0.40851885 -0.01042398]
 [ 1.7484521  -1.2810109 ]
 [ 1.7484521  -1.2810109 ]
 [ 2.5004654  -2.0411193 ]
 [-0.5790324   1.0703441 ]
 [ 2.3617163  -1.9554498 ]
 [ 1.7484521  -1.2810109 ]
 [ 2.7999682  -2.3356962 ]
 [ 1.0441396  -0.497963  ]
 [ 1.2024481  -0.6630123 ]
 [ 1.8329738  -1.410464  ]
 [ 1.5338217  -1.1007055 ]
 [ 2.2034078  -1.7904001 ]
 [ 2.3617163  -1.9554498 ]
 [ 2.4266787  -2.005523  ]
 [ 2.2062635  -1.7406373 ]
 [ 0.67085004 -0.16778986]
 [ 1.3751625  -0.9508377 ]
 [ 1.3102     -0.9007644 ]
 [ 2.2683702  -1.8404734 ]
 [ 2.3617163  -1.9554498 ]
 [ 1.6889237  -1.3306997 ]
 [ 2.2034078  -1.7904001 ]
 [-1.8155578   2.3091986 ]
 [-0.06369844  0.5719784 ]
 [ 1.7680113  -1.3603908 ]
 [ 1.9039048  -1.4958235 ]
 [ 1.4685084  -1.0658137 ]
 [ 2.2062635  -1.7406373 ]
 [ 2.6416597  -2.1706467 ]
 [ 1.7484521  -1.2810109 ]
 [ 0.76419604 -0.28276587]
 [ 0.23259795  0.2124566 ]
 [ 2.3617163  -1.9554498 ]
 [ 1.7484521  -1.2810109 ]
 [ 2.0622134  -1.6608728 ]
 [ 1.9039048  -1.4958235 ]
 [ 0.01432163  0.46010345]
 [ 1.1704308  -0.658521  ]
 [ 1.7484521  -1.2810109 ]]
2025-12-21 17:19:39,414 - [INFO] - ------------------------------------------------------------
2025-12-21 17:19:39,414 - [INFO] - On Validation Set:
	Accuracy of RRL  Model: 0.9032480995162405
	F1 Score of RRL  Model: 0.7317389692250649
2025-12-21 17:19:39,420 - [INFO] - On Validation Set:
Performance of  RRL Model: 
[[1232   54]
 [  86   75]]
              precision    recall  f1-score   support

           0       0.93      0.96      0.95      1286
           1       0.58      0.47      0.52       161

    accuracy                           0.90      1447
   macro avg       0.76      0.71      0.73      1447
weighted avg       0.90      0.90      0.90      1447

2025-12-21 17:19:39,420 - [INFO] - ------------------------------------------------------------
2025-12-21 17:19:40,039 - [INFO] - epoch: 25, loss_rrl: 113.2726793140173
2025-12-21 17:19:41,085 - [DEBUG] - y_true: (1447,) [0 0 0 0 0 1 0 0 0 0 0 0 0 0 0 0 0 1 0 0 0 0 0 0 1 0 0 0 0 0 0 0 0 0 0 0 0
 0 1 1 0]
2025-12-21 17:19:41,242 - [DEBUG] - y_rrl_: (1447,) [0 0 0 0 0 1 0 0 0 0 0 0 0 0 0 0 0 0 0 0 0 0 0 0 1 0 0 0 0 0 0 0 0 1 0 0 0
 0 1 0 0]
2025-12-21 17:19:41,242 - [DEBUG] - y_rrl: (1447, 2) [[ 2.7364247e+00 -2.2808752e+00]
 [ 1.2763700e+00 -8.6492020e-01]
 [ 2.1121218e+00 -1.6003783e+00]
 [ 2.2730005e+00 -1.8021303e+00]
 [ 2.7364247e+00 -2.2808752e+00]
 [ 3.6408007e-04  4.0946603e-01]
 [ 3.0211751e+00 -2.5583410e+00]
 [ 2.2730005e+00 -1.8021303e+00]
 [ 3.0211751e+00 -2.5583410e+00]
 [ 1.2215493e+00 -6.7746311e-01]
 [ 8.7434131e-01 -3.0536655e-01]
 [ 1.5462685e+00 -1.0933495e+00]
 [ 2.8973036e+00 -2.4826274e+00]
 [ 2.7142694e+00 -2.2038736e+00]
 [ 2.8973036e+00 -2.4826274e+00]
 [ 2.4807725e+00 -2.0199046e+00]
 [ 2.2581487e+00 -1.7530937e+00]
 [ 3.4879053e-01  1.8403335e-01]
 [ 1.6087265e+00 -1.1879802e+00]
 [ 2.1491289e+00 -1.7264167e+00]
 [ 2.3717530e+00 -1.9932275e+00]
 [ 2.8602962e+00 -2.3565891e+00]
 [ 1.9101148e+00 -1.5550272e+00]
 [ 2.5903978e+00 -2.1281598e+00]
 [-8.5036838e-01  1.3200055e+00]
 [ 1.2437046e+00 -7.5446475e-01]
 [ 1.0994823e+00 -7.0418602e-01]
 [ 2.7512767e+00 -2.3299119e+00]
 [ 1.9257922e+00 -1.4300339e+00]
 [ 2.2951558e+00 -1.8791322e+00]
 [ 2.8751483e+00 -2.4056256e+00]
 [ 1.7696052e+00 -1.3897322e+00]
 [ 4.2755502e-01  8.3796874e-02]
 [-9.7995698e-02  5.7319677e-01]
 [ 2.8973036e+00 -2.4826274e+00]
 [ 2.2730005e+00 -1.8021303e+00]
 [ 2.8602962e+00 -2.3565891e+00]
 [ 2.5903978e+00 -2.1281598e+00]
 [ 1.9149809e-01  2.8127331e-01]
 [ 6.6085529e-01 -7.8457788e-02]
 [ 2.1121218e+00 -1.6003783e+00]]
2025-12-21 17:19:41,244 - [INFO] - ------------------------------------------------------------
2025-12-21 17:19:41,244 - [INFO] - On Validation Set:
	Accuracy of RRL  Model: 0.9004837595024188
	F1 Score of RRL  Model: 0.6516051364365971
2025-12-21 17:19:41,250 - [INFO] - On Validation Set:
Performance of  RRL Model: 
[[1263   23]
 [ 121   40]]
              precision    recall  f1-score   support

           0       0.91      0.98      0.95      1286
           1       0.63      0.25      0.36       161

    accuracy                           0.90      1447
   macro avg       0.77      0.62      0.65      1447
weighted avg       0.88      0.90      0.88      1447

2025-12-21 17:19:41,250 - [INFO] - ------------------------------------------------------------
2025-12-21 17:19:41,597 - [INFO] - epoch: 26, loss_rrl: 112.80609216354787
2025-12-21 17:19:42,856 - [DEBUG] - y_true: (1447,) [0 0 0 0 0 1 0 0 0 0 0 0 0 0 0 0 0 1 0 0 0 0 0 0 1 0 0 0 0 0 0 0 0 0 0 0 0
 0 1 1 0]
2025-12-21 17:19:43,012 - [DEBUG] - y_rrl_: (1447,) [0 0 0 0 0 1 0 0 0 0 0 0 0 0 0 0 0 0 0 0 0 0 0 0 1 0 0 0 0 0 0 0 0 0 0 0 0
 0 0 0 0]
2025-12-21 17:19:43,012 - [DEBUG] - y_rrl: (1447, 2) [[ 2.4106367e+00 -2.0597959e+00]
 [ 6.0646564e-01 -2.2363602e-01]
 [ 2.2267590e+00 -1.7222304e+00]
 [ 2.2267590e+00 -1.7222304e+00]
 [ 2.7377949e+00 -2.2945142e+00]
 [ 2.4250895e-04  4.0287757e-01]
 [ 2.6672914e+00 -2.2631783e+00]
 [ 2.2267590e+00 -1.7222304e+00]
 [ 3.1277499e+00 -2.6664004e+00]
 [ 1.7435485e+00 -1.2461556e+00]
 [ 1.4927918e+00 -9.5748705e-01]
 [ 2.0896997e+00 -1.6695743e+00]
 [ 2.2773364e+00 -1.8912920e+00]
 [ 2.5182247e+00 -2.1074767e+00]
 [ 2.4106367e+00 -2.0597959e+00]
 [ 3.1277499e+00 -2.6664004e+00]
 [ 2.5091264e+00 -2.0464363e+00]
 [ 1.3241218e+00 -8.6929369e-01]
 [ 1.9701041e+00 -1.5188479e+00]
 [ 1.5096456e+00 -1.1156259e+00]
 [ 2.7220287e+00 -2.3073163e+00]
 [ 2.6672914e+00 -2.2631783e+00]
 [ 1.8579096e+00 -1.5144299e+00]
 [ 2.2615702e+00 -1.9040942e+00]
 [-2.5838578e-01  6.6904789e-01]
 [ 1.0422014e+00 -6.2674898e-01]
 [ 2.0486679e+00 -1.6432142e+00]
 [ 2.1282694e+00 -1.7355903e+00]
 [ 1.9153672e+00 -1.4747102e+00]
 [ 2.2524714e+00 -1.8430538e+00]
 [ 2.9786832e+00 -2.5106988e+00]
 [ 1.5506774e+00 -1.1419859e+00]
 [ 1.0323333e+00 -5.5426496e-01]
 [ 8.6366332e-01 -4.6607158e-01]
 [ 2.4106367e+00 -2.0597959e+00]
 [ 2.2267590e+00 -1.7222304e+00]
 [ 2.5339909e+00 -2.0946743e+00]
 [ 2.1282694e+00 -1.7355903e+00]
 [ 7.1735573e-01 -2.0372690e-01]
 [ 8.8275409e-01 -3.8731581e-01]
 [ 2.2267590e+00 -1.7222304e+00]]
2025-12-21 17:19:43,014 - [INFO] - ------------------------------------------------------------
2025-12-21 17:19:43,014 - [INFO] - On Validation Set:
	Accuracy of RRL  Model: 0.9067035245335177
	F1 Score of RRL  Model: 0.6873804741824234
2025-12-21 17:19:43,020 - [INFO] - On Validation Set:
Performance of  RRL Model: 
[[1262   24]
 [ 111   50]]
              precision    recall  f1-score   support

           0       0.92      0.98      0.95      1286
           1       0.68      0.31      0.43       161

    accuracy                           0.91      1447
   macro avg       0.80      0.65      0.69      1447
weighted avg       0.89      0.91      0.89      1447

2025-12-21 17:19:43,020 - [INFO] - ------------------------------------------------------------
2025-12-21 17:19:43,146 - [INFO] - epoch: 27, loss_rrl: 112.30802759714425
2025-12-21 17:19:44,510 - [INFO] - epoch: 28, loss_rrl: 111.18497447669506
2025-12-21 17:19:44,623 - [DEBUG] - y_true: (1447,) [0 0 0 0 0 1 0 0 0 0 0 0 0 0 0 0 0 1 0 0 0 0 0 0 1 0 0 0 0 0 0 0 0 0 0 0 0
 0 1 1 0]
2025-12-21 17:19:44,781 - [DEBUG] - y_rrl_: (1447,) [0 0 0 0 0 1 0 0 0 0 0 0 0 0 0 0 0 0 0 0 0 0 0 0 1 0 0 0 0 0 0 0 0 0 0 0 0
 0 0 0 0]
2025-12-21 17:19:44,781 - [DEBUG] - y_rrl: (1447, 2) [[ 2.4900012  -2.1759126 ]
 [ 0.6371787  -0.2913076 ]
 [ 2.471484   -1.9687372 ]
 [ 2.471484   -1.9687372 ]
 [ 2.8193579  -2.413424  ]
 [ 0.01319428  0.35266197]
 [ 2.8990507  -2.496063  ]
 [ 2.471484   -1.9687372 ]
 [ 3.388709   -2.9288697 ]
 [ 1.727694   -1.2796286 ]
 [ 1.4769802  -0.9913341 ]
 [ 2.3638473  -1.9449674 ]
 [ 2.3296995  -1.9806174 ]
 [ 3.2237582  -2.757339  ]
 [ 2.9796596  -2.6087193 ]
 [ 2.9558196  -2.5382738 ]
 [ 2.7967367  -2.3355632 ]
 [ 1.2948048  -0.88903284]
 [ 1.1268371  -0.7241143 ]
 [ 2.0624344  -1.6485866 ]
 [ 2.3818195  -2.0465922 ]
 [ 3.388709   -2.9288697 ]
 [ 1.89681    -1.5900215 ]
 [ 2.8147087  -2.4371881 ]
 [-1.7958233   2.1947627 ]
 [ 1.1334319  -0.7551719 ]
 [ 2.3070784  -1.9027566 ]
 [ 2.654407   -2.2418928 ]
 [ 2.6364346  -2.1402683 ]
 [ 2.387687   -2.0154128 ]
 [ 3.2237582  -2.757339  ]
 [ 1.629545   -1.2579907 ]
 [ 0.98732185 -0.55852735]
 [ 0.8051464  -0.4562261 ]
 [ 2.4900012  -2.1759126 ]
 [ 2.471484   -1.9687372 ]
 [ 2.738749   -2.300768  ]
 [ 2.654407   -2.2418928 ]
 [ 0.61210537 -0.14803036]
 [ 1.203261   -0.7097565 ]
 [ 2.471484   -1.9687372 ]]
2025-12-21 17:19:44,783 - [INFO] - ------------------------------------------------------------
2025-12-21 17:19:44,783 - [INFO] - On Validation Set:
	Accuracy of RRL  Model: 0.907394609536973
	F1 Score of RRL  Model: 0.710841684562157
2025-12-21 17:19:44,789 - [INFO] - On Validation Set:
Performance of  RRL Model: 
[[1253   33]
 [ 101   60]]
              precision    recall  f1-score   support

           0       0.93      0.97      0.95      1286
           1       0.65      0.37      0.47       161

    accuracy                           0.91      1447
   macro avg       0.79      0.67      0.71      1447
weighted avg       0.89      0.91      0.90      1447

2025-12-21 17:19:44,789 - [INFO] - ------------------------------------------------------------
2025-12-21 17:19:46,058 - [INFO] - epoch: 29, loss_rrl: 110.99106030538678
2025-12-21 17:19:46,392 - [DEBUG] - y_true: (1447,) [0 0 0 0 0 1 0 0 0 0 0 0 0 0 0 0 0 1 0 0 0 0 0 0 1 0 0 0 0 0 0 0 0 0 0 0 0
 0 1 1 0]
2025-12-21 17:19:46,549 - [DEBUG] - y_rrl_: (1447,) [0 0 0 0 0 0 0 0 0 0 0 0 0 0 0 0 0 0 0 0 0 0 0 0 1 0 0 0 0 0 0 0 0 0 0 0 0
 0 0 0 0]
2025-12-21 17:19:46,549 - [DEBUG] - y_rrl: (1447, 2) [[ 3.0242481  -2.613141  ]
 [ 1.3081945  -0.9002952 ]
 [ 2.2948258  -1.8758668 ]
 [ 2.2948258  -1.8758668 ]
 [ 3.0242481  -2.613141  ]
 [ 0.67352754 -0.26896787]
 [ 3.0242481  -2.613141  ]
 [ 3.228485   -2.7637303 ]
 [ 3.3860538  -2.9278243 ]
 [ 1.7506505  -1.3040737 ]
 [ 1.504638   -1.0208203 ]
 [ 2.3598232  -1.9422841 ]
 [ 2.4919941  -2.0499294 ]
 [ 2.8666794  -2.449047  ]
 [ 3.0242481  -2.613141  ]
 [ 2.5698712  -2.2007809 ]
 [ 3.3860538  -2.9278243 ]
 [ 1.2962736  -0.8917137 ]
 [ 1.8800484  -1.4734752 ]
 [ 2.2948258  -1.8758668 ]
 [ 2.4123025  -2.036687  ]
 [ 3.0242481  -2.613141  ]
 [ 2.061644   -1.7490127 ]
 [ 2.8666794  -2.449047  ]
 [-0.27949047  0.78564554]
 [ 1.947819   -1.4781363 ]
 [ 1.4897901  -1.1758325 ]
 [ 2.8666794  -2.449047  ]
 [ 3.0242481  -2.613141  ]
 [ 2.4523942  -2.0399606 ]
 [ 3.228485   -2.7637303 ]
 [ 2.8666794  -2.449047  ]
 [ 0.9964109  -0.56905216]
 [ 1.3599002  -1.0131257 ]
 [ 3.0242481  -2.613141  ]
 [ 3.228485   -2.7637303 ]
 [ 3.0242481  -2.613141  ]
 [ 2.8666794  -2.449047  ]
 [ 0.60990095 -0.14755595]
 [ 1.6387041  -1.1349151 ]
 [ 3.228485   -2.7637303 ]]
2025-12-21 17:19:46,551 - [INFO] - ------------------------------------------------------------
2025-12-21 17:19:46,551 - [INFO] - On Validation Set:
	Accuracy of RRL  Model: 0.8984105044920525
	F1 Score of RRL  Model: 0.5879912371942752
2025-12-21 17:19:46,557 - [INFO] - On Validation Set:
Performance of  RRL Model: 
[[1278    8]
 [ 139   22]]
              precision    recall  f1-score   support

           0       0.90      0.99      0.95      1286
           1       0.73      0.14      0.23       161

    accuracy                           0.90      1447
   macro avg       0.82      0.57      0.59      1447
weighted avg       0.88      0.90      0.87      1447

2025-12-21 17:19:46,557 - [INFO] - ------------------------------------------------------------
2025-12-21 17:19:47,612 - [INFO] - epoch: 30, loss_rrl: 111.1831768695265
2025-12-21 17:19:48,174 - [DEBUG] - y_true: (1447,) [0 0 0 0 0 1 0 0 0 0 0 0 0 0 0 0 0 1 0 0 0 0 0 0 1 0 0 0 0 0 0 0 0 0 0 0 0
 0 1 1 0]
2025-12-21 17:19:48,347 - [DEBUG] - y_rrl_: (1447,) [0 0 0 0 0 1 0 0 0 0 0 0 0 0 0 0 0 0 0 0 0 0 0 0 1 0 0 0 0 0 0 0 0 0 0 0 0
 0 0 0 0]
2025-12-21 17:19:48,348 - [DEBUG] - y_rrl: (1447, 2) [[ 2.8474588  -2.4311335 ]
 [ 1.1494781  -0.7082883 ]
 [ 2.5573304  -2.058502  ]
 [ 2.5573304  -2.058502  ]
 [ 2.6671681  -2.2162983 ]
 [ 0.08679558  0.31771073]
 [ 3.4402628  -2.9837646 ]
 [ 2.5573304  -2.058502  ]
 [ 3.4402628  -2.9837646 ]
 [ 1.4353646  -1.0133616 ]
 [ 1.0073544  -0.54198545]
 [ 2.4128327  -1.9967531 ]
 [ 2.8348596  -2.390457  ]
 [ 2.7603211  -2.3534112 ]
 [ 3.0151498  -2.605292  ]
 [ 3.2725716  -2.8096063 ]
 [ 2.7376208  -2.2733371 ]
 [ 0.9428852  -0.5626193 ]
 [ 1.6419574  -1.1590306 ]
 [ 1.6199671  -1.2238339 ]
 [ 2.8474588  -2.4311335 ]
 [ 2.7603211  -2.3534112 ]
 [ 1.6624386  -1.3093611 ]
 [ 2.8474588  -2.4311335 ]
 [-0.35678595  0.86074007]
 [ 1.4227654  -0.9726851 ]
 [ 2.3930616  -1.9913002 ]
 [ 2.6671681  -2.2162983 ]
 [ 2.2127712  -1.7764655 ]
 [ 2.4801993  -2.069023  ]
 [ 3.2725716  -2.8096063 ]
 [ 2.1322174  -1.680029  ]
 [ 0.495104   -0.08579031]
 [ 0.43063486 -0.10642419]
 [ 3.0151498  -2.605292  ]
 [ 2.5573304  -2.058502  ]
 [ 3.0922813  -2.5947711 ]
 [ 2.6671681  -2.2162983 ]
 [ 0.59904593 -0.13848439]
 [ 1.7138437  -1.2253957 ]
 [ 2.5573304  -2.058502  ]]
2025-12-21 17:19:48,350 - [INFO] - ------------------------------------------------------------
2025-12-21 17:19:48,350 - [INFO] - On Validation Set:
	Accuracy of RRL  Model: 0.9101589495507948
	F1 Score of RRL  Model: 0.6828808599018179
2025-12-21 17:19:48,356 - [INFO] - On Validation Set:
Performance of  RRL Model: 
[[1271   15]
 [ 115   46]]
              precision    recall  f1-score   support

           0       0.92      0.99      0.95      1286
           1       0.75      0.29      0.41       161

    accuracy                           0.91      1447
   macro avg       0.84      0.64      0.68      1447
weighted avg       0.90      0.91      0.89      1447

2025-12-21 17:19:48,356 - [INFO] - ------------------------------------------------------------
2025-12-21 17:19:49,261 - [INFO] - epoch: 31, loss_rrl: 111.21427825652063
2025-12-21 17:19:50,069 - [DEBUG] - y_true: (1447,) [0 0 0 0 0 1 0 0 0 0 0 0 0 0 0 0 0 1 0 0 0 0 0 0 1 0 0 0 0 0 0 0 0 0 0 0 0
 0 1 1 0]
2025-12-21 17:19:50,228 - [DEBUG] - y_rrl_: (1447,) [0 0 0 0 0 1 0 0 0 0 0 0 0 0 0 0 0 0 0 0 0 0 0 0 1 0 0 0 0 0 0 0 0 0 0 0 0
 0 1 0 0]
2025-12-21 17:19:50,229 - [DEBUG] - y_rrl: (1447, 2) [[ 2.7572904  -2.2971442 ]
 [ 1.0308728  -0.62442863]
 [ 1.8254328  -1.3687702 ]
 [ 1.9577112  -1.54033   ]
 [ 2.3271427  -1.8717905 ]
 [ 0.19155443  0.21743506]
 [ 3.067716   -2.6532598 ]
 [ 2.3956494  -1.9321805 ]
 [ 3.505654   -3.0451097 ]
 [ 1.991951   -1.5194048 ]
 [ 1.5417564  -1.026244  ]
 [ 2.5034423  -2.0830383 ]
 [ 2.6375682  -2.2279062 ]
 [ 2.2751749  -1.870669  ]
 [ 3.067716   -2.6532598 ]
 [ 2.7572904  -2.2971442 ]
 [ 2.6935186  -2.185974  ]
 [ 1.4914489  -1.0603536 ]
 [ 1.3990965  -0.9119199 ]
 [ 1.4755957  -1.1138549 ]
 [ 2.8895688  -2.468704  ]
 [ 2.2751749  -1.870669  ]
 [ 1.3445249  -0.986264  ]
 [ 2.7572904  -2.2971442 ]
 [-1.4107094   1.901461  ]
 [ 1.3020122  -0.8867566 ]
 [ 1.5833883  -1.2647129 ]
 [ 2.459421   -2.0433502 ]
 [ 1.6537428  -1.2984107 ]
 [ 2.5660062  -2.1502392 ]
 [ 3.3275068  -2.8605545 ]
 [ 1.9577112  -1.54033   ]
 [ 0.6217024  -0.20791829]
 [ 0.5713952  -0.24202773]
 [ 3.067716   -2.6532598 ]
 [ 2.3956494  -1.9321805 ]
 [ 2.3271427  -1.8717905 ]
 [ 2.3271427  -1.8717905 ]
 [ 0.1731678   0.25001106]
 [ 1.9496686  -1.4120797 ]
 [ 2.263371   -1.7606207 ]]
2025-12-21 17:19:50,231 - [INFO] - ------------------------------------------------------------
2025-12-21 17:19:50,231 - [INFO] - On Validation Set:
	Accuracy of RRL  Model: 0.9101589495507948
	F1 Score of RRL  Model: 0.7154160363086233
2025-12-21 17:19:50,237 - [INFO] - On Validation Set:
Performance of  RRL Model: 
[[1257   29]
 [ 101   60]]
              precision    recall  f1-score   support

           0       0.93      0.98      0.95      1286
           1       0.67      0.37      0.48       161

    accuracy                           0.91      1447
   macro avg       0.80      0.68      0.72      1447
weighted avg       0.90      0.91      0.90      1447

2025-12-21 17:19:50,237 - [INFO] - ------------------------------------------------------------
2025-12-21 17:19:50,859 - [INFO] - epoch: 32, loss_rrl: 111.34119156748056
2025-12-21 17:19:51,901 - [DEBUG] - y_true: (1447,) [0 0 0 0 0 1 0 0 0 0 0 0 0 0 0 0 0 1 0 0 0 0 0 0 1 0 0 0 0 0 0 0 0 0 0 0 0
 0 1 1 0]
2025-12-21 17:19:52,060 - [DEBUG] - y_rrl_: (1447,) [0 0 0 0 0 1 0 0 0 0 0 0 0 0 0 0 0 0 0 0 0 0 0 0 1 0 0 0 0 0 0 0 0 0 0 0 0
 0 0 0 0]
2025-12-21 17:19:52,060 - [DEBUG] - y_rrl: (1447, 2) [[ 3.149739   -2.742541  ]
 [ 0.87186193 -0.48763928]
 [ 2.7377098  -2.2418892 ]
 [ 2.7377098  -2.2418892 ]
 [ 3.149739   -2.742541  ]
 [ 0.15075275  0.37185523]
 [ 3.6021428  -3.1494472 ]
 [ 2.7377098  -2.2418892 ]
 [ 3.6021428  -3.1494472 ]
 [ 1.4341027  -0.97957397]
 [ 1.1698987  -0.67915034]
 [ 2.4122822  -1.9639714 ]
 [ 2.0712888  -1.6535553 ]
 [ 3.2210226  -2.726504  ]
 [ 2.963962   -2.5212905 ]
 [ 3.4163659  -2.9281957 ]
 [ 2.933053   -2.4435809 ]
 [ 0.9133317  -0.4999648 ]
 [ 1.8893851  -1.4087783 ]
 [ 2.285306   -1.8349836 ]
 [ 2.9543955  -2.5408494 ]
 [ 3.4163659  -2.9281957 ]
 [ 2.132216   -1.8214021 ]
 [ 2.7686188  -2.3195984 ]
 [-1.3629382   1.8514901 ]
 [ 1.2335249  -0.7550606 ]
 [ 1.9155301  -1.5224416 ]
 [ 2.7686188  -2.3195984 ]
 [ 2.933053   -2.4435809 ]
 [ 2.4806495  -2.0366752 ]
 [ 3.4067996  -2.9477546 ]
 [ 2.285306   -1.8349836 ]
 [ 1.6294459  -1.1812658 ]
 [ 0.9133317  -0.4999648 ]
 [ 3.149739   -2.742541  ]
 [ 2.7377098  -2.2418892 ]
 [ 3.1053905  -2.7079172 ]
 [ 2.7686188  -2.3195984 ]
 [ 0.5466738  -0.05435004]
 [ 1.4431285  -0.94644547]
 [ 2.7377098  -2.2418892 ]]
2025-12-21 17:19:52,062 - [INFO] - ------------------------------------------------------------
2025-12-21 17:19:52,062 - [INFO] - On Validation Set:
	Accuracy of RRL  Model: 0.9039391845196959
	F1 Score of RRL  Model: 0.6447122747578664
2025-12-21 17:19:52,068 - [INFO] - On Validation Set:
Performance of  RRL Model: 
[[1272   14]
 [ 125   36]]
              precision    recall  f1-score   support

           0       0.91      0.99      0.95      1286
           1       0.72      0.22      0.34       161

    accuracy                           0.90      1447
   macro avg       0.82      0.61      0.64      1447
weighted avg       0.89      0.90      0.88      1447

2025-12-21 17:19:52,068 - [INFO] - ------------------------------------------------------------
2025-12-21 17:19:52,453 - [INFO] - epoch: 33, loss_rrl: 110.30622976645827
2025-12-21 17:19:53,731 - [DEBUG] - y_true: (1447,) [0 0 0 0 0 1 0 0 0 0 0 0 0 0 0 0 0 1 0 0 0 0 0 0 1 0 0 0 0 0 0 0 0 0 0 0 0
 0 1 1 0]
2025-12-21 17:19:53,890 - [DEBUG] - y_rrl_: (1447,) [0 0 0 0 0 1 0 0 0 0 0 0 0 0 0 0 0 0 0 0 0 0 0 0 1 0 0 0 0 0 0 0 0 0 0 0 0
 0 0 0 0]
2025-12-21 17:19:53,891 - [DEBUG] - y_rrl: (1447, 2) [[ 2.4626591e+00 -2.1116500e+00]
 [ 7.4296921e-01 -4.3377998e-01]
 [ 2.5664709e+00 -2.1467557e+00]
 [ 2.5664709e+00 -2.1467557e+00]
 [ 2.2470210e+00 -1.9345924e+00]
 [-6.7070946e-03  4.4210574e-01]
 [ 3.3825438e+00 -2.9318306e+00]
 [ 2.3320737e+00 -1.8771251e+00]
 [ 3.3825438e+00 -2.9318306e+00]
 [ 1.7726126e+00 -1.2749423e+00]
 [ 9.2780387e-01 -4.3512216e-01]
 [ 2.9202392e+00 -2.4682319e+00]
 [ 2.2470210e+00 -1.9345924e+00]
 [ 3.0100164e+00 -2.5177820e+00]
 [ 2.7175605e+00 -2.2765126e+00]
 [ 3.1481464e+00 -2.6622002e+00]
 [ 2.6858423e+00 -2.1986015e+00]
 [ 1.7726126e+00 -1.2749423e+00]
 [ 1.5339556e+00 -1.0938554e+00]
 [ 2.1358848e+00 -1.7610680e+00]
 [ 2.8138275e+00 -2.4017246e+00]
 [ 3.1481464e+00 -2.6622002e+00]
 [ 1.7109360e+00 -1.4393793e+00]
 [ 2.5794303e+00 -2.1320941e+00]
 [-1.4862330e+00  1.9586643e+00]
 [ 7.7521968e-01 -4.2212230e-01]
 [ 1.8948557e+00 -1.5385257e+00]
 [ 2.3637919e+00 -1.9550363e+00]
 [ 2.4702039e+00 -2.0215440e+00]
 [ 2.4896533e+00 -2.0825443e+00]
 [ 3.2444136e+00 -2.7874122e+00]
 [ 8.7610418e-01 -5.6173128e-01]
 [ 4.3850529e-01 -6.2916428e-04]
 [ 7.4722898e-01 -3.4523621e-01]
 [ 2.4626591e+00 -2.1116500e+00]
 [ 2.3320737e+00 -1.8771251e+00]
 [ 2.6776066e+00 -2.3202801e+00]
 [ 2.3637919e+00 -1.9550363e+00]
 [ 4.8259148e-01  7.6127276e-03]
 [ 1.0532138e+00 -5.5898505e-01]
 [ 2.3320737e+00 -1.8771251e+00]]
2025-12-21 17:19:53,893 - [INFO] - ------------------------------------------------------------
2025-12-21 17:19:53,893 - [INFO] - On Validation Set:
	Accuracy of RRL  Model: 0.9004837595024188
	F1 Score of RRL  Model: 0.6824665350010972
2025-12-21 17:19:53,898 - [INFO] - On Validation Set:
Performance of  RRL Model: 
[[1251   35]
 [ 109   52]]
              precision    recall  f1-score   support

           0       0.92      0.97      0.95      1286
           1       0.60      0.32      0.42       161

    accuracy                           0.90      1447
   macro avg       0.76      0.65      0.68      1447
weighted avg       0.88      0.90      0.89      1447

2025-12-21 17:19:53,899 - [INFO] - ------------------------------------------------------------
2025-12-21 17:19:54,057 - [INFO] - epoch: 34, loss_rrl: 110.73180272988975
2025-12-21 17:19:55,452 - [INFO] - epoch: 35, loss_rrl: 110.4322154764086
2025-12-21 17:19:55,535 - [DEBUG] - y_true: (1447,) [0 0 0 0 0 1 0 0 0 0 0 0 0 0 0 0 0 1 0 0 0 0 0 0 1 0 0 0 0 0 0 0 0 0 0 0 0
 0 1 1 0]
2025-12-21 17:19:55,693 - [DEBUG] - y_rrl_: (1447,) [0 0 0 0 0 1 0 0 0 0 0 0 0 0 0 0 0 0 0 0 0 0 0 0 1 0 0 0 0 0 0 0 0 0 0 0 0
 0 0 0 0]
2025-12-21 17:19:55,693 - [DEBUG] - y_rrl: (1447, 2) [[ 2.5222783  -2.1722445 ]
 [ 0.55965054 -0.21756972]
 [ 2.4051986  -1.9536548 ]
 [ 2.4051986  -1.9536548 ]
 [ 2.1331315  -1.6916317 ]
 [ 0.04975256  0.3839596 ]
 [ 3.4159386  -2.9672112 ]
 [ 2.1877003  -1.7011482 ]
 [ 3.4159386  -2.9672112 ]
 [ 1.359868   -0.9088395 ]
 [ 1.0809207  -0.59434754]
 [ 2.9758823  -2.5258684 ]
 [ 2.1123037  -1.7669692 ]
 [ 2.5980742  -2.066336  ]
 [ 2.7652643  -2.3258312 ]
 [ 2.6228728  -2.179721  ]
 [ 2.3187275  -1.7919315 ]
 [ 1.359868   -0.9088395 ]
 [ 0.8026366  -0.37115657]
 [ 1.9720228  -1.5647812 ]
 [ 2.2464864  -1.8764157 ]
 [ 3.1984398  -2.7147045 ]
 [ 1.5367366  -1.2319858 ]
 [ 2.1648989  -1.6774627 ]
 [-1.5069119   1.977289  ]
 [ 0.65011847 -0.26440945]
 [ 2.5153983  -2.1197753 ]
 [ 2.1945808  -1.7536176 ]
 [ 2.3484097  -1.8680867 ]
 [ 2.5427063  -2.136995  ]
 [ 3.2552288  -2.8002725 ]
 [ 1.7545247  -1.312275  ]
 [ 0.62043655 -0.18825449]
 [ 0.32381696  0.03223694]
 [ 2.5222783  -2.1722445 ]
 [ 2.1877003  -1.7011482 ]
 [ 2.5454795  -2.1558423 ]
 [ 2.1945808  -1.7536176 ]
 [ 0.5102367  -0.02213343]
 [ 1.0028739  -0.5110962 ]
 [ 2.1877003  -1.7011482 ]]
2025-12-21 17:19:55,695 - [INFO] - ------------------------------------------------------------
2025-12-21 17:19:55,695 - [INFO] - On Validation Set:
	Accuracy of RRL  Model: 0.9011748445058743
	F1 Score of RRL  Model: 0.6714021873595581
2025-12-21 17:19:55,701 - [INFO] - On Validation Set:
Performance of  RRL Model: 
[[1257   29]
 [ 114   47]]
              precision    recall  f1-score   support

           0       0.92      0.98      0.95      1286
           1       0.62      0.29      0.40       161

    accuracy                           0.90      1447
   macro avg       0.77      0.63      0.67      1447
weighted avg       0.88      0.90      0.89      1447

2025-12-21 17:19:55,701 - [INFO] - ------------------------------------------------------------
2025-12-21 17:19:57,016 - [INFO] - epoch: 36, loss_rrl: 111.3205292019993
2025-12-21 17:19:57,323 - [DEBUG] - y_true: (1447,) [0 0 0 0 0 1 0 0 0 0 0 0 0 0 0 0 0 1 0 0 0 0 0 0 1 0 0 0 0 0 0 0 0 0 0 0 0
 0 1 1 0]
2025-12-21 17:19:57,482 - [DEBUG] - y_rrl_: (1447,) [0 0 0 0 0 1 0 0 0 0 0 0 0 0 0 0 0 0 0 0 0 0 0 0 1 0 0 0 0 0 0 0 0 0 0 0 0
 0 0 0 0]
2025-12-21 17:19:57,483 - [DEBUG] - y_rrl: (1447, 2) [[ 2.91732    -2.5142934 ]
 [ 0.891214   -0.5454366 ]
 [ 2.7897542  -2.3355715 ]
 [ 2.7897542  -2.3355715 ]
 [ 2.91732    -2.5142934 ]
 [-0.3868166   0.84841895]
 [ 3.3931592  -2.9464252 ]
 [ 2.5784862  -2.0895174 ]
 [ 3.3931592  -2.9464252 ]
 [ 1.7673851  -1.2743893 ]
 [ 1.4673842  -0.9391813 ]
 [ 2.3505204  -1.9428049 ]
 [ 2.0775244  -1.698899  ]
 [ 3.0382197  -2.5505288 ]
 [ 2.7060516  -2.268239  ]
 [ 3.1818907  -2.7003706 ]
 [ 2.7221572  -2.2393591 ]
 [ 1.1844798  -0.73178065]
 [ 1.7307189  -1.25588   ]
 [ 2.313915   -1.9034396 ]
 [ 2.773648   -2.3644512 ]
 [ 3.1818907  -2.7003706 ]
 [ 1.8665468  -1.5577956 ]
 [ 2.56238    -2.1183972 ]
 [-1.6011012   2.0694146 ]
 [ 0.59542155 -0.17670506]
 [ 1.8826524  -1.5289158 ]
 [ 2.56238    -2.1183972 ]
 [ 2.7221572  -2.2393591 ]
 [ 2.4575865  -2.053282  ]
 [ 3.2494876  -2.796583  ]
 [ 1.6347789  -1.243496  ]
 [ 0.99951637 -0.52529204]
 [ 0.71661204 -0.3178914 ]
 [ 2.91732    -2.5142934 ]
 [ 2.5784862  -2.0895174 ]
 [ 2.9252913  -2.532536  ]
 [ 2.56238    -2.1183972 ]
 [ 0.45297906  0.03302449]
 [ 0.9410294  -0.4517162 ]
 [ 2.5784862  -2.0895174 ]]
2025-12-21 17:19:57,485 - [INFO] - ------------------------------------------------------------
2025-12-21 17:19:57,485 - [INFO] - On Validation Set:
	Accuracy of RRL  Model: 0.9039391845196959
	F1 Score of RRL  Model: 0.701115247159872
2025-12-21 17:19:57,491 - [INFO] - On Validation Set:
Performance of  RRL Model: 
[[1250   36]
 [ 103   58]]
              precision    recall  f1-score   support

           0       0.92      0.97      0.95      1286
           1       0.62      0.36      0.45       161

    accuracy                           0.90      1447
   macro avg       0.77      0.67      0.70      1447
weighted avg       0.89      0.90      0.89      1447

2025-12-21 17:19:57,491 - [INFO] - ------------------------------------------------------------
2025-12-21 17:19:58,596 - [INFO] - epoch: 37, loss_rrl: 112.06366263888776
2025-12-21 17:19:59,166 - [DEBUG] - y_true: (1447,) [0 0 0 0 0 1 0 0 0 0 0 0 0 0 0 0 0 1 0 0 0 0 0 0 1 0 0 0 0 0 0 0 0 0 0 0 0
 0 1 1 0]
2025-12-21 17:19:59,325 - [DEBUG] - y_rrl_: (1447,) [0 0 0 0 0 0 0 0 0 0 0 0 0 0 0 0 0 0 0 0 0 0 0 0 1 0 0 0 0 0 0 0 0 0 0 0 0
 0 0 0 0]
2025-12-21 17:19:59,325 - [DEBUG] - y_rrl: (1447, 2) [[ 2.6829343  -2.2751906 ]
 [ 1.0352769  -0.6023631 ]
 [ 2.492675   -2.0059767 ]
 [ 2.492675   -2.0059767 ]
 [ 2.6829343  -2.2751906 ]
 [ 0.35283533  0.13106617]
 [ 3.3032322  -2.8584852 ]
 [ 2.492675   -2.0059767 ]
 [ 3.3032322  -2.8584852 ]
 [ 1.2145407  -0.76698786]
 [ 0.77001107 -0.2814726 ]
 [ 2.0119512  -1.5713751 ]
 [ 2.6271267  -2.190928  ]
 [ 2.5408626  -2.1089988 ]
 [ 2.6271267  -2.190928  ]
 [ 2.9731188  -2.4876912 ]
 [ 2.492675   -2.0059767 ]
 [ 0.5966641  -0.1891208 ]
 [ 1.6531534  -1.1802301 ]
 [ 1.577274   -1.1872555 ]
 [ 2.6829343  -2.2751906 ]
 [ 2.5408626  -2.1089988 ]
 [ 1.6328015  -1.3186313 ]
 [ 2.4899738  -2.0476625 ]
 [-1.2398553   1.7596693 ]
 [ 1.3516936  -0.91025347]
 [ 1.579695   -1.1926829 ]
 [ 2.4899738  -2.0476625 ]
 [ 2.1975718  -1.7705499 ]
 [ 2.1466832  -1.7092133 ]
 [ 3.166079   -2.7152195 ]
 [ 2.0095303  -1.5659478 ]
 [ 0.77001107 -0.2814726 ]
 [ 0.5966641  -0.1891208 ]
 [ 2.8200874  -2.4184563 ]
 [ 2.492675   -2.0059767 ]
 [ 3.166079   -2.7152195 ]
 [ 2.4899738  -2.0476625 ]
 [ 0.35283533  0.13106617]
 [ 1.9107122  -1.424309  ]
 [ 2.492675   -2.0059767 ]]
2025-12-21 17:19:59,327 - [INFO] - ------------------------------------------------------------
2025-12-21 17:19:59,327 - [INFO] - On Validation Set:
	Accuracy of RRL  Model: 0.9046302695231514
	F1 Score of RRL  Model: 0.6688281965212084
2025-12-21 17:19:59,333 - [INFO] - On Validation Set:
Performance of  RRL Model: 
[[1265   21]
 [ 117   44]]
              precision    recall  f1-score   support

           0       0.92      0.98      0.95      1286
           1       0.68      0.27      0.39       161

    accuracy                           0.90      1447
   macro avg       0.80      0.63      0.67      1447
weighted avg       0.89      0.90      0.89      1447

2025-12-21 17:19:59,333 - [INFO] - ------------------------------------------------------------
2025-12-21 17:20:00,223 - [INFO] - epoch: 38, loss_rrl: 111.40383233316243
2025-12-21 17:20:00,976 - [DEBUG] - y_true: (1447,) [0 0 0 0 0 1 0 0 0 0 0 0 0 0 0 0 0 1 0 0 0 0 0 0 1 0 0 0 0 0 0 0 0 0 0 0 0
 0 1 1 0]
2025-12-21 17:20:01,134 - [DEBUG] - y_rrl_: (1447,) [0 0 0 0 0 1 0 0 0 0 0 0 0 0 0 0 0 0 0 0 0 0 0 0 1 0 0 0 0 0 0 0 0 0 0 0 0
 0 0 0 0]
2025-12-21 17:20:01,134 - [DEBUG] - y_rrl: (1447, 2) [[ 2.78795    -2.344399  ]
 [ 0.5794246  -0.1465295 ]
 [ 1.4531685  -0.97237587]
 [ 1.55781    -1.114297  ]
 [ 1.9424902  -1.4629601 ]
 [ 0.18277739  0.24586475]
 [ 3.0509408  -2.650725  ]
 [ 1.868478   -1.3480912 ]
 [ 3.5445714  -3.1018305 ]
 [ 1.9163395  -1.4280096 ]
 [ 1.5142912  -0.98536634]
 [ 2.4313018  -2.0270216 ]
 [ 2.205481   -1.7692864 ]
 [ 2.2105153  -1.7857581 ]
 [ 2.8679786  -2.4334135 ]
 [ 2.6049876  -2.1270878 ]
 [ 2.6092963  -2.0876093 ]
 [ 1.2923914  -0.8437847 ]
 [ 0.9157688  -0.3715219 ]
 [ 1.1633376  -0.77296734]
 [ 2.8925915  -2.48632   ]
 [ 2.2105153  -1.7857581 ]
 [ 0.9240698  -0.5374055 ]
 [ 2.6049876  -2.1270878 ]
 [-1.0183173   1.5356346 ]
 [ 0.73559886 -0.2598698 ]
 [ 1.5431988  -1.2345864 ]
 [ 1.8641692  -1.3875699 ]
 [ 1.1387247  -0.72006077]
 [ 2.5616193  -2.160141  ]
 [ 3.3862221  -2.937426  ]
 [ 0.9803754  -0.55565596]
 [ 1.0282369  -0.6355745 ]
 [ 0.40428883 -0.05134958]
 [ 3.0509408  -2.650725  ]
 [ 1.868478   -1.3480912 ]
 [ 1.9424902  -1.4629601 ]
 [ 1.7595278  -1.2456489 ]
 [ 0.5772498  -0.09546494]
 [ 2.0726218  -1.5513251 ]
 [ 1.7638365  -1.2061703 ]]
2025-12-21 17:20:01,136 - [INFO] - ------------------------------------------------------------
2025-12-21 17:20:01,136 - [INFO] - On Validation Set:
	Accuracy of RRL  Model: 0.902557014512785
	F1 Score of RRL  Model: 0.6946494395912436
2025-12-21 17:20:01,142 - [INFO] - On Validation Set:
Performance of  RRL Model: 
[[1250   36]
 [ 105   56]]
              precision    recall  f1-score   support

           0       0.92      0.97      0.95      1286
           1       0.61      0.35      0.44       161

    accuracy                           0.90      1447
   macro avg       0.77      0.66      0.69      1447
weighted avg       0.89      0.90      0.89      1447

2025-12-21 17:20:01,142 - [INFO] - ------------------------------------------------------------
2025-12-21 17:20:01,783 - [INFO] - epoch: 39, loss_rrl: 111.42210879549384
2025-12-21 17:20:02,764 - [DEBUG] - y_true: (1447,) [0 0 0 0 0 1 0 0 0 0 0 0 0 0 0 0 0 1 0 0 0 0 0 0 1 0 0 0 0 0 0 0 0 0 0 0 0
 0 1 1 0]
2025-12-21 17:20:02,923 - [DEBUG] - y_rrl_: (1447,) [0 0 0 0 0 1 0 0 0 0 0 0 0 0 0 0 0 0 0 0 0 0 0 0 1 0 0 0 0 0 0 0 0 0 0 0 0
 0 0 1 0]
2025-12-21 17:20:02,923 - [DEBUG] - y_rrl: (1447, 2) [[ 2.4272368  -1.996915  ]
 [ 0.7468317  -0.36995268]
 [ 1.7499709  -1.2842648 ]
 [ 2.1052468  -1.6650846 ]
 [ 2.4272368  -1.996915  ]
 [ 0.10103705  0.40748337]
 [ 2.9407165  -2.5419369 ]
 [ 2.5790322  -2.0969443 ]
 [ 3.4145017  -2.9737964 ]
 [ 1.3134372  -0.86939585]
 [ 0.96693474 -0.4826933 ]
 [ 2.1044462  -1.6677941 ]
 [ 2.036059   -1.6269959 ]
 [ 2.2482047  -1.7837529 ]
 [ 2.7616847  -2.3287754 ]
 [ 2.2482047  -1.7837529 ]
 [ 2.223756   -1.7161248 ]
 [ 0.68064785 -0.27604324]
 [ 1.4037051  -0.90913177]
 [ 2.1052468  -1.6650846 ]
 [ 2.782513   -2.3777342 ]
 [ 2.2482047  -1.7837529 ]
 [ 1.4150875  -1.076916  ]
 [ 2.2482047  -1.7837529 ]
 [-1.7888043   2.2641697 ]
 [ 1.1253749  -0.6584655 ]
 [ 1.251301   -0.90928817]
 [ 2.603481   -2.1645727 ]
 [ 2.2634504  -1.829287  ]
 [ 2.2634504  -1.829287  ]
 [ 3.256298   -2.8095942 ]
 [ 1.7258868  -1.3384384 ]
 [ 1.3134372  -0.86939585]
 [ 0.68064785 -0.27604324]
 [ 2.9407165  -2.5419369 ]
 [ 2.5790322  -2.0969443 ]
 [ 2.0478768  -1.6702687 ]
 [ 2.2482047  -1.7837529 ]
 [ 0.44730285  0.03235033]
 [ 0.04911249  0.4426454 ]
 [ 2.223756   -1.7161248 ]]
2025-12-21 17:20:02,925 - [INFO] - ------------------------------------------------------------
2025-12-21 17:20:02,925 - [INFO] - On Validation Set:
	Accuracy of RRL  Model: 0.9080856945404284
	F1 Score of RRL  Model: 0.7077899499700124
2025-12-21 17:20:02,931 - [INFO] - On Validation Set:
Performance of  RRL Model: 
[[1256   30]
 [ 103   58]]
              precision    recall  f1-score   support

           0       0.92      0.98      0.95      1286
           1       0.66      0.36      0.47       161

    accuracy                           0.91      1447
   macro avg       0.79      0.67      0.71      1447
weighted avg       0.89      0.91      0.90      1447

2025-12-21 17:20:02,931 - [INFO] - ------------------------------------------------------------
2025-12-21 17:20:03,347 - [INFO] - epoch: 40, loss_rrl: 110.78491588868201
2025-12-21 17:20:04,556 - [DEBUG] - y_true: (1447,) [0 0 0 0 0 1 0 0 0 0 0 0 0 0 0 0 0 1 0 0 0 0 0 0 1 0 0 0 0 0 0 0 0 0 0 0 0
 0 1 1 0]
2025-12-21 17:20:04,715 - [DEBUG] - y_rrl_: (1447,) [0 0 0 0 0 1 0 0 0 0 0 0 0 0 0 0 0 0 0 0 0 0 0 0 1 0 0 0 0 0 0 0 0 1 0 0 0
 0 0 0 0]
2025-12-21 17:20:04,715 - [DEBUG] - y_rrl: (1447, 2) [[ 2.6273463  -2.2823    ]
 [ 0.96184605 -0.6201339 ]
 [ 2.783717   -2.3378885 ]
 [ 2.783717   -2.3378885 ]
 [ 2.6273463  -2.2823    ]
 [ 0.16373545  0.26149842]
 [ 3.4378731  -2.999235  ]
 [ 2.602499   -2.1227608 ]
 [ 3.4378731  -2.999235  ]
 [ 1.0731788  -0.5911122 ]
 [ 0.5523891  -0.1154172 ]
 [ 2.2629268  -1.8621935 ]
 [ 2.6273463  -2.2823    ]
 [ 3.1184752  -2.6399832 ]
 [ 2.7844694  -2.3532376 ]
 [ 3.256656   -2.784107  ]
 [ 2.7406797  -2.2668846 ]
 [ 0.41420832  0.02870648]
 [ 1.7779394  -1.3108901 ]
 [ 2.3115304  -1.9070191 ]
 [ 2.8275068  -2.4242415 ]
 [ 3.256656   -2.784107  ]
 [ 1.9683758  -1.6624812 ]
 [ 2.6462886  -2.2091138 ]
 [-2.1078527   2.5287013 ]
 [ 0.8730184  -0.4491705 ]
 [ 1.9245857  -1.5761281 ]
 [ 2.6462886  -2.2091138 ]
 [ 2.7406797  -2.2668846 ]
 [ 2.4497113  -2.051143  ]
 [ 3.2996929  -2.855111  ]
 [ 1.7919711  -1.4058261 ]
 [ 0.21404794  0.17064814]
 [ 0.07586718  0.31477183]
 [ 2.6273463  -2.2823    ]
 [ 2.602499   -2.1227608 ]
 [ 3.099532   -2.7131696 ]
 [ 2.6462886  -2.2091138 ]
 [ 0.5020766  -0.02456693]
 [ 1.0450294  -0.56569207]
 [ 2.602499   -2.1227608 ]]
2025-12-21 17:20:04,717 - [INFO] - ------------------------------------------------------------
2025-12-21 17:20:04,717 - [INFO] - On Validation Set:
	Accuracy of RRL  Model: 0.9011748445058743
	F1 Score of RRL  Model: 0.6636267725265097
2025-12-21 17:20:04,723 - [INFO] - On Validation Set:
Performance of  RRL Model: 
[[1260   26]
 [ 117   44]]
              precision    recall  f1-score   support

           0       0.92      0.98      0.95      1286
           1       0.63      0.27      0.38       161

    accuracy                           0.90      1447
   macro avg       0.77      0.63      0.66      1447
weighted avg       0.88      0.90      0.88      1447

2025-12-21 17:20:04,723 - [INFO] - ------------------------------------------------------------
2025-12-21 17:20:04,914 - [INFO] - epoch: 41, loss_rrl: 111.04647678695619
2025-12-21 17:20:06,303 - [INFO] - epoch: 42, loss_rrl: 110.34481921046972
2025-12-21 17:20:06,353 - [DEBUG] - y_true: (1447,) [0 0 0 0 0 1 0 0 0 0 0 0 0 0 0 0 0 1 0 0 0 0 0 0 1 0 0 0 0 0 0 0 0 0 0 0 0
 0 1 1 0]
2025-12-21 17:20:06,513 - [DEBUG] - y_rrl_: (1447,) [0 0 0 0 0 1 0 0 0 0 0 0 0 0 0 0 0 0 0 0 0 0 0 0 1 0 0 0 0 0 0 0 0 0 0 0 0
 0 0 0 0]
2025-12-21 17:20:06,514 - [DEBUG] - y_rrl: (1447, 2) [[ 2.55269    -2.208706  ]
 [ 0.64121515 -0.26688725]
 [ 2.5188866  -2.041556  ]
 [ 2.5188866  -2.041556  ]
 [ 2.6119604  -2.176722  ]
 [ 0.0536622   0.36986357]
 [ 3.0476463  -2.6629624 ]
 [ 2.5188866  -2.041556  ]
 [ 3.3847616  -2.948248  ]
 [ 1.2321438  -0.7916918 ]
 [ 1.10617    -0.6321815 ]
 [ 2.010043   -1.5774648 ]
 [ 2.3639112  -1.9862362 ]
 [ 2.4291508  -1.9654647 ]
 [ 2.3639112  -1.9862362 ]
 [ 3.1959827  -2.725778  ]
 [ 2.392913   -1.8820453 ]
 [ 0.5714285  -0.16984215]
 [ 1.6390456  -1.1740221 ]
 [ 1.6868149  -1.3020141 ]
 [ 2.737934   -2.3362322 ]
 [ 2.8588674  -2.4404926 ]
 [ 1.8919747  -1.5868562 ]
 [ 1.9341942  -1.5112083 ]
 [-2.2566783   2.6757283 ]
 [ 1.0468998  -0.66416544]
 [ 1.6729274  -1.2921797 ]
 [ 2.2120395  -1.8284774 ]
 [ 2.3336427  -1.9140294 ]
 [ 2.175802   -1.745058  ]
 [ 3.2328908  -2.7904887 ]
 [ 2.0239303  -1.5872992 ]
 [ 1.0468998  -0.66416544]
 [ 0.23431315  0.11544299]
 [ 2.55269    -2.208706  ]
 [ 2.5188866  -2.041556  ]
 [ 3.0476463  -2.6629624 ]
 [ 2.2120395  -1.8284774 ]
 [ 0.39077753  0.08457842]
 [ 0.48033828 -0.02484176]
 [ 2.5188866  -2.041556  ]]
2025-12-21 17:20:06,516 - [INFO] - ------------------------------------------------------------
2025-12-21 17:20:06,516 - [INFO] - On Validation Set:
	Accuracy of RRL  Model: 0.9129232895646164
	F1 Score of RRL  Model: 0.7426575203252033
2025-12-21 17:20:06,522 - [INFO] - On Validation Set:
Performance of  RRL Model: 
[[1249   37]
 [  89   72]]
              precision    recall  f1-score   support

           0       0.93      0.97      0.95      1286
           1       0.66      0.45      0.53       161

    accuracy                           0.91      1447
   macro avg       0.80      0.71      0.74      1447
weighted avg       0.90      0.91      0.91      1447

2025-12-21 17:20:06,522 - [INFO] - ------------------------------------------------------------
2025-12-21 17:20:07,885 - [INFO] - epoch: 43, loss_rrl: 110.27145652472973
2025-12-21 17:20:08,146 - [DEBUG] - y_true: (1447,) [0 0 0 0 0 1 0 0 0 0 0 0 0 0 0 0 0 1 0 0 0 0 0 0 1 0 0 0 0 0 0 0 0 0 0 0 0
 0 1 1 0]
2025-12-21 17:20:08,294 - [DEBUG] - y_rrl_: (1447,) [0 1 0 0 0 1 0 0 0 0 0 0 0 0 0 0 0 0 0 0 0 0 0 0 1 0 0 0 0 0 0 0 0 0 0 0 0
 0 1 1 0]
2025-12-21 17:20:08,294 - [DEBUG] - y_rrl: (1447, 2) [[ 2.7782495  -2.3781662 ]
 [ 0.11333731  0.25517422]
 [ 2.040383   -1.5699973 ]
 [ 2.040383   -1.5699973 ]
 [ 1.9548783  -1.5201921 ]
 [ 0.0421907   0.37962893]
 [ 3.4447432  -3.0104144 ]
 [ 2.040383   -1.5699973 ]
 [ 3.4447432  -3.0104144 ]
 [ 1.7236118  -1.2449403 ]
 [ 1.0510768  -0.5051668 ]
 [ 1.6625669  -1.2039559 ]
 [ 1.8634474  -1.4915776 ]
 [ 2.8048434  -2.2921329 ]
 [ 2.7461836  -2.3184597 ]
 [ 2.713786   -2.211995  ]
 [ 2.2822769  -1.768336  ]
 [ 0.65461576 -0.18636373]
 [ 1.1506412  -0.69217205]
 [ 1.5324373  -1.1021278 ]
 [ 2.7782495  -2.3781662 ]
 [ 3.0955822  -2.6219506 ]
 [ 1.2083135  -0.90266347]
 [ 2.2968976  -1.8242631 ]
 [-1.5778258   2.0336623 ]
 [ 0.49147698 -0.11456744]
 [ 1.3124629  -0.90523046]
 [ 2.055004   -1.6259243 ]
 [ 1.8171344  -1.3244205 ]
 [ 2.223617   -1.794663  ]
 [ 3.2861955  -2.846036  ]
 [ 1.1823334  -0.8034024 ]
 [ 0.9917115  -0.5362593 ]
 [ 0.3045117   0.11236162]
 [ 2.936797   -2.5425448 ]
 [ 2.040383   -1.5699973 ]
 [ 2.4034588  -2.0191543 ]
 [ 2.055004   -1.6259243 ]
 [ 0.01049849  0.49085924]
 [-0.07665524  0.56375116]
 [ 2.040383   -1.5699973 ]]
2025-12-21 17:20:08,296 - [INFO] - ------------------------------------------------------------
2025-12-21 17:20:08,296 - [INFO] - On Validation Set:
	Accuracy of RRL  Model: 0.8977194194885971
	F1 Score of RRL  Model: 0.7311246371571197
2025-12-21 17:20:08,302 - [INFO] - On Validation Set:
Performance of  RRL Model: 
[[1219   67]
 [  81   80]]
              precision    recall  f1-score   support

           0       0.94      0.95      0.94      1286
           1       0.54      0.50      0.52       161

    accuracy                           0.90      1447
   macro avg       0.74      0.72      0.73      1447
weighted avg       0.89      0.90      0.90      1447

2025-12-21 17:20:08,302 - [INFO] - ------------------------------------------------------------
2025-12-21 17:20:09,362 - [INFO] - epoch: 44, loss_rrl: 110.7997968532145
2025-12-21 17:20:09,829 - [DEBUG] - y_true: (1447,) [0 0 0 0 0 1 0 0 0 0 0 0 0 0 0 0 0 1 0 0 0 0 0 0 1 0 0 0 0 0 0 0 0 0 0 0 0
 0 1 1 0]
2025-12-21 17:20:09,975 - [DEBUG] - y_rrl_: (1447,) [0 0 0 0 0 1 0 0 0 0 0 0 0 0 0 0 0 0 0 0 0 0 0 0 1 0 0 0 0 0 0 0 0 0 0 0 0
 0 0 1 0]
2025-12-21 17:20:09,975 - [DEBUG] - y_rrl: (1447, 2) [[ 2.7041724  -2.305721  ]
 [ 0.767167   -0.42878708]
 [ 2.7107646  -2.2716348 ]
 [ 2.7107646  -2.2716348 ]
 [ 2.7041724  -2.305721  ]
 [-0.02235776  0.44248778]
 [ 3.3563004  -2.9241672 ]
 [ 2.5170536  -2.0446675 ]
 [ 3.3563004  -2.9241672 ]
 [ 1.670763   -1.1945695 ]
 [ 1.3640335  -0.84908575]
 [ 2.1250157  -1.7299571 ]
 [ 2.5074308  -2.1656787 ]
 [ 3.0242574  -2.5530932 ]
 [ 2.6487935  -2.2228603 ]
 [ 3.0242574  -2.5530932 ]
 [ 2.5170536  -2.0446675 ]
 [ 0.9466825  -0.5087847 ]
 [ 1.6326101  -1.1717534 ]
 [ 2.1969688  -1.7972956 ]
 [ 2.7041724  -2.305721  ]
 [ 3.0242574  -2.5530932 ]
 [ 1.6450183  -1.3357872 ]
 [ 2.5104616  -2.0787532 ]
 [-1.6479867   2.1017637 ]
 [ 0.96022516 -0.5801875 ]
 [ 1.7899423  -1.4458078 ]
 [ 2.5104616  -2.0787532 ]
 [ 2.6553853  -2.1887746 ]
 [ 2.3353004  -1.9414022 ]
 [ 3.2179687  -2.7800605 ]
 [ 1.6681843  -1.2861786 ]
 [ 1.3356895  -0.91042024]
 [ 0.611609   -0.22463542]
 [ 2.8425043  -2.449828  ]
 [ 2.5170536  -2.0446675 ]
 [ 2.8828952  -2.4959114 ]
 [ 2.5104616  -2.0787532 ]
 [ 0.3127158   0.15833852]
 [ 0.15689206  0.29961273]
 [ 2.5170536  -2.0446675 ]]
2025-12-21 17:20:09,977 - [INFO] - ------------------------------------------------------------
2025-12-21 17:20:09,977 - [INFO] - On Validation Set:
	Accuracy of RRL  Model: 0.907394609536973
	F1 Score of RRL  Model: 0.7207368360410186
2025-12-21 17:20:09,983 - [INFO] - On Validation Set:
Performance of  RRL Model: 
[[1248   38]
 [  96   65]]
              precision    recall  f1-score   support

           0       0.93      0.97      0.95      1286
           1       0.63      0.40      0.49       161

    accuracy                           0.91      1447
   macro avg       0.78      0.69      0.72      1447
weighted avg       0.90      0.91      0.90      1447

2025-12-21 17:20:09,983 - [INFO] - ------------------------------------------------------------
2025-12-21 17:20:10,820 - [INFO] - epoch: 45, loss_rrl: 110.8566189724952
2025-12-21 17:20:11,516 - [DEBUG] - y_true: (1447,) [0 0 0 0 0 1 0 0 0 0 0 0 0 0 0 0 0 1 0 0 0 0 0 0 1 0 0 0 0 0 0 0 0 0 0 0 0
 0 1 1 0]
2025-12-21 17:20:11,661 - [DEBUG] - y_rrl_: (1447,) [0 0 0 0 0 1 0 0 0 0 0 0 0 0 0 0 0 0 0 0 0 0 0 0 1 0 0 0 0 0 0 0 0 1 0 0 0
 0 0 0 0]
2025-12-21 17:20:11,661 - [DEBUG] - y_rrl: (1447, 2) [[ 3.1225348  -2.7256985 ]
 [ 1.3379407  -0.9171706 ]
 [ 2.4362223  -2.0051305 ]
 [ 2.4362223  -2.0051305 ]
 [ 3.1225348  -2.7256985 ]
 [ 0.03111371  0.4150388 ]
 [ 3.2980516  -2.9069347 ]
 [ 2.9508574  -2.4809227 ]
 [ 3.8126874  -3.3827271 ]
 [ 1.5593042  -1.1244086 ]
 [ 1.1996684  -0.7370778 ]
 [ 2.0280926  -1.574199  ]
 [ 2.757014   -2.3051584 ]
 [ 2.941133   -2.5112529 ]
 [ 3.1166496  -2.6924891 ]
 [ 2.5814972  -2.123922  ]
 [ 2.9508574  -2.4809227 ]
 [ 0.46102256 -0.03644855]
 [ 2.0765865  -1.6177998 ]
 [ 2.4362223  -2.0051305 ]
 [ 3.1225348  -2.7256985 ]
 [ 2.941133   -2.5112529 ]
 [ 2.0802994  -1.7719505 ]
 [ 2.941133   -2.5112529 ]
 [-0.91130483  1.4135151 ]
 [ 1.375185   -0.9183139 ]
 [ 1.5695037  -1.2326188 ]
 [ 2.941133   -2.5112529 ]
 [ 2.2521033  -1.799036  ]
 [ 2.611739   -2.1863668 ]
 [ 3.6371706  -3.2014906 ]
 [ 2.132633   -1.7520118 ]
 [ 0.89607906 -0.483959  ]
 [ 0.15743315  0.21667026]
 [ 3.2980516  -2.9069347 ]
 [ 2.9508574  -2.4809227 ]
 [ 2.762899   -2.3383677 ]
 [ 2.941133   -2.5112529 ]
 [ 0.33470312  0.16191998]
 [ 1.4495583  -0.9733372 ]
 [ 2.9508574  -2.4809227 ]]
2025-12-21 17:20:11,664 - [INFO] - ------------------------------------------------------------
2025-12-21 17:20:11,664 - [INFO] - On Validation Set:
	Accuracy of RRL  Model: 0.9039391845196959
	F1 Score of RRL  Model: 0.662320590027752
2025-12-21 17:20:11,670 - [INFO] - On Validation Set:
Performance of  RRL Model: 
[[1266   20]
 [ 119   42]]
              precision    recall  f1-score   support

           0       0.91      0.98      0.95      1286
           1       0.68      0.26      0.38       161

    accuracy                           0.90      1447
   macro avg       0.80      0.62      0.66      1447
weighted avg       0.89      0.90      0.88      1447

2025-12-21 17:20:11,670 - [INFO] - ------------------------------------------------------------
2025-12-21 17:20:12,320 - [INFO] - epoch: 46, loss_rrl: 109.62241731211543
2025-12-21 17:20:13,251 - [DEBUG] - y_true: (1447,) [0 0 0 0 0 1 0 0 0 0 0 0 0 0 0 0 0 1 0 0 0 0 0 0 1 0 0 0 0 0 0 0 0 0 0 0 0
 0 1 1 0]
2025-12-21 17:20:13,396 - [DEBUG] - y_rrl_: (1447,) [0 0 0 0 0 1 0 0 0 0 0 0 0 0 0 0 0 0 0 0 0 0 0 0 1 0 0 0 0 0 0 0 0 0 0 0 0
 0 0 0 0]
2025-12-21 17:20:13,396 - [DEBUG] - y_rrl: (1447, 2) [[ 2.7918959  -2.4523664 ]
 [ 0.8040208  -0.43506435]
 [ 2.19102    -1.761781  ]
 [ 2.19102    -1.761781  ]
 [ 3.0867877  -2.6972477 ]
 [ 0.09206122  0.4021937 ]
 [ 2.7918959  -2.4523664 ]
 [ 2.6821284  -2.2146528 ]
 [ 3.5778956  -3.1501195 ]
 [ 1.3176062  -0.88456285]
 [ 0.78032583 -0.39068094]
 [ 2.1448479  -1.7207706 ]
 [ 2.2385192  -1.8386931 ]
 [ 2.419528   -2.0415034 ]
 [ 2.6064367  -2.2340748 ]
 [ 2.901329   -2.4789562 ]
 [ 2.8690376  -2.4072242 ]
 [ 0.59341675 -0.1981093 ]
 [ 1.8231024  -1.3663994 ]
 [ 1.8961278  -1.5168995 ]
 [ 2.899879   -2.5046763 ]
 [ 2.6064367  -2.2340748 ]
 [ 2.067706   -1.7659127 ]
 [ 2.419528   -2.0415034 ]
 [-1.8816258   2.3435996 ]
 [ 1.1365978  -0.6817529 ]
 [ 1.3588473  -1.0230173 ]
 [ 2.419528   -2.0415034 ]
 [ 2.083037   -1.7094709 ]
 [ 2.3779287  -1.9543523 ]
 [ 3.3909874  -2.9575481 ]
 [ 2.19102    -1.761781  ]
 [ 0.78032583 -0.39068094]
 [ 0.59341675 -0.1981093 ]
 [ 2.7918959  -2.4523664 ]
 [ 2.6821284  -2.2146528 ]
 [ 2.7918959  -2.4523664 ]
 [ 2.419528   -2.0415034 ]
 [ 0.45997876  0.00681211]
 [ 0.501363   -0.05530111]
 [ 2.6821284  -2.2146528 ]]
2025-12-21 17:20:13,398 - [INFO] - ------------------------------------------------------------
2025-12-21 17:20:13,399 - [INFO] - On Validation Set:
	Accuracy of RRL  Model: 0.9011748445058743
	F1 Score of RRL  Model: 0.6714021873595581
2025-12-21 17:20:13,404 - [INFO] - On Validation Set:
Performance of  RRL Model: 
[[1257   29]
 [ 114   47]]
              precision    recall  f1-score   support

           0       0.92      0.98      0.95      1286
           1       0.62      0.29      0.40       161

    accuracy                           0.90      1447
   macro avg       0.77      0.63      0.67      1447
weighted avg       0.88      0.90      0.89      1447

2025-12-21 17:20:13,404 - [INFO] - ------------------------------------------------------------
2025-12-21 17:20:13,835 - [INFO] - epoch: 47, loss_rrl: 111.28373756632209
2025-12-21 17:20:14,934 - [DEBUG] - y_true: (1447,) [0 0 0 0 0 1 0 0 0 0 0 0 0 0 0 0 0 1 0 0 0 0 0 0 1 0 0 0 0 0 0 0 0 0 0 0 0
 0 1 1 0]
2025-12-21 17:20:15,078 - [DEBUG] - y_rrl_: (1447,) [0 0 0 0 0 1 0 0 0 0 0 0 0 0 0 0 0 0 0 0 0 0 0 0 1 0 0 0 0 0 0 0 0 0 0 0 0
 0 0 0 0]
2025-12-21 17:20:15,078 - [DEBUG] - y_rrl: (1447, 2) [[ 2.8482254  -2.5098352 ]
 [ 0.72547257 -0.42594862]
 [ 2.6120348  -2.215126  ]
 [ 2.6120348  -2.215126  ]
 [ 2.5467007  -2.2437603 ]
 [ 0.12586054  0.3659976 ]
 [ 3.359741   -2.9837239 ]
 [ 2.4374142  -2.0078866 ]
 [ 3.6312575  -3.2056994 ]
 [ 1.3279964  -0.8968353 ]
 [ 1.1895136  -0.7261218 ]
 [ 2.3612561  -1.9719533 ]
 [ 2.1711495  -1.8409746 ]
 [ 3.009445   -2.595204  ]
 [ 2.6736052  -2.3025951 ]
 [ 3.456637   -2.9984593 ]
 [ 2.9146147  -2.4552407 ]
 [ 0.6000172  -0.20630775]
 [ 1.5503478  -1.1312119 ]
 [ 1.8290029  -1.519262  ]
 [ 2.9440665  -2.5505307 ]
 [ 3.1851203  -2.7764838 ]
 [ 1.8187217  -1.5532328 ]
 [ 2.4979293  -2.1213152 ]
 [-1.853656    2.313387  ]
 [ 0.8265956  -0.40925455]
 [ 2.0897396  -1.7499777 ]
 [ 2.1964045  -1.8552406 ]
 [ 2.3415732  -1.9671904 ]
 [ 2.57772    -2.1885924 ]
 [ 3.4555821  -3.0244193 ]
 [ 1.6543823  -1.3120221 ]
 [ 1.5036719  -1.0781151 ]
 [ 0.6000172  -0.20630775]
 [ 2.8482254  -2.5098352 ]
 [ 2.4374142  -2.0078866 ]
 [ 3.0582159  -2.7176492 ]
 [ 2.1964045  -1.8552406 ]
 [ 0.50141174 -0.03678817]
 [ 1.1629624  -0.69907707]
 [ 2.4374142  -2.0078866 ]]
2025-12-21 17:20:15,081 - [INFO] - ------------------------------------------------------------
2025-12-21 17:20:15,081 - [INFO] - On Validation Set:
	Accuracy of RRL  Model: 0.8997926744989634
	F1 Score of RRL  Model: 0.626108185649497
2025-12-21 17:20:15,087 - [INFO] - On Validation Set:
Performance of  RRL Model: 
[[1270   16]
 [ 129   32]]
              precision    recall  f1-score   support

           0       0.91      0.99      0.95      1286
           1       0.67      0.20      0.31       161

    accuracy                           0.90      1447
   macro avg       0.79      0.59      0.63      1447
weighted avg       0.88      0.90      0.87      1447

2025-12-21 17:20:15,087 - [INFO] - ------------------------------------------------------------
2025-12-21 17:20:15,301 - [INFO] - epoch: 48, loss_rrl: 111.7216154076159
2025-12-21 17:20:16,587 - [INFO] - epoch: 49, loss_rrl: 111.29968139901757
2025-12-21 17:20:16,604 - [DEBUG] - y_true: (1447,) [0 0 0 0 0 1 0 0 0 0 0 0 0 0 0 0 0 1 0 0 0 0 0 0 1 0 0 0 0 0 0 0 0 0 0 0 0
 0 1 1 0]
2025-12-21 17:20:16,749 - [DEBUG] - y_rrl_: (1447,) [0 0 0 0 0 1 0 0 0 0 0 0 0 0 0 0 0 0 0 0 0 0 0 0 1 0 0 0 0 0 0 0 0 1 0 0 0
 0 0 1 0]
2025-12-21 17:20:16,750 - [DEBUG] - y_rrl: (1447, 2) [[ 2.30286884e+00 -1.94186389e+00]
 [ 7.43486702e-01 -4.09670621e-01]
 [ 1.83312762e+00 -1.41632187e+00]
 [ 2.13893390e+00 -1.74589241e+00]
 [ 1.76513815e+00 -1.42409325e+00]
 [ 5.95793128e-02  3.53790432e-01]
 [ 2.60867524e+00 -2.27143478e+00]
 [ 2.48354459e+00 -2.02107477e+00]
 [ 3.39118457e+00 -2.96785378e+00]
 [ 1.12977791e+00 -7.00527668e-01]
 [ 5.57590902e-01 -1.71051130e-01]
 [ 2.07697678e+00 -1.68962157e+00]
 [ 2.60867524e+00 -2.27143478e+00]
 [ 1.43167353e+00 -1.05267799e+00]
 [ 2.44305611e+00 -2.07341123e+00]
 [ 2.40952945e+00 -1.96705377e+00]
 [ 1.80785334e+00 -1.34712529e+00]
 [ 3.89745206e-01  2.34083831e-03]
 [ 1.28437352e+00 -8.08158278e-01]
 [ 1.86665440e+00 -1.52267921e+00]
 [ 2.71310878e+00 -2.32125592e+00]
 [ 2.13724971e+00 -1.74384058e+00]
 [ 1.56283605e+00 -1.23899543e+00]
 [ 1.43167353e+00 -1.05267799e+00]
 [-2.33304811e+00  2.74145460e+00]
 [ 1.02534401e+00 -6.50706291e-01]
 [ 1.29446757e+00 -9.93202686e-01]
 [ 2.27521014e+00 -1.90001905e+00]
 [ 1.86888099e+00 -1.49804771e+00]
 [ 2.30678010e+00 -1.91928434e+00]
 [ 3.22333837e+00 -2.79446173e+00]
 [ 1.70103526e+00 -1.32465565e+00]
 [ 2.85311282e-01  5.21621108e-02]
 [ 1.17465585e-01  2.25554079e-01]
 [ 2.60867524e+00 -2.27143478e+00]
 [ 2.48354459e+00 -2.02107477e+00]
 [ 2.30286884e+00 -1.94186389e+00]
 [ 1.96940398e+00 -1.57044864e+00]
 [ 3.31858933e-01  1.30577192e-01]
 [ 7.48932660e-02  3.90210658e-01]
 [ 2.17773843e+00 -1.69150400e+00]]
2025-12-21 17:20:16,752 - [INFO] - ------------------------------------------------------------
2025-12-21 17:20:16,752 - [INFO] - On Validation Set:
	Accuracy of RRL  Model: 0.8997926744989634
	F1 Score of RRL  Model: 0.7195770165822651
2025-12-21 17:20:16,758 - [INFO] - On Validation Set:
Performance of  RRL Model: 
[[1231   55]
 [  90   71]]
              precision    recall  f1-score   support

           0       0.93      0.96      0.94      1286
           1       0.56      0.44      0.49       161

    accuracy                           0.90      1447
   macro avg       0.75      0.70      0.72      1447
weighted avg       0.89      0.90      0.89      1447

2025-12-21 17:20:16,758 - [INFO] - ------------------------------------------------------------
2025-12-21 17:20:18,056 - [INFO] - epoch: 50, loss_rrl: 111.30422539077699
2025-12-21 17:20:18,301 - [DEBUG] - y_true: (1447,) [0 0 0 0 0 1 0 0 0 0 0 0 0 0 0 0 0 1 0 0 0 0 0 0 1 0 0 0 0 0 0 0 0 0 0 0 0
 0 1 1 0]
2025-12-21 17:20:18,445 - [DEBUG] - y_rrl_: (1447,) [0 0 0 0 0 1 0 0 0 0 0 0 0 0 0 0 0 0 0 0 0 0 0 0 1 0 0 0 0 0 0 0 0 0 0 0 0
 0 0 1 0]
2025-12-21 17:20:18,446 - [DEBUG] - y_rrl: (1447, 2) [[ 2.3405666  -1.9989929 ]
 [ 0.20744273  0.12247296]
 [ 2.1966417  -1.7716213 ]
 [ 2.1966417  -1.7716213 ]
 [ 2.3978722  -2.042641  ]
 [-0.45791173  0.8963531 ]
 [ 3.0138369  -2.6413345 ]
 [ 2.1966417  -1.7716213 ]
 [ 3.3294463  -2.9083588 ]
 [ 1.7588835  -1.2846295 ]
 [ 1.0032153  -0.56584   ]
 [ 1.8494866  -1.4319063 ]
 [ 1.6620462  -1.3019202 ]
 [ 3.0036721  -2.5449035 ]
 [ 2.6308198  -2.2139585 ]
 [ 3.0036721  -2.5449035 ]
 [ 2.4549456  -1.9949977 ]
 [ 1.0032153  -0.56584   ]
 [ 1.2787204  -0.86334085]
 [ 1.6735806  -1.2849785 ]
 [ 2.656176   -2.2660172 ]
 [ 3.0036721  -2.5449035 ]
 [ 1.3265946  -1.0568273 ]
 [ 2.480611   -2.0582602 ]
 [-1.7461143   2.1896253 ]
 [ 0.4172571  -0.04164633]
 [ 1.5338771  -1.164882  ]
 [ 2.2223072  -1.8348843 ]
 [ 2.3468506  -1.9273196 ]
 [ 2.0820935  -1.6640531 ]
 [ 3.1792376  -2.7526605 ]
 [ 1.6735806  -1.2849785 ]
 [ 0.68760586 -0.29881564]
 [ 0.68760586 -0.29881564]
 [ 2.4907756  -2.1546912 ]
 [ 2.1966417  -1.7716213 ]
 [ 2.605324   -2.2622597 ]
 [ 2.2223072  -1.8348843 ]
 [ 0.25255802  0.20769098]
 [ 0.06667215  0.37778017]
 [ 2.1966417  -1.7716213 ]]
2025-12-21 17:20:18,448 - [INFO] - ------------------------------------------------------------
2025-12-21 17:20:18,448 - [INFO] - On Validation Set:
	Accuracy of RRL  Model: 0.9080856945404284
	F1 Score of RRL  Model: 0.7378955210261313
2025-12-21 17:20:18,454 - [INFO] - On Validation Set:
Performance of  RRL Model: 
[[1240   46]
 [  87   74]]
              precision    recall  f1-score   support

           0       0.93      0.96      0.95      1286
           1       0.62      0.46      0.53       161

    accuracy                           0.91      1447
   macro avg       0.78      0.71      0.74      1447
weighted avg       0.90      0.91      0.90      1447

2025-12-21 17:20:18,454 - [INFO] - ------------------------------------------------------------
2025-12-21 17:20:19,595 - [INFO] - epoch: 51, loss_rrl: 110.68419461324811
2025-12-21 17:20:20,030 - [DEBUG] - y_true: (1447,) [0 0 0 0 0 1 0 0 0 0 0 0 0 0 0 0 0 1 0 0 0 0 0 0 1 0 0 0 0 0 0 0 0 0 0 0 0
 0 1 1 0]
2025-12-21 17:20:20,173 - [DEBUG] - y_rrl_: (1447,) [0 0 0 0 0 1 0 0 0 0 0 0 0 0 0 0 0 0 0 0 0 0 0 0 1 0 0 0 0 0 0 0 0 0 0 0 0
 0 0 0 0]
2025-12-21 17:20:20,174 - [DEBUG] - y_rrl: (1447, 2) [[ 2.8864775  -2.4980044 ]
 [ 1.1959738  -0.8336652 ]
 [ 3.2267773  -2.7705152 ]
 [ 3.2267773  -2.7705152 ]
 [ 2.8864775  -2.4980044 ]
 [ 0.11574319  0.29423612]
 [ 3.5739129  -3.1550665 ]
 [ 2.728783   -2.2713485 ]
 [ 3.5739129  -3.1550665 ]
 [ 1.9968424  -1.5252013 ]
 [ 1.9968424  -1.5252013 ]
 [ 2.6081114  -2.19388   ]
 [ 2.1153603  -1.7218868 ]
 [ 2.8962307  -2.4880722 ]
 [ 2.5095162  -2.142596  ]
 [ 3.2267773  -2.7705152 ]
 [ 2.728783   -2.2713485 ]
 [ 1.2278161  -0.792773  ]
 [ 1.7975521  -1.3493704 ]
 [ 2.359156   -1.9868027 ]
 [ 2.8864775  -2.4980044 ]
 [ 2.8962307  -2.4880722 ]
 [ 1.7869048  -1.4831332 ]
 [ 2.359156   -1.9868027 ]
 [-1.1768275   1.591751  ]
 [ 0.885425   -0.47657263]
 [ 2.2775648  -1.9114372 ]
 [ 2.359156   -1.9868027 ]
 [ 2.5485966  -2.1446989 ]
 [ 2.8400629  -2.425039  ]
 [ 3.4235523  -2.9992735 ]
 [ 1.8611616  -1.4876364 ]
 [ 1.6662956  -1.2427582 ]
 [ 0.89726937 -0.5103299 ]
 [ 3.0368378  -2.6537974 ]
 [ 2.728783   -2.2713485 ]
 [ 3.0930057  -2.7168305 ]
 [ 2.359156   -1.9868027 ]
 [ 0.4462899   0.011793  ]
 [ 1.5142182  -1.0771384 ]
 [ 2.728783   -2.2713485 ]]
2025-12-21 17:20:20,176 - [INFO] - ------------------------------------------------------------
2025-12-21 17:20:20,176 - [INFO] - On Validation Set:
	Accuracy of RRL  Model: 0.9080856945404284
	F1 Score of RRL  Model: 0.7140167472824673
2025-12-21 17:20:20,182 - [INFO] - On Validation Set:
Performance of  RRL Model: 
[[1253   33]
 [ 100   61]]
              precision    recall  f1-score   support

           0       0.93      0.97      0.95      1286
           1       0.65      0.38      0.48       161

    accuracy                           0.91      1447
   macro avg       0.79      0.68      0.71      1447
weighted avg       0.90      0.91      0.90      1447

2025-12-21 17:20:20,182 - [INFO] - ------------------------------------------------------------
2025-12-21 17:20:21,049 - [INFO] - epoch: 52, loss_rrl: 110.74821165949106
2025-12-21 17:20:21,687 - [DEBUG] - y_true: (1447,) [0 0 0 0 0 1 0 0 0 0 0 0 0 0 0 0 0 1 0 0 0 0 0 0 1 0 0 0 0 0 0 0 0 0 0 0 0
 0 1 1 0]
2025-12-21 17:20:21,831 - [DEBUG] - y_rrl_: (1447,) [0 0 0 0 0 1 0 0 0 0 0 0 0 0 0 0 0 0 0 0 0 0 0 0 1 0 0 0 0 0 0 0 1 1 0 0 0
 0 1 1 0]
2025-12-21 17:20:21,832 - [DEBUG] - y_rrl: (1447, 2) [[ 3.1163454  -2.7295477 ]
 [ 0.93287855 -0.5707491 ]
 [ 2.4352412  -2.015503  ]
 [ 2.4352412  -2.015503  ]
 [ 3.1163454  -2.7295477 ]
 [-0.09112668  0.5257541 ]
 [ 3.2807112  -2.8992882 ]
 [ 2.9783683  -2.5234418 ]
 [ 3.8238382  -3.4072268 ]
 [ 1.6586651  -1.22482   ]
 [ 0.47800374 -0.054147  ]
 [ 1.9620727  -1.5225095 ]
 [ 2.3572936  -1.9653857 ]
 [ 2.9136786  -2.4951043 ]
 [ 3.078044   -2.6648452 ]
 [ 2.5146294  -2.0697255 ]
 [ 2.9783683  -2.5234418 ]
 [ 0.47800374 -0.054147  ]
 [ 2.036192   -1.5901242 ]
 [ 2.4352412  -2.015503  ]
 [ 3.1163454  -2.7295477 ]
 [ 2.9136786  -2.4951043 ]
 [ 2.0130322  -1.7101724 ]
 [ 2.9136786  -2.4951043 ]
 [-2.1531944   2.5563273 ]
 [ 1.1022801  -0.6951017 ]
 [ 1.0972443  -0.74049014]
 [ 2.9136786  -2.4951043 ]
 [ 2.2005577  -1.7598652 ]
 [ 2.599607   -2.185244  ]
 [ 3.659473   -3.2374864 ]
 [ 2.4352412  -2.015503  ]
 [ 0.15630245  0.21993366]
 [ 0.15630245  0.21993366]
 [ 3.2807112  -2.8992882 ]
 [ 2.9783683  -2.5234418 ]
 [ 2.395595   -2.0300882 ]
 [ 2.9136786  -2.4951043 ]
 [-0.5510375   0.996968  ]
 [ 0.0272471   0.4386895 ]
 [ 2.9783683  -2.5234418 ]]
2025-12-21 17:20:21,834 - [INFO] - ------------------------------------------------------------
2025-12-21 17:20:21,834 - [INFO] - On Validation Set:
	Accuracy of RRL  Model: 0.9011748445058743
	F1 Score of RRL  Model: 0.7181884173438855
2025-12-21 17:20:21,840 - [INFO] - On Validation Set:
Performance of  RRL Model: 
[[1235   51]
 [  92   69]]
              precision    recall  f1-score   support

           0       0.93      0.96      0.95      1286
           1       0.57      0.43      0.49       161

    accuracy                           0.90      1447
   macro avg       0.75      0.69      0.72      1447
weighted avg       0.89      0.90      0.89      1447

2025-12-21 17:20:21,840 - [INFO] - ------------------------------------------------------------
2025-12-21 17:20:22,486 - [INFO] - epoch: 53, loss_rrl: 111.11084317974746
2025-12-21 17:20:23,329 - [DEBUG] - y_true: (1447,) [0 0 0 0 0 1 0 0 0 0 0 0 0 0 0 0 0 1 0 0 0 0 0 0 1 0 0 0 0 0 0 0 0 0 0 0 0
 0 1 1 0]
2025-12-21 17:20:23,474 - [DEBUG] - y_rrl_: (1447,) [0 0 0 0 0 1 0 0 0 0 0 0 0 0 0 0 0 0 0 0 0 0 0 0 1 0 0 0 0 0 0 0 0 0 0 0 0
 0 0 0 0]
2025-12-21 17:20:23,474 - [DEBUG] - y_rrl: (1447, 2) [[ 2.6540864  -2.3214054 ]
 [ 0.6159389  -0.25514805]
 [ 2.0673504  -1.6494865 ]
 [ 2.0673504  -1.6494865 ]
 [ 2.973139   -2.5933175 ]
 [-0.40243804  0.8351596 ]
 [ 2.6540864  -2.3214054 ]
 [ 2.632456   -2.1800182 ]
 [ 3.538245   -3.1238487 ]
 [ 1.2909076  -0.85904324]
 [ 0.73041177 -0.33990312]
 [ 2.0719602  -1.6608777 ]
 [ 2.0664942  -1.676138  ]
 [ 2.259448   -1.889881  ]
 [ 2.4489026  -2.084653  ]
 [ 2.7679553  -2.356565  ]
 [ 2.8219104  -2.37479   ]
 [ 0.5409575  -0.1451313 ]
 [ 1.6849416  -1.240972  ]
 [ 1.7482976  -1.3775746 ]
 [ 2.7836847  -2.3985455 ]
 [ 2.4489026  -2.084653  ]
 [ 1.9041361  -1.6074933 ]
 [ 2.259448   -1.889881  ]
 [-1.7007867   2.1382105 ]
 [ 0.7789009  -0.3733884 ]
 [ 1.1878017  -0.85843444]
 [ 2.259448   -1.889881  ]
 [ 1.9377519  -1.5723463 ]
 [ 2.2568047  -1.8442583 ]
 [ 3.3487906  -2.929077  ]
 [ 2.0673504  -1.6494865 ]
 [ 0.4113592  -0.06799112]
 [ 0.22190487  0.1267807 ]
 [ 2.6540864  -2.3214054 ]
 [ 2.632456   -2.1800182 ]
 [ 2.6540864  -2.3214054 ]
 [ 2.259448   -1.889881  ]
 [ 0.299023    0.15473296]
 [ 1.633985   -1.2067937 ]
 [ 2.632456   -2.1800182 ]]
2025-12-21 17:20:23,476 - [INFO] - ------------------------------------------------------------
2025-12-21 17:20:23,476 - [INFO] - On Validation Set:
	Accuracy of RRL  Model: 0.917069799585349
	F1 Score of RRL  Model: 0.762760957481692
2025-12-21 17:20:23,482 - [INFO] - On Validation Set:
Performance of  RRL Model: 
[[1247   39]
 [  81   80]]
              precision    recall  f1-score   support

           0       0.94      0.97      0.95      1286
           1       0.67      0.50      0.57       161

    accuracy                           0.92      1447
   macro avg       0.81      0.73      0.76      1447
weighted avg       0.91      0.92      0.91      1447

2025-12-21 17:20:23,482 - [INFO] - ------------------------------------------------------------
2025-12-21 17:20:23,923 - [INFO] - epoch: 54, loss_rrl: 111.11218717508018
2025-12-21 17:20:24,973 - [DEBUG] - y_true: (1447,) [0 0 0 0 0 1 0 0 0 0 0 0 0 0 0 0 0 1 0 0 0 0 0 0 1 0 0 0 0 0 0 0 0 0 0 0 0
 0 1 1 0]
2025-12-21 17:20:25,118 - [DEBUG] - y_rrl_: (1447,) [0 0 0 0 0 1 0 0 0 0 0 0 0 0 0 0 0 0 0 0 0 0 0 0 1 0 0 0 0 0 0 0 0 1 0 0 0
 0 0 0 0]
2025-12-21 17:20:25,119 - [DEBUG] - y_rrl: (1447, 2) [[ 2.3235059  -1.9693505 ]
 [ 0.7006999  -0.34124464]
 [ 1.7441599  -1.3055739 ]
 [ 2.1386127  -1.7226152 ]
 [ 2.3235059  -1.9693505 ]
 [-0.27236146  0.7031789 ]
 [ 2.7179585  -2.3863916 ]
 [ 2.6613145  -2.211349  ]
 [ 3.5649052  -3.1527073 ]
 [ 1.1371546  -0.7174465 ]
 [ 0.5710224  -0.19233485]
 [ 2.0951824  -1.6862375 ]
 [ 2.1235182  -1.7347103 ]
 [ 1.9371948  -1.5464181 ]
 [ 2.501351   -2.1384232 ]
 [ 2.4311426  -1.9989637 ]
 [ 2.4365659  -1.9692723 ]
 [ 0.40131867 -0.01737078]
 [ 1.366327   -0.9018608 ]
 [ 1.8143687  -1.4450337 ]
 [ 2.8724988  -2.4890096 ]
 [ 2.1068985  -1.721382  ]
 [ 1.58767    -1.2692747 ]
 [ 1.9371948  -1.5464181 ]
 [-2.3472168   2.74686   ]
 [ 0.60478127 -0.21111591]
 [ 1.2482365  -0.9199217 ]
 [ 2.3316474  -1.9634594 ]
 [ 1.9840724  -1.6199976 ]
 [ 2.3083165  -1.8975792 ]
 [ 3.395201   -2.9777436 ]
 [ 1.8143687  -1.4450337 ]
 [ 0.24677832  0.08524676]
 [ 0.0770746   0.2602108 ]
 [ 2.7179585  -2.3863916 ]
 [ 2.6613145  -2.211349  ]
 [ 2.3235059  -1.9693505 ]
 [ 1.9371948  -1.5464181 ]
 [ 0.4297155   0.02188416]
 [ 0.27198339  0.14411084]
 [ 2.2668622  -1.794308  ]]
2025-12-21 17:20:25,121 - [INFO] - ------------------------------------------------------------
2025-12-21 17:20:25,121 - [INFO] - On Validation Set:
	Accuracy of RRL  Model: 0.9018659295093296
	F1 Score of RRL  Model: 0.7156336843037611
2025-12-21 17:20:25,127 - [INFO] - On Validation Set:
Performance of  RRL Model: 
[[1238   48]
 [  94   67]]
              precision    recall  f1-score   support

           0       0.93      0.96      0.95      1286
           1       0.58      0.42      0.49       161

    accuracy                           0.90      1447
   macro avg       0.76      0.69      0.72      1447
weighted avg       0.89      0.90      0.89      1447

2025-12-21 17:20:25,127 - [INFO] - ------------------------------------------------------------
2025-12-21 17:20:25,460 - [INFO] - epoch: 55, loss_rrl: 112.08496693521738
2025-12-21 17:20:26,874 - [DEBUG] - y_true: (1447,) [0 0 0 0 0 1 0 0 0 0 0 0 0 0 0 0 0 1 0 0 0 0 0 0 1 0 0 0 0 0 0 0 0 0 0 0 0
 0 1 1 0]
2025-12-21 17:20:27,032 - [DEBUG] - y_rrl_: (1447,) [0 0 0 0 0 0 0 0 0 0 0 0 0 0 0 0 0 0 0 0 0 0 0 0 1 0 0 0 0 0 0 0 0 0 0 0 0
 0 0 0 0]
2025-12-21 17:20:27,033 - [DEBUG] - y_rrl: (1447, 2) [[ 2.7178357  -2.3549411 ]
 [ 0.8179659  -0.45985383]
 [ 2.1446848  -1.698113  ]
 [ 2.2878022  -1.8736804 ]
 [ 2.7178357  -2.3549411 ]
 [ 0.3322146   0.07103825]
 [ 2.860953   -2.5305085 ]
 [ 2.8108644  -2.3633583 ]
 [ 3.718411   -3.308398  ]
 [ 1.5365676  -1.1086618 ]
 [ 1.6984612  -1.275759  ]
 [ 2.9727583  -2.5304556 ]
 [ 2.6455305  -2.2839334 ]
 [ 2.3405192  -1.9412684 ]
 [ 2.6455305  -2.2839334 ]
 [ 2.8368077  -2.396578  ]
 [ 2.8296409  -2.3548884 ]
 [ 1.5365676  -1.1086618 ]
 [ 1.7492431  -1.2770168 ]
 [ 1.9534076  -1.5854683 ]
 [ 3.033454   -2.6516235 ]
 [ 2.502413   -2.108366  ]
 [ 1.9778357  -1.6504227 ]
 [ 2.3405192  -1.9412684 ]
 [-2.1563725   2.5542698 ]
 [ 1.3640666  -0.987547  ]
 [ 1.3753015  -1.0480473 ]
 [ 2.4836366  -2.116836  ]
 [ 2.1153014  -1.7525656 ]
 [ 2.449696   -2.0407777 ]
 [ 3.5565171  -3.1413012 ]
 [ 1.9534076  -1.5854683 ]
 [ 1.3640666  -0.987547  ]
 [ 0.4621728  -0.11593135]
 [ 2.860953   -2.5305085 ]
 [ 2.8108644  -2.3633583 ]
 [ 2.7178357  -2.3549411 ]
 [ 2.3405192  -1.9412684 ]
 [ 0.6666093  -0.21717384]
 [ 1.3986069  -0.93918794]
 [ 2.667747   -2.187791  ]]
2025-12-21 17:20:27,035 - [INFO] - ------------------------------------------------------------
2025-12-21 17:20:27,035 - [INFO] - On Validation Set:
	Accuracy of RRL  Model: 0.9046302695231514
	F1 Score of RRL  Model: 0.6688281965212084
2025-12-21 17:20:27,041 - [INFO] - On Validation Set:
Performance of  RRL Model: 
[[1265   21]
 [ 117   44]]
              precision    recall  f1-score   support

           0       0.92      0.98      0.95      1286
           1       0.68      0.27      0.39       161

    accuracy                           0.90      1447
   macro avg       0.80      0.63      0.67      1447
weighted avg       0.89      0.90      0.89      1447

2025-12-21 17:20:27,041 - [INFO] - ------------------------------------------------------------
2025-12-21 17:20:27,072 - [INFO] - epoch: 56, loss_rrl: 112.94462843425572
2025-12-21 17:20:28,490 - [INFO] - epoch: 57, loss_rrl: 112.75284037552774
2025-12-21 17:20:28,705 - [DEBUG] - y_true: (1447,) [0 0 0 0 0 1 0 0 0 0 0 0 0 0 0 0 0 1 0 0 0 0 0 0 1 0 0 0 0 0 0 0 0 0 0 0 0
 0 1 1 0]
2025-12-21 17:20:28,864 - [DEBUG] - y_rrl_: (1447,) [0 0 0 0 0 1 0 0 0 0 0 0 0 0 0 0 0 0 0 0 0 0 0 0 1 0 0 0 0 0 0 0 0 0 0 0 0
 0 0 0 0]
2025-12-21 17:20:28,865 - [DEBUG] - y_rrl: (1447, 2) [[ 3.075984   -2.7009532 ]
 [ 0.6533195  -0.29655403]
 [ 2.7139235  -2.2688568 ]
 [ 2.7139235  -2.2688568 ]
 [ 3.075984   -2.7009532 ]
 [-0.23575532  0.66276324]
 [ 3.622126   -3.2142828 ]
 [ 2.7139235  -2.2688568 ]
 [ 3.622126   -3.2142828 ]
 [ 1.9230736  -1.4643291 ]
 [ 2.0808067  -1.6272093 ]
 [ 2.8716564  -2.431737  ]
 [ 2.0647671  -1.679074  ]
 [ 3.223062   -2.7791255 ]
 [ 2.8346524  -2.4286761 ]
 [ 3.380795   -2.9420056 ]
 [ 2.8716564  -2.431737  ]
 [ 1.9230736  -1.4643291 ]
 [ 1.7401189  -1.3024364 ]
 [ 2.167781   -1.7555274 ]
 [ 2.918251   -2.5380728 ]
 [ 3.380795   -2.9420056 ]
 [ 1.9891845  -1.6950707 ]
 [ 2.6769195  -2.265796  ]
 [-2.3518436   2.7480028 ]
 [ 0.764779   -0.36427784]
 [ 1.7848572  -1.4258544 ]
 [ 2.6769195  -2.265796  ]
 [ 2.8716564  -2.431737  ]
 [ 2.3255138  -1.9184076 ]
 [ 3.4643936  -3.0514023 ]
 [ 2.167781   -1.7555274 ]
 [ 1.7385836  -1.3306985 ]
 [ 0.83627445 -0.45844668]
 [ 3.075984   -2.7009532 ]
 [ 2.7139235  -2.2688568 ]
 [ 3.2799032  -2.9177718 ]
 [ 2.6769195  -2.265796  ]
 [ 0.53412986 -0.08683871]
 [ 1.3892912  -0.9645944 ]
 [ 2.7139235  -2.2688568 ]]
2025-12-21 17:20:28,867 - [INFO] - ------------------------------------------------------------
2025-12-21 17:20:28,867 - [INFO] - On Validation Set:
	Accuracy of RRL  Model: 0.9115411195577056
	F1 Score of RRL  Model: 0.7177480311120864
2025-12-21 17:20:28,873 - [INFO] - On Validation Set:
Performance of  RRL Model: 
[[1259   27]
 [ 101   60]]
              precision    recall  f1-score   support

           0       0.93      0.98      0.95      1286
           1       0.69      0.37      0.48       161

    accuracy                           0.91      1447
   macro avg       0.81      0.68      0.72      1447
weighted avg       0.90      0.91      0.90      1447

2025-12-21 17:20:28,873 - [INFO] - ------------------------------------------------------------
2025-12-21 17:20:30,150 - [INFO] - epoch: 58, loss_rrl: 113.8731017075479
2025-12-21 17:20:30,655 - [DEBUG] - y_true: (1447,) [0 0 0 0 0 1 0 0 0 0 0 0 0 0 0 0 0 1 0 0 0 0 0 0 1 0 0 0 0 0 0 0 0 0 0 0 0
 0 1 1 0]
2025-12-21 17:20:30,819 - [DEBUG] - y_rrl_: (1447,) [0 0 0 0 0 1 0 0 0 0 0 0 0 0 0 0 0 0 0 0 0 0 0 0 1 0 0 0 0 0 0 0 0 1 0 0 0
 0 0 0 0]
2025-12-21 17:20:30,820 - [DEBUG] - y_rrl: (1447, 2) [[ 3.1617424  -2.788301  ]
 [ 0.8844365  -0.534107  ]
 [ 2.933211   -2.4956598 ]
 [ 2.933211   -2.4956598 ]
 [ 3.1617424  -2.788301  ]
 [-0.25512427  0.680246  ]
 [ 3.7101672  -3.3044794 ]
 [ 2.933211   -2.4956598 ]
 [ 3.7101672  -3.3044794 ]
 [ 1.5372143  -1.1183299 ]
 [ 1.1201273  -0.67603844]
 [ 1.7838016  -1.3559762 ]
 [ 2.1145933  -1.7304558 ]
 [ 3.080105   -2.6889265 ]
 [ 2.5316803  -2.1727474 ]
 [ 3.0139587  -2.552325  ]
 [ 2.933211   -2.4956598 ]
 [ 0.38780487  0.02135341]
 [ 1.9676995  -1.5371889 ]
 [ 2.033846   -1.6737903 ]
 [ 3.1617424  -2.788301  ]
 [ 3.080105   -2.6889265 ]
 [ 2.0784793  -1.785219  ]
 [ 2.5316803  -2.1727474 ]
 [-2.3760324   2.7704685 ]
 [ 0.7691865  -0.37034827]
 [ 1.8499479  -1.4925778 ]
 [ 2.5316803  -2.1727474 ]
 [ 2.1651833  -1.7476779 ]
 [ 2.3847868  -1.9794804 ]
 [ 3.7101672  -3.3044794 ]
 [ 2.3847868  -1.9794804 ]
 [ 0.7691865  -0.37034827]
 [ 0.03686415  0.32704353]
 [ 3.1617424  -2.788301  ]
 [ 2.933211   -2.4956598 ]
 [ 3.3592265  -2.9987893 ]
 [ 2.5316803  -2.1727474 ]
 [ 0.5129036  -0.06773572]
 [ 0.24189141  0.17082389]
 [ 2.933211   -2.4956598 ]]
2025-12-21 17:20:30,822 - [INFO] - ------------------------------------------------------------
2025-12-21 17:20:30,822 - [INFO] - On Validation Set:
	Accuracy of RRL  Model: 0.9115411195577056
	F1 Score of RRL  Model: 0.7385727190605239
2025-12-21 17:20:30,828 - [INFO] - On Validation Set:
Performance of  RRL Model: 
[[1248   38]
 [  90   71]]
              precision    recall  f1-score   support

           0       0.93      0.97      0.95      1286
           1       0.65      0.44      0.53       161

    accuracy                           0.91      1447
   macro avg       0.79      0.71      0.74      1447
weighted avg       0.90      0.91      0.90      1447

2025-12-21 17:20:30,828 - [INFO] - ------------------------------------------------------------
2025-12-21 17:20:31,830 - [INFO] - epoch: 59, loss_rrl: 111.27932933531702
2025-12-21 17:20:32,519 - [DEBUG] - y_true: (1447,) [0 0 0 0 0 1 0 0 0 0 0 0 0 0 0 0 0 1 0 0 0 0 0 0 1 0 0 0 0 0 0 0 0 0 0 0 0
 0 1 1 0]
2025-12-21 17:20:32,678 - [DEBUG] - y_rrl_: (1447,) [0 0 0 0 0 1 0 0 0 0 0 0 0 0 0 0 0 0 0 0 0 0 0 0 1 0 0 0 0 0 0 0 0 1 0 0 0
 0 0 0 0]
2025-12-21 17:20:32,678 - [DEBUG] - y_rrl: (1447, 2) [[ 3.0383601e+00 -2.6299839e+00]
 [ 1.3858948e+00 -1.0673927e+00]
 [ 3.0926371e+00 -2.6514630e+00]
 [ 3.4438128e+00 -3.0391660e+00]
 [ 3.0383601e+00 -2.6299839e+00]
 [-3.3580348e-02  4.5680878e-01]
 [ 3.9420979e+00 -3.5385647e+00]
 [ 3.1513872e+00 -2.7162013e+00]
 [ 3.9420979e+00 -3.5385647e+00]
 [ 1.7633646e+00 -1.3463895e+00]
 [ 1.1765288e+00 -7.2953415e-01]
 [ 2.2814763e+00 -1.8865010e+00]
 [ 2.6130748e+00 -2.2610319e+00]
 [ 3.2984960e+00 -2.8278966e+00]
 [ 3.0971105e+00 -2.6947217e+00]
 [ 2.1361594e+00 -1.6752315e+00]
 [ 2.8002110e+00 -2.3284984e+00]
 [ 6.0102791e-01 -1.9372444e-01]
 [ 1.0853127e+00 -6.5495515e-01]
 [ 2.8912516e+00 -2.5182881e+00]
 [ 2.6606414e+00 -2.3234458e+00]
 [ 3.2984960e+00 -2.8278966e+00]
 [ 1.9664447e+00 -1.6375130e+00]
 [ 2.7459345e+00 -2.3070188e+00]
 [-1.4065126e+00  1.8338774e+00]
 [ 9.8690248e-01 -5.8973497e-01]
 [ 2.3718972e+00 -2.0466955e+00]
 [ 3.0971105e+00 -2.6947217e+00]
 [ 2.7179458e+00 -2.2577772e+00]
 [ 2.8912516e+00 -2.5182881e+00]
 [ 3.9420979e+00 -3.5385647e+00]
 [ 2.5988255e+00 -2.1953235e+00]
 [ 8.3350825e-01 -4.3130416e-01]
 [ 1.0461316e-01  2.6293641e-01]
 [ 3.3895366e+00 -3.0176864e+00]
 [ 3.1513872e+00 -2.7162013e+00]
 [ 2.8144603e+00 -2.3942070e+00]
 [ 2.7459345e+00 -2.3070188e+00]
 [ 4.6283442e-01  1.4786050e-04]
 [ 1.4984806e+00 -1.0555698e+00]
 [ 2.8002110e+00 -2.3284984e+00]]
2025-12-21 17:20:32,680 - [INFO] - ------------------------------------------------------------
2025-12-21 17:20:32,680 - [INFO] - On Validation Set:
	Accuracy of RRL  Model: 0.9011748445058743
	F1 Score of RRL  Model: 0.637650095525284
2025-12-21 17:20:32,686 - [INFO] - On Validation Set:
Performance of  RRL Model: 
[[1269   17]
 [ 126   35]]
              precision    recall  f1-score   support

           0       0.91      0.99      0.95      1286
           1       0.67      0.22      0.33       161

    accuracy                           0.90      1447
   macro avg       0.79      0.60      0.64      1447
weighted avg       0.88      0.90      0.88      1447

2025-12-21 17:20:32,686 - [INFO] - ------------------------------------------------------------
2025-12-21 17:20:33,456 - [INFO] - epoch: 60, loss_rrl: 113.23658009059727
2025-12-21 17:20:34,364 - [DEBUG] - y_true: (1447,) [0 0 0 0 0 1 0 0 0 0 0 0 0 0 0 0 0 1 0 0 0 0 0 0 1 0 0 0 0 0 0 0 0 0 0 0 0
 0 1 1 0]
2025-12-21 17:20:34,523 - [DEBUG] - y_rrl_: (1447,) [0 0 0 0 0 1 0 0 0 0 0 0 0 0 0 0 0 0 0 0 0 0 0 0 1 0 0 0 0 0 0 0 0 0 0 0 0
 0 0 0 0]
2025-12-21 17:20:34,523 - [DEBUG] - y_rrl: (1447, 2) [[ 2.8090575  -2.4831219 ]
 [ 0.729807   -0.3770668 ]
 [ 2.7083893  -2.2705638 ]
 [ 2.7083893  -2.2705638 ]
 [ 3.1420407  -2.7717683 ]
 [-0.25492594  0.6762769 ]
 [ 3.3633301  -3.0062644 ]
 [ 2.7083893  -2.2705638 ]
 [ 3.6963134  -3.294911  ]
 [ 1.2988782  -0.87881833]
 [ 0.7643971  -0.38370183]
 [ 2.1739082  -1.7754472 ]
 [ 2.105539   -1.7245021 ]
 [ 2.889395   -2.4970107 ]
 [ 2.4987533  -2.1424813 ]
 [ 3.3860092  -2.95427   ]
 [ 2.8720205  -2.4391766 ]
 [ 0.60076606 -0.21508911]
 [ 1.7609024  -1.3294424 ]
 [ 1.8211335  -1.4587753 ]
 [ 2.9784095  -2.6031556 ]
 [ 3.053026   -2.6656234 ]
 [ 2.1109452  -1.8193927 ]
 [ 2.3351223  -1.9738686 ]
 [-1.6414402   2.0668187 ]
 [ 0.7363116  -0.3408054 ]
 [ 1.840925   -1.4868009 ]
 [ 2.3351223  -1.9738686 ]
 [ 2.5390372  -2.15053   ]
 [ 2.3177478  -1.9160343 ]
 [ 3.532682   -3.1262982 ]
 [ 2.1541169  -1.7474216 ]
 [ 0.4314139  -0.09505545]
 [ 0.26778284  0.07355727]
 [ 2.8090575  -2.4831219 ]
 [ 2.7083893  -2.2705638 ]
 [ 3.3633301  -3.0062644 ]
 [ 2.3351223  -1.9738686 ]
 [ 0.47127163 -0.03034874]
 [ 2.0137777  -1.6342252 ]
 [ 2.7083893  -2.2705638 ]]
2025-12-21 17:20:34,525 - [INFO] - ------------------------------------------------------------
2025-12-21 17:20:34,525 - [INFO] - On Validation Set:
	Accuracy of RRL  Model: 0.9177608845888044
	F1 Score of RRL  Model: 0.7561437422552664
2025-12-21 17:20:34,531 - [INFO] - On Validation Set:
Performance of  RRL Model: 
[[1253   33]
 [  86   75]]
              precision    recall  f1-score   support

           0       0.94      0.97      0.95      1286
           1       0.69      0.47      0.56       161

    accuracy                           0.92      1447
   macro avg       0.82      0.72      0.76      1447
weighted avg       0.91      0.92      0.91      1447

2025-12-21 17:20:34,531 - [INFO] - ------------------------------------------------------------
2025-12-21 17:20:35,058 - [INFO] - epoch: 61, loss_rrl: 113.159085072577
2025-12-21 17:20:36,250 - [DEBUG] - y_true: (1447,) [0 0 0 0 0 1 0 0 0 0 0 0 0 0 0 0 0 1 0 0 0 0 0 0 1 0 0 0 0 0 0 0 0 0 0 0 0
 0 1 1 0]
2025-12-21 17:20:36,409 - [DEBUG] - y_rrl_: (1447,) [0 0 0 0 0 1 0 0 0 0 0 0 0 0 0 0 0 0 0 0 0 0 0 0 1 0 0 0 0 0 0 0 0 0 0 0 0
 0 0 0 0]
2025-12-21 17:20:36,409 - [DEBUG] - y_rrl: (1447, 2) [[ 2.862676   -2.5245113 ]
 [ 0.94684684 -0.6129372 ]
 [ 2.699264   -2.2329528 ]
 [ 2.9315822  -2.5136316 ]
 [ 2.1429913  -1.8049073 ]
 [-0.13740811  0.55690074]
 [ 3.6111567  -3.2732553 ]
 [ 2.9315822  -2.5136316 ]
 [ 3.9395776  -3.5577877 ]
 [ 1.5048947  -1.1042712 ]
 [ 1.6439798  -1.248283  ]
 [ 2.3348339  -1.9384128 ]
 [ 2.271559   -1.8920486 ]
 [ 2.225382   -1.8216484 ]
 [ 2.7173545  -2.3799028 ]
 [ 3.4125729  -2.969797  ]
 [ 2.2016182  -1.7753359 ]
 [ 1.5048947  -1.1042712 ]
 [ 1.7787833  -1.3360217 ]
 [ 2.045523   -1.7020469 ]
 [ 3.2428532  -2.8867228 ]
 [ 3.0426753  -2.6262767 ]
 [ 2.126842   -1.8052807 ]
 [ 1.7092206  -1.3535833 ]
 [-1.5320596   1.9554732 ]
 [ 0.8697631  -0.4758964 ]
 [ 2.04789    -1.712868  ]
 [ 2.5782695  -2.235891  ]
 [ 2.7007701  -2.3141234 ]
 [ 2.5130286  -2.1305907 ]
 [ 3.8004923  -3.4137762 ]
 [ 2.004046   -1.643059  ]
 [ 1.3155589  -0.96375066]
 [ 1.1349969  -0.7607512 ]
 [ 3.0120404  -2.6872149 ]
 [ 2.9315822  -2.5136316 ]
 [ 3.3788383  -2.9925768 ]
 [ 2.387428   -2.0142002 ]
 [ 0.6368086  -0.21548584]
 [ 1.3397137  -0.9106078 ]
 [ 2.7407408  -2.2919405 ]]
2025-12-21 17:20:36,411 - [INFO] - ------------------------------------------------------------
2025-12-21 17:20:36,411 - [INFO] - On Validation Set:
	Accuracy of RRL  Model: 0.8956461644782309
	F1 Score of RRL  Model: 0.6106368002280969
2025-12-21 17:20:36,417 - [INFO] - On Validation Set:
Performance of  RRL Model: 
[[1267   19]
 [ 132   29]]
              precision    recall  f1-score   support

           0       0.91      0.99      0.94      1286
           1       0.60      0.18      0.28       161

    accuracy                           0.90      1447
   macro avg       0.75      0.58      0.61      1447
weighted avg       0.87      0.90      0.87      1447

2025-12-21 17:20:36,417 - [INFO] - ------------------------------------------------------------
2025-12-21 17:20:36,726 - [INFO] - epoch: 62, loss_rrl: 111.89814387075603
2025-12-21 17:20:38,153 - [DEBUG] - y_true: (1447,) [0 0 0 0 0 1 0 0 0 0 0 0 0 0 0 0 0 1 0 0 0 0 0 0 1 0 0 0 0 0 0 0 0 0 0 0 0
 0 1 1 0]
2025-12-21 17:20:38,312 - [DEBUG] - y_rrl_: (1447,) [0 0 0 0 0 1 0 0 0 0 0 0 0 0 0 0 0 0 0 0 0 0 0 0 1 0 0 0 0 0 0 0 0 0 0 0 0
 0 0 0 0]
2025-12-21 17:20:38,312 - [DEBUG] - y_rrl: (1447, 2) [[ 2.6951425  -2.3409026 ]
 [ 0.24711078  0.10501467]
 [ 1.534646   -1.0990293 ]
 [ 1.6963005  -1.2912136 ]
 [ 2.264191   -1.9079192 ]
 [ 0.12167411  0.271619  ]
 [ 2.856797   -2.533087  ]
 [ 2.2388244  -1.8036879 ]
 [ 3.723966   -3.3267617 ]
 [ 1.303428   -0.8872218 ]
 [ 1.4693737  -1.0580399 ]
 [ 2.8357213  -2.4074888 ]
 [ 2.047936   -1.6922553 ]
 [ 2.1512868  -1.7622359 ]
 [ 2.4788873  -2.1252387 ]
 [ 2.6418784  -2.214254  ]
 [ 2.6740668  -2.2153041 ]
 [ 1.303428   -0.8872218 ]
 [ 1.0998806  -0.6399343 ]
 [ 1.371655   -1.0100136 ]
 [ 3.0154967  -2.6434689 ]
 [ 2.3172328  -1.933054  ]
 [ 1.574412   -1.2519859 ]
 [ 2.1512868  -1.7622359 ]
 [-2.40374     2.7913368 ]
 [ 0.7137768  -0.3438565 ]
 [ 1.2787734  -0.9578812 ]
 [ 1.8819901  -1.5214374 ]
 [ 1.5376008  -1.1808316 ]
 [ 2.2931979  -1.8950146 ]
 [ 3.5580199  -3.1559436 ]
 [ 1.371655   -1.0100136 ]
 [ 1.1447282  -0.77683985]
 [ 0.28900364  0.0499115 ]
 [ 2.856797   -2.533087  ]
 [ 2.2388244  -1.8036879 ]
 [ 2.264191   -1.9079192 ]
 [ 1.7203354  -1.3292532 ]
 [ 0.4463196  -0.00958103]
 [ 1.121363   -0.6772485 ]
 [ 2.0771694  -1.6115035 ]]
2025-12-21 17:20:38,314 - [INFO] - ------------------------------------------------------------
2025-12-21 17:20:38,314 - [INFO] - On Validation Set:
	Accuracy of RRL  Model: 0.9115411195577056
	F1 Score of RRL  Model: 0.7453193408575891
2025-12-21 17:20:38,320 - [INFO] - On Validation Set:
Performance of  RRL Model: 
[[1244   42]
 [  86   75]]
              precision    recall  f1-score   support

           0       0.94      0.97      0.95      1286
           1       0.64      0.47      0.54       161

    accuracy                           0.91      1447
   macro avg       0.79      0.72      0.75      1447
weighted avg       0.90      0.91      0.91      1447

2025-12-21 17:20:38,320 - [INFO] - ------------------------------------------------------------
2025-12-21 17:20:38,384 - [INFO] - epoch: 63, loss_rrl: 112.4386219792068
2025-12-21 17:20:39,812 - [INFO] - epoch: 64, loss_rrl: 111.06270205788314
2025-12-21 17:20:39,996 - [DEBUG] - y_true: (1447,) [0 0 0 0 0 1 0 0 0 0 0 0 0 0 0 0 0 1 0 0 0 0 0 0 1 0 0 0 0 0 0 0 0 0 0 0 0
 0 1 1 0]
2025-12-21 17:20:40,155 - [DEBUG] - y_rrl_: (1447,) [0 0 0 0 0 1 0 0 0 0 0 0 0 0 0 0 0 0 0 0 0 0 0 0 1 0 0 0 0 0 0 0 0 1 0 0 0
 0 0 0 0]
2025-12-21 17:20:40,156 - [DEBUG] - y_rrl: (1447, 2) [[ 2.7095375  -2.386948  ]
 [ 0.4917519  -0.142984  ]
 [ 1.9654644  -1.5642256 ]
 [ 1.9654644  -1.5642256 ]
 [ 2.3607235  -2.0122979 ]
 [-0.08505674  0.476709  ]
 [ 2.7095375  -2.386948  ]
 [ 2.5067186  -2.0759575 ]
 [ 3.5743964  -3.1792786 ]
 [ 1.6659095  -1.2221034 ]
 [ 1.1319919  -0.72658473]
 [ 1.972801   -1.580439  ]
 [ 2.2852316  -1.9328992 ]
 [ 1.7751064  -1.3921186 ]
 [ 2.6088357  -2.213498  ]
 [ 2.6088357  -2.213498  ]
 [ 1.9956112  -1.5868385 ]
 [ 0.97068095 -0.5604545 ]
 [ 1.5105846  -1.0852318 ]
 [ 1.9654644  -1.5642256 ]
 [ 2.8718307  -2.5014167 ]
 [ 2.6088357  -2.213498  ]
 [ 2.014309   -1.7252991 ]
 [ 1.7751064  -1.3921186 ]
 [-2.647952    3.0338612 ]
 [ 0.96236175 -0.595903  ]
 [ 1.1079426  -0.7881083 ]
 [ 2.447525   -2.0473678 ]
 [ 2.1267753  -1.730356  ]
 [ 2.1267753  -1.730356  ]
 [ 3.413085   -3.0131485 ]
 [ 1.9654644  -1.5642256 ]
 [ 0.26713318  0.06574596]
 [ 0.10582225  0.23187628]
 [ 2.7095375  -2.386948  ]
 [ 2.5067186  -2.0759575 ]
 [ 2.7095375  -2.386948  ]
 [ 2.447525   -2.0473678 ]
 [ 0.23854743  0.19611013]
 [ 1.7824435  -1.4083319 ]
 [ 2.5067186  -2.0759575 ]]
2025-12-21 17:20:40,158 - [INFO] - ------------------------------------------------------------
2025-12-21 17:20:40,158 - [INFO] - On Validation Set:
	Accuracy of RRL  Model: 0.902557014512785
	F1 Score of RRL  Model: 0.7238822432410852
2025-12-21 17:20:40,164 - [INFO] - On Validation Set:
Performance of  RRL Model: 
[[1235   51]
 [  90   71]]
              precision    recall  f1-score   support

           0       0.93      0.96      0.95      1286
           1       0.58      0.44      0.50       161

    accuracy                           0.90      1447
   macro avg       0.76      0.70      0.72      1447
weighted avg       0.89      0.90      0.90      1447

2025-12-21 17:20:40,164 - [INFO] - ------------------------------------------------------------
2025-12-21 17:20:41,455 - [INFO] - epoch: 65, loss_rrl: 111.84304846264422
2025-12-21 17:20:41,889 - [DEBUG] - y_true: (1447,) [0 0 0 0 0 1 0 0 0 0 0 0 0 0 0 0 0 1 0 0 0 0 0 0 1 0 0 0 0 0 0 0 0 0 0 0 0
 0 1 1 0]
2025-12-21 17:20:42,049 - [DEBUG] - y_rrl_: (1447,) [0 0 0 0 0 1 0 0 0 0 0 0 0 0 0 0 0 0 0 0 0 0 0 0 1 0 0 0 0 0 0 0 0 1 0 0 0
 0 0 0 0]
2025-12-21 17:20:42,050 - [DEBUG] - y_rrl: (1447, 2) [[ 3.2426898  -2.878648  ]
 [ 1.0448273  -0.6548149 ]
 [ 2.7321887  -2.303748  ]
 [ 2.7321887  -2.303748  ]
 [ 3.2426898  -2.878648  ]
 [-0.36083487  0.774759  ]
 [ 3.798262   -3.4052114 ]
 [ 2.7321887  -2.303748  ]
 [ 3.798262   -3.4052114 ]
 [ 1.1013166  -0.6984484 ]
 [ 1.2607993  -0.86269903]
 [ 2.8916714  -2.4679987 ]
 [ 2.3706605  -1.9531708 ]
 [ 2.8521464  -2.467347  ]
 [ 2.794472   -2.4008815 ]
 [ 3.3500443  -2.9274454 ]
 [ 2.8916714  -2.4679987 ]
 [ 1.1013166  -0.6984484 ]
 [ 1.7528046  -1.3294733 ]
 [ 1.8382009  -1.4813361 ]
 [ 3.0832071  -2.7143977 ]
 [ 3.011629   -2.6315975 ]
 [ 2.1962974  -1.9081419 ]
 [ 2.6349893  -2.2366307 ]
 [-2.1425438   2.5693402 ]
 [ 0.8369879  -0.41498825]
 [ 1.8452789  -1.4974926 ]
 [ 2.6349893  -2.2366307 ]
 [ 2.5532563  -2.1721509 ]
 [ 2.336099   -1.9414346 ]
 [ 3.638779   -3.2409616 ]
 [ 1.8382009  -1.4813361 ]
 [ 0.9223842  -0.56685114]
 [ 0.05492405  0.27205783]
 [ 3.2426898  -2.878648  ]
 [ 2.7321887  -2.303748  ]
 [ 3.798262   -3.4052114 ]
 [ 2.6349893  -2.2366307 ]
 [ 0.4013917   0.03120026]
 [ 2.6690211  -2.2633836 ]
 [ 2.7321887  -2.303748  ]]
2025-12-21 17:20:42,052 - [INFO] - ------------------------------------------------------------
2025-12-21 17:20:42,052 - [INFO] - On Validation Set:
	Accuracy of RRL  Model: 0.9087767795438839
	F1 Score of RRL  Model: 0.7249049429657795
2025-12-21 17:20:42,057 - [INFO] - On Validation Set:
Performance of  RRL Model: 
[[1249   37]
 [  95   66]]
              precision    recall  f1-score   support

           0       0.93      0.97      0.95      1286
           1       0.64      0.41      0.50       161

    accuracy                           0.91      1447
   macro avg       0.79      0.69      0.72      1447
weighted avg       0.90      0.91      0.90      1447

2025-12-21 17:20:42,058 - [INFO] - ------------------------------------------------------------
2025-12-21 17:20:43,091 - [INFO] - epoch: 66, loss_rrl: 112.9318598844111
2025-12-21 17:20:43,737 - [DEBUG] - y_true: (1447,) [0 0 0 0 0 1 0 0 0 0 0 0 0 0 0 0 0 1 0 0 0 0 0 0 1 0 0 0 0 0 0 0 0 0 0 0 0
 0 1 1 0]
2025-12-21 17:20:43,900 - [DEBUG] - y_rrl_: (1447,) [0 0 0 0 0 0 0 0 0 0 0 0 0 0 0 0 0 0 0 0 0 0 0 0 1 0 0 0 0 0 0 0 0 0 0 0 0
 0 0 0 0]
2025-12-21 17:20:43,901 - [DEBUG] - y_rrl: (1447, 2) [[ 2.9488494  -2.623774  ]
 [ 0.26577806  0.10983622]
 [ 2.3054132  -1.849794  ]
 [ 2.3054132  -1.849794  ]
 [ 2.5959065  -2.1992059 ]
 [ 0.334519    0.05387427]
 [ 3.691715   -3.342856  ]
 [ 2.3054132  -1.849794  ]
 [ 4.015657   -3.6246676 ]
 [ 1.5508256  -1.1403731 ]
 [ 1.5508256  -1.1403731 ]
 [ 3.155977   -2.7345695 ]
 [ 1.9969639  -1.6177572 ]
 [ 3.393298   -2.9682398 ]
 [ 2.99779    -2.605949  ]
 [ 2.666255   -2.2742565 ]
 [ 2.9822981  -2.5561738 ]
 [ 1.5508256  -1.1403731 ]
 [ 0.58971965 -0.17197555]
 [ 1.7362268  -1.3091074 ]
 [ 2.5457482  -2.2116024 ]
 [ 3.393298   -2.9682398 ]
 [ 1.5449218  -1.2234107 ]
 [ 2.8241112  -2.4275532 ]
 [-1.0724616   1.4643812 ]
 [ 0.72367793 -0.33057755]
 [ 2.1049922  -1.7587744 ]
 [ 2.1472263  -1.7211732 ]
 [ 2.4790924  -2.02819   ]
 [ 2.5867898  -2.1938832 ]
 [ 3.8419778  -3.446272  ]
 [ 1.7362268  -1.3091074 ]
 [ 1.226884   -0.85856146]
 [ 0.49984095 -0.16457821]
 [ 3.1225283  -2.8021698 ]
 [ 2.3054132  -1.849794  ]
 [ 2.841151   -2.4580808 ]
 [ 2.1472263  -1.7211732 ]
 [ 0.65846056 -0.2279375 ]
 [ 2.6974094  -2.289104  ]
 [ 2.3054132  -1.849794  ]]
2025-12-21 17:20:43,903 - [INFO] - ------------------------------------------------------------
2025-12-21 17:20:43,903 - [INFO] - On Validation Set:
	Accuracy of RRL  Model: 0.9011748445058743
	F1 Score of RRL  Model: 0.6246297018567062
2025-12-21 17:20:43,908 - [INFO] - On Validation Set:
Performance of  RRL Model: 
[[1273   13]
 [ 130   31]]
              precision    recall  f1-score   support

           0       0.91      0.99      0.95      1286
           1       0.70      0.19      0.30       161

    accuracy                           0.90      1447
   macro avg       0.81      0.59      0.62      1447
weighted avg       0.88      0.90      0.88      1447

2025-12-21 17:20:43,908 - [INFO] - ------------------------------------------------------------
2025-12-21 17:20:44,698 - [INFO] - epoch: 67, loss_rrl: 111.6771932784468
2025-12-21 17:20:45,578 - [DEBUG] - y_true: (1447,) [0 0 0 0 0 1 0 0 0 0 0 0 0 0 0 0 0 1 0 0 0 0 0 0 1 0 0 0 0 0 0 0 0 0 0 0 0
 0 1 1 0]
2025-12-21 17:20:45,736 - [DEBUG] - y_rrl_: (1447,) [0 0 0 0 0 1 0 0 0 0 0 0 0 0 0 0 0 0 0 0 0 0 0 0 1 0 0 0 0 0 0 0 0 0 0 0 0
 0 0 0 0]
2025-12-21 17:20:45,737 - [DEBUG] - y_rrl: (1447, 2) [[ 3.0746884  -2.7554483 ]
 [ 0.89329135 -0.5485005 ]
 [ 2.891508   -2.4676993 ]
 [ 2.891508   -2.4676993 ]
 [ 3.398781   -3.037846  ]
 [-0.1635637   0.5737886 ]
 [ 3.6225898  -3.275355  ]
 [ 2.891508   -2.4676993 ]
 [ 3.9466825  -3.5577528 ]
 [ 1.4552194  -1.0466814 ]
 [ 1.6421249  -1.2382522 ]
 [ 2.3611689  -1.9748247 ]
 [ 2.6657104  -2.3229997 ]
 [ 3.4356844  -3.0837846 ]
 [ 3.0746884  -2.7554483 ]
 [ 3.9466825  -3.5577528 ]
 [ 3.0784135  -2.6592698 ]
 [ 0.7379748  -0.3622362 ]
 [ 1.9346286  -1.5153434 ]
 [ 2.019514   -1.6653943 ]
 [ 3.2118754  -2.8462753 ]
 [ 3.6225898  -3.275355  ]
 [ 2.3574438  -2.0710032 ]
 [ 2.8877828  -2.5638776 ]
 [-1.5645583   1.9782169 ]
 [ 0.90905416 -0.5234056 ]
 [ 2.0370762  -1.6924269 ]
 [ 2.8877828  -2.5638776 ]
 [ 2.7543209  -2.376872  ]
 [ 2.530512   -2.139363  ]
 [ 3.759777   -3.3661823 ]
 [ 2.3436067  -1.9477923 ]
 [ 1.3180323  -0.95585436]
 [ 0.41388214 -0.07983842]
 [ 3.0746884  -2.7554483 ]
 [ 2.891508   -2.4676993 ]
 [ 3.6225898  -3.275355  ]
 [ 2.8877828  -2.5638776 ]
 [ 0.569507   -0.14105794]
 [ 2.5084813  -2.1688964 ]
 [ 2.891508   -2.4676993 ]]
2025-12-21 17:20:45,739 - [INFO] - ------------------------------------------------------------
2025-12-21 17:20:45,739 - [INFO] - On Validation Set:
	Accuracy of RRL  Model: 0.9032480995162405
	F1 Score of RRL  Model: 0.6612827715355805
2025-12-21 17:20:45,745 - [INFO] - On Validation Set:
Performance of  RRL Model: 
[[1265   21]
 [ 119   42]]
              precision    recall  f1-score   support

           0       0.91      0.98      0.95      1286
           1       0.67      0.26      0.38       161

    accuracy                           0.90      1447
   macro avg       0.79      0.62      0.66      1447
weighted avg       0.89      0.90      0.88      1447

2025-12-21 17:20:45,745 - [INFO] - ------------------------------------------------------------
2025-12-21 17:20:46,304 - [INFO] - epoch: 68, loss_rrl: 112.1963737681508
2025-12-21 17:20:47,415 - [DEBUG] - y_true: (1447,) [0 0 0 0 0 1 0 0 0 0 0 0 0 0 0 0 0 1 0 0 0 0 0 0 1 0 0 0 0 0 0 0 0 0 0 0 0
 0 1 1 0]
2025-12-21 17:20:47,574 - [DEBUG] - y_rrl_: (1447,) [0 0 0 0 0 1 0 0 0 0 0 0 0 0 0 0 0 0 0 0 0 0 0 0 1 0 0 0 0 0 0 0 0 0 0 0 0
 0 1 0 0]
2025-12-21 17:20:47,575 - [DEBUG] - y_rrl: (1447, 2) [[ 2.9123166  -2.519346  ]
 [ 1.128075   -0.74333566]
 [ 2.6084576  -2.1579762 ]
 [ 2.7981162  -2.3765962 ]
 [ 2.9123166  -2.519346  ]
 [-0.20243108  0.61082643]
 [ 3.8105633  -3.423669  ]
 [ 2.7981162  -2.3765962 ]
 [ 3.8105633  -3.423669  ]
 [ 1.9059848  -1.4718419 ]
 [ 1.1907096  -0.7891094 ]
 [ 2.2561026  -1.8717381 ]
 [ 2.8557973  -2.4731412 ]
 [ 3.4476438  -3.027175  ]
 [ 3.2752366  -2.9158404 ]
 [ 3.4476438  -3.027175  ]
 [ 2.6084576  -2.1579762 ]
 [ 1.1907096  -0.7891094 ]
 [ 1.6536916  -1.2074481 ]
 [ 2.2627895  -1.8687675 ]
 [ 3.1019752  -2.7379663 ]
 [ 3.4476438  -3.027175  ]
 [ 1.8663663  -1.5472001 ]
 [ 2.9123166  -2.519346  ]
 [-2.0002363   2.4206915 ]
 [ 1.1244794  -0.6991884 ]
 [ 1.9254273  -1.5823246 ]
 [ 3.1019752  -2.7379663 ]
 [ 2.9713776  -2.5544705 ]
 [ 2.4360507  -2.0466418 ]
 [ 3.6373022  -3.2457952 ]
 [ 1.9321142  -1.579354  ]
 [ 0.8600342  -0.49969593]
 [ 0.8600342  -0.49969593]
 [ 3.2752366  -2.9158404 ]
 [ 2.7981162  -2.3765962 ]
 [ 3.4476438  -3.027175  ]
 [ 2.9123166  -2.519346  ]
 [-0.16759151  0.56144637]
 [ 0.6166905  -0.24176277]
 [ 2.6084576  -2.1579762 ]]
2025-12-21 17:20:47,577 - [INFO] - ------------------------------------------------------------
2025-12-21 17:20:47,577 - [INFO] - On Validation Set:
	Accuracy of RRL  Model: 0.9011748445058743
	F1 Score of RRL  Model: 0.7126995036273387
2025-12-21 17:20:47,583 - [INFO] - On Validation Set:
Performance of  RRL Model: 
[[1238   48]
 [  95   66]]
              precision    recall  f1-score   support

           0       0.93      0.96      0.95      1286
           1       0.58      0.41      0.48       161

    accuracy                           0.90      1447
   macro avg       0.75      0.69      0.71      1447
weighted avg       0.89      0.90      0.89      1447

2025-12-21 17:20:47,583 - [INFO] - ------------------------------------------------------------
2025-12-21 17:20:47,923 - [INFO] - epoch: 69, loss_rrl: 113.65634824335575
2025-12-21 17:20:49,265 - [DEBUG] - y_true: (1447,) [0 0 0 0 0 1 0 0 0 0 0 0 0 0 0 0 0 1 0 0 0 0 0 0 1 0 0 0 0 0 0 0 0 0 0 0 0
 0 1 1 0]
2025-12-21 17:20:49,423 - [DEBUG] - y_rrl_: (1447,) [0 0 0 0 0 0 0 0 0 0 0 0 0 0 0 0 0 0 0 0 0 0 0 0 1 0 0 0 0 0 0 0 0 1 0 0 0
 0 1 0 0]
2025-12-21 17:20:49,424 - [DEBUG] - y_rrl: (1447, 2) [[ 2.7528691  -2.4071925 ]
 [ 0.7781936  -0.43603304]
 [ 2.6090338  -2.1611474 ]
 [ 2.8037903  -2.3845518 ]
 [ 2.0950687  -1.7655289 ]
 [ 0.22420752  0.15930063]
 [ 3.4938111  -3.149771  ]
 [ 2.8037903  -2.3845518 ]
 [ 3.8221767  -3.437308  ]
 [ 1.1789685  -0.7834285 ]
 [ 0.6365769  -0.2778828 ]
 [ 2.2613986  -1.8790063 ]
 [ 2.9476256  -2.6305974 ]
 [ 2.473885   -2.1127732 ]
 [ 2.9476256  -2.6305974 ]
 [ 3.6274202  -3.2139032 ]
 [ 2.118602   -1.6914128 ]
 [ 0.4692079  -0.1059536 ]
 [ 1.6215636  -1.1776398 ]
 [ 1.9292387  -1.5778416 ]
 [ 3.1086223  -2.7462056 ]
 [ 3.2990546  -2.926366  ]
 [ 2.0431085  -1.7297175 ]
 [ 1.9276994  -1.5935997 ]
 [-2.3504174   2.7279398 ]
 [ 1.0179719  -0.66782045]
 [ 1.9330329  -1.591469  ]
 [ 2.7802565  -2.4586682 ]
 [ 2.6427934  -2.268944  ]
 [ 2.4249737  -2.037308  ]
 [ 3.6548078  -3.2653787 ]
 [ 1.9292387  -1.5778416 ]
 [ 0.3082112   0.00965441]
 [ 0.14084223  0.18158361]
 [ 2.9476256  -2.6305974 ]
 [ 2.8037903  -2.3845518 ]
 [ 3.2990546  -2.926366  ]
 [ 2.5855     -2.235263  ]
 [-0.15718746  0.54923826]
 [ 0.83627975 -0.46793425]
 [ 2.6090338  -2.1611474 ]]
2025-12-21 17:20:49,426 - [INFO] - ------------------------------------------------------------
2025-12-21 17:20:49,426 - [INFO] - On Validation Set:
	Accuracy of RRL  Model: 0.8997926744989634
	F1 Score of RRL  Model: 0.7067710364162101
2025-12-21 17:20:49,432 - [INFO] - On Validation Set:
Performance of  RRL Model: 
[[1238   48]
 [  97   64]]
              precision    recall  f1-score   support

           0       0.93      0.96      0.94      1286
           1       0.57      0.40      0.47       161

    accuracy                           0.90      1447
   macro avg       0.75      0.68      0.71      1447
weighted avg       0.89      0.90      0.89      1447

2025-12-21 17:20:49,432 - [INFO] - ------------------------------------------------------------
2025-12-21 17:20:49,528 - [INFO] - epoch: 70, loss_rrl: 113.86073555797338
2025-12-21 17:20:50,961 - [INFO] - epoch: 71, loss_rrl: 114.46747380308807
2025-12-21 17:20:51,113 - [DEBUG] - y_true: (1447,) [0 0 0 0 0 1 0 0 0 0 0 0 0 0 0 0 0 1 0 0 0 0 0 0 1 0 0 0 0 0 0 0 0 0 0 0 0
 0 1 1 0]
2025-12-21 17:20:51,272 - [DEBUG] - y_rrl_: (1447,) [0 0 0 0 0 1 0 0 0 0 0 0 0 0 0 0 0 0 0 0 0 0 0 0 1 0 0 0 0 0 0 0 0 0 0 0 0
 0 0 0 0]
2025-12-21 17:20:51,273 - [DEBUG] - y_rrl: (1447, 2) [[ 2.8284023  -2.512483  ]
 [ 0.9408676  -0.6010624 ]
 [ 3.006691   -2.5907724 ]
 [ 3.006691   -2.5907724 ]
 [ 2.1945655  -1.8945826 ]
 [ 0.10230024  0.2795668 ]
 [ 3.3933897  -3.0509377 ]
 [ 2.7017744  -2.28482   ]
 [ 3.7309043  -3.348059  ]
 [ 1.9510013  -1.5322472 ]
 [ 1.515195   -1.1168832 ]
 [ 2.488595   -2.1092086 ]
 [ 2.8284023  -2.512483  ]
 [ 2.5615222  -2.230502  ]
 [ 2.8284023  -2.512483  ]
 [ 3.014778   -2.663959  ]
 [ 2.265968   -1.8694559 ]
 [ 1.2348747  -0.8481473 ]
 [ 0.97346574 -0.5922315 ]
 [ 2.1041892  -1.7551956 ]
 [ 2.25176    -1.9229678 ]
 [ 3.3933897  -3.0509377 ]
 [ 2.1122758  -1.8283828 ]
 [ 1.996535   -1.6920464 ]
 [-2.5057034   2.8815436 ]
 [ 1.8115171  -1.437662  ]
 [ 2.1510804  -1.8120872 ]
 [ 2.6303718  -2.3099465 ]
 [ 2.5622902  -2.1902351 ]
 [ 2.639734   -2.2548532 ]
 [ 3.5328734  -3.145523  ]
 [ 1.7992724  -1.4492434 ]
 [ 1.1776803  -0.81976205]
 [ 0.89736    -0.55102605]
 [ 2.8284023  -2.512483  ]
 [ 2.7017744  -2.28482   ]
 [ 3.3933897  -3.0509377 ]
 [ 2.6303718  -2.3099465 ]
 [ 0.43981493 -0.01755444]
 [ 0.93625844 -0.5982158 ]
 [ 2.7017744  -2.28482   ]]
2025-12-21 17:20:51,275 - [INFO] - ------------------------------------------------------------
2025-12-21 17:20:51,275 - [INFO] - On Validation Set:
	Accuracy of RRL  Model: 0.902557014512785
	F1 Score of RRL  Model: 0.7091183603289949
2025-12-21 17:20:51,281 - [INFO] - On Validation Set:
Performance of  RRL Model: 
[[1243   43]
 [  98   63]]
              precision    recall  f1-score   support

           0       0.93      0.97      0.95      1286
           1       0.59      0.39      0.47       161

    accuracy                           0.90      1447
   macro avg       0.76      0.68      0.71      1447
weighted avg       0.89      0.90      0.89      1447

2025-12-21 17:20:51,281 - [INFO] - ------------------------------------------------------------
2025-12-21 17:20:52,585 - [INFO] - epoch: 72, loss_rrl: 112.54346140101552
2025-12-21 17:20:52,973 - [DEBUG] - y_true: (1447,) [0 0 0 0 0 1 0 0 0 0 0 0 0 0 0 0 0 1 0 0 0 0 0 0 1 0 0 0 0 0 0 0 0 0 0 0 0
 0 1 1 0]
2025-12-21 17:20:53,132 - [DEBUG] - y_rrl_: (1447,) [0 0 0 0 0 0 0 0 0 0 0 0 0 0 0 0 0 0 0 0 0 0 0 0 1 0 0 0 0 0 0 0 0 0 0 0 0
 0 0 0 0]
2025-12-21 17:20:53,133 - [DEBUG] - y_rrl: (1447, 2) [[ 3.088684   -2.7294772 ]
 [ 1.0987909  -0.71932644]
 [ 2.8367107  -2.422055  ]
 [ 2.8367107  -2.422055  ]
 [ 3.088684   -2.7294772 ]
 [ 0.4553565  -0.07616653]
 [ 3.8894646  -3.508655  ]
 [ 3.1213515  -2.7077239 ]
 [ 3.8894646  -3.508655  ]
 [ 1.7575569  -1.3396556 ]
 [ 1.7575569  -1.3396556 ]
 [ 3.0594316  -2.6492252 ]
 [ 2.8806002  -2.5032177 ]
 [ 3.3080168  -2.9627135 ]
 [ 3.311405   -2.9566479 ]
 [ 3.6667438  -3.2814841 ]
 [ 3.1213515  -2.7077239 ]
 [ 1.7575569  -1.3396556 ]
 [ 2.1124876  -1.702286  ]
 [ 1.8999245  -1.5512767 ]
 [ 3.088684   -2.7294772 ]
 [ 3.3080168  -2.9627135 ]
 [ 2.0009012  -1.7134159 ]
 [ 3.088684   -2.7294772 ]
 [-0.9266735   1.349922  ]
 [ 1.2560544  -0.8470569 ]
 [ 1.9716487  -1.633164  ]
 [ 3.088684   -2.7294772 ]
 [ 2.9853454  -2.6161234 ]
 [ 2.4813719  -2.0972178 ]
 [ 3.6667438  -3.2814841 ]
 [ 2.5432923  -2.1557162 ]
 [ 1.3988299  -1.020885  ]
 [ 0.9544149  -0.60926306]
 [ 3.311405   -2.9566479 ]
 [ 3.1213515  -2.7077239 ]
 [ 3.6667438  -3.2814841 ]
 [ 3.088684   -2.7294772 ]
 [ 0.52944267 -0.10926856]
 [ 3.06052    -2.690996  ]
 [ 3.1213515  -2.7077239 ]]
2025-12-21 17:20:53,135 - [INFO] - ------------------------------------------------------------
2025-12-21 17:20:53,135 - [INFO] - On Validation Set:
	Accuracy of RRL  Model: 0.9046302695231514
	F1 Score of RRL  Model: 0.663365835895776
2025-12-21 17:20:53,140 - [INFO] - On Validation Set:
Performance of  RRL Model: 
[[1267   19]
 [ 119   42]]
              precision    recall  f1-score   support

           0       0.91      0.99      0.95      1286
           1       0.69      0.26      0.38       161

    accuracy                           0.90      1447
   macro avg       0.80      0.62      0.66      1447
weighted avg       0.89      0.90      0.88      1447

2025-12-21 17:20:53,140 - [INFO] - ------------------------------------------------------------
2025-12-21 17:20:54,364 - [INFO] - epoch: 73, loss_rrl: 114.01497704349458
2025-12-21 17:20:55,008 - [DEBUG] - y_true: (1447,) [0 0 0 0 0 1 0 0 0 0 0 0 0 0 0 0 0 1 0 0 0 0 0 0 1 0 0 0 0 0 0 0 0 0 0 0 0
 0 1 1 0]
2025-12-21 17:20:55,166 - [DEBUG] - y_rrl_: (1447,) [0 0 0 0 0 0 0 0 0 0 0 0 0 0 0 0 0 0 0 0 0 0 0 0 1 0 0 0 0 0 0 0 0 0 0 0 0
 0 0 0 0]
2025-12-21 17:20:55,167 - [DEBUG] - y_rrl: (1447, 2) [[ 3.1685247  -2.810936  ]
 [ 0.8346793  -0.49651504]
 [ 2.9157677  -2.5034072 ]
 [ 2.9157677  -2.5034072 ]
 [ 3.1685247  -2.810936  ]
 [ 0.248265    0.13030444]
 [ 3.927279   -3.5484993 ]
 [ 2.9157677  -2.5034072 ]
 [ 3.927279   -3.5484993 ]
 [ 1.5249352  -1.1259767 ]
 [ 1.5249352  -1.1259767 ]
 [ 3.1068342  -2.6988652 ]
 [ 2.5784142  -2.2423258 ]
 [ 3.3843863  -3.040737  ]
 [ 3.0077648  -2.6940894 ]
 [ 3.7362127  -3.3530416 ]
 [ 2.9157677  -2.5034072 ]
 [ 1.5249352  -1.1259767 ]
 [ 1.9187293  -1.5095379 ]
 [ 1.9962534  -1.648997  ]
 [ 3.1685247  -2.810936  ]
 [ 3.3843863  -3.040737  ]
 [ 2.0844748  -1.7979132 ]
 [ 2.8166983  -2.4986312 ]
 [-1.2187439   1.6003023 ]
 [ 0.9348244  -0.5573663 ]
 [ 2.0227842  -1.6858424 ]
 [ 2.8166983  -2.4986312 ]
 [ 2.7550077  -2.3865604 ]
 [ 2.5391462  -2.1567597 ]
 [ 3.7362127  -3.3530416 ]
 [ 2.3480797  -1.9613017 ]
 [ 1.1731087  -0.813672  ]
 [ 1.1731087  -0.813672  ]
 [ 3.3595912  -3.0063941 ]
 [ 2.9157677  -2.5034072 ]
 [ 3.3843863  -3.040737  ]
 [ 2.8166983  -2.4986312 ]
 [ 0.6000916  -0.1820002 ]
 [ 3.1257222  -2.7580855 ]
 [ 2.9157677  -2.5034072 ]]
2025-12-21 17:20:55,169 - [INFO] - ------------------------------------------------------------
2025-12-21 17:20:55,169 - [INFO] - On Validation Set:
	Accuracy of RRL  Model: 0.9018659295093296
	F1 Score of RRL  Model: 0.6077243222604047
2025-12-21 17:20:55,175 - [INFO] - On Validation Set:
Performance of  RRL Model: 
[[1279    7]
 [ 135   26]]
              precision    recall  f1-score   support

           0       0.90      0.99      0.95      1286
           1       0.79      0.16      0.27       161

    accuracy                           0.90      1447
   macro avg       0.85      0.58      0.61      1447
weighted avg       0.89      0.90      0.87      1447

2025-12-21 17:20:55,175 - [INFO] - ------------------------------------------------------------
2025-12-21 17:20:56,080 - [INFO] - epoch: 74, loss_rrl: 113.2267486974597
2025-12-21 17:20:56,899 - [DEBUG] - y_true: (1447,) [0 0 0 0 0 1 0 0 0 0 0 0 0 0 0 0 0 1 0 0 0 0 0 0 1 0 0 0 0 0 0 0 0 0 0 0 0
 0 1 1 0]
2025-12-21 17:20:57,057 - [DEBUG] - y_rrl_: (1447,) [0 0 0 0 0 1 0 0 0 0 0 0 0 0 0 0 0 0 0 0 0 0 0 0 1 0 0 0 0 0 0 0 0 1 0 0 0
 0 1 0 0]
2025-12-21 17:20:57,058 - [DEBUG] - y_rrl: (1447, 2) [[ 2.9428287  -2.630282  ]
 [ 0.5856951  -0.22288242]
 [ 2.0485651  -1.6376202 ]
 [ 2.0485651  -1.6376202 ]
 [ 2.7260034  -2.3874648 ]
 [-0.3204324   0.7195543 ]
 [ 2.9428287  -2.630282  ]
 [ 2.579029   -2.1429567 ]
 [ 3.8133647  -3.4366007 ]
 [ 1.0977118  -0.70955914]
 [ 1.2936742  -0.90985554]
 [ 2.2762387  -1.9017367 ]
 [ 2.3187835  -1.9580435 ]
 [ 2.746866   -2.4299858 ]
 [ 2.9428287  -2.630282  ]
 [ 3.2829006  -2.9312649 ]
 [ 2.9918165  -2.5860705 ]
 [ 0.38213375 -0.02522527]
 [ 1.6413451  -1.208199  ]
 [ 1.7084931  -1.3366374 ]
 [ 3.086938   -2.7309685 ]
 [ 2.9428287  -2.630282  ]
 [ 2.0104253  -1.7031308 ]
 [ 2.746866   -2.4299858 ]
 [-2.4849958   2.8557801 ]
 [ 0.32955748  0.063366  ]
 [ 1.4057021  -1.0954171 ]
 [ 2.530041   -2.1871684 ]
 [ 1.9044555  -1.5369337 ]
 [ 2.4613523  -2.0807338 ]
 [ 3.6174023  -3.2363048 ]
 [ 1.7084931  -1.3366374 ]
 [ 0.95360225 -0.6088727 ]
 [ 0.04206177  0.27575755]
 [ 2.9428287  -2.630282  ]
 [ 2.579029   -2.1429567 ]
 [ 2.7260034  -2.3874648 ]
 [ 2.530041   -2.1871684 ]
 [-0.2887186   0.6734841 ]
 [ 2.4942212  -2.1640372 ]
 [ 2.579029   -2.1429567 ]]
2025-12-21 17:20:57,060 - [INFO] - ------------------------------------------------------------
2025-12-21 17:20:57,060 - [INFO] - On Validation Set:
	Accuracy of RRL  Model: 0.9053213545266068
	F1 Score of RRL  Model: 0.735048629460485
2025-12-21 17:20:57,066 - [INFO] - On Validation Set:
Performance of  RRL Model: 
[[1235   51]
 [  86   75]]
              precision    recall  f1-score   support

           0       0.93      0.96      0.95      1286
           1       0.60      0.47      0.52       161

    accuracy                           0.91      1447
   macro avg       0.77      0.71      0.74      1447
weighted avg       0.90      0.91      0.90      1447

2025-12-21 17:20:57,066 - [INFO] - ------------------------------------------------------------
2025-12-21 17:20:57,648 - [INFO] - epoch: 75, loss_rrl: 114.3401713706553
2025-12-21 17:20:58,704 - [DEBUG] - y_true: (1447,) [0 0 0 0 0 1 0 0 0 0 0 0 0 0 0 0 0 1 0 0 0 0 0 0 1 0 0 0 0 0 0 0 0 0 0 0 0
 0 1 1 0]
2025-12-21 17:20:58,864 - [DEBUG] - y_rrl_: (1447,) [0 0 0 0 0 1 0 0 0 0 0 0 0 0 0 0 0 0 0 0 0 0 0 0 1 0 0 0 0 0 0 0 0 1 0 0 0
 0 1 0 0]
2025-12-21 17:20:58,865 - [DEBUG] - y_rrl: (1447, 2) [[ 2.8982763  -2.5825844 ]
 [ 0.90565693 -0.5701826 ]
 [ 2.37645    -1.9933246 ]
 [ 2.37645    -1.9933246 ]
 [ 2.8982763  -2.5825844 ]
 [-0.20798543  0.6052529 ]
 [ 3.0816872  -2.770273  ]
 [ 2.8813567  -2.473546  ]
 [ 3.9124331  -3.5376778 ]
 [ 1.1980437  -0.8117334 ]
 [ 1.1980437  -0.8117334 ]
 [ 2.3434665  -1.9709195 ]
 [ 2.6580346  -2.32463   ]
 [ 2.8982763  -2.5825844 ]
 [ 3.0816872  -2.770273  ]
 [ 3.2241158  -2.8697677 ]
 [ 2.8813567  -2.473546  ]
 [ 0.47674283 -0.12141791]
 [ 1.9527973  -1.5476815 ]
 [ 2.0506105  -1.7061414 ]
 [ 3.2241158  -2.8697677 ]
 [ 2.8982763  -2.5825844 ]
 [ 2.1769755  -1.892269  ]
 [ 2.8982763  -2.5825844 ]
 [-1.661723    2.061816  ]
 [ 0.6319625  -0.26659584]
 [ 1.5127205  -1.2035145 ]
 [ 2.8982763  -2.5825844 ]
 [ 2.2340214  -1.89383   ]
 [ 2.559861   -2.181013  ]
 [ 3.729022   -3.3499892 ]
 [ 2.0506105  -1.7061414 ]
 [ 0.87220424 -0.5245501 ]
 [ 0.15090328  0.1657654 ]
 [ 3.0816872  -2.770273  ]
 [ 2.8813567  -2.473546  ]
 [ 2.8982763  -2.5825844 ]
 [ 2.8982763  -2.5825844 ]
 [-0.17979425  0.56274194]
 [ 1.6840001  -1.3172798 ]
 [ 2.8813567  -2.473546  ]]
2025-12-21 17:20:58,867 - [INFO] - ------------------------------------------------------------
2025-12-21 17:20:58,867 - [INFO] - On Validation Set:
	Accuracy of RRL  Model: 0.899101589495508
	F1 Score of RRL  Model: 0.6708207122645625
2025-12-21 17:20:58,873 - [INFO] - On Validation Set:
Performance of  RRL Model: 
[[1253   33]
 [ 113   48]]
              precision    recall  f1-score   support

           0       0.92      0.97      0.94      1286
           1       0.59      0.30      0.40       161

    accuracy                           0.90      1447
   macro avg       0.75      0.64      0.67      1447
weighted avg       0.88      0.90      0.88      1447

2025-12-21 17:20:58,873 - [INFO] - ------------------------------------------------------------
2025-12-21 17:20:59,229 - [INFO] - epoch: 76, loss_rrl: 114.75172526016831
2025-12-21 17:21:00,500 - [DEBUG] - y_true: (1447,) [0 0 0 0 0 1 0 0 0 0 0 0 0 0 0 0 0 1 0 0 0 0 0 0 1 0 0 0 0 0 0 0 0 0 0 0 0
 0 1 1 0]
2025-12-21 17:21:00,659 - [DEBUG] - y_rrl_: (1447,) [0 0 0 0 0 0 0 0 0 0 0 0 0 0 0 0 0 0 0 0 0 0 0 0 1 0 0 0 0 0 0 0 0 0 0 0 0
 0 1 0 0]
2025-12-21 17:21:00,660 - [DEBUG] - y_rrl: (1447, 2) [[ 2.7796135e+00 -2.4424906e+00]
 [ 1.0704783e+00 -7.3733079e-01]
 [ 2.3124173e+00 -1.9052659e+00]
 [ 2.5376000e+00 -2.1572814e+00]
 [ 2.7796135e+00 -2.4424906e+00]
 [ 5.2773935e-01 -1.1586045e-01]
 [ 3.0047960e+00 -2.6945062e+00]
 [ 2.7784815e+00 -2.3729136e+00]
 [ 3.8054242e+00 -3.4326534e+00]
 [ 2.2081821e+00 -1.7844926e+00]
 [ 1.1137601e+00 -7.3997289e-01]
 [ 2.4970081e+00 -2.1273885e+00]
 [ 3.0047960e+00 -2.6945062e+00]
 [ 2.6079855e+00 -2.2666378e+00]
 [ 3.0047960e+00 -2.6945062e+00]
 [ 3.0881696e+00 -2.7128196e+00]
 [ 2.7249272e+00 -2.2967505e+00]
 [ 1.5038902e+00 -1.1109290e+00]
 [ 1.6069533e+00 -1.1770220e+00]
 [ 2.2290440e+00 -1.8869525e+00]
 [ 3.1417239e+00 -2.7889824e+00]
 [ 2.7796135e+00 -2.4424906e+00]
 [ 2.0753214e+00 -1.7689270e+00]
 [ 2.6079855e+00 -2.2666378e+00]
 [-2.1070836e+00  2.5127661e+00]
 [ 1.5791823e+00 -1.2221979e+00]
 [ 1.6963800e+00 -1.3892416e+00]
 [ 2.8331678e+00 -2.5186534e+00]
 [ 2.1494813e+00 -1.8106190e+00]
 [ 2.7092280e+00 -2.3331342e+00]
 [ 3.6337957e+00 -3.2568007e+00]
 [ 1.9778534e+00 -1.6347662e+00]
 [ 3.1313199e-01 -1.8255264e-03]
 [ 7.0326197e-01 -3.7278152e-01]
 [ 3.0047960e+00 -2.6945062e+00]
 [ 2.7784815e+00 -2.3729136e+00]
 [ 2.7796135e+00 -2.4424906e+00]
 [ 2.6079855e+00 -2.2666378e+00]
 [-1.7655277e-01  5.5770320e-01]
 [ 8.3793426e-01 -4.8126066e-01]
 [ 2.5532990e+00 -2.1208980e+00]]
2025-12-21 17:21:00,662 - [INFO] - ------------------------------------------------------------
2025-12-21 17:21:00,662 - [INFO] - On Validation Set:
	Accuracy of RRL  Model: 0.9039391845196959
	F1 Score of RRL  Model: 0.690090215021456
2025-12-21 17:21:00,667 - [INFO] - On Validation Set:
Performance of  RRL Model: 
[[1255   31]
 [ 108   53]]
              precision    recall  f1-score   support

           0       0.92      0.98      0.95      1286
           1       0.63      0.33      0.43       161

    accuracy                           0.90      1447
   macro avg       0.78      0.65      0.69      1447
weighted avg       0.89      0.90      0.89      1447

2025-12-21 17:21:00,667 - [INFO] - ------------------------------------------------------------
2025-12-21 17:21:00,794 - [INFO] - epoch: 77, loss_rrl: 113.06492324732244
2025-12-21 17:21:02,175 - [INFO] - epoch: 78, loss_rrl: 114.67941698245704
2025-12-21 17:21:02,290 - [DEBUG] - y_true: (1447,) [0 0 0 0 0 1 0 0 0 0 0 0 0 0 0 0 0 1 0 0 0 0 0 0 1 0 0 0 0 0 0 0 0 0 0 0 0
 0 1 1 0]
2025-12-21 17:21:02,449 - [DEBUG] - y_rrl_: (1447,) [0 0 0 0 0 0 0 0 0 0 0 0 0 0 0 0 0 0 0 0 0 0 0 0 1 0 0 0 0 0 0 0 0 0 0 0 0
 0 0 0 0]
2025-12-21 17:21:02,450 - [DEBUG] - y_rrl: (1447, 2) [[ 3.0362933  -2.7271376 ]
 [ 0.41113544 -0.05215086]
 [ 2.4487267  -2.019229  ]
 [ 2.4487267  -2.019229  ]
 [ 2.415763   -2.0794413 ]
 [ 0.2011084   0.17091687]
 [ 3.876772   -3.5059934 ]
 [ 2.21947    -1.7889845 ]
 [ 3.876772   -3.5059934 ]
 [ 2.2171326  -1.7958877 ]
 [ 1.8556209  -1.453311  ]
 [ 2.5466044  -2.1789157 ]
 [ 2.415763   -2.0794413 ]
 [ 3.6832685  -3.3083172 ]
 [ 3.3590355  -3.012082  ]
 [ 3.1606162  -2.8203082 ]
 [ 3.0335038  -2.6343567 ]
 [ 1.5009766  -1.1102027 ]
 [ 0.50462115 -0.10685118]
 [ 1.93099    -1.5253177 ]
 [ 2.4493763  -2.128721  ]
 [ 3.876772   -3.5059934 ]
 [ 2.022349   -1.6787007 ]
 [ 3.165532   -2.8144062 ]
 [-2.492021    2.8578277 ]
 [ 0.94962686 -0.5670118 ]
 [ 2.2238622  -1.8939712 ]
 [ 2.5450017  -2.16671   ]
 [ 2.0902312  -1.7017162 ]
 [ 2.745024   -2.3706899 ]
 [ 3.6832685  -3.3083172 ]
 [ 1.7017336  -1.2950735 ]
 [ 1.5328789  -1.1683664 ]
 [ 1.1782346  -0.8252582 ]
 [ 3.0362933  -2.7271376 ]
 [ 2.21947    -1.7889845 ]
 [ 2.933499   -2.5733523 ]
 [ 2.5450017  -2.16671   ]
 [ 0.52385056 -0.11402769]
 [ 1.1095839  -0.7813669 ]
 [ 2.21947    -1.7889845 ]]
2025-12-21 17:21:02,452 - [INFO] - ------------------------------------------------------------
2025-12-21 17:21:02,452 - [INFO] - On Validation Set:
	Accuracy of RRL  Model: 0.8984105044920525
	F1 Score of RRL  Model: 0.6569281611837171
2025-12-21 17:21:02,458 - [INFO] - On Validation Set:
Performance of  RRL Model: 
[[1257   29]
 [ 118   43]]
              precision    recall  f1-score   support

           0       0.91      0.98      0.94      1286
           1       0.60      0.27      0.37       161

    accuracy                           0.90      1447
   macro avg       0.76      0.62      0.66      1447
weighted avg       0.88      0.90      0.88      1447

2025-12-21 17:21:02,458 - [INFO] - ------------------------------------------------------------
2025-12-21 17:21:03,739 - [INFO] - epoch: 79, loss_rrl: 114.64281828515232
2025-12-21 17:21:04,079 - [DEBUG] - y_true: (1447,) [0 0 0 0 0 1 0 0 0 0 0 0 0 0 0 0 0 1 0 0 0 0 0 0 1 0 0 0 0 0 0 0 0 0 0 0 0
 0 1 1 0]
2025-12-21 17:21:04,238 - [DEBUG] - y_rrl_: (1447,) [0 0 0 0 0 0 0 0 0 0 0 0 0 0 0 0 0 0 0 0 0 0 0 0 1 0 0 0 0 0 0 0 0 0 0 0 0
 0 0 0 0]
2025-12-21 17:21:04,239 - [DEBUG] - y_rrl: (1447, 2) [[ 2.6572201  -2.3577442 ]
 [ 0.97456795 -0.6440833 ]
 [ 2.6806538  -2.2890928 ]
 [ 3.008602   -2.6085012 ]
 [ 2.9880612  -2.6512105 ]
 [ 0.517182   -0.10940833]
 [ 3.5116918  -3.180269  ]
 [ 2.7830064  -2.3819258 ]
 [ 3.8425329  -3.473735  ]
 [ 2.1287537  -1.7099358 ]
 [ 1.3390397  -0.9175433 ]
 [ 2.755748   -2.3383906 ]
 [ 2.5342715  -2.2048786 ]
 [ 2.9857     -2.6586976 ]
 [ 2.9851682  -2.6771529 ]
 [ 3.063687   -2.6820529 ]
 [ 2.6531014  -2.2646806 ]
 [ 1.6778566  -1.2376615 ]
 [ 1.477638   -1.087126  ]
 [ 2.1512375  -1.8119183 ]
 [ 3.1179664  -2.7684557 ]
 [ 3.1837432  -2.8608608 ]
 [ 1.9314476  -1.6621835 ]
 [ 2.4591773  -2.155581  ]
 [-1.7097224   2.0898826 ]
 [ 1.0185356  -0.6432422 ]
 [ 1.6991345  -1.3493636 ]
 [ 2.7871253  -2.4749897 ]
 [ 2.1993117  -1.8183486 ]
 [ 2.6801217  -2.3075483 ]
 [ 3.64449    -3.2715719 ]
 [ 2.2564833  -1.8788091 ]
 [ 1.0081987  -0.6240771 ]
 [ 0.621243   -0.24863471]
 [ 2.9851682  -2.6771529 ]
 [ 2.7830064  -2.3819258 ]
 [ 2.732846   -2.3885865 ]
 [ 2.4591773  -2.155581  ]
 [ 0.517182   -0.10940833]
 [ 2.5268276  -2.1597712 ]
 [ 2.4550583  -2.062517  ]]
2025-12-21 17:21:04,241 - [INFO] - ------------------------------------------------------------
2025-12-21 17:21:04,241 - [INFO] - On Validation Set:
	Accuracy of RRL  Model: 0.9067035245335177
	F1 Score of RRL  Model: 0.6693176104940811
2025-12-21 17:21:04,247 - [INFO] - On Validation Set:
Performance of  RRL Model: 
[[1269   17]
 [ 118   43]]
              precision    recall  f1-score   support

           0       0.91      0.99      0.95      1286
           1       0.72      0.27      0.39       161

    accuracy                           0.91      1447
   macro avg       0.82      0.63      0.67      1447
weighted avg       0.89      0.91      0.89      1447

2025-12-21 17:21:04,247 - [INFO] - ------------------------------------------------------------
2025-12-21 17:21:05,302 - [INFO] - epoch: 80, loss_rrl: 113.63400617986917
2025-12-21 17:21:05,861 - [DEBUG] - y_true: (1447,) [0 0 0 0 0 1 0 0 0 0 0 0 0 0 0 0 0 1 0 0 0 0 0 0 1 0 0 0 0 0 0 0 0 0 0 0 0
 0 1 1 0]
2025-12-21 17:21:06,018 - [DEBUG] - y_rrl_: (1447,) [0 0 0 0 0 1 0 0 0 0 0 0 0 0 0 0 0 0 0 0 0 0 0 0 1 0 0 0 0 0 0 0 0 0 0 0 0
 0 0 0 0]
2025-12-21 17:21:06,018 - [DEBUG] - y_rrl: (1447, 2) [[ 2.8504457  -2.5395052 ]
 [ 0.812658   -0.4825391 ]
 [ 2.817967   -2.4191163 ]
 [ 2.817967   -2.4191163 ]
 [ 2.8504457  -2.5395052 ]
 [ 0.16889092  0.19987972]
 [ 3.8855453  -3.5187228 ]
 [ 2.817967   -2.4191163 ]
 [ 3.8855453  -3.5187228 ]
 [ 1.5844685  -1.1910571 ]
 [ 1.0501957  -0.6711818 ]
 [ 2.2800667  -1.9152386 ]
 [ 3.040959   -2.734087  ]
 [ 3.6950321  -3.3241408 ]
 [ 3.3431559  -2.9993277 ]
 [ 3.6950321  -3.3241408 ]
 [ 2.817967   -2.4191163 ]
 [ 0.8560549  -0.49259797]
 [ 1.8432686  -1.4462388 ]
 [ 2.2755775  -1.8997215 ]
 [ 3.1526427  -2.804746  ]
 [ 3.6950321  -3.3241408 ]
 [ 2.4242291  -2.1062865 ]
 [ 3.1526427  -2.804746  ]
 [-1.7790138   2.1714823 ]
 [ 1.4727845  -1.1203984 ]
 [ 1.9778697  -1.6499981 ]
 [ 3.1526427  -2.804746  ]
 [ 2.706283   -2.348457  ]
 [ 2.4660902  -2.0943034 ]
 [ 3.6950321  -3.3241408 ]
 [ 2.2755775  -1.8997215 ]
 [ 0.74799865 -0.4059412 ]
 [ 0.5538578  -0.22735737]
 [ 3.040959   -2.734087  ]
 [ 2.817967   -2.4191163 ]
 [ 3.3928351  -3.0589    ]
 [ 3.1526427  -2.804746  ]
 [ 0.47108802 -0.06536086]
 [ 2.4323463  -2.1058059 ]
 [ 2.817967   -2.4191163 ]]
2025-12-21 17:21:06,020 - [INFO] - ------------------------------------------------------------
2025-12-21 17:21:06,020 - [INFO] - On Validation Set:
	Accuracy of RRL  Model: 0.9108500345542502
	F1 Score of RRL  Model: 0.7058317377018178
2025-12-21 17:21:06,026 - [INFO] - On Validation Set:
Performance of  RRL Model: 
[[1263   23]
 [ 106   55]]
              precision    recall  f1-score   support

           0       0.92      0.98      0.95      1286
           1       0.71      0.34      0.46       161

    accuracy                           0.91      1447
   macro avg       0.81      0.66      0.71      1447
weighted avg       0.90      0.91      0.90      1447

2025-12-21 17:21:06,026 - [INFO] - ------------------------------------------------------------
2025-12-21 17:21:06,851 - [INFO] - epoch: 81, loss_rrl: 113.56873483024538
2025-12-21 17:21:07,636 - [DEBUG] - y_true: (1447,) [0 0 0 0 0 1 0 0 0 0 0 0 0 0 0 0 0 1 0 0 0 0 0 0 1 0 0 0 0 0 0 0 0 0 0 0 0
 0 1 1 0]
2025-12-21 17:21:07,794 - [DEBUG] - y_rrl_: (1447,) [0 0 0 0 0 1 0 0 0 0 0 0 0 0 0 0 0 0 0 0 0 0 0 0 1 0 0 0 0 0 0 0 0 0 0 0 0
 0 0 0 0]
2025-12-21 17:21:07,794 - [DEBUG] - y_rrl: (1447, 2) [[ 3.0943644  -2.7263544 ]
 [ 1.0749099  -0.67960733]
 [ 1.7872269  -1.3574575 ]
 [ 2.1981895  -1.7941599 ]
 [ 2.8827064  -2.4847107 ]
 [-0.1246529   0.5127711 ]
 [ 3.5053272  -3.1630569 ]
 [ 2.7383842  -2.3117683 ]
 [ 4.0455227  -3.680665  ]
 [ 2.249074   -1.8350652 ]
 [ 1.9185045  -1.5227305 ]
 [ 3.1529453  -2.760333  ]
 [ 2.884014   -2.4907868 ]
 [ 2.5954428  -2.2599573 ]
 [ 3.5053272  -3.1630569 ]
 [ 3.0943644  -2.7263544 ]
 [ 2.7419825  -2.3236306 ]
 [ 2.249074   -1.8350652 ]
 [ 1.3775716  -0.9268313 ]
 [ 1.9021714  -1.5346837 ]
 [ 3.3024237  -2.956136  ]
 [ 2.7983463  -2.4668782 ]
 [ 1.8730642  -1.5413082 ]
 [ 2.891461   -2.5194335 ]
 [-1.3298111   1.7569273 ]
 [ 1.2904692  -0.85210806]
 [ 1.6031078  -1.2993221 ]
 [ 3.0907662  -2.7144923 ]
 [ 2.1050746  -1.7416048 ]
 [ 2.61275    -2.2427247 ]
 [ 3.8426197  -3.4737444 ]
 [ 1.9021714  -1.5346837 ]
 [ 1.0822911  -0.74564594]
 [ 1.4128606  -1.0579809 ]
 [ 3.5053272  -3.1630569 ]
 [ 2.7383842  -2.3117683 ]
 [ 2.8827064  -2.4847107 ]
 [ 2.6798034  -2.2777898 ]
 [ 0.5810205  -0.17733137]
 [ 3.1010869  -2.7247071 ]
 [ 2.3274221  -1.8750658 ]]
2025-12-21 17:21:07,796 - [INFO] - ------------------------------------------------------------
2025-12-21 17:21:07,796 - [INFO] - On Validation Set:
	Accuracy of RRL  Model: 0.9053213545266068
	F1 Score of RRL  Model: 0.6777403345184043
2025-12-21 17:21:07,802 - [INFO] - On Validation Set:
Performance of  RRL Model: 
[[1263   23]
 [ 114   47]]
              precision    recall  f1-score   support

           0       0.92      0.98      0.95      1286
           1       0.67      0.29      0.41       161

    accuracy                           0.91      1447
   macro avg       0.79      0.64      0.68      1447
weighted avg       0.89      0.91      0.89      1447

2025-12-21 17:21:07,802 - [INFO] - ------------------------------------------------------------
2025-12-21 17:21:08,407 - [INFO] - epoch: 82, loss_rrl: 113.71365724503994
2025-12-21 17:21:09,414 - [DEBUG] - y_true: (1447,) [0 0 0 0 0 1 0 0 0 0 0 0 0 0 0 0 0 1 0 0 0 0 0 0 1 0 0 0 0 0 0 0 0 0 0 0 0
 0 1 1 0]
2025-12-21 17:21:09,572 - [DEBUG] - y_rrl_: (1447,) [0 0 0 0 0 1 0 0 0 0 0 0 0 0 0 0 0 0 0 0 0 0 0 0 1 0 0 0 0 0 0 0 0 0 0 0 0
 0 0 0 0]
2025-12-21 17:21:09,573 - [DEBUG] - y_rrl: (1447, 2) [[ 3.3379838  -3.033373  ]
 [ 0.91132766 -0.5541407 ]
 [ 2.3307698  -1.9287789 ]
 [ 2.3307698  -1.9287789 ]
 [ 3.4370618  -3.0665936 ]
 [-0.04382507  0.43014   ]
 [ 3.6367903  -3.2960503 ]
 [ 2.8510823  -2.4269025 ]
 [ 4.1571026  -3.794174  ]
 [ 1.2916298  -0.91620994]
 [ 1.4972119  -1.1257597 ]
 [ 2.55211    -2.1910715 ]
 [ 2.7219021  -2.366793  ]
 [ 3.4312086  -3.0865014 ]
 [ 3.6367903  -3.2960503 ]
 [ 3.6367903  -3.2960503 ]
 [ 3.256393   -2.865909  ]
 [ 0.58734685 -0.24137238]
 [ 1.914417   -1.4916553 ]
 [ 2.3307698  -1.9287789 ]
 [ 3.4312086  -3.0865014 ]
 [ 3.6367903  -3.2960503 ]
 [ 2.7327788  -2.391756  ]
 [ 3.4312086  -3.0865014 ]
 [-2.2581918   2.6174498 ]
 [ 0.58232385 -0.19650212]
 [ 1.7329913  -1.4302711 ]
 [ 3.2314796  -2.8570442 ]
 [ 2.2375457  -1.8756515 ]
 [ 2.7360806  -2.3677857 ]
 [ 3.9515204  -3.584624  ]
 [ 2.3307698  -1.9287789 ]
 [ 1.1984055  -0.8630825 ]
 [ 0.28854048  0.02130473]
 [ 3.3379838  -3.033373  ]
 [ 2.8510823  -2.4269025 ]
 [ 3.1382554  -2.8039165 ]
 [ 3.2314796  -2.8570442 ]
 [ 0.6713343  -0.26966065]
 [ 2.9361687  -2.6167254 ]
 [ 2.8510823  -2.4269025 ]]
2025-12-21 17:21:09,575 - [INFO] - ------------------------------------------------------------
2025-12-21 17:21:09,575 - [INFO] - On Validation Set:
	Accuracy of RRL  Model: 0.9011748445058743
	F1 Score of RRL  Model: 0.6636267725265097
2025-12-21 17:21:09,581 - [INFO] - On Validation Set:
Performance of  RRL Model: 
[[1260   26]
 [ 117   44]]
              precision    recall  f1-score   support

           0       0.92      0.98      0.95      1286
           1       0.63      0.27      0.38       161

    accuracy                           0.90      1447
   macro avg       0.77      0.63      0.66      1447
weighted avg       0.88      0.90      0.88      1447

2025-12-21 17:21:09,581 - [INFO] - ------------------------------------------------------------
2025-12-21 17:21:09,960 - [INFO] - epoch: 83, loss_rrl: 112.86155735142529
2025-12-21 17:21:11,184 - [DEBUG] - y_true: (1447,) [0 0 0 0 0 1 0 0 0 0 0 0 0 0 0 0 0 1 0 0 0 0 0 0 1 0 0 0 0 0 0 0 0 0 0 0 0
 0 1 1 0]
2025-12-21 17:21:11,340 - [DEBUG] - y_rrl_: (1447,) [0 0 0 0 0 0 0 0 0 0 0 0 0 0 0 0 0 0 0 0 0 0 0 0 1 0 0 0 0 0 0 0 0 0 0 0 0
 0 0 0 0]
2025-12-21 17:21:11,340 - [DEBUG] - y_rrl: (1447, 2) [[ 3.0189404  -2.715438  ]
 [ 0.6430375  -0.28741464]
 [ 2.0814931  -1.6815337 ]
 [ 2.0814931  -1.6815337 ]
 [ 2.8522034  -2.5192344 ]
 [ 0.44833505 -0.04867565]
 [ 3.0189404  -2.715438  ]
 [ 2.6198192  -2.1980624 ]
 [ 3.865535   -3.504521  ]
 [ 2.0783153  -1.6690124 ]
 [ 1.0503651  -0.6880407 ]
 [ 2.2539718  -1.8947939 ]
 [ 2.8522034  -2.5192344 ]
 [ 3.1590567  -2.8159194 ]
 [ 3.3272092  -2.9879918 ]
 [ 3.3272092  -2.9879918 ]
 [ 2.954709   -2.5663385 ]
 [ 1.377578   -0.9974678 ]
 [ 1.6520436  -1.2315134 ]
 [ 2.0814931  -1.6815337 ]
 [ 3.1590567  -2.8159194 ]
 [ 3.3272092  -2.9879918 ]
 [ 2.1514661  -1.8476896 ]
 [ 3.1590567  -2.8159194 ]
 [-2.1856692   2.5790281 ]
 [ 1.2331358  -0.8557986 ]
 [ 1.4073766  -1.1057107 ]
 [ 2.9923196  -2.6197162 ]
 [ 2.2496457  -1.853606  ]
 [ 2.4163828  -2.0498095 ]
 [ 3.6973827  -3.3324485 ]
 [ 1.7732241  -1.4089797 ]
 [ 0.20377013  0.10104237]
 [ 0.53098315 -0.20838493]
 [ 3.0189404  -2.715438  ]
 [ 2.6198192  -2.1980624 ]
 [ 2.8522034  -2.5192344 ]
 [ 2.9923196  -2.6197162 ]
 [ 0.44833505 -0.04867565]
 [ 1.1656154  -0.8453378 ]
 [ 2.6198192  -2.1980624 ]]
2025-12-21 17:21:11,342 - [INFO] - ------------------------------------------------------------
2025-12-21 17:21:11,342 - [INFO] - On Validation Set:
	Accuracy of RRL  Model: 0.9046302695231514
	F1 Score of RRL  Model: 0.68885793351034
2025-12-21 17:21:11,348 - [INFO] - On Validation Set:
Performance of  RRL Model: 
[[1257   29]
 [ 109   52]]
              precision    recall  f1-score   support

           0       0.92      0.98      0.95      1286
           1       0.64      0.32      0.43       161

    accuracy                           0.90      1447
   macro avg       0.78      0.65      0.69      1447
weighted avg       0.89      0.90      0.89      1447

2025-12-21 17:21:11,348 - [INFO] - ------------------------------------------------------------
2025-12-21 17:21:11,504 - [INFO] - epoch: 84, loss_rrl: 112.29486452974379
2025-12-21 17:21:13,043 - [INFO] - epoch: 85, loss_rrl: 111.79037884809077
2025-12-21 17:21:13,128 - [DEBUG] - y_true: (1447,) [0 0 0 0 0 1 0 0 0 0 0 0 0 0 0 0 0 1 0 0 0 0 0 0 1 0 0 0 0 0 0 0 0 0 0 0 0
 0 1 1 0]
2025-12-21 17:21:13,291 - [DEBUG] - y_rrl_: (1447,) [0 0 0 0 0 0 0 0 0 0 0 0 0 0 0 0 0 0 0 0 0 0 0 0 1 0 0 0 0 0 0 0 0 0 0 0 0
 0 0 0 0]
2025-12-21 17:21:13,291 - [DEBUG] - y_rrl: (1447, 2) [[ 3.1200187  -2.817616  ]
 [ 0.4170151  -0.0955667 ]
 [ 2.4316125  -2.0448859 ]
 [ 2.4316125  -2.0448859 ]
 [ 2.2027764  -1.9174888 ]
 [ 0.4372474  -0.07583274]
 [ 3.6442358  -3.320425  ]
 [ 2.6589193  -2.2731345 ]
 [ 3.9595976  -3.6004846 ]
 [ 2.150847   -1.7438744 ]
 [ 1.8365182  -1.4471165 ]
 [ 2.3153489  -1.9580191 ]
 [ 2.692396   -2.3934114 ]
 [ 2.9793255  -2.6653376 ]
 [ 3.1200187  -2.817616  ]
 [ 3.9595976  -3.6004846 ]
 [ 2.7722137  -2.4005802 ]
 [ 1.4316694  -1.0536392 ]
 [ 1.6788613  -1.2941098 ]
 [ 1.5920337  -1.2620171 ]
 [ 3.2600899  -2.9185107 ]
 [ 3.6442358  -3.320425  ]
 [ 1.9732183  -1.703176  ]
 [ 2.4551086  -2.162528  ]
 [-2.4725897   2.8286338 ]
 [ 1.2862431  -0.94421494]
 [ 1.9999871  -1.6779597 ]
 [ 2.5171049  -2.2142467 ]
 [ 2.5188482  -2.1722393 ]
 [ 2.5103095  -2.1454458 ]
 [ 3.7843065  -3.4213197 ]
 [ 1.8193408  -1.4902654 ]
 [ 1.5211564  -1.1670569 ]
 [ 1.3436147  -1.0018281 ]
 [ 3.1200187  -2.817616  ]
 [ 2.6589193  -2.2731345 ]
 [ 3.2166126  -2.8962207 ]
 [ 2.5171049  -2.2142467 ]
 [ 0.52530223 -0.12764393]
 [ 1.243288   -0.9245583 ]
 [ 2.6589193  -2.2731345 ]]
2025-12-21 17:21:13,293 - [INFO] - ------------------------------------------------------------
2025-12-21 17:21:13,293 - [INFO] - On Validation Set:
	Accuracy of RRL  Model: 0.899101589495508
	F1 Score of RRL  Model: 0.6408818929761338
2025-12-21 17:21:13,299 - [INFO] - On Validation Set:
Performance of  RRL Model: 
[[1264   22]
 [ 124   37]]
              precision    recall  f1-score   support

           0       0.91      0.98      0.95      1286
           1       0.63      0.23      0.34       161

    accuracy                           0.90      1447
   macro avg       0.77      0.61      0.64      1447
weighted avg       0.88      0.90      0.88      1447

2025-12-21 17:21:13,299 - [INFO] - ------------------------------------------------------------
2025-12-21 17:21:14,666 - [INFO] - epoch: 86, loss_rrl: 112.18143633753061
2025-12-21 17:21:14,988 - [DEBUG] - y_true: (1447,) [0 0 0 0 0 1 0 0 0 0 0 0 0 0 0 0 0 1 0 0 0 0 0 0 1 0 0 0 0 0 0 0 0 0 0 0 0
 0 1 1 0]
2025-12-21 17:21:15,154 - [DEBUG] - y_rrl_: (1447,) [0 0 0 0 0 0 0 0 0 0 0 0 0 0 0 0 0 0 0 0 0 0 0 0 1 0 0 0 0 0 0 0 0 0 0 0 0
 0 0 0 0]
2025-12-21 17:21:15,154 - [DEBUG] - y_rrl: (1447, 2) [[ 3.1109157  -2.809607  ]
 [ 1.0510871  -0.7284359 ]
 [ 3.1187644  -2.7316759 ]
 [ 3.1187644  -2.7316759 ]
 [ 3.1109157  -2.809607  ]
 [ 0.25765222  0.10313265]
 [ 3.6689167  -3.3465822 ]
 [ 2.8904057  -2.502383  ]
 [ 3.9948926  -3.637662  ]
 [ 2.2034078  -1.7987387 ]
 [ 1.8897669  -1.5024588 ]
 [ 3.2913957  -2.9081361 ]
 [ 1.9590715  -1.6115555 ]
 [ 3.1187644  -2.7316759 ]
 [ 2.7333941  -2.3711612 ]
 [ 3.2913957  -2.9081361 ]
 [ 3.063037   -2.6788435 ]
 [ 2.2034078  -1.7987387 ]
 [ 1.8840573  -1.496882  ]
 [ 2.560763   -2.1947005 ]
 [ 3.2642603  -2.9242263 ]
 [ 3.2913957  -2.9081361 ]
 [ 2.3755627  -2.1029482 ]
 [ 2.560763   -2.1947005 ]
 [-1.2546946   1.6176722 ]
 [ 1.0437145  -0.67861825]
 [ 2.2300668  -1.9103975 ]
 [ 2.560763   -2.1947005 ]
 [ 3.063037   -2.6788435 ]
 [ 2.7333941  -2.3711612 ]
 [ 3.8222618  -3.4612017 ]
 [ 2.006428   -1.6743281 ]
 [ 2.050063   -1.6841192 ]
 [ 1.1420785  -0.80100006]
 [ 3.1109157  -2.809607  ]
 [ 2.8904057  -2.502383  ]
 [ 3.6689167  -3.3465822 ]
 [ 2.560763   -2.1947005 ]
 [ 0.58362824 -0.18794705]
 [ 2.8051243  -2.435396  ]
 [ 2.8904057  -2.502383  ]]
2025-12-21 17:21:15,156 - [INFO] - ------------------------------------------------------------
2025-12-21 17:21:15,157 - [INFO] - On Validation Set:
	Accuracy of RRL  Model: 0.9011748445058743
	F1 Score of RRL  Model: 0.6105448994841044
2025-12-21 17:21:15,162 - [INFO] - On Validation Set:
Performance of  RRL Model: 
[[1277    9]
 [ 134   27]]
              precision    recall  f1-score   support

           0       0.91      0.99      0.95      1286
           1       0.75      0.17      0.27       161

    accuracy                           0.90      1447
   macro avg       0.83      0.58      0.61      1447
weighted avg       0.89      0.90      0.87      1447

2025-12-21 17:21:15,163 - [INFO] - ------------------------------------------------------------
2025-12-21 17:21:16,334 - [INFO] - epoch: 87, loss_rrl: 113.20199073664844
2025-12-21 17:21:16,906 - [DEBUG] - y_true: (1447,) [0 0 0 0 0 1 0 0 0 0 0 0 0 0 0 0 0 1 0 0 0 0 0 0 1 0 0 0 0 0 0 0 0 0 0 0 0
 0 1 1 0]
2025-12-21 17:21:17,073 - [DEBUG] - y_rrl_: (1447,) [0 0 0 0 0 1 0 0 0 0 0 0 0 0 0 0 0 0 0 0 0 0 0 0 1 0 0 0 0 0 0 0 0 1 0 0 0
 0 0 0 0]
2025-12-21 17:21:17,073 - [DEBUG] - y_rrl: (1447, 2) [[ 3.1968105  -2.8583152 ]
 [ 1.7975745  -1.466618  ]
 [ 2.817728   -2.431815  ]
 [ 2.817728   -2.431815  ]
 [ 3.1968105  -2.8583152 ]
 [ 0.1671192   0.1921126 ]
 [ 3.9247506  -3.5693927 ]
 [ 2.817728   -2.431815  ]
 [ 3.9247506  -3.5693927 ]
 [ 1.0906348  -0.72226197]
 [ 1.0906348  -0.72226197]
 [ 2.9763598  -2.6485276 ]
 [ 3.3706448  -3.0359344 ]
 [ 3.0350847  -2.6500978 ]
 [ 3.3706448  -3.0359344 ]
 [ 3.0350847  -2.6500978 ]
 [ 2.817728   -2.431815  ]
 [ 0.3596008  -0.01968008]
 [ 1.8127761  -1.4275249 ]
 [ 2.2636213  -1.898357  ]
 [ 3.1968105  -2.8583152 ]
 [ 3.0350847  -2.6500978 ]
 [ 2.4657764  -2.1557333 ]
 [ 3.1968105  -2.8583152 ]
 [-0.77813214  1.1681339 ]
 [ 1.9803011  -1.6415569 ]
 [ 1.9483728  -1.6291904 ]
 [ 3.1968105  -2.8583152 ]
 [ 2.679407   -2.3317726 ]
 [ 3.1532881  -2.8176515 ]
 [ 3.7509162  -3.3917735 ]
 [ 2.2636213  -1.898357  ]
 [ 0.77847946 -0.44460025]
 [ 0.04744551  0.25798166]
 [ 3.3706448  -3.0359344 ]
 [ 3.5335598  -3.1734903 ]
 [ 3.7509162  -3.3917735 ]
 [ 3.1968105  -2.8583152 ]
 [ 0.4792745  -0.08554914]
 [ 1.468272   -1.1330459 ]
 [ 2.817728   -2.431815  ]]
2025-12-21 17:21:17,075 - [INFO] - ------------------------------------------------------------
2025-12-21 17:21:17,075 - [INFO] - On Validation Set:
	Accuracy of RRL  Model: 0.9067035245335177
	F1 Score of RRL  Model: 0.6967601324447797
2025-12-21 17:21:17,081 - [INFO] - On Validation Set:
Performance of  RRL Model: 
[[1258   28]
 [ 107   54]]
              precision    recall  f1-score   support

           0       0.92      0.98      0.95      1286
           1       0.66      0.34      0.44       161

    accuracy                           0.91      1447
   macro avg       0.79      0.66      0.70      1447
weighted avg       0.89      0.91      0.89      1447

2025-12-21 17:21:17,081 - [INFO] - ------------------------------------------------------------
2025-12-21 17:21:18,000 - [INFO] - epoch: 88, loss_rrl: 111.3042958881706
2025-12-21 17:21:18,800 - [DEBUG] - y_true: (1447,) [0 0 0 0 0 1 0 0 0 0 0 0 0 0 0 0 0 1 0 0 0 0 0 0 1 0 0 0 0 0 0 0 0 0 0 0 0
 0 1 1 0]
2025-12-21 17:21:18,964 - [DEBUG] - y_rrl_: (1447,) [0 0 0 0 0 1 0 0 0 0 0 0 0 0 0 0 0 0 0 0 0 0 0 0 1 0 0 0 0 0 0 0 0 0 0 0 0
 0 1 0 0]
2025-12-21 17:21:18,964 - [DEBUG] - y_rrl: (1447, 2) [[ 3.4499085  -3.1129432 ]
 [ 0.934818   -0.52772945]
 [ 2.116265   -1.7007653 ]
 [ 2.116265   -1.7007653 ]
 [ 3.0419328  -2.6530101 ]
 [-0.05961564  0.43709123]
 [ 3.6452744  -3.3120496 ]
 [ 2.6643388  -2.2285633 ]
 [ 4.193349   -3.8398478 ]
 [ 2.370528   -1.9704018 ]
 [ 1.9042761  -1.5173576 ]
 [ 2.5331128  -2.1812441 ]
 [ 2.7904184  -2.3854382 ]
 [ 3.140024   -2.8371546 ]
 [ 3.6452744  -3.3120496 ]
 [ 3.4499085  -3.1129432 ]
 [ 3.0723145  -2.6884966 ]
 [ 1.6359608  -1.2640436 ]
 [ 1.6693852  -1.2340878 ]
 [ 1.8063804  -1.4249766 ]
 [ 3.4499085  -3.1129432 ]
 [ 3.140024   -2.8371546 ]
 [ 1.9974812  -1.6708632 ]
 [ 3.4499085  -3.1129432 ]
 [-1.9899389   2.3753746 ]
 [ 1.162964   -0.7150987 ]
 [ 1.6751541  -1.377657  ]
 [ 3.0419328  -2.6530101 ]
 [ 2.001746   -1.6240823 ]
 [ 2.7196057  -2.359804  ]
 [ 3.9979832  -3.6407418 ]
 [ 1.8063804  -1.4249766 ]
 [ 1.5125692  -1.166815  ]
 [ 0.778002   -0.46045667]
 [ 3.6452744  -3.3120496 ]
 [ 2.6643388  -2.2285633 ]
 [ 3.0419328  -2.6530101 ]
 [ 3.0419328  -2.6530101 ]
 [-0.03741834  0.40098342]
 [ 2.7971637  -2.481339  ]
 [ 2.6643388  -2.2285633 ]]
2025-12-21 17:21:18,966 - [INFO] - ------------------------------------------------------------
2025-12-21 17:21:18,966 - [INFO] - On Validation Set:
	Accuracy of RRL  Model: 0.9039391845196959
	F1 Score of RRL  Model: 0.6781176734174582
2025-12-21 17:21:18,972 - [INFO] - On Validation Set:
Performance of  RRL Model: 
[[1260   26]
 [ 113   48]]
              precision    recall  f1-score   support

           0       0.92      0.98      0.95      1286
           1       0.65      0.30      0.41       161

    accuracy                           0.90      1447
   macro avg       0.78      0.64      0.68      1447
weighted avg       0.89      0.90      0.89      1447

2025-12-21 17:21:18,972 - [INFO] - ------------------------------------------------------------
2025-12-21 17:21:19,678 - [INFO] - epoch: 89, loss_rrl: 111.5428635533899
2025-12-21 17:21:20,715 - [DEBUG] - y_true: (1447,) [0 0 0 0 0 1 0 0 0 0 0 0 0 0 0 0 0 1 0 0 0 0 0 0 1 0 0 0 0 0 0 0 0 0 0 0 0
 0 1 1 0]
2025-12-21 17:21:20,879 - [DEBUG] - y_rrl_: (1447,) [0 0 0 0 0 1 0 0 0 0 0 0 0 0 0 0 0 0 0 0 0 0 0 0 1 0 0 0 0 0 0 0 0 0 0 0 0
 0 0 0 0]
2025-12-21 17:21:20,880 - [DEBUG] - y_rrl: (1447, 2) [[ 2.8890576  -2.5671008 ]
 [ 0.62545115 -0.33228105]
 [ 2.3427238  -1.9636874 ]
 [ 2.6576502  -2.3025215 ]
 [ 2.9257963  -2.596742  ]
 [-0.17918293  0.5549253 ]
 [ 3.7621827  -3.444233  ]
 [ 2.6576502  -2.3025215 ]
 [ 4.0704923  -3.7188401 ]
 [ 1.6833166  -1.3053434 ]
 [ 0.693591   -0.3603288 ]
 [ 2.407902   -2.057832  ]
 [ 1.7728502  -1.4563203 ]
 [ 2.5242186  -2.1531913 ]
 [ 2.4848695  -2.161346  ]
 [ 3.036451   -2.635418  ]
 [ 2.8182182  -2.4162734 ]
 [ 0.958074   -0.6080683 ]
 [ 1.3440768  -0.96532947]
 [ 1.7911425  -1.4896154 ]
 [ 3.3083704  -2.972922  ]
 [ 2.7281418  -2.3608108 ]
 [ 1.8922441  -1.6248595 ]
 [ 1.9660201  -1.6148925 ]
 [-2.4170284   2.7668192 ]
 [ 0.86691093 -0.5333305 ]
 [ 2.0995927  -1.7832248 ]
 [ 2.0093756  -1.70876   ]
 [ 2.5532641  -2.235534  ]
 [ 2.5749462  -2.2168083 ]
 [ 3.8665688  -3.5112205 ]
 [ 2.0994518  -1.7642226 ]
 [ 0.8536879  -0.54108053]
 [ 0.6497647  -0.3334611 ]
 [ 3.2039843  -2.9059348 ]
 [ 2.6576502  -2.3025215 ]
 [ 3.1756854  -2.8604333 ]
 [ 1.6944492  -1.369926  ]
 [ 0.5695749  -0.17974101]
 [ 0.33019966  0.03183488]
 [ 2.3427238  -1.9636874 ]]
2025-12-21 17:21:20,882 - [INFO] - ------------------------------------------------------------
2025-12-21 17:21:20,882 - [INFO] - On Validation Set:
	Accuracy of RRL  Model: 0.899101589495508
	F1 Score of RRL  Model: 0.6826868774257117
2025-12-21 17:21:20,888 - [INFO] - On Validation Set:
Performance of  RRL Model: 
[[1248   38]
 [ 108   53]]
              precision    recall  f1-score   support

           0       0.92      0.97      0.94      1286
           1       0.58      0.33      0.42       161

    accuracy                           0.90      1447
   macro avg       0.75      0.65      0.68      1447
weighted avg       0.88      0.90      0.89      1447

2025-12-21 17:21:20,888 - [INFO] - ------------------------------------------------------------
2025-12-21 17:21:21,312 - [INFO] - epoch: 90, loss_rrl: 111.30631443671882
2025-12-21 17:21:22,560 - [DEBUG] - y_true: (1447,) [0 0 0 0 0 1 0 0 0 0 0 0 0 0 0 0 0 1 0 0 0 0 0 0 1 0 0 0 0 0 0 0 0 0 0 0 0
 0 1 1 0]
2025-12-21 17:21:22,723 - [DEBUG] - y_rrl_: (1447,) [0 0 0 0 0 1 0 0 0 0 0 0 0 0 0 0 0 0 0 0 0 0 0 0 1 0 0 0 0 0 0 0 0 1 0 0 0
 0 0 0 0]
2025-12-21 17:21:22,724 - [DEBUG] - y_rrl: (1447, 2) [[ 3.0921326  -2.7951608 ]
 [ 0.54440117 -0.2522671 ]
 [ 2.5692725  -2.2159934 ]
 [ 2.5692725  -2.2159934 ]
 [ 2.8249493  -2.554359  ]
 [ 0.16189265  0.19270168]
 [ 3.6477194  -3.3312197 ]
 [ 2.5692725  -2.2159934 ]
 [ 3.9523296  -3.6025171 ]
 [ 1.1549753  -0.7917621 ]
 [ 0.60972613 -0.27789238]
 [ 2.2912068  -1.9429259 ]
 [ 2.102507   -1.8066251 ]
 [ 3.0512395  -2.6724834 ]
 [ 2.6743011  -2.3187242 ]
 [ 3.2298875  -2.854783  ]
 [ 3.0151038  -2.6390953 ]
 [ 0.43107828 -0.09559236]
 [ 1.5729082  -1.2197344 ]
 [ 2.0136857  -1.6799351 ]
 [ 3.2180948  -2.8841581 ]
 [ 3.2298875  -2.854783  ]
 [ 2.1010523  -1.8581891 ]
 [ 2.4956532  -2.1364245 ]
 [-2.5237246   2.871975  ]
 [ 0.7618294  -0.46196282]
 [ 1.986597   -1.6716282 ]
 [ 2.2284694  -1.8956227 ]
 [ 2.74792    -2.398294  ]
 [ 2.4595175  -2.1030364 ]
 [ 3.7736816  -3.420217  ]
 [ 1.7090757  -1.4086375 ]
 [ 0.30511612 -0.00659482]
 [ 0.1264683   0.17570521]
 [ 3.0921326  -2.7951608 ]
 [ 2.5692725  -2.2159934 ]
 [ 3.3805356  -3.0904179 ]
 [ 2.2284694  -1.8956227 ]
 [ 0.46650264 -0.07859589]
 [ 0.53387064 -0.19742276]
 [ 2.5692725  -2.2159934 ]]
2025-12-21 17:21:22,726 - [INFO] - ------------------------------------------------------------
2025-12-21 17:21:22,726 - [INFO] - On Validation Set:
	Accuracy of RRL  Model: 0.9018659295093296
	F1 Score of RRL  Model: 0.6822239406124343
2025-12-21 17:21:22,732 - [INFO] - On Validation Set:
Performance of  RRL Model: 
[[1254   32]
 [ 110   51]]
              precision    recall  f1-score   support

           0       0.92      0.98      0.95      1286
           1       0.61      0.32      0.42       161

    accuracy                           0.90      1447
   macro avg       0.77      0.65      0.68      1447
weighted avg       0.89      0.90      0.89      1447

2025-12-21 17:21:22,732 - [INFO] - ------------------------------------------------------------
2025-12-21 17:21:22,931 - [INFO] - epoch: 91, loss_rrl: 111.62534350715578
2025-12-21 17:21:24,384 - [INFO] - epoch: 92, loss_rrl: 111.27409238740802
2025-12-21 17:21:24,436 - [DEBUG] - y_true: (1447,) [0 0 0 0 0 1 0 0 0 0 0 0 0 0 0 0 0 1 0 0 0 0 0 0 1 0 0 0 0 0 0 0 0 0 0 0 0
 0 1 1 0]
2025-12-21 17:21:24,599 - [DEBUG] - y_rrl_: (1447,) [0 0 0 0 0 0 0 0 0 0 0 0 0 0 0 0 0 0 0 0 0 0 0 0 1 0 0 0 0 0 0 0 0 0 0 0 0
 0 0 0 0]
2025-12-21 17:21:24,599 - [DEBUG] - y_rrl: (1447, 2) [[ 3.0652032  -2.7693102 ]
 [ 0.72801983 -0.41076046]
 [ 2.8356166  -2.4580133 ]
 [ 2.8356166  -2.4580133 ]
 [ 2.6396441  -2.356486  ]
 [ 0.3277197   0.0244558 ]
 [ 3.6178012  -3.3027456 ]
 [ 3.0389197  -2.6622133 ]
 [ 3.9591572  -3.6111708 ]
 [ 1.2201182  -0.85861284]
 [ 1.4149331  -1.057036  ]
 [ 2.2992256  -1.9527202 ]
 [ 2.3397806  -2.0187762 ]
 [ 2.2720046  -1.9409642 ]
 [ 2.3397806  -2.0187762 ]
 [ 3.2337344  -2.8606365 ]
 [ 2.8081756  -2.4478126 ]
 [ 0.48891252 -0.15489648]
 [ 2.0038846  -1.6271021 ]
 [ 1.9416628  -1.6161528 ]
 [ 3.2117443  -2.8793123 ]
 [ 2.8923783  -2.5522113 ]
 [ 2.3339975  -2.065594  ]
 [ 1.7194066  -1.4075289 ]
 [-2.6018612   2.9485881 ]
 [ 1.2768801  -0.952811  ]
 [ 1.9578696  -1.644295  ]
 [ 2.144966   -1.820353  ]
 [ 2.8923783  -2.5522113 ]
 [ 2.4778333  -2.1230013 ]
 [ 3.7643425  -3.4127476 ]
 [ 2.144966   -1.820353  ]
 [ 1.073577   -0.7486109 ]
 [ 0.35085958 -0.05067147]
 [ 3.0652032  -2.7693102 ]
 [ 3.0389197  -2.6622133 ]
 [ 3.6178012  -3.3027456 ]
 [ 2.144966   -1.820353  ]
 [ 0.4657727  -0.07976918]
 [ 0.56433517 -0.22955625]
 [ 3.0389197  -2.6622133 ]]
2025-12-21 17:21:24,601 - [INFO] - ------------------------------------------------------------
2025-12-21 17:21:24,601 - [INFO] - On Validation Set:
	Accuracy of RRL  Model: 0.9067035245335177
	F1 Score of RRL  Model: 0.677333835473209
2025-12-21 17:21:24,607 - [INFO] - On Validation Set:
Performance of  RRL Model: 
[[1266   20]
 [ 115   46]]
              precision    recall  f1-score   support

           0       0.92      0.98      0.95      1286
           1       0.70      0.29      0.41       161

    accuracy                           0.91      1447
   macro avg       0.81      0.64      0.68      1447
weighted avg       0.89      0.91      0.89      1447

2025-12-21 17:21:24,607 - [INFO] - ------------------------------------------------------------
2025-12-21 17:21:26,012 - [INFO] - epoch: 93, loss_rrl: 111.78601823560894
2025-12-21 17:21:26,292 - [DEBUG] - y_true: (1447,) [0 0 0 0 0 1 0 0 0 0 0 0 0 0 0 0 0 1 0 0 0 0 0 0 1 0 0 0 0 0 0 0 0 0 0 0 0
 0 1 1 0]
2025-12-21 17:21:26,457 - [DEBUG] - y_rrl_: (1447,) [0 0 0 0 0 1 0 0 0 0 0 0 0 0 0 0 0 0 0 0 0 0 0 0 1 0 0 0 0 0 0 0 0 0 0 0 0
 0 0 0 0]
2025-12-21 17:21:26,457 - [DEBUG] - y_rrl: (1447, 2) [[ 2.7654068  -2.467024  ]
 [ 0.7903665  -0.47524568]
 [ 2.9343443  -2.5596702 ]
 [ 2.9343443  -2.5596702 ]
 [ 2.3557792  -2.0699794 ]
 [ 0.16869235  0.18198922]
 [ 3.4977205  -3.1841013 ]
 [ 2.9343443  -2.5596702 ]
 [ 3.8510995  -3.5049245 ]
 [ 1.1107811  -0.75096774]
 [ 1.1107811  -0.75096774]
 [ 3.1097422  -2.7386339 ]
 [ 2.1994476  -1.8796976 ]
 [ 2.5247166  -2.1626258 ]
 [ 2.5528266  -2.2005208 ]
 [ 2.9343443  -2.5596702 ]
 [ 2.5247166  -2.1626258 ]
 [ 1.1107811  -0.75096774]
 [ 1.8861151  -1.511184  ]
 [ 2.3774285  -2.0215569 ]
 [ 3.1187859  -2.7878473 ]
 [ 2.9343443  -2.5596702 ]
 [ 2.0230374  -1.7519089 ]
 [ 1.967801   -1.6245124 ]
 [-2.0259783   2.398462  ]
 [ 1.1379241  -0.8151226 ]
 [ 2.0139937  -1.7026957 ]
 [ 2.3774285  -2.0215569 ]
 [ 3.1097422  -2.7386339 ]
 [ 2.5528266  -2.2005208 ]
 [ 3.6757016  -3.3259609 ]
 [ 2.0240495  -1.7007337 ]
 [ 0.7574019  -0.43014452]
 [ 0.22015673  0.07895634]
 [ 2.940805   -2.6459877 ]
 [ 2.9343443  -2.5596702 ]
 [ 3.3223226  -3.0051377 ]
 [ 2.3774285  -2.0215569 ]
 [ 0.3169473   0.06718034]
 [ 1.0264841  -0.6625407 ]
 [ 2.9343443  -2.5596702 ]]
2025-12-21 17:21:26,459 - [INFO] - ------------------------------------------------------------
2025-12-21 17:21:26,459 - [INFO] - On Validation Set:
	Accuracy of RRL  Model: 0.9087767795438839
	F1 Score of RRL  Model: 0.7067828457740771
2025-12-21 17:21:26,465 - [INFO] - On Validation Set:
Performance of  RRL Model: 
[[1258   28]
 [ 104   57]]
              precision    recall  f1-score   support

           0       0.92      0.98      0.95      1286
           1       0.67      0.35      0.46       161

    accuracy                           0.91      1447
   macro avg       0.80      0.67      0.71      1447
weighted avg       0.90      0.91      0.90      1447

2025-12-21 17:21:26,465 - [INFO] - ------------------------------------------------------------
2025-12-21 17:21:27,702 - [INFO] - epoch: 94, loss_rrl: 111.67976065911353
2025-12-21 17:21:28,228 - [DEBUG] - y_true: (1447,) [0 0 0 0 0 1 0 0 0 0 0 0 0 0 0 0 0 1 0 0 0 0 0 0 1 0 0 0 0 0 0 0 0 0 0 0 0
 0 1 1 0]
2025-12-21 17:21:28,391 - [DEBUG] - y_rrl_: (1447,) [0 0 0 0 0 1 0 0 0 0 0 0 0 0 0 0 0 0 0 0 0 0 0 0 1 0 0 0 0 0 0 0 0 1 0 0 0
 0 0 0 0]
2025-12-21 17:21:28,392 - [DEBUG] - y_rrl: (1447, 2) [[ 3.0135844  -2.7198224 ]
 [ 0.87502176 -0.5611177 ]
 [ 2.9913468  -2.6186633 ]
 [ 2.9913468  -2.6186633 ]
 [ 3.35676    -3.0308096 ]
 [ 0.01902239  0.3310789 ]
 [ 3.5583127  -3.246102  ]
 [ 2.7960796  -2.422513  ]
 [ 3.9014883  -3.5570893 ]
 [ 1.1767167  -0.818555  ]
 [ 1.3371478  -0.9825119 ]
 [ 2.3974538  -2.0553215 ]
 [ 2.2638738  -1.9453535 ]
 [ 2.6481712  -2.307676  ]
 [ 2.2638738  -1.9453535 ]
 [ 3.1517777  -2.7826202 ]
 [ 2.9565105  -2.5864697 ]
 [ 0.42239267 -0.09125635]
 [ 1.777254   -1.4032533 ]
 [ 2.103443   -1.7813964 ]
 [ 3.196329   -2.8668528 ]
 [ 2.808602   -2.471633  ]
 [ 2.2592604  -1.9925237 ]
 [ 2.103443   -1.7813964 ]
 [-1.9646143   2.3353972 ]
 [ 0.99397206 -0.6715245 ]
 [ 2.0542781  -1.7443342 ]
 [ 2.103443   -1.7813964 ]
 [ 2.6133347  -2.2754824 ]
 [ 2.6070495  -2.2563407 ]
 [ 3.7410574  -3.3931324 ]
 [ 2.2513509  -1.8962334 ]
 [ 0.99397206 -0.6715245 ]
 [ 0.07921691  0.21973097]
 [ 3.0135844  -2.7198224 ]
 [ 2.7960796  -2.422513  ]
 [ 3.5583127  -3.246102  ]
 [ 2.103443   -1.7813964 ]
 [ 0.36219817  0.02009156]
 [ 1.6127343  -1.2904662 ]
 [ 2.7960796  -2.422513  ]]
2025-12-21 17:21:28,394 - [INFO] - ------------------------------------------------------------
2025-12-21 17:21:28,394 - [INFO] - On Validation Set:
	Accuracy of RRL  Model: 0.9129232895646164
	F1 Score of RRL  Model: 0.7319141052334404
2025-12-21 17:21:28,402 - [INFO] - On Validation Set:
Performance of  RRL Model: 
[[1255   31]
 [  95   66]]
              precision    recall  f1-score   support

           0       0.93      0.98      0.95      1286
           1       0.68      0.41      0.51       161

    accuracy                           0.91      1447
   macro avg       0.81      0.69      0.73      1447
weighted avg       0.90      0.91      0.90      1447

2025-12-21 17:21:28,402 - [INFO] - ------------------------------------------------------------
2025-12-21 17:21:29,317 - [INFO] - epoch: 95, loss_rrl: 112.38471518456936
2025-12-21 17:21:30,090 - [DEBUG] - y_true: (1447,) [0 0 0 0 0 1 0 0 0 0 0 0 0 0 0 0 0 1 0 0 0 0 0 0 1 0 0 0 0 0 0 0 0 0 0 0 0
 0 1 1 0]
2025-12-21 17:21:30,259 - [DEBUG] - y_rrl_: (1447,) [0 0 0 0 0 1 0 0 0 0 0 0 0 0 0 0 0 0 0 0 0 0 0 0 1 0 0 0 0 0 0 0 0 0 0 0 0
 0 1 0 0]
2025-12-21 17:21:30,259 - [DEBUG] - y_rrl: (1447, 2) [[ 3.0840433  -2.7633684 ]
 [ 1.313328   -0.9679354 ]
 [ 2.1754892  -1.8293548 ]
 [ 2.519768   -2.1662889 ]
 [ 3.0840433  -2.7633684 ]
 [-0.23754081  0.6048802 ]
 [ 3.5799358  -3.255403  ]
 [ 3.0541031  -2.6825209 ]
 [ 4.1142707  -3.771634  ]
 [ 1.428191   -1.0716734 ]
 [ 1.428191   -1.0716734 ]
 [ 2.4602482  -2.1189477 ]
 [ 3.1189644  -2.775723  ]
 [ 3.0840433  -2.7633684 ]
 [ 3.5799358  -3.255403  ]
 [ 3.0840433  -2.7633684 ]
 [ 2.7098243  -2.3455865 ]
 [ 0.6827223  -0.35299984]
 [ 1.7145177  -1.3496746 ]
 [ 2.519768   -2.1662889 ]
 [ 3.428322   -3.1003025 ]
 [ 3.0840433  -2.7633684 ]
 [ 2.0029058  -1.7408472 ]
 [ 3.0840433  -2.7633684 ]
 [-2.1428745   2.5169902 ]
 [ 1.1188334  -0.74709374]
 [ 1.590245   -1.2988683 ]
 [ 3.428322   -3.1003025 ]
 [ 2.6713822  -2.3213894 ]
 [ 2.6713822  -2.3213894 ]
 [ 3.9626567  -3.6165338 ]
 [ 2.1840997  -1.8624412 ]
 [ 1.0925225  -0.7678254 ]
 [ 0.3470538  -0.04915195]
 [ 3.5799358  -3.255403  ]
 [ 3.0541031  -2.6825209 ]
 [ 3.0840433  -2.7633684 ]
 [ 3.0840433  -2.7633684 ]
 [-0.18636957  0.54002565]
 [ 2.4331415  -2.1334443 ]
 [ 2.7098243  -2.3455865 ]]
2025-12-21 17:21:30,261 - [INFO] - ------------------------------------------------------------
2025-12-21 17:21:30,261 - [INFO] - On Validation Set:
	Accuracy of RRL  Model: 0.9046302695231514
	F1 Score of RRL  Model: 0.68885793351034
2025-12-21 17:21:30,267 - [INFO] - On Validation Set:
Performance of  RRL Model: 
[[1257   29]
 [ 109   52]]
              precision    recall  f1-score   support

           0       0.92      0.98      0.95      1286
           1       0.64      0.32      0.43       161

    accuracy                           0.90      1447
   macro avg       0.78      0.65      0.69      1447
weighted avg       0.89      0.90      0.89      1447

2025-12-21 17:21:30,267 - [INFO] - ------------------------------------------------------------
2025-12-21 17:21:31,108 - [INFO] - epoch: 96, loss_rrl: 111.95530163682997
2025-12-21 17:21:32,073 - [DEBUG] - y_true: (1447,) [0 0 0 0 0 1 0 0 0 0 0 0 0 0 0 0 0 1 0 0 0 0 0 0 1 0 0 0 0 0 0 0 0 0 0 0 0
 0 1 1 0]
2025-12-21 17:21:32,235 - [DEBUG] - y_rrl_: (1447,) [0 0 0 0 0 1 0 0 0 0 0 0 0 0 0 0 0 0 0 0 0 0 0 0 1 0 0 0 0 0 0 0 0 0 0 0 0
 0 0 0 0]
2025-12-21 17:21:32,235 - [DEBUG] - y_rrl: (1447, 2) [[ 3.0614455e+00 -2.7697816e+00]
 [ 8.0256587e-01 -4.9020645e-01]
 [ 2.3512292e+00 -1.9993899e+00]
 [ 2.3512292e+00 -1.9993899e+00]
 [ 3.0614455e+00 -2.7697816e+00]
 [-4.2912641e-01  7.9482496e-01]
 [ 3.0614455e+00 -2.7697816e+00]
 [ 2.8803935e+00 -2.5107861e+00]
 [ 3.9264445e+00 -3.5855622e+00]
 [ 2.2539675e+00 -1.8691832e+00]
 [ 1.9539077e+00 -1.5847087e+00]
 [ 2.3035624e+00 -1.9639680e+00]
 [ 2.5896153e+00 -2.2794158e+00]
 [ 2.8972783e+00 -2.6021659e+00]
 [ 3.0614455e+00 -2.7697816e+00]
 [ 3.3972805e+00 -3.0741661e+00]
 [ 3.0445604e+00 -2.6784015e+00]
 [ 2.2539675e+00 -1.8691832e+00]
 [ 1.8793987e+00 -1.5090244e+00]
 [ 2.0153942e+00 -1.6950054e+00]
 [ 3.2331133e+00 -2.9065504e+00]
 [ 3.0614455e+00 -2.7697816e+00]
 [ 2.3204474e+00 -2.0553482e+00]
 [ 2.8972783e+00 -2.6021659e+00]
 [-1.9683278e+00  2.3357255e+00]
 [ 1.0813048e+00 -7.3065239e-01]
 [ 1.4385630e+00 -1.1481876e+00]
 [ 2.8972783e+00 -2.6021659e+00]
 [ 2.1795611e+00 -1.8626211e+00]
 [ 2.5153961e+00 -2.1670055e+00]
 [ 3.7622776e+00 -3.4179461e+00]
 [ 2.0153942e+00 -1.6950054e+00]
 [ 1.0889083e+00 -7.6892811e-01]
 [ 1.3889680e+00 -1.0534027e+00]
 [ 3.0614455e+00 -2.7697816e+00]
 [ 2.8803935e+00 -2.5107861e+00]
 [ 3.0614455e+00 -2.7697816e+00]
 [ 2.8972783e+00 -2.6021659e+00]
 [ 3.7853873e-01  7.4870884e-05]
 [ 1.1820191e+00 -8.7813777e-01]
 [ 2.8803935e+00 -2.5107861e+00]]
2025-12-21 17:21:32,237 - [INFO] - ------------------------------------------------------------
2025-12-21 17:21:32,237 - [INFO] - On Validation Set:
	Accuracy of RRL  Model: 0.907394609536973
	F1 Score of RRL  Model: 0.7023401616191388
2025-12-21 17:21:32,243 - [INFO] - On Validation Set:
Performance of  RRL Model: 
[[1257   29]
 [ 105   56]]
              precision    recall  f1-score   support

           0       0.92      0.98      0.95      1286
           1       0.66      0.35      0.46       161

    accuracy                           0.91      1447
   macro avg       0.79      0.66      0.70      1447
weighted avg       0.89      0.91      0.89      1447

2025-12-21 17:21:32,243 - [INFO] - ------------------------------------------------------------
2025-12-21 17:21:32,722 - [INFO] - epoch: 97, loss_rrl: 112.89902437478304
2025-12-21 17:21:33,897 - [DEBUG] - y_true: (1447,) [0 0 0 0 0 1 0 0 0 0 0 0 0 0 0 0 0 1 0 0 0 0 0 0 1 0 0 0 0 0 0 0 0 0 0 0 0
 0 1 1 0]
2025-12-21 17:21:34,055 - [DEBUG] - y_rrl_: (1447,) [0 0 0 0 0 0 0 0 0 0 0 0 0 0 0 0 0 0 0 0 0 0 0 0 1 0 0 0 0 0 0 0 0 0 0 0 0
 0 1 0 0]
2025-12-21 17:21:34,056 - [DEBUG] - y_rrl: (1447, 2) [[ 3.165524   -2.8216133 ]
 [ 0.94038177 -0.6232282 ]
 [ 1.8159745  -1.4686427 ]
 [ 2.1673532  -1.8422294 ]
 [ 2.8374767  -2.5186477 ]
 [ 0.20191568  0.14378357]
 [ 3.5169024  -3.1952    ]
 [ 2.681244   -2.338683  ]
 [ 4.030793   -3.6916533 ]
 [ 1.3643444  -1.0110931 ]
 [ 1.5375085  -1.1876686 ]
 [ 2.4458385  -2.107942  ]
 [ 2.5660014  -2.245152  ]
 [ 2.3695061  -1.9979551 ]
 [ 2.8940487  -2.5481174 ]
 [ 2.5426702  -2.1745305 ]
 [ 2.8310766  -2.4446373 ]
 [ 0.6277277  -0.30081132]
 [ 1.3256197  -0.9599235 ]
 [ 2.1673532  -1.8422294 ]
 [ 3.343738   -3.0186248 ]
 [ 2.5426702  -2.1745305 ]
 [ 1.7855868  -1.5241767 ]
 [ 2.3695061  -1.9979551 ]
 [-2.267694    2.6381598 ]
 [ 1.2094612  -0.8847033 ]
 [ 1.6166742  -1.3272994 ]
 [ 2.3928375  -2.0685763 ]
 [ 2.340517   -2.0188048 ]
 [ 2.6685643  -2.3217704 ]
 [ 3.8576293  -3.5150776 ]
 [ 1.8520796  -1.5580401 ]
 [ 1.222235   -0.90347934]
 [ 0.31245428 -0.01662203]
 [ 3.5169024  -3.1952    ]
 [ 2.681244   -2.338683  ]
 [ 2.8374767  -2.5186477 ]
 [ 2.041459   -1.6949899 ]
 [-0.21942753  0.56987613]
 [ 0.26852438  0.08038283]
 [ 2.329865   -1.9650958 ]]
2025-12-21 17:21:34,058 - [INFO] - ------------------------------------------------------------
2025-12-21 17:21:34,058 - [INFO] - On Validation Set:
	Accuracy of RRL  Model: 0.9004837595024188
	F1 Score of RRL  Model: 0.6516051364365971
2025-12-21 17:21:34,064 - [INFO] - On Validation Set:
Performance of  RRL Model: 
[[1263   23]
 [ 121   40]]
              precision    recall  f1-score   support

           0       0.91      0.98      0.95      1286
           1       0.63      0.25      0.36       161

    accuracy                           0.90      1447
   macro avg       0.77      0.62      0.65      1447
weighted avg       0.88      0.90      0.88      1447

2025-12-21 17:21:34,064 - [INFO] - ------------------------------------------------------------
2025-12-21 17:21:34,287 - [INFO] - epoch: 98, loss_rrl: 112.95707751251757
2025-12-21 17:21:35,680 - [INFO] - epoch: 99, loss_rrl: 110.98305276408792
