2025-12-21 21:26:24,013 - [DEBUG] - y_true: (1447,) [0 0 0 0 0 1 0 0 0 0 0 0 0 0 0 0 0 1 0 0 0 0 0 0 1 0 0 0 0 0 0 0 0 0 0 0 0
 0 1 1 0]
2025-12-21 21:26:24,163 - [DEBUG] - y_rrl_: (1447,) [0 0 0 0 0 0 0 0 0 0 0 0 0 0 0 0 0 0 0 0 0 0 0 0 0 0 0 0 0 0 0 0 0 0 0 0 0
 0 0 0 0]
2025-12-21 21:26:24,164 - [DEBUG] - y_rrl: (1447, 2) [[ 4.1267524 -3.6315672]
 [ 4.1267524 -3.6315672]
 [ 4.1267524 -3.6315672]
 [ 4.1267524 -3.6315672]
 [ 4.1267524 -3.6315672]
 [ 4.1267524 -3.6315672]
 [ 4.1267524 -3.6315672]
 [ 4.1267524 -3.6315672]
 [ 4.1267524 -3.6315672]
 [ 4.1267524 -3.6315672]
 [ 4.1267524 -3.6315672]
 [ 4.1267524 -3.6315672]
 [ 4.1267524 -3.6315672]
 [ 4.1267524 -3.6315672]
 [ 4.1267524 -3.6315672]
 [ 4.1267524 -3.6315672]
 [ 4.1267524 -3.6315672]
 [ 4.1267524 -3.6315672]
 [ 4.1267524 -3.6315672]
 [ 4.1267524 -3.6315672]
 [ 4.1267524 -3.6315672]
 [ 4.1267524 -3.6315672]
 [ 4.1267524 -3.6315672]
 [ 4.1267524 -3.6315672]
 [ 4.1267524 -3.6315672]
 [ 4.1267524 -3.6315672]
 [ 4.1267524 -3.6315672]
 [ 4.1267524 -3.6315672]
 [ 4.1267524 -3.6315672]
 [ 4.1267524 -3.6315672]
 [ 4.1267524 -3.6315672]
 [ 4.1267524 -3.6315672]
 [ 4.1267524 -3.6315672]
 [ 4.1267524 -3.6315672]
 [ 4.1267524 -3.6315672]
 [ 4.1267524 -3.6315672]
 [ 4.1267524 -3.6315672]
 [ 4.1267524 -3.6315672]
 [ 4.1267524 -3.6315672]
 [ 4.1267524 -3.6315672]
 [ 4.1267524 -3.6315672]]
2025-12-21 21:26:24,166 - [INFO] - ------------------------------------------------------------
2025-12-21 21:26:24,166 - [INFO] - On Validation Set:
	Accuracy of RRL  Model: 0.8887353144436766
	F1 Score of RRL  Model: 0.47054518843761434
2025-12-21 21:26:24,173 - [INFO] - On Validation Set:
Performance of  RRL Model: 
[[1286    0]
 [ 161    0]]
              precision    recall  f1-score   support

           0       0.89      1.00      0.94      1286
           1       0.00      0.00      0.00       161

    accuracy                           0.89      1447
   macro avg       0.44      0.50      0.47      1447
weighted avg       0.79      0.89      0.84      1447

2025-12-21 21:26:24,173 - [INFO] - ------------------------------------------------------------
2025-12-21 21:26:25,589 - [INFO] - epoch: 0, loss_rrl: 728.1018351614475
2025-12-21 21:26:25,836 - [DEBUG] - y_true: (1447,) [0 0 0 0 0 1 0 0 0 0 0 0 0 0 0 0 0 1 0 0 0 0 0 0 1 0 0 0 0 0 0 0 0 0 0 0 0
 0 1 1 0]
2025-12-21 21:26:25,985 - [DEBUG] - y_rrl_: (1447,) [0 0 0 0 0 0 0 0 0 0 0 0 0 0 0 0 0 0 0 0 0 0 0 0 0 0 0 0 0 0 0 0 0 0 0 0 0
 0 0 0 0]
2025-12-21 21:26:25,985 - [DEBUG] - y_rrl: (1447, 2) [[ 1.4760569  -0.9820953 ]
 [ 1.4760569  -0.9820953 ]
 [ 1.4760569  -0.9820953 ]
 [ 1.4760569  -0.9820953 ]
 [ 1.4760569  -0.9820953 ]
 [ 1.0292928  -0.5368066 ]
 [ 1.4760569  -0.9820953 ]
 [ 1.4760569  -0.9820953 ]
 [ 1.4760569  -0.9820953 ]
 [ 1.0292928  -0.5368066 ]
 [ 1.0292928  -0.5368066 ]
 [ 1.4760569  -0.9820953 ]
 [ 1.4760569  -0.9820953 ]
 [ 1.4760569  -0.9820953 ]
 [ 1.4760569  -0.9820953 ]
 [ 1.4760569  -0.9820953 ]
 [ 1.1567297  -0.66166806]
 [ 1.0292928  -0.5368066 ]
 [ 1.4760569  -0.9820953 ]
 [ 1.4760569  -0.9820953 ]
 [ 1.4760569  -0.9820953 ]
 [ 1.4760569  -0.9820953 ]
 [ 1.4760569  -0.9820953 ]
 [ 1.4760569  -0.9820953 ]
 [ 1.0292928  -0.5368066 ]
 [ 1.0292928  -0.5368066 ]
 [ 1.4760569  -0.9820953 ]
 [ 1.4760569  -0.9820953 ]
 [ 1.4760569  -0.9820953 ]
 [ 1.4760569  -0.9820953 ]
 [ 1.4760569  -0.9820953 ]
 [ 1.4760569  -0.9820953 ]
 [ 1.0292928  -0.5368066 ]
 [ 1.0292928  -0.5368066 ]
 [ 1.4760569  -0.9820953 ]
 [ 1.4760569  -0.9820953 ]
 [ 1.4760569  -0.9820953 ]
 [ 1.4760569  -0.9820953 ]
 [ 1.0292928  -0.5368066 ]
 [ 1.3795825  -0.8847311 ]
 [ 1.4760569  -0.9820953 ]]
2025-12-21 21:26:25,987 - [INFO] - ------------------------------------------------------------
2025-12-21 21:26:25,987 - [INFO] - On Validation Set:
	Accuracy of RRL  Model: 0.8887353144436766
	F1 Score of RRL  Model: 0.47054518843761434
2025-12-21 21:26:25,993 - [INFO] - On Validation Set:
Performance of  RRL Model: 
[[1286    0]
 [ 161    0]]
              precision    recall  f1-score   support

           0       0.89      1.00      0.94      1286
           1       0.00      0.00      0.00       161

    accuracy                           0.89      1447
   macro avg       0.44      0.50      0.47      1447
weighted avg       0.79      0.89      0.84      1447

2025-12-21 21:26:25,993 - [INFO] - ------------------------------------------------------------
2025-12-21 21:26:27,168 - [INFO] - epoch: 1, loss_rrl: 175.91685574501753
2025-12-21 21:26:27,657 - [DEBUG] - y_true: (1447,) [0 0 0 0 0 1 0 0 0 0 0 0 0 0 0 0 0 1 0 0 0 0 0 0 1 0 0 0 0 0 0 0 0 0 0 0 0
 0 1 1 0]
2025-12-21 21:26:27,820 - [DEBUG] - y_rrl_: (1447,) [0 0 0 0 0 1 0 0 0 1 1 0 0 0 0 0 0 1 0 0 0 0 0 0 1 1 0 0 0 0 0 0 1 1 0 0 0
 0 1 1 0]
2025-12-21 21:26:27,821 - [DEBUG] - y_rrl: (1447, 2) [[ 2.0557282  -1.5633235 ]
 [ 1.4747101  -0.98054403]
 [ 2.0557282  -1.5633235 ]
 [ 2.0557282  -1.5633235 ]
 [ 2.0557282  -1.5633235 ]
 [ 0.21189237  0.28086093]
 [ 2.0557282  -1.5633235 ]
 [ 2.0557282  -1.5633235 ]
 [ 2.0557282  -1.5633235 ]
 [ 0.21189237  0.28086093]
 [ 0.21189237  0.28086093]
 [ 2.0557282  -1.5633235 ]
 [ 2.0557282  -1.5633235 ]
 [ 2.0557282  -1.5633235 ]
 [ 2.0557282  -1.5633235 ]
 [ 2.0557282  -1.5633235 ]
 [ 1.7426163  -1.2493246 ]
 [ 0.21189237  0.28086093]
 [ 2.0557282  -1.5633235 ]
 [ 2.0557282  -1.5633235 ]
 [ 2.0557282  -1.5633235 ]
 [ 2.0557282  -1.5633235 ]
 [ 2.0557282  -1.5633235 ]
 [ 2.0557282  -1.5633235 ]
 [ 0.21189237  0.28086093]
 [ 0.21189237  0.28086093]
 [ 2.0557282  -1.5633235 ]
 [ 2.0557282  -1.5633235 ]
 [ 2.0557282  -1.5633235 ]
 [ 2.0557282  -1.5633235 ]
 [ 2.0557282  -1.5633235 ]
 [ 2.0557282  -1.5633235 ]
 [ 0.21189237  0.28086093]
 [ 0.21189237  0.28086093]
 [ 2.0557282  -1.5633235 ]
 [ 2.0557282  -1.5633235 ]
 [ 2.0557282  -1.5633235 ]
 [ 2.0557282  -1.5633235 ]
 [ 0.21189237  0.28086093]
 [ 0.21189237  0.28086093]
 [ 2.0557282  -1.5633235 ]]
2025-12-21 21:26:27,823 - [INFO] - ------------------------------------------------------------
2025-12-21 21:26:27,823 - [INFO] - On Validation Set:
	Accuracy of RRL  Model: 0.8597097442985487
	F1 Score of RRL  Model: 0.7156177359283344
2025-12-21 21:26:27,828 - [INFO] - On Validation Set:
Performance of  RRL Model: 
[[1137  149]
 [  54  107]]
              precision    recall  f1-score   support

           0       0.95      0.88      0.92      1286
           1       0.42      0.66      0.51       161

    accuracy                           0.86      1447
   macro avg       0.69      0.77      0.72      1447
weighted avg       0.89      0.86      0.87      1447

2025-12-21 21:26:27,828 - [INFO] - ------------------------------------------------------------
2025-12-21 21:26:28,798 - [INFO] - epoch: 2, loss_rrl: 146.61252271011472
2025-12-21 21:26:29,546 - [DEBUG] - y_true: (1447,) [0 0 0 0 0 1 0 0 0 0 0 0 0 0 0 0 0 1 0 0 0 0 0 0 1 0 0 0 0 0 0 0 0 0 0 0 0
 0 1 1 0]
2025-12-21 21:26:29,697 - [DEBUG] - y_rrl_: (1447,) [0 0 0 0 0 0 0 0 0 0 0 0 0 0 0 0 0 0 0 0 0 0 0 0 0 0 0 0 0 0 0 0 0 0 0 0 0
 0 0 0 0]
2025-12-21 21:26:29,698 - [DEBUG] - y_rrl: (1447, 2) [[ 3.9671052 -3.4784307]
 [ 1.9369153 -1.4432929]
 [ 4.2117248 -3.7200248]
 [ 4.2117248 -3.7200248]
 [ 3.9671052 -3.4784307]
 [ 1.3413795 -0.8508607]
 [ 3.9671052 -3.4784307]
 [ 4.2117248 -3.7200248]
 [ 4.2117248 -3.7200248]
 [ 2.1644807 -1.6729801]
 [ 1.3413795 -0.8508607]
 [ 3.3886237 -2.8979056]
 [ 3.9671052 -3.4784307]
 [ 3.9671052 -3.4784307]
 [ 3.9671052 -3.4784307]
 [ 3.9671052 -3.4784307]
 [ 4.2117248 -3.7200248]
 [ 1.3413795 -0.8508607]
 [ 3.3886237 -2.8979056]
 [ 3.3886237 -2.8979056]
 [ 3.9671052 -3.4784307]
 [ 3.9671052 -3.4784307]
 [ 3.9671052 -3.4784307]
 [ 3.9671052 -3.4784307]
 [ 1.3413795 -0.8508607]
 [ 1.3413795 -0.8508607]
 [ 3.0288365 -2.5372477]
 [ 3.9671052 -3.4784307]
 [ 3.3886237 -2.8979056]
 [ 4.2117248 -3.7200248]
 [ 3.9671052 -3.4784307]
 [ 3.3886237 -2.8979056]
 [ 1.3413795 -0.8508607]
 [ 1.3413795 -0.8508607]
 [ 3.9671052 -3.4784307]
 [ 4.2117248 -3.7200248]
 [ 3.9671052 -3.4784307]
 [ 3.9671052 -3.4784307]
 [ 1.3413795 -0.8508607]
 [ 1.919861  -1.4313858]
 [ 4.2117248 -3.7200248]]
2025-12-21 21:26:29,700 - [INFO] - ------------------------------------------------------------
2025-12-21 21:26:29,700 - [INFO] - On Validation Set:
	Accuracy of RRL  Model: 0.8887353144436766
	F1 Score of RRL  Model: 0.47054518843761434
2025-12-21 21:26:29,706 - [INFO] - On Validation Set:
Performance of  RRL Model: 
[[1286    0]
 [ 161    0]]
              precision    recall  f1-score   support

           0       0.89      1.00      0.94      1286
           1       0.00      0.00      0.00       161

    accuracy                           0.89      1447
   macro avg       0.44      0.50      0.47      1447
weighted avg       0.79      0.89      0.84      1447

2025-12-21 21:26:29,706 - [INFO] - ------------------------------------------------------------
2025-12-21 21:26:30,483 - [INFO] - epoch: 3, loss_rrl: 134.9360745884478
2025-12-21 21:26:31,488 - [DEBUG] - y_true: (1447,) [0 0 0 0 0 1 0 0 0 0 0 0 0 0 0 0 0 1 0 0 0 0 0 0 1 0 0 0 0 0 0 0 0 0 0 0 0
 0 1 1 0]
2025-12-21 21:26:31,638 - [DEBUG] - y_rrl_: (1447,) [0 0 0 0 0 0 0 0 0 0 0 0 0 0 0 0 0 0 0 0 0 0 0 0 1 0 0 0 0 0 0 0 0 0 0 0 0
 0 0 0 0]
2025-12-21 21:26:31,638 - [DEBUG] - y_rrl: (1447, 2) [[ 3.603646   -3.114147  ]
 [ 1.0434583  -0.550908  ]
 [ 3.603646   -3.114147  ]
 [ 3.603646   -3.114147  ]
 [ 3.603646   -3.114147  ]
 [ 0.2645444   0.22779253]
 [ 3.603646   -3.114147  ]
 [ 3.603646   -3.114147  ]
 [ 3.603646   -3.114147  ]
 [ 1.4495443  -0.95653534]
 [ 0.8868035  -0.3955497 ]
 [ 3.0409057  -2.5531611 ]
 [ 3.603646   -3.114147  ]
 [ 3.603646   -3.114147  ]
 [ 3.603646   -3.114147  ]
 [ 3.603646   -3.114147  ]
 [ 2.6551402  -2.1638954 ]
 [ 0.8868035  -0.3955497 ]
 [ 1.9820727  -1.4923786 ]
 [ 3.081952   -2.596132  ]
 [ 3.603646   -3.114147  ]
 [ 3.603646   -3.114147  ]
 [ 3.603646   -3.114147  ]
 [ 3.603646   -3.114147  ]
 [-0.08531892  0.57394826]
 [ 0.2645444   0.22779253]
 [ 2.604332   -2.115721  ]
 [ 3.603646   -3.114147  ]
 [ 3.0409057  -2.5531611 ]
 [ 3.603646   -3.114147  ]
 [ 3.603646   -3.114147  ]
 [ 3.081952   -2.596132  ]
 [ 0.8868035  -0.3955497 ]
 [ 0.8868035  -0.3955497 ]
 [ 3.603646   -3.114147  ]
 [ 3.603646   -3.114147  ]
 [ 3.603646   -3.114147  ]
 [ 3.603646   -3.114147  ]
 [ 1.1042141  -0.6139207 ]
 [ 1.099681   -0.6103797 ]
 [ 3.603646   -3.114147  ]]
2025-12-21 21:26:31,640 - [INFO] - ------------------------------------------------------------
2025-12-21 21:26:31,640 - [INFO] - On Validation Set:
	Accuracy of RRL  Model: 0.9004837595024188
	F1 Score of RRL  Model: 0.6096574049096304
2025-12-21 21:26:31,646 - [INFO] - On Validation Set:
Performance of  RRL Model: 
[[1276   10]
 [ 134   27]]
              precision    recall  f1-score   support

           0       0.90      0.99      0.95      1286
           1       0.73      0.17      0.27       161

    accuracy                           0.90      1447
   macro avg       0.82      0.58      0.61      1447
weighted avg       0.89      0.90      0.87      1447

2025-12-21 21:26:31,646 - [INFO] - ------------------------------------------------------------
2025-12-21 21:26:32,277 - [INFO] - epoch: 4, loss_rrl: 129.26787599176168
2025-12-21 21:26:33,475 - [DEBUG] - y_true: (1447,) [0 0 0 0 0 1 0 0 0 0 0 0 0 0 0 0 0 1 0 0 0 0 0 0 1 0 0 0 0 0 0 0 0 0 0 0 0
 0 1 1 0]
2025-12-21 21:26:33,624 - [DEBUG] - y_rrl_: (1447,) [0 0 0 0 0 0 0 0 0 0 0 0 0 0 0 0 0 0 0 0 0 0 0 0 1 0 0 0 0 0 0 0 0 0 0 0 0
 0 0 0 0]
2025-12-21 21:26:33,624 - [DEBUG] - y_rrl: (1447, 2) [[ 4.5468864  -4.059533  ]
 [ 0.9033906  -0.41383407]
 [ 4.5468864  -4.059533  ]
 [ 4.5468864  -4.059533  ]
 [ 4.5468864  -4.059533  ]
 [ 0.9293484  -0.4383498 ]
 [ 4.5468864  -4.059533  ]
 [ 4.5468864  -4.059533  ]
 [ 4.5468864  -4.059533  ]
 [ 2.496889   -2.0052207 ]
 [ 1.5180186  -1.029057  ]
 [ 3.5680168  -3.0833695 ]
 [ 4.1135845  -3.6298845 ]
 [ 4.1135845  -3.6298845 ]
 [ 4.1135845  -3.6298845 ]
 [ 4.1135845  -3.6298845 ]
 [ 4.5468864  -4.059533  ]
 [ 1.5180186  -1.029057  ]
 [ 2.9793463  -2.4926624 ]
 [ 3.3029585  -2.8172882 ]
 [ 4.5468864  -4.059533  ]
 [ 4.1135845  -3.6298845 ]
 [ 4.5468864  -4.059533  ]
 [ 4.1135845  -3.6298845 ]
 [ 0.09045567  0.39602795]
 [ 0.9293484  -0.4383498 ]
 [ 2.4459999  -1.9596188 ]
 [ 4.1135845  -3.6298845 ]
 [ 3.5680168  -3.0833695 ]
 [ 4.5468864  -4.059533  ]
 [ 4.5468864  -4.059533  ]
 [ 3.3029585  -2.8172882 ]
 [ 1.5180186  -1.029057  ]
 [ 1.5180186  -1.029057  ]
 [ 4.5468864  -4.059533  ]
 [ 4.5468864  -4.059533  ]
 [ 4.5468864  -4.059533  ]
 [ 4.1135845  -3.6298845 ]
 [ 1.5180186  -1.029057  ]
 [ 1.2246939  -0.74119425]
 [ 4.5468864  -4.059533  ]]
2025-12-21 21:26:33,626 - [INFO] - ------------------------------------------------------------
2025-12-21 21:26:33,627 - [INFO] - On Validation Set:
	Accuracy of RRL  Model: 0.9032480995162405
	F1 Score of RRL  Model: 0.6274623747664514
2025-12-21 21:26:33,632 - [INFO] - On Validation Set:
Performance of  RRL Model: 
[[1276   10]
 [ 130   31]]
              precision    recall  f1-score   support

           0       0.91      0.99      0.95      1286
           1       0.76      0.19      0.31       161

    accuracy                           0.90      1447
   macro avg       0.83      0.59      0.63      1447
weighted avg       0.89      0.90      0.88      1447

2025-12-21 21:26:33,633 - [INFO] - ------------------------------------------------------------
2025-12-21 21:26:33,894 - [INFO] - epoch: 5, loss_rrl: 126.5388464499265
2025-12-21 21:26:35,302 - [DEBUG] - y_true: (1447,) [0 0 0 0 0 1 0 0 0 0 0 0 0 0 0 0 0 1 0 0 0 0 0 0 1 0 0 0 0 0 0 0 0 0 0 0 0
 0 1 1 0]
2025-12-21 21:26:35,451 - [DEBUG] - y_rrl_: (1447,) [0 1 0 0 0 1 0 0 0 0 1 0 0 0 0 0 0 1 0 0 0 0 0 0 1 1 0 0 0 0 0 0 1 1 0 0 0
 0 1 0 0]
2025-12-21 21:26:35,451 - [DEBUG] - y_rrl: (1447, 2) [[ 3.8219547  -3.3396707 ]
 [-0.25733742  0.74591666]
 [ 3.5530407  -3.0717106 ]
 [ 3.5530407  -3.0717106 ]
 [ 3.8219547  -3.3396707 ]
 [-0.25733742  0.74591666]
 [ 3.8219547  -3.3396707 ]
 [ 3.5530407  -3.0717106 ]
 [ 3.8219547  -3.3396707 ]
 [ 1.155044   -0.6694313 ]
 [ 0.17170927  0.31586224]
 [ 2.569706   -2.0864167 ]
 [ 3.123994   -2.6416564 ]
 [ 3.5530407  -3.0717106 ]
 [ 2.4711914  -1.9872996 ]
 [ 3.5530407  -3.0717106 ]
 [ 3.5530407  -3.0717106 ]
 [ 0.17170927  0.31586224]
 [ 2.1406593  -1.6563622 ]
 [ 2.3190372  -1.8347477 ]
 [ 3.8219547  -3.3396707 ]
 [ 3.5530407  -3.0717106 ]
 [ 3.8219547  -3.3396707 ]
 [ 3.5530407  -3.0717106 ]
 [-1.1381227   1.6222126 ]
 [-0.25733742  0.74591666]
 [ 1.2535583  -0.7685487 ]
 [ 3.5530407  -3.0717106 ]
 [ 1.9719998  -1.4867593 ]
 [ 3.5530407  -3.0717106 ]
 [ 3.8219547  -3.3396707 ]
 [ 2.9167435  -2.4344049 ]
 [ 0.17170927  0.31586224]
 [ 0.17170927  0.31586224]
 [ 3.8219547  -3.3396707 ]
 [ 3.5530407  -3.0717106 ]
 [ 3.8219547  -3.3396707 ]
 [ 3.5530407  -3.0717106 ]
 [ 0.17170927  0.31586224]
 [ 0.27425873  0.20686466]
 [ 3.5530407  -3.0717106 ]]
2025-12-21 21:26:35,453 - [INFO] - ------------------------------------------------------------
2025-12-21 21:26:35,453 - [INFO] - On Validation Set:
	Accuracy of RRL  Model: 0.8804422944022114
	F1 Score of RRL  Model: 0.7262385814724857
2025-12-21 21:26:35,459 - [INFO] - On Validation Set:
Performance of  RRL Model: 
[[1180  106]
 [  67   94]]
              precision    recall  f1-score   support

           0       0.95      0.92      0.93      1286
           1       0.47      0.58      0.52       161

    accuracy                           0.88      1447
   macro avg       0.71      0.75      0.73      1447
weighted avg       0.89      0.88      0.89      1447

2025-12-21 21:26:35,459 - [INFO] - ------------------------------------------------------------
2025-12-21 21:26:35,495 - [INFO] - epoch: 6, loss_rrl: 124.39522818662226
2025-12-21 21:26:36,925 - [INFO] - epoch: 7, loss_rrl: 123.7340874709189
2025-12-21 21:26:37,141 - [DEBUG] - y_true: (1447,) [0 0 0 0 0 1 0 0 0 0 0 0 0 0 0 0 0 1 0 0 0 0 0 0 1 0 0 0 0 0 0 0 0 0 0 0 0
 0 1 1 0]
2025-12-21 21:26:37,290 - [DEBUG] - y_rrl_: (1447,) [0 1 0 0 0 1 0 0 0 0 0 0 0 0 0 0 0 0 0 0 0 0 0 0 1 1 0 0 0 0 0 0 0 0 0 0 0
 0 0 0 0]
2025-12-21 21:26:37,290 - [DEBUG] - y_rrl: (1447, 2) [[ 3.9585369  -3.4789464 ]
 [-0.28123552  0.7664612 ]
 [ 3.9585369  -3.4789464 ]
 [ 3.9585369  -3.4789464 ]
 [ 3.9585369  -3.4789464 ]
 [-0.83775127  1.3235832 ]
 [ 3.9585369  -3.4789464 ]
 [ 3.9585369  -3.4789464 ]
 [ 3.9585369  -3.4789464 ]
 [ 1.2020334  -0.718199  ]
 [ 0.3812922   0.10347848]
 [ 3.137795   -2.6572683 ]
 [ 3.1083674  -2.6287246 ]
 [ 3.9585369  -3.4789464 ]
 [ 3.6681757  -3.189533  ]
 [ 3.9585369  -3.4789464 ]
 [ 3.14986    -2.6694114 ]
 [ 0.3812922   0.10347848]
 [ 1.9187516  -1.4371642 ]
 [ 1.7849191  -1.3023981 ]
 [ 3.9585369  -3.4789464 ]
 [ 3.9585369  -3.4789464 ]
 [ 3.9585369  -3.4789464 ]
 [ 3.6681757  -3.189533  ]
 [-1.7861587   2.2675304 ]
 [-0.83775127  1.3235832 ]
 [ 1.6314489  -1.1492178 ]
 [ 3.6681757  -3.189533  ]
 [ 2.4441543  -1.9616942 ]
 [ 3.6681757  -3.189533  ]
 [ 3.9585369  -3.4789464 ]
 [ 2.4785595  -1.9979726 ]
 [ 0.3812922   0.10347848]
 [ 0.3812922   0.10347848]
 [ 3.9585369  -3.4789464 ]
 [ 3.9585369  -3.4789464 ]
 [ 3.9585369  -3.4789464 ]
 [ 3.6681757  -3.189533  ]
 [ 0.8059142  -0.32208836]
 [ 0.25362602  0.22574836]
 [ 3.9585369  -3.4789464 ]]
2025-12-21 21:26:37,293 - [INFO] - ------------------------------------------------------------
2025-12-21 21:26:37,293 - [INFO] - On Validation Set:
	Accuracy of RRL  Model: 0.8887353144436766
	F1 Score of RRL  Model: 0.7116220401483933
2025-12-21 21:26:37,299 - [INFO] - On Validation Set:
Performance of  RRL Model: 
[[1210   76]
 [  85   76]]
              precision    recall  f1-score   support

           0       0.93      0.94      0.94      1286
           1       0.50      0.47      0.49       161

    accuracy                           0.89      1447
   macro avg       0.72      0.71      0.71      1447
weighted avg       0.89      0.89      0.89      1447

2025-12-21 21:26:37,299 - [INFO] - ------------------------------------------------------------
2025-12-21 21:26:38,557 - [INFO] - epoch: 8, loss_rrl: 124.19428040459752
2025-12-21 21:26:39,005 - [DEBUG] - y_true: (1447,) [0 0 0 0 0 1 0 0 0 0 0 0 0 0 0 0 0 1 0 0 0 0 0 0 1 0 0 0 0 0 0 0 0 0 0 0 0
 0 1 1 0]
2025-12-21 21:26:39,155 - [DEBUG] - y_rrl_: (1447,) [0 0 0 0 0 0 0 0 0 0 0 0 0 0 0 0 0 0 0 0 0 0 0 0 0 0 0 0 0 0 0 0 0 0 0 0 0
 0 0 0 0]
2025-12-21 21:26:39,156 - [DEBUG] - y_rrl: (1447, 2) [[ 7.217008   -6.7413297 ]
 [ 2.62199    -2.139793  ]
 [ 6.5548673  -6.0785885 ]
 [ 6.5548673  -6.0785885 ]
 [ 7.217008   -6.7413297 ]
 [ 1.9598489  -1.4770508 ]
 [ 7.217008   -6.7413297 ]
 [ 7.217008   -6.7413297 ]
 [ 7.217008   -6.7413297 ]
 [ 4.0503874  -3.5705101 ]
 [ 2.6405802  -2.1587737 ]
 [ 5.8072014  -5.3295937 ]
 [ 6.536277   -6.0596075 ]
 [ 7.217008   -6.7413297 ]
 [ 7.217008   -6.7413297 ]
 [ 7.217008   -6.7413297 ]
 [ 7.217008   -6.7413297 ]
 [ 2.6405802  -2.1587737 ]
 [ 5.12647    -4.6478715 ]
 [ 5.8072014  -5.3295937 ]
 [ 7.217008   -6.7413297 ]
 [ 7.217008   -6.7413297 ]
 [ 7.217008   -6.7413297 ]
 [ 7.217008   -6.7413297 ]
 [ 1.4204285  -0.93843997]
 [ 1.9598489  -1.4770508 ]
 [ 4.0581355  -3.578843  ]
 [ 7.217008   -6.7413297 ]
 [ 5.8072014  -5.3295937 ]
 [ 7.217008   -6.7413297 ]
 [ 7.217008   -6.7413297 ]
 [ 5.8072014  -5.3295937 ]
 [ 2.6405802  -2.1587737 ]
 [ 2.6405802  -2.1587737 ]
 [ 7.217008   -6.7413297 ]
 [ 7.217008   -6.7413297 ]
 [ 7.217008   -6.7413297 ]
 [ 7.217008   -6.7413297 ]
 [ 2.6405802  -2.1587737 ]
 [ 3.5109665  -3.0318992 ]
 [ 7.217008   -6.7413297 ]]
2025-12-21 21:26:39,158 - [INFO] - ------------------------------------------------------------
2025-12-21 21:26:39,158 - [INFO] - On Validation Set:
	Accuracy of RRL  Model: 0.8887353144436766
	F1 Score of RRL  Model: 0.47054518843761434
2025-12-21 21:26:39,163 - [INFO] - On Validation Set:
Performance of  RRL Model: 
[[1286    0]
 [ 161    0]]
              precision    recall  f1-score   support

           0       0.89      1.00      0.94      1286
           1       0.00      0.00      0.00       161

    accuracy                           0.89      1447
   macro avg       0.44      0.50      0.47      1447
weighted avg       0.79      0.89      0.84      1447

2025-12-21 21:26:39,163 - [INFO] - ------------------------------------------------------------
2025-12-21 21:26:40,162 - [INFO] - epoch: 9, loss_rrl: 123.98661268502474
2025-12-21 21:26:40,854 - [DEBUG] - y_true: (1447,) [0 0 0 0 0 1 0 0 0 0 0 0 0 0 0 0 0 1 0 0 0 0 0 0 1 0 0 0 0 0 0 0 0 0 0 0 0
 0 1 1 0]
2025-12-21 21:26:41,007 - [DEBUG] - y_rrl_: (1447,) [0 0 0 0 0 1 0 0 0 0 1 0 0 0 0 0 0 1 0 0 0 0 0 0 1 1 0 0 0 0 0 0 1 1 0 0 0
 0 1 0 0]
2025-12-21 21:26:41,007 - [DEBUG] - y_rrl: (1447, 2) [[ 4.959064   -4.4866486 ]
 [ 0.31305107  0.16582403]
 [ 4.4380345  -3.965627  ]
 [ 4.4380345  -3.965627  ]
 [ 4.959064   -4.4866486 ]
 [-0.97400576  1.4534668 ]
 [ 4.959064   -4.4866486 ]
 [ 4.4380345  -3.965627  ]
 [ 4.959064   -4.4866486 ]
 [ 0.9431949  -0.46663707]
 [-0.17616662  0.6546464 ]
 [ 3.3186727  -2.8443432 ]
 [ 3.5836077  -3.1092818 ]
 [ 4.959064   -4.4866486 ]
 [ 4.193037   -3.7200277 ]
 [ 4.381447   -3.9081023 ]
 [ 3.3738072  -2.9005635 ]
 [-0.17616662  0.6546464 ]
 [ 2.5208335  -2.0455227 ]
 [ 3.137889   -2.6625957 ]
 [ 4.959064   -4.4866486 ]
 [ 4.959064   -4.4866486 ]
 [ 4.959064   -4.4866486 ]
 [ 4.959064   -4.4866486 ]
 [-1.5434483   2.0221055 ]
 [-0.97400576  1.4534668 ]
 [ 1.8692913  -1.39329   ]
 [ 4.959064   -4.4866486 ]
 [ 3.0813012  -2.6050715 ]
 [ 4.4380345  -3.965627  ]
 [ 4.959064   -4.4866486 ]
 [ 3.8962905  -3.4228897 ]
 [-0.17616662  0.6546464 ]
 [-0.17616662  0.6546464 ]
 [ 4.959064   -4.4866486 ]
 [ 4.959064   -4.4866486 ]
 [ 4.959064   -4.4866486 ]
 [ 4.959064   -4.4866486 ]
 [-0.17616662  0.6546464 ]
 [ 0.3171648   0.15952653]
 [ 4.4380345  -3.965627  ]]
2025-12-21 21:26:41,009 - [INFO] - ------------------------------------------------------------
2025-12-21 21:26:41,009 - [INFO] - On Validation Set:
	Accuracy of RRL  Model: 0.8852798894263995
	F1 Score of RRL  Model: 0.7302313566936208
2025-12-21 21:26:41,015 - [INFO] - On Validation Set:
Performance of  RRL Model: 
[[1189   97]
 [  69   92]]
              precision    recall  f1-score   support

           0       0.95      0.92      0.93      1286
           1       0.49      0.57      0.53       161

    accuracy                           0.89      1447
   macro avg       0.72      0.75      0.73      1447
weighted avg       0.89      0.89      0.89      1447

2025-12-21 21:26:41,015 - [INFO] - ------------------------------------------------------------
2025-12-21 21:26:41,810 - [INFO] - epoch: 10, loss_rrl: 124.29183954373002
2025-12-21 21:26:42,759 - [DEBUG] - y_true: (1447,) [0 0 0 0 0 1 0 0 0 0 0 0 0 0 0 0 0 1 0 0 0 0 0 0 1 0 0 0 0 0 0 0 0 0 0 0 0
 0 1 1 0]
2025-12-21 21:26:42,907 - [DEBUG] - y_rrl_: (1447,) [0 0 0 0 0 1 0 0 0 0 0 0 0 0 0 0 0 0 0 0 0 0 0 0 1 1 0 0 0 0 0 0 0 0 0 0 0
 0 0 0 0]
2025-12-21 21:26:42,908 - [DEBUG] - y_rrl: (1447, 2) [[ 5.5098643  -5.041043  ]
 [ 1.1382166  -0.66488236]
 [ 4.9176116  -4.448798  ]
 [ 4.9176116  -4.448798  ]
 [ 5.5098643  -5.041043  ]
 [-0.32281274  0.7967254 ]
 [ 5.5098643  -5.041043  ]
 [ 4.9176116  -4.448798  ]
 [ 5.5098643  -5.041043  ]
 [ 1.8604258  -1.3893893 ]
 [ 0.5741002  -0.10115713]
 [ 3.6312861  -3.1605673 ]
 [ 4.6129513  -4.1431603 ]
 [ 5.5098643  -5.041043  ]
 [ 5.5098643  -5.041043  ]
 [ 5.5098643  -5.041043  ]
 [ 2.7292027  -2.2587514 ]
 [ 0.5741002  -0.10115713]
 [ 3.6312861  -3.1605673 ]
 [ 3.6312861  -3.1605673 ]
 [ 5.5098643  -5.041043  ]
 [ 5.5098643  -5.041043  ]
 [ 5.5098643  -5.041043  ]
 [ 5.5098643  -5.041043  ]
 [-1.6421324   2.1171193 ]
 [-0.32281274  0.7967254 ]
 [ 4.223539   -3.752812  ]
 [ 5.5098643  -5.041043  ]
 [ 4.223539   -3.752812  ]
 [ 4.9176116  -4.448798  ]
 [ 5.5098643  -5.041043  ]
 [ 3.6312861  -3.1605673 ]
 [ 0.5741002  -0.10115713]
 [ 0.5741002  -0.10115713]
 [ 5.5098643  -5.041043  ]
 [ 5.5098643  -5.041043  ]
 [ 5.5098643  -5.041043  ]
 [ 5.5098643  -5.041043  ]
 [ 0.5741002  -0.10115713]
 [ 1.1333587  -0.6612398 ]
 [ 4.9176116  -4.448798  ]]
2025-12-21 21:26:42,910 - [INFO] - ------------------------------------------------------------
2025-12-21 21:26:42,910 - [INFO] - On Validation Set:
	Accuracy of RRL  Model: 0.9004837595024188
	F1 Score of RRL  Model: 0.7097453613417284
2025-12-21 21:26:42,916 - [INFO] - On Validation Set:
Performance of  RRL Model: 
[[1238   48]
 [  96   65]]
              precision    recall  f1-score   support

           0       0.93      0.96      0.95      1286
           1       0.58      0.40      0.47       161

    accuracy                           0.90      1447
   macro avg       0.75      0.68      0.71      1447
weighted avg       0.89      0.90      0.89      1447

2025-12-21 21:26:42,916 - [INFO] - ------------------------------------------------------------
2025-12-21 21:26:43,458 - [INFO] - epoch: 11, loss_rrl: 123.55787782743573
2025-12-21 21:26:44,609 - [DEBUG] - y_true: (1447,) [0 0 0 0 0 1 0 0 0 0 0 0 0 0 0 0 0 1 0 0 0 0 0 0 1 0 0 0 0 0 0 0 0 0 0 0 0
 0 1 1 0]
2025-12-21 21:26:44,759 - [DEBUG] - y_rrl_: (1447,) [0 0 0 0 0 0 0 0 0 0 0 0 0 0 0 0 0 0 0 0 0 0 0 0 1 0 0 0 0 0 0 0 0 0 0 0 0
 0 0 0 0]
2025-12-21 21:26:44,760 - [DEBUG] - y_rrl: (1447, 2) [[ 7.003516   -6.5386443 ]
 [ 0.5871849  -0.11728986]
 [ 5.400244   -4.934804  ]
 [ 5.400244   -4.934804  ]
 [ 7.003516   -6.5386443 ]
 [ 1.592422   -1.1234827 ]
 [ 7.003516   -6.5386443 ]
 [ 6.3600864  -5.895223  ]
 [ 7.003516   -6.5386443 ]
 [ 3.0249941  -2.5579402 ]
 [ 1.592422   -1.1234827 ]
 [ 4.9275146  -4.4607654 ]
 [ 5.656621   -5.190784  ]
 [ 5.656621   -5.190784  ]
 [ 4.696779   -4.230365  ]
 [ 5.656621   -5.190784  ]
 [ 6.3600864  -5.895223  ]
 [ 1.592422   -1.1234827 ]
 [ 4.9275146  -4.4607654 ]
 [ 4.9275146  -4.4607654 ]
 [ 7.003516   -6.5386443 ]
 [ 5.656621   -5.190784  ]
 [ 7.003516   -6.5386443 ]
 [ 5.656621   -5.190784  ]
 [-0.7741548   1.2451081 ]
 [ 1.592422   -1.1234827 ]
 [ 3.6513808  -3.183821  ]
 [ 5.656621   -5.190784  ]
 [ 4.9275146  -4.4607654 ]
 [ 6.3600864  -5.895223  ]
 [ 7.003516   -6.5386443 ]
 [ 4.9275146  -4.4607654 ]
 [ 1.592422   -1.1234827 ]
 [ 1.592422   -1.1234827 ]
 [ 7.003516   -6.5386443 ]
 [ 6.3600864  -5.895223  ]
 [ 7.003516   -6.5386443 ]
 [ 5.656621   -5.190784  ]
 [ 1.592422   -1.1234827 ]
 [ 0.96018887 -0.49110353]
 [ 6.3600864  -5.895223  ]]
2025-12-21 21:26:44,762 - [INFO] - ------------------------------------------------------------
2025-12-21 21:26:44,762 - [INFO] - On Validation Set:
	Accuracy of RRL  Model: 0.9046302695231514
	F1 Score of RRL  Model: 0.6457206727698531
2025-12-21 21:26:44,768 - [INFO] - On Validation Set:
Performance of  RRL Model: 
[[1273   13]
 [ 125   36]]
              precision    recall  f1-score   support

           0       0.91      0.99      0.95      1286
           1       0.73      0.22      0.34       161

    accuracy                           0.90      1447
   macro avg       0.82      0.61      0.65      1447
weighted avg       0.89      0.90      0.88      1447

2025-12-21 21:26:44,768 - [INFO] - ------------------------------------------------------------
2025-12-21 21:26:45,070 - [INFO] - epoch: 12, loss_rrl: 121.58515228331089
2025-12-21 21:26:46,455 - [DEBUG] - y_true: (1447,) [0 0 0 0 0 1 0 0 0 0 0 0 0 0 0 0 0 1 0 0 0 0 0 0 1 0 0 0 0 0 0 0 0 0 0 0 0
 0 1 1 0]
2025-12-21 21:26:46,608 - [DEBUG] - y_rrl_: (1447,) [0 1 0 0 0 1 0 0 0 0 1 0 0 0 0 0 0 1 0 0 0 0 0 0 1 1 0 0 0 0 0 0 1 1 0 0 0
 0 1 1 0]
2025-12-21 21:26:46,609 - [DEBUG] - y_rrl: (1447, 2) [[ 5.8798566e+00 -5.4192944e+00]
 [-4.3410689e-01  8.9962405e-01]
 [ 4.1484227e+00 -3.6873007e+00]
 [ 4.1484227e+00 -3.6873007e+00]
 [ 5.8798566e+00 -5.4192944e+00]
 [ 4.1710623e-03  4.6039751e-01]
 [ 5.8798566e+00 -5.4192944e+00]
 [ 5.1931062e+00 -4.7325516e+00]
 [ 5.8798566e+00 -5.4192944e+00]
 [ 1.5847049e+00 -1.1219996e+00]
 [ 4.1710623e-03  4.6039751e-01]
 [ 3.6125724e+00 -3.1501553e+00]
 [ 5.1050119e+00 -4.6434870e+00]
 [ 5.1050119e+00 -4.6434870e+00]
 [ 4.0603285e+00 -3.5982361e+00]
 [ 5.1050119e+00 -4.6434870e+00]
 [ 5.1931062e+00 -4.7325516e+00]
 [ 4.1710623e-03  4.6039751e-01]
 [ 3.6125724e+00 -3.1501553e+00]
 [ 3.3735778e+00 -2.9114935e+00]
 [ 5.8798566e+00 -5.4192944e+00]
 [ 5.1050119e+00 -4.6434870e+00]
 [ 5.8798566e+00 -5.4192944e+00]
 [ 5.1050119e+00 -4.6434870e+00]
 [-2.5190914e+00  2.9856422e+00]
 [ 4.1710623e-03  4.6039751e-01]
 [ 1.7356051e+00 -1.2715971e+00]
 [ 5.1050119e+00 -4.6434870e+00]
 [ 3.2546403e+00 -2.7916462e+00]
 [ 5.1931062e+00 -4.7325516e+00]
 [ 5.8798566e+00 -5.4192944e+00]
 [ 4.4182615e+00 -3.9567442e+00]
 [ 4.1710623e-03  4.6039751e-01]
 [ 4.1710623e-03  4.6039751e-01]
 [ 5.8798566e+00 -5.4192944e+00]
 [ 5.8798566e+00 -5.4192944e+00]
 [ 5.8798566e+00 -5.4192944e+00]
 [ 5.1050119e+00 -4.6434870e+00]
 [ 4.1710623e-03  4.6039751e-01]
 [ 9.8376259e-02  3.6634031e-01]
 [ 5.1931062e+00 -4.7325516e+00]]
2025-12-21 21:26:46,611 - [INFO] - ------------------------------------------------------------
2025-12-21 21:26:46,611 - [INFO] - On Validation Set:
	Accuracy of RRL  Model: 0.8762957843814789
	F1 Score of RRL  Model: 0.7232864653276113
2025-12-21 21:26:46,616 - [INFO] - On Validation Set:
Performance of  RRL Model: 
[[1172  114]
 [  65   96]]
              precision    recall  f1-score   support

           0       0.95      0.91      0.93      1286
           1       0.46      0.60      0.52       161

    accuracy                           0.88      1447
   macro avg       0.70      0.75      0.72      1447
weighted avg       0.89      0.88      0.88      1447

2025-12-21 21:26:46,616 - [INFO] - ------------------------------------------------------------
2025-12-21 21:26:46,680 - [INFO] - epoch: 13, loss_rrl: 120.919786285609
2025-12-21 21:26:48,126 - [INFO] - epoch: 14, loss_rrl: 120.33678278885782
2025-12-21 21:26:48,312 - [DEBUG] - y_true: (1447,) [0 0 0 0 0 1 0 0 0 0 0 0 0 0 0 0 0 1 0 0 0 0 0 0 1 0 0 0 0 0 0 0 0 0 0 0 0
 0 1 1 0]
2025-12-21 21:26:48,461 - [DEBUG] - y_rrl_: (1447,) [0 1 0 0 0 1 0 0 0 0 0 0 0 0 0 0 0 0 0 0 0 0 0 0 1 1 0 0 0 0 0 0 0 0 0 0 0
 0 0 1 0]
2025-12-21 21:26:48,462 - [DEBUG] - y_rrl: (1447, 2) [[ 6.577745   -6.121869  ]
 [-0.989369    1.4501096 ]
 [ 4.70443    -4.248005  ]
 [ 4.70443    -4.248005  ]
 [ 6.577745   -6.121869  ]
 [-0.989369    1.4501096 ]
 [ 6.577745   -6.121869  ]
 [ 5.8407664  -5.384898  ]
 [ 6.577745   -6.121869  ]
 [ 1.9638108  -1.5058354 ]
 [ 0.24159868  0.21821666]
 [ 4.1185546  -3.6608472 ]
 [ 3.765932   -3.3081884 ]
 [ 4.9968996  -4.5400815 ]
 [ 4.9968996  -4.5400815 ]
 [ 4.9968996  -4.5400815 ]
 [ 3.100147   -2.64273   ]
 [ 0.24159868  0.21821666]
 [ 4.1185546  -3.6608472 ]
 [ 4.1185546  -3.6608472 ]
 [ 6.577745   -6.121869  ]
 [ 4.9968996  -4.5400815 ]
 [ 6.577745   -6.121869  ]
 [ 4.9968996  -4.5400815 ]
 [-2.4498665   2.9116335 ]
 [-0.989369    1.4501096 ]
 [ 2.6418333  -2.1833498 ]
 [ 4.9968996  -4.5400815 ]
 [ 4.1185546  -3.6608472 ]
 [ 5.8407664  -5.384898  ]
 [ 6.577745   -6.121869  ]
 [ 4.1185546  -3.6608472 ]
 [ 0.24159868  0.21821666]
 [ 0.24159868  0.21821666]
 [ 6.577745   -6.121869  ]
 [ 5.8407664  -5.384898  ]
 [ 6.577745   -6.121869  ]
 [ 4.9968996  -4.5400815 ]
 [ 1.1199437  -0.6610189 ]
 [-0.34055382  0.8005046 ]
 [ 5.8407664  -5.384898  ]]
2025-12-21 21:26:48,464 - [INFO] - ------------------------------------------------------------
2025-12-21 21:26:48,464 - [INFO] - On Validation Set:
	Accuracy of RRL  Model: 0.889426399447132
	F1 Score of RRL  Model: 0.7042351402174801
2025-12-21 21:26:48,470 - [INFO] - On Validation Set:
Performance of  RRL Model: 
[[1216   70]
 [  90   71]]
              precision    recall  f1-score   support

           0       0.93      0.95      0.94      1286
           1       0.50      0.44      0.47       161

    accuracy                           0.89      1447
   macro avg       0.72      0.69      0.70      1447
weighted avg       0.88      0.89      0.89      1447

2025-12-21 21:26:48,470 - [INFO] - ------------------------------------------------------------
2025-12-21 21:26:49,757 - [INFO] - epoch: 15, loss_rrl: 119.73891025595367
2025-12-21 21:26:50,189 - [DEBUG] - y_true: (1447,) [0 0 0 0 0 1 0 0 0 0 0 0 0 0 0 0 0 1 0 0 0 0 0 0 1 0 0 0 0 0 0 0 0 0 0 0 0
 0 1 1 0]
2025-12-21 21:26:50,337 - [DEBUG] - y_rrl_: (1447,) [0 0 0 0 0 0 0 0 0 0 0 0 0 0 0 0 0 0 0 0 0 0 0 0 0 0 0 0 0 0 0 0 0 0 0 0 0
 0 0 0 0]
2025-12-21 21:26:50,337 - [DEBUG] - y_rrl: (1447, 2) [[ 11.031913  -10.581074 ]
 [  3.6816037  -3.2259786]
 [ 10.259149   -9.808318 ]
 [ 10.259149   -9.808318 ]
 [ 11.031913  -10.581074 ]
 [  2.1046805  -1.6472917]
 [ 11.031913  -10.581074 ]
 [ 10.259149   -9.808318 ]
 [ 11.031913  -10.581074 ]
 [  5.286269   -4.831601 ]
 [  3.4351218  -2.9786377]
 [  8.408001   -7.9553533]
 [ 10.124137   -9.672359 ]
 [ 10.124137   -9.672359 ]
 [  8.879019   -8.426694 ]
 [ 10.124137   -9.672359 ]
 [ 10.259149   -9.808318 ]
 [  3.4351218  -2.9786377]
 [  7.0775595  -6.624007 ]
 [  9.351373   -8.899604 ]
 [ 11.031913  -10.581074 ]
 [ 10.124137   -9.672359 ]
 [ 11.031913  -10.581074 ]
 [ 10.124137   -9.672359 ]
 [  1.4026598  -0.9460317]
 [  2.1046805  -1.6472917]
 [  6.2571626  -5.8029885]
 [ 10.124137   -9.672359 ]
 [  9.180765   -8.728108 ]
 [ 10.259149   -9.808318 ]
 [ 11.031913  -10.581074 ]
 [  9.351373   -8.899604 ]
 [  3.4351218  -2.9786377]
 [  3.4351218  -2.9786377]
 [ 11.031913  -10.581074 ]
 [ 11.031913  -10.581074 ]
 [ 11.031913  -10.581074 ]
 [ 10.124137   -9.672359 ]
 [  3.4351218  -2.9786377]
 [  4.449236   -3.9943836]
 [ 10.259149   -9.808318 ]]
2025-12-21 21:26:50,339 - [INFO] - ------------------------------------------------------------
2025-12-21 21:26:50,339 - [INFO] - On Validation Set:
	Accuracy of RRL  Model: 0.8887353144436766
	F1 Score of RRL  Model: 0.47054518843761434
2025-12-21 21:26:50,345 - [INFO] - On Validation Set:
Performance of  RRL Model: 
[[1286    0]
 [ 161    0]]
              precision    recall  f1-score   support

           0       0.89      1.00      0.94      1286
           1       0.00      0.00      0.00       161

    accuracy                           0.89      1447
   macro avg       0.44      0.50      0.47      1447
weighted avg       0.79      0.89      0.84      1447

2025-12-21 21:26:50,345 - [INFO] - ------------------------------------------------------------
2025-12-21 21:26:51,637 - [INFO] - epoch: 16, loss_rrl: 119.7233266774565
2025-12-21 21:26:52,280 - [DEBUG] - y_true: (1447,) [0 0 0 0 0 1 0 0 0 0 0 0 0 0 0 0 0 1 0 0 0 0 0 0 1 0 0 0 0 0 0 0 0 0 0 0 0
 0 1 1 0]
2025-12-21 21:26:52,430 - [DEBUG] - y_rrl_: (1447,) [0 1 0 0 0 1 0 0 0 0 1 0 0 0 0 0 0 1 0 0 0 0 0 0 1 1 0 0 0 0 0 0 1 1 0 0 0
 0 1 1 0]
2025-12-21 21:26:52,430 - [DEBUG] - y_rrl: (1447, 2) [[ 7.058936   -6.613401  ]
 [-0.70240015  1.152622  ]
 [ 6.254505   -5.808977  ]
 [ 6.254505   -5.808977  ]
 [ 7.058936   -6.613401  ]
 [-1.5068308   1.9570453 ]
 [ 7.058936   -6.613401  ]
 [ 6.254505   -5.808977  ]
 [ 7.058936   -6.613401  ]
 [ 1.8568381  -1.4092988 ]
 [-0.09293811  0.5422672 ]
 [ 4.3047295  -3.857412  ]
 [ 6.09901    -5.6525497 ]
 [ 6.09901    -5.6525497 ]
 [ 4.762256   -4.315262  ]
 [ 6.09901    -5.6525497 ]
 [ 6.254505   -5.808977  ]
 [-0.09293811  0.5422672 ]
 [ 2.8908362  -2.442634  ]
 [ 1.5779477  -1.1293592 ]
 [ 7.058936   -6.613401  ]
 [ 6.09901    -5.6525497 ]
 [ 7.058936   -6.613401  ]
 [ 6.09901    -5.6525497 ]
 [-3.0363731   3.4875786 ]
 [-1.5068308   1.9570453 ]
 [ 3.4382737  -2.9902093 ]
 [ 6.09901    -5.6525497 ]
 [ 2.3823783  -1.9337823 ]
 [ 6.254505   -5.808977  ]
 [ 7.058936   -6.613401  ]
 [ 5.294579   -4.848126  ]
 [-0.09293811  0.5422672 ]
 [-0.09293811  0.5422672 ]
 [ 7.058936   -6.613401  ]
 [ 7.058936   -6.613401  ]
 [ 7.058936   -6.613401  ]
 [ 6.09901    -5.6525497 ]
 [-0.09293811  0.5422672 ]
 [ 0.17180051  0.27766225]
 [ 6.254505   -5.808977  ]]
2025-12-21 21:26:52,432 - [INFO] - ------------------------------------------------------------
2025-12-21 21:26:52,432 - [INFO] - On Validation Set:
	Accuracy of RRL  Model: 0.8866620594333103
	F1 Score of RRL  Model: 0.7470560145984156
2025-12-21 21:26:52,438 - [INFO] - On Validation Set:
Performance of  RRL Model: 
[[1179  107]
 [  57  104]]
              precision    recall  f1-score   support

           0       0.95      0.92      0.93      1286
           1       0.49      0.65      0.56       161

    accuracy                           0.89      1447
   macro avg       0.72      0.78      0.75      1447
weighted avg       0.90      0.89      0.89      1447

2025-12-21 21:26:52,438 - [INFO] - ------------------------------------------------------------
2025-12-21 21:26:53,231 - [INFO] - epoch: 17, loss_rrl: 118.76352764852345
2025-12-21 21:26:54,108 - [DEBUG] - y_true: (1447,) [0 0 0 0 0 1 0 0 0 0 0 0 0 0 0 0 0 1 0 0 0 0 0 0 1 0 0 0 0 0 0 0 0 0 0 0 0
 0 1 1 0]
2025-12-21 21:26:54,257 - [DEBUG] - y_rrl_: (1447,) [0 0 0 0 0 1 0 0 0 0 1 0 0 0 0 0 0 1 0 0 0 0 0 0 1 1 0 0 0 0 0 0 1 1 0 0 0
 0 1 0 0]
2025-12-21 21:26:54,258 - [DEBUG] - y_rrl: (1447, 2) [[ 7.9940634  -7.5541863 ]
 [ 1.2680495  -0.8243045 ]
 [ 7.1455116  -6.7056427 ]
 [ 7.1455116  -6.7056427 ]
 [ 7.9940634  -7.5541863 ]
 [-1.6914374   2.1351516 ]
 [ 7.9940634  -7.5541863 ]
 [ 7.1455116  -6.7056427 ]
 [ 7.9940634  -7.5541863 ]
 [ 1.8246006  -1.383512  ]
 [-0.21892849  0.6617813 ]
 [ 5.101982   -4.6603503 ]
 [ 6.9851227  -6.544336  ]
 [ 6.9851227  -6.544336  ]
 [ 6.9851227  -6.544336  ]
 [ 6.9851227  -6.544336  ]
 [ 5.034576   -4.5947304 ]
 [-0.21892849  0.6617813 ]
 [ 4.4265428  -3.9856524 ]
 [ 5.101982   -4.6603503 ]
 [ 7.9940634  -7.5541863 ]
 [ 6.9851227  -6.544336  ]
 [ 7.9940634  -7.5541863 ]
 [ 6.9851227  -6.544336  ]
 [-2.568557    3.0139894 ]
 [-1.6914374   2.1351516 ]
 [ 4.175425   -3.7330642 ]
 [ 6.9851227  -6.544336  ]
 [ 5.9505334  -5.5088935 ]
 [ 7.1455116  -6.7056427 ]
 [ 7.9940634  -7.5541863 ]
 [ 6.1365714  -5.695792  ]
 [-0.21892849  0.6617813 ]
 [-0.21892849  0.6617813 ]
 [ 7.9940634  -7.5541863 ]
 [ 7.9940634  -7.5541863 ]
 [ 7.9940634  -7.5541863 ]
 [ 6.9851227  -6.544336  ]
 [-0.21892849  0.6617813 ]
 [ 0.7870924  -0.34336665]
 [ 7.1455116  -6.7056427 ]]
2025-12-21 21:26:54,260 - [INFO] - ------------------------------------------------------------
2025-12-21 21:26:54,260 - [INFO] - On Validation Set:
	Accuracy of RRL  Model: 0.8790601243953006
	F1 Score of RRL  Model: 0.7319306603149398
2025-12-21 21:26:54,266 - [INFO] - On Validation Set:
Performance of  RRL Model: 
[[1172  114]
 [  61  100]]
              precision    recall  f1-score   support

           0       0.95      0.91      0.93      1286
           1       0.47      0.62      0.53       161

    accuracy                           0.88      1447
   macro avg       0.71      0.77      0.73      1447
weighted avg       0.90      0.88      0.89      1447

2025-12-21 21:26:54,266 - [INFO] - ------------------------------------------------------------
2025-12-21 21:26:54,837 - [INFO] - epoch: 18, loss_rrl: 118.27960857190192
2025-12-21 21:26:55,946 - [DEBUG] - y_true: (1447,) [0 0 0 0 0 1 0 0 0 0 0 0 0 0 0 0 0 1 0 0 0 0 0 0 1 0 0 0 0 0 0 0 0 0 0 0 0
 0 1 1 0]
2025-12-21 21:26:56,095 - [DEBUG] - y_rrl_: (1447,) [0 1 0 0 0 0 0 0 0 0 0 0 0 0 0 0 0 0 0 0 0 0 0 0 1 0 0 0 0 0 0 0 0 0 0 0 0
 0 0 0 0]
2025-12-21 21:26:56,095 - [DEBUG] - y_rrl: (1447, 2) [[ 9.543531   -9.109635  ]
 [ 0.18789664  0.2504695 ]
 [ 7.138889   -6.7044907 ]
 [ 8.012028   -7.5776224 ]
 [ 9.543531   -9.109635  ]
 [ 1.0521282  -0.6153292 ]
 [ 9.543531   -9.109635  ]
 [ 8.670392   -8.236503  ]
 [ 9.543531   -9.109635  ]
 [ 4.0386834  -3.6036117 ]
 [ 1.0521282  -0.6153292 ]
 [ 7.430116   -6.9944835 ]
 [ 7.6292253  -7.1944375 ]
 [ 7.6292253  -7.1944375 ]
 [ 6.0977216  -5.6624255 ]
 [ 7.6292253  -7.1944375 ]
 [ 7.9901357  -7.5569763 ]
 [ 1.0521282  -0.6153292 ]
 [ 5.87672    -5.4418263 ]
 [ 5.9799504  -5.5436187 ]
 [ 9.543531   -9.109635  ]
 [ 7.6292253  -7.1944375 ]
 [ 9.543531   -9.109635  ]
 [ 7.6292253  -7.1944375 ]
 [-1.4067403   1.846068  ]
 [ 1.0521282  -0.6153292 ]
 [ 7.430116   -6.9944835 ]
 [ 8.502364   -8.06757   ]
 [ 5.9799504  -5.5436187 ]
 [ 8.670392   -8.236503  ]
 [ 9.543531   -9.109635  ]
 [ 8.502364   -8.06757   ]
 [ 1.0521282  -0.6153292 ]
 [ 1.0521282  -0.6153292 ]
 [ 9.543531   -9.109635  ]
 [ 9.543531   -9.109635  ]
 [ 9.543531   -9.109635  ]
 [ 7.6292253  -7.1944375 ]
 [ 1.0521282  -0.6153292 ]
 [ 1.2099966  -0.77234334]
 [ 8.670392   -8.236503  ]]
2025-12-21 21:26:56,097 - [INFO] - ------------------------------------------------------------
2025-12-21 21:26:56,097 - [INFO] - On Validation Set:
	Accuracy of RRL  Model: 0.9046302695231514
	F1 Score of RRL  Model: 0.6766658462654473
2025-12-21 21:26:56,103 - [INFO] - On Validation Set:
Performance of  RRL Model: 
[[1262   24]
 [ 114   47]]
              precision    recall  f1-score   support

           0       0.92      0.98      0.95      1286
           1       0.66      0.29      0.41       161

    accuracy                           0.90      1447
   macro avg       0.79      0.64      0.68      1447
weighted avg       0.89      0.90      0.89      1447

2025-12-21 21:26:56,103 - [INFO] - ------------------------------------------------------------
2025-12-21 21:26:56,432 - [INFO] - epoch: 19, loss_rrl: 118.21707558073103
2025-12-21 21:26:57,779 - [DEBUG] - y_true: (1447,) [0 0 0 0 0 1 0 0 0 0 0 0 0 0 0 0 0 1 0 0 0 0 0 0 1 0 0 0 0 0 0 0 0 0 0 0 0
 0 1 1 0]
2025-12-21 21:26:57,928 - [DEBUG] - y_rrl_: (1447,) [0 0 0 0 0 1 0 0 0 0 1 0 0 0 0 0 0 1 0 0 0 0 0 0 1 1 0 0 0 0 0 0 1 1 0 0 0
 0 1 0 0]
2025-12-21 21:26:57,929 - [DEBUG] - y_rrl: (1447, 2) [[ 8.394312   -7.9667053 ]
 [ 0.9966738  -0.5653777 ]
 [ 5.8793926  -5.451302  ]
 [ 6.765315   -6.3372164 ]
 [ 8.394312   -7.9667053 ]
 [-0.37707382  0.8075119 ]
 [ 8.394312   -7.9667053 ]
 [ 7.5083885  -7.080791  ]
 [ 8.394312   -7.9667053 ]
 [ 2.7136078  -2.284869  ]
 [-0.37707382  0.8075119 ]
 [ 6.1895514  -5.7602396 ]
 [ 7.3045144  -6.876025  ]
 [ 8.394312   -7.9667053 ]
 [ 6.765315   -6.3372164 ]
 [ 7.3045144  -6.876025  ]
 [ 6.843953   -6.4170737 ]
 [-0.37707382  0.8075119 ]
 [ 5.754156   -5.3263936 ]
 [ 7.2793484  -6.8509197 ]
 [ 8.394312   -7.9667053 ]
 [ 8.394312   -7.9667053 ]
 [ 8.394312   -7.9667053 ]
 [ 8.394312   -7.9667053 ]
 [-2.981997    3.414913  ]
 [-0.37707382  0.8075119 ]
 [ 4.2793775  -3.8493874 ]
 [ 8.394312   -7.9667053 ]
 [ 6.1895514  -5.7602396 ]
 [ 7.5083885  -7.080791  ]
 [ 8.394312   -7.9667053 ]
 [ 7.2793484  -6.8509197 ]
 [-0.37707382  0.8075119 ]
 [-0.37707382  0.8075119 ]
 [ 8.394312   -7.9667053 ]
 [ 8.394312   -7.9667053 ]
 [ 8.394312   -7.9667053 ]
 [ 8.394312   -7.9667053 ]
 [-0.37707382  0.8075119 ]
 [ 0.67259526 -0.24130715]
 [ 7.5083885  -7.080791  ]]
2025-12-21 21:26:57,931 - [INFO] - ------------------------------------------------------------
2025-12-21 21:26:57,931 - [INFO] - On Validation Set:
	Accuracy of RRL  Model: 0.89426399447132
	F1 Score of RRL  Model: 0.725951379768349
2025-12-21 21:26:57,937 - [INFO] - On Validation Set:
Performance of  RRL Model: 
[[1214   72]
 [  81   80]]
              precision    recall  f1-score   support

           0       0.94      0.94      0.94      1286
           1       0.53      0.50      0.51       161

    accuracy                           0.89      1447
   macro avg       0.73      0.72      0.73      1447
weighted avg       0.89      0.89      0.89      1447

2025-12-21 21:26:57,937 - [INFO] - ------------------------------------------------------------
2025-12-21 21:26:58,034 - [INFO] - epoch: 20, loss_rrl: 119.18978844024241
2025-12-21 21:26:59,465 - [INFO] - epoch: 21, loss_rrl: 118.95472303591669
2025-12-21 21:26:59,615 - [DEBUG] - y_true: (1447,) [0 0 0 0 0 1 0 0 0 0 0 0 0 0 0 0 0 1 0 0 0 0 0 0 1 0 0 0 0 0 0 0 0 0 0 0 0
 0 1 1 0]
2025-12-21 21:26:59,764 - [DEBUG] - y_rrl_: (1447,) [0 1 0 0 0 1 0 0 0 0 1 0 0 0 0 0 0 1 0 0 0 0 0 0 1 1 0 0 0 0 0 0 1 1 0 0 0
 0 0 1 0]
2025-12-21 21:26:59,764 - [DEBUG] - y_rrl: (1447, 2) [[ 8.181413   -7.7603526 ]
 [-1.9465781   2.3718896 ]
 [ 7.2750335  -6.8539824 ]
 [ 7.2750335  -6.8539824 ]
 [ 8.181413   -7.7603526 ]
 [-0.23469277  0.6592166 ]
 [ 8.181413   -7.7603526 ]
 [ 7.2750335  -6.8539824 ]
 [ 8.181413   -7.7603526 ]
 [ 2.0602577  -1.6374102 ]
 [-0.23469277  0.6592166 ]
 [ 4.980084   -4.5573545 ]
 [ 6.1522784  -5.730358  ]
 [ 6.1522784  -5.730358  ]
 [ 6.1522784  -5.730358  ]
 [ 6.1522784  -5.730358  ]
 [ 7.2750335  -6.8539824 ]
 [-0.23469277  0.6592166 ]
 [ 3.2681987  -2.8446817 ]
 [ 3.4596364  -3.0362487 ]
 [ 8.181413   -7.7603526 ]
 [ 6.1522784  -5.730358  ]
 [ 8.181413   -7.7603526 ]
 [ 6.1522784  -5.730358  ]
 [-3.588781    4.0150256 ]
 [-0.23469277  0.6592166 ]
 [ 2.9903276  -2.5669403 ]
 [ 6.1522784  -5.730358  ]
 [ 3.4596364  -3.0362487 ]
 [ 7.2750335  -6.8539824 ]
 [ 8.181413   -7.7603526 ]
 [ 6.1522784  -5.730358  ]
 [-0.23469277  0.6592166 ]
 [-0.23469277  0.6592166 ]
 [ 8.181413   -7.7603526 ]
 [ 7.2750335  -6.8539824 ]
 [ 8.181413   -7.7603526 ]
 [ 6.1522784  -5.730358  ]
 [ 0.9375028  -0.5137859 ]
 [-0.7047004   1.1293497 ]
 [ 7.2750335  -6.8539824 ]]
2025-12-21 21:26:59,766 - [INFO] - ------------------------------------------------------------
2025-12-21 21:26:59,767 - [INFO] - On Validation Set:
	Accuracy of RRL  Model: 0.8838977194194886
	F1 Score of RRL  Model: 0.7269811320754718
2025-12-21 21:26:59,772 - [INFO] - On Validation Set:
Performance of  RRL Model: 
[[1188   98]
 [  70   91]]
              precision    recall  f1-score   support

           0       0.94      0.92      0.93      1286
           1       0.48      0.57      0.52       161

    accuracy                           0.88      1447
   macro avg       0.71      0.74      0.73      1447
weighted avg       0.89      0.88      0.89      1447

2025-12-21 21:26:59,772 - [INFO] - ------------------------------------------------------------
2025-12-21 21:27:01,106 - [INFO] - epoch: 22, loss_rrl: 119.42963982373476
2025-12-21 21:27:01,510 - [DEBUG] - y_true: (1447,) [0 0 0 0 0 1 0 0 0 0 0 0 0 0 0 0 0 1 0 0 0 0 0 0 1 0 0 0 0 0 0 0 0 0 0 0 0
 0 1 1 0]
2025-12-21 21:27:01,659 - [DEBUG] - y_rrl_: (1447,) [0 0 0 0 0 0 0 0 0 0 0 0 0 0 0 0 0 0 0 0 0 0 0 0 0 0 0 0 0 0 0 0 0 0 0 0 0
 0 0 0 0]
2025-12-21 21:27:01,659 - [DEBUG] - y_rrl: (1447, 2) [[ 12.031114  -11.616853 ]
 [  4.0990996  -3.6813357]
 [  9.299192   -8.884475 ]
 [  9.299192   -8.884475 ]
 [ 12.031114  -11.616853 ]
 [  1.5981814  -1.1797848]
 [ 12.031114  -11.616853 ]
 [ 11.106547  -10.692295 ]
 [ 12.031114  -11.616853 ]
 [  5.6436567  -5.2276654]
 [  4.4158535  -3.9990706]
 [  9.878745   -9.4637   ]
 [ 10.358114   -9.943091 ]
 [ 12.031114  -11.616853 ]
 [ 12.031114  -11.616853 ]
 [ 12.031114  -11.616853 ]
 [ 11.106547  -10.692295 ]
 [  4.4158535  -3.9990706]
 [  8.734073   -8.318176 ]
 [  8.734073   -8.318176 ]
 [ 12.031114  -11.616853 ]
 [ 12.031114  -11.616853 ]
 [ 12.031114  -11.616853 ]
 [ 12.031114  -11.616853 ]
 [  1.5959061  -1.1773508]
 [  1.5981814  -1.1797848]
 [  8.724128   -8.308443 ]
 [ 12.031114  -11.616853 ]
 [ 10.803309  -10.388258 ]
 [ 11.106547  -10.692295 ]
 [ 12.031114  -11.616853 ]
 [  9.961875   -9.546771 ]
 [  4.4158535  -3.9990706]
 [  4.4158535  -3.9990706]
 [ 12.031114  -11.616853 ]
 [ 12.031114  -11.616853 ]
 [ 12.031114  -11.616853 ]
 [ 12.031114  -11.616853 ]
 [  4.4158535  -3.9990706]
 [  4.892947   -4.476028 ]
 [ 11.106547  -10.692295 ]]
2025-12-21 21:27:01,661 - [INFO] - ------------------------------------------------------------
2025-12-21 21:27:01,662 - [INFO] - On Validation Set:
	Accuracy of RRL  Model: 0.8970283344851416
	F1 Score of RRL  Model: 0.5563587353519142
2025-12-21 21:27:01,667 - [INFO] - On Validation Set:
Performance of  RRL Model: 
[[1283    3]
 [ 146   15]]
              precision    recall  f1-score   support

           0       0.90      1.00      0.95      1286
           1       0.83      0.09      0.17       161

    accuracy                           0.90      1447
   macro avg       0.87      0.55      0.56      1447
weighted avg       0.89      0.90      0.86      1447

2025-12-21 21:27:01,668 - [INFO] - ------------------------------------------------------------
2025-12-21 21:27:02,733 - [INFO] - epoch: 23, loss_rrl: 119.17941754683852
2025-12-21 21:27:03,346 - [DEBUG] - y_true: (1447,) [0 0 0 0 0 1 0 0 0 0 0 0 0 0 0 0 0 1 0 0 0 0 0 0 1 0 0 0 0 0 0 0 0 0 0 0 0
 0 1 1 0]
2025-12-21 21:27:03,496 - [DEBUG] - y_rrl_: (1447,) [0 0 0 0 0 0 0 0 0 0 0 0 0 0 0 0 0 0 0 0 0 0 0 0 1 0 0 0 0 0 0 0 0 0 0 0 0
 0 0 0 0]
2025-12-21 21:27:03,496 - [DEBUG] - y_rrl: (1447, 2) [[ 10.510941   -10.103721  ]
 [  0.75056577  -0.33931458]
 [  9.548537    -9.141325  ]
 [ 10.510941   -10.103721  ]
 [ 10.510941   -10.103721  ]
 [  1.4014618   -0.9909557 ]
 [ 10.510941   -10.103721  ]
 [  9.548537    -9.141325  ]
 [ 10.510941   -10.103721  ]
 [  4.8196754   -4.410774  ]
 [  2.5794158   -2.1697452 ]
 [  9.233084    -8.825088  ]
 [ 10.510941   -10.103721  ]
 [ 10.510941   -10.103721  ]
 [  8.610619    -8.202948  ]
 [ 10.510941   -10.103721  ]
 [  9.548537    -9.141325  ]
 [  2.5794158   -2.1697452 ]
 [  5.479425    -5.069865  ]
 [  6.4135756   -6.0041237 ]
 [ 10.510941   -10.103721  ]
 [ 10.510941   -10.103721  ]
 [ 10.510941   -10.103721  ]
 [ 10.510941   -10.103721  ]
 [ -1.933304     2.345453  ]
 [  1.4014618   -0.9909557 ]
 [  7.083696    -6.67509   ]
 [ 10.510941   -10.103721  ]
 [  7.59153     -7.182913  ]
 [  9.548537    -9.141325  ]
 [ 10.510941   -10.103721  ]
 [  9.332986    -8.924932  ]
 [  2.5794158   -2.1697452 ]
 [  2.5794158   -2.1697452 ]
 [ 10.510941   -10.103721  ]
 [ 10.510941   -10.103721  ]
 [ 10.510941   -10.103721  ]
 [ 10.510941   -10.103721  ]
 [  2.5794158   -2.1697452 ]
 [  3.0982094   -2.6884024 ]
 [  9.548537    -9.141325  ]]
2025-12-21 21:27:03,498 - [INFO] - ------------------------------------------------------------
2025-12-21 21:27:03,498 - [INFO] - On Validation Set:
	Accuracy of RRL  Model: 0.9032480995162405
	F1 Score of RRL  Model: 0.6556401713469776
2025-12-21 21:27:03,504 - [INFO] - On Validation Set:
Performance of  RRL Model: 
[[1267   19]
 [ 121   40]]
              precision    recall  f1-score   support

           0       0.91      0.99      0.95      1286
           1       0.68      0.25      0.36       161

    accuracy                           0.90      1447
   macro avg       0.80      0.62      0.66      1447
weighted avg       0.89      0.90      0.88      1447

2025-12-21 21:27:03,504 - [INFO] - ------------------------------------------------------------
2025-12-21 21:27:04,328 - [INFO] - epoch: 24, loss_rrl: 118.25332277081907
2025-12-21 21:27:05,464 - [DEBUG] - y_true: (1447,) [0 0 0 0 0 1 0 0 0 0 0 0 0 0 0 0 0 1 0 0 0 0 0 0 1 0 0 0 0 0 0 0 0 0 0 0 0
 0 1 1 0]
2025-12-21 21:27:05,613 - [DEBUG] - y_rrl_: (1447,) [0 1 0 0 0 1 0 0 0 0 1 0 0 0 0 0 0 1 0 0 0 0 0 0 1 1 0 0 0 0 0 0 1 1 0 0 0
 0 1 0 0]
2025-12-21 21:27:05,614 - [DEBUG] - y_rrl: (1447, 2) [[10.193023   -9.793078  ]
 [ 0.18881531  0.2150447 ]
 [ 9.19971    -8.799774  ]
 [ 9.19971    -8.799774  ]
 [10.193023   -9.793078  ]
 [-1.4372429   1.8404305 ]
 [10.193023   -9.793078  ]
 [ 9.19971    -8.799774  ]
 [10.193023   -9.793078  ]
 [ 2.6863616  -2.2854671 ]
 [-0.19692954  0.5992998 ]
 [ 6.316419   -5.915007  ]
 [ 8.639235   -8.238576  ]
 [10.193023   -9.793078  ]
 [ 8.218194   -7.817815  ]
 [10.193023   -9.793078  ]
 [ 8.566964   -8.167692  ]
 [-0.19692954  0.5992998 ]
 [ 7.3266506  -6.9265623 ]
 [ 4.936818   -4.5347013 ]
 [10.193023   -9.793078  ]
 [10.193023   -9.793078  ]
 [10.193023   -9.793078  ]
 [10.193023   -9.793078  ]
 [-2.5441608   2.9489028 ]
 [-1.4372429   1.8404305 ]
 [ 5.0970335  -4.695029  ]
 [10.193023   -9.793078  ]
 [ 5.616656   -5.2146344 ]
 [ 9.19971    -8.799774  ]
 [10.193023   -9.793078  ]
 [ 6.629894   -6.2283792 ]
 [-0.19692954  0.5992998 ]
 [-0.19692954  0.5992998 ]
 [10.193023   -9.793078  ]
 [10.193023   -9.793078  ]
 [10.193023   -9.793078  ]
 [10.193023   -9.793078  ]
 [-0.19692954  0.5992998 ]
 [ 1.0189677  -0.61579657]
 [ 9.19971    -8.799774  ]]
2025-12-21 21:27:05,616 - [INFO] - ------------------------------------------------------------
2025-12-21 21:27:05,616 - [INFO] - On Validation Set:
	Accuracy of RRL  Model: 0.8852798894263995
	F1 Score of RRL  Model: 0.7233843106545672
2025-12-21 21:27:05,622 - [INFO] - On Validation Set:
Performance of  RRL Model: 
[[1194   92]
 [  74   87]]
              precision    recall  f1-score   support

           0       0.94      0.93      0.94      1286
           1       0.49      0.54      0.51       161

    accuracy                           0.89      1447
   macro avg       0.71      0.73      0.72      1447
weighted avg       0.89      0.89      0.89      1447

2025-12-21 21:27:05,622 - [INFO] - ------------------------------------------------------------
2025-12-21 21:27:06,212 - [INFO] - epoch: 25, loss_rrl: 118.47693943046033
2025-12-21 21:27:07,303 - [DEBUG] - y_true: (1447,) [0 0 0 0 0 1 0 0 0 0 0 0 0 0 0 0 0 1 0 0 0 0 0 0 1 0 0 0 0 0 0 0 0 0 0 0 0
 0 1 1 0]
2025-12-21 21:27:07,452 - [DEBUG] - y_rrl_: (1447,) [0 0 0 0 0 1 0 0 0 0 0 0 0 0 0 0 0 0 0 0 0 0 0 0 1 1 0 0 0 0 0 0 0 0 0 0 0
 0 0 0 0]
2025-12-21 21:27:07,453 - [DEBUG] - y_rrl: (1447, 2) [[ 11.513837   -11.121359  ]
 [  1.2663991   -0.87012184]
 [ 10.500648   -10.108175  ]
 [ 11.513837   -11.121359  ]
 [ 11.513837   -11.121359  ]
 [ -0.36425504   0.7598763 ]
 [ 11.513837   -11.121359  ]
 [ 10.500648   -10.108175  ]
 [ 11.513837   -11.121359  ]
 [  4.8947096   -4.501314  ]
 [  0.9627779   -0.56795305]
 [  8.595096    -8.201181  ]
 [  9.969489    -9.576318  ]
 [ 11.513837   -11.121359  ]
 [  9.477941    -9.085041  ]
 [ 11.513837   -11.121359  ]
 [  9.8831835   -9.491361  ]
 [  0.9627779   -0.56795305]
 [  8.55615     -8.163531  ]
 [  7.092283    -6.697682  ]
 [ 11.513837   -11.121359  ]
 [ 11.513837   -11.121359  ]
 [ 11.513837   -11.121359  ]
 [ 11.513837   -11.121359  ]
 [ -1.4662746    1.8634204 ]
 [ -0.36425504   0.7598763 ]
 [  6.3494587   -5.9549823 ]
 [ 11.513837   -11.121359  ]
 [  8.419315    -8.025511  ]
 [ 10.500648   -10.108175  ]
 [ 11.513837   -11.121359  ]
 [ 10.186804    -9.7935295 ]
 [  0.9627779   -0.56795305]
 [  0.9627779   -0.56795305]
 [ 11.513837   -11.121359  ]
 [ 11.513837   -11.121359  ]
 [ 11.513837   -11.121359  ]
 [ 11.513837   -11.121359  ]
 [  0.9627779   -0.56795305]
 [  2.248342    -1.8527287 ]
 [ 10.500648   -10.108175  ]]
2025-12-21 21:27:07,455 - [INFO] - ------------------------------------------------------------
2025-12-21 21:27:07,455 - [INFO] - On Validation Set:
	Accuracy of RRL  Model: 0.9067035245335177
	F1 Score of RRL  Model: 0.6873804741824234
2025-12-21 21:27:07,461 - [INFO] - On Validation Set:
Performance of  RRL Model: 
[[1262   24]
 [ 111   50]]
              precision    recall  f1-score   support

           0       0.92      0.98      0.95      1286
           1       0.68      0.31      0.43       161

    accuracy                           0.91      1447
   macro avg       0.80      0.65      0.69      1447
weighted avg       0.89      0.91      0.89      1447

2025-12-21 21:27:07,461 - [INFO] - ------------------------------------------------------------
2025-12-21 21:27:07,823 - [INFO] - epoch: 26, loss_rrl: 117.68562536872923
2025-12-21 21:27:09,320 - [DEBUG] - y_true: (1447,) [0 0 0 0 0 1 0 0 0 0 0 0 0 0 0 0 0 1 0 0 0 0 0 0 1 0 0 0 0 0 0 0 0 0 0 0 0
 0 1 1 0]
2025-12-21 21:27:09,471 - [DEBUG] - y_rrl_: (1447,) [0 1 0 0 0 0 0 0 0 0 0 0 0 0 0 0 0 0 0 0 0 0 0 0 1 0 0 0 0 0 0 0 0 0 0 0 0
 0 0 0 0]
2025-12-21 21:27:09,471 - [DEBUG] - y_rrl: (1447, 2) [[ 11.371804   -10.98692   ]
 [ -0.17313166   0.5616798 ]
 [  8.25687     -7.8715863 ]
 [  8.25687     -7.8715863 ]
 [ 11.371804   -10.98692   ]
 [  0.7788192   -0.39157504]
 [ 11.371804   -10.98692   ]
 [ 10.3481      -9.963222  ]
 [ 11.371804   -10.98692   ]
 [  3.6342566   -3.2485104 ]
 [  0.64675486  -0.259613  ]
 [  7.3605976   -6.9743237 ]
 [ 10.3481      -9.963222  ]
 [ 10.3481      -9.963222  ]
 [  8.25687     -7.8715863 ]
 [ 10.3481      -9.963222  ]
 [  9.742223    -9.357977  ]
 [  0.64675486  -0.259613  ]
 [  8.31646     -7.93144   ]
 [  5.741141    -5.3542047 ]
 [ 11.371804   -10.98692   ]
 [ 10.3481      -9.963222  ]
 [ 11.371804   -10.98692   ]
 [ 10.3481      -9.963222  ]
 [ -1.879276     2.2686849 ]
 [  0.7788192   -0.39157504]
 [  5.0953827   -4.708576  ]
 [ 10.3481      -9.963222  ]
 [  5.6090765   -5.222243  ]
 [ 10.3481      -9.963222  ]
 [ 11.371804   -10.98692   ]
 [  7.492662    -7.1062856 ]
 [  0.64675486  -0.259613  ]
 [  0.64675486  -0.259613  ]
 [ 11.371804   -10.98692   ]
 [ 10.3481      -9.963222  ]
 [ 11.371804   -10.98692   ]
 [ 10.3481      -9.963222  ]
 [  2.0764287   -1.6900111 ]
 [  0.9761609   -0.58825076]
 [ 10.3481      -9.963222  ]]
2025-12-21 21:27:09,473 - [INFO] - ------------------------------------------------------------
2025-12-21 21:27:09,473 - [INFO] - On Validation Set:
	Accuracy of RRL  Model: 0.8963372494816862
	F1 Score of RRL  Model: 0.6786006207354056
2025-12-21 21:27:09,479 - [INFO] - On Validation Set:
Performance of  RRL Model: 
[[1244   42]
 [ 108   53]]
              precision    recall  f1-score   support

           0       0.92      0.97      0.94      1286
           1       0.56      0.33      0.41       161

    accuracy                           0.90      1447
   macro avg       0.74      0.65      0.68      1447
weighted avg       0.88      0.90      0.88      1447

2025-12-21 21:27:09,480 - [INFO] - ------------------------------------------------------------
2025-12-21 21:27:09,622 - [INFO] - epoch: 27, loss_rrl: 117.40609988942742
2025-12-21 21:27:11,178 - [INFO] - epoch: 28, loss_rrl: 118.83558637648821
2025-12-21 21:27:11,303 - [DEBUG] - y_true: (1447,) [0 0 0 0 0 1 0 0 0 0 0 0 0 0 0 0 0 1 0 0 0 0 0 0 1 0 0 0 0 0 0 0 0 0 0 0 0
 0 1 1 0]
2025-12-21 21:27:11,452 - [DEBUG] - y_rrl_: (1447,) [0 0 0 0 0 0 0 0 0 0 0 0 0 0 0 0 0 0 0 0 0 0 0 0 1 0 0 0 0 0 0 0 0 0 0 0 0
 0 0 0 0]
2025-12-21 21:27:11,452 - [DEBUG] - y_rrl: (1447, 2) [[ 12.482202  -12.105033 ]
 [  1.679443   -1.2987248]
 [ 11.449542  -11.07238  ]
 [ 11.449542  -11.07238  ]
 [ 12.482202  -12.105033 ]
 [  1.5581392  -1.1786929]
 [ 12.482202  -12.105033 ]
 [ 11.449542  -11.07238  ]
 [ 12.482202  -12.105033 ]
 [  4.56333    -4.1853437]
 [  3.0808992  -2.7022045]
 [  9.9671135  -9.58924  ]
 [ 10.959441  -10.581521 ]
 [ 12.482202  -12.105033 ]
 [ 12.482202  -12.105033 ]
 [ 12.482202  -12.105033 ]
 [ 10.811332  -10.434786 ]
 [  3.0808992  -2.7022045]
 [  7.7390056  -7.361058 ]
 [  8.16081    -7.782399 ]
 [ 12.482202  -12.105033 ]
 [ 12.482202  -12.105033 ]
 [ 12.482202  -12.105033 ]
 [ 12.482202  -12.105033 ]
 [ -1.0636793   1.4452376]
 [  1.5581392  -1.1786929]
 [  8.675668   -8.297279 ]
 [ 12.482202  -12.105033 ]
 [  9.19347    -8.815052 ]
 [ 11.449542  -11.07238  ]
 [ 12.482202  -12.105033 ]
 [  8.417547   -8.039024 ]
 [  3.0808992  -2.7022045]
 [  3.0808992  -2.7022045]
 [ 12.482202  -12.105033 ]
 [ 12.482202  -12.105033 ]
 [ 12.482202  -12.105033 ]
 [ 12.482202  -12.105033 ]
 [  4.56333    -4.1853437]
 [  4.5237365  -4.144281 ]
 [ 11.449542  -11.07238  ]]
2025-12-21 21:27:11,455 - [INFO] - ------------------------------------------------------------
2025-12-21 21:27:11,455 - [INFO] - On Validation Set:
	Accuracy of RRL  Model: 0.8997926744989634
	F1 Score of RRL  Model: 0.6357283609816228
2025-12-21 21:27:11,461 - [INFO] - On Validation Set:
Performance of  RRL Model: 
[[1267   19]
 [ 126   35]]
              precision    recall  f1-score   support

           0       0.91      0.99      0.95      1286
           1       0.65      0.22      0.33       161

    accuracy                           0.90      1447
   macro avg       0.78      0.60      0.64      1447
weighted avg       0.88      0.90      0.88      1447

2025-12-21 21:27:11,461 - [INFO] - ------------------------------------------------------------
2025-12-21 21:27:12,876 - [INFO] - epoch: 29, loss_rrl: 118.7596017215401
2025-12-21 21:27:13,245 - [DEBUG] - y_true: (1447,) [0 0 0 0 0 1 0 0 0 0 0 0 0 0 0 0 0 1 0 0 0 0 0 0 1 0 0 0 0 0 0 0 0 0 0 0 0
 0 1 1 0]
2025-12-21 21:27:13,394 - [DEBUG] - y_rrl_: (1447,) [0 0 0 0 0 0 0 0 0 0 0 0 0 0 0 0 0 0 0 0 0 0 0 0 1 0 0 0 0 0 0 0 0 0 0 0 0
 0 0 0 0]
2025-12-21 21:27:13,394 - [DEBUG] - y_rrl: (1447, 2) [[ 13.868527   -13.499167  ]
 [  4.7104325   -4.338165  ]
 [ 11.779162   -11.4094305 ]
 [ 11.779162   -11.4094305 ]
 [ 13.868527   -13.499167  ]
 [  2.29146     -1.9178822 ]
 [ 13.868527   -13.499167  ]
 [ 13.868527   -13.499167  ]
 [ 13.868527   -13.499167  ]
 [  6.4948397   -6.1226745 ]
 [  2.3897872   -2.0163076 ]
 [  9.763476    -9.392802  ]
 [ 13.868527   -13.499167  ]
 [ 13.868527   -13.499167  ]
 [ 13.868527   -13.499167  ]
 [ 12.340915   -11.970923  ]
 [ 12.820545   -12.449758  ]
 [  2.3897872   -2.0163076 ]
 [  9.679778    -9.309065  ]
 [ 11.291089   -10.921046  ]
 [ 13.868527   -13.499167  ]
 [ 13.868527   -13.499167  ]
 [ 13.868527   -13.499167  ]
 [ 13.868527   -13.499167  ]
 [  0.08694316   0.2866665 ]
 [  2.29146     -1.9178822 ]
 [  8.42574     -8.054572  ]
 [ 13.868527   -13.499167  ]
 [ 12.326285   -11.956236  ]
 [ 13.868527   -13.499167  ]
 [ 13.868527   -13.499167  ]
 [ 11.305717   -10.935735  ]
 [  2.3897872   -2.0163076 ]
 [  2.3897872   -2.0163076 ]
 [ 13.868527   -13.499167  ]
 [ 13.868527   -13.499167  ]
 [ 13.868527   -13.499167  ]
 [ 13.868527   -13.499167  ]
 [  2.3897872   -2.0163076 ]
 [  4.2903233   -3.918125  ]
 [ 13.868527   -13.499167  ]]
2025-12-21 21:27:13,396 - [INFO] - ------------------------------------------------------------
2025-12-21 21:27:13,396 - [INFO] - On Validation Set:
	Accuracy of RRL  Model: 0.8949550794747754
	F1 Score of RRL  Model: 0.5352772143340094
2025-12-21 21:27:13,402 - [INFO] - On Validation Set:
Performance of  RRL Model: 
[[1284    2]
 [ 150   11]]
              precision    recall  f1-score   support

           0       0.90      1.00      0.94      1286
           1       0.85      0.07      0.13       161

    accuracy                           0.89      1447
   macro avg       0.87      0.53      0.54      1447
weighted avg       0.89      0.89      0.85      1447

2025-12-21 21:27:13,402 - [INFO] - ------------------------------------------------------------
2025-12-21 21:27:14,562 - [INFO] - epoch: 30, loss_rrl: 118.846401643008
2025-12-21 21:27:15,175 - [DEBUG] - y_true: (1447,) [0 0 0 0 0 1 0 0 0 0 0 0 0 0 0 0 0 1 0 0 0 0 0 0 1 0 0 0 0 0 0 0 0 0 0 0 0
 0 1 1 0]
2025-12-21 21:27:15,323 - [DEBUG] - y_rrl_: (1447,) [0 0 0 0 0 0 0 0 0 0 0 0 0 0 0 0 0 0 0 0 0 0 0 0 1 0 0 0 0 0 0 0 0 0 0 0 0
 0 0 0 0]
2025-12-21 21:27:15,324 - [DEBUG] - y_rrl: (1447, 2) [[ 13.150509  -12.788938 ]
 [  1.8618026  -1.4969293]
 [ 12.108092  -11.746527 ]
 [ 12.108092  -11.746527 ]
 [ 13.150509  -12.788938 ]
 [  2.3148339  -1.9505776]
 [ 13.150509  -12.788938 ]
 [ 12.108092  -11.746527 ]
 [ 13.150509  -12.788938 ]
 [  5.638531   -5.275648 ]
 [  2.5488253  -2.1846607]
 [  9.018387   -8.6555395]
 [ 13.150509  -12.788938 ]
 [ 11.655062  -11.29288  ]
 [  9.551954   -9.189414 ]
 [ 11.655062  -11.29288  ]
 [ 12.108092  -11.746527 ]
 [  2.5488253  -2.1846607]
 [  8.883205   -8.520327 ]
 [  7.0777235  -6.714379 ]
 [ 13.150509  -12.788938 ]
 [ 11.655062  -11.29288  ]
 [ 13.150509  -12.788938 ]
 [ 11.655062  -11.29288  ]
 [ -0.9310346   1.2967118]
 [  2.3148339  -1.9505776]
 [  7.6350107  -7.2716975]
 [ 11.655062  -11.29288  ]
 [  8.120139   -7.7567887]
 [ 12.108092  -11.746527 ]
 [ 13.150509  -12.788938 ]
 [ 10.612645  -10.250468 ]
 [  2.5488253  -2.1846607]
 [  2.5488253  -2.1846607]
 [ 13.150509  -12.788938 ]
 [ 13.150509  -12.788938 ]
 [ 13.150509  -12.788938 ]
 [ 11.655062  -11.29288  ]
 [  4.1430836  -3.77959  ]
 [  3.4350786  -3.0707686]
 [ 12.108092  -11.746527 ]]
2025-12-21 21:27:15,326 - [INFO] - ------------------------------------------------------------
2025-12-21 21:27:15,326 - [INFO] - On Validation Set:
	Accuracy of RRL  Model: 0.8956461644782309
	F1 Score of RRL  Model: 0.5550439565586607
2025-12-21 21:27:15,332 - [INFO] - On Validation Set:
Performance of  RRL Model: 
[[1281    5]
 [ 146   15]]
              precision    recall  f1-score   support

           0       0.90      1.00      0.94      1286
           1       0.75      0.09      0.17       161

    accuracy                           0.90      1447
   macro avg       0.82      0.54      0.56      1447
weighted avg       0.88      0.90      0.86      1447

2025-12-21 21:27:15,332 - [INFO] - ------------------------------------------------------------
2025-12-21 21:27:16,243 - [INFO] - epoch: 31, loss_rrl: 117.56647467985749
2025-12-21 21:27:17,101 - [DEBUG] - y_true: (1447,) [0 0 0 0 0 1 0 0 0 0 0 0 0 0 0 0 0 1 0 0 0 0 0 0 1 0 0 0 0 0 0 0 0 0 0 0 0
 0 1 1 0]
2025-12-21 21:27:17,248 - [DEBUG] - y_rrl_: (1447,) [0 0 0 0 0 0 0 0 0 0 0 0 0 0 0 0 0 0 0 0 0 0 0 0 1 0 0 0 0 0 0 0 0 0 0 0 0
 0 0 0 0]
2025-12-21 21:27:17,249 - [DEBUG] - y_rrl: (1447, 2) [[ 12.237407   -11.883647  ]
 [  0.7469054   -0.3899699 ]
 [ 11.177722   -10.82397   ]
 [ 11.177722   -10.82397   ]
 [ 12.237407   -11.883647  ]
 [  0.3938014   -0.03802805]
 [ 12.237407   -11.883647  ]
 [ 11.177722   -10.82397   ]
 [ 12.237407   -11.883647  ]
 [  3.8119962   -3.4575524 ]
 [  0.6931687   -0.33748215]
 [  8.05889     -7.703902  ]
 [ 12.237407   -11.883647  ]
 [ 12.237407   -11.883647  ]
 [ 10.125911    -9.77181   ]
 [ 10.753854   -10.399504  ]
 [ 10.40075    -10.047563  ]
 [  0.6931687   -0.33748215]
 [  7.1342764   -6.779823  ]
 [  7.5394697   -7.1845913 ]
 [ 12.237407   -11.883647  ]
 [ 12.237407   -11.883647  ]
 [ 12.237407   -11.883647  ]
 [ 12.237407   -11.883647  ]
 [ -2.0853868    2.4431047 ]
 [  0.3938014   -0.03802805]
 [  6.6442904   -6.28886   ]
 [ 12.237407   -11.883647  ]
 [  8.599155    -8.244268  ]
 [ 11.177722   -10.82397   ]
 [ 12.237407   -11.883647  ]
 [  8.05889     -7.703902  ]
 [  0.6931687   -0.33748215]
 [  0.6931687   -0.33748215]
 [ 12.237407   -11.883647  ]
 [ 12.237407   -11.883647  ]
 [ 12.237407   -11.883647  ]
 [ 12.237407   -11.883647  ]
 [  0.6931687   -0.33748215]
 [  2.392493    -2.036098  ]
 [ 11.177722   -10.82397   ]]
2025-12-21 21:27:17,251 - [INFO] - ------------------------------------------------------------
2025-12-21 21:27:17,251 - [INFO] - On Validation Set:
	Accuracy of RRL  Model: 0.9060124395300622
	F1 Score of RRL  Model: 0.6956510980513455
2025-12-21 21:27:17,257 - [INFO] - On Validation Set:
Performance of  RRL Model: 
[[1257   29]
 [ 107   54]]
              precision    recall  f1-score   support

           0       0.92      0.98      0.95      1286
           1       0.65      0.34      0.44       161

    accuracy                           0.91      1447
   macro avg       0.79      0.66      0.70      1447
weighted avg       0.89      0.91      0.89      1447

2025-12-21 21:27:17,257 - [INFO] - ------------------------------------------------------------
2025-12-21 21:27:17,923 - [INFO] - epoch: 32, loss_rrl: 118.21244112029672
2025-12-21 21:27:19,027 - [DEBUG] - y_true: (1447,) [0 0 0 0 0 1 0 0 0 0 0 0 0 0 0 0 0 1 0 0 0 0 0 0 1 0 0 0 0 0 0 0 0 0 0 0 0
 0 1 1 0]
2025-12-21 21:27:19,176 - [DEBUG] - y_rrl_: (1447,) [0 0 0 0 0 1 0 0 0 0 1 0 0 0 0 0 0 1 0 0 0 0 0 0 1 1 0 0 0 0 0 0 1 1 0 0 0
 0 0 0 0]
2025-12-21 21:27:19,176 - [DEBUG] - y_rrl: (1447, 2) [[ 13.446428   -13.100467  ]
 [  1.8426788   -1.4936534 ]
 [ 10.241932    -9.895642  ]
 [ 11.322708   -10.976413  ]
 [ 13.446428   -13.100467  ]
 [ -0.08307856   0.43155152]
 [ 13.446428   -13.100467  ]
 [ 12.365651   -12.019696  ]
 [ 13.446428   -13.100467  ]
 [  5.9333487   -5.5867248 ]
 [ -0.08307856   0.43155152]
 [  8.510781    -8.162963  ]
 [ 10.196139    -9.848954  ]
 [ 13.446428   -13.100467  ]
 [ 11.322708   -10.976413  ]
 [ 10.196139    -9.848954  ]
 [ 11.520671   -11.1752615 ]
 [ -0.08307856   0.43155152]
 [  8.270382    -7.9237494 ]
 [ 11.76107    -11.414475  ]
 [ 13.446428   -13.100467  ]
 [ 13.446428   -13.100467  ]
 [ 13.446428   -13.100467  ]
 [ 13.446428   -13.100467  ]
 [ -1.0707324    1.4205233 ]
 [ -0.08307856   0.43155152]
 [  6.0032196   -5.6549845 ]
 [ 13.446428   -13.100467  ]
 [  9.984367    -9.63712   ]
 [ 12.365651   -12.019696  ]
 [ 13.446428   -13.100467  ]
 [ 11.972842   -11.626309  ]
 [ -0.08307856   0.43155152]
 [ -0.08307856   0.43155152]
 [ 13.446428   -13.100467  ]
 [ 13.446428   -13.100467  ]
 [ 13.446428   -13.100467  ]
 [ 13.446428   -13.100467  ]
 [  1.6022818   -1.2544414 ]
 [  1.6954043   -1.3462402 ]
 [ 12.365651   -12.019696  ]]
2025-12-21 21:27:19,178 - [INFO] - ------------------------------------------------------------
2025-12-21 21:27:19,178 - [INFO] - On Validation Set:
	Accuracy of RRL  Model: 0.8984105044920525
	F1 Score of RRL  Model: 0.6698054775509823
2025-12-21 21:27:19,184 - [INFO] - On Validation Set:
Performance of  RRL Model: 
[[1252   34]
 [ 113   48]]
              precision    recall  f1-score   support

           0       0.92      0.97      0.94      1286
           1       0.59      0.30      0.40       161

    accuracy                           0.90      1447
   macro avg       0.75      0.64      0.67      1447
weighted avg       0.88      0.90      0.88      1447

2025-12-21 21:27:19,184 - [INFO] - ------------------------------------------------------------
2025-12-21 21:27:19,603 - [INFO] - epoch: 33, loss_rrl: 117.66162672638893
2025-12-21 21:27:20,961 - [DEBUG] - y_true: (1447,) [0 0 0 0 0 1 0 0 0 0 0 0 0 0 0 0 0 1 0 0 0 0 0 0 1 0 0 0 0 0 0 0 0 0 0 0 0
 0 1 1 0]
2025-12-21 21:27:21,109 - [DEBUG] - y_rrl_: (1447,) [0 0 0 0 0 0 0 0 0 0 0 0 0 0 0 0 0 0 0 0 0 0 0 0 1 0 0 0 0 0 0 0 0 0 0 0 0
 0 0 0 0]
2025-12-21 21:27:21,110 - [DEBUG] - y_rrl: (1447, 2) [[ 12.801042   -12.462824  ]
 [  1.0789346   -0.73776126]
 [  9.583266    -9.244729  ]
 [  9.583266    -9.244729  ]
 [ 12.801042   -12.462824  ]
 [  2.6986644   -2.358898  ]
 [ 12.801042   -12.462824  ]
 [ 11.716195   -11.377983  ]
 [ 12.801042   -12.462824  ]
 [  6.185684    -5.847158  ]
 [  2.9644825   -2.6247919 ]
 [  8.494995    -8.155611  ]
 [ 11.048131   -10.709286  ]
 [ 12.801042   -12.462824  ]
 [ 10.668113   -10.329569  ]
 [ 11.31395    -10.975179  ]
 [ 10.800748   -10.463067  ]
 [  2.9644825   -2.6247919 ]
 [  7.5607452   -7.2218833 ]
 [  7.9066525   -7.5673804 ]
 [ 12.801042   -12.462824  ]
 [ 12.801042   -12.462824  ]
 [ 12.801042   -12.462824  ]
 [ 12.801042   -12.462824  ]
 [ -1.9031678    2.2450895 ]
 [  2.6986644   -2.358898  ]
 [  7.040209    -6.7004237 ]
 [ 12.801042   -12.462824  ]
 [  8.9915      -8.652221  ]
 [ 11.716195   -11.377983  ]
 [ 12.801042   -12.462824  ]
 [  8.494995    -8.155611  ]
 [  2.9644825   -2.6247919 ]
 [  2.9644825   -2.6247919 ]
 [ 12.801042   -12.462824  ]
 [ 12.801042   -12.462824  ]
 [ 12.801042   -12.462824  ]
 [ 12.801042   -12.462824  ]
 [  4.698592    -4.3595133 ]
 [  2.668697    -2.328011  ]
 [ 11.716195   -11.377983  ]]
2025-12-21 21:27:21,112 - [INFO] - ------------------------------------------------------------
2025-12-21 21:27:21,112 - [INFO] - On Validation Set:
	Accuracy of RRL  Model: 0.9011748445058743
	F1 Score of RRL  Model: 0.6497216170418785
2025-12-21 21:27:21,118 - [INFO] - On Validation Set:
Performance of  RRL Model: 
[[1265   21]
 [ 122   39]]
              precision    recall  f1-score   support

           0       0.91      0.98      0.95      1286
           1       0.65      0.24      0.35       161

    accuracy                           0.90      1447
   macro avg       0.78      0.61      0.65      1447
weighted avg       0.88      0.90      0.88      1447

2025-12-21 21:27:21,118 - [INFO] - ------------------------------------------------------------
2025-12-21 21:27:21,292 - [INFO] - epoch: 34, loss_rrl: 118.67795016802847
2025-12-21 21:27:22,810 - [INFO] - epoch: 35, loss_rrl: 118.38654083758593
2025-12-21 21:27:22,904 - [DEBUG] - y_true: (1447,) [0 0 0 0 0 1 0 0 0 0 0 0 0 0 0 0 0 1 0 0 0 0 0 0 1 0 0 0 0 0 0 0 0 0 0 0 0
 0 1 1 0]
2025-12-21 21:27:23,052 - [DEBUG] - y_rrl_: (1447,) [0 0 0 0 0 1 0 0 0 0 0 0 0 0 0 0 0 0 0 0 0 0 0 0 1 1 0 0 0 0 0 0 0 0 0 0 0
 0 0 0 0]
2025-12-21 21:27:23,053 - [DEBUG] - y_rrl: (1447, 2) [[ 1.2461223e+01 -1.2130719e+01]
 [ 6.2220842e-01 -2.8886619e-01]
 [ 1.2461223e+01 -1.2130719e+01]
 [ 1.2461223e+01 -1.2130719e+01]
 [ 1.2461223e+01 -1.2130719e+01]
 [-6.3373549e-03  3.3862206e-01]
 [ 1.2461223e+01 -1.2130719e+01]
 [ 1.2461223e+01 -1.2130719e+01]
 [ 1.2461223e+01 -1.2130719e+01]
 [ 4.6077113e+00 -4.2766199e+00]
 [ 2.5944686e-01  7.2767839e-02]
 [ 8.1129570e+00 -7.7813339e+00]
 [ 1.2461223e+01 -1.2130719e+01]
 [ 1.2461223e+01 -1.2130719e+01]
 [ 1.0310013e+01 -9.9792089e+00]
 [ 1.1001298e+01 -1.0670259e+01]
 [ 1.1470421e+01 -1.1140433e+01]
 [ 2.5944686e-01  7.2767839e-02]
 [ 7.1871204e+00 -6.8559985e+00]
 [ 5.7137218e+00 -5.3816032e+00]
 [ 1.2461223e+01 -1.2130719e+01]
 [ 1.2461223e+01 -1.2130719e+01]
 [ 1.2461223e+01 -1.2130719e+01]
 [ 1.2461223e+01 -1.2130719e+01]
 [-2.4454515e+00  2.7795196e+00]
 [-6.3373549e-03  3.3862206e-01]
 [ 6.6325760e+00 -6.3005676e+00]
 [ 1.2461223e+01 -1.2130719e+01]
 [ 8.5370979e+00 -8.2055788e+00]
 [ 1.2461223e+01 -1.2130719e+01]
 [ 1.2461223e+01 -1.2130719e+01]
 [ 6.3872485e+00 -6.0550208e+00]
 [ 2.5944686e-01  7.2767839e-02]
 [ 2.5944686e-01  7.2767839e-02]
 [ 1.2461223e+01 -1.2130719e+01]
 [ 1.2461223e+01 -1.2130719e+01]
 [ 1.2461223e+01 -1.2130719e+01]
 [ 1.0735515e+01 -1.0404406e+01]
 [ 2.0501196e+00 -1.7184992e+00]
 [ 2.1685970e+00 -1.8357224e+00]
 [ 1.2461223e+01 -1.2130719e+01]]
2025-12-21 21:27:23,055 - [INFO] - ------------------------------------------------------------
2025-12-21 21:27:23,055 - [INFO] - On Validation Set:
	Accuracy of RRL  Model: 0.8935729094678645
	F1 Score of RRL  Model: 0.6812264679964752
2025-12-21 21:27:23,061 - [INFO] - On Validation Set:
Performance of  RRL Model: 
[[1237   49]
 [ 105   56]]
              precision    recall  f1-score   support

           0       0.92      0.96      0.94      1286
           1       0.53      0.35      0.42       161

    accuracy                           0.89      1447
   macro avg       0.73      0.65      0.68      1447
weighted avg       0.88      0.89      0.88      1447

2025-12-21 21:27:23,061 - [INFO] - ------------------------------------------------------------
2025-12-21 21:27:24,534 - [INFO] - epoch: 36, loss_rrl: 118.16916208341718
2025-12-21 21:27:24,867 - [DEBUG] - y_true: (1447,) [0 0 0 0 0 1 0 0 0 0 0 0 0 0 0 0 0 1 0 0 0 0 0 0 1 0 0 0 0 0 0 0 0 0 0 0 0
 0 1 1 0]
2025-12-21 21:27:25,019 - [DEBUG] - y_rrl_: (1447,) [0 0 0 0 0 1 0 0 0 0 0 0 0 0 0 0 0 0 0 0 0 0 0 0 1 1 0 0 0 0 0 0 0 0 0 0 0
 0 0 0 0]
2025-12-21 21:27:25,019 - [DEBUG] - y_rrl: (1447, 2) [[ 11.365171   -11.042383  ]
 [  0.47363353  -0.14851804]
 [ 11.365171   -11.042383  ]
 [ 11.365171   -11.042383  ]
 [  9.230382    -8.9073    ]
 [ -1.2134352    1.5396523 ]
 [ 11.365171   -11.042383  ]
 [ 11.365171   -11.042383  ]
 [ 11.365171   -11.042383  ]
 [  3.4661515   -3.1410894 ]
 [  0.50953805  -0.18390574]
 [  8.408559    -8.0852    ]
 [  8.52614     -8.202772  ]
 [  8.114325    -7.7912483 ]
 [  6.3913507   -6.06769   ]
 [ 10.249114    -9.926331  ]
 [  5.638116    -5.3134604 ]
 [  0.50953805  -0.18390574]
 [  7.0607815   -6.7368975 ]
 [  6.685585    -6.361642  ]
 [ 11.365171   -11.042383  ]
 [ 10.249114    -9.926331  ]
 [ 11.365171   -11.042383  ]
 [  6.3913507   -6.06769   ]
 [ -3.706116     4.0323505 ]
 [ -1.2134352    1.5396523 ]
 [  5.796756    -5.473037  ]
 [  8.52614     -8.202772  ]
 [  8.408559    -8.0852    ]
 [ 11.365171   -11.042383  ]
 [ 11.365171   -11.042383  ]
 [  7.0607815   -6.7368975 ]
 [  0.50953805  -0.18390574]
 [  0.50953805  -0.18390574]
 [ 11.365171   -11.042383  ]
 [ 11.365171   -11.042383  ]
 [ 11.365171   -11.042383  ]
 [  8.52614     -8.202772  ]
 [  0.50953805  -0.18390574]
 [  1.3227721   -0.9982148 ]
 [ 11.365171   -11.042383  ]]
2025-12-21 21:27:25,021 - [INFO] - ------------------------------------------------------------
2025-12-21 21:27:25,021 - [INFO] - On Validation Set:
	Accuracy of RRL  Model: 0.889426399447132
	F1 Score of RRL  Model: 0.7076501904213515
2025-12-21 21:27:25,027 - [INFO] - On Validation Set:
Performance of  RRL Model: 
[[1214   72]
 [  88   73]]
              precision    recall  f1-score   support

           0       0.93      0.94      0.94      1286
           1       0.50      0.45      0.48       161

    accuracy                           0.89      1447
   macro avg       0.72      0.70      0.71      1447
weighted avg       0.88      0.89      0.89      1447

2025-12-21 21:27:25,027 - [INFO] - ------------------------------------------------------------
2025-12-21 21:27:26,219 - [INFO] - epoch: 37, loss_rrl: 118.57130687125027
2025-12-21 21:27:26,816 - [DEBUG] - y_true: (1447,) [0 0 0 0 0 1 0 0 0 0 0 0 0 0 0 0 0 1 0 0 0 0 0 0 1 0 0 0 0 0 0 0 0 0 0 0 0
 0 1 1 0]
2025-12-21 21:27:27,013 - [DEBUG] - y_rrl_: (1447,) [0 0 0 0 0 0 0 0 0 0 0 0 0 0 0 0 0 0 0 0 0 0 0 0 1 0 0 0 0 0 0 0 0 0 0 0 0
 0 0 0 0]
2025-12-21 21:27:27,014 - [DEBUG] - y_rrl: (1447, 2) [[ 13.306853  -12.991714 ]
 [  3.4866207  -3.1692402]
 [ 10.036335   -9.720923 ]
 [ 10.036335   -9.720923 ]
 [ 13.306853  -12.991714 ]
 [  1.5851314  -1.2678666]
 [ 13.306853  -12.991714 ]
 [ 12.184595  -11.869462 ]
 [ 13.306853  -12.991714 ]
 [  5.1474566  -4.831314 ]
 [  1.8159356  -1.4987371]
 [  8.853073   -8.536884 ]
 [ 13.306853  -12.991714 ]
 [ 13.306853  -12.991714 ]
 [ 11.158593  -10.843177 ]
 [ 11.850763  -11.535126 ]
 [ 12.184595  -11.869462 ]
 [  1.8159356  -1.4987371]
 [  9.041612   -8.725415 ]
 [ 10.309163   -9.993472 ]
 [ 13.306853  -12.991714 ]
 [ 13.306853  -12.991714 ]
 [ 13.306853  -12.991714 ]
 [ 13.306853  -12.991714 ]
 [ -1.9451728   2.263633 ]
 [  1.5851314  -1.2678666]
 [  7.321774   -7.005237 ]
 [ 13.306853  -12.991714 ]
 [ 11.431422  -11.1157255]
 [ 12.184595  -11.869462 ]
 [ 13.306853  -12.991714 ]
 [ 10.728505  -10.412874 ]
 [  1.8159356  -1.4987371]
 [  1.8159356  -1.4987371]
 [ 13.306853  -12.991714 ]
 [ 13.306853  -12.991714 ]
 [ 13.306853  -12.991714 ]
 [ 13.306853  -12.991714 ]
 [  3.691367   -3.3747256]
 [  2.7394109  -2.422067 ]
 [ 12.184595  -11.869462 ]]
2025-12-21 21:27:27,016 - [INFO] - ------------------------------------------------------------
2025-12-21 21:27:27,016 - [INFO] - On Validation Set:
	Accuracy of RRL  Model: 0.9060124395300622
	F1 Score of RRL  Model: 0.6654790235942069
2025-12-21 21:27:27,022 - [INFO] - On Validation Set:
Performance of  RRL Model: 
[[1269   17]
 [ 119   42]]
              precision    recall  f1-score   support

           0       0.91      0.99      0.95      1286
           1       0.71      0.26      0.38       161

    accuracy                           0.91      1447
   macro avg       0.81      0.62      0.67      1447
weighted avg       0.89      0.91      0.89      1447

2025-12-21 21:27:27,022 - [INFO] - ------------------------------------------------------------
2025-12-21 21:27:28,131 - [INFO] - epoch: 38, loss_rrl: 118.23259541019797
2025-12-21 21:27:28,918 - [DEBUG] - y_true: (1447,) [0 0 0 0 0 1 0 0 0 0 0 0 0 0 0 0 0 1 0 0 0 0 0 0 1 0 0 0 0 0 0 0 0 0 0 0 0
 0 1 1 0]
2025-12-21 21:27:29,068 - [DEBUG] - y_rrl_: (1447,) [0 0 0 0 0 0 0 0 0 0 0 0 0 0 0 0 0 0 0 0 0 0 0 0 1 0 0 0 0 0 0 0 0 0 0 0 0
 0 0 0 0]
2025-12-21 21:27:29,069 - [DEBUG] - y_rrl: (1447, 2) [[ 13.304301  -12.996761 ]
 [  1.1772705  -0.8672069]
 [ 12.163717  -11.856183 ]
 [ 12.163717  -11.856183 ]
 [ 13.304301  -12.996761 ]
 [  1.5235418  -1.213961 ]
 [ 13.304301  -12.996761 ]
 [ 12.163717  -11.856183 ]
 [ 13.304301  -12.996761 ]
 [  5.075323   -4.7668266]
 [  3.1703675  -2.8613288]
 [ 10.25876    -9.9506855]
 [ 11.657475  -11.349393 ]
 [ 13.304301  -12.996761 ]
 [ 11.180859  -10.873053 ]
 [ 13.304301  -12.996761 ]
 [ 12.163717  -11.856183 ]
 [  3.1703675  -2.8613288]
 [  9.030036   -8.721481 ]
 [  7.9695296  -7.6610813]
 [ 13.304301  -12.996761 ]
 [ 13.304301  -12.996761 ]
 [ 13.304301  -12.996761 ]
 [ 13.304301  -12.996761 ]
 [ -2.0736945   2.3844311]
 [  1.5235418  -1.213961 ]
 [ 11.399344  -11.091264 ]
 [ 13.304301  -12.996761 ]
 [  9.110114   -8.801661 ]
 [ 12.163717  -11.856183 ]
 [ 13.304301  -12.996761 ]
 [  8.771905   -8.463352 ]
 [  3.1703675  -2.8613288]
 [  3.1703675  -2.8613288]
 [ 13.304301  -12.996761 ]
 [ 13.304301  -12.996761 ]
 [ 13.304301  -12.996761 ]
 [ 13.304301  -12.996761 ]
 [  3.1703675  -2.8613288]
 [  4.105526   -3.7963462]
 [ 12.163717  -11.856183 ]]
2025-12-21 21:27:29,071 - [INFO] - ------------------------------------------------------------
2025-12-21 21:27:29,071 - [INFO] - On Validation Set:
	Accuracy of RRL  Model: 0.902557014512785
	F1 Score of RRL  Model: 0.6784672481857079
2025-12-21 21:27:29,077 - [INFO] - On Validation Set:
Performance of  RRL Model: 
[[1257   29]
 [ 112   49]]
              precision    recall  f1-score   support

           0       0.92      0.98      0.95      1286
           1       0.63      0.30      0.41       161

    accuracy                           0.90      1447
   macro avg       0.77      0.64      0.68      1447
weighted avg       0.89      0.90      0.89      1447

2025-12-21 21:27:29,077 - [INFO] - ------------------------------------------------------------
2025-12-21 21:27:29,745 - [INFO] - epoch: 39, loss_rrl: 117.93427186831832
2025-12-21 21:27:30,813 - [DEBUG] - y_true: (1447,) [0 0 0 0 0 1 0 0 0 0 0 0 0 0 0 0 0 1 0 0 0 0 0 0 1 0 0 0 0 0 0 0 0 0 0 0 0
 0 1 1 0]
2025-12-21 21:27:30,963 - [DEBUG] - y_rrl_: (1447,) [0 0 0 0 0 1 0 0 0 0 1 0 0 0 0 0 0 1 0 0 0 0 0 0 1 1 0 0 0 0 0 0 1 1 0 0 0
 0 1 1 0]
2025-12-21 21:27:30,964 - [DEBUG] - y_rrl: (1447, 2) [[ 12.196692   -11.89665   ]
 [  2.2837768   -1.9816613 ]
 [ 11.040301   -10.740265  ]
 [ 11.040301   -10.740265  ]
 [ 12.196692   -11.89665   ]
 [ -2.3396177    2.6416354 ]
 [ 12.196692   -11.89665   ]
 [ 11.040301   -10.740265  ]
 [ 12.196692   -11.89665   ]
 [  2.7317417   -2.4312341 ]
 [ -2.3396177    2.6416354 ]
 [  5.9689403   -5.6673923 ]
 [  9.062649    -8.761621  ]
 [ 12.196692   -11.89665   ]
 [ 10.06303     -9.762731  ]
 [  9.062649    -8.761621  ]
 [  9.881636    -9.58205   ]
 [ -2.3396177    2.6416354 ]
 [  6.747592    -6.447022  ]
 [  9.102983    -8.802421  ]
 [ 12.196692   -11.89665   ]
 [ 12.196692   -11.89665   ]
 [ 12.196692   -11.89665   ]
 [ 12.196692   -11.89665   ]
 [ -3.3316207    3.6347513 ]
 [ -2.3396177    2.6416354 ]
 [  4.41744     -4.115579  ]
 [ 12.196692   -11.89665   ]
 [  8.659346    -8.358251  ]
 [ 11.040301   -10.740265  ]
 [ 12.196692   -11.89665   ]
 [  9.506288    -9.205791  ]
 [ -2.3396177    2.6416354 ]
 [ -2.3396177    2.6416354 ]
 [ 12.196692   -11.89665   ]
 [ 12.196692   -11.89665   ]
 [ 12.196692   -11.89665   ]
 [ 12.196692   -11.89665   ]
 [ -0.40230107   0.7037943 ]
 [ -0.2379129    0.5405248 ]
 [ 11.040301   -10.740265  ]]
2025-12-21 21:27:30,966 - [INFO] - ------------------------------------------------------------
2025-12-21 21:27:30,966 - [INFO] - On Validation Set:
	Accuracy of RRL  Model: 0.8901174844505875
	F1 Score of RRL  Model: 0.7471905852878641
2025-12-21 21:27:30,971 - [INFO] - On Validation Set:
Performance of  RRL Model: 
[[1188   98]
 [  61  100]]
              precision    recall  f1-score   support

           0       0.95      0.92      0.94      1286
           1       0.51      0.62      0.56       161

    accuracy                           0.89      1447
   macro avg       0.73      0.77      0.75      1447
weighted avg       0.90      0.89      0.89      1447

2025-12-21 21:27:30,971 - [INFO] - ------------------------------------------------------------
2025-12-21 21:27:31,408 - [INFO] - epoch: 40, loss_rrl: 117.1344889216125
2025-12-21 21:27:32,672 - [DEBUG] - y_true: (1447,) [0 0 0 0 0 1 0 0 0 0 0 0 0 0 0 0 0 1 0 0 0 0 0 0 1 0 0 0 0 0 0 0 0 0 0 0 0
 0 1 1 0]
2025-12-21 21:27:32,824 - [DEBUG] - y_rrl_: (1447,) [0 1 0 0 0 1 0 0 0 0 0 0 0 0 0 0 0 0 0 0 0 0 0 0 1 1 0 0 0 0 0 0 0 0 0 0 0
 0 0 0 0]
2025-12-21 21:27:32,825 - [DEBUG] - y_rrl: (1447, 2) [[ 12.206182   -11.913558  ]
 [ -1.2926497    1.5876012 ]
 [  8.884245    -8.591382  ]
 [  8.884245    -8.591382  ]
 [ 12.206182   -11.913558  ]
 [ -0.87570494   1.1697788 ]
 [ 12.206182   -11.913558  ]
 [ 11.03371    -10.741091  ]
 [ 12.206182   -11.913558  ]
 [  2.651676    -2.358615  ]
 [  0.6809059   -0.387338  ]
 [  9.062939    -8.769812  ]
 [  9.477098    -9.183974  ]
 [ 11.03371    -10.741091  ]
 [  7.327634    -7.0342655 ]
 [ 11.03371    -10.741091  ]
 [  9.854486    -9.562304  ]
 [  0.6809059   -0.387338  ]
 [  6.701709    -6.4085784 ]
 [  5.1743994   -4.88042   ]
 [ 12.206182   -11.913558  ]
 [ 11.03371    -10.741091  ]
 [ 12.206182   -11.913558  ]
 [  9.477098    -9.183974  ]
 [ -3.4710739    3.7666688 ]
 [ -0.87570494   1.1697788 ]
 [  6.3415213   -6.048106  ]
 [  9.477098    -9.183974  ]
 [  6.73101     -6.437537  ]
 [ 11.03371    -10.741091  ]
 [ 12.206182   -11.913558  ]
 [  5.910161    -5.6160865 ]
 [  0.6809059   -0.387338  ]
 [  0.6809059   -0.387338  ]
 [ 12.206182   -11.913558  ]
 [ 11.03371    -10.741091  ]
 [ 12.206182   -11.913558  ]
 [  9.477098    -9.183974  ]
 [  2.651676    -2.358615  ]
 [  1.6524745   -1.3583343 ]
 [ 11.03371    -10.741091  ]]
2025-12-21 21:27:32,827 - [INFO] - ------------------------------------------------------------
2025-12-21 21:27:32,827 - [INFO] - On Validation Set:
	Accuracy of RRL  Model: 0.8908085694540429
	F1 Score of RRL  Model: 0.7129573829109792
2025-12-21 21:27:32,833 - [INFO] - On Validation Set:
Performance of  RRL Model: 
[[1214   72]
 [  86   75]]
              precision    recall  f1-score   support

           0       0.93      0.94      0.94      1286
           1       0.51      0.47      0.49       161

    accuracy                           0.89      1447
   macro avg       0.72      0.70      0.71      1447
weighted avg       0.89      0.89      0.89      1447

2025-12-21 21:27:32,833 - [INFO] - ------------------------------------------------------------
2025-12-21 21:27:33,031 - [INFO] - epoch: 41, loss_rrl: 116.93386207334697
2025-12-21 21:27:34,473 - [INFO] - epoch: 42, loss_rrl: 118.0934750624001
2025-12-21 21:27:34,524 - [DEBUG] - y_true: (1447,) [0 0 0 0 0 1 0 0 0 0 0 0 0 0 0 0 0 1 0 0 0 0 0 0 1 0 0 0 0 0 0 0 0 0 0 0 0
 0 1 1 0]
2025-12-21 21:27:34,674 - [DEBUG] - y_rrl_: (1447,) [0 0 0 0 0 1 0 0 0 0 0 0 0 0 0 0 0 0 0 0 0 0 0 0 1 1 0 0 0 0 0 0 0 0 0 0 0
 0 0 0 0]
2025-12-21 21:27:34,675 - [DEBUG] - y_rrl: (1447, 2) [[ 12.64142    -12.3560915 ]
 [  0.24757934   0.03998275]
 [ 12.64142    -12.3560915 ]
 [ 12.64142    -12.3560915 ]
 [ 10.512016   -10.226452  ]
 [ -0.460227     0.74693865]
 [ 12.64142    -12.3560915 ]
 [ 12.64142    -12.3560915 ]
 [ 12.64142    -12.3560915 ]
 [  4.2585874   -3.9728472 ]
 [  1.0638316   -0.77760655]
 [  9.446665    -9.160849  ]
 [ 11.117361   -10.831546  ]
 [ 10.512016   -10.226452  ]
 [  8.987957    -8.701906  ]
 [ 12.64142    -12.3560915 ]
 [  9.332927    -9.047785  ]
 [  1.0638316   -0.77760655]
 [  7.096851    -6.811039  ]
 [  5.5726643   -5.2860336 ]
 [ 12.64142    -12.3560915 ]
 [ 12.64142    -12.3560915 ]
 [ 12.64142    -12.3560915 ]
 [  8.987957    -8.701906  ]
 [ -3.1074305    3.3956106 ]
 [ -0.460227     0.74693865]
 [  7.9073367   -7.621246  ]
 [ 11.117361   -10.831546  ]
 [  8.281792    -7.995643  ]
 [ 12.64142    -12.3560915 ]
 [ 12.64142    -12.3560915 ]
 [  6.2662544   -5.9795275 ]
 [  1.0638316   -0.77760655]
 [  1.0638316   -0.77760655]
 [ 12.64142    -12.3560915 ]
 [ 12.64142    -12.3560915 ]
 [ 12.64142    -12.3560915 ]
 [ 11.117361   -10.831546  ]
 [  1.0638316   -0.77760655]
 [  3.2677362   -2.9809515 ]
 [ 12.64142    -12.3560915 ]]
2025-12-21 21:27:34,677 - [INFO] - ------------------------------------------------------------
2025-12-21 21:27:34,677 - [INFO] - On Validation Set:
	Accuracy of RRL  Model: 0.8901174844505875
	F1 Score of RRL  Model: 0.6999197866193647
2025-12-21 21:27:34,683 - [INFO] - On Validation Set:
Performance of  RRL Model: 
[[1220   66]
 [  93   68]]
              precision    recall  f1-score   support

           0       0.93      0.95      0.94      1286
           1       0.51      0.42      0.46       161

    accuracy                           0.89      1447
   macro avg       0.72      0.69      0.70      1447
weighted avg       0.88      0.89      0.89      1447

2025-12-21 21:27:34,683 - [INFO] - ------------------------------------------------------------
2025-12-21 21:27:36,081 - [INFO] - epoch: 43, loss_rrl: 118.54551115259528
2025-12-21 21:27:36,365 - [DEBUG] - y_true: (1447,) [0 0 0 0 0 1 0 0 0 0 0 0 0 0 0 0 0 1 0 0 0 0 0 0 1 0 0 0 0 0 0 0 0 0 0 0 0
 0 1 1 0]
2025-12-21 21:27:36,515 - [DEBUG] - y_rrl_: (1447,) [0 0 0 0 0 1 0 0 0 0 1 0 0 0 0 0 0 1 0 0 0 0 0 0 1 1 0 0 0 0 0 0 1 1 0 0 0
 0 1 1 0]
2025-12-21 21:27:36,516 - [DEBUG] - y_rrl: (1447, 2) [[ 10.41564    -10.137548  ]
 [  0.29082605  -0.01091734]
 [  8.305343    -8.027036  ]
 [  8.305343    -8.027036  ]
 [  8.305343    -8.027036  ]
 [ -2.5561798    2.8370042 ]
 [ 10.41564    -10.137548  ]
 [ 10.41564    -10.137548  ]
 [ 10.41564    -10.137548  ]
 [  2.1647892   -1.8849007 ]
 [ -2.5561798    2.8370042 ]
 [  6.897259    -6.618233  ]
 [  8.920938    -8.642378  ]
 [  6.81064     -6.531865  ]
 [  6.81064     -6.531865  ]
 [  8.920938    -8.642378  ]
 [  4.533891    -4.2543225 ]
 [ -2.5561798    2.8370042 ]
 [  5.979852    -5.7008915 ]
 [  8.920938    -8.642378  ]
 [ 10.41564    -10.137548  ]
 [  8.920938    -8.642378  ]
 [ 10.41564    -10.137548  ]
 [  6.81064     -6.531865  ]
 [ -5.447207     5.7280307 ]
 [ -2.5561798    2.8370042 ]
 [  1.7705113   -1.4909102 ]
 [  8.920938    -8.642378  ]
 [  8.920938    -8.642378  ]
 [ 10.41564    -10.137548  ]
 [ 10.41564    -10.137548  ]
 [  5.1587653   -4.8793335 ]
 [ -2.5561798    2.8370042 ]
 [ -2.5561798    2.8370042 ]
 [ 10.41564    -10.137548  ]
 [ 10.41564    -10.137548  ]
 [ 10.41564    -10.137548  ]
 [  8.920938    -8.642378  ]
 [ -2.5561798    2.8370042 ]
 [ -0.48244646   0.762397  ]
 [ 10.41564    -10.137548  ]]
2025-12-21 21:27:36,518 - [INFO] - ------------------------------------------------------------
2025-12-21 21:27:36,518 - [INFO] - On Validation Set:
	Accuracy of RRL  Model: 0.861782999308915
	F1 Score of RRL  Model: 0.7111153701795996
2025-12-21 21:27:36,524 - [INFO] - On Validation Set:
Performance of  RRL Model: 
[[1146  140]
 [  60  101]]
              precision    recall  f1-score   support

           0       0.95      0.89      0.92      1286
           1       0.42      0.63      0.50       161

    accuracy                           0.86      1447
   macro avg       0.68      0.76      0.71      1447
weighted avg       0.89      0.86      0.87      1447

2025-12-21 21:27:36,524 - [INFO] - ------------------------------------------------------------
2025-12-21 21:27:37,706 - [INFO] - epoch: 44, loss_rrl: 117.8517501577735
2025-12-21 21:27:38,236 - [DEBUG] - y_true: (1447,) [0 0 0 0 0 1 0 0 0 0 0 0 0 0 0 0 0 1 0 0 0 0 0 0 1 0 0 0 0 0 0 0 0 0 0 0 0
 0 1 1 0]
2025-12-21 21:27:38,388 - [DEBUG] - y_rrl_: (1447,) [0 0 0 0 0 1 0 0 0 0 0 0 0 0 0 0 0 0 0 0 0 0 0 0 1 1 0 0 0 0 0 0 0 1 0 0 0
 0 0 0 0]
2025-12-21 21:27:38,388 - [DEBUG] - y_rrl: (1447, 2) [[ 14.252053   -13.981102  ]
 [  0.5026254   -0.22962515]
 [  9.773959    -9.503196  ]
 [ 10.948157   -10.677002  ]
 [ 13.077853   -12.807296  ]
 [  0.11377475   0.1594177 ]
 [ 14.252053   -13.981102  ]
 [ 13.050555   -12.779611  ]
 [ 14.252053   -13.981102  ]
 [  4.7825775   -4.509904  ]
 [  1.2879738   -1.0143893 ]
 [  8.381754    -8.110288  ]
 [ 11.597511   -11.326499  ]
 [ 13.077853   -12.807296  ]
 [ 12.149655   -11.878493  ]
 [ 12.771711   -12.500305  ]
 [ 12.009155   -11.737237  ]
 [  1.2879738   -1.0143893 ]
 [  9.743464    -9.471676  ]
 [ 13.050555   -12.779611  ]
 [ 14.252053   -13.981102  ]
 [ 13.077853   -12.807296  ]
 [ 13.077853   -12.807296  ]
 [ 14.252053   -13.981102  ]
 [ -1.7129742    1.9865562 ]
 [  0.11377475   0.1594177 ]
 [  8.82672     -8.555079  ]
 [ 14.252053   -13.981102  ]
 [ 10.396015   -10.125007  ]
 [ 13.050555   -12.779611  ]
 [ 14.252053   -13.981102  ]
 [ 11.876357   -11.6058035 ]
 [  1.2879738   -1.0143893 ]
 [  0.11377475   0.1594177 ]
 [ 13.077853   -12.807296  ]
 [ 13.050555   -12.779611  ]
 [ 13.077853   -12.807296  ]
 [ 14.252053   -13.981102  ]
 [  3.3022351   -3.0291078 ]
 [  3.329533    -3.0567927 ]
 [ 13.050555   -12.779611  ]]
2025-12-21 21:27:38,390 - [INFO] - ------------------------------------------------------------
2025-12-21 21:27:38,390 - [INFO] - On Validation Set:
	Accuracy of RRL  Model: 0.9004837595024188
	F1 Score of RRL  Model: 0.6572037746278675
2025-12-21 21:27:38,396 - [INFO] - On Validation Set:
Performance of  RRL Model: 
[[1261   25]
 [ 119   42]]
              precision    recall  f1-score   support

           0       0.91      0.98      0.95      1286
           1       0.63      0.26      0.37       161

    accuracy                           0.90      1447
   macro avg       0.77      0.62      0.66      1447
weighted avg       0.88      0.90      0.88      1447

2025-12-21 21:27:38,396 - [INFO] - ------------------------------------------------------------
2025-12-21 21:27:39,341 - [INFO] - epoch: 45, loss_rrl: 119.20041209831834
2025-12-21 21:27:40,091 - [DEBUG] - y_true: (1447,) [0 0 0 0 0 1 0 0 0 0 0 0 0 0 0 0 0 1 0 0 0 0 0 0 1 0 0 0 0 0 0 0 0 0 0 0 0
 0 1 1 0]
2025-12-21 21:27:40,241 - [DEBUG] - y_rrl_: (1447,) [0 0 0 0 0 1 0 0 0 0 0 0 0 0 0 0 0 0 0 0 0 0 0 0 1 1 0 0 0 0 0 0 0 0 0 0 0
 0 0 0 0]
2025-12-21 21:27:40,242 - [DEBUG] - y_rrl: (1447, 2) [[ 13.748377   -13.484405  ]
 [  1.1303676   -0.86442834]
 [ 12.529244   -12.265277  ]
 [ 13.748377   -13.484405  ]
 [ 13.748377   -13.484405  ]
 [ -1.1579471    1.4248229 ]
 [ 13.748377   -13.484405  ]
 [ 12.529244   -12.265277  ]
 [ 13.748377   -13.484405  ]
 [  5.4851184   -5.2194905 ]
 [  0.76588225  -0.4993749 ]
 [ 10.248271    -9.9834175 ]
 [ 10.343627   -10.078848  ]
 [ 12.267457   -12.003045  ]
 [ 12.267457   -12.003045  ]
 [ 12.267457   -12.003045  ]
 [ 11.460062   -11.195153  ]
 [  0.76588225  -0.4993749 ]
 [  9.124495    -8.85972   ]
 [  9.871728    -9.607028  ]
 [ 13.748377   -13.484405  ]
 [ 12.267457   -12.003045  ]
 [ 13.748377   -13.484405  ]
 [ 12.267457   -12.003045  ]
 [ -2.315547     2.582044  ]
 [ -1.1579471    1.4248229 ]
 [ 12.267457   -12.003045  ]
 [ 12.267457   -12.003045  ]
 [  9.871728    -9.607028  ]
 [ 12.529244   -12.265277  ]
 [ 13.748377   -13.484405  ]
 [ 10.248271    -9.9834175 ]
 [  0.76588225  -0.4993749 ]
 [  0.76588225  -0.4993749 ]
 [ 13.748377   -13.484405  ]
 [ 13.748377   -13.484405  ]
 [ 13.748377   -13.484405  ]
 [ 12.267457   -12.003045  ]
 [  0.76588225  -0.4993749 ]
 [  2.8465993   -2.5809104 ]
 [ 12.529244   -12.265277  ]]
2025-12-21 21:27:40,244 - [INFO] - ------------------------------------------------------------
2025-12-21 21:27:40,244 - [INFO] - On Validation Set:
	Accuracy of RRL  Model: 0.8984105044920525
	F1 Score of RRL  Model: 0.6839132469964113
2025-12-21 21:27:40,250 - [INFO] - On Validation Set:
Performance of  RRL Model: 
[[1246   40]
 [ 107   54]]
              precision    recall  f1-score   support

           0       0.92      0.97      0.94      1286
           1       0.57      0.34      0.42       161

    accuracy                           0.90      1447
   macro avg       0.75      0.65      0.68      1447
weighted avg       0.88      0.90      0.89      1447

2025-12-21 21:27:40,250 - [INFO] - ------------------------------------------------------------
2025-12-21 21:27:40,956 - [INFO] - epoch: 46, loss_rrl: 118.91389763727784
2025-12-21 21:27:41,944 - [DEBUG] - y_true: (1447,) [0 0 0 0 0 1 0 0 0 0 0 0 0 0 0 0 0 1 0 0 0 0 0 0 1 0 0 0 0 0 0 0 0 0 0 0 0
 0 1 1 0]
2025-12-21 21:27:42,094 - [DEBUG] - y_rrl_: (1447,) [0 1 0 0 0 1 0 0 0 0 0 0 0 0 0 0 0 0 0 0 0 0 0 0 1 1 0 0 0 0 0 0 0 0 0 0 0
 0 0 0 0]
2025-12-21 21:27:42,095 - [DEBUG] - y_rrl: (1447, 2) [[ 12.498658   -12.2416    ]
 [ -0.16981488   0.42876866]
 [ 11.258146   -11.001093  ]
 [ 11.258146   -11.001093  ]
 [ 11.3229265  -11.066234  ]
 [ -1.6045165    1.8638145 ]
 [ 12.498658   -12.2416    ]
 [ 11.258146   -11.001093  ]
 [ 12.498658   -12.2416    ]
 [  3.9190311   -3.6609406 ]
 [  0.39998287  -0.14103658]
 [  7.739099    -7.4811893 ]
 [  9.000771    -8.742933  ]
 [ 11.3229265  -11.066234  ]
 [  7.737676    -7.480205  ]
 [ 11.005269   -10.747785  ]
 [  8.998135    -8.740537  ]
 [  0.39998287  -0.14103658]
 [  6.584528    -6.3270593 ]
 [ 11.258146   -11.001093  ]
 [ 12.498658   -12.2416    ]
 [ 11.3229265  -11.066234  ]
 [ 12.498658   -12.2416    ]
 [ 11.3229265  -11.066234  ]
 [ -3.670339     3.929832  ]
 [ -1.6045165    1.8638145 ]
 [  6.284449    -6.026317  ]
 [ 12.498658   -12.2416    ]
 [ 11.005269   -10.747785  ]
 [ 11.258146   -11.001093  ]
 [ 12.498658   -12.2416    ]
 [ 11.258146   -11.001093  ]
 [  0.39998287  -0.14103658]
 [  0.39998287  -0.14103658]
 [ 12.498658   -12.2416    ]
 [ 12.498658   -12.2416    ]
 [ 12.498658   -12.2416    ]
 [ 11.3229265  -11.066234  ]
 [  2.425642    -2.1671257 ]
 [  1.6003319   -1.3416158 ]
 [ 11.258146   -11.001093  ]]
2025-12-21 21:27:42,097 - [INFO] - ------------------------------------------------------------
2025-12-21 21:27:42,097 - [INFO] - On Validation Set:
	Accuracy of RRL  Model: 0.9011748445058743
	F1 Score of RRL  Model: 0.7089034977273143
2025-12-21 21:27:42,103 - [INFO] - On Validation Set:
Performance of  RRL Model: 
[[1240   46]
 [  97   64]]
              precision    recall  f1-score   support

           0       0.93      0.96      0.95      1286
           1       0.58      0.40      0.47       161

    accuracy                           0.90      1447
   macro avg       0.75      0.68      0.71      1447
weighted avg       0.89      0.90      0.89      1447

2025-12-21 21:27:42,103 - [INFO] - ------------------------------------------------------------
2025-12-21 21:27:42,569 - [INFO] - epoch: 47, loss_rrl: 118.39289542846382
2025-12-21 21:27:43,795 - [DEBUG] - y_true: (1447,) [0 0 0 0 0 1 0 0 0 0 0 0 0 0 0 0 0 1 0 0 0 0 0 0 1 0 0 0 0 0 0 0 0 0 0 0 0
 0 1 1 0]
2025-12-21 21:27:43,945 - [DEBUG] - y_rrl_: (1447,) [0 1 0 0 0 0 0 0 0 0 0 0 0 0 0 0 0 0 0 0 0 0 0 0 1 0 0 0 0 0 0 0 0 0 0 0 0
 0 0 0 0]
2025-12-21 21:27:43,945 - [DEBUG] - y_rrl: (1447, 2) [[ 13.780866   -13.530653  ]
 [ -0.22249287   0.47450358]
 [  9.32973     -9.079689  ]
 [ 11.754409   -11.504012  ]
 [ 12.5998335  -12.349972  ]
 [  0.6785614   -0.42723578]
 [ 13.780866   -13.530653  ]
 [ 12.537219   -12.287011  ]
 [ 13.780866   -13.530653  ]
 [  5.4617057   -5.2112026 ]
 [  0.6785614   -0.42723578]
 [  9.060335    -8.80965   ]
 [ 11.086393   -10.836121  ]
 [ 11.086393   -10.836121  ]
 [  9.582729    -9.331905  ]
 [ 12.267426   -12.016802  ]
 [ 11.356187   -11.10633   ]
 [  0.6785614   -0.42723578]
 [  7.760661    -7.510058  ]
 [  9.840454    -9.589573  ]
 [ 13.780866   -13.530653  ]
 [ 11.086393   -10.836121  ]
 [ 12.5998335  -12.349972  ]
 [ 12.267426   -12.016802  ]
 [ -2.4774003    2.7299385 ]
 [  0.6785614   -0.42723578]
 [  7.556669    -7.3054347 ]
 [ 12.267426   -12.016802  ]
 [  8.659422    -8.408892  ]
 [ 12.537219   -12.287011  ]
 [ 13.780866   -13.530653  ]
 [  9.060335    -8.80965   ]
 [  0.6785614   -0.42723578]
 [  0.6785614   -0.42723578]
 [ 12.5998335  -12.349972  ]
 [ 13.780866   -13.530653  ]
 [ 12.5998335  -12.349972  ]
 [ 12.267426   -12.016802  ]
 [  2.7046192   -2.4537096 ]
 [  2.8743904   -2.6225977 ]
 [ 12.537219   -12.287011  ]]
2025-12-21 21:27:43,948 - [INFO] - ------------------------------------------------------------
2025-12-21 21:27:43,948 - [INFO] - On Validation Set:
	Accuracy of RRL  Model: 0.8984105044920525
	F1 Score of RRL  Model: 0.6673162613998401
2025-12-21 21:27:43,954 - [INFO] - On Validation Set:
Performance of  RRL Model: 
[[1253   33]
 [ 114   47]]
              precision    recall  f1-score   support

           0       0.92      0.97      0.94      1286
           1       0.59      0.29      0.39       161

    accuracy                           0.90      1447
   macro avg       0.75      0.63      0.67      1447
weighted avg       0.88      0.90      0.88      1447

2025-12-21 21:27:43,954 - [INFO] - ------------------------------------------------------------
2025-12-21 21:27:44,184 - [INFO] - epoch: 48, loss_rrl: 117.73540534824133
2025-12-21 21:27:45,636 - [INFO] - epoch: 49, loss_rrl: 118.40876490436494
2025-12-21 21:27:45,654 - [DEBUG] - y_true: (1447,) [0 0 0 0 0 1 0 0 0 0 0 0 0 0 0 0 0 1 0 0 0 0 0 0 1 0 0 0 0 0 0 0 0 0 0 0 0
 0 1 1 0]
2025-12-21 21:27:45,805 - [DEBUG] - y_rrl_: (1447,) [0 1 0 0 0 1 0 0 0 0 1 0 0 0 0 0 0 1 0 0 0 0 0 0 1 1 0 0 0 0 0 0 1 1 0 0 0
 0 1 0 0]
2025-12-21 21:27:45,805 - [DEBUG] - y_rrl: (1447, 2) [[ 12.597607   -12.354146  ]
 [ -0.24969445   0.49488503]
 [ 10.613382   -10.369747  ]
 [ 10.613382   -10.369747  ]
 [ 12.597607   -12.354146  ]
 [ -0.42087892   0.6665954 ]
 [ 12.597607   -12.354146  ]
 [ 12.597607   -12.354146  ]
 [ 12.597607   -12.354146  ]
 [  4.3884654   -4.143542  ]
 [ -0.42087892   0.6665954 ]
 [  9.051439    -8.807184  ]
 [ 11.079432   -10.835575  ]
 [ 11.079432   -10.835575  ]
 [  8.398756    -8.154709  ]
 [ 11.079432   -10.835575  ]
 [ 11.516882   -11.2725725 ]
 [ -0.42087892   0.6665954 ]
 [  7.643531    -7.399361  ]
 [  6.587925    -6.343418  ]
 [ 12.597607   -12.354146  ]
 [ 11.079432   -10.835575  ]
 [ 12.597607   -12.354146  ]
 [ 11.079432   -10.835575  ]
 [ -3.7595003    4.005195  ]
 [ -0.42087892   0.6665954 ]
 [  9.051439    -8.807184  ]
 [ 11.079432   -10.835575  ]
 [  6.587925    -6.343418  ]
 [ 12.597607   -12.354146  ]
 [ 12.597607   -12.354146  ]
 [  9.051439    -8.807184  ]
 [ -0.42087892   0.6665954 ]
 [ -0.42087892   0.6665954 ]
 [ 12.597607   -12.354146  ]
 [ 12.597607   -12.354146  ]
 [ 12.597607   -12.354146  ]
 [ 11.079432   -10.835575  ]
 [ -0.42087892   0.6665954 ]
 [  1.7043916   -1.4594095 ]
 [ 12.597607   -12.354146  ]]
2025-12-21 21:27:45,807 - [INFO] - ------------------------------------------------------------
2025-12-21 21:27:45,807 - [INFO] - On Validation Set:
	Accuracy of RRL  Model: 0.8873531444367657
	F1 Score of RRL  Model: 0.7262869483781648
2025-12-21 21:27:45,813 - [INFO] - On Validation Set:
Performance of  RRL Model: 
[[1197   89]
 [  74   87]]
              precision    recall  f1-score   support

           0       0.94      0.93      0.94      1286
           1       0.49      0.54      0.52       161

    accuracy                           0.89      1447
   macro avg       0.72      0.74      0.73      1447
weighted avg       0.89      0.89      0.89      1447

2025-12-21 21:27:45,813 - [INFO] - ------------------------------------------------------------
2025-12-21 21:27:47,246 - [INFO] - epoch: 50, loss_rrl: 119.25378509610891
2025-12-21 21:27:47,498 - [DEBUG] - y_true: (1447,) [0 0 0 0 0 1 0 0 0 0 0 0 0 0 0 0 0 1 0 0 0 0 0 0 1 0 0 0 0 0 0 0 0 0 0 0 0
 0 1 1 0]
2025-12-21 21:27:47,651 - [DEBUG] - y_rrl_: (1447,) [0 0 0 0 0 0 0 0 0 0 0 0 0 0 0 0 0 0 0 0 0 0 0 0 0 0 0 0 0 0 0 0 0 0 0 0 0
 0 0 0 0]
2025-12-21 21:27:47,651 - [DEBUG] - y_rrl: (1447, 2) [[ 15.183799  -14.946907 ]
 [  4.1893883  -3.9510136]
 [ 13.24215   -13.005086 ]
 [ 13.24215   -13.005086 ]
 [ 15.183799  -14.946907 ]
 [  2.0844424  -1.8453865]
 [ 15.183799  -14.946907 ]
 [ 15.183799  -14.946907 ]
 [ 15.183799  -14.946907 ]
 [  6.8894424  -6.6511517]
 [  2.0844424  -1.8453865]
 [ 11.637437  -11.3997755]
 [ 13.662543  -13.425267 ]
 [ 13.662543  -13.425267 ]
 [ 13.662543  -13.425267 ]
 [ 13.662543  -13.425267 ]
 [ 14.041146  -13.803439 ]
 [  2.0844424  -1.8453865]
 [ 10.165912   -9.928338 ]
 [ 13.662543  -13.425267 ]
 [ 15.183799  -14.946907 ]
 [ 13.662543  -13.425267 ]
 [ 15.183799  -14.946907 ]
 [ 13.662543  -13.425267 ]
 [  0.963884   -0.7251558]
 [  2.0844424  -1.8453865]
 [ 10.963963  -10.72651  ]
 [ 13.662543  -13.425267 ]
 [ 13.662543  -13.425267 ]
 [ 15.183799  -14.946907 ]
 [ 15.183799  -14.946907 ]
 [ 13.662543  -13.425267 ]
 [  2.0844424  -1.8453865]
 [  2.0844424  -1.8453865]
 [ 15.183799  -14.946907 ]
 [ 15.183799  -14.946907 ]
 [ 15.183799  -14.946907 ]
 [ 13.662543  -13.425267 ]
 [  2.0844424  -1.8453865]
 [  4.2476287  -4.0092807]
 [ 15.183799  -14.946907 ]]
2025-12-21 21:27:47,653 - [INFO] - ------------------------------------------------------------
2025-12-21 21:27:47,653 - [INFO] - On Validation Set:
	Accuracy of RRL  Model: 0.899101589495508
	F1 Score of RRL  Model: 0.5887924322640922
2025-12-21 21:27:47,659 - [INFO] - On Validation Set:
Performance of  RRL Model: 
[[1279    7]
 [ 139   22]]
              precision    recall  f1-score   support

           0       0.90      0.99      0.95      1286
           1       0.76      0.14      0.23       161

    accuracy                           0.90      1447
   macro avg       0.83      0.57      0.59      1447
weighted avg       0.89      0.90      0.87      1447

2025-12-21 21:27:47,659 - [INFO] - ------------------------------------------------------------
2025-12-21 21:27:48,896 - [INFO] - epoch: 51, loss_rrl: 118.33065137825906
2025-12-21 21:27:49,432 - [DEBUG] - y_true: (1447,) [0 0 0 0 0 1 0 0 0 0 0 0 0 0 0 0 0 1 0 0 0 0 0 0 1 0 0 0 0 0 0 0 0 0 0 0 0
 0 1 1 0]
2025-12-21 21:27:49,582 - [DEBUG] - y_rrl_: (1447,) [0 0 0 0 0 1 0 0 0 0 0 0 0 0 0 0 0 0 0 0 0 0 0 0 1 1 0 0 0 0 0 0 0 1 0 0 0
 0 0 0 0]
2025-12-21 21:27:49,583 - [DEBUG] - y_rrl: (1447, 2) [[ 13.892656   -13.662163  ]
 [  1.5917041   -1.3598017 ]
 [  9.630513    -9.400185  ]
 [ 11.982417   -11.751766  ]
 [ 12.7852955  -12.555121  ]
 [ -0.40507922   0.637322  ]
 [ 13.892656   -13.662163  ]
 [ 12.648113   -12.417624  ]
 [ 13.892656   -13.662163  ]
 [  5.462713    -5.2308874 ]
 [  0.70228165  -0.4697198 ]
 [  9.269406    -9.038496  ]
 [ 11.27502    -11.044474  ]
 [ 11.27502    -11.044474  ]
 [  7.7606087   -7.529421  ]
 [ 12.3823805  -12.151515  ]
 [ 11.403302   -11.17203   ]
 [  0.70228165  -0.4697198 ]
 [  8.8722105   -8.641064  ]
 [ 12.3823805  -12.151515  ]
 [ 13.892656   -13.662163  ]
 [ 11.27502    -11.044474  ]
 [ 12.7852955  -12.555121  ]
 [ 12.3823805  -12.151515  ]
 [ -0.40507922   0.637322  ]
 [ -0.40507922   0.637322  ]
 [  9.670848    -9.439818  ]
 [ 12.3823805  -12.151515  ]
 [ 11.27502    -11.044474  ]
 [ 12.648113   -12.417624  ]
 [ 13.892656   -13.662163  ]
 [ 11.27502    -11.044474  ]
 [  0.70228165  -0.4697198 ]
 [ -0.40507922   0.637322  ]
 [ 12.7852955  -12.555121  ]
 [ 13.892656   -13.662163  ]
 [ 12.7852955  -12.555121  ]
 [ 12.3823805  -12.151515  ]
 [  2.7078934   -2.4757001 ]
 [  2.8450756   -2.6131976 ]
 [ 12.648113   -12.417624  ]]
2025-12-21 21:27:49,585 - [INFO] - ------------------------------------------------------------
2025-12-21 21:27:49,585 - [INFO] - On Validation Set:
	Accuracy of RRL  Model: 0.899101589495508
	F1 Score of RRL  Model: 0.6732725023198267
2025-12-21 21:27:49,591 - [INFO] - On Validation Set:
Performance of  RRL Model: 
[[1252   34]
 [ 112   49]]
              precision    recall  f1-score   support

           0       0.92      0.97      0.94      1286
           1       0.59      0.30      0.40       161

    accuracy                           0.90      1447
   macro avg       0.75      0.64      0.67      1447
weighted avg       0.88      0.90      0.88      1447

2025-12-21 21:27:49,591 - [INFO] - ------------------------------------------------------------
2025-12-21 21:27:50,611 - [INFO] - epoch: 52, loss_rrl: 117.85350476764143
2025-12-21 21:27:51,375 - [DEBUG] - y_true: (1447,) [0 0 0 0 0 1 0 0 0 0 0 0 0 0 0 0 0 1 0 0 0 0 0 0 1 0 0 0 0 0 0 0 0 0 0 0 0
 0 1 1 0]
2025-12-21 21:27:51,526 - [DEBUG] - y_rrl_: (1447,) [0 0 0 0 0 1 0 0 0 0 0 0 0 0 0 0 0 0 0 0 0 0 0 0 1 1 0 0 0 0 0 0 0 0 0 0 0
 0 0 0 0]
2025-12-21 21:27:51,527 - [DEBUG] - y_rrl: (1447, 2) [[ 14.69541    -14.471206  ]
 [  3.5659475   -3.340391  ]
 [ 10.55466    -10.330615  ]
 [ 11.639193   -11.414839  ]
 [ 13.610878   -13.386981  ]
 [ -1.9161447    2.1422908 ]
 [ 14.69541    -14.471206  ]
 [ 13.468529   -13.244327  ]
 [ 14.69541    -14.471206  ]
 [  4.9601455   -4.734674  ]
 [  1.458016    -1.2318325 ]
 [  8.881863    -8.65726   ]
 [ 12.087312   -11.863058  ]
 [ 12.087312   -11.863058  ]
 [ 13.171844   -12.947283  ]
 [ 13.171844   -12.947283  ]
 [ 12.127183   -11.902235  ]
 [  1.458016    -1.2318325 ]
 [  9.655334    -9.430505  ]
 [  9.3284855   -9.103715  ]
 [ 14.69541    -14.471206  ]
 [ 12.087312   -11.863058  ]
 [ 13.610878   -13.386981  ]
 [ 13.171844   -12.947283  ]
 [ -1.9161447    2.1422908 ]
 [ -1.9161447    2.1422908 ]
 [ 10.450612   -10.225898  ]
 [ 13.171844   -12.947283  ]
 [  9.470836    -9.246369  ]
 [ 13.468529   -13.244327  ]
 [ 14.69541    -14.471206  ]
 [ 10.86043    -10.63618   ]
 [  1.458016    -1.2318325 ]
 [  0.3734833   -0.14760777]
 [ 13.610878   -13.386981  ]
 [ 14.69541    -14.471206  ]
 [ 13.610878   -13.386981  ]
 [ 13.171844   -12.947283  ]
 [  1.458016    -1.2318325 ]
 [  3.578929    -3.3534038 ]
 [ 13.468529   -13.244327  ]]
2025-12-21 21:27:51,529 - [INFO] - ------------------------------------------------------------
2025-12-21 21:27:51,529 - [INFO] - On Validation Set:
	Accuracy of RRL  Model: 0.9053213545266068
	F1 Score of RRL  Model: 0.6922676899624802
2025-12-21 21:27:51,535 - [INFO] - On Validation Set:
Performance of  RRL Model: 
[[1257   29]
 [ 108   53]]
              precision    recall  f1-score   support

           0       0.92      0.98      0.95      1286
           1       0.65      0.33      0.44       161

    accuracy                           0.91      1447
   macro avg       0.78      0.65      0.69      1447
weighted avg       0.89      0.91      0.89      1447

2025-12-21 21:27:51,535 - [INFO] - ------------------------------------------------------------
2025-12-21 21:27:52,329 - [INFO] - epoch: 53, loss_rrl: 117.77531645447016
2025-12-21 21:27:53,331 - [DEBUG] - y_true: (1447,) [0 0 0 0 0 1 0 0 0 0 0 0 0 0 0 0 0 1 0 0 0 0 0 0 1 0 0 0 0 0 0 0 0 0 0 0 0
 0 1 1 0]
2025-12-21 21:27:53,482 - [DEBUG] - y_rrl_: (1447,) [0 0 0 0 0 0 0 0 0 0 0 0 0 0 0 0 0 0 0 0 0 0 0 0 1 0 0 0 0 0 0 0 0 0 0 0 0
 0 0 0 0]
2025-12-21 21:27:53,483 - [DEBUG] - y_rrl: (1447, 2) [[ 15.489326  -15.27123  ]
 [  4.342921   -4.1235285]
 [ 12.510057  -12.291814 ]
 [ 12.510057  -12.291814 ]
 [ 15.489326  -15.27123  ]
 [  1.706421   -1.4863206]
 [ 15.489326  -15.27123  ]
 [ 14.273393  -14.055301 ]
 [ 15.489326  -15.27123  ]
 [  7.4852057  -7.2660522]
 [  4.0059266  -3.7860863]
 [ 10.794114  -10.575334 ]
 [ 13.18982   -12.971464 ]
 [ 15.489326  -15.27123  ]
 [ 12.745362  -12.527124 ]
 [ 15.489326  -15.27123  ]
 [ 12.852826  -12.634022 ]
 [  4.0059266  -3.7860863]
 [  9.025103   -8.805692 ]
 [ 12.745174  -12.526736 ]
 [ 15.489326  -15.27123  ]
 [ 15.489326  -15.27123  ]
 [ 15.489326  -15.27123  ]
 [ 15.489326  -15.27123  ]
 [ -1.116059    1.3360108]
 [  1.706421   -1.4863206]
 [  9.266084   -9.047157 ]
 [ 15.489326  -15.27123  ]
 [ 13.961107  -13.742665 ]
 [ 14.273393  -14.055301 ]
 [ 15.489326  -15.27123  ]
 [ 10.794114  -10.575334 ]
 [  4.0059266  -3.7860863]
 [  4.0059266  -3.7860863]
 [ 15.489326  -15.27123  ]
 [ 15.489326  -15.27123  ]
 [ 15.489326  -15.27123  ]
 [ 15.489326  -15.27123  ]
 [  4.0059266  -3.7860863]
 [  5.8786583  -5.6596494]
 [ 14.273393  -14.055301 ]]
2025-12-21 21:27:53,485 - [INFO] - ------------------------------------------------------------
2025-12-21 21:27:53,485 - [INFO] - On Validation Set:
	Accuracy of RRL  Model: 0.9032480995162405
	F1 Score of RRL  Model: 0.6205002547732519
2025-12-21 21:27:53,491 - [INFO] - On Validation Set:
Performance of  RRL Model: 
[[1278    8]
 [ 132   29]]
              precision    recall  f1-score   support

           0       0.91      0.99      0.95      1286
           1       0.78      0.18      0.29       161

    accuracy                           0.90      1447
   macro avg       0.85      0.59      0.62      1447
weighted avg       0.89      0.90      0.88      1447

2025-12-21 21:27:53,491 - [INFO] - ------------------------------------------------------------
2025-12-21 21:27:54,029 - [INFO] - epoch: 54, loss_rrl: 117.52215219661593
2025-12-21 21:27:55,263 - [DEBUG] - y_true: (1447,) [0 0 0 0 0 1 0 0 0 0 0 0 0 0 0 0 0 1 0 0 0 0 0 0 1 0 0 0 0 0 0 0 0 0 0 0 0
 0 1 1 0]
2025-12-21 21:27:55,414 - [DEBUG] - y_rrl_: (1447,) [0 0 0 0 0 1 0 0 0 0 0 0 0 0 0 0 0 0 0 0 0 0 0 0 1 1 0 0 0 0 0 0 0 1 0 0 0
 0 0 0 0]
2025-12-21 21:27:55,414 - [DEBUG] - y_rrl: (1447, 2) [[ 13.986052  -13.773948 ]
 [  1.5980562  -1.384721 ]
 [ 10.035041   -9.823085 ]
 [ 12.266567  -12.05432  ]
 [ 12.945147  -12.733333 ]
 [ -0.3296199   0.543241 ]
 [ 13.986052  -13.773948 ]
 [ 12.795429  -12.583329 ]
 [ 13.986052  -13.773948 ]
 [  5.3709626  -5.157709 ]
 [  0.7112851  -0.4973741]
 [  9.476092   -9.263617 ]
 [ 11.406089  -11.193941 ]
 [ 11.406089  -11.193941 ]
 [ 12.446994  -12.234556 ]
 [ 12.446994  -12.234556 ]
 [ 11.307068  -11.094291 ]
 [  0.7112851  -0.4973741]
 [  8.935296   -8.722617 ]
 [  9.795278   -9.582645 ]
 [ 13.986052  -13.773948 ]
 [ 11.406089  -11.193941 ]
 [ 12.945147  -12.733333 ]
 [ 12.446994  -12.234556 ]
 [ -2.6506948   2.8645623]
 [ -0.3296199   0.543241 ]
 [  7.761472   -7.54857  ]
 [ 12.446994  -12.234556 ]
 [  8.754373   -8.54203  ]
 [ 12.795429  -12.583329 ]
 [ 13.986052  -13.773948 ]
 [  9.476092   -9.263617 ]
 [  0.7112851  -0.4973741]
 [ -0.3296199   0.543241 ]
 [ 12.945147  -12.733333 ]
 [ 13.986052  -13.773948 ]
 [ 12.945147  -12.733333 ]
 [ 12.446994  -12.234556 ]
 [  2.6412826  -2.4276989]
 [  2.791      -2.5777023]
 [ 12.795429  -12.583329 ]]
2025-12-21 21:27:55,416 - [INFO] - ------------------------------------------------------------
2025-12-21 21:27:55,416 - [INFO] - On Validation Set:
	Accuracy of RRL  Model: 0.899101589495508
	F1 Score of RRL  Model: 0.6826868774257117
2025-12-21 21:27:55,422 - [INFO] - On Validation Set:
Performance of  RRL Model: 
[[1248   38]
 [ 108   53]]
              precision    recall  f1-score   support

           0       0.92      0.97      0.94      1286
           1       0.58      0.33      0.42       161

    accuracy                           0.90      1447
   macro avg       0.75      0.65      0.68      1447
weighted avg       0.88      0.90      0.89      1447

2025-12-21 21:27:55,423 - [INFO] - ------------------------------------------------------------
2025-12-21 21:27:55,706 - [INFO] - epoch: 55, loss_rrl: 116.74787259474397
2025-12-21 21:27:57,435 - [DEBUG] - y_true: (1447,) [0 0 0 0 0 1 0 0 0 0 0 0 0 0 0 0 0 1 0 0 0 0 0 0 1 0 0 0 0 0 0 0 0 0 0 0 0
 0 1 1 0]
2025-12-21 21:27:57,587 - [DEBUG] - y_rrl_: (1447,) [0 0 0 0 0 0 0 0 0 0 0 0 0 0 0 0 0 0 0 0 0 0 0 0 1 0 0 0 0 0 0 0 0 0 0 0 0
 0 0 0 0]
2025-12-21 21:27:57,587 - [DEBUG] - y_rrl: (1447, 2) [[ 14.036695   -13.830407  ]
 [  2.75739     -2.549926  ]
 [ 11.189513   -10.983095  ]
 [ 12.365446   -12.159024  ]
 [ 14.036695   -13.830407  ]
 [  2.3936625   -2.1857946 ]
 [ 14.036695   -13.830407  ]
 [ 12.860763   -12.654478  ]
 [ 14.036695   -13.830407  ]
 [  7.0266542   -6.8194213 ]
 [  2.3936625   -2.1857946 ]
 [ 10.579635   -10.372713  ]
 [ 12.494078   -12.287465  ]
 [ 12.494078   -12.287465  ]
 [  9.716463    -9.509726  ]
 [ 12.494078   -12.287465  ]
 [ 11.307022   -11.100097  ]
 [  2.3936625   -2.1857946 ]
 [  7.3984604   -7.190976  ]
 [  7.9009495   -7.693845  ]
 [ 14.036695   -13.830407  ]
 [ 12.494078   -12.287465  ]
 [ 14.036695   -13.830407  ]
 [ 12.494078   -12.287465  ]
 [ -0.29933918   0.507064  ]
 [  2.3936625   -2.1857946 ]
 [  7.80202     -7.5949736 ]
 [ 12.494078   -12.287465  ]
 [  7.9009495   -7.693845  ]
 [ 12.860763   -12.654478  ]
 [ 14.036695   -13.830407  ]
 [ 12.494078   -12.287465  ]
 [  2.3936625   -2.1857946 ]
 [  2.3936625   -2.1857946 ]
 [ 14.036695   -13.830407  ]
 [ 14.036695   -13.830407  ]
 [ 14.036695   -13.830407  ]
 [ 12.494078   -12.287465  ]
 [  2.3936625   -2.1857946 ]
 [  2.7910364   -2.5836194 ]
 [ 12.860763   -12.654478  ]]
2025-12-21 21:27:57,589 - [INFO] - ------------------------------------------------------------
2025-12-21 21:27:57,589 - [INFO] - On Validation Set:
	Accuracy of RRL  Model: 0.9039391845196959
	F1 Score of RRL  Model: 0.6805937345662838
2025-12-21 21:27:57,595 - [INFO] - On Validation Set:
Performance of  RRL Model: 
[[1259   27]
 [ 112   49]]
              precision    recall  f1-score   support

           0       0.92      0.98      0.95      1286
           1       0.64      0.30      0.41       161

    accuracy                           0.90      1447
   macro avg       0.78      0.64      0.68      1447
weighted avg       0.89      0.90      0.89      1447

2025-12-21 21:27:57,595 - [INFO] - ------------------------------------------------------------
2025-12-21 21:27:57,627 - [INFO] - epoch: 56, loss_rrl: 118.6905744727701
2025-12-21 21:27:59,108 - [INFO] - epoch: 57, loss_rrl: 117.25472879782319
2025-12-21 21:27:59,328 - [DEBUG] - y_true: (1447,) [0 0 0 0 0 1 0 0 0 0 0 0 0 0 0 0 0 1 0 0 0 0 0 0 1 0 0 0 0 0 0 0 0 0 0 0 0
 0 1 1 0]
2025-12-21 21:27:59,477 - [DEBUG] - y_rrl_: (1447,) [0 0 0 0 0 1 0 0 0 0 0 0 0 0 0 0 0 0 0 0 0 0 0 0 1 1 0 0 0 0 0 0 0 0 0 0 0
 0 0 0 0]
2025-12-21 21:27:59,478 - [DEBUG] - y_rrl: (1447, 2) [[ 14.408288   -14.207652  ]
 [  1.8744069   -1.6726418 ]
 [ 11.721291   -11.520791  ]
 [ 12.74807    -12.547299  ]
 [ 13.381509   -13.181143  ]
 [ -0.72958267   0.9316863 ]
 [ 14.408288   -14.207652  ]
 [ 14.408288   -14.207652  ]
 [ 14.408288   -14.207652  ]
 [  7.3282475   -7.1267047 ]
 [  2.7080133   -2.5058582 ]
 [  8.761276    -8.560295  ]
 [  8.277431    -8.076534  ]
 [ 10.688248   -10.48757   ]
 [ 11.715028   -11.514078  ]
 [ 11.715028   -11.514078  ]
 [ 12.831078   -12.62983   ]
 [  2.7080133   -2.5058582 ]
 [  9.304211    -9.103043  ]
 [ 11.715028   -11.514078  ]
 [ 14.408288   -14.207652  ]
 [ 10.688248   -10.48757   ]
 [ 13.381509   -13.181143  ]
 [ 11.715028   -11.514078  ]
 [ -2.3898003    2.592038  ]
 [ -0.72958267   0.9316863 ]
 [  6.9777274   -6.776358  ]
 [ 11.715028   -11.514078  ]
 [ 10.688248   -10.48757   ]
 [ 14.408288   -14.207652  ]
 [ 14.408288   -14.207652  ]
 [ 10.688248   -10.48757   ]
 [  2.7080133   -2.5058582 ]
 [  1.6812338   -1.4793499 ]
 [ 13.381509   -13.181143  ]
 [ 14.408288   -14.207652  ]
 [ 13.381509   -13.181143  ]
 [ 11.715028   -11.514078  ]
 [  4.6349854   -4.433131  ]
 [  1.9479872   -1.7462728 ]
 [ 14.408288   -14.207652  ]]
2025-12-21 21:27:59,480 - [INFO] - ------------------------------------------------------------
2025-12-21 21:27:59,480 - [INFO] - On Validation Set:
	Accuracy of RRL  Model: 0.9087767795438839
	F1 Score of RRL  Model: 0.69313668787353
2025-12-21 21:27:59,486 - [INFO] - On Validation Set:
Performance of  RRL Model: 
[[1264   22]
 [ 110   51]]
              precision    recall  f1-score   support

           0       0.92      0.98      0.95      1286
           1       0.70      0.32      0.44       161

    accuracy                           0.91      1447
   macro avg       0.81      0.65      0.69      1447
weighted avg       0.90      0.91      0.89      1447

2025-12-21 21:27:59,486 - [INFO] - ------------------------------------------------------------
2025-12-21 21:28:00,719 - [INFO] - epoch: 58, loss_rrl: 118.52329333871603
2025-12-21 21:28:01,175 - [DEBUG] - y_true: (1447,) [0 0 0 0 0 1 0 0 0 0 0 0 0 0 0 0 0 1 0 0 0 0 0 0 1 0 0 0 0 0 0 0 0 0 0 0 0
 0 1 1 0]
2025-12-21 21:28:01,327 - [DEBUG] - y_rrl_: (1447,) [0 0 0 0 0 1 0 0 0 0 1 0 0 0 0 0 0 1 0 0 0 0 0 0 1 1 0 0 0 0 0 0 1 1 0 0 0
 0 1 0 0]
2025-12-21 21:28:01,328 - [DEBUG] - y_rrl: (1447, 2) [[ 12.979573   -12.784446  ]
 [  0.39325213  -0.19705659]
 [ 10.183131    -9.9878845 ]
 [ 10.183131    -9.9878845 ]
 [ 12.979573   -12.784446  ]
 [ -0.43917936   0.63587326]
 [ 12.979573   -12.784446  ]
 [ 11.848348   -11.653225  ]
 [ 12.979573   -12.784446  ]
 [  2.996414    -2.8003118 ]
 [ -0.43917936   0.63587326]
 [  8.412752    -8.217041  ]
 [ 11.848348   -11.653225  ]
 [ 11.848348   -11.653225  ]
 [  8.989485    -8.794249  ]
 [ 11.848348   -11.653225  ]
 [ 10.242201   -10.046499  ]
 [ -0.43917936   0.63587326]
 [  7.8858056   -7.6901712 ]
 [ 10.324735   -10.129309  ]
 [ 12.979573   -12.784446  ]
 [ 11.848348   -11.653225  ]
 [ 12.979573   -12.784446  ]
 [ 11.848348   -11.653225  ]
 [ -1.4613247    1.6577559 ]
 [ -0.43917936   0.63587326]
 [  5.5538883   -5.3580637 ]
 [ 11.848348   -11.653225  ]
 [ 10.324735   -10.129309  ]
 [ 11.848348   -11.653225  ]
 [ 12.979573   -12.784446  ]
 [  8.412752    -8.217041  ]
 [ -0.43917936   0.63587326]
 [ -0.43917936   0.63587326]
 [ 12.979573   -12.784446  ]
 [ 11.848348   -11.653225  ]
 [ 12.979573   -12.784446  ]
 [ 11.848348   -11.653225  ]
 [ -0.43917936   0.63587326]
 [  1.9742686   -1.7784288 ]
 [ 11.848348   -11.653225  ]]
2025-12-21 21:28:01,330 - [INFO] - ------------------------------------------------------------
2025-12-21 21:28:01,330 - [INFO] - On Validation Set:
	Accuracy of RRL  Model: 0.8832066344160332
	F1 Score of RRL  Model: 0.7205200498746847
2025-12-21 21:28:01,335 - [INFO] - On Validation Set:
Performance of  RRL Model: 
[[1191   95]
 [  74   87]]
              precision    recall  f1-score   support

           0       0.94      0.93      0.93      1286
           1       0.48      0.54      0.51       161

    accuracy                           0.88      1447
   macro avg       0.71      0.73      0.72      1447
weighted avg       0.89      0.88      0.89      1447

2025-12-21 21:28:01,335 - [INFO] - ------------------------------------------------------------
2025-12-21 21:28:02,341 - [INFO] - epoch: 59, loss_rrl: 117.0127730872482
2025-12-21 21:28:03,030 - [DEBUG] - y_true: (1447,) [0 0 0 0 0 1 0 0 0 0 0 0 0 0 0 0 0 1 0 0 0 0 0 0 1 0 0 0 0 0 0 0 0 0 0 0 0
 0 1 1 0]
2025-12-21 21:28:03,182 - [DEBUG] - y_rrl_: (1447,) [0 0 0 0 0 0 0 0 0 0 0 0 0 0 0 0 0 0 0 0 0 0 0 0 1 0 0 0 0 0 0 0 0 0 0 0 0
 0 0 0 0]
2025-12-21 21:28:03,183 - [DEBUG] - y_rrl: (1447, 2) [[ 15.837044  -15.647259 ]
 [  4.142707   -3.9534001]
 [ 11.837725  -11.649591 ]
 [ 12.862925  -12.674535 ]
 [ 13.1551895 -12.965535 ]
 [  1.1849146  -0.9953957]
 [ 15.837044  -15.647259 ]
 [ 14.519581  -14.331314 ]
 [ 15.837044  -15.647259 ]
 [  7.2682757  -7.079195 ]
 [  2.4058812  -2.2145905]
 [ 10.288634  -10.098535 ]
 [ 14.811844  -14.622314 ]
 [ 12.959423  -12.771285 ]
 [ 15.837044  -15.647259 ]
 [ 15.837044  -15.647259 ]
 [ 11.439236  -11.248777 ]
 [  3.8667681  -3.6771145]
 [ 10.552913  -10.364151 ]
 [ 10.272841  -10.084122 ]
 [ 15.641277  -15.453008 ]
 [ 13.1551895 -12.965535 ]
 [ 14.811844  -14.622314 ]
 [ 13.984623  -13.796229 ]
 [ -1.2803006   1.4700207]
 [  3.0373337  -2.84642  ]
 [  9.548972   -9.358508 ]
 [ 15.641277  -15.453008 ]
 [ 10.5651045 -10.375122 ]
 [ 14.715345  -14.525565 ]
 [ 15.641277  -15.453008 ]
 [ 11.9929285 -11.804624 ]
 [  4.062534   -3.8713646]
 [  2.8415678  -2.65217  ]
 [ 14.811844  -14.622314 ]
 [ 15.641277  -15.453008 ]
 [ 14.811844  -14.622314 ]
 [ 13.984623  -13.796229 ]
 [  3.8667681  -3.6771145]
 [  5.903888   -5.7134194]
 [ 14.519581  -14.331314 ]]
2025-12-21 21:28:03,185 - [INFO] - ------------------------------------------------------------
2025-12-21 21:28:03,185 - [INFO] - On Validation Set:
	Accuracy of RRL  Model: 0.9018659295093296
	F1 Score of RRL  Model: 0.611439312567132
2025-12-21 21:28:03,191 - [INFO] - On Validation Set:
Performance of  RRL Model: 
[[1278    8]
 [ 134   27]]
              precision    recall  f1-score   support

           0       0.91      0.99      0.95      1286
           1       0.77      0.17      0.28       161

    accuracy                           0.90      1447
   macro avg       0.84      0.58      0.61      1447
weighted avg       0.89      0.90      0.87      1447

2025-12-21 21:28:03,191 - [INFO] - ------------------------------------------------------------
2025-12-21 21:28:03,959 - [INFO] - epoch: 60, loss_rrl: 118.15391777083278
2025-12-21 21:28:04,883 - [DEBUG] - y_true: (1447,) [0 0 0 0 0 1 0 0 0 0 0 0 0 0 0 0 0 1 0 0 0 0 0 0 1 0 0 0 0 0 0 0 0 0 0 0 0
 0 1 1 0]
2025-12-21 21:28:05,035 - [DEBUG] - y_rrl_: (1447,) [0 0 0 0 0 1 0 0 0 0 0 0 0 0 0 0 0 0 0 0 0 0 0 0 1 1 0 0 0 0 0 0 0 0 0 0 0
 0 0 0 0]
2025-12-21 21:28:05,036 - [DEBUG] - y_rrl: (1447, 2) [[ 15.861381   -15.676764  ]
 [  4.0468845   -3.8627439 ]
 [ 12.81043    -12.627168  ]
 [ 12.81043    -12.627168  ]
 [ 15.861381   -15.676764  ]
 [ -0.36600864   0.55078727]
 [ 15.861381   -15.676764  ]
 [ 14.466126   -14.2829895 ]
 [ 15.861381   -15.676764  ]
 [  5.5025268   -5.318493  ]
 [  2.357419    -2.171358  ]
 [ 11.321021   -11.135851  ]
 [ 13.400413   -13.215605  ]
 [ 15.59892    -15.415777  ]
 [ 15.861381   -15.676764  ]
 [ 15.861381   -15.676764  ]
 [ 13.104186   -12.919049  ]
 [  2.0949583   -1.910372  ]
 [  8.8828945   -8.698755  ]
 [ 12.968263   -12.784841  ]
 [ 15.59892    -15.415777  ]
 [ 15.861381   -15.676764  ]
 [ 15.861381   -15.676764  ]
 [ 15.59892    -15.415777  ]
 [ -1.3992376    1.5837678 ]
 [ -0.10354793   0.28980094]
 [ 11.444821   -11.259822  ]
 [ 15.59892    -15.415777  ]
 [ 14.363517   -14.178615  ]
 [ 14.728587   -14.543976  ]
 [ 15.59892    -15.415777  ]
 [ 11.05856    -10.874865  ]
 [  2.357419    -2.171358  ]
 [  2.0949583   -1.910372  ]
 [ 15.861381   -15.676764  ]
 [ 15.59892    -15.415777  ]
 [ 15.861381   -15.676764  ]
 [ 15.59892    -15.415777  ]
 [  2.0949583   -1.910372  ]
 [  5.86455     -5.6792865 ]
 [ 14.466126   -14.2829895 ]]
2025-12-21 21:28:05,038 - [INFO] - ------------------------------------------------------------
2025-12-21 21:28:05,038 - [INFO] - On Validation Set:
	Accuracy of RRL  Model: 0.8977194194885971
	F1 Score of RRL  Model: 0.6586001964010152
2025-12-21 21:28:05,044 - [INFO] - On Validation Set:
Performance of  RRL Model: 
[[1255   31]
 [ 117   44]]
              precision    recall  f1-score   support

           0       0.91      0.98      0.94      1286
           1       0.59      0.27      0.37       161

    accuracy                           0.90      1447
   macro avg       0.75      0.62      0.66      1447
weighted avg       0.88      0.90      0.88      1447

2025-12-21 21:28:05,044 - [INFO] - ------------------------------------------------------------
2025-12-21 21:28:05,577 - [INFO] - epoch: 61, loss_rrl: 116.92150438576937
2025-12-21 21:28:06,735 - [DEBUG] - y_true: (1447,) [0 0 0 0 0 1 0 0 0 0 0 0 0 0 0 0 0 1 0 0 0 0 0 0 1 0 0 0 0 0 0 0 0 0 0 0 0
 0 1 1 0]
2025-12-21 21:28:06,886 - [DEBUG] - y_rrl_: (1447,) [0 0 0 0 0 0 0 0 0 0 0 0 0 0 0 0 0 0 0 0 0 0 0 0 1 0 0 0 0 0 0 0 0 0 0 0 0
 0 0 0 0]
2025-12-21 21:28:06,887 - [DEBUG] - y_rrl: (1447, 2) [[ 13.635197  -13.455678 ]
 [  1.7456875  -1.5666496]
 [ 10.511328  -10.33313  ]
 [ 10.511328  -10.33313  ]
 [ 13.635197  -13.455678 ]
 [  1.4379208  -1.2589546]
 [ 13.635197  -13.455678 ]
 [ 12.148235  -11.970151 ]
 [ 13.635197  -13.455678 ]
 [  4.8340406  -4.655606 ]
 [  1.7794306  -1.5990349]
 [  9.093627   -8.913582 ]
 [ 12.15751   -11.977717 ]
 [ 11.815999  -11.637637 ]
 [  9.232117   -9.052233 ]
 [ 12.15751   -11.977717 ]
 [ 12.489744  -12.310231 ]
 [  1.4379208  -1.2589546]
 [  8.195954   -8.017415 ]
 [  7.9186563  -7.740154 ]
 [ 13.293686  -13.115598 ]
 [ 12.15751   -11.977717 ]
 [ 13.635197  -13.455678 ]
 [ 11.815999  -11.637637 ]
 [ -3.6819692   3.8613713]
 [  1.7794306  -1.5990349]
 [  7.3136854  -7.1335435]
 [ 11.815999  -11.637637 ]
 [  9.405618   -9.225681 ]
 [ 12.489744  -12.310231 ]
 [ 13.293686  -13.115598 ]
 [  8.752116   -8.573502 ]
 [  1.7794306  -1.5990349]
 [  1.4379208  -1.2589546]
 [ 13.635197  -13.455678 ]
 [ 13.293686  -13.115598 ]
 [ 13.635197  -13.455678 ]
 [ 11.815999  -11.637637 ]
 [  1.4379208  -1.2589546]
 [  2.198019   -2.0176225]
 [ 12.148235  -11.970151 ]]
2025-12-21 21:28:06,889 - [INFO] - ------------------------------------------------------------
2025-12-21 21:28:06,889 - [INFO] - On Validation Set:
	Accuracy of RRL  Model: 0.9046302695231514
	F1 Score of RRL  Model: 0.6911753789050418
2025-12-21 21:28:06,895 - [INFO] - On Validation Set:
Performance of  RRL Model: 
[[1256   30]
 [ 108   53]]
              precision    recall  f1-score   support

           0       0.92      0.98      0.95      1286
           1       0.64      0.33      0.43       161

    accuracy                           0.90      1447
   macro avg       0.78      0.65      0.69      1447
weighted avg       0.89      0.90      0.89      1447

2025-12-21 21:28:06,895 - [INFO] - ------------------------------------------------------------
2025-12-21 21:28:07,195 - [INFO] - epoch: 62, loss_rrl: 117.21377818658948
2025-12-21 21:28:08,628 - [DEBUG] - y_true: (1447,) [0 0 0 0 0 1 0 0 0 0 0 0 0 0 0 0 0 1 0 0 0 0 0 0 1 0 0 0 0 0 0 0 0 0 0 0 0
 0 1 1 0]
2025-12-21 21:28:08,778 - [DEBUG] - y_rrl_: (1447,) [0 0 0 0 0 0 0 0 0 0 0 0 0 0 0 0 0 0 0 0 0 0 0 0 1 0 0 0 0 0 0 0 0 0 0 0 0
 0 0 0 0]
2025-12-21 21:28:08,779 - [DEBUG] - y_rrl: (1447, 2) [[ 12.780126   -12.605605  ]
 [  0.81564885  -0.64159894]
 [  9.586107    -9.412864  ]
 [  9.586107    -9.412864  ]
 [ 12.780126   -12.605605  ]
 [  0.56951267  -0.39516667]
 [ 12.780126   -12.605605  ]
 [ 11.212311   -11.039175  ]
 [ 12.780126   -12.605605  ]
 [  3.9640594   -3.7902257 ]
 [  0.98461586  -0.80888677]
 [  8.232863    -8.057834  ]
 [ 11.321458   -11.146673  ]
 [ 10.906356   -10.732952  ]
 [ 11.321458   -11.146673  ]
 [ 11.321458   -11.146673  ]
 [ 10.019933    -9.844941  ]
 [  0.56951267  -0.39516667]
 [  5.6321044   -5.458057  ]
 [  7.81776     -7.6441135 ]
 [ 12.365024   -12.191884  ]
 [ 11.321458   -11.146673  ]
 [ 12.780126   -12.605605  ]
 [ 10.906356   -10.732952  ]
 [ -2.082995     2.257216  ]
 [  0.98461586  -0.80888677]
 [  6.4745193   -6.2993975 ]
 [ 10.906356   -10.732952  ]
 [  9.385575    -9.210543  ]
 [ 11.627414   -11.452895  ]
 [ 12.365024   -12.191884  ]
 [  9.753643    -9.580243  ]
 [  0.98461586  -0.80888677]
 [  0.56951267  -0.39516667]
 [ 12.780126   -12.605605  ]
 [ 12.365024   -12.191884  ]
 [ 12.780126   -12.605605  ]
 [ 10.906356   -10.732952  ]
 [  0.56951267  -0.39516667]
 [  1.4207001   -1.2453403 ]
 [ 11.212311   -11.039175  ]]
2025-12-21 21:28:08,781 - [INFO] - ------------------------------------------------------------
2025-12-21 21:28:08,781 - [INFO] - On Validation Set:
	Accuracy of RRL  Model: 0.9080856945404284
	F1 Score of RRL  Model: 0.71602708537145
2025-12-21 21:28:08,787 - [INFO] - On Validation Set:
Performance of  RRL Model: 
[[1252   34]
 [  99   62]]
              precision    recall  f1-score   support

           0       0.93      0.97      0.95      1286
           1       0.65      0.39      0.48       161

    accuracy                           0.91      1447
   macro avg       0.79      0.68      0.72      1447
weighted avg       0.90      0.91      0.90      1447

2025-12-21 21:28:08,787 - [INFO] - ------------------------------------------------------------
2025-12-21 21:28:08,853 - [INFO] - epoch: 63, loss_rrl: 118.08131153695285
2025-12-21 21:28:10,314 - [INFO] - epoch: 64, loss_rrl: 118.60376417636871
2025-12-21 21:28:10,502 - [DEBUG] - y_true: (1447,) [0 0 0 0 0 1 0 0 0 0 0 0 0 0 0 0 0 1 0 0 0 0 0 0 1 0 0 0 0 0 0 0 0 0 0 0 0
 0 1 1 0]
2025-12-21 21:28:10,652 - [DEBUG] - y_rrl_: (1447,) [0 1 0 0 0 1 0 0 0 0 0 0 0 0 0 0 0 1 0 0 0 0 0 0 1 1 0 0 0 0 0 0 0 1 0 0 0
 0 0 1 0]
2025-12-21 21:28:10,653 - [DEBUG] - y_rrl: (1447, 2) [[ 11.935056   -11.765362  ]
 [ -1.3069954    1.4762249 ]
 [  9.841645    -9.67318   ]
 [  9.841645    -9.67318   ]
 [ 11.935056   -11.765362  ]
 [ -2.9172058    3.0868864 ]
 [ 11.935056   -11.765362  ]
 [ 11.456742   -11.2883835 ]
 [ 11.935056   -11.765362  ]
 [  4.185356    -4.0163326 ]
 [  0.09936147   0.07148978]
 [  7.370747    -7.20056   ]
 [  6.7790008   -6.6088905 ]
 [  8.838943    -8.670331  ]
 [  9.317256    -9.147309  ]
 [  9.317256    -9.147309  ]
 [ 10.324845   -10.154699  ]
 [ -0.37895173   0.5484678 ]
 [  6.3006873   -6.131912  ]
 [  6.102096    -5.9333553 ]
 [ 11.456742   -11.2883835 ]
 [  9.317256    -9.147309  ]
 [ 11.935056   -11.765362  ]
 [  8.838943    -8.670331  ]
 [ -5.5673757    5.7369347 ]
 [ -2.4388926    2.6099086 ]
 [  6.392925    -6.222895  ]
 [  8.838943    -8.670331  ]
 [  6.5804095   -6.4103327 ]
 [ 11.935056   -11.765362  ]
 [ 11.456742   -11.2883835 ]
 [  8.838943    -8.670331  ]
 [  0.09936147   0.07148978]
 [ -0.37895173   0.5484678 ]
 [ 11.935056   -11.765362  ]
 [ 11.456742   -11.2883835 ]
 [ 11.935056   -11.765362  ]
 [  8.838943    -8.670331  ]
 [  1.5675557   -1.3982794 ]
 [ -0.60430026   0.7747914 ]
 [ 11.456742   -11.2883835 ]]
2025-12-21 21:28:10,655 - [INFO] - ------------------------------------------------------------
2025-12-21 21:28:10,655 - [INFO] - On Validation Set:
	Accuracy of RRL  Model: 0.8935729094678645
	F1 Score of RRL  Model: 0.7233832846729826
2025-12-21 21:28:10,661 - [INFO] - On Validation Set:
Performance of  RRL Model: 
[[1214   72]
 [  82   79]]
              precision    recall  f1-score   support

           0       0.94      0.94      0.94      1286
           1       0.52      0.49      0.51       161

    accuracy                           0.89      1447
   macro avg       0.73      0.72      0.72      1447
weighted avg       0.89      0.89      0.89      1447

2025-12-21 21:28:10,661 - [INFO] - ------------------------------------------------------------
2025-12-21 21:28:11,949 - [INFO] - epoch: 65, loss_rrl: 117.7833251953125
2025-12-21 21:28:12,375 - [DEBUG] - y_true: (1447,) [0 0 0 0 0 1 0 0 0 0 0 0 0 0 0 0 0 1 0 0 0 0 0 0 1 0 0 0 0 0 0 0 0 0 0 0 0
 0 1 1 0]
2025-12-21 21:28:12,523 - [DEBUG] - y_rrl_: (1447,) [0 0 0 0 0 1 0 0 0 0 0 0 0 0 0 0 0 0 0 0 0 0 0 0 1 1 0 0 0 0 0 0 0 0 0 0 0
 0 0 0 0]
2025-12-21 21:28:12,524 - [DEBUG] - y_rrl: (1447, 2) [[ 14.669676   -14.504791  ]
 [  2.5431578   -2.3787196 ]
 [ 12.512783   -12.349081  ]
 [ 12.512783   -12.349081  ]
 [ 13.045749   -12.880756  ]
 [ -1.9424273    2.1073916 ]
 [ 14.669676   -14.504791  ]
 [ 14.136711   -13.973114  ]
 [ 14.669676   -14.504791  ]
 [  5.1756163   -5.011284  ]
 [  2.5450695   -2.379222  ]
 [ 11.506168   -11.341052  ]
 [ 12.1261835  -11.961143  ]
 [ 12.512783   -12.349081  ]
 [ 14.669676   -14.504791  ]
 [ 14.669676   -14.504791  ]
 [ 11.394923   -11.229504  ]
 [  2.0121038   -1.8475449 ]
 [  8.971353    -8.807355  ]
 [ 11.514845   -11.351004  ]
 [ 14.136711   -13.973114  ]
 [ 13.045749   -12.880756  ]
 [ 14.669676   -14.504791  ]
 [ 12.512783   -12.349081  ]
 [ -0.42848733   0.59307456]
 [ -1.4094619    1.5757143 ]
 [  9.770449    -9.605251  ]
 [ 14.136711   -13.973114  ]
 [ 14.669676   -14.504791  ]
 [ 14.669676   -14.504791  ]
 [ 14.136711   -13.973114  ]
 [  9.562164    -9.398088  ]
 [  2.5450695   -2.379222  ]
 [  2.0121038   -1.8475449 ]
 [ 14.669676   -14.504791  ]
 [ 14.136711   -13.973114  ]
 [ 14.669676   -14.504791  ]
 [ 12.512783   -12.349081  ]
 [  2.0121038   -1.8475449 ]
 [  4.67903     -4.5136285 ]
 [ 14.136711   -13.973114  ]]
2025-12-21 21:28:12,526 - [INFO] - ------------------------------------------------------------
2025-12-21 21:28:12,526 - [INFO] - On Validation Set:
	Accuracy of RRL  Model: 0.8997926744989634
	F1 Score of RRL  Model: 0.6859870123456051
2025-12-21 21:28:12,532 - [INFO] - On Validation Set:
Performance of  RRL Model: 
[[1248   38]
 [ 107   54]]
              precision    recall  f1-score   support

           0       0.92      0.97      0.95      1286
           1       0.59      0.34      0.43       161

    accuracy                           0.90      1447
   macro avg       0.75      0.65      0.69      1447
weighted avg       0.88      0.90      0.89      1447

2025-12-21 21:28:12,532 - [INFO] - ------------------------------------------------------------
2025-12-21 21:28:13,591 - [INFO] - epoch: 66, loss_rrl: 117.96348687820137
2025-12-21 21:28:14,299 - [DEBUG] - y_true: (1447,) [0 0 0 0 0 1 0 0 0 0 0 0 0 0 0 0 0 1 0 0 0 0 0 0 1 0 0 0 0 0 0 0 0 0 0 0 0
 0 1 1 0]
2025-12-21 21:28:14,578 - [DEBUG] - y_rrl_: (1447,) [0 1 0 0 0 1 0 0 0 0 0 0 0 0 0 0 0 1 0 0 0 0 0 0 1 1 0 0 0 0 0 0 0 1 0 0 0
 0 1 0 0]
2025-12-21 21:28:14,578 - [DEBUG] - y_rrl: (1447, 2) [[ 1.20390539e+01 -1.18788157e+01]
 [-8.73409361e-02  2.47135073e-01]
 [ 7.57343578e+00 -7.41455841e+00]
 [ 8.61186504e+00 -8.45277500e+00]
 [ 1.10006266e+01 -1.08406000e+01]
 [-1.46196103e+00  1.62179983e+00]
 [ 1.20390539e+01 -1.18788157e+01]
 [ 1.02211504e+01 -1.00621548e+01]
 [ 1.20390539e+01 -1.18788157e+01]
 [ 2.90210700e+00 -2.74251366e+00]
 [ 1.59140483e-01  2.15237029e-03]
 [ 7.82515860e+00 -7.66491604e+00]
 [ 1.10006266e+01 -1.08406000e+01]
 [ 1.04179535e+01 -1.02591677e+01]
 [ 1.20390539e+01 -1.18788157e+01]
 [ 1.20390539e+01 -1.18788157e+01]
 [ 9.15564060e+00 -8.99499702e+00]
 [-4.23532635e-01  5.83584070e-01]
 [ 6.28852558e+00 -6.12914419e+00]
 [ 7.49479675e+00 -7.33568192e+00]
 [ 1.14563818e+01 -1.12973833e+01]
 [ 1.10006266e+01 -1.08406000e+01]
 [ 1.10006266e+01 -1.08406000e+01]
 [ 1.14563818e+01 -1.12973833e+01]
 [-5.61847115e+00  5.77855301e+00]
 [-8.79288137e-01  1.04036796e+00]
 [ 7.15431166e+00 -6.99378157e+00]
 [ 1.14563818e+01 -1.12973833e+01]
 [ 8.27427387e+00 -8.11412716e+00]
 [ 1.08038225e+01 -1.06435862e+01]
 [ 1.14563818e+01 -1.12973833e+01]
 [ 9.18272114e+00 -9.02393913e+00]
 [ 1.59140483e-01  2.15237029e-03]
 [-1.46196103e+00  1.62179983e+00]
 [ 1.10006266e+01 -1.08406000e+01]
 [ 1.14563818e+01 -1.12973833e+01]
 [ 1.10006266e+01 -1.08406000e+01]
 [ 1.14563818e+01 -1.12973833e+01]
 [-4.23532635e-01  5.83584070e-01]
 [ 2.07229590e+00 -1.91157520e+00]
 [ 1.02211504e+01 -1.00621548e+01]]
2025-12-21 21:28:14,580 - [INFO] - ------------------------------------------------------------
2025-12-21 21:28:14,580 - [INFO] - On Validation Set:
	Accuracy of RRL  Model: 0.8997926744989634
	F1 Score of RRL  Model: 0.7295867406447955
2025-12-21 21:28:14,586 - [INFO] - On Validation Set:
Performance of  RRL Model: 
[[1225   61]
 [  84   77]]
              precision    recall  f1-score   support

           0       0.94      0.95      0.94      1286
           1       0.56      0.48      0.52       161

    accuracy                           0.90      1447
   macro avg       0.75      0.72      0.73      1447
weighted avg       0.89      0.90      0.90      1447

2025-12-21 21:28:14,586 - [INFO] - ------------------------------------------------------------
2025-12-21 21:28:15,407 - [INFO] - epoch: 67, loss_rrl: 117.55994875356555
2025-12-21 21:28:16,280 - [DEBUG] - y_true: (1447,) [0 0 0 0 0 1 0 0 0 0 0 0 0 0 0 0 0 1 0 0 0 0 0 0 1 0 0 0 0 0 0 0 0 0 0 0 0
 0 1 1 0]
2025-12-21 21:28:16,428 - [DEBUG] - y_rrl_: (1447,) [0 0 0 0 0 1 0 0 0 0 1 0 0 0 0 0 0 1 0 0 0 0 0 0 1 1 0 0 0 0 0 0 1 1 0 0 0
 0 1 0 0]
2025-12-21 21:28:16,429 - [DEBUG] - y_rrl: (1447, 2) [[ 1.3483701e+01 -1.3328051e+01]
 [ 1.3566550e+00 -1.2014318e+00]
 [ 8.9854183e+00 -8.8310738e+00]
 [ 1.0029443e+01 -9.8748922e+00]
 [ 1.2439677e+01 -1.2284232e+01]
 [-4.1691422e+00  4.3246374e+00]
 [ 1.3483701e+01 -1.3328051e+01]
 [ 1.1631131e+01 -1.1476676e+01]
 [ 1.3483701e+01 -1.3328051e+01]
 [ 2.7225668e+00 -2.5674462e+00]
 [-3.5254094e-03  1.6027918e-01]
 [ 7.8610148e+00 -7.7051306e+00]
 [ 9.9131451e+00 -9.7575598e+00]
 [ 1.1844616e+01 -1.1690365e+01]
 [ 1.3483701e+01 -1.3328051e+01]
 [ 1.3483701e+01 -1.3328051e+01]
 [ 1.0603618e+01 -1.0447581e+01]
 [-5.9858644e-01  7.5414670e-01]
 [ 6.1014581e+00 -5.9462461e+00]
 [ 8.3099785e+00 -8.1550817e+00]
 [ 1.2888640e+01 -1.2734183e+01]
 [ 1.2439677e+01 -1.2284232e+01]
 [ 1.2439677e+01 -1.2284232e+01]
 [ 1.2888640e+01 -1.2734183e+01]
 [-4.1691422e+00  4.3246374e+00]
 [-3.5740812e+00  3.7307699e+00]
 [ 9.1523361e+00 -8.9963875e+00]
 [ 1.2888640e+01 -1.2734183e+01]
 [ 9.1185246e+00 -8.9626369e+00]
 [ 9.4926891e+00 -9.3369246e+00]
 [ 1.2888640e+01 -1.2734183e+01]
 [ 1.0464049e+01 -1.0309569e+01]
 [-3.5254094e-03  1.6027918e-01]
 [-1.6426109e+00  1.7979648e+00]
 [ 1.2439677e+01 -1.2284232e+01]
 [ 1.2888640e+01 -1.2734183e+01]
 [ 1.2439677e+01 -1.2284232e+01]
 [ 1.2888640e+01 -1.2734183e+01]
 [-5.9858644e-01  7.5414670e-01]
 [ 3.5311139e+00 -3.3750021e+00]
 [ 1.1631131e+01 -1.1476676e+01]]
2025-12-21 21:28:16,431 - [INFO] - ------------------------------------------------------------
2025-12-21 21:28:16,431 - [INFO] - On Validation Set:
	Accuracy of RRL  Model: 0.8901174844505875
	F1 Score of RRL  Model: 0.7447447980518004
2025-12-21 21:28:16,436 - [INFO] - On Validation Set:
Performance of  RRL Model: 
[[1190   96]
 [  63   98]]
              precision    recall  f1-score   support

           0       0.95      0.93      0.94      1286
           1       0.51      0.61      0.55       161

    accuracy                           0.89      1447
   macro avg       0.73      0.77      0.74      1447
weighted avg       0.90      0.89      0.89      1447

2025-12-21 21:28:16,436 - [INFO] - ------------------------------------------------------------
2025-12-21 21:28:16,992 - [INFO] - epoch: 68, loss_rrl: 117.30337487906218
2025-12-21 21:28:18,114 - [DEBUG] - y_true: (1447,) [0 0 0 0 0 1 0 0 0 0 0 0 0 0 0 0 0 1 0 0 0 0 0 0 1 0 0 0 0 0 0 0 0 0 0 0 0
 0 1 1 0]
2025-12-21 21:28:18,263 - [DEBUG] - y_rrl_: (1447,) [0 0 0 0 0 1 0 0 0 0 1 0 0 0 0 0 0 1 0 0 0 0 0 0 1 1 0 0 0 0 0 0 1 1 0 0 0
 0 1 0 0]
2025-12-21 21:28:18,264 - [DEBUG] - y_rrl: (1447, 2) [[ 13.204949   -13.053734  ]
 [  1.080871    -0.9300744 ]
 [  9.765046    -9.614889  ]
 [  9.765046    -9.614889  ]
 [ 11.639631   -11.488321  ]
 [ -0.849104     1.0002247 ]
 [ 13.204949   -13.053734  ]
 [ 11.330365   -11.180302  ]
 [ 13.204949   -13.053734  ]
 [  2.477369    -2.3266714 ]
 [ -0.2521015    0.40437275]
 [  9.995848    -9.844427  ]
 [ 11.809997   -11.65856   ]
 [  9.6476755   -9.497295  ]
 [  8.854859    -8.703358  ]
 [ 11.809997   -11.65856   ]
 [  8.754275    -8.602599  ]
 [ -0.849104     1.0002247 ]
 [  7.414713    -7.2642956 ]
 [  8.6055975   -8.455425  ]
 [ 12.607947   -12.457882  ]
 [ 10.244678   -10.093147  ]
 [ 13.204949   -13.053734  ]
 [  9.6476755   -9.497295  ]
 [ -4.407391     4.5584426 ]
 [ -0.2521015    0.40437275]
 [ 11.273431   -11.122007  ]
 [ 12.607947   -12.457882  ]
 [ 10.480184   -10.328857  ]
 [ 11.927367   -11.776154  ]
 [ 12.607947   -12.457882  ]
 [ 11.330365   -11.180302  ]
 [ -0.2521015    0.40437275]
 [ -0.849104     1.0002247 ]
 [ 13.204949   -13.053734  ]
 [ 12.607947   -12.457882  ]
 [ 13.204949   -13.053734  ]
 [  9.6476755   -9.497295  ]
 [ -0.849104     1.0002247 ]
 [  1.9194142   -1.7675437 ]
 [ 11.330365   -11.180302  ]]
2025-12-21 21:28:18,266 - [INFO] - ------------------------------------------------------------
2025-12-21 21:28:18,266 - [INFO] - On Validation Set:
	Accuracy of RRL  Model: 0.8949550794747754
	F1 Score of RRL  Model: 0.7238577354586635
2025-12-21 21:28:18,272 - [INFO] - On Validation Set:
Performance of  RRL Model: 
[[1217   69]
 [  83   78]]
              precision    recall  f1-score   support

           0       0.94      0.95      0.94      1286
           1       0.53      0.48      0.51       161

    accuracy                           0.89      1447
   macro avg       0.73      0.72      0.72      1447
weighted avg       0.89      0.89      0.89      1447

2025-12-21 21:28:18,272 - [INFO] - ------------------------------------------------------------
2025-12-21 21:28:18,601 - [INFO] - epoch: 69, loss_rrl: 117.11666570417583
2025-12-21 21:28:20,030 - [DEBUG] - y_true: (1447,) [0 0 0 0 0 1 0 0 0 0 0 0 0 0 0 0 0 1 0 0 0 0 0 0 1 0 0 0 0 0 0 0 0 0 0 0 0
 0 1 1 0]
2025-12-21 21:28:20,178 - [DEBUG] - y_rrl_: (1447,) [0 1 0 0 0 1 0 0 0 0 1 0 0 0 0 0 0 1 0 0 0 0 0 0 1 0 0 0 0 0 0 0 0 1 0 0 0
 0 1 0 0]
2025-12-21 21:28:20,179 - [DEBUG] - y_rrl: (1447, 2) [[ 12.151231   -12.004393  ]
 [  0.05361995   0.09281151]
 [  8.699386    -8.55357   ]
 [  8.699386    -8.55357   ]
 [ 10.579923   -10.432995  ]
 [ -1.8873816    2.0341225 ]
 [ 12.151231   -12.004393  ]
 [ 10.270694   -10.124967  ]
 [ 12.151231   -12.004393  ]
 [  3.0292878   -2.8830466 ]
 [ -1.303889     1.4517385 ]
 [  8.916116    -8.76908   ]
 [ 10.743944   -10.59689   ]
 [  8.589144    -8.443109  ]
 [ 10.743944   -10.59689   ]
 [ 10.743944   -10.59689   ]
 [  7.6733904   -7.526114  ]
 [ -0.31607035   0.4627252 ]
 [  4.7170787   -4.5706573 ]
 [  8.3326235   -8.186696  ]
 [ 11.567739   -11.4220085 ]
 [  9.172636    -9.025493  ]
 [ 12.151231   -12.004393  ]
 [  8.589144    -8.443109  ]
 [ -2.9012852    3.0478313 ]
 [  0.26742217  -0.11965902]
 [  7.2888937   -7.141796  ]
 [ 11.567739   -11.4220085 ]
 [ 10.2131605  -10.066122  ]
 [ 10.854186   -10.707351  ]
 [ 11.567739   -11.4220085 ]
 [  8.3326235   -8.186696  ]
 [  0.26742217  -0.11965902]
 [ -0.31607035   0.4627252 ]
 [ 12.151231   -12.004393  ]
 [ 11.567739   -11.4220085 ]
 [ 12.151231   -12.004393  ]
 [  8.589144    -8.443109  ]
 [ -0.31607035   0.4627252 ]
 [  0.9173261   -0.7698653 ]
 [ 10.270694   -10.124967  ]]
2025-12-21 21:28:20,181 - [INFO] - ------------------------------------------------------------
2025-12-21 21:28:20,181 - [INFO] - On Validation Set:
	Accuracy of RRL  Model: 0.9018659295093296
	F1 Score of RRL  Model: 0.7420249897048041
2025-12-21 21:28:20,187 - [INFO] - On Validation Set:
Performance of  RRL Model: 
[[1222   64]
 [  78   83]]
              precision    recall  f1-score   support

           0       0.94      0.95      0.95      1286
           1       0.56      0.52      0.54       161

    accuracy                           0.90      1447
   macro avg       0.75      0.73      0.74      1447
weighted avg       0.90      0.90      0.90      1447

2025-12-21 21:28:20,187 - [INFO] - ------------------------------------------------------------
2025-12-21 21:28:20,295 - [INFO] - epoch: 70, loss_rrl: 117.02899640239775
2025-12-21 21:28:21,882 - [INFO] - epoch: 71, loss_rrl: 118.04796796105802
2025-12-21 21:28:22,047 - [DEBUG] - y_true: (1447,) [0 0 0 0 0 1 0 0 0 0 0 0 0 0 0 0 0 1 0 0 0 0 0 0 1 0 0 0 0 0 0 0 0 0 0 0 0
 0 1 1 0]
2025-12-21 21:28:22,196 - [DEBUG] - y_rrl_: (1447,) [0 1 0 0 0 1 0 0 0 0 0 0 0 0 0 0 0 1 0 0 0 0 0 0 1 0 0 0 0 0 0 0 0 1 0 0 0
 0 0 1 0]
2025-12-21 21:28:22,196 - [DEBUG] - y_rrl: (1447, 2) [[ 12.11764    -11.975     ]
 [ -1.3514998    1.4937319 ]
 [  8.667428    -8.525782  ]
 [  8.667428    -8.525782  ]
 [ 12.11764    -11.975     ]
 [ -0.40048236   0.542931  ]
 [ 12.11764    -11.975     ]
 [ 10.222852   -10.081286  ]
 [ 12.11764    -11.975     ]
 [  2.9443521   -2.8022993 ]
 [  0.18637852  -0.04285901]
 [  8.876106    -8.733282  ]
 [  9.398485    -9.25564   ]
 [  8.811625    -8.669851  ]
 [  9.398485    -9.25564   ]
 [  9.398485    -9.25564   ]
 [  9.212259    -9.069289  ]
 [ -0.40048236   0.542931  ]
 [  6.2631545   -6.1212626 ]
 [  7.474384    -7.332719  ]
 [ 11.530779   -11.389211  ]
 [  9.398485    -9.25564   ]
 [ 12.11764    -11.975     ]
 [  8.811625    -8.669851  ]
 [ -5.5274615    5.669923  ]
 [  0.18637852  -0.04285901]
 [  5.9435287   -5.80065   ]
 [ 10.222852   -10.081286  ]
 [  8.061244    -7.9185085 ]
 [ 10.809712   -10.667075  ]
 [ 11.530779   -11.389211  ]
 [ 10.222852   -10.081286  ]
 [  0.18637852  -0.04285901]
 [ -0.40048236   0.542931  ]
 [ 12.11764    -11.975     ]
 [ 10.222852   -10.081286  ]
 [ 12.11764    -11.975     ]
 [  8.811625    -8.669851  ]
 [  1.5331242   -1.3908637 ]
 [ -0.45852476   0.6017503 ]
 [ 10.222852   -10.081286  ]]
2025-12-21 21:28:22,198 - [INFO] - ------------------------------------------------------------
2025-12-21 21:28:22,199 - [INFO] - On Validation Set:
	Accuracy of RRL  Model: 0.9004837595024188
	F1 Score of RRL  Model: 0.7223714504988488
2025-12-21 21:28:22,205 - [INFO] - On Validation Set:
Performance of  RRL Model: 
[[1231   55]
 [  89   72]]
              precision    recall  f1-score   support

           0       0.93      0.96      0.94      1286
           1       0.57      0.45      0.50       161

    accuracy                           0.90      1447
   macro avg       0.75      0.70      0.72      1447
weighted avg       0.89      0.90      0.90      1447

2025-12-21 21:28:22,205 - [INFO] - ------------------------------------------------------------
2025-12-21 21:28:23,637 - [INFO] - epoch: 72, loss_rrl: 118.1504418514669
2025-12-21 21:28:24,062 - [DEBUG] - y_true: (1447,) [0 0 0 0 0 1 0 0 0 0 0 0 0 0 0 0 0 1 0 0 0 0 0 0 1 0 0 0 0 0 0 0 0 0 0 0 0
 0 1 1 0]
2025-12-21 21:28:24,211 - [DEBUG] - y_rrl_: (1447,) [0 0 0 0 0 1 0 0 0 0 0 0 0 0 0 0 0 0 0 0 0 0 0 0 0 1 0 0 0 0 0 0 0 0 0 0 0
 0 0 0 0]
2025-12-21 21:28:24,211 - [DEBUG] - y_rrl: (1447, 2) [[ 15.855717   -15.717178  ]
 [  3.7133343   -3.5751915 ]
 [ 12.697964   -12.560563  ]
 [ 13.735393   -13.59781   ]
 [ 13.26464    -13.126209  ]
 [ -1.8351121    1.9734671 ]
 [ 15.855717   -15.717178  ]
 [ 15.289039   -15.151532  ]
 [ 15.855717   -15.717178  ]
 [  6.4033513   -6.265306  ]
 [  3.7083666   -3.5691113 ]
 [ 11.5566225  -11.418091  ]
 [ 12.269756   -12.131288  ]
 [ 12.697964   -12.560563  ]
 [ 15.855717   -15.717178  ]
 [ 15.855717   -15.717178  ]
 [ 12.677009   -12.5380745 ]
 [  3.141689    -3.0034657 ]
 [ 10.017356    -9.879538  ]
 [ 10.636534   -10.498651  ]
 [ 15.289039   -15.151532  ]
 [ 13.26464    -13.126209  ]
 [ 14.818287   -14.679932  ]
 [ 13.735393   -13.59781   ]
 [  0.71341866  -0.57517654]
 [ -1.2684348    1.4078213 ]
 [ 10.983685   -10.8449135 ]
 [ 15.289039   -15.151532  ]
 [ 12.888934   -12.750401  ]
 [ 15.855717   -15.717178  ]
 [ 15.289039   -15.151532  ]
 [ 11.528458   -11.390935  ]
 [  3.7083666   -3.5691113 ]
 [  2.1042597   -1.966219  ]
 [ 14.818287   -14.679932  ]
 [ 15.289039   -15.151532  ]
 [ 14.818287   -14.679932  ]
 [ 13.735393   -13.59781   ]
 [  3.141689    -3.0034657 ]
 [  5.9325986   -5.793705  ]
 [ 15.289039   -15.151532  ]]
2025-12-21 21:28:24,213 - [INFO] - ------------------------------------------------------------
2025-12-21 21:28:24,213 - [INFO] - On Validation Set:
	Accuracy of RRL  Model: 0.8963372494816862
	F1 Score of RRL  Model: 0.6692359739594762
2025-12-21 21:28:24,219 - [INFO] - On Validation Set:
Performance of  RRL Model: 
[[1248   38]
 [ 112   49]]
              precision    recall  f1-score   support

           0       0.92      0.97      0.94      1286
           1       0.56      0.30      0.40       161

    accuracy                           0.90      1447
   macro avg       0.74      0.64      0.67      1447
weighted avg       0.88      0.90      0.88      1447

2025-12-21 21:28:24,219 - [INFO] - ------------------------------------------------------------
2025-12-21 21:28:25,399 - [INFO] - epoch: 73, loss_rrl: 118.56135512702167
2025-12-21 21:28:26,080 - [DEBUG] - y_true: (1447,) [0 0 0 0 0 1 0 0 0 0 0 0 0 0 0 0 0 1 0 0 0 0 0 0 1 0 0 0 0 0 0 0 0 0 0 0 0
 0 1 1 0]
2025-12-21 21:28:26,228 - [DEBUG] - y_rrl_: (1447,) [0 0 0 0 0 0 0 0 0 0 0 0 0 0 0 0 0 0 0 0 0 0 0 0 1 0 0 0 0 0 0 0 0 0 0 0 0
 0 0 0 0]
2025-12-21 21:28:26,228 - [DEBUG] - y_rrl: (1447, 2) [[ 15.011247  -14.876705 ]
 [  2.9201512  -2.785996 ]
 [ 10.513178  -10.379738 ]
 [ 11.559224  -11.425606 ]
 [ 13.965201  -13.830837 ]
 [  1.4400109  -1.3058413]
 [ 15.011247  -14.876705 ]
 [ 13.107744  -12.974201 ]
 [ 15.011247  -14.876705 ]
 [  5.765136   -5.631156 ]
 [  3.0498571  -2.9145129]
 [ 10.711958  -10.577423 ]
 [ 13.965201  -13.830837 ]
 [ 13.4014    -13.268034 ]
 [ 15.011247  -14.876705 ]
 [ 15.011247  -14.876705 ]
 [ 12.041436  -11.906595 ]
 [  2.4860563  -2.3517087]
 [  9.206492   -9.072647 ]
 [  8.434286   -8.300485 ]
 [ 14.447446  -14.3139   ]
 [ 13.965201  -13.830837 ]
 [ 13.965201  -13.830837 ]
 [ 14.447446  -14.3139   ]
 [ -2.644225    2.7785766]
 [  2.003812   -1.8686453]
 [ 12.058662  -11.924071 ]
 [ 14.447446  -14.3139   ]
 [  9.291742   -9.15712  ]
 [ 10.911629  -10.777004 ]
 [ 14.447446  -14.3139   ]
 [ 12.061698  -11.928335 ]
 [  3.0498571  -2.9145129]
 [  1.4400109  -1.3058413]
 [ 13.965201  -13.830837 ]
 [ 14.447446  -14.3139   ]
 [ 13.965201  -13.830837 ]
 [ 14.447446  -14.3139   ]
 [  4.399599   -4.2654247]
 [  5.0740724  -4.9391947]
 [ 13.107744  -12.974201 ]]
2025-12-21 21:28:26,230 - [INFO] - ------------------------------------------------------------
2025-12-21 21:28:26,230 - [INFO] - On Validation Set:
	Accuracy of RRL  Model: 0.9011748445058743
	F1 Score of RRL  Model: 0.6177282913320512
2025-12-21 21:28:26,236 - [INFO] - On Validation Set:
Performance of  RRL Model: 
[[1275   11]
 [ 132   29]]
              precision    recall  f1-score   support

           0       0.91      0.99      0.95      1286
           1       0.72      0.18      0.29       161

    accuracy                           0.90      1447
   macro avg       0.82      0.59      0.62      1447
weighted avg       0.89      0.90      0.87      1447

2025-12-21 21:28:26,236 - [INFO] - ------------------------------------------------------------
2025-12-21 21:28:27,152 - [INFO] - epoch: 74, loss_rrl: 118.14626412466168
2025-12-21 21:28:28,102 - [DEBUG] - y_true: (1447,) [0 0 0 0 0 1 0 0 0 0 0 0 0 0 0 0 0 1 0 0 0 0 0 0 1 0 0 0 0 0 0 0 0 0 0 0 0
 0 1 1 0]
2025-12-21 21:28:28,253 - [DEBUG] - y_rrl_: (1447,) [0 0 0 0 0 0 0 0 0 0 0 0 0 0 0 0 0 0 0 0 0 0 0 0 1 0 0 0 0 0 0 0 0 0 0 0 0
 0 0 0 0]
2025-12-21 21:28:28,253 - [DEBUG] - y_rrl: (1447, 2) [[ 12.724266   -12.593629  ]
 [  0.6281167   -0.49785742]
 [  9.252686    -9.122936  ]
 [  9.252686    -9.122936  ]
 [ 12.724266   -12.593629  ]
 [  0.24608362  -0.11585914]
 [ 12.724266   -12.593629  ]
 [ 10.798357   -10.668684  ]
 [ 12.724266   -12.593629  ]
 [  3.5206828   -3.3908105 ]
 [  0.81618917  -0.6850028 ]
 [  8.093866    -7.962874  ]
 [ 12.724266   -12.593629  ]
 [ 12.15416    -12.024485  ]
 [ 12.724266   -12.593629  ]
 [ 12.724266   -12.593629  ]
 [ 11.368463   -11.237828  ]
 [  0.24608362  -0.11585914]
 [  6.9058256   -6.7758613 ]
 [  4.7672157   -4.6371064 ]
 [ 12.15416    -12.024485  ]
 [ 12.724266   -12.593629  ]
 [ 12.724266   -12.593629  ]
 [ 12.15416    -12.024485  ]
 [ -4.939068     5.0695148 ]
 [  0.81618917  -0.6850028 ]
 [  8.375719    -8.244852  ]
 [ 12.15416    -12.024485  ]
 [  6.6931243   -6.5620513 ]
 [  8.61192     -8.481202  ]
 [ 12.15416    -12.024485  ]
 [  7.523761    -7.3937306 ]
 [  0.81618917  -0.6850028 ]
 [  0.24608362  -0.11585914]
 [ 12.724266   -12.593629  ]
 [ 12.15416    -12.024485  ]
 [ 12.724266   -12.593629  ]
 [ 12.15416    -12.024485  ]
 [  0.24608362  -0.11585914]
 [  2.7808833   -2.6499295 ]
 [ 10.798357   -10.668684  ]]
2025-12-21 21:28:28,256 - [INFO] - ------------------------------------------------------------
2025-12-21 21:28:28,256 - [INFO] - On Validation Set:
	Accuracy of RRL  Model: 0.8977194194885971
	F1 Score of RRL  Model: 0.699718445730695
2025-12-21 21:28:28,262 - [INFO] - On Validation Set:
Performance of  RRL Model: 
[[1237   49]
 [  99   62]]
              precision    recall  f1-score   support

           0       0.93      0.96      0.94      1286
           1       0.56      0.39      0.46       161

    accuracy                           0.90      1447
   macro avg       0.74      0.67      0.70      1447
weighted avg       0.89      0.90      0.89      1447

2025-12-21 21:28:28,262 - [INFO] - ------------------------------------------------------------
2025-12-21 21:28:28,928 - [INFO] - epoch: 75, loss_rrl: 117.71619321778417
2025-12-21 21:28:30,146 - [DEBUG] - y_true: (1447,) [0 0 0 0 0 1 0 0 0 0 0 0 0 0 0 0 0 1 0 0 0 0 0 0 1 0 0 0 0 0 0 0 0 0 0 0 0
 0 1 1 0]
2025-12-21 21:28:30,297 - [DEBUG] - y_rrl_: (1447,) [0 0 0 0 0 0 0 0 0 0 0 0 0 0 0 0 0 0 0 0 0 0 0 0 1 0 0 0 0 0 0 0 0 0 0 0 0
 0 0 0 0]
2025-12-21 21:28:30,298 - [DEBUG] - y_rrl: (1447, 2) [[ 14.635096   -14.508246  ]
 [  2.527817    -2.4013398 ]
 [ 11.184319   -11.058332  ]
 [ 11.184319   -11.058332  ]
 [ 14.635096   -14.508246  ]
 [  0.5441072   -0.41738403]
 [ 14.635096   -14.508246  ]
 [ 12.687592   -12.561673  ]
 [ 14.635096   -14.508246  ]
 [  3.837798    -3.711417  ]
 [  1.1262805   -0.99862945]
 [ 11.374823   -11.247818  ]
 [ 14.635096   -14.508246  ]
 [ 14.052921   -13.927001  ]
 [ 11.644383   -11.517493  ]
 [ 14.635096   -14.508246  ]
 [ 11.65288    -11.525757  ]
 [  0.5441072   -0.41738403]
 [  8.787064    -8.660865  ]
 [  9.94867     -9.822675  ]
 [ 14.052921   -13.927001  ]
 [ 14.635096   -14.508246  ]
 [ 14.635096   -14.508246  ]
 [ 14.052921   -13.927001  ]
 [ -3.0070105    3.133666  ]
 [  1.1262805   -0.99862945]
 [  9.74944     -9.622394  ]
 [ 14.052921   -13.927001  ]
 [ 11.896175   -11.769249  ]
 [ 13.269764   -13.142919  ]
 [ 14.052921   -13.927001  ]
 [ 10.792648   -10.666573  ]
 [  1.1262805   -0.99862945]
 [  0.5441072   -0.41738403]
 [ 14.635096   -14.508246  ]
 [ 14.052921   -13.927001  ]
 [ 14.635096   -14.508246  ]
 [ 14.052921   -13.927001  ]
 [  0.5441072   -0.41738403]
 [  4.7359643   -4.6088185 ]
 [ 12.687592   -12.561673  ]]
2025-12-21 21:28:30,301 - [INFO] - ------------------------------------------------------------
2025-12-21 21:28:30,301 - [INFO] - On Validation Set:
	Accuracy of RRL  Model: 0.9039391845196959
	F1 Score of RRL  Model: 0.6805937345662838
2025-12-21 21:28:30,307 - [INFO] - On Validation Set:
Performance of  RRL Model: 
[[1259   27]
 [ 112   49]]
              precision    recall  f1-score   support

           0       0.92      0.98      0.95      1286
           1       0.64      0.30      0.41       161

    accuracy                           0.90      1447
   macro avg       0.78      0.64      0.68      1447
weighted avg       0.89      0.90      0.89      1447

2025-12-21 21:28:30,307 - [INFO] - ------------------------------------------------------------
2025-12-21 21:28:30,724 - [INFO] - epoch: 76, loss_rrl: 117.89856152422726
2025-12-21 21:28:32,165 - [DEBUG] - y_true: (1447,) [0 0 0 0 0 1 0 0 0 0 0 0 0 0 0 0 0 1 0 0 0 0 0 0 1 0 0 0 0 0 0 0 0 0 0 0 0
 0 1 1 0]
2025-12-21 21:28:32,320 - [DEBUG] - y_rrl_: (1447,) [0 0 0 0 0 0 0 0 0 0 0 0 0 0 0 0 0 0 0 0 0 0 0 0 1 0 0 0 0 0 0 0 0 0 0 0 0
 0 0 0 0]
2025-12-21 21:28:32,321 - [DEBUG] - y_rrl: (1447, 2) [[ 13.720233  -13.597065 ]
 [  1.6069509  -1.4841408]
 [ 10.279965  -10.157623 ]
 [ 10.279965  -10.157623 ]
 [ 13.720233  -13.597065 ]
 [  1.140112   -1.0171348]
 [ 13.720233  -13.597065 ]
 [ 11.764166  -11.641895 ]
 [ 13.720233  -13.597065 ]
 [  4.4500284  -4.327381 ]
 [  1.7366229  -1.6127506]
 [  9.050758   -8.927259 ]
 [ 13.720233  -13.597065 ]
 [ 13.123721  -13.001449 ]
 [  9.262495   -9.139216 ]
 [ 13.720233  -13.597065 ]
 [ 10.733579  -10.610151 ]
 [  1.140112   -1.0171348]
 [  7.564777   -7.441975 ]
 [  8.454248   -8.331644 ]
 [ 13.123721  -13.001449 ]
 [ 13.720233  -13.597065 ]
 [ 13.720233  -13.597065 ]
 [ 13.123721  -13.001449 ]
 [ -3.9042354   4.027211 ]
 [  1.7366229  -1.6127506]
 [ 12.308203  -12.184858 ]
 [ 13.123721  -13.001449 ]
 [ 10.410315  -10.286812 ]
 [ 12.360677  -12.237513 ]
 [ 13.123721  -13.001449 ]
 [  8.454248   -8.331644 ]
 [  1.7366229  -1.6127506]
 [  1.140112   -1.0171348]
 [ 13.720233  -13.597065 ]
 [ 13.123721  -13.001449 ]
 [ 13.720233  -13.597065 ]
 [ 13.123721  -13.001449 ]
 [  1.140112   -1.0171348]
 [  3.8815618  -3.7581103]
 [ 11.764166  -11.641895 ]]
2025-12-21 21:28:32,323 - [INFO] - ------------------------------------------------------------
2025-12-21 21:28:32,323 - [INFO] - On Validation Set:
	Accuracy of RRL  Model: 0.9018659295093296
	F1 Score of RRL  Model: 0.6913803876332264
2025-12-21 21:28:32,329 - [INFO] - On Validation Set:
Performance of  RRL Model: 
[[1250   36]
 [ 106   55]]
              precision    recall  f1-score   support

           0       0.92      0.97      0.95      1286
           1       0.60      0.34      0.44       161

    accuracy                           0.90      1447
   macro avg       0.76      0.66      0.69      1447
weighted avg       0.89      0.90      0.89      1447

2025-12-21 21:28:32,329 - [INFO] - ------------------------------------------------------------
2025-12-21 21:28:32,473 - [INFO] - epoch: 77, loss_rrl: 117.07696440629661
2025-12-21 21:28:34,149 - [INFO] - epoch: 78, loss_rrl: 117.35802694782615
2025-12-21 21:28:34,267 - [DEBUG] - y_true: (1447,) [0 0 0 0 0 1 0 0 0 0 0 0 0 0 0 0 0 1 0 0 0 0 0 0 1 0 0 0 0 0 0 0 0 0 0 0 0
 0 1 1 0]
2025-12-21 21:28:34,420 - [DEBUG] - y_rrl_: (1447,) [0 0 0 0 0 0 0 0 0 0 0 0 0 0 0 0 0 0 0 0 0 0 0 0 1 0 0 0 0 0 0 0 0 0 0 0 0
 0 0 0 0]
2025-12-21 21:28:34,420 - [DEBUG] - y_rrl: (1447, 2) [[ 14.91096    -14.79143   ]
 [  2.7886064   -2.6694212 ]
 [ 12.830376   -12.711638  ]
 [ 12.830376   -12.711638  ]
 [ 14.91096    -14.79143   ]
 [  0.84956825  -0.7301594 ]
 [ 14.91096    -14.79143   ]
 [ 14.289225   -14.170557  ]
 [ 14.91096    -14.79143   ]
 [  5.505825    -5.386732  ]
 [  1.4713037   -1.3510325 ]
 [ 11.671728   -11.552049  ]
 [ 13.493937   -13.374234  ]
 [ 12.872201   -12.753361  ]
 [ 13.493937   -13.374234  ]
 [ 13.493937   -13.374234  ]
 [ 14.91096    -14.79143   ]
 [  0.84956825  -0.7301594 ]
 [  8.990222    -8.871298  ]
 [ 10.226274   -10.107539  ]
 [ 14.289225   -14.170557  ]
 [ 13.493937   -13.374234  ]
 [ 14.91096    -14.79143   ]
 [ 12.872201   -12.753361  ]
 [ -2.716145     2.835486  ]
 [  1.4713037   -1.3510325 ]
 [ 10.0532875   -9.933567  ]
 [ 14.289225   -14.170557  ]
 [ 12.207513   -12.087913  ]
 [ 14.91096    -14.79143   ]
 [ 14.289225   -14.170557  ]
 [ 11.049992   -10.931176  ]
 [  1.4713037   -1.3510325 ]
 [  0.84956825  -0.7301594 ]
 [ 14.91096    -14.79143   ]
 [ 14.289225   -14.170557  ]
 [ 14.91096    -14.79143   ]
 [ 12.872201   -12.753361  ]
 [  2.7292974   -2.6100361 ]
 [  3.6672995   -3.5473278 ]
 [ 14.289225   -14.170557  ]]
2025-12-21 21:28:34,422 - [INFO] - ------------------------------------------------------------
2025-12-21 21:28:34,422 - [INFO] - On Validation Set:
	Accuracy of RRL  Model: 0.9060124395300622
	F1 Score of RRL  Model: 0.6654790235942069
2025-12-21 21:28:34,429 - [INFO] - On Validation Set:
Performance of  RRL Model: 
[[1269   17]
 [ 119   42]]
              precision    recall  f1-score   support

           0       0.91      0.99      0.95      1286
           1       0.71      0.26      0.38       161

    accuracy                           0.91      1447
   macro avg       0.81      0.62      0.67      1447
weighted avg       0.89      0.91      0.89      1447

2025-12-21 21:28:34,429 - [INFO] - ------------------------------------------------------------
2025-12-21 21:28:35,795 - [INFO] - epoch: 79, loss_rrl: 117.42220701649785
2025-12-21 21:28:36,155 - [DEBUG] - y_true: (1447,) [0 0 0 0 0 1 0 0 0 0 0 0 0 0 0 0 0 1 0 0 0 0 0 0 1 0 0 0 0 0 0 0 0 0 0 0 0
 0 1 1 0]
2025-12-21 21:28:36,308 - [DEBUG] - y_rrl_: (1447,) [0 0 0 0 0 0 0 0 0 0 0 0 0 0 0 0 0 0 0 0 0 0 0 0 0 0 0 0 0 0 0 0 0 0 0 0 0
 0 0 0 0]
2025-12-21 21:28:36,308 - [DEBUG] - y_rrl: (1447, 2) [[ 17.030468  -16.914429 ]
 [  4.921737   -4.8060384]
 [ 13.919618  -13.804499 ]
 [ 14.97009   -14.854819 ]
 [ 14.532384  -14.416433 ]
 [  1.9140904  -1.7983278]
 [ 17.030468  -16.914429 ]
 [ 16.417702  -16.302492 ]
 [ 17.030468  -16.914429 ]
 [  7.6310225  -7.5154138]
 [  5.4597034  -5.343099 ]
 [ 13.195909  -13.079857 ]
 [ 15.979995  -15.864106 ]
 [ 13.919618  -13.804499 ]
 [ 17.030468  -16.914429 ]
 [ 17.030468  -16.914429 ]
 [ 13.916072  -13.79973  ]
 [  4.846937   -4.7311645]
 [  9.4565115  -9.340818 ]
 [ 13.633615  -13.518244 ]
 [ 16.417702  -16.302492 ]
 [ 14.532384  -14.416433 ]
 [ 15.979995  -15.864106 ]
 [ 14.97009   -14.854819 ]
 [  1.9140904  -1.7983278]
 [  2.5268567  -2.410262 ]
 [ 10.7400255 -10.623641 ]
 [ 16.417702  -16.302492 ]
 [ 14.549005  -14.43295  ]
 [ 17.030468  -16.914429 ]
 [ 16.417702  -16.302492 ]
 [ 13.936238  -13.821015 ]
 [  3.5773284  -3.4605827]
 [  1.9140904  -1.7983278]
 [ 15.979995  -15.864106 ]
 [ 16.417702  -16.302492 ]
 [ 15.979995  -15.864106 ]
 [ 14.97009   -14.854819 ]
 [  4.846937   -4.7311645]
 [  7.193317   -7.077027 ]
 [ 16.417702  -16.302492 ]]
2025-12-21 21:28:36,311 - [INFO] - ------------------------------------------------------------
2025-12-21 21:28:36,311 - [INFO] - On Validation Set:
	Accuracy of RRL  Model: 0.89426399447132
	F1 Score of RRL  Model: 0.5444489027439119
2025-12-21 21:28:36,317 - [INFO] - On Validation Set:
Performance of  RRL Model: 
[[1281    5]
 [ 148   13]]
              precision    recall  f1-score   support

           0       0.90      1.00      0.94      1286
           1       0.72      0.08      0.15       161

    accuracy                           0.89      1447
   macro avg       0.81      0.54      0.54      1447
weighted avg       0.88      0.89      0.85      1447

2025-12-21 21:28:36,317 - [INFO] - ------------------------------------------------------------
2025-12-21 21:28:37,453 - [INFO] - epoch: 80, loss_rrl: 116.43670978397131
2025-12-21 21:28:38,070 - [DEBUG] - y_true: (1447,) [0 0 0 0 0 1 0 0 0 0 0 0 0 0 0 0 0 1 0 0 0 0 0 0 1 0 0 0 0 0 0 0 0 0 0 0 0
 0 1 1 0]
2025-12-21 21:28:38,224 - [DEBUG] - y_rrl_: (1447,) [0 0 0 0 0 0 0 0 0 0 0 0 0 0 0 0 0 0 0 0 0 0 0 0 1 0 0 0 0 0 0 0 0 0 0 0 0
 0 0 0 0]
2025-12-21 21:28:38,224 - [DEBUG] - y_rrl: (1447, 2) [[ 15.124283  -15.01168  ]
 [  3.6305473  -3.5174773]
 [ 11.280738  -11.168225 ]
 [ 12.333735  -12.221078 ]
 [ 14.071284  -13.958827 ]
 [  2.0568984  -1.9438295]
 [ 15.124283  -15.01168  ]
 [ 13.779806  -13.667205 ]
 [ 15.124283  -15.01168  ]
 [  6.4206214  -6.3077035]
 [  3.1098967  -2.9966822]
 [ 10.858505  -10.745917 ]
 [ 14.071284  -13.958827 ]
 [ 14.071284  -13.958827 ]
 [ 15.124283  -15.01168  ]
 [ 15.124283  -15.01168  ]
 [ 13.779806  -13.667205 ]
 [  3.1098967  -2.9966822]
 [  9.825169   -9.712327 ]
 [ 13.779806  -13.667205 ]
 [ 15.124283  -15.01168  ]
 [ 14.071284  -13.958827 ]
 [ 14.071284  -13.958827 ]
 [ 15.124283  -15.01168  ]
 [ -1.9013857   2.0145934]
 [  2.0568984  -1.9438295]
 [ 12.145076  -12.032439 ]
 [ 15.124283  -15.01168  ]
 [ 14.071284  -13.958827 ]
 [ 11.088218  -10.975558 ]
 [ 15.124283  -15.01168  ]
 [ 12.726808  -12.614352 ]
 [  3.1098967  -2.9966822]
 [  2.0568984  -1.9438295]
 [ 14.071284  -13.958827 ]
 [ 15.124283  -15.01168  ]
 [ 14.071284  -13.958827 ]
 [ 15.124283  -15.01168  ]
 [  4.9781985  -4.865119 ]
 [  5.26603    -5.153195 ]
 [ 13.779806  -13.667205 ]]
2025-12-21 21:28:38,226 - [INFO] - ------------------------------------------------------------
2025-12-21 21:28:38,226 - [INFO] - On Validation Set:
	Accuracy of RRL  Model: 0.9018659295093296
	F1 Score of RRL  Model: 0.60005839302398
2025-12-21 21:28:38,232 - [INFO] - On Validation Set:
Performance of  RRL Model: 
[[1281    5]
 [ 137   24]]
              precision    recall  f1-score   support

           0       0.90      1.00      0.95      1286
           1       0.83      0.15      0.25       161

    accuracy                           0.90      1447
   macro avg       0.87      0.57      0.60      1447
weighted avg       0.89      0.90      0.87      1447

2025-12-21 21:28:38,232 - [INFO] - ------------------------------------------------------------
2025-12-21 21:28:39,299 - [INFO] - epoch: 81, loss_rrl: 117.43103608861566
2025-12-21 21:28:40,166 - [DEBUG] - y_true: (1447,) [0 0 0 0 0 1 0 0 0 0 0 0 0 0 0 0 0 1 0 0 0 0 0 0 1 0 0 0 0 0 0 0 0 0 0 0 0
 0 1 1 0]
2025-12-21 21:28:40,317 - [DEBUG] - y_rrl_: (1447,) [0 0 0 0 0 1 0 0 0 0 0 0 0 0 0 0 0 1 0 0 0 0 0 0 1 0 0 0 0 0 0 0 0 1 0 0 0
 0 1 0 0]
2025-12-21 21:28:40,318 - [DEBUG] - y_rrl: (1447, 2) [[ 14.020875   -13.911588  ]
 [  0.5834015   -0.47444654]
 [ 10.630372   -10.521806  ]
 [ 10.630372   -10.521806  ]
 [ 12.595042   -12.4857    ]
 [ -0.0528384    0.16199207]
 [ 14.020875   -13.911588  ]
 [ 12.056206   -11.947695  ]
 [ 14.020875   -13.911588  ]
 [  3.2617686   -3.1529005 ]
 [  0.5692087   -0.45928144]
 [  9.363644    -9.254078  ]
 [ 12.678252   -12.568969  ]
 [ 10.630372   -10.521806  ]
 [ 12.678252   -12.568969  ]
 [ 12.678252   -12.568969  ]
 [ 11.252419   -11.143079  ]
 [ -0.0528384    0.16199207]
 [  8.100341    -7.9915996 ]
 [  7.9048066   -7.7960877 ]
 [ 13.398828   -13.290315  ]
 [ 11.252419   -11.143079  ]
 [ 14.020875   -13.911588  ]
 [ 10.630372   -10.521806  ]
 [ -3.5942004    3.7032895 ]
 [  0.5692087   -0.45928144]
 [  8.246086    -8.136616  ]
 [ 12.056206   -11.947695  ]
 [  8.526854    -8.417361  ]
 [ 12.678252   -12.568969  ]
 [ 13.398828   -13.290315  ]
 [  8.741597    -8.632803  ]
 [  0.5692087   -0.45928144]
 [ -0.0528384    0.16199207]
 [ 14.020875   -13.911588  ]
 [ 12.056206   -11.947695  ]
 [ 14.020875   -13.911588  ]
 [ 10.630372   -10.521806  ]
 [ -0.0528384    0.16199207]
 [  2.837908    -2.7284057 ]
 [ 12.056206   -11.947695  ]]
2025-12-21 21:28:40,320 - [INFO] - ------------------------------------------------------------
2025-12-21 21:28:40,320 - [INFO] - On Validation Set:
	Accuracy of RRL  Model: 0.8970283344851416
	F1 Score of RRL  Model: 0.7204713026815452
2025-12-21 21:28:40,326 - [INFO] - On Validation Set:
Performance of  RRL Model: 
[[1224   62]
 [  87   74]]
              precision    recall  f1-score   support

           0       0.93      0.95      0.94      1286
           1       0.54      0.46      0.50       161

    accuracy                           0.90      1447
   macro avg       0.74      0.71      0.72      1447
weighted avg       0.89      0.90      0.89      1447

2025-12-21 21:28:40,326 - [INFO] - ------------------------------------------------------------
2025-12-21 21:28:40,980 - [INFO] - epoch: 82, loss_rrl: 116.45471460744739
2025-12-21 21:28:42,066 - [DEBUG] - y_true: (1447,) [0 0 0 0 0 1 0 0 0 0 0 0 0 0 0 0 0 1 0 0 0 0 0 0 1 0 0 0 0 0 0 0 0 0 0 0 0
 0 1 1 0]
2025-12-21 21:28:42,218 - [DEBUG] - y_rrl_: (1447,) [0 0 0 0 0 0 0 0 0 0 0 0 0 0 0 0 0 0 0 0 0 0 0 0 1 0 0 0 0 0 0 0 0 0 0 0 0
 0 0 0 0]
2025-12-21 21:28:42,219 - [DEBUG] - y_rrl: (1447, 2) [[ 16.206888  -16.100813 ]
 [  4.134502   -4.028743 ]
 [ 12.835375  -12.72999  ]
 [ 12.835375  -12.72999  ]
 [ 16.206888  -16.100813 ]
 [  2.1662037  -2.0602572]
 [ 16.206888  -16.100813 ]
 [ 14.241585  -14.13626  ]
 [ 16.206888  -16.100813 ]
 [  5.494814   -5.3891416]
 [  2.7996976  -2.6930044]
 [ 13.023975  -12.917777 ]
 [ 16.206888  -16.100813 ]
 [ 15.573395  -15.468066 ]
 [ 13.2366295 -13.130524 ]
 [ 16.206888  -16.100813 ]
 [ 14.875078  -14.769007 ]
 [  2.1662037  -2.0602572]
 [ 10.283892  -10.178342 ]
 [ 14.241585  -14.13626  ]
 [ 15.573395  -15.468066 ]
 [ 16.206888  -16.100813 ]
 [ 16.206888  -16.100813 ]
 [ 15.573395  -15.468066 ]
 [ -1.3434194   1.4493021]
 [  2.7996976  -2.6930044]
 [ 11.385525  -11.279293 ]
 [ 15.573395  -15.468066 ]
 [ 16.206888  -16.100813 ]
 [ 14.875078  -14.769007 ]
 [ 15.573395  -15.468066 ]
 [ 14.241585  -14.13626  ]
 [  2.7996976  -2.6930044]
 [  2.1662037  -2.0602572]
 [ 16.206888  -16.100813 ]
 [ 15.573395  -15.468066 ]
 [ 16.206888  -16.100813 ]
 [ 15.573395  -15.468066 ]
 [  4.0173106  -3.9114878]
 [  6.430686   -6.3244004]
 [ 14.241585  -14.13626  ]]
2025-12-21 21:28:42,221 - [INFO] - ------------------------------------------------------------
2025-12-21 21:28:42,221 - [INFO] - On Validation Set:
	Accuracy of RRL  Model: 0.8935729094678645
	F1 Score of RRL  Model: 0.5438508147056416
2025-12-21 21:28:42,227 - [INFO] - On Validation Set:
Performance of  RRL Model: 
[[1280    6]
 [ 148   13]]
              precision    recall  f1-score   support

           0       0.90      1.00      0.94      1286
           1       0.68      0.08      0.14       161

    accuracy                           0.89      1447
   macro avg       0.79      0.54      0.54      1447
weighted avg       0.87      0.89      0.85      1447

2025-12-21 21:28:42,227 - [INFO] - ------------------------------------------------------------
2025-12-21 21:28:42,635 - [INFO] - epoch: 83, loss_rrl: 116.18356319330633
2025-12-21 21:28:43,977 - [DEBUG] - y_true: (1447,) [0 0 0 0 0 1 0 0 0 0 0 0 0 0 0 0 0 1 0 0 0 0 0 0 1 0 0 0 0 0 0 0 0 0 0 0 0
 0 1 1 0]
2025-12-21 21:28:44,129 - [DEBUG] - y_rrl_: (1447,) [0 0 0 0 0 0 0 0 0 0 0 0 0 0 0 0 0 0 0 0 0 0 0 0 1 0 0 0 0 0 0 0 0 0 0 0 0
 0 0 0 0]
2025-12-21 21:28:44,129 - [DEBUG] - y_rrl: (1447, 2) [[ 14.132772  -14.02984  ]
 [  2.0848706  -1.9822431]
 [ 10.7894125 -10.687145 ]
 [ 10.7894125 -10.687145 ]
 [ 14.132772  -14.02984  ]
 [  1.524387   -1.4216342]
 [ 14.132772  -14.02984  ]
 [ 12.178698  -12.0764885]
 [ 14.132772  -14.02984  ]
 [  4.8578467  -4.7553577]
 [  2.1443002  -2.0408273]
 [  9.465155   -9.361958 ]
 [ 14.132772  -14.02984  ]
 [ 13.512859  -13.410646 ]
 [  8.691148   -8.58812  ]
 [ 14.132772  -14.02984  ]
 [ 11.081974  -10.9788475]
 [  1.524387   -1.4216342]
 [  7.82292    -7.7202954]
 [  8.205394   -8.10297  ]
 [ 13.512859  -13.410646 ]
 [ 14.132772  -14.02984  ]
 [ 14.132772  -14.02984  ]
 [ 11.022545  -10.920264 ]
 [ -3.3810384   3.4837842]
 [  2.1443002  -2.0408273]
 [ 12.649783  -12.546705 ]
 [ 11.022545  -10.920264 ]
 [ 12.649783  -12.546705 ]
 [ 12.798611  -12.695681 ]
 [ 13.512859  -13.410646 ]
 [  6.354927   -6.252382 ]
 [  2.1443002  -2.0408273]
 [  1.524387   -1.4216342]
 [ 14.132772  -14.02984  ]
 [ 13.512859  -13.410646 ]
 [ 14.132772  -14.02984  ]
 [ 11.022545  -10.920264 ]
 [  3.3748572  -3.272222 ]
 [  4.3968096  -4.2936735]
 [ 12.178698  -12.0764885]]
2025-12-21 21:28:44,131 - [INFO] - ------------------------------------------------------------
2025-12-21 21:28:44,131 - [INFO] - On Validation Set:
	Accuracy of RRL  Model: 0.9011748445058743
	F1 Score of RRL  Model: 0.6662634493147724
2025-12-21 21:28:44,137 - [INFO] - On Validation Set:
Performance of  RRL Model: 
[[1259   27]
 [ 116   45]]
              precision    recall  f1-score   support

           0       0.92      0.98      0.95      1286
           1       0.62      0.28      0.39       161

    accuracy                           0.90      1447
   macro avg       0.77      0.63      0.67      1447
weighted avg       0.88      0.90      0.88      1447

2025-12-21 21:28:44,137 - [INFO] - ------------------------------------------------------------
2025-12-21 21:28:44,307 - [INFO] - epoch: 84, loss_rrl: 117.38785713724792
2025-12-21 21:28:45,773 - [INFO] - epoch: 85, loss_rrl: 117.35450783371925
2025-12-21 21:28:45,858 - [DEBUG] - y_true: (1447,) [0 0 0 0 0 1 0 0 0 0 0 0 0 0 0 0 0 1 0 0 0 0 0 0 1 0 0 0 0 0 0 0 0 0 0 0 0
 0 1 1 0]
2025-12-21 21:28:46,009 - [DEBUG] - y_rrl_: (1447,) [0 0 0 0 0 1 0 0 0 0 0 0 0 0 0 0 0 1 0 0 0 0 0 0 1 0 0 0 0 0 0 0 0 1 0 0 0
 0 0 0 0]
2025-12-21 21:28:46,010 - [DEBUG] - y_rrl: (1447, 2) [[ 13.784052   -13.684167  ]
 [  1.7471633   -1.6475809 ]
 [ 11.773005   -11.673762  ]
 [ 11.773005   -11.673762  ]
 [ 13.784052   -13.684167  ]
 [ -0.19779617   0.29755145]
 [ 13.784052   -13.684167  ]
 [ 13.1573305  -13.058141  ]
 [ 13.784052   -13.684167  ]
 [  4.4511456   -4.3516417 ]
 [  0.4289251   -0.32847387]
 [  9.135111    -9.034972  ]
 [ 12.297991   -12.197964  ]
 [ 11.671269   -11.571938  ]
 [  9.361855    -9.261802  ]
 [ 12.297991   -12.197964  ]
 [ 12.047589   -11.947518  ]
 [ -0.19779617   0.29755145]
 [  7.8366814   -7.7372885 ]
 [ 10.341889   -10.242561  ]
 [ 13.1573305  -13.058141  ]
 [ 12.297991   -12.197964  ]
 [ 13.784052   -13.684167  ]
 [ 11.671269   -11.571938  ]
 [ -3.7217593    3.8214514 ]
 [  0.4289251   -0.32847387]
 [  7.5283537   -7.4281874 ]
 [ 11.671269   -11.571938  ]
 [ 12.297991   -12.197964  ]
 [ 13.784052   -13.684167  ]
 [ 13.1573305  -13.058141  ]
 [  8.508389    -8.408947  ]
 [  0.4289251   -0.32847387]
 [ -0.19779617   0.29755145]
 [ 13.784052   -13.684167  ]
 [ 13.1573305  -13.058141  ]
 [ 13.784052   -13.684167  ]
 [ 11.671269   -11.571938  ]
 [  2.965084    -2.8654397 ]
 [  2.5730503   -2.4728372 ]
 [ 13.1573305  -13.058141  ]]
2025-12-21 21:28:46,012 - [INFO] - ------------------------------------------------------------
2025-12-21 21:28:46,012 - [INFO] - On Validation Set:
	Accuracy of RRL  Model: 0.89426399447132
	F1 Score of RRL  Model: 0.6965521495096527
2025-12-21 21:28:46,018 - [INFO] - On Validation Set:
Performance of  RRL Model: 
[[1231   55]
 [  98   63]]
              precision    recall  f1-score   support

           0       0.93      0.96      0.94      1286
           1       0.53      0.39      0.45       161

    accuracy                           0.89      1447
   macro avg       0.73      0.67      0.70      1447
weighted avg       0.88      0.89      0.89      1447

2025-12-21 21:28:46,018 - [INFO] - ------------------------------------------------------------
2025-12-21 21:28:47,393 - [INFO] - epoch: 86, loss_rrl: 116.87075717933476
2025-12-21 21:28:47,777 - [DEBUG] - y_true: (1447,) [0 0 0 0 0 1 0 0 0 0 0 0 0 0 0 0 0 1 0 0 0 0 0 0 1 0 0 0 0 0 0 0 0 0 0 0 0
 0 1 1 0]
2025-12-21 21:28:47,937 - [DEBUG] - y_rrl_: (1447,) [0 0 0 0 0 1 0 0 0 0 0 0 0 0 0 0 0 0 0 0 0 0 0 0 1 0 0 0 0 0 0 0 0 1 0 0 0
 0 0 0 0]
2025-12-21 21:28:47,938 - [DEBUG] - y_rrl: (1447, 2) [[ 14.684131   -14.587193  ]
 [  2.6296957   -2.533043  ]
 [ 11.669596   -11.573398  ]
 [ 12.678377   -12.582055  ]
 [ 12.280287   -12.183417  ]
 [ -0.38170514   0.47839746]
 [ 14.684131   -14.587193  ]
 [ 14.07344    -13.977173  ]
 [ 14.684131   -14.587193  ]
 [  5.3076553   -5.2110844 ]
 [  1.2377672   -1.1402792 ]
 [  8.99477     -8.897708  ]
 [ 13.675349   -13.578535  ]
 [ 11.669596   -11.573398  ]
 [ 14.684131   -14.587193  ]
 [ 14.684131   -14.587193  ]
 [ 11.503377   -11.406206  ]
 [  0.62707585  -0.53025955]
 [  6.9646206   -6.8679776 ]
 [ 11.253152   -11.156749  ]
 [ 14.07344    -13.977173  ]
 [ 12.280287   -12.183417  ]
 [ 13.675349   -13.578535  ]
 [ 12.678377   -12.582055  ]
 [ -0.38170514   0.47839746]
 [  0.2289862   -0.13162224]
 [  8.391566    -8.294351  ]
 [ 14.07344    -13.977173  ]
 [ 12.179766   -12.082814  ]
 [ 12.03579    -11.938804  ]
 [ 14.07344    -13.977173  ]
 [ 10.24437    -10.148092  ]
 [  1.2377672   -1.1402792 ]
 [ -0.38170514   0.47839746]
 [ 13.675349   -13.578535  ]
 [ 14.07344    -13.977173  ]
 [ 13.675349   -13.578535  ]
 [ 12.678377   -12.582055  ]
 [  0.62707585  -0.53025955]
 [  4.9095654   -4.8124466 ]
 [ 14.07344    -13.977173  ]]
2025-12-21 21:28:47,940 - [INFO] - ------------------------------------------------------------
2025-12-21 21:28:47,940 - [INFO] - On Validation Set:
	Accuracy of RRL  Model: 0.9018659295093296
	F1 Score of RRL  Model: 0.6913803876332264
2025-12-21 21:28:47,946 - [INFO] - On Validation Set:
Performance of  RRL Model: 
[[1250   36]
 [ 106   55]]
              precision    recall  f1-score   support

           0       0.92      0.97      0.95      1286
           1       0.60      0.34      0.44       161

    accuracy                           0.90      1447
   macro avg       0.76      0.66      0.69      1447
weighted avg       0.89      0.90      0.89      1447

2025-12-21 21:28:47,946 - [INFO] - ------------------------------------------------------------
2025-12-21 21:28:49,083 - [INFO] - epoch: 87, loss_rrl: 117.42697879113257
2025-12-21 21:28:49,669 - [DEBUG] - y_true: (1447,) [0 0 0 0 0 1 0 0 0 0 0 0 0 0 0 0 0 1 0 0 0 0 0 0 1 0 0 0 0 0 0 0 0 0 0 0 0
 0 1 1 0]
2025-12-21 21:28:49,830 - [DEBUG] - y_rrl_: (1447,) [0 0 0 0 0 1 0 0 0 0 1 0 0 0 0 0 0 1 0 0 0 0 0 0 1 1 0 0 0 0 0 0 1 1 0 0 0
 0 0 0 0]
2025-12-21 21:28:49,830 - [DEBUG] - y_rrl: (1447, 2) [[ 13.063297   -12.969254  ]
 [  1.6231217   -1.528712  ]
 [  9.34883     -9.25486   ]
 [ 10.343085   -10.248995  ]
 [ 12.069042   -11.975119  ]
 [ -0.02865652   0.12305035]
 [ 13.063297   -12.969254  ]
 [ 11.740923   -11.646881  ]
 [ 13.063297   -12.969254  ]
 [  3.3235784   -3.2294204 ]
 [ -0.02865652   0.12305035]
 [  7.394434    -7.3002768 ]
 [ 12.069042   -11.975119  ]
 [ 12.069042   -11.975119  ]
 [ 10.11904    -10.024971  ]
 [ 13.063297   -12.969254  ]
 [ 11.740923   -11.646881  ]
 [ -0.02865652   0.12305035]
 [  7.773884    -7.6796494 ]
 [ 10.258778   -10.164604  ]
 [ 13.063297   -12.969254  ]
 [ 12.069042   -11.975119  ]
 [ 12.069042   -11.975119  ]
 [ 13.063297   -12.969254  ]
 [ -3.9113884    4.0058928 ]
 [ -0.02865652   0.12305035]
 [  8.636894    -8.542694  ]
 [ 13.063297   -12.969254  ]
 [ 10.586897   -10.492842  ]
 [ 11.740923   -11.646881  ]
 [ 13.063297   -12.969254  ]
 [  9.264523    -9.170469  ]
 [ -0.02865652   0.12305035]
 [ -0.02865652   0.12305035]
 [ 12.069042   -11.975119  ]
 [ 13.063297   -12.969254  ]
 [ 12.069042   -11.975119  ]
 [ 13.063297   -12.969254  ]
 [  1.2937186   -1.1993225 ]
 [  3.2481153   -3.1539056 ]
 [ 11.740923   -11.646881  ]]
2025-12-21 21:28:49,833 - [INFO] - ------------------------------------------------------------
2025-12-21 21:28:49,833 - [INFO] - On Validation Set:
	Accuracy of RRL  Model: 0.8908085694540429
	F1 Score of RRL  Model: 0.7079322009647617
2025-12-21 21:28:49,839 - [INFO] - On Validation Set:
Performance of  RRL Model: 
[[1217   69]
 [  89   72]]
              precision    recall  f1-score   support

           0       0.93      0.95      0.94      1286
           1       0.51      0.45      0.48       161

    accuracy                           0.89      1447
   macro avg       0.72      0.70      0.71      1447
weighted avg       0.88      0.89      0.89      1447

2025-12-21 21:28:49,839 - [INFO] - ------------------------------------------------------------
2025-12-21 21:28:50,793 - [INFO] - epoch: 88, loss_rrl: 118.2490468006581
2025-12-21 21:28:51,685 - [DEBUG] - y_true: (1447,) [0 0 0 0 0 1 0 0 0 0 0 0 0 0 0 0 0 1 0 0 0 0 0 0 1 0 0 0 0 0 0 0 0 0 0 0 0
 0 1 1 0]
2025-12-21 21:28:51,836 - [DEBUG] - y_rrl_: (1447,) [0 0 0 0 0 0 0 0 0 0 0 0 0 0 0 0 0 0 0 0 0 0 0 0 1 0 0 0 0 0 0 0 0 0 0 0 0
 0 0 0 0]
2025-12-21 21:28:51,836 - [DEBUG] - y_rrl: (1447, 2) [[ 14.1207485  -14.029507  ]
 [  2.050622    -1.9596564 ]
 [ 10.791663   -10.700998  ]
 [ 10.791663   -10.700998  ]
 [ 14.1207485  -14.029507  ]
 [  0.36173284  -0.27078402]
 [ 14.1207485  -14.029507  ]
 [ 12.198821   -12.108206  ]
 [ 14.1207485  -14.029507  ]
 [  3.7271967   -3.6364765 ]
 [  0.960723    -0.8691491 ]
 [  9.432349    -9.3408785 ]
 [ 14.1207485  -14.029507  ]
 [ 13.521759   -13.431141  ]
 [ 14.1207485  -14.029507  ]
 [ 14.1207485  -14.029507  ]
 [ 12.7978115  -12.706572  ]
 [  0.36173284  -0.27078402]
 [  8.249447    -8.158646  ]
 [  8.053126    -7.962338  ]
 [ 13.521759   -13.431141  ]
 [ 14.1207485  -14.029507  ]
 [ 14.1207485  -14.029507  ]
 [ 13.521759   -13.431141  ]
 [ -3.5135884    3.604643  ]
 [  0.960723    -0.8691491 ]
 [  9.666507    -9.575117  ]
 [ 13.521759   -13.431141  ]
 [  9.975054    -9.883639  ]
 [ 12.7978115  -12.706572  ]
 [ 13.521759   -13.431141  ]
 [  8.83336     -8.742513  ]
 [  0.960723    -0.8691491 ]
 [  0.36173284  -0.27078402]
 [ 14.1207485  -14.029507  ]
 [ 13.521759   -13.431141  ]
 [ 14.1207485  -14.029507  ]
 [ 13.521759   -13.431141  ]
 [  0.36173284  -0.27078402]
 [  4.241964    -4.1505694 ]
 [ 12.198821   -12.108206  ]]
2025-12-21 21:28:51,839 - [INFO] - ------------------------------------------------------------
2025-12-21 21:28:51,839 - [INFO] - On Validation Set:
	Accuracy of RRL  Model: 0.9018659295093296
	F1 Score of RRL  Model: 0.6913803876332264
2025-12-21 21:28:51,845 - [INFO] - On Validation Set:
Performance of  RRL Model: 
[[1250   36]
 [ 106   55]]
              precision    recall  f1-score   support

           0       0.92      0.97      0.95      1286
           1       0.60      0.34      0.44       161

    accuracy                           0.90      1447
   macro avg       0.76      0.66      0.69      1447
weighted avg       0.89      0.90      0.89      1447

2025-12-21 21:28:51,845 - [INFO] - ------------------------------------------------------------
2025-12-21 21:28:52,551 - [INFO] - epoch: 89, loss_rrl: 117.32221270538867
2025-12-21 21:28:53,633 - [DEBUG] - y_true: (1447,) [0 0 0 0 0 1 0 0 0 0 0 0 0 0 0 0 0 1 0 0 0 0 0 0 1 0 0 0 0 0 0 0 0 0 0 0 0
 0 1 1 0]
2025-12-21 21:28:53,783 - [DEBUG] - y_rrl_: (1447,) [0 0 0 0 0 1 0 0 0 0 1 0 0 0 0 0 0 1 0 0 0 0 0 0 1 1 0 0 0 0 0 0 1 1 0 0 0
 0 0 0 0]
2025-12-21 21:28:53,783 - [DEBUG] - y_rrl: (1447, 2) [[ 13.333009   -13.244489  ]
 [  1.255343    -1.1670929 ]
 [  9.982253    -9.894297  ]
 [ 11.315444   -11.227484  ]
 [ 11.92575    -11.837185  ]
 [ -0.9139939    1.0023792 ]
 [ 13.333009   -13.244489  ]
 [ 11.389513   -11.3015995 ]
 [ 13.333009   -13.244489  ]
 [  2.4786413   -2.3904755 ]
 [ -0.30368787   0.39267677]
 [  8.607183    -8.518448  ]
 [ 11.848492   -11.759849  ]
 [  9.830927    -9.742844  ]
 [  8.866498    -8.777834  ]
 [ 11.848492   -11.759849  ]
 [  8.719795    -8.631086  ]
 [ -0.9139939    1.0023792 ]
 [  7.461119    -7.3730283 ]
 [ 11.238186   -11.150147  ]
 [ 12.722703   -12.634788  ]
 [ 10.441233   -10.352545  ]
 [ 13.333009   -13.244489  ]
 [  9.830927    -9.742844  ]
 [ -4.343839     4.4321685 ]
 [ -0.30368787   0.39267677]
 [  6.95838     -6.869621  ]
 [ 11.238186   -11.150147  ]
 [ 11.848492   -11.759849  ]
 [ 13.333009   -13.244489  ]
 [ 12.722703   -12.634788  ]
 [ 11.238186   -11.150147  ]
 [ -0.30368787   0.39267677]
 [ -0.9139939    1.0023792 ]
 [ 13.333009   -13.244489  ]
 [ 12.722703   -12.634788  ]
 [ 13.333009   -13.244489  ]
 [  9.830927    -9.742844  ]
 [  0.4191963   -0.3308081 ]
 [  1.951652    -1.8628675 ]
 [ 11.389513   -11.3015995 ]]
2025-12-21 21:28:53,785 - [INFO] - ------------------------------------------------------------
2025-12-21 21:28:53,785 - [INFO] - On Validation Set:
	Accuracy of RRL  Model: 0.8873531444367657
	F1 Score of RRL  Model: 0.7112762865876125
2025-12-21 21:28:53,791 - [INFO] - On Validation Set:
Performance of  RRL Model: 
[[1207   79]
 [  84   77]]
              precision    recall  f1-score   support

           0       0.93      0.94      0.94      1286
           1       0.49      0.48      0.49       161

    accuracy                           0.89      1447
   macro avg       0.71      0.71      0.71      1447
weighted avg       0.89      0.89      0.89      1447

2025-12-21 21:28:53,791 - [INFO] - ------------------------------------------------------------
2025-12-21 21:28:54,241 - [INFO] - epoch: 90, loss_rrl: 116.74245337583125
2025-12-21 21:28:55,493 - [DEBUG] - y_true: (1447,) [0 0 0 0 0 1 0 0 0 0 0 0 0 0 0 0 0 1 0 0 0 0 0 0 1 0 0 0 0 0 0 0 0 0 0 0 0
 0 1 1 0]
2025-12-21 21:28:55,642 - [DEBUG] - y_rrl_: (1447,) [0 0 0 0 0 1 0 0 0 0 1 0 0 0 0 0 0 1 0 0 0 0 0 0 1 1 0 0 0 0 0 0 1 1 0 0 0
 0 0 0 0]
2025-12-21 21:28:55,643 - [DEBUG] - y_rrl: (1447, 2) [[ 12.658613   -12.572758  ]
 [  0.6107628   -0.52516574]
 [ 10.641864   -10.556549  ]
 [ 10.641864   -10.556549  ]
 [ 12.658613   -12.572758  ]
 [ -2.5216131    2.6072297 ]
 [ 12.658613   -12.572758  ]
 [ 12.053085   -11.967812  ]
 [ 12.658613   -12.572758  ]
 [  2.1997876   -2.1143794 ]
 [ -0.43450412   0.52058566]
 [  9.418794    -9.3328495 ]
 [ 11.177033   -11.091059  ]
 [ 12.053085   -11.967812  ]
 [  8.745292    -8.659263  ]
 [ 12.658613   -12.572758  ]
 [ 10.780841   -10.694844  ]
 [ -1.0400327    1.1255312 ]
 [  6.2619905   -6.1764035 ]
 [  4.1992264   -4.1137457 ]
 [ 12.053085   -11.967812  ]
 [ 12.658613   -12.572758  ]
 [ 12.658613   -12.572758  ]
 [  8.139764    -8.0543165 ]
 [ -4.9533553    5.039026  ]
 [ -1.9160845    2.0022843 ]
 [  7.75967     -7.6737013 ]
 [  8.139764    -8.0543165 ]
 [ 10.028557    -9.942663  ]
 [ 12.658613   -12.572758  ]
 [ 12.053085   -11.967812  ]
 [  4.8999434   -4.814408  ]
 [ -0.43450412   0.52058566]
 [ -1.0400327    1.1255312 ]
 [ 12.658613   -12.572758  ]
 [ 12.053085   -11.967812  ]
 [ 12.658613   -12.572758  ]
 [  8.139764    -8.0543165 ]
 [  2.1997876   -2.1143794 ]
 [  2.8053162   -2.7193248 ]
 [ 12.053085   -11.967812  ]]
2025-12-21 21:28:55,645 - [INFO] - ------------------------------------------------------------
2025-12-21 21:28:55,645 - [INFO] - On Validation Set:
	Accuracy of RRL  Model: 0.8797512093987561
	F1 Score of RRL  Model: 0.7039939617956604
2025-12-21 21:28:55,650 - [INFO] - On Validation Set:
Performance of  RRL Model: 
[[1194   92]
 [  82   79]]
              precision    recall  f1-score   support

           0       0.94      0.93      0.93      1286
           1       0.46      0.49      0.48       161

    accuracy                           0.88      1447
   macro avg       0.70      0.71      0.70      1447
weighted avg       0.88      0.88      0.88      1447

2025-12-21 21:28:55,650 - [INFO] - ------------------------------------------------------------
2025-12-21 21:28:55,849 - [INFO] - epoch: 91, loss_rrl: 117.47261856868863
2025-12-21 21:28:57,298 - [INFO] - epoch: 92, loss_rrl: 117.38970923423767
2025-12-21 21:28:57,349 - [DEBUG] - y_true: (1447,) [0 0 0 0 0 1 0 0 0 0 0 0 0 0 0 0 0 1 0 0 0 0 0 0 1 0 0 0 0 0 0 0 0 0 0 0 0
 0 1 1 0]
2025-12-21 21:28:57,498 - [DEBUG] - y_rrl_: (1447,) [0 0 0 0 0 1 0 0 0 0 1 0 0 0 0 0 0 1 0 0 0 0 0 0 1 1 0 0 0 0 0 0 1 1 0 0 0
 0 0 0 0]
2025-12-21 21:28:57,498 - [DEBUG] - y_rrl: (1447, 2) [[ 12.114981   -12.031738  ]
 [  0.05553821   0.02745279]
 [ 10.098375   -10.015654  ]
 [ 10.098375   -10.015654  ]
 [ 12.114981   -12.031738  ]
 [ -0.6976286    0.7806998 ]
 [ 12.114981   -12.031738  ]
 [ 11.5060215  -11.423341  ]
 [ 12.114981   -12.031738  ]
 [  4.038376    -3.9555094 ]
 [ -0.08866914   0.17230257]
 [  7.3789763   -7.295531  ]
 [ 10.634765   -10.551405  ]
 [ 10.025805    -9.943007  ]
 [  7.677731    -7.594354  ]
 [ 10.634765   -10.551405  ]
 [ 10.226961   -10.143585  ]
 [ -0.6976286    0.7806998 ]
 [  6.285518    -6.2026725 ]
 [  3.6629243   -3.5800443 ]
 [ 11.5060215  -11.423341  ]
 [ 10.634765   -10.551405  ]
 [ 12.114981   -12.031738  ]
 [ 10.025805    -9.943007  ]
 [ -5.51075      5.593808  ]
 [ -0.08866914   0.17230257]
 [  5.7246623   -5.641196  ]
 [ 10.025805    -9.943007  ]
 [  8.01217     -7.9287763 ]
 [  9.492386    -9.409109  ]
 [ 11.5060215  -11.423341  ]
 [  6.285518    -6.2026725 ]
 [ -0.08866914   0.17230257]
 [ -0.6976286    0.7806998 ]
 [ 12.114981   -12.031738  ]
 [ 11.5060215  -11.423341  ]
 [ 12.114981   -12.031738  ]
 [  7.5882363   -7.505388  ]
 [  0.60508907  -0.5220155 ]
 [  0.7915678   -0.7080851 ]
 [ 11.5060215  -11.423341  ]]
2025-12-21 21:28:57,500 - [INFO] - ------------------------------------------------------------
2025-12-21 21:28:57,501 - [INFO] - On Validation Set:
	Accuracy of RRL  Model: 0.8790601243953006
	F1 Score of RRL  Model: 0.7176893841843623
2025-12-21 21:28:57,506 - [INFO] - On Validation Set:
Performance of  RRL Model: 
[[1183  103]
 [  72   89]]
              precision    recall  f1-score   support

           0       0.94      0.92      0.93      1286
           1       0.46      0.55      0.50       161

    accuracy                           0.88      1447
   macro avg       0.70      0.74      0.72      1447
weighted avg       0.89      0.88      0.88      1447

2025-12-21 21:28:57,506 - [INFO] - ------------------------------------------------------------
2025-12-21 21:28:58,909 - [INFO] - epoch: 93, loss_rrl: 116.18208636902273
2025-12-21 21:28:59,204 - [DEBUG] - y_true: (1447,) [0 0 0 0 0 1 0 0 0 0 0 0 0 0 0 0 0 1 0 0 0 0 0 0 1 0 0 0 0 0 0 0 0 0 0 0 0
 0 1 1 0]
2025-12-21 21:28:59,353 - [DEBUG] - y_rrl_: (1447,) [0 1 0 0 0 1 0 0 0 0 1 0 0 0 0 0 0 1 0 0 0 0 0 0 1 1 0 0 0 0 0 0 1 1 0 0 0
 0 1 0 0]
2025-12-21 21:28:59,353 - [DEBUG] - y_rrl: (1447, 2) [[ 11.71254    -11.631869  ]
 [ -0.35288167   0.43330935]
 [  8.732567    -8.652495  ]
 [  9.678717    -9.598543  ]
 [  9.328636    -9.248022  ]
 [ -3.5217366    3.6021802 ]
 [ 11.71254    -11.631869  ]
 [ 11.11647    -11.036343  ]
 [ 11.71254    -11.631869  ]
 [  1.2603637   -1.1801152 ]
 [ -2.925667     3.0066538 ]
 [  5.9842906   -5.903522  ]
 [  9.274901    -9.19422   ]
 [  7.2410755   -7.160893  ]
 [  7.2685547   -7.187754  ]
 [ 10.221049   -10.140267  ]
 [  8.366562    -8.285718  ]
 [ -3.5217366    3.6021802 ]
 [  3.9540324   -3.87362   ]
 [  8.305255    -8.225018  ]
 [ 11.11647    -11.036343  ]
 [  7.837145    -7.7564197 ]
 [ 10.766392   -10.685822  ]
 [  8.187226    -8.106941  ]
 [ -5.964736     6.0452266 ]
 [ -2.925667     3.0066538 ]
 [  7.2685547   -7.187754  ]
 [  9.62498     -9.544741  ]
 [  9.274901    -9.19422   ]
 [  9.101056    -9.020349  ]
 [ 11.11647    -11.036343  ]
 [  7.359106    -7.2789702 ]
 [ -2.925667     3.0066538 ]
 [ -3.5217366    3.6021802 ]
 [ 10.766392   -10.685822  ]
 [ 11.11647    -11.036343  ]
 [ 10.766392   -10.685822  ]
 [  8.187226    -8.106941  ]
 [ -3.5217366    3.6021802 ]
 [  0.3649429   -0.2840397 ]
 [ 11.11647    -11.036343  ]]
2025-12-21 21:28:59,355 - [INFO] - ------------------------------------------------------------
2025-12-21 21:28:59,356 - [INFO] - On Validation Set:
	Accuracy of RRL  Model: 0.8769868693849343
	F1 Score of RRL  Model: 0.7439599984094796
2025-12-21 21:28:59,361 - [INFO] - On Validation Set:
Performance of  RRL Model: 
[[1156  130]
 [  48  113]]
              precision    recall  f1-score   support

           0       0.96      0.90      0.93      1286
           1       0.47      0.70      0.56       161

    accuracy                           0.88      1447
   macro avg       0.71      0.80      0.74      1447
weighted avg       0.91      0.88      0.89      1447

2025-12-21 21:28:59,361 - [INFO] - ------------------------------------------------------------
2025-12-21 21:29:00,530 - [INFO] - epoch: 94, loss_rrl: 117.55329290032387
2025-12-21 21:29:01,042 - [DEBUG] - y_true: (1447,) [0 0 0 0 0 1 0 0 0 0 0 0 0 0 0 0 0 1 0 0 0 0 0 0 1 0 0 0 0 0 0 0 0 0 0 0 0
 0 1 1 0]
2025-12-21 21:29:01,191 - [DEBUG] - y_rrl_: (1447,) [0 0 0 0 0 0 0 0 0 0 0 0 0 0 0 0 0 0 0 0 0 0 0 0 1 0 0 0 0 0 0 0 0 0 0 0 0
 0 0 0 0]
2025-12-21 21:29:01,192 - [DEBUG] - y_rrl: (1447, 2) [[ 13.625981   -13.547778  ]
 [  0.84776634  -0.7692863 ]
 [  9.932603    -9.854466  ]
 [ 10.89309    -10.814857  ]
 [ 12.665494   -12.587388  ]
 [  0.41280165  -0.3343433 ]
 [ 13.625981   -13.547778  ]
 [ 12.317742   -12.239543  ]
 [ 13.625981   -13.547778  ]
 [  3.8718035   -3.7935374 ]
 [  0.41280165  -0.3343433 ]
 [  7.89825     -7.8199596 ]
 [ 11.357255   -11.279151  ]
 [ 11.357255   -11.279151  ]
 [  9.379571    -9.301357  ]
 [ 12.317742   -12.239543  ]
 [ 12.317742   -12.239543  ]
 [  0.41280165  -0.3343433 ]
 [  8.392367    -8.314014  ]
 [ 10.831475   -10.753167  ]
 [ 13.625981   -13.547778  ]
 [ 11.357255   -11.279151  ]
 [ 12.665494   -12.587388  ]
 [ 13.625981   -13.547778  ]
 [ -1.0118471    1.0903437 ]
 [  0.41280165  -0.3343433 ]
 [  7.8933034   -7.8149824 ]
 [ 12.317742   -12.239543  ]
 [  9.870988    -9.792775  ]
 [ 12.317742   -12.239543  ]
 [ 13.625981   -13.547778  ]
 [  9.870988    -9.792775  ]
 [  0.41280165  -0.3343433 ]
 [  0.41280165  -0.3343433 ]
 [ 12.665494   -12.587388  ]
 [ 12.317742   -12.239543  ]
 [ 12.665494   -12.587388  ]
 [ 12.317742   -12.239543  ]
 [  3.6937752   -3.6153984 ]
 [  2.447154    -2.3688507 ]
 [ 12.317742   -12.239543  ]]
2025-12-21 21:29:01,194 - [INFO] - ------------------------------------------------------------
2025-12-21 21:29:01,194 - [INFO] - On Validation Set:
	Accuracy of RRL  Model: 0.902557014512785
	F1 Score of RRL  Model: 0.6427179263570981
2025-12-21 21:29:01,200 - [INFO] - On Validation Set:
Performance of  RRL Model: 
[[1270   16]
 [ 125   36]]
              precision    recall  f1-score   support

           0       0.91      0.99      0.95      1286
           1       0.69      0.22      0.34       161

    accuracy                           0.90      1447
   macro avg       0.80      0.61      0.64      1447
weighted avg       0.89      0.90      0.88      1447

2025-12-21 21:29:01,200 - [INFO] - ------------------------------------------------------------
2025-12-21 21:29:02,117 - [INFO] - epoch: 95, loss_rrl: 117.47379583492875
2025-12-21 21:29:02,858 - [DEBUG] - y_true: (1447,) [0 0 0 0 0 1 0 0 0 0 0 0 0 0 0 0 0 1 0 0 0 0 0 0 1 0 0 0 0 0 0 0 0 0 0 0 0
 0 1 1 0]
2025-12-21 21:29:03,007 - [DEBUG] - y_rrl_: (1447,) [0 0 0 0 0 1 0 0 0 0 1 0 0 0 0 0 0 0 0 0 0 0 0 0 1 0 0 0 0 0 0 0 0 0 0 0 0
 0 0 0 0]
2025-12-21 21:29:03,007 - [DEBUG] - y_rrl: (1447, 2) [[ 14.526586   -14.450803  ]
 [  2.4595048   -2.3839526 ]
 [ 10.202683   -10.127469  ]
 [ 11.186908   -11.111599  ]
 [ 12.111554   -12.035831  ]
 [ -0.74603033   0.82158977]
 [ 14.526586   -14.450803  ]
 [ 12.617715   -12.54244   ]
 [ 14.526586   -14.450803  ]
 [  4.146186    -4.0708475 ]
 [ -0.15080966   0.22687447]
 [  8.767299    -8.69143   ]
 [ 12.050144   -11.974351  ]
 [ 10.0241165   -9.948794  ]
 [ 13.0343685  -12.958482  ]
 [ 13.0343685  -12.958482  ]
 [ 11.782128   -11.706314  ]
 [  0.6847756   -0.6092512 ]
 [  8.681967    -8.606542  ]
 [  8.489302    -8.413896  ]
 [ 13.931365   -13.856088  ]
 [ 10.619337   -10.5435095 ]
 [ 13.542361   -13.466673  ]
 [ 11.008341   -10.932925  ]
 [ -3.1895614    3.2651665 ]
 [  1.2799963   -1.2039664 ]
 [ 10.103644   -10.027741  ]
 [ 12.439148   -12.363767  ]
 [  9.413948    -9.338128  ]
 [ 13.212935   -13.137156  ]
 [ 13.931365   -13.856088  ]
 [ 10.1412735  -10.065988  ]
 [  1.2799963   -1.2039664 ]
 [  0.6847756   -0.6092512 ]
 [ 13.542361   -13.466673  ]
 [ 13.931365   -13.856088  ]
 [ 13.542361   -13.466673  ]
 [ 11.008341   -10.932925  ]
 [  0.6847756   -0.6092512 ]
 [  3.1320343   -3.0560462 ]
 [ 12.617715   -12.54244   ]]
2025-12-21 21:29:03,009 - [INFO] - ------------------------------------------------------------
2025-12-21 21:29:03,010 - [INFO] - On Validation Set:
	Accuracy of RRL  Model: 0.9060124395300622
	F1 Score of RRL  Model: 0.7022813918305598
2025-12-21 21:29:03,016 - [INFO] - On Validation Set:
Performance of  RRL Model: 
[[1254   32]
 [ 104   57]]
              precision    recall  f1-score   support

           0       0.92      0.98      0.95      1286
           1       0.64      0.35      0.46       161

    accuracy                           0.91      1447
   macro avg       0.78      0.66      0.70      1447
weighted avg       0.89      0.91      0.89      1447

2025-12-21 21:29:03,016 - [INFO] - ------------------------------------------------------------
2025-12-21 21:29:03,704 - [INFO] - epoch: 96, loss_rrl: 117.73431213758886
2025-12-21 21:29:04,700 - [DEBUG] - y_true: (1447,) [0 0 0 0 0 1 0 0 0 0 0 0 0 0 0 0 0 1 0 0 0 0 0 0 1 0 0 0 0 0 0 0 0 0 0 0 0
 0 1 1 0]
2025-12-21 21:29:04,851 - [DEBUG] - y_rrl_: (1447,) [0 1 0 0 0 1 0 0 0 0 0 0 0 0 0 0 0 1 0 0 0 0 0 0 1 1 0 0 0 0 0 0 0 1 0 0 0
 0 1 0 0]
2025-12-21 21:29:04,852 - [DEBUG] - y_rrl: (1447, 2) [[ 12.676312   -12.6029215 ]
 [ -0.714913     0.7880782 ]
 [  8.330867    -8.258022  ]
 [ 10.63673    -10.563793  ]
 [ 11.6877165  -11.614418  ]
 [ -3.646967     3.7201493 ]
 [ 12.676312   -12.6029215 ]
 [ 10.751422   -10.678521  ]
 [ 12.676312   -12.6029215 ]
 [  3.257351    -3.1842947 ]
 [  0.38176617  -0.30804527]
 [  6.887245    -6.8137693 ]
 [ 10.370448   -10.297151  ]
 [ 11.080095   -11.007284  ]
 [  9.739217    -9.665812  ]
 [ 11.359043   -11.285655  ]
 [  9.415585    -9.342088  ]
 [ -0.22585502   0.29908848]
 [  4.864316    -4.7911654 ]
 [ 10.55756    -10.484557  ]
 [ 12.06869    -11.995789  ]
 [ 11.6877165  -11.614418  ]
 [ 11.6877165  -11.614418  ]
 [ 12.06869    -11.995789  ]
 [ -5.078928     5.1521454 ]
 [ -3.0393457    3.113016  ]
 [  4.9387445   -4.8651624 ]
 [ 12.06869    -11.995789  ]
 [  8.859318    -8.785919  ]
 [ 10.062795    -9.989372  ]
 [ 12.06869    -11.995789  ]
 [  9.568965    -9.496053  ]
 [  0.38176617  -0.30804527]
 [ -1.2144499    1.2875925 ]
 [ 11.6877165  -11.614418  ]
 [ 12.06869    -11.995789  ]
 [ 11.6877165  -11.614418  ]
 [ 12.06869    -11.995789  ]
 [ -0.22585502   0.29908848]
 [  1.4444149   -1.3709278 ]
 [ 10.751422   -10.678521  ]]
2025-12-21 21:29:04,854 - [INFO] - ------------------------------------------------------------
2025-12-21 21:29:04,854 - [INFO] - On Validation Set:
	Accuracy of RRL  Model: 0.8859709744298548
	F1 Score of RRL  Model: 0.7214921873633007
2025-12-21 21:29:04,860 - [INFO] - On Validation Set:
Performance of  RRL Model: 
[[1197   89]
 [  76   85]]
              precision    recall  f1-score   support

           0       0.94      0.93      0.94      1286
           1       0.49      0.53      0.51       161

    accuracy                           0.89      1447
   macro avg       0.71      0.73      0.72      1447
weighted avg       0.89      0.89      0.89      1447

2025-12-21 21:29:04,860 - [INFO] - ------------------------------------------------------------
2025-12-21 21:29:05,321 - [INFO] - epoch: 97, loss_rrl: 117.09659043513238
2025-12-21 21:29:06,541 - [DEBUG] - y_true: (1447,) [0 0 0 0 0 1 0 0 0 0 0 0 0 0 0 0 0 1 0 0 0 0 0 0 1 0 0 0 0 0 0 0 0 0 0 0 0
 0 1 1 0]
2025-12-21 21:29:06,691 - [DEBUG] - y_rrl_: (1447,) [0 0 0 0 0 1 0 0 0 0 0 0 0 0 0 0 0 1 0 0 0 0 0 0 1 0 0 0 0 0 0 0 0 1 0 0 0
 0 0 0 0]
2025-12-21 21:29:06,692 - [DEBUG] - y_rrl: (1447, 2) [[ 13.876251   -13.805182  ]
 [  1.8025659   -1.7317196 ]
 [  9.552053    -9.481517  ]
 [ 10.528375   -10.457749  ]
 [ 12.89993    -12.82895   ]
 [  0.01590924   0.05490955]
 [ 13.876251   -13.805182  ]
 [ 11.953822   -11.883227  ]
 [ 13.876251   -13.805182  ]
 [  3.5018682   -3.4312196 ]
 [  0.62552714  -0.5542384 ]
 [  9.616409    -9.545362  ]
 [ 11.384679   -11.313602  ]
 [ 10.775061   -10.704454  ]
 [  9.430704    -9.359528  ]
 [ 12.361      -12.289835  ]
 [ 10.629863   -10.558694  ]
 [  0.01590924   0.05490955]
 [  7.3817525   -7.3109126 ]
 [ 11.953822   -11.883227  ]
 [ 13.266633   -13.196034  ]
 [ 11.384679   -11.313602  ]
 [ 12.89993    -12.82895   ]
 [ 11.751382   -11.680687  ]
 [ -3.8455899    3.9164815 ]
 [  0.62552714  -0.5542384 ]
 [  8.975245    -8.904096  ]
 [ 13.266633   -13.196034  ]
 [ 12.89993    -12.82895   ]
 [ 12.563441   -12.492375  ]
 [ 13.266633   -13.196034  ]
 [  9.006791    -8.936214  ]
 [  0.62552714  -0.5542384 ]
 [  0.01590924   0.05490955]
 [ 12.89993    -12.82895   ]
 [ 13.266633   -13.196034  ]
 [ 12.89993    -12.82895   ]
 [ 11.751382   -11.680687  ]
 [  3.2994273   -3.2286792 ]
 [  2.4835994   -2.412348  ]
 [ 11.953822   -11.883227  ]]
2025-12-21 21:29:06,694 - [INFO] - ------------------------------------------------------------
2025-12-21 21:29:06,694 - [INFO] - On Validation Set:
	Accuracy of RRL  Model: 0.8977194194885971
	F1 Score of RRL  Model: 0.6851054569408664
2025-12-21 21:29:06,700 - [INFO] - On Validation Set:
Performance of  RRL Model: 
[[1244   42]
 [ 106   55]]
              precision    recall  f1-score   support

           0       0.92      0.97      0.94      1286
           1       0.57      0.34      0.43       161

    accuracy                           0.90      1447
   macro avg       0.74      0.65      0.69      1447
weighted avg       0.88      0.90      0.89      1447

2025-12-21 21:29:06,700 - [INFO] - ------------------------------------------------------------
2025-12-21 21:29:06,933 - [INFO] - epoch: 98, loss_rrl: 117.3870025165379
2025-12-21 21:29:08,394 - [INFO] - epoch: 99, loss_rrl: 117.35750000923872
