2025-12-21 21:22:36,481 - [DEBUG] - y_true: (1447,) [0 0 0 0 0 1 0 0 0 0 0 0 0 0 0 0 0 1 0 0 0 0 0 0 1 0 0 0 0 0 0 0 0 0 0 0 0
 0 1 1 0]
2025-12-21 21:22:36,644 - [DEBUG] - y_rrl_: (1447,) [0 0 0 0 0 0 0 0 0 0 0 0 0 0 0 0 0 0 0 0 0 0 0 0 0 0 0 0 0 0 0 0 0 0 0 0 0
 0 0 0 0]
2025-12-21 21:22:36,645 - [DEBUG] - y_rrl: (1447, 2) [[ 4.1267524 -3.6315672]
 [ 4.1267524 -3.6315672]
 [ 4.1267524 -3.6315672]
 [ 4.1267524 -3.6315672]
 [ 4.1267524 -3.6315672]
 [ 4.1267524 -3.6315672]
 [ 4.1267524 -3.6315672]
 [ 4.1267524 -3.6315672]
 [ 4.1267524 -3.6315672]
 [ 4.1267524 -3.6315672]
 [ 4.1267524 -3.6315672]
 [ 4.1267524 -3.6315672]
 [ 4.1267524 -3.6315672]
 [ 4.1267524 -3.6315672]
 [ 4.1267524 -3.6315672]
 [ 4.1267524 -3.6315672]
 [ 4.1267524 -3.6315672]
 [ 4.1267524 -3.6315672]
 [ 4.1267524 -3.6315672]
 [ 4.1267524 -3.6315672]
 [ 4.1267524 -3.6315672]
 [ 4.1267524 -3.6315672]
 [ 4.1267524 -3.6315672]
 [ 4.1267524 -3.6315672]
 [ 4.1267524 -3.6315672]
 [ 4.1267524 -3.6315672]
 [ 4.1267524 -3.6315672]
 [ 4.1267524 -3.6315672]
 [ 4.1267524 -3.6315672]
 [ 4.1267524 -3.6315672]
 [ 4.1267524 -3.6315672]
 [ 4.1267524 -3.6315672]
 [ 4.1267524 -3.6315672]
 [ 4.1267524 -3.6315672]
 [ 4.1267524 -3.6315672]
 [ 4.1267524 -3.6315672]
 [ 4.1267524 -3.6315672]
 [ 4.1267524 -3.6315672]
 [ 4.1267524 -3.6315672]
 [ 4.1267524 -3.6315672]
 [ 4.1267524 -3.6315672]]
2025-12-21 21:22:36,647 - [INFO] - ------------------------------------------------------------
2025-12-21 21:22:36,647 - [INFO] - On Validation Set:
	Accuracy of RRL  Model: 0.8887353144436766
	F1 Score of RRL  Model: 0.47054518843761434
2025-12-21 21:22:36,654 - [INFO] - On Validation Set:
Performance of  RRL Model: 
[[1286    0]
 [ 161    0]]
              precision    recall  f1-score   support

           0       0.89      1.00      0.94      1286
           1       0.00      0.00      0.00       161

    accuracy                           0.89      1447
   macro avg       0.44      0.50      0.47      1447
weighted avg       0.79      0.89      0.84      1447

2025-12-21 21:22:36,654 - [INFO] - ------------------------------------------------------------
2025-12-21 21:22:38,206 - [INFO] - epoch: 0, loss_rrl: 728.1018351614475
2025-12-21 21:22:38,476 - [DEBUG] - y_true: (1447,) [0 0 0 0 0 1 0 0 0 0 0 0 0 0 0 0 0 1 0 0 0 0 0 0 1 0 0 0 0 0 0 0 0 0 0 0 0
 0 1 1 0]
2025-12-21 21:22:38,637 - [DEBUG] - y_rrl_: (1447,) [0 0 0 0 0 0 0 0 0 0 0 0 0 0 0 0 0 0 0 0 0 0 0 0 0 0 0 0 0 0 0 0 0 0 0 0 0
 0 0 0 0]
2025-12-21 21:22:38,637 - [DEBUG] - y_rrl: (1447, 2) [[ 1.4760569  -0.9820953 ]
 [ 1.4760569  -0.9820953 ]
 [ 1.4760569  -0.9820953 ]
 [ 1.4760569  -0.9820953 ]
 [ 1.4760569  -0.9820953 ]
 [ 1.0292928  -0.5368066 ]
 [ 1.4760569  -0.9820953 ]
 [ 1.4760569  -0.9820953 ]
 [ 1.4760569  -0.9820953 ]
 [ 1.0292928  -0.5368066 ]
 [ 1.0292928  -0.5368066 ]
 [ 1.4760569  -0.9820953 ]
 [ 1.4760569  -0.9820953 ]
 [ 1.4760569  -0.9820953 ]
 [ 1.4760569  -0.9820953 ]
 [ 1.4760569  -0.9820953 ]
 [ 1.1567297  -0.66166806]
 [ 1.0292928  -0.5368066 ]
 [ 1.4760569  -0.9820953 ]
 [ 1.4760569  -0.9820953 ]
 [ 1.4760569  -0.9820953 ]
 [ 1.4760569  -0.9820953 ]
 [ 1.4760569  -0.9820953 ]
 [ 1.4760569  -0.9820953 ]
 [ 1.0292928  -0.5368066 ]
 [ 1.0292928  -0.5368066 ]
 [ 1.4760569  -0.9820953 ]
 [ 1.4760569  -0.9820953 ]
 [ 1.4760569  -0.9820953 ]
 [ 1.4760569  -0.9820953 ]
 [ 1.4760569  -0.9820953 ]
 [ 1.4760569  -0.9820953 ]
 [ 1.0292928  -0.5368066 ]
 [ 1.0292928  -0.5368066 ]
 [ 1.4760569  -0.9820953 ]
 [ 1.4760569  -0.9820953 ]
 [ 1.4760569  -0.9820953 ]
 [ 1.4760569  -0.9820953 ]
 [ 1.0292928  -0.5368066 ]
 [ 1.3795825  -0.8847311 ]
 [ 1.4760569  -0.9820953 ]]
2025-12-21 21:22:38,639 - [INFO] - ------------------------------------------------------------
2025-12-21 21:22:38,639 - [INFO] - On Validation Set:
	Accuracy of RRL  Model: 0.8887353144436766
	F1 Score of RRL  Model: 0.47054518843761434
2025-12-21 21:22:38,645 - [INFO] - On Validation Set:
Performance of  RRL Model: 
[[1286    0]
 [ 161    0]]
              precision    recall  f1-score   support

           0       0.89      1.00      0.94      1286
           1       0.00      0.00      0.00       161

    accuracy                           0.89      1447
   macro avg       0.44      0.50      0.47      1447
weighted avg       0.79      0.89      0.84      1447

2025-12-21 21:22:38,645 - [INFO] - ------------------------------------------------------------
2025-12-21 21:22:39,940 - [INFO] - epoch: 1, loss_rrl: 175.91685574501753
2025-12-21 21:22:40,467 - [DEBUG] - y_true: (1447,) [0 0 0 0 0 1 0 0 0 0 0 0 0 0 0 0 0 1 0 0 0 0 0 0 1 0 0 0 0 0 0 0 0 0 0 0 0
 0 1 1 0]
2025-12-21 21:22:40,628 - [DEBUG] - y_rrl_: (1447,) [0 0 0 0 0 1 0 0 0 1 1 0 0 0 0 0 0 1 0 0 0 0 0 0 1 1 0 0 0 0 0 0 1 1 0 0 0
 0 1 1 0]
2025-12-21 21:22:40,628 - [DEBUG] - y_rrl: (1447, 2) [[ 2.0557282  -1.5633235 ]
 [ 1.4747101  -0.98054403]
 [ 2.0557282  -1.5633235 ]
 [ 2.0557282  -1.5633235 ]
 [ 2.0557282  -1.5633235 ]
 [ 0.21189237  0.28086093]
 [ 2.0557282  -1.5633235 ]
 [ 2.0557282  -1.5633235 ]
 [ 2.0557282  -1.5633235 ]
 [ 0.21189237  0.28086093]
 [ 0.21189237  0.28086093]
 [ 2.0557282  -1.5633235 ]
 [ 2.0557282  -1.5633235 ]
 [ 2.0557282  -1.5633235 ]
 [ 2.0557282  -1.5633235 ]
 [ 2.0557282  -1.5633235 ]
 [ 1.7426163  -1.2493246 ]
 [ 0.21189237  0.28086093]
 [ 2.0557282  -1.5633235 ]
 [ 2.0557282  -1.5633235 ]
 [ 2.0557282  -1.5633235 ]
 [ 2.0557282  -1.5633235 ]
 [ 2.0557282  -1.5633235 ]
 [ 2.0557282  -1.5633235 ]
 [ 0.21189237  0.28086093]
 [ 0.21189237  0.28086093]
 [ 2.0557282  -1.5633235 ]
 [ 2.0557282  -1.5633235 ]
 [ 2.0557282  -1.5633235 ]
 [ 2.0557282  -1.5633235 ]
 [ 2.0557282  -1.5633235 ]
 [ 2.0557282  -1.5633235 ]
 [ 0.21189237  0.28086093]
 [ 0.21189237  0.28086093]
 [ 2.0557282  -1.5633235 ]
 [ 2.0557282  -1.5633235 ]
 [ 2.0557282  -1.5633235 ]
 [ 2.0557282  -1.5633235 ]
 [ 0.21189237  0.28086093]
 [ 0.21189237  0.28086093]
 [ 2.0557282  -1.5633235 ]]
2025-12-21 21:22:40,630 - [INFO] - ------------------------------------------------------------
2025-12-21 21:22:40,630 - [INFO] - On Validation Set:
	Accuracy of RRL  Model: 0.8597097442985487
	F1 Score of RRL  Model: 0.7156177359283344
2025-12-21 21:22:40,636 - [INFO] - On Validation Set:
Performance of  RRL Model: 
[[1137  149]
 [  54  107]]
              precision    recall  f1-score   support

           0       0.95      0.88      0.92      1286
           1       0.42      0.66      0.51       161

    accuracy                           0.86      1447
   macro avg       0.69      0.77      0.72      1447
weighted avg       0.89      0.86      0.87      1447

2025-12-21 21:22:40,636 - [INFO] - ------------------------------------------------------------
2025-12-21 21:22:41,687 - [INFO] - epoch: 2, loss_rrl: 146.61252271011472
2025-12-21 21:22:42,468 - [DEBUG] - y_true: (1447,) [0 0 0 0 0 1 0 0 0 0 0 0 0 0 0 0 0 1 0 0 0 0 0 0 1 0 0 0 0 0 0 0 0 0 0 0 0
 0 1 1 0]
2025-12-21 21:22:42,628 - [DEBUG] - y_rrl_: (1447,) [0 0 0 0 0 0 0 0 0 0 0 0 0 0 0 0 0 0 0 0 0 0 0 0 0 0 0 0 0 0 0 0 0 0 0 0 0
 0 0 0 0]
2025-12-21 21:22:42,629 - [DEBUG] - y_rrl: (1447, 2) [[ 3.9671052 -3.4784307]
 [ 1.9369153 -1.4432929]
 [ 4.2117248 -3.7200248]
 [ 4.2117248 -3.7200248]
 [ 3.9671052 -3.4784307]
 [ 1.3413795 -0.8508607]
 [ 3.9671052 -3.4784307]
 [ 4.2117248 -3.7200248]
 [ 4.2117248 -3.7200248]
 [ 2.1644807 -1.6729801]
 [ 1.3413795 -0.8508607]
 [ 3.3886237 -2.8979056]
 [ 3.9671052 -3.4784307]
 [ 3.9671052 -3.4784307]
 [ 3.9671052 -3.4784307]
 [ 3.9671052 -3.4784307]
 [ 4.2117248 -3.7200248]
 [ 1.3413795 -0.8508607]
 [ 3.3886237 -2.8979056]
 [ 3.3886237 -2.8979056]
 [ 3.9671052 -3.4784307]
 [ 3.9671052 -3.4784307]
 [ 3.9671052 -3.4784307]
 [ 3.9671052 -3.4784307]
 [ 1.3413795 -0.8508607]
 [ 1.3413795 -0.8508607]
 [ 3.0288365 -2.5372477]
 [ 3.9671052 -3.4784307]
 [ 3.3886237 -2.8979056]
 [ 4.2117248 -3.7200248]
 [ 3.9671052 -3.4784307]
 [ 3.3886237 -2.8979056]
 [ 1.3413795 -0.8508607]
 [ 1.3413795 -0.8508607]
 [ 3.9671052 -3.4784307]
 [ 4.2117248 -3.7200248]
 [ 3.9671052 -3.4784307]
 [ 3.9671052 -3.4784307]
 [ 1.3413795 -0.8508607]
 [ 1.919861  -1.4313858]
 [ 4.2117248 -3.7200248]]
2025-12-21 21:22:42,631 - [INFO] - ------------------------------------------------------------
2025-12-21 21:22:42,631 - [INFO] - On Validation Set:
	Accuracy of RRL  Model: 0.8887353144436766
	F1 Score of RRL  Model: 0.47054518843761434
2025-12-21 21:22:42,637 - [INFO] - On Validation Set:
Performance of  RRL Model: 
[[1286    0]
 [ 161    0]]
              precision    recall  f1-score   support

           0       0.89      1.00      0.94      1286
           1       0.00      0.00      0.00       161

    accuracy                           0.89      1447
   macro avg       0.44      0.50      0.47      1447
weighted avg       0.79      0.89      0.84      1447

2025-12-21 21:22:42,637 - [INFO] - ------------------------------------------------------------
2025-12-21 21:22:43,436 - [INFO] - epoch: 3, loss_rrl: 134.9360745884478
2025-12-21 21:22:44,474 - [DEBUG] - y_true: (1447,) [0 0 0 0 0 1 0 0 0 0 0 0 0 0 0 0 0 1 0 0 0 0 0 0 1 0 0 0 0 0 0 0 0 0 0 0 0
 0 1 1 0]
2025-12-21 21:22:44,635 - [DEBUG] - y_rrl_: (1447,) [0 0 0 0 0 0 0 0 0 0 0 0 0 0 0 0 0 0 0 0 0 0 0 0 1 0 0 0 0 0 0 0 0 0 0 0 0
 0 0 0 0]
2025-12-21 21:22:44,636 - [DEBUG] - y_rrl: (1447, 2) [[ 3.603646   -3.114147  ]
 [ 1.0434583  -0.550908  ]
 [ 3.603646   -3.114147  ]
 [ 3.603646   -3.114147  ]
 [ 3.603646   -3.114147  ]
 [ 0.2645444   0.22779253]
 [ 3.603646   -3.114147  ]
 [ 3.603646   -3.114147  ]
 [ 3.603646   -3.114147  ]
 [ 1.4495443  -0.95653534]
 [ 0.8868035  -0.3955497 ]
 [ 3.0409057  -2.5531611 ]
 [ 3.603646   -3.114147  ]
 [ 3.603646   -3.114147  ]
 [ 3.603646   -3.114147  ]
 [ 3.603646   -3.114147  ]
 [ 2.6551402  -2.1638954 ]
 [ 0.8868035  -0.3955497 ]
 [ 1.9820727  -1.4923786 ]
 [ 3.081952   -2.596132  ]
 [ 3.603646   -3.114147  ]
 [ 3.603646   -3.114147  ]
 [ 3.603646   -3.114147  ]
 [ 3.603646   -3.114147  ]
 [-0.08531892  0.57394826]
 [ 0.2645444   0.22779253]
 [ 2.604332   -2.115721  ]
 [ 3.603646   -3.114147  ]
 [ 3.0409057  -2.5531611 ]
 [ 3.603646   -3.114147  ]
 [ 3.603646   -3.114147  ]
 [ 3.081952   -2.596132  ]
 [ 0.8868035  -0.3955497 ]
 [ 0.8868035  -0.3955497 ]
 [ 3.603646   -3.114147  ]
 [ 3.603646   -3.114147  ]
 [ 3.603646   -3.114147  ]
 [ 3.603646   -3.114147  ]
 [ 1.1042141  -0.6139207 ]
 [ 1.099681   -0.6103797 ]
 [ 3.603646   -3.114147  ]]
2025-12-21 21:22:44,638 - [INFO] - ------------------------------------------------------------
2025-12-21 21:22:44,638 - [INFO] - On Validation Set:
	Accuracy of RRL  Model: 0.9004837595024188
	F1 Score of RRL  Model: 0.6096574049096304
2025-12-21 21:22:44,644 - [INFO] - On Validation Set:
Performance of  RRL Model: 
[[1276   10]
 [ 134   27]]
              precision    recall  f1-score   support

           0       0.90      0.99      0.95      1286
           1       0.73      0.17      0.27       161

    accuracy                           0.90      1447
   macro avg       0.82      0.58      0.61      1447
weighted avg       0.89      0.90      0.87      1447

2025-12-21 21:22:44,644 - [INFO] - ------------------------------------------------------------
2025-12-21 21:22:45,190 - [INFO] - epoch: 4, loss_rrl: 129.26787599176168
2025-12-21 21:22:46,486 - [DEBUG] - y_true: (1447,) [0 0 0 0 0 1 0 0 0 0 0 0 0 0 0 0 0 1 0 0 0 0 0 0 1 0 0 0 0 0 0 0 0 0 0 0 0
 0 1 1 0]
2025-12-21 21:22:46,647 - [DEBUG] - y_rrl_: (1447,) [0 0 0 0 0 0 0 0 0 0 0 0 0 0 0 0 0 0 0 0 0 0 0 0 1 0 0 0 0 0 0 0 0 0 0 0 0
 0 0 0 0]
2025-12-21 21:22:46,648 - [DEBUG] - y_rrl: (1447, 2) [[ 4.5468864  -4.059533  ]
 [ 0.9033906  -0.41383407]
 [ 4.5468864  -4.059533  ]
 [ 4.5468864  -4.059533  ]
 [ 4.5468864  -4.059533  ]
 [ 0.9293484  -0.4383498 ]
 [ 4.5468864  -4.059533  ]
 [ 4.5468864  -4.059533  ]
 [ 4.5468864  -4.059533  ]
 [ 2.496889   -2.0052207 ]
 [ 1.5180186  -1.029057  ]
 [ 3.5680168  -3.0833695 ]
 [ 4.1135845  -3.6298845 ]
 [ 4.1135845  -3.6298845 ]
 [ 4.1135845  -3.6298845 ]
 [ 4.1135845  -3.6298845 ]
 [ 4.5468864  -4.059533  ]
 [ 1.5180186  -1.029057  ]
 [ 2.9793463  -2.4926624 ]
 [ 3.3029585  -2.8172882 ]
 [ 4.5468864  -4.059533  ]
 [ 4.1135845  -3.6298845 ]
 [ 4.5468864  -4.059533  ]
 [ 4.1135845  -3.6298845 ]
 [ 0.09045567  0.39602795]
 [ 0.9293484  -0.4383498 ]
 [ 2.4459999  -1.9596188 ]
 [ 4.1135845  -3.6298845 ]
 [ 3.5680168  -3.0833695 ]
 [ 4.5468864  -4.059533  ]
 [ 4.5468864  -4.059533  ]
 [ 3.3029585  -2.8172882 ]
 [ 1.5180186  -1.029057  ]
 [ 1.5180186  -1.029057  ]
 [ 4.5468864  -4.059533  ]
 [ 4.5468864  -4.059533  ]
 [ 4.5468864  -4.059533  ]
 [ 4.1135845  -3.6298845 ]
 [ 1.5180186  -1.029057  ]
 [ 1.2246939  -0.74119425]
 [ 4.5468864  -4.059533  ]]
2025-12-21 21:22:46,650 - [INFO] - ------------------------------------------------------------
2025-12-21 21:22:46,650 - [INFO] - On Validation Set:
	Accuracy of RRL  Model: 0.9032480995162405
	F1 Score of RRL  Model: 0.6274623747664514
2025-12-21 21:22:46,656 - [INFO] - On Validation Set:
Performance of  RRL Model: 
[[1276   10]
 [ 130   31]]
              precision    recall  f1-score   support

           0       0.91      0.99      0.95      1286
           1       0.76      0.19      0.31       161

    accuracy                           0.90      1447
   macro avg       0.83      0.59      0.63      1447
weighted avg       0.89      0.90      0.88      1447

2025-12-21 21:22:46,656 - [INFO] - ------------------------------------------------------------
2025-12-21 21:22:46,944 - [INFO] - epoch: 5, loss_rrl: 126.5388464499265
2025-12-21 21:22:48,478 - [DEBUG] - y_true: (1447,) [0 0 0 0 0 1 0 0 0 0 0 0 0 0 0 0 0 1 0 0 0 0 0 0 1 0 0 0 0 0 0 0 0 0 0 0 0
 0 1 1 0]
2025-12-21 21:22:48,639 - [DEBUG] - y_rrl_: (1447,) [0 1 0 0 0 1 0 0 0 0 1 0 0 0 0 0 0 1 0 0 0 0 0 0 1 1 0 0 0 0 0 0 1 1 0 0 0
 0 1 0 0]
2025-12-21 21:22:48,640 - [DEBUG] - y_rrl: (1447, 2) [[ 3.8219547  -3.3396707 ]
 [-0.25733742  0.74591666]
 [ 3.5530407  -3.0717106 ]
 [ 3.5530407  -3.0717106 ]
 [ 3.8219547  -3.3396707 ]
 [-0.25733742  0.74591666]
 [ 3.8219547  -3.3396707 ]
 [ 3.5530407  -3.0717106 ]
 [ 3.8219547  -3.3396707 ]
 [ 1.155044   -0.6694313 ]
 [ 0.17170927  0.31586224]
 [ 2.569706   -2.0864167 ]
 [ 3.123994   -2.6416564 ]
 [ 3.5530407  -3.0717106 ]
 [ 2.4711914  -1.9872996 ]
 [ 3.5530407  -3.0717106 ]
 [ 3.5530407  -3.0717106 ]
 [ 0.17170927  0.31586224]
 [ 2.1406593  -1.6563622 ]
 [ 2.3190372  -1.8347477 ]
 [ 3.8219547  -3.3396707 ]
 [ 3.5530407  -3.0717106 ]
 [ 3.8219547  -3.3396707 ]
 [ 3.5530407  -3.0717106 ]
 [-1.1381227   1.6222126 ]
 [-0.25733742  0.74591666]
 [ 1.2535583  -0.7685487 ]
 [ 3.5530407  -3.0717106 ]
 [ 1.9719998  -1.4867593 ]
 [ 3.5530407  -3.0717106 ]
 [ 3.8219547  -3.3396707 ]
 [ 2.9167435  -2.4344049 ]
 [ 0.17170927  0.31586224]
 [ 0.17170927  0.31586224]
 [ 3.8219547  -3.3396707 ]
 [ 3.5530407  -3.0717106 ]
 [ 3.8219547  -3.3396707 ]
 [ 3.5530407  -3.0717106 ]
 [ 0.17170927  0.31586224]
 [ 0.27425873  0.20686466]
 [ 3.5530407  -3.0717106 ]]
2025-12-21 21:22:48,642 - [INFO] - ------------------------------------------------------------
2025-12-21 21:22:48,642 - [INFO] - On Validation Set:
	Accuracy of RRL  Model: 0.8804422944022114
	F1 Score of RRL  Model: 0.7262385814724857
2025-12-21 21:22:48,648 - [INFO] - On Validation Set:
Performance of  RRL Model: 
[[1180  106]
 [  67   94]]
              precision    recall  f1-score   support

           0       0.95      0.92      0.93      1286
           1       0.47      0.58      0.52       161

    accuracy                           0.88      1447
   macro avg       0.71      0.75      0.73      1447
weighted avg       0.89      0.88      0.89      1447

2025-12-21 21:22:48,648 - [INFO] - ------------------------------------------------------------
2025-12-21 21:22:48,687 - [INFO] - epoch: 6, loss_rrl: 124.39522818662226
2025-12-21 21:22:50,354 - [INFO] - epoch: 7, loss_rrl: 123.7340874709189
2025-12-21 21:22:50,596 - [DEBUG] - y_true: (1447,) [0 0 0 0 0 1 0 0 0 0 0 0 0 0 0 0 0 1 0 0 0 0 0 0 1 0 0 0 0 0 0 0 0 0 0 0 0
 0 1 1 0]
2025-12-21 21:22:50,742 - [DEBUG] - y_rrl_: (1447,) [0 1 0 0 0 1 0 0 0 0 0 0 0 0 0 0 0 0 0 0 0 0 0 0 1 1 0 0 0 0 0 0 0 0 0 0 0
 0 0 0 0]
2025-12-21 21:22:50,742 - [DEBUG] - y_rrl: (1447, 2) [[ 3.9585369  -3.4789464 ]
 [-0.28123552  0.7664612 ]
 [ 3.9585369  -3.4789464 ]
 [ 3.9585369  -3.4789464 ]
 [ 3.9585369  -3.4789464 ]
 [-0.83775127  1.3235832 ]
 [ 3.9585369  -3.4789464 ]
 [ 3.9585369  -3.4789464 ]
 [ 3.9585369  -3.4789464 ]
 [ 1.2020334  -0.718199  ]
 [ 0.3812922   0.10347848]
 [ 3.137795   -2.6572683 ]
 [ 3.1083674  -2.6287246 ]
 [ 3.9585369  -3.4789464 ]
 [ 3.6681757  -3.189533  ]
 [ 3.9585369  -3.4789464 ]
 [ 3.14986    -2.6694114 ]
 [ 0.3812922   0.10347848]
 [ 1.9187516  -1.4371642 ]
 [ 1.7849191  -1.3023981 ]
 [ 3.9585369  -3.4789464 ]
 [ 3.9585369  -3.4789464 ]
 [ 3.9585369  -3.4789464 ]
 [ 3.6681757  -3.189533  ]
 [-1.7861587   2.2675304 ]
 [-0.83775127  1.3235832 ]
 [ 1.6314489  -1.1492178 ]
 [ 3.6681757  -3.189533  ]
 [ 2.4441543  -1.9616942 ]
 [ 3.6681757  -3.189533  ]
 [ 3.9585369  -3.4789464 ]
 [ 2.4785595  -1.9979726 ]
 [ 0.3812922   0.10347848]
 [ 0.3812922   0.10347848]
 [ 3.9585369  -3.4789464 ]
 [ 3.9585369  -3.4789464 ]
 [ 3.9585369  -3.4789464 ]
 [ 3.6681757  -3.189533  ]
 [ 0.8059142  -0.32208836]
 [ 0.25362602  0.22574836]
 [ 3.9585369  -3.4789464 ]]
2025-12-21 21:22:50,745 - [INFO] - ------------------------------------------------------------
2025-12-21 21:22:50,745 - [INFO] - On Validation Set:
	Accuracy of RRL  Model: 0.8887353144436766
	F1 Score of RRL  Model: 0.7116220401483933
2025-12-21 21:22:50,751 - [INFO] - On Validation Set:
Performance of  RRL Model: 
[[1210   76]
 [  85   76]]
              precision    recall  f1-score   support

           0       0.93      0.94      0.94      1286
           1       0.50      0.47      0.49       161

    accuracy                           0.89      1447
   macro avg       0.72      0.71      0.71      1447
weighted avg       0.89      0.89      0.89      1447

2025-12-21 21:22:50,751 - [INFO] - ------------------------------------------------------------
2025-12-21 21:22:52,093 - [INFO] - epoch: 8, loss_rrl: 124.19428040459752
2025-12-21 21:22:52,536 - [DEBUG] - y_true: (1447,) [0 0 0 0 0 1 0 0 0 0 0 0 0 0 0 0 0 1 0 0 0 0 0 0 1 0 0 0 0 0 0 0 0 0 0 0 0
 0 1 1 0]
2025-12-21 21:22:52,684 - [DEBUG] - y_rrl_: (1447,) [0 0 0 0 0 0 0 0 0 0 0 0 0 0 0 0 0 0 0 0 0 0 0 0 0 0 0 0 0 0 0 0 0 0 0 0 0
 0 0 0 0]
2025-12-21 21:22:52,684 - [DEBUG] - y_rrl: (1447, 2) [[ 7.217008   -6.7413297 ]
 [ 2.62199    -2.139793  ]
 [ 6.5548673  -6.0785885 ]
 [ 6.5548673  -6.0785885 ]
 [ 7.217008   -6.7413297 ]
 [ 1.9598489  -1.4770508 ]
 [ 7.217008   -6.7413297 ]
 [ 7.217008   -6.7413297 ]
 [ 7.217008   -6.7413297 ]
 [ 4.0503874  -3.5705101 ]
 [ 2.6405802  -2.1587737 ]
 [ 5.8072014  -5.3295937 ]
 [ 6.536277   -6.0596075 ]
 [ 7.217008   -6.7413297 ]
 [ 7.217008   -6.7413297 ]
 [ 7.217008   -6.7413297 ]
 [ 7.217008   -6.7413297 ]
 [ 2.6405802  -2.1587737 ]
 [ 5.12647    -4.6478715 ]
 [ 5.8072014  -5.3295937 ]
 [ 7.217008   -6.7413297 ]
 [ 7.217008   -6.7413297 ]
 [ 7.217008   -6.7413297 ]
 [ 7.217008   -6.7413297 ]
 [ 1.4204285  -0.93843997]
 [ 1.9598489  -1.4770508 ]
 [ 4.0581355  -3.578843  ]
 [ 7.217008   -6.7413297 ]
 [ 5.8072014  -5.3295937 ]
 [ 7.217008   -6.7413297 ]
 [ 7.217008   -6.7413297 ]
 [ 5.8072014  -5.3295937 ]
 [ 2.6405802  -2.1587737 ]
 [ 2.6405802  -2.1587737 ]
 [ 7.217008   -6.7413297 ]
 [ 7.217008   -6.7413297 ]
 [ 7.217008   -6.7413297 ]
 [ 7.217008   -6.7413297 ]
 [ 2.6405802  -2.1587737 ]
 [ 3.5109665  -3.0318992 ]
 [ 7.217008   -6.7413297 ]]
2025-12-21 21:22:52,686 - [INFO] - ------------------------------------------------------------
2025-12-21 21:22:52,686 - [INFO] - On Validation Set:
	Accuracy of RRL  Model: 0.8887353144436766
	F1 Score of RRL  Model: 0.47054518843761434
2025-12-21 21:22:52,692 - [INFO] - On Validation Set:
Performance of  RRL Model: 
[[1286    0]
 [ 161    0]]
              precision    recall  f1-score   support

           0       0.89      1.00      0.94      1286
           1       0.00      0.00      0.00       161

    accuracy                           0.89      1447
   macro avg       0.44      0.50      0.47      1447
weighted avg       0.79      0.89      0.84      1447

2025-12-21 21:22:52,692 - [INFO] - ------------------------------------------------------------
2025-12-21 21:22:53,673 - [INFO] - epoch: 9, loss_rrl: 123.98661268502474
2025-12-21 21:22:54,357 - [DEBUG] - y_true: (1447,) [0 0 0 0 0 1 0 0 0 0 0 0 0 0 0 0 0 1 0 0 0 0 0 0 1 0 0 0 0 0 0 0 0 0 0 0 0
 0 1 1 0]
2025-12-21 21:22:54,503 - [DEBUG] - y_rrl_: (1447,) [0 0 0 0 0 1 0 0 0 0 1 0 0 0 0 0 0 1 0 0 0 0 0 0 1 1 0 0 0 0 0 0 1 1 0 0 0
 0 1 0 0]
2025-12-21 21:22:54,504 - [DEBUG] - y_rrl: (1447, 2) [[ 4.959064   -4.4866486 ]
 [ 0.31305107  0.16582403]
 [ 4.4380345  -3.965627  ]
 [ 4.4380345  -3.965627  ]
 [ 4.959064   -4.4866486 ]
 [-0.97400576  1.4534668 ]
 [ 4.959064   -4.4866486 ]
 [ 4.4380345  -3.965627  ]
 [ 4.959064   -4.4866486 ]
 [ 0.9431949  -0.46663707]
 [-0.17616662  0.6546464 ]
 [ 3.3186727  -2.8443432 ]
 [ 3.5836077  -3.1092818 ]
 [ 4.959064   -4.4866486 ]
 [ 4.193037   -3.7200277 ]
 [ 4.381447   -3.9081023 ]
 [ 3.3738072  -2.9005635 ]
 [-0.17616662  0.6546464 ]
 [ 2.5208335  -2.0455227 ]
 [ 3.137889   -2.6625957 ]
 [ 4.959064   -4.4866486 ]
 [ 4.959064   -4.4866486 ]
 [ 4.959064   -4.4866486 ]
 [ 4.959064   -4.4866486 ]
 [-1.5434483   2.0221055 ]
 [-0.97400576  1.4534668 ]
 [ 1.8692913  -1.39329   ]
 [ 4.959064   -4.4866486 ]
 [ 3.0813012  -2.6050715 ]
 [ 4.4380345  -3.965627  ]
 [ 4.959064   -4.4866486 ]
 [ 3.8962905  -3.4228897 ]
 [-0.17616662  0.6546464 ]
 [-0.17616662  0.6546464 ]
 [ 4.959064   -4.4866486 ]
 [ 4.959064   -4.4866486 ]
 [ 4.959064   -4.4866486 ]
 [ 4.959064   -4.4866486 ]
 [-0.17616662  0.6546464 ]
 [ 0.3171648   0.15952653]
 [ 4.4380345  -3.965627  ]]
2025-12-21 21:22:54,506 - [INFO] - ------------------------------------------------------------
2025-12-21 21:22:54,506 - [INFO] - On Validation Set:
	Accuracy of RRL  Model: 0.8852798894263995
	F1 Score of RRL  Model: 0.7302313566936208
2025-12-21 21:22:54,511 - [INFO] - On Validation Set:
Performance of  RRL Model: 
[[1189   97]
 [  69   92]]
              precision    recall  f1-score   support

           0       0.95      0.92      0.93      1286
           1       0.49      0.57      0.53       161

    accuracy                           0.89      1447
   macro avg       0.72      0.75      0.73      1447
weighted avg       0.89      0.89      0.89      1447

2025-12-21 21:22:54,511 - [INFO] - ------------------------------------------------------------
2025-12-21 21:22:55,287 - [INFO] - epoch: 10, loss_rrl: 124.29183954373002
2025-12-21 21:22:56,203 - [DEBUG] - y_true: (1447,) [0 0 0 0 0 1 0 0 0 0 0 0 0 0 0 0 0 1 0 0 0 0 0 0 1 0 0 0 0 0 0 0 0 0 0 0 0
 0 1 1 0]
2025-12-21 21:22:56,354 - [DEBUG] - y_rrl_: (1447,) [0 0 0 0 0 1 0 0 0 0 0 0 0 0 0 0 0 0 0 0 0 0 0 0 1 1 0 0 0 0 0 0 0 0 0 0 0
 0 0 0 0]
2025-12-21 21:22:56,355 - [DEBUG] - y_rrl: (1447, 2) [[ 5.5098643  -5.041043  ]
 [ 1.1382166  -0.66488236]
 [ 4.9176116  -4.448798  ]
 [ 4.9176116  -4.448798  ]
 [ 5.5098643  -5.041043  ]
 [-0.32281274  0.7967254 ]
 [ 5.5098643  -5.041043  ]
 [ 4.9176116  -4.448798  ]
 [ 5.5098643  -5.041043  ]
 [ 1.8604258  -1.3893893 ]
 [ 0.5741002  -0.10115713]
 [ 3.6312861  -3.1605673 ]
 [ 4.6129513  -4.1431603 ]
 [ 5.5098643  -5.041043  ]
 [ 5.5098643  -5.041043  ]
 [ 5.5098643  -5.041043  ]
 [ 2.7292027  -2.2587514 ]
 [ 0.5741002  -0.10115713]
 [ 3.6312861  -3.1605673 ]
 [ 3.6312861  -3.1605673 ]
 [ 5.5098643  -5.041043  ]
 [ 5.5098643  -5.041043  ]
 [ 5.5098643  -5.041043  ]
 [ 5.5098643  -5.041043  ]
 [-1.6421324   2.1171193 ]
 [-0.32281274  0.7967254 ]
 [ 4.223539   -3.752812  ]
 [ 5.5098643  -5.041043  ]
 [ 4.223539   -3.752812  ]
 [ 4.9176116  -4.448798  ]
 [ 5.5098643  -5.041043  ]
 [ 3.6312861  -3.1605673 ]
 [ 0.5741002  -0.10115713]
 [ 0.5741002  -0.10115713]
 [ 5.5098643  -5.041043  ]
 [ 5.5098643  -5.041043  ]
 [ 5.5098643  -5.041043  ]
 [ 5.5098643  -5.041043  ]
 [ 0.5741002  -0.10115713]
 [ 1.1333587  -0.6612398 ]
 [ 4.9176116  -4.448798  ]]
2025-12-21 21:22:56,357 - [INFO] - ------------------------------------------------------------
2025-12-21 21:22:56,357 - [INFO] - On Validation Set:
	Accuracy of RRL  Model: 0.9004837595024188
	F1 Score of RRL  Model: 0.7097453613417284
2025-12-21 21:22:56,363 - [INFO] - On Validation Set:
Performance of  RRL Model: 
[[1238   48]
 [  96   65]]
              precision    recall  f1-score   support

           0       0.93      0.96      0.95      1286
           1       0.58      0.40      0.47       161

    accuracy                           0.90      1447
   macro avg       0.75      0.68      0.71      1447
weighted avg       0.89      0.90      0.89      1447

2025-12-21 21:22:56,363 - [INFO] - ------------------------------------------------------------
2025-12-21 21:22:56,891 - [INFO] - epoch: 11, loss_rrl: 123.55787782743573
2025-12-21 21:22:58,039 - [DEBUG] - y_true: (1447,) [0 0 0 0 0 1 0 0 0 0 0 0 0 0 0 0 0 1 0 0 0 0 0 0 1 0 0 0 0 0 0 0 0 0 0 0 0
 0 1 1 0]
2025-12-21 21:22:58,191 - [DEBUG] - y_rrl_: (1447,) [0 0 0 0 0 0 0 0 0 0 0 0 0 0 0 0 0 0 0 0 0 0 0 0 1 0 0 0 0 0 0 0 0 0 0 0 0
 0 0 0 0]
2025-12-21 21:22:58,192 - [DEBUG] - y_rrl: (1447, 2) [[ 7.003516   -6.5386443 ]
 [ 0.5871849  -0.11728986]
 [ 5.400244   -4.934804  ]
 [ 5.400244   -4.934804  ]
 [ 7.003516   -6.5386443 ]
 [ 1.592422   -1.1234827 ]
 [ 7.003516   -6.5386443 ]
 [ 6.3600864  -5.895223  ]
 [ 7.003516   -6.5386443 ]
 [ 3.0249941  -2.5579402 ]
 [ 1.592422   -1.1234827 ]
 [ 4.9275146  -4.4607654 ]
 [ 5.656621   -5.190784  ]
 [ 5.656621   -5.190784  ]
 [ 4.696779   -4.230365  ]
 [ 5.656621   -5.190784  ]
 [ 6.3600864  -5.895223  ]
 [ 1.592422   -1.1234827 ]
 [ 4.9275146  -4.4607654 ]
 [ 4.9275146  -4.4607654 ]
 [ 7.003516   -6.5386443 ]
 [ 5.656621   -5.190784  ]
 [ 7.003516   -6.5386443 ]
 [ 5.656621   -5.190784  ]
 [-0.7741548   1.2451081 ]
 [ 1.592422   -1.1234827 ]
 [ 3.6513808  -3.183821  ]
 [ 5.656621   -5.190784  ]
 [ 4.9275146  -4.4607654 ]
 [ 6.3600864  -5.895223  ]
 [ 7.003516   -6.5386443 ]
 [ 4.9275146  -4.4607654 ]
 [ 1.592422   -1.1234827 ]
 [ 1.592422   -1.1234827 ]
 [ 7.003516   -6.5386443 ]
 [ 6.3600864  -5.895223  ]
 [ 7.003516   -6.5386443 ]
 [ 5.656621   -5.190784  ]
 [ 1.592422   -1.1234827 ]
 [ 0.96018887 -0.49110353]
 [ 6.3600864  -5.895223  ]]
2025-12-21 21:22:58,194 - [INFO] - ------------------------------------------------------------
2025-12-21 21:22:58,194 - [INFO] - On Validation Set:
	Accuracy of RRL  Model: 0.9046302695231514
	F1 Score of RRL  Model: 0.6457206727698531
2025-12-21 21:22:58,200 - [INFO] - On Validation Set:
Performance of  RRL Model: 
[[1273   13]
 [ 125   36]]
              precision    recall  f1-score   support

           0       0.91      0.99      0.95      1286
           1       0.73      0.22      0.34       161

    accuracy                           0.90      1447
   macro avg       0.82      0.61      0.65      1447
weighted avg       0.89      0.90      0.88      1447

2025-12-21 21:22:58,200 - [INFO] - ------------------------------------------------------------
2025-12-21 21:22:58,511 - [INFO] - epoch: 12, loss_rrl: 121.58515228331089
2025-12-21 21:22:59,954 - [DEBUG] - y_true: (1447,) [0 0 0 0 0 1 0 0 0 0 0 0 0 0 0 0 0 1 0 0 0 0 0 0 1 0 0 0 0 0 0 0 0 0 0 0 0
 0 1 1 0]
2025-12-21 21:23:00,107 - [DEBUG] - y_rrl_: (1447,) [0 1 0 0 0 1 0 0 0 0 1 0 0 0 0 0 0 1 0 0 0 0 0 0 1 1 0 0 0 0 0 0 1 1 0 0 0
 0 1 1 0]
2025-12-21 21:23:00,108 - [DEBUG] - y_rrl: (1447, 2) [[ 5.8798566e+00 -5.4192944e+00]
 [-4.3410689e-01  8.9962405e-01]
 [ 4.1484227e+00 -3.6873007e+00]
 [ 4.1484227e+00 -3.6873007e+00]
 [ 5.8798566e+00 -5.4192944e+00]
 [ 4.1710623e-03  4.6039751e-01]
 [ 5.8798566e+00 -5.4192944e+00]
 [ 5.1931062e+00 -4.7325516e+00]
 [ 5.8798566e+00 -5.4192944e+00]
 [ 1.5847049e+00 -1.1219996e+00]
 [ 4.1710623e-03  4.6039751e-01]
 [ 3.6125724e+00 -3.1501553e+00]
 [ 5.1050119e+00 -4.6434870e+00]
 [ 5.1050119e+00 -4.6434870e+00]
 [ 4.0603285e+00 -3.5982361e+00]
 [ 5.1050119e+00 -4.6434870e+00]
 [ 5.1931062e+00 -4.7325516e+00]
 [ 4.1710623e-03  4.6039751e-01]
 [ 3.6125724e+00 -3.1501553e+00]
 [ 3.3735778e+00 -2.9114935e+00]
 [ 5.8798566e+00 -5.4192944e+00]
 [ 5.1050119e+00 -4.6434870e+00]
 [ 5.8798566e+00 -5.4192944e+00]
 [ 5.1050119e+00 -4.6434870e+00]
 [-2.5190914e+00  2.9856422e+00]
 [ 4.1710623e-03  4.6039751e-01]
 [ 1.7356051e+00 -1.2715971e+00]
 [ 5.1050119e+00 -4.6434870e+00]
 [ 3.2546403e+00 -2.7916462e+00]
 [ 5.1931062e+00 -4.7325516e+00]
 [ 5.8798566e+00 -5.4192944e+00]
 [ 4.4182615e+00 -3.9567442e+00]
 [ 4.1710623e-03  4.6039751e-01]
 [ 4.1710623e-03  4.6039751e-01]
 [ 5.8798566e+00 -5.4192944e+00]
 [ 5.8798566e+00 -5.4192944e+00]
 [ 5.8798566e+00 -5.4192944e+00]
 [ 5.1050119e+00 -4.6434870e+00]
 [ 4.1710623e-03  4.6039751e-01]
 [ 9.8376259e-02  3.6634031e-01]
 [ 5.1931062e+00 -4.7325516e+00]]
2025-12-21 21:23:00,110 - [INFO] - ------------------------------------------------------------
2025-12-21 21:23:00,110 - [INFO] - On Validation Set:
	Accuracy of RRL  Model: 0.8762957843814789
	F1 Score of RRL  Model: 0.7232864653276113
2025-12-21 21:23:00,116 - [INFO] - On Validation Set:
Performance of  RRL Model: 
[[1172  114]
 [  65   96]]
              precision    recall  f1-score   support

           0       0.95      0.91      0.93      1286
           1       0.46      0.60      0.52       161

    accuracy                           0.88      1447
   macro avg       0.70      0.75      0.72      1447
weighted avg       0.89      0.88      0.88      1447

2025-12-21 21:23:00,116 - [INFO] - ------------------------------------------------------------
2025-12-21 21:23:00,185 - [INFO] - epoch: 13, loss_rrl: 120.919786285609
2025-12-21 21:23:01,694 - [INFO] - epoch: 14, loss_rrl: 120.33678278885782
2025-12-21 21:23:01,903 - [DEBUG] - y_true: (1447,) [0 0 0 0 0 1 0 0 0 0 0 0 0 0 0 0 0 1 0 0 0 0 0 0 1 0 0 0 0 0 0 0 0 0 0 0 0
 0 1 1 0]
2025-12-21 21:23:02,056 - [DEBUG] - y_rrl_: (1447,) [0 1 0 0 0 1 0 0 0 0 0 0 0 0 0 0 0 0 0 0 0 0 0 0 1 1 0 0 0 0 0 0 0 0 0 0 0
 0 0 1 0]
2025-12-21 21:23:02,056 - [DEBUG] - y_rrl: (1447, 2) [[ 6.577745   -6.121869  ]
 [-0.989369    1.4501096 ]
 [ 4.70443    -4.248005  ]
 [ 4.70443    -4.248005  ]
 [ 6.577745   -6.121869  ]
 [-0.989369    1.4501096 ]
 [ 6.577745   -6.121869  ]
 [ 5.8407664  -5.384898  ]
 [ 6.577745   -6.121869  ]
 [ 1.9638108  -1.5058354 ]
 [ 0.24159868  0.21821666]
 [ 4.1185546  -3.6608472 ]
 [ 3.765932   -3.3081884 ]
 [ 4.9968996  -4.5400815 ]
 [ 4.9968996  -4.5400815 ]
 [ 4.9968996  -4.5400815 ]
 [ 3.100147   -2.64273   ]
 [ 0.24159868  0.21821666]
 [ 4.1185546  -3.6608472 ]
 [ 4.1185546  -3.6608472 ]
 [ 6.577745   -6.121869  ]
 [ 4.9968996  -4.5400815 ]
 [ 6.577745   -6.121869  ]
 [ 4.9968996  -4.5400815 ]
 [-2.4498665   2.9116335 ]
 [-0.989369    1.4501096 ]
 [ 2.6418333  -2.1833498 ]
 [ 4.9968996  -4.5400815 ]
 [ 4.1185546  -3.6608472 ]
 [ 5.8407664  -5.384898  ]
 [ 6.577745   -6.121869  ]
 [ 4.1185546  -3.6608472 ]
 [ 0.24159868  0.21821666]
 [ 0.24159868  0.21821666]
 [ 6.577745   -6.121869  ]
 [ 5.8407664  -5.384898  ]
 [ 6.577745   -6.121869  ]
 [ 4.9968996  -4.5400815 ]
 [ 1.1199437  -0.6610189 ]
 [-0.34055382  0.8005046 ]
 [ 5.8407664  -5.384898  ]]
2025-12-21 21:23:02,058 - [INFO] - ------------------------------------------------------------
2025-12-21 21:23:02,058 - [INFO] - On Validation Set:
	Accuracy of RRL  Model: 0.889426399447132
	F1 Score of RRL  Model: 0.7042351402174801
2025-12-21 21:23:02,064 - [INFO] - On Validation Set:
Performance of  RRL Model: 
[[1216   70]
 [  90   71]]
              precision    recall  f1-score   support

           0       0.93      0.95      0.94      1286
           1       0.50      0.44      0.47       161

    accuracy                           0.89      1447
   macro avg       0.72      0.69      0.70      1447
weighted avg       0.88      0.89      0.89      1447

2025-12-21 21:23:02,064 - [INFO] - ------------------------------------------------------------
2025-12-21 21:23:03,351 - [INFO] - epoch: 15, loss_rrl: 119.73891025595367
2025-12-21 21:23:03,770 - [DEBUG] - y_true: (1447,) [0 0 0 0 0 1 0 0 0 0 0 0 0 0 0 0 0 1 0 0 0 0 0 0 1 0 0 0 0 0 0 0 0 0 0 0 0
 0 1 1 0]
2025-12-21 21:23:03,922 - [DEBUG] - y_rrl_: (1447,) [0 0 0 0 0 0 0 0 0 0 0 0 0 0 0 0 0 0 0 0 0 0 0 0 0 0 0 0 0 0 0 0 0 0 0 0 0
 0 0 0 0]
2025-12-21 21:23:03,923 - [DEBUG] - y_rrl: (1447, 2) [[ 11.031913  -10.581074 ]
 [  3.6816037  -3.2259786]
 [ 10.259149   -9.808318 ]
 [ 10.259149   -9.808318 ]
 [ 11.031913  -10.581074 ]
 [  2.1046805  -1.6472917]
 [ 11.031913  -10.581074 ]
 [ 10.259149   -9.808318 ]
 [ 11.031913  -10.581074 ]
 [  5.286269   -4.831601 ]
 [  3.4351218  -2.9786377]
 [  8.408001   -7.9553533]
 [ 10.124137   -9.672359 ]
 [ 10.124137   -9.672359 ]
 [  8.879019   -8.426694 ]
 [ 10.124137   -9.672359 ]
 [ 10.259149   -9.808318 ]
 [  3.4351218  -2.9786377]
 [  7.0775595  -6.624007 ]
 [  9.351373   -8.899604 ]
 [ 11.031913  -10.581074 ]
 [ 10.124137   -9.672359 ]
 [ 11.031913  -10.581074 ]
 [ 10.124137   -9.672359 ]
 [  1.4026598  -0.9460317]
 [  2.1046805  -1.6472917]
 [  6.2571626  -5.8029885]
 [ 10.124137   -9.672359 ]
 [  9.180765   -8.728108 ]
 [ 10.259149   -9.808318 ]
 [ 11.031913  -10.581074 ]
 [  9.351373   -8.899604 ]
 [  3.4351218  -2.9786377]
 [  3.4351218  -2.9786377]
 [ 11.031913  -10.581074 ]
 [ 11.031913  -10.581074 ]
 [ 11.031913  -10.581074 ]
 [ 10.124137   -9.672359 ]
 [  3.4351218  -2.9786377]
 [  4.449236   -3.9943836]
 [ 10.259149   -9.808318 ]]
2025-12-21 21:23:03,925 - [INFO] - ------------------------------------------------------------
2025-12-21 21:23:03,925 - [INFO] - On Validation Set:
	Accuracy of RRL  Model: 0.8887353144436766
	F1 Score of RRL  Model: 0.47054518843761434
2025-12-21 21:23:03,930 - [INFO] - On Validation Set:
Performance of  RRL Model: 
[[1286    0]
 [ 161    0]]
              precision    recall  f1-score   support

           0       0.89      1.00      0.94      1286
           1       0.00      0.00      0.00       161

    accuracy                           0.89      1447
   macro avg       0.44      0.50      0.47      1447
weighted avg       0.79      0.89      0.84      1447

2025-12-21 21:23:03,930 - [INFO] - ------------------------------------------------------------
2025-12-21 21:23:04,961 - [INFO] - epoch: 16, loss_rrl: 119.7233266774565
2025-12-21 21:23:05,610 - [DEBUG] - y_true: (1447,) [0 0 0 0 0 1 0 0 0 0 0 0 0 0 0 0 0 1 0 0 0 0 0 0 1 0 0 0 0 0 0 0 0 0 0 0 0
 0 1 1 0]
2025-12-21 21:23:05,763 - [DEBUG] - y_rrl_: (1447,) [0 1 0 0 0 1 0 0 0 0 1 0 0 0 0 0 0 1 0 0 0 0 0 0 1 1 0 0 0 0 0 0 1 1 0 0 0
 0 1 1 0]
2025-12-21 21:23:05,764 - [DEBUG] - y_rrl: (1447, 2) [[ 7.058936   -6.613401  ]
 [-0.70240015  1.152622  ]
 [ 6.254505   -5.808977  ]
 [ 6.254505   -5.808977  ]
 [ 7.058936   -6.613401  ]
 [-1.5068308   1.9570453 ]
 [ 7.058936   -6.613401  ]
 [ 6.254505   -5.808977  ]
 [ 7.058936   -6.613401  ]
 [ 1.8568381  -1.4092988 ]
 [-0.09293811  0.5422672 ]
 [ 4.3047295  -3.857412  ]
 [ 6.09901    -5.6525497 ]
 [ 6.09901    -5.6525497 ]
 [ 4.762256   -4.315262  ]
 [ 6.09901    -5.6525497 ]
 [ 6.254505   -5.808977  ]
 [-0.09293811  0.5422672 ]
 [ 2.8908362  -2.442634  ]
 [ 1.5779477  -1.1293592 ]
 [ 7.058936   -6.613401  ]
 [ 6.09901    -5.6525497 ]
 [ 7.058936   -6.613401  ]
 [ 6.09901    -5.6525497 ]
 [-3.0363731   3.4875786 ]
 [-1.5068308   1.9570453 ]
 [ 3.4382737  -2.9902093 ]
 [ 6.09901    -5.6525497 ]
 [ 2.3823783  -1.9337823 ]
 [ 6.254505   -5.808977  ]
 [ 7.058936   -6.613401  ]
 [ 5.294579   -4.848126  ]
 [-0.09293811  0.5422672 ]
 [-0.09293811  0.5422672 ]
 [ 7.058936   -6.613401  ]
 [ 7.058936   -6.613401  ]
 [ 7.058936   -6.613401  ]
 [ 6.09901    -5.6525497 ]
 [-0.09293811  0.5422672 ]
 [ 0.17180051  0.27766225]
 [ 6.254505   -5.808977  ]]
2025-12-21 21:23:05,766 - [INFO] - ------------------------------------------------------------
2025-12-21 21:23:05,766 - [INFO] - On Validation Set:
	Accuracy of RRL  Model: 0.8866620594333103
	F1 Score of RRL  Model: 0.7470560145984156
2025-12-21 21:23:05,771 - [INFO] - On Validation Set:
Performance of  RRL Model: 
[[1179  107]
 [  57  104]]
              precision    recall  f1-score   support

           0       0.95      0.92      0.93      1286
           1       0.49      0.65      0.56       161

    accuracy                           0.89      1447
   macro avg       0.72      0.78      0.75      1447
weighted avg       0.90      0.89      0.89      1447

2025-12-21 21:23:05,771 - [INFO] - ------------------------------------------------------------
2025-12-21 21:23:06,555 - [INFO] - epoch: 17, loss_rrl: 118.76352764852345
2025-12-21 21:23:07,421 - [DEBUG] - y_true: (1447,) [0 0 0 0 0 1 0 0 0 0 0 0 0 0 0 0 0 1 0 0 0 0 0 0 1 0 0 0 0 0 0 0 0 0 0 0 0
 0 1 1 0]
2025-12-21 21:23:07,579 - [DEBUG] - y_rrl_: (1447,) [0 0 0 0 0 1 0 0 0 0 1 0 0 0 0 0 0 1 0 0 0 0 0 0 1 1 0 0 0 0 0 0 1 1 0 0 0
 0 1 0 0]
2025-12-21 21:23:07,579 - [DEBUG] - y_rrl: (1447, 2) [[ 7.9940634  -7.5541863 ]
 [ 1.2680495  -0.8243045 ]
 [ 7.1455116  -6.7056427 ]
 [ 7.1455116  -6.7056427 ]
 [ 7.9940634  -7.5541863 ]
 [-1.6914374   2.1351516 ]
 [ 7.9940634  -7.5541863 ]
 [ 7.1455116  -6.7056427 ]
 [ 7.9940634  -7.5541863 ]
 [ 1.8246006  -1.383512  ]
 [-0.21892849  0.6617813 ]
 [ 5.101982   -4.6603503 ]
 [ 6.9851227  -6.544336  ]
 [ 6.9851227  -6.544336  ]
 [ 6.9851227  -6.544336  ]
 [ 6.9851227  -6.544336  ]
 [ 5.034576   -4.5947304 ]
 [-0.21892849  0.6617813 ]
 [ 4.4265428  -3.9856524 ]
 [ 5.101982   -4.6603503 ]
 [ 7.9940634  -7.5541863 ]
 [ 6.9851227  -6.544336  ]
 [ 7.9940634  -7.5541863 ]
 [ 6.9851227  -6.544336  ]
 [-2.568557    3.0139894 ]
 [-1.6914374   2.1351516 ]
 [ 4.175425   -3.7330642 ]
 [ 6.9851227  -6.544336  ]
 [ 5.9505334  -5.5088935 ]
 [ 7.1455116  -6.7056427 ]
 [ 7.9940634  -7.5541863 ]
 [ 6.1365714  -5.695792  ]
 [-0.21892849  0.6617813 ]
 [-0.21892849  0.6617813 ]
 [ 7.9940634  -7.5541863 ]
 [ 7.9940634  -7.5541863 ]
 [ 7.9940634  -7.5541863 ]
 [ 6.9851227  -6.544336  ]
 [-0.21892849  0.6617813 ]
 [ 0.7870924  -0.34336665]
 [ 7.1455116  -6.7056427 ]]
2025-12-21 21:23:07,581 - [INFO] - ------------------------------------------------------------
2025-12-21 21:23:07,582 - [INFO] - On Validation Set:
	Accuracy of RRL  Model: 0.8790601243953006
	F1 Score of RRL  Model: 0.7319306603149398
2025-12-21 21:23:07,590 - [INFO] - On Validation Set:
Performance of  RRL Model: 
[[1172  114]
 [  61  100]]
              precision    recall  f1-score   support

           0       0.95      0.91      0.93      1286
           1       0.47      0.62      0.53       161

    accuracy                           0.88      1447
   macro avg       0.71      0.77      0.73      1447
weighted avg       0.90      0.88      0.89      1447

2025-12-21 21:23:07,590 - [INFO] - ------------------------------------------------------------
2025-12-21 21:23:08,339 - [INFO] - epoch: 18, loss_rrl: 118.27960857190192
2025-12-21 21:23:09,600 - [DEBUG] - y_true: (1447,) [0 0 0 0 0 1 0 0 0 0 0 0 0 0 0 0 0 1 0 0 0 0 0 0 1 0 0 0 0 0 0 0 0 0 0 0 0
 0 1 1 0]
2025-12-21 21:23:09,762 - [DEBUG] - y_rrl_: (1447,) [0 1 0 0 0 0 0 0 0 0 0 0 0 0 0 0 0 0 0 0 0 0 0 0 1 0 0 0 0 0 0 0 0 0 0 0 0
 0 0 0 0]
2025-12-21 21:23:09,763 - [DEBUG] - y_rrl: (1447, 2) [[ 9.543531   -9.109635  ]
 [ 0.18789664  0.2504695 ]
 [ 7.138889   -6.7044907 ]
 [ 8.012028   -7.5776224 ]
 [ 9.543531   -9.109635  ]
 [ 1.0521282  -0.6153292 ]
 [ 9.543531   -9.109635  ]
 [ 8.670392   -8.236503  ]
 [ 9.543531   -9.109635  ]
 [ 4.0386834  -3.6036117 ]
 [ 1.0521282  -0.6153292 ]
 [ 7.430116   -6.9944835 ]
 [ 7.6292253  -7.1944375 ]
 [ 7.6292253  -7.1944375 ]
 [ 6.0977216  -5.6624255 ]
 [ 7.6292253  -7.1944375 ]
 [ 7.9901357  -7.5569763 ]
 [ 1.0521282  -0.6153292 ]
 [ 5.87672    -5.4418263 ]
 [ 5.9799504  -5.5436187 ]
 [ 9.543531   -9.109635  ]
 [ 7.6292253  -7.1944375 ]
 [ 9.543531   -9.109635  ]
 [ 7.6292253  -7.1944375 ]
 [-1.4067403   1.846068  ]
 [ 1.0521282  -0.6153292 ]
 [ 7.430116   -6.9944835 ]
 [ 8.502364   -8.06757   ]
 [ 5.9799504  -5.5436187 ]
 [ 8.670392   -8.236503  ]
 [ 9.543531   -9.109635  ]
 [ 8.502364   -8.06757   ]
 [ 1.0521282  -0.6153292 ]
 [ 1.0521282  -0.6153292 ]
 [ 9.543531   -9.109635  ]
 [ 9.543531   -9.109635  ]
 [ 9.543531   -9.109635  ]
 [ 7.6292253  -7.1944375 ]
 [ 1.0521282  -0.6153292 ]
 [ 1.2099966  -0.77234334]
 [ 8.670392   -8.236503  ]]
2025-12-21 21:23:09,765 - [INFO] - ------------------------------------------------------------
2025-12-21 21:23:09,765 - [INFO] - On Validation Set:
	Accuracy of RRL  Model: 0.9046302695231514
	F1 Score of RRL  Model: 0.6766658462654473
2025-12-21 21:23:09,771 - [INFO] - On Validation Set:
Performance of  RRL Model: 
[[1262   24]
 [ 114   47]]
              precision    recall  f1-score   support

           0       0.92      0.98      0.95      1286
           1       0.66      0.29      0.41       161

    accuracy                           0.90      1447
   macro avg       0.79      0.64      0.68      1447
weighted avg       0.89      0.90      0.89      1447

2025-12-21 21:23:09,771 - [INFO] - ------------------------------------------------------------
2025-12-21 21:23:10,132 - [INFO] - epoch: 19, loss_rrl: 118.21707558073103
2025-12-21 21:23:11,648 - [DEBUG] - y_true: (1447,) [0 0 0 0 0 1 0 0 0 0 0 0 0 0 0 0 0 1 0 0 0 0 0 0 1 0 0 0 0 0 0 0 0 0 0 0 0
 0 1 1 0]
2025-12-21 21:23:11,811 - [DEBUG] - y_rrl_: (1447,) [0 1 0 0 0 1 0 0 0 0 1 0 0 0 0 0 0 1 0 0 0 0 0 0 1 1 0 0 0 0 0 0 1 1 0 0 0
 0 1 0 0]
2025-12-21 21:23:11,811 - [DEBUG] - y_rrl: (1447, 2) [[ 8.308109   -7.8792567 ]
 [-0.43624046  0.8694902 ]
 [ 5.844043   -5.4146976 ]
 [ 6.7181463  -6.2887936 ]
 [ 8.308109   -7.8792567 ]
 [-0.33875653  0.77046007]
 [ 8.308109   -7.8792567 ]
 [ 7.434006   -7.0051603 ]
 [ 8.308109   -7.8792567 ]
 [ 2.7141097  -2.2841127 ]
 [-0.33875653  0.77046007]
 [ 6.1293473  -5.698778  ]
 [ 7.233018   -6.8032775 ]
 [ 8.308109   -7.8792567 ]
 [ 6.7181463  -6.2887936 ]
 [ 7.233018   -6.8032775 ]
 [ 6.770809   -6.342685  ]
 [-0.33875653  0.77046007]
 [ 5.6957173  -5.266706  ]
 [ 5.743368   -5.3130026 ]
 [ 8.308109   -7.8792567 ]
 [ 8.308109   -7.8792567 ]
 [ 8.308109   -7.8792567 ]
 [ 8.308109   -7.8792567 ]
 [-2.913686    3.3478768 ]
 [-0.33875653  0.77046007]
 [ 4.2495785  -3.8183272 ]
 [ 8.308109   -7.8792567 ]
 [ 4.6682763  -4.2370234 ]
 [ 7.434006   -7.0051603 ]
 [ 8.308109   -7.8792567 ]
 [ 7.204439   -6.7747574 ]
 [-0.33875653  0.77046007]
 [-0.33875653  0.77046007]
 [ 8.308109   -7.8792567 ]
 [ 8.308109   -7.8792567 ]
 [ 8.308109   -7.8792567 ]
 [ 8.308109   -7.8792567 ]
 [-0.33875653  0.77046007]
 [ 0.6988728  -0.26631874]
 [ 7.434006   -7.0051603 ]]
2025-12-21 21:23:11,813 - [INFO] - ------------------------------------------------------------
2025-12-21 21:23:11,813 - [INFO] - On Validation Set:
	Accuracy of RRL  Model: 0.8928818244644091
	F1 Score of RRL  Model: 0.7239178468337057
2025-12-21 21:23:11,819 - [INFO] - On Validation Set:
Performance of  RRL Model: 
[[1212   74]
 [  81   80]]
              precision    recall  f1-score   support

           0       0.94      0.94      0.94      1286
           1       0.52      0.50      0.51       161

    accuracy                           0.89      1447
   macro avg       0.73      0.72      0.72      1447
weighted avg       0.89      0.89      0.89      1447

2025-12-21 21:23:11,819 - [INFO] - ------------------------------------------------------------
2025-12-21 21:23:11,926 - [INFO] - epoch: 20, loss_rrl: 117.12603981792927
2025-12-21 21:23:13,489 - [INFO] - epoch: 21, loss_rrl: 117.32728452049196
2025-12-21 21:23:13,652 - [DEBUG] - y_true: (1447,) [0 0 0 0 0 1 0 0 0 0 0 0 0 0 0 0 0 1 0 0 0 0 0 0 1 0 0 0 0 0 0 0 0 0 0 0 0
 0 1 1 0]
2025-12-21 21:23:13,814 - [DEBUG] - y_rrl_: (1447,) [0 1 0 0 0 1 0 0 0 0 1 0 0 0 0 0 0 1 0 0 0 0 0 0 1 1 0 0 0 0 0 0 1 1 0 0 0
 0 0 1 0]
2025-12-21 21:23:13,815 - [DEBUG] - y_rrl: (1447, 2) [[ 8.085571   -7.661733  ]
 [-1.7412251   2.1693642 ]
 [ 7.2043977  -6.7805657 ]
 [ 7.2043977  -6.7805657 ]
 [ 8.085571   -7.661733  ]
 [-1.7412251   2.1693642 ]
 [ 8.085571   -7.661733  ]
 [ 7.2043977  -6.7805657 ]
 [ 8.085571   -7.661733  ]
 [ 2.1779063  -1.7522522 ]
 [-0.05752417  0.4848675 ]
 [ 4.9689674  -4.543444  ]
 [ 4.4219666  -3.9964654 ]
 [ 6.1056676  -5.680962  ]
 [ 4.4728537  -4.0476594 ]
 [ 6.1056676  -5.680962  ]
 [ 7.2043977  -6.7805657 ]
 [-0.05752417  0.4848675 ]
 [ 3.2852664  -2.8589475 ]
 [ 3.4874     -3.061208  ]
 [ 8.085571   -7.661733  ]
 [ 6.1056676  -5.680962  ]
 [ 8.085571   -7.661733  ]
 [ 6.1056676  -5.680962  ]
 [-3.3592157   3.7882926 ]
 [-1.7412251   2.1693642 ]
 [ 3.0568576  -2.6306708 ]
 [ 6.1056676  -5.680962  ]
 [ 3.4874     -3.061208  ]
 [ 7.2043977  -6.7805657 ]
 [ 8.085571   -7.661733  ]
 [ 6.1056676  -5.680962  ]
 [-0.05752417  0.4848675 ]
 [-0.05752417  0.4848675 ]
 [ 8.085571   -7.661733  ]
 [ 7.2043977  -6.7805657 ]
 [ 8.085571   -7.661733  ]
 [ 6.1056676  -5.680962  ]
 [ 1.0791762  -0.65264887]
 [-0.5388144   0.9662793 ]
 [ 7.2043977  -6.7805657 ]]
2025-12-21 21:23:13,817 - [INFO] - ------------------------------------------------------------
2025-12-21 21:23:13,817 - [INFO] - On Validation Set:
	Accuracy of RRL  Model: 0.8852798894263995
	F1 Score of RRL  Model: 0.7328595578095112
2025-12-21 21:23:13,822 - [INFO] - On Validation Set:
Performance of  RRL Model: 
[[1187   99]
 [  67   94]]
              precision    recall  f1-score   support

           0       0.95      0.92      0.93      1286
           1       0.49      0.58      0.53       161

    accuracy                           0.89      1447
   macro avg       0.72      0.75      0.73      1447
weighted avg       0.90      0.89      0.89      1447

2025-12-21 21:23:13,822 - [INFO] - ------------------------------------------------------------
2025-12-21 21:23:15,243 - [INFO] - epoch: 22, loss_rrl: 117.12458615191281
2025-12-21 21:23:15,653 - [DEBUG] - y_true: (1447,) [0 0 0 0 0 1 0 0 0 0 0 0 0 0 0 0 0 1 0 0 0 0 0 0 1 0 0 0 0 0 0 0 0 0 0 0 0
 0 1 1 0]
2025-12-21 21:23:15,814 - [DEBUG] - y_rrl_: (1447,) [0 0 0 0 0 0 0 0 0 0 0 0 0 0 0 0 0 0 0 0 0 0 0 0 0 0 0 0 0 0 0 0 0 0 0 0 0
 0 0 0 0]
2025-12-21 21:23:15,814 - [DEBUG] - y_rrl: (1447, 2) [[ 10.886482   -10.467843  ]
 [  2.3592072   -1.9370054 ]
 [  8.3096895   -7.890577  ]
 [  8.3096895   -7.890577  ]
 [ 10.886482   -10.467843  ]
 [  0.86134046  -0.43848374]
 [ 10.886482   -10.467843  ]
 [  9.993809    -9.575175  ]
 [ 10.886482   -10.467843  ]
 [  4.856555    -4.4361424 ]
 [  2.5673769   -2.1452985 ]
 [  7.7046304   -7.284332  ]
 [  8.287772    -7.8683605 ]
 [  9.993809    -9.575175  ]
 [  9.993809    -9.575175  ]
 [  9.993809    -9.575175  ]
 [  9.993809    -9.575175  ]
 [  2.5673769   -2.1452985 ]
 [  7.7046304   -7.284332  ]
 [  7.7046304   -7.284332  ]
 [ 10.886482   -10.467843  ]
 [  9.993809    -9.575175  ]
 [ 10.886482   -10.467843  ]
 [  9.993809    -9.575175  ]
 [  0.9507753   -0.52777094]
 [  0.86134046  -0.43848374]
 [  5.749364    -5.3284187 ]
 [  9.993809    -9.575175  ]
 [  7.7046304   -7.284332  ]
 [  9.993809    -9.575175  ]
 [ 10.886482   -10.467843  ]
 [  8.875988    -8.456491  ]
 [  2.5673769   -2.1452985 ]
 [  2.5673769   -2.1452985 ]
 [ 10.886482   -10.467843  ]
 [  9.993809    -9.575175  ]
 [ 10.886482   -10.467843  ]
 [  9.993809    -9.575175  ]
 [  2.5673769   -2.1452985 ]
 [  3.239953    -2.8186152 ]
 [  9.993809    -9.575175  ]]
2025-12-21 21:23:15,816 - [INFO] - ------------------------------------------------------------
2025-12-21 21:23:15,816 - [INFO] - On Validation Set:
	Accuracy of RRL  Model: 0.8970283344851416
	F1 Score of RRL  Model: 0.5697963744475372
2025-12-21 21:23:15,822 - [INFO] - On Validation Set:
Performance of  RRL Model: 
[[1280    6]
 [ 143   18]]
              precision    recall  f1-score   support

           0       0.90      1.00      0.94      1286
           1       0.75      0.11      0.19       161

    accuracy                           0.90      1447
   macro avg       0.82      0.55      0.57      1447
weighted avg       0.88      0.90      0.86      1447

2025-12-21 21:23:15,822 - [INFO] - ------------------------------------------------------------
2025-12-21 21:23:16,987 - [INFO] - epoch: 23, loss_rrl: 116.92148136161268
2025-12-21 21:23:17,652 - [DEBUG] - y_true: (1447,) [0 0 0 0 0 1 0 0 0 0 0 0 0 0 0 0 0 1 0 0 0 0 0 0 1 0 0 0 0 0 0 0 0 0 0 0 0
 0 1 1 0]
2025-12-21 21:23:17,813 - [DEBUG] - y_rrl_: (1447,) [0 0 0 0 0 0 0 0 0 0 0 0 0 0 0 0 0 0 0 0 0 0 0 0 1 0 0 0 0 0 0 0 0 0 0 0 0
 0 0 0 0]
2025-12-21 21:23:17,813 - [DEBUG] - y_rrl: (1447, 2) [[10.077208   -9.663966  ]
 [ 0.8245778  -0.40720326]
 [ 9.17083    -8.757594  ]
 [10.077208   -9.663966  ]
 [10.077208   -9.663966  ]
 [ 1.5997021  -1.1830922 ]
 [10.077208   -9.663966  ]
 [ 9.17083    -8.757594  ]
 [10.077208   -9.663966  ]
 [ 4.8122783  -4.3973    ]
 [ 1.5997021  -1.1830922 ]
 [ 7.7710104  -7.35613   ]
 [10.077208   -9.663966  ]
 [10.077208   -9.663966  ]
 [ 8.340392   -7.9266825 ]
 [10.077208   -9.663966  ]
 [ 9.17083    -8.757594  ]
 [ 1.5997021  -1.1830922 ]
 [ 5.18313    -4.7674994 ]
 [ 6.2365193  -5.8209996 ]
 [10.077208   -9.663966  ]
 [10.077208   -9.663966  ]
 [10.077208   -9.663966  ]
 [10.077208   -9.663966  ]
 [-1.7134703   2.1317513 ]
 [ 1.5997021  -1.1830922 ]
 [ 5.777386   -5.361877  ]
 [10.077208   -9.663966  ]
 [ 6.2365193  -5.8209996 ]
 [ 9.17083    -8.757594  ]
 [10.077208   -9.663966  ]
 [ 8.968115   -8.554027  ]
 [ 1.5997021  -1.1830922 ]
 [ 1.5997021  -1.1830922 ]
 [10.077208   -9.663966  ]
 [10.077208   -9.663966  ]
 [10.077208   -9.663966  ]
 [10.077208   -9.663966  ]
 [ 2.796808   -2.3809898 ]
 [ 3.1806085  -2.7647161 ]
 [ 9.17083    -8.757594  ]]
2025-12-21 21:23:17,815 - [INFO] - ------------------------------------------------------------
2025-12-21 21:23:17,815 - [INFO] - On Validation Set:
	Accuracy of RRL  Model: 0.9018659295093296
	F1 Score of RRL  Model: 0.650720745223363
2025-12-21 21:23:17,821 - [INFO] - On Validation Set:
Performance of  RRL Model: 
[[1266   20]
 [ 122   39]]
              precision    recall  f1-score   support

           0       0.91      0.98      0.95      1286
           1       0.66      0.24      0.35       161

    accuracy                           0.90      1447
   macro avg       0.79      0.61      0.65      1447
weighted avg       0.88      0.90      0.88      1447

2025-12-21 21:23:17,821 - [INFO] - ------------------------------------------------------------
2025-12-21 21:23:18,718 - [INFO] - epoch: 24, loss_rrl: 117.42811007797718
2025-12-21 21:23:19,655 - [DEBUG] - y_true: (1447,) [0 0 0 0 0 1 0 0 0 0 0 0 0 0 0 0 0 1 0 0 0 0 0 0 1 0 0 0 0 0 0 0 0 0 0 0 0
 0 1 1 0]
2025-12-21 21:23:19,824 - [DEBUG] - y_rrl_: (1447,) [0 0 0 0 0 1 0 0 0 0 1 0 0 0 0 0 0 1 0 0 0 0 0 0 1 1 0 0 0 0 0 0 1 1 0 0 0
 0 1 0 0]
2025-12-21 21:23:19,825 - [DEBUG] - y_rrl: (1447, 2) [[ 9.733181   -9.325366  ]
 [ 0.36168003  0.05017783]
 [ 8.81239    -8.404584  ]
 [ 8.81239    -8.404584  ]
 [ 9.733181   -9.325366  ]
 [-1.1627505   1.5739214 ]
 [ 9.733181   -9.325366  ]
 [ 8.81239    -8.404584  ]
 [ 9.733181   -9.325366  ]
 [ 2.7797127  -2.3708937 ]
 [-1.1627505   1.5739214 ]
 [ 4.869928   -4.459769  ]
 [ 8.126254   -7.7177005 ]
 [ 9.733181   -9.325366  ]
 [ 7.9326763  -7.5244074 ]
 [ 9.733181   -9.325366  ]
 [ 8.208751   -7.8016243 ]
 [-1.1627505   1.5739214 ]
 [ 5.873215   -5.464475  ]
 [ 4.906011   -4.495967  ]
 [ 9.733181   -9.325366  ]
 [ 9.733181   -9.325366  ]
 [ 9.733181   -9.325366  ]
 [ 9.733181   -9.325366  ]
 [-2.2102175   2.6229708 ]
 [-1.1627505   1.5739214 ]
 [ 3.7330287  -3.3222513 ]
 [ 9.733181   -9.325366  ]
 [ 4.219875   -3.809083  ]
 [ 8.81239    -8.404584  ]
 [ 9.733181   -9.325366  ]
 [ 7.707333   -7.298693  ]
 [-1.1627505   1.5739214 ]
 [-1.1627505   1.5739214 ]
 [ 9.733181   -9.325366  ]
 [ 9.733181   -9.325366  ]
 [ 9.733181   -9.325366  ]
 [ 9.733181   -9.325366  ]
 [-1.1627505   1.5739214 ]
 [ 1.046109   -0.6349612 ]
 [ 8.81239    -8.404584  ]]
2025-12-21 21:23:19,827 - [INFO] - ------------------------------------------------------------
2025-12-21 21:23:19,828 - [INFO] - On Validation Set:
	Accuracy of RRL  Model: 0.8908085694540429
	F1 Score of RRL  Model: 0.7312129078374388
2025-12-21 21:23:19,834 - [INFO] - On Validation Set:
Performance of  RRL Model: 
[[1202   84]
 [  74   87]]
              precision    recall  f1-score   support

           0       0.94      0.93      0.94      1286
           1       0.51      0.54      0.52       161

    accuracy                           0.89      1447
   macro avg       0.73      0.74      0.73      1447
weighted avg       0.89      0.89      0.89      1447

2025-12-21 21:23:19,834 - [INFO] - ------------------------------------------------------------
2025-12-21 21:23:20,485 - [INFO] - epoch: 25, loss_rrl: 117.85113752819598
2025-12-21 21:23:21,670 - [DEBUG] - y_true: (1447,) [0 0 0 0 0 1 0 0 0 0 0 0 0 0 0 0 0 1 0 0 0 0 0 0 1 0 0 0 0 0 0 0 0 0 0 0 0
 0 1 1 0]
2025-12-21 21:23:21,831 - [DEBUG] - y_rrl_: (1447,) [0 0 0 0 0 1 0 0 0 0 0 0 0 0 0 0 0 0 0 0 0 0 0 0 1 1 0 0 0 0 0 0 0 0 0 0 0
 0 0 0 0]
2025-12-21 21:23:21,832 - [DEBUG] - y_rrl: (1447, 2) [[10.109077   -9.706788  ]
 [ 0.6049918  -0.19874747]
 [ 9.168745   -8.766463  ]
 [10.109077   -9.706788  ]
 [10.109077   -9.706788  ]
 [-0.92584467  1.331415  ]
 [10.109077   -9.706788  ]
 [ 9.168745   -8.766463  ]
 [10.109077   -9.706788  ]
 [ 3.9855316  -3.5822628 ]
 [ 1.7729255  -1.3688982 ]
 [ 8.836804   -8.433747  ]
 [ 8.544641   -8.141628  ]
 [10.109077   -9.706788  ]
 [ 8.264342   -7.8616076 ]
 [10.109077   -9.706788  ]
 [ 8.57824    -8.176625  ]
 [ 1.7729255  -1.3688982 ]
 [ 6.1716332  -5.7684326 ]
 [ 6.115689   -5.7112064 ]
 [10.109077   -9.706788  ]
 [10.109077   -9.706788  ]
 [10.109077   -9.706788  ]
 [10.109077   -9.706788  ]
 [-2.0018733   2.4090016 ]
 [-0.92584467  1.331415  ]
 [ 8.836804   -8.433747  ]
 [10.109077   -9.706788  ]
 [ 7.2500224  -6.8463593 ]
 [ 9.168745   -8.766463  ]
 [10.109077   -9.706788  ]
 [ 8.974744   -8.571634  ]
 [ 1.7729255  -1.3688982 ]
 [ 1.7729255  -1.3688982 ]
 [10.109077   -9.706788  ]
 [10.109077   -9.706788  ]
 [10.109077   -9.706788  ]
 [10.109077   -9.706788  ]
 [ 1.7729255  -1.3688982 ]
 [ 2.9095027  -2.5046763 ]
 [ 9.168745   -8.766463  ]]
2025-12-21 21:23:21,834 - [INFO] - ------------------------------------------------------------
2025-12-21 21:23:21,834 - [INFO] - On Validation Set:
	Accuracy of RRL  Model: 0.9039391845196959
	F1 Score of RRL  Model: 0.6923673427560648
2025-12-21 21:23:21,840 - [INFO] - On Validation Set:
Performance of  RRL Model: 
[[1254   32]
 [ 107   54]]
              precision    recall  f1-score   support

           0       0.92      0.98      0.95      1286
           1       0.63      0.34      0.44       161

    accuracy                           0.90      1447
   macro avg       0.77      0.66      0.69      1447
weighted avg       0.89      0.90      0.89      1447

2025-12-21 21:23:21,840 - [INFO] - ------------------------------------------------------------
2025-12-21 21:23:22,230 - [INFO] - epoch: 26, loss_rrl: 116.20923475921154
2025-12-21 21:23:23,642 - [DEBUG] - y_true: (1447,) [0 0 0 0 0 1 0 0 0 0 0 0 0 0 0 0 0 1 0 0 0 0 0 0 1 0 0 0 0 0 0 0 0 0 0 0 0
 0 1 1 0]
2025-12-21 21:23:23,805 - [DEBUG] - y_rrl_: (1447,) [0 0 0 0 0 0 0 0 0 0 0 0 0 0 0 0 0 0 0 0 0 0 0 0 1 0 0 0 0 0 0 0 0 0 0 0 0
 0 0 0 0]
2025-12-21 21:23:23,806 - [DEBUG] - y_rrl: (1447, 2) [[ 10.462876   -10.066202  ]
 [  0.7798848   -0.3793428 ]
 [  7.6265583   -7.2294574 ]
 [  7.6265583   -7.2294574 ]
 [ 10.462876   -10.066202  ]
 [  0.8104502   -0.41127872]
 [ 10.462876   -10.066202  ]
 [  9.515887    -9.119221  ]
 [ 10.462876   -10.066202  ]
 [  3.3207796   -2.9231634 ]
 [  0.44774595  -0.0486705 ]
 [  6.642855    -6.244728  ]
 [  9.270414    -8.872937  ]
 [ 10.462876   -10.066202  ]
 [  7.381086    -6.9831753 ]
 [ 10.462876   -10.066202  ]
 [  8.938276    -8.542265  ]
 [  0.44774595  -0.0486705 ]
 [  7.745815    -7.349     ]
 [  5.405061    -5.006244  ]
 [ 10.462876   -10.066202  ]
 [ 10.462876   -10.066202  ]
 [ 10.462876   -10.066202  ]
 [  9.270414    -8.872937  ]
 [ -1.8486665    2.2500813 ]
 [  0.8104502   -0.41127872]
 [  5.462175    -5.063463  ]
 [  9.270414    -8.872937  ]
 [  5.989346    -5.590619  ]
 [  9.515887    -9.119221  ]
 [ 10.462876   -10.066202  ]
 [  7.005559    -6.607336  ]
 [  0.44774595  -0.0486705 ]
 [  0.44774595  -0.0486705 ]
 [ 10.462876   -10.066202  ]
 [ 10.462876   -10.066202  ]
 [ 10.462876   -10.066202  ]
 [  9.270414    -8.872937  ]
 [  1.7656132   -1.3672901 ]
 [  1.608652    -1.2087864 ]
 [  9.515887    -9.119221  ]]
2025-12-21 21:23:23,808 - [INFO] - ------------------------------------------------------------
2025-12-21 21:23:23,808 - [INFO] - On Validation Set:
	Accuracy of RRL  Model: 0.8997926744989634
	F1 Score of RRL  Model: 0.6742979200332819
2025-12-21 21:23:23,814 - [INFO] - On Validation Set:
Performance of  RRL Model: 
[[1253   33]
 [ 112   49]]
              precision    recall  f1-score   support

           0       0.92      0.97      0.95      1286
           1       0.60      0.30      0.40       161

    accuracy                           0.90      1447
   macro avg       0.76      0.64      0.67      1447
weighted avg       0.88      0.90      0.88      1447

2025-12-21 21:23:23,814 - [INFO] - ------------------------------------------------------------
2025-12-21 21:23:23,958 - [INFO] - epoch: 27, loss_rrl: 116.89309354498982
2025-12-21 21:23:25,505 - [INFO] - epoch: 28, loss_rrl: 118.12357820942998
2025-12-21 21:23:25,631 - [DEBUG] - y_true: (1447,) [0 0 0 0 0 1 0 0 0 0 0 0 0 0 0 0 0 1 0 0 0 0 0 0 1 0 0 0 0 0 0 0 0 0 0 0 0
 0 1 1 0]
2025-12-21 21:23:25,802 - [DEBUG] - y_rrl_: (1447,) [0 0 0 0 0 0 0 0 0 0 0 0 0 0 0 0 0 0 0 0 0 0 0 0 1 0 0 0 0 0 0 0 0 0 0 0 0
 0 0 0 0]
2025-12-21 21:23:25,803 - [DEBUG] - y_rrl: (1447, 2) [[ 11.269273  -10.878262 ]
 [  1.3966833  -1.0018932]
 [ 10.303401   -9.912397 ]
 [ 10.303401   -9.912397 ]
 [ 11.269273  -10.878262 ]
 [  1.3986171  -1.0051674]
 [ 11.269273  -10.878262 ]
 [ 10.303401   -9.912397 ]
 [ 11.269273  -10.878262 ]
 [  4.0157285  -3.6238039]
 [  2.6561363  -2.263473 ]
 [  8.9438095  -8.552066 ]
 [ 10.011753   -9.619955 ]
 [ 11.269273  -10.878262 ]
 [  8.081988   -7.68977  ]
 [ 11.269273  -10.878262 ]
 [  9.740261   -9.349901 ]
 [  2.6561363  -2.263473 ]
 [  5.592205   -5.1996284]
 [  6.05369    -5.660579 ]
 [ 11.269273  -10.878262 ]
 [ 11.269273  -10.878262 ]
 [ 11.269273  -10.878262 ]
 [ 10.011753   -9.619955 ]
 [ -1.269244    1.6648976]
 [  1.3986171  -1.0051674]
 [  7.7475142  -7.355203 ]
 [ 10.011753   -9.619955 ]
 [  8.277081   -7.8847504]
 [ 10.303401   -9.912397 ]
 [ 11.269273  -10.878262 ]
 [  7.6862907  -7.293761 ]
 [  2.6561363  -2.263473 ]
 [  2.6561363  -2.263473 ]
 [ 11.269273  -10.878262 ]
 [ 11.269273  -10.878262 ]
 [ 11.269273  -10.878262 ]
 [ 10.011753   -9.619955 ]
 [  4.0157285  -3.6238039]
 [  3.844685   -3.4512403]
 [ 10.303401   -9.912397 ]]
2025-12-21 21:23:25,805 - [INFO] - ------------------------------------------------------------
2025-12-21 21:23:25,805 - [INFO] - On Validation Set:
	Accuracy of RRL  Model: 0.9004837595024188
	F1 Score of RRL  Model: 0.6487295678912446
2025-12-21 21:23:25,811 - [INFO] - On Validation Set:
Performance of  RRL Model: 
[[1264   22]
 [ 122   39]]
              precision    recall  f1-score   support

           0       0.91      0.98      0.95      1286
           1       0.64      0.24      0.35       161

    accuracy                           0.90      1447
   macro avg       0.78      0.61      0.65      1447
weighted avg       0.88      0.90      0.88      1447

2025-12-21 21:23:25,811 - [INFO] - ------------------------------------------------------------
2025-12-21 21:23:27,355 - [INFO] - epoch: 29, loss_rrl: 116.63848516717553
2025-12-21 21:23:27,731 - [DEBUG] - y_true: (1447,) [0 0 0 0 0 1 0 0 0 0 0 0 0 0 0 0 0 1 0 0 0 0 0 0 1 0 0 0 0 0 0 0 0 0 0 0 0
 0 1 1 0]
2025-12-21 21:23:27,898 - [DEBUG] - y_rrl_: (1447,) [0 0 0 0 0 0 0 0 0 0 0 0 0 0 0 0 0 0 0 0 0 0 0 0 0 0 0 0 0 0 0 0 0 0 0 0 0
 0 0 0 0]
2025-12-21 21:23:27,899 - [DEBUG] - y_rrl: (1447, 2) [[ 12.419939   -12.0346575 ]
 [  4.014178    -3.6257708 ]
 [ 11.439411   -11.054135  ]
 [ 11.439411   -11.054135  ]
 [ 12.419939   -12.0346575 ]
 [  2.8909655   -2.5026777 ]
 [ 12.419939   -12.0346575 ]
 [ 11.439411   -11.054135  ]
 [ 12.419939   -12.0346575 ]
 [  5.614665    -5.227874  ]
 [  2.7044952   -2.3163013 ]
 [ 10.035345    -9.649343  ]
 [ 12.419939   -12.0346575 ]
 [ 12.419939   -12.0346575 ]
 [ 12.419939   -12.0346575 ]
 [ 10.9138365  -10.527879  ]
 [ 11.439411   -11.054135  ]
 [  4.210597    -3.8230805 ]
 [  8.613677    -8.2269535 ]
 [  8.7157135   -8.328939  ]
 [ 12.419939   -12.0346575 ]
 [ 12.419939   -12.0346575 ]
 [ 12.419939   -12.0346575 ]
 [ 12.419939   -12.0346575 ]
 [  1.1932875   -0.80413914]
 [  2.8909655   -2.5026777 ]
 [  7.30814     -6.920912  ]
 [ 12.419939   -12.0346575 ]
 [  9.50977     -9.123085  ]
 [ 11.439411   -11.054135  ]
 [ 12.419939   -12.0346575 ]
 [ 10.11978     -9.733732  ]
 [  2.7044952   -2.3163013 ]
 [  2.7044952   -2.3163013 ]
 [ 12.419939   -12.0346575 ]
 [ 12.419939   -12.0346575 ]
 [ 12.419939   -12.0346575 ]
 [ 12.419939   -12.0346575 ]
 [  2.7044952   -2.3163013 ]
 [  3.3914132   -3.0030785 ]
 [ 11.439411   -11.054135  ]]
2025-12-21 21:23:27,901 - [INFO] - ------------------------------------------------------------
2025-12-21 21:23:27,901 - [INFO] - On Validation Set:
	Accuracy of RRL  Model: 0.8949550794747754
	F1 Score of RRL  Model: 0.5352772143340094
2025-12-21 21:23:27,907 - [INFO] - On Validation Set:
Performance of  RRL Model: 
[[1284    2]
 [ 150   11]]
              precision    recall  f1-score   support

           0       0.90      1.00      0.94      1286
           1       0.85      0.07      0.13       161

    accuracy                           0.89      1447
   macro avg       0.87      0.53      0.54      1447
weighted avg       0.89      0.89      0.85      1447

2025-12-21 21:23:27,907 - [INFO] - ------------------------------------------------------------
2025-12-21 21:23:29,082 - [INFO] - epoch: 30, loss_rrl: 116.88980126194656
2025-12-21 21:23:29,707 - [DEBUG] - y_true: (1447,) [0 0 0 0 0 1 0 0 0 0 0 0 0 0 0 0 0 1 0 0 0 0 0 0 1 0 0 0 0 0 0 0 0 0 0 0 0
 0 1 1 0]
2025-12-21 21:23:29,878 - [DEBUG] - y_rrl_: (1447,) [0 0 0 0 0 0 0 0 0 0 0 0 0 0 0 0 0 0 0 0 0 0 0 0 1 0 0 0 0 0 0 0 0 0 0 0 0
 0 0 0 0]
2025-12-21 21:23:29,879 - [DEBUG] - y_rrl: (1447, 2) [[ 11.416798  -11.03728  ]
 [  1.15705    -0.7739208]
 [ 10.422387  -10.042876 ]
 [ 10.422387  -10.042876 ]
 [ 11.416798  -11.03728  ]
 [  1.6735104  -1.2910514]
 [ 11.416798  -11.03728  ]
 [ 10.422387  -10.042876 ]
 [ 11.416798  -11.03728  ]
 [  4.4947653  -4.1137753]
 [  1.5447019  -1.1623354]
 [  7.472323   -7.0914383]
 [ 11.416798  -11.03728  ]
 [ 11.416798  -11.03728  ]
 [  9.398764   -9.018847 ]
 [  9.905927   -9.525746 ]
 [ 10.422387  -10.042876 ]
 [  1.5447019  -1.1623354]
 [  7.5294538  -7.1485243]
 [  7.308641   -6.92787  ]
 [ 11.416798  -11.03728  ]
 [ 11.416798  -11.03728  ]
 [ 11.416798  -11.03728  ]
 [ 11.416798  -11.03728  ]
 [ -1.5073918   1.8913624]
 [  1.6735104  -1.2910514]
 [  6.2316985  -5.8502746]
 [ 11.416798  -11.03728  ]
 [  6.7921805  -6.410739 ]
 [ 10.422387  -10.042876 ]
 [ 11.416798  -11.03728  ]
 [ 10.422387  -10.042876 ]
 [  1.5447019  -1.1623354]
 [  1.5447019  -1.1623354]
 [ 11.416798  -11.03728  ]
 [ 11.416798  -11.03728  ]
 [ 11.416798  -11.03728  ]
 [ 11.416798  -11.03728  ]
 [  4.4947653  -4.1137753]
 [  2.3082738  -1.9257646]
 [ 10.422387  -10.042876 ]]
2025-12-21 21:23:29,881 - [INFO] - ------------------------------------------------------------
2025-12-21 21:23:29,881 - [INFO] - On Validation Set:
	Accuracy of RRL  Model: 0.902557014512785
	F1 Score of RRL  Model: 0.6656857042201594
2025-12-21 21:23:29,887 - [INFO] - On Validation Set:
Performance of  RRL Model: 
[[1262   24]
 [ 117   44]]
              precision    recall  f1-score   support

           0       0.92      0.98      0.95      1286
           1       0.65      0.27      0.38       161

    accuracy                           0.90      1447
   macro avg       0.78      0.63      0.67      1447
weighted avg       0.89      0.90      0.88      1447

2025-12-21 21:23:29,887 - [INFO] - ------------------------------------------------------------
2025-12-21 21:23:30,877 - [INFO] - epoch: 31, loss_rrl: 115.52168080955744
2025-12-21 21:23:31,753 - [DEBUG] - y_true: (1447,) [0 0 0 0 0 1 0 0 0 0 0 0 0 0 0 0 0 1 0 0 0 0 0 0 1 0 0 0 0 0 0 0 0 0 0 0 0
 0 1 1 0]
2025-12-21 21:23:31,914 - [DEBUG] - y_rrl_: (1447,) [0 1 0 0 0 0 0 0 0 0 0 0 0 0 0 0 0 0 0 0 0 0 0 0 1 0 0 0 0 0 0 0 0 0 0 0 0
 0 0 0 0]
2025-12-21 21:23:31,914 - [DEBUG] - y_rrl: (1447, 2) [[ 10.55561    -10.181873  ]
 [  0.16883543   0.20842676]
 [  9.548146    -9.174417  ]
 [  9.548146    -9.174417  ]
 [ 10.55561    -10.181873  ]
 [  0.629456    -0.2528502 ]
 [ 10.55561    -10.181873  ]
 [  9.548146    -9.174417  ]
 [ 10.55561    -10.181873  ]
 [  3.5397747   -3.1646082 ]
 [  0.60372084  -0.22720449]
 [  6.612094    -6.2370133 ]
 [ 10.55561    -10.181873  ]
 [ 10.55561    -10.181873  ]
 [  8.502521    -8.128395  ]
 [  9.087525    -8.71314   ]
 [  9.548146    -9.174417  ]
 [  0.60372084  -0.22720449]
 [  6.6377134   -6.262595  ]
 [  6.3773403   -6.0023723 ]
 [ 10.55561    -10.181873  ]
 [ 10.55561    -10.181873  ]
 [ 10.55561    -10.181873  ]
 [ 10.55561    -10.181873  ]
 [ -2.5053148    2.8834057 ]
 [  0.629456    -0.2528502 ]
 [  5.367113    -4.991513  ]
 [ 10.55561    -10.181873  ]
 [  7.384804    -7.009829  ]
 [  9.548146    -9.174417  ]
 [ 10.55561    -10.181873  ]
 [  6.612094    -6.2370133 ]
 [  0.60372084  -0.22720449]
 [  0.60372084  -0.22720449]
 [ 10.55561    -10.181873  ]
 [ 10.55561    -10.181873  ]
 [ 10.55561    -10.181873  ]
 [ 10.55561    -10.181873  ]
 [  0.60372084  -0.22720449]
 [  1.4124677   -1.0358094 ]
 [  9.548146    -9.174417  ]]
2025-12-21 21:23:31,916 - [INFO] - ------------------------------------------------------------
2025-12-21 21:23:31,916 - [INFO] - On Validation Set:
	Accuracy of RRL  Model: 0.9039391845196959
	F1 Score of RRL  Model: 0.6946075416979829
2025-12-21 21:23:31,922 - [INFO] - On Validation Set:
Performance of  RRL Model: 
[[1253   33]
 [ 106   55]]
              precision    recall  f1-score   support

           0       0.92      0.97      0.95      1286
           1       0.62      0.34      0.44       161

    accuracy                           0.90      1447
   macro avg       0.77      0.66      0.69      1447
weighted avg       0.89      0.90      0.89      1447

2025-12-21 21:23:31,922 - [INFO] - ------------------------------------------------------------
2025-12-21 21:23:32,589 - [INFO] - epoch: 32, loss_rrl: 116.55917024426162
2025-12-21 21:23:33,749 - [DEBUG] - y_true: (1447,) [0 0 0 0 0 1 0 0 0 0 0 0 0 0 0 0 0 1 0 0 0 0 0 0 1 0 0 0 0 0 0 0 0 0 0 0 0
 0 1 1 0]
2025-12-21 21:23:33,909 - [DEBUG] - y_rrl_: (1447,) [0 0 0 0 0 0 0 0 0 0 0 0 0 0 0 0 0 0 0 0 0 0 0 0 1 0 0 0 0 0 0 0 0 0 0 0 0
 0 0 0 0]
2025-12-21 21:23:33,910 - [DEBUG] - y_rrl: (1447, 2) [[ 12.806955   -12.438941  ]
 [  3.9894228   -3.6184967 ]
 [  9.697578    -9.329191  ]
 [ 10.714813   -10.34642   ]
 [ 12.806955   -12.438941  ]
 [  1.2613547   -0.8899129 ]
 [ 12.806955   -12.438941  ]
 [ 11.789721   -11.421713  ]
 [ 12.806955   -12.438941  ]
 [  6.7328753   -6.363468  ]
 [  2.7844229   -2.413701  ]
 [  9.87574     -9.506404  ]
 [ 11.383879   -11.015229  ]
 [ 12.806955   -12.438941  ]
 [ 10.714813   -10.34642   ]
 [ 11.383879   -11.015229  ]
 [ 11.789721   -11.421713  ]
 [  2.7844229   -2.413701  ]
 [  8.8435755   -8.474214  ]
 [ 11.298817   -10.930116  ]
 [ 12.806955   -12.438941  ]
 [ 12.806955   -12.438941  ]
 [ 12.806955   -12.438941  ]
 [ 12.806955   -12.438941  ]
 [ -0.38762408   0.75988847]
 [  1.2613547   -0.8899129 ]
 [  7.6046343   -7.234806  ]
 [ 12.806955   -12.438941  ]
 [ 11.298817   -10.930116  ]
 [ 11.789721   -11.421713  ]
 [ 12.806955   -12.438941  ]
 [ 12.806955   -12.438941  ]
 [  2.7844229   -2.413701  ]
 [  2.7844229   -2.413701  ]
 [ 12.806955   -12.438941  ]
 [ 12.806955   -12.438941  ]
 [ 12.806955   -12.438941  ]
 [ 12.806955   -12.438941  ]
 [  4.2925634   -3.922527  ]
 [  3.66082     -3.289955  ]
 [ 11.789721   -11.421713  ]]
2025-12-21 21:23:33,912 - [INFO] - ------------------------------------------------------------
2025-12-21 21:23:33,912 - [INFO] - On Validation Set:
	Accuracy of RRL  Model: 0.8935729094678645
	F1 Score of RRL  Model: 0.5240375578832254
2025-12-21 21:23:33,918 - [INFO] - On Validation Set:
Performance of  RRL Model: 
[[1284    2]
 [ 152    9]]
              precision    recall  f1-score   support

           0       0.89      1.00      0.94      1286
           1       0.82      0.06      0.10       161

    accuracy                           0.89      1447
   macro avg       0.86      0.53      0.52      1447
weighted avg       0.89      0.89      0.85      1447

2025-12-21 21:23:33,918 - [INFO] - ------------------------------------------------------------
2025-12-21 21:23:34,367 - [INFO] - epoch: 33, loss_rrl: 116.74203688465059
2025-12-21 21:23:35,830 - [DEBUG] - y_true: (1447,) [0 0 0 0 0 1 0 0 0 0 0 0 0 0 0 0 0 1 0 0 0 0 0 0 1 0 0 0 0 0 0 0 0 0 0 0 0
 0 1 1 0]
2025-12-21 21:23:36,030 - [DEBUG] - y_rrl_: (1447,) [0 0 0 0 0 0 0 0 0 0 0 0 0 0 0 0 0 0 0 0 0 0 0 0 1 0 0 0 0 0 0 0 0 0 0 0 0
 0 0 0 0]
2025-12-21 21:23:36,031 - [DEBUG] - y_rrl: (1447, 2) [[ 11.958501   -11.596215  ]
 [  0.24914104   0.11648522]
 [  8.810248    -8.447603  ]
 [  8.810248    -8.447603  ]
 [ 11.958501   -11.596215  ]
 [  1.0698274   -0.7054072 ]
 [ 11.958501   -11.596215  ]
 [ 10.934972   -10.572692  ]
 [ 11.958501   -11.596215  ]
 [  4.2155523   -3.8525066 ]
 [  1.2425901   -0.8782529 ]
 [  7.9620094   -7.598438  ]
 [  9.336321    -8.973338  ]
 [ 10.934972   -10.572692  ]
 [  8.810248    -8.447603  ]
 [  9.509084    -9.146184  ]
 [ 10.32977     -9.968076  ]
 [  1.2425901   -0.8782529 ]
 [  7.305231    -6.9422154 ]
 [  7.6735587   -7.310099  ]
 [ 11.958501   -11.596215  ]
 [ 10.934972   -10.572692  ]
 [ 11.958501   -11.596215  ]
 [ 10.934972   -10.572692  ]
 [ -1.3840878    1.7505234 ]
 [  1.0698274   -0.7054072 ]
 [  5.6868544   -5.3228025 ]
 [ 10.934972   -10.572692  ]
 [  7.6735587   -7.310099  ]
 [ 10.934972   -10.572692  ]
 [ 11.958501   -11.596215  ]
 [  7.9620094   -7.598438  ]
 [  1.2425901   -0.8782529 ]
 [  1.2425901   -0.8782529 ]
 [ 11.958501   -11.596215  ]
 [ 10.934972   -10.572692  ]
 [ 11.958501   -11.596215  ]
 [ 10.934972   -10.572692  ]
 [  2.7896638   -2.4259987 ]
 [  1.7616366   -1.3965759 ]
 [ 10.934972   -10.572692  ]]
2025-12-21 21:23:36,034 - [INFO] - ------------------------------------------------------------
2025-12-21 21:23:36,034 - [INFO] - On Validation Set:
	Accuracy of RRL  Model: 0.9060124395300622
	F1 Score of RRL  Model: 0.6813518484934843
2025-12-21 21:23:36,040 - [INFO] - On Validation Set:
Performance of  RRL Model: 
[[1263   23]
 [ 113   48]]
              precision    recall  f1-score   support

           0       0.92      0.98      0.95      1286
           1       0.68      0.30      0.41       161

    accuracy                           0.91      1447
   macro avg       0.80      0.64      0.68      1447
weighted avg       0.89      0.91      0.89      1447

2025-12-21 21:23:36,040 - [INFO] - ------------------------------------------------------------
2025-12-21 21:23:36,241 - [INFO] - epoch: 34, loss_rrl: 115.16974663175642
2025-12-21 21:23:37,887 - [INFO] - epoch: 35, loss_rrl: 115.87313756160438
2025-12-21 21:23:37,981 - [DEBUG] - y_true: (1447,) [0 0 0 0 0 1 0 0 0 0 0 0 0 0 0 0 0 1 0 0 0 0 0 0 1 0 0 0 0 0 0 0 0 0 0 0 0
 0 1 1 0]
2025-12-21 21:23:38,143 - [DEBUG] - y_rrl_: (1447,) [0 0 0 0 0 0 0 0 0 0 0 0 0 0 0 0 0 0 0 0 0 0 0 0 1 0 0 0 0 0 0 0 0 0 0 0 0
 0 0 0 0]
2025-12-21 21:23:38,144 - [DEBUG] - y_rrl: (1447, 2) [[ 11.5667515  -11.210184  ]
 [  0.74104095  -0.38121167]
 [ 10.541801   -10.18524   ]
 [ 10.541801   -10.18524   ]
 [ 11.5667515  -11.210184  ]
 [  0.5104996   -0.15186074]
 [ 11.5667515  -11.210184  ]
 [ 10.541801   -10.18524   ]
 [ 11.5667515  -11.210184  ]
 [  3.7576485   -3.4003513 ]
 [  0.7644564   -0.40589395]
 [  7.5486093   -7.1907816 ]
 [  9.8953905   -9.53814   ]
 [ 11.5667515  -11.210184  ]
 [  9.429608    -9.072685  ]
 [ 10.149348    -9.792173  ]
 [  9.918806    -9.562822  ]
 [  0.7644564   -0.40589395]
 [  6.830043    -6.4727683 ]
 [  7.237918    -6.880204  ]
 [ 11.5667515  -11.210184  ]
 [ 11.5667515  -11.210184  ]
 [ 11.5667515  -11.210184  ]
 [ 11.5667515  -11.210184  ]
 [ -1.9160982    2.276714  ]
 [  0.5104996   -0.15186074]
 [  6.2776384   -5.9193397 ]
 [ 11.5667515  -11.210184  ]
 [  8.262867    -7.905148  ]
 [ 10.541801   -10.18524   ]
 [ 11.5667515  -11.210184  ]
 [  7.5486093   -7.1907816 ]
 [  0.7644564   -0.40589395]
 [  0.7644564   -0.40589395]
 [ 11.5667515  -11.210184  ]
 [ 11.5667515  -11.210184  ]
 [ 11.5667515  -11.210184  ]
 [ 11.5667515  -11.210184  ]
 [  2.3402448   -1.982341  ]
 [  2.3560007   -1.9967201 ]
 [ 10.541801   -10.18524   ]]
2025-12-21 21:23:38,146 - [INFO] - ------------------------------------------------------------
2025-12-21 21:23:38,146 - [INFO] - On Validation Set:
	Accuracy of RRL  Model: 0.9039391845196959
	F1 Score of RRL  Model: 0.6730358138544394
2025-12-21 21:23:38,152 - [INFO] - On Validation Set:
Performance of  RRL Model: 
[[1262   24]
 [ 115   46]]
              precision    recall  f1-score   support

           0       0.92      0.98      0.95      1286
           1       0.66      0.29      0.40       161

    accuracy                           0.90      1447
   macro avg       0.79      0.63      0.67      1447
weighted avg       0.89      0.90      0.89      1447

2025-12-21 21:23:38,152 - [INFO] - ------------------------------------------------------------
2025-12-21 21:23:39,699 - [INFO] - epoch: 36, loss_rrl: 116.03980935178697
2025-12-21 21:23:40,059 - [DEBUG] - y_true: (1447,) [0 0 0 0 0 1 0 0 0 0 0 0 0 0 0 0 0 1 0 0 0 0 0 0 1 0 0 0 0 0 0 0 0 0 0 0 0
 0 1 1 0]
2025-12-21 21:23:40,222 - [DEBUG] - y_rrl_: (1447,) [0 0 0 0 0 0 0 0 0 0 0 0 0 0 0 0 0 0 0 0 0 0 0 0 1 0 0 0 0 0 0 0 0 0 0 0 0
 0 0 0 0]
2025-12-21 21:23:40,222 - [DEBUG] - y_rrl: (1447, 2) [[ 12.497092  -12.14616  ]
 [  3.2602093  -2.9065814]
 [ 11.476656  -11.1257305]
 [ 12.497092  -12.14616  ]
 [ 10.35916   -10.007881 ]
 [  1.9000175  -1.5465126]
 [ 12.497092  -12.14616  ]
 [ 11.476656  -11.1257305]
 [ 12.497092  -12.14616  ]
 [  6.271517   -5.919315 ]
 [  2.2249122  -1.8714786]
 [  9.470925   -9.1187525]
 [ 10.757252  -10.405655 ]
 [ 10.35916   -10.007881 ]
 [ 10.35916   -10.007881 ]
 [ 11.082147  -10.73062  ]
 [  9.338724   -8.987452 ]
 [  2.2249122  -1.8714786]
 [  8.321871   -7.969685 ]
 [ 10.885871  -10.534292 ]
 [ 12.497092  -12.14616  ]
 [ 12.497092  -12.14616  ]
 [ 12.497092  -12.14616  ]
 [ 10.35916   -10.007881 ]
 [ -1.1252463   1.4801229]
 [  1.9000175  -1.5465126]
 [  7.1379833  -6.7853637]
 [ 12.497092  -12.14616  ]
 [ 10.885871  -10.534292 ]
 [ 11.476656  -11.1257305]
 [ 12.497092  -12.14616  ]
 [ 11.082147  -10.73062  ]
 [  2.2249122  -1.8714786]
 [  2.2249122  -1.8714786]
 [ 12.497092  -12.14616  ]
 [ 12.497092  -12.14616  ]
 [ 12.497092  -12.14616  ]
 [ 12.497092  -12.14616  ]
 [  2.2249122  -1.8714786]
 [  3.2462535  -2.8926792]
 [ 11.476656  -11.1257305]]
2025-12-21 21:23:40,224 - [INFO] - ------------------------------------------------------------
2025-12-21 21:23:40,225 - [INFO] - On Validation Set:
	Accuracy of RRL  Model: 0.8956461644782309
	F1 Score of RRL  Model: 0.550403819047913
2025-12-21 21:23:40,231 - [INFO] - On Validation Set:
Performance of  RRL Model: 
[[1282    4]
 [ 147   14]]
              precision    recall  f1-score   support

           0       0.90      1.00      0.94      1286
           1       0.78      0.09      0.16       161

    accuracy                           0.90      1447
   macro avg       0.84      0.54      0.55      1447
weighted avg       0.88      0.90      0.86      1447

2025-12-21 21:23:40,231 - [INFO] - ------------------------------------------------------------
2025-12-21 21:23:41,479 - [INFO] - epoch: 37, loss_rrl: 116.01278997957706
2025-12-21 21:23:42,062 - [DEBUG] - y_true: (1447,) [0 0 0 0 0 1 0 0 0 0 0 0 0 0 0 0 0 1 0 0 0 0 0 0 1 0 0 0 0 0 0 0 0 0 0 0 0
 0 1 1 0]
2025-12-21 21:23:42,220 - [DEBUG] - y_rrl_: (1447,) [0 0 0 0 0 0 0 0 0 0 0 0 0 0 0 0 0 0 0 0 0 0 0 0 1 0 0 0 0 0 0 0 0 0 0 0 0
 0 0 0 0]
2025-12-21 21:23:42,221 - [DEBUG] - y_rrl: (1447, 2) [[ 11.4433975  -11.098056  ]
 [  2.124662    -1.7766973 ]
 [ 10.4233     -10.077964  ]
 [ 10.4233     -10.077964  ]
 [ 11.4433975  -11.098056  ]
 [  0.70016146  -0.35232285]
 [ 11.4433975  -11.098056  ]
 [ 10.4233     -10.077964  ]
 [ 11.4433975  -11.098056  ]
 [  4.1030726   -3.7565114 ]
 [  1.0759466   -0.7281743 ]
 [  7.3961773   -7.049626  ]
 [ 11.4433975  -11.098056  ]
 [ 11.4433975  -11.098056  ]
 [  9.2875805   -8.941907  ]
 [ 10.054271    -9.708348  ]
 [ 10.4233     -10.077964  ]
 [  1.0759466   -0.7281743 ]
 [  7.2692614   -6.9226966 ]
 [  8.785304    -8.439334  ]
 [ 11.4433975  -11.098056  ]
 [ 11.4433975  -11.098056  ]
 [ 11.4433975  -11.098056  ]
 [ 11.4433975  -11.098056  ]
 [ -2.2823126    2.6314948 ]
 [  0.70016146  -0.35232285]
 [  8.416275    -8.069717  ]
 [ 11.4433975  -11.098056  ]
 [  9.805402    -9.459425  ]
 [ 10.4233     -10.077964  ]
 [ 11.4433975  -11.098056  ]
 [  9.034173    -8.688256  ]
 [  1.0759466   -0.7281743 ]
 [  1.0759466   -0.7281743 ]
 [ 11.4433975  -11.098056  ]
 [ 11.4433975  -11.098056  ]
 [ 11.4433975  -11.098056  ]
 [ 11.4433975  -11.098056  ]
 [  2.713946    -2.366804  ]
 [  2.1406963   -1.7927852 ]
 [ 10.4233     -10.077964  ]]
2025-12-21 21:23:42,223 - [INFO] - ------------------------------------------------------------
2025-12-21 21:23:42,223 - [INFO] - On Validation Set:
	Accuracy of RRL  Model: 0.9053213545266068
	F1 Score of RRL  Model: 0.6644186121310305
2025-12-21 21:23:42,229 - [INFO] - On Validation Set:
Performance of  RRL Model: 
[[1268   18]
 [ 119   42]]
              precision    recall  f1-score   support

           0       0.91      0.99      0.95      1286
           1       0.70      0.26      0.38       161

    accuracy                           0.91      1447
   macro avg       0.81      0.62      0.66      1447
weighted avg       0.89      0.91      0.89      1447

2025-12-21 21:23:42,229 - [INFO] - ------------------------------------------------------------
2025-12-21 21:23:43,173 - [INFO] - epoch: 38, loss_rrl: 117.01531320437789
2025-12-21 21:23:43,998 - [DEBUG] - y_true: (1447,) [0 0 0 0 0 1 0 0 0 0 0 0 0 0 0 0 0 1 0 0 0 0 0 0 1 0 0 0 0 0 0 0 0 0 0 0 0
 0 1 1 0]
2025-12-21 21:23:44,157 - [DEBUG] - y_rrl_: (1447,) [0 0 0 0 0 0 0 0 0 0 0 0 0 0 0 0 0 0 0 0 0 0 0 0 1 0 0 0 0 0 0 0 0 0 0 0 0
 0 0 0 0]
2025-12-21 21:23:44,157 - [DEBUG] - y_rrl: (1447, 2) [[ 11.415193   -11.075429  ]
 [  0.25440267   0.08836346]
 [ 10.387935   -10.048178  ]
 [ 10.387935   -10.048178  ]
 [ 11.415193   -11.075429  ]
 [  0.5920972   -0.24990483]
 [ 11.415193   -11.075429  ]
 [ 10.387935   -10.048178  ]
 [ 11.415193   -11.075429  ]
 [  3.9947665   -3.6538215 ]
 [  0.96361405  -0.6214846 ]
 [  7.3567815   -7.0158424 ]
 [  9.678724    -9.338329  ]
 [ 11.415193   -11.075429  ]
 [  9.261075    -8.920992  ]
 [ 10.050241    -9.709909  ]
 [ 10.387935   -10.048178  ]
 [  0.96361405  -0.6214846 ]
 [  7.286515    -6.9455605 ]
 [  6.888693    -6.54787   ]
 [ 11.415193   -11.075429  ]
 [ 11.415193   -11.075429  ]
 [ 11.415193   -11.075429  ]
 [ 11.415193   -11.075429  ]
 [ -2.373359     2.7168672 ]
 [  0.5920972   -0.24990483]
 [ 10.050241    -9.709909  ]
 [ 11.415193   -11.075429  ]
 [  7.9159503   -7.5751214 ]
 [ 10.387935   -10.048178  ]
 [ 11.415193   -11.075429  ]
 [  7.3567815   -7.0158424 ]
 [  0.96361405  -0.6214846 ]
 [  0.96361405  -0.6214846 ]
 [ 11.415193   -11.075429  ]
 [ 11.415193   -11.075429  ]
 [ 11.415193   -11.075429  ]
 [ 11.415193   -11.075429  ]
 [  0.96361405  -0.6214846 ]
 [  2.0565674   -1.7143005 ]
 [ 10.387935   -10.048178  ]]
2025-12-21 21:23:44,159 - [INFO] - ------------------------------------------------------------
2025-12-21 21:23:44,159 - [INFO] - On Validation Set:
	Accuracy of RRL  Model: 0.9046302695231514
	F1 Score of RRL  Model: 0.6740990990990992
2025-12-21 21:23:44,165 - [INFO] - On Validation Set:
Performance of  RRL Model: 
[[1263   23]
 [ 115   46]]
              precision    recall  f1-score   support

           0       0.92      0.98      0.95      1286
           1       0.67      0.29      0.40       161

    accuracy                           0.90      1447
   macro avg       0.79      0.63      0.67      1447
weighted avg       0.89      0.90      0.89      1447

2025-12-21 21:23:44,165 - [INFO] - ------------------------------------------------------------
2025-12-21 21:23:44,864 - [INFO] - epoch: 39, loss_rrl: 116.98407463356853
2025-12-21 21:23:45,967 - [DEBUG] - y_true: (1447,) [0 0 0 0 0 1 0 0 0 0 0 0 0 0 0 0 0 1 0 0 0 0 0 0 1 0 0 0 0 0 0 0 0 0 0 0 0
 0 1 1 0]
2025-12-21 21:23:46,126 - [DEBUG] - y_rrl_: (1447,) [0 0 0 0 0 0 0 0 0 0 0 0 0 0 0 0 0 0 0 0 0 0 0 0 1 0 0 0 0 0 0 0 0 0 0 0 0
 0 0 0 0]
2025-12-21 21:23:46,126 - [DEBUG] - y_rrl: (1447, 2) [[ 12.389778  -12.054768 ]
 [  3.0680842  -2.730578 ]
 [  9.190535   -8.855215 ]
 [  9.190535   -8.855215 ]
 [ 12.389778  -12.054768 ]
 [  2.3237     -1.9860753]
 [ 12.389778  -12.054768 ]
 [ 11.344959  -11.009955 ]
 [ 12.389778  -12.054768 ]
 [  7.0621524  -6.726303 ]
 [  2.3237     -1.9860753]
 [  6.6065083  -6.269725 ]
 [  9.350108   -9.0139265]
 [ 12.389778  -12.054768 ]
 [ 10.235352   -9.900027 ]
 [  9.350108   -9.0139265]
 [ 11.344959  -11.009955 ]
 [  2.3237     -1.9860753]
 [  8.305289   -7.9691143]
 [  9.646178   -9.310566 ]
 [ 12.389778  -12.054768 ]
 [ 12.389778  -12.054768 ]
 [ 12.389778  -12.054768 ]
 [ 12.389778  -12.054768 ]
 [ -1.444269    1.7829452]
 [  2.3237     -1.9860753]
 [  5.2225113  -4.885317 ]
 [ 12.389778  -12.054768 ]
 [  9.002303   -8.666069 ]
 [ 11.344959  -11.009955 ]
 [ 12.389778  -12.054768 ]
 [  9.993982   -9.658422 ]
 [  2.3237     -1.9860753]
 [  2.3237     -1.9860753]
 [ 12.389778  -12.054768 ]
 [ 12.389778  -12.054768 ]
 [ 12.389778  -12.054768 ]
 [ 12.389778  -12.054768 ]
 [  4.022483   -3.6854627]
 [  1.2993317  -0.9612558]
 [ 11.344959  -11.009955 ]]
2025-12-21 21:23:46,128 - [INFO] - ------------------------------------------------------------
2025-12-21 21:23:46,129 - [INFO] - On Validation Set:
	Accuracy of RRL  Model: 0.899101589495508
	F1 Score of RRL  Model: 0.5887924322640922
2025-12-21 21:23:46,134 - [INFO] - On Validation Set:
Performance of  RRL Model: 
[[1279    7]
 [ 139   22]]
              precision    recall  f1-score   support

           0       0.90      0.99      0.95      1286
           1       0.76      0.14      0.23       161

    accuracy                           0.90      1447
   macro avg       0.83      0.57      0.59      1447
weighted avg       0.89      0.90      0.87      1447

2025-12-21 21:23:46,134 - [INFO] - ------------------------------------------------------------
2025-12-21 21:23:46,605 - [INFO] - epoch: 40, loss_rrl: 115.97540805861354
2025-12-21 21:23:47,973 - [DEBUG] - y_true: (1447,) [0 0 0 0 0 1 0 0 0 0 0 0 0 0 0 0 0 1 0 0 0 0 0 0 1 0 0 0 0 0 0 0 0 0 0 0 0
 0 1 1 0]
2025-12-21 21:23:48,132 - [DEBUG] - y_rrl_: (1447,) [0 1 0 0 0 1 0 0 0 0 0 0 0 0 0 0 0 0 0 0 0 0 0 0 1 1 0 0 0 0 0 0 0 0 0 0 0
 0 0 0 0]
2025-12-21 21:23:48,133 - [DEBUG] - y_rrl: (1447, 2) [[ 11.678292   -11.347527  ]
 [ -0.567356     0.9009922 ]
 [  8.472642    -8.141574  ]
 [  8.472642    -8.141574  ]
 [ 11.678292   -11.347527  ]
 [  0.10386319   0.22869307]
 [ 11.678292   -11.347527  ]
 [ 10.629127   -10.2983675 ]
 [ 11.678292   -11.347527  ]
 [  3.4600656   -3.1287084 ]
 [  0.3744002   -0.04189938]
 [  7.543461    -7.2115574 ]
 [  8.989707    -8.658344  ]
 [ 10.629127   -10.2983675 ]
 [  6.833221    -6.501552  ]
 [  9.260243    -8.928937  ]
 [  9.931462    -9.601236  ]
 [  0.3744002   -0.04189938]
 [  6.923159    -6.591784  ]
 [  5.398222    -5.0658364 ]
 [ 11.678292   -11.347527  ]
 [ 10.629127   -10.2983675 ]
 [ 11.678292   -11.347527  ]
 [  8.989707    -8.658344  ]
 [ -2.2077358    2.5420983 ]
 [  0.10386319   0.22869307]
 [  5.1032495   -4.7709513 ]
 [  8.989707    -8.658344  ]
 [  7.037642    -6.705859  ]
 [ 10.629127   -10.2983675 ]
 [ 11.678292   -11.347527  ]
 [  5.904041    -5.5715346 ]
 [  0.3744002   -0.04189938]
 [  0.3744002   -0.04189938]
 [ 11.678292   -11.347527  ]
 [ 10.629127   -10.2983675 ]
 [ 11.678292   -11.347527  ]
 [  8.989707    -8.658344  ]
 [  2.0911825   -1.7592777 ]
 [  1.1484665   -0.8153034 ]
 [ 10.629127   -10.2983675 ]]
2025-12-21 21:23:48,135 - [INFO] - ------------------------------------------------------------
2025-12-21 21:23:48,135 - [INFO] - On Validation Set:
	Accuracy of RRL  Model: 0.89426399447132
	F1 Score of RRL  Model: 0.6905928867012423
2025-12-21 21:23:48,141 - [INFO] - On Validation Set:
Performance of  RRL Model: 
[[1234   52]
 [ 101   60]]
              precision    recall  f1-score   support

           0       0.92      0.96      0.94      1286
           1       0.54      0.37      0.44       161

    accuracy                           0.89      1447
   macro avg       0.73      0.67      0.69      1447
weighted avg       0.88      0.89      0.89      1447

2025-12-21 21:23:48,141 - [INFO] - ------------------------------------------------------------
2025-12-21 21:23:48,357 - [INFO] - epoch: 41, loss_rrl: 115.47939835302532
2025-12-21 21:23:49,925 - [INFO] - epoch: 42, loss_rrl: 115.61827237717807
2025-12-21 21:23:49,980 - [DEBUG] - y_true: (1447,) [0 0 0 0 0 1 0 0 0 0 0 0 0 0 0 0 0 1 0 0 0 0 0 0 1 0 0 0 0 0 0 0 0 0 0 0 0
 0 1 1 0]
2025-12-21 21:23:50,139 - [DEBUG] - y_rrl_: (1447,) [0 0 0 0 0 1 0 0 0 0 0 0 0 0 0 0 0 0 0 0 0 0 0 0 1 1 0 0 0 0 0 0 0 0 0 0 0
 0 0 0 0]
2025-12-21 21:23:50,139 - [DEBUG] - y_rrl: (1447, 2) [[ 11.464016   -11.137588  ]
 [  0.27783766   0.05141196]
 [ 10.4064865  -10.080064  ]
 [ 10.4064865  -10.080064  ]
 [ 11.464016   -11.137588  ]
 [ -0.12295197   0.4511347 ]
 [ 11.464016   -11.137588  ]
 [ 10.4064865  -10.080064  ]
 [ 11.464016   -11.137588  ]
 [  3.2036793   -2.8766758 ]
 [  1.4713584   -1.1437691 ]
 [  8.674168    -8.3471575 ]
 [ 11.464016   -11.137588  ]
 [ 11.464016   -11.137588  ]
 [  7.93913     -7.6118646 ]
 [ 11.464016   -11.137588  ]
 [  9.678188    -9.352289  ]
 [  1.4713584   -1.1437691 ]
 [  6.6988406   -6.3718104 ]
 [  3.804372    -3.4758108 ]
 [ 11.464016   -11.137588  ]
 [ 11.464016   -11.137588  ]
 [ 11.464016   -11.137588  ]
 [ 10.078979    -9.752012  ]
 [ -2.4576132    2.7875745 ]
 [ -0.12295197   0.4511347 ]
 [  7.287483    -6.960083  ]
 [ 10.078979    -9.752012  ]
 [  7.84125     -7.5138135 ]
 [ 10.4064865  -10.080064  ]
 [ 11.464016   -11.137588  ]
 [  5.69482     -5.3666787 ]
 [  1.4713584   -1.1437691 ]
 [  1.4713584   -1.1437691 ]
 [ 11.464016   -11.137588  ]
 [ 11.464016   -11.137588  ]
 [ 11.464016   -11.137588  ]
 [  8.484668    -8.157108  ]
 [  3.2036793   -2.8766758 ]
 [  3.3115857   -2.9833348 ]
 [ 10.4064865  -10.080064  ]]
2025-12-21 21:23:50,141 - [INFO] - ------------------------------------------------------------
2025-12-21 21:23:50,141 - [INFO] - On Validation Set:
	Accuracy of RRL  Model: 0.8949550794747754
	F1 Score of RRL  Model: 0.6832238737181703
2025-12-21 21:23:50,147 - [INFO] - On Validation Set:
Performance of  RRL Model: 
[[1239   47]
 [ 105   56]]
              precision    recall  f1-score   support

           0       0.92      0.96      0.94      1286
           1       0.54      0.35      0.42       161

    accuracy                           0.89      1447
   macro avg       0.73      0.66      0.68      1447
weighted avg       0.88      0.89      0.88      1447

2025-12-21 21:23:50,147 - [INFO] - ------------------------------------------------------------
2025-12-21 21:23:51,678 - [INFO] - epoch: 43, loss_rrl: 114.323893988505
2025-12-21 21:23:51,989 - [DEBUG] - y_true: (1447,) [0 0 0 0 0 1 0 0 0 0 0 0 0 0 0 0 0 1 0 0 0 0 0 0 1 0 0 0 0 0 0 0 0 0 0 0 0
 0 1 1 0]
2025-12-21 21:23:52,147 - [DEBUG] - y_rrl_: (1447,) [0 0 0 0 0 1 0 0 0 0 1 0 0 0 0 0 0 1 0 0 0 0 0 0 1 1 0 0 0 0 0 0 1 1 0 0 0
 0 1 0 0]
2025-12-21 21:23:52,148 - [DEBUG] - y_rrl: (1447, 2) [[ 10.493132  -10.170986 ]
 [  1.160355   -0.835856 ]
 [  8.705978   -8.384354 ]
 [ 10.493132  -10.170986 ]
 [  7.6386986  -7.3167753]
 [ -2.0710726   2.3961616]
 [ 10.493132  -10.170986 ]
 [  9.430311   -9.108172 ]
 [ 10.493132  -10.170986 ]
 [  3.030025   -2.7055762]
 [ -1.3467396   1.6723431]
 [  6.4548535  -6.132064 ]
 [  8.210038   -7.887824 ]
 [  6.0799384  -5.757431 ]
 [  6.804271   -6.481249 ]
 [  8.934372   -8.611642 ]
 [  3.876347   -3.552316 ]
 [ -1.3467396   1.6723431]
 [  6.4489665  -6.125716 ]
 [  7.1791873  -6.8558826]
 [ 10.493132  -10.170986 ]
 [  8.210038   -7.887824 ]
 [  9.768798   -9.447168 ]
 [  6.804271   -6.481249 ]
 [ -3.493658    3.819274 ]
 [ -2.0710726   2.3961616]
 [  4.713041   -4.3893633]
 [  8.934372   -8.611642 ]
 [  6.4548535  -6.132064 ]
 [  9.430311   -9.108172 ]
 [ 10.493132  -10.170986 ]
 [  5.032268   -4.708952 ]
 [ -1.3467396   1.6723431]
 [ -2.0710726   2.3961616]
 [  9.768798   -9.447168 ]
 [ 10.493132  -10.170986 ]
 [  9.768798   -9.447168 ]
 [  8.934372   -8.611642 ]
 [ -1.3467396   1.6723431]
 [  0.7469321  -0.4224141]
 [  9.430311   -9.108172 ]]
2025-12-21 21:23:52,150 - [INFO] - ------------------------------------------------------------
2025-12-21 21:23:52,150 - [INFO] - On Validation Set:
	Accuracy of RRL  Model: 0.8804422944022114
	F1 Score of RRL  Model: 0.7373741718554111
2025-12-21 21:23:52,156 - [INFO] - On Validation Set:
Performance of  RRL Model: 
[[1171  115]
 [  58  103]]
              precision    recall  f1-score   support

           0       0.95      0.91      0.93      1286
           1       0.47      0.64      0.54       161

    accuracy                           0.88      1447
   macro avg       0.71      0.78      0.74      1447
weighted avg       0.90      0.88      0.89      1447

2025-12-21 21:23:52,156 - [INFO] - ------------------------------------------------------------
2025-12-21 21:23:53,433 - [INFO] - epoch: 44, loss_rrl: 116.17536459863186
2025-12-21 21:23:53,999 - [DEBUG] - y_true: (1447,) [0 0 0 0 0 1 0 0 0 0 0 0 0 0 0 0 0 1 0 0 0 0 0 0 1 0 0 0 0 0 0 0 0 0 0 0 0
 0 1 1 0]
2025-12-21 21:23:54,159 - [DEBUG] - y_rrl_: (1447,) [0 0 0 0 0 1 0 0 0 0 0 0 0 0 0 0 0 0 0 0 0 0 0 0 1 1 0 0 0 0 0 0 0 1 0 0 0
 0 0 0 0]
2025-12-21 21:23:54,160 - [DEBUG] - y_rrl: (1447, 2) [[ 11.413913   -11.095992  ]
 [  1.0461262   -0.7259121 ]
 [  7.51748     -7.199788  ]
 [  8.239059    -7.920862  ]
 [ 10.692334   -10.374918  ]
 [ -0.17284942   0.49244437]
 [ 11.413913   -11.095992  ]
 [ 10.348987   -10.031072  ]
 [ 11.413913   -11.095992  ]
 [  3.8197756   -3.5008156 ]
 [  0.5487292   -0.22862998]
 [  6.356359    -6.037815  ]
 [  8.123737    -7.8057547 ]
 [  9.627408    -9.3099985 ]
 [  8.239059    -7.920862  ]
 [  8.845316    -8.526828  ]
 [ 10.348987   -10.031072  ]
 [  0.5487292   -0.22862998]
 [  7.4082713   -7.0892687 ]
 [  8.581609    -8.263134  ]
 [ 11.413913   -11.095992  ]
 [  9.627408    -9.3099985 ]
 [ 10.692334   -10.374918  ]
 [ 10.348987   -10.031072  ]
 [ -2.567273     2.8885903 ]
 [ -0.17284942   0.49244437]
 [  6.360472    -6.0416236 ]
 [ 10.348987   -10.031072  ]
 [  6.356359    -6.037815  ]
 [ 10.348987   -10.031072  ]
 [ 11.413913   -11.095992  ]
 [  8.190364    -7.87244   ]
 [  0.5487292   -0.22862998]
 [ -0.17284942   0.49244437]
 [ 10.692334   -10.374918  ]
 [ 10.348987   -10.031072  ]
 [ 10.692334   -10.374918  ]
 [ 10.348987   -10.031072  ]
 [  2.3161051   -1.9965715 ]
 [  0.6371465   -0.3169103 ]
 [ 10.348987   -10.031072  ]]
2025-12-21 21:23:54,162 - [INFO] - ------------------------------------------------------------
2025-12-21 21:23:54,162 - [INFO] - On Validation Set:
	Accuracy of RRL  Model: 0.9018659295093296
	F1 Score of RRL  Model: 0.6957419209628506
2025-12-21 21:23:54,168 - [INFO] - On Validation Set:
Performance of  RRL Model: 
[[1248   38]
 [ 104   57]]
              precision    recall  f1-score   support

           0       0.92      0.97      0.95      1286
           1       0.60      0.35      0.45       161

    accuracy                           0.90      1447
   macro avg       0.76      0.66      0.70      1447
weighted avg       0.89      0.90      0.89      1447

2025-12-21 21:23:54,168 - [INFO] - ------------------------------------------------------------
2025-12-21 21:23:55,280 - [INFO] - epoch: 45, loss_rrl: 115.69157020933926
2025-12-21 21:23:56,054 - [DEBUG] - y_true: (1447,) [0 0 0 0 0 1 0 0 0 0 0 0 0 0 0 0 0 1 0 0 0 0 0 0 1 0 0 0 0 0 0 0 0 0 0 0 0
 0 1 1 0]
2025-12-21 21:23:56,214 - [DEBUG] - y_rrl_: (1447,) [0 0 0 0 0 1 0 0 0 0 1 0 0 0 0 0 0 1 0 0 0 0 0 0 1 1 0 0 0 0 0 0 1 1 0 0 0
 0 1 0 0]
2025-12-21 21:23:56,214 - [DEBUG] - y_rrl: (1447, 2) [[ 12.06519    -11.751469  ]
 [  0.8356462   -0.51927376]
 [ 10.99608    -10.682365  ]
 [ 10.99608    -10.682365  ]
 [ 12.06519    -11.751469  ]
 [ -0.23346324   0.5498294 ]
 [ 12.06519    -11.751469  ]
 [ 10.99608    -10.682365  ]
 [ 12.06519    -11.751469  ]
 [  4.4669666   -4.1522255 ]
 [ -0.23346324   0.5498294 ]
 [  6.295654    -5.9803123 ]
 [  9.145175    -8.830383  ]
 [ 10.603029   -10.288742  ]
 [ 10.603029   -10.288742  ]
 [  9.145175    -8.830383  ]
 [ 10.99608    -10.682365  ]
 [ -0.23346324   0.5498294 ]
 [  6.295654    -5.9803123 ]
 [  5.80142     -5.4861927 ]
 [ 12.06519    -11.751469  ]
 [ 10.603029   -10.288742  ]
 [ 12.06519    -11.751469  ]
 [ 10.603029   -10.288742  ]
 [ -1.8911535    2.2082155 ]
 [ -0.23346324   0.5498294 ]
 [  9.145175    -8.830383  ]
 [ 10.603029   -10.288742  ]
 [  6.8705297   -6.555296  ]
 [ 10.99608    -10.682365  ]
 [ 12.06519    -11.751469  ]
 [  6.295654    -5.9803123 ]
 [ -0.23346324   0.5498294 ]
 [ -0.23346324   0.5498294 ]
 [ 12.06519    -11.751469  ]
 [ 12.06519    -11.751469  ]
 [ 12.06519    -11.751469  ]
 [ 10.603029   -10.288742  ]
 [ -0.23346324   0.5498294 ]
 [  0.95837075  -0.64185834]
 [ 10.99608    -10.682365  ]]
2025-12-21 21:23:56,217 - [INFO] - ------------------------------------------------------------
2025-12-21 21:23:56,217 - [INFO] - On Validation Set:
	Accuracy of RRL  Model: 0.8866620594333103
	F1 Score of RRL  Model: 0.7086987263210613
2025-12-21 21:23:56,223 - [INFO] - On Validation Set:
Performance of  RRL Model: 
[[1207   79]
 [  85   76]]
              precision    recall  f1-score   support

           0       0.93      0.94      0.94      1286
           1       0.49      0.47      0.48       161

    accuracy                           0.89      1447
   macro avg       0.71      0.71      0.71      1447
weighted avg       0.88      0.89      0.89      1447

2025-12-21 21:23:56,223 - [INFO] - ------------------------------------------------------------
2025-12-21 21:23:56,942 - [INFO] - epoch: 46, loss_rrl: 116.7968989238143
2025-12-21 21:23:57,966 - [DEBUG] - y_true: (1447,) [0 0 0 0 0 1 0 0 0 0 0 0 0 0 0 0 0 1 0 0 0 0 0 0 1 0 0 0 0 0 0 0 0 0 0 0 0
 0 1 1 0]
2025-12-21 21:23:58,127 - [DEBUG] - y_rrl_: (1447,) [0 1 0 0 0 1 0 0 0 0 1 0 0 0 0 0 0 1 0 0 0 0 0 0 1 1 0 0 0 0 0 0 1 1 0 0 0
 0 0 1 0]
2025-12-21 21:23:58,128 - [DEBUG] - y_rrl: (1447, 2) [[10.066067   -9.756467  ]
 [-0.40849662  0.72101784]
 [ 8.830203   -8.519895  ]
 [ 8.830203   -8.519895  ]
 [10.066067   -9.756467  ]
 [-1.9249444   2.2382615 ]
 [10.066067   -9.756467  ]
 [ 8.830203   -8.519895  ]
 [10.066067   -9.756467  ]
 [ 2.7664788  -2.454758  ]
 [-0.34214005  0.6541864 ]
 [ 5.721584   -5.410951  ]
 [ 6.0860295  -5.775387  ]
 [ 8.830203   -8.519895  ]
 [ 6.936816   -6.626952  ]
 [ 7.5130963  -7.203009  ]
 [ 7.3782077  -7.06793   ]
 [-0.49787757  0.8106393 ]
 [ 4.3225603  -4.0105157 ]
 [ 7.0386896  -6.7278366 ]
 [ 9.91033    -9.600015  ]
 [ 8.98594    -8.676347  ]
 [10.066067   -9.756467  ]
 [ 8.830203   -8.519895  ]
 [-3.9740689   4.287658  ]
 [-1.7692069   2.0818083 ]
 [ 3.2234328  -2.9124537 ]
 [ 8.830203   -8.519895  ]
 [ 7.194427   -6.8842897 ]
 [ 8.98594    -8.676347  ]
 [ 9.91033    -9.600015  ]
 [ 7.357359   -7.046556  ]
 [-0.34214005  0.6541864 ]
 [-0.49787757  0.8106393 ]
 [10.066067   -9.756467  ]
 [ 8.830203   -8.519895  ]
 [10.066067   -9.756467  ]
 [ 8.830203   -8.519895  ]
 [ 1.2936356  -0.9814194 ]
 [-0.59975153  0.9115245 ]
 [ 8.830203   -8.519895  ]]
2025-12-21 21:23:58,130 - [INFO] - ------------------------------------------------------------
2025-12-21 21:23:58,130 - [INFO] - On Validation Set:
	Accuracy of RRL  Model: 0.8811333794056669
	F1 Score of RRL  Model: 0.7204806828391734
2025-12-21 21:23:58,135 - [INFO] - On Validation Set:
Performance of  RRL Model: 
[[1186  100]
 [  72   89]]
              precision    recall  f1-score   support

           0       0.94      0.92      0.93      1286
           1       0.47      0.55      0.51       161

    accuracy                           0.88      1447
   macro avg       0.71      0.74      0.72      1447
weighted avg       0.89      0.88      0.89      1447

2025-12-21 21:23:58,135 - [INFO] - ------------------------------------------------------------
2025-12-21 21:23:58,621 - [INFO] - epoch: 47, loss_rrl: 116.095644146204
2025-12-21 21:23:59,894 - [DEBUG] - y_true: (1447,) [0 0 0 0 0 1 0 0 0 0 0 0 0 0 0 0 0 1 0 0 0 0 0 0 1 0 0 0 0 0 0 0 0 0 0 0 0
 0 1 1 0]
2025-12-21 21:24:00,054 - [DEBUG] - y_rrl_: (1447,) [0 1 0 0 0 1 0 0 0 0 0 0 0 0 0 0 0 0 0 0 0 0 0 0 1 1 0 0 0 0 0 0 0 0 0 0 0
 0 0 0 0]
2025-12-21 21:24:00,054 - [DEBUG] - y_rrl: (1447, 2) [[ 11.036181   -10.730626  ]
 [ -1.4025657    1.7113605 ]
 [  7.7570825   -7.450561  ]
 [  8.83009     -8.5235615 ]
 [ 11.036181   -10.730626  ]
 [ -0.8635937    1.1730583 ]
 [ 11.036181   -10.730626  ]
 [  9.795439    -9.489182  ]
 [ 11.036181   -10.730626  ]
 [  3.4037578   -3.095369  ]
 [  0.6930501   -0.38483623]
 [  9.230741    -8.924648  ]
 [  8.574269    -8.268175  ]
 [  9.795439    -9.489182  ]
 [  7.92482     -7.6190042 ]
 [  9.963176    -9.657626  ]
 [  9.037102    -8.730399  ]
 [  0.5253125   -0.21639292]
 [  6.0154114   -5.706974  ]
 [  7.0783978   -6.7712293 ]
 [ 10.868444   -10.562182  ]
 [  9.963176    -9.657626  ]
 [ 11.036181   -10.730626  ]
 [  9.795439    -9.489182  ]
 [ -3.0118556    3.3213255 ]
 [ -0.69585615   1.0046148 ]
 [  6.7150884   -6.4086595 ]
 [ 10.868444   -10.562182  ]
 [  7.246135    -6.9396725 ]
 [  9.963176    -9.657626  ]
 [ 10.868444   -10.562182  ]
 [  7.5979567   -7.290674  ]
 [  0.6930501   -0.38483623]
 [  0.5253125   -0.21639292]
 [ 11.036181   -10.730626  ]
 [ 10.868444   -10.562182  ]
 [ 11.036181   -10.730626  ]
 [  9.795439    -9.489182  ]
 [  2.3307521   -2.0223694 ]
 [  1.8152742   -1.5080748 ]
 [  9.795439    -9.489182  ]]
2025-12-21 21:24:00,057 - [INFO] - ------------------------------------------------------------
2025-12-21 21:24:00,057 - [INFO] - On Validation Set:
	Accuracy of RRL  Model: 0.9018659295093296
	F1 Score of RRL  Model: 0.7099791102077688
2025-12-21 21:24:00,063 - [INFO] - On Validation Set:
Performance of  RRL Model: 
[[1241   45]
 [  97   64]]
              precision    recall  f1-score   support

           0       0.93      0.97      0.95      1286
           1       0.59      0.40      0.47       161

    accuracy                           0.90      1447
   macro avg       0.76      0.68      0.71      1447
weighted avg       0.89      0.90      0.89      1447

2025-12-21 21:24:00,063 - [INFO] - ------------------------------------------------------------
2025-12-21 21:24:00,303 - [INFO] - epoch: 48, loss_rrl: 116.96719411760569
2025-12-21 21:24:01,793 - [INFO] - epoch: 49, loss_rrl: 115.74748932011425
2025-12-21 21:24:01,811 - [DEBUG] - y_true: (1447,) [0 0 0 0 0 1 0 0 0 0 0 0 0 0 0 0 0 1 0 0 0 0 0 0 1 0 0 0 0 0 0 0 0 0 0 0 0
 0 1 1 0]
2025-12-21 21:24:01,971 - [DEBUG] - y_rrl_: (1447,) [0 1 0 0 0 1 0 0 0 0 1 0 0 0 0 0 0 1 0 0 0 0 0 0 1 1 0 0 0 0 0 0 1 1 0 0 0
 0 1 0 0]
2025-12-21 21:24:01,972 - [DEBUG] - y_rrl: (1447, 2) [[ 10.340149   -10.0386    ]
 [ -1.0705836    1.3753175 ]
 [  7.0421596   -6.7396584 ]
 [  8.120468    -7.8179607 ]
 [ 10.340149   -10.0386    ]
 [ -1.6086675    1.9140563 ]
 [ 10.340149   -10.0386    ]
 [  9.063149    -8.760911  ]
 [ 10.340149   -10.0386    ]
 [  2.658478    -2.354145  ]
 [ -1.4099772    1.7146698 ]
 [  8.5198      -8.217724  ]
 [ 10.340149   -10.0386    ]
 [  8.77297     -8.47019   ]
 [  6.849812    -6.5475264 ]
 [  8.971661    -8.669577  ]
 [  8.332718    -8.03004   ]
 [ -1.6086675    1.9140563 ]
 [  5.296192    -4.991809  ]
 [  3.4761515   -3.1720042 ]
 [ 10.1414585   -9.839213  ]
 [  8.971661    -8.669577  ]
 [ 10.340149   -10.0386    ]
 [  8.6721115   -8.369392  ]
 [ -3.762072     4.067465  ]
 [ -1.4099772    1.7146698 ]
 [  4.6255693   -4.322629  ]
 [  8.6721115   -8.369392  ]
 [  5.144189    -4.8412123 ]
 [  9.26184     -8.960298  ]
 [ 10.1414585   -9.839213  ]
 [  5.4832745   -5.179493  ]
 [ -1.4099772    1.7146698 ]
 [ -1.6086675    1.9140563 ]
 [ 10.340149   -10.0386    ]
 [ 10.1414585   -9.839213  ]
 [ 10.340149   -10.0386    ]
 [  7.3036237   -7.000369  ]
 [ -1.6086675    1.9140563 ]
 [  0.80462193  -0.50092036]
 [  9.063149    -8.760911  ]]
2025-12-21 21:24:01,974 - [INFO] - ------------------------------------------------------------
2025-12-21 21:24:01,974 - [INFO] - On Validation Set:
	Accuracy of RRL  Model: 0.8790601243953006
	F1 Score of RRL  Model: 0.7366937953422694
2025-12-21 21:24:01,979 - [INFO] - On Validation Set:
Performance of  RRL Model: 
[[1168  118]
 [  57  104]]
              precision    recall  f1-score   support

           0       0.95      0.91      0.93      1286
           1       0.47      0.65      0.54       161

    accuracy                           0.88      1447
   macro avg       0.71      0.78      0.74      1447
weighted avg       0.90      0.88      0.89      1447

2025-12-21 21:24:01,979 - [INFO] - ------------------------------------------------------------
2025-12-21 21:24:03,465 - [INFO] - epoch: 50, loss_rrl: 115.5251135751605
2025-12-21 21:24:03,726 - [DEBUG] - y_true: (1447,) [0 0 0 0 0 1 0 0 0 0 0 0 0 0 0 0 0 1 0 0 0 0 0 0 1 0 0 0 0 0 0 0 0 0 0 0 0
 0 1 1 0]
2025-12-21 21:24:03,886 - [DEBUG] - y_rrl_: (1447,) [0 0 0 0 0 0 0 0 0 0 0 0 0 0 0 0 0 0 0 0 0 0 0 0 1 0 0 0 0 0 0 0 0 0 0 0 0
 0 0 0 0]
2025-12-21 21:24:03,886 - [DEBUG] - y_rrl: (1447, 2) [[ 11.599198   -11.301644  ]
 [  2.133958    -1.8336356 ]
 [ 11.354608   -11.056368  ]
 [ 11.354608   -11.056368  ]
 [ 11.599198   -11.301644  ]
 [  0.5076197   -0.2074107 ]
 [ 11.599198   -11.301644  ]
 [ 11.354608   -11.056368  ]
 [ 11.599198   -11.301644  ]
 [  4.774873    -4.475705  ]
 [  0.7522102   -0.45268726]
 [  8.414448    -8.1158495 ]
 [ 10.255665    -9.957583  ]
 [ 10.011074    -9.712307  ]
 [ 10.255665    -9.957583  ]
 [ 10.255665    -9.957583  ]
 [ 11.599198   -11.301644  ]
 [  0.5076197   -0.2074107 ]
 [  7.4427314   -7.143508  ]
 [  8.169857    -7.870574  ]
 [ 11.354608   -11.056368  ]
 [ 10.255665    -9.957583  ]
 [ 11.599198   -11.301644  ]
 [ 10.011074    -9.712307  ]
 [ -2.6025362    2.9038606 ]
 [  0.7522102   -0.45268726]
 [  7.713818    -7.4154196 ]
 [ 10.011074    -9.712307  ]
 [  8.414448    -8.1158495 ]
 [ 11.599198   -11.301644  ]
 [ 11.354608   -11.056368  ]
 [  8.525233    -8.226004  ]
 [  0.7522102   -0.45268726]
 [  0.5076197   -0.2074107 ]
 [ 11.599198   -11.301644  ]
 [ 11.354608   -11.056368  ]
 [ 11.599198   -11.301644  ]
 [ 10.011074    -9.712307  ]
 [  0.5076197   -0.2074107 ]
 [  2.0516148   -1.7519522 ]
 [ 11.354608   -11.056368  ]]
2025-12-21 21:24:03,888 - [INFO] - ------------------------------------------------------------
2025-12-21 21:24:03,889 - [INFO] - On Validation Set:
	Accuracy of RRL  Model: 0.9067035245335177
	F1 Score of RRL  Model: 0.6637252994875273
2025-12-21 21:24:03,894 - [INFO] - On Validation Set:
Performance of  RRL Model: 
[[1271   15]
 [ 120   41]]
              precision    recall  f1-score   support

           0       0.91      0.99      0.95      1286
           1       0.73      0.25      0.38       161

    accuracy                           0.91      1447
   macro avg       0.82      0.62      0.66      1447
weighted avg       0.89      0.91      0.89      1447

2025-12-21 21:24:03,895 - [INFO] - ------------------------------------------------------------
2025-12-21 21:24:05,189 - [INFO] - epoch: 51, loss_rrl: 114.74407706223428
2025-12-21 21:24:05,692 - [DEBUG] - y_true: (1447,) [0 0 0 0 0 1 0 0 0 0 0 0 0 0 0 0 0 1 0 0 0 0 0 0 1 0 0 0 0 0 0 0 0 0 0 0 0
 0 1 1 0]
2025-12-21 21:24:05,854 - [DEBUG] - y_rrl_: (1447,) [0 0 0 0 0 1 0 0 0 0 0 0 0 0 0 0 0 0 0 0 0 0 0 0 1 1 0 0 0 0 0 0 0 0 0 0 0
 0 0 0 0]
2025-12-21 21:24:05,855 - [DEBUG] - y_rrl: (1447, 2) [[ 10.706367   -10.412777  ]
 [  0.15741388   0.13887496]
 [  6.6337624   -6.3397145 ]
 [  8.425222    -8.130711  ]
 [  9.99928     -9.706148  ]
 [ -1.1124473    1.4081736 ]
 [ 10.706367   -10.412777  ]
 [  9.32245     -9.028192  ]
 [ 10.706367   -10.412777  ]
 [  3.8366077   -3.54144   ]
 [  1.2061838   -0.91118866]
 [  8.153685    -7.8600464 ]
 [  7.6029053   -7.3092647 ]
 [  8.615363    -8.321563  ]
 [  7.6403923   -7.3465614 ]
 [  9.621993    -9.328409  ]
 [  9.621993    -9.328409  ]
 [  0.9066408   -0.610971  ]
 [  6.527872    -6.2326474 ]
 [  8.561228    -8.2664585 ]
 [ 10.406823   -10.112559  ]
 [  8.9149065   -8.62178   ]
 [  9.99928     -9.706148  ]
 [  9.32245     -9.028192  ]
 [ -3.5062418    3.8035173 ]
 [ -0.8129042    1.1079557 ]
 [  8.163102    -7.869203  ]
 [ 10.406823   -10.112559  ]
 [  8.153685    -7.8600464 ]
 [  9.621993    -9.328409  ]
 [ 10.406823   -10.112559  ]
 [  8.21716     -7.9229016 ]
 [  1.2061838   -0.91118866]
 [  0.19955395   0.09565808]
 [  9.99928     -9.706148  ]
 [ 10.406823   -10.112559  ]
 [  9.99928     -9.706148  ]
 [  9.32245     -9.028192  ]
 [  2.7522345   -2.4570727 ]
 [  1.4334726   -1.1383464 ]
 [  9.32245     -9.028192  ]]
2025-12-21 21:24:05,857 - [INFO] - ------------------------------------------------------------
2025-12-21 21:24:05,857 - [INFO] - On Validation Set:
	Accuracy of RRL  Model: 0.9046302695231514
	F1 Score of RRL  Model: 0.7043125710765732
2025-12-21 21:24:05,863 - [INFO] - On Validation Set:
Performance of  RRL Model: 
[[1250   36]
 [ 102   59]]
              precision    recall  f1-score   support

           0       0.92      0.97      0.95      1286
           1       0.62      0.37      0.46       161

    accuracy                           0.90      1447
   macro avg       0.77      0.67      0.70      1447
weighted avg       0.89      0.90      0.89      1447

2025-12-21 21:24:05,863 - [INFO] - ------------------------------------------------------------
2025-12-21 21:24:06,862 - [INFO] - epoch: 52, loss_rrl: 115.06603140570223
2025-12-21 21:24:07,610 - [DEBUG] - y_true: (1447,) [0 0 0 0 0 1 0 0 0 0 0 0 0 0 0 0 0 1 0 0 0 0 0 0 1 0 0 0 0 0 0 0 0 0 0 0 0
 0 1 1 0]
2025-12-21 21:24:07,771 - [DEBUG] - y_rrl_: (1447,) [0 0 0 0 0 0 0 0 0 0 0 0 0 0 0 0 0 0 0 0 0 0 0 0 1 0 0 0 0 0 0 0 0 0 0 0 0
 0 0 0 0]
2025-12-21 21:24:07,772 - [DEBUG] - y_rrl: (1447, 2) [[ 12.573347  -12.283672 ]
 [  1.0207173  -0.7280477]
 [ 10.419162  -10.12928  ]
 [ 11.13608   -10.845747 ]
 [ 11.856429  -11.567205 ]
 [  0.7108892  -0.4191166]
 [ 12.573347  -12.283672 ]
 [ 11.13608   -10.845747 ]
 [ 12.573347  -12.283672 ]
 [  4.5739713  -4.282757 ]
 [  3.073676   -2.7826238]
 [  8.918868   -8.629147 ]
 [ 10.565488  -10.275758 ]
 [ 11.501501  -11.211614 ]
 [ 10.616635  -10.326715 ]
 [ 12.573347  -12.283672 ]
 [ 11.491008  -11.201339 ]
 [  2.718748   -2.4270318]
 [  6.5004883  -6.208705 ]
 [  7.222347   -6.931171 ]
 [ 12.218419  -11.928081 ]
 [ 11.856429  -11.567205 ]
 [ 11.856429  -11.567205 ]
 [ 12.218419  -11.928081 ]
 [ -1.6916199   1.9849116]
 [  1.0658174  -0.7747086]
 [ 12.573347  -12.283672 ]
 [ 12.218419  -11.928081 ]
 [  7.9426966  -7.6526294]
 [ 11.491008  -11.201339 ]
 [ 12.218419  -11.928081 ]
 [  8.929733   -8.63941  ]
 [  3.073676   -2.7826238]
 [  2.00183    -1.7105645]
 [ 11.856429  -11.567205 ]
 [ 12.218419  -11.928081 ]
 [ 11.856429  -11.567205 ]
 [ 12.218419  -11.928081 ]
 [  2.718748   -2.4270318]
 [  4.381241   -4.0900574]
 [ 11.13608   -10.845747 ]]
2025-12-21 21:24:07,774 - [INFO] - ------------------------------------------------------------
2025-12-21 21:24:07,774 - [INFO] - On Validation Set:
	Accuracy of RRL  Model: 0.8997926744989634
	F1 Score of RRL  Model: 0.5975104212026634
2025-12-21 21:24:07,780 - [INFO] - On Validation Set:
Performance of  RRL Model: 
[[1278    8]
 [ 137   24]]
              precision    recall  f1-score   support

           0       0.90      0.99      0.95      1286
           1       0.75      0.15      0.25       161

    accuracy                           0.90      1447
   macro avg       0.83      0.57      0.60      1447
weighted avg       0.89      0.90      0.87      1447

2025-12-21 21:24:07,780 - [INFO] - ------------------------------------------------------------
2025-12-21 21:24:08,544 - [INFO] - epoch: 53, loss_rrl: 115.2202927377075
2025-12-21 21:24:09,541 - [DEBUG] - y_true: (1447,) [0 0 0 0 0 1 0 0 0 0 0 0 0 0 0 0 0 1 0 0 0 0 0 0 1 0 0 0 0 0 0 0 0 0 0 0 0
 0 1 1 0]
2025-12-21 21:24:09,705 - [DEBUG] - y_rrl_: (1447,) [0 0 0 0 0 1 0 0 0 0 0 0 0 0 0 0 0 0 0 0 0 0 0 0 1 1 0 0 0 0 0 0 0 0 0 0 0
 0 0 0 0]
2025-12-21 21:24:09,706 - [DEBUG] - y_rrl: (1447, 2) [[ 11.045808  -10.759993 ]
 [  1.570917   -1.2824969]
 [  6.8967566  -6.610498 ]
 [  7.6207666  -7.3340635]
 [ 10.321798  -10.0364275]
 [ -1.2720733   1.5611964]
 [ 11.045808  -10.759993 ]
 [  9.555991   -9.26953  ]
 [ 11.045808  -10.759993 ]
 [  4.049072   -3.760923 ]
 [  2.5898674  -2.3018768]
 [  7.372778   -7.086917 ]
 [  7.5855093  -7.2992134]
 [  9.9201565  -9.634134 ]
 [  9.110583   -8.824525 ]
 [ 11.045808  -10.759993 ]
 [  9.044871   -8.758003 ]
 [  2.1882257  -1.8995838]
 [  5.9069414  -5.618496 ]
 [  7.695147   -7.4081893]
 [ 10.644166  -10.357699 ]
 [ 10.321798  -10.0364275]
 [ 10.321798  -10.0364275]
 [ 10.644166  -10.357699 ]
 [ -3.2072995   3.496662 ]
 [ -0.8704321   1.1589032]
 [  6.644075   -6.3574705]
 [ 10.644166  -10.357699 ]
 [  8.460954   -8.175086 ]
 [  9.957633   -9.6718235]
 [ 10.644166  -10.357699 ]
 [  5.4993005  -5.2123575]
 [  2.5898674  -2.3018768]
 [  1.4642156  -1.1760181]
 [ 10.321798  -10.0364275]
 [ 10.644166  -10.357699 ]
 [ 10.321798  -10.0364275]
 [ 10.644166  -10.357699 ]
 [  2.1882257  -1.8995838]
 [  2.879652   -2.5923548]
 [  9.555991   -9.26953  ]]
2025-12-21 21:24:09,708 - [INFO] - ------------------------------------------------------------
2025-12-21 21:24:09,708 - [INFO] - On Validation Set:
	Accuracy of RRL  Model: 0.9011748445058743
	F1 Score of RRL  Model: 0.7199656793154269
2025-12-21 21:24:09,714 - [INFO] - On Validation Set:
Performance of  RRL Model: 
[[1234   52]
 [  91   70]]
              precision    recall  f1-score   support

           0       0.93      0.96      0.95      1286
           1       0.57      0.43      0.49       161

    accuracy                           0.90      1447
   macro avg       0.75      0.70      0.72      1447
weighted avg       0.89      0.90      0.90      1447

2025-12-21 21:24:09,714 - [INFO] - ------------------------------------------------------------
2025-12-21 21:24:10,233 - [INFO] - epoch: 54, loss_rrl: 116.11128110252321
2025-12-21 21:24:11,463 - [DEBUG] - y_true: (1447,) [0 0 0 0 0 1 0 0 0 0 0 0 0 0 0 0 0 1 0 0 0 0 0 0 1 0 0 0 0 0 0 0 0 0 0 0 0
 0 1 1 0]
2025-12-21 21:24:11,625 - [DEBUG] - y_rrl_: (1447,) [0 1 0 0 0 0 0 0 0 0 0 0 0 0 0 0 0 0 0 0 0 0 0 0 1 0 0 0 0 0 0 0 0 0 0 0 0
 0 0 0 0]
2025-12-21 21:24:11,625 - [DEBUG] - y_rrl: (1447, 2) [[ 10.959409   -10.677342  ]
 [ -1.653203     1.9381393 ]
 [  6.754102    -6.4716    ]
 [  8.581644    -8.2987    ]
 [ 10.222585    -9.940955  ]
 [  1.0041099   -0.72026527]
 [ 10.959409   -10.677342  ]
 [  9.431757    -9.149055  ]
 [ 10.959409   -10.677342  ]
 [  5.9323535   -5.649037  ]
 [  2.177869    -1.8942281 ]
 [  7.1218853   -6.839281  ]
 [  8.973452    -8.691337  ]
 [  9.78565     -9.503379  ]
 [  7.5652733   -7.28255   ]
 [  9.710276    -9.427724  ]
 [  9.868691    -9.586631  ]
 [  1.7409344   -1.4566525 ]
 [  6.729319    -6.44571   ]
 [  7.0156317   -6.732176  ]
 [ 10.522474   -10.239766  ]
 [ 10.222585    -9.940955  ]
 [ 10.222585    -9.940955  ]
 [  9.069169    -8.786041  ]
 [ -3.3026764    3.588217  ]
 [  1.4410443   -1.1578408 ]
 [  3.2685864   -2.9849398 ]
 [  9.069169    -8.786041  ]
 [  6.9199147   -6.637471  ]
 [  9.868691    -9.586631  ]
 [ 10.522474   -10.239766  ]
 [  6.4807787   -6.197599  ]
 [  2.177869    -1.8942281 ]
 [  1.0041099   -0.72026527]
 [ 10.222585    -9.940955  ]
 [ 10.522474   -10.239766  ]
 [ 10.222585    -9.940955  ]
 [  9.069169    -8.786041  ]
 [  3.5925033   -3.3087063 ]
 [  1.5298488   -1.24585   ]
 [  9.431757    -9.149055  ]]
2025-12-21 21:24:11,627 - [INFO] - ------------------------------------------------------------
2025-12-21 21:24:11,627 - [INFO] - On Validation Set:
	Accuracy of RRL  Model: 0.9004837595024188
	F1 Score of RRL  Model: 0.6777482214661306
2025-12-21 21:24:11,633 - [INFO] - On Validation Set:
Performance of  RRL Model: 
[[1253   33]
 [ 111   50]]
              precision    recall  f1-score   support

           0       0.92      0.97      0.95      1286
           1       0.60      0.31      0.41       161

    accuracy                           0.90      1447
   macro avg       0.76      0.64      0.68      1447
weighted avg       0.88      0.90      0.89      1447

2025-12-21 21:24:11,633 - [INFO] - ------------------------------------------------------------
2025-12-21 21:24:11,911 - [INFO] - epoch: 55, loss_rrl: 117.32741254940629
2025-12-21 21:24:13,541 - [DEBUG] - y_true: (1447,) [0 0 0 0 0 1 0 0 0 0 0 0 0 0 0 0 0 1 0 0 0 0 0 0 1 0 0 0 0 0 0 0 0 0 0 0 0
 0 1 1 0]
2025-12-21 21:24:13,700 - [DEBUG] - y_rrl_: (1447,) [0 0 0 0 0 0 0 0 0 0 0 0 0 0 0 0 0 0 0 0 0 0 0 0 1 0 0 0 0 0 0 0 0 0 0 0 0
 0 0 0 0]
2025-12-21 21:24:13,701 - [DEBUG] - y_rrl: (1447, 2) [[ 12.493511   -12.215175  ]
 [  0.91071624  -0.62956864]
 [  8.992005    -8.712815  ]
 [ 10.081554    -9.802359  ]
 [ 12.493511   -12.215175  ]
 [  2.3322728   -2.050746  ]
 [ 12.493511   -12.215175  ]
 [ 10.92979    -10.650829  ]
 [ 12.493511   -12.215175  ]
 [  6.517341    -6.2367597 ]
 [  2.8064458   -2.5255475 ]
 [  9.397994    -9.118704  ]
 [ 11.248869   -10.970056  ]
 [ 12.019339   -11.740373  ]
 [  9.0570755   -8.778099  ]
 [ 11.248869   -10.970056  ]
 [ 10.478632   -10.199276  ]
 [  2.3322728   -2.050746  ]
 [  7.2611666   -6.980293  ]
 [  6.618774    -6.3386025 ]
 [ 12.019339   -11.740373  ]
 [ 12.493511   -12.215175  ]
 [ 12.493511   -12.215175  ]
 [ 10.520687   -10.241312  ]
 [ -1.8566412    2.1383767 ]
 [  2.8064458   -2.5255475 ]
 [  9.397994    -9.118704  ]
 [ 10.520687   -10.241312  ]
 [  7.3469563   -7.067347  ]
 [ 11.403962   -11.125631  ]
 [ 12.019339   -11.740373  ]
 [ 10.520687   -10.241312  ]
 [  2.8064458   -2.5255475 ]
 [  2.3322728   -2.050746  ]
 [ 12.493511   -12.215175  ]
 [ 12.019339   -11.740373  ]
 [ 12.493511   -12.215175  ]
 [ 10.520687   -10.241312  ]
 [  2.3322728   -2.050746  ]
 [  3.0566084   -2.7763832 ]
 [ 10.92979    -10.650829  ]]
2025-12-21 21:24:13,703 - [INFO] - ------------------------------------------------------------
2025-12-21 21:24:13,703 - [INFO] - On Validation Set:
	Accuracy of RRL  Model: 0.9039391845196959
	F1 Score of RRL  Model: 0.6415795710708971
2025-12-21 21:24:13,709 - [INFO] - On Validation Set:
Performance of  RRL Model: 
[[1273   13]
 [ 126   35]]
              precision    recall  f1-score   support

           0       0.91      0.99      0.95      1286
           1       0.73      0.22      0.33       161

    accuracy                           0.90      1447
   macro avg       0.82      0.60      0.64      1447
weighted avg       0.89      0.90      0.88      1447

2025-12-21 21:24:13,709 - [INFO] - ------------------------------------------------------------
2025-12-21 21:24:13,741 - [INFO] - epoch: 56, loss_rrl: 116.9883092045784
2025-12-21 21:24:15,248 - [INFO] - epoch: 57, loss_rrl: 116.27038675360382
2025-12-21 21:24:15,473 - [DEBUG] - y_true: (1447,) [0 0 0 0 0 1 0 0 0 0 0 0 0 0 0 0 0 1 0 0 0 0 0 0 1 0 0 0 0 0 0 0 0 0 0 0 0
 0 1 1 0]
2025-12-21 21:24:15,631 - [DEBUG] - y_rrl_: (1447,) [0 0 0 0 0 0 0 0 0 0 0 0 0 0 0 0 0 0 0 0 0 0 0 0 1 0 0 0 0 0 0 0 0 0 0 0 0
 0 0 0 0]
2025-12-21 21:24:15,631 - [DEBUG] - y_rrl: (1447, 2) [[ 12.166335   -11.891721  ]
 [  1.4856726   -1.2086136 ]
 [  9.724508    -9.44905   ]
 [  9.724508    -9.44905   ]
 [ 12.166335   -11.891721  ]
 [  0.9800217   -0.70305556]
 [ 12.166335   -11.891721  ]
 [ 11.665619   -11.390387  ]
 [ 12.166335   -11.891721  ]
 [  5.154868    -4.878833  ]
 [  2.723153    -2.4472747 ]
 [  9.233907    -8.95883   ]
 [  9.838739    -9.5636635 ]
 [ 10.58044    -10.305214  ]
 [  9.140044    -8.865211  ]
 [ 11.081155   -10.806548  ]
 [  9.649615    -9.374734  ]
 [  2.2224374   -1.9459403 ]
 [  7.7907557   -7.5146585 ]
 [ 10.58044    -10.305214  ]
 [ 11.665619   -11.390387  ]
 [ 11.081155   -10.806548  ]
 [ 12.166335   -11.891721  ]
 [ 10.58044    -10.305214  ]
 [ -2.2780764    2.5560262 ]
 [  1.4807373   -1.2043898 ]
 [  7.180987    -6.9055996 ]
 [ 10.58044    -10.305214  ]
 [ 11.081155   -10.806548  ]
 [ 12.166335   -11.891721  ]
 [ 11.665619   -11.390387  ]
 [  9.033171    -8.757544  ]
 [  2.723153    -2.4472747 ]
 [  2.2224374   -1.9459403 ]
 [ 12.166335   -11.891721  ]
 [ 11.665619   -11.390387  ]
 [ 12.166335   -11.891721  ]
 [ 10.58044    -10.305214  ]
 [  4.0696893   -3.7936602 ]
 [  2.8595762   -2.5835826 ]
 [ 11.665619   -11.390387  ]]
2025-12-21 21:24:15,633 - [INFO] - ------------------------------------------------------------
2025-12-21 21:24:15,633 - [INFO] - On Validation Set:
	Accuracy of RRL  Model: 0.9067035245335177
	F1 Score of RRL  Model: 0.6720379831204786
2025-12-21 21:24:15,639 - [INFO] - On Validation Set:
Performance of  RRL Model: 
[[1268   18]
 [ 117   44]]
              precision    recall  f1-score   support

           0       0.92      0.99      0.95      1286
           1       0.71      0.27      0.39       161

    accuracy                           0.91      1447
   macro avg       0.81      0.63      0.67      1447
weighted avg       0.89      0.91      0.89      1447

2025-12-21 21:24:15,639 - [INFO] - ------------------------------------------------------------
2025-12-21 21:24:16,913 - [INFO] - epoch: 58, loss_rrl: 117.26250166073442
2025-12-21 21:24:17,381 - [DEBUG] - y_true: (1447,) [0 0 0 0 0 1 0 0 0 0 0 0 0 0 0 0 0 1 0 0 0 0 0 0 1 0 0 0 0 0 0 0 0 0 0 0 0
 0 1 1 0]
2025-12-21 21:24:17,541 - [DEBUG] - y_rrl_: (1447,) [0 0 0 0 0 1 0 0 0 0 0 0 0 0 0 0 0 1 0 0 0 0 0 0 1 1 0 0 0 0 0 0 0 1 0 0 0
 0 1 0 0]
2025-12-21 21:24:17,541 - [DEBUG] - y_rrl: (1447, 2) [[ 11.13499    -10.864038  ]
 [  0.4555465   -0.18219717]
 [  7.6120377   -7.3402605 ]
 [  7.6120377   -7.3402605 ]
 [ 11.13499    -10.864038  ]
 [ -1.6128404    1.886492  ]
 [ 11.13499    -10.864038  ]
 [  9.567867    -9.296315  ]
 [ 11.13499    -10.864038  ]
 [  3.0239732   -2.7516365 ]
 [  0.44454074  -0.17188807]
 [  6.988438    -6.7165647 ]
 [  7.241952    -6.9701514 ]
 [  9.567867    -9.296315  ]
 [  8.094193    -7.823024  ]
 [  8.817177    -8.545769  ]
 [ 10.050023    -9.7790785 ]
 [ -0.0376149    0.3108749 ]
 [  6.759797    -6.487388  ]
 [  9.567867    -9.296315  ]
 [ 10.652834   -10.381275  ]
 [ 10.050023    -9.7790785 ]
 [ 11.13499    -10.864038  ]
 [  9.567867    -9.296315  ]
 [ -1.7478538    2.0216854 ]
 [ -1.1306849    1.4037287 ]
 [  4.920052    -4.6478763 ]
 [  9.567867    -9.296315  ]
 [  8.817177    -8.545769  ]
 [ 10.050023    -9.7790785 ]
 [ 10.652834   -10.381275  ]
 [  6.1639028   -5.891494  ]
 [  0.44454074  -0.17188807]
 [ -0.0376149    0.3108749 ]
 [ 11.13499    -10.864038  ]
 [  9.567867    -9.296315  ]
 [ 11.13499    -10.864038  ]
 [  9.567867    -9.296315  ]
 [ -0.0376149    0.3108749 ]
 [  0.563044    -0.29027936]
 [  9.567867    -9.296315  ]]
2025-12-21 21:24:17,543 - [INFO] - ------------------------------------------------------------
2025-12-21 21:24:17,544 - [INFO] - On Validation Set:
	Accuracy of RRL  Model: 0.8963372494816862
	F1 Score of RRL  Model: 0.7194315467265074
2025-12-21 21:24:17,550 - [INFO] - On Validation Set:
Performance of  RRL Model: 
[[1223   63]
 [  87   74]]
              precision    recall  f1-score   support

           0       0.93      0.95      0.94      1286
           1       0.54      0.46      0.50       161

    accuracy                           0.90      1447
   macro avg       0.74      0.71      0.72      1447
weighted avg       0.89      0.90      0.89      1447

2025-12-21 21:24:17,550 - [INFO] - ------------------------------------------------------------
2025-12-21 21:24:18,590 - [INFO] - epoch: 59, loss_rrl: 118.08352316915989
2025-12-21 21:24:19,302 - [DEBUG] - y_true: (1447,) [0 0 0 0 0 1 0 0 0 0 0 0 0 0 0 0 0 1 0 0 0 0 0 0 1 0 0 0 0 0 0 0 0 0 0 0 0
 0 1 1 0]
2025-12-21 21:24:19,461 - [DEBUG] - y_rrl_: (1447,) [0 0 0 0 0 0 0 0 0 0 0 0 0 0 0 0 0 0 0 0 0 0 0 0 1 0 0 0 0 0 0 0 0 0 0 0 0
 0 0 0 0]
2025-12-21 21:24:19,462 - [DEBUG] - y_rrl: (1447, 2) [[ 13.465161  -13.197457 ]
 [  2.2756438  -2.0058866]
 [ 11.602949  -11.335664 ]
 [ 13.465161  -13.197457 ]
 [ 12.686004  -12.418713 ]
 [  3.060577   -2.790859 ]
 [ 13.465161  -13.197457 ]
 [ 12.382108  -12.114408 ]
 [ 13.465161  -13.197457 ]
 [  7.9716187  -7.702387 ]
 [  3.8397355  -3.5696037]
 [  9.637178   -9.368978 ]
 [ 11.45343   -11.185682 ]
 [ 12.686004  -12.418713 ]
 [ 13.465161  -13.197457 ]
 [ 12.232588  -11.964427 ]
 [ 11.461996  -11.193318 ]
 [  3.8397355  -3.5696037]
 [  6.8042064  -6.534236 ]
 [ 11.394252  -11.126246 ]
 [ 13.465161  -13.197457 ]
 [ 12.686004  -12.418713 ]
 [ 12.686004  -12.418713 ]
 [ 13.465161  -13.197457 ]
 [ -0.5066808   0.7769971]
 [  3.060577   -2.790859 ]
 [ 10.161678   -9.893216 ]
 [ 13.465161  -13.197457 ]
 [  9.38252    -9.114472 ]
 [ 12.382108  -12.114408 ]
 [ 13.465161  -13.197457 ]
 [ 11.077039  -10.809365 ]
 [  3.8397355  -3.5696037]
 [  3.060577   -2.790859 ]
 [ 12.686004  -12.418713 ]
 [ 13.465161  -13.197457 ]
 [ 12.686004  -12.418713 ]
 [ 13.465161  -13.197457 ]
 [  3.8397355  -3.5696037]
 [  4.0015907  -3.7321036]
 [ 12.382108  -12.114408 ]]
2025-12-21 21:24:19,464 - [INFO] - ------------------------------------------------------------
2025-12-21 21:24:19,464 - [INFO] - On Validation Set:
	Accuracy of RRL  Model: 0.8956461644782309
	F1 Score of RRL  Model: 0.5408038669678978
2025-12-21 21:24:19,470 - [INFO] - On Validation Set:
Performance of  RRL Model: 
[[1284    2]
 [ 149   12]]
              precision    recall  f1-score   support

           0       0.90      1.00      0.94      1286
           1       0.86      0.07      0.14       161

    accuracy                           0.90      1447
   macro avg       0.88      0.54      0.54      1447
weighted avg       0.89      0.90      0.85      1447

2025-12-21 21:24:19,470 - [INFO] - ------------------------------------------------------------
2025-12-21 21:24:20,262 - [INFO] - epoch: 60, loss_rrl: 116.34290958940983
2025-12-21 21:24:21,221 - [DEBUG] - y_true: (1447,) [0 0 0 0 0 1 0 0 0 0 0 0 0 0 0 0 0 1 0 0 0 0 0 0 1 0 0 0 0 0 0 0 0 0 0 0 0
 0 1 1 0]
2025-12-21 21:24:21,380 - [DEBUG] - y_rrl_: (1447,) [0 0 0 0 0 1 0 0 0 0 0 0 0 0 0 0 0 0 0 0 0 0 0 0 1 0 0 0 0 0 0 0 0 0 0 0 0
 0 0 0 0]
2025-12-21 21:24:21,381 - [DEBUG] - y_rrl: (1447, 2) [[ 12.221652   -11.956642  ]
 [  2.6331854   -2.3658571 ]
 [  9.87943     -9.614244  ]
 [ 10.655848   -10.390253  ]
 [ 11.445233   -11.180634  ]
 [ -0.26872897   0.53668654]
 [ 12.221652   -11.956642  ]
 [ 10.655848   -10.390253  ]
 [ 12.221652   -11.956642  ]
 [  5.1704125   -4.9033155 ]
 [  3.8491774   -3.5822291 ]
 [  8.558198    -8.29316   ]
 [  8.5937605   -8.32833   ]
 [ 10.955219   -10.690029  ]
 [ 10.595712   -10.330323  ]
 [ 12.221652   -11.956642  ]
 [ 10.232855    -9.966885  ]
 [  3.359163    -3.0916245 ]
 [  6.8913674   -6.6239777 ]
 [  7.218662    -6.9522457 ]
 [ 11.731638   -11.466038  ]
 [ 11.445233   -11.180634  ]
 [ 11.445233   -11.180634  ]
 [ 10.105698    -9.839719  ]
 [ -2.2121964    2.4803658 ]
 [  0.22128499   0.04608214]
 [ 10.141488    -9.876186  ]
 [ 10.105698    -9.839719  ]
 [  9.633987    -9.368944  ]
 [ 11.145862   -10.880857  ]
 [ 11.731638   -11.466038  ]
 [  6.442244    -6.176238  ]
 [  3.8491774   -3.5822291 ]
 [  2.5827448   -2.3156166 ]
 [ 11.445233   -11.180634  ]
 [ 11.731638   -11.466038  ]
 [ 11.445233   -11.180634  ]
 [ 10.105698    -9.839719  ]
 [  3.359163    -3.0916245 ]
 [  4.016329    -3.7500174 ]
 [ 10.655848   -10.390253  ]]
2025-12-21 21:24:21,383 - [INFO] - ------------------------------------------------------------
2025-12-21 21:24:21,383 - [INFO] - On Validation Set:
	Accuracy of RRL  Model: 0.907394609536973
	F1 Score of RRL  Model: 0.6676231812509428
2025-12-21 21:24:21,389 - [INFO] - On Validation Set:
Performance of  RRL Model: 
[[1271   15]
 [ 119   42]]
              precision    recall  f1-score   support

           0       0.91      0.99      0.95      1286
           1       0.74      0.26      0.39       161

    accuracy                           0.91      1447
   macro avg       0.83      0.62      0.67      1447
weighted avg       0.89      0.91      0.89      1447

2025-12-21 21:24:21,389 - [INFO] - ------------------------------------------------------------
2025-12-21 21:24:21,938 - [INFO] - epoch: 61, loss_rrl: 115.75011280179024
2025-12-21 21:24:23,125 - [DEBUG] - y_true: (1447,) [0 0 0 0 0 1 0 0 0 0 0 0 0 0 0 0 0 1 0 0 0 0 0 0 1 0 0 0 0 0 0 0 0 0 0 0 0
 0 1 1 0]
2025-12-21 21:24:23,284 - [DEBUG] - y_rrl_: (1447,) [0 1 0 0 0 1 0 0 0 0 0 0 0 0 0 0 0 0 0 0 0 0 0 0 1 0 0 0 0 0 0 0 0 1 0 0 0
 0 0 0 0]
2025-12-21 21:24:23,285 - [DEBUG] - y_rrl: (1447, 2) [[ 12.443976   -12.181687  ]
 [ -0.27666637   0.5415195 ]
 [  8.194878    -7.932211  ]
 [  8.962209    -8.699137  ]
 [ 11.676645   -11.414762  ]
 [ -0.30382288   0.5688512 ]
 [ 12.443976   -12.181687  ]
 [ 10.8885145  -10.625648  ]
 [ 12.443976   -12.181687  ]
 [  3.491356    -3.226802  ]
 [  0.94805396  -0.68320274]
 [  7.57788     -7.315124  ]
 [  9.383145    -9.120822  ]
 [ 10.121182    -9.858722  ]
 [  9.727536    -9.46488   ]
 [ 10.150477    -9.887748  ]
 [ 10.4677105  -10.204474  ]
 [  0.46350852  -0.19807419]
 [  7.115058    -6.850423  ]
 [  5.3515863   -5.0876274 ]
 [ 11.959431   -11.696559  ]
 [ 10.605728   -10.34385   ]
 [ 11.676645   -11.414762  ]
 [  9.2429905   -8.979753  ]
 [ -1.9493471    2.2147465 ]
 [  0.18072256   0.08372261]
 [  6.2590733   -5.995623  ]
 [  9.2429905   -8.979753  ]
 [  5.491741    -5.228698  ]
 [ 11.37306    -11.110776  ]
 [ 11.959431   -11.696559  ]
 [  6.6703935   -6.4071283 ]
 [  0.94805396  -0.68320274]
 [ -0.30382288   0.5688512 ]
 [ 11.676645   -11.414762  ]
 [ 10.8885145  -10.625648  ]
 [ 11.676645   -11.414762  ]
 [  9.2429905   -8.979753  ]
 [  2.2687726   -2.0037744 ]
 [  1.9859864   -1.7219777 ]
 [ 10.8885145  -10.625648  ]]
2025-12-21 21:24:23,287 - [INFO] - ------------------------------------------------------------
2025-12-21 21:24:23,287 - [INFO] - On Validation Set:
	Accuracy of RRL  Model: 0.8977194194885971
	F1 Score of RRL  Model: 0.6828859457922669
2025-12-21 21:24:23,293 - [INFO] - On Validation Set:
Performance of  RRL Model: 
[[1245   41]
 [ 107   54]]
              precision    recall  f1-score   support

           0       0.92      0.97      0.94      1286
           1       0.57      0.34      0.42       161

    accuracy                           0.90      1447
   macro avg       0.74      0.65      0.68      1447
weighted avg       0.88      0.90      0.89      1447

2025-12-21 21:24:23,293 - [INFO] - ------------------------------------------------------------
2025-12-21 21:24:23,601 - [INFO] - epoch: 62, loss_rrl: 114.96900595910847
2025-12-21 21:24:25,028 - [DEBUG] - y_true: (1447,) [0 0 0 0 0 1 0 0 0 0 0 0 0 0 0 0 0 1 0 0 0 0 0 0 1 0 0 0 0 0 0 0 0 0 0 0 0
 0 1 1 0]
2025-12-21 21:24:25,188 - [DEBUG] - y_rrl_: (1447,) [0 0 0 0 0 0 0 0 0 0 0 0 0 0 0 0 0 0 0 0 0 0 0 0 1 0 0 0 0 0 0 0 0 0 0 0 0
 0 0 0 0]
2025-12-21 21:24:25,188 - [DEBUG] - y_rrl: (1447, 2) [[ 1.1408890e+01 -1.1149334e+01]
 [ 2.6087409e-01  6.4090267e-04]
 [ 8.4422112e+00 -8.1824522e+00]
 [ 9.5136795e+00 -9.2539148e+00]
 [ 1.0648870e+01 -1.0389714e+01]
 [ 1.0927377e+00 -8.3126038e-01]
 [ 1.1408890e+01 -1.1149334e+01]
 [ 1.0337421e+01 -1.0077871e+01]
 [ 1.1408890e+01 -1.1149334e+01]
 [ 5.9541688e+00 -5.6931572e+00]
 [ 1.0927377e+00 -8.3126038e-01]
 [ 8.3789492e+00 -8.1185188e+00]
 [ 1.0179048e+01 -9.9190521e+00]
 [ 1.0648870e+01 -1.0389714e+01]
 [ 9.7261944e+00 -9.4662714e+00]
 [ 1.0179048e+01 -9.9190521e+00]
 [ 8.6628437e+00 -8.4027557e+00]
 [ 1.8527579e+00 -1.5908804e+00]
 [ 6.5103273e+00 -6.2490330e+00]
 [ 5.8444090e+00 -5.5837712e+00]
 [ 1.1408890e+01 -1.1149334e+01]
 [ 1.0648870e+01 -1.0389714e+01]
 [ 1.1408890e+01 -1.1149334e+01]
 [ 8.9661741e+00 -8.7066517e+00]
 [-2.4851713e+00  2.7472196e+00]
 [ 1.8527579e+00 -1.5908804e+00]
 [ 3.8387833e+00 -3.5778389e+00]
 [ 9.7261944e+00 -9.4662714e+00]
 [ 6.2972627e+00 -6.0365510e+00]
 [ 1.0337421e+01 -1.0077871e+01]
 [ 1.1408890e+01 -1.1149334e+01]
 [ 9.7261944e+00 -9.4662714e+00]
 [ 1.8527579e+00 -1.5908804e+00]
 [ 1.8527579e+00 -1.5908804e+00]
 [ 1.1408890e+01 -1.1149334e+01]
 [ 1.1408890e+01 -1.1149334e+01]
 [ 1.1408890e+01 -1.1149334e+01]
 [ 8.9661741e+00 -8.7066517e+00]
 [ 1.8527579e+00 -1.5908804e+00]
 [ 2.0690937e+00 -1.8078370e+00]
 [ 1.0337421e+01 -1.0077871e+01]]
2025-12-21 21:24:25,191 - [INFO] - ------------------------------------------------------------
2025-12-21 21:24:25,191 - [INFO] - On Validation Set:
	Accuracy of RRL  Model: 0.9053213545266068
	F1 Score of RRL  Model: 0.6644186121310305
2025-12-21 21:24:25,197 - [INFO] - On Validation Set:
Performance of  RRL Model: 
[[1268   18]
 [ 119   42]]
              precision    recall  f1-score   support

           0       0.91      0.99      0.95      1286
           1       0.70      0.26      0.38       161

    accuracy                           0.91      1447
   macro avg       0.81      0.62      0.66      1447
weighted avg       0.89      0.91      0.89      1447

2025-12-21 21:24:25,197 - [INFO] - ------------------------------------------------------------
2025-12-21 21:24:25,263 - [INFO] - epoch: 63, loss_rrl: 116.32633294165134
2025-12-21 21:24:26,737 - [INFO] - epoch: 64, loss_rrl: 116.21802470833063
2025-12-21 21:24:26,928 - [DEBUG] - y_true: (1447,) [0 0 0 0 0 1 0 0 0 0 0 0 0 0 0 0 0 1 0 0 0 0 0 0 1 0 0 0 0 0 0 0 0 0 0 0 0
 0 1 1 0]
2025-12-21 21:24:27,087 - [DEBUG] - y_rrl_: (1447,) [0 1 0 0 0 0 0 0 0 0 0 0 0 0 0 0 0 0 0 0 0 0 0 0 1 0 0 0 0 0 0 0 0 0 0 0 0
 0 0 0 0]
2025-12-21 21:24:27,087 - [DEBUG] - y_rrl: (1447, 2) [[ 10.935997   -10.67915   ]
 [ -1.2838374    1.5426102 ]
 [  7.993895    -7.73685   ]
 [  7.993895    -7.73685   ]
 [ 10.935997   -10.67915   ]
 [  0.42949748  -0.17108607]
 [ 10.935997   -10.67915   ]
 [  9.865129    -9.608288  ]
 [ 10.935997   -10.67915   ]
 [  3.4726655   -3.2151155 ]
 [  0.42949748  -0.17108607]
 [  6.821962    -6.5642576 ]
 [  8.623552    -8.366274  ]
 [  9.865129    -9.608288  ]
 [  8.151794    -7.894591  ]
 [  8.623552    -8.366274  ]
 [  9.865129    -9.608288  ]
 [  0.42949748  -0.17108607]
 [  6.9102173   -6.6525774 ]
 [  6.0780106   -5.8205314 ]
 [ 10.935997   -10.67915   ]
 [  9.865129    -9.608288  ]
 [ 10.935997   -10.67915   ]
 [  8.151794    -7.894591  ]
 [ -2.9802809    3.2395852 ]
 [  0.42949748  -0.17108607]
 [  6.821962    -6.5642576 ]
 [  8.151794    -7.894591  ]
 [  6.549768    -6.2922144 ]
 [  9.865129    -9.608288  ]
 [ 10.935997   -10.67915   ]
 [  8.151794    -7.894591  ]
 [  0.42949748  -0.17108607]
 [  0.42949748  -0.17108607]
 [ 10.935997   -10.67915   ]
 [  9.865129    -9.608288  ]
 [ 10.935997   -10.67915   ]
 [  8.151794    -7.894591  ]
 [  2.2310886   -1.9731019 ]
 [  0.5346453   -0.27612686]
 [  9.865129    -9.608288  ]]
2025-12-21 21:24:27,089 - [INFO] - ------------------------------------------------------------
2025-12-21 21:24:27,089 - [INFO] - On Validation Set:
	Accuracy of RRL  Model: 0.902557014512785
	F1 Score of RRL  Model: 0.6734862730349755
2025-12-21 21:24:27,095 - [INFO] - On Validation Set:
Performance of  RRL Model: 
[[1259   27]
 [ 114   47]]
              precision    recall  f1-score   support

           0       0.92      0.98      0.95      1286
           1       0.64      0.29      0.40       161

    accuracy                           0.90      1447
   macro avg       0.78      0.64      0.67      1447
weighted avg       0.89      0.90      0.89      1447

2025-12-21 21:24:27,095 - [INFO] - ------------------------------------------------------------
2025-12-21 21:24:28,410 - [INFO] - epoch: 65, loss_rrl: 116.38910484872758
2025-12-21 21:24:28,842 - [DEBUG] - y_true: (1447,) [0 0 0 0 0 1 0 0 0 0 0 0 0 0 0 0 0 1 0 0 0 0 0 0 1 0 0 0 0 0 0 0 0 0 0 0 0
 0 1 1 0]
2025-12-21 21:24:29,003 - [DEBUG] - y_rrl_: (1447,) [0 0 0 0 0 1 0 0 0 0 0 0 0 0 0 0 0 0 0 0 0 0 0 0 1 1 0 0 0 0 0 0 0 0 0 0 0
 0 0 0 0]
2025-12-21 21:24:29,004 - [DEBUG] - y_rrl: (1447, 2) [[ 12.556898   -12.302744  ]
 [  1.9731768   -1.7168356 ]
 [  9.188233    -8.933318  ]
 [  9.188233    -8.933318  ]
 [ 12.556898   -12.302744  ]
 [ -1.0584147    1.3159384 ]
 [ 12.556898   -12.302744  ]
 [ 11.024882   -10.770172  ]
 [ 12.556898   -12.302744  ]
 [  3.7188318   -3.4625137 ]
 [  2.399946    -2.1437695 ]
 [  9.706001    -9.451425  ]
 [  8.500976    -8.246039  ]
 [ 11.024882   -10.770172  ]
 [  8.407529    -8.152742  ]
 [ 11.492109   -11.23796   ]
 [ 10.530052   -10.274993  ]
 [  1.9327189   -1.6759816 ]
 [  8.033749    -7.7782516 ]
 [  9.776951    -9.521809  ]
 [ 12.089671   -11.834956  ]
 [ 11.492109   -11.23796   ]
 [ 12.556898   -12.302744  ]
 [  9.776951    -9.521809  ]
 [ -0.07547563   0.33225393]
 [ -0.591188     0.84815073]
 [  6.984769    -6.730121  ]
 [  9.776951    -9.521809  ]
 [ 11.492109   -11.23796   ]
 [ 11.492109   -11.23796   ]
 [ 12.089671   -11.834956  ]
 [  7.9908423   -7.7352734 ]
 [  2.399946    -2.1437695 ]
 [  1.9327189   -1.6759816 ]
 [ 12.556898   -12.302744  ]
 [ 11.024882   -10.770172  ]
 [ 12.556898   -12.302744  ]
 [  9.776951    -9.521809  ]
 [  3.7188318   -3.4625137 ]
 [  3.425796    -3.1704285 ]
 [ 11.024882   -10.770172  ]]
2025-12-21 21:24:29,006 - [INFO] - ------------------------------------------------------------
2025-12-21 21:24:29,006 - [INFO] - On Validation Set:
	Accuracy of RRL  Model: 0.9018659295093296
	F1 Score of RRL  Model: 0.6798393228874512
2025-12-21 21:24:29,012 - [INFO] - On Validation Set:
Performance of  RRL Model: 
[[1255   31]
 [ 111   50]]
              precision    recall  f1-score   support

           0       0.92      0.98      0.95      1286
           1       0.62      0.31      0.41       161

    accuracy                           0.90      1447
   macro avg       0.77      0.64      0.68      1447
weighted avg       0.89      0.90      0.89      1447

2025-12-21 21:24:29,012 - [INFO] - ------------------------------------------------------------
2025-12-21 21:24:30,089 - [INFO] - epoch: 66, loss_rrl: 116.07445335760713
2025-12-21 21:24:30,803 - [DEBUG] - y_true: (1447,) [0 0 0 0 0 1 0 0 0 0 0 0 0 0 0 0 0 1 0 0 0 0 0 0 1 0 0 0 0 0 0 0 0 0 0 0 0
 0 1 1 0]
2025-12-21 21:24:30,968 - [DEBUG] - y_rrl_: (1447,) [0 1 0 0 0 1 0 0 0 0 1 0 0 0 0 0 0 1 0 0 0 0 0 0 1 1 0 0 0 0 0 0 1 1 0 0 0
 0 0 0 0]
2025-12-21 21:24:30,968 - [DEBUG] - y_rrl: (1447, 2) [[ 10.587643  -10.336148 ]
 [ -0.9689813   1.2228959]
 [  8.30215    -8.050492 ]
 [ 10.122515   -9.870466 ]
 [  9.82926    -9.578151 ]
 [ -1.988272    2.242343 ]
 [ 10.587643  -10.336148 ]
 [  9.060534   -8.80849  ]
 [ 10.587643  -10.336148 ]
 [  2.8598475  -2.6062222]
 [ -0.7647601   1.0186634]
 [  6.8015046  -6.5495586]
 [  8.576261   -8.324727 ]
 [  8.111133   -7.8590455]
 [  9.334643   -9.082725 ]
 [  9.334643   -9.082725 ]
 [  8.549273   -8.296887 ]
 [ -1.2298886   1.4843451]
 [  4.2553144  -4.002086 ]
 [  6.807589   -6.55485  ]
 [ 10.122515   -9.870466 ]
 [  8.576261   -8.324727 ]
 [  9.82926    -9.578151 ]
 [  8.869515   -8.617043 ]
 [ -3.765735    4.020155 ]
 [ -1.5231434   1.7766613]
 [  7.5598874  -7.3075557]
 [  8.869515   -8.617043 ]
 [  6.514334   -6.262534 ]
 [  9.525661   -9.274171 ]
 [ 10.122515   -9.870466 ]
 [  8.111133   -7.8590455]
 [ -0.7647601   1.0186634]
 [ -1.988272    2.242343 ]
 [  9.82926    -9.578151 ]
 [ 10.122515   -9.870466 ]
 [  9.82926    -9.578151 ]
 [  8.869515   -8.617043 ]
 [  0.544866   -0.2908223]
 [  1.3135931  -1.0604823]
 [  9.060534   -8.80849  ]]
2025-12-21 21:24:30,971 - [INFO] - ------------------------------------------------------------
2025-12-21 21:24:30,971 - [INFO] - On Validation Set:
	Accuracy of RRL  Model: 0.8956461644782309
	F1 Score of RRL  Model: 0.7310425475605778
2025-12-21 21:24:30,977 - [INFO] - On Validation Set:
Performance of  RRL Model: 
[[1214   72]
 [  79   82]]
              precision    recall  f1-score   support

           0       0.94      0.94      0.94      1286
           1       0.53      0.51      0.52       161

    accuracy                           0.90      1447
   macro avg       0.74      0.73      0.73      1447
weighted avg       0.89      0.90      0.89      1447

2025-12-21 21:24:30,977 - [INFO] - ------------------------------------------------------------
2025-12-21 21:24:31,941 - [INFO] - epoch: 67, loss_rrl: 115.30919721350074
2025-12-21 21:24:32,848 - [DEBUG] - y_true: (1447,) [0 0 0 0 0 1 0 0 0 0 0 0 0 0 0 0 0 1 0 0 0 0 0 0 1 0 0 0 0 0 0 0 0 0 0 0 0
 0 1 1 0]
2025-12-21 21:24:32,994 - [DEBUG] - y_rrl_: (1447,) [0 0 0 0 0 1 0 0 0 0 0 0 0 0 0 0 0 0 0 0 0 0 0 0 1 1 0 0 0 0 0 0 0 0 0 0 0
 0 0 0 0]
2025-12-21 21:24:32,995 - [DEBUG] - y_rrl: (1447, 2) [[ 12.332039   -12.083149  ]
 [  2.8508666   -2.5998483 ]
 [ 10.810577   -10.561148  ]
 [ 10.810577   -10.561148  ]
 [ 12.332039   -12.083149  ]
 [ -1.2563677    1.5085204 ]
 [ 12.332039   -12.083149  ]
 [ 10.810577   -10.561148  ]
 [ 12.332039   -12.083149  ]
 [  3.5793123   -3.32833   ]
 [  1.0120069   -0.76074314]
 [  8.243274    -7.9935594 ]
 [  9.266118    -9.016463  ]
 [ 10.603538   -10.35368   ]
 [ 11.069015   -10.819703  ]
 [ 11.069015   -10.819703  ]
 [ 10.280013   -10.030248  ]
 [  0.5465298   -0.2947197 ]
 [  6.748615    -6.4975386 ]
 [  7.777797    -7.527536  ]
 [ 11.866562   -11.6171255 ]
 [ 11.069015   -10.819703  ]
 [ 12.332039   -12.083149  ]
 [ 10.603538   -10.35368   ]
 [ -2.0121777    2.263949  ]
 [ -0.79089016   1.0424966 ]
 [ 11.069015   -10.819703  ]
 [ 10.603538   -10.35368   ]
 [  9.299256    -9.049538  ]
 [ 11.276054   -11.027171  ]
 [ 11.866562   -11.6171255 ]
 [  9.547553    -9.297702  ]
 [  1.0120069   -0.76074314]
 [  0.5465298   -0.2947197 ]
 [ 12.332039   -12.083149  ]
 [ 11.866562   -11.6171255 ]
 [ 12.332039   -12.083149  ]
 [ 10.603538   -10.35368   ]
 [  0.5465298   -0.2947197 ]
 [  3.0819378   -2.8314571 ]
 [ 10.810577   -10.561148  ]]
2025-12-21 21:24:32,997 - [INFO] - ------------------------------------------------------------
2025-12-21 21:24:32,997 - [INFO] - On Validation Set:
	Accuracy of RRL  Model: 0.9011748445058743
	F1 Score of RRL  Model: 0.6811719478278287
2025-12-21 21:24:33,003 - [INFO] - On Validation Set:
Performance of  RRL Model: 
[[1253   33]
 [ 110   51]]
              precision    recall  f1-score   support

           0       0.92      0.97      0.95      1286
           1       0.61      0.32      0.42       161

    accuracy                           0.90      1447
   macro avg       0.76      0.65      0.68      1447
weighted avg       0.88      0.90      0.89      1447

2025-12-21 21:24:33,003 - [INFO] - ------------------------------------------------------------
2025-12-21 21:24:33,581 - [INFO] - epoch: 68, loss_rrl: 115.33141077309847
2025-12-21 21:24:34,766 - [DEBUG] - y_true: (1447,) [0 0 0 0 0 1 0 0 0 0 0 0 0 0 0 0 0 1 0 0 0 0 0 0 1 0 0 0 0 0 0 0 0 0 0 0 0
 0 1 1 0]
2025-12-21 21:24:34,912 - [DEBUG] - y_rrl_: (1447,) [0 1 0 0 0 1 0 0 0 0 0 0 0 0 0 0 0 0 0 0 0 0 0 0 1 0 0 0 0 0 0 0 0 0 0 0 0
 0 0 0 0]
2025-12-21 21:24:34,913 - [DEBUG] - y_rrl: (1447, 2) [[ 12.324573   -12.078275  ]
 [ -0.20900293   0.45764282]
 [  9.064707    -8.817684  ]
 [ 10.1174755   -9.870447  ]
 [ 11.572236   -11.326314  ]
 [ -0.14831431   0.39710572]
 [ 12.324573   -12.078275  ]
 [ 10.802266   -10.555433  ]
 [ 12.324573   -12.078275  ]
 [  4.682578    -4.434223  ]
 [  0.32122427  -0.07297156]
 [  9.29879     -9.051671  ]
 [ 11.055187   -10.808473  ]
 [  9.833312    -9.586434  ]
 [ 11.055187   -10.808473  ]
 [ 11.055187   -10.808473  ]
 [  9.503352    -9.25657   ]
 [  0.60402375  -0.3548555 ]
 [  6.6876245   -6.439172  ]
 [  8.55137     -8.303861  ]
 [ 11.855034   -11.608197  ]
 [ 10.302851   -10.056512  ]
 [ 12.324573   -12.078275  ]
 [  9.833312    -9.586434  ]
 [ -1.9774559    2.226584  ]
 [  1.0735621   -0.82493275]
 [  9.29879     -9.051671  ]
 [ 10.585649   -10.338395  ]
 [  9.020908    -8.773938  ]
 [ 11.271805   -11.025511  ]
 [ 11.855034   -11.608197  ]
 [  8.829251    -8.5815935 ]
 [  1.0735621   -0.82493275]
 [  0.60402375  -0.3548555 ]
 [ 12.324573   -12.078275  ]
 [ 11.855034   -11.608197  ]
 [ 12.324573   -12.078275  ]
 [  9.833312    -9.586434  ]
 [  2.3604238   -2.1116571 ]
 [  3.1303926   -2.882537  ]
 [ 10.802266   -10.555433  ]]
2025-12-21 21:24:34,915 - [INFO] - ------------------------------------------------------------
2025-12-21 21:24:34,915 - [INFO] - On Validation Set:
	Accuracy of RRL  Model: 0.9004837595024188
	F1 Score of RRL  Model: 0.6652400231347599
2025-12-21 21:24:34,921 - [INFO] - On Validation Set:
Performance of  RRL Model: 
[[1258   28]
 [ 116   45]]
              precision    recall  f1-score   support

           0       0.92      0.98      0.95      1286
           1       0.62      0.28      0.38       161

    accuracy                           0.90      1447
   macro avg       0.77      0.63      0.67      1447
weighted avg       0.88      0.90      0.88      1447

2025-12-21 21:24:34,921 - [INFO] - ------------------------------------------------------------
2025-12-21 21:24:35,263 - [INFO] - epoch: 69, loss_rrl: 114.53975215926766
2025-12-21 21:24:36,650 - [DEBUG] - y_true: (1447,) [0 0 0 0 0 1 0 0 0 0 0 0 0 0 0 0 0 1 0 0 0 0 0 0 1 0 0 0 0 0 0 0 0 0 0 0 0
 0 1 1 0]
2025-12-21 21:24:36,796 - [DEBUG] - y_rrl_: (1447,) [0 0 0 0 0 0 0 0 0 0 0 0 0 0 0 0 0 0 0 0 0 0 0 0 1 0 0 0 0 0 0 0 0 0 0 0 0
 0 0 0 0]
2025-12-21 21:24:36,796 - [DEBUG] - y_rrl: (1447, 2) [[ 10.299586   -10.055847  ]
 [  0.8594704   -0.6136726 ]
 [  7.0686274   -6.824176  ]
 [  8.116689    -7.872231  ]
 [  9.27043     -9.025843  ]
 [  0.3457107   -0.09934091]
 [ 10.299586   -10.055847  ]
 [  8.78389     -8.539625  ]
 [ 10.299586   -10.055847  ]
 [  4.4236965   -4.178126  ]
 [  0.81334513  -0.5675075 ]
 [  7.2696605   -7.025119  ]
 [  9.0170555   -8.772906  ]
 [  7.520263    -7.2747355 ]
 [  9.0170555   -8.772906  ]
 [  9.0170555   -8.772906  ]
 [  8.222368    -7.977788  ]
 [  0.3457107   -0.09934091]
 [  4.605458    -4.359605  ]
 [  6.802026    -6.556952  ]
 [  9.831951    -9.587681  ]
 [  7.9878983   -7.742902  ]
 [ 10.299586   -10.055847  ]
 [  7.520263    -7.2747355 ]
 [ -3.9821372    4.2286525 ]
 [  0.81334513  -0.5675075 ]
 [  2.8905623   -2.6455667 ]
 [  8.54942     -8.30474   ]
 [  7.2696605   -7.025119  ]
 [  9.251525    -9.0077915 ]
 [  9.831951    -9.587681  ]
 [  6.802026    -6.556952  ]
 [  0.81334513  -0.5675075 ]
 [  0.3457107   -0.09934091]
 [ 10.299586   -10.055847  ]
 [  9.831951    -9.587681  ]
 [ 10.299586   -10.055847  ]
 [  7.520263    -7.2747355 ]
 [  0.3457107   -0.09934091]
 [  1.1476966   -0.90243435]
 [  8.78389     -8.539625  ]]
2025-12-21 21:24:36,798 - [INFO] - ------------------------------------------------------------
2025-12-21 21:24:36,798 - [INFO] - On Validation Set:
	Accuracy of RRL  Model: 0.8963372494816862
	F1 Score of RRL  Model: 0.7053289237887328
2025-12-21 21:24:36,804 - [INFO] - On Validation Set:
Performance of  RRL Model: 
[[1231   55]
 [  95   66]]
              precision    recall  f1-score   support

           0       0.93      0.96      0.94      1286
           1       0.55      0.41      0.47       161

    accuracy                           0.90      1447
   macro avg       0.74      0.68      0.71      1447
weighted avg       0.89      0.90      0.89      1447

2025-12-21 21:24:36,804 - [INFO] - ------------------------------------------------------------
2025-12-21 21:24:36,905 - [INFO] - epoch: 70, loss_rrl: 115.96167479455471
2025-12-21 21:24:38,382 - [INFO] - epoch: 71, loss_rrl: 115.5517468508333
2025-12-21 21:24:38,537 - [DEBUG] - y_true: (1447,) [0 0 0 0 0 1 0 0 0 0 0 0 0 0 0 0 0 1 0 0 0 0 0 0 1 0 0 0 0 0 0 0 0 0 0 0 0
 0 1 1 0]
2025-12-21 21:24:38,683 - [DEBUG] - y_rrl_: (1447,) [0 1 0 0 0 0 0 0 0 0 0 0 0 0 0 0 0 0 0 0 0 0 0 0 1 0 0 0 0 0 0 0 0 0 0 0 0
 0 0 0 0]
2025-12-21 21:24:38,684 - [DEBUG] - y_rrl: (1447, 2) [[ 11.14287    -10.901682  ]
 [ -0.32618767   0.56965375]
 [  7.9195323   -7.6776395 ]
 [  8.965449    -8.723552  ]
 [ 11.14287    -10.901682  ]
 [  0.52806276  -0.28492644]
 [ 11.14287    -10.901682  ]
 [  9.621835    -9.380126  ]
 [ 11.14287    -10.901682  ]
 [  4.597856    -4.3555126 ]
 [  1.0031816   -0.76057076]
 [  8.118994    -7.8770084 ]
 [  9.853117    -9.611522  ]
 [  9.377998    -9.135879  ]
 [  9.853117    -9.611522  ]
 [  9.853117    -9.611522  ]
 [ 10.096953    -9.85577   ]
 [  0.52806276  -0.28492644]
 [  6.4319143   -6.189473  ]
 [  7.3586807   -7.116312  ]
 [ 10.667751   -10.426038  ]
 [  9.853117    -9.611522  ]
 [ 11.14287    -10.901682  ]
 [  9.377998    -9.135879  ]
 [ -3.1634574    3.407384  ]
 [  1.0031816   -0.76057076]
 [  6.0996747   -5.857442  ]
 [  9.377998    -9.135879  ]
 [  7.8337994   -7.591957  ]
 [ 10.096953    -9.85577   ]
 [ 10.667751   -10.426038  ]
 [  9.377998    -9.135879  ]
 [  1.0031816   -0.76057076]
 [  0.52806276  -0.28492644]
 [ 11.14287    -10.901682  ]
 [ 10.667751   -10.426038  ]
 [ 11.14287    -10.901682  ]
 [  9.377998    -9.135879  ]
 [  2.262185    -2.0194404 ]
 [  1.9918686   -1.7491789 ]
 [  9.621835    -9.380126  ]]
2025-12-21 21:24:38,686 - [INFO] - ------------------------------------------------------------
2025-12-21 21:24:38,686 - [INFO] - On Validation Set:
	Accuracy of RRL  Model: 0.9046302695231514
	F1 Score of RRL  Model: 0.6688281965212084
2025-12-21 21:24:38,692 - [INFO] - On Validation Set:
Performance of  RRL Model: 
[[1265   21]
 [ 117   44]]
              precision    recall  f1-score   support

           0       0.92      0.98      0.95      1286
           1       0.68      0.27      0.39       161

    accuracy                           0.90      1447
   macro avg       0.80      0.63      0.67      1447
weighted avg       0.89      0.90      0.89      1447

2025-12-21 21:24:38,692 - [INFO] - ------------------------------------------------------------
2025-12-21 21:24:40,022 - [INFO] - epoch: 72, loss_rrl: 115.37567536905408
2025-12-21 21:24:40,418 - [DEBUG] - y_true: (1447,) [0 0 0 0 0 1 0 0 0 0 0 0 0 0 0 0 0 1 0 0 0 0 0 0 1 0 0 0 0 0 0 0 0 0 0 0 0
 0 1 1 0]
2025-12-21 21:24:40,565 - [DEBUG] - y_rrl_: (1447,) [0 0 0 0 0 1 0 0 0 0 0 0 0 0 0 0 0 0 0 0 0 0 0 0 0 1 0 0 0 0 0 0 0 0 0 0 0
 0 0 0 0]
2025-12-21 21:24:40,565 - [DEBUG] - y_rrl: (1447, 2) [[ 12.97748    -12.738808  ]
 [  3.5442169   -3.3035467 ]
 [  9.781235    -9.541866  ]
 [  9.781235    -9.541866  ]
 [ 12.97748    -12.738808  ]
 [ -0.5499252    0.7916533 ]
 [ 12.97748    -12.738808  ]
 [ 11.453715   -11.214529  ]
 [ 12.97748    -12.738808  ]
 [  4.3984613   -4.157837  ]
 [  1.8619643   -1.6210734 ]
 [  8.917219    -8.677765  ]
 [  9.752652    -9.513262  ]
 [ 11.204346   -10.964753  ]
 [ 11.684443   -11.445371  ]
 [ 11.684443   -11.445371  ]
 [ 10.893819   -10.654331  ]
 [  1.3818659   -1.1404556 ]
 [  8.228888    -7.988984  ]
 [  8.437121    -8.197147  ]
 [ 12.497382   -12.25819   ]
 [ 11.684443   -11.445371  ]
 [ 12.97748    -12.738808  ]
 [ 11.204346   -10.964753  ]
 [  0.61927867  -0.37823296]
 [ -0.06982695   0.31103575]
 [  5.618107    -5.3782125 ]
 [ 11.204346   -10.964753  ]
 [  9.960886    -9.721427  ]
 [ 11.933813   -11.695147  ]
 [ 12.497382   -12.25819   ]
 [  8.437121    -8.197147  ]
 [  1.8619643   -1.6210734 ]
 [  1.3818659   -1.1404556 ]
 [ 12.97748    -12.738808  ]
 [ 12.497382   -12.25819   ]
 [ 12.97748    -12.738808  ]
 [ 11.204346   -10.964753  ]
 [  1.3818659   -1.1404556 ]
 [  3.8666031   -3.6264555 ]
 [ 11.453715   -11.214529  ]]
2025-12-21 21:24:40,567 - [INFO] - ------------------------------------------------------------
2025-12-21 21:24:40,567 - [INFO] - On Validation Set:
	Accuracy of RRL  Model: 0.89426399447132
	F1 Score of RRL  Model: 0.6710117468738159
2025-12-21 21:24:40,573 - [INFO] - On Validation Set:
Performance of  RRL Model: 
[[1243   43]
 [ 110   51]]
              precision    recall  f1-score   support

           0       0.92      0.97      0.94      1286
           1       0.54      0.32      0.40       161

    accuracy                           0.89      1447
   macro avg       0.73      0.64      0.67      1447
weighted avg       0.88      0.89      0.88      1447

2025-12-21 21:24:40,573 - [INFO] - ------------------------------------------------------------
2025-12-21 21:24:41,665 - [INFO] - epoch: 73, loss_rrl: 116.20535954646766
2025-12-21 21:24:42,300 - [DEBUG] - y_true: (1447,) [0 0 0 0 0 1 0 0 0 0 0 0 0 0 0 0 0 1 0 0 0 0 0 0 1 0 0 0 0 0 0 0 0 0 0 0 0
 0 1 1 0]
2025-12-21 21:24:42,446 - [DEBUG] - y_rrl_: (1447,) [0 0 0 0 0 0 0 0 0 0 0 0 0 0 0 0 0 0 0 0 0 0 0 0 1 0 0 0 0 0 0 0 0 0 0 0 0
 0 0 0 0]
2025-12-21 21:24:42,446 - [DEBUG] - y_rrl: (1447, 2) [[ 12.079056  -11.842893 ]
 [  2.7934146  -2.555732 ]
 [  8.610581   -8.374605 ]
 [ 10.422255  -10.185914 ]
 [ 11.312354  -11.076551 ]
 [  1.9066119  -1.6688015]
 [ 12.079056  -11.842893 ]
 [ 11.034084  -10.797926 ]
 [ 12.079056  -11.842893 ]
 [  6.7243047  -6.486903 ]
 [  2.6733131  -2.4351418]
 [  8.3063345  -8.0697565]
 [ 10.017608   -9.781408 ]
 [ 10.017608   -9.781408 ]
 [ 10.784309  -10.5477495]
 [ 10.784309  -10.5477495]
 [ 10.001773   -9.764808 ]
 [  2.6733131  -2.4351418]
 [  6.0708833  -5.833635 ]
 [  8.775466   -8.538666 ]
 [ 12.079056  -11.842893 ]
 [ 10.017608   -9.781408 ]
 [ 11.312354  -11.076551 ]
 [ 10.784309  -10.5477495]
 [ -1.7073697   1.9456718]
 [  1.9066119  -1.6688015]
 [  6.75944    -6.52231  ]
 [ 10.784309  -10.5477495]
 [  8.008764   -7.7723236]
 [ 11.034084  -10.797926 ]
 [ 12.079056  -11.842893 ]
 [ 10.017608   -9.781408 ]
 [  2.6733131  -2.4351418]
 [  1.9066119  -1.6688015]
 [ 11.312354  -11.076551 ]
 [ 12.079056  -11.842893 ]
 [ 11.312354  -11.076551 ]
 [ 10.784309  -10.5477495]
 [  4.384587   -4.1467924]
 [  3.0060554  -2.7684414]
 [ 11.034084  -10.797926 ]]
2025-12-21 21:24:42,448 - [INFO] - ------------------------------------------------------------
2025-12-21 21:24:42,448 - [INFO] - On Validation Set:
	Accuracy of RRL  Model: 0.9053213545266068
	F1 Score of RRL  Model: 0.6303614547692078
2025-12-21 21:24:42,454 - [INFO] - On Validation Set:
Performance of  RRL Model: 
[[1279    7]
 [ 130   31]]
              precision    recall  f1-score   support

           0       0.91      0.99      0.95      1286
           1       0.82      0.19      0.31       161

    accuracy                           0.91      1447
   macro avg       0.86      0.59      0.63      1447
weighted avg       0.90      0.91      0.88      1447

2025-12-21 21:24:42,454 - [INFO] - ------------------------------------------------------------
2025-12-21 21:24:43,308 - [INFO] - epoch: 74, loss_rrl: 114.6863025110215
2025-12-21 21:24:44,185 - [DEBUG] - y_true: (1447,) [0 0 0 0 0 1 0 0 0 0 0 0 0 0 0 0 0 1 0 0 0 0 0 0 1 0 0 0 0 0 0 0 0 0 0 0 0
 0 1 1 0]
2025-12-21 21:24:44,331 - [DEBUG] - y_rrl_: (1447,) [0 0 0 0 0 0 0 0 0 0 0 0 0 0 0 0 0 0 0 0 0 0 0 0 1 0 0 0 0 0 0 0 0 0 0 0 0
 0 0 0 0]
2025-12-21 21:24:44,332 - [DEBUG] - y_rrl: (1447, 2) [[ 10.623461   -10.389748  ]
 [  0.84336644  -0.60765415]
 [  9.093611    -8.859395  ]
 [  9.093611    -8.859395  ]
 [ 10.623461   -10.389748  ]
 [  0.1534911    0.08208381]
 [ 10.623461   -10.389748  ]
 [  9.093611    -8.859395  ]
 [ 10.623461   -10.389748  ]
 [  3.1471195   -2.9123075 ]
 [  0.64174837  -0.40668082]
 [  6.5882397   -6.353768  ]
 [  9.327706    -9.093601  ]
 [  8.839449    -8.604836  ]
 [  7.02107     -6.786778  ]
 [  9.327706    -9.093601  ]
 [  9.581868    -9.34816   ]
 [  0.1534911    0.08208381]
 [  5.823776    -5.5888605 ]
 [  4.082489    -3.847277  ]
 [ 10.135203    -9.900983  ]
 [  9.327706    -9.093601  ]
 [ 10.623461   -10.389748  ]
 [  8.839449    -8.604836  ]
 [ -3.618415     3.8547356 ]
 [  0.64174837  -0.40668082]
 [  5.0035768   -4.769052  ]
 [  8.839449    -8.604836  ]
 [  5.612339    -5.377629  ]
 [  9.581868    -9.34816   ]
 [ 10.135203    -9.900983  ]
 [  6.0999823   -5.8650036 ]
 [  0.64174837  -0.40668082]
 [  0.1534911    0.08208381]
 [ 10.623461   -10.389748  ]
 [ 10.135203    -9.900983  ]
 [ 10.623461   -10.389748  ]
 [  8.839449    -8.604836  ]
 [  0.1534911    0.08208381]
 [  1.5833889   -1.3482507 ]
 [  9.093611    -8.859395  ]]
2025-12-21 21:24:44,334 - [INFO] - ------------------------------------------------------------
2025-12-21 21:24:44,334 - [INFO] - On Validation Set:
	Accuracy of RRL  Model: 0.9011748445058743
	F1 Score of RRL  Model: 0.7009609034139602
2025-12-21 21:24:44,340 - [INFO] - On Validation Set:
Performance of  RRL Model: 
[[1244   42]
 [ 101   60]]
              precision    recall  f1-score   support

           0       0.92      0.97      0.95      1286
           1       0.59      0.37      0.46       161

    accuracy                           0.90      1447
   macro avg       0.76      0.67      0.70      1447
weighted avg       0.89      0.90      0.89      1447

2025-12-21 21:24:44,340 - [INFO] - ------------------------------------------------------------
2025-12-21 21:24:44,952 - [INFO] - epoch: 75, loss_rrl: 115.03464925847948
2025-12-21 21:24:46,062 - [DEBUG] - y_true: (1447,) [0 0 0 0 0 1 0 0 0 0 0 0 0 0 0 0 0 1 0 0 0 0 0 0 1 0 0 0 0 0 0 0 0 0 0 0 0
 0 1 1 0]
2025-12-21 21:24:46,208 - [DEBUG] - y_rrl_: (1447,) [0 0 0 0 0 1 0 0 0 0 0 0 0 0 0 0 0 1 0 0 0 0 0 0 1 0 0 0 0 0 0 0 0 1 0 0 0
 0 1 0 0]
2025-12-21 21:24:46,208 - [DEBUG] - y_rrl: (1447, 2) [[ 11.419996   -11.188711  ]
 [  1.628861    -1.3956039 ]
 [  8.283516    -8.051562  ]
 [  8.283516    -8.051562  ]
 [ 11.419996   -11.188711  ]
 [ -0.04624936   0.28014913]
 [ 11.419996   -11.188711  ]
 [  9.8855715   -9.65379   ]
 [ 11.419996   -11.188711  ]
 [  2.9252217   -2.6920757 ]
 [  0.44617254  -0.21277395]
 [  8.702281    -8.470634  ]
 [ 11.419996   -11.188711  ]
 [  9.631815    -9.399642  ]
 [  9.112053    -8.880584  ]
 [ 10.124237    -9.892565  ]
 [  9.357021    -9.124962  ]
 [ -0.04624936   0.28014913]
 [  5.578919    -5.3456683 ]
 [  6.5604334   -6.328036  ]
 [ 10.927574   -10.695788  ]
 [ 10.124237    -9.892565  ]
 [ 11.419996   -11.188711  ]
 [ 10.927574   -10.695788  ]
 [ -2.805417     3.0392692 ]
 [  0.44617254  -0.21277395]
 [  8.448525    -8.216486  ]
 [ 10.927574   -10.695788  ]
 [  8.09486     -7.8629565 ]
 [ 10.377994   -10.146713  ]
 [ 10.927574   -10.695788  ]
 [  7.956103    -7.7235627 ]
 [  0.44617254  -0.21277395]
 [ -0.04624936   0.28014913]
 [ 11.419996   -11.188711  ]
 [ 10.927574   -10.695788  ]
 [ 11.419996   -11.188711  ]
 [  9.631815    -9.399642  ]
 [ -0.04624936   0.28014913]
 [  2.3946407   -2.1619546 ]
 [  9.8855715   -9.65379   ]]
2025-12-21 21:24:46,210 - [INFO] - ------------------------------------------------------------
2025-12-21 21:24:46,211 - [INFO] - On Validation Set:
	Accuracy of RRL  Model: 0.9011748445058743
	F1 Score of RRL  Model: 0.7163853423521591
2025-12-21 21:24:46,216 - [INFO] - On Validation Set:
Performance of  RRL Model: 
[[1236   50]
 [  93   68]]
              precision    recall  f1-score   support

           0       0.93      0.96      0.95      1286
           1       0.58      0.42      0.49       161

    accuracy                           0.90      1447
   macro avg       0.75      0.69      0.72      1447
weighted avg       0.89      0.90      0.89      1447

2025-12-21 21:24:46,216 - [INFO] - ------------------------------------------------------------
2025-12-21 21:24:46,589 - [INFO] - epoch: 76, loss_rrl: 115.3803031258285
2025-12-21 21:24:47,943 - [DEBUG] - y_true: (1447,) [0 0 0 0 0 1 0 0 0 0 0 0 0 0 0 0 0 1 0 0 0 0 0 0 1 0 0 0 0 0 0 0 0 0 0 0 0
 0 1 1 0]
2025-12-21 21:24:48,089 - [DEBUG] - y_rrl_: (1447,) [0 0 0 0 0 0 0 0 0 0 0 0 0 0 0 0 0 0 0 0 0 0 0 0 1 0 0 0 0 0 0 0 0 0 0 0 0
 0 0 0 0]
2025-12-21 21:24:48,090 - [DEBUG] - y_rrl: (1447, 2) [[ 10.472751   -10.243835  ]
 [  0.6561063   -0.42524755]
 [  7.3493876   -7.119812  ]
 [  8.39046     -8.16088   ]
 [ 10.472751   -10.243835  ]
 [  0.6184612   -0.3871385 ]
 [ 10.472751   -10.243835  ]
 [  8.94029     -8.710885  ]
 [ 10.472751   -10.243835  ]
 [  4.6319237   -4.401343  ]
 [  1.1098497   -0.8790219 ]
 [  7.5003576   -7.2706985 ]
 [  9.169881    -8.940583  ]
 [  8.678493    -8.4487    ]
 [  5.2780743   -5.048428  ]
 [  9.169881    -8.940583  ]
 [  8.419216    -8.18954   ]
 [  0.6184612   -0.3871385 ]
 [  4.609069    -4.378217  ]
 [  8.678493    -8.4487    ]
 [  9.981362    -9.751952  ]
 [  9.169881    -8.940583  ]
 [ 10.472751   -10.243835  ]
 [  8.678493    -8.4487    ]
 [ -3.7510836    3.9825263 ]
 [  1.1098497   -0.8790219 ]
 [  7.5003576   -7.2706985 ]
 [  8.678493    -8.4487    ]
 [  9.169881    -8.940583  ]
 [  9.431679    -9.202768  ]
 [  9.981362    -9.751952  ]
 [  7.0089693   -6.7788153 ]
 [  1.1098497   -0.8790219 ]
 [  0.6184612   -0.3871385 ]
 [ 10.472751   -10.243835  ]
 [  9.981362    -9.751952  ]
 [ 10.472751   -10.243835  ]
 [  8.678493    -8.4487    ]
 [  0.6184612   -0.3871385 ]
 [  1.466789    -1.2364962 ]
 [  8.94029     -8.710885  ]]
2025-12-21 21:24:48,092 - [INFO] - ------------------------------------------------------------
2025-12-21 21:24:48,092 - [INFO] - On Validation Set:
	Accuracy of RRL  Model: 0.9087767795438839
	F1 Score of RRL  Model: 0.7210968985456457
2025-12-21 21:24:48,098 - [INFO] - On Validation Set:
Performance of  RRL Model: 
[[1251   35]
 [  97   64]]
              precision    recall  f1-score   support

           0       0.93      0.97      0.95      1286
           1       0.65      0.40      0.49       161

    accuracy                           0.91      1447
   macro avg       0.79      0.69      0.72      1447
weighted avg       0.90      0.91      0.90      1447

2025-12-21 21:24:48,098 - [INFO] - ------------------------------------------------------------
2025-12-21 21:24:48,233 - [INFO] - epoch: 77, loss_rrl: 113.07415414229035
2025-12-21 21:24:49,718 - [INFO] - epoch: 78, loss_rrl: 114.69864540733397
2025-12-21 21:24:50,025 - [DEBUG] - y_true: (1447,) [0 0 0 0 0 1 0 0 0 0 0 0 0 0 0 0 0 1 0 0 0 0 0 0 1 0 0 0 0 0 0 0 0 0 0 0 0
 0 1 1 0]
2025-12-21 21:24:50,198 - [DEBUG] - y_rrl_: (1447,) [0 0 0 0 0 0 0 0 0 0 0 0 0 0 0 0 0 0 0 0 0 0 0 0 1 0 0 0 0 0 0 0 0 0 0 0 0
 0 0 0 0]
2025-12-21 21:24:50,199 - [DEBUG] - y_rrl: (1447, 2) [[ 11.581966  -11.355389 ]
 [  2.227899   -1.9998984]
 [  8.973977   -8.747237 ]
 [ 10.011047   -9.784304 ]
 [ 11.581966  -11.355389 ]
 [  0.6443771  -0.4157505]
 [ 11.581966  -11.355389 ]
 [ 10.544895  -10.318322 ]
 [ 11.581966  -11.355389 ]
 [  4.64451    -4.4166126]
 [  0.6443771  -0.4157505]
 [  9.922796   -9.695862 ]
 [ 11.581966  -11.355389 ]
 [ 10.278076  -10.051121 ]
 [  9.280216   -9.053463 ]
 [ 10.278076  -10.051121 ]
 [  9.535298   -9.30797  ]
 [  0.6443771  -0.4157505]
 [  7.206939   -6.979698 ]
 [  8.222886   -7.9957056]
 [ 11.581966  -11.355389 ]
 [ 10.278076  -10.051121 ]
 [ 11.581966  -11.355389 ]
 [ 11.581966  -11.355389 ]
 [ -2.160317    2.3888907]
 [  0.6443771  -0.4157505]
 [  4.2619643  -4.034254 ]
 [ 11.581966  -11.355389 ]
 [  8.222886   -7.9957056]
 [ 10.544895  -10.318322 ]
 [ 11.581966  -11.355389 ]
 [  8.618906   -8.391594 ]
 [  0.6443771  -0.4157505]
 [  0.6443771  -0.4157505]
 [ 11.581966  -11.355389 ]
 [ 11.581966  -11.355389 ]
 [ 11.581966  -11.355389 ]
 [ 10.278076  -10.051121 ]
 [  2.3035476  -2.0752773]
 [  2.5699897  -2.342058 ]
 [ 10.544895  -10.318322 ]]
2025-12-21 21:24:50,201 - [INFO] - ------------------------------------------------------------
2025-12-21 21:24:50,201 - [INFO] - On Validation Set:
	Accuracy of RRL  Model: 0.902557014512785
	F1 Score of RRL  Model: 0.6602522792556513
2025-12-21 21:24:50,207 - [INFO] - On Validation Set:
Performance of  RRL Model: 
[[1264   22]
 [ 119   42]]
              precision    recall  f1-score   support

           0       0.91      0.98      0.95      1286
           1       0.66      0.26      0.37       161

    accuracy                           0.90      1447
   macro avg       0.79      0.62      0.66      1447
weighted avg       0.89      0.90      0.88      1447

2025-12-21 21:24:50,207 - [INFO] - ------------------------------------------------------------
2025-12-21 21:24:51,599 - [INFO] - epoch: 79, loss_rrl: 115.1567444242537
2025-12-21 21:24:51,961 - [DEBUG] - y_true: (1447,) [0 0 0 0 0 1 0 0 0 0 0 0 0 0 0 0 0 1 0 0 0 0 0 0 1 0 0 0 0 0 0 0 0 0 0 0 0
 0 1 1 0]
2025-12-21 21:24:52,108 - [DEBUG] - y_rrl_: (1447,) [0 0 0 0 0 1 0 0 0 0 0 0 0 0 0 0 0 1 0 0 0 0 0 0 1 1 0 0 0 0 0 0 0 1 0 0 0
 0 1 0 0]
2025-12-21 21:24:52,108 - [DEBUG] - y_rrl: (1447, 2) [[ 11.047329   -10.822938  ]
 [  1.1880853   -0.96180564]
 [  7.2113442   -6.9866486 ]
 [  7.982728    -7.757694  ]
 [ 10.275946   -10.051892  ]
 [ -3.1458862    3.372732  ]
 [ 11.047329   -10.822938  ]
 [  9.527291    -9.302421  ]
 [ 11.047329   -10.822938  ]
 [  2.622686    -2.3965144 ]
 [  0.15493213   0.07148337]
 [  6.288153    -6.063378  ]
 [  6.9269094   -6.702197  ]
 [  8.481103    -8.256192  ]
 [  8.195543    -7.970615  ]
 [  9.740107    -9.515341  ]
 [  9.029305    -8.804173  ]
 [ -0.33268788   0.5595868 ]
 [  6.1782556   -5.952725  ]
 [  6.571917    -6.34632   ]
 [ 10.559709   -10.334835  ]
 [  8.968723    -8.744295  ]
 [ 10.275946   -10.051892  ]
 [  9.252486    -9.027238  ]
 [ -1.1040722    1.3306323 ]
 [ -2.6582663    2.884629  ]
 [  3.7175195   -3.4920084 ]
 [  9.252486    -9.027238  ]
 [  7.3205714   -7.0957923 ]
 [ 10.014912    -9.790524  ]
 [ 10.559709   -10.334835  ]
 [  7.448684    -7.223779  ]
 [  0.15493213   0.07148337]
 [ -1.1040722    1.3306323 ]
 [ 10.275946   -10.051892  ]
 [ 10.559709   -10.334835  ]
 [ 10.275946   -10.051892  ]
 [  9.252486    -9.027238  ]
 [ -0.33268788   0.5595868 ]
 [  2.0641186   -1.8383899 ]
 [  9.527291    -9.302421  ]]
2025-12-21 21:24:52,110 - [INFO] - ------------------------------------------------------------
2025-12-21 21:24:52,110 - [INFO] - On Validation Set:
	Accuracy of RRL  Model: 0.8914996544574982
	F1 Score of RRL  Model: 0.7336121752365408
2025-12-21 21:24:52,116 - [INFO] - On Validation Set:
Performance of  RRL Model: 
[[1202   84]
 [  73   88]]
              precision    recall  f1-score   support

           0       0.94      0.93      0.94      1286
           1       0.51      0.55      0.53       161

    accuracy                           0.89      1447
   macro avg       0.73      0.74      0.73      1447
weighted avg       0.89      0.89      0.89      1447

2025-12-21 21:24:52,116 - [INFO] - ------------------------------------------------------------
2025-12-21 21:24:53,246 - [INFO] - epoch: 80, loss_rrl: 113.40875010378659
2025-12-21 21:24:53,848 - [DEBUG] - y_true: (1447,) [0 0 0 0 0 1 0 0 0 0 0 0 0 0 0 0 0 1 0 0 0 0 0 0 1 0 0 0 0 0 0 0 0 0 0 0 0
 0 1 1 0]
2025-12-21 21:24:53,994 - [DEBUG] - y_rrl_: (1447,) [0 0 0 0 0 0 0 0 0 0 0 0 0 0 0 0 0 0 0 0 0 0 0 0 1 0 0 0 0 0 0 0 0 0 0 0 0
 0 0 0 0]
2025-12-21 21:24:53,994 - [DEBUG] - y_rrl: (1447, 2) [[ 11.692213  -11.469534 ]
 [  2.315216   -2.0911515]
 [  8.370885   -8.148387 ]
 [  9.138412   -8.915576 ]
 [ 10.9246855 -10.702344 ]
 [  1.6009946  -1.3768165]
 [ 11.692213  -11.469534 ]
 [ 10.663966  -10.441291 ]
 [ 11.692213  -11.469534 ]
 [  5.314414   -5.090621 ]
 [  2.3685212  -2.144007 ]
 [  6.9505453  -6.7274876]
 [  9.617909   -9.395196 ]
 [  9.617909   -9.395196 ]
 [ 10.385437  -10.162386 ]
 [ 10.385437  -10.162386 ]
 [  9.697823   -9.474413 ]
 [  2.3685212  -2.144007 ]
 [  7.3094945  -7.086166 ]
 [  7.7180724  -7.494677 ]
 [ 11.692213  -11.469534 ]
 [  9.617909   -9.395196 ]
 [ 10.9246855 -10.702344 ]
 [ 10.385437  -10.162386 ]
 [ -1.9722542   2.1968749]
 [  1.6009946  -1.3768165]
 [  8.079522   -7.8563046]
 [ 10.385437  -10.162386 ]
 [  7.9787917  -7.75573  ]
 [ 10.663966  -10.441291 ]
 [ 11.692213  -11.469534 ]
 [  7.9787917  -7.75573  ]
 [  2.3685212  -2.144007 ]
 [  1.6009946  -1.3768165]
 [ 10.9246855 -10.702344 ]
 [ 11.692213  -11.469534 ]
 [ 10.9246855 -10.702344 ]
 [ 10.385437  -10.162386 ]
 [  4.007638   -3.7834733]
 [  2.7428045  -2.51881  ]
 [ 10.663966  -10.441291 ]]
2025-12-21 21:24:53,996 - [INFO] - ------------------------------------------------------------
2025-12-21 21:24:53,996 - [INFO] - On Validation Set:
	Accuracy of RRL  Model: 0.9060124395300622
	F1 Score of RRL  Model: 0.6568698563258474
2025-12-21 21:24:54,002 - [INFO] - On Validation Set:
Performance of  RRL Model: 
[[1272   14]
 [ 122   39]]
              precision    recall  f1-score   support

           0       0.91      0.99      0.95      1286
           1       0.74      0.24      0.36       161

    accuracy                           0.91      1447
   macro avg       0.82      0.62      0.66      1447
weighted avg       0.89      0.91      0.88      1447

2025-12-21 21:24:54,002 - [INFO] - ------------------------------------------------------------
2025-12-21 21:24:54,899 - [INFO] - epoch: 81, loss_rrl: 113.96476348675787
2025-12-21 21:24:55,740 - [DEBUG] - y_true: (1447,) [0 0 0 0 0 1 0 0 0 0 0 0 0 0 0 0 0 1 0 0 0 0 0 0 1 0 0 0 0 0 0 0 0 0 0 0 0
 0 1 1 0]
2025-12-21 21:24:55,886 - [DEBUG] - y_rrl_: (1447,) [0 0 0 0 0 0 0 0 0 0 0 0 0 0 0 0 0 0 0 0 0 0 0 0 1 0 0 0 0 0 0 0 0 0 0 0 0
 0 0 0 0]
2025-12-21 21:24:55,887 - [DEBUG] - y_rrl: (1447, 2) [[ 12.418727   -12.197751  ]
 [  2.5575035   -2.3346822 ]
 [  9.401082    -9.179476  ]
 [  9.401082    -9.179476  ]
 [ 10.924195   -10.703059  ]
 [  1.1228218   -0.89939964]
 [ 12.418727   -12.197751  ]
 [ 10.895615   -10.674168  ]
 [ 12.418727   -12.197751  ]
 [  4.055261    -3.8325522 ]
 [  1.6153233   -1.3923758 ]
 [  8.455677    -8.233991  ]
 [ 11.115629   -10.894283  ]
 [  9.128596    -8.906614  ]
 [ 11.115629   -10.894283  ]
 [ 11.115629   -10.894283  ]
 [  8.93848     -8.716624  ]
 [  1.1228218   -0.89939964]
 [  7.546951    -7.3248577 ]
 [  5.8782406   -5.6558685 ]
 [ 11.926226   -11.704774  ]
 [  9.621098    -9.399591  ]
 [ 12.418727   -12.197751  ]
 [  9.128596    -8.906614  ]
 [ -1.6915026    1.9148697 ]
 [  1.6153233   -1.3923758 ]
 [  8.809846    -8.588334  ]
 [ 10.623128   -10.401306  ]
 [  7.4013543   -7.179451  ]
 [ 11.388116   -11.167145  ]
 [ 11.926226   -11.704774  ]
 [  8.993787    -8.771621  ]
 [  1.6153233   -1.3923758 ]
 [  1.1228218   -0.89939964]
 [ 12.418727   -12.197751  ]
 [ 11.926226   -11.704774  ]
 [ 12.418727   -12.197751  ]
 [  9.128596    -8.906614  ]
 [  1.1228218   -0.89939964]
 [  3.5065167   -3.2842424 ]
 [ 10.895615   -10.674168  ]]
2025-12-21 21:24:55,889 - [INFO] - ------------------------------------------------------------
2025-12-21 21:24:55,889 - [INFO] - On Validation Set:
	Accuracy of RRL  Model: 0.9018659295093296
	F1 Score of RRL  Model: 0.6564439539860888
2025-12-21 21:24:55,895 - [INFO] - On Validation Set:
Performance of  RRL Model: 
[[1264   22]
 [ 120   41]]
              precision    recall  f1-score   support

           0       0.91      0.98      0.95      1286
           1       0.65      0.25      0.37       161

    accuracy                           0.90      1447
   macro avg       0.78      0.62      0.66      1447
weighted avg       0.88      0.90      0.88      1447

2025-12-21 21:24:55,895 - [INFO] - ------------------------------------------------------------
2025-12-21 21:24:56,542 - [INFO] - epoch: 82, loss_rrl: 114.3177518453449
2025-12-21 21:24:57,619 - [DEBUG] - y_true: (1447,) [0 0 0 0 0 1 0 0 0 0 0 0 0 0 0 0 0 1 0 0 0 0 0 0 1 0 0 0 0 0 0 0 0 0 0 0 0
 0 1 1 0]
2025-12-21 21:24:57,767 - [DEBUG] - y_rrl_: (1447,) [0 0 0 0 0 0 0 0 0 0 0 0 0 0 0 0 0 0 0 0 0 0 0 0 1 0 0 0 0 0 0 0 0 0 0 0 0
 0 0 0 0]
2025-12-21 21:24:57,767 - [DEBUG] - y_rrl: (1447, 2) [[ 11.600766  -11.38149  ]
 [  1.7530445  -1.5319457]
 [  8.59884    -8.378942 ]
 [  8.59884    -8.378942 ]
 [ 11.600766  -11.38149  ]
 [  1.290043   -1.0690644]
 [ 11.600766  -11.38149  ]
 [ 10.068593   -9.848853 ]
 [ 11.600766  -11.38149  ]
 [  4.2037373  -3.983466 ]
 [  1.7850212  -1.564513 ]
 [  8.940734   -8.721122 ]
 [ 11.600766  -11.38149  ]
 [  9.814931   -9.594819 ]
 [  7.8218975  -7.602304 ]
 [ 10.30991   -10.090267 ]
 [ 10.563573  -10.3443   ]
 [  1.290043   -1.0690644]
 [  6.7337933  -6.5134106]
 [ 10.068593   -9.848853 ]
 [ 11.105788  -10.886043 ]
 [ 10.30991   -10.090267 ]
 [ 11.600766  -11.38149  ]
 [ 11.105788  -10.886043 ]
 [ -2.455073    2.6767142]
 [  1.7850212  -1.564513 ]
 [  7.6688137  -7.449036 ]
 [ 11.105788  -10.886043 ]
 [ 11.600766  -11.38149  ]
 [ 10.563573  -10.3443   ]
 [ 11.105788  -10.886043 ]
 [  9.482949   -9.262864 ]
 [  1.7850212  -1.564513 ]
 [  1.290043   -1.0690644]
 [ 11.600766  -11.38149  ]
 [ 11.105788  -10.886043 ]
 [ 11.600766  -11.38149  ]
 [  9.814931   -9.594819 ]
 [  2.9128802  -2.6922426]
 [  2.7438807  -2.5233216]
 [ 10.068593   -9.848853 ]]
2025-12-21 21:24:57,769 - [INFO] - ------------------------------------------------------------
2025-12-21 21:24:57,769 - [INFO] - On Validation Set:
	Accuracy of RRL  Model: 0.9032480995162405
	F1 Score of RRL  Model: 0.6405861897665176
2025-12-21 21:24:57,775 - [INFO] - On Validation Set:
Performance of  RRL Model: 
[[1272   14]
 [ 126   35]]
              precision    recall  f1-score   support

           0       0.91      0.99      0.95      1286
           1       0.71      0.22      0.33       161

    accuracy                           0.90      1447
   macro avg       0.81      0.60      0.64      1447
weighted avg       0.89      0.90      0.88      1447

2025-12-21 21:24:57,775 - [INFO] - ------------------------------------------------------------
2025-12-21 21:24:58,189 - [INFO] - epoch: 83, loss_rrl: 113.80861349962652
2025-12-21 21:24:59,522 - [DEBUG] - y_true: (1447,) [0 0 0 0 0 1 0 0 0 0 0 0 0 0 0 0 0 1 0 0 0 0 0 0 1 0 0 0 0 0 0 0 0 0 0 0 0
 0 1 1 0]
2025-12-21 21:24:59,670 - [DEBUG] - y_rrl_: (1447,) [0 0 0 0 0 0 0 0 0 0 0 0 0 0 0 0 0 0 0 0 0 0 0 0 1 0 0 0 0 0 0 0 0 0 0 0 0
 0 0 0 0]
2025-12-21 21:24:59,670 - [DEBUG] - y_rrl: (1447, 2) [[ 11.3571415  -11.139552  ]
 [  1.5234598   -1.3040655 ]
 [  8.371383    -8.153178  ]
 [  8.371383    -8.153178  ]
 [ 11.3571415  -11.139552  ]
 [  1.6178659   -1.3980381 ]
 [ 11.3571415  -11.139552  ]
 [  9.824186    -9.606136  ]
 [ 11.3571415  -11.139552  ]
 [  4.515751    -4.2966237 ]
 [  2.1158903   -1.8965275 ]
 [  7.424325    -7.206038  ]
 [ 10.079319    -9.861366  ]
 [  9.581295    -9.362877  ]
 [  5.7283735   -5.509991  ]
 [ 10.079319    -9.861366  ]
 [  7.1006026   -6.88215   ]
 [  1.6178659   -1.3980381 ]
 [  5.5845413   -5.365145  ]
 [  2.7938936   -2.574662  ]
 [ 10.8591175  -10.641063  ]
 [ 10.079319    -9.861366  ]
 [ 11.3571415  -11.139552  ]
 [  7.535715    -7.3170247 ]
 [ -0.59658754   0.81624323]
 [  2.1158903   -1.8965275 ]
 [  6.153891    -5.9354424 ]
 [  7.535715    -7.3170247 ]
 [  6.372429    -6.153929  ]
 [ 10.32221    -10.104626  ]
 [ 10.8591175  -10.641063  ]
 [  4.880721    -4.661697  ]
 [  2.1158903   -1.8965275 ]
 [  1.6178659   -1.3980381 ]
 [ 11.3571415  -11.139552  ]
 [ 10.8591175  -10.641063  ]
 [ 11.3571415  -11.139552  ]
 [  7.535715    -7.3170247 ]
 [  3.2379284   -3.0184376 ]
 [  2.55643     -2.3375735 ]
 [  9.824186    -9.606136  ]]
2025-12-21 21:24:59,672 - [INFO] - ------------------------------------------------------------
2025-12-21 21:24:59,672 - [INFO] - On Validation Set:
	Accuracy of RRL  Model: 0.899101589495508
	F1 Score of RRL  Model: 0.6871712708491281
2025-12-21 21:24:59,678 - [INFO] - On Validation Set:
Performance of  RRL Model: 
[[1246   40]
 [ 106   55]]
              precision    recall  f1-score   support

           0       0.92      0.97      0.94      1286
           1       0.58      0.34      0.43       161

    accuracy                           0.90      1447
   macro avg       0.75      0.66      0.69      1447
weighted avg       0.88      0.90      0.89      1447

2025-12-21 21:24:59,678 - [INFO] - ------------------------------------------------------------
2025-12-21 21:24:59,848 - [INFO] - epoch: 84, loss_rrl: 113.58683734200895
2025-12-21 21:25:01,329 - [INFO] - epoch: 85, loss_rrl: 113.20179185643792
2025-12-21 21:25:01,417 - [DEBUG] - y_true: (1447,) [0 0 0 0 0 1 0 0 0 0 0 0 0 0 0 0 0 1 0 0 0 0 0 0 1 0 0 0 0 0 0 0 0 0 0 0 0
 0 1 1 0]
2025-12-21 21:25:01,565 - [DEBUG] - y_rrl_: (1447,) [0 0 0 0 0 0 0 0 0 0 0 0 0 0 0 0 0 0 0 0 0 0 0 0 1 0 0 0 0 0 0 0 0 0 0 0 0
 0 0 0 0]
2025-12-21 21:25:01,565 - [DEBUG] - y_rrl: (1447, 2) [[ 11.492295   -11.27639   ]
 [  2.1702144   -1.952986  ]
 [  9.0250845   -8.809031  ]
 [  9.0250845   -8.809031  ]
 [ 11.492295   -11.27639   ]
 [  1.7498059   -1.5326965 ]
 [ 11.492295   -11.27639   ]
 [ 10.45728    -10.241379  ]
 [ 11.492295   -11.27639   ]
 [  4.6305904   -4.4141726 ]
 [  1.7498059   -1.5326965 ]
 [  8.842451    -8.626215  ]
 [ 11.492295   -11.27639   ]
 [ 10.226341   -10.010077  ]
 [  9.187131    -8.971072  ]
 [ 10.226341   -10.010077  ]
 [ 10.45728    -10.241379  ]
 [  1.7498059   -1.5326965 ]
 [  7.144525    -6.927994  ]
 [  9.191326    -8.975066  ]
 [ 11.492295   -11.27639   ]
 [ 10.226341   -10.010077  ]
 [ 11.492295   -11.27639   ]
 [ 11.492295   -11.27639   ]
 [  0.07305077   0.14443731]
 [  1.7498059   -1.5326965 ]
 [  6.3063483   -6.0895944 ]
 [ 11.492295   -11.27639   ]
 [ 10.226341   -10.010077  ]
 [ 10.45728    -10.241379  ]
 [ 11.492295   -11.27639   ]
 [  7.5764976   -7.3599014 ]
 [  1.7498059   -1.5326965 ]
 [  1.7498059   -1.5326965 ]
 [ 11.492295   -11.27639   ]
 [ 11.492295   -11.27639   ]
 [ 11.492295   -11.27639   ]
 [ 10.226341   -10.010077  ]
 [  3.3646357   -3.1478596 ]
 [  2.722896    -2.5057368 ]
 [ 10.45728    -10.241379  ]]
2025-12-21 21:25:01,567 - [INFO] - ------------------------------------------------------------
2025-12-21 21:25:01,567 - [INFO] - On Validation Set:
	Accuracy of RRL  Model: 0.9011748445058743
	F1 Score of RRL  Model: 0.6437979098275289
2025-12-21 21:25:01,573 - [INFO] - On Validation Set:
Performance of  RRL Model: 
[[1267   19]
 [ 124   37]]
              precision    recall  f1-score   support

           0       0.91      0.99      0.95      1286
           1       0.66      0.23      0.34       161

    accuracy                           0.90      1447
   macro avg       0.79      0.61      0.64      1447
weighted avg       0.88      0.90      0.88      1447

2025-12-21 21:25:01,573 - [INFO] - ------------------------------------------------------------
2025-12-21 21:25:02,979 - [INFO] - epoch: 86, loss_rrl: 112.8797081373632
2025-12-21 21:25:03,304 - [DEBUG] - y_true: (1447,) [0 0 0 0 0 1 0 0 0 0 0 0 0 0 0 0 0 1 0 0 0 0 0 0 1 0 0 0 0 0 0 0 0 0 0 0 0
 0 1 1 0]
2025-12-21 21:25:03,451 - [DEBUG] - y_rrl_: (1447,) [0 0 0 0 0 1 0 0 0 0 0 0 0 0 0 0 0 0 0 0 0 0 0 0 0 0 0 0 0 0 0 0 0 0 0 0 0
 0 0 0 0]
2025-12-21 21:25:03,452 - [DEBUG] - y_rrl: (1447, 2) [[ 12.639947   -12.425709  ]
 [  2.822887    -2.6068823 ]
 [  8.916112    -8.7015915 ]
 [  9.6822      -9.467357  ]
 [ 10.456012   -10.241944  ]
 [ -0.39294857   0.6087775 ]
 [ 12.639947   -12.425709  ]
 [ 11.100047   -10.885355  ]
 [ 12.639947   -12.425709  ]
 [  5.2794      -5.0642014 ]
 [  4.1781654   -3.963093  ]
 [  9.232724    -9.018482  ]
 [  8.576833    -8.362294  ]
 [  9.948012    -9.733487  ]
 [  9.9719095   -9.757162  ]
 [ 12.639947   -12.425709  ]
 [ 10.1902      -9.975814  ]
 [  3.670165    -3.4546363 ]
 [  7.8030214   -7.5877066 ]
 [  9.849856    -9.634808  ]
 [ 12.1319475  -11.917252  ]
 [ 10.456012   -10.241944  ]
 [ 11.873858   -11.659944  ]
 [  9.46391     -9.248705  ]
 [  0.7583315   -0.5420748 ]
 [  0.11505135   0.10032105]
 [  8.718644    -8.503923  ]
 [ 10.881757   -10.666704  ]
 [ 11.873858   -11.659944  ]
 [ 11.608047   -11.393812  ]
 [ 12.1319475  -11.917252  ]
 [ 10.115668    -9.900939  ]
 [  4.1781654   -3.963093  ]
 [  2.9040773   -2.6888711 ]
 [ 11.873858   -11.659944  ]
 [ 12.1319475  -11.917252  ]
 [ 11.873858   -11.659944  ]
 [  9.46391     -9.248705  ]
 [  3.670165    -3.4546363 ]
 [  5.1576576   -4.94254   ]
 [ 11.100047   -10.885355  ]]
2025-12-21 21:25:03,454 - [INFO] - ------------------------------------------------------------
2025-12-21 21:25:03,454 - [INFO] - On Validation Set:
	Accuracy of RRL  Model: 0.9004837595024188
	F1 Score of RRL  Model: 0.5983530717986676
2025-12-21 21:25:03,460 - [INFO] - On Validation Set:
Performance of  RRL Model: 
[[1279    7]
 [ 137   24]]
              precision    recall  f1-score   support

           0       0.90      0.99      0.95      1286
           1       0.77      0.15      0.25       161

    accuracy                           0.90      1447
   macro avg       0.84      0.57      0.60      1447
weighted avg       0.89      0.90      0.87      1447

2025-12-21 21:25:03,460 - [INFO] - ------------------------------------------------------------
2025-12-21 21:25:04,622 - [INFO] - epoch: 87, loss_rrl: 113.64826542511582
2025-12-21 21:25:05,188 - [DEBUG] - y_true: (1447,) [0 0 0 0 0 1 0 0 0 0 0 0 0 0 0 0 0 1 0 0 0 0 0 0 1 0 0 0 0 0 0 0 0 0 0 0 0
 0 1 1 0]
2025-12-21 21:25:05,335 - [DEBUG] - y_rrl_: (1447,) [0 0 0 0 0 1 0 0 0 0 1 0 0 0 0 0 0 1 0 0 0 0 0 0 1 1 0 0 0 0 0 0 1 1 0 0 0
 0 1 0 0]
2025-12-21 21:25:05,336 - [DEBUG] - y_rrl: (1447, 2) [[ 10.378359   -10.165756  ]
 [  1.079888    -0.8659916 ]
 [  7.9365854   -7.723838  ]
 [  7.9365854   -7.723838  ]
 [ 10.378359   -10.165756  ]
 [ -0.18665524   0.4011177 ]
 [ 10.378359   -10.165756  ]
 [  9.346315    -9.133717  ]
 [ 10.378359   -10.165756  ]
 [  2.6475515   -2.4337685 ]
 [ -0.18665524   0.4011177 ]
 [  6.512108    -6.298831  ]
 [  9.149532    -8.936577  ]
 [  9.149532    -8.936577  ]
 [  5.422419    -5.2091646 ]
 [  9.149532    -8.936577  ]
 [  8.479602    -8.266318  ]
 [ -0.18665524   0.4011177 ]
 [  6.0755444   -5.8623285 ]
 [  8.117489    -7.904537  ]
 [ 10.378359   -10.165756  ]
 [  9.149532    -8.936577  ]
 [ 10.378359   -10.165756  ]
 [  9.149532    -8.936577  ]
 [ -2.9956908    3.2100995 ]
 [ -0.18665524   0.4011177 ]
 [  6.832149    -6.6190443 ]
 [  9.149532    -8.936577  ]
 [  9.149532    -8.936577  ]
 [  9.346315    -9.133717  ]
 [ 10.378359   -10.165756  ]
 [  9.149532    -8.936577  ]
 [ -0.18665524   0.4011177 ]
 [ -0.18665524   0.4011177 ]
 [ 10.378359   -10.165756  ]
 [ 10.378359   -10.165756  ]
 [ 10.378359   -10.165756  ]
 [  9.149532    -8.936577  ]
 [ -0.18665524   0.4011177 ]
 [  1.6836773   -1.4698546 ]
 [  9.346315    -9.133717  ]]
2025-12-21 21:25:05,338 - [INFO] - ------------------------------------------------------------
2025-12-21 21:25:05,338 - [INFO] - On Validation Set:
	Accuracy of RRL  Model: 0.8914996544574982
	F1 Score of RRL  Model: 0.7219041533389887
2025-12-21 21:25:05,343 - [INFO] - On Validation Set:
Performance of  RRL Model: 
[[1210   76]
 [  81   80]]
              precision    recall  f1-score   support

           0       0.94      0.94      0.94      1286
           1       0.51      0.50      0.50       161

    accuracy                           0.89      1447
   macro avg       0.73      0.72      0.72      1447
weighted avg       0.89      0.89      0.89      1447

2025-12-21 21:25:05,343 - [INFO] - ------------------------------------------------------------
2025-12-21 21:25:06,266 - [INFO] - epoch: 88, loss_rrl: 114.35202888399363
2025-12-21 21:25:07,073 - [DEBUG] - y_true: (1447,) [0 0 0 0 0 1 0 0 0 0 0 0 0 0 0 0 0 1 0 0 0 0 0 0 1 0 0 0 0 0 0 0 0 0 0 0 0
 0 1 1 0]
2025-12-21 21:25:07,222 - [DEBUG] - y_rrl_: (1447,) [0 0 0 0 0 1 0 0 0 0 1 0 0 0 0 0 0 1 0 0 0 0 0 0 1 1 0 0 0 0 0 0 1 1 0 0 0
 0 1 0 0]
2025-12-21 21:25:07,222 - [DEBUG] - y_rrl: (1447, 2) [[10.147157   -9.9361725 ]
 [ 0.35136557 -0.13864963]
 [ 7.2154303  -7.0038557 ]
 [ 7.2154303  -7.0038557 ]
 [ 8.761504   -8.550372  ]
 [-0.8807807   1.0940571 ]
 [10.147157   -9.9361725 ]
 [ 8.601084   -8.389656  ]
 [10.147157   -9.9361725 ]
 [ 1.9298844  -1.7172817 ]
 [-0.37062877  0.583458  ]
 [ 7.510295   -7.2989874 ]
 [10.147157   -9.9361725 ]
 [ 7.0416274  -6.8296995 ]
 [10.147157   -9.9361725 ]
 [ 8.937432   -8.726099  ]
 [ 6.879015   -6.6672096 ]
 [-0.8807807   1.0940571 ]
 [ 5.3553653  -5.1433263 ]
 [ 5.274624   -5.0626435 ]
 [ 9.637005   -9.425573  ]
 [ 7.55178    -7.340298  ]
 [10.147157   -9.9361725 ]
 [ 8.251351   -8.039773  ]
 [-3.685649    3.8988698 ]
 [-0.37062877  0.583458  ]
 [ 6.615191   -6.403708  ]
 [ 9.637005   -9.425573  ]
 [ 6.820698   -6.6091595 ]
 [ 9.111236   -8.900255  ]
 [ 9.637005   -9.425573  ]
 [ 6.8263416  -6.6142325 ]
 [-0.37062877  0.583458  ]
 [-0.8807807   1.0940571 ]
 [10.147157   -9.9361725 ]
 [ 9.637005   -9.425573  ]
 [10.147157   -9.9361725 ]
 [ 7.0416274  -6.8296995 ]
 [-0.8807807   1.0940571 ]
 [ 1.4973612  -1.2851683 ]
 [ 8.601084   -8.389656  ]]
2025-12-21 21:25:07,224 - [INFO] - ------------------------------------------------------------
2025-12-21 21:25:07,224 - [INFO] - On Validation Set:
	Accuracy of RRL  Model: 0.889426399447132
	F1 Score of RRL  Model: 0.7292290419161677
2025-12-21 21:25:07,230 - [INFO] - On Validation Set:
Performance of  RRL Model: 
[[1200   86]
 [  74   87]]
              precision    recall  f1-score   support

           0       0.94      0.93      0.94      1286
           1       0.50      0.54      0.52       161

    accuracy                           0.89      1447
   macro avg       0.72      0.74      0.73      1447
weighted avg       0.89      0.89      0.89      1447

2025-12-21 21:25:07,230 - [INFO] - ------------------------------------------------------------
2025-12-21 21:25:07,916 - [INFO] - epoch: 89, loss_rrl: 114.2376838363707
2025-12-21 21:25:09,138 - [DEBUG] - y_true: (1447,) [0 0 0 0 0 1 0 0 0 0 0 0 0 0 0 0 0 1 0 0 0 0 0 0 1 0 0 0 0 0 0 0 0 0 0 0 0
 0 1 1 0]
2025-12-21 21:25:09,296 - [DEBUG] - y_rrl_: (1447,) [0 0 0 0 0 1 0 0 0 0 0 0 0 0 0 0 0 1 0 0 0 0 0 0 1 1 0 0 0 0 0 0 0 1 0 0 0
 0 0 0 0]
2025-12-21 21:25:09,296 - [DEBUG] - y_rrl: (1447, 2) [[ 11.066546   -10.857149  ]
 [  1.2963241   -1.0852206 ]
 [  8.154665    -7.944684  ]
 [  8.154665    -7.944684  ]
 [ 11.066546   -10.857149  ]
 [ -1.933272     2.145188  ]
 [ 11.066546   -10.857149  ]
 [  9.517091    -9.307256  ]
 [ 11.066546   -10.857149  ]
 [  2.875565    -2.6645741 ]
 [  0.5984336   -0.38721952]
 [  8.433282    -8.22357   ]
 [  9.046597    -8.836941  ]
 [  9.361468    -9.151282  ]
 [  7.3774824   -7.167797  ]
 [  9.873225    -9.663482  ]
 [  9.199377    -8.989314  ]
 [  0.08667745   0.12498008]
 [  5.474349    -5.2632403 ]
 [  8.32377     -8.113588  ]
 [ 10.55479    -10.34495   ]
 [  9.873225    -9.663482  ]
 [ 11.066546   -10.857149  ]
 [ 10.55479    -10.34495   ]
 [ -2.7039154    2.9155173 ]
 [ -1.4215156    1.6329887 ]
 [  5.9510217   -5.740817  ]
 [ 10.55479    -10.34495   ]
 [  9.873225    -9.663482  ]
 [ 10.028848    -9.819455  ]
 [ 10.55479    -10.34495   ]
 [  7.7659016   -7.555398  ]
 [  0.5984336   -0.38721952]
 [  0.08667745   0.12498008]
 [ 11.066546   -10.857149  ]
 [ 10.55479    -10.34495   ]
 [ 11.066546   -10.857149  ]
 [  9.361468    -9.151282  ]
 [  1.6822432   -1.4709065 ]
 [  2.4610543   -2.2504709 ]
 [  9.517091    -9.307256  ]]
2025-12-21 21:25:09,298 - [INFO] - ------------------------------------------------------------
2025-12-21 21:25:09,298 - [INFO] - On Validation Set:
	Accuracy of RRL  Model: 0.8956461644782309
	F1 Score of RRL  Model: 0.700518788078154
2025-12-21 21:25:09,304 - [INFO] - On Validation Set:
Performance of  RRL Model: 
[[1232   54]
 [  97   64]]
              precision    recall  f1-score   support

           0       0.93      0.96      0.94      1286
           1       0.54      0.40      0.46       161

    accuracy                           0.90      1447
   macro avg       0.73      0.68      0.70      1447
weighted avg       0.88      0.90      0.89      1447

2025-12-21 21:25:09,305 - [INFO] - ------------------------------------------------------------
2025-12-21 21:25:09,750 - [INFO] - epoch: 90, loss_rrl: 114.49368960782886
2025-12-21 21:25:11,041 - [DEBUG] - y_true: (1447,) [0 0 0 0 0 1 0 0 0 0 0 0 0 0 0 0 0 1 0 0 0 0 0 0 1 0 0 0 0 0 0 0 0 0 0 0 0
 0 1 1 0]
2025-12-21 21:25:11,199 - [DEBUG] - y_rrl_: (1447,) [0 0 0 0 0 1 0 0 0 0 1 0 0 0 0 0 0 1 0 0 0 0 0 0 1 1 0 0 0 0 0 0 1 1 0 0 0
 0 0 0 0]
2025-12-21 21:25:11,199 - [DEBUG] - y_rrl: (1447, 2) [[ 10.301828   -10.094019  ]
 [  0.5633571   -0.35385534]
 [  7.40742     -7.1990314 ]
 [  7.40742     -7.1990314 ]
 [ 10.301828   -10.094019  ]
 [ -0.6240198    0.83406967]
 [ 10.301828   -10.094019  ]
 [  8.754042    -8.545798  ]
 [ 10.301828   -10.094019  ]
 [  2.145223    -1.9358343 ]
 [ -0.12028933   0.32990053]
 [  6.48853     -6.2800617 ]
 [  9.121159    -8.913007  ]
 [  8.617429    -8.408837  ]
 [  9.121159    -8.913007  ]
 [  9.121159    -8.913007  ]
 [  8.453158    -8.24469   ]
 [ -0.6240198    0.83406967]
 [  4.760845    -4.5513387 ]
 [  5.4387865   -5.230005  ]
 [  9.798099    -9.58985   ]
 [  9.121159    -8.913007  ]
 [ 10.301828   -10.094019  ]
 [  8.617429    -8.408837  ]
 [ -3.3990023    3.6089973 ]
 [ -0.12028933   0.32990053]
 [  5.209587    -5.0009723 ]
 [  8.617429    -8.408837  ]
 [  6.986573    -6.778225  ]
 [  9.2577715   -9.049967  ]
 [  9.798099    -9.58985   ]
 [  5.9847994   -5.7758927 ]
 [ -0.12028933   0.32990053]
 [ -0.6240198    0.83406967]
 [ 10.301828   -10.094019  ]
 [  9.798099    -9.58985   ]
 [ 10.301828   -10.094019  ]
 [  8.617429    -8.408837  ]
 [  0.9645531   -0.75482196]
 [  1.7452706   -1.5362852 ]
 [  8.754042    -8.545798  ]]
2025-12-21 21:25:11,201 - [INFO] - ------------------------------------------------------------
2025-12-21 21:25:11,201 - [INFO] - On Validation Set:
	Accuracy of RRL  Model: 0.8811333794056669
	F1 Score of RRL  Model: 0.7027072224451962
2025-12-21 21:25:11,207 - [INFO] - On Validation Set:
Performance of  RRL Model: 
[[1198   88]
 [  84   77]]
              precision    recall  f1-score   support

           0       0.93      0.93      0.93      1286
           1       0.47      0.48      0.47       161

    accuracy                           0.88      1447
   macro avg       0.70      0.70      0.70      1447
weighted avg       0.88      0.88      0.88      1447

2025-12-21 21:25:11,207 - [INFO] - ------------------------------------------------------------
2025-12-21 21:25:11,410 - [INFO] - epoch: 91, loss_rrl: 114.16067932918668
2025-12-21 21:25:12,890 - [INFO] - epoch: 92, loss_rrl: 114.49041455984116
2025-12-21 21:25:12,943 - [DEBUG] - y_true: (1447,) [0 0 0 0 0 1 0 0 0 0 0 0 0 0 0 0 0 1 0 0 0 0 0 0 1 0 0 0 0 0 0 0 0 0 0 0 0
 0 1 1 0]
2025-12-21 21:25:13,101 - [DEBUG] - y_rrl_: (1447,) [0 0 0 0 0 0 0 0 0 0 0 0 0 0 0 0 0 0 0 0 0 0 0 0 1 0 0 0 0 0 0 0 0 0 0 0 0
 0 0 0 0]
2025-12-21 21:25:13,101 - [DEBUG] - y_rrl: (1447, 2) [[ 10.563506   -10.35722   ]
 [  1.3275301   -1.1200048 ]
 [  8.186217    -7.979793  ]
 [  8.186217    -7.979793  ]
 [ 10.563506   -10.35722   ]
 [  0.16666847   0.04139975]
 [ 10.563506   -10.35722   ]
 [  9.517598    -9.311318  ]
 [ 10.563506   -10.35722   ]
 [  2.9241676   -2.7167568 ]
 [  0.16666847   0.04139975]
 [  7.9328775   -7.7262816 ]
 [ 10.563506   -10.35722   ]
 [  9.390727    -9.1841    ]
 [  8.23995     -8.0335245 ]
 [  9.390727    -9.1841    ]
 [  8.727681    -8.520742  ]
 [  0.16666847   0.04139975]
 [  5.5485578   -5.341026  ]
 [  4.6115236   -4.4043956 ]
 [ 10.563506   -10.35722   ]
 [  9.390727    -9.1841    ]
 [ 10.563506   -10.35722   ]
 [ 10.563506   -10.35722   ]
 [ -0.60136044   0.80911833]
 [  0.16666847   0.04139975]
 [  5.4824495   -5.2753687 ]
 [ 10.563506   -10.35722   ]
 [  5.6574306   -5.4502974 ]
 [  9.517598    -9.311318  ]
 [ 10.563506   -10.35722   ]
 [  6.760099    -6.5531626 ]
 [  0.16666847   0.04139975]
 [  0.16666847   0.04139975]
 [ 10.563506   -10.35722   ]
 [ 10.563506   -10.35722   ]
 [ 10.563506   -10.35722   ]
 [  9.390727    -9.1841    ]
 [  1.7513893   -1.5436374 ]
 [  2.0292673   -1.8218209 ]
 [  9.517598    -9.311318  ]]
2025-12-21 21:25:13,104 - [INFO] - ------------------------------------------------------------
2025-12-21 21:25:13,104 - [INFO] - On Validation Set:
	Accuracy of RRL  Model: 0.8984105044920525
	F1 Score of RRL  Model: 0.6967404182153352
2025-12-21 21:25:13,110 - [INFO] - On Validation Set:
Performance of  RRL Model: 
[[1240   46]
 [ 101   60]]
              precision    recall  f1-score   support

           0       0.92      0.96      0.94      1286
           1       0.57      0.37      0.45       161

    accuracy                           0.90      1447
   macro avg       0.75      0.67      0.70      1447
weighted avg       0.88      0.90      0.89      1447

2025-12-21 21:25:13,110 - [INFO] - ------------------------------------------------------------
2025-12-21 21:25:14,549 - [INFO] - epoch: 93, loss_rrl: 113.35535011813045
2025-12-21 21:25:14,842 - [DEBUG] - y_true: (1447,) [0 0 0 0 0 1 0 0 0 0 0 0 0 0 0 0 0 1 0 0 0 0 0 0 1 0 0 0 0 0 0 0 0 0 0 0 0
 0 1 1 0]
2025-12-21 21:25:15,000 - [DEBUG] - y_rrl_: (1447,) [0 1 0 0 0 1 0 0 0 0 1 0 0 0 0 0 0 1 0 0 0 0 0 0 1 1 0 0 0 0 0 0 1 1 0 0 0
 0 1 0 0]
2025-12-21 21:25:15,001 - [DEBUG] - y_rrl: (1447, 2) [[ 9.723013   -9.518252  ]
 [-0.01278766  0.21920791]
 [ 6.087055   -5.882033  ]
 [ 7.9079885  -7.7026544 ]
 [ 7.6298103  -7.4252157 ]
 [-1.924033    2.1306825 ]
 [ 9.723013   -9.518252  ]
 [ 8.180257   -7.9750686 ]
 [ 9.723013   -9.518252  ]
 [ 2.6487012  -2.44239   ]
 [-0.6584451   0.8649694 ]
 [ 6.1993275  -5.994224  ]
 [ 7.784118   -7.579327  ]
 [ 5.969095   -5.7637305 ]
 [ 8.556003   -8.3509035 ]
 [ 8.556003   -8.3509035 ]
 [ 4.2565093  -4.0508246 ]
 [-1.1521502   1.3591065 ]
 [ 5.0149016  -4.8091264 ]
 [ 8.062297   -7.8567653 ]
 [ 9.229307   -9.024115  ]
 [ 6.4628     -6.2578673 ]
 [ 8.95113    -8.746676  ]
 [ 6.7409782  -6.5353065 ]
 [-1.924033    2.1306825 ]
 [-1.430328    1.6365454 ]
 [ 4.642415   -4.436867  ]
 [ 8.062297   -7.8567653 ]
 [ 7.784118   -7.579327  ]
 [ 8.673962   -8.469207  ]
 [ 9.229307   -9.024115  ]
 [ 5.7056227  -5.5000873 ]
 [-0.6584451   0.8649694 ]
 [-1.924033    2.1306825 ]
 [ 8.95113    -8.746676  ]
 [ 9.229307   -9.024115  ]
 [ 8.95113    -8.746676  ]
 [ 6.7409782  -6.5353065 ]
 [-1.1521502   1.3591065 ]
 [ 1.2035135  -0.99760294]
 [ 8.180257   -7.9750686 ]]
2025-12-21 21:25:15,003 - [INFO] - ------------------------------------------------------------
2025-12-21 21:25:15,003 - [INFO] - On Validation Set:
	Accuracy of RRL  Model: 0.8852798894263995
	F1 Score of RRL  Model: 0.7315530899077319
2025-12-21 21:25:15,009 - [INFO] - On Validation Set:
Performance of  RRL Model: 
[[1188   98]
 [  68   93]]
              precision    recall  f1-score   support

           0       0.95      0.92      0.93      1286
           1       0.49      0.58      0.53       161

    accuracy                           0.89      1447
   macro avg       0.72      0.75      0.73      1447
weighted avg       0.89      0.89      0.89      1447

2025-12-21 21:25:15,009 - [INFO] - ------------------------------------------------------------
2025-12-21 21:25:16,207 - [INFO] - epoch: 94, loss_rrl: 114.682951528579
2025-12-21 21:25:16,739 - [DEBUG] - y_true: (1447,) [0 0 0 0 0 1 0 0 0 0 0 0 0 0 0 0 0 1 0 0 0 0 0 0 1 0 0 0 0 0 0 0 0 0 0 0 0
 0 1 1 0]
2025-12-21 21:25:16,897 - [DEBUG] - y_rrl_: (1447,) [0 1 0 0 0 1 0 0 0 0 0 0 0 0 0 0 0 1 0 0 0 0 0 0 1 1 0 0 0 0 0 0 0 1 0 0 0
 0 0 0 0]
2025-12-21 21:25:16,897 - [DEBUG] - y_rrl: (1447, 2) [[ 9.903837   -9.700589  ]
 [-0.8559861   1.0608747 ]
 [ 6.280564   -6.0770564 ]
 [ 7.0549583  -6.851146  ]
 [ 9.129444   -8.926499  ]
 [-0.9566267   1.1611043 ]
 [ 9.903837   -9.700589  ]
 [ 8.36417    -8.160498  ]
 [ 9.903837   -9.700589  ]
 [ 2.5421536  -2.3380177 ]
 [ 0.30647397 -0.10212059]
 [ 5.354096   -5.1505103 ]
 [ 7.9819508  -7.77867   ]
 [ 7.493244   -7.289535  ]
 [ 5.1146603  -4.9108005 ]
 [ 8.756344   -8.55276   ]
 [ 8.852877   -8.649632  ]
 [-0.18223219  0.38701433]
 [ 5.2337117  -5.0294576 ]
 [ 7.2166767  -7.012668  ]
 [ 9.415132   -9.211454  ]
 [ 7.9819508  -7.77867   ]
 [ 9.129444   -8.926499  ]
 [ 8.267638   -8.063625  ]
 [-1.7012018   1.9063226 ]
 [-0.4679205   0.67196953]
 [ 5.3729095  -5.1691937 ]
 [ 8.267638   -8.063625  ]
 [ 6.930988   -6.727712  ]
 [ 8.852877   -8.649632  ]
 [ 9.415132   -9.211454  ]
 [ 7.493244   -7.289535  ]
 [ 0.30647397 -0.10212059]
 [-0.9566267   1.1611043 ]
 [ 9.129444   -8.926499  ]
 [ 8.36417    -8.160498  ]
 [ 9.129444   -8.926499  ]
 [ 8.267638   -8.063625  ]
 [ 1.39466    -1.1901886 ]
 [ 1.4153583  -1.2109723 ]
 [ 8.36417    -8.160498  ]]
2025-12-21 21:25:16,899 - [INFO] - ------------------------------------------------------------
2025-12-21 21:25:16,899 - [INFO] - On Validation Set:
	Accuracy of RRL  Model: 0.9011748445058743
	F1 Score of RRL  Model: 0.7009609034139602
2025-12-21 21:25:16,905 - [INFO] - On Validation Set:
Performance of  RRL Model: 
[[1244   42]
 [ 101   60]]
              precision    recall  f1-score   support

           0       0.92      0.97      0.95      1286
           1       0.59      0.37      0.46       161

    accuracy                           0.90      1447
   macro avg       0.76      0.67      0.70      1447
weighted avg       0.89      0.90      0.89      1447

2025-12-21 21:25:16,905 - [INFO] - ------------------------------------------------------------
2025-12-21 21:25:17,875 - [INFO] - epoch: 95, loss_rrl: 114.5418740902096
2025-12-21 21:25:18,666 - [DEBUG] - y_true: (1447,) [0 0 0 0 0 1 0 0 0 0 0 0 0 0 0 0 0 1 0 0 0 0 0 0 1 0 0 0 0 0 0 0 0 0 0 0 0
 0 1 1 0]
2025-12-21 21:25:18,823 - [DEBUG] - y_rrl_: (1447,) [0 0 0 0 0 0 0 0 0 0 0 0 0 0 0 0 0 0 0 0 0 0 0 0 1 0 0 0 0 0 0 0 0 0 0 0 0
 0 0 0 0]
2025-12-21 21:25:18,824 - [DEBUG] - y_rrl: (1447, 2) [[ 12.028892  -11.827131 ]
 [  2.3456647  -2.1422749]
 [  9.19379    -8.991471 ]
 [  9.19379    -8.991471 ]
 [ 10.735173  -10.533275 ]
 [  1.2272785  -1.0233625]
 [ 12.028892  -11.827131 ]
 [ 10.487509  -10.285328 ]
 [ 12.028892  -11.827131 ]
 [  3.9288325  -3.7255578]
 [  1.7143219  -1.5108312]
 [  9.4062605  -9.204198 ]
 [ 12.028892  -11.827131 ]
 [  9.114867   -8.9122095]
 [ 12.028892  -11.827131 ]
 [ 10.895629  -10.693535 ]
 [  8.946727   -8.744196 ]
 [  1.2272785  -1.0233625]
 [  5.8221765  -5.6191106]
 [  7.160236   -6.957537 ]
 [ 11.541848  -11.339663 ]
 [  9.601911   -9.399678 ]
 [ 12.028892  -11.827131 ]
 [ 10.24813   -10.045806 ]
 [ -1.5110896   1.7149471]
 [  1.7143219  -1.5108312]
 [ 10.895629  -10.693535 ]
 [ 11.541848  -11.339663 ]
 [  8.701619   -8.49934  ]
 [ 10.974551  -10.772797 ]
 [ 11.541848  -11.339663 ]
 [  7.7859554  -7.583133 ]
 [  1.7143219  -1.5108312]
 [  1.2272785  -1.0233625]
 [ 12.028892  -11.827131 ]
 [ 11.541848  -11.339663 ]
 [ 12.028892  -11.827131 ]
 [  9.114867   -8.9122095]
 [  1.2272785  -1.0233625]
 [  3.5623624  -3.359478 ]
 [ 10.487509  -10.285328 ]]
2025-12-21 21:25:18,826 - [INFO] - ------------------------------------------------------------
2025-12-21 21:25:18,826 - [INFO] - On Validation Set:
	Accuracy of RRL  Model: 0.8977194194885971
	F1 Score of RRL  Model: 0.6233520464874144
2025-12-21 21:25:18,832 - [INFO] - On Validation Set:
Performance of  RRL Model: 
[[1267   19]
 [ 129   32]]
              precision    recall  f1-score   support

           0       0.91      0.99      0.94      1286
           1       0.63      0.20      0.30       161

    accuracy                           0.90      1447
   macro avg       0.77      0.59      0.62      1447
weighted avg       0.88      0.90      0.87      1447

2025-12-21 21:25:18,832 - [INFO] - ------------------------------------------------------------
2025-12-21 21:25:19,547 - [INFO] - epoch: 96, loss_rrl: 114.54801855608821
2025-12-21 21:25:20,560 - [DEBUG] - y_true: (1447,) [0 0 0 0 0 1 0 0 0 0 0 0 0 0 0 0 0 1 0 0 0 0 0 0 1 0 0 0 0 0 0 0 0 0 0 0 0
 0 1 1 0]
2025-12-21 21:25:20,717 - [DEBUG] - y_rrl_: (1447,) [0 0 0 0 0 0 0 0 0 0 0 0 0 0 0 0 0 0 0 0 0 0 0 0 1 0 0 0 0 0 0 0 0 0 0 0 0
 0 0 0 0]
2025-12-21 21:25:20,718 - [DEBUG] - y_rrl: (1447, 2) [[ 10.508013   -10.307705  ]
 [  0.85368305  -0.65176016]
 [  7.6878386   -7.4869766 ]
 [  7.6878386   -7.4869766 ]
 [ 10.508013   -10.307705  ]
 [  1.014627    -0.8123197 ]
 [ 10.508013   -10.307705  ]
 [  8.958835    -8.758109  ]
 [ 10.508013   -10.307705  ]
 [  3.7043638   -3.5026915 ]
 [  1.5008162   -1.2989309 ]
 [  6.7552867   -6.5543456 ]
 [  7.436489    -7.235608  ]
 [  8.897907    -8.696846  ]
 [  7.0504494   -6.849678  ]
 [  9.384096    -9.183457  ]
 [  8.721349    -8.520415  ]
 [  1.014627    -0.8123197 ]
 [  5.163636    -4.961707  ]
 [  7.834918    -7.6338615 ]
 [ 10.021824    -9.821094  ]
 [  9.384096    -9.183457  ]
 [ 10.508013   -10.307705  ]
 [  8.897907    -8.696846  ]
 [ -1.0280491    1.2301922 ]
 [  1.5008162   -1.2989309 ]
 [  5.4846287   -5.2835517 ]
 [  8.897907    -8.696846  ]
 [  9.384096    -9.183457  ]
 [  9.445024    -9.24472   ]
 [ 10.021824    -9.821094  ]
 [  7.3320866   -7.13072   ]
 [  1.5008162   -1.2989309 ]
 [  1.014627    -0.8123197 ]
 [ 10.508013   -10.307705  ]
 [ 10.021824    -9.821094  ]
 [ 10.508013   -10.307705  ]
 [  8.897907    -8.696846  ]
 [  1.014627    -0.8123197 ]
 [  2.0869493   -1.8855298 ]
 [  8.958835    -8.758109  ]]
2025-12-21 21:25:20,720 - [INFO] - ------------------------------------------------------------
2025-12-21 21:25:20,720 - [INFO] - On Validation Set:
	Accuracy of RRL  Model: 0.9032480995162405
	F1 Score of RRL  Model: 0.6467777932766076
2025-12-21 21:25:20,726 - [INFO] - On Validation Set:
Performance of  RRL Model: 
[[1270   16]
 [ 124   37]]
              precision    recall  f1-score   support

           0       0.91      0.99      0.95      1286
           1       0.70      0.23      0.35       161

    accuracy                           0.90      1447
   macro avg       0.80      0.61      0.65      1447
weighted avg       0.89      0.90      0.88      1447

2025-12-21 21:25:20,726 - [INFO] - ------------------------------------------------------------
2025-12-21 21:25:21,211 - [INFO] - epoch: 97, loss_rrl: 115.2358750384301
2025-12-21 21:25:22,464 - [DEBUG] - y_true: (1447,) [0 0 0 0 0 1 0 0 0 0 0 0 0 0 0 0 0 1 0 0 0 0 0 0 1 0 0 0 0 0 0 0 0 0 0 0 0
 0 1 1 0]
2025-12-21 21:25:22,620 - [DEBUG] - y_rrl_: (1447,) [0 0 0 0 0 1 0 0 0 0 0 0 0 0 0 0 0 0 0 0 0 0 0 0 1 1 0 0 0 0 0 0 0 1 0 0 0
 0 0 0 0]
2025-12-21 21:25:22,621 - [DEBUG] - y_rrl: (1447, 2) [[ 9.7569742e+00 -9.5580921e+00]
 [ 1.1410794e-01  8.6370602e-02]
 [ 6.1842895e+00 -5.9851580e+00]
 [ 8.0207577e+00 -7.8213234e+00]
 [ 8.9864902e+00 -8.7879057e+00]
 [-4.9163815e-01  6.9220001e-01]
 [ 9.7569742e+00 -9.5580921e+00]
 [ 8.2087698e+00 -8.0094738e+00]
 [ 9.7569742e+00 -9.5580921e+00]
 [ 4.0240664e+00 -3.8238320e+00]
 [ 7.6106602e-01 -5.6062484e-01]
 [ 7.4210391e+00 -7.2221513e+00]
 [ 7.8727045e+00 -7.6737914e+00]
 [ 7.3904839e+00 -7.1911530e+00]
 [ 6.3098798e+00 -6.1105399e+00]
 [ 8.6431894e+00 -8.4439793e+00]
 [ 7.9827933e+00 -7.7832923e+00]
 [ 2.7884552e-01 -7.7986225e-02]
 [ 4.4478698e+00 -4.2473845e+00]
 [ 9.2747536e+00 -9.0754538e+00]
 [ 9.2747536e+00 -9.0754538e+00]
 [ 7.8727045e+00 -7.6737914e+00]
 [ 8.9864902e+00 -8.7879057e+00]
 [ 8.1609688e+00 -7.9613395e+00]
 [-3.6845510e+00  3.8854856e+00]
 [-9.4176773e-03  2.0956154e-01]
 [ 5.8582134e+00 -5.6588993e+00]
 [ 9.2747536e+00 -9.0754538e+00]
 [ 8.9864902e+00 -8.7879057e+00]
 [ 8.6909904e+00 -8.4921131e+00]
 [ 9.2747536e+00 -9.0754538e+00]
 [ 6.9388185e+00 -6.7395129e+00]
 [ 7.6106602e-01 -5.6062484e-01]
 [-4.9163815e-01  6.9220001e-01]
 [ 8.9864902e+00 -8.7879057e+00]
 [ 9.2747536e+00 -9.0754538e+00]
 [ 8.9864902e+00 -8.7879057e+00]
 [ 8.1609688e+00 -7.9613395e+00]
 [ 1.8442979e+00 -1.6437401e+00]
 [ 1.3680224e+00 -1.1680416e+00]
 [ 8.2087698e+00 -8.0094738e+00]]
2025-12-21 21:25:22,623 - [INFO] - ------------------------------------------------------------
2025-12-21 21:25:22,623 - [INFO] - On Validation Set:
	Accuracy of RRL  Model: 0.9053213545266068
	F1 Score of RRL  Model: 0.7135079983756122
2025-12-21 21:25:22,629 - [INFO] - On Validation Set:
Performance of  RRL Model: 
[[1247   39]
 [  98   63]]
              precision    recall  f1-score   support

           0       0.93      0.97      0.95      1286
           1       0.62      0.39      0.48       161

    accuracy                           0.91      1447
   macro avg       0.77      0.68      0.71      1447
weighted avg       0.89      0.91      0.90      1447

2025-12-21 21:25:22,629 - [INFO] - ------------------------------------------------------------
2025-12-21 21:25:22,866 - [INFO] - epoch: 98, loss_rrl: 114.68637697398663
2025-12-21 21:25:24,359 - [INFO] - epoch: 99, loss_rrl: 115.11582135781646
