2025-12-21 21:06:47,165 - [DEBUG] - y_true: (1447,) [0 0 0 0 0 1 0 0 0 0 0 0 0 0 0 0 0 1 0 0 0 0 0 0 1 0 0 0 0 0 0 0 0 0 0 0 0
 0 1 1 0]
2025-12-21 21:06:47,332 - [DEBUG] - y_rrl_: (1447,) [0 0 0 0 0 0 0 0 0 0 0 0 0 0 0 0 0 0 0 0 0 0 0 0 0 0 0 0 0 0 0 0 0 0 0 0 0
 0 0 0 0]
2025-12-21 21:06:47,333 - [DEBUG] - y_rrl: (1447, 2) [[ 1.2417283 -0.2126123]
 [ 1.2417283 -0.2126123]
 [ 1.2417283 -0.2126123]
 [ 1.2417283 -0.2126123]
 [ 1.2417283 -0.2126123]
 [ 1.2417283 -0.2126123]
 [ 1.2417283 -0.2126123]
 [ 1.2417283 -0.2126123]
 [ 1.2417283 -0.2126123]
 [ 1.2417283 -0.2126123]
 [ 1.2417283 -0.2126123]
 [ 1.2417283 -0.2126123]
 [ 1.2417283 -0.2126123]
 [ 1.2417283 -0.2126123]
 [ 1.2417283 -0.2126123]
 [ 1.2417283 -0.2126123]
 [ 1.2417283 -0.2126123]
 [ 1.2417283 -0.2126123]
 [ 1.2417283 -0.2126123]
 [ 1.2417283 -0.2126123]
 [ 1.2417283 -0.2126123]
 [ 1.2417283 -0.2126123]
 [ 1.2417283 -0.2126123]
 [ 1.2417283 -0.2126123]
 [ 1.2417283 -0.2126123]
 [ 1.2417283 -0.2126123]
 [ 1.2417283 -0.2126123]
 [ 1.2417283 -0.2126123]
 [ 1.2417283 -0.2126123]
 [ 1.2417283 -0.2126123]
 [ 1.2417283 -0.2126123]
 [ 1.2417283 -0.2126123]
 [ 1.2417283 -0.2126123]
 [ 1.2417283 -0.2126123]
 [ 1.2417283 -0.2126123]
 [ 1.2417283 -0.2126123]
 [ 1.2417283 -0.2126123]
 [ 1.2417283 -0.2126123]
 [ 1.2417283 -0.2126123]
 [ 1.2417283 -0.2126123]
 [ 1.2417283 -0.2126123]]
2025-12-21 21:06:47,335 - [INFO] - ------------------------------------------------------------
2025-12-21 21:06:47,335 - [INFO] - On Validation Set:
	Accuracy of RRL  Model: 0.8887353144436766
	F1 Score of RRL  Model: 0.47054518843761434
2025-12-21 21:06:47,341 - [INFO] - On Validation Set:
Performance of  RRL Model: 
[[1286    0]
 [ 161    0]]
              precision    recall  f1-score   support

           0       0.89      1.00      0.94      1286
           1       0.00      0.00      0.00       161

    accuracy                           0.89      1447
   macro avg       0.44      0.50      0.47      1447
weighted avg       0.79      0.89      0.84      1447

2025-12-21 21:06:47,341 - [INFO] - ------------------------------------------------------------
2025-12-21 21:06:48,807 - [INFO] - epoch: 0, loss_rrl: 157.6900566779077
2025-12-21 21:06:49,054 - [DEBUG] - y_true: (1447,) [0 0 0 0 0 1 0 0 0 0 0 0 0 0 0 0 0 1 0 0 0 0 0 0 1 0 0 0 0 0 0 0 0 0 0 0 0
 0 1 1 0]
2025-12-21 21:06:49,217 - [DEBUG] - y_rrl_: (1447,) [0 0 0 0 0 1 0 0 0 0 0 0 0 0 0 0 0 0 0 0 0 0 0 0 1 0 0 0 0 0 0 0 0 0 0 0 0
 0 1 0 0]
2025-12-21 21:06:49,217 - [DEBUG] - y_rrl: (1447, 2) [[ 2.0464432  -1.0137315 ]
 [ 1.2764013  -0.25192776]
 [ 2.0308523  -1.1007929 ]
 [ 2.0308523  -1.1007929 ]
 [ 2.0464432  -1.0137315 ]
 [ 0.07019167  1.0105863 ]
 [ 2.0308523  -1.1007929 ]
 [ 2.0308523  -1.1007929 ]
 [ 2.0308523  -1.1007929 ]
 [ 1.3282971  -0.39928737]
 [ 0.7475404   0.18117033]
 [ 1.4500959  -0.5203352 ]
 [ 1.7144994  -0.6720673 ]
 [ 1.8881938  -0.9404748 ]
 [ 1.7144994  -0.6720673 ]
 [ 1.8881938  -0.9404748 ]
 [ 2.0308523  -1.1007929 ]
 [ 0.7475404   0.18117033]
 [ 1.2764013  -0.25192776]
 [ 1.2764013  -0.25192776]
 [ 2.0464432  -1.0137315 ]
 [ 1.8881938  -0.9404748 ]
 [ 2.0464432  -1.0137315 ]
 [ 1.7144994  -0.6720673 ]
 [ 0.07019167  1.0105863 ]
 [ 0.5738458   0.44957772]
 [ 1.4500959  -0.5203352 ]
 [ 1.7144994  -0.6720673 ]
 [ 1.4500959  -0.5203352 ]
 [ 2.0464432  -1.0137315 ]
 [ 2.0308523  -1.1007929 ]
 [ 1.2764013  -0.25192776]
 [ 0.7475404   0.18117033]
 [ 0.7475404   0.18117033]
 [ 2.0464432  -1.0137315 ]
 [ 2.0308523  -1.1007929 ]
 [ 2.0308523  -1.1007929 ]
 [ 1.7144994  -0.6720673 ]
 [ 0.24388629  0.7421789 ]
 [ 0.68198436  0.32203928]
 [ 2.0308523  -1.1007929 ]]
2025-12-21 21:06:49,219 - [INFO] - ------------------------------------------------------------
2025-12-21 21:06:49,219 - [INFO] - On Validation Set:
	Accuracy of RRL  Model: 0.9101589495507948
	F1 Score of RRL  Model: 0.7524164762616743
2025-12-21 21:06:49,226 - [INFO] - On Validation Set:
Performance of  RRL Model: 
[[1236   50]
 [  80   81]]
              precision    recall  f1-score   support

           0       0.94      0.96      0.95      1286
           1       0.62      0.50      0.55       161

    accuracy                           0.91      1447
   macro avg       0.78      0.73      0.75      1447
weighted avg       0.90      0.91      0.91      1447

2025-12-21 21:06:49,226 - [INFO] - ------------------------------------------------------------
2025-12-21 21:06:50,417 - [INFO] - epoch: 1, loss_rrl: 111.85934600234032
2025-12-21 21:06:50,905 - [DEBUG] - y_true: (1447,) [0 0 0 0 0 1 0 0 0 0 0 0 0 0 0 0 0 1 0 0 0 0 0 0 1 0 0 0 0 0 0 0 0 0 0 0 0
 0 1 1 0]
2025-12-21 21:06:51,080 - [DEBUG] - y_rrl_: (1447,) [0 0 0 0 0 1 0 0 0 0 0 0 0 0 0 0 0 0 0 0 0 0 0 0 1 0 0 0 0 0 0 0 0 0 0 0 0
 0 0 0 0]
2025-12-21 21:06:51,080 - [DEBUG] - y_rrl: (1447, 2) [[ 2.3405597  -1.3127183 ]
 [ 0.5488303   0.43477994]
 [ 2.2102618  -1.1648508 ]
 [ 2.2102618  -1.1648508 ]
 [ 2.3405597  -1.3127183 ]
 [ 0.00286375  0.99791247]
 [ 2.3405597  -1.3127183 ]
 [ 2.2102618  -1.1648508 ]
 [ 2.3405597  -1.3127183 ]
 [ 1.6819607  -0.64875954]
 [ 1.1562895  -0.14095753]
 [ 1.6845907  -0.6570489 ]
 [ 1.8975768  -0.8600623 ]
 [ 2.2102618  -1.1648508 ]
 [ 2.2102618  -1.1648508 ]
 [ 2.2102618  -1.1648508 ]
 [ 2.2102618  -1.1648508 ]
 [ 1.1562895  -0.14095753]
 [ 1.3719057  -0.35226032]
 [ 1.6845907  -0.6570489 ]
 [ 2.3405597  -1.3127183 ]
 [ 2.2102618  -1.1648508 ]
 [ 2.3405597  -1.3127183 ]
 [ 2.2102618  -1.1648508 ]
 [ 0.00286375  0.99791247]
 [ 0.5832911   0.45622414]
 [ 1.3541433  -0.38101828]
 [ 2.2102618  -1.1648508 ]
 [ 1.6845907  -0.6570489 ]
 [ 2.2102618  -1.1648508 ]
 [ 2.3405597  -1.3127183 ]
 [ 1.6845907  -0.6570489 ]
 [ 1.1562895  -0.14095753]
 [ 1.1562895  -0.14095753]
 [ 2.3405597  -1.3127183 ]
 [ 2.2102618  -1.1648508 ]
 [ 2.3405597  -1.3127183 ]
 [ 2.2102618  -1.1648508 ]
 [ 0.56961733  0.45040154]
 [ 0.98873216  0.08771601]
 [ 2.2102618  -1.1648508 ]]
2025-12-21 21:06:51,082 - [INFO] - ------------------------------------------------------------
2025-12-21 21:06:51,082 - [INFO] - On Validation Set:
	Accuracy of RRL  Model: 0.9060124395300622
	F1 Score of RRL  Model: 0.7294017996611886
2025-12-21 21:06:51,088 - [INFO] - On Validation Set:
Performance of  RRL Model: 
[[1240   46]
 [  90   71]]
              precision    recall  f1-score   support

           0       0.93      0.96      0.95      1286
           1       0.61      0.44      0.51       161

    accuracy                           0.91      1447
   macro avg       0.77      0.70      0.73      1447
weighted avg       0.90      0.91      0.90      1447

2025-12-21 21:06:51,088 - [INFO] - ------------------------------------------------------------
2025-12-21 21:06:52,057 - [INFO] - epoch: 2, loss_rrl: 109.57871060073376
2025-12-21 21:06:52,775 - [DEBUG] - y_true: (1447,) [0 0 0 0 0 1 0 0 0 0 0 0 0 0 0 0 0 1 0 0 0 0 0 0 1 0 0 0 0 0 0 0 0 0 0 0 0
 0 1 1 0]
2025-12-21 21:06:52,937 - [DEBUG] - y_rrl_: (1447,) [0 0 0 0 0 1 0 0 0 0 0 0 0 0 0 0 0 0 0 0 0 0 0 0 1 0 0 0 0 0 0 0 0 0 0 0 0
 0 1 0 0]
2025-12-21 21:06:52,937 - [DEBUG] - y_rrl: (1447, 2) [[ 2.4207227  -1.3976414 ]
 [ 0.6462847   0.3465088 ]
 [ 2.232842   -1.1922766 ]
 [ 2.232842   -1.1922766 ]
 [ 2.4207227  -1.3976414 ]
 [ 0.06845126  0.97738165]
 [ 2.4207227  -1.3976414 ]
 [ 2.232842   -1.1922766 ]
 [ 2.4207227  -1.3976414 ]
 [ 1.6431648  -0.6147092 ]
 [ 1.1064264  -0.09574772]
 [ 1.6961037  -0.6733152 ]
 [ 1.6134118  -0.58718365]
 [ 2.232842   -1.1922766 ]
 [ 2.232842   -1.1922766 ]
 [ 1.9711508  -0.93707424]
 [ 2.232842   -1.1922766 ]
 [ 1.1064264  -0.09574772]
 [ 1.338365   -0.32342464]
 [ 1.9577955  -0.9285174 ]
 [ 2.4207227  -1.3976414 ]
 [ 2.232842   -1.1922766 ]
 [ 2.4207227  -1.3976414 ]
 [ 2.232842   -1.1922766 ]
 [ 0.06845126  0.97738165]
 [ 0.7486875   0.25414288]
 [ 1.3060542  -0.3373101 ]
 [ 2.232842   -1.1922766 ]
 [ 1.9577955  -0.9285174 ]
 [ 2.232842   -1.1922766 ]
 [ 2.4207227  -1.3976414 ]
 [ 1.6961037  -0.6733152 ]
 [ 1.1064264  -0.09574772]
 [ 1.1064264  -0.09574772]
 [ 2.4207227  -1.3976414 ]
 [ 2.232842   -1.1922766 ]
 [ 2.4207227  -1.3976414 ]
 [ 2.232842   -1.1922766 ]
 [ 0.42619008  0.6274912 ]
 [ 0.7012369   0.36373204]
 [ 2.232842   -1.1922766 ]]
2025-12-21 21:06:52,940 - [INFO] - ------------------------------------------------------------
2025-12-21 21:06:52,940 - [INFO] - On Validation Set:
	Accuracy of RRL  Model: 0.902557014512785
	F1 Score of RRL  Model: 0.7256097314962378
2025-12-21 21:06:52,946 - [INFO] - On Validation Set:
Performance of  RRL Model: 
[[1234   52]
 [  89   72]]
              precision    recall  f1-score   support

           0       0.93      0.96      0.95      1286
           1       0.58      0.45      0.51       161

    accuracy                           0.90      1447
   macro avg       0.76      0.70      0.73      1447
weighted avg       0.89      0.90      0.90      1447

2025-12-21 21:06:52,946 - [INFO] - ------------------------------------------------------------
2025-12-21 21:06:53,676 - [INFO] - epoch: 3, loss_rrl: 108.31214938499033
2025-12-21 21:06:54,614 - [DEBUG] - y_true: (1447,) [0 0 0 0 0 1 0 0 0 0 0 0 0 0 0 0 0 1 0 0 0 0 0 0 1 0 0 0 0 0 0 0 0 0 0 0 0
 0 1 1 0]
2025-12-21 21:06:54,775 - [DEBUG] - y_rrl_: (1447,) [0 0 0 0 0 1 0 0 0 0 0 0 0 0 0 0 0 0 0 0 0 0 0 0 1 0 0 0 0 0 0 0 0 0 0 0 0
 0 0 0 0]
2025-12-21 21:06:54,776 - [DEBUG] - y_rrl: (1447, 2) [[ 2.5012403  -1.4827914 ]
 [ 0.5479198   0.4405163 ]
 [ 2.2785451  -1.2426938 ]
 [ 2.2785451  -1.2426938 ]
 [ 2.5012403  -1.4827914 ]
 [ 0.13129964  0.8681806 ]
 [ 2.5012403  -1.4827914 ]
 [ 2.2785451  -1.2426938 ]
 [ 2.5012403  -1.4827914 ]
 [ 1.8214868  -0.8392773 ]
 [ 1.2371275  -0.2726046 ]
 [ 1.6941856  -0.6760211 ]
 [ 1.9016091  -0.8735561 ]
 [ 2.2785451  -1.2426938 ]
 [ 2.2785451  -1.2426938 ]
 [ 2.2785451  -1.2426938 ]
 [ 2.2785451  -1.2426938 ]
 [ 1.2371275  -0.2726046 ]
 [ 1.9542745  -0.92965347]
 [ 1.6941856  -0.6760211 ]
 [ 2.5012403  -1.4827914 ]
 [ 2.2785451  -1.2426938 ]
 [ 2.5012403  -1.4827914 ]
 [ 2.2785451  -1.2426938 ]
 [ 0.13129964  0.8681806 ]
 [ 0.86019135  0.0965331 ]
 [ 1.6941856  -0.6760211 ]
 [ 2.2785451  -1.2426938 ]
 [ 1.6941856  -0.6760211 ]
 [ 2.2785451  -1.2426938 ]
 [ 2.5012403  -1.4827914 ]
 [ 1.6941856  -0.6760211 ]
 [ 1.2371275  -0.2726046 ]
 [ 1.2371275  -0.2726046 ]
 [ 2.5012403  -1.4827914 ]
 [ 2.2785451  -1.2426938 ]
 [ 2.5012403  -1.4827914 ]
 [ 2.2785451  -1.2426938 ]
 [ 0.83250636  0.18600267]
 [ 1.0925951  -0.06762975]
 [ 2.2785451  -1.2426938 ]]
2025-12-21 21:06:54,778 - [INFO] - ------------------------------------------------------------
2025-12-21 21:06:54,778 - [INFO] - On Validation Set:
	Accuracy of RRL  Model: 0.9046302695231514
	F1 Score of RRL  Model: 0.68885793351034
2025-12-21 21:06:54,784 - [INFO] - On Validation Set:
Performance of  RRL Model: 
[[1257   29]
 [ 109   52]]
              precision    recall  f1-score   support

           0       0.92      0.98      0.95      1286
           1       0.64      0.32      0.43       161

    accuracy                           0.90      1447
   macro avg       0.78      0.65      0.69      1447
weighted avg       0.89      0.90      0.89      1447

2025-12-21 21:06:54,784 - [INFO] - ------------------------------------------------------------
2025-12-21 21:06:55,281 - [INFO] - epoch: 4, loss_rrl: 108.35734053142369
2025-12-21 21:06:56,464 - [DEBUG] - y_true: (1447,) [0 0 0 0 0 1 0 0 0 0 0 0 0 0 0 0 0 1 0 0 0 0 0 0 1 0 0 0 0 0 0 0 0 0 0 0 0
 0 1 1 0]
2025-12-21 21:06:56,627 - [DEBUG] - y_rrl_: (1447,) [0 1 0 0 0 1 0 0 0 0 0 0 0 0 0 0 0 0 0 0 0 0 0 0 1 0 0 0 0 0 0 0 0 0 0 0 0
 0 0 0 0]
2025-12-21 21:06:56,627 - [DEBUG] - y_rrl: (1447, 2) [[ 2.330418   -1.3164985 ]
 [ 0.30941868  0.6747793 ]
 [ 1.8191798  -0.85848665]
 [ 1.8191798  -0.85848665]
 [ 2.330418   -1.3164985 ]
 [ 0.23821457  0.76471055]
 [ 2.330418   -1.3164985 ]
 [ 2.330418   -1.3164985 ]
 [ 2.330418   -1.3164985 ]
 [ 1.5806837  -0.5955546 ]
 [ 0.77357465  0.21128075]
 [ 1.5233097  -0.5096632 ]
 [ 2.0905855  -1.0593414 ]
 [ 2.0905855  -1.0593414 ]
 [ 2.0905855  -1.0593414 ]
 [ 2.0905855  -1.0593414 ]
 [ 2.330418   -1.3164985 ]
 [ 0.77357465  0.21128075]
 [ 1.5233097  -0.5096632 ]
 [ 1.5233097  -0.5096632 ]
 [ 2.330418   -1.3164985 ]
 [ 2.0905855  -1.0593414 ]
 [ 2.330418   -1.3164985 ]
 [ 2.0905855  -1.0593414 ]
 [-0.14495118  1.1401297 ]
 [ 0.77357465  0.21128075]
 [ 1.5233097  -0.5096632 ]
 [ 2.0905855  -1.0593414 ]
 [ 1.5233097  -0.5096632 ]
 [ 2.330418   -1.3164985 ]
 [ 2.330418   -1.3164985 ]
 [ 1.5233097  -0.5096632 ]
 [ 0.77357465  0.21128075]
 [ 0.77357465  0.21128075]
 [ 2.330418   -1.3164985 ]
 [ 2.330418   -1.3164985 ]
 [ 2.330418   -1.3164985 ]
 [ 2.0905855  -1.0593414 ]
 [ 0.5773731   0.43672583]
 [ 0.80549055  0.21503238]
 [ 2.330418   -1.3164985 ]]
2025-12-21 21:06:56,629 - [INFO] - ------------------------------------------------------------
2025-12-21 21:06:56,629 - [INFO] - On Validation Set:
	Accuracy of RRL  Model: 0.902557014512785
	F1 Score of RRL  Model: 0.7416218680546321
2025-12-21 21:06:56,635 - [INFO] - On Validation Set:
Performance of  RRL Model: 
[[1224   62]
 [  79   82]]
              precision    recall  f1-score   support

           0       0.94      0.95      0.95      1286
           1       0.57      0.51      0.54       161

    accuracy                           0.90      1447
   macro avg       0.75      0.73      0.74      1447
weighted avg       0.90      0.90      0.90      1447

2025-12-21 21:06:56,635 - [INFO] - ------------------------------------------------------------
2025-12-21 21:06:56,898 - [INFO] - epoch: 5, loss_rrl: 109.15085762366652
2025-12-21 21:06:58,304 - [DEBUG] - y_true: (1447,) [0 0 0 0 0 1 0 0 0 0 0 0 0 0 0 0 0 1 0 0 0 0 0 0 1 0 0 0 0 0 0 0 0 0 0 0 0
 0 1 1 0]
2025-12-21 21:06:58,466 - [DEBUG] - y_rrl_: (1447,) [0 1 0 0 0 1 0 0 0 0 0 0 0 0 0 0 0 0 0 0 0 0 0 0 1 0 0 0 0 0 0 0 0 0 0 0 0
 0 1 0 0]
2025-12-21 21:06:58,467 - [DEBUG] - y_rrl: (1447, 2) [[ 2.5067375  -1.4973271 ]
 [ 0.3701827   0.6098092 ]
 [ 2.2761035  -1.2730855 ]
 [ 2.2761035  -1.2730855 ]
 [ 2.5067375  -1.4973271 ]
 [ 0.3457666   0.6528284 ]
 [ 2.5067375  -1.4973271 ]
 [ 2.2761035  -1.2730855 ]
 [ 2.5067375  -1.4973271 ]
 [ 1.7164811  -0.76626295]
 [ 0.90607053  0.07456978]
 [ 1.7003323  -0.69118446]
 [ 2.0348709  -1.0146066 ]
 [ 2.0348709  -1.0146066 ]
 [ 2.0348709  -1.0146066 ]
 [ 2.0348709  -1.0146066 ]
 [ 2.2761035  -1.2730855 ]
 [ 1.1407104  -0.18436196]
 [ 1.2858881  -0.2844332 ]
 [ 2.0348709  -1.0146066 ]
 [ 2.2655053  -1.2388482 ]
 [ 2.0348709  -1.0146066 ]
 [ 2.2655053  -1.2388482 ]
 [ 2.0348709  -1.0146066 ]
 [-0.06867754  1.0595796 ]
 [ 1.1407104  -0.18436196]
 [ 1.1407104  -0.18436196]
 [ 2.0348709  -1.0146066 ]
 [ 1.7003323  -0.69118446]
 [ 2.2761035  -1.2730855 ]
 [ 2.5067375  -1.4973271 ]
 [ 2.0348709  -1.0146066 ]
 [ 0.90607053  0.07456978]
 [ 1.1407104  -0.18436196]
 [ 2.5067375  -1.4973271 ]
 [ 2.2761035  -1.2730855 ]
 [ 2.2655053  -1.2388482 ]
 [ 2.0348709  -1.0146066 ]
 [ 0.3457666   0.6528284 ]
 [ 0.6803054   0.3294063 ]
 [ 2.2761035  -1.2730855 ]]
2025-12-21 21:06:58,469 - [INFO] - ------------------------------------------------------------
2025-12-21 21:06:58,469 - [INFO] - On Validation Set:
	Accuracy of RRL  Model: 0.902557014512785
	F1 Score of RRL  Model: 0.73389113153038
2025-12-21 21:06:58,475 - [INFO] - On Validation Set:
Performance of  RRL Model: 
[[1229   57]
 [  84   77]]
              precision    recall  f1-score   support

           0       0.94      0.96      0.95      1286
           1       0.57      0.48      0.52       161

    accuracy                           0.90      1447
   macro avg       0.76      0.72      0.73      1447
weighted avg       0.90      0.90      0.90      1447

2025-12-21 21:06:58,475 - [INFO] - ------------------------------------------------------------
2025-12-21 21:06:58,506 - [INFO] - epoch: 6, loss_rrl: 108.99459832534194
2025-12-21 21:06:59,916 - [INFO] - epoch: 7, loss_rrl: 108.59220807440579
2025-12-21 21:07:00,135 - [DEBUG] - y_true: (1447,) [0 0 0 0 0 1 0 0 0 0 0 0 0 0 0 0 0 1 0 0 0 0 0 0 1 0 0 0 0 0 0 0 0 0 0 0 0
 0 1 1 0]
2025-12-21 21:07:00,299 - [DEBUG] - y_rrl_: (1447,) [0 1 0 0 0 1 0 0 0 0 0 0 0 0 0 0 0 0 0 0 0 0 0 0 1 0 0 0 0 0 0 0 0 0 0 0 0
 0 0 0 0]
2025-12-21 21:07:00,299 - [DEBUG] - y_rrl: (1447, 2) [[ 2.5501828  -1.5453391 ]
 [ 0.31407997  0.6616589 ]
 [ 2.5501828  -1.5453391 ]
 [ 2.5501828  -1.5453391 ]
 [ 2.5501828  -1.5453391 ]
 [-0.17452425  1.1610975 ]
 [ 2.5501828  -1.5453391 ]
 [ 2.5501828  -1.5453391 ]
 [ 2.5501828  -1.5453391 ]
 [ 2.5501828  -1.5453391 ]
 [ 1.1337485  -0.1815176 ]
 [ 1.6808429  -0.6762527 ]
 [ 1.8511908  -0.83681774]
 [ 2.295124   -1.2731138 ]
 [ 2.295124   -1.2731138 ]
 [ 2.295124   -1.2731138 ]
 [ 2.5501828  -1.5453391 ]
 [ 1.6808429  -0.6762527 ]
 [ 2.0315797  -1.0159315 ]
 [ 1.6808429  -0.6762527 ]
 [ 2.295124   -1.2731138 ]
 [ 2.295124   -1.2731138 ]
 [ 2.295124   -1.2731138 ]
 [ 2.295124   -1.2731138 ]
 [-0.17452425  1.1610975 ]
 [ 0.6898154   0.25477844]
 [ 1.6808429  -0.6762527 ]
 [ 2.295124   -1.2731138 ]
 [ 1.6808429  -0.6762527 ]
 [ 2.5501828  -1.5453391 ]
 [ 2.5501828  -1.5453391 ]
 [ 2.0315797  -1.0159315 ]
 [ 1.6808429  -0.6762527 ]
 [ 1.6808429  -0.6762527 ]
 [ 2.5501828  -1.5453391 ]
 [ 2.5501828  -1.5453391 ]
 [ 2.295124   -1.2731138 ]
 [ 2.295124   -1.2731138 ]
 [ 0.6201459   0.3851227 ]
 [ 1.1252518  -0.10031109]
 [ 2.5501828  -1.5453391 ]]
2025-12-21 21:07:00,301 - [INFO] - ------------------------------------------------------------
2025-12-21 21:07:00,301 - [INFO] - On Validation Set:
	Accuracy of RRL  Model: 0.9060124395300622
	F1 Score of RRL  Model: 0.7276491624317711
2025-12-21 21:07:00,307 - [INFO] - On Validation Set:
Performance of  RRL Model: 
[[1241   45]
 [  91   70]]
              precision    recall  f1-score   support

           0       0.93      0.97      0.95      1286
           1       0.61      0.43      0.51       161

    accuracy                           0.91      1447
   macro avg       0.77      0.70      0.73      1447
weighted avg       0.90      0.91      0.90      1447

2025-12-21 21:07:00,307 - [INFO] - ------------------------------------------------------------
2025-12-21 21:07:01,641 - [INFO] - epoch: 8, loss_rrl: 108.58205396868289
2025-12-21 21:07:02,090 - [DEBUG] - y_true: (1447,) [0 0 0 0 0 1 0 0 0 0 0 0 0 0 0 0 0 1 0 0 0 0 0 0 1 0 0 0 0 0 0 0 0 0 0 0 0
 0 1 1 0]
2025-12-21 21:07:02,259 - [DEBUG] - y_rrl_: (1447,) [0 1 0 0 0 1 0 0 0 0 0 0 0 0 0 0 0 0 0 0 0 0 0 0 1 1 0 0 0 0 0 0 0 0 0 0 0
 0 0 0 0]
2025-12-21 21:07:02,259 - [DEBUG] - y_rrl: (1447, 2) [[ 2.6466613  -1.6463927 ]
 [ 0.46857867  0.50289506]
 [ 1.4964552  -0.5234862 ]
 [ 1.4964552  -0.5234862 ]
 [ 2.6466613  -1.6463927 ]
 [-0.0789585   1.061188  ]
 [ 2.6466613  -1.6463927 ]
 [ 2.3731115  -1.3791738 ]
 [ 2.6466613  -1.6463927 ]
 [ 1.825574   -0.82088095]
 [ 1.2181076  -0.20732884]
 [ 1.7656448  -0.76562184]
 [ 1.9667975  -0.9570257 ]
 [ 2.387208   -1.3698548 ]
 [ 2.387208   -1.3698548 ]
 [ 2.387208   -1.3698548 ]
 [ 2.3731115  -1.3791738 ]
 [ 1.2181076  -0.20732884]
 [ 1.3452345  -0.3527926 ]
 [ 1.7656448  -0.76562184]
 [ 2.6466613  -1.6463927 ]
 [ 2.387208   -1.3698548 ]
 [ 2.6466613  -1.6463927 ]
 [ 2.387208   -1.3698548 ]
 [ 0.3414518   0.64835876]
 [ 0.3252218   0.62605697]
 [ 1.7656448  -0.76562184]
 [ 2.387208   -1.3698548 ]
 [ 1.7656448  -0.76562184]
 [ 2.3731115  -1.3791738 ]
 [ 2.6466613  -1.6463927 ]
 [ 1.7656448  -0.76562184]
 [ 1.2181076  -0.20732884]
 [ 1.2181076  -0.20732884]
 [ 2.6466613  -1.6463927 ]
 [ 2.3731115  -1.3791738 ]
 [ 2.6466613  -1.6463927 ]
 [ 2.387208   -1.3698548 ]
 [ 0.6894648   0.3113448 ]
 [ 0.9630146   0.04412578]
 [ 2.3731115  -1.3791738 ]]
2025-12-21 21:07:02,261 - [INFO] - ------------------------------------------------------------
2025-12-21 21:07:02,261 - [INFO] - On Validation Set:
	Accuracy of RRL  Model: 0.9011748445058743
	F1 Score of RRL  Model: 0.7438630542932934
2025-12-21 21:07:02,267 - [INFO] - On Validation Set:
Performance of  RRL Model: 
[[1219   67]
 [  76   85]]
              precision    recall  f1-score   support

           0       0.94      0.95      0.94      1286
           1       0.56      0.53      0.54       161

    accuracy                           0.90      1447
   macro avg       0.75      0.74      0.74      1447
weighted avg       0.90      0.90      0.90      1447

2025-12-21 21:07:02,267 - [INFO] - ------------------------------------------------------------
2025-12-21 21:07:03,250 - [INFO] - epoch: 9, loss_rrl: 107.8324023373425
2025-12-21 21:07:03,942 - [DEBUG] - y_true: (1447,) [0 0 0 0 0 1 0 0 0 0 0 0 0 0 0 0 0 1 0 0 0 0 0 0 1 0 0 0 0 0 0 0 0 0 0 0 0
 0 1 1 0]
2025-12-21 21:07:04,113 - [DEBUG] - y_rrl_: (1447,) [0 0 0 0 0 0 0 0 0 0 0 0 0 0 0 0 0 0 0 0 0 0 0 0 0 0 0 0 0 0 0 0 0 0 0 0 0
 0 0 0 0]
2025-12-21 21:07:04,114 - [DEBUG] - y_rrl: (1447, 2) [[ 2.9505148e+00 -1.9548676e+00]
 [ 8.1668532e-01  1.5046680e-01]
 [ 2.2449253e+00 -1.2248248e+00]
 [ 2.2449253e+00 -1.2248248e+00]
 [ 2.5315211e+00 -1.5873623e+00]
 [ 6.1640495e-01  3.6894253e-01]
 [ 2.9505148e+00 -1.9548676e+00]
 [ 2.2449253e+00 -1.2248248e+00]
 [ 2.9505148e+00 -1.9548676e+00]
 [ 1.6283557e+00 -5.9758323e-01]
 [ 1.0376039e+00 -8.3009303e-02]
 [ 2.0731666e+00 -1.0777562e+00]
 [ 2.2750714e+00 -1.2699451e+00]
 [ 2.2723670e+00 -1.3112060e+00]
 [ 2.6913605e+00 -1.6787112e+00]
 [ 2.6913605e+00 -1.6787112e+00]
 [ 2.2471306e+00 -1.3092715e+00]
 [ 1.4565973e+00 -4.5051447e-01]
 [ 1.6568776e+00 -6.6899014e-01]
 [ 1.6519680e+00 -6.2580442e-01]
 [ 2.9505148e+00 -1.9548676e+00]
 [ 2.6913605e+00 -1.6787112e+00]
 [ 2.9505148e+00 -1.9548676e+00]
 [ 2.2723670e+00 -1.3112060e+00]
 [ 6.1640495e-01  3.6894253e-01]
 [ 6.2131464e-01  3.2575670e-01]
 [ 1.6541734e+00 -7.1025103e-01]
 [ 2.2701616e+00 -1.2267593e+00]
 [ 2.0731666e+00 -1.0777562e+00]
 [ 2.6661241e+00 -1.6767766e+00]
 [ 2.9505148e+00 -1.9548676e+00]
 [ 2.4069698e+00 -1.4006203e+00]
 [ 1.4565973e+00 -4.5051447e-01]
 [ 1.0353985e+00  1.4373288e-03]
 [ 2.9505148e+00 -1.9548676e+00]
 [ 2.2449253e+00 -1.2248248e+00]
 [ 2.9505148e+00 -1.9548676e+00]
 [ 2.2701616e+00 -1.2267593e+00]
 [ 6.1640495e-01  3.6894253e-01]
 [ 1.5045025e+00 -4.8875126e-01]
 [ 2.2449253e+00 -1.2248248e+00]]
2025-12-21 21:07:04,116 - [INFO] - ------------------------------------------------------------
2025-12-21 21:07:04,116 - [INFO] - On Validation Set:
	Accuracy of RRL  Model: 0.8970283344851416
	F1 Score of RRL  Model: 0.6123705297828694
2025-12-21 21:07:04,122 - [INFO] - On Validation Set:
Performance of  RRL Model: 
[[1269   17]
 [ 132   29]]
              precision    recall  f1-score   support

           0       0.91      0.99      0.94      1286
           1       0.63      0.18      0.28       161

    accuracy                           0.90      1447
   macro avg       0.77      0.58      0.61      1447
weighted avg       0.88      0.90      0.87      1447

2025-12-21 21:07:04,122 - [INFO] - ------------------------------------------------------------
2025-12-21 21:07:04,878 - [INFO] - epoch: 10, loss_rrl: 107.60263287089765
2025-12-21 21:07:05,779 - [DEBUG] - y_true: (1447,) [0 0 0 0 0 1 0 0 0 0 0 0 0 0 0 0 0 1 0 0 0 0 0 0 1 0 0 0 0 0 0 0 0 0 0 0 0
 0 1 1 0]
2025-12-21 21:07:05,947 - [DEBUG] - y_rrl_: (1447,) [0 0 0 0 0 1 0 0 0 0 0 0 0 0 0 0 0 0 0 0 0 0 0 0 1 1 0 0 0 0 0 0 0 0 0 0 0
 0 1 0 0]
2025-12-21 21:07:05,947 - [DEBUG] - y_rrl: (1447, 2) [[ 2.441038   -1.4331695 ]
 [ 0.5617525   0.4009815 ]
 [ 2.1388593  -1.1372595 ]
 [ 2.1388593  -1.1372595 ]
 [ 2.441038   -1.4331695 ]
 [ 0.27187288  0.7089091 ]
 [ 2.441038   -1.4331695 ]
 [ 2.1388593  -1.1372595 ]
 [ 2.441038   -1.4331695 ]
 [ 1.4460614  -0.43387645]
 [ 0.69974035  0.25049424]
 [ 1.7894883  -0.7987649 ]
 [ 2.0381193  -1.0377141 ]
 [ 2.441038   -1.4331695 ]
 [ 2.441038   -1.4331695 ]
 [ 2.441038   -1.4331695 ]
 [ 2.1388593  -1.1372595 ]
 [ 1.0966904  -0.09538181]
 [ 2.1388593  -1.1372595 ]
 [ 1.7894883  -0.7987649 ]
 [ 2.441038   -1.4331695 ]
 [ 2.441038   -1.4331695 ]
 [ 2.441038   -1.4331695 ]
 [ 2.441038   -1.4331695 ]
 [ 0.27187288  0.7089091 ]
 [ 0.29682186  0.64594966]
 [ 1.7894883  -0.7987649 ]
 [ 2.441038   -1.4331695 ]
 [ 1.7894883  -0.7987649 ]
 [ 2.1388593  -1.1372595 ]
 [ 2.441038   -1.4331695 ]
 [ 1.7894883  -0.7987649 ]
 [ 1.0966904  -0.09538181]
 [ 1.0966904  -0.09538181]
 [ 2.441038   -1.4331695 ]
 [ 2.1388593  -1.1372595 ]
 [ 2.441038   -1.4331695 ]
 [ 2.441038   -1.4331695 ]
 [ 0.27187288  0.7089091 ]
 [ 0.9234223   0.07450451]
 [ 2.1388593  -1.1372595 ]]
2025-12-21 21:07:05,949 - [INFO] - ------------------------------------------------------------
2025-12-21 21:07:05,949 - [INFO] - On Validation Set:
	Accuracy of RRL  Model: 0.9060124395300622
	F1 Score of RRL  Model: 0.7471189925469031
2025-12-21 21:07:05,955 - [INFO] - On Validation Set:
Performance of  RRL Model: 
[[1229   57]
 [  79   82]]
              precision    recall  f1-score   support

           0       0.94      0.96      0.95      1286
           1       0.59      0.51      0.55       161

    accuracy                           0.91      1447
   macro avg       0.76      0.73      0.75      1447
weighted avg       0.90      0.91      0.90      1447

2025-12-21 21:07:05,955 - [INFO] - ------------------------------------------------------------
2025-12-21 21:07:06,479 - [INFO] - epoch: 11, loss_rrl: 107.62362509220839
2025-12-21 21:07:07,615 - [DEBUG] - y_true: (1447,) [0 0 0 0 0 1 0 0 0 0 0 0 0 0 0 0 0 1 0 0 0 0 0 0 1 0 0 0 0 0 0 0 0 0 0 0 0
 0 1 1 0]
2025-12-21 21:07:07,778 - [DEBUG] - y_rrl_: (1447,) [0 0 0 0 0 1 0 0 0 0 0 0 0 0 0 0 0 0 0 0 0 0 0 0 1 0 0 0 0 0 0 0 0 0 0 0 0
 0 0 0 0]
2025-12-21 21:07:07,779 - [DEBUG] - y_rrl: (1447, 2) [[ 2.7965024  -1.8103275 ]
 [ 0.6827303   0.26864567]
 [ 2.0970654  -1.0867906 ]
 [ 2.0970654  -1.0867906 ]
 [ 2.394631   -1.4591293 ]
 [ 0.36044016  0.6156719 ]
 [ 2.7965024  -1.8103275 ]
 [ 2.4978845  -1.5179455 ]
 [ 2.7965024  -1.8103275 ]
 [ 1.7541258  -0.7636932 ]
 [ 0.7612592   0.18451683]
 [ 1.9068893  -0.92093384]
 [ 2.5565498  -1.5535455 ]
 [ 2.1546783  -1.2023474 ]
 [ 2.5565498  -1.5535455 ]
 [ 2.5565498  -1.5535455 ]
 [ 2.096013   -1.1667476 ]
 [ 1.1631306  -0.16668127]
 [ 1.9068893  -0.92093384]
 [ 1.9068893  -0.92093384]
 [ 2.7965024  -1.8103275 ]
 [ 2.5565498  -1.5535455 ]
 [ 2.7965024  -1.8103275 ]
 [ 2.1546783  -1.2023474 ]
 [-0.06524616  1.0339572 ]
 [ 1.1631306  -0.16668127]
 [ 1.9068893  -0.92093384]
 [ 2.5565498  -1.5535455 ]
 [ 1.9068893  -0.92093384]
 [ 2.4978845  -1.5179455 ]
 [ 2.7965024  -1.8103275 ]
 [ 1.9068893  -0.92093384]
 [ 1.1631306  -0.16668127]
 [ 1.1631306  -0.16668127]
 [ 2.7965024  -1.8103275 ]
 [ 2.4978845  -1.5179455 ]
 [ 2.7965024  -1.8103275 ]
 [ 2.5565498  -1.5535455 ]
 [ 0.71148264  0.2754421 ]
 [ 1.0101006  -0.01693983]
 [ 2.4978845  -1.5179455 ]]
2025-12-21 21:07:07,781 - [INFO] - ------------------------------------------------------------
2025-12-21 21:07:07,781 - [INFO] - On Validation Set:
	Accuracy of RRL  Model: 0.9060124395300622
	F1 Score of RRL  Model: 0.7294017996611886
2025-12-21 21:07:07,787 - [INFO] - On Validation Set:
Performance of  RRL Model: 
[[1240   46]
 [  90   71]]
              precision    recall  f1-score   support

           0       0.93      0.96      0.95      1286
           1       0.61      0.44      0.51       161

    accuracy                           0.91      1447
   macro avg       0.77      0.70      0.73      1447
weighted avg       0.90      0.91      0.90      1447

2025-12-21 21:07:07,787 - [INFO] - ------------------------------------------------------------
2025-12-21 21:07:08,077 - [INFO] - epoch: 12, loss_rrl: 107.11911574564874
2025-12-21 21:07:09,474 - [DEBUG] - y_true: (1447,) [0 0 0 0 0 1 0 0 0 0 0 0 0 0 0 0 0 1 0 0 0 0 0 0 1 0 0 0 0 0 0 0 0 0 0 0 0
 0 1 1 0]
2025-12-21 21:07:09,642 - [DEBUG] - y_rrl_: (1447,) [0 0 0 0 0 1 0 0 0 0 0 0 0 0 0 0 0 0 0 0 0 0 0 0 1 0 0 0 0 0 0 0 0 0 0 0 0
 0 1 0 0]
2025-12-21 21:07:09,643 - [DEBUG] - y_rrl: (1447, 2) [[ 2.5565598  -1.558502  ]
 [ 0.5858249   0.36097056]
 [ 2.101988   -1.0967536 ]
 [ 2.101988   -1.0967536 ]
 [ 2.1384     -1.1906257 ]
 [ 0.31538987  0.6559507 ]
 [ 2.5565598  -1.558502  ]
 [ 2.4935532  -1.5184383 ]
 [ 2.7897308  -1.8084121 ]
 [ 1.7198137  -0.73430043]
 [ 0.70695496  0.23426604]
 [ 1.8988544  -0.9177481 ]
 [ 2.5565598  -1.558502  ]
 [ 2.1384     -1.1906257 ]
 [ 2.5565598  -1.558502  ]
 [ 2.5565598  -1.558502  ]
 [ 2.0753934  -1.150562  ]
 [ 1.125115   -0.13361022]
 [ 1.8988544  -0.9177481 ]
 [ 1.8988544  -0.9177481 ]
 [ 2.5565598  -1.558502  ]
 [ 2.5565598  -1.558502  ]
 [ 2.5565598  -1.558502  ]
 [ 2.1384     -1.1906257 ]
 [ 0.31538987  0.6559507 ]
 [ 0.70695496  0.23426604]
 [ 1.4870677  -0.4826501 ]
 [ 2.5565598  -1.558502  ]
 [ 1.8988544  -0.9177481 ]
 [ 2.4935532  -1.5184383 ]
 [ 2.5565598  -1.558502  ]
 [ 1.8988544  -0.9177481 ]
 [ 1.125115   -0.13361022]
 [ 1.125115   -0.13361022]
 [ 2.5565598  -1.558502  ]
 [ 2.4935532  -1.5184383 ]
 [ 2.5565598  -1.558502  ]
 [ 2.5565598  -1.558502  ]
 [ 0.31538987  0.6559507 ]
 [ 0.97309524  0.01519703]
 [ 2.4935532  -1.5184383 ]]
2025-12-21 21:07:09,645 - [INFO] - ------------------------------------------------------------
2025-12-21 21:07:09,645 - [INFO] - On Validation Set:
	Accuracy of RRL  Model: 0.9060124395300622
	F1 Score of RRL  Model: 0.7529253422524884
2025-12-21 21:07:09,651 - [INFO] - On Validation Set:
Performance of  RRL Model: 
[[1225   61]
 [  75   86]]
              precision    recall  f1-score   support

           0       0.94      0.95      0.95      1286
           1       0.59      0.53      0.56       161

    accuracy                           0.91      1447
   macro avg       0.76      0.74      0.75      1447
weighted avg       0.90      0.91      0.90      1447

2025-12-21 21:07:09,651 - [INFO] - ------------------------------------------------------------
2025-12-21 21:07:09,716 - [INFO] - epoch: 13, loss_rrl: 105.68367780186236
2025-12-21 21:07:11,199 - [INFO] - epoch: 14, loss_rrl: 105.83593195304275
2025-12-21 21:07:11,392 - [DEBUG] - y_true: (1447,) [0 0 0 0 0 1 0 0 0 0 0 0 0 0 0 0 0 1 0 0 0 0 0 0 1 0 0 0 0 0 0 0 0 0 0 0 0
 0 1 1 0]
2025-12-21 21:07:11,564 - [DEBUG] - y_rrl_: (1447,) [0 1 0 0 0 1 0 0 0 0 0 0 0 0 0 0 0 0 0 0 0 0 0 0 1 0 0 0 0 0 0 0 0 0 0 0 0
 0 0 0 0]
2025-12-21 21:07:11,565 - [DEBUG] - y_rrl: (1447, 2) [[ 2.744414   -1.7680126 ]
 [ 0.02437794  1.0114349 ]
 [ 2.1153502  -1.0286282 ]
 [ 2.1153502  -1.0286282 ]
 [ 2.744414   -1.7680126 ]
 [ 0.1701396   0.8601257 ]
 [ 2.744414   -1.7680126 ]
 [ 2.1153502  -1.0286282 ]
 [ 2.744414   -1.7680126 ]
 [ 1.2943269  -0.19730632]
 [ 1.0377034  -0.05120824]
 [ 1.8587269  -0.8825301 ]
 [ 2.2442868  -1.257408  ]
 [ 2.1917467  -1.1410961 ]
 [ 2.2442868  -1.257408  ]
 [ 2.2442868  -1.257408  ]
 [ 2.5506032  -1.5575536 ]
 [ 0.9851635   0.06510362]
 [ 1.8061869  -0.76621825]
 [ 1.4234742  -0.3536047 ]
 [ 2.498063   -1.4412419 ]
 [ 2.2442868  -1.257408  ]
 [ 2.5506032  -1.5575536 ]
 [ 2.1917467  -1.1410961 ]
 [ 0.1701396   0.8601257 ]
 [ 0.60539234  0.33120033]
 [ 1.8587269  -0.8825301 ]
 [ 1.8090341  -0.7284825 ]
 [ 1.8587269  -0.8825301 ]
 [ 2.5506032  -1.5575536 ]
 [ 2.691874   -1.6517009 ]
 [ 2.1917467  -1.1410961 ]
 [ 1.0377034  -0.05120824]
 [ 0.6024508   0.47771713]
 [ 2.744414   -1.7680126 ]
 [ 2.1153502  -1.0286282 ]
 [ 2.5506032  -1.5575536 ]
 [ 1.8090341  -0.7284825 ]
 [ 0.5556995   0.485248  ]
 [ 0.60823953  0.3689362 ]
 [ 2.1153502  -1.0286282 ]]
2025-12-21 21:07:11,567 - [INFO] - ------------------------------------------------------------
2025-12-21 21:07:11,567 - [INFO] - On Validation Set:
	Accuracy of RRL  Model: 0.9011748445058743
	F1 Score of RRL  Model: 0.7301165376513783
2025-12-21 21:07:11,573 - [INFO] - On Validation Set:
Performance of  RRL Model: 
[[1228   58]
 [  85   76]]
              precision    recall  f1-score   support

           0       0.94      0.95      0.94      1286
           1       0.57      0.47      0.52       161

    accuracy                           0.90      1447
   macro avg       0.75      0.71      0.73      1447
weighted avg       0.89      0.90      0.90      1447

2025-12-21 21:07:11,573 - [INFO] - ------------------------------------------------------------
2025-12-21 21:07:12,863 - [INFO] - epoch: 15, loss_rrl: 104.99337529018521
2025-12-21 21:07:13,288 - [DEBUG] - y_true: (1447,) [0 0 0 0 0 1 0 0 0 0 0 0 0 0 0 0 0 1 0 0 0 0 0 0 1 0 0 0 0 0 0 0 0 0 0 0 0
 0 1 1 0]
2025-12-21 21:07:13,451 - [DEBUG] - y_rrl_: (1447,) [0 0 0 0 0 1 0 0 0 0 0 0 0 0 0 0 0 0 0 0 0 0 0 0 0 0 0 0 0 0 0 0 0 0 0 0 0
 0 0 0 0]
2025-12-21 21:07:13,451 - [DEBUG] - y_rrl: (1447, 2) [[ 3.0904834  -2.119024  ]
 [ 0.93849766 -0.01760149]
 [ 2.225357   -1.2137965 ]
 [ 2.225357   -1.2137965 ]
 [ 3.0904834  -2.119024  ]
 [-0.02588575  0.98028886]
 [ 3.0904834  -2.119024  ]
 [ 2.6132607  -1.6313813 ]
 [ 3.0904834  -2.119024  ]
 [ 1.7400496  -0.7479753 ]
 [ 1.3411889  -0.35973075]
 [ 2.3821924  -1.4274855 ]
 [ 2.5613298  -1.5970807 ]
 [ 2.922691   -1.9346752 ]
 [ 3.0904834  -2.119024  ]
 [ 2.922691   -1.9346752 ]
 [ 2.6132607  -1.6313813 ]
 [ 1.3411889  -0.35973075]
 [ 1.6852465  -0.7211935 ]
 [ 2.6132607  -1.6313813 ]
 [ 3.0904834  -2.119024  ]
 [ 2.922691   -1.9346752 ]
 [ 3.0904834  -2.119024  ]
 [ 3.0904834  -2.119024  ]
 [ 0.67106     0.27399668]
 [ 0.9798277  -0.0221363 ]
 [ 1.7498765  -0.75568753]
 [ 3.0904834  -2.119024  ]
 [ 2.2144     -1.2431366 ]
 [ 2.7810528  -1.8157301 ]
 [ 3.0904834  -2.119024  ]
 [ 2.6132607  -1.6313813 ]
 [ 1.3411889  -0.35973075]
 [ 1.3411889  -0.35973075]
 [ 3.0904834  -2.119024  ]
 [ 2.7810528  -1.8157301 ]
 [ 3.0904834  -2.119024  ]
 [ 3.0904834  -2.119024  ]
 [ 0.9021284   0.07010096]
 [ 1.2115589  -0.23319304]
 [ 2.6132607  -1.6313813 ]]
2025-12-21 21:07:13,453 - [INFO] - ------------------------------------------------------------
2025-12-21 21:07:13,453 - [INFO] - On Validation Set:
	Accuracy of RRL  Model: 0.9080856945404284
	F1 Score of RRL  Model: 0.6990004269808078
2025-12-21 21:07:13,459 - [INFO] - On Validation Set:
Performance of  RRL Model: 
[[1260   26]
 [ 107   54]]
              precision    recall  f1-score   support

           0       0.92      0.98      0.95      1286
           1       0.68      0.34      0.45       161

    accuracy                           0.91      1447
   macro avg       0.80      0.66      0.70      1447
weighted avg       0.89      0.91      0.89      1447

2025-12-21 21:07:13,459 - [INFO] - ------------------------------------------------------------
2025-12-21 21:07:14,510 - [INFO] - epoch: 16, loss_rrl: 106.54941619187593
2025-12-21 21:07:15,164 - [DEBUG] - y_true: (1447,) [0 0 0 0 0 1 0 0 0 0 0 0 0 0 0 0 0 1 0 0 0 0 0 0 1 0 0 0 0 0 0 0 0 0 0 0 0
 0 1 1 0]
2025-12-21 21:07:15,326 - [DEBUG] - y_rrl_: (1447,) [0 1 0 0 0 1 0 0 0 0 0 0 0 0 0 0 0 0 0 0 0 0 0 0 1 0 0 0 0 0 0 0 0 0 0 0 0
 0 1 0 0]
2025-12-21 21:07:15,327 - [DEBUG] - y_rrl: (1447, 2) [[ 2.8837252  -1.889811  ]
 [ 0.21732418  0.6978387 ]
 [ 1.9271684  -0.9404245 ]
 [ 2.0775607  -1.1182777 ]
 [ 2.8837252  -1.889811  ]
 [ 0.17417453  0.7629573 ]
 [ 3.0341177  -2.0676641 ]
 [ 2.0775607  -1.1182777 ]
 [ 3.0341177  -2.0676641 ]
 [ 1.2037181  -0.23434685]
 [ 1.1127967  -0.10898085]
 [ 2.1370318  -1.1707649 ]
 [ 2.3678358  -1.3920625 ]
 [ 2.6169338  -1.6535445 ]
 [ 2.8754952  -1.892576  ]
 [ 2.7251027  -1.7147229 ]
 [ 2.41441    -1.410133  ]
 [ 1.1550204  -0.22565569]
 [ 1.3708112  -0.43121994]
 [ 1.6497899  -0.7010564 ]
 [ 2.9259486  -2.006486  ]
 [ 2.7251027  -1.7147229 ]
 [ 2.8837252  -1.889811  ]
 [ 2.6169338  -1.6535445 ]
 [ 0.17417453  0.7629573 ]
 [ 0.7555299   0.21367942]
 [ 1.6636057  -0.6746127 ]
 [ 2.388253   -1.4228677 ]
 [ 2.1370318  -1.1707649 ]
 [ 2.5648026  -1.5879862 ]
 [ 2.9259486  -2.006486  ]
 [ 2.4566338  -1.5268079 ]
 [ 1.1127967  -0.10898085]
 [ 0.6255546   0.36072755]
 [ 3.0341177  -2.0676641 ]
 [ 2.0775607  -1.1182777 ]
 [ 2.8837252  -1.889811  ]
 [ 2.2378607  -1.2450144 ]
 [ 0.32456705  0.58510405]
 [ 1.4212233  -0.40781084]
 [ 1.9271684  -0.9404245 ]]
2025-12-21 21:07:15,329 - [INFO] - ------------------------------------------------------------
2025-12-21 21:07:15,329 - [INFO] - On Validation Set:
	Accuracy of RRL  Model: 0.9067035245335177
	F1 Score of RRL  Model: 0.73891653268004
2025-12-21 21:07:15,335 - [INFO] - On Validation Set:
Performance of  RRL Model: 
[[1236   50]
 [  85   76]]
              precision    recall  f1-score   support

           0       0.94      0.96      0.95      1286
           1       0.60      0.47      0.53       161

    accuracy                           0.91      1447
   macro avg       0.77      0.72      0.74      1447
weighted avg       0.90      0.91      0.90      1447

2025-12-21 21:07:15,335 - [INFO] - ------------------------------------------------------------
2025-12-21 21:07:16,112 - [INFO] - epoch: 17, loss_rrl: 107.37948660738766
2025-12-21 21:07:16,969 - [DEBUG] - y_true: (1447,) [0 0 0 0 0 1 0 0 0 0 0 0 0 0 0 0 0 1 0 0 0 0 0 0 1 0 0 0 0 0 0 0 0 0 0 0 0
 0 1 1 0]
2025-12-21 21:07:17,131 - [DEBUG] - y_rrl_: (1447,) [0 1 0 0 0 1 0 0 0 0 0 0 0 0 0 0 0 0 0 0 0 0 0 0 1 0 0 0 0 0 0 0 0 0 0 0 0
 0 1 0 0]
2025-12-21 21:07:17,132 - [DEBUG] - y_rrl: (1447, 2) [[ 3.018129   -2.0403783 ]
 [ 0.37083828  0.5395334 ]
 [ 2.2620068  -1.307824  ]
 [ 2.2620068  -1.307824  ]
 [ 3.018129   -2.0403783 ]
 [ 0.40629238  0.49861586]
 [ 3.018129   -2.0403783 ]
 [ 2.2620068  -1.307824  ]
 [ 3.018129   -2.0403783 ]
 [ 1.3421489  -0.377986  ]
 [ 0.86377853  0.05862986]
 [ 2.260365   -1.2991654 ]
 [ 2.5487218  -1.578051  ]
 [ 2.9194603  -1.9884368 ]
 [ 3.018129   -2.0403783 ]
 [ 3.018129   -2.0403783 ]
 [ 2.719493   -1.74781   ]
 [ 1.2418381  -0.31738573]
 [ 2.450053   -1.5261093 ]
 [ 1.802879   -0.85917926]
 [ 2.9194603  -1.9884368 ]
 [ 3.018129   -2.0403783 ]
 [ 3.018129   -2.0403783 ]
 [ 2.9194603  -1.9884368 ]
 [ 0.40629238  0.49861586]
 [ 0.87109977  0.09300016]
 [ 2.260365   -1.2991654 ]
 [ 2.5606432  -1.6003923 ]
 [ 2.260365   -1.2991654 ]
 [ 2.719493   -1.74781   ]
 [ 2.9194603  -1.9884368 ]
 [ 2.6208239  -1.6958686 ]
 [ 1.3405071  -0.3693273 ]
 [ 0.88302124  0.07065873]
 [ 3.018129   -2.0403783 ]
 [ 2.2620068  -1.307824  ]
 [ 3.018129   -2.0403783 ]
 [ 2.5606432  -1.6003923 ]
 [ 0.40629238  0.49861586]
 [ 1.2627255  -0.29453874]
 [ 2.2620068  -1.307824  ]]
2025-12-21 21:07:17,134 - [INFO] - ------------------------------------------------------------
2025-12-21 21:07:17,134 - [INFO] - On Validation Set:
	Accuracy of RRL  Model: 0.9011748445058743
	F1 Score of RRL  Model: 0.6787903625155816
2025-12-21 21:07:17,140 - [INFO] - On Validation Set:
Performance of  RRL Model: 
[[1254   32]
 [ 111   50]]
              precision    recall  f1-score   support

           0       0.92      0.98      0.95      1286
           1       0.61      0.31      0.41       161

    accuracy                           0.90      1447
   macro avg       0.76      0.64      0.68      1447
weighted avg       0.88      0.90      0.89      1447

2025-12-21 21:07:17,140 - [INFO] - ------------------------------------------------------------
2025-12-21 21:07:17,711 - [INFO] - epoch: 18, loss_rrl: 106.70648716017604
2025-12-21 21:07:18,860 - [DEBUG] - y_true: (1447,) [0 0 0 0 0 1 0 0 0 0 0 0 0 0 0 0 0 1 0 0 0 0 0 0 1 0 0 0 0 0 0 0 0 0 0 0 0
 0 1 1 0]
2025-12-21 21:07:19,024 - [DEBUG] - y_rrl_: (1447,) [0 1 0 0 0 1 0 0 0 0 0 0 0 0 0 0 0 0 0 0 0 0 0 0 1 0 0 0 0 0 0 0 0 0 0 0 0
 0 1 0 0]
2025-12-21 21:07:19,025 - [DEBUG] - y_rrl: (1447, 2) [[ 2.8305767  -1.8670233 ]
 [ 0.3984991   0.53718024]
 [ 2.339596   -1.3307621 ]
 [ 2.4307914  -1.4292921 ]
 [ 2.8305767  -1.8670233 ]
 [ 0.18723899  0.7666281 ]
 [ 2.921772   -1.9655533 ]
 [ 2.4307914  -1.4292921 ]
 [ 2.921772   -1.9655533 ]
 [ 1.527498   -0.5161249 ]
 [ 1.0073309  -0.03406684]
 [ 2.151981   -1.2122093 ]
 [ 2.4552228  -1.5060194 ]
 [ 2.6804154  -1.700578  ]
 [ 2.921772   -1.9655533 ]
 [ 2.6804154  -1.700578  ]
 [ 2.6804154  -1.700578  ]
 [ 1.0985264  -0.13259672]
 [ 2.398522   -1.4247159 ]
 [ 1.9428936  -0.9518103 ]
 [ 2.771611   -1.7991079 ]
 [ 2.6804154  -1.700578  ]
 [ 2.6804154  -1.700578  ]
 [ 2.8305767  -1.8670233 ]
 [ 0.3374003   0.6001826 ]
 [ 0.78213835  0.16049175]
 [ 2.0018196  -1.0457639 ]
 [ 2.5809526  -1.5957375 ]
 [ 2.2837133  -1.321626  ]
 [ 2.921772   -1.9655533 ]
 [ 2.921772   -1.9655533 ]
 [ 2.4897172  -1.5232457 ]
 [ 1.0073309  -0.03406684]
 [ 0.6665114   0.3357489 ]
 [ 2.921772   -1.9655533 ]
 [ 2.5809526  -1.5957375 ]
 [ 2.8305767  -1.8670233 ]
 [ 2.489757   -1.4972075 ]
 [ 0.27843443  0.6680983 ]
 [ 0.95703006  0.01328425]
 [ 2.339596   -1.3307621 ]]
2025-12-21 21:07:19,027 - [INFO] - ------------------------------------------------------------
2025-12-21 21:07:19,027 - [INFO] - On Validation Set:
	Accuracy of RRL  Model: 0.9067035245335177
	F1 Score of RRL  Model: 0.7251886167355764
2025-12-21 21:07:19,033 - [INFO] - On Validation Set:
Performance of  RRL Model: 
[[1244   42]
 [  93   68]]
              precision    recall  f1-score   support

           0       0.93      0.97      0.95      1286
           1       0.62      0.42      0.50       161

    accuracy                           0.91      1447
   macro avg       0.77      0.69      0.73      1447
weighted avg       0.90      0.91      0.90      1447

2025-12-21 21:07:19,033 - [INFO] - ------------------------------------------------------------
2025-12-21 21:07:19,371 - [INFO] - epoch: 19, loss_rrl: 106.42342414706945
2025-12-21 21:07:20,874 - [DEBUG] - y_true: (1447,) [0 0 0 0 0 1 0 0 0 0 0 0 0 0 0 0 0 1 0 0 0 0 0 0 1 0 0 0 0 0 0 0 0 0 0 0 0
 0 1 1 0]
2025-12-21 21:07:21,042 - [DEBUG] - y_rrl_: (1447,) [0 0 0 0 0 1 0 0 0 0 0 0 0 0 0 0 0 0 0 0 0 0 0 0 1 0 0 0 0 0 0 0 0 0 0 0 0
 0 1 0 0]
2025-12-21 21:07:21,042 - [DEBUG] - y_rrl: (1447, 2) [[ 2.8350823  -1.8679277 ]
 [ 1.0136833  -0.08148226]
 [ 2.3709366  -1.3677316 ]
 [ 2.3709366  -1.3677316 ]
 [ 2.8350823  -1.8679277 ]
 [ 0.20405182  0.74456763]
 [ 2.8350823  -1.8679277 ]
 [ 2.7267463  -1.7523044 ]
 [ 2.8350823  -1.8679277 ]
 [ 1.8174968  -0.83328617]
 [ 0.6681972   0.24437156]
 [ 2.0479128  -1.0970997 ]
 [ 2.55679    -1.59563   ]
 [ 2.4484541  -1.4800069 ]
 [ 2.1013627  -1.1180886 ]
 [ 2.55679    -1.59563   ]
 [ 2.8350823  -1.8679277 ]
 [ 1.0303277  -0.06245823]
 [ 1.9400522  -0.9785547 ]
 [ 1.939577   -0.98147655]
 [ 2.7267463  -1.7523044 ]
 [ 2.55679    -1.59563   ]
 [ 2.8350823  -1.8679277 ]
 [ 2.4484541  -1.4800069 ]
 [ 0.20405182  0.74456763]
 [ 1.1386635  -0.17808133]
 [ 1.5924855  -0.6195582 ]
 [ 2.4484541  -1.4800069 ]
 [ 2.0479128  -1.0970997 ]
 [ 2.8350823  -1.8679277 ]
 [ 2.7267463  -1.7523044 ]
 [ 1.939577   -0.98147655]
 [ 1.1386635  -0.17808133]
 [ 1.0303277  -0.06245823]
 [ 2.8350823  -1.8679277 ]
 [ 2.7267463  -1.7523044 ]
 [ 2.8350823  -1.8679277 ]
 [ 2.4484541  -1.4800069 ]
 [ 0.20405182  0.74456763]
 [ 0.82126474  0.13041422]
 [ 2.7267463  -1.7523044 ]]
2025-12-21 21:07:21,044 - [INFO] - ------------------------------------------------------------
2025-12-21 21:07:21,044 - [INFO] - On Validation Set:
	Accuracy of RRL  Model: 0.907394609536973
	F1 Score of RRL  Model: 0.7493588484090133
2025-12-21 21:07:21,050 - [INFO] - On Validation Set:
Performance of  RRL Model: 
[[1231   55]
 [  79   82]]
              precision    recall  f1-score   support

           0       0.94      0.96      0.95      1286
           1       0.60      0.51      0.55       161

    accuracy                           0.91      1447
   macro avg       0.77      0.73      0.75      1447
weighted avg       0.90      0.91      0.90      1447

2025-12-21 21:07:21,050 - [INFO] - ------------------------------------------------------------
2025-12-21 21:07:21,150 - [INFO] - epoch: 20, loss_rrl: 105.89323121123016
2025-12-21 21:07:22,628 - [INFO] - epoch: 21, loss_rrl: 105.83245759271085
2025-12-21 21:07:22,790 - [DEBUG] - y_true: (1447,) [0 0 0 0 0 1 0 0 0 0 0 0 0 0 0 0 0 1 0 0 0 0 0 0 1 0 0 0 0 0 0 0 0 0 0 0 0
 0 1 1 0]
2025-12-21 21:07:22,952 - [DEBUG] - y_rrl_: (1447,) [0 0 0 0 0 1 0 0 0 0 0 0 0 0 0 0 0 0 0 0 0 0 0 0 1 0 0 0 0 0 0 0 0 0 0 0 0
 0 0 0 0]
2025-12-21 21:07:22,952 - [DEBUG] - y_rrl: (1447, 2) [[ 2.916642   -1.9548842 ]
 [ 0.49776626  0.4223807 ]
 [ 2.1648982  -1.1733326 ]
 [ 2.1648982  -1.1733326 ]
 [ 2.916642   -1.9548842 ]
 [ 0.20613758  0.7371803 ]
 [ 2.916642   -1.9548842 ]
 [ 2.5288453  -1.56581   ]
 [ 2.916642   -1.9548842 ]
 [ 2.048386   -1.0975926 ]
 [ 1.6180261  -0.68474436]
 [ 2.0984852  -1.1529619 ]
 [ 2.6323218  -1.6765213 ]
 [ 2.5288453  -1.56581   ]
 [ 2.6323218  -1.6765213 ]
 [ 2.6323218  -1.6765213 ]
 [ 2.6323218  -1.6765213 ]
 [ 1.5145496  -0.57403314]
 [ 1.9950087  -1.0422506 ]
 [ 1.9950087  -1.0422506 ]
 [ 2.8131654  -1.8441728 ]
 [ 2.6323218  -1.6765213 ]
 [ 2.916642   -1.9548842 ]
 [ 2.5288453  -1.56581   ]
 [ 0.20613758  0.7371803 ]
 [ 1.1437495  -0.18856362]
 [ 1.6242087  -0.6567811 ]
 [ 2.5288453  -1.56581   ]
 [ 2.0984852  -1.1529619 ]
 [ 2.6323218  -1.6765213 ]
 [ 2.8131654  -1.8441728 ]
 [ 2.5288453  -1.56581   ]
 [ 1.6180261  -0.68474436]
 [ 1.5145496  -0.57403314]
 [ 2.916642   -1.9548842 ]
 [ 2.5288453  -1.56581   ]
 [ 2.916642   -1.9548842 ]
 [ 2.5288453  -1.56581   ]
 [ 0.73997414  0.21362078]
 [ 0.84345067  0.1029095 ]
 [ 2.5288453  -1.56581   ]]
2025-12-21 21:07:22,954 - [INFO] - ------------------------------------------------------------
2025-12-21 21:07:22,954 - [INFO] - On Validation Set:
	Accuracy of RRL  Model: 0.9087767795438839
	F1 Score of RRL  Model: 0.728598060724557
2025-12-21 21:07:22,960 - [INFO] - On Validation Set:
Performance of  RRL Model: 
[[1247   39]
 [  93   68]]
              precision    recall  f1-score   support

           0       0.93      0.97      0.95      1286
           1       0.64      0.42      0.51       161

    accuracy                           0.91      1447
   macro avg       0.78      0.70      0.73      1447
weighted avg       0.90      0.91      0.90      1447

2025-12-21 21:07:22,960 - [INFO] - ------------------------------------------------------------
2025-12-21 21:07:24,302 - [INFO] - epoch: 22, loss_rrl: 106.95329944603145
2025-12-21 21:07:24,714 - [DEBUG] - y_true: (1447,) [0 0 0 0 0 1 0 0 0 0 0 0 0 0 0 0 0 1 0 0 0 0 0 0 1 0 0 0 0 0 0 0 0 0 0 0 0
 0 1 1 0]
2025-12-21 21:07:24,877 - [DEBUG] - y_rrl_: (1447,) [0 0 0 0 0 1 0 0 0 0 0 0 0 0 0 0 0 0 0 0 0 0 0 0 1 0 0 0 0 0 0 0 0 0 0 0 0
 0 1 0 0]
2025-12-21 21:07:24,878 - [DEBUG] - y_rrl: (1447, 2) [[ 3.1322393  -2.184721  ]
 [ 0.72738683  0.18763751]
 [ 2.2907305  -1.2663537 ]
 [ 2.3375669  -1.3516645 ]
 [ 3.085403   -2.09941   ]
 [ 0.32014966  0.65632474]
 [ 3.2691493  -2.3288093 ]
 [ 2.7190998  -1.7614954 ]
 [ 3.2691493  -2.3288093 ]
 [ 1.7685909  -0.80142736]
 [ 1.2270421  -0.27008617]
 [ 2.2676244  -1.2889316 ]
 [ 2.2597609  -1.277675  ]
 [ 2.6722634  -1.6761844 ]
 [ 2.85601    -1.9055839 ]
 [ 2.7190998  -1.7614954 ]
 [ 2.7190998  -1.7614954 ]
 [ 1.2270421  -0.27008617]
 [ 1.6281387  -0.68755615]
 [ 2.1775508  -1.230154  ]
 [ 3.1322393  -2.184721  ]
 [ 2.6722634  -1.6761844 ]
 [ 3.085403   -2.09941   ]
 [ 2.7190998  -1.7614954 ]
 [ 0.32014966  0.65632474]
 [ 0.7677033   0.21373418]
 [ 1.8922323  -0.9303181 ]
 [ 2.7190998  -1.7614954 ]
 [ 2.2676244  -1.2889316 ]
 [ 2.85601    -1.9055839 ]
 [ 3.1322393  -2.184721  ]
 [ 2.1307144  -1.1448431 ]
 [ 1.2270421  -0.27008617]
 [ 1.1802056  -0.1847752 ]
 [ 3.222313   -2.2434983 ]
 [ 2.7190998  -1.7614954 ]
 [ 3.085403   -2.09941   ]
 [ 2.7190998  -1.7614954 ]
 [ 0.3669861   0.5710138 ]
 [ 0.9085351   0.03967262]
 [ 2.7190998  -1.7614954 ]]
2025-12-21 21:07:24,880 - [INFO] - ------------------------------------------------------------
2025-12-21 21:07:24,880 - [INFO] - On Validation Set:
	Accuracy of RRL  Model: 0.9129232895646164
	F1 Score of RRL  Model: 0.7540310830500243
2025-12-21 21:07:24,886 - [INFO] - On Validation Set:
Performance of  RRL Model: 
[[1242   44]
 [  82   79]]
              precision    recall  f1-score   support

           0       0.94      0.97      0.95      1286
           1       0.64      0.49      0.56       161

    accuracy                           0.91      1447
   macro avg       0.79      0.73      0.75      1447
weighted avg       0.91      0.91      0.91      1447

2025-12-21 21:07:24,886 - [INFO] - ------------------------------------------------------------
2025-12-21 21:07:26,027 - [INFO] - epoch: 23, loss_rrl: 106.77246781438589
2025-12-21 21:07:26,685 - [DEBUG] - y_true: (1447,) [0 0 0 0 0 1 0 0 0 0 0 0 0 0 0 0 0 1 0 0 0 0 0 0 1 0 0 0 0 0 0 0 0 0 0 0 0
 0 1 1 0]
2025-12-21 21:07:26,847 - [DEBUG] - y_rrl_: (1447,) [0 0 0 0 0 1 0 0 0 0 0 0 0 0 0 0 0 0 0 0 0 0 0 0 1 0 0 0 0 0 0 0 0 0 0 0 0
 0 0 0 0]
2025-12-21 21:07:26,848 - [DEBUG] - y_rrl: (1447, 2) [[ 3.0939841  -2.1518419 ]
 [ 0.86179197  0.03219584]
 [ 2.3125808  -1.332341  ]
 [ 2.3125808  -1.332341  ]
 [ 3.0939841  -2.1518419 ]
 [ 0.32160422  0.61108017]
 [ 3.2714977  -2.336474  ]
 [ 2.6890202  -1.7368485 ]
 [ 3.2714977  -2.336474  ]
 [ 1.750022   -0.788391  ]
 [ 1.1945599  -0.24306552]
 [ 2.4442165  -1.5252118 ]
 [ 2.9996786  -2.0705373 ]
 [ 2.6890202  -1.7368485 ]
 [ 2.9996786  -2.0705373 ]
 [ 2.6890202  -1.7368485 ]
 [ 2.6890202  -1.7368485 ]
 [ 1.1945599  -0.24306552]
 [ 1.598473   -0.6631843 ]
 [ 2.133558   -1.191523  ]
 [ 3.0939841  -2.1518419 ]
 [ 2.6890202  -1.7368485 ]
 [ 3.0939841  -2.1518419 ]
 [ 2.822165   -1.8859055 ]
 [ 0.45474902  0.46202326]
 [ 1.5052184  -0.57675433]
 [ 1.9377621  -0.98135597]
 [ 2.822165   -1.8859055 ]
 [ 2.3110716  -1.3761549 ]
 [ 2.9996786  -2.0705373 ]
 [ 3.0939841  -2.1518419 ]
 [ 2.6890202  -1.7368485 ]
 [ 1.1945599  -0.24306552]
 [ 1.1945599  -0.24306552]
 [ 3.2714977  -2.336474  ]
 [ 2.822165   -1.8859055 ]
 [ 3.0939841  -2.1518419 ]
 [ 2.822165   -1.8859055 ]
 [ 0.8770664   0.06575466]
 [ 1.2503756  -0.32904434]
 [ 2.6890202  -1.7368485 ]]
2025-12-21 21:07:26,850 - [INFO] - ------------------------------------------------------------
2025-12-21 21:07:26,850 - [INFO] - On Validation Set:
	Accuracy of RRL  Model: 0.907394609536973
	F1 Score of RRL  Model: 0.7023401616191388
2025-12-21 21:07:26,856 - [INFO] - On Validation Set:
Performance of  RRL Model: 
[[1257   29]
 [ 105   56]]
              precision    recall  f1-score   support

           0       0.92      0.98      0.95      1286
           1       0.66      0.35      0.46       161

    accuracy                           0.91      1447
   macro avg       0.79      0.66      0.70      1447
weighted avg       0.89      0.91      0.89      1447

2025-12-21 21:07:26,856 - [INFO] - ------------------------------------------------------------
2025-12-21 21:07:27,748 - [INFO] - epoch: 24, loss_rrl: 105.80014913342893
2025-12-21 21:07:28,659 - [DEBUG] - y_true: (1447,) [0 0 0 0 0 1 0 0 0 0 0 0 0 0 0 0 0 1 0 0 0 0 0 0 1 0 0 0 0 0 0 0 0 0 0 0 0
 0 1 1 0]
2025-12-21 21:07:28,823 - [DEBUG] - y_rrl_: (1447,) [0 1 0 0 0 1 0 0 0 0 0 0 0 0 0 0 0 0 0 0 0 0 0 0 1 0 0 0 0 0 0 0 0 0 0 0 0
 0 1 0 0]
2025-12-21 21:07:28,823 - [DEBUG] - y_rrl: (1447, 2) [[ 3.0922136  -2.1466718 ]
 [-0.28988594  1.2105904 ]
 [ 2.268657   -1.2940636 ]
 [ 2.268657   -1.2940636 ]
 [ 3.0922136  -2.1466718 ]
 [ 0.2215465   0.7058368 ]
 [ 3.0922136  -2.1466718 ]
 [ 2.268657   -1.2940636 ]
 [ 3.0922136  -2.1466718 ]
 [ 1.317809   -0.33385375]
 [ 0.7807809   0.11170565]
 [ 2.2479608  -1.3183303 ]
 [ 2.5807812  -1.6419183 ]
 [ 2.8971007  -1.9445022 ]
 [ 3.0922136  -2.1466718 ]
 [ 3.0922136  -2.1466718 ]
 [ 2.8278913  -1.8881947 ]
 [ 1.1019996  -0.15595065]
 [ 2.8971007  -1.9445022 ]
 [ 1.6887265  -0.72419906]
 [ 2.8971007  -1.9445022 ]
 [ 3.0922136  -2.1466718 ]
 [ 3.0922136  -2.1466718 ]
 [ 2.8971007  -1.9445022 ]
 [ 0.2215465   0.7058368 ]
 [ 0.78568053  0.14663328]
 [ 2.2479608  -1.3183303 ]
 [ 2.5329797  -1.5525409 ]
 [ 2.2479608  -1.3183303 ]
 [ 2.8278913  -1.8881947 ]
 [ 2.8971007  -1.9445022 ]
 [ 2.0528476  -1.1161603 ]
 [ 1.297113   -0.35812044]
 [ 0.7378787   0.23601066]
 [ 3.0922136  -2.1466718 ]
 [ 2.268657   -1.2940636 ]
 [ 3.0922136  -2.1466718 ]
 [ 2.5329797  -1.5525409 ]
 [ 0.2215465   0.7058368 ]
 [ 1.3962778  -0.47426775]
 [ 2.268657   -1.2940636 ]]
2025-12-21 21:07:28,825 - [INFO] - ------------------------------------------------------------
2025-12-21 21:07:28,826 - [INFO] - On Validation Set:
	Accuracy of RRL  Model: 0.902557014512785
	F1 Score of RRL  Model: 0.7401171610792883
2025-12-21 21:07:28,831 - [INFO] - On Validation Set:
Performance of  RRL Model: 
[[1225   61]
 [  80   81]]
              precision    recall  f1-score   support

           0       0.94      0.95      0.95      1286
           1       0.57      0.50      0.53       161

    accuracy                           0.90      1447
   macro avg       0.75      0.73      0.74      1447
weighted avg       0.90      0.90      0.90      1447

2025-12-21 21:07:28,831 - [INFO] - ------------------------------------------------------------
2025-12-21 21:07:29,438 - [INFO] - epoch: 25, loss_rrl: 107.98089432530105
2025-12-21 21:07:30,558 - [DEBUG] - y_true: (1447,) [0 0 0 0 0 1 0 0 0 0 0 0 0 0 0 0 0 1 0 0 0 0 0 0 1 0 0 0 0 0 0 0 0 0 0 0 0
 0 1 1 0]
2025-12-21 21:07:30,724 - [DEBUG] - y_rrl_: (1447,) [0 1 0 0 0 1 0 0 0 0 0 0 0 0 0 0 0 0 0 0 0 0 0 0 1 0 0 0 0 0 0 0 0 0 0 0 0
 0 1 0 0]
2025-12-21 21:07:30,724 - [DEBUG] - y_rrl: (1447, 2) [[ 2.91646    -1.9693592 ]
 [ 0.22825569  0.65257496]
 [ 2.2985263  -1.3296218 ]
 [ 2.4999914  -1.5380831 ]
 [ 2.91646    -1.9693592 ]
 [ 0.19779417  0.72425485]
 [ 3.117925   -2.1778207 ]
 [ 2.8444078  -1.9101114 ]
 [ 3.117925   -2.1778207 ]
 [ 1.8689579  -0.92539   ]
 [ 1.076238   -0.13566925]
 [ 2.051688   -1.1203908 ]
 [ 2.91646    -1.9693592 ]
 [ 2.91646    -1.9693592 ]
 [ 3.117925   -2.1778207 ]
 [ 2.91646    -1.9693592 ]
 [ 2.6429427  -1.7016499 ]
 [ 1.2777032  -0.3441307 ]
 [ 2.051688   -1.1203908 ]
 [ 2.5266707  -1.5965614 ]
 [ 3.117925   -2.1778207 ]
 [ 2.91646    -1.9693592 ]
 [ 2.91646    -1.9693592 ]
 [ 2.91646    -1.9693592 ]
 [ 0.19779417  0.72425485]
 [ 1.076238   -0.13566925]
 [ 2.253153   -1.3288522 ]
 [ 3.117925   -2.1778207 ]
 [ 2.3252056  -1.3880999 ]
 [ 3.117925   -2.1778207 ]
 [ 3.117925   -2.1778207 ]
 [ 2.051688   -1.1203908 ]
 [ 1.076238   -0.13566925]
 [ 1.076238   -0.13566925]
 [ 2.91646    -1.9693592 ]
 [ 2.8444078  -1.9101114 ]
 [ 2.91646    -1.9693592 ]
 [ 2.91646    -1.9693592 ]
 [ 0.39925933  0.5157934 ]
 [ 1.3726538  -0.45588565]
 [ 2.6429427  -1.7016499 ]]
2025-12-21 21:07:30,726 - [INFO] - ------------------------------------------------------------
2025-12-21 21:07:30,726 - [INFO] - On Validation Set:
	Accuracy of RRL  Model: 0.89426399447132
	F1 Score of RRL  Model: 0.6800490784778734
2025-12-21 21:07:30,735 - [INFO] - On Validation Set:
Performance of  RRL Model: 
[[1239   47]
 [ 106   55]]
              precision    recall  f1-score   support

           0       0.92      0.96      0.94      1286
           1       0.54      0.34      0.42       161

    accuracy                           0.89      1447
   macro avg       0.73      0.65      0.68      1447
weighted avg       0.88      0.89      0.88      1447

2025-12-21 21:07:30,735 - [INFO] - ------------------------------------------------------------
2025-12-21 21:07:31,118 - [INFO] - epoch: 26, loss_rrl: 106.63421136513352
2025-12-21 21:07:32,458 - [DEBUG] - y_true: (1447,) [0 0 0 0 0 1 0 0 0 0 0 0 0 0 0 0 0 1 0 0 0 0 0 0 1 0 0 0 0 0 0 0 0 0 0 0 0
 0 1 1 0]
2025-12-21 21:07:32,622 - [DEBUG] - y_rrl_: (1447,) [0 0 0 0 0 1 0 0 0 0 0 0 0 0 0 0 0 0 0 0 0 0 0 0 1 0 0 0 0 0 0 0 0 0 0 0 0
 0 1 0 0]
2025-12-21 21:07:32,622 - [DEBUG] - y_rrl: (1447, 2) [[ 3.1781695  -2.2591636 ]
 [ 0.953704   -0.09221864]
 [ 2.458258   -1.5020065 ]
 [ 2.458258   -1.5020065 ]
 [ 3.1781695  -2.2591636 ]
 [ 0.38286796  0.5268905 ]
 [ 3.1781695  -2.2591636 ]
 [ 2.7823656  -1.8534966 ]
 [ 3.1781695  -2.2591636 ]
 [ 1.8349392  -0.89688134]
 [ 0.70697564  0.17540057]
 [ 2.1847734  -1.2658308 ]
 [ 2.7823656  -1.8534966 ]
 [ 2.7823656  -1.8534966 ]
 [ 2.5356374  -1.5858774 ]
 [ 2.7823656  -1.8534966 ]
 [ 2.7823656  -1.8534966 ]
 [ 1.237347   -0.30921546]
 [ 2.7823656  -1.8534966 ]
 [ 2.1847734  -1.2658308 ]
 [ 3.1781695  -2.2591636 ]
 [ 2.7823656  -1.8534966 ]
 [ 3.1781695  -2.2591636 ]
 [ 2.7823656  -1.8534966 ]
 [ 0.21053785  0.7061565 ]
 [ 1.237347   -0.30921546]
 [ 1.9380451  -0.9982116 ]
 [ 2.7823656  -1.8534966 ]
 [ 2.1847734  -1.2658308 ]
 [ 2.7823656  -1.8534966 ]
 [ 3.1781695  -2.2591636 ]
 [ 2.1847734  -1.2658308 ]
 [ 1.237347   -0.30921546]
 [ 1.237347   -0.30921546]
 [ 3.1781695  -2.2591636 ]
 [ 2.7823656  -1.8534966 ]
 [ 3.1781695  -2.2591636 ]
 [ 2.7823656  -1.8534966 ]
 [ 0.38286796  0.5268905 ]
 [ 1.0548584  -0.14912853]
 [ 2.7823656  -1.8534966 ]]
2025-12-21 21:07:32,624 - [INFO] - ------------------------------------------------------------
2025-12-21 21:07:32,624 - [INFO] - On Validation Set:
	Accuracy of RRL  Model: 0.899101589495508
	F1 Score of RRL  Model: 0.7057140469159191
2025-12-21 21:07:32,630 - [INFO] - On Validation Set:
Performance of  RRL Model: 
[[1237   49]
 [  97   64]]
              precision    recall  f1-score   support

           0       0.93      0.96      0.94      1286
           1       0.57      0.40      0.47       161

    accuracy                           0.90      1447
   macro avg       0.75      0.68      0.71      1447
weighted avg       0.89      0.90      0.89      1447

2025-12-21 21:07:32,630 - [INFO] - ------------------------------------------------------------
2025-12-21 21:07:32,765 - [INFO] - epoch: 27, loss_rrl: 106.43538858182728
2025-12-21 21:07:34,204 - [INFO] - epoch: 28, loss_rrl: 107.05353735014796
2025-12-21 21:07:34,321 - [DEBUG] - y_true: (1447,) [0 0 0 0 0 1 0 0 0 0 0 0 0 0 0 0 0 1 0 0 0 0 0 0 1 0 0 0 0 0 0 0 0 0 0 0 0
 0 1 1 0]
2025-12-21 21:07:34,483 - [DEBUG] - y_rrl_: (1447,) [0 1 0 0 0 1 0 0 0 0 0 0 0 0 0 0 0 0 0 0 0 0 0 0 1 0 0 0 0 0 0 0 0 0 0 0 0
 0 0 0 0]
2025-12-21 21:07:34,483 - [DEBUG] - y_rrl: (1447, 2) [[ 2.9480624e+00 -2.0188963e+00]
 [-9.2176750e-02  9.6946639e-01]
 [ 2.3425364e+00 -1.3919506e+00]
 [ 2.3425364e+00 -1.3919506e+00]
 [ 2.9480624e+00 -2.0188963e+00]
 [ 2.2576563e-01  6.7869824e-01]
 [ 2.9480624e+00 -2.0188963e+00]
 [ 2.3425364e+00 -1.3919506e+00]
 [ 2.9480624e+00 -2.0188963e+00]
 [ 1.6279701e+00 -6.8897384e-01]
 [ 7.9095805e-01  6.5649569e-02]
 [ 2.0498619e+00 -1.1362853e+00]
 [ 2.6589661e+00 -1.7355330e+00]
 [ 2.9480624e+00 -2.0188963e+00]
 [ 2.9480624e+00 -2.0188963e+00]
 [ 2.6589661e+00 -1.7355330e+00]
 [ 2.6589661e+00 -1.7355330e+00]
 [ 1.3352954e+00 -4.3330845e-01]
 [ 1.4831570e+00 -5.7605100e-01]
 [ 2.0225289e+00 -1.0760661e+00]
 [ 2.9480624e+00 -2.0188963e+00]
 [ 2.9480624e+00 -2.0188963e+00]
 [ 2.9480624e+00 -2.0188963e+00]
 [ 2.9480624e+00 -2.0188963e+00]
 [-5.2160209e-01  1.4264724e+00]
 [ 1.3352954e+00 -4.3330845e-01]
 [ 1.8010994e+00 -8.6681896e-01]
 [ 2.6316328e+00 -1.6753138e+00]
 [ 2.3389585e+00 -1.4196484e+00]
 [ 2.9480624e+00 -2.0188963e+00]
 [ 2.9480624e+00 -2.0188963e+00]
 [ 2.0498619e+00 -1.1362853e+00]
 [ 1.3352954e+00 -4.3330845e-01]
 [ 1.0188658e+00 -8.9726001e-02]
 [ 2.9480624e+00 -2.0188963e+00]
 [ 2.3425364e+00 -1.3919506e+00]
 [ 2.9480624e+00 -2.0188963e+00]
 [ 2.6316328e+00 -1.6753138e+00]
 [ 8.3486998e-01  7.9450414e-02]
 [ 9.0297008e-01 -2.4763010e-03]
 [ 2.3425364e+00 -1.3919506e+00]]
2025-12-21 21:07:34,485 - [INFO] - ------------------------------------------------------------
2025-12-21 21:07:34,485 - [INFO] - On Validation Set:
	Accuracy of RRL  Model: 0.8997926744989634
	F1 Score of RRL  Model: 0.7028642237564171
2025-12-21 21:07:34,491 - [INFO] - On Validation Set:
Performance of  RRL Model: 
[[1240   46]
 [  99   62]]
              precision    recall  f1-score   support

           0       0.93      0.96      0.94      1286
           1       0.57      0.39      0.46       161

    accuracy                           0.90      1447
   macro avg       0.75      0.67      0.70      1447
weighted avg       0.89      0.90      0.89      1447

2025-12-21 21:07:34,491 - [INFO] - ------------------------------------------------------------
2025-12-21 21:07:35,836 - [INFO] - epoch: 29, loss_rrl: 106.4598855432123
2025-12-21 21:07:36,197 - [DEBUG] - y_true: (1447,) [0 0 0 0 0 1 0 0 0 0 0 0 0 0 0 0 0 1 0 0 0 0 0 0 1 0 0 0 0 0 0 0 0 0 0 0 0
 0 1 1 0]
2025-12-21 21:07:36,360 - [DEBUG] - y_rrl_: (1447,) [0 1 0 0 0 1 0 0 0 0 0 0 0 0 0 0 0 0 0 0 0 0 0 0 1 0 0 0 0 0 0 0 0 0 0 0 0
 0 1 0 0]
2025-12-21 21:07:36,360 - [DEBUG] - y_rrl: (1447, 2) [[ 2.7975817e+00 -1.8670424e+00]
 [ 2.1809556e-02  8.3036441e-01]
 [ 2.1749120e+00 -1.2231423e+00]
 [ 2.1749120e+00 -1.2231423e+00]
 [ 2.7975817e+00 -1.8670424e+00]
 [-5.4949647e-01  1.4491184e+00]
 [ 2.9690220e+00 -2.0453038e+00]
 [ 2.4932916e+00 -1.5684479e+00]
 [ 2.9690220e+00 -2.0453038e+00]
 [ 1.5239409e+00 -5.9005111e-01]
 [ 8.8740957e-01  3.6694277e-02]
 [ 2.0282004e+00 -1.1199640e+00]
 [ 2.1159804e+00 -1.2043595e+00]
 [ 2.4932916e+00 -1.5684479e+00]
 [ 2.6647320e+00 -1.7467097e+00]
 [ 2.4932916e+00 -1.5684479e+00]
 [ 2.4932916e+00 -1.5684479e+00]
 [ 8.8740957e-01  3.6694277e-02]
 [ 1.3080084e+00 -3.9935225e-01]
 [ 1.8567600e+00 -9.4170231e-01]
 [ 2.7975817e+00 -1.8670424e+00]
 [ 2.4932916e+00 -1.5684479e+00]
 [ 2.7975817e+00 -1.8670424e+00]
 [ 2.4932916e+00 -1.5684479e+00]
 [-5.4949647e-01  1.4491184e+00]
 [ 5.1009816e-01  4.0078270e-01]
 [ 1.7752738e+00 -8.4651554e-01]
 [ 2.4932916e+00 -1.5684479e+00]
 [ 2.0282004e+00 -1.1199640e+00]
 [ 2.6647320e+00 -1.7467097e+00]
 [ 2.7975817e+00 -1.8670424e+00]
 [ 2.4932916e+00 -1.5684479e+00]
 [ 8.8740957e-01  3.6694277e-02]
 [ 8.8740957e-01  3.6694277e-02]
 [ 2.9690220e+00 -2.0453038e+00]
 [ 2.4932916e+00 -1.5684479e+00]
 [ 2.7975817e+00 -1.8670424e+00]
 [ 2.4932916e+00 -1.5684479e+00]
 [-7.4491650e-04  9.0676844e-01]
 [ 8.8871294e-01  6.5745600e-03]
 [ 2.4932916e+00 -1.5684479e+00]]
2025-12-21 21:07:36,362 - [INFO] - ------------------------------------------------------------
2025-12-21 21:07:36,362 - [INFO] - On Validation Set:
	Accuracy of RRL  Model: 0.9053213545266068
	F1 Score of RRL  Model: 0.761282367150631
2025-12-21 21:07:36,368 - [INFO] - On Validation Set:
Performance of  RRL Model: 
[[1217   69]
 [  68   93]]
              precision    recall  f1-score   support

           0       0.95      0.95      0.95      1286
           1       0.57      0.58      0.58       161

    accuracy                           0.91      1447
   macro avg       0.76      0.76      0.76      1447
weighted avg       0.91      0.91      0.91      1447

2025-12-21 21:07:36,368 - [INFO] - ------------------------------------------------------------
2025-12-21 21:07:37,497 - [INFO] - epoch: 30, loss_rrl: 105.53634255938232
2025-12-21 21:07:38,111 - [DEBUG] - y_true: (1447,) [0 0 0 0 0 1 0 0 0 0 0 0 0 0 0 0 0 1 0 0 0 0 0 0 1 0 0 0 0 0 0 0 0 0 0 0 0
 0 1 1 0]
2025-12-21 21:07:38,276 - [DEBUG] - y_rrl_: (1447,) [0 0 0 0 0 1 0 0 0 0 0 0 0 0 0 0 0 0 0 0 0 0 0 0 1 0 0 0 0 0 0 0 0 0 0 0 0
 0 0 0 0]
2025-12-21 21:07:38,276 - [DEBUG] - y_rrl: (1447, 2) [[ 3.141354   -2.2316465 ]
 [ 0.7548001   0.09890001]
 [ 1.6427304  -0.7079802 ]
 [ 2.3710716  -1.4249595 ]
 [ 2.4130132  -1.5146669 ]
 [ 0.14165564  0.7590868 ]
 [ 3.3045707  -2.4016302 ]
 [ 2.7180126  -1.7986006 ]
 [ 3.3045707  -2.4016302 ]
 [ 1.7234682  -0.7950756 ]
 [ 1.1153888  -0.23162964]
 [ 2.1528883  -1.2516048 ]
 [ 2.1528883  -1.2516048 ]
 [ 1.9896716  -1.0816213 ]
 [ 2.615026   -1.6820385 ]
 [ 3.0199702  -2.0949001 ]
 [ 2.7180126  -1.7986006 ]
 [ 1.7234682  -0.7950756 ]
 [ 1.8548135  -0.94579417]
 [ 2.0912204  -1.1815252 ]
 [ 3.141354   -2.2316465 ]
 [ 1.9896716  -1.0816213 ]
 [ 2.4130132  -1.5146669 ]
 [ 2.7180126  -1.7986006 ]
 [ 0.14165564  0.7590868 ]
 [ 1.2598928  -0.34798387]
 [ 2.615026   -1.6820385 ]
 [ 2.7180126  -1.7986006 ]
 [ 2.1528883  -1.2516048 ]
 [ 2.8812292  -1.9685842 ]
 [ 3.141354   -2.2316465 ]
 [ 1.3628794  -0.46454588]
 [ 1.7234682  -0.7950756 ]
 [ 1.7234682  -0.7950756 ]
 [ 2.5762298  -1.6846505 ]
 [ 2.7180126  -1.7986006 ]
 [ 2.4130132  -1.5146669 ]
 [ 2.7180126  -1.7986006 ]
 [ 0.76844776  0.14201146]
 [ 1.0346512  -0.1445342 ]
 [ 2.7180126  -1.7986006 ]]
2025-12-21 21:07:38,278 - [INFO] - ------------------------------------------------------------
2025-12-21 21:07:38,278 - [INFO] - On Validation Set:
	Accuracy of RRL  Model: 0.907394609536973
	F1 Score of RRL  Model: 0.7148927785815953
2025-12-21 21:07:38,284 - [INFO] - On Validation Set:
Performance of  RRL Model: 
[[1251   35]
 [  99   62]]
              precision    recall  f1-score   support

           0       0.93      0.97      0.95      1286
           1       0.64      0.39      0.48       161

    accuracy                           0.91      1447
   macro avg       0.78      0.68      0.71      1447
weighted avg       0.89      0.91      0.90      1447

2025-12-21 21:07:38,284 - [INFO] - ------------------------------------------------------------
2025-12-21 21:07:39,172 - [INFO] - epoch: 31, loss_rrl: 105.32104586437345
2025-12-21 21:07:40,010 - [DEBUG] - y_true: (1447,) [0 0 0 0 0 1 0 0 0 0 0 0 0 0 0 0 0 1 0 0 0 0 0 0 1 0 0 0 0 0 0 0 0 0 0 0 0
 0 1 1 0]
2025-12-21 21:07:40,173 - [DEBUG] - y_rrl_: (1447,) [0 1 0 0 0 1 0 0 0 0 0 0 0 0 0 0 0 0 0 0 0 0 0 0 1 0 0 0 0 0 0 0 0 0 0 0 0
 0 1 0 0]
2025-12-21 21:07:40,174 - [DEBUG] - y_rrl: (1447, 2) [[ 3.076844   -2.1572328 ]
 [-0.06090651  0.92994606]
 [ 2.4417818  -1.5013164 ]
 [ 2.4417818  -1.5013164 ]
 [ 3.076844   -2.1572328 ]
 [ 0.1654884   0.7299827 ]
 [ 3.2505362  -2.337638  ]
 [ 2.4417818  -1.5013164 ]
 [ 3.2505362  -2.337638  ]
 [ 1.4182868  -0.46890494]
 [ 1.1388029  -0.22554259]
 [ 2.3359902  -1.4383589 ]
 [ 2.9544933  -2.0472147 ]
 [ 2.7808008  -1.86681   ]
 [ 2.9544933  -2.0472147 ]
 [ 3.076844   -2.1572328 ]
 [ 2.7808008  -1.86681   ]
 [ 1.1388029  -0.22554259]
 [ 1.9483895  -1.0446938 ]
 [ 1.8232788  -0.8924603 ]
 [ 3.076844   -2.1572328 ]
 [ 2.7808008  -1.86681   ]
 [ 3.076844   -2.1572328 ]
 [ 2.7808008  -1.86681   ]
 [-0.34446284  1.2336653 ]
 [ 1.3124952  -0.40594742]
 [ 2.0524337  -1.1346394 ]
 [ 2.4417818  -1.5013164 ]
 [ 2.3359902  -1.4383589 ]
 [ 2.9544933  -2.0472147 ]
 [ 3.076844   -2.1572328 ]
 [ 2.1622977  -1.257954  ]
 [ 1.1388029  -0.22554259]
 [ 0.79978365  0.13995098]
 [ 3.2505362  -2.337638  ]
 [ 2.4417818  -1.5013164 ]
 [ 3.076844   -2.1572328 ]
 [ 2.4417818  -1.5013164 ]
 [ 0.1654884   0.7299827 ]
 [ 1.0675479  -0.18259265]
 [ 2.4417818  -1.5013164 ]]
2025-12-21 21:07:40,176 - [INFO] - ------------------------------------------------------------
2025-12-21 21:07:40,176 - [INFO] - On Validation Set:
	Accuracy of RRL  Model: 0.9039391845196959
	F1 Score of RRL  Model: 0.7376657254093817
2025-12-21 21:07:40,182 - [INFO] - On Validation Set:
Performance of  RRL Model: 
[[1230   56]
 [  83   78]]
              precision    recall  f1-score   support

           0       0.94      0.96      0.95      1286
           1       0.58      0.48      0.53       161

    accuracy                           0.90      1447
   macro avg       0.76      0.72      0.74      1447
weighted avg       0.90      0.90      0.90      1447

2025-12-21 21:07:40,182 - [INFO] - ------------------------------------------------------------
2025-12-21 21:07:40,829 - [INFO] - epoch: 32, loss_rrl: 107.05748255550861
2025-12-21 21:07:41,906 - [DEBUG] - y_true: (1447,) [0 0 0 0 0 1 0 0 0 0 0 0 0 0 0 0 0 1 0 0 0 0 0 0 1 0 0 0 0 0 0 0 0 0 0 0 0
 0 1 1 0]
2025-12-21 21:07:42,068 - [DEBUG] - y_rrl_: (1447,) [0 1 0 0 0 1 0 0 0 0 0 0 0 0 0 0 0 0 0 0 0 0 0 0 1 0 0 0 0 0 0 0 0 0 0 0 0
 0 0 0 0]
2025-12-21 21:07:42,068 - [DEBUG] - y_rrl: (1447, 2) [[ 3.041915   -2.1277373 ]
 [ 0.23155077  0.6062372 ]
 [ 2.4038513  -1.4690082 ]
 [ 2.4038513  -1.4690082 ]
 [ 3.041915   -2.1277373 ]
 [ 0.13094941  0.75927293]
 [ 3.2144551  -2.3069353 ]
 [ 2.7404463  -1.8318514 ]
 [ 3.2144551  -2.3069353 ]
 [ 1.7364115  -0.8189658 ]
 [ 1.1291373  -0.22126816]
 [ 2.3057125  -1.413352  ]
 [ 2.9129865  -2.0110495 ]
 [ 3.041915   -2.1277373 ]
 [ 2.9269843  -1.9994832 ]
 [ 3.041915   -2.1277373 ]
 [ 2.7404463  -1.8318514 ]
 [ 1.1291373  -0.22126816]
 [ 2.5184505  -1.6104776 ]
 [ 2.4346406  -1.5300399 ]
 [ 3.041915   -2.1277373 ]
 [ 3.041915   -2.1277373 ]
 [ 3.041915   -2.1277373 ]
 [ 3.041915   -2.1277373 ]
 [ 0.13094941  0.75927293]
 [ 1.3016776  -0.40046647]
 [ 2.018242   -1.1058995 ]
 [ 3.041915   -2.1277373 ]
 [ 2.6071808  -1.7092383 ]
 [ 3.2144551  -2.3069353 ]
 [ 3.041915   -2.1277373 ]
 [ 2.7404463  -1.8318514 ]
 [ 1.1291373  -0.22126816]
 [ 1.1291373  -0.22126816]
 [ 3.2144551  -2.3069353 ]
 [ 2.7404463  -1.8318514 ]
 [ 3.041915   -2.1277373 ]
 [ 3.041915   -2.1277373 ]
 [ 0.73822355  0.16157536]
 [ 1.0256943  -0.14587714]
 [ 2.7404463  -1.8318514 ]]
2025-12-21 21:07:42,070 - [INFO] - ------------------------------------------------------------
2025-12-21 21:07:42,070 - [INFO] - On Validation Set:
	Accuracy of RRL  Model: 0.9018659295093296
	F1 Score of RRL  Model: 0.6957419209628506
2025-12-21 21:07:42,076 - [INFO] - On Validation Set:
Performance of  RRL Model: 
[[1248   38]
 [ 104   57]]
              precision    recall  f1-score   support

           0       0.92      0.97      0.95      1286
           1       0.60      0.35      0.45       161

    accuracy                           0.90      1447
   macro avg       0.76      0.66      0.70      1447
weighted avg       0.89      0.90      0.89      1447

2025-12-21 21:07:42,076 - [INFO] - ------------------------------------------------------------
2025-12-21 21:07:42,482 - [INFO] - epoch: 33, loss_rrl: 105.89667333476245
2025-12-21 21:07:43,794 - [DEBUG] - y_true: (1447,) [0 0 0 0 0 1 0 0 0 0 0 0 0 0 0 0 0 1 0 0 0 0 0 0 1 0 0 0 0 0 0 0 0 0 0 0 0
 0 1 1 0]
2025-12-21 21:07:43,956 - [DEBUG] - y_rrl_: (1447,) [0 1 0 0 0 1 0 0 0 0 1 0 0 0 0 0 0 0 0 0 0 0 0 0 1 0 0 0 0 0 0 0 0 0 0 0 0
 0 0 1 0]
2025-12-21 21:07:43,957 - [DEBUG] - y_rrl: (1447, 2) [[ 3.2314987  -2.3444963 ]
 [ 0.24319261  0.5746825 ]
 [ 2.5535011  -1.6187799 ]
 [ 2.5535011  -1.6187799 ]
 [ 3.2314987  -2.3444963 ]
 [-0.031496    0.91642356]
 [ 3.2314987  -2.3444963 ]
 [ 2.8982592  -1.9895594 ]
 [ 3.2314987  -2.3444963 ]
 [ 1.9002078  -0.98272467]
 [-0.0595474   0.9057102 ]
 [ 1.7886791  -0.9228656 ]
 [ 2.93007    -2.0486107 ]
 [ 2.8982592  -1.9895594 ]
 [ 2.9258184  -2.019019  ]
 [ 2.5254498  -1.6294934 ]
 [ 3.066349   -2.1642528 ]
 [ 0.45738816  0.43890607]
 [ 1.7568684  -0.86381435]
 [ 2.2977676  -1.3985739 ]
 [ 3.0634089  -2.1698027 ]
 [ 3.066349   -2.1642528 ]
 [ 3.2314987  -2.3444963 ]
 [ 3.0634089  -2.1698027 ]
 [ 0.13365352  0.7361802 ]
 [ 1.3315268  -0.45079044]
 [ 1.3178492  -0.4171445 ]
 [ 3.0634089  -2.1698027 ]
 [ 1.9249582  -1.0385078 ]
 [ 3.2314987  -2.3444963 ]
 [ 3.0634089  -2.1698027 ]
 [ 1.9963388  -1.1026882 ]
 [ 0.62547797  0.26421258]
 [ 0.45738816  0.43890607]
 [ 3.2314987  -2.3444963 ]
 [ 3.0634089  -2.1698027 ]
 [ 3.2314987  -2.3444963 ]
 [ 3.0634089  -2.1698027 ]
 [ 0.56899565  0.32543814]
 [ 0.33377653  0.53471994]
 [ 2.8982592  -1.9895594 ]]
2025-12-21 21:07:43,959 - [INFO] - ------------------------------------------------------------
2025-12-21 21:07:43,959 - [INFO] - On Validation Set:
	Accuracy of RRL  Model: 0.8977194194885971
	F1 Score of RRL  Model: 0.7164097674664971
2025-12-21 21:07:43,965 - [INFO] - On Validation Set:
Performance of  RRL Model: 
[[1228   58]
 [  90   71]]
              precision    recall  f1-score   support

           0       0.93      0.95      0.94      1286
           1       0.55      0.44      0.49       161

    accuracy                           0.90      1447
   macro avg       0.74      0.70      0.72      1447
weighted avg       0.89      0.90      0.89      1447

2025-12-21 21:07:43,965 - [INFO] - ------------------------------------------------------------
2025-12-21 21:07:44,133 - [INFO] - epoch: 34, loss_rrl: 105.3631427232176
2025-12-21 21:07:45,603 - [INFO] - epoch: 35, loss_rrl: 105.43941101338714
2025-12-21 21:07:45,690 - [DEBUG] - y_true: (1447,) [0 0 0 0 0 1 0 0 0 0 0 0 0 0 0 0 0 1 0 0 0 0 0 0 1 0 0 0 0 0 0 0 0 0 0 0 0
 0 1 1 0]
2025-12-21 21:07:45,852 - [DEBUG] - y_rrl_: (1447,) [0 1 0 0 0 1 0 0 0 0 0 0 0 0 0 0 0 0 0 0 0 0 0 0 1 0 0 0 0 0 0 0 0 0 0 0 0
 0 0 0 0]
2025-12-21 21:07:45,853 - [DEBUG] - y_rrl: (1447, 2) [[ 3.2080061e+00 -2.3263652e+00]
 [ 2.3078814e-01  5.9078133e-01]
 [ 2.6758494e+00 -1.7534148e+00]
 [ 2.6758494e+00 -1.7534148e+00]
 [ 2.8429623e+00 -1.9355282e+00]
 [ 1.1594443e-01  7.5710452e-01]
 [ 3.2080061e+00 -2.3263652e+00]
 [ 3.2080061e+00 -2.3263652e+00]
 [ 3.2080061e+00 -2.3263652e+00]
 [ 2.2171180e+00 -1.3267653e+00]
 [ 9.8290128e-01 -8.1692934e-02]
 [ 2.3388333e+00 -1.4721307e+00]
 [ 2.7590508e+00 -1.8679122e+00]
 [ 2.6758494e+00 -1.7534148e+00]
 [ 2.7212281e+00 -1.8049787e+00]
 [ 3.0408933e+00 -2.1442518e+00]
 [ 2.8429623e+00 -1.9355282e+00]
 [ 1.3479450e+00 -4.7253036e-01]
 [ 1.8836974e+00 -1.0025693e+00]
 [ 2.4535627e+00 -1.5663570e+00]
 [ 3.2080061e+00 -2.3263652e+00]
 [ 3.0408933e+00 -2.1442518e+00]
 [ 3.2080061e+00 -2.3263652e+00]
 [ 2.6758494e+00 -1.7534148e+00]
 [-3.1270083e-02  9.1086763e-01]
 [ 1.1808320e+00 -2.9041690e-01]
 [ 1.8520551e+00 -9.5074379e-01]
 [ 3.0408933e+00 -2.1442518e+00]
 [ 2.4535627e+00 -1.5663570e+00]
 [ 3.0408933e+00 -2.1442518e+00]
 [ 3.2080061e+00 -2.3263652e+00]
 [ 2.1717205e+00 -1.2900172e+00]
 [ 1.1808320e+00 -2.9041690e-01]
 [ 1.1808320e+00 -2.9041690e-01]
 [ 3.2080061e+00 -2.3263652e+00]
 [ 3.2080061e+00 -2.3263652e+00]
 [ 3.2080061e+00 -2.3263652e+00]
 [ 3.0408933e+00 -2.1442518e+00]
 [ 8.7038761e-01 -2.9039793e-03]
 [ 7.2317320e-01  1.5085924e-01]
 [ 3.2080061e+00 -2.3263652e+00]]
2025-12-21 21:07:45,854 - [INFO] - ------------------------------------------------------------
2025-12-21 21:07:45,855 - [INFO] - On Validation Set:
	Accuracy of RRL  Model: 0.9032480995162405
	F1 Score of RRL  Model: 0.7333715898202646
2025-12-21 21:07:45,860 - [INFO] - On Validation Set:
Performance of  RRL Model: 
[[1231   55]
 [  85   76]]
              precision    recall  f1-score   support

           0       0.94      0.96      0.95      1286
           1       0.58      0.47      0.52       161

    accuracy                           0.90      1447
   macro avg       0.76      0.71      0.73      1447
weighted avg       0.90      0.90      0.90      1447

2025-12-21 21:07:45,860 - [INFO] - ------------------------------------------------------------
2025-12-21 21:07:47,256 - [INFO] - epoch: 36, loss_rrl: 105.02133528329432
2025-12-21 21:07:47,592 - [DEBUG] - y_true: (1447,) [0 0 0 0 0 1 0 0 0 0 0 0 0 0 0 0 0 1 0 0 0 0 0 0 1 0 0 0 0 0 0 0 0 0 0 0 0
 0 1 1 0]
2025-12-21 21:07:47,761 - [DEBUG] - y_rrl_: (1447,) [0 0 0 0 0 1 0 0 0 0 0 0 0 0 0 0 0 0 0 0 0 0 0 0 1 0 0 0 0 0 0 0 0 0 0 0 0
 0 1 0 0]
2025-12-21 21:07:47,761 - [DEBUG] - y_rrl: (1447, 2) [[ 3.4218311  -2.5456147 ]
 [ 0.49875706  0.32990968]
 [ 2.6889608  -1.765784  ]
 [ 2.6889608  -1.765784  ]
 [ 3.4218311  -2.5456147 ]
 [ 0.07918669  0.7950151 ]
 [ 3.4218311  -2.5456147 ]
 [ 3.2653756  -2.3826666 ]
 [ 3.4218311  -2.5456147 ]
 [ 2.254345   -1.3629982 ]
 [ 1.536049   -0.6660202 ]
 [ 2.834069   -1.9672158 ]
 [ 3.219296   -2.328178  ]
 [ 3.0628405  -2.16523   ]
 [ 3.219296   -2.328178  ]
 [ 3.219296   -2.328178  ]
 [ 3.4218311  -2.5456147 ]
 [ 1.3795934  -0.5030722 ]
 [ 1.88655    -1.0043187 ]
 [ 2.4750783  -1.5868311 ]
 [ 3.2653756  -2.3826666 ]
 [ 3.219296   -2.328178  ]
 [ 3.4218311  -2.5456147 ]
 [ 3.0628405  -2.16523   ]
 [ 0.07918669  0.7950151 ]
 [ 1.3335139  -0.4485834 ]
 [ 2.2843041  -1.3831344 ]
 [ 3.0628405  -2.16523   ]
 [ 2.6315339  -1.749779  ]
 [ 3.219296   -2.328178  ]
 [ 3.2653756  -2.3826666 ]
 [ 2.7758512  -1.8837028 ]
 [ 1.3335139  -0.4485834 ]
 [ 1.1770583  -0.28563538]
 [ 3.4218311  -2.5456147 ]
 [ 3.2653756  -2.3826666 ]
 [ 3.4218311  -2.5456147 ]
 [ 3.0628405  -2.16523   ]
 [ 0.2817218   0.57757825]
 [ 1.2167138  -0.36746517]
 [ 3.2653756  -2.3826666 ]]
2025-12-21 21:07:47,763 - [INFO] - ------------------------------------------------------------
2025-12-21 21:07:47,763 - [INFO] - On Validation Set:
	Accuracy of RRL  Model: 0.907394609536973
	F1 Score of RRL  Model: 0.710841684562157
2025-12-21 21:07:47,769 - [INFO] - On Validation Set:
Performance of  RRL Model: 
[[1253   33]
 [ 101   60]]
              precision    recall  f1-score   support

           0       0.93      0.97      0.95      1286
           1       0.65      0.37      0.47       161

    accuracy                           0.91      1447
   macro avg       0.79      0.67      0.71      1447
weighted avg       0.89      0.91      0.90      1447

2025-12-21 21:07:47,769 - [INFO] - ------------------------------------------------------------
2025-12-21 21:07:49,049 - [INFO] - epoch: 37, loss_rrl: 105.2571461610496
2025-12-21 21:07:49,590 - [DEBUG] - y_true: (1447,) [0 0 0 0 0 1 0 0 0 0 0 0 0 0 0 0 0 1 0 0 0 0 0 0 1 0 0 0 0 0 0 0 0 0 0 0 0
 0 1 1 0]
2025-12-21 21:07:49,753 - [DEBUG] - y_rrl_: (1447,) [0 0 0 0 0 1 0 0 0 0 0 0 0 0 0 0 0 0 0 0 0 0 0 0 1 0 0 0 0 0 0 0 0 0 0 0 0
 0 0 0 0]
2025-12-21 21:07:49,753 - [DEBUG] - y_rrl: (1447, 2) [[ 3.3449244  -2.467699  ]
 [ 0.7483469   0.06055854]
 [ 2.7317529  -1.8143907 ]
 [ 2.7317529  -1.8143907 ]
 [ 3.3449244  -2.467699  ]
 [ 0.0803968   0.7883968 ]
 [ 3.5037394  -2.6329498 ]
 [ 2.8429894  -1.9563861 ]
 [ 3.5037394  -2.6329498 ]
 [ 1.8249184  -0.92975444]
 [ 1.2286052  -0.34273294]
 [ 2.9074264  -2.0459285 ]
 [ 3.5037394  -2.6329498 ]
 [ 3.12927    -2.237245  ]
 [ 3.1436744  -2.2536669 ]
 [ 3.12927    -2.237245  ]
 [ 2.8429894  -1.9563861 ]
 [ 1.2286052  -0.34273294]
 [ 1.9413897  -1.0646112 ]
 [ 2.532957   -1.6502237 ]
 [ 3.3449244  -2.467699  ]
 [ 3.12927    -2.237245  ]
 [ 3.3449244  -2.467699  ]
 [ 3.3449244  -2.467699  ]
 [ 0.29605123  0.5579428 ]
 [ 1.6030744  -0.7384377 ]
 [ 2.331707   -1.4361916 ]
 [ 3.3449244  -2.467699  ]
 [ 2.691772   -1.8154745 ]
 [ 3.5037394  -2.6329498 ]
 [ 3.3449244  -2.467699  ]
 [ 2.8429894  -1.9563861 ]
 [ 1.2286052  -0.34273294]
 [ 1.2286052  -0.34273294]
 [ 3.5037394  -2.6329498 ]
 [ 3.0586438  -2.1868398 ]
 [ 3.3449244  -2.467699  ]
 [ 3.3449244  -2.467699  ]
 [ 0.67671     0.20137525]
 [ 0.67671     0.20137525]
 [ 2.8429894  -1.9563861 ]]
2025-12-21 21:07:49,756 - [INFO] - ------------------------------------------------------------
2025-12-21 21:07:49,756 - [INFO] - On Validation Set:
	Accuracy of RRL  Model: 0.9101589495507948
	F1 Score of RRL  Model: 0.7214538713040182
2025-12-21 21:07:49,761 - [INFO] - On Validation Set:
Performance of  RRL Model: 
[[1254   32]
 [  98   63]]
              precision    recall  f1-score   support

           0       0.93      0.98      0.95      1286
           1       0.66      0.39      0.49       161

    accuracy                           0.91      1447
   macro avg       0.80      0.68      0.72      1447
weighted avg       0.90      0.91      0.90      1447

2025-12-21 21:07:49,762 - [INFO] - ------------------------------------------------------------
2025-12-21 21:07:50,642 - [INFO] - epoch: 38, loss_rrl: 104.47398866154253
2025-12-21 21:07:51,412 - [DEBUG] - y_true: (1447,) [0 0 0 0 0 1 0 0 0 0 0 0 0 0 0 0 0 1 0 0 0 0 0 0 1 0 0 0 0 0 0 0 0 0 0 0 0
 0 1 1 0]
2025-12-21 21:07:51,575 - [DEBUG] - y_rrl_: (1447,) [0 0 0 0 0 1 0 0 0 0 0 0 0 0 0 0 0 0 0 0 0 0 0 0 1 0 0 0 0 0 0 0 0 0 0 0 0
 0 1 0 0]
2025-12-21 21:07:51,576 - [DEBUG] - y_rrl: (1447, 2) [[ 3.4781895  -2.606445  ]
 [ 0.51373833  0.3154166 ]
 [ 2.8682332  -1.9566834 ]
 [ 2.8682332  -1.9566834 ]
 [ 3.4781895  -2.606445  ]
 [ 0.23071533  0.6326671 ]
 [ 3.6540935  -2.788728  ]
 [ 2.591021   -1.6848512 ]
 [ 3.6540935  -2.788728  ]
 [ 1.5926627  -0.67801195]
 [ 1.3780144  -0.49769416]
 [ 3.0568345  -2.2006893 ]
 [ 3.6540935  -2.788728  ]
 [ 3.250844   -2.3644042 ]
 [ 3.6540935  -2.788728  ]
 [ 3.250844   -2.3644042 ]
 [ 2.9736319  -2.0925717 ]
 [ 1.3780144  -0.49769416]
 [ 2.0733807  -1.2020545 ]
 [ 2.2709742  -1.3686447 ]
 [ 3.4781895  -2.606445  ]
 [ 3.250844   -2.3644042 ]
 [ 3.4781895  -2.606445  ]
 [ 3.4781895  -2.606445  ]
 [-0.12214342  0.9649375 ]
 [ 1.781264   -0.92201775]
 [ 2.8294888  -1.9586482 ]
 [ 3.0955787  -2.1987243 ]
 [ 2.8294888  -1.9586482 ]
 [ 3.6540935  -2.788728  ]
 [ 3.4781895  -2.606445  ]
 [ 2.3763728  -1.5045333 ]
 [ 1.3780144  -0.49769416]
 [ 0.99540365 -0.08997342]
 [ 3.6540935  -2.788728  ]
 [ 2.8183665  -1.9268918 ]
 [ 3.4781895  -2.606445  ]
 [ 3.0955787  -2.1987243 ]
 [ 0.23071533  0.6326671 ]
 [ 1.4638562  -0.6048922 ]
 [ 2.591021   -1.6848512 ]]
2025-12-21 21:07:51,578 - [INFO] - ------------------------------------------------------------
2025-12-21 21:07:51,578 - [INFO] - On Validation Set:
	Accuracy of RRL  Model: 0.9032480995162405
	F1 Score of RRL  Model: 0.6978942973037461
2025-12-21 21:07:51,584 - [INFO] - On Validation Set:
Performance of  RRL Model: 
[[1250   36]
 [ 104   57]]
              precision    recall  f1-score   support

           0       0.92      0.97      0.95      1286
           1       0.61      0.35      0.45       161

    accuracy                           0.90      1447
   macro avg       0.77      0.66      0.70      1447
weighted avg       0.89      0.90      0.89      1447

2025-12-21 21:07:51,584 - [INFO] - ------------------------------------------------------------
2025-12-21 21:07:52,235 - [INFO] - epoch: 39, loss_rrl: 105.79219620674849
2025-12-21 21:07:53,234 - [DEBUG] - y_true: (1447,) [0 0 0 0 0 1 0 0 0 0 0 0 0 0 0 0 0 1 0 0 0 0 0 0 1 0 0 0 0 0 0 0 0 0 0 0 0
 0 1 1 0]
2025-12-21 21:07:53,399 - [DEBUG] - y_rrl_: (1447,) [0 1 0 0 0 1 0 0 0 0 0 0 0 0 0 0 0 0 0 0 0 0 0 0 1 0 0 0 0 0 0 0 0 0 0 0 0
 0 0 0 0]
2025-12-21 21:07:53,399 - [DEBUG] - y_rrl: (1447, 2) [[ 3.249416   -2.3831682 ]
 [ 0.0069605   0.8117498 ]
 [ 2.6381521  -1.732431  ]
 [ 2.6381521  -1.732431  ]
 [ 3.249416   -2.3831682 ]
 [ 0.02330213  0.8346454 ]
 [ 3.4433603  -2.583432  ]
 [ 2.6381521  -1.732431  ]
 [ 3.4433603  -2.583432  ]
 [ 1.6745102  -0.7603935 ]
 [ 1.1718837  -0.29713783]
 [ 2.5610282  -1.7155873 ]
 [ 3.178653   -2.3240626 ]
 [ 3.0178576  -2.13702   ]
 [ 3.09581    -2.2170653 ]
 [ 3.0178576  -2.13702   ]
 [ 3.0178576  -2.13702   ]
 [ 1.1718837  -0.29713783]
 [ 3.0178576  -2.13702   ]
 [ 2.0205274  -1.1239556 ]
 [ 3.249416   -2.3831682 ]
 [ 3.0178576  -2.13702   ]
 [ 3.249416   -2.3831682 ]
 [ 3.249416   -2.3831682 ]
 [ 0.25486073  0.5884973 ]
 [ 1.5973864  -0.7435497 ]
 [ 1.9819194  -1.1030725 ]
 [ 2.8697107  -1.9785792 ]
 [ 2.5941768  -1.7288083 ]
 [ 3.4433603  -2.583432  ]
 [ 3.249416   -2.3831682 ]
 [ 2.75315    -1.8776509 ]
 [ 1.1718837  -0.29713783]
 [ 0.79217833  0.10745129]
 [ 3.4433603  -2.583432  ]
 [ 2.8697107  -1.9785792 ]
 [ 3.249416   -2.3831682 ]
 [ 2.8697107  -1.9785792 ]
 [ 0.6409268   0.22617   ]
 [ 0.6409268   0.22617   ]
 [ 2.6381521  -1.732431  ]]
2025-12-21 21:07:53,401 - [INFO] - ------------------------------------------------------------
2025-12-21 21:07:53,401 - [INFO] - On Validation Set:
	Accuracy of RRL  Model: 0.902557014512785
	F1 Score of RRL  Model: 0.7110610727562401
2025-12-21 21:07:53,407 - [INFO] - On Validation Set:
Performance of  RRL Model: 
[[1242   44]
 [  97   64]]
              precision    recall  f1-score   support

           0       0.93      0.97      0.95      1286
           1       0.59      0.40      0.48       161

    accuracy                           0.90      1447
   macro avg       0.76      0.68      0.71      1447
weighted avg       0.89      0.90      0.89      1447

2025-12-21 21:07:53,407 - [INFO] - ------------------------------------------------------------
2025-12-21 21:07:53,831 - [INFO] - epoch: 40, loss_rrl: 106.28771018795669
2025-12-21 21:07:55,058 - [DEBUG] - y_true: (1447,) [0 0 0 0 0 1 0 0 0 0 0 0 0 0 0 0 0 1 0 0 0 0 0 0 1 0 0 0 0 0 0 0 0 0 0 0 0
 0 1 1 0]
2025-12-21 21:07:55,221 - [DEBUG] - y_rrl_: (1447,) [0 1 0 0 0 1 0 0 0 0 0 0 0 0 0 0 0 0 0 0 0 0 0 0 1 0 0 0 0 0 0 0 0 0 0 0 0
 0 0 0 0]
2025-12-21 21:07:55,221 - [DEBUG] - y_rrl: (1447, 2) [[ 3.366096   -2.511625  ]
 [ 0.09003945  0.71341   ]
 [ 2.289384   -1.3948106 ]
 [ 2.289384   -1.3948106 ]
 [ 3.366096   -2.511625  ]
 [-0.08171009  0.9341964 ]
 [ 3.366096   -2.511625  ]
 [ 2.9135365  -2.0581024 ]
 [ 3.366096   -2.511625  ]
 [ 1.9267013  -1.0629592 ]
 [ 2.0981674  -1.2406844 ]
 [ 3.085003   -2.2358277 ]
 [ 2.8668313  -2.003173  ]
 [ 2.976458   -2.1012454 ]
 [ 2.7711024  -1.8835373 ]
 [ 3.1479244  -2.2789705 ]
 [ 3.085003   -2.2358277 ]
 [ 1.9267013  -1.0629592 ]
 [ 2.976458   -2.1012454 ]
 [ 2.366119   -1.4999839 ]
 [ 3.1946297  -2.3338997 ]
 [ 3.1479244  -2.2789705 ]
 [ 3.366096   -2.511625  ]
 [ 2.976458   -2.1012454 ]
 [-0.08171009  0.9341964 ]
 [ 1.2696564  -0.40676817]
 [ 2.490009   -1.6077397 ]
 [ 2.976458   -2.1012454 ]
 [ 3.1479244  -2.2789705 ]
 [ 3.1479244  -2.2789705 ]
 [ 3.1946297  -2.3338997 ]
 [ 2.695365   -1.8254478 ]
 [ 1.8799958  -1.0080298 ]
 [ 1.7085295  -0.83030456]
 [ 3.366096   -2.511625  ]
 [ 2.9135365  -2.0581024 ]
 [ 3.366096   -2.511625  ]
 [ 2.976458   -2.1012454 ]
 [ 0.7468012   0.10028005]
 [ 1.1236234  -0.29515335]
 [ 2.9135365  -2.0581024 ]]
2025-12-21 21:07:55,223 - [INFO] - ------------------------------------------------------------
2025-12-21 21:07:55,223 - [INFO] - On Validation Set:
	Accuracy of RRL  Model: 0.8997926744989634
	F1 Score of RRL  Model: 0.6693457516803378
2025-12-21 21:07:55,229 - [INFO] - On Validation Set:
Performance of  RRL Model: 
[[1255   31]
 [ 114   47]]
              precision    recall  f1-score   support

           0       0.92      0.98      0.95      1286
           1       0.60      0.29      0.39       161

    accuracy                           0.90      1447
   macro avg       0.76      0.63      0.67      1447
weighted avg       0.88      0.90      0.88      1447

2025-12-21 21:07:55,229 - [INFO] - ------------------------------------------------------------
2025-12-21 21:07:55,422 - [INFO] - epoch: 41, loss_rrl: 105.89782632701099
2025-12-21 21:07:56,827 - [INFO] - epoch: 42, loss_rrl: 105.62740606442094
2025-12-21 21:07:56,878 - [DEBUG] - y_true: (1447,) [0 0 0 0 0 1 0 0 0 0 0 0 0 0 0 0 0 1 0 0 0 0 0 0 1 0 0 0 0 0 0 0 0 0 0 0 0
 0 1 1 0]
2025-12-21 21:07:57,040 - [DEBUG] - y_rrl_: (1447,) [0 1 0 0 0 1 0 0 0 0 1 0 0 0 0 0 0 0 0 0 0 0 0 0 1 0 0 0 0 0 0 0 0 0 0 0 0
 0 0 0 0]
2025-12-21 21:07:57,041 - [DEBUG] - y_rrl: (1447, 2) [[ 3.444593   -2.5955577 ]
 [ 0.16296402  0.63553864]
 [ 2.5989008  -1.7048626 ]
 [ 2.5989008  -1.7048626 ]
 [ 3.0136442  -2.1401787 ]
 [-0.01458512  0.8616304 ]
 [ 3.444593   -2.5955577 ]
 [ 3.2673087  -2.412076  ]
 [ 3.444593   -2.5955577 ]
 [ 1.5288144  -0.7063154 ]
 [ 0.40015802  0.42631423]
 [ 3.151084   -2.3073025 ]
 [ 3.151084   -2.3073025 ]
 [ 2.83636    -1.9566967 ]
 [ 3.0554771  -2.1880376 ]
 [ 3.444593   -2.5955577 ]
 [ 3.0136442  -2.1401787 ]
 [ 0.65382284  0.15441698]
 [ 1.8058517  -0.9509569 ]
 [ 2.4483666  -1.5877645 ]
 [ 3.2673087  -2.412076  ]
 [ 3.444593   -2.5955577 ]
 [ 3.444593   -2.5955577 ]
 [ 2.83636    -1.9566967 ]
 [-0.01458512  0.8616304 ]
 [ 0.59364754  0.22276932]
 [ 1.9430263  -1.0754712 ]
 [ 3.2673087  -2.412076  ]
 [ 2.625651   -1.7712464 ]
 [ 3.2071338  -2.3437235 ]
 [ 3.2673087  -2.412076  ]
 [ 2.736341   -1.8719866 ]
 [ 0.59364754  0.22276932]
 [ 0.41636357  0.40625113]
 [ 3.444593   -2.5955577 ]
 [ 3.2673087  -2.412076  ]
 [ 3.444593   -2.5955577 ]
 [ 3.2673087  -2.412076  ]
 [ 0.8043571   0.03731898]
 [ 1.1934725  -0.37020117]
 [ 3.2673087  -2.412076  ]]
2025-12-21 21:07:57,043 - [INFO] - ------------------------------------------------------------
2025-12-21 21:07:57,043 - [INFO] - On Validation Set:
	Accuracy of RRL  Model: 0.8970283344851416
	F1 Score of RRL  Model: 0.7118412101431552
2025-12-21 21:07:57,049 - [INFO] - On Validation Set:
Performance of  RRL Model: 
[[1229   57]
 [  92   69]]
              precision    recall  f1-score   support

           0       0.93      0.96      0.94      1286
           1       0.55      0.43      0.48       161

    accuracy                           0.90      1447
   macro avg       0.74      0.69      0.71      1447
weighted avg       0.89      0.90      0.89      1447

2025-12-21 21:07:57,049 - [INFO] - ------------------------------------------------------------
2025-12-21 21:07:58,430 - [INFO] - epoch: 43, loss_rrl: 107.70877357758582
2025-12-21 21:07:58,710 - [DEBUG] - y_true: (1447,) [0 0 0 0 0 1 0 0 0 0 0 0 0 0 0 0 0 1 0 0 0 0 0 0 1 0 0 0 0 0 0 0 0 0 0 0 0
 0 1 1 0]
2025-12-21 21:07:58,874 - [DEBUG] - y_rrl_: (1447,) [0 1 0 0 0 1 0 0 0 0 1 0 0 0 0 0 0 0 0 0 0 0 0 0 1 0 0 0 0 0 0 0 0 0 0 0 0
 0 1 0 0]
2025-12-21 21:07:58,874 - [DEBUG] - y_rrl: (1447, 2) [[ 3.4025695  -2.5528789 ]
 [ 0.21689938  0.5766174 ]
 [ 2.0890508  -1.2109578 ]
 [ 2.6894138  -1.801251  ]
 [ 2.3557632  -1.4919344 ]
 [ 0.01471155  0.8268518 ]
 [ 3.5926707  -2.7491164 ]
 [ 3.4025695  -2.5528789 ]
 [ 3.5926707  -2.7491164 ]
 [ 1.6303548  -0.8131197 ]
 [ 0.2814239   0.54587513]
 [ 2.0898206  -1.2704786 ]
 [ 2.6693504  -1.841077  ]
 [ 2.3557632  -1.4919344 ]
 [ 3.5926707  -2.7491164 ]
 [ 3.4025695  -2.5528789 ]
 [ 2.9561262  -2.082228  ]
 [ 0.7278675   0.0752245 ]
 [ 2.556327   -1.7013032 ]
 [ 2.556327   -1.7013032 ]
 [ 3.4025695  -2.5528789 ]
 [ 2.8022065  -1.9625851 ]
 [ 2.8022065  -1.9625851 ]
 [ 2.9561262  -2.082228  ]
 [-0.64644796  1.482367  ]
 [ 0.6512562   0.15996347]
 [ 2.0065675  -1.1446965 ]
 [ 3.4025695  -2.5528789 ]
 [ 2.1460652  -1.3072475 ]
 [ 3.3259583  -2.4681396 ]
 [ 3.4025695  -2.5528789 ]
 [ 2.2125373  -1.3638626 ]
 [ 0.46115503  0.35620117]
 [ 0.46115503  0.35620117]
 [ 2.9923077  -2.1588228 ]
 [ 3.4025695  -2.5528789 ]
 [ 2.8022065  -1.9625851 ]
 [ 3.4025695  -2.5528789 ]
 [ 0.2814239   0.54587513]
 [ 1.277858   -0.45982236]
 [ 3.4025695  -2.5528789 ]]
2025-12-21 21:07:58,876 - [INFO] - ------------------------------------------------------------
2025-12-21 21:07:58,876 - [INFO] - On Validation Set:
	Accuracy of RRL  Model: 0.899101589495508
	F1 Score of RRL  Model: 0.7285248008224107
2025-12-21 21:07:58,882 - [INFO] - On Validation Set:
Performance of  RRL Model: 
[[1224   62]
 [  84   77]]
              precision    recall  f1-score   support

           0       0.94      0.95      0.94      1286
           1       0.55      0.48      0.51       161

    accuracy                           0.90      1447
   macro avg       0.74      0.72      0.73      1447
weighted avg       0.89      0.90      0.90      1447

2025-12-21 21:07:58,882 - [INFO] - ------------------------------------------------------------
2025-12-21 21:08:00,033 - [INFO] - epoch: 44, loss_rrl: 106.85875141248107
2025-12-21 21:08:00,558 - [DEBUG] - y_true: (1447,) [0 0 0 0 0 1 0 0 0 0 0 0 0 0 0 0 0 1 0 0 0 0 0 0 1 0 0 0 0 0 0 0 0 0 0 0 0
 0 1 1 0]
2025-12-21 21:08:00,724 - [DEBUG] - y_rrl_: (1447,) [0 0 0 0 0 1 0 0 0 0 0 0 0 0 0 0 0 0 0 0 0 0 0 0 1 0 0 0 0 0 0 0 0 0 0 0 0
 0 0 0 0]
2025-12-21 21:08:00,725 - [DEBUG] - y_rrl: (1447, 2) [[ 3.6116107  -2.773576  ]
 [ 0.44074377  0.34167683]
 [ 2.5185215  -1.6475179 ]
 [ 2.5185215  -1.6475179 ]
 [ 3.6116107  -2.773576  ]
 [ 0.15482582  0.6751408 ]
 [ 3.6116107  -2.773576  ]
 [ 2.995931   -2.1489103 ]
 [ 3.6116107  -2.773576  ]
 [ 1.9443293  -1.089278  ]
 [ 1.3897557  -0.54356277]
 [ 2.4413574  -1.6031947 ]
 [ 3.278164   -2.4452968 ]
 [ 3.6116107  -2.773576  ]
 [ 3.6116107  -2.773576  ]
 [ 3.6116107  -2.773576  ]
 [ 2.995931   -2.1489103 ]
 [ 1.3897557  -0.54356277]
 [ 2.1258452  -1.2880962 ]
 [ 2.7748044  -1.931474  ]
 [ 3.6116107  -2.773576  ]
 [ 3.6116107  -2.773576  ]
 [ 3.6116107  -2.773576  ]
 [ 3.6116107  -2.773576  ]
 [-0.03385382  0.86989486]
 [ 1.3897557  -0.54356277]
 [ 2.538463   -1.6734605 ]
 [ 3.6116107  -2.773576  ]
 [ 2.7748044  -1.931474  ]
 [ 3.3293777  -2.4771895 ]
 [ 3.6116107  -2.773576  ]
 [ 3.3293777  -2.4771895 ]
 [ 1.3897557  -0.54356277]
 [ 1.3897557  -0.54356277]
 [ 3.6116107  -2.773576  ]
 [ 2.995931   -2.1489103 ]
 [ 3.6116107  -2.773576  ]
 [ 3.6116107  -2.773576  ]
 [ 0.70939934  0.12942553]
 [ 0.80295265  0.02779322]
 [ 2.995931   -2.1489103 ]]
2025-12-21 21:08:00,727 - [INFO] - ------------------------------------------------------------
2025-12-21 21:08:00,727 - [INFO] - On Validation Set:
	Accuracy of RRL  Model: 0.9060124395300622
	F1 Score of RRL  Model: 0.6886833046471601
2025-12-21 21:08:00,733 - [INFO] - On Validation Set:
Performance of  RRL Model: 
[[1260   26]
 [ 110   51]]
              precision    recall  f1-score   support

           0       0.92      0.98      0.95      1286
           1       0.66      0.32      0.43       161

    accuracy                           0.91      1447
   macro avg       0.79      0.65      0.69      1447
weighted avg       0.89      0.91      0.89      1447

2025-12-21 21:08:00,733 - [INFO] - ------------------------------------------------------------
2025-12-21 21:08:01,649 - [INFO] - epoch: 45, loss_rrl: 108.39357941225171
2025-12-21 21:08:02,405 - [DEBUG] - y_true: (1447,) [0 0 0 0 0 1 0 0 0 0 0 0 0 0 0 0 0 1 0 0 0 0 0 0 1 0 0 0 0 0 0 0 0 0 0 0 0
 0 1 1 0]
2025-12-21 21:08:02,569 - [DEBUG] - y_rrl_: (1447,) [0 0 0 0 0 1 0 0 0 0 0 0 0 0 0 0 0 0 0 0 0 0 0 0 1 0 0 0 0 0 0 0 0 0 0 0 0
 0 1 0 0]
2025-12-21 21:08:02,569 - [DEBUG] - y_rrl: (1447, 2) [[ 3.689386   -2.8509192 ]
 [ 0.8785917  -0.09005368]
 [ 2.9280782  -2.0518117 ]
 [ 2.9280782  -2.0518117 ]
 [ 3.689386   -2.8509192 ]
 [ 0.24908575  0.58137023]
 [ 3.9034     -3.0709453 ]
 [ 3.3925605  -2.540052  ]
 [ 3.9034     -3.0709453 ]
 [ 2.3224163  -1.4619741 ]
 [ 0.8200484   0.02096914]
 [ 2.429953   -1.5977577 ]
 [ 3.2608767  -2.4339387 ]
 [ 3.689386   -2.8509192 ]
 [ 3.9034     -3.0709453 ]
 [ 3.0468626  -2.2139127 ]
 [ 3.3925605  -2.540052  ]
 [ 0.8200484   0.02096914]
 [ 2.215939   -1.3777316 ]
 [ 2.8584623  -2.014738  ]
 [ 3.689386   -2.8509192 ]
 [ 3.689386   -2.8509192 ]
 [ 3.689386   -2.8509192 ]
 [ 3.689386   -2.8509192 ]
 [ 0.24908575  0.58137023]
 [ 1.0340627  -0.19905685]
 [ 2.4822507  -1.6235043 ]
 [ 3.689386   -2.8509192 ]
 [ 3.0724764  -2.2347643 ]
 [ 3.606575   -2.7600782 ]
 [ 3.689386   -2.8509192 ]
 [ 2.8584623  -2.014738  ]
 [ 0.8200484   0.02096914]
 [ 0.8200484   0.02096914]
 [ 3.9034     -3.0709453 ]
 [ 3.3925605  -2.540052  ]
 [ 3.0468626  -2.2139127 ]
 [ 3.689386   -2.8509192 ]
 [ 0.24908575  0.58137023]
 [ 0.9192869  -0.11737138]
 [ 3.3925605  -2.540052  ]]
2025-12-21 21:08:02,571 - [INFO] - ------------------------------------------------------------
2025-12-21 21:08:02,571 - [INFO] - On Validation Set:
	Accuracy of RRL  Model: 0.9053213545266068
	F1 Score of RRL  Model: 0.6725535959987381
2025-12-21 21:08:02,577 - [INFO] - On Validation Set:
Performance of  RRL Model: 
[[1265   21]
 [ 116   45]]
              precision    recall  f1-score   support

           0       0.92      0.98      0.95      1286
           1       0.68      0.28      0.40       161

    accuracy                           0.91      1447
   macro avg       0.80      0.63      0.67      1447
weighted avg       0.89      0.91      0.89      1447

2025-12-21 21:08:02,577 - [INFO] - ------------------------------------------------------------
2025-12-21 21:08:03,287 - [INFO] - epoch: 46, loss_rrl: 107.10888506285846
2025-12-21 21:08:04,286 - [DEBUG] - y_true: (1447,) [0 0 0 0 0 1 0 0 0 0 0 0 0 0 0 0 0 1 0 0 0 0 0 0 1 0 0 0 0 0 0 0 0 0 0 0 0
 0 1 1 0]
2025-12-21 21:08:04,449 - [DEBUG] - y_rrl_: (1447,) [0 1 0 0 0 1 0 0 0 0 0 0 0 0 0 0 0 0 0 0 0 0 0 0 1 0 0 0 0 0 0 0 0 0 0 0 0
 0 1 0 0]
2025-12-21 21:08:04,449 - [DEBUG] - y_rrl: (1447, 2) [[ 3.6545935  -2.8276947 ]
 [-0.16154501  0.9634372 ]
 [ 2.289794   -1.424559  ]
 [ 2.289794   -1.424559  ]
 [ 3.6545935  -2.8276947 ]
 [-0.03931881  0.86421436]
 [ 3.6545935  -2.8276947 ]
 [ 2.6080582  -1.7567554 ]
 [ 3.6545935  -2.8276947 ]
 [ 1.539715   -0.6805769 ]
 [ 1.6972916  -0.8763467 ]
 [ 2.7656348  -1.9525251 ]
 [ 3.2961686  -2.4743478 ]
 [ 3.4274971  -2.5946481 ]
 [ 3.1690037  -2.324554  ]
 [ 3.6545935  -2.8276947 ]
 [ 3.2961686  -2.4743478 ]
 [ 1.4701953  -0.6433001 ]
 [ 1.9708835  -1.1382656 ]
 [ 2.1176853  -1.2560833 ]
 [ 3.4274971  -2.5946481 ]
 [ 3.6545935  -2.8276947 ]
 [ 3.6545935  -2.8276947 ]
 [ 3.4274971  -2.5946481 ]
 [-0.03931881  0.86421436]
 [ 1.3790272  -0.54415035]
 [ 1.961781   -1.117188  ]
 [ 2.966483   -2.1101024 ]
 [ 2.8057954  -1.9736758 ]
 [ 3.336329   -2.4954984 ]
 [ 3.4274971  -2.5946481 ]
 [ 2.578699   -1.7406292 ]
 [ 1.3790272  -0.54415035]
 [ 0.690917    0.17344211]
 [ 3.6545935  -2.8276947 ]
 [ 2.6080582  -1.7567554 ]
 [ 3.6545935  -2.8276947 ]
 [ 2.966483   -2.1101024 ]
 [ 0.2789456   0.53201807]
 [ 0.8094791   0.01019532]
 [ 2.6080582  -1.7567554 ]]
2025-12-21 21:08:04,451 - [INFO] - ------------------------------------------------------------
2025-12-21 21:08:04,451 - [INFO] - On Validation Set:
	Accuracy of RRL  Model: 0.9039391845196959
	F1 Score of RRL  Model: 0.7407762548250107
2025-12-21 21:08:04,457 - [INFO] - On Validation Set:
Performance of  RRL Model: 
[[1228   58]
 [  81   80]]
              precision    recall  f1-score   support

           0       0.94      0.95      0.95      1286
           1       0.58      0.50      0.54       161

    accuracy                           0.90      1447
   macro avg       0.76      0.73      0.74      1447
weighted avg       0.90      0.90      0.90      1447

2025-12-21 21:08:04,457 - [INFO] - ------------------------------------------------------------
2025-12-21 21:08:04,928 - [INFO] - epoch: 47, loss_rrl: 107.09192241355777
2025-12-21 21:08:06,165 - [DEBUG] - y_true: (1447,) [0 0 0 0 0 1 0 0 0 0 0 0 0 0 0 0 0 1 0 0 0 0 0 0 1 0 0 0 0 0 0 0 0 0 0 0 0
 0 1 1 0]
2025-12-21 21:08:06,329 - [DEBUG] - y_rrl_: (1447,) [0 0 0 0 0 1 0 0 0 0 0 0 0 0 0 0 0 0 0 0 0 0 0 0 1 0 0 0 0 0 0 0 0 0 0 0 0
 0 0 0 0]
2025-12-21 21:08:06,329 - [DEBUG] - y_rrl: (1447, 2) [[ 3.6041622e+00 -2.7827897e+00]
 [ 7.7090478e-01  1.5706867e-03]
 [ 2.8187842e+00 -1.9602808e+00]
 [ 2.8187842e+00 -1.9602808e+00]
 [ 3.6041622e+00 -2.7827897e+00]
 [ 7.1776628e-02  7.4169910e-01]
 [ 3.6041622e+00 -2.7827897e+00]
 [ 2.9290905e+00 -2.0989275e+00]
 [ 3.6041622e+00 -2.7827897e+00]
 [ 1.0816420e+00 -2.8283614e-01]
 [ 1.0816420e+00 -2.8283614e-01]
 [ 3.2928910e+00 -2.4576964e+00]
 [ 3.6041622e+00 -2.7827897e+00]
 [ 3.6041622e+00 -2.7827897e+00]
 [ 3.1104703e+00 -2.2717619e+00]
 [ 3.6041622e+00 -2.7827897e+00]
 [ 2.9290905e+00 -2.0989275e+00]
 [ 1.0816420e+00 -2.8283614e-01]
 [ 2.7571335e+00 -1.9305760e+00]
 [ 2.7571335e+00 -1.9305760e+00]
 [ 3.6041622e+00 -2.7827897e+00]
 [ 3.6041622e+00 -2.7827897e+00]
 [ 3.6041622e+00 -2.7827897e+00]
 [ 3.6041622e+00 -2.7827897e+00]
 [-7.4564040e-01  1.5596166e+00]
 [ 5.4588395e-01  2.4428388e-01]
 [ 2.7991991e+00 -1.9466685e+00]
 [ 3.6041622e+00 -2.7827897e+00]
 [ 3.2928910e+00 -2.4576964e+00]
 [ 3.2928910e+00 -2.4576964e+00]
 [ 3.6041622e+00 -2.7827897e+00]
 [ 2.3933325e+00 -1.5718075e+00]
 [ 1.0816420e+00 -2.8283614e-01]
 [ 1.0816420e+00 -2.8283614e-01]
 [ 3.6041622e+00 -2.7827897e+00]
 [ 2.9290905e+00 -2.0989275e+00]
 [ 3.6041622e+00 -2.7827897e+00]
 [ 3.6041622e+00 -2.7827897e+00]
 [ 9.7133535e-01 -1.4418946e-01]
 [ 1.2275525e+00 -4.3070754e-01]
 [ 2.9290905e+00 -2.0989275e+00]]
2025-12-21 21:08:06,331 - [INFO] - ------------------------------------------------------------
2025-12-21 21:08:06,331 - [INFO] - On Validation Set:
	Accuracy of RRL  Model: 0.8935729094678645
	F1 Score of RRL  Model: 0.670029970621683
2025-12-21 21:08:06,337 - [INFO] - On Validation Set:
Performance of  RRL Model: 
[[1242   44]
 [ 110   51]]
              precision    recall  f1-score   support

           0       0.92      0.97      0.94      1286
           1       0.54      0.32      0.40       161

    accuracy                           0.89      1447
   macro avg       0.73      0.64      0.67      1447
weighted avg       0.88      0.89      0.88      1447

2025-12-21 21:08:06,337 - [INFO] - ------------------------------------------------------------
2025-12-21 21:08:06,573 - [INFO] - epoch: 48, loss_rrl: 107.21803652308881
2025-12-21 21:08:08,247 - [INFO] - epoch: 49, loss_rrl: 107.91905247606337
2025-12-21 21:08:08,265 - [DEBUG] - y_true: (1447,) [0 0 0 0 0 1 0 0 0 0 0 0 0 0 0 0 0 1 0 0 0 0 0 0 1 0 0 0 0 0 0 0 0 0 0 0 0
 0 1 1 0]
2025-12-21 21:08:08,428 - [DEBUG] - y_rrl_: (1447,) [0 1 0 0 0 1 0 0 0 0 0 0 0 0 0 0 0 0 0 0 0 0 0 0 1 0 0 0 0 0 0 0 0 0 0 0 0
 0 1 0 0]
2025-12-21 21:08:08,428 - [DEBUG] - y_rrl: (1447, 2) [[ 2.8626568  -2.0563037 ]
 [ 0.05835147  0.70994467]
 [ 1.9097493  -1.0607731 ]
 [ 2.489109   -1.6306446 ]
 [ 2.8626568  -2.0563037 ]
 [-0.23360044  1.0474243 ]
 [ 3.4420168  -2.6261754 ]
 [ 3.2597008  -2.43803   ]
 [ 3.4420168  -2.6261754 ]
 [ 2.18561    -1.3563068 ]
 [ 0.7193073   0.05189323]
 [ 3.0919292  -2.2810729 ]
 [ 2.7969224  -1.9723535 ]
 [ 2.385334   -1.5594392 ]
 [ 2.6522796  -1.8056047 ]
 [ 2.5676503  -1.7475846 ]
 [ 2.8626568  -2.0563037 ]
 [ 1.2798048  -0.46405312]
 [ 1.1512531  -0.3392501 ]
 [ 2.4089766  -1.5821598 ]
 [ 3.2597008  -2.43803   ]
 [ 2.5676503  -1.7475846 ]
 [ 2.8626568  -2.0563037 ]
 [ 2.385334   -1.5594392 ]
 [-0.23360044  1.0474243 ]
 [ 1.1671144  -0.34347913]
 [ 1.7464744  -0.9133507 ]
 [ 2.964694   -2.1293106 ]
 [ 2.5912929  -1.7703052 ]
 [ 3.1470103  -2.3174562 ]
 [ 3.2597008  -2.43803   ]
 [ 2.4089766  -1.5821598 ]
 [ 1.1671144  -0.34347913]
 [ 0.9847982  -0.1553337 ]
 [ 3.4420168  -2.6261754 ]
 [ 3.2597008  -2.43803   ]
 [ 2.8626568  -2.0563037 ]
 [ 2.385334   -1.5594392 ]
 [ 0.06140622  0.73870474]
 [ 0.6171236   0.19155362]
 [ 2.6803408  -1.8681583 ]]
2025-12-21 21:08:08,430 - [INFO] - ------------------------------------------------------------
2025-12-21 21:08:08,430 - [INFO] - On Validation Set:
	Accuracy of RRL  Model: 0.8963372494816862
	F1 Score of RRL  Model: 0.7500460638444885
2025-12-21 21:08:08,436 - [INFO] - On Validation Set:
Performance of  RRL Model: 
[[1202   84]
 [  66   95]]
              precision    recall  f1-score   support

           0       0.95      0.93      0.94      1286
           1       0.53      0.59      0.56       161

    accuracy                           0.90      1447
   macro avg       0.74      0.76      0.75      1447
weighted avg       0.90      0.90      0.90      1447

2025-12-21 21:08:08,436 - [INFO] - ------------------------------------------------------------
2025-12-21 21:08:09,849 - [INFO] - epoch: 50, loss_rrl: 108.30901739187539
2025-12-21 21:08:10,097 - [DEBUG] - y_true: (1447,) [0 0 0 0 0 1 0 0 0 0 0 0 0 0 0 0 0 1 0 0 0 0 0 0 1 0 0 0 0 0 0 0 0 0 0 0 0
 0 1 1 0]
2025-12-21 21:08:10,257 - [DEBUG] - y_rrl_: (1447,) [0 1 0 0 0 1 0 0 0 0 0 0 0 0 0 0 0 0 0 0 0 0 0 0 1 0 0 0 0 0 0 0 0 0 0 0 0
 0 1 0 0]
2025-12-21 21:08:10,258 - [DEBUG] - y_rrl: (1447, 2) [[ 2.8450289  -2.0383947 ]
 [ 0.14759055  0.6156039 ]
 [ 2.0487487  -1.2056651 ]
 [ 2.6190114  -1.7665532 ]
 [ 2.3564477  -1.5269641 ]
 [-0.18648908  0.99470025]
 [ 3.5899134  -2.7796755 ]
 [ 3.4152915  -2.5992827 ]
 [ 3.5899134  -2.7796755 ]
 [ 2.3137937  -1.4902544 ]
 [ 0.87693846 -0.0439804 ]
 [ 2.6416395  -1.8448325 ]
 [ 2.914059   -2.0951583 ]
 [ 2.0487487  -1.2056651 ]
 [ 3.2822144  -2.4583764 ]
 [ 2.53733    -1.717096  ]
 [ 2.3564477  -1.5269641 ]
 [ 1.3655195  -0.5554113 ]
 [ 2.53733    -1.717096  ]
 [ 2.527474   -1.7063593 ]
 [ 3.4152915  -2.5992827 ]
 [ 2.53733    -1.717096  ]
 [ 2.8450289  -2.0383947 ]
 [ 2.0487487  -1.2056651 ]
 [-0.87222576  1.6751752 ]
 [ 1.2324423  -0.4145051 ]
 [ 2.3828237  -1.5470178 ]
 [ 3.1075926  -2.277984  ]
 [ 2.7020957  -1.8867519 ]
 [ 3.2822144  -2.4583764 ]
 [ 3.4152915  -2.5992827 ]
 [ 3.1075926  -2.277984  ]
 [ 1.0578204  -0.23411247]
 [ 1.0578204  -0.23411247]
 [ 3.5899134  -2.7796755 ]
 [ 3.4152915  -2.5992827 ]
 [ 2.8450289  -2.0383947 ]
 [ 2.53733    -1.717096  ]
 [ 0.12121004  0.6734015 ]
 [ 0.70132864  0.10177675]
 [ 2.8450289  -2.0383947 ]]
2025-12-21 21:08:10,260 - [INFO] - ------------------------------------------------------------
2025-12-21 21:08:10,260 - [INFO] - On Validation Set:
	Accuracy of RRL  Model: 0.9060124395300622
	F1 Score of RRL  Model: 0.757082901298573
2025-12-21 21:08:10,266 - [INFO] - On Validation Set:
Performance of  RRL Model: 
[[1222   64]
 [  72   89]]
              precision    recall  f1-score   support

           0       0.94      0.95      0.95      1286
           1       0.58      0.55      0.57       161

    accuracy                           0.91      1447
   macro avg       0.76      0.75      0.76      1447
weighted avg       0.90      0.91      0.90      1447

2025-12-21 21:08:10,266 - [INFO] - ------------------------------------------------------------
2025-12-21 21:08:11,448 - [INFO] - epoch: 51, loss_rrl: 108.32308489643037
2025-12-21 21:08:11,934 - [DEBUG] - y_true: (1447,) [0 0 0 0 0 1 0 0 0 0 0 0 0 0 0 0 0 1 0 0 0 0 0 0 1 0 0 0 0 0 0 0 0 0 0 0 0
 0 1 1 0]
2025-12-21 21:08:12,095 - [DEBUG] - y_rrl_: (1447,) [0 1 0 0 0 1 0 0 0 0 0 0 0 0 0 0 0 0 0 0 0 0 0 0 1 0 0 0 0 0 0 0 0 0 0 0 0
 0 1 1 0]
2025-12-21 21:08:12,095 - [DEBUG] - y_rrl: (1447, 2) [[ 3.403982   -2.593667  ]
 [ 0.36509198  0.3872592 ]
 [ 2.2019823  -1.3604547 ]
 [ 2.3826106  -1.546795  ]
 [ 3.403982   -2.593667  ]
 [-0.22023717  1.0228064 ]
 [ 3.5846102  -2.7800074 ]
 [ 2.8962953  -2.0830956 ]
 [ 3.5846102  -2.7800074 ]
 [ 1.8065324  -0.98590344]
 [ 1.0313861  -0.21346495]
 [ 2.3017771  -1.4969972 ]
 [ 2.8962953  -2.0830956 ]
 [ 3.1028268  -2.2790258 ]
 [ 3.2834547  -2.465366  ]
 [ 3.1028268  -2.2790258 ]
 [ 2.7156675  -1.8967551 ]
 [ 1.2120142  -0.3998053 ]
 [ 1.8467803  -1.0365988 ]
 [ 2.688936   -1.8792673 ]
 [ 3.5846102  -2.7800074 ]
 [ 3.1028268  -2.2790258 ]
 [ 3.403982   -2.593667  ]
 [ 3.1028268  -2.2790258 ]
 [-0.22023717  1.0228064 ]
 [ 0.47407573  0.30016547]
 [ 2.3437512  -1.5138606 ]
 [ 3.2834547  -2.465366  ]
 [ 2.688936   -1.8792673 ]
 [ 3.2834547  -2.465366  ]
 [ 3.5846102  -2.7800074 ]
 [ 2.688936   -1.8792673 ]
 [ 1.0313861  -0.21346495]
 [ 1.0313861  -0.21346495]
 [ 3.5846102  -2.7800074 ]
 [ 2.8962953  -2.0830956 ]
 [ 3.403982   -2.593667  ]
 [ 3.1028268  -2.2790258 ]
 [ 0.3475498   0.4541958 ]
 [ 0.37428105  0.43670803]
 [ 2.7156675  -1.8967551 ]]
2025-12-21 21:08:12,097 - [INFO] - ------------------------------------------------------------
2025-12-21 21:08:12,098 - [INFO] - On Validation Set:
	Accuracy of RRL  Model: 0.9067035245335177
	F1 Score of RRL  Model: 0.7660328772045393
2025-12-21 21:08:12,103 - [INFO] - On Validation Set:
Performance of  RRL Model: 
[[1217   69]
 [  66   95]]
              precision    recall  f1-score   support

           0       0.95      0.95      0.95      1286
           1       0.58      0.59      0.58       161

    accuracy                           0.91      1447
   macro avg       0.76      0.77      0.77      1447
weighted avg       0.91      0.91      0.91      1447

2025-12-21 21:08:12,103 - [INFO] - ------------------------------------------------------------
2025-12-21 21:08:13,092 - [INFO] - epoch: 52, loss_rrl: 109.03879868797958
2025-12-21 21:08:13,806 - [DEBUG] - y_true: (1447,) [0 0 0 0 0 1 0 0 0 0 0 0 0 0 0 0 0 1 0 0 0 0 0 0 1 0 0 0 0 0 0 0 0 0 0 0 0
 0 1 1 0]
2025-12-21 21:08:13,968 - [DEBUG] - y_rrl_: (1447,) [0 0 0 0 0 1 0 0 0 0 0 0 0 0 0 0 0 0 0 0 0 0 0 0 1 1 0 0 0 0 0 0 0 0 0 0 0
 0 1 0 0]
2025-12-21 21:08:13,969 - [DEBUG] - y_rrl: (1447, 2) [[ 3.6532981  -2.8486903 ]
 [ 0.46068665  0.2922297 ]
 [ 2.454066   -1.6185482 ]
 [ 2.454066   -1.6185482 ]
 [ 3.6532981  -2.8486903 ]
 [-0.615794    1.4075663 ]
 [ 3.8366764  -3.0377228 ]
 [ 2.9714582  -2.1583197 ]
 [ 3.8366764  -3.0377228 ]
 [ 1.146201   -0.36332268]
 [ 0.5333048   0.24122544]
 [ 2.5419405  -1.7428038 ]
 [ 2.8099024  -2.0209265 ]
 [ 3.6532981  -2.8486903 ]
 [ 3.8366764  -3.0377228 ]
 [ 3.6532981  -2.8486903 ]
 [ 2.9714582  -2.1583197 ]
 [ 0.5333048   0.24122544]
 [ 2.1219227  -1.3174284 ]
 [ 2.7536294  -1.943998  ]
 [ 3.6532981  -2.8486903 ]
 [ 3.6532981  -2.8486903 ]
 [ 3.6532981  -2.8486903 ]
 [ 3.6532981  -2.8486903 ]
 [-0.615794    1.4075663 ]
 [ 0.08497631  0.6787625 ]
 [ 1.9828517  -1.1672386 ]
 [ 3.6532981  -2.8486903 ]
 [ 2.9370077  -2.1330307 ]
 [ 3.5499036  -2.7375786 ]
 [ 3.6532981  -2.8486903 ]
 [ 3.3665254  -2.548546  ]
 [ 0.5333048   0.24122544]
 [ 0.5333048   0.24122544]
 [ 3.8366764  -3.0377228 ]
 [ 2.9714582  -2.1583197 ]
 [ 3.6532981  -2.8486903 ]
 [ 3.6532981  -2.8486903 ]
 [ 0.01591256  0.7809967 ]
 [ 0.91558135 -0.12369554]
 [ 2.9714582  -2.1583197 ]]
2025-12-21 21:08:13,971 - [INFO] - ------------------------------------------------------------
2025-12-21 21:08:13,971 - [INFO] - On Validation Set:
	Accuracy of RRL  Model: 0.9011748445058743
	F1 Score of RRL  Model: 0.7268272268450493
2025-12-21 21:08:13,977 - [INFO] - On Validation Set:
Performance of  RRL Model: 
[[1230   56]
 [  87   74]]
              precision    recall  f1-score   support

           0       0.93      0.96      0.95      1286
           1       0.57      0.46      0.51       161

    accuracy                           0.90      1447
   macro avg       0.75      0.71      0.73      1447
weighted avg       0.89      0.90      0.90      1447

2025-12-21 21:08:13,977 - [INFO] - ------------------------------------------------------------
2025-12-21 21:08:14,701 - [INFO] - epoch: 53, loss_rrl: 109.21426706947386
2025-12-21 21:08:15,673 - [DEBUG] - y_true: (1447,) [0 0 0 0 0 1 0 0 0 0 0 0 0 0 0 0 0 1 0 0 0 0 0 0 1 0 0 0 0 0 0 0 0 0 0 0 0
 0 1 1 0]
2025-12-21 21:08:15,835 - [DEBUG] - y_rrl_: (1447,) [0 0 0 0 0 1 0 0 0 0 0 0 0 0 0 0 0 0 0 0 0 0 0 0 1 0 0 0 0 0 0 0 0 0 0 0 0
 0 1 0 0]
2025-12-21 21:08:15,835 - [DEBUG] - y_rrl: (1447, 2) [[ 3.7546172  -2.9613218 ]
 [ 0.3762444   0.37151933]
 [ 2.1981206  -1.3728713 ]
 [ 2.750798   -1.9165084 ]
 [ 3.2019398  -2.4176846 ]
 [-0.7119261   1.4980936 ]
 [ 3.7546172  -2.9613218 ]
 [ 3.558218   -2.7593265 ]
 [ 3.7546172  -2.9613218 ]
 [ 2.4285135  -1.6223978 ]
 [ 1.6229976  -0.8355461 ]
 [ 2.2000246  -1.4288374 ]
 [ 2.201802   -1.4274149 ]
 [ 3.0055406  -2.2156892 ]
 [ 3.7546172  -2.9613218 ]
 [ 3.7546172  -2.9613218 ]
 [ 3.7546172  -2.9613218 ]
 [ 1.4265982  -0.6335507 ]
 [ 2.0478165  -1.2490187 ]
 [ 2.65399    -1.8501164 ]
 [ 3.558218   -2.7593265 ]
 [ 3.2019398  -2.4176846 ]
 [ 3.2019398  -2.4176846 ]
 [ 3.558218   -2.7593265 ]
 [-0.7119261   1.4980936 ]
 [ 0.7205473   0.07508612]
 [ 1.8793982  -1.0696489 ]
 [ 3.558218   -2.7593265 ]
 [ 2.297712   -1.5084746 ]
 [ 3.4583406  -2.6517873 ]
 [ 3.558218   -2.7593265 ]
 [ 2.1013126  -1.3064792 ]
 [ 1.3267208  -0.52601165]
 [ 1.1303213  -0.3240162 ]
 [ 3.2019398  -2.4176846 ]
 [ 3.558218   -2.7593265 ]
 [ 3.2019398  -2.4176846 ]
 [ 3.558218   -2.7593265 ]
 [ 0.19052424  0.5874614 ]
 [ 0.7984753  -0.01221382]
 [ 3.558218   -2.7593265 ]]
2025-12-21 21:08:15,837 - [INFO] - ------------------------------------------------------------
2025-12-21 21:08:15,837 - [INFO] - On Validation Set:
	Accuracy of RRL  Model: 0.902557014512785
	F1 Score of RRL  Model: 0.735479554886563
2025-12-21 21:08:15,843 - [INFO] - On Validation Set:
Performance of  RRL Model: 
[[1228   58]
 [  83   78]]
              precision    recall  f1-score   support

           0       0.94      0.95      0.95      1286
           1       0.57      0.48      0.53       161

    accuracy                           0.90      1447
   macro avg       0.76      0.72      0.74      1447
weighted avg       0.90      0.90      0.90      1447

2025-12-21 21:08:15,843 - [INFO] - ------------------------------------------------------------
2025-12-21 21:08:16,364 - [INFO] - epoch: 54, loss_rrl: 110.31833549030125
2025-12-21 21:08:17,619 - [DEBUG] - y_true: (1447,) [0 0 0 0 0 1 0 0 0 0 0 0 0 0 0 0 0 1 0 0 0 0 0 0 1 0 0 0 0 0 0 0 0 0 0 0 0
 0 1 1 0]
2025-12-21 21:08:17,783 - [DEBUG] - y_rrl_: (1447,) [0 0 0 0 0 1 0 0 0 0 1 0 0 0 0 0 0 0 0 0 0 0 0 0 1 0 0 0 0 0 0 0 0 0 0 0 0
 0 0 0 0]
2025-12-21 21:08:17,783 - [DEBUG] - y_rrl: (1447, 2) [[ 3.7584116  -2.970771  ]
 [ 0.5661177   0.1709534 ]
 [ 2.3946183  -1.5808656 ]
 [ 2.9661973  -2.1435132 ]
 [ 2.6658523  -1.8652434 ]
 [ 0.09080589  0.68923503]
 [ 3.7584116  -2.970771  ]
 [ 3.7584116  -2.970771  ]
 [ 3.7584116  -2.970771  ]
 [ 1.8999158  -1.1419712 ]
 [ 0.3620399   0.40485725]
 [ 2.1699371  -1.4041754 ]
 [ 2.522985   -1.7358778 ]
 [ 2.3946183  -1.5808656 ]
 [ 2.9110653  -2.0942273 ]
 [ 3.4871776  -2.6863933 ]
 [ 3.2374313  -2.427891  ]
 [ 0.88302034 -0.13802297]
 [ 2.2411149  -1.4535486 ]
 [ 2.8628957  -2.070313  ]
 [ 3.7584116  -2.970771  ]
 [ 2.9155986  -2.1237457 ]
 [ 3.1868327  -2.4081235 ]
 [ 2.9661973  -2.1435132 ]
 [-0.7314103   1.511972  ]
 [ 0.61178637  0.14635485]
 [ 2.518452   -1.7063594 ]
 [ 3.4871776  -2.6863933 ]
 [ 2.2913167  -1.5076654 ]
 [ 3.4871776  -2.6863933 ]
 [ 3.7584116  -2.970771  ]
 [ 2.2913167  -1.5076654 ]
 [ 0.61178637  0.14635485]
 [ 0.61178637  0.14635485]
 [ 3.1868327  -2.4081235 ]
 [ 3.7584116  -2.970771  ]
 [ 3.1868327  -2.4081235 ]
 [ 3.4871776  -2.6863933 ]
 [ 0.7546534   0.01698937]
 [ 0.7858866  -0.00525052]
 [ 3.7584116  -2.970771  ]]
2025-12-21 21:08:17,785 - [INFO] - ------------------------------------------------------------
2025-12-21 21:08:17,785 - [INFO] - On Validation Set:
	Accuracy of RRL  Model: 0.8997926744989634
	F1 Score of RRL  Model: 0.7142469966074364
2025-12-21 21:08:17,791 - [INFO] - On Validation Set:
Performance of  RRL Model: 
[[1234   52]
 [  93   68]]
              precision    recall  f1-score   support

           0       0.93      0.96      0.94      1286
           1       0.57      0.42      0.48       161

    accuracy                           0.90      1447
   macro avg       0.75      0.69      0.71      1447
weighted avg       0.89      0.90      0.89      1447

2025-12-21 21:08:17,791 - [INFO] - ------------------------------------------------------------
2025-12-21 21:08:18,070 - [INFO] - epoch: 55, loss_rrl: 110.14916768297553
2025-12-21 21:08:19,567 - [DEBUG] - y_true: (1447,) [0 0 0 0 0 1 0 0 0 0 0 0 0 0 0 0 0 1 0 0 0 0 0 0 1 0 0 0 0 0 0 0 0 0 0 0 0
 0 1 1 0]
2025-12-21 21:08:19,728 - [DEBUG] - y_rrl_: (1447,) [0 0 0 0 0 1 0 0 0 0 0 0 0 0 0 0 0 0 0 0 0 0 0 0 1 0 0 0 0 0 0 0 0 0 0 0 0
 0 1 0 0]
2025-12-21 21:08:19,728 - [DEBUG] - y_rrl: (1447, 2) [[ 3.2453542  -2.4722245 ]
 [ 0.7761606  -0.0340382 ]
 [ 2.2125301  -1.3992325 ]
 [ 2.7696729  -1.9475534 ]
 [ 3.2453542  -2.4722245 ]
 [-0.09355199  0.87343735]
 [ 3.802497   -3.0205452 ]
 [ 3.5932994  -2.8058698 ]
 [ 3.802497   -3.0205452 ]
 [ 2.4577062  -1.6632553 ]
 [ 1.6490365  -0.87289006]
 [ 3.802497   -3.0205452 ]
 [ 3.5260262  -2.7310445 ]
 [ 2.759686   -1.9680485 ]
 [ 2.947576   -2.1367505 ]
 [ 2.9688835  -2.1827235 ]
 [ 3.2453542  -2.4722245 ]
 [ 1.439839   -0.65821475]
 [ 1.4859253  -0.70737344]
 [ 2.6869311  -1.8946005 ]
 [ 3.5932994  -2.8058698 ]
 [ 2.9688835  -2.1827235 ]
 [ 3.2453542  -2.4722245 ]
 [ 2.759686   -1.9680485 ]
 [-0.737415    1.5123434 ]
 [ 0.66280144  0.08994608]
 [ 2.947576   -2.1367505 ]
 [ 3.3168287  -2.516369  ]
 [ 2.8961287  -2.1092758 ]
 [ 3.5260262  -2.7310445 ]
 [ 3.5932994  -2.8058698 ]
 [ 2.6869311  -1.8946005 ]
 [ 1.3725661  -0.5833891 ]
 [ 1.1633686  -0.36871374]
 [ 3.802497   -3.0205452 ]
 [ 3.5932994  -2.8058698 ]
 [ 3.2453542  -2.4722245 ]
 [ 2.759686   -1.9680485 ]
 [ 0.18291849  0.5839364 ]
 [ 1.2007855  -0.42110416]
 [ 3.0361567  -2.257549  ]]
2025-12-21 21:08:19,730 - [INFO] - ------------------------------------------------------------
2025-12-21 21:08:19,730 - [INFO] - On Validation Set:
	Accuracy of RRL  Model: 0.9101589495507948
	F1 Score of RRL  Model: 0.7396646405597813
2025-12-21 21:08:19,736 - [INFO] - On Validation Set:
Performance of  RRL Model: 
[[1244   42]
 [  88   73]]
              precision    recall  f1-score   support

           0       0.93      0.97      0.95      1286
           1       0.63      0.45      0.53       161

    accuracy                           0.91      1447
   macro avg       0.78      0.71      0.74      1447
weighted avg       0.90      0.91      0.90      1447

2025-12-21 21:08:19,736 - [INFO] - ------------------------------------------------------------
2025-12-21 21:08:19,773 - [INFO] - epoch: 56, loss_rrl: 109.0196727514267
2025-12-21 21:08:21,215 - [INFO] - epoch: 57, loss_rrl: 109.21697805449367
2025-12-21 21:08:21,441 - [DEBUG] - y_true: (1447,) [0 0 0 0 0 1 0 0 0 0 0 0 0 0 0 0 0 1 0 0 0 0 0 0 1 0 0 0 0 0 0 0 0 0 0 0 0
 0 1 1 0]
2025-12-21 21:08:21,601 - [DEBUG] - y_rrl_: (1447,) [0 1 0 0 0 1 0 0 0 0 0 0 0 0 0 0 0 0 0 0 0 0 0 0 1 0 0 0 0 0 0 0 0 0 0 0 0
 0 0 0 0]
2025-12-21 21:08:21,602 - [DEBUG] - y_rrl: (1447, 2) [[ 3.8284302  -3.0522156 ]
 [ 0.32805896  0.40413603]
 [ 2.1988955  -1.3916357 ]
 [ 2.7639549  -1.9479828 ]
 [ 3.2633708  -2.4958684 ]
 [-0.13657396  0.91072   ]
 [ 3.8284302  -3.0522156 ]
 [ 3.6121693  -2.830536  ]
 [ 3.8284302  -3.0522156 ]
 [ 2.4753237  -1.6867713 ]
 [ 1.6411409  -0.87071264]
 [ 2.212927   -1.4581301 ]
 [ 2.979988   -2.1995692 ]
 [ 2.7637272  -1.9778895 ]
 [ 3.5450475  -2.7559164 ]
 [ 3.5450475  -2.7559164 ]
 [ 3.8284302  -3.0522156 ]
 [ 1.42488    -0.64903295]
 [ 2.0258117  -1.244215  ]
 [ 2.6977968  -1.9113023 ]
 [ 3.6121693  -2.830536  ]
 [ 2.979988   -2.1995692 ]
 [ 3.2633708  -2.4958684 ]
 [ 3.3287866  -2.5342367 ]
 [-0.80855894  1.5778073 ]
 [ 0.6445189   0.10278644]
 [ 1.922818   -1.1307604 ]
 [ 3.3287866  -2.5342367 ]
 [ 2.3489985  -1.5766349 ]
 [ 3.5450475  -2.7559164 ]
 [ 3.6121693  -2.830536  ]
 [ 2.1327374  -1.3549552 ]
 [ 1.3577585  -0.5744133 ]
 [ 1.1414976  -0.35273352]
 [ 3.2633708  -2.4958684 ]
 [ 3.6121693  -2.830536  ]
 [ 3.2633708  -2.4958684 ]
 [ 3.3287866  -2.5342367 ]
 [ 0.5662624   0.19961645]
 [ 1.7690383  -1.0107352 ]
 [ 3.6121693  -2.830536  ]]
2025-12-21 21:08:21,604 - [INFO] - ------------------------------------------------------------
2025-12-21 21:08:21,604 - [INFO] - On Validation Set:
	Accuracy of RRL  Model: 0.9046302695231514
	F1 Score of RRL  Model: 0.7306054719119314
2025-12-21 21:08:21,610 - [INFO] - On Validation Set:
Performance of  RRL Model: 
[[1236   50]
 [  88   73]]
              precision    recall  f1-score   support

           0       0.93      0.96      0.95      1286
           1       0.59      0.45      0.51       161

    accuracy                           0.90      1447
   macro avg       0.76      0.71      0.73      1447
weighted avg       0.90      0.90      0.90      1447

2025-12-21 21:08:21,610 - [INFO] - ------------------------------------------------------------
2025-12-21 21:08:22,872 - [INFO] - epoch: 58, loss_rrl: 110.00182563439012
2025-12-21 21:08:23,321 - [DEBUG] - y_true: (1447,) [0 0 0 0 0 1 0 0 0 0 0 0 0 0 0 0 0 1 0 0 0 0 0 0 1 0 0 0 0 0 0 0 0 0 0 0 0
 0 1 1 0]
2025-12-21 21:08:23,483 - [DEBUG] - y_rrl_: (1447,) [0 0 0 0 0 1 0 0 0 0 0 0 0 0 0 0 0 0 0 0 0 0 0 0 1 1 0 0 0 0 0 0 0 0 0 0 0
 0 1 1 0]
2025-12-21 21:08:23,484 - [DEBUG] - y_rrl: (1447, 2) [[ 3.6499407  -2.874104  ]
 [ 0.5997132   0.12189018]
 [ 2.3425906  -1.5373638 ]
 [ 2.5460808  -1.7462146 ]
 [ 3.6499407  -2.874104  ]
 [-0.78244245  1.5460128 ]
 [ 3.853431   -3.082955  ]
 [ 3.1299222  -2.3512435 ]
 [ 3.853431   -3.082955  ]
 [ 1.964555   -1.1790601 ]
 [ 0.51138574  0.26664835]
 [ 1.8802433  -1.114386  ]
 [ 2.489049   -1.7152094 ]
 [ 3.3579485  -2.5693076 ]
 [ 3.5614388  -2.7781587 ]
 [ 2.7170753  -1.9332734 ]
 [ 2.926432   -2.1423926 ]
 [ 0.71487594  0.05779754]
 [ 2.1082697  -1.33245   ]
 [ 2.9526331  -2.1773353 ]
 [ 3.853431   -3.082955  ]
 [ 3.3579485  -2.5693076 ]
 [ 3.6499407  -2.874104  ]
 [ 3.3579485  -2.5693076 ]
 [-0.78244245  1.5460128 ]
 [ 0.00488923  0.73213327]
 [ 1.8942251  -1.104966  ]
 [ 3.5614388  -2.7781587 ]
 [ 2.31176    -1.5413011 ]
 [ 3.5614388  -2.7781587 ]
 [ 3.853431   -3.082955  ]
 [ 2.9526331  -2.1773353 ]
 [ 0.51138574  0.26664835]
 [ 0.51138574  0.26664835]
 [ 3.853431   -3.082955  ]
 [ 3.1299222  -2.3512435 ]
 [ 3.0090675  -2.2380698 ]
 [ 3.3579485  -2.5693076 ]
 [-0.14743559  0.91024727]
 [-0.1736366   0.94518965]
 [ 2.926432   -2.1423926 ]]
2025-12-21 21:08:23,486 - [INFO] - ------------------------------------------------------------
2025-12-21 21:08:23,486 - [INFO] - On Validation Set:
	Accuracy of RRL  Model: 0.9080856945404284
	F1 Score of RRL  Model: 0.7548622866918109
2025-12-21 21:08:23,492 - [INFO] - On Validation Set:
Performance of  RRL Model: 
[[1229   57]
 [  76   85]]
              precision    recall  f1-score   support

           0       0.94      0.96      0.95      1286
           1       0.60      0.53      0.56       161

    accuracy                           0.91      1447
   macro avg       0.77      0.74      0.75      1447
weighted avg       0.90      0.91      0.91      1447

2025-12-21 21:08:23,492 - [INFO] - ------------------------------------------------------------
2025-12-21 21:08:24,484 - [INFO] - epoch: 59, loss_rrl: 109.35735455714166
2025-12-21 21:08:25,180 - [DEBUG] - y_true: (1447,) [0 0 0 0 0 1 0 0 0 0 0 0 0 0 0 0 0 1 0 0 0 0 0 0 1 0 0 0 0 0 0 0 0 0 0 0 0
 0 1 1 0]
2025-12-21 21:08:25,394 - [DEBUG] - y_rrl_: (1447,) [0 0 0 0 0 1 0 0 0 0 0 0 0 0 0 0 0 0 0 0 0 0 0 0 1 0 0 0 0 0 0 0 0 0 0 0 0
 0 0 0 0]
2025-12-21 21:08:25,394 - [DEBUG] - y_rrl: (1447, 2) [[ 3.9865348  -3.2165074 ]
 [ 0.5967077   0.144777  ]
 [ 2.5068858  -1.6880054 ]
 [ 2.5068858  -1.6880054 ]
 [ 2.8053124  -1.9991252 ]
 [ 0.21026304  0.552403  ]
 [ 4.187719   -3.4229937 ]
 [ 3.3859453  -2.6007109 ]
 [ 4.187719   -3.4229937 ]
 [ 2.8149538  -2.038213  ]
 [ 1.2076632  -0.42243063]
 [ 3.585449   -2.8286324 ]
 [ 2.9685524  -2.193402  ]
 [ 3.405902   -2.6149216 ]
 [ 4.187719   -3.4229937 ]
 [ 3.9865348  -3.2165074 ]
 [ 3.405902   -2.6149216 ]
 [ 1.7882961  -1.0240166 ]
 [ 1.8666729  -1.0814351 ]
 [ 2.4852493  -1.6952302 ]
 [ 3.9865348  -3.2165074 ]
 [ 3.9865348  -3.2165074 ]
 [ 3.3859453  -2.6007109 ]
 [ 3.405902   -2.6149216 ]
 [ 0.21026304  0.552403  ]
 [ 1.072477   -0.3055882 ]
 [ 2.686433   -1.9017164 ]
 [ 3.3859453  -2.6007109 ]
 [ 2.686433   -1.9017164 ]
 [ 3.8892918  -3.111874  ]
 [ 3.9865348  -3.2165074 ]
 [ 2.4852493  -1.6952302 ]
 [ 1.4898697  -0.71289694]
 [ 1.4898697  -0.71289694]
 [ 4.187719   -3.4229937 ]
 [ 3.3859453  -2.6007109 ]
 [ 3.3859453  -2.6007109 ]
 [ 3.3859453  -2.6007109 ]
 [ 0.50868946  0.2412833 ]
 [ 2.1359363  -1.3887097 ]
 [ 3.3859453  -2.6007109 ]]
2025-12-21 21:08:25,396 - [INFO] - ------------------------------------------------------------
2025-12-21 21:08:25,396 - [INFO] - On Validation Set:
	Accuracy of RRL  Model: 0.9046302695231514
	F1 Score of RRL  Model: 0.663365835895776
2025-12-21 21:08:25,402 - [INFO] - On Validation Set:
Performance of  RRL Model: 
[[1267   19]
 [ 119   42]]
              precision    recall  f1-score   support

           0       0.91      0.99      0.95      1286
           1       0.69      0.26      0.38       161

    accuracy                           0.90      1447
   macro avg       0.80      0.62      0.66      1447
weighted avg       0.89      0.90      0.88      1447

2025-12-21 21:08:25,402 - [INFO] - ------------------------------------------------------------
2025-12-21 21:08:26,294 - [INFO] - epoch: 60, loss_rrl: 109.32143893279135
2025-12-21 21:08:27,188 - [DEBUG] - y_true: (1447,) [0 0 0 0 0 1 0 0 0 0 0 0 0 0 0 0 0 1 0 0 0 0 0 0 1 0 0 0 0 0 0 0 0 0 0 0 0
 0 1 1 0]
2025-12-21 21:08:27,351 - [DEBUG] - y_rrl_: (1447,) [0 1 0 0 0 1 0 0 0 0 0 0 0 0 0 0 0 0 0 0 0 0 0 0 1 0 0 0 0 0 0 0 0 0 0 0 0
 0 1 0 0]
2025-12-21 21:08:27,352 - [DEBUG] - y_rrl: (1447, 2) [[ 3.9559412e+00 -3.1969380e+00]
 [-4.1695118e-02  7.7892590e-01]
 [ 2.2846925e+00 -1.4955267e+00]
 [ 2.8557036e+00 -2.0581548e+00]
 [ 3.3849301e+00 -2.6343102e+00]
 [-6.8611652e-02  8.2556278e-01]
 [ 3.9559412e+00 -3.1969380e+00]
 [ 2.8557036e+00 -2.0581548e+00]
 [ 3.9559412e+00 -3.1969380e+00]
 [ 1.6772799e+00 -8.7311792e-01]
 [ 7.3024076e-01  7.4600056e-04]
 [ 2.0325625e+00 -1.2817001e+00]
 [ 2.8044341e+00 -2.0585382e+00]
 [ 3.1735802e+00 -2.4177136e+00]
 [ 3.9559412e+00 -3.1969380e+00]
 [ 3.9559412e+00 -3.1969380e+00]
 [ 3.6545560e+00 -2.8829718e+00]
 [ 1.2137997e+00 -4.4269499e-01]
 [ 2.8627100e+00 -2.0906034e+00]
 [ 2.2192924e+00 -1.4295777e+00]
 [ 3.7445912e+00 -2.9803414e+00]
 [ 3.3849301e+00 -2.6343102e+00]
 [ 3.3849301e+00 -2.6343102e+00]
 [ 3.7445912e+00 -2.9803414e+00]
 [-6.8611652e-02  8.2556278e-01]
 [ 8.4465361e-01 -8.3519638e-02]
 [ 2.6325722e+00 -1.8504962e+00]
 [ 3.1570890e+00 -2.3721213e+00]
 [ 2.4471338e+00 -1.6917665e+00]
 [ 3.6545560e+00 -2.8829718e+00]
 [ 3.7445912e+00 -2.9803414e+00]
 [ 2.2357838e+00 -1.4751700e+00]
 [ 1.4251497e+00 -6.5929139e-01]
 [ 6.2629706e-01  1.6552532e-01]
 [ 3.3849301e+00 -2.6343102e+00]
 [ 2.8557036e+00 -2.0581548e+00]
 [ 3.3849301e+00 -2.6343102e+00]
 [ 3.1570890e+00 -2.3721213e+00]
 [-6.8611652e-02  8.2556278e-01]
 [ 1.2837563e+00 -5.2704692e-01]
 [ 2.8557036e+00 -2.0581548e+00]]
2025-12-21 21:08:27,354 - [INFO] - ------------------------------------------------------------
2025-12-21 21:08:27,354 - [INFO] - On Validation Set:
	Accuracy of RRL  Model: 0.9053213545266068
	F1 Score of RRL  Model: 0.7211173369835109
2025-12-21 21:08:27,360 - [INFO] - On Validation Set:
Performance of  RRL Model: 
[[1243   43]
 [  94   67]]
              precision    recall  f1-score   support

           0       0.93      0.97      0.95      1286
           1       0.61      0.42      0.49       161

    accuracy                           0.91      1447
   macro avg       0.77      0.69      0.72      1447
weighted avg       0.89      0.91      0.90      1447

2025-12-21 21:08:27,360 - [INFO] - ------------------------------------------------------------
2025-12-21 21:08:27,887 - [INFO] - epoch: 61, loss_rrl: 108.52007794380188
2025-12-21 21:08:29,038 - [DEBUG] - y_true: (1447,) [0 0 0 0 0 1 0 0 0 0 0 0 0 0 0 0 0 1 0 0 0 0 0 0 1 0 0 0 0 0 0 0 0 0 0 0 0
 0 1 1 0]
2025-12-21 21:08:29,201 - [DEBUG] - y_rrl_: (1447,) [0 0 0 0 0 1 0 0 0 0 0 0 0 0 0 0 0 0 0 0 0 0 0 0 1 0 0 0 0 0 0 0 0 0 0 0 0
 0 0 0 0]
2025-12-21 21:08:29,201 - [DEBUG] - y_rrl: (1447, 2) [[ 4.0724053  -3.3191605 ]
 [ 1.2040024  -0.49346766]
 [ 2.6456628  -1.8677387 ]
 [ 3.1813297  -2.39513   ]
 [ 2.938671   -2.173217  ]
 [ 0.24491216  0.50110966]
 [ 4.0724053  -3.3191605 ]
 [ 4.0724053  -3.3191605 ]
 [ 4.0724053  -3.3191605 ]
 [ 3.3136637  -2.5948946 ]
 [ 1.6367154  -0.9096783 ]
 [ 2.8892043  -2.1519978 ]
 [ 3.2437294  -2.4862914 ]
 [ 2.6456628  -1.8677387 ]
 [ 3.7793963  -3.0136824 ]
 [ 3.7793963  -3.0136824 ]
 [ 3.474338   -2.700608  ]
 [ 2.2347817  -1.5282308 ]
 [ 3.1459439  -2.3848965 ]
 [ 3.1318626  -2.3739104 ]
 [ 4.0724053  -3.3191605 ]
 [ 3.2437294  -2.4862914 ]
 [ 3.5367377  -2.7917695 ]
 [ 3.1813297  -2.39513   ]
 [-0.5836718   1.3302189 ]
 [ 1.4061067  -0.6953618 ]
 [ 3.2162683  -2.4357634 ]
 [ 3.7793963  -3.0136824 ]
 [ 2.5961957  -1.8465192 ]
 [ 3.7793963  -3.0136824 ]
 [ 4.0724053  -3.3191605 ]
 [ 2.5961957  -1.8465192 ]
 [ 1.9417737  -1.2227527 ]
 [ 1.4061067  -0.6953618 ]
 [ 3.5367377  -2.7917695 ]
 [ 4.0724053  -3.3191605 ]
 [ 3.5367377  -2.7917695 ]
 [ 3.7793963  -3.0136824 ]
 [ 0.5379206   0.1956316 ]
 [ 0.99032265 -0.24381706]
 [ 4.0724053  -3.3191605 ]]
2025-12-21 21:08:29,203 - [INFO] - ------------------------------------------------------------
2025-12-21 21:08:29,203 - [INFO] - On Validation Set:
	Accuracy of RRL  Model: 0.9004837595024188
	F1 Score of RRL  Model: 0.6626078395813363
2025-12-21 21:08:29,209 - [INFO] - On Validation Set:
Performance of  RRL Model: 
[[1259   27]
 [ 117   44]]
              precision    recall  f1-score   support

           0       0.91      0.98      0.95      1286
           1       0.62      0.27      0.38       161

    accuracy                           0.90      1447
   macro avg       0.77      0.63      0.66      1447
weighted avg       0.88      0.90      0.88      1447

2025-12-21 21:08:29,209 - [INFO] - ------------------------------------------------------------
2025-12-21 21:08:29,499 - [INFO] - epoch: 62, loss_rrl: 108.46167463064194
2025-12-21 21:08:31,061 - [DEBUG] - y_true: (1447,) [0 0 0 0 0 1 0 0 0 0 0 0 0 0 0 0 0 1 0 0 0 0 0 0 1 0 0 0 0 0 0 0 0 0 0 0 0
 0 1 1 0]
2025-12-21 21:08:31,223 - [DEBUG] - y_rrl_: (1447,) [0 0 0 0 0 1 0 0 0 0 0 0 0 0 0 0 0 0 0 0 0 0 0 0 1 0 0 0 0 0 0 0 0 0 0 0 0
 0 1 0 0]
2025-12-21 21:08:31,224 - [DEBUG] - y_rrl: (1447, 2) [[ 3.839216   -3.0916958 ]
 [ 0.35389337  0.3521831 ]
 [ 2.275255   -1.4981549 ]
 [ 2.7315428  -1.9462676 ]
 [ 3.3829281  -2.643583  ]
 [-0.14283197  0.8883789 ]
 [ 3.839216   -3.0916958 ]
 [ 3.6539347  -2.9012742 ]
 [ 3.839216   -3.0916958 ]
 [ 2.3631942  -1.6527698 ]
 [ 1.4831338  -0.7899473 ]
 [ 2.9557025  -2.2207663 ]
 [ 3.0710025  -2.319297  ]
 [ 2.8857214  -2.1288753 ]
 [ 3.0089977  -2.2345119 ]
 [ 3.5272903  -2.7674098 ]
 [ 3.839216   -3.0916958 ]
 [ 1.2978526  -0.59952563]
 [ 2.7099757  -1.9495654 ]
 [ 2.7038934  -1.9465609 ]
 [ 3.6539347  -2.9012742 ]
 [ 3.0710025  -2.319297  ]
 [ 3.3829281  -2.643583  ]
 [ 3.3420093  -2.576988  ]
 [-0.7748655   1.5158014 ]
 [ 1.171208   -0.46566117]
 [ 1.9436558  -1.1812679 ]
 [ 3.3420093  -2.576988  ]
 [ 2.4328866  -1.6888697 ]
 [ 3.5272903  -2.7674098 ]
 [ 3.6539347  -2.9012742 ]
 [ 2.2476056  -1.4984481 ]
 [ 1.171208   -0.46566117]
 [ 0.985927   -0.27523947]
 [ 3.3829281  -2.643583  ]
 [ 3.6539347  -2.9012742 ]
 [ 3.3829281  -2.643583  ]
 [ 3.3420093  -2.576988  ]
 [ 0.16909383  0.56409276]
 [ 1.234435   -0.48915136]
 [ 3.6539347  -2.9012742 ]]
2025-12-21 21:08:31,226 - [INFO] - ------------------------------------------------------------
2025-12-21 21:08:31,226 - [INFO] - On Validation Set:
	Accuracy of RRL  Model: 0.9067035245335177
	F1 Score of RRL  Model: 0.7405242779058105
2025-12-21 21:08:31,231 - [INFO] - On Validation Set:
Performance of  RRL Model: 
[[1235   51]
 [  84   77]]
              precision    recall  f1-score   support

           0       0.94      0.96      0.95      1286
           1       0.60      0.48      0.53       161

    accuracy                           0.91      1447
   macro avg       0.77      0.72      0.74      1447
weighted avg       0.90      0.91      0.90      1447

2025-12-21 21:08:31,232 - [INFO] - ------------------------------------------------------------
2025-12-21 21:08:31,308 - [INFO] - epoch: 63, loss_rrl: 108.63074569776654
2025-12-21 21:08:32,834 - [INFO] - epoch: 64, loss_rrl: 108.9923394229263
2025-12-21 21:08:33,018 - [DEBUG] - y_true: (1447,) [0 0 0 0 0 1 0 0 0 0 0 0 0 0 0 0 0 1 0 0 0 0 0 0 1 0 0 0 0 0 0 0 0 0 0 0 0
 0 1 1 0]
2025-12-21 21:08:33,179 - [DEBUG] - y_rrl_: (1447,) [0 1 0 0 0 1 0 0 0 0 0 0 0 0 0 0 0 0 0 0 0 0 0 0 1 0 0 0 0 0 0 0 0 1 0 0 0
 0 1 0 0]
2025-12-21 21:08:33,180 - [DEBUG] - y_rrl: (1447, 2) [[ 3.6006563  -2.858851  ]
 [-1.0950943   1.8304513 ]
 [ 1.5760312  -0.7905076 ]
 [ 1.9661443  -1.172543  ]
 [ 2.121372   -1.3531921 ]
 [-0.41353208  1.1534442 ]
 [ 3.6006563  -2.858851  ]
 [ 2.3026743  -1.521326  ]
 [ 3.6006563  -2.858851  ]
 [ 1.4679909  -0.74278635]
 [ 0.61917657  0.08896121]
 [ 2.1529179  -1.4311664 ]
 [ 2.3866458  -1.6262343 ]
 [ 2.0633988  -1.292306  ]
 [ 3.2641265  -2.5100682 ]
 [ 3.2641265  -2.5100682 ]
 [ 2.9988527  -2.237026  ]
 [ 1.0121689  -0.31896216]
 [ 1.2539684  -0.4925592 ]
 [ 1.333727   -0.5477411 ]
 [ 3.3918452  -2.6449494 ]
 [ 2.8740134  -2.1280327 ]
 [ 2.7231755  -1.9750172 ]
 [ 2.453512   -1.6743414 ]
 [-0.41353208  1.1534442 ]
 [ 0.39708263  0.31771737]
 [ 2.351551   -1.5874224 ]
 [ 1.9661443  -1.172543  ]
 [ 1.7542286  -1.0014323 ]
 [ 3.2641265  -2.5100682 ]
 [ 3.3918452  -2.6449494 ]
 [ 1.5454174  -0.7875307 ]
 [ 0.88445026 -0.18408097]
 [ 0.07383552  0.6516457 ]
 [ 3.2105432  -2.4768155 ]
 [ 2.3026743  -1.521326  ]
 [ 2.7231755  -1.9750172 ]
 [ 1.9661443  -1.172543  ]
 [ 0.34820604  0.38381404]
 [ 0.98062325 -0.24098797]
 [ 2.3026743  -1.521326  ]]
2025-12-21 21:08:33,182 - [INFO] - ------------------------------------------------------------
2025-12-21 21:08:33,182 - [INFO] - On Validation Set:
	Accuracy of RRL  Model: 0.8832066344160332
	F1 Score of RRL  Model: 0.7363159080837042
2025-12-21 21:08:33,188 - [INFO] - On Validation Set:
Performance of  RRL Model: 
[[1179  107]
 [  62   99]]
              precision    recall  f1-score   support

           0       0.95      0.92      0.93      1286
           1       0.48      0.61      0.54       161

    accuracy                           0.88      1447
   macro avg       0.72      0.77      0.74      1447
weighted avg       0.90      0.88      0.89      1447

2025-12-21 21:08:33,188 - [INFO] - ------------------------------------------------------------
2025-12-21 21:08:34,577 - [INFO] - epoch: 65, loss_rrl: 108.10566923953593
2025-12-21 21:08:34,991 - [DEBUG] - y_true: (1447,) [0 0 0 0 0 1 0 0 0 0 0 0 0 0 0 0 0 1 0 0 0 0 0 0 1 0 0 0 0 0 0 0 0 0 0 0 0
 0 1 1 0]
2025-12-21 21:08:35,155 - [DEBUG] - y_rrl_: (1447,) [0 0 0 0 0 1 0 0 0 0 0 0 0 0 0 0 0 0 0 0 0 0 0 0 1 0 0 0 0 0 0 0 0 0 0 0 0
 0 0 1 0]
2025-12-21 21:08:35,156 - [DEBUG] - y_rrl: (1447, 2) [[ 4.0547047  -3.3185654 ]
 [ 1.3033129  -0.61673516]
 [ 3.1203432  -2.3522658 ]
 [ 3.1203432  -2.3522658 ]
 [ 4.0547047  -3.3185654 ]
 [-0.00448609  0.738821  ]
 [ 4.0547047  -3.3185654 ]
 [ 3.71495    -2.9666638 ]
 [ 4.0547047  -3.3185654 ]
 [ 1.861      -1.1396395 ]
 [ 1.4102944  -0.6932473 ]
 [ 2.9270694  -2.1997442 ]
 [ 3.377775   -2.6461363 ]
 [ 3.71495    -2.9666638 ]
 [ 4.0547047  -3.3185654 ]
 [ 3.0380208  -2.2942348 ]
 [ 3.71495    -2.9666638 ]
 [ 0.7333651  -0.02081826]
 [ 2.4424663  -1.7062237 ]
 [ 3.1193955  -2.3786526 ]
 [ 4.0547047  -3.3185654 ]
 [ 3.71495    -2.9666638 ]
 [ 4.0547047  -3.3185654 ]
 [ 4.0547047  -3.3185654 ]
 [ 0.3352682   0.38691962]
 [ 0.47756487  0.2152917 ]
 [ 2.1237624  -1.3700262 ]
 [ 4.0547047  -3.3185654 ]
 [ 3.0380208  -2.2942348 ]
 [ 4.0547047  -3.3185654 ]
 [ 4.0547047  -3.3185654 ]
 [ 3.1193955  -2.3786526 ]
 [ 1.4102944  -0.6932473 ]
 [ 0.7333651  -0.02081826]
 [ 4.0547047  -3.3185654 ]
 [ 4.0547047  -3.3185654 ]
 [ 3.377775   -2.6461363 ]
 [ 4.0547047  -3.3185654 ]
 [ 0.5910683   0.15080968]
 [ 0.36484468  0.3768463 ]
 [ 3.71495    -2.9666638 ]]
2025-12-21 21:08:35,158 - [INFO] - ------------------------------------------------------------
2025-12-21 21:08:35,158 - [INFO] - On Validation Set:
	Accuracy of RRL  Model: 0.9053213545266068
	F1 Score of RRL  Model: 0.6698905124682569
2025-12-21 21:08:35,164 - [INFO] - On Validation Set:
Performance of  RRL Model: 
[[1266   20]
 [ 117   44]]
              precision    recall  f1-score   support

           0       0.92      0.98      0.95      1286
           1       0.69      0.27      0.39       161

    accuracy                           0.91      1447
   macro avg       0.80      0.63      0.67      1447
weighted avg       0.89      0.91      0.89      1447

2025-12-21 21:08:35,164 - [INFO] - ------------------------------------------------------------
2025-12-21 21:08:36,185 - [INFO] - epoch: 66, loss_rrl: 107.19702492281795
2025-12-21 21:08:36,825 - [DEBUG] - y_true: (1447,) [0 0 0 0 0 1 0 0 0 0 0 0 0 0 0 0 0 1 0 0 0 0 0 0 1 0 0 0 0 0 0 0 0 0 0 0 0
 0 1 1 0]
2025-12-21 21:08:36,986 - [DEBUG] - y_rrl_: (1447,) [0 1 0 0 0 1 0 0 0 0 0 0 0 0 0 0 0 0 0 0 0 0 0 0 1 0 0 0 0 0 0 0 0 0 0 0 0
 0 0 0 0]
2025-12-21 21:08:36,986 - [DEBUG] - y_rrl: (1447, 2) [[ 3.7394204e+00 -3.0039225e+00]
 [ 5.3932242e-02  6.6421825e-01]
 [ 2.8618279e+00 -2.0947208e+00]
 [ 2.8618279e+00 -2.0947208e+00]
 [ 3.7394204e+00 -3.0039225e+00]
 [-3.9882638e-02  7.6868802e-01]
 [ 3.9539211e+00 -3.2234113e+00]
 [ 2.8618279e+00 -2.0947208e+00]
 [ 3.9539211e+00 -3.2234113e+00]
 [ 1.7701261e+00 -1.0357919e+00]
 [ 1.2798845e+00 -5.7685459e-01]
 [ 2.5860868e+00 -1.8552723e+00]
 [ 3.6301224e+00 -2.8875701e+00]
 [ 3.4156218e+00 -2.6680810e+00]
 [ 3.6301224e+00 -2.8875701e+00]
 [ 3.4156218e+00 -2.6680810e+00]
 [ 3.4156218e+00 -2.6680810e+00]
 [ 1.2798845e+00 -5.7685459e-01]
 [ 2.1583371e+00 -1.4227145e+00]
 [ 2.2767017e+00 -1.5170665e+00]
 [ 3.7394204e+00 -3.0039225e+00]
 [ 3.4156218e+00 -2.6680810e+00]
 [ 3.7394204e+00 -3.0039225e+00]
 [ 3.4156218e+00 -2.6680810e+00]
 [-7.1204090e-01  1.4364007e+00]
 [ 1.4943851e+00 -7.9634362e-01]
 [ 2.1449609e+00 -1.4000432e+00]
 [ 2.8618279e+00 -2.0947208e+00]
 [ 3.0449960e+00 -2.3099158e+00]
 [ 3.6301224e+00 -2.8875701e+00]
 [ 3.7394204e+00 -3.0039225e+00]
 [ 2.8304954e+00 -2.0904269e+00]
 [ 1.2798845e+00 -5.7685459e-01]
 [ 7.2609055e-01 -3.4942292e-03]
 [ 3.9539211e+00 -3.2234113e+00]
 [ 2.8618279e+00 -2.0947208e+00]
 [ 3.7394204e+00 -3.0039225e+00]
 [ 2.8618279e+00 -2.0947208e+00]
 [ 4.1902655e-01  3.1404462e-01]
 [ 1.4452789e+00 -7.1883887e-01]
 [ 2.8618279e+00 -2.0947208e+00]]
2025-12-21 21:08:36,988 - [INFO] - ------------------------------------------------------------
2025-12-21 21:08:36,988 - [INFO] - On Validation Set:
	Accuracy of RRL  Model: 0.899101589495508
	F1 Score of RRL  Model: 0.6915162665732142
2025-12-21 21:08:36,994 - [INFO] - On Validation Set:
Performance of  RRL Model: 
[[1244   42]
 [ 104   57]]
              precision    recall  f1-score   support

           0       0.92      0.97      0.94      1286
           1       0.58      0.35      0.44       161

    accuracy                           0.90      1447
   macro avg       0.75      0.66      0.69      1447
weighted avg       0.88      0.90      0.89      1447

2025-12-21 21:08:36,994 - [INFO] - ------------------------------------------------------------
2025-12-21 21:08:37,785 - [INFO] - epoch: 67, loss_rrl: 107.99036739952862
2025-12-21 21:08:38,671 - [DEBUG] - y_true: (1447,) [0 0 0 0 0 1 0 0 0 0 0 0 0 0 0 0 0 1 0 0 0 0 0 0 1 0 0 0 0 0 0 0 0 0 0 0 0
 0 1 1 0]
2025-12-21 21:08:38,832 - [DEBUG] - y_rrl_: (1447,) [0 0 0 0 0 1 0 0 0 0 0 0 0 0 0 0 0 0 0 0 0 0 0 0 1 0 0 0 0 0 0 0 0 0 0 0 0
 0 1 0 0]
2025-12-21 21:08:38,832 - [DEBUG] - y_rrl: (1447, 2) [[ 3.947993   -3.2230628 ]
 [ 1.4107451  -0.71784157]
 [ 2.6447108  -1.8927147 ]
 [ 2.6447108  -1.8927147 ]
 [ 3.947993   -3.2230628 ]
 [ 0.12611547  0.59227586]
 [ 3.947993   -3.2230628 ]
 [ 3.1583922  -2.4257426 ]
 [ 3.947993   -3.2230628 ]
 [ 1.6636783  -0.97117835]
 [ 1.086393   -0.40129447]
 [ 2.581107   -1.8558587 ]
 [ 3.947993   -3.2230628 ]
 [ 3.947993   -3.2230628 ]
 [ 3.947993   -3.2230628 ]
 [ 3.947993   -3.2230628 ]
 [ 3.1583922  -2.4257426 ]
 [ 1.086393   -0.40129447]
 [ 2.400173   -1.6750968 ]
 [ 3.0445955  -2.3151288 ]
 [ 3.947993   -3.2230628 ]
 [ 3.947993   -3.2230628 ]
 [ 3.947993   -3.2230628 ]
 [ 3.947993   -3.2230628 ]
 [-0.0915734   0.8149026 ]
 [ 1.086393   -0.40129447]
 [ 2.7117965  -1.9652    ]
 [ 3.947993   -3.2230628 ]
 [ 3.0445955  -2.3151288 ]
 [ 3.6218808  -2.8850126 ]
 [ 3.947993   -3.2230628 ]
 [ 3.0445955  -2.3151288 ]
 [ 1.086393   -0.40129447]
 [ 1.086393   -0.40129447]
 [ 3.947993   -3.2230628 ]
 [ 3.1583922  -2.4257426 ]
 [ 3.947993   -3.2230628 ]
 [ 3.947993   -3.2230628 ]
 [ 0.12611547  0.59227586]
 [ 1.7219085  -1.012844  ]
 [ 3.1583922  -2.4257426 ]]
2025-12-21 21:08:38,834 - [INFO] - ------------------------------------------------------------
2025-12-21 21:08:38,834 - [INFO] - On Validation Set:
	Accuracy of RRL  Model: 0.9018659295093296
	F1 Score of RRL  Model: 0.6592290138116783
2025-12-21 21:08:38,840 - [INFO] - On Validation Set:
Performance of  RRL Model: 
[[1263   23]
 [ 119   42]]
              precision    recall  f1-score   support

           0       0.91      0.98      0.95      1286
           1       0.65      0.26      0.37       161

    accuracy                           0.90      1447
   macro avg       0.78      0.62      0.66      1447
weighted avg       0.88      0.90      0.88      1447

2025-12-21 21:08:38,840 - [INFO] - ------------------------------------------------------------
2025-12-21 21:08:39,398 - [INFO] - epoch: 68, loss_rrl: 106.9283691085875
2025-12-21 21:08:40,500 - [DEBUG] - y_true: (1447,) [0 0 0 0 0 1 0 0 0 0 0 0 0 0 0 0 0 1 0 0 0 0 0 0 1 0 0 0 0 0 0 0 0 0 0 0 0
 0 1 1 0]
2025-12-21 21:08:40,662 - [DEBUG] - y_rrl_: (1447,) [0 0 0 0 0 1 0 0 0 0 1 0 0 0 0 0 0 0 0 0 0 0 0 0 1 0 0 0 0 0 0 0 0 0 0 0 0
 0 1 0 0]
2025-12-21 21:08:40,662 - [DEBUG] - y_rrl: (1447, 2) [[ 3.510073   -2.798385  ]
 [ 1.3763956  -0.7005763 ]
 [ 2.6825225  -1.9398696 ]
 [ 2.967504   -2.217134  ]
 [ 3.0141208  -2.2833033 ]
 [ 0.01894672  0.69407856]
 [ 3.7950544  -3.075649  ]
 [ 3.4634562  -2.7322154 ]
 [ 3.7950544  -3.075649  ]
 [ 2.273344   -1.5740219 ]
 [ 0.01894672  0.69407856]
 [ 2.952788   -2.248431  ]
 [ 2.838811   -2.1314595 ]
 [ 2.6825225  -1.9398696 ]
 [ 3.7950544  -3.075649  ]
 [ 3.1784747  -2.4549513 ]
 [ 2.6825225  -1.9398696 ]
 [ 1.2424303  -0.5546113 ]
 [ 1.9499274  -1.238072  ]
 [ 2.9061708  -2.1822615 ]
 [ 3.7950544  -3.075649  ]
 [ 3.1784747  -2.4549513 ]
 [ 3.510073   -2.798385  ]
 [ 3.0141208  -2.2833033 ]
 [ 0.10172482  0.6043541 ]
 [ 0.61778545  0.04614433]
 [ 2.4636211  -1.7259169 ]
 [ 3.7950544  -3.075649  ]
 [ 2.6211894  -1.9049973 ]
 [ 3.7950544  -3.075649  ]
 [ 3.7950544  -3.075649  ]
 [ 2.6211894  -1.9049973 ]
 [ 0.5148989   0.17899722]
 [ 0.9574487  -0.2773473 ]
 [ 3.510073   -2.798385  ]
 [ 3.7950544  -3.075649  ]
 [ 3.510073   -2.798385  ]
 [ 3.510073   -2.798385  ]
 [ 0.01894672  0.69407856]
 [ 0.80103993 -0.07162297]
 [ 3.1784747  -2.4549513 ]]
2025-12-21 21:08:40,664 - [INFO] - ------------------------------------------------------------
2025-12-21 21:08:40,664 - [INFO] - On Validation Set:
	Accuracy of RRL  Model: 0.9011748445058743
	F1 Score of RRL  Model: 0.7049923796244417
2025-12-21 21:08:40,670 - [INFO] - On Validation Set:
Performance of  RRL Model: 
[[1242   44]
 [  99   62]]
              precision    recall  f1-score   support

           0       0.93      0.97      0.95      1286
           1       0.58      0.39      0.46       161

    accuracy                           0.90      1447
   macro avg       0.76      0.68      0.70      1447
weighted avg       0.89      0.90      0.89      1447

2025-12-21 21:08:40,670 - [INFO] - ------------------------------------------------------------
2025-12-21 21:08:40,998 - [INFO] - epoch: 69, loss_rrl: 107.2570016104728
2025-12-21 21:08:42,337 - [DEBUG] - y_true: (1447,) [0 0 0 0 0 1 0 0 0 0 0 0 0 0 0 0 0 1 0 0 0 0 0 0 1 0 0 0 0 0 0 0 0 0 0 0 0
 0 1 1 0]
2025-12-21 21:08:42,499 - [DEBUG] - y_rrl_: (1447,) [0 1 0 0 0 1 0 0 0 0 0 0 0 0 0 0 0 0 0 0 0 0 0 0 1 0 0 0 0 0 0 0 0 0 0 0 0
 0 1 0 0]
2025-12-21 21:08:42,500 - [DEBUG] - y_rrl: (1447, 2) [[ 3.722255   -3.008325  ]
 [ 0.26279128  0.42054194]
 [ 1.8490467  -1.1113822 ]
 [ 2.136195   -1.390899  ]
 [ 3.4351068  -2.7288084 ]
 [-0.29625297  1.0088027 ]
 [ 3.722255   -3.008325  ]
 [ 2.9867418  -2.2720969 ]
 [ 3.722255   -3.008325  ]
 [ 1.777135   -1.0939889 ]
 [ 1.4949225  -0.8238791 ]
 [ 2.957161   -2.2549882 ]
 [ 3.1116633  -2.3936327 ]
 [ 2.854096   -2.1312246 ]
 [ 3.0028985  -2.26359   ]
 [ 3.3988116  -2.6731493 ]
 [ 3.2443092  -2.534505  ]
 [ 1.2373548  -0.5614711 ]
 [ 2.4901235  -1.7639036 ]
 [ 2.6014636  -1.8782232 ]
 [ 3.464687   -2.745917  ]
 [ 3.1116633  -2.3936327 ]
 [ 3.4351068  -2.7288084 ]
 [ 3.1412442  -2.4107413 ]
 [-0.29625297  1.0088027 ]
 [ 0.8843316  -0.20918684]
 [ 1.3153467  -0.61166215]
 [ 3.1412442  -2.4107413 ]
 [ 2.5718832  -1.8611145 ]
 [ 3.3988116  -2.6731493 ]
 [ 3.464687   -2.745917  ]
 [ 2.3143153  -1.5987065 ]
 [ 1.1714797  -0.48870355]
 [ 0.62676394  0.05322115]
 [ 3.4351068  -2.7288084 ]
 [ 2.9867418  -2.2720969 ]
 [ 3.4351068  -2.7288084 ]
 [ 3.1412442  -2.4107413 ]
 [ 0.02718988  0.6736269 ]
 [ 1.4408284  -0.74227023]
 [ 2.9867418  -2.2720969 ]]
2025-12-21 21:08:42,502 - [INFO] - ------------------------------------------------------------
2025-12-21 21:08:42,502 - [INFO] - On Validation Set:
	Accuracy of RRL  Model: 0.8977194194885971
	F1 Score of RRL  Model: 0.7295764261397502
2025-12-21 21:08:42,508 - [INFO] - On Validation Set:
Performance of  RRL Model: 
[[1220   66]
 [  82   79]]
              precision    recall  f1-score   support

           0       0.94      0.95      0.94      1286
           1       0.54      0.49      0.52       161

    accuracy                           0.90      1447
   macro avg       0.74      0.72      0.73      1447
weighted avg       0.89      0.90      0.90      1447

2025-12-21 21:08:42,508 - [INFO] - ------------------------------------------------------------
2025-12-21 21:08:42,604 - [INFO] - epoch: 70, loss_rrl: 107.97454721108079
2025-12-21 21:08:44,227 - [INFO] - epoch: 71, loss_rrl: 108.4885077662766
2025-12-21 21:08:44,406 - [DEBUG] - y_true: (1447,) [0 0 0 0 0 1 0 0 0 0 0 0 0 0 0 0 0 1 0 0 0 0 0 0 1 0 0 0 0 0 0 0 0 0 0 0 0
 0 1 1 0]
2025-12-21 21:08:44,568 - [DEBUG] - y_rrl_: (1447,) [0 0 0 0 0 1 0 0 0 0 1 0 0 0 0 0 0 0 0 0 0 0 0 0 1 0 0 0 0 0 0 0 0 0 0 0 0
 0 1 0 0]
2025-12-21 21:08:44,568 - [DEBUG] - y_rrl: (1447, 2) [[ 3.7981577  -3.089696  ]
 [ 0.67679715  0.01429083]
 [ 2.235756   -1.4910015 ]
 [ 2.5309844  -1.7786839 ]
 [ 2.5878878  -1.8547653 ]
 [-0.2384351   0.94562906]
 [ 3.7981577  -3.089696  ]
 [ 3.069738   -2.3361454 ]
 [ 3.7981577  -3.089696  ]
 [ 2.219874   -1.5308602 ]
 [ 0.32184052  0.38810748]
 [ 2.6531968  -1.9478424 ]
 [ 2.7745094  -2.0484626 ]
 [ 2.6120439  -1.8807882 ]
 [ 3.4460258  -2.7259321 ]
 [ 3.4460258  -2.7259321 ]
 [ 2.9072723  -2.1684709 ]
 [ 1.2368815  -0.55914026]
 [ 1.9029489  -1.1807806 ]
 [ 2.5721374  -1.845738  ]
 [ 3.7981577  -3.089696  ]
 [ 3.1507974  -2.4382496 ]
 [ 3.1266413  -2.4122267 ]
 [ 2.9072723  -2.1684709 ]
 [-0.2384351   0.94562906]
 [ 0.5653652   0.11832883]
 [ 3.069738   -2.3361454 ]
 [ 3.069738   -2.3361454 ]
 [ 2.2769089  -1.5580556 ]
 [ 3.4460258  -2.7259321 ]
 [ 3.7981577  -3.089696  ]
 [ 2.2769089  -1.5580556 ]
 [ 0.8605938  -0.16935357]
 [ 0.9416531  -0.27145788]
 [ 3.5029292  -2.8020134 ]
 [ 3.069738   -2.3361454 ]
 [ 3.1266413  -2.4122267 ]
 [ 3.069738   -2.3361454 ]
 [ 0.24695663  0.464316  ]
 [ 0.744557   -0.02609089]
 [ 3.069738   -2.3361454 ]]
2025-12-21 21:08:44,570 - [INFO] - ------------------------------------------------------------
2025-12-21 21:08:44,571 - [INFO] - On Validation Set:
	Accuracy of RRL  Model: 0.9060124395300622
	F1 Score of RRL  Model: 0.7515026618581487
2025-12-21 21:08:44,576 - [INFO] - On Validation Set:
Performance of  RRL Model: 
[[1226   60]
 [  76   85]]
              precision    recall  f1-score   support

           0       0.94      0.95      0.95      1286
           1       0.59      0.53      0.56       161

    accuracy                           0.91      1447
   macro avg       0.76      0.74      0.75      1447
weighted avg       0.90      0.91      0.90      1447

2025-12-21 21:08:44,576 - [INFO] - ------------------------------------------------------------
2025-12-21 21:08:46,122 - [INFO] - epoch: 72, loss_rrl: 108.05701024271548
2025-12-21 21:08:46,577 - [DEBUG] - y_true: (1447,) [0 0 0 0 0 1 0 0 0 0 0 0 0 0 0 0 0 1 0 0 0 0 0 0 1 0 0 0 0 0 0 0 0 0 0 0 0
 0 1 1 0]
2025-12-21 21:08:46,739 - [DEBUG] - y_rrl_: (1447,) [0 0 0 0 0 1 0 0 0 0 0 0 0 0 0 0 0 0 0 0 0 0 0 0 1 0 0 0 0 0 0 0 0 0 0 0 0
 0 0 0 0]
2025-12-21 21:08:46,739 - [DEBUG] - y_rrl: (1447, 2) [[ 4.122492   -3.4194846 ]
 [ 0.6134588   0.05982652]
 [ 2.924624   -2.1868405 ]
 [ 2.924624   -2.1868405 ]
 [ 4.122492   -3.4194846 ]
 [-0.00702437  0.70887655]
 [ 4.122492   -3.4194846 ]
 [ 3.4879832  -2.768698  ]
 [ 4.122492   -3.4194846 ]
 [ 2.2904425  -1.6018211 ]
 [ 2.0550296  -1.3751847 ]
 [ 3.2525706  -2.5420616 ]
 [ 3.7620163  -3.0474749 ]
 [ 3.4879832  -2.768698  ]
 [ 3.7620163  -3.0474749 ]
 [ 3.7620163  -3.0474749 ]
 [ 3.7620163  -3.0474749 ]
 [ 1.7809962  -1.0964078 ]
 [ 2.3204455  -1.6124636 ]
 [ 2.9764638  -2.264303  ]
 [ 3.8484588  -3.1407077 ]
 [ 3.7620163  -3.0474749 ]
 [ 4.122492   -3.4194846 ]
 [ 3.4879832  -2.768698  ]
 [-0.00702437  0.70887655]
 [ 1.5435098  -0.8707897 ]
 [ 2.8700314  -2.1461701 ]
 [ 3.4879832  -2.768698  ]
 [ 3.7620163  -3.0474749 ]
 [ 3.7620163  -3.0474749 ]
 [ 3.8484588  -3.1407077 ]
 [ 2.9764638  -2.264303  ]
 [ 2.0550296  -1.3751847 ]
 [ 1.7809962  -1.0964078 ]
 [ 4.122492   -3.4194846 ]
 [ 3.4879832  -2.768698  ]
 [ 4.122492   -3.4194846 ]
 [ 3.4879832  -2.768698  ]
 [ 0.504495    0.20448172]
 [ 1.3964798  -0.6968232 ]
 [ 3.4879832  -2.768698  ]]
2025-12-21 21:08:46,741 - [INFO] - ------------------------------------------------------------
2025-12-21 21:08:46,741 - [INFO] - On Validation Set:
	Accuracy of RRL  Model: 0.9053213545266068
	F1 Score of RRL  Model: 0.6644186121310305
2025-12-21 21:08:46,747 - [INFO] - On Validation Set:
Performance of  RRL Model: 
[[1268   18]
 [ 119   42]]
              precision    recall  f1-score   support

           0       0.91      0.99      0.95      1286
           1       0.70      0.26      0.38       161

    accuracy                           0.91      1447
   macro avg       0.81      0.62      0.66      1447
weighted avg       0.89      0.91      0.89      1447

2025-12-21 21:08:46,747 - [INFO] - ------------------------------------------------------------
2025-12-21 21:08:47,938 - [INFO] - epoch: 73, loss_rrl: 108.93328151665628
2025-12-21 21:08:48,575 - [DEBUG] - y_true: (1447,) [0 0 0 0 0 1 0 0 0 0 0 0 0 0 0 0 0 1 0 0 0 0 0 0 1 0 0 0 0 0 0 0 0 0 0 0 0
 0 1 1 0]
2025-12-21 21:08:48,738 - [DEBUG] - y_rrl_: (1447,) [0 0 0 0 0 1 0 0 0 0 0 0 0 0 0 0 0 0 0 0 0 0 0 0 1 0 0 0 0 0 0 0 0 0 0 0 0
 0 0 0 0]
2025-12-21 21:08:48,738 - [DEBUG] - y_rrl: (1447, 2) [[ 3.8538055  -3.151511  ]
 [ 1.1612754  -0.4889773 ]
 [ 2.9363418  -2.20432   ]
 [ 2.9363418  -2.20432   ]
 [ 3.8538055  -3.151511  ]
 [ 0.00657171  0.68998444]
 [ 4.1162553  -3.418656  ]
 [ 3.493236   -2.779505  ]
 [ 4.1162553  -3.418656  ]
 [ 1.9620513  -1.2859522 ]
 [ 1.4299041  -0.75779283]
 [ 3.1141317  -2.409223  ]
 [ 4.1162553  -3.418656  ]
 [ 3.8538055  -3.151511  ]
 [ 4.1162553  -3.418656  ]
 [ 3.212251   -2.5140839 ]
 [ 3.493236   -2.779505  ]
 [ 0.7883494  -0.1203659 ]
 [ 2.3386996  -1.6361519 ]
 [ 2.9802542  -2.273579  ]
 [ 3.8538055  -3.151511  ]
 [ 3.8538055  -3.151511  ]
 [ 3.8538055  -3.151511  ]
 [ 3.8538055  -3.151511  ]
 [ 0.00657171  0.68998444]
 [ 1.1793724  -0.51901174]
 [ 3.1141317  -2.409223  ]
 [ 3.8538055  -3.151511  ]
 [ 3.1141317  -2.409223  ]
 [ 3.7556863  -3.0466502 ]
 [ 3.8538055  -3.151511  ]
 [ 2.9802542  -2.273579  ]
 [ 1.4299041  -0.75779283]
 [ 0.7883494  -0.1203659 ]
 [ 4.1162553  -3.418656  ]
 [ 3.493236   -2.779505  ]
 [ 3.8538055  -3.151511  ]
 [ 3.8538055  -3.151511  ]
 [ 1.051701   -0.3441013 ]
 [ 1.1241716  -0.44534624]
 [ 3.493236   -2.779505  ]]
2025-12-21 21:08:48,740 - [INFO] - ------------------------------------------------------------
2025-12-21 21:08:48,740 - [INFO] - On Validation Set:
	Accuracy of RRL  Model: 0.899101589495508
	F1 Score of RRL  Model: 0.618473329865927
2025-12-21 21:08:48,746 - [INFO] - On Validation Set:
Performance of  RRL Model: 
[[1271   15]
 [ 131   30]]
              precision    recall  f1-score   support

           0       0.91      0.99      0.95      1286
           1       0.67      0.19      0.29       161

    accuracy                           0.90      1447
   macro avg       0.79      0.59      0.62      1447
weighted avg       0.88      0.90      0.87      1447

2025-12-21 21:08:48,746 - [INFO] - ------------------------------------------------------------
2025-12-21 21:08:49,599 - [INFO] - epoch: 74, loss_rrl: 109.4691296685487
2025-12-21 21:08:50,443 - [DEBUG] - y_true: (1447,) [0 0 0 0 0 1 0 0 0 0 0 0 0 0 0 0 0 1 0 0 0 0 0 0 1 0 0 0 0 0 0 0 0 0 0 0 0
 0 1 1 0]
2025-12-21 21:08:50,609 - [DEBUG] - y_rrl_: (1447,) [0 0 0 0 0 1 0 0 0 0 0 0 0 0 0 0 0 0 0 0 0 0 0 0 1 0 0 0 0 0 0 0 0 1 0 0 0
 0 1 0 0]
2025-12-21 21:08:50,610 - [DEBUG] - y_rrl: (1447, 2) [[ 3.9974687  -3.3052547 ]
 [ 0.569222    0.0962337 ]
 [ 3.0840874  -2.3624535 ]
 [ 3.0840874  -2.3624535 ]
 [ 3.9974687  -3.3052547 ]
 [-0.14603059  0.837318  ]
 [ 3.9974687  -3.3052547 ]
 [ 3.0840874  -2.3624535 ]
 [ 3.9974687  -3.3052547 ]
 [ 1.8932551  -1.2014527 ]
 [ 0.76806045 -0.10934702]
 [ 2.316164   -1.6389579 ]
 [ 3.3643758  -2.6762395 ]
 [ 3.9974687  -3.3052547 ]
 [ 3.9974687  -3.3052547 ]
 [ 3.3643758  -2.6762395 ]
 [ 3.6401973  -2.9366443 ]
 [ 0.76806045 -0.10934702]
 [ 2.5009034  -1.8084153 ]
 [ 2.0358758  -1.325172  ]
 [ 3.9974687  -3.3052547 ]
 [ 3.9974687  -3.3052547 ]
 [ 3.9974687  -3.3052547 ]
 [ 3.9974687  -3.3052547 ]
 [ 0.21124081  0.46870777]
 [ 1.125332   -0.47795722]
 [ 1.2742614  -0.60856074]
 [ 3.441359   -2.7310636 ]
 [ 1.958893   -1.2703478 ]
 [ 3.9974687  -3.3052547 ]
 [ 3.9974687  -3.3052547 ]
 [ 3.1339965  -2.4374306 ]
 [ 0.76806045 -0.10934702]
 [ 0.21195056  0.46484396]
 [ 3.9974687  -3.3052547 ]
 [ 3.441359   -2.7310636 ]
 [ 3.3643758  -2.6762395 ]
 [ 3.441359   -2.7310636 ]
 [-0.14603059  0.837318  ]
 [ 0.9873048  -0.3135756 ]
 [ 3.0840874  -2.3624535 ]]
2025-12-21 21:08:50,612 - [INFO] - ------------------------------------------------------------
2025-12-21 21:08:50,612 - [INFO] - On Validation Set:
	Accuracy of RRL  Model: 0.9046302695231514
	F1 Score of RRL  Model: 0.738767660910518
2025-12-21 21:08:50,618 - [INFO] - On Validation Set:
Performance of  RRL Model: 
[[1231   55]
 [  83   78]]
              precision    recall  f1-score   support

           0       0.94      0.96      0.95      1286
           1       0.59      0.48      0.53       161

    accuracy                           0.90      1447
   macro avg       0.76      0.72      0.74      1447
weighted avg       0.90      0.90      0.90      1447

2025-12-21 21:08:50,618 - [INFO] - ------------------------------------------------------------
2025-12-21 21:08:51,231 - [INFO] - epoch: 75, loss_rrl: 108.46790917217731
2025-12-21 21:08:52,379 - [DEBUG] - y_true: (1447,) [0 0 0 0 0 1 0 0 0 0 0 0 0 0 0 0 0 1 0 0 0 0 0 0 1 0 0 0 0 0 0 0 0 0 0 0 0
 0 1 1 0]
2025-12-21 21:08:52,544 - [DEBUG] - y_rrl_: (1447,) [0 0 0 0 0 1 0 0 0 0 0 0 0 0 0 0 0 0 0 0 0 0 0 0 1 0 0 0 0 0 0 0 0 0 0 0 0
 0 1 0 0]
2025-12-21 21:08:52,544 - [DEBUG] - y_rrl: (1447, 2) [[ 3.8912232  -3.204412  ]
 [ 0.40945762  0.25096834]
 [ 2.971413   -2.2554889 ]
 [ 2.971413   -2.2554889 ]
 [ 3.3280833  -2.6233985 ]
 [ 0.03257201  0.648835  ]
 [ 3.8912232  -3.204412  ]
 [ 3.5345533  -2.836502  ]
 [ 3.8912232  -3.204412  ]
 [ 2.3600543  -1.6914145 ]
 [ 0.72998375 -0.05428933]
 [ 2.824293   -2.1483    ]
 [ 3.214027   -2.5312445 ]
 [ 3.3280833  -2.6233985 ]
 [ 3.8912232  -3.204412  ]
 [ 3.8912232  -3.204412  ]
 [ 2.971413   -2.2554889 ]
 [ 1.2931241  -0.6353024 ]
 [ 2.3564095  -1.6693085 ]
 [ 3.0336058  -2.342476  ]
 [ 3.8912232  -3.204412  ]
 [ 3.8912232  -3.204412  ]
 [ 3.8912232  -3.204412  ]
 [ 3.3280833  -2.6233985 ]
 [ 0.13215351  0.54261345]
 [ 0.9725978  -0.33004487]
 [ 2.4676225  -1.7803904 ]
 [ 3.8912232  -3.204412  ]
 [ 3.0336058  -2.342476  ]
 [ 3.8912232  -3.204412  ]
 [ 3.8912232  -3.204412  ]
 [ 3.0336058  -2.342476  ]
 [ 1.2931241  -0.6353024 ]
 [ 1.2931241  -0.6353024 ]
 [ 3.8912232  -3.204412  ]
 [ 3.8912232  -3.204412  ]
 [ 3.8912232  -3.204412  ]
 [ 3.8912232  -3.204412  ]
 [ 0.03257201  0.648835  ]
 [ 1.5536044  -0.8809557 ]
 [ 3.5345533  -2.836502  ]]
2025-12-21 21:08:52,546 - [INFO] - ------------------------------------------------------------
2025-12-21 21:08:52,546 - [INFO] - On Validation Set:
	Accuracy of RRL  Model: 0.9032480995162405
	F1 Score of RRL  Model: 0.6843486281988955
2025-12-21 21:08:52,552 - [INFO] - On Validation Set:
Performance of  RRL Model: 
[[1256   30]
 [ 110   51]]
              precision    recall  f1-score   support

           0       0.92      0.98      0.95      1286
           1       0.63      0.32      0.42       161

    accuracy                           0.90      1447
   macro avg       0.77      0.65      0.68      1447
weighted avg       0.89      0.90      0.89      1447

2025-12-21 21:08:52,553 - [INFO] - ------------------------------------------------------------
2025-12-21 21:08:52,934 - [INFO] - epoch: 76, loss_rrl: 109.23982778564095
2025-12-21 21:08:54,291 - [DEBUG] - y_true: (1447,) [0 0 0 0 0 1 0 0 0 0 0 0 0 0 0 0 0 1 0 0 0 0 0 0 1 0 0 0 0 0 0 0 0 0 0 0 0
 0 1 1 0]
2025-12-21 21:08:54,454 - [DEBUG] - y_rrl_: (1447,) [0 0 0 0 0 1 0 0 0 0 0 0 0 0 0 0 0 0 0 0 0 0 0 0 1 0 0 0 0 0 0 0 1 1 0 0 0
 0 1 0 0]
2025-12-21 21:08:54,455 - [DEBUG] - y_rrl: (1447, 2) [[ 3.9985487  -3.3171535 ]
 [ 1.0109695  -0.35370713]
 [ 2.818176   -2.1034222 ]
 [ 2.818176   -2.1034222 ]
 [ 3.9985487  -3.3171535 ]
 [-0.07912393  0.75983536]
 [ 3.9985487  -3.3171535 ]
 [ 3.7467015  -3.0607538 ]
 [ 3.9985487  -3.3171535 ]
 [ 2.2430017  -1.5931934 ]
 [ 0.40253273  0.24084328]
 [ 2.778782   -2.1082184 ]
 [ 3.9985487  -3.3171535 ]
 [ 3.7467015  -3.0607538 ]
 [ 3.6591794  -2.9649785 ]
 [ 3.2998323  -2.6224144 ]
 [ 3.9985487  -3.3171535 ]
 [ 0.4900551   0.14506774]
 [ 2.526935   -1.8518189 ]
 [ 2.8718073  -2.181573  ]
 [ 3.7467015  -3.0607538 ]
 [ 3.9985487  -3.3171535 ]
 [ 3.9985487  -3.3171535 ]
 [ 3.7467015  -3.0607538 ]
 [-0.07912393  0.75983536]
 [ 1.0867745  -0.4410856 ]
 [ 2.9459882  -2.2574294 ]
 [ 3.7467015  -3.0607538 ]
 [ 2.4249382  -1.7432331 ]
 [ 3.6447046  -2.9521685 ]
 [ 3.7467015  -3.0607538 ]
 [ 2.338627   -1.6522466 ]
 [ 0.04868868  0.6058284 ]
 [ 0.13621102  0.51005286]
 [ 3.9985487  -3.3171535 ]
 [ 3.7467015  -3.0607538 ]
 [ 3.9985487  -3.3171535 ]
 [ 3.7467015  -3.0607538 ]
 [ 0.2747202   0.39485025]
 [ 0.630234    0.04606717]
 [ 3.7467015  -3.0607538 ]]
2025-12-21 21:08:54,457 - [INFO] - ------------------------------------------------------------
2025-12-21 21:08:54,457 - [INFO] - On Validation Set:
	Accuracy of RRL  Model: 0.89426399447132
	F1 Score of RRL  Model: 0.6778422410519009
2025-12-21 21:08:54,463 - [INFO] - On Validation Set:
Performance of  RRL Model: 
[[1240   46]
 [ 107   54]]
              precision    recall  f1-score   support

           0       0.92      0.96      0.94      1286
           1       0.54      0.34      0.41       161

    accuracy                           0.89      1447
   macro avg       0.73      0.65      0.68      1447
weighted avg       0.88      0.89      0.88      1447

2025-12-21 21:08:54,463 - [INFO] - ------------------------------------------------------------
2025-12-21 21:08:54,599 - [INFO] - epoch: 77, loss_rrl: 108.5037543643266
2025-12-21 21:08:56,130 - [INFO] - epoch: 78, loss_rrl: 108.759083641693
2025-12-21 21:08:56,252 - [DEBUG] - y_true: (1447,) [0 0 0 0 0 1 0 0 0 0 0 0 0 0 0 0 0 1 0 0 0 0 0 0 1 0 0 0 0 0 0 0 0 0 0 0 0
 0 1 1 0]
2025-12-21 21:08:56,416 - [DEBUG] - y_rrl_: (1447,) [0 0 0 0 0 1 0 0 0 0 0 0 0 0 0 0 0 0 0 0 0 0 0 0 1 0 0 0 0 0 0 0 0 0 0 0 0
 0 0 0 0]
2025-12-21 21:08:56,417 - [DEBUG] - y_rrl: (1447, 2) [[ 4.020205   -3.3441439 ]
 [ 0.44963005  0.20704079]
 [ 2.7418942  -2.024652  ]
 [ 2.7418942  -2.024652  ]
 [ 3.688543   -2.999804  ]
 [-0.07291681  0.7484135 ]
 [ 4.020205   -3.3441439 ]
 [ 3.688543   -2.999804  ]
 [ 4.020205   -3.3441439 ]
 [ 2.8602629  -2.2127862 ]
 [ 1.477288   -0.82773393]
 [ 2.9688916  -2.3034313 ]
 [ 2.8438444  -2.1478724 ]
 [ 3.681196   -2.9940913 ]
 [ 3.681196   -2.9940913 ]
 [ 3.681196   -2.9940913 ]
 [ 4.020205   -3.3441439 ]
 [ 1.80895    -1.1720738 ]
 [ 2.1152616  -1.4261957 ]
 [ 2.803911   -2.1109178 ]
 [ 4.020205   -3.3441439 ]
 [ 3.681196   -2.9940913 ]
 [ 3.688543   -2.999804  ]
 [ 3.681196   -2.9940913 ]
 [-0.07291681  0.7484135 ]
 [ 1.1382792  -0.47768128]
 [ 2.6298828  -1.9533788 ]
 [ 3.3495343  -2.6497514 ]
 [ 2.803911   -2.1109178 ]
 [ 3.681196   -2.9940913 ]
 [ 4.020205   -3.3441439 ]
 [ 2.803911   -2.1109178 ]
 [ 1.1382792  -0.47768128]
 [ 1.4699411  -0.8220212 ]
 [ 4.020205   -3.3441439 ]
 [ 3.688543   -2.999804  ]
 [ 3.688543   -2.999804  ]
 [ 3.3495343  -2.6497514 ]
 [ 0.7717818  -0.10351799]
 [ 0.8117151  -0.14047265]
 [ 3.688543   -2.999804  ]]
2025-12-21 21:08:56,419 - [INFO] - ------------------------------------------------------------
2025-12-21 21:08:56,419 - [INFO] - On Validation Set:
	Accuracy of RRL  Model: 0.9039391845196959
	F1 Score of RRL  Model: 0.701115247159872
2025-12-21 21:08:56,425 - [INFO] - On Validation Set:
Performance of  RRL Model: 
[[1250   36]
 [ 103   58]]
              precision    recall  f1-score   support

           0       0.92      0.97      0.95      1286
           1       0.62      0.36      0.45       161

    accuracy                           0.90      1447
   macro avg       0.77      0.67      0.70      1447
weighted avg       0.89      0.90      0.89      1447

2025-12-21 21:08:56,425 - [INFO] - ------------------------------------------------------------
2025-12-21 21:08:57,809 - [INFO] - epoch: 79, loss_rrl: 110.02966018393636
2025-12-21 21:08:58,171 - [DEBUG] - y_true: (1447,) [0 0 0 0 0 1 0 0 0 0 0 0 0 0 0 0 0 1 0 0 0 0 0 0 1 0 0 0 0 0 0 0 0 0 0 0 0
 0 1 1 0]
2025-12-21 21:08:58,346 - [DEBUG] - y_rrl_: (1447,) [0 0 0 0 0 1 0 0 0 0 0 0 0 0 0 0 0 0 0 0 0 0 0 0 1 0 0 0 0 0 0 0 0 0 0 0 0
 0 1 0 0]
2025-12-21 21:08:58,347 - [DEBUG] - y_rrl: (1447, 2) [[ 3.5515141  -2.8877466 ]
 [ 0.39900622  0.24461025]
 [ 2.3603888  -1.6639574 ]
 [ 2.731145   -2.027724  ]
 [ 3.5515141  -2.8877466 ]
 [-0.20782626  0.8781396 ]
 [ 3.9222703  -3.2515132 ]
 [ 3.342461   -2.656298  ]
 [ 3.9222703  -3.2515132 ]
 [ 2.1894965  -1.5315111 ]
 [ 0.9521132  -0.31606913]
 [ 2.4758337  -1.8046224 ]
 [ 3.390545   -2.7235556 ]
 [ 3.3181872  -2.6499605 ]
 [ 3.9222703  -3.2515132 ]
 [ 3.5515141  -2.8877466 ]
 [ 3.2050319  -2.5303173 ]
 [ 1.0895426  -0.44204974]
 [ 1.7129401  -1.0443676 ]
 [ 2.7742324  -2.094794  ]
 [ 3.6889434  -3.0137272 ]
 [ 3.5515141  -2.8877466 ]
 [ 3.5515141  -2.8877466 ]
 [ 3.3181872  -2.6499605 ]
 [-0.20782626  0.8781396 ]
 [ 1.3228694  -0.6798358 ]
 [ 1.8910978  -1.2413394 ]
 [ 3.6889434  -3.0137272 ]
 [ 3.0075593  -2.3325803 ]
 [ 3.575788   -2.894084  ]
 [ 3.6889434  -3.0137272 ]
 [ 2.7742324  -2.094794  ]
 [ 0.9521132  -0.31606913]
 [ 0.7187864  -0.07828306]
 [ 3.9222703  -3.2515132 ]
 [ 3.342461   -2.656298  ]
 [ 3.5515141  -2.8877466 ]
 [ 3.3181872  -2.6499605 ]
 [-0.20782626  0.8781396 ]
 [ 1.0221813  -0.3686424 ]
 [ 2.971705   -2.2925313 ]]
2025-12-21 21:08:58,350 - [INFO] - ------------------------------------------------------------
2025-12-21 21:08:58,350 - [INFO] - On Validation Set:
	Accuracy of RRL  Model: 0.8977194194885971
	F1 Score of RRL  Model: 0.7248059624775123
2025-12-21 21:08:58,358 - [INFO] - On Validation Set:
Performance of  RRL Model: 
[[1223   63]
 [  85   76]]
              precision    recall  f1-score   support

           0       0.94      0.95      0.94      1286
           1       0.55      0.47      0.51       161

    accuracy                           0.90      1447
   macro avg       0.74      0.71      0.72      1447
weighted avg       0.89      0.90      0.89      1447

2025-12-21 21:08:58,358 - [INFO] - ------------------------------------------------------------
2025-12-21 21:08:59,464 - [INFO] - epoch: 80, loss_rrl: 108.53769793733954
2025-12-21 21:09:00,046 - [DEBUG] - y_true: (1447,) [0 0 0 0 0 1 0 0 0 0 0 0 0 0 0 0 0 1 0 0 0 0 0 0 1 0 0 0 0 0 0 0 0 0 0 0 0
 0 1 1 0]
2025-12-21 21:09:00,208 - [DEBUG] - y_rrl_: (1447,) [0 0 0 0 0 1 0 0 0 0 0 0 0 0 0 0 0 0 0 0 0 0 0 0 1 0 0 0 0 0 0 0 0 0 0 0 0
 0 0 0 0]
2025-12-21 21:09:00,208 - [DEBUG] - y_rrl: (1447, 2) [[ 3.9350088  -3.2695353 ]
 [ 0.9606423  -0.337158  ]
 [ 2.565383   -1.8789144 ]
 [ 2.942583   -2.2492013 ]
 [ 3.5578086  -2.899248  ]
 [-0.00821782  0.66895485]
 [ 3.9350088  -3.2695353 ]
 [ 3.5706265  -2.8943028 ]
 [ 3.9350088  -3.2695353 ]
 [ 2.4286096  -1.780062  ]
 [ 1.1755977  -0.53460205]
 [ 2.3047965  -1.6537882 ]
 [ 3.5578086  -2.899248  ]
 [ 3.5578086  -2.899248  ]
 [ 3.9350088  -3.2695353 ]
 [ 3.2172332  -2.5555868 ]
 [ 3.5706265  -2.8943028 ]
 [ 1.1755977  -0.53460205]
 [ 2.6378958  -1.9829105 ]
 [ 2.4560528  -1.7901154 ]
 [ 3.9350088  -3.2695353 ]
 [ 3.5578086  -2.899248  ]
 [ 3.5578086  -2.899248  ]
 [ 3.9350088  -3.2695353 ]
 [ 0.11201991  0.5422808 ]
 [ 1.301218   -0.68081915]
 [ 1.1755977  -0.53460205]
 [ 3.9350088  -3.2695353 ]
 [ 1.9404144  -1.278556  ]
 [ 3.9350088  -3.2695353 ]
 [ 3.9350088  -3.2695353 ]
 [ 2.6140888  -1.9513392 ]
 [ 1.1755977  -0.53460205]
 [ 0.7983975  -0.16431466]
 [ 3.5578086  -2.899248  ]
 [ 3.9350088  -3.2695353 ]
 [ 3.5578086  -2.899248  ]
 [ 3.9350088  -3.2695353 ]
 [ 1.1063561  -0.43523297]
 [ 0.82582825 -0.17739835]
 [ 3.5706265  -2.8943028 ]]
2025-12-21 21:09:00,210 - [INFO] - ------------------------------------------------------------
2025-12-21 21:09:00,211 - [INFO] - On Validation Set:
	Accuracy of RRL  Model: 0.9060124395300622
	F1 Score of RRL  Model: 0.6862812615576896
2025-12-21 21:09:00,216 - [INFO] - On Validation Set:
Performance of  RRL Model: 
[[1261   25]
 [ 111   50]]
              precision    recall  f1-score   support

           0       0.92      0.98      0.95      1286
           1       0.67      0.31      0.42       161

    accuracy                           0.91      1447
   macro avg       0.79      0.65      0.69      1447
weighted avg       0.89      0.91      0.89      1447

2025-12-21 21:09:00,216 - [INFO] - ------------------------------------------------------------
2025-12-21 21:09:01,115 - [INFO] - epoch: 81, loss_rrl: 110.07101692445576
2025-12-21 21:09:01,930 - [DEBUG] - y_true: (1447,) [0 0 0 0 0 1 0 0 0 0 0 0 0 0 0 0 0 1 0 0 0 0 0 0 1 0 0 0 0 0 0 0 0 0 0 0 0
 0 1 1 0]
2025-12-21 21:09:02,092 - [DEBUG] - y_rrl_: (1447,) [0 0 0 0 0 1 0 0 0 0 0 0 0 0 0 0 0 0 0 0 0 0 0 0 1 0 0 0 0 0 0 0 0 0 0 0 0
 0 1 0 0]
2025-12-21 21:09:02,093 - [DEBUG] - y_rrl: (1447, 2) [[ 4.0096917  -3.349477  ]
 [ 0.7413618  -0.11182726]
 [ 3.0123148  -2.3244894 ]
 [ 3.0123148  -2.3244894 ]
 [ 4.0096917  -3.349477  ]
 [-0.85841423  1.5146492 ]
 [ 4.0096917  -3.349477  ]
 [ 4.0096917  -3.349477  ]
 [ 4.0096917  -3.349477  ]
 [ 2.8578246  -2.224986  ]
 [ 1.7912561  -1.168697  ]
 [ 2.9431233  -2.293188  ]
 [ 3.3187463  -2.6623092 ]
 [ 4.0096917  -3.349477  ]
 [ 4.0096917  -3.349477  ]
 [ 4.0096917  -3.349477  ]
 [ 4.0096917  -3.349477  ]
 [ 1.7912561  -1.168697  ]
 [ 2.3913531  -1.7307595 ]
 [ 3.0822985  -2.4179275 ]
 [ 4.0096917  -3.349477  ]
 [ 4.0096917  -3.349477  ]
 [ 4.0096917  -3.349477  ]
 [ 4.0096917  -3.349477  ]
 [-0.85841423  1.5146492 ]
 [ 0.7413618  -0.11182726]
 [ 2.0007515  -1.3608432 ]
 [ 4.0096917  -3.349477  ]
 [ 3.0822985  -2.4179275 ]
 [ 3.6507428  -2.9797752 ]
 [ 4.0096917  -3.349477  ]
 [ 3.0822985  -2.4179275 ]
 [ 1.4323071  -0.79899526]
 [ 1.4323071  -0.79899526]
 [ 4.0096917  -3.349477  ]
 [ 4.0096917  -3.349477  ]
 [ 4.0096917  -3.349477  ]
 [ 4.0096917  -3.349477  ]
 [ 0.19148019  0.45777944]
 [ 1.594234   -0.9470043 ]
 [ 4.0096917  -3.349477  ]]
2025-12-21 21:09:02,095 - [INFO] - ------------------------------------------------------------
2025-12-21 21:09:02,095 - [INFO] - On Validation Set:
	Accuracy of RRL  Model: 0.9060124395300622
	F1 Score of RRL  Model: 0.7485998691848581
2025-12-21 21:09:02,101 - [INFO] - On Validation Set:
Performance of  RRL Model: 
[[1228   58]
 [  78   83]]
              precision    recall  f1-score   support

           0       0.94      0.95      0.95      1286
           1       0.59      0.52      0.55       161

    accuracy                           0.91      1447
   macro avg       0.76      0.74      0.75      1447
weighted avg       0.90      0.91      0.90      1447

2025-12-21 21:09:02,101 - [INFO] - ------------------------------------------------------------
2025-12-21 21:09:02,948 - [INFO] - epoch: 82, loss_rrl: 109.89524697326124
2025-12-21 21:09:04,026 - [DEBUG] - y_true: (1447,) [0 0 0 0 0 1 0 0 0 0 0 0 0 0 0 0 0 1 0 0 0 0 0 0 1 0 0 0 0 0 0 0 0 0 0 0 0
 0 1 1 0]
2025-12-21 21:09:04,177 - [DEBUG] - y_rrl_: (1447,) [0 1 0 0 0 1 0 0 0 0 0 0 0 0 0 0 0 0 0 0 0 0 0 0 1 0 0 0 0 0 0 0 0 0 0 0 0
 0 0 0 0]
2025-12-21 21:09:04,178 - [DEBUG] - y_rrl: (1447, 2) [[ 3.964832   -3.3098545 ]
 [ 0.04011375  0.60130125]
 [ 2.96474    -2.2824476 ]
 [ 2.96474    -2.2824476 ]
 [ 3.964832   -3.3098545 ]
 [ 0.05332913  0.5972432 ]
 [ 3.964832   -3.3098545 ]
 [ 3.6085012  -2.942867  ]
 [ 3.964832   -3.3098545 ]
 [ 2.4465477  -1.8078898 ]
 [ 1.3615057  -0.7330219 ]
 [ 2.5234587  -1.867999  ]
 [ 3.6085012  -2.942867  ]
 [ 3.6085012  -2.942867  ]
 [ 3.6085012  -2.942867  ]
 [ 3.6085012  -2.942867  ]
 [ 3.6085012  -2.942867  ]
 [ 1.3615057  -0.7330219 ]
 [ 2.3686724  -1.7132982 ]
 [ 3.0463033  -2.3872018 ]
 [ 3.964832   -3.3098545 ]
 [ 3.6085012  -2.942867  ]
 [ 3.964832   -3.3098545 ]
 [ 3.6085012  -2.942867  ]
 [-0.8622831   1.5134534 ]
 [ 1.3615057  -0.7330219 ]
 [ 2.5234587  -1.867999  ]
 [ 3.6085012  -2.942867  ]
 [ 3.0463033  -2.3872018 ]
 [ 3.6085012  -2.942867  ]
 [ 3.964832   -3.3098545 ]
 [ 3.0463033  -2.3872018 ]
 [ 1.3615057  -0.7330219 ]
 [ 1.3615057  -0.7330219 ]
 [ 3.964832   -3.3098545 ]
 [ 3.6085012  -2.942867  ]
 [ 3.964832   -3.3098545 ]
 [ 3.6085012  -2.942867  ]
 [ 0.5761735   0.07804035]
 [ 1.211954   -0.5590724 ]
 [ 3.6085012  -2.942867  ]]
2025-12-21 21:09:04,180 - [INFO] - ------------------------------------------------------------
2025-12-21 21:09:04,180 - [INFO] - On Validation Set:
	Accuracy of RRL  Model: 0.9004837595024188
	F1 Score of RRL  Model: 0.7019260479967041
2025-12-21 21:09:04,186 - [INFO] - On Validation Set:
Performance of  RRL Model: 
[[1242   44]
 [ 100   61]]
              precision    recall  f1-score   support

           0       0.93      0.97      0.95      1286
           1       0.58      0.38      0.46       161

    accuracy                           0.90      1447
   macro avg       0.75      0.67      0.70      1447
weighted avg       0.89      0.90      0.89      1447

2025-12-21 21:09:04,186 - [INFO] - ------------------------------------------------------------
2025-12-21 21:09:04,609 - [INFO] - epoch: 83, loss_rrl: 111.44585639052093
2025-12-21 21:09:06,256 - [DEBUG] - y_true: (1447,) [0 0 0 0 0 1 0 0 0 0 0 0 0 0 0 0 0 1 0 0 0 0 0 0 1 0 0 0 0 0 0 0 0 0 0 0 0
 0 1 1 0]
2025-12-21 21:09:06,405 - [DEBUG] - y_rrl_: (1447,) [0 0 0 0 0 1 0 0 0 0 0 0 0 0 0 0 0 0 0 0 0 0 0 0 1 0 0 0 0 0 0 0 0 0 0 0 0
 0 0 0 0]
2025-12-21 21:09:06,406 - [DEBUG] - y_rrl: (1447, 2) [[ 3.9177048  -3.2679675 ]
 [ 0.45316353  0.17260033]
 [ 2.3684638  -1.6753545 ]
 [ 2.3684638  -1.6753545 ]
 [ 3.625468   -2.9636605 ]
 [-0.29576576  0.94554347]
 [ 3.9177048  -3.2679675 ]
 [ 3.3946002  -2.7285125 ]
 [ 3.9177048  -3.2679675 ]
 [ 2.1306422  -1.5098873 ]
 [ 1.5384197  -0.91347384]
 [ 3.3868515  -2.740713  ]
 [ 3.625468   -2.9636605 ]
 [ 3.330757   -2.666179  ]
 [ 3.625468   -2.9636605 ]
 [ 3.9177048  -3.2679675 ]
 [ 3.9177048  -3.2679675 ]
 [ 1.5997885  -0.9826328 ]
 [ 2.1667821  -1.5108413 ]
 [ 2.4613392  -1.7911607 ]
 [ 3.686837   -3.0328195 ]
 [ 3.5616248  -2.9013271 ]
 [ 3.625468   -2.9636605 ]
 [ 3.686837   -3.0328195 ]
 [ 0.06031431  0.5789031 ]
 [ 0.9612389  -0.34276253]
 [ 3.0307715  -2.3740726 ]
 [ 3.3946002  -2.7285125 ]
 [ 3.269388   -2.5970201 ]
 [ 3.9177048  -3.2679675 ]
 [ 3.686837   -3.0328195 ]
 [ 1.9304854  -1.2639062 ]
 [ 1.1823397  -0.54683346]
 [ 1.2437085  -0.61599237]
 [ 3.9177048  -3.2679675 ]
 [ 3.3946002  -2.7285125 ]
 [ 3.625468   -2.9636605 ]
 [ 3.3946002  -2.7285125 ]
 [ 1.1683488  -0.5190629 ]
 [ 1.1683488  -0.5190629 ]
 [ 3.3946002  -2.7285125 ]]
2025-12-21 21:09:06,408 - [INFO] - ------------------------------------------------------------
2025-12-21 21:09:06,408 - [INFO] - On Validation Set:
	Accuracy of RRL  Model: 0.8997926744989634
	F1 Score of RRL  Model: 0.6988380688546474
2025-12-21 21:09:06,414 - [INFO] - On Validation Set:
Performance of  RRL Model: 
[[1242   44]
 [ 101   60]]
              precision    recall  f1-score   support

           0       0.92      0.97      0.94      1286
           1       0.58      0.37      0.45       161

    accuracy                           0.90      1447
   macro avg       0.75      0.67      0.70      1447
weighted avg       0.89      0.90      0.89      1447

2025-12-21 21:09:06,414 - [INFO] - ------------------------------------------------------------
2025-12-21 21:09:06,562 - [INFO] - epoch: 84, loss_rrl: 108.43271024338901
2025-12-21 21:09:07,879 - [INFO] - epoch: 85, loss_rrl: 109.65897682495415
2025-12-21 21:09:07,957 - [DEBUG] - y_true: (1447,) [0 0 0 0 0 1 0 0 0 0 0 0 0 0 0 0 0 1 0 0 0 0 0 0 1 0 0 0 0 0 0 0 0 0 0 0 0
 0 1 1 0]
2025-12-21 21:09:08,108 - [DEBUG] - y_rrl_: (1447,) [0 0 0 0 0 1 0 0 0 0 0 0 0 0 0 0 0 0 0 0 0 0 0 0 1 0 0 0 0 0 0 0 0 0 0 0 0
 0 0 0 0]
2025-12-21 21:09:08,109 - [DEBUG] - y_rrl: (1447, 2) [[ 4.0433364  -3.3987954 ]
 [ 0.75977993 -0.14454901]
 [ 3.024225   -2.3529527 ]
 [ 3.024225   -2.3529527 ]
 [ 4.0433364  -3.3987954 ]
 [-0.14554006  0.7902409 ]
 [ 4.0433364  -3.3987954 ]
 [ 3.7112072  -3.0562007 ]
 [ 4.0433364  -3.3987954 ]
 [ 2.5249574  -1.8961364 ]
 [ 1.4359185  -0.81706023]
 [ 2.6221678  -1.977125  ]
 [ 3.2058892  -2.5544398 ]
 [ 3.7112072  -3.0562007 ]
 [ 3.7112072  -3.0562007 ]
 [ 3.7112072  -3.0562007 ]
 [ 3.7112072  -3.0562007 ]
 [ 1.4359185  -0.81706023]
 [ 2.451347   -1.8063748 ]
 [ 3.1274858  -2.478886  ]
 [ 4.0433364  -3.3987954 ]
 [ 3.7112072  -3.0562007 ]
 [ 4.0433364  -3.3987954 ]
 [ 3.7112072  -3.0562007 ]
 [-0.82167864  1.4627521 ]
 [ 1.4359185  -0.81706023]
 [ 3.2058892  -2.5544398 ]
 [ 3.7112072  -3.0562007 ]
 [ 3.1274858  -2.478886  ]
 [ 3.7112072  -3.0562007 ]
 [ 4.0433364  -3.3987954 ]
 [ 3.1274858  -2.478886  ]
 [ 1.4359185  -0.81706023]
 [ 1.4359185  -0.81706023]
 [ 4.0433364  -3.3987954 ]
 [ 3.7112072  -3.0562007 ]
 [ 4.0433364  -3.3987954 ]
 [ 3.7112072  -3.0562007 ]
 [ 0.35977772  0.2884798 ]
 [ 0.7163395  -0.07718512]
 [ 3.7112072  -3.0562007 ]]
2025-12-21 21:09:08,111 - [INFO] - ------------------------------------------------------------
2025-12-21 21:09:08,111 - [INFO] - On Validation Set:
	Accuracy of RRL  Model: 0.9032480995162405
	F1 Score of RRL  Model: 0.6912869090288445
2025-12-21 21:09:08,117 - [INFO] - On Validation Set:
Performance of  RRL Model: 
[[1253   33]
 [ 107   54]]
              precision    recall  f1-score   support

           0       0.92      0.97      0.95      1286
           1       0.62      0.34      0.44       161

    accuracy                           0.90      1447
   macro avg       0.77      0.65      0.69      1447
weighted avg       0.89      0.90      0.89      1447

2025-12-21 21:09:08,117 - [INFO] - ------------------------------------------------------------
2025-12-21 21:09:09,533 - [INFO] - epoch: 86, loss_rrl: 109.19092928618193
2025-12-21 21:09:09,862 - [DEBUG] - y_true: (1447,) [0 0 0 0 0 1 0 0 0 0 0 0 0 0 0 0 0 1 0 0 0 0 0 0 1 0 0 0 0 0 0 0 0 0 0 0 0
 0 1 1 0]
2025-12-21 21:09:10,017 - [DEBUG] - y_rrl_: (1447,) [0 0 0 0 0 1 0 0 0 0 0 0 0 0 0 0 0 0 0 0 0 0 0 0 1 0 0 0 0 0 0 0 0 0 0 0 0
 0 1 0 0]
2025-12-21 21:09:10,017 - [DEBUG] - y_rrl: (1447, 2) [[ 4.12939    -3.4900022 ]
 [ 0.5677427   0.0469712 ]
 [ 2.4947042  -1.831223  ]
 [ 2.8947442  -2.2247243 ]
 [ 3.7293499  -3.096501  ]
 [-0.09657638  0.73623675]
 [ 4.12939    -3.4900022 ]
 [ 3.5686007  -2.9146514 ]
 [ 4.12939    -3.4900022 ]
 [ 2.3895037  -1.7613527 ]
 [ 1.4843023  -0.87020046]
 [ 2.263359   -1.6299978 ]
 [ 3.3917496  -2.7485292 ]
 [ 3.1685607  -2.5211504 ]
 [ 3.7917895  -3.1420302 ]
 [ 3.7917895  -3.1420302 ]
 [ 3.7917895  -3.1420302 ]
 [ 1.2611136  -0.64282155]
 [ 2.2669592  -1.6229318 ]
 [ 2.96033    -2.3127246 ]
 [ 3.906201   -3.2626233 ]
 [ 3.3917496  -2.7485292 ]
 [ 3.7293499  -3.096501  ]
 [ 3.5686007  -2.9146514 ]
 [-0.09657638  0.73623675]
 [ 1.0842624  -0.47669932]
 [ 2.092573   -1.4721271 ]
 [ 3.5686007  -2.9146514 ]
 [ 2.7834787  -2.1466024 ]
 [ 3.7917895  -3.1420302 ]
 [ 3.906201   -3.2626233 ]
 [ 2.56029    -1.9192234 ]
 [ 1.4843023  -0.87020046]
 [ 0.86107385 -0.24932046]
 [ 3.7293499  -3.096501  ]
 [ 3.5686007  -2.9146514 ]
 [ 3.7293499  -3.096501  ]
 [ 3.5686007  -2.9146514 ]
 [-0.09657638  0.73623675]
 [ 1.3156075  -0.67792445]
 [ 3.5686007  -2.9146514 ]]
2025-12-21 21:09:10,020 - [INFO] - ------------------------------------------------------------
2025-12-21 21:09:10,020 - [INFO] - On Validation Set:
	Accuracy of RRL  Model: 0.9067035245335177
	F1 Score of RRL  Model: 0.7076430804597014
2025-12-21 21:09:10,026 - [INFO] - On Validation Set:
Performance of  RRL Model: 
[[1253   33]
 [ 102   59]]
              precision    recall  f1-score   support

           0       0.92      0.97      0.95      1286
           1       0.64      0.37      0.47       161

    accuracy                           0.91      1447
   macro avg       0.78      0.67      0.71      1447
weighted avg       0.89      0.91      0.90      1447

2025-12-21 21:09:10,026 - [INFO] - ------------------------------------------------------------
2025-12-21 21:09:11,201 - [INFO] - epoch: 87, loss_rrl: 108.78966151550412
2025-12-21 21:09:11,770 - [DEBUG] - y_true: (1447,) [0 0 0 0 0 1 0 0 0 0 0 0 0 0 0 0 0 1 0 0 0 0 0 0 1 0 0 0 0 0 0 0 0 0 0 0 0
 0 1 1 0]
2025-12-21 21:09:11,920 - [DEBUG] - y_rrl_: (1447,) [0 0 0 0 0 1 0 0 0 0 0 0 0 0 0 0 0 0 0 0 0 0 0 0 1 0 0 0 0 0 0 0 0 0 0 0 0
 0 1 0 0]
2025-12-21 21:09:11,921 - [DEBUG] - y_rrl: (1447, 2) [[ 3.7455738  -3.1071799 ]
 [ 1.4497817  -0.8465577 ]
 [ 2.991453   -2.349248  ]
 [ 3.401993   -2.753321  ]
 [ 3.3350337  -2.7031069 ]
 [-0.3050665   0.939701  ]
 [ 3.986603   -3.3523545 ]
 [ 3.401993   -2.753321  ]
 [ 3.986603   -3.3523545 ]
 [ 2.245024   -1.6217648 ]
 [ 1.1062007  -0.49269867]
 [ 2.43724    -1.819215  ]
 [ 3.576063   -2.9482815 ]
 [ 2.991453   -2.349248  ]
 [ 3.986603   -3.3523545 ]
 [ 3.401993   -2.753321  ]
 [ 3.401993   -2.753321  ]
 [ 1.1062007  -0.49269867]
 [ 2.1050308  -1.4661723 ]
 [ 2.8003998  -2.1580102 ]
 [ 3.7455738  -3.1071799 ]
 [ 2.991453   -2.349248  ]
 [ 3.3350337  -2.7031069 ]
 [ 3.7455738  -3.1071799 ]
 [ 0.03851451  0.585842  ]
 [ 1.2802707  -0.68765926]
 [ 3.1057923  -2.4647396 ]
 [ 3.7455738  -3.1071799 ]
 [ 2.6308887  -1.9991117 ]
 [ 3.986603   -3.3523545 ]
 [ 3.7455738  -3.1071799 ]
 [ 2.3898597  -1.753937  ]
 [ 1.1062007  -0.49269867]
 [ 0.6956607  -0.08862564]
 [ 3.576063   -2.9482815 ]
 [ 3.7455738  -3.1071799 ]
 [ 3.3350337  -2.7031069 ]
 [ 3.7455738  -3.1071799 ]
 [ 0.23216328  0.40594542]
 [ 1.1311517  -0.49848133]
 [ 3.401993   -2.753321  ]]
2025-12-21 21:09:11,923 - [INFO] - ------------------------------------------------------------
2025-12-21 21:09:11,923 - [INFO] - On Validation Set:
	Accuracy of RRL  Model: 0.907394609536973
	F1 Score of RRL  Model: 0.7333811849602887
2025-12-21 21:09:11,929 - [INFO] - On Validation Set:
Performance of  RRL Model: 
[[1241   45]
 [  89   72]]
              precision    recall  f1-score   support

           0       0.93      0.97      0.95      1286
           1       0.62      0.45      0.52       161

    accuracy                           0.91      1447
   macro avg       0.77      0.71      0.73      1447
weighted avg       0.90      0.91      0.90      1447

2025-12-21 21:09:11,929 - [INFO] - ------------------------------------------------------------
2025-12-21 21:09:12,865 - [INFO] - epoch: 88, loss_rrl: 108.89014802873135
2025-12-21 21:09:13,654 - [DEBUG] - y_true: (1447,) [0 0 0 0 0 1 0 0 0 0 0 0 0 0 0 0 0 1 0 0 0 0 0 0 1 0 0 0 0 0 0 0 0 0 0 0 0
 0 1 1 0]
2025-12-21 21:09:13,804 - [DEBUG] - y_rrl_: (1447,) [0 1 0 0 0 1 0 0 0 0 0 0 0 0 0 0 0 0 0 0 0 0 0 0 1 0 0 0 0 0 0 0 0 1 0 0 0
 0 1 0 0]
2025-12-21 21:09:13,804 - [DEBUG] - y_rrl: (1447, 2) [[ 4.1854033  -3.556278  ]
 [-0.37759164  1.0101268 ]
 [ 2.5640748  -1.8933649 ]
 [ 2.5640748  -1.8933649 ]
 [ 3.8919513  -3.2512193 ]
 [-0.10245725  0.73208135]
 [ 4.1854033  -3.556278  ]
 [ 2.9038208  -2.2432961 ]
 [ 4.1854033  -3.556278  ]
 [ 1.6430016  -1.0255153 ]
 [ 1.5188713  -0.93083185]
 [ 3.0731425  -2.4536715 ]
 [ 3.5522053  -2.901288  ]
 [ 3.5821917  -2.9387805 ]
 [ 3.8456576  -3.2063468 ]
 [ 3.8456576  -3.2063468 ]
 [ 4.1854033  -3.556278  ]
 [ 1.2554052  -0.66326547]
 [ 2.025455   -1.3801427 ]
 [ 1.9901805  -1.3256915 ]
 [ 3.9219377  -3.2887118 ]
 [ 3.8456576  -3.2063468 ]
 [ 3.8919513  -3.2512193 ]
 [ 3.5821917  -2.9387805 ]
 [-0.7918476   1.4179869 ]
 [ 0.8856733  -0.27584174]
 [ 3.3072908  -2.6714134 ]
 [ 2.5640748  -1.8933649 ]
 [ 2.9783113  -2.3336146 ]
 [ 3.8456576  -3.2063468 ]
 [ 3.9219377  -3.2887118 ]
 [ 2.7148454  -2.0660481 ]
 [ 1.1791254  -0.5809006 ]
 [ 0.19099495  0.42702255]
 [ 4.1854033  -3.556278  ]
 [ 2.9038208  -2.2432961 ]
 [ 3.8919513  -3.2512193 ]
 [ 2.5640748  -1.8933649 ]
 [ 0.2372885   0.38215014]
 [ 1.6430016  -1.0255153 ]
 [ 2.9038208  -2.2432961 ]]
2025-12-21 21:09:13,807 - [INFO] - ------------------------------------------------------------
2025-12-21 21:09:13,807 - [INFO] - On Validation Set:
	Accuracy of RRL  Model: 0.9018659295093296
	F1 Score of RRL  Model: 0.7295626125319827
2025-12-21 21:09:13,813 - [INFO] - On Validation Set:
Performance of  RRL Model: 
[[1230   56]
 [  86   75]]
              precision    recall  f1-score   support

           0       0.93      0.96      0.95      1286
           1       0.57      0.47      0.51       161

    accuracy                           0.90      1447
   macro avg       0.75      0.71      0.73      1447
weighted avg       0.89      0.90      0.90      1447

2025-12-21 21:09:13,813 - [INFO] - ------------------------------------------------------------
2025-12-21 21:09:14,416 - [INFO] - epoch: 89, loss_rrl: 109.53128599189222
2025-12-21 21:09:15,379 - [DEBUG] - y_true: (1447,) [0 0 0 0 0 1 0 0 0 0 0 0 0 0 0 0 0 1 0 0 0 0 0 0 1 0 0 0 0 0 0 0 0 0 0 0 0
 0 1 1 0]
2025-12-21 21:09:15,533 - [DEBUG] - y_rrl_: (1447,) [0 0 0 0 0 1 0 0 0 0 0 0 0 0 0 0 0 0 0 0 0 0 0 0 1 0 0 0 0 0 0 0 0 0 0 0 0
 0 1 0 0]
2025-12-21 21:09:15,534 - [DEBUG] - y_rrl: (1447, 2) [[ 3.951345   -3.3272963 ]
 [ 0.40182582  0.19871856]
 [ 2.5966105  -1.9429016 ]
 [ 2.5966105  -1.9429016 ]
 [ 3.951345   -3.3272963 ]
 [-0.29807284  0.92273647]
 [ 3.951345   -3.3272963 ]
 [ 3.327898   -2.6896996 ]
 [ 3.951345   -3.3272963 ]
 [ 2.198055   -1.584519  ]
 [ 1.350746   -0.75081867]
 [ 2.4805887  -1.8559989 ]
 [ 3.5935292  -2.9593875 ]
 [ 3.327898   -2.6896996 ]
 [ 3.5935292  -2.9593875 ]
 [ 3.951345   -3.3272963 ]
 [ 3.5935292  -2.9593875 ]
 [ 1.085115   -0.48113078]
 [ 2.4332507  -1.8147444 ]
 [ 2.7587242  -2.1266847 ]
 [ 3.6857138  -3.0576084 ]
 [ 3.5935292  -2.9593875 ]
 [ 3.951345   -3.3272963 ]
 [ 3.327898   -2.6896996 ]
 [-0.981362    1.6025859 ]
 [ 1.350746   -0.75081867]
 [ 2.4805887  -1.8559989 ]
 [ 3.327898   -2.6896996 ]
 [ 3.0243554  -2.3963728 ]
 [ 3.5935292  -2.9593875 ]
 [ 3.6857138  -3.0576084 ]
 [ 2.7587242  -2.1266847 ]
 [ 1.350746   -0.75081867]
 [ 1.085115   -0.48113078]
 [ 3.951345   -3.3272963 ]
 [ 3.327898   -2.6896996 ]
 [ 3.951345   -3.3272963 ]
 [ 3.327898   -2.6896996 ]
 [ 0.24569362  0.3823629 ]
 [ 1.0985832  -0.47586018]
 [ 3.327898   -2.6896996 ]]
2025-12-21 21:09:15,536 - [INFO] - ------------------------------------------------------------
2025-12-21 21:09:15,536 - [INFO] - On Validation Set:
	Accuracy of RRL  Model: 0.907394609536973
	F1 Score of RRL  Model: 0.7244859101294745
2025-12-21 21:09:15,542 - [INFO] - On Validation Set:
Performance of  RRL Model: 
[[1246   40]
 [  94   67]]
              precision    recall  f1-score   support

           0       0.93      0.97      0.95      1286
           1       0.63      0.42      0.50       161

    accuracy                           0.91      1447
   macro avg       0.78      0.69      0.72      1447
weighted avg       0.90      0.91      0.90      1447

2025-12-21 21:09:15,542 - [INFO] - ------------------------------------------------------------
2025-12-21 21:09:15,930 - [INFO] - epoch: 90, loss_rrl: 107.88753226771951
2025-12-21 21:09:17,055 - [DEBUG] - y_true: (1447,) [0 0 0 0 0 1 0 0 0 0 0 0 0 0 0 0 0 1 0 0 0 0 0 0 1 0 0 0 0 0 0 0 0 0 0 0 0
 0 1 1 0]
2025-12-21 21:09:17,204 - [DEBUG] - y_rrl_: (1447,) [0 0 0 0 0 1 0 0 0 0 0 0 0 0 0 0 0 0 0 0 0 0 0 0 1 0 0 0 0 0 0 0 0 0 0 0 0
 0 0 0 0]
2025-12-21 21:09:17,204 - [DEBUG] - y_rrl: (1447, 2) [[ 4.132386   -3.5134187 ]
 [ 0.9210402  -0.33519924]
 [ 2.7699156  -2.1216016 ]
 [ 2.7699156  -2.1216016 ]
 [ 4.132386   -3.5134187 ]
 [-0.1394705   0.7591689 ]
 [ 4.132386   -3.5134187 ]
 [ 3.512754   -2.8797712 ]
 [ 4.132386   -3.5134187 ]
 [ 2.0137286  -1.4112904 ]
 [ 1.0251985  -0.43352097]
 [ 2.8817008  -2.2694817 ]
 [ 4.132386   -3.5134187 ]
 [ 3.512754   -2.8797712 ]
 [ 4.132386   -3.5134187 ]
 [ 3.439681   -2.8241086 ]
 [ 3.774908   -3.1459394 ]
 [ 0.76304424 -0.1673533 ]
 [ 2.6201677  -2.0066795 ]
 [ 2.955395   -2.3285103 ]
 [ 3.8702316  -3.247251  ]
 [ 3.774908   -3.1459394 ]
 [ 4.132386   -3.5134187 ]
 [ 3.8702316  -3.247251  ]
 [ 0.21800706  0.39168942]
 [ 1.5180217  -0.9390491 ]
 [ 1.3830761  -0.78514874]
 [ 3.8702316  -3.247251  ]
 [ 3.0822034  -2.4566293 ]
 [ 4.132386   -3.5134187 ]
 [ 3.8702316  -3.247251  ]
 [ 2.397415   -1.7738829 ]
 [ 1.0251985  -0.43352097]
 [ 0.76304424 -0.1673533 ]
 [ 4.132386   -3.5134187 ]
 [ 3.8702316  -3.247251  ]
 [ 4.132386   -3.5134187 ]
 [ 3.8702316  -3.247251  ]
 [ 0.9758687  -0.34671956]
 [ 0.5781859   0.03618924]
 [ 3.512754   -2.8797712 ]]
2025-12-21 21:09:17,206 - [INFO] - ------------------------------------------------------------
2025-12-21 21:09:17,206 - [INFO] - On Validation Set:
	Accuracy of RRL  Model: 0.8997926744989634
	F1 Score of RRL  Model: 0.6693457516803378
2025-12-21 21:09:17,212 - [INFO] - On Validation Set:
Performance of  RRL Model: 
[[1255   31]
 [ 114   47]]
              precision    recall  f1-score   support

           0       0.92      0.98      0.95      1286
           1       0.60      0.29      0.39       161

    accuracy                           0.90      1447
   macro avg       0.76      0.63      0.67      1447
weighted avg       0.88      0.90      0.88      1447

2025-12-21 21:09:17,212 - [INFO] - ------------------------------------------------------------
2025-12-21 21:09:17,391 - [INFO] - epoch: 91, loss_rrl: 109.00716120377183
2025-12-21 21:09:18,763 - [INFO] - epoch: 92, loss_rrl: 109.08881909959018
2025-12-21 21:09:18,813 - [DEBUG] - y_true: (1447,) [0 0 0 0 0 1 0 0 0 0 0 0 0 0 0 0 0 1 0 0 0 0 0 0 1 0 0 0 0 0 0 0 0 0 0 0 0
 0 1 1 0]
2025-12-21 21:09:18,964 - [DEBUG] - y_rrl_: (1447,) [0 0 0 0 0 1 0 0 0 0 0 0 0 0 0 0 0 0 0 0 0 0 0 0 1 0 0 0 0 0 0 0 0 0 0 0 0
 0 0 0 0]
2025-12-21 21:09:18,964 - [DEBUG] - y_rrl: (1447, 2) [[ 4.138634   -3.5247436 ]
 [ 0.8522176  -0.26504537]
 [ 3.7812302  -3.1574292 ]
 [ 3.7812302  -3.1574292 ]
 [ 3.350889   -2.721847  ]
 [-0.1433921   0.758126  ]
 [ 4.138634   -3.5247436 ]
 [ 4.138634   -3.5247436 ]
 [ 4.138634   -3.5247436 ]
 [ 3.0102713  -2.420313  ]
 [ 0.82780325 -0.22077563]
 [ 3.5850098  -2.9744325 ]
 [ 3.2276065  -2.607118  ]
 [ 2.9934852  -2.3545325 ]
 [ 3.480944   -2.8458767 ]
 [ 3.7812302  -3.1574292 ]
 [ 3.350889   -2.721847  ]
 [ 1.9158347  -1.3352247 ]
 [ 2.5342038  -1.9197873 ]
 [ 3.2404172  -2.622652  ]
 [ 4.138634   -3.5247436 ]
 [ 3.7812302  -3.1574292 ]
 [ 4.138634   -3.5247436 ]
 [ 2.9934852  -2.3545325 ]
 [-0.8496055   1.4609909 ]
 [ 1.5584311  -0.9679103 ]
 [ 2.0992439  -1.5026873 ]
 [ 3.7812302  -3.1574292 ]
 [ 3.2404172  -2.622652  ]
 [ 3.7812302  -3.1574292 ]
 [ 4.138634   -3.5247436 ]
 [ 3.2404172  -2.622652  ]
 [ 1.2581449  -0.65635777]
 [ 1.5584311  -0.9679103 ]
 [ 4.138634   -3.5247436 ]
 [ 4.138634   -3.5247436 ]
 [ 4.138634   -3.5247436 ]
 [ 3.7812302  -3.1574292 ]
 [ 0.7676353  -0.1594996 ]
 [ 0.75482464 -0.14396559]
 [ 4.138634   -3.5247436 ]]
2025-12-21 21:09:18,966 - [INFO] - ------------------------------------------------------------
2025-12-21 21:09:18,966 - [INFO] - On Validation Set:
	Accuracy of RRL  Model: 0.9046302695231514
	F1 Score of RRL  Model: 0.7181487127371273
2025-12-21 21:09:18,972 - [INFO] - On Validation Set:
Performance of  RRL Model: 
[[1243   43]
 [  95   66]]
              precision    recall  f1-score   support

           0       0.93      0.97      0.95      1286
           1       0.61      0.41      0.49       161

    accuracy                           0.90      1447
   macro avg       0.77      0.69      0.72      1447
weighted avg       0.89      0.90      0.90      1447

2025-12-21 21:09:18,972 - [INFO] - ------------------------------------------------------------
2025-12-21 21:09:20,335 - [INFO] - epoch: 93, loss_rrl: 108.83620484173298
2025-12-21 21:09:20,605 - [DEBUG] - y_true: (1447,) [0 0 0 0 0 1 0 0 0 0 0 0 0 0 0 0 0 1 0 0 0 0 0 0 1 0 0 0 0 0 0 0 0 0 0 0 0
 0 1 1 0]
2025-12-21 21:09:20,759 - [DEBUG] - y_rrl_: (1447,) [0 1 0 0 0 1 0 0 0 0 0 0 0 0 0 0 0 0 0 0 0 0 0 0 1 0 0 0 0 0 0 0 0 0 0 0 0
 0 1 0 0]
2025-12-21 21:09:20,760 - [DEBUG] - y_rrl: (1447, 2) [[ 4.140377   -3.5315938 ]
 [-0.27686107  0.8782435 ]
 [ 3.1826847  -2.5662518 ]
 [ 3.5130577  -2.8905263 ]
 [ 3.0271878  -2.4095306 ]
 [-0.1756126   0.7853515 ]
 [ 4.140377   -3.5315938 ]
 [ 3.879064   -3.2663527 ]
 [ 4.140377   -3.5315938 ]
 [ 2.4036267  -1.8205837 ]
 [ 0.7471302  -0.16229118]
 [ 2.6750112  -2.0815754 ]
 [ 2.8691933  -2.2599616 ]
 [ 2.399868   -1.768463  ]
 [ 3.7743711  -3.155767  ]
 [ 3.7743711  -3.155767  ]
 [ 3.3575609  -2.7338047 ]
 [ 1.2686336  -0.69483924]
 [ 2.2258246  -1.6125717 ]
 [ 2.9528692  -2.3363132 ]
 [ 3.879064   -3.2663527 ]
 [ 3.443998   -2.831493  ]
 [ 3.8100045  -3.2073193 ]
 [ 2.730241   -2.0927374 ]
 [-0.1756126   0.7853515 ]
 [ 1.1639405  -0.58425367]
 [ 2.0545022  -1.462741  ]
 [ 3.5130577  -2.8905263 ]
 [ 2.8838096  -2.2772799 ]
 [ 3.7743711  -3.155767  ]
 [ 3.879064   -3.2663527 ]
 [ 2.6224961  -2.012039  ]
 [ 1.1639405  -0.58425367]
 [ 0.9026271  -0.31901267]
 [ 3.8100045  -3.2073193 ]
 [ 3.879064   -3.2663527 ]
 [ 3.8100045  -3.2073193 ]
 [ 3.5130577  -2.8905263 ]
 [ 0.19039384  0.40952495]
 [ 1.0460054  -0.45126322]
 [ 3.879064   -3.2663527 ]]
2025-12-21 21:09:20,762 - [INFO] - ------------------------------------------------------------
2025-12-21 21:09:20,762 - [INFO] - On Validation Set:
	Accuracy of RRL  Model: 0.899101589495508
	F1 Score of RRL  Model: 0.7018095076784101
2025-12-21 21:09:20,770 - [INFO] - On Validation Set:
Performance of  RRL Model: 
[[1239   47]
 [  99   62]]
              precision    recall  f1-score   support

           0       0.93      0.96      0.94      1286
           1       0.57      0.39      0.46       161

    accuracy                           0.90      1447
   macro avg       0.75      0.67      0.70      1447
weighted avg       0.89      0.90      0.89      1447

2025-12-21 21:09:20,771 - [INFO] - ------------------------------------------------------------
2025-12-21 21:09:21,957 - [INFO] - epoch: 94, loss_rrl: 108.88061489164829
2025-12-21 21:09:22,430 - [DEBUG] - y_true: (1447,) [0 0 0 0 0 1 0 0 0 0 0 0 0 0 0 0 0 1 0 0 0 0 0 0 1 0 0 0 0 0 0 0 0 0 0 0 0
 0 1 1 0]
2025-12-21 21:09:22,580 - [DEBUG] - y_rrl_: (1447,) [0 0 0 0 0 1 0 0 0 0 0 0 0 0 0 0 0 0 0 0 0 0 0 0 1 0 0 0 0 0 0 0 0 0 0 0 0
 0 1 1 0]
2025-12-21 21:09:22,580 - [DEBUG] - y_rrl: (1447, 2) [[ 4.002911   -3.3992088 ]
 [ 1.6022416  -1.0309228 ]
 [ 3.624596   -3.0111632 ]
 [ 3.624596   -3.0111632 ]
 [ 4.002911   -3.3992088 ]
 [-0.32594553  0.93071413]
 [ 4.002911   -3.3992088 ]
 [ 3.624596   -3.0111632 ]
 [ 4.002911   -3.3992088 ]
 [ 2.4785714  -1.8883502 ]
 [ 0.34189686  0.24695785]
 [ 3.2976642  -2.6972191 ]
 [ 4.002911   -3.3992088 ]
 [ 3.624596   -3.0111632 ]
 [ 4.002911   -3.3992088 ]
 [ 2.9193492  -2.3091736 ]
 [ 3.624596   -3.0111632 ]
 [ 0.64271194 -0.06489676]
 [ 2.3699503  -1.7656901 ]
 [ 3.0751972  -2.46768   ]
 [ 4.002911   -3.3992088 ]
 [ 3.624596   -3.0111632 ]
 [ 4.002911   -3.3992088 ]
 [ 4.002911   -3.3992088 ]
 [ 0.05236996  0.5426686 ]
 [ 1.7262744  -1.154932  ]
 [ 2.9193492  -2.3091736 ]
 [ 4.002911   -3.3992088 ]
 [ 2.3699503  -1.7656901 ]
 [ 4.002911   -3.3992088 ]
 [ 4.002911   -3.3992088 ]
 [ 3.0751972  -2.46768   ]
 [ 0.34189686  0.24695785]
 [ 0.64271194 -0.06489676]
 [ 4.002911   -3.3992088 ]
 [ 4.002911   -3.3992088 ]
 [ 4.002911   -3.3992088 ]
 [ 4.002911   -3.3992088 ]
 [ 0.25526845  0.3527338 ]
 [ 0.09942005  0.51124   ]
 [ 3.624596   -3.0111632 ]]
2025-12-21 21:09:22,583 - [INFO] - ------------------------------------------------------------
2025-12-21 21:09:22,583 - [INFO] - On Validation Set:
	Accuracy of RRL  Model: 0.9067035245335177
	F1 Score of RRL  Model: 0.7233563462559746
2025-12-21 21:09:22,589 - [INFO] - On Validation Set:
Performance of  RRL Model: 
[[1245   41]
 [  94   67]]
              precision    recall  f1-score   support

           0       0.93      0.97      0.95      1286
           1       0.62      0.42      0.50       161

    accuracy                           0.91      1447
   macro avg       0.78      0.69      0.72      1447
weighted avg       0.90      0.91      0.90      1447

2025-12-21 21:09:22,589 - [INFO] - ------------------------------------------------------------
2025-12-21 21:09:23,424 - [INFO] - epoch: 95, loss_rrl: 108.89799256809056
2025-12-21 21:09:24,103 - [DEBUG] - y_true: (1447,) [0 0 0 0 0 1 0 0 0 0 0 0 0 0 0 0 0 1 0 0 0 0 0 0 1 0 0 0 0 0 0 0 0 0 0 0 0
 0 1 1 0]
2025-12-21 21:09:24,255 - [DEBUG] - y_rrl_: (1447,) [0 0 0 0 0 1 0 0 0 0 0 0 0 0 0 0 0 0 0 0 0 0 0 0 1 0 0 0 0 0 0 0 0 0 0 0 0
 0 1 0 0]
2025-12-21 21:09:24,256 - [DEBUG] - y_rrl: (1447, 2) [[ 4.255565   -3.6568742 ]
 [ 0.6836797  -0.10662952]
 [ 3.6526577  -3.0404828 ]
 [ 3.6526577  -3.0404828 ]
 [ 3.4519513  -2.838639  ]
 [-0.05516135  0.6550223 ]
 [ 4.255565   -3.6568742 ]
 [ 3.6526577  -3.0404828 ]
 [ 4.255565   -3.6568742 ]
 [ 2.1527486  -1.5693856 ]
 [ 0.48247692  0.10261334]
 [ 3.340904   -2.7357676 ]
 [ 3.1840637  -2.5789437 ]
 [ 2.8490436  -2.2222476 ]
 [ 3.8909218  -3.2825897 ]
 [ 3.8909218  -3.2825897 ]
 [ 3.0873077  -2.4643545 ]
 [ 1.0478271  -0.4735148 ]
 [ 2.3908956  -1.7877879 ]
 [ 3.0977538  -2.491434  ]
 [ 4.0173016  -3.4147673 ]
 [ 3.8909218  -3.2825897 ]
 [ 4.255565   -3.6568742 ]
 [ 2.8490436  -2.2222476 ]
 [-0.05516135  0.6550223 ]
 [ 0.57923305 -0.01197579]
 [ 3.340904   -2.7357676 ]
 [ 3.6526577  -3.0404828 ]
 [ 3.3360178  -2.733541  ]
 [ 3.8909218  -3.2825897 ]
 [ 4.0173016  -3.4147673 ]
 [ 3.0977538  -2.491434  ]
 [ 1.2860913  -0.7156217 ]
 [ 1.0478271  -0.4735148 ]
 [ 4.255565   -3.6568742 ]
 [ 3.6526577  -3.0404828 ]
 [ 4.255565   -3.6568742 ]
 [ 3.6526577  -3.0404828 ]
 [-0.05516135  0.6550223 ]
 [ 1.3491344  -0.7511507 ]
 [ 3.6526577  -3.0404828 ]]
2025-12-21 21:09:24,258 - [INFO] - ------------------------------------------------------------
2025-12-21 21:09:24,258 - [INFO] - On Validation Set:
	Accuracy of RRL  Model: 0.9046302695231514
	F1 Score of RRL  Model: 0.6956970960427181
2025-12-21 21:09:24,264 - [INFO] - On Validation Set:
Performance of  RRL Model: 
[[1254   32]
 [ 106   55]]
              precision    recall  f1-score   support

           0       0.92      0.98      0.95      1286
           1       0.63      0.34      0.44       161

    accuracy                           0.90      1447
   macro avg       0.78      0.66      0.70      1447
weighted avg       0.89      0.90      0.89      1447

2025-12-21 21:09:24,264 - [INFO] - ------------------------------------------------------------
2025-12-21 21:09:24,894 - [INFO] - epoch: 96, loss_rrl: 109.19754241965711
2025-12-21 21:09:25,790 - [DEBUG] - y_true: (1447,) [0 0 0 0 0 1 0 0 0 0 0 0 0 0 0 0 0 1 0 0 0 0 0 0 1 0 0 0 0 0 0 0 0 0 0 0 0
 0 1 1 0]
2025-12-21 21:09:25,939 - [DEBUG] - y_rrl_: (1447,) [0 0 0 0 0 1 0 0 0 0 0 0 0 0 0 0 0 0 0 0 0 0 0 0 1 0 0 0 0 0 0 0 0 0 0 0 0
 0 0 0 0]
2025-12-21 21:09:25,940 - [DEBUG] - y_rrl: (1447, 2) [[ 3.953006   -3.359279  ]
 [ 0.39826098  0.17418101]
 [ 2.8034196  -2.1994963 ]
 [ 2.8034196  -2.1994963 ]
 [ 3.953006   -3.359279  ]
 [-0.3271997   0.922196  ]
 [ 3.953006   -3.359279  ]
 [ 3.1830177  -2.588646  ]
 [ 3.953006   -3.359279  ]
 [ 2.0276384  -1.4557838 ]
 [ 1.6981018  -1.1358446 ]
 [ 2.8534808  -2.2687066 ]
 [ 3.573408   -2.9701293 ]
 [ 3.3442996  -2.7372193 ]
 [ 3.573408   -2.9701293 ]
 [ 3.573408   -2.9701293 ]
 [ 3.412126   -2.8215559 ]
 [ 1.4689933  -0.90293473]
 [ 2.09452    -1.4964037 ]
 [ 2.7856543  -2.18437   ]
 [ 3.7238975  -3.1263688 ]
 [ 3.573408   -2.9701293 ]
 [ 3.953006   -3.359279  ]
 [ 3.3442996  -2.7372193 ]
 [-0.3271997   0.922196  ]
 [ 1.3185035  -0.7466953 ]
 [ 1.3185035  -0.7466953 ]
 [ 3.3442996  -2.7372193 ]
 [ 3.0147626  -2.4172802 ]
 [ 3.573408   -2.9701293 ]
 [ 3.7238975  -3.1263688 ]
 [ 2.7856543  -2.18437   ]
 [ 1.3185035  -0.7466953 ]
 [ 1.0893952  -0.51378524]
 [ 3.953006   -3.359279  ]
 [ 3.1830177  -2.588646  ]
 [ 3.953006   -3.359279  ]
 [ 3.3442996  -2.7372193 ]
 [ 0.59327835 -0.00467648]
 [ 1.4474488  -0.8638677 ]
 [ 3.1830177  -2.588646  ]]
2025-12-21 21:09:25,942 - [INFO] - ------------------------------------------------------------
2025-12-21 21:09:25,942 - [INFO] - On Validation Set:
	Accuracy of RRL  Model: 0.9018659295093296
	F1 Score of RRL  Model: 0.7099791102077688
2025-12-21 21:09:25,948 - [INFO] - On Validation Set:
Performance of  RRL Model: 
[[1241   45]
 [  97   64]]
              precision    recall  f1-score   support

           0       0.93      0.97      0.95      1286
           1       0.59      0.40      0.47       161

    accuracy                           0.90      1447
   macro avg       0.76      0.68      0.71      1447
weighted avg       0.89      0.90      0.89      1447

2025-12-21 21:09:25,948 - [INFO] - ------------------------------------------------------------
2025-12-21 21:09:26,366 - [INFO] - epoch: 97, loss_rrl: 107.85966508463025
2025-12-21 21:09:27,458 - [DEBUG] - y_true: (1447,) [0 0 0 0 0 1 0 0 0 0 0 0 0 0 0 0 0 1 0 0 0 0 0 0 1 0 0 0 0 0 0 0 0 0 0 0 0
 0 1 1 0]
2025-12-21 21:09:27,609 - [DEBUG] - y_rrl_: (1447,) [0 1 0 0 0 1 0 0 0 0 0 0 0 0 0 0 0 0 0 0 0 0 0 0 1 0 0 0 0 0 0 0 0 0 0 0 0
 0 0 0 0]
2025-12-21 21:09:27,609 - [DEBUG] - y_rrl: (1447, 2) [[ 3.9849386  -3.396172  ]
 [-0.44469923  1.0337558 ]
 [ 1.6763657  -1.0620787 ]
 [ 2.0118055  -1.3917118 ]
 [ 3.3591118  -2.7654443 ]
 [-0.07003763  0.65641177]
 [ 3.9849386  -3.396172  ]
 [ 2.7924542  -2.1866362 ]
 [ 3.9849386  -3.396172  ]
 [ 1.5790111  -1.0118827 ]
 [ 1.5790111  -1.0118827 ]
 [ 2.747402   -2.1580975 ]
 [ 2.4570146  -1.8570029 ]
 [ 3.273557   -2.6811345 ]
 [ 3.6089964  -3.0107677 ]
 [ 3.9849386  -3.396172  ]
 [ 3.0828414  -2.4877307 ]
 [ 1.5790111  -1.0118827 ]
 [ 2.406437   -1.8158245 ]
 [ 2.7405963  -2.1373978 ]
 [ 3.9849386  -3.396172  ]
 [ 3.273557   -2.6811345 ]
 [ 3.3591118  -2.7654443 ]
 [ 3.6089964  -3.0107677 ]
 [-1.0095965   1.5966072 ]
 [ 0.7106111  -0.13851255]
 [ 1.9144506  -1.3415158 ]
 [ 3.3186092  -2.7096732 ]
 [ 2.9831696  -2.38004   ]
 [ 3.6089964  -3.0107677 ]
 [ 3.9849386  -3.396172  ]
 [ 2.4051566  -1.8077643 ]
 [ 1.5790111  -1.0118827 ]
 [ 1.5790111  -1.0118827 ]
 [ 3.6494992  -3.0665388 ]
 [ 2.7924542  -2.1866362 ]
 [ 3.3591118  -2.7654443 ]
 [ 3.3186092  -2.7096732 ]
 [ 1.03413    -0.4389007 ]
 [ 0.56890506  0.01626012]
 [ 2.7924542  -2.1866362 ]]
2025-12-21 21:09:27,612 - [INFO] - ------------------------------------------------------------
2025-12-21 21:09:27,612 - [INFO] - On Validation Set:
	Accuracy of RRL  Model: 0.8977194194885971
	F1 Score of RRL  Model: 0.6894417503886401
2025-12-21 21:09:27,618 - [INFO] - On Validation Set:
Performance of  RRL Model: 
[[1242   44]
 [ 104   57]]
              precision    recall  f1-score   support

           0       0.92      0.97      0.94      1286
           1       0.56      0.35      0.44       161

    accuracy                           0.90      1447
   macro avg       0.74      0.66      0.69      1447
weighted avg       0.88      0.90      0.89      1447

2025-12-21 21:09:27,618 - [INFO] - ------------------------------------------------------------
2025-12-21 21:09:27,829 - [INFO] - epoch: 98, loss_rrl: 108.99114659242332
2025-12-21 21:09:29,157 - [INFO] - epoch: 99, loss_rrl: 108.96061081625521
2025-12-21 21:09:29,175 - [DEBUG] - y_true: (1447,) [0 0 0 0 0 1 0 0 0 0 0 0 0 0 0 0 0 1 0 0 0 0 0 0 1 0 0 0 0 0 0 0 0 0 0 0 0
 0 1 1 0]
2025-12-21 21:09:29,326 - [DEBUG] - y_rrl_: (1447,) [0 1 0 0 0 1 0 0 0 0 1 0 0 0 0 0 0 0 0 0 0 0 0 0 1 0 0 0 0 0 0 0 0 0 0 0 0
 0 1 1 0]
2025-12-21 21:09:29,326 - [DEBUG] - y_rrl: (1447, 2) [[ 3.5625687  -2.984461  ]
 [ 0.0121472   0.5682992 ]
 [ 2.9572625  -2.3660614 ]
 [ 3.294322   -2.6973848 ]
 [ 2.7607493  -2.1685352 ]
 [-0.38604248  0.9713522 ]
 [ 3.8996282  -3.3157845 ]
 [ 3.294322   -2.6973848 ]
 [ 3.8996282  -3.3157845 ]
 [ 2.140133   -1.5650326 ]
 [-0.15334852  0.7349377 ]
 [ 3.5270162  -2.9337988 ]
 [ 3.5270162  -2.9337988 ]
 [ 2.1554432  -1.5501354 ]
 [ 3.2504113  -2.6465964 ]
 [ 3.5625687  -2.984461  ]
 [ 2.3881373  -1.7865498 ]
 [ 1.0294411  -0.46309966]
 [ 2.0037081  -1.430641  ]
 [ 2.6936398  -2.1023822 ]
 [ 3.666934   -3.07937   ]
 [ 3.1899567  -2.6024756 ]
 [ 3.5625687  -2.984461  ]
 [ 2.1554432  -1.5501354 ]
 [-1.1115267   1.6937553 ]
 [ 0.46031576  0.11641176]
 [ 2.372827   -1.8014473 ]
 [ 3.294322   -2.6973848 ]
 [ 2.926334   -2.3387966 ]
 [ 3.5270162  -2.9337988 ]
 [ 3.666934   -3.07937   ]
 [ 2.6936398  -2.1023822 ]
 [ 0.6484708  -0.08098835]
 [ 0.6923817  -0.13177638]
 [ 3.8996282  -3.3157845 ]
 [ 3.294322   -2.6973848 ]
 [ 3.5625687  -2.984461  ]
 [ 2.9572625  -2.3660614 ]
 [-0.38604248  0.9713522 ]
 [ 0.21463977  0.37634975]
 [ 2.9572625  -2.3660614 ]]
2025-12-21 21:09:29,328 - [INFO] - ------------------------------------------------------------
2025-12-21 21:09:29,328 - [INFO] - On Validation Set:
	Accuracy of RRL  Model: 0.9004837595024188
	F1 Score of RRL  Model: 0.7456345951013712
2025-12-21 21:09:29,334 - [INFO] - On Validation Set:
Performance of  RRL Model: 
[[1216   70]
 [  74   87]]
              precision    recall  f1-score   support

           0       0.94      0.95      0.94      1286
           1       0.55      0.54      0.55       161

    accuracy                           0.90      1447
   macro avg       0.75      0.74      0.75      1447
weighted avg       0.90      0.90      0.90      1447

2025-12-21 21:09:29,334 - [INFO] - ------------------------------------------------------------
2025-12-21 21:09:30,668 - [INFO] - epoch: 100, loss_rrl: 108.21603702008724
2025-12-21 21:09:30,899 - [DEBUG] - y_true: (1447,) [0 0 0 0 0 1 0 0 0 0 0 0 0 0 0 0 0 1 0 0 0 0 0 0 1 0 0 0 0 0 0 0 0 0 0 0 0
 0 1 1 0]
2025-12-21 21:09:31,050 - [DEBUG] - y_rrl_: (1447,) [0 1 0 0 0 1 0 0 0 0 1 0 0 0 0 0 0 0 0 0 0 0 0 0 1 0 0 0 0 0 0 0 0 0 0 0 0
 0 0 0 0]
2025-12-21 21:09:31,051 - [DEBUG] - y_rrl: (1447, 2) [[ 2.2263224  -1.6697567 ]
 [-0.28645745  0.85657007]
 [ 2.210058   -1.6086183 ]
 [ 2.7673442  -2.1639113 ]
 [ 1.4246131  -0.8540661 ]
 [-0.38772824  0.969413  ]
 [ 3.9420717  -3.3619275 ]
 [ 3.9420717  -3.3619275 ]
 [ 3.9420717  -3.3619275 ]
 [ 2.7836087  -2.2250497 ]
 [-0.01470994  0.5870875 ]
 [ 2.79753    -2.2260718 ]
 [ 1.8916371  -1.3268217 ]
 [ 2.210058   -1.6086183 ]
 [ 2.4105904  -1.8427243 ]
 [ 3.384786   -2.8066347 ]
 [ 2.5830762  -1.9909437 ]
 [ 1.6390668  -1.0891942 ]
 [ 0.8499375  -0.30205578]
 [ 1.7850016  -1.2227713 ]
 [ 2.7836087  -2.2250497 ]
 [ 3.0117676  -2.424309  ]
 [ 2.2263224  -1.6697567 ]
 [ 1.051595   -0.4717407 ]
 [-1.1385248   1.7171612 ]
 [ 1.2660484  -0.7068688 ]
 [ 2.4245117  -1.8437464 ]
 [ 2.4105904  -1.8427243 ]
 [ 2.943465   -2.359649  ]
 [ 2.4105904  -1.8427243 ]
 [ 3.9420717  -3.3619275 ]
 [ 1.7850016  -1.2227713 ]
 [ 0.4139811   0.1537222 ]
 [ 0.7087624  -0.15157594]
 [ 2.7836087  -2.2250497 ]
 [ 3.9420717  -3.3619275 ]
 [ 3.384786   -2.8066347 ]
 [ 1.8533043  -1.2874315 ]
 [ 0.71302575 -0.14128815]
 [ 0.6108788  -0.03286543]
 [ 3.384786   -2.8066347 ]]
2025-12-21 21:09:31,053 - [INFO] - ------------------------------------------------------------
2025-12-21 21:09:31,053 - [INFO] - On Validation Set:
	Accuracy of RRL  Model: 0.8852798894263995
	F1 Score of RRL  Model: 0.7302313566936208
2025-12-21 21:09:31,059 - [INFO] - On Validation Set:
Performance of  RRL Model: 
[[1189   97]
 [  69   92]]
              precision    recall  f1-score   support

           0       0.95      0.92      0.93      1286
           1       0.49      0.57      0.53       161

    accuracy                           0.89      1447
   macro avg       0.72      0.75      0.73      1447
weighted avg       0.89      0.89      0.89      1447

2025-12-21 21:09:31,059 - [INFO] - ------------------------------------------------------------
2025-12-21 21:09:32,140 - [INFO] - epoch: 101, loss_rrl: 109.1498626191169
2025-12-21 21:09:32,581 - [DEBUG] - y_true: (1447,) [0 0 0 0 0 1 0 0 0 0 0 0 0 0 0 0 0 1 0 0 0 0 0 0 1 0 0 0 0 0 0 0 0 0 0 0 0
 0 1 1 0]
2025-12-21 21:09:32,732 - [DEBUG] - y_rrl_: (1447,) [0 1 0 0 0 1 0 0 0 0 0 0 0 0 0 0 0 0 0 0 0 0 0 0 1 0 0 0 0 0 0 0 0 0 0 0 0
 0 0 1 0]
2025-12-21 21:09:32,732 - [DEBUG] - y_rrl: (1447, 2) [[ 3.599464   -3.0286777 ]
 [-0.29481763  0.8613684 ]
 [ 1.9059191  -1.3150575 ]
 [ 2.2423558  -1.6458622 ]
 [ 3.599464   -3.0286777 ]
 [-0.20480132  0.7791724 ]
 [ 3.9359007  -3.3594825 ]
 [ 3.0455432  -2.4629078 ]
 [ 3.9359007  -3.3594825 ]
 [ 1.8820958  -1.3207946 ]
 [ 0.80697596 -0.25432217]
 [ 2.30686    -1.72724   ]
 [ 3.0455432  -2.4629078 ]
 [ 3.2269855  -2.6469593 ]
 [ 3.5634222  -2.9777641 ]
 [ 2.8607807  -2.29301   ]
 [ 2.7091064  -2.1321027 ]
 [ 1.1434128  -0.5851268 ]
 [ 2.2257378  -1.6635596 ]
 [ 2.9283793  -2.348314  ]
 [ 3.9359007  -3.3594825 ]
 [ 3.2269855  -2.6469593 ]
 [ 3.599464   -3.0286777 ]
 [ 3.2269855  -2.6469593 ]
 [-0.40791923  0.98595154]
 [ 0.44386554  0.12570064]
 [ 1.1434128  -0.5851268 ]
 [ 3.5634222  -2.9777641 ]
 [ 2.824739   -2.2420964 ]
 [ 3.5634222  -2.9777641 ]
 [ 3.9359007  -3.3594825 ]
 [ 2.9283793  -2.348314  ]
 [ 0.80697596 -0.25432217]
 [ 0.80697596 -0.25432217]
 [ 3.9359007  -3.3594825 ]
 [ 3.0455432  -2.4629078 ]
 [ 3.599464   -3.0286777 ]
 [ 3.2269855  -2.6469593 ]
 [ 0.94812065 -0.365134  ]
 [-0.19932944  0.76950216]
 [ 2.7091064  -2.1321027 ]]
2025-12-21 21:09:32,734 - [INFO] - ------------------------------------------------------------
2025-12-21 21:09:32,735 - [INFO] - On Validation Set:
	Accuracy of RRL  Model: 0.9039391845196959
	F1 Score of RRL  Model: 0.6805937345662838
2025-12-21 21:09:32,741 - [INFO] - On Validation Set:
Performance of  RRL Model: 
[[1259   27]
 [ 112   49]]
              precision    recall  f1-score   support

           0       0.92      0.98      0.95      1286
           1       0.64      0.30      0.41       161

    accuracy                           0.90      1447
   macro avg       0.78      0.64      0.68      1447
weighted avg       0.89      0.90      0.89      1447

2025-12-21 21:09:32,741 - [INFO] - ------------------------------------------------------------
2025-12-21 21:09:33,628 - [INFO] - epoch: 102, loss_rrl: 107.98109736479819
2025-12-21 21:09:34,282 - [DEBUG] - y_true: (1447,) [0 0 0 0 0 1 0 0 0 0 0 0 0 0 0 0 0 1 0 0 0 0 0 0 1 0 0 0 0 0 0 0 0 0 0 0 0
 0 1 1 0]
2025-12-21 21:09:34,432 - [DEBUG] - y_rrl_: (1447,) [0 1 0 0 0 1 0 0 0 0 0 0 0 0 0 0 0 0 0 0 0 0 0 0 1 1 0 0 0 0 0 0 0 0 0 0 0
 0 1 0 0]
2025-12-21 21:09:34,433 - [DEBUG] - y_rrl: (1447, 2) [[ 4.136573   -3.563841  ]
 [ 0.23912908  0.32414815]
 [ 3.249786   -2.6538913 ]
 [ 3.249786   -2.6538913 ]
 [ 3.8160062  -3.232917  ]
 [-0.9058282   1.4772588 ]
 [ 4.136573   -3.563841  ]
 [ 3.249786   -2.6538913 ]
 [ 4.136573   -3.563841  ]
 [ 2.0704198  -1.5115522 ]
 [ 1.151067   -0.60437715]
 [ 3.2773767  -2.6984675 ]
 [ 2.600207   -2.0230966 ]
 [ 3.9289033  -3.3525388 ]
 [ 4.136573   -3.563841  ]
 [ 4.136573   -3.563841  ]
 [ 3.778022   -3.1961172 ]
 [ 0.9433974  -0.39307508]
 [ 1.9082546  -1.3208929 ]
 [ 2.6234086  -2.033064  ]
 [ 3.9289033  -3.3525388 ]
 [ 4.136573   -3.563841  ]
 [ 3.8160062  -3.232917  ]
 [ 3.9289033  -3.3525388 ]
 [-0.9058282   1.4772588 ]
 [ 0.11534631  0.4387176 ]
 [ 2.6509998  -2.0776403 ]
 [ 3.6083367  -3.0216153 ]
 [ 2.8310783  -2.244366  ]
 [ 3.778022   -3.1961172 ]
 [ 3.9289033  -3.3525388 ]
 [ 2.6234086  -2.033064  ]
 [ 1.151067   -0.60437715]
 [ 0.9433974  -0.39307508]
 [ 4.136573   -3.563841  ]
 [ 3.249786   -2.6538913 ]
 [ 3.8160062  -3.232917  ]
 [ 3.6083367  -3.0216153 ]
 [-0.19067417  0.76508796]
 [ 1.1148205  -0.55438715]
 [ 3.249786   -2.6538913 ]]
2025-12-21 21:09:34,435 - [INFO] - ------------------------------------------------------------
2025-12-21 21:09:34,435 - [INFO] - On Validation Set:
	Accuracy of RRL  Model: 0.9004837595024188
	F1 Score of RRL  Model: 0.7223714504988488
2025-12-21 21:09:34,441 - [INFO] - On Validation Set:
Performance of  RRL Model: 
[[1231   55]
 [  89   72]]
              precision    recall  f1-score   support

           0       0.93      0.96      0.94      1286
           1       0.57      0.45      0.50       161

    accuracy                           0.90      1447
   macro avg       0.75      0.70      0.72      1447
weighted avg       0.89      0.90      0.90      1447

2025-12-21 21:09:34,441 - [INFO] - ------------------------------------------------------------
2025-12-21 21:09:35,148 - [INFO] - epoch: 103, loss_rrl: 108.27597576752305
2025-12-21 21:09:36,039 - [DEBUG] - y_true: (1447,) [0 0 0 0 0 1 0 0 0 0 0 0 0 0 0 0 0 1 0 0 0 0 0 0 1 0 0 0 0 0 0 0 0 0 0 0 0
 0 1 1 0]
2025-12-21 21:09:36,189 - [DEBUG] - y_rrl_: (1447,) [0 0 0 0 0 1 0 0 0 0 0 0 0 0 0 0 0 0 0 0 0 0 0 0 1 0 0 0 0 0 0 0 0 0 0 0 0
 0 1 0 0]
2025-12-21 21:09:36,190 - [DEBUG] - y_rrl: (1447, 2) [[ 3.982369   -3.4132926 ]
 [ 0.4018228   0.14769088]
 [ 3.0656888  -2.4894326 ]
 [ 3.3888214  -2.8070347 ]
 [ 3.6592364  -3.0956905 ]
 [-0.35185978  0.92268467]
 [ 3.982369   -3.4132926 ]
 [ 3.754091   -3.1814098 ]
 [ 3.982369   -3.4132926 ]
 [ 2.5790455  -2.02721   ]
 [ 1.6915609  -1.1518059 ]
 [ 2.5434737  -1.988404  ]
 [ 3.1735983  -2.6130216 ]
 [ 3.4309585  -2.8638077 ]
 [ 3.982369   -3.4132926 ]
 [ 3.982369   -3.4132926 ]
 [ 3.982369   -3.4132926 ]
 [ 1.4632828  -0.9199232 ]
 [ 2.0625064  -1.4891781 ]
 [ 2.7586968  -2.1824167 ]
 [ 3.754091   -3.1814098 ]
 [ 3.6592364  -3.0956905 ]
 [ 3.6592364  -3.0956905 ]
 [ 3.754091   -3.1814098 ]
 [-0.35185978  0.92268467]
 [ 1.0031588  -0.45982838]
 [ 1.3262912  -0.77743053]
 [ 3.754091   -3.1814098 ]
 [ 2.6638422  -2.0966973 ]
 [ 3.6170993  -3.038917  ]
 [ 3.754091   -3.1814098 ]
 [ 2.4355643  -1.8648148 ]
 [ 1.3262912  -0.77743053]
 [ 0.7748809  -0.22794574]
 [ 3.6592364  -3.0956905 ]
 [ 3.754091   -3.1814098 ]
 [ 3.6592364  -3.0956905 ]
 [ 3.754091   -3.1814098 ]
 [ 0.01340984  0.5483093 ]
 [ 0.96403885 -0.4070903 ]
 [ 3.754091   -3.1814098 ]]
2025-12-21 21:09:36,192 - [INFO] - ------------------------------------------------------------
2025-12-21 21:09:36,192 - [INFO] - On Validation Set:
	Accuracy of RRL  Model: 0.902557014512785
	F1 Score of RRL  Model: 0.732280705898099
2025-12-21 21:09:36,198 - [INFO] - On Validation Set:
Performance of  RRL Model: 
[[1230   56]
 [  85   76]]
              precision    recall  f1-score   support

           0       0.94      0.96      0.95      1286
           1       0.58      0.47      0.52       161

    accuracy                           0.90      1447
   macro avg       0.76      0.71      0.73      1447
weighted avg       0.90      0.90      0.90      1447

2025-12-21 21:09:36,198 - [INFO] - ------------------------------------------------------------
2025-12-21 21:09:36,648 - [INFO] - epoch: 104, loss_rrl: 108.07754176482558
2025-12-21 21:09:37,735 - [DEBUG] - y_true: (1447,) [0 0 0 0 0 1 0 0 0 0 0 0 0 0 0 0 0 1 0 0 0 0 0 0 1 0 0 0 0 0 0 0 0 0 0 0 0
 0 1 1 0]
2025-12-21 21:09:37,885 - [DEBUG] - y_rrl_: (1447,) [0 1 0 0 0 1 0 0 0 0 0 0 0 0 0 0 0 0 0 0 0 0 0 0 1 0 0 0 0 0 0 0 0 0 0 0 0
 0 1 0 0]
2025-12-21 21:09:37,886 - [DEBUG] - y_rrl: (1447, 2) [[ 3.9766166  -3.4111862 ]
 [-0.23990826  0.79593515]
 [ 2.5176728  -1.9351919 ]
 [ 2.8221977  -2.2342365 ]
 [ 3.6720917  -3.1121414 ]
 [-0.15231024  0.71597624]
 [ 3.9766166  -3.4111862 ]
 [ 3.9766166  -3.4111862 ]
 [ 3.9766166  -3.4111862 ]
 [ 2.4860637  -1.9467187 ]
 [ 1.002109   -0.4609735 ]
 [ 2.5175755  -1.9660335 ]
 [ 3.1657312  -2.6087244 ]
 [ 3.6720917  -3.1121414 ]
 [ 3.9766166  -3.4111862 ]
 [ 3.9766166  -3.4111862 ]
 [ 3.9766166  -3.4111862 ]
 [ 1.3315474  -0.80061036]
 [ 2.6069     -2.0498545 ]
 [ 2.9681852  -2.3991802 ]
 [ 3.9766166  -3.4111862 ]
 [ 3.6720917  -3.1121414 ]
 [ 3.6720917  -3.1121414 ]
 [ 3.9766166  -3.4111862 ]
 [-1.0858473   1.6501694 ]
 [ 0.971271   -0.4312957 ]
 [ 2.4618242  -1.8957639 ]
 [ 3.9766166  -3.4111862 ]
 [ 2.6636603  -2.1001356 ]
 [ 3.6163409  -3.0418715 ]
 [ 3.9766166  -3.4111862 ]
 [ 2.6636603  -2.1001356 ]
 [ 0.64183265 -0.09165882]
 [ 0.971271   -0.4312957 ]
 [ 3.6720917  -3.1121414 ]
 [ 3.9766166  -3.4111862 ]
 [ 3.6720917  -3.1121414 ]
 [ 3.9766166  -3.4111862 ]
 [ 0.20796604  0.34666157]
 [ 0.64414614 -0.08047724]
 [ 3.9766166  -3.4111862 ]]
2025-12-21 21:09:37,888 - [INFO] - ------------------------------------------------------------
2025-12-21 21:09:37,888 - [INFO] - On Validation Set:
	Accuracy of RRL  Model: 0.8963372494816862
	F1 Score of RRL  Model: 0.7177532613444854
2025-12-21 21:09:37,894 - [INFO] - On Validation Set:
Performance of  RRL Model: 
[[1224   62]
 [  88   73]]
              precision    recall  f1-score   support

           0       0.93      0.95      0.94      1286
           1       0.54      0.45      0.49       161

    accuracy                           0.90      1447
   macro avg       0.74      0.70      0.72      1447
weighted avg       0.89      0.90      0.89      1447

2025-12-21 21:09:37,894 - [INFO] - ------------------------------------------------------------
2025-12-21 21:09:38,134 - [INFO] - epoch: 105, loss_rrl: 108.18467115424573
2025-12-21 21:09:39,420 - [DEBUG] - y_true: (1447,) [0 0 0 0 0 1 0 0 0 0 0 0 0 0 0 0 0 1 0 0 0 0 0 0 1 0 0 0 0 0 0 0 0 0 0 0 0
 0 1 1 0]
2025-12-21 21:09:39,570 - [DEBUG] - y_rrl_: (1447,) [0 0 0 0 0 1 0 0 0 0 0 0 0 0 0 0 0 0 0 0 0 0 0 0 1 0 0 0 0 0 0 0 0 0 0 0 0
 0 1 0 0]
2025-12-21 21:09:39,571 - [DEBUG] - y_rrl: (1447, 2) [[ 4.032718   -3.4708998 ]
 [ 0.8116856  -0.2594555 ]
 [ 2.5503519  -1.9560655 ]
 [ 2.5503519  -1.9560655 ]
 [ 3.7106357  -3.1386964 ]
 [-0.08254752  0.6426928 ]
 [ 4.032718   -3.4708998 ]
 [ 3.3498235  -2.7689111 ]
 [ 4.032718   -3.4708998 ]
 [ 2.5126634  -1.962239  ]
 [ 1.033859   -0.48165658]
 [ 3.6719062  -3.1011145 ]
 [ 3.7106357  -3.1386964 ]
 [ 4.032718   -3.4708998 ]
 [ 3.7106357  -3.1386964 ]
 [ 4.032718   -3.4708998 ]
 [ 3.6719062  -3.1011145 ]
 [ 1.3559418  -0.81385976]
 [ 2.3317409  -1.7681165 ]
 [ 2.6994605  -2.1239722 ]
 [ 4.032718   -3.4708998 ]
 [ 4.032718   -3.4708998 ]
 [ 3.7106357  -3.1386964 ]
 [ 4.032718   -3.4708998 ]
 [-1.026966    1.5877702 ]
 [ 1.033859   -0.48165658]
 [ 2.5126634  -1.962239  ]
 [ 3.7106357  -3.1386964 ]
 [ 2.6994605  -2.1239722 ]
 [ 3.6719062  -3.1011145 ]
 [ 4.032718   -3.4708998 ]
 [ 2.6994605  -2.1239722 ]
 [ 1.033859   -0.48165658]
 [ 1.3559418  -0.81385976]
 [ 4.032718   -3.4708998 ]
 [ 3.3498235  -2.7689111 ]
 [ 3.7106357  -3.1386964 ]
 [ 3.7106357  -3.1386964 ]
 [-0.08254752  0.6426928 ]
 [ 0.71274096 -0.152595  ]
 [ 3.3498235  -2.7689111 ]]
2025-12-21 21:09:39,573 - [INFO] - ------------------------------------------------------------
2025-12-21 21:09:39,573 - [INFO] - On Validation Set:
	Accuracy of RRL  Model: 0.9053213545266068
	F1 Score of RRL  Model: 0.7074865465856289
2025-12-21 21:09:39,579 - [INFO] - On Validation Set:
Performance of  RRL Model: 
[[1250   36]
 [ 101   60]]
              precision    recall  f1-score   support

           0       0.93      0.97      0.95      1286
           1       0.62      0.37      0.47       161

    accuracy                           0.91      1447
   macro avg       0.78      0.67      0.71      1447
weighted avg       0.89      0.91      0.89      1447

2025-12-21 21:09:39,579 - [INFO] - ------------------------------------------------------------
2025-12-21 21:09:39,608 - [INFO] - epoch: 106, loss_rrl: 107.91621416434646
2025-12-21 21:09:40,905 - [INFO] - epoch: 107, loss_rrl: 107.83619379624724
2025-12-21 21:09:41,104 - [DEBUG] - y_true: (1447,) [0 0 0 0 0 1 0 0 0 0 0 0 0 0 0 0 0 1 0 0 0 0 0 0 1 0 0 0 0 0 0 0 0 0 0 0 0
 0 1 1 0]
2025-12-21 21:09:41,254 - [DEBUG] - y_rrl_: (1447,) [0 1 0 0 0 1 0 0 0 0 0 0 0 0 0 0 0 0 0 0 0 0 0 0 1 0 0 0 0 0 0 0 0 0 0 0 0
 0 0 0 0]
2025-12-21 21:09:41,255 - [DEBUG] - y_rrl: (1447, 2) [[ 4.0286603  -3.4704523 ]
 [-0.22230716  0.7714136 ]
 [ 3.6572385  -3.0901227 ]
 [ 3.6572385  -3.0901227 ]
 [ 4.0286603  -3.4704523 ]
 [-0.10556766  0.66219395]
 [ 4.0286603  -3.4704523 ]
 [ 4.0286603  -3.4704523 ]
 [ 4.0286603  -3.4704523 ]
 [ 2.870512   -2.3324363 ]
 [ 1.7174714  -1.187671  ]
 [ 2.87562    -2.325687  ]
 [ 3.5192916  -2.9639754 ]
 [ 4.0286603  -3.4704523 ]
 [ 4.0286603  -3.4704523 ]
 [ 4.0286603  -3.4704523 ]
 [ 4.0286603  -3.4704523 ]
 [ 1.7174714  -1.187671  ]
 [ 2.6368587  -2.0868945 ]
 [ 3.0135667  -2.451834  ]
 [ 4.0286603  -3.4704523 ]
 [ 4.0286603  -3.4704523 ]
 [ 4.0286603  -3.4704523 ]
 [ 4.0286603  -3.4704523 ]
 [-0.3426062   0.9027549 ]
 [ 1.3460495  -0.80734104]
 [ 1.3460495  -0.80734104]
 [ 4.0286603  -3.4704523 ]
 [ 3.0135667  -2.451834  ]
 [ 3.6572385  -3.0901227 ]
 [ 4.0286603  -3.4704523 ]
 [ 3.0135667  -2.451834  ]
 [ 1.3460495  -0.80734104]
 [ 1.3460495  -0.80734104]
 [ 4.0286603  -3.4704523 ]
 [ 4.0286603  -3.4704523 ]
 [ 4.0286603  -3.4704523 ]
 [ 4.0286603  -3.4704523 ]
 [ 0.77522266 -0.224613  ]
 [ 0.98234844 -0.43576717]
 [ 4.0286603  -3.4704523 ]]
2025-12-21 21:09:41,257 - [INFO] - ------------------------------------------------------------
2025-12-21 21:09:41,257 - [INFO] - On Validation Set:
	Accuracy of RRL  Model: 0.9004837595024188
	F1 Score of RRL  Model: 0.687033632529469
2025-12-21 21:09:41,263 - [INFO] - On Validation Set:
Performance of  RRL Model: 
[[1249   37]
 [ 107   54]]
              precision    recall  f1-score   support

           0       0.92      0.97      0.95      1286
           1       0.59      0.34      0.43       161

    accuracy                           0.90      1447
   macro avg       0.76      0.65      0.69      1447
weighted avg       0.88      0.90      0.89      1447

2025-12-21 21:09:41,263 - [INFO] - ------------------------------------------------------------
2025-12-21 21:09:42,377 - [INFO] - epoch: 108, loss_rrl: 108.0949353389442
2025-12-21 21:09:42,793 - [DEBUG] - y_true: (1447,) [0 0 0 0 0 1 0 0 0 0 0 0 0 0 0 0 0 1 0 0 0 0 0 0 1 0 0 0 0 0 0 0 0 0 0 0 0
 0 1 1 0]
2025-12-21 21:09:42,941 - [DEBUG] - y_rrl_: (1447,) [0 0 0 0 0 1 0 0 0 0 0 0 0 0 0 0 0 0 0 0 0 0 0 0 1 0 0 0 0 0 0 0 0 0 0 0 0
 0 0 0 0]
2025-12-21 21:09:42,941 - [DEBUG] - y_rrl: (1447, 2) [[ 3.9101737  -3.3555431 ]
 [ 0.4975971   0.0349423 ]
 [ 2.203543   -1.6297905 ]
 [ 2.7101328  -2.1335151 ]
 [ 3.9101737  -3.3555431 ]
 [-0.20015052  0.7532943 ]
 [ 3.9101737  -3.3555431 ]
 [ 3.0267012  -2.4660902 ]
 [ 3.9101737  -3.3555431 ]
 [ 1.8862748  -1.3455641 ]
 [ 1.2417687  -0.7064006 ]
 [ 3.0267012  -2.4660902 ]
 [ 3.0267012  -2.4660902 ]
 [ 3.5332906  -2.9698153 ]
 [ 3.5332906  -2.9698153 ]
 [ 3.9101737  -3.3555431 ]
 [ 3.0267012  -2.4660902 ]
 [ 1.2417687  -0.7064006 ]
 [ 2.5214965  -1.9750378 ]
 [ 2.8887846  -2.3306525 ]
 [ 3.9101737  -3.3555431 ]
 [ 3.5332906  -2.9698153 ]
 [ 3.9101737  -3.3555431 ]
 [ 3.5332906  -2.9698153 ]
 [-1.1831086   1.7369193 ]
 [ 1.2417687  -0.7064006 ]
 [ 2.3821948  -1.8269273 ]
 [ 3.5332906  -2.9698153 ]
 [ 2.8887846  -2.3306525 ]
 [ 3.5332906  -2.9698153 ]
 [ 3.9101737  -3.3555431 ]
 [ 2.8887846  -2.3306525 ]
 [ 1.2417687  -0.7064006 ]
 [ 1.2417687  -0.7064006 ]
 [ 3.9101737  -3.3555431 ]
 [ 3.5332906  -2.9698153 ]
 [ 3.9101737  -3.3555431 ]
 [ 3.5332906  -2.9698153 ]
 [ 0.30643943  0.24956848]
 [ 0.5225678   0.02944803]
 [ 3.0267012  -2.4660902 ]]
2025-12-21 21:09:42,943 - [INFO] - ------------------------------------------------------------
2025-12-21 21:09:42,943 - [INFO] - On Validation Set:
	Accuracy of RRL  Model: 0.9011748445058743
	F1 Score of RRL  Model: 0.710815573844952
2025-12-21 21:09:42,949 - [INFO] - On Validation Set:
Performance of  RRL Model: 
[[1239   47]
 [  96   65]]
              precision    recall  f1-score   support

           0       0.93      0.96      0.95      1286
           1       0.58      0.40      0.48       161

    accuracy                           0.90      1447
   macro avg       0.75      0.68      0.71      1447
weighted avg       0.89      0.90      0.89      1447

2025-12-21 21:09:42,949 - [INFO] - ------------------------------------------------------------
2025-12-21 21:09:43,837 - [INFO] - epoch: 109, loss_rrl: 108.4119978081435
2025-12-21 21:09:44,448 - [DEBUG] - y_true: (1447,) [0 0 0 0 0 1 0 0 0 0 0 0 0 0 0 0 0 1 0 0 0 0 0 0 1 0 0 0 0 0 0 0 0 0 0 0 0
 0 1 1 0]
2025-12-21 21:09:44,597 - [DEBUG] - y_rrl_: (1447,) [0 1 0 0 0 1 0 0 0 0 0 0 0 0 0 0 0 0 0 0 0 0 0 0 1 0 0 0 0 0 0 0 0 0 0 0 0
 0 0 0 0]
2025-12-21 21:09:44,597 - [DEBUG] - y_rrl: (1447, 2) [[ 3.8519058  -3.2973483 ]
 [ 0.06743662  0.4875812 ]
 [ 3.156901   -2.5836718 ]
 [ 3.4045885  -2.8348286 ]
 [ 3.5305798  -2.9661314 ]
 [-0.24727528  0.8004356 ]
 [ 4.099594   -3.5485053 ]
 [ 3.4045885  -2.8348286 ]
 [ 4.099594   -3.5485053 ]
 [ 2.268167   -1.7332528 ]
 [ 0.89213324 -0.36189133]
 [ 3.0881057  -2.5335386 ]
 [ 3.7782676  -3.2172885 ]
 [ 3.8519058  -3.2973483 ]
 [ 4.099594   -3.5485053 ]
 [ 3.8519058  -3.2973483 ]
 [ 3.478227   -2.9148886 ]
 [ 1.1398209  -0.61304826]
 [ 1.7745758  -1.209446  ]
 [ 2.7667797  -2.2023218 ]
 [ 4.099594   -3.5485053 ]
 [ 3.8519058  -3.2973483 ]
 [ 3.5305798  -2.9661314 ]
 [ 3.8519058  -3.2973483 ]
 [-0.24727528  0.8004356 ]
 [ 0.81849486 -0.2818315 ]
 [ 3.7259145  -3.1660454 ]
 [ 3.7782676  -3.2172885 ]
 [ 2.7667797  -2.2023218 ]
 [ 3.7259145  -3.1660454 ]
 [ 4.099594   -3.5485053 ]
 [ 2.7667797  -2.2023218 ]
 [ 0.89213324 -0.36189133]
 [ 0.89213324 -0.36189133]
 [ 4.099594   -3.5485053 ]
 [ 3.4045885  -2.8348286 ]
 [ 3.5305798  -2.9661314 ]
 [ 3.5305798  -2.9661314 ]
 [ 0.4909496   0.06158099]
 [ 1.5760758  -1.0334454 ]
 [ 3.156901   -2.5836718 ]]
2025-12-21 21:09:44,599 - [INFO] - ------------------------------------------------------------
2025-12-21 21:09:44,600 - [INFO] - On Validation Set:
	Accuracy of RRL  Model: 0.9046302695231514
	F1 Score of RRL  Model: 0.7063821152556727
2025-12-21 21:09:44,606 - [INFO] - On Validation Set:
Performance of  RRL Model: 
[[1249   37]
 [ 101   60]]
              precision    recall  f1-score   support

           0       0.93      0.97      0.95      1286
           1       0.62      0.37      0.47       161

    accuracy                           0.90      1447
   macro avg       0.77      0.67      0.71      1447
weighted avg       0.89      0.90      0.89      1447

2025-12-21 21:09:44,606 - [INFO] - ------------------------------------------------------------
2025-12-21 21:09:45,286 - [INFO] - epoch: 110, loss_rrl: 110.33546727709472
2025-12-21 21:09:46,107 - [DEBUG] - y_true: (1447,) [0 0 0 0 0 1 0 0 0 0 0 0 0 0 0 0 0 1 0 0 0 0 0 0 1 0 0 0 0 0 0 0 0 0 0 0 0
 0 1 1 0]
2025-12-21 21:09:46,256 - [DEBUG] - y_rrl_: (1447,) [0 0 0 0 0 1 0 0 0 0 0 0 0 0 0 0 0 0 0 0 0 0 0 0 1 0 0 0 0 0 0 0 0 0 0 0 0
 0 0 0 0]
2025-12-21 21:09:46,256 - [DEBUG] - y_rrl: (1447, 2) [[ 4.012938   -3.4653776 ]
 [ 0.43713576  0.09230062]
 [ 3.413709   -2.8539872 ]
 [ 3.413709   -2.8539872 ]
 [ 4.012938   -3.4653776 ]
 [-0.31951183  0.8692061 ]
 [ 4.012938   -3.4653776 ]
 [ 3.781004   -3.2300005 ]
 [ 4.012938   -3.4653776 ]
 [ 2.6244442  -2.0928829 ]
 [ 1.7393863  -1.2193438 ]
 [ 2.895946   -2.356461  ]
 [ 3.3099172  -2.7651236 ]
 [ 3.781004   -3.2300005 ]
 [ 4.012938   -3.4653776 ]
 [ 4.012938   -3.4653776 ]
 [ 4.012938   -3.4653776 ]
 [ 1.507452   -0.9839666 ]
 [ 2.0791414  -1.5274491 ]
 [ 2.7821624  -2.227703  ]
 [ 3.781004   -3.2300005 ]
 [ 4.012938   -3.4653776 ]
 [ 4.012938   -3.4653776 ]
 [ 3.781004   -3.2300005 ]
 [-0.31951183  0.8692061 ]
 [ 0.66907024 -0.14307666]
 [ 3.1601975  -2.6067321 ]
 [ 3.781004   -3.2300005 ]
 [ 3.0140967  -2.4630804 ]
 [ 3.6456435  -3.0893645 ]
 [ 3.781004   -3.2300005 ]
 [ 2.7821624  -2.227703  ]
 [ 1.3720912  -0.8433305 ]
 [ 1.1401567  -0.6079532 ]
 [ 4.012938   -3.4653776 ]
 [ 3.781004   -3.2300005 ]
 [ 4.012938   -3.4653776 ]
 [ 3.781004   -3.2300005 ]
 [ 0.5332293   0.01056036]
 [ 1.490273   -0.95103645]
 [ 3.781004   -3.2300005 ]]
2025-12-21 21:09:46,258 - [INFO] - ------------------------------------------------------------
2025-12-21 21:09:46,258 - [INFO] - On Validation Set:
	Accuracy of RRL  Model: 0.9046302695231514
	F1 Score of RRL  Model: 0.7022100930565498
2025-12-21 21:09:46,264 - [INFO] - On Validation Set:
Performance of  RRL Model: 
[[1251   35]
 [ 103   58]]
              precision    recall  f1-score   support

           0       0.92      0.97      0.95      1286
           1       0.62      0.36      0.46       161

    accuracy                           0.90      1447
   macro avg       0.77      0.67      0.70      1447
weighted avg       0.89      0.90      0.89      1447

2025-12-21 21:09:46,264 - [INFO] - ------------------------------------------------------------
2025-12-21 21:09:46,740 - [INFO] - epoch: 111, loss_rrl: 110.27069719322026
2025-12-21 21:09:47,771 - [DEBUG] - y_true: (1447,) [0 0 0 0 0 1 0 0 0 0 0 0 0 0 0 0 0 1 0 0 0 0 0 0 1 0 0 0 0 0 0 0 0 0 0 0 0
 0 1 1 0]
2025-12-21 21:09:47,921 - [DEBUG] - y_rrl_: (1447,) [0 1 0 0 0 1 0 0 0 0 0 0 0 0 0 0 0 0 0 0 0 0 0 0 1 0 0 0 0 0 0 0 0 0 0 0 0
 0 0 0 0]
2025-12-21 21:09:47,922 - [DEBUG] - y_rrl: (1447, 2) [[ 4.0805635  -3.5364966 ]
 [-0.08380026  0.6193522 ]
 [ 2.6153953  -2.0550673 ]
 [ 2.9426634  -2.377145  ]
 [ 3.753295   -3.214419  ]
 [-0.02994134  0.57278115]
 [ 4.0805635  -3.5364966 ]
 [ 4.0805635  -3.5364966 ]
 [ 4.0805635  -3.5364966 ]
 [ 2.575043   -2.055385  ]
 [ 2.073355   -1.5564858 ]
 [ 3.251607   -2.7155197 ]
 [ 2.8910525  -2.3463094 ]
 [ 3.3927402  -2.8452086 ]
 [ 3.7200084  -3.1672864 ]
 [ 4.0805635  -3.5364966 ]
 [ 4.0805635  -3.5364966 ]
 [ 2.073355   -1.5564858 ]
 [ 2.7340384  -2.1979325 ]
 [ 3.080548   -2.5330486 ]
 [ 4.0805635  -3.5364966 ]
 [ 3.3927402  -2.8452086 ]
 [ 3.753295   -3.214419  ]
 [ 3.7200084  -3.1672864 ]
 [-0.26447636  0.8107327 ]
 [ 1.0733404  -0.5530378 ]
 [ 3.2183206  -2.6683872 ]
 [ 3.7200084  -3.1672864 ]
 [ 3.3927402  -2.8452086 ]
 [ 3.7200084  -3.1672864 ]
 [ 4.0805635  -3.5364966 ]
 [ 2.75328    -2.2109709 ]
 [ 1.7128007  -1.1872755 ]
 [ 1.7128007  -1.1872755 ]
 [ 3.753295   -3.214419  ]
 [ 4.0805635  -3.5364966 ]
 [ 3.753295   -3.214419  ]
 [ 3.7200084  -3.1672864 ]
 [ 0.97007346 -0.4306669 ]
 [ 1.0614753  -0.528393  ]
 [ 4.0805635  -3.5364966 ]]
2025-12-21 21:09:47,924 - [INFO] - ------------------------------------------------------------
2025-12-21 21:09:47,924 - [INFO] - On Validation Set:
	Accuracy of RRL  Model: 0.9053213545266068
	F1 Score of RRL  Model: 0.6802663815113554
2025-12-21 21:09:47,930 - [INFO] - On Validation Set:
Performance of  RRL Model: 
[[1262   24]
 [ 113   48]]
              precision    recall  f1-score   support

           0       0.92      0.98      0.95      1286
           1       0.67      0.30      0.41       161

    accuracy                           0.91      1447
   macro avg       0.79      0.64      0.68      1447
weighted avg       0.89      0.91      0.89      1447

2025-12-21 21:09:47,930 - [INFO] - ------------------------------------------------------------
2025-12-21 21:09:48,199 - [INFO] - epoch: 112, loss_rrl: 109.01616981811821
2025-12-21 21:09:49,646 - [DEBUG] - y_true: (1447,) [0 0 0 0 0 1 0 0 0 0 0 0 0 0 0 0 0 1 0 0 0 0 0 0 1 0 0 0 0 0 0 0 0 0 0 0 0
 0 1 1 0]
2025-12-21 21:09:49,809 - [DEBUG] - y_rrl_: (1447,) [0 1 0 0 0 1 0 0 0 0 0 0 0 0 0 0 0 0 0 0 0 0 0 0 1 0 0 0 0 0 0 0 0 0 0 0 0
 0 1 0 0]
2025-12-21 21:09:49,809 - [DEBUG] - y_rrl: (1447, 2) [[ 3.9521694  -3.411597  ]
 [-0.00748241  0.54005545]
 [ 1.9402095  -1.3704507 ]
 [ 2.2652245  -1.690322  ]
 [ 3.3047795  -2.759685  ]
 [-0.39275798  0.93557507]
 [ 3.9521694  -3.411597  ]
 [ 3.4005656  -2.8469367 ]
 [ 3.9521694  -3.411597  ]
 [ 2.5340853  -2.009118  ]
 [ 1.6192019  -1.1055716 ]
 [ 3.130886   -2.5982206 ]
 [ 2.8085115  -2.2661798 ]
 [ 3.3979254  -2.8591063 ]
 [ 3.9521694  -3.411597  ]
 [ 3.9521694  -3.411597  ]
 [ 3.9521694  -3.411597  ]
 [ 1.3899729  -0.87295204]
 [ 2.044536   -1.4987981 ]
 [ 2.3858268  -1.8287879 ]
 [ 3.7229404  -3.1789775 ]
 [ 3.6271544  -3.0917258 ]
 [ 3.3047795  -2.759685  ]
 [ 3.7229404  -3.1789775 ]
 [-1.1009438   1.6410532 ]
 [ 0.6049174  -0.07817091]
 [ 1.252307   -0.730083  ]
 [ 3.4005656  -2.8469367 ]
 [ 2.290041   -1.7415361 ]
 [ 3.5852747  -3.0361085 ]
 [ 3.7229404  -3.1789775 ]
 [ 2.0608118  -1.5089166 ]
 [ 1.252307   -0.730083  ]
 [ 0.6980631  -0.17759232]
 [ 3.6271544  -3.0917258 ]
 [ 3.4005656  -2.8469367 ]
 [ 3.3047795  -2.759685  ]
 [ 3.4005656  -2.8469367 ]
 [-0.0258632   0.5600866 ]
 [ 0.94435567 -0.4146149 ]
 [ 3.4005656  -2.8469367 ]]
2025-12-21 21:09:49,812 - [INFO] - ------------------------------------------------------------
2025-12-21 21:09:49,812 - [INFO] - On Validation Set:
	Accuracy of RRL  Model: 0.899101589495508
	F1 Score of RRL  Model: 0.7301145654484507
2025-12-21 21:09:49,818 - [INFO] - On Validation Set:
Performance of  RRL Model: 
[[1223   63]
 [  83   78]]
              precision    recall  f1-score   support

           0       0.94      0.95      0.94      1286
           1       0.55      0.48      0.52       161

    accuracy                           0.90      1447
   macro avg       0.74      0.72      0.73      1447
weighted avg       0.89      0.90      0.90      1447

2025-12-21 21:09:49,818 - [INFO] - ------------------------------------------------------------
2025-12-21 21:09:49,882 - [INFO] - epoch: 113, loss_rrl: 107.70026406273246
2025-12-21 21:09:51,339 - [INFO] - epoch: 114, loss_rrl: 108.62818135134876
2025-12-21 21:09:51,523 - [DEBUG] - y_true: (1447,) [0 0 0 0 0 1 0 0 0 0 0 0 0 0 0 0 0 1 0 0 0 0 0 0 1 0 0 0 0 0 0 0 0 0 0 0 0
 0 1 1 0]
2025-12-21 21:09:51,694 - [DEBUG] - y_rrl_: (1447,) [0 1 0 0 0 1 0 0 0 0 0 0 0 0 0 0 0 0 0 0 0 0 0 0 1 0 0 0 0 0 0 0 0 1 0 0 0
 0 0 0 0]
2025-12-21 21:09:51,694 - [DEBUG] - y_rrl: (1447, 2) [[ 3.8527243  -3.3156397 ]
 [-0.91870147  1.4605058 ]
 [ 2.1696703  -1.5985332 ]
 [ 2.1696703  -1.5985332 ]
 [ 3.5277188  -2.9810433 ]
 [-0.5228771   1.0622616 ]
 [ 3.8527243  -3.3156397 ]
 [ 2.5431583  -1.9805536 ]
 [ 3.8527243  -3.3156397 ]
 [ 1.34223    -0.8130877 ]
 [ 0.8351713  -0.32024872]
 [ 2.6861103  -2.156907  ]
 [ 3.5277188  -2.9810433 ]
 [ 3.6299818  -3.0895324 ]
 [ 3.5277188  -2.9810433 ]
 [ 3.8527243  -3.3156397 ]
 [ 3.8527243  -3.3156397 ]
 [ 0.9374341  -0.42873773]
 [ 1.5399543  -0.98920286]
 [ 1.5185614  -0.9525678 ]
 [ 3.6299818  -3.0895324 ]
 [ 3.8527243  -3.3156397 ]
 [ 3.5277188  -2.9810433 ]
 [ 3.6299818  -3.0895324 ]
 [-0.5228771   1.0622616 ]
 [ 0.46168336  0.0617717 ]
 [ 1.7823985  -1.2582934 ]
 [ 2.5431583  -1.9805536 ]
 [ 2.5031216  -1.953058  ]
 [ 3.479236   -2.9336195 ]
 [ 3.6299818  -3.0895324 ]
 [ 2.280379   -1.7269504 ]
 [ 0.46168336  0.0617717 ]
 [-0.19787176  0.7276653 ]
 [ 3.8527243  -3.3156397 ]
 [ 2.5431583  -1.9805536 ]
 [ 3.5277188  -2.9810433 ]
 [ 2.5431583  -1.9805536 ]
 [ 0.3661156   0.167474  ]
 [ 1.0172247  -0.47849134]
 [ 2.5431583  -1.9805536 ]]
2025-12-21 21:09:51,696 - [INFO] - ------------------------------------------------------------
2025-12-21 21:09:51,696 - [INFO] - On Validation Set:
	Accuracy of RRL  Model: 0.8908085694540429
	F1 Score of RRL  Model: 0.7406715910018965
2025-12-21 21:09:51,702 - [INFO] - On Validation Set:
Performance of  RRL Model: 
[[1195   91]
 [  67   94]]
              precision    recall  f1-score   support

           0       0.95      0.93      0.94      1286
           1       0.51      0.58      0.54       161

    accuracy                           0.89      1447
   macro avg       0.73      0.76      0.74      1447
weighted avg       0.90      0.89      0.89      1447

2025-12-21 21:09:51,702 - [INFO] - ------------------------------------------------------------
2025-12-21 21:09:52,975 - [INFO] - epoch: 115, loss_rrl: 109.32925244048238
2025-12-21 21:09:53,425 - [DEBUG] - y_true: (1447,) [0 0 0 0 0 1 0 0 0 0 0 0 0 0 0 0 0 1 0 0 0 0 0 0 1 0 0 0 0 0 0 0 0 0 0 0 0
 0 1 1 0]
2025-12-21 21:09:53,589 - [DEBUG] - y_rrl_: (1447,) [0 0 0 0 0 1 0 0 0 0 0 0 0 0 0 0 0 0 0 0 0 0 0 0 1 0 0 0 0 0 0 0 0 0 0 0 0
 0 0 0 0]
2025-12-21 21:09:53,589 - [DEBUG] - y_rrl: (1447, 2) [[ 4.1575284  -3.6239223 ]
 [ 1.0674485  -0.5628629 ]
 [ 3.777782   -3.235705  ]
 [ 3.777782   -3.235705  ]
 [ 4.1575284  -3.6239223 ]
 [-0.7678305   1.2978036 ]
 [ 4.1575284  -3.6239223 ]
 [ 3.777782   -3.235705  ]
 [ 4.1575284  -3.6239223 ]
 [ 2.247048   -1.728576  ]
 [ 0.97641957 -0.46330827]
 [ 3.6404474  -3.1095543 ]
 [ 3.4039807  -2.8730228 ]
 [ 4.1575284  -3.6239223 ]
 [ 4.1575284  -3.6239223 ]
 [ 3.4039807  -2.8730228 ]
 [ 3.777782   -3.235705  ]
 [ 1.7299671  -1.2142078 ]
 [ 2.3868527  -1.8525292 ]
 [ 3.1404004  -2.6034288 ]
 [ 4.1575284  -3.6239223 ]
 [ 4.1575284  -3.6239223 ]
 [ 4.1575284  -3.6239223 ]
 [ 4.1575284  -3.6239223 ]
 [ 0.14877276  0.37871617]
 [ 0.7187842  -0.21925034]
 [ 2.5071535  -1.9704372 ]
 [ 4.1575284  -3.6239223 ]
 [ 3.0242343  -2.4848053 ]
 [ 4.1575284  -3.6239223 ]
 [ 4.1575284  -3.6239223 ]
 [ 3.1404004  -2.6034288 ]
 [ 0.97641957 -0.46330827]
 [ 0.97641957 -0.46330827]
 [ 4.1575284  -3.6239223 ]
 [ 4.1575284  -3.6239223 ]
 [ 3.4039807  -2.8730228 ]
 [ 4.1575284  -3.6239223 ]
 [ 0.38663185  0.15115982]
 [ 0.8844224  -0.36127922]
 [ 3.777782   -3.235705  ]]
2025-12-21 21:09:53,591 - [INFO] - ------------------------------------------------------------
2025-12-21 21:09:53,591 - [INFO] - On Validation Set:
	Accuracy of RRL  Model: 0.902557014512785
	F1 Score of RRL  Model: 0.7110610727562401
2025-12-21 21:09:53,597 - [INFO] - On Validation Set:
Performance of  RRL Model: 
[[1242   44]
 [  97   64]]
              precision    recall  f1-score   support

           0       0.93      0.97      0.95      1286
           1       0.59      0.40      0.48       161

    accuracy                           0.90      1447
   macro avg       0.76      0.68      0.71      1447
weighted avg       0.89      0.90      0.89      1447

2025-12-21 21:09:53,597 - [INFO] - ------------------------------------------------------------
2025-12-21 21:09:54,703 - [INFO] - epoch: 116, loss_rrl: 110.37521387077868
2025-12-21 21:09:55,377 - [DEBUG] - y_true: (1447,) [0 0 0 0 0 1 0 0 0 0 0 0 0 0 0 0 0 1 0 0 0 0 0 0 1 0 0 0 0 0 0 0 0 0 0 0 0
 0 1 1 0]
2025-12-21 21:09:55,541 - [DEBUG] - y_rrl_: (1447,) [0 0 0 0 0 1 0 0 0 0 0 0 0 0 0 0 0 0 0 0 0 0 0 0 1 0 0 0 0 0 0 0 0 1 0 0 0
 0 0 0 0]
2025-12-21 21:09:55,541 - [DEBUG] - y_rrl: (1447, 2) [[ 3.8023913  -3.268908  ]
 [ 0.89715517 -0.3812872 ]
 [ 3.424383   -2.8824892 ]
 [ 3.424383   -2.8824892 ]
 [ 3.8023913  -3.268908  ]
 [-0.3203721   0.8529493 ]
 [ 4.015656   -3.485487  ]
 [ 3.8023913  -3.268908  ]
 [ 4.015656   -3.485487  ]
 [ 2.287061   -1.7769238 ]
 [ 1.149984   -0.64760137]
 [ 2.6612296  -2.1387467 ]
 [ 4.015656   -3.485487  ]
 [ 3.8023913  -3.268908  ]
 [ 4.015656   -3.485487  ]
 [ 3.076803   -2.5459394 ]
 [ 3.8023913  -3.268908  ]
 [ 0.42439586  0.07536721]
 [ 2.069956   -1.5357486 ]
 [ 2.7955444  -2.258717  ]
 [ 3.8023913  -3.268908  ]
 [ 3.8023913  -3.268908  ]
 [ 3.8023913  -3.268908  ]
 [ 3.8023913  -3.268908  ]
 [-0.3203721   0.8529493 ]
 [ 0.9852409  -0.47776183]
 [ 1.1104202  -0.59786636]
 [ 3.8023913  -3.268908  ]
 [ 2.2832212  -1.7523278 ]
 [ 3.6376479  -3.0990682 ]
 [ 3.8023913  -3.268908  ]
 [ 2.7955444  -2.258717  ]
 [ 0.7719757  -0.26118258]
 [ 0.04638745  0.4617861 ]
 [ 4.015656   -3.485487  ]
 [ 3.8023913  -3.268908  ]
 [ 3.8023913  -3.268908  ]
 [ 3.8023913  -3.268908  ]
 [ 0.5658745  -0.03901989]
 [ 0.7989346  -0.27907568]
 [ 3.8023913  -3.268908  ]]
2025-12-21 21:09:55,543 - [INFO] - ------------------------------------------------------------
2025-12-21 21:09:55,544 - [INFO] - On Validation Set:
	Accuracy of RRL  Model: 0.9053213545266068
	F1 Score of RRL  Model: 0.7135079983756122
2025-12-21 21:09:55,549 - [INFO] - On Validation Set:
Performance of  RRL Model: 
[[1247   39]
 [  98   63]]
              precision    recall  f1-score   support

           0       0.93      0.97      0.95      1286
           1       0.62      0.39      0.48       161

    accuracy                           0.91      1447
   macro avg       0.77      0.68      0.71      1447
weighted avg       0.89      0.91      0.90      1447

2025-12-21 21:09:55,550 - [INFO] - ------------------------------------------------------------
2025-12-21 21:09:56,364 - [INFO] - epoch: 117, loss_rrl: 110.26725659519434
2025-12-21 21:09:57,251 - [DEBUG] - y_true: (1447,) [0 0 0 0 0 1 0 0 0 0 0 0 0 0 0 0 0 1 0 0 0 0 0 0 1 0 0 0 0 0 0 0 0 0 0 0 0
 0 1 1 0]
2025-12-21 21:09:57,418 - [DEBUG] - y_rrl_: (1447,) [0 0 0 0 0 1 0 0 0 0 0 0 0 0 0 0 0 0 0 0 0 0 0 0 1 0 0 0 0 0 0 0 0 0 0 0 0
 0 1 0 0]
2025-12-21 21:09:57,418 - [DEBUG] - y_rrl: (1447, 2) [[ 4.148856   -3.622105  ]
 [ 1.4506183  -0.9413311 ]
 [ 3.2646422  -2.7322035 ]
 [ 3.2646422  -2.7322035 ]
 [ 4.148856   -3.622105  ]
 [ 0.00809037  0.51783353]
 [ 4.148856   -3.622105  ]
 [ 3.2646422  -2.7322035 ]
 [ 4.148856   -3.622105  ]
 [ 1.7069448  -1.1975918 ]
 [ 1.0899446  -0.5856195 ]
 [ 2.6476421  -2.1202314 ]
 [ 4.148856   -3.622105  ]
 [ 4.148856   -3.622105  ]
 [ 4.148856   -3.622105  ]
 [ 4.148856   -3.622105  ]
 [ 3.2646422  -2.7322035 ]
 [ 1.0899446  -0.5856195 ]
 [ 2.430325   -1.9028436 ]
 [ 3.1520128  -2.6219394 ]
 [ 4.148856   -3.622105  ]
 [ 4.148856   -3.622105  ]
 [ 4.148856   -3.622105  ]
 [ 4.148856   -3.622105  ]
 [-0.18992957  0.719142  ]
 [ 1.0899446  -0.5856195 ]
 [ 3.2646422  -2.7322035 ]
 [ 4.148856   -3.622105  ]
 [ 3.1520128  -2.6219394 ]
 [ 3.769013   -3.2339118 ]
 [ 4.148856   -3.622105  ]
 [ 3.1520128  -2.6219394 ]
 [ 1.0899446  -0.5856195 ]
 [ 1.0899446  -0.5856195 ]
 [ 4.148856   -3.622105  ]
 [ 3.2646422  -2.7322035 ]
 [ 4.148856   -3.622105  ]
 [ 4.148856   -3.622105  ]
 [ 0.00809037  0.51783353]
 [ 1.6338925  -1.1147084 ]
 [ 3.2646422  -2.7322035 ]]
2025-12-21 21:09:57,420 - [INFO] - ------------------------------------------------------------
2025-12-21 21:09:57,420 - [INFO] - On Validation Set:
	Accuracy of RRL  Model: 0.9060124395300622
	F1 Score of RRL  Model: 0.6933672388217842
2025-12-21 21:09:57,426 - [INFO] - On Validation Set:
Performance of  RRL Model: 
[[1258   28]
 [ 108   53]]
              precision    recall  f1-score   support

           0       0.92      0.98      0.95      1286
           1       0.65      0.33      0.44       161

    accuracy                           0.91      1447
   macro avg       0.79      0.65      0.69      1447
weighted avg       0.89      0.91      0.89      1447

2025-12-21 21:09:57,426 - [INFO] - ------------------------------------------------------------
2025-12-21 21:09:58,010 - [INFO] - epoch: 118, loss_rrl: 108.76287773065269
2025-12-21 21:09:59,126 - [DEBUG] - y_true: (1447,) [0 0 0 0 0 1 0 0 0 0 0 0 0 0 0 0 0 1 0 0 0 0 0 0 1 0 0 0 0 0 0 0 0 0 0 0 0
 0 1 1 0]
2025-12-21 21:09:59,299 - [DEBUG] - y_rrl_: (1447,) [0 0 0 0 0 1 0 0 0 0 1 0 0 0 0 0 0 0 0 0 0 0 0 0 1 0 0 0 0 0 0 0 0 0 0 0 0
 0 1 0 0]
2025-12-21 21:09:59,300 - [DEBUG] - y_rrl: (1447, 2) [[ 3.579024   -3.0606086 ]
 [ 0.47162452  0.04658312]
 [ 2.456782   -1.9179562 ]
 [ 2.800923   -2.2571795 ]
 [ 2.8370163  -2.306481  ]
 [-0.1969449   0.71953076]
 [ 3.923165   -3.3998318 ]
 [ 3.5429308  -3.0113072 ]
 [ 3.923165   -3.3998318 ]
 [ 2.3543088  -1.8405939 ]
 [ 0.12748364  0.38580623]
 [ 2.0581133  -1.5390352 ]
 [ 2.6861372  -2.1620698 ]
 [ 2.456782   -1.9179562 ]
 [ 3.5429308  -3.0113072 ]
 [ 3.579024   -3.0606086 ]
 [ 2.456782   -1.9179562 ]
 [ 1.2136325  -0.707545  ]
 [ 2.230169   -1.7193071 ]
 [ 2.9149067  -2.3882732 ]
 [ 3.923165   -3.3998318 ]
 [ 3.1987898  -2.672084  ]
 [ 3.579024   -3.0606086 ]
 [ 2.456782   -1.9179562 ]
 [-0.38378558  0.90963435]
 [ 0.86949134 -0.3683218 ]
 [ 2.4022543  -1.8782583 ]
 [ 3.5429308  -3.0113072 ]
 [ 2.5707657  -2.04905   ]
 [ 3.5429308  -3.0113072 ]
 [ 3.923165   -3.3998318 ]
 [ 2.5707657  -2.04905   ]
 [ 0.86949134 -0.3683218 ]
 [ 0.86949134 -0.3683218 ]
 [ 3.579024   -3.0606086 ]
 [ 3.5429308  -3.0113072 ]
 [ 3.579024   -3.0606086 ]
 [ 3.1987898  -2.672084  ]
 [-0.1969449   0.71953076]
 [ 0.56866705 -0.04712459]
 [ 3.1987898  -2.672084  ]]
2025-12-21 21:09:59,302 - [INFO] - ------------------------------------------------------------
2025-12-21 21:09:59,302 - [INFO] - On Validation Set:
	Accuracy of RRL  Model: 0.899101589495508
	F1 Score of RRL  Model: 0.718515498422444
2025-12-21 21:09:59,308 - [INFO] - On Validation Set:
Performance of  RRL Model: 
[[1230   56]
 [  90   71]]
              precision    recall  f1-score   support

           0       0.93      0.96      0.94      1286
           1       0.56      0.44      0.49       161

    accuracy                           0.90      1447
   macro avg       0.75      0.70      0.72      1447
weighted avg       0.89      0.90      0.89      1447

2025-12-21 21:09:59,308 - [INFO] - ------------------------------------------------------------
2025-12-21 21:09:59,637 - [INFO] - epoch: 119, loss_rrl: 109.20673051476479
2025-12-21 21:10:00,984 - [DEBUG] - y_true: (1447,) [0 0 0 0 0 1 0 0 0 0 0 0 0 0 0 0 0 1 0 0 0 0 0 0 1 0 0 0 0 0 0 0 0 0 0 0 0
 0 1 1 0]
2025-12-21 21:10:01,155 - [DEBUG] - y_rrl_: (1447,) [0 1 0 0 0 1 0 0 0 0 0 0 0 0 0 0 0 0 0 0 0 0 0 0 1 0 0 0 0 0 0 0 0 0 0 0 0
 0 0 0 0]
2025-12-21 21:10:01,156 - [DEBUG] - y_rrl: (1447, 2) [[ 4.1402607  -3.620327  ]
 [-0.02769755  0.5400741 ]
 [ 3.0045636  -2.464387  ]
 [ 3.0045636  -2.464387  ]
 [ 4.1402607  -3.620327  ]
 [ 0.01068299  0.50857997]
 [ 4.1402607  -3.620327  ]
 [ 3.3849933  -2.853047  ]
 [ 4.1402607  -3.620327  ]
 [ 1.8383839  -1.3290106 ]
 [ 1.4723101  -0.9825138 ]
 [ 3.0189195  -2.5065503 ]
 [ 4.1402607  -3.620327  ]
 [ 4.1402607  -3.620327  ]
 [ 4.1402607  -3.620327  ]
 [ 4.1402607  -3.620327  ]
 [ 4.1402607  -3.620327  ]
 [ 1.4723101  -0.9825138 ]
 [ 2.8034017  -2.290955  ]
 [ 2.3857627  -1.8505372 ]
 [ 4.1402607  -3.620327  ]
 [ 4.1402607  -3.620327  ]
 [ 4.1402607  -3.620327  ]
 [ 4.1402607  -3.620327  ]
 [-0.9153854   1.4353502 ]
 [ 1.0918803  -0.5938534 ]
 [ 1.4456285  -0.94272804]
 [ 3.3849933  -2.853047  ]
 [ 3.1410303  -2.617817  ]
 [ 3.7598312  -3.2316666 ]
 [ 4.1402607  -3.620327  ]
 [ 3.1410303  -2.617817  ]
 [ 1.0918803  -0.5938534 ]
 [ 0.33661267  0.17342646]
 [ 4.1402607  -3.620327  ]
 [ 3.3849933  -2.853047  ]
 [ 4.1402607  -3.620327  ]
 [ 3.3849933  -2.853047  ]
 [ 0.39111274  0.11991951]
 [ 1.6303737  -1.1177627 ]
 [ 3.3849933  -2.853047  ]]
2025-12-21 21:10:01,158 - [INFO] - ------------------------------------------------------------
2025-12-21 21:10:01,158 - [INFO] - On Validation Set:
	Accuracy of RRL  Model: 0.9018659295093296
	F1 Score of RRL  Model: 0.7080373077491446
2025-12-21 21:10:01,164 - [INFO] - On Validation Set:
Performance of  RRL Model: 
[[1242   44]
 [  98   63]]
              precision    recall  f1-score   support

           0       0.93      0.97      0.95      1286
           1       0.59      0.39      0.47       161

    accuracy                           0.90      1447
   macro avg       0.76      0.68      0.71      1447
weighted avg       0.89      0.90      0.89      1447

2025-12-21 21:10:01,164 - [INFO] - ------------------------------------------------------------
2025-12-21 21:10:01,262 - [INFO] - epoch: 120, loss_rrl: 109.6881641279906
2025-12-21 21:10:02,689 - [INFO] - epoch: 121, loss_rrl: 108.9631089437753
2025-12-21 21:10:02,841 - [DEBUG] - y_true: (1447,) [0 0 0 0 0 1 0 0 0 0 0 0 0 0 0 0 0 1 0 0 0 0 0 0 1 0 0 0 0 0 0 0 0 0 0 0 0
 0 1 1 0]
2025-12-21 21:10:03,011 - [DEBUG] - y_rrl_: (1447,) [0 0 0 0 0 1 0 0 0 0 0 0 0 0 0 0 0 0 0 0 0 0 0 0 1 0 0 0 0 0 0 0 0 0 0 0 0
 0 0 0 0]
2025-12-21 21:10:03,012 - [DEBUG] - y_rrl: (1447, 2) [[ 3.954898   -3.4383569 ]
 [ 0.6874303  -0.1784791 ]
 [ 2.4885726  -1.9428056 ]
 [ 2.4885726  -1.9428056 ]
 [ 3.6211069  -3.0954134 ]
 [-0.18754104  0.7034853 ]
 [ 3.954898   -3.4383569 ]
 [ 3.1197643  -2.5966594 ]
 [ 3.954898   -3.4383569 ]
 [ 2.2663982  -1.769937  ]
 [ 1.6307032  -1.1391551 ]
 [ 3.3192036  -2.807575  ]
 [ 3.24598    -2.7121153 ]
 [ 3.5797713  -3.0550587 ]
 [ 3.5797713  -3.0550587 ]
 [ 3.5797713  -3.0550587 ]
 [ 3.4535556  -2.9396029 ]
 [ 1.6307032  -1.1391551 ]
 [ 1.8745875  -1.3481448 ]
 [ 2.610285   -2.0813336 ]
 [ 3.954898   -3.4383569 ]
 [ 3.5797713  -3.0550587 ]
 [ 3.6211069  -3.0954134 ]
 [ 3.5797713  -3.0550587 ]
 [-0.4023566   0.9215141 ]
 [ 0.92178494 -0.41291362]
 [ 3.5797713  -3.0550587 ]
 [ 3.24598    -2.7121153 ]
 [ 2.610285   -2.0813336 ]
 [ 3.5797713  -3.0550587 ]
 [ 3.954898   -3.4383569 ]
 [ 2.610285   -2.0813336 ]
 [ 1.2555761  -0.75585693]
 [ 1.2555761  -0.75585693]
 [ 3.954898   -3.4383569 ]
 [ 3.1197643  -2.5966594 ]
 [ 3.6211069  -3.0954134 ]
 [ 3.24598    -2.7121153 ]
 [ 0.6889288  -0.17856704]
 [ 0.9422567  -0.4355094 ]
 [ 3.1197643  -2.5966594 ]]
2025-12-21 21:10:03,014 - [INFO] - ------------------------------------------------------------
2025-12-21 21:10:03,014 - [INFO] - On Validation Set:
	Accuracy of RRL  Model: 0.902557014512785
	F1 Score of RRL  Model: 0.6784672481857079
2025-12-21 21:10:03,020 - [INFO] - On Validation Set:
Performance of  RRL Model: 
[[1257   29]
 [ 112   49]]
              precision    recall  f1-score   support

           0       0.92      0.98      0.95      1286
           1       0.63      0.30      0.41       161

    accuracy                           0.90      1447
   macro avg       0.77      0.64      0.68      1447
weighted avg       0.89      0.90      0.89      1447

2025-12-21 21:10:03,020 - [INFO] - ------------------------------------------------------------
2025-12-21 21:10:04,328 - [INFO] - epoch: 122, loss_rrl: 108.67390295118093
2025-12-21 21:10:04,713 - [DEBUG] - y_true: (1447,) [0 0 0 0 0 1 0 0 0 0 0 0 0 0 0 0 0 1 0 0 0 0 0 0 1 0 0 0 0 0 0 0 0 0 0 0 0
 0 1 1 0]
2025-12-21 21:10:04,878 - [DEBUG] - y_rrl_: (1447,) [0 0 0 0 0 1 0 0 0 0 0 0 0 0 0 0 0 0 0 0 0 0 0 0 1 0 0 0 0 0 0 0 0 0 0 0 0
 0 0 0 0]
2025-12-21 21:10:04,879 - [DEBUG] - y_rrl: (1447, 2) [[ 4.110128   -3.5969586 ]
 [ 0.4353366   0.06192622]
 [ 2.7655811  -2.2293167 ]
 [ 2.7655811  -2.2293167 ]
 [ 4.110128   -3.5969586 ]
 [-0.2754672   0.7912999 ]
 [ 4.110128   -3.5969586 ]
 [ 3.5237355  -2.9992661 ]
 [ 4.110128   -3.5969586 ]
 [ 1.9823736  -1.4799773 ]
 [ 1.6822404  -1.1855971 ]
 [ 3.2236023  -2.704886  ]
 [ 3.594115   -3.0835102 ]
 [ 3.8942482  -3.3778903 ]
 [ 4.110128   -3.5969586 ]
 [ 4.110128   -3.5969586 ]
 [ 3.7396152  -3.2183344 ]
 [ 1.4663607  -0.96652883]
 [ 2.5139368  -2.0049338 ]
 [ 2.883419   -2.3638241 ]
 [ 3.8942482  -3.3778903 ]
 [ 4.110128   -3.5969586 ]
 [ 4.110128   -3.5969586 ]
 [ 3.8942482  -3.3778903 ]
 [-0.2754672   0.7912999 ]
 [ 1.0419239  -0.5501553 ]
 [ 2.0315278  -1.5300984 ]
 [ 3.8942482  -3.3778903 ]
 [ 3.7396152  -3.2183344 ]
 [ 3.7396152  -3.2183344 ]
 [ 3.8942482  -3.3778903 ]
 [ 2.883419   -2.3638241 ]
 [ 1.6822404  -1.1855971 ]
 [ 1.4663607  -0.96652883]
 [ 4.110128   -3.5969586 ]
 [ 3.5237355  -2.9992661 ]
 [ 4.110128   -3.5969586 ]
 [ 3.8942482  -3.3778903 ]
 [ 0.36484942  0.15585816]
 [ 1.0787193  -0.57520384]
 [ 3.5237355  -2.9992661 ]]
2025-12-21 21:10:04,881 - [INFO] - ------------------------------------------------------------
2025-12-21 21:10:04,881 - [INFO] - On Validation Set:
	Accuracy of RRL  Model: 0.9018659295093296
	F1 Score of RRL  Model: 0.6749487445580642
2025-12-21 21:10:04,887 - [INFO] - On Validation Set:
Performance of  RRL Model: 
[[1257   29]
 [ 113   48]]
              precision    recall  f1-score   support

           0       0.92      0.98      0.95      1286
           1       0.62      0.30      0.40       161

    accuracy                           0.90      1447
   macro avg       0.77      0.64      0.67      1447
weighted avg       0.88      0.90      0.89      1447

2025-12-21 21:10:04,887 - [INFO] - ------------------------------------------------------------
2025-12-21 21:10:05,947 - [INFO] - epoch: 123, loss_rrl: 108.67229139246047
2025-12-21 21:10:06,569 - [DEBUG] - y_true: (1447,) [0 0 0 0 0 1 0 0 0 0 0 0 0 0 0 0 0 1 0 0 0 0 0 0 1 0 0 0 0 0 0 0 0 0 0 0 0
 0 1 1 0]
2025-12-21 21:10:06,735 - [DEBUG] - y_rrl_: (1447,) [0 0 0 0 0 1 0 0 0 0 0 0 0 0 0 0 0 0 0 0 0 0 0 0 1 0 0 0 0 0 0 0 0 0 0 0 0
 0 0 0 0]
2025-12-21 21:10:06,735 - [DEBUG] - y_rrl: (1447, 2) [[ 3.921139   -3.4081118 ]
 [ 1.1832738  -0.68973446]
 [ 3.2086585  -2.6923206 ]
 [ 3.7538953  -3.2359798 ]
 [ 3.5842335  -3.075949  ]
 [-0.22444901  0.7370225 ]
 [ 4.129471   -3.6196082 ]
 [ 3.7538953  -3.2359798 ]
 [ 4.129471   -3.6196082 ]
 [ 2.5523868  -2.0515563 ]
 [ 1.8357958  -1.3343409 ]
 [ 3.4169898  -2.903817  ]
 [ 3.7925646  -3.2874448 ]
 [ 3.5842335  -3.075949  ]
 [ 4.129471   -3.6196082 ]
 [ 3.921139   -3.4081118 ]
 [ 3.545564   -3.024484  ]
 [ 2.0441267  -1.545837  ]
 [ 2.1764505  -1.6626617 ]
 [ 3.1211562  -2.6080787 ]
 [ 4.129471   -3.6196082 ]
 [ 3.5842335  -3.075949  ]
 [ 3.5842335  -3.075949  ]
 [ 3.921139   -3.4081118 ]
 [-0.22444901  0.7370225 ]
 [ 1.0744824  -0.5857729 ]
 [ 2.5523868  -2.0515563 ]
 [ 4.129471   -3.6196082 ]
 [ 3.4169898  -2.903817  ]
 [ 3.7538953  -3.2359798 ]
 [ 4.129471   -3.6196082 ]
 [ 2.7842507  -2.2759159 ]
 [ 1.8357958  -1.3343409 ]
 [ 1.4988902  -1.0021778 ]
 [ 3.7925646  -3.2874448 ]
 [ 3.7538953  -3.2359798 ]
 [ 3.5842335  -3.075949  ]
 [ 3.921139   -3.4081118 ]
 [ 1.1248816  -0.60809386]
 [ 1.62505    -1.1221611 ]
 [ 3.545564   -3.024484  ]]
2025-12-21 21:10:06,737 - [INFO] - ------------------------------------------------------------
2025-12-21 21:10:06,737 - [INFO] - On Validation Set:
	Accuracy of RRL  Model: 0.8984105044920525
	F1 Score of RRL  Model: 0.6070353764042764
2025-12-21 21:10:06,743 - [INFO] - On Validation Set:
Performance of  RRL Model: 
[[1273   13]
 [ 134   27]]
              precision    recall  f1-score   support

           0       0.90      0.99      0.95      1286
           1       0.68      0.17      0.27       161

    accuracy                           0.90      1447
   macro avg       0.79      0.58      0.61      1447
weighted avg       0.88      0.90      0.87      1447

2025-12-21 21:10:06,743 - [INFO] - ------------------------------------------------------------
2025-12-21 21:10:07,567 - [INFO] - epoch: 124, loss_rrl: 110.03928139619529
2025-12-21 21:10:08,559 - [DEBUG] - y_true: (1447,) [0 0 0 0 0 1 0 0 0 0 0 0 0 0 0 0 0 1 0 0 0 0 0 0 1 0 0 0 0 0 0 0 0 0 0 0 0
 0 1 1 0]
2025-12-21 21:10:08,708 - [DEBUG] - y_rrl_: (1447,) [0 0 0 0 0 1 0 0 0 0 0 0 0 0 0 0 0 0 0 0 0 0 0 0 1 0 0 0 0 0 0 0 0 1 0 0 0
 0 1 0 0]
2025-12-21 21:10:08,709 - [DEBUG] - y_rrl: (1447, 2) [[ 4.0862136  -3.5796325 ]
 [ 0.2734089   0.23748702]
 [ 2.6141515  -2.0790524 ]
 [ 2.6141515  -2.0790524 ]
 [ 3.7523713  -3.2368486 ]
 [-0.07191718  0.57811344]
 [ 4.0862136  -3.5796325 ]
 [ 2.6141515  -2.0790524 ]
 [ 4.0862136  -3.5796325 ]
 [ 1.7292887  -1.2200142 ]
 [ 0.6548405  -0.16689456]
 [ 2.591086   -2.0838294 ]
 [ 3.7523713  -3.2368486 ]
 [ 4.0862136  -3.5796325 ]
 [ 4.0862136  -3.5796325 ]
 [ 3.3686743  -2.8645198 ]
 [ 3.7131228  -3.1985466 ]
 [ 0.6548405  -0.16689456]
 [ 2.0530858  -1.5367974 ]
 [ 2.005497   -1.4751999 ]
 [ 4.0862136  -3.5796325 ]
 [ 4.0862136  -3.5796325 ]
 [ 3.7523713  -3.2368486 ]
 [ 4.0862136  -3.5796325 ]
 [-0.26887146  0.778208  ]
 [ 1.0385376  -0.5392234 ]
 [ 1.2634948  -0.77074754]
 [ 2.9872427  -2.4601386 ]
 [ 2.0530858  -1.5367974 ]
 [ 3.7131228  -3.1985466 ]
 [ 4.0862136  -3.5796325 ]
 [ 2.7706256  -2.25191   ]
 [ 0.6548405  -0.16689456]
 [-0.11028819  0.60981584]
 [ 4.0862136  -3.5796325 ]
 [ 2.6141515  -2.0790524 ]
 [ 3.7523713  -3.2368486 ]
 [ 2.9872427  -2.4601386 ]
 [-0.07191718  0.57811344]
 [ 0.84255964 -0.34526646]
 [ 2.6141515  -2.0790524 ]]
2025-12-21 21:10:08,711 - [INFO] - ------------------------------------------------------------
2025-12-21 21:10:08,711 - [INFO] - On Validation Set:
	Accuracy of RRL  Model: 0.8997926744989634
	F1 Score of RRL  Model: 0.7008663989198884
2025-12-21 21:10:08,717 - [INFO] - On Validation Set:
Performance of  RRL Model: 
[[1241   45]
 [ 100   61]]
              precision    recall  f1-score   support

           0       0.93      0.97      0.94      1286
           1       0.58      0.38      0.46       161

    accuracy                           0.90      1447
   macro avg       0.75      0.67      0.70      1447
weighted avg       0.89      0.90      0.89      1447

2025-12-21 21:10:08,717 - [INFO] - ------------------------------------------------------------
2025-12-21 21:10:09,258 - [INFO] - epoch: 125, loss_rrl: 110.04145725443959
2025-12-21 21:10:10,230 - [DEBUG] - y_true: (1447,) [0 0 0 0 0 1 0 0 0 0 0 0 0 0 0 0 0 1 0 0 0 0 0 0 1 0 0 0 0 0 0 0 0 0 0 0 0
 0 1 1 0]
2025-12-21 21:10:10,378 - [DEBUG] - y_rrl_: (1447,) [0 0 0 0 0 1 0 0 0 0 0 0 0 0 0 0 0 0 0 0 0 0 0 0 1 0 0 0 0 0 0 0 0 0 0 0 0
 0 1 0 0]
2025-12-21 21:10:10,379 - [DEBUG] - y_rrl: (1447, 2) [[ 3.7301078  -3.2236965 ]
 [ 0.47773117  0.00715454]
 [ 3.3571463  -2.8427987 ]
 [ 3.5676308  -3.0563993 ]
 [ 3.7301078  -3.2236965 ]
 [-0.41133606  0.91742706]
 [ 3.9405928  -3.4372973 ]
 [ 3.5676308  -3.0563993 ]
 [ 3.9405928  -3.4372973 ]
 [ 2.3641515  -1.8696063 ]
 [ 1.0110754  -0.5206729 ]
 [ 2.4250395  -1.921067  ]
 [ 3.9405928  -3.4372973 ]
 [ 3.7301078  -3.2236965 ]
 [ 3.9405928  -3.4372973 ]
 [ 3.7301078  -3.2236965 ]
 [ 3.3571463  -2.8427987 ]
 [ 1.2215601  -0.7342737 ]
 [ 2.0024288  -1.4952457 ]
 [ 2.9567423  -2.4502745 ]
 [ 3.9405928  -3.4372973 ]
 [ 3.7301078  -3.2236965 ]
 [ 3.7301078  -3.2236965 ]
 [ 3.7301078  -3.2236965 ]
 [-0.41133606  0.91742706]
 [ 1.2215601  -0.7342737 ]
 [ 2.4250395  -1.921067  ]
 [ 3.9405928  -3.4372973 ]
 [ 2.9567423  -2.4502745 ]
 [ 3.5676308  -3.0563993 ]
 [ 3.9405928  -3.4372973 ]
 [ 2.9567423  -2.4502745 ]
 [ 1.0110754  -0.5206729 ]
 [ 1.0110754  -0.5206729 ]
 [ 3.9405928  -3.4372973 ]
 [ 3.5676308  -3.0563993 ]
 [ 3.7301078  -3.2236965 ]
 [ 3.7301078  -3.2236965 ]
 [-0.20085129  0.70382625]
 [ 1.4320966  -0.9355545 ]
 [ 3.3571463  -2.8427987 ]]
2025-12-21 21:10:10,381 - [INFO] - ------------------------------------------------------------
2025-12-21 21:10:10,381 - [INFO] - On Validation Set:
	Accuracy of RRL  Model: 0.9108500345542502
	F1 Score of RRL  Model: 0.735651619755709
2025-12-21 21:10:10,387 - [INFO] - On Validation Set:
Performance of  RRL Model: 
[[1248   38]
 [  91   70]]
              precision    recall  f1-score   support

           0       0.93      0.97      0.95      1286
           1       0.65      0.43      0.52       161

    accuracy                           0.91      1447
   macro avg       0.79      0.70      0.74      1447
weighted avg       0.90      0.91      0.90      1447

2025-12-21 21:10:10,387 - [INFO] - ------------------------------------------------------------
2025-12-21 21:10:10,712 - [INFO] - epoch: 126, loss_rrl: 108.63081591017544
2025-12-21 21:10:11,898 - [DEBUG] - y_true: (1447,) [0 0 0 0 0 1 0 0 0 0 0 0 0 0 0 0 0 1 0 0 0 0 0 0 1 0 0 0 0 0 0 0 0 0 0 0 0
 0 1 1 0]
2025-12-21 21:10:12,047 - [DEBUG] - y_rrl_: (1447,) [0 0 0 0 0 1 0 0 0 0 0 0 0 0 0 0 0 0 0 0 0 0 0 0 1 0 0 0 0 0 0 0 0 0 0 0 0
 0 0 0 0]
2025-12-21 21:10:12,048 - [DEBUG] - y_rrl: (1447, 2) [[ 4.0625515  -3.5625143 ]
 [ 0.9394679  -0.4520537 ]
 [ 2.7498753  -2.2274966 ]
 [ 2.7498753  -2.2274966 ]
 [ 4.0625515  -3.5625143 ]
 [-0.23694226  0.739816  ]
 [ 4.0625515  -3.5625143 ]
 [ 3.867324   -3.364195  ]
 [ 4.0625515  -3.5625143 ]
 [ 2.3330212  -1.851001  ]
 [ 1.0757345  -0.59520197]
 [ 3.4602215  -2.9649112 ]
 [ 4.0625515  -3.5625143 ]
 [ 3.867324   -3.364195  ]
 [ 3.7403533  -3.2315125 ]
 [ 4.0625515  -3.5625143 ]
 [ 4.0625515  -3.5625143 ]
 [ 1.202705   -0.72788435]
 [ 2.5035734  -2.0075452 ]
 [ 2.9042904  -2.3980095 ]
 [ 3.867324   -3.364195  ]
 [ 4.0625515  -3.5625143 ]
 [ 4.0625515  -3.5625143 ]
 [ 3.867324   -3.364195  ]
 [-0.23694226  0.739816  ]
 [ 1.0372294  -0.55762136]
 [ 3.7018487  -3.193932  ]
 [ 3.867324   -3.364195  ]
 [ 3.0995183  -2.596329  ]
 [ 3.7018487  -3.193932  ]
 [ 3.867324   -3.364195  ]
 [ 2.9042904  -2.3980095 ]
 [ 0.71503097 -0.2266196 ]
 [ 0.8420015  -0.35930204]
 [ 4.0625515  -3.5625143 ]
 [ 3.867324   -3.364195  ]
 [ 4.0625515  -3.5625143 ]
 [ 3.867324   -3.364195  ]
 [ 0.65174705 -0.15427981]
 [ 1.2540773  -0.751883  ]
 [ 3.867324   -3.364195  ]]
2025-12-21 21:10:12,050 - [INFO] - ------------------------------------------------------------
2025-12-21 21:10:12,050 - [INFO] - On Validation Set:
	Accuracy of RRL  Model: 0.8956461644782309
	F1 Score of RRL  Model: 0.6475928730526618
2025-12-21 21:10:12,056 - [INFO] - On Validation Set:
Performance of  RRL Model: 
[[1255   31]
 [ 120   41]]
              precision    recall  f1-score   support

           0       0.91      0.98      0.94      1286
           1       0.57      0.25      0.35       161

    accuracy                           0.90      1447
   macro avg       0.74      0.62      0.65      1447
weighted avg       0.87      0.90      0.88      1447

2025-12-21 21:10:12,056 - [INFO] - ------------------------------------------------------------
2025-12-21 21:10:12,175 - [INFO] - epoch: 127, loss_rrl: 108.78395533189178
2025-12-21 21:10:13,467 - [INFO] - epoch: 128, loss_rrl: 109.30152909643948
2025-12-21 21:10:13,574 - [DEBUG] - y_true: (1447,) [0 0 0 0 0 1 0 0 0 0 0 0 0 0 0 0 0 1 0 0 0 0 0 0 1 0 0 0 0 0 0 0 0 0 0 0 0
 0 1 1 0]
2025-12-21 21:10:13,723 - [DEBUG] - y_rrl_: (1447,) [0 1 0 0 0 1 0 0 0 0 0 0 0 0 0 0 0 0 0 0 0 0 0 0 1 0 0 0 0 0 0 0 0 0 0 0 0
 0 0 0 0]
2025-12-21 21:10:13,723 - [DEBUG] - y_rrl: (1447, 2) [[ 3.9956226  -3.498805  ]
 [ 0.21251155  0.27507395]
 [ 2.7853904  -2.2744648 ]
 [ 2.7853904  -2.2744648 ]
 [ 3.6795373  -3.1739845 ]
 [-0.14072403  0.63735086]
 [ 3.9956226  -3.498805  ]
 [ 2.7853904  -2.2744648 ]
 [ 3.9956226  -3.498805  ]
 [ 1.9109874  -1.4250977 ]
 [ 1.3096907  -0.82849246]
 [ 2.5001788  -2.0026803 ]
 [ 3.3157368  -2.802361  ]
 [ 3.631822   -3.127182  ]
 [ 3.631822   -3.127182  ]
 [ 3.631822   -3.127182  ]
 [ 3.1014757  -2.5992856 ]
 [ 1.3096907  -0.82849246]
 [ 1.9333464  -1.4270103 ]
 [ 2.7144403  -2.205756  ]
 [ 3.9956226  -3.498805  ]
 [ 3.631822   -3.127182  ]
 [ 3.6795373  -3.1739845 ]
 [ 3.631822   -3.127182  ]
 [-0.3411996   0.84089357]
 [ 0.9936056  -0.5036717 ]
 [ 2.5001788  -2.0026803 ]
 [ 3.3157368  -2.802361  ]
 [ 2.7144403  -2.205756  ]
 [ 3.631822   -3.127182  ]
 [ 3.9956226  -3.498805  ]
 [ 2.7144403  -2.205756  ]
 [ 1.3096907  -0.82849246]
 [ 1.3096907  -0.82849246]
 [ 3.9956226  -3.498805  ]
 [ 2.7853904  -2.2744648 ]
 [ 3.6795373  -3.1739845 ]
 [ 3.3157368  -2.802361  ]
 [ 0.38962242  0.10945448]
 [ 1.1065286  -0.6084287 ]
 [ 2.7853904  -2.2744648 ]]
2025-12-21 21:10:13,725 - [INFO] - ------------------------------------------------------------
2025-12-21 21:10:13,725 - [INFO] - On Validation Set:
	Accuracy of RRL  Model: 0.9039391845196959
	F1 Score of RRL  Model: 0.7093256333883948
2025-12-21 21:10:13,731 - [INFO] - On Validation Set:
Performance of  RRL Model: 
[[1246   40]
 [  99   62]]
              precision    recall  f1-score   support

           0       0.93      0.97      0.95      1286
           1       0.61      0.39      0.47       161

    accuracy                           0.90      1447
   macro avg       0.77      0.68      0.71      1447
weighted avg       0.89      0.90      0.89      1447

2025-12-21 21:10:13,731 - [INFO] - ------------------------------------------------------------
2025-12-21 21:10:14,929 - [INFO] - epoch: 129, loss_rrl: 108.73113567195833
2025-12-21 21:10:15,249 - [DEBUG] - y_true: (1447,) [0 0 0 0 0 1 0 0 0 0 0 0 0 0 0 0 0 1 0 0 0 0 0 0 1 0 0 0 0 0 0 0 0 0 0 0 0
 0 1 1 0]
2025-12-21 21:10:15,398 - [DEBUG] - y_rrl_: (1447,) [0 0 0 0 0 1 0 0 0 0 0 0 0 0 0 0 0 0 0 0 0 0 0 0 1 0 0 0 0 0 0 0 0 0 0 0 0
 0 1 0 0]
2025-12-21 21:10:15,399 - [DEBUG] - y_rrl: (1447, 2) [[ 3.5202565  -3.03117   ]
 [ 0.2552624   0.22365244]
 [ 2.971874   -2.4719765 ]
 [ 3.3434658  -2.8390331 ]
 [ 3.5202565  -3.03117   ]
 [-0.45089093  0.94743127]
 [ 3.8918483  -3.3982265 ]
 [ 3.3434658  -2.8390331 ]
 [ 3.8918483  -3.3982265 ]
 [ 2.162668   -1.6743475 ]
 [ 0.84315234 -0.3694922 ]
 [ 2.02395    -1.534178  ]
 [ 3.5202565  -3.03117   ]
 [ 3.3282576  -2.8361275 ]
 [ 3.8918483  -3.3982265 ]
 [ 3.5202565  -3.03117   ]
 [ 3.1638732  -2.6670191 ]
 [ 1.0227449  -0.54150635]
 [ 1.6024827  -1.1095642 ]
 [ 2.2035425  -1.7061921 ]
 [ 3.6998494  -3.2031841 ]
 [ 3.5202565  -3.03117   ]
 [ 3.5202565  -3.03117   ]
 [ 3.3282576  -2.8361275 ]
 [-0.45089093  0.94743127]
 [ 0.84315234 -0.3694922 ]
 [ 1.8166528  -1.3338025 ]
 [ 3.6998494  -3.2031841 ]
 [ 2.02395    -1.534178  ]
 [ 3.535465   -3.0340757 ]
 [ 3.6998494  -3.2031841 ]
 [ 2.3699653  -1.874723  ]
 [ 0.84315234 -0.3694922 ]
 [ 0.65115315 -0.17444974]
 [ 3.5202565  -3.03117   ]
 [ 3.3434658  -2.8390331 ]
 [ 3.5202565  -3.03117   ]
 [ 3.3282576  -2.8361275 ]
 [-0.45089093  0.94743127]
 [ 1.3707473  -0.88356036]
 [ 2.971874   -2.4719765 ]]
2025-12-21 21:10:15,401 - [INFO] - ------------------------------------------------------------
2025-12-21 21:10:15,401 - [INFO] - On Validation Set:
	Accuracy of RRL  Model: 0.9080856945404284
	F1 Score of RRL  Model: 0.759064305521649
2025-12-21 21:10:15,407 - [INFO] - On Validation Set:
Performance of  RRL Model: 
[[1226   60]
 [  73   88]]
              precision    recall  f1-score   support

           0       0.94      0.95      0.95      1286
           1       0.59      0.55      0.57       161

    accuracy                           0.91      1447
   macro avg       0.77      0.75      0.76      1447
weighted avg       0.90      0.91      0.91      1447

2025-12-21 21:10:15,407 - [INFO] - ------------------------------------------------------------
2025-12-21 21:10:16,395 - [INFO] - epoch: 130, loss_rrl: 109.86656196974218
2025-12-21 21:10:16,923 - [DEBUG] - y_true: (1447,) [0 0 0 0 0 1 0 0 0 0 0 0 0 0 0 0 0 1 0 0 0 0 0 0 1 0 0 0 0 0 0 0 0 0 0 0 0
 0 1 1 0]
2025-12-21 21:10:17,072 - [DEBUG] - y_rrl_: (1447,) [0 0 0 0 0 1 0 0 0 0 0 0 0 0 0 0 0 0 0 0 0 0 0 0 1 0 0 0 0 0 0 0 0 0 0 0 0
 0 0 0 0]
2025-12-21 21:10:17,073 - [DEBUG] - y_rrl: (1447, 2) [[ 3.807909   -3.314437  ]
 [ 0.9165955  -0.4513901 ]
 [ 2.5460021  -2.0517192 ]
 [ 3.6662726  -3.1681085 ]
 [ 3.433718   -2.9447412 ]
 [-0.3757806   0.86918944]
 [ 4.0118294  -3.5213761 ]
 [ 3.124113   -2.6283536 ]
 [ 4.0118294  -3.5213761 ]
 [ 1.9257606  -1.4459262 ]
 [ 1.7218405  -1.2389868 ]
 [ 3.0954783  -2.6119254 ]
 [ 3.6376383  -3.1516805 ]
 [ 3.0881617  -2.5914736 ]
 [ 4.0118294  -3.5213761 ]
 [ 3.807909   -3.314437  ]
 [ 2.9201932  -2.4214144 ]
 [ 1.9257606  -1.4459262 ]
 [ 2.453188   -1.9666336 ]
 [ 3.059465   -2.56592   ]
 [ 4.0118294  -3.5213761 ]
 [ 3.0881617  -2.5914736 ]
 [ 3.433718   -2.9447412 ]
 [ 3.807909   -3.314437  ]
 [-0.03022423  0.5159218 ]
 [ 1.2903179  -0.8273096 ]
 [ 1.9257606  -1.4459262 ]
 [ 4.0118294  -3.5213761 ]
 [ 3.2920816  -2.7984128 ]
 [ 4.0118294  -3.5213761 ]
 [ 4.0118294  -3.5213761 ]
 [ 2.685274   -2.1962245 ]
 [ 1.7218405  -1.2389868 ]
 [ 1.3476496  -0.8692912 ]
 [ 3.6376383  -3.1516805 ]
 [ 4.0118294  -3.5213761 ]
 [ 3.433718   -2.9447412 ]
 [ 3.807909   -3.314437  ]
 [ 0.97710705 -0.47969338]
 [ 1.1073868  -0.6155555 ]
 [ 2.9201932  -2.4214144 ]]
2025-12-21 21:10:17,075 - [INFO] - ------------------------------------------------------------
2025-12-21 21:10:17,075 - [INFO] - On Validation Set:
	Accuracy of RRL  Model: 0.902557014512785
	F1 Score of RRL  Model: 0.7110610727562401
2025-12-21 21:10:17,081 - [INFO] - On Validation Set:
Performance of  RRL Model: 
[[1242   44]
 [  97   64]]
              precision    recall  f1-score   support

           0       0.93      0.97      0.95      1286
           1       0.59      0.40      0.48       161

    accuracy                           0.90      1447
   macro avg       0.76      0.68      0.71      1447
weighted avg       0.89      0.90      0.89      1447

2025-12-21 21:10:17,081 - [INFO] - ------------------------------------------------------------
2025-12-21 21:10:17,863 - [INFO] - epoch: 131, loss_rrl: 109.17756992764771
2025-12-21 21:10:18,616 - [DEBUG] - y_true: (1447,) [0 0 0 0 0 1 0 0 0 0 0 0 0 0 0 0 0 1 0 0 0 0 0 0 1 0 0 0 0 0 0 0 0 0 0 0 0
 0 1 1 0]
2025-12-21 21:10:18,765 - [DEBUG] - y_rrl_: (1447,) [0 0 0 0 0 1 0 0 0 0 0 0 0 0 0 0 0 0 0 0 0 0 0 0 1 0 0 0 0 0 0 0 0 0 0 0 0
 0 1 0 0]
2025-12-21 21:10:18,766 - [DEBUG] - y_rrl: (1447, 2) [[ 3.9389262  -3.4486296 ]
 [ 0.7428654  -0.2728898 ]
 [ 3.0702891  -2.5747201 ]
 [ 3.2665515  -2.773978  ]
 [ 3.9389262  -3.4486296 ]
 [-0.23948768  0.72978187]
 [ 4.135188   -3.6478875 ]
 [ 3.2665515  -2.773978  ]
 [ 4.135188   -3.6478875 ]
 [ 2.0773973  -1.6005638 ]
 [ 1.258048   -0.7828033 ]
 [ 2.6434646  -2.1554754 ]
 [ 3.7941122  -3.2991555 ]
 [ 3.5978494  -3.0998976 ]
 [ 3.7941122  -3.2991555 ]
 [ 3.5978494  -3.0998976 ]
 [ 3.0702891  -2.5747201 ]
 [ 1.4543107  -0.98206115]
 [ 2.263318   -1.7722237 ]
 [ 3.1710253  -2.6806529 ]
 [ 4.135188   -3.6478875 ]
 [ 3.5978494  -3.0998976 ]
 [ 3.9389262  -3.4486296 ]
 [ 3.5978494  -3.0998976 ]
 [-0.9509328   1.4389532 ]
 [ 1.4543107  -0.98206115]
 [ 3.2665515  -2.773978  ]
 [ 3.7941122  -3.2991555 ]
 [ 3.1710253  -2.6806529 ]
 [ 3.7941122  -3.2991555 ]
 [ 4.135188   -3.6478875 ]
 [ 3.1710253  -2.6806529 ]
 [ 1.258048   -0.7828033 ]
 [ 1.258048   -0.7828033 ]
 [ 4.135188   -3.6478875 ]
 [ 3.2665515  -2.773978  ]
 [ 3.9389262  -3.4486296 ]
 [ 3.5978494  -3.0998976 ]
 [-0.04322509  0.530524  ]
 [ 1.2490987  -0.7603732 ]
 [ 3.0702891  -2.5747201 ]]
2025-12-21 21:10:18,768 - [INFO] - ------------------------------------------------------------
2025-12-21 21:10:18,768 - [INFO] - On Validation Set:
	Accuracy of RRL  Model: 0.9039391845196959
	F1 Score of RRL  Model: 0.7132443410335482
2025-12-21 21:10:18,774 - [INFO] - On Validation Set:
Performance of  RRL Model: 
[[1244   42]
 [  97   64]]
              precision    recall  f1-score   support

           0       0.93      0.97      0.95      1286
           1       0.60      0.40      0.48       161

    accuracy                           0.90      1447
   macro avg       0.77      0.68      0.71      1447
weighted avg       0.89      0.90      0.90      1447

2025-12-21 21:10:18,774 - [INFO] - ------------------------------------------------------------
2025-12-21 21:10:19,349 - [INFO] - epoch: 132, loss_rrl: 107.5846760198474
2025-12-21 21:10:20,299 - [DEBUG] - y_true: (1447,) [0 0 0 0 0 1 0 0 0 0 0 0 0 0 0 0 0 1 0 0 0 0 0 0 1 0 0 0 0 0 0 0 0 0 0 0 0
 0 1 1 0]
2025-12-21 21:10:20,448 - [DEBUG] - y_rrl_: (1447,) [0 0 0 0 0 1 0 0 0 0 0 0 0 0 0 0 0 0 0 0 0 0 0 0 1 0 0 0 0 0 0 0 0 0 0 0 0
 0 1 0 0]
2025-12-21 21:10:20,448 - [DEBUG] - y_rrl: (1447, 2) [[ 4.0313363  -3.5471773 ]
 [ 0.43070555  0.03930903]
 [ 3.4842687  -2.9895365 ]
 [ 3.4842687  -2.9895365 ]
 [ 4.0313363  -3.5471773 ]
 [-0.3203076   0.80749846]
 [ 4.0313363  -3.5471773 ]
 [ 3.4842687  -2.9895365 ]
 [ 4.0313363  -3.5471773 ]
 [ 2.2929478  -1.8137736 ]
 [ 1.3384107  -0.8691175 ]
 [ 2.5297313  -2.0448804 ]
 [ 3.687307   -3.1955466 ]
 [ 3.4842687  -2.9895365 ]
 [ 3.687307   -3.1955466 ]
 [ 4.0313363  -3.5471773 ]
 [ 3.687307   -3.1955466 ]
 [ 1.1353725  -0.6631073 ]
 [ 2.4928305  -2.012499  ]
 [ 2.853468   -2.3632846 ]
 [ 3.828298   -3.341167  ]
 [ 3.687307   -3.1955466 ]
 [ 4.0313363  -3.5471773 ]
 [ 3.4842687  -2.9895365 ]
 [-1.0249745   1.5099146 ]
 [ 1.3384107  -0.8691175 ]
 [ 2.5297313  -2.0448804 ]
 [ 3.4842687  -2.9895365 ]
 [ 3.0565062  -2.569295  ]
 [ 3.687307   -3.1955466 ]
 [ 3.828298   -3.341167  ]
 [ 2.853468   -2.3632846 ]
 [ 1.3384107  -0.8691175 ]
 [ 1.1353725  -0.6631073 ]
 [ 4.0313363  -3.5471773 ]
 [ 3.4842687  -2.9895365 ]
 [ 4.0313363  -3.5471773 ]
 [ 3.4842687  -2.9895365 ]
 [ 0.20646697  0.28308398]
 [ 1.1592842  -0.67365503]
 [ 3.4842687  -2.9895365 ]]
2025-12-21 21:10:20,451 - [INFO] - ------------------------------------------------------------
2025-12-21 21:10:20,451 - [INFO] - On Validation Set:
	Accuracy of RRL  Model: 0.9067035245335177
	F1 Score of RRL  Model: 0.7214963024426547
2025-12-21 21:10:20,457 - [INFO] - On Validation Set:
Performance of  RRL Model: 
[[1246   40]
 [  95   66]]
              precision    recall  f1-score   support

           0       0.93      0.97      0.95      1286
           1       0.62      0.41      0.49       161

    accuracy                           0.91      1447
   macro avg       0.78      0.69      0.72      1447
weighted avg       0.90      0.91      0.90      1447

2025-12-21 21:10:20,457 - [INFO] - ------------------------------------------------------------
2025-12-21 21:10:20,831 - [INFO] - epoch: 133, loss_rrl: 109.07321504317224
2025-12-21 21:10:22,067 - [DEBUG] - y_true: (1447,) [0 0 0 0 0 1 0 0 0 0 0 0 0 0 0 0 0 1 0 0 0 0 0 0 1 0 0 0 0 0 0 0 0 0 0 0 0
 0 1 1 0]
2025-12-21 21:10:22,222 - [DEBUG] - y_rrl_: (1447,) [0 0 0 0 0 1 0 0 0 0 0 0 0 0 0 0 0 0 0 0 0 0 0 0 1 0 0 0 0 0 0 0 1 1 0 0 0
 0 0 0 0]
2025-12-21 21:10:22,222 - [DEBUG] - y_rrl: (1447, 2) [[ 3.9519668e+00 -3.4709141e+00]
 [ 8.9955616e-01 -4.2926645e-01]
 [ 1.9402521e+00 -1.4339017e+00]
 [ 2.3237600e+00 -1.8130338e+00]
 [ 3.2538562e+00 -2.7687736e+00]
 [-4.0265214e-01  8.8677204e-01]
 [ 3.9519668e+00 -3.4709141e+00]
 [ 3.4386487e+00 -2.9462416e+00]
 [ 3.9519668e+00 -3.4709141e+00]
 [ 2.1895616e+00 -1.7253131e+00]
 [ 4.9768701e-01 -4.5466248e-02]
 [ 2.2095473e+00 -1.7396119e+00]
 [ 3.2538562e+00 -2.7687736e+00]
 [ 3.0204711e+00 -2.5332990e+00]
 [ 3.6373644e+00 -3.1479056e+00]
 [ 3.2240989e+00 -2.7452719e+00]
 [ 3.9519668e+00 -3.4709141e+00]
 [ 2.9897144e-01  1.5619789e-01]
 [ 2.0797377e+00 -1.5940711e+00]
 [ 2.4583335e+00 -1.9628944e+00]
 [ 3.7532511e+00 -3.2692502e+00]
 [ 3.2191865e+00 -2.7349629e+00]
 [ 3.2538562e+00 -2.7687736e+00]
 [ 3.7532511e+00 -3.2692502e+00]
 [-5.3380072e-02  5.2995300e-01]
 [ 9.1095245e-01 -4.4809982e-01]
 [ 2.2437837e+00 -1.7619250e+00]
 [ 3.4386487e+00 -2.9462416e+00]
 [ 1.5456731e+00 -1.0597844e+00]
 [ 3.9519668e+00 -3.4709141e+00]
 [ 3.7532511e+00 -3.2692502e+00]
 [ 2.0748253e+00 -1.5837623e+00]
 [ 1.4841488e-01  3.1135282e-01]
 [-5.0300695e-02  5.1301688e-01]
 [ 3.5684586e+00 -3.0917821e+00]
 [ 3.4386487e+00 -2.9462416e+00]
 [ 3.2538562e+00 -2.7687736e+00]
 [ 3.4386487e+00 -2.9462416e+00]
 [ 4.7829890e-01  6.1228499e-04]
 [ 6.9607687e-01 -2.2328222e-01]
 [ 3.4386487e+00 -2.9462416e+00]]
2025-12-21 21:10:22,225 - [INFO] - ------------------------------------------------------------
2025-12-21 21:10:22,225 - [INFO] - On Validation Set:
	Accuracy of RRL  Model: 0.8887353144436766
	F1 Score of RRL  Model: 0.7049724876368495
2025-12-21 21:10:22,231 - [INFO] - On Validation Set:
Performance of  RRL Model: 
[[1214   72]
 [  89   72]]
              precision    recall  f1-score   support

           0       0.93      0.94      0.94      1286
           1       0.50      0.45      0.47       161

    accuracy                           0.89      1447
   macro avg       0.72      0.70      0.70      1447
weighted avg       0.88      0.89      0.89      1447

2025-12-21 21:10:22,231 - [INFO] - ------------------------------------------------------------
2025-12-21 21:10:22,390 - [INFO] - epoch: 134, loss_rrl: 108.87198238447309
2025-12-21 21:10:23,750 - [INFO] - epoch: 135, loss_rrl: 108.27533174492419
2025-12-21 21:10:23,829 - [DEBUG] - y_true: (1447,) [0 0 0 0 0 1 0 0 0 0 0 0 0 0 0 0 0 1 0 0 0 0 0 0 1 0 0 0 0 0 0 0 0 0 0 0 0
 0 1 1 0]
2025-12-21 21:10:23,985 - [DEBUG] - y_rrl_: (1447,) [0 0 0 0 0 1 0 0 0 0 0 0 0 0 0 0 0 0 0 0 0 0 0 0 1 0 0 0 0 0 0 0 0 0 0 0 0
 0 0 0 0]
2025-12-21 21:10:23,985 - [DEBUG] - y_rrl: (1447, 2) [[ 4.1096067  -3.631623  ]
 [ 0.6728847  -0.21160457]
 [ 3.741377   -3.2559006 ]
 [ 3.741377   -3.2559006 ]
 [ 4.1096067  -3.631623  ]
 [-0.07014544  0.54830587]
 [ 4.1096067  -3.631623  ]
 [ 3.741377   -3.2559006 ]
 [ 4.1096067  -3.631623  ]
 [ 2.5681713  -2.0978928 ]
 [ 1.4051956  -0.94171333]
 [ 3.206876   -2.7237146 ]
 [ 3.741377   -3.2559006 ]
 [ 3.741377   -3.2559006 ]
 [ 3.741377   -3.2559006 ]
 [ 3.741377   -3.2559006 ]
 [ 3.741377   -3.2559006 ]
 [ 1.4051956  -0.94171333]
 [ 2.380592   -1.9017991 ]
 [ 3.1129029  -2.6319077 ]
 [ 4.1096067  -3.631623  ]
 [ 3.741377   -3.2559006 ]
 [ 4.1096067  -3.631623  ]
 [ 3.741377   -3.2559006 ]
 [-1.0194042   1.4982872 ]
 [ 1.4051956  -0.94171333]
 [ 3.206876   -2.7237146 ]
 [ 3.741377   -3.2559006 ]
 [ 3.1129029  -2.6319077 ]
 [ 3.741377   -3.2559006 ]
 [ 4.1096067  -3.631623  ]
 [ 3.1129029  -2.6319077 ]
 [ 1.4051956  -0.94171333]
 [ 1.4051956  -0.94171333]
 [ 4.1096067  -3.631623  ]
 [ 3.741377   -3.2559006 ]
 [ 4.1096067  -3.631623  ]
 [ 3.741377   -3.2559006 ]
 [ 0.46435577  0.01611967]
 [ 1.185912   -0.70637226]
 [ 3.741377   -3.2559006 ]]
2025-12-21 21:10:23,987 - [INFO] - ------------------------------------------------------------
2025-12-21 21:10:23,987 - [INFO] - On Validation Set:
	Accuracy of RRL  Model: 0.9018659295093296
	F1 Score of RRL  Model: 0.6822239406124343
2025-12-21 21:10:23,993 - [INFO] - On Validation Set:
Performance of  RRL Model: 
[[1254   32]
 [ 110   51]]
              precision    recall  f1-score   support

           0       0.92      0.98      0.95      1286
           1       0.61      0.32      0.42       161

    accuracy                           0.90      1447
   macro avg       0.77      0.65      0.68      1447
weighted avg       0.89      0.90      0.89      1447

2025-12-21 21:10:23,993 - [INFO] - ------------------------------------------------------------
2025-12-21 21:10:25,227 - [INFO] - epoch: 136, loss_rrl: 108.23202842287719
2025-12-21 21:10:25,515 - [DEBUG] - y_true: (1447,) [0 0 0 0 0 1 0 0 0 0 0 0 0 0 0 0 0 1 0 0 0 0 0 0 1 0 0 0 0 0 0 0 0 0 0 0 0
 0 1 1 0]
2025-12-21 21:10:25,664 - [DEBUG] - y_rrl_: (1447,) [0 0 0 0 0 1 0 0 0 0 0 0 0 0 0 0 0 0 0 0 0 0 0 0 1 0 0 0 0 0 0 0 0 0 0 0 0
 0 1 0 0]
2025-12-21 21:10:25,664 - [DEBUG] - y_rrl: (1447, 2) [[ 4.032996   -3.5580926 ]
 [ 0.37588483  0.08541974]
 [ 3.065886   -2.5849407 ]
 [ 3.4376929  -2.9524477 ]
 [ 3.661189   -3.1905856 ]
 [-0.36656183  0.84460056]
 [ 4.032996   -3.5580926 ]
 [ 3.4376929  -2.9524477 ]
 [ 4.032996   -3.5580926 ]
 [ 1.8961352  -1.4302101 ]
 [ 0.94403636 -0.4877535 ]
 [ 2.1137874  -1.642484  ]
 [ 3.2791543  -2.8011098 ]
 [ 3.065886   -2.5849407 ]
 [ 3.6509612  -3.1686168 ]
 [ 3.6509612  -3.1686168 ]
 [ 3.6509612  -3.1686168 ]
 [ 0.7307683  -0.27158436]
 [ 2.0916104  -1.6129922 ]
 [ 2.818301   -2.3375034 ]
 [ 3.8197281  -3.3419235 ]
 [ 3.2791543  -2.8011098 ]
 [ 3.661189   -3.1905856 ]
 [ 3.4376929  -2.9524477 ]
 [-1.0932522   1.5691117 ]
 [ 0.94403636 -0.4877535 ]
 [ 1.9352354  -1.4702048 ]
 [ 3.4376929  -2.9524477 ]
 [ 2.6597624  -2.1861656 ]
 [ 3.6509612  -3.1686168 ]
 [ 3.8197281  -3.3419235 ]
 [ 2.446494   -1.9699962 ]
 [ 0.94403636 -0.4877535 ]
 [ 0.7307683  -0.27158436]
 [ 3.661189   -3.1905856 ]
 [ 3.4376929  -2.9524477 ]
 [ 3.661189   -3.1905856 ]
 [ 3.4376929  -2.9524477 ]
 [ 0.17941308  0.30091897]
 [ 1.1107616  -0.6342589 ]
 [ 3.4376929  -2.9524477 ]]
2025-12-21 21:10:25,666 - [INFO] - ------------------------------------------------------------
2025-12-21 21:10:25,667 - [INFO] - On Validation Set:
	Accuracy of RRL  Model: 0.9039391845196959
	F1 Score of RRL  Model: 0.7112999418675585
2025-12-21 21:10:25,672 - [INFO] - On Validation Set:
Performance of  RRL Model: 
[[1245   41]
 [  98   63]]
              precision    recall  f1-score   support

           0       0.93      0.97      0.95      1286
           1       0.61      0.39      0.48       161

    accuracy                           0.90      1447
   macro avg       0.77      0.68      0.71      1447
weighted avg       0.89      0.90      0.89      1447

2025-12-21 21:10:25,673 - [INFO] - ------------------------------------------------------------
2025-12-21 21:10:26,951 - [INFO] - epoch: 137, loss_rrl: 108.16386904753745
2025-12-21 21:10:27,513 - [DEBUG] - y_true: (1447,) [0 0 0 0 0 1 0 0 0 0 0 0 0 0 0 0 0 1 0 0 0 0 0 0 1 0 0 0 0 0 0 0 0 0 0 0 0
 0 1 1 0]
2025-12-21 21:10:27,677 - [DEBUG] - y_rrl_: (1447,) [0 0 0 0 0 1 0 0 0 0 0 0 0 0 0 0 0 0 0 0 0 0 0 0 1 0 0 0 0 0 0 0 0 0 0 0 0
 0 0 0 0]
2025-12-21 21:10:27,678 - [DEBUG] - y_rrl: (1447, 2) [[ 3.7977238  -3.3230226 ]
 [ 1.674508   -1.2242141 ]
 [ 3.4030488  -2.9209595 ]
 [ 3.6126103  -3.1333983 ]
 [ 3.7977238  -3.3230226 ]
 [-0.43929988  0.9142919 ]
 [ 4.007285   -3.5354614 ]
 [ 3.6126103  -3.1333983 ]
 [ 4.007285   -3.5354614 ]
 [ 2.438713   -1.9743459 ]
 [ 1.0702718  -0.60971177]
 [ 2.8484051  -2.3832664 ]
 [ 4.007285   -3.5354614 ]
 [ 3.4030488  -2.9209595 ]
 [ 4.007285   -3.5354614 ]
 [ 3.4030488  -2.9209595 ]
 [ 3.4030488  -2.9209595 ]
 [ 1.2798332  -0.8221507 ]
 [ 2.089192   -1.6136713 ]
 [ 3.0160427  -2.5412436 ]
 [ 4.007285   -3.5354614 ]
 [ 3.4030488  -2.9209595 ]
 [ 3.7977238  -3.3230226 ]
 [ 3.7977238  -3.3230226 ]
 [-0.04462513  0.51222855]
 [ 1.674508   -1.2242141 ]
 [ 3.0502977  -2.5733578 ]
 [ 4.007285   -3.5354614 ]
 [ 3.0160427  -2.5412436 ]
 [ 4.007285   -3.5354614 ]
 [ 4.007285   -3.5354614 ]
 [ 3.0160427  -2.5412436 ]
 [ 1.0702718  -0.60971177]
 [ 1.0702718  -0.60971177]
 [ 4.007285   -3.5354614 ]
 [ 4.007285   -3.5354614 ]
 [ 3.7977238  -3.3230226 ]
 [ 3.7977238  -3.3230226 ]
 [ 0.33257386  0.14181238]
 [ 1.0417043  -0.5682409 ]
 [ 3.4030488  -2.9209595 ]]
2025-12-21 21:10:27,680 - [INFO] - ------------------------------------------------------------
2025-12-21 21:10:27,680 - [INFO] - On Validation Set:
	Accuracy of RRL  Model: 0.907394609536973
	F1 Score of RRL  Model: 0.7207368360410186
2025-12-21 21:10:27,686 - [INFO] - On Validation Set:
Performance of  RRL Model: 
[[1248   38]
 [  96   65]]
              precision    recall  f1-score   support

           0       0.93      0.97      0.95      1286
           1       0.63      0.40      0.49       161

    accuracy                           0.91      1447
   macro avg       0.78      0.69      0.72      1447
weighted avg       0.90      0.91      0.90      1447

2025-12-21 21:10:27,686 - [INFO] - ------------------------------------------------------------
2025-12-21 21:10:28,634 - [INFO] - epoch: 138, loss_rrl: 108.4360711555928
2025-12-21 21:10:29,437 - [DEBUG] - y_true: (1447,) [0 0 0 0 0 1 0 0 0 0 0 0 0 0 0 0 0 1 0 0 0 0 0 0 1 0 0 0 0 0 0 0 0 0 0 0 0
 0 1 1 0]
2025-12-21 21:10:29,600 - [DEBUG] - y_rrl_: (1447,) [0 1 0 0 0 1 0 0 0 0 0 0 0 0 0 0 0 0 0 0 0 0 0 0 1 0 0 0 0 0 0 0 0 0 0 0 0
 0 0 0 0]
2025-12-21 21:10:29,601 - [DEBUG] - y_rrl: (1447, 2) [[ 4.1968646  -3.7281165 ]
 [-0.5455585   1.0196012 ]
 [ 2.4679456  -1.9704736 ]
 [ 2.4679456  -1.9704736 ]
 [ 3.881648   -3.4047513 ]
 [-0.24479227  0.7167433 ]
 [ 4.1968646  -3.7281165 ]
 [ 2.8570356  -2.3668995 ]
 [ 4.1968646  -3.7281165 ]
 [ 2.0030403  -1.5357225 ]
 [ 2.4688156  -2.0169861 ]
 [ 3.6380274  -3.1715283 ]
 [ 3.492558   -3.008325  ]
 [ 3.5867052  -3.1077676 ]
 [ 3.8077745  -3.3316903 ]
 [ 3.8077745  -3.3316903 ]
 [ 4.1968646  -3.7281165 ]
 [ 2.2477465  -1.7930633 ]
 [ 1.9860333  -1.5054576 ]
 [ 1.8798606  -1.3867673 ]
 [ 3.9757953  -3.5041933 ]
 [ 3.8077745  -3.3316903 ]
 [ 3.881648   -3.4047513 ]
 [ 3.5867052  -3.1077676 ]
 [-0.9421628   1.4119815 ]
 [ 1.1764245  -0.7134887 ]
 [ 3.2489376  -2.7751024 ]
 [ 2.4679456  -1.9704736 ]
 [ 3.492558   -3.008325  ]
 [ 3.8077745  -3.3316903 ]
 [ 3.9757953  -3.5041933 ]
 [ 2.6834037  -2.2006958 ]
 [ 2.0797257  -1.6205602 ]
 [ 1.0551134  -0.5827084 ]
 [ 4.1968646  -3.7281165 ]
 [ 2.8570356  -2.3668995 ]
 [ 3.881648   -3.4047513 ]
 [ 2.4679456  -1.9704736 ]
 [ 0.73238224 -0.2633889 ]
 [ 1.6064359  -1.1433423 ]
 [ 2.8570356  -2.3668995 ]]
2025-12-21 21:10:29,603 - [INFO] - ------------------------------------------------------------
2025-12-21 21:10:29,603 - [INFO] - On Validation Set:
	Accuracy of RRL  Model: 0.9018659295093296
	F1 Score of RRL  Model: 0.6978714519297502
2025-12-21 21:10:29,609 - [INFO] - On Validation Set:
Performance of  RRL Model: 
[[1247   39]
 [ 103   58]]
              precision    recall  f1-score   support

           0       0.92      0.97      0.95      1286
           1       0.60      0.36      0.45       161

    accuracy                           0.90      1447
   macro avg       0.76      0.66      0.70      1447
weighted avg       0.89      0.90      0.89      1447

2025-12-21 21:10:29,609 - [INFO] - ------------------------------------------------------------
2025-12-21 21:10:30,286 - [INFO] - epoch: 139, loss_rrl: 109.60449566319585
2025-12-21 21:10:31,348 - [DEBUG] - y_true: (1447,) [0 0 0 0 0 1 0 0 0 0 0 0 0 0 0 0 0 1 0 0 0 0 0 0 1 0 0 0 0 0 0 0 0 0 0 0 0
 0 1 1 0]
2025-12-21 21:10:31,510 - [DEBUG] - y_rrl_: (1447,) [0 0 0 0 0 1 0 0 0 0 0 0 0 0 0 0 0 0 0 0 0 0 0 0 1 0 0 0 0 0 0 0 0 0 0 0 0
 0 1 0 0]
2025-12-21 21:10:31,510 - [DEBUG] - y_rrl: (1447, 2) [[ 4.02835    -3.5626366 ]
 [ 1.1203755  -0.6656197 ]
 [ 2.646966   -2.160848  ]
 [ 2.646966   -2.160848  ]
 [ 4.02835    -3.5626366 ]
 [-0.37468565  0.8436305 ]
 [ 4.02835    -3.5626366 ]
 [ 3.434748   -2.9589207 ]
 [ 4.02835    -3.5626366 ]
 [ 2.2821333  -1.820805  ]
 [ 1.3295053  -0.87757915]
 [ 2.4821196  -2.0156949 ]
 [ 3.6438777  -3.17088   ]
 [ 3.434748   -2.9589207 ]
 [ 3.6438777  -3.17088   ]
 [ 4.02835    -3.5626366 ]
 [ 3.6438777  -3.17088   ]
 [ 1.1203755  -0.6656197 ]
 [ 2.5215547  -2.059466  ]
 [ 2.844681   -2.373199  ]
 [ 3.8192196  -3.3506773 ]
 [ 3.6438777  -3.17088   ]
 [ 4.02835    -3.5626366 ]
 [ 3.434748   -2.9589207 ]
 [-0.37468565  0.8436305 ]
 [ 1.3295053  -0.87757915]
 [ 2.4821196  -2.0156949 ]
 [ 3.434748   -2.9589207 ]
 [ 3.0538108  -2.5851583 ]
 [ 3.6438777  -3.17088   ]
 [ 3.8192196  -3.3506773 ]
 [ 2.844681   -2.373199  ]
 [ 1.3295053  -0.87757915]
 [ 1.1203755  -0.6656197 ]
 [ 4.02835    -3.5626366 ]
 [ 3.434748   -2.9589207 ]
 [ 4.02835    -3.5626366 ]
 [ 3.434748   -2.9589207 ]
 [ 0.19700545  0.27416688]
 [ 1.0854529  -0.6180205 ]
 [ 3.434748   -2.9589207 ]]
2025-12-21 21:10:31,512 - [INFO] - ------------------------------------------------------------
2025-12-21 21:10:31,512 - [INFO] - On Validation Set:
	Accuracy of RRL  Model: 0.9046302695231514
	F1 Score of RRL  Model: 0.7104254159029212
2025-12-21 21:10:31,518 - [INFO] - On Validation Set:
Performance of  RRL Model: 
[[1247   39]
 [  99   62]]
              precision    recall  f1-score   support

           0       0.93      0.97      0.95      1286
           1       0.61      0.39      0.47       161

    accuracy                           0.90      1447
   macro avg       0.77      0.68      0.71      1447
weighted avg       0.89      0.90      0.89      1447

2025-12-21 21:10:31,518 - [INFO] - ------------------------------------------------------------
2025-12-21 21:10:31,953 - [INFO] - epoch: 140, loss_rrl: 108.3579562716186
2025-12-21 21:10:33,228 - [DEBUG] - y_true: (1447,) [0 0 0 0 0 1 0 0 0 0 0 0 0 0 0 0 0 1 0 0 0 0 0 0 1 0 0 0 0 0 0 0 0 0 0 0 0
 0 1 1 0]
2025-12-21 21:10:33,391 - [DEBUG] - y_rrl_: (1447,) [0 0 0 0 0 1 0 0 0 0 0 0 0 0 0 0 0 0 0 0 0 0 0 0 1 0 0 0 0 0 0 0 0 0 0 0 0
 0 0 0 0]
2025-12-21 21:10:33,391 - [DEBUG] - y_rrl: (1447, 2) [[ 4.0994935  -3.6367762 ]
 [ 0.6492366  -0.1942443 ]
 [ 2.7292984  -2.2463446 ]
 [ 2.7292984  -2.2463446 ]
 [ 4.0994935  -3.6367762 ]
 [-0.279856    0.74583113]
 [ 4.0994935  -3.6367762 ]
 [ 3.5077183  -3.0349617 ]
 [ 4.0994935  -3.6367762 ]
 [ 1.9443234  -1.490048  ]
 [ 1.5868715  -1.1376094 ]
 [ 4.0994935  -3.6367762 ]
 [ 4.0994935  -3.6367762 ]
 [ 3.5077183  -3.0349617 ]
 [ 4.0994935  -3.6367762 ]
 [ 4.0994935  -3.6367762 ]
 [ 3.7212265  -3.2512765 ]
 [ 1.3733633  -0.9212948 ]
 [ 2.5850503  -2.1259248 ]
 [ 2.9293966  -2.4609518 ]
 [ 3.8859844  -3.4204614 ]
 [ 3.7212265  -3.2512765 ]
 [ 4.0994935  -3.6367762 ]
 [ 3.8859844  -3.4204614 ]
 [ 0.09841029  0.3603314 ]
 [ 1.386816   -0.9490992 ]
 [ 2.563833   -2.108213  ]
 [ 3.8859844  -3.4204614 ]
 [ 3.7212265  -3.2512765 ]
 [ 4.0994935  -3.6367762 ]
 [ 3.8859844  -3.4204614 ]
 [ 2.9293966  -2.4609518 ]
 [ 1.5868715  -1.1376094 ]
 [ 1.3733633  -0.9212948 ]
 [ 4.0994935  -3.6367762 ]
 [ 3.8859844  -3.4204614 ]
 [ 4.0994935  -3.6367762 ]
 [ 3.8859844  -3.4204614 ]
 [ 0.86942595 -0.39693204]
 [ 1.1659033  -0.7014309 ]
 [ 3.5077183  -3.0349617 ]]
2025-12-21 21:10:33,393 - [INFO] - ------------------------------------------------------------
2025-12-21 21:10:33,393 - [INFO] - On Validation Set:
	Accuracy of RRL  Model: 0.8984105044920525
	F1 Score of RRL  Model: 0.6175736099200121
2025-12-21 21:10:33,399 - [INFO] - On Validation Set:
Performance of  RRL Model: 
[[1270   16]
 [ 131   30]]
              precision    recall  f1-score   support

           0       0.91      0.99      0.95      1286
           1       0.65      0.19      0.29       161

    accuracy                           0.90      1447
   macro avg       0.78      0.59      0.62      1447
weighted avg       0.88      0.90      0.87      1447

2025-12-21 21:10:33,399 - [INFO] - ------------------------------------------------------------
2025-12-21 21:10:33,601 - [INFO] - epoch: 141, loss_rrl: 108.93440900929272
2025-12-21 21:10:35,136 - [INFO] - epoch: 142, loss_rrl: 108.14548078738153
2025-12-21 21:10:35,189 - [DEBUG] - y_true: (1447,) [0 0 0 0 0 1 0 0 0 0 0 0 0 0 0 0 0 1 0 0 0 0 0 0 1 0 0 0 0 0 0 0 0 0 0 0 0
 0 1 1 0]
2025-12-21 21:10:35,361 - [DEBUG] - y_rrl_: (1447,) [0 0 0 0 0 1 0 0 0 0 0 0 0 0 0 0 0 0 0 0 0 0 0 0 1 0 0 0 0 0 0 0 0 0 0 0 0
 0 0 0 0]
2025-12-21 21:10:35,361 - [DEBUG] - y_rrl: (1447, 2) [[ 4.087475   -3.6277485 ]
 [ 0.4416778   0.00532184]
 [ 3.4839804  -3.0142884 ]
 [ 3.4839804  -3.0142884 ]
 [ 4.087475   -3.6277485 ]
 [-0.29831493  0.76132596]
 [ 4.087475   -3.6277485 ]
 [ 3.8608642  -3.3983545 ]
 [ 4.087475   -3.6277485 ]
 [ 2.7110233  -2.2626786 ]
 [ 1.7938918  -1.3547946 ]
 [ 2.9437325  -2.490471  ]
 [ 3.1431463  -2.678423  ]
 [ 3.4839804  -3.0142884 ]
 [ 3.4186287  -2.9437604 ]
 [ 3.7105916  -3.2436824 ]
 [ 4.087475   -3.6277485 ]
 [ 1.5672807  -1.1254008 ]
 [ 2.1589642  -1.6956134 ]
 [ 2.9076834  -2.4422703 ]
 [ 3.8608642  -3.3983545 ]
 [ 3.7105916  -3.2436824 ]
 [ 4.087475   -3.6277485 ]
 [ 3.4839804  -3.0142884 ]
 [-1.0470343   1.5079829 ]
 [ 1.4170083  -0.9707289 ]
 [ 1.9933053  -1.542747  ]
 [ 3.4839804  -3.0142884 ]
 [ 3.1342943  -2.6716638 ]
 [ 3.7105916  -3.2436824 ]
 [ 3.8608642  -3.3983545 ]
 [ 2.9076834  -2.4422703 ]
 [ 1.4170083  -0.9707289 ]
 [ 1.1903971  -0.74133503]
 [ 4.087475   -3.6277485 ]
 [ 3.8608642  -3.3983545 ]
 [ 4.087475   -3.6277485 ]
 [ 3.4839804  -3.0142884 ]
 [ 0.646014   -0.1879991 ]
 [ 0.9468288  -0.49468017]
 [ 3.8608642  -3.3983545 ]]
2025-12-21 21:10:35,363 - [INFO] - ------------------------------------------------------------
2025-12-21 21:10:35,363 - [INFO] - On Validation Set:
	Accuracy of RRL  Model: 0.902557014512785
	F1 Score of RRL  Model: 0.7091183603289949
2025-12-21 21:10:35,369 - [INFO] - On Validation Set:
Performance of  RRL Model: 
[[1243   43]
 [  98   63]]
              precision    recall  f1-score   support

           0       0.93      0.97      0.95      1286
           1       0.59      0.39      0.47       161

    accuracy                           0.90      1447
   macro avg       0.76      0.68      0.71      1447
weighted avg       0.89      0.90      0.89      1447

2025-12-21 21:10:35,370 - [INFO] - ------------------------------------------------------------
2025-12-21 21:10:36,832 - [INFO] - epoch: 143, loss_rrl: 109.06395451165736
2025-12-21 21:10:37,121 - [DEBUG] - y_true: (1447,) [0 0 0 0 0 1 0 0 0 0 0 0 0 0 0 0 0 1 0 0 0 0 0 0 1 0 0 0 0 0 0 0 0 0 0 0 0
 0 1 1 0]
2025-12-21 21:10:37,289 - [DEBUG] - y_rrl_: (1447,) [0 0 0 0 0 1 0 0 0 0 0 0 0 0 0 0 0 0 0 0 0 0 0 0 1 0 0 0 0 0 0 0 0 0 0 0 0
 0 1 0 0]
2025-12-21 21:10:37,290 - [DEBUG] - y_rrl: (1447, 2) [[ 4.076813   -3.620064  ]
 [ 0.39978072  0.04440728]
 [ 3.0907826  -2.6282218 ]
 [ 3.494167   -3.027527  ]
 [ 2.9064994  -2.4438155 ]
 [-0.31509206  0.7751517 ]
 [ 4.076813   -3.620064  ]
 [ 3.8675258  -3.4080174 ]
 [ 4.076813   -3.620064  ]
 [ 2.704747   -2.2592385 ]
 [ 0.97344196 -0.52709186]
 [ 2.4997656  -2.0535078 ]
 [ 2.7190049  -2.2613692 ]
 [ 2.3238533  -1.8512784 ]
 [ 3.7034543  -3.2395742 ]
 [ 4.076813   -3.620064  ]
 [ 3.3098838  -2.8431208 ]
 [ 1.5310838  -1.091988  ]
 [ 2.5169833  -2.0637608 ]
 [ 2.9015691  -2.4391754 ]
 [ 3.8675258  -3.4080174 ]
 [ 3.3000698  -2.8402689 ]
 [ 3.6734285  -3.2207587 ]
 [ 2.7272377  -2.2505836 ]
 [-1.0730367   1.5310566 ]
 [ 0.96362805 -0.5242395 ]
 [ 2.529791   -2.0723228 ]
 [ 3.494167   -3.027527  ]
 [ 2.707472   -2.2519171 ]
 [ 3.7034543  -3.2395742 ]
 [ 3.8675258  -3.4080174 ]
 [ 2.4981847  -2.03987   ]
 [ 1.3670125  -0.92354465]
 [ 0.7543409  -0.31219244]
 [ 3.6734285  -3.2207587 ]
 [ 3.8675258  -3.4080174 ]
 [ 3.6734285  -3.2207587 ]
 [ 3.494167   -3.027527  ]
 [ 0.05826656  0.39466155]
 [ 0.9533683  -0.50409114]
 [ 3.8675258  -3.4080174 ]]
2025-12-21 21:10:37,292 - [INFO] - ------------------------------------------------------------
2025-12-21 21:10:37,292 - [INFO] - On Validation Set:
	Accuracy of RRL  Model: 0.9046302695231514
	F1 Score of RRL  Model: 0.7236440030557678
2025-12-21 21:10:37,298 - [INFO] - On Validation Set:
Performance of  RRL Model: 
[[1240   46]
 [  92   69]]
              precision    recall  f1-score   support

           0       0.93      0.96      0.95      1286
           1       0.60      0.43      0.50       161

    accuracy                           0.90      1447
   macro avg       0.77      0.70      0.72      1447
weighted avg       0.89      0.90      0.90      1447

2025-12-21 21:10:37,298 - [INFO] - ------------------------------------------------------------
2025-12-21 21:10:38,516 - [INFO] - epoch: 144, loss_rrl: 109.66929900832474
2025-12-21 21:10:39,030 - [DEBUG] - y_true: (1447,) [0 0 0 0 0 1 0 0 0 0 0 0 0 0 0 0 0 1 0 0 0 0 0 0 1 0 0 0 0 0 0 0 0 0 0 0 0
 0 1 1 0]
2025-12-21 21:10:39,195 - [DEBUG] - y_rrl_: (1447,) [0 0 0 0 0 1 0 0 0 0 1 0 0 0 0 0 0 0 0 0 0 0 0 0 1 0 0 0 0 0 0 0 0 0 0 0 0
 0 0 0 0]
2025-12-21 21:10:39,196 - [DEBUG] - y_rrl: (1447, 2) [[ 3.9767616  -3.5229766 ]
 [ 0.48689717 -0.04824542]
 [ 3.0394077  -2.5806873 ]
 [ 3.0394077  -2.5806873 ]
 [ 3.9767616  -3.5229766 ]
 [-0.23163867  0.6860242 ]
 [ 3.9767616  -3.5229766 ]
 [ 3.0394077  -2.5806873 ]
 [ 3.9767616  -3.5229766 ]
 [ 1.8558674  -1.4109839 ]
 [ 0.15897574  0.29945332]
 [ 2.430905   -1.9763991 ]
 [ 3.417905   -2.9662654 ]
 [ 3.9767616  -3.5229766 ]
 [ 3.9767616  -3.5229766 ]
 [ 3.9767616  -3.5229766 ]
 [ 3.0394077  -2.5806873 ]
 [ 1.2473649  -0.8066959 ]
 [ 2.2292938  -1.7746592 ]
 [ 2.9897616  -2.5331097 ]
 [ 3.9767616  -3.5229766 ]
 [ 3.9767616  -3.5229766 ]
 [ 3.9767616  -3.5229766 ]
 [ 3.9767616  -3.5229766 ]
 [-0.45737284  0.91449624]
 [ 1.2473649  -0.8066959 ]
 [ 3.0394077  -2.5806873 ]
 [ 3.9767616  -3.5229766 ]
 [ 2.9897616  -2.5331097 ]
 [ 3.598264   -3.137398  ]
 [ 3.9767616  -3.5229766 ]
 [ 2.9897616  -2.5331097 ]
 [ 0.92883325 -0.4803276 ]
 [ 1.2473649  -0.8066959 ]
 [ 3.9767616  -3.5229766 ]
 [ 3.0394077  -2.5806873 ]
 [ 3.9767616  -3.5229766 ]
 [ 3.9767616  -3.5229766 ]
 [ 0.32721767  0.12931344]
 [ 0.5296271  -0.07537024]
 [ 3.0394077  -2.5806873 ]]
2025-12-21 21:10:39,198 - [INFO] - ------------------------------------------------------------
2025-12-21 21:10:39,198 - [INFO] - On Validation Set:
	Accuracy of RRL  Model: 0.9018659295093296
	F1 Score of RRL  Model: 0.7020319496972087
2025-12-21 21:10:39,204 - [INFO] - On Validation Set:
Performance of  RRL Model: 
[[1245   41]
 [ 101   60]]
              precision    recall  f1-score   support

           0       0.92      0.97      0.95      1286
           1       0.59      0.37      0.46       161

    accuracy                           0.90      1447
   macro avg       0.76      0.67      0.70      1447
weighted avg       0.89      0.90      0.89      1447

2025-12-21 21:10:39,204 - [INFO] - ------------------------------------------------------------
2025-12-21 21:10:40,125 - [INFO] - epoch: 145, loss_rrl: 108.96562619879842
2025-12-21 21:10:40,865 - [DEBUG] - y_true: (1447,) [0 0 0 0 0 1 0 0 0 0 0 0 0 0 0 0 0 1 0 0 0 0 0 0 1 0 0 0 0 0 0 0 0 0 0 0 0
 0 1 1 0]
2025-12-21 21:10:41,031 - [DEBUG] - y_rrl_: (1447,) [0 0 0 0 0 1 0 0 0 0 0 0 0 0 0 0 0 0 0 0 0 0 0 0 1 0 0 0 0 0 0 0 0 0 0 0 0
 0 1 0 0]
2025-12-21 21:10:41,031 - [DEBUG] - y_rrl: (1447, 2) [[ 4.252006   -3.80115   ]
 [ 1.1184789  -0.67773443]
 [ 3.6632862  -3.2026844 ]
 [ 3.6632862  -3.2026844 ]
 [ 4.252006   -3.80115   ]
 [-0.15884703  0.61306286]
 [ 4.252006   -3.80115   ]
 [ 3.6632862  -3.2026844 ]
 [ 4.252006   -3.80115   ]
 [ 2.0567262  -1.6138122 ]
 [ 1.1341655  -0.7002753 ]
 [ 3.286871   -2.8331673 ]
 [ 4.252006   -3.80115   ]
 [ 4.0317073  -3.578135  ]
 [ 4.252006   -3.80115   ]
 [ 4.252006   -3.80115   ]
 [ 3.8835852  -3.4256995 ]
 [ 0.91386664 -0.4772601 ]
 [ 2.3309681  -1.8765436 ]
 [ 3.066572   -2.6101522 ]
 [ 4.0317073  -3.578135  ]
 [ 4.252006   -3.80115   ]
 [ 4.252006   -3.80115   ]
 [ 4.0317073  -3.578135  ]
 [-0.15884703  0.61306286]
 [ 1.1341655  -0.7002753 ]
 [ 3.8835852  -3.4256995 ]
 [ 4.0317073  -3.578135  ]
 [ 3.286871   -2.8331673 ]
 [ 3.8835852  -3.4256995 ]
 [ 4.0317073  -3.578135  ]
 [ 3.066572   -2.6101522 ]
 [ 1.1341655  -0.7002753 ]
 [ 0.91386664 -0.4772601 ]
 [ 4.252006   -3.80115   ]
 [ 3.6632862  -3.2026844 ]
 [ 4.252006   -3.80115   ]
 [ 4.0317073  -3.578135  ]
 [-0.15884703  0.61306286]
 [ 1.1208731  -0.67728126]
 [ 3.6632862  -3.2026844 ]]
2025-12-21 21:10:41,033 - [INFO] - ------------------------------------------------------------
2025-12-21 21:10:41,033 - [INFO] - On Validation Set:
	Accuracy of RRL  Model: 0.9011748445058743
	F1 Score of RRL  Model: 0.6554331626493485
2025-12-21 21:10:41,039 - [INFO] - On Validation Set:
Performance of  RRL Model: 
[[1263   23]
 [ 120   41]]
              precision    recall  f1-score   support

           0       0.91      0.98      0.95      1286
           1       0.64      0.25      0.36       161

    accuracy                           0.90      1447
   macro avg       0.78      0.62      0.66      1447
weighted avg       0.88      0.90      0.88      1447

2025-12-21 21:10:41,039 - [INFO] - ------------------------------------------------------------
2025-12-21 21:10:41,729 - [INFO] - epoch: 146, loss_rrl: 109.93965354189277
2025-12-21 21:10:42,704 - [DEBUG] - y_true: (1447,) [0 0 0 0 0 1 0 0 0 0 0 0 0 0 0 0 0 1 0 0 0 0 0 0 1 0 0 0 0 0 0 0 0 0 0 0 0
 0 1 1 0]
2025-12-21 21:10:42,868 - [DEBUG] - y_rrl_: (1447,) [0 0 0 0 0 1 0 0 0 0 0 0 0 0 0 0 0 0 0 0 0 0 0 0 1 0 0 0 0 0 0 0 0 0 0 0 0
 0 0 0 0]
2025-12-21 21:10:42,868 - [DEBUG] - y_rrl: (1447, 2) [[ 3.9867883  -3.5388384 ]
 [ 0.33331203  0.10255828]
 [ 2.6746452  -2.207277  ]
 [ 2.6746452  -2.207277  ]
 [ 3.9867883  -3.5388384 ]
 [-0.35979587  0.81112844]
 [ 3.9867883  -3.5388384 ]
 [ 3.7686014  -3.3179564 ]
 [ 3.9867883  -3.5388384 ]
 [ 2.5521052  -2.114984  ]
 [ 1.6408074  -1.2126375 ]
 [ 2.8573036  -2.41561   ]
 [ 3.9867883  -3.5388384 ]
 [ 3.7686014  -3.3179564 ]
 [ 3.9867883  -3.5388384 ]
 [ 3.9867883  -3.5388384 ]
 [ 3.9867883  -3.5388384 ]
 [ 1.4226209  -0.99175566]
 [ 2.079261   -1.6277604 ]
 [ 2.7948022  -2.3413272 ]
 [ 3.7686014  -3.3179564 ]
 [ 3.9867883  -3.5388384 ]
 [ 3.9867883  -3.5388384 ]
 [ 3.7686014  -3.3179564 ]
 [-0.35979587  0.81112844]
 [ 1.2670398  -0.8318904 ]
 [ 1.2670398  -0.8318904 ]
 [ 3.7686014  -3.3179564 ]
 [ 3.0129886  -2.5622091 ]
 [ 3.6130204  -3.158091  ]
 [ 3.7686014  -3.3179564 ]
 [ 2.7948022  -2.3413272 ]
 [ 1.2670398  -0.8318904 ]
 [ 1.0488533  -0.61100864]
 [ 3.9867883  -3.5388384 ]
 [ 3.7686014  -3.3179564 ]
 [ 3.9867883  -3.5388384 ]
 [ 3.7686014  -3.3179564 ]
 [ 0.54342437 -0.0969649 ]
 [ 1.4449785  -1.0020854 ]
 [ 3.7686014  -3.3179564 ]]
2025-12-21 21:10:42,870 - [INFO] - ------------------------------------------------------------
2025-12-21 21:10:42,871 - [INFO] - On Validation Set:
	Accuracy of RRL  Model: 0.902557014512785
	F1 Score of RRL  Model: 0.7110610727562401
2025-12-21 21:10:42,876 - [INFO] - On Validation Set:
Performance of  RRL Model: 
[[1242   44]
 [  97   64]]
              precision    recall  f1-score   support

           0       0.93      0.97      0.95      1286
           1       0.59      0.40      0.48       161

    accuracy                           0.90      1447
   macro avg       0.76      0.68      0.71      1447
weighted avg       0.89      0.90      0.89      1447

2025-12-21 21:10:42,876 - [INFO] - ------------------------------------------------------------
2025-12-21 21:10:43,339 - [INFO] - epoch: 147, loss_rrl: 108.80521844141185
2025-12-21 21:10:44,546 - [DEBUG] - y_true: (1447,) [0 0 0 0 0 1 0 0 0 0 0 0 0 0 0 0 0 1 0 0 0 0 0 0 1 0 0 0 0 0 0 0 0 0 0 0 0
 0 1 1 0]
2025-12-21 21:10:44,710 - [DEBUG] - y_rrl_: (1447,) [0 1 0 0 0 1 0 0 0 0 0 0 0 0 0 0 0 0 0 0 0 0 0 0 1 0 0 0 0 0 0 0 0 0 0 0 0
 0 0 0 0]
2025-12-21 21:10:44,710 - [DEBUG] - y_rrl: (1447, 2) [[ 3.997944   -3.5528738 ]
 [ 0.03303544  0.41683978]
 [ 2.2076056  -1.7422302 ]
 [ 2.6049173  -2.135605  ]
 [ 3.2849655  -2.8361742 ]
 [-0.16493177  0.6107361 ]
 [ 3.997944   -3.5528738 ]
 [ 3.1549373  -2.7042973 ]
 [ 3.997944   -3.5528738 ]
 [ 1.8407336  -1.4150531 ]
 [ 1.2280949  -0.8065327 ]
 [ 2.9879935  -2.5509782 ]
 [ 2.917067   -2.461346  ]
 [ 3.232734   -2.7846706 ]
 [ 3.6300457  -3.1780455 ]
 [ 3.997944   -3.5528738 ]
 [ 3.4706042  -3.027622  ]
 [ 1.2280949  -0.8065327 ]
 [ 2.342954   -1.8962982 ]
 [ 2.7017403  -2.2462    ]
 [ 3.997944   -3.5528738 ]
 [ 3.232734   -2.7846706 ]
 [ 3.2849655  -2.8361742 ]
 [ 3.6300457  -3.1780455 ]
 [-1.0856007   1.5321255 ]
 [ 0.5445298  -0.10837962]
 [ 1.7848481  -1.3503308 ]
 [ 3.3143787  -2.8547208 ]
 [ 2.3044286  -1.8528252 ]
 [ 3.6300457  -3.1780455 ]
 [ 3.997944   -3.5528738 ]
 [ 2.3044286  -1.8528252 ]
 [ 0.8601967  -0.4317044 ]
 [ 0.8601967  -0.4317044 ]
 [ 3.6006324  -3.159499  ]
 [ 3.1549373  -2.7042973 ]
 [ 3.2849655  -2.8361742 ]
 [ 3.3143787  -2.8547208 ]
 [ 0.73030627 -0.2893438 ]
 [ 0.93728745 -0.49927834]
 [ 3.1549373  -2.7042973 ]]
2025-12-21 21:10:44,712 - [INFO] - ------------------------------------------------------------
2025-12-21 21:10:44,712 - [INFO] - On Validation Set:
	Accuracy of RRL  Model: 0.8984105044920525
	F1 Score of RRL  Model: 0.6925961734395255
2025-12-21 21:10:44,718 - [INFO] - On Validation Set:
Performance of  RRL Model: 
[[1242   44]
 [ 103   58]]
              precision    recall  f1-score   support

           0       0.92      0.97      0.94      1286
           1       0.57      0.36      0.44       161

    accuracy                           0.90      1447
   macro avg       0.75      0.66      0.69      1447
weighted avg       0.88      0.90      0.89      1447

2025-12-21 21:10:44,718 - [INFO] - ------------------------------------------------------------
2025-12-21 21:10:44,954 - [INFO] - epoch: 148, loss_rrl: 110.25921389833093
2025-12-21 21:10:46,514 - [INFO] - epoch: 149, loss_rrl: 107.81644148938358
2025-12-21 21:10:46,532 - [DEBUG] - y_true: (1447,) [0 0 0 0 0 1 0 0 0 0 0 0 0 0 0 0 0 1 0 0 0 0 0 0 1 0 0 0 0 0 0 0 0 0 0 0 0
 0 1 1 0]
2025-12-21 21:10:46,698 - [DEBUG] - y_rrl_: (1447,) [0 0 0 0 0 1 0 0 0 0 1 0 0 0 0 0 0 0 0 0 0 0 0 0 1 0 0 0 0 0 0 0 0 0 0 0 0
 0 1 1 0]
2025-12-21 21:10:46,698 - [DEBUG] - y_rrl: (1447, 2) [[ 3.9675431  -3.5253503 ]
 [ 0.7709781  -0.3384803 ]
 [ 3.3767633  -2.9250367 ]
 [ 3.3767633  -2.9250367 ]
 [ 3.2483368  -2.7965794 ]
 [-0.44348982  0.8891131 ]
 [ 3.9675431  -3.5253503 ]
 [ 3.3767633  -2.9250367 ]
 [ 3.9675431  -3.5253503 ]
 [ 2.142849   -1.7043312 ]
 [ 0.18407746  0.26279482]
 [ 3.59202    -3.1429472 ]
 [ 3.59202    -3.1429472 ]
 [ 2.657557   -2.1962657 ]
 [ 3.2798615  -2.8231895 ]
 [ 3.9675431  -3.5253503 ]
 [ 2.8728137  -2.4141762 ]
 [ 1.0001857  -0.5678234 ]
 [ 2.380416   -1.9415891 ]
 [ 2.7527184  -2.3050787 ]
 [ 3.7522864  -3.3074398 ]
 [ 3.59202    -3.1429472 ]
 [ 3.9675431  -3.5253503 ]
 [ 2.657557   -2.1962657 ]
 [-1.1913159   1.6350058 ]
 [ 1.2154424  -0.78573394]
 [ 2.3581057  -1.9222414 ]
 [ 3.3767633  -2.9250367 ]
 [ 2.9679754  -2.522989  ]
 [ 3.59202    -3.1429472 ]
 [ 3.7522864  -3.3074398 ]
 [ 2.7527184  -2.3050787 ]
 [ 0.9032839  -0.46597618]
 [ 1.0001857  -0.5678234 ]
 [ 3.9675431  -3.5253503 ]
 [ 3.3767633  -2.9250367 ]
 [ 3.9675431  -3.5253503 ]
 [ 3.3767633  -2.9250367 ]
 [-0.44348982  0.8891131 ]
 [ 0.18055491  0.26915446]
 [ 3.3767633  -2.9250367 ]]
2025-12-21 21:10:46,700 - [INFO] - ------------------------------------------------------------
2025-12-21 21:10:46,700 - [INFO] - On Validation Set:
	Accuracy of RRL  Model: 0.8997926744989634
	F1 Score of RRL  Model: 0.7358189091284536
2025-12-21 21:10:46,706 - [INFO] - On Validation Set:
Performance of  RRL Model: 
[[1221   65]
 [  80   81]]
              precision    recall  f1-score   support

           0       0.94      0.95      0.94      1286
           1       0.55      0.50      0.53       161

    accuracy                           0.90      1447
   macro avg       0.75      0.73      0.74      1447
weighted avg       0.90      0.90      0.90      1447

2025-12-21 21:10:46,706 - [INFO] - ------------------------------------------------------------
2025-12-21 21:10:48,138 - [INFO] - epoch: 150, loss_rrl: 107.7166393827647
2025-12-21 21:10:48,388 - [DEBUG] - y_true: (1447,) [0 0 0 0 0 1 0 0 0 0 0 0 0 0 0 0 0 1 0 0 0 0 0 0 1 0 0 0 0 0 0 0 0 0 0 0 0
 0 1 1 0]
2025-12-21 21:10:48,560 - [DEBUG] - y_rrl_: (1447,) [0 1 0 0 0 1 0 0 0 0 0 0 0 0 0 0 0 0 0 0 0 0 0 0 1 0 0 0 0 0 0 0 0 0 0 0 0
 0 0 0 0]
2025-12-21 21:10:48,560 - [DEBUG] - y_rrl: (1447, 2) [[ 2.194466   -1.7720592 ]
 [-0.40797028  0.8425319 ]
 [ 3.0585241  -2.6162324 ]
 [ 3.4783738  -3.0322132 ]
 [ 2.194466   -1.7720592 ]
 [-0.35459358  0.7947403 ]
 [ 3.8443387  -3.4050083 ]
 [ 3.8443387  -3.4050083 ]
 [ 3.8443387  -3.4050083 ]
 [ 2.6143157  -2.18804   ]
 [ 0.7156552  -0.29181385]
 [ 2.248764   -1.8194084 ]
 [ 1.2914978  -0.86431074]
 [ 3.0585241  -2.6162324 ]
 [ 2.2483509  -1.8152449 ]
 [ 3.424489   -2.9890275 ]
 [ 3.424489   -2.9890275 ]
 [ 1.4385908  -1.0184209 ]
 [ 0.7794322  -0.3629946 ]
 [ 1.6096294  -1.1805791 ]
 [ 2.6143157  -2.18804   ]
 [ 3.0585241  -2.6162324 ]
 [ 2.194466   -1.7720592 ]
 [ 1.8285012  -1.3992642 ]
 [-1.3340935   1.7749591 ]
 [ 0.6527763  -0.22964524]
 [ 1.0726259  -0.64562595]
 [ 2.2483509  -1.8152449 ]
 [ 2.4198024  -1.9815665 ]
 [ 2.2483509  -1.8152449 ]
 [ 3.8443387  -3.4050083 ]
 [ 1.1897796  -0.76459825]
 [ 0.34969032  0.08098115]
 [ 0.6527763  -0.22964524]
 [ 2.194466   -1.7720592 ]
 [ 3.8443387  -3.4050083 ]
 [ 3.424489   -2.9890275 ]
 [ 1.8285012  -1.3992642 ]
 [ 0.54837465 -0.11300787]
 [ 0.44690543 -0.00690028]
 [ 3.424489   -2.9890275 ]]
2025-12-21 21:10:48,562 - [INFO] - ------------------------------------------------------------
2025-12-21 21:10:48,562 - [INFO] - On Validation Set:
	Accuracy of RRL  Model: 0.889426399447132
	F1 Score of RRL  Model: 0.7425152364429022
2025-12-21 21:10:48,568 - [INFO] - On Validation Set:
Performance of  RRL Model: 
[[1190   96]
 [  64   97]]
              precision    recall  f1-score   support

           0       0.95      0.93      0.94      1286
           1       0.50      0.60      0.55       161

    accuracy                           0.89      1447
   macro avg       0.73      0.76      0.74      1447
weighted avg       0.90      0.89      0.89      1447

2025-12-21 21:10:48,568 - [INFO] - ------------------------------------------------------------
2025-12-21 21:10:49,779 - [INFO] - epoch: 151, loss_rrl: 108.71963868103921
2025-12-21 21:10:50,254 - [DEBUG] - y_true: (1447,) [0 0 0 0 0 1 0 0 0 0 0 0 0 0 0 0 0 1 0 0 0 0 0 0 1 0 0 0 0 0 0 0 0 0 0 0 0
 0 1 1 0]
2025-12-21 21:10:50,418 - [DEBUG] - y_rrl_: (1447,) [0 0 0 0 0 1 0 0 0 0 0 0 0 0 0 0 0 0 0 0 0 0 0 0 1 0 0 0 0 0 0 0 0 0 0 0 0
 0 1 0 0]
2025-12-21 21:10:50,418 - [DEBUG] - y_rrl: (1447, 2) [[ 3.8944795  -3.457957  ]
 [ 0.35091218  0.07153574]
 [ 2.2766895  -1.8260307 ]
 [ 2.2766895  -1.8260307 ]
 [ 3.8944795  -3.457957  ]
 [-0.3438522   0.78122735]
 [ 3.8944795  -3.457957  ]
 [ 2.9900002  -2.5487292 ]
 [ 3.8944795  -3.457957  ]
 [ 1.7654644  -1.3370991 ]
 [ 1.1189415  -0.69460136]
 [ 2.9900002  -2.5487292 ]
 [ 2.9900002  -2.5487292 ]
 [ 3.5245888  -3.0812855 ]
 [ 3.5245888  -3.0812855 ]
 [ 3.5245888  -3.0812855 ]
 [ 2.9900002  -2.5487292 ]
 [ 1.1189415  -0.69460136]
 [ 2.1100364  -1.6726512 ]
 [ 2.8780658  -2.438788  ]
 [ 3.8944795  -3.457957  ]
 [ 3.5245888  -3.0812855 ]
 [ 3.8944795  -3.457957  ]
 [ 3.5245888  -3.0812855 ]
 [-0.54786116  0.9878488 ]
 [ 1.1189415  -0.69460136]
 [ 1.7654644  -1.3370991 ]
 [ 3.5245888  -3.0812855 ]
 [ 2.8780658  -2.438788  ]
 [ 3.5245888  -3.0812855 ]
 [ 3.8944795  -3.457957  ]
 [ 2.8780658  -2.438788  ]
 [ 1.1189415  -0.69460136]
 [ 1.1189415  -0.69460136]
 [ 3.8944795  -3.457957  ]
 [ 2.9900002  -2.5487292 ]
 [ 3.8944795  -3.457957  ]
 [ 3.5245888  -3.0812855 ]
 [ 0.19073626  0.24867089]
 [ 0.42072573  0.01580514]
 [ 2.9900002  -2.5487292 ]]
2025-12-21 21:10:50,420 - [INFO] - ------------------------------------------------------------
2025-12-21 21:10:50,420 - [INFO] - On Validation Set:
	Accuracy of RRL  Model: 0.9039391845196959
	F1 Score of RRL  Model: 0.7344684232969361
2025-12-21 21:10:50,426 - [INFO] - On Validation Set:
Performance of  RRL Model: 
[[1232   54]
 [  85   76]]
              precision    recall  f1-score   support

           0       0.94      0.96      0.95      1286
           1       0.58      0.47      0.52       161

    accuracy                           0.90      1447
   macro avg       0.76      0.72      0.73      1447
weighted avg       0.90      0.90      0.90      1447

2025-12-21 21:10:50,426 - [INFO] - ------------------------------------------------------------
2025-12-21 21:10:51,442 - [INFO] - epoch: 152, loss_rrl: 107.57266431674361
2025-12-21 21:10:52,215 - [DEBUG] - y_true: (1447,) [0 0 0 0 0 1 0 0 0 0 0 0 0 0 0 0 0 1 0 0 0 0 0 0 1 0 0 0 0 0 0 0 0 0 0 0 0
 0 1 1 0]
2025-12-21 21:10:52,376 - [DEBUG] - y_rrl_: (1447,) [0 1 0 0 0 1 0 0 0 0 0 0 0 0 0 0 0 0 0 0 0 0 0 0 1 0 0 0 0 0 0 0 0 0 0 0 0
 0 1 0 0]
2025-12-21 21:10:52,376 - [DEBUG] - y_rrl: (1447, 2) [[ 3.8402314  -3.4039257 ]
 [ 0.05105148  0.37877184]
 [ 3.1578918  -2.7074308 ]
 [ 3.1578918  -2.7074308 ]
 [ 3.5165598  -3.07283   ]
 [-0.3530923   0.79028636]
 [ 4.07535    -3.641636  ]
 [ 3.1578918  -2.7074308 ]
 [ 4.07535    -3.641636  ]
 [ 1.8466463  -1.42017   ]
 [ 0.6886818  -0.2682135 ]
 [ 2.558717   -2.12428   ]
 [ 3.2248566  -2.7857313 ]
 [ 3.8402314  -3.4039257 ]
 [ 4.07535    -3.641636  ]
 [ 3.8402314  -3.4039257 ]
 [ 3.4815633  -3.0385265 ]
 [ 0.6886818  -0.2682135 ]
 [ 1.7846173  -1.3400224 ]
 [ 2.5267494  -2.0802832 ]
 [ 3.8402314  -3.4039257 ]
 [ 3.8402314  -3.4039257 ]
 [ 3.5165598  -3.07283   ]
 [ 3.8402314  -3.4039257 ]
 [-0.3530923   0.79028636]
 [ 0.60012853 -0.17482802]
 [ 3.1898599  -2.7514277 ]
 [ 3.5165598  -3.07283   ]
 [ 2.7618675  -2.3179932 ]
 [ 3.7166815  -3.2762365 ]
 [ 3.8402314  -3.4039257 ]
 [ 2.5267494  -2.0802832 ]
 [ 0.6886818  -0.2682135 ]
 [ 0.6886818  -0.2682135 ]
 [ 4.07535    -3.641636  ]
 [ 3.1578918  -2.7074308 ]
 [ 3.5165598  -3.07283   ]
 [ 3.5165598  -3.07283   ]
 [-0.3530923   0.79028636]
 [ 0.9603902  -0.5333562 ]
 [ 3.1578918  -2.7074308 ]]
2025-12-21 21:10:52,378 - [INFO] - ------------------------------------------------------------
2025-12-21 21:10:52,378 - [INFO] - On Validation Set:
	Accuracy of RRL  Model: 0.907394609536973
	F1 Score of RRL  Model: 0.7384140089579623
2025-12-21 21:10:52,384 - [INFO] - On Validation Set:
Performance of  RRL Model: 
[[1238   48]
 [  86   75]]
              precision    recall  f1-score   support

           0       0.94      0.96      0.95      1286
           1       0.61      0.47      0.53       161

    accuracy                           0.91      1447
   macro avg       0.77      0.71      0.74      1447
weighted avg       0.90      0.91      0.90      1447

2025-12-21 21:10:52,384 - [INFO] - ------------------------------------------------------------
2025-12-21 21:10:53,097 - [INFO] - epoch: 153, loss_rrl: 108.22027584910393
2025-12-21 21:10:54,022 - [DEBUG] - y_true: (1447,) [0 0 0 0 0 1 0 0 0 0 0 0 0 0 0 0 0 1 0 0 0 0 0 0 1 0 0 0 0 0 0 0 0 0 0 0 0
 0 1 1 0]
2025-12-21 21:10:54,183 - [DEBUG] - y_rrl_: (1447,) [0 1 0 0 0 1 0 0 0 0 0 0 0 0 0 0 0 0 0 0 0 0 0 0 1 0 0 0 0 0 0 0 0 0 0 0 0
 0 0 0 0]
2025-12-21 21:10:54,183 - [DEBUG] - y_rrl: (1447, 2) [[ 3.8970459  -3.466127  ]
 [ 0.18746231  0.23229095]
 [ 3.304205   -2.8640342 ]
 [ 3.304205   -2.8640342 ]
 [ 3.8970459  -3.466127  ]
 [-0.52588874  0.9603059 ]
 [ 3.8970459  -3.466127  ]
 [ 3.6634736  -3.229984  ]
 [ 3.8970459  -3.466127  ]
 [ 2.451683   -2.030803  ]
 [ 1.5112207  -1.0988694 ]
 [ 2.7230113  -2.2980506 ]
 [ 3.8970459  -3.466127  ]
 [ 3.6634736  -3.229984  ]
 [ 3.8970459  -3.466127  ]
 [ 3.8970459  -3.466127  ]
 [ 3.8970459  -3.466127  ]
 [ 1.2776486  -0.8627266 ]
 [ 1.9357151  -1.5013584 ]
 [ 2.666633   -2.2304258 ]
 [ 3.6634736  -3.229984  ]
 [ 3.8970459  -3.466127  ]
 [ 3.8970459  -3.466127  ]
 [ 3.6634736  -3.229984  ]
 [-0.52588874  0.9603059 ]
 [ 1.151952   -0.7329194 ]
 [ 1.151952   -0.7329194 ]
 [ 3.6634736  -3.229984  ]
 [ 2.9002051  -2.4665687 ]
 [ 3.5377772  -3.1001768 ]
 [ 3.6634736  -3.229984  ]
 [ 2.666633   -2.2304258 ]
 [ 1.151952   -0.7329194 ]
 [ 0.9183801  -0.4967765 ]
 [ 3.8970459  -3.466127  ]
 [ 3.6634736  -3.229984  ]
 [ 3.8970459  -3.466127  ]
 [ 3.6634736  -3.229984  ]
 [ 0.3698423   0.05988777]
 [ 1.3202963  -0.8939685 ]
 [ 3.6634736  -3.229984  ]]
2025-12-21 21:10:54,185 - [INFO] - ------------------------------------------------------------
2025-12-21 21:10:54,185 - [INFO] - On Validation Set:
	Accuracy of RRL  Model: 0.9046302695231514
	F1 Score of RRL  Model: 0.7271751011039458
2025-12-21 21:10:54,191 - [INFO] - On Validation Set:
Performance of  RRL Model: 
[[1238   48]
 [  90   71]]
              precision    recall  f1-score   support

           0       0.93      0.96      0.95      1286
           1       0.60      0.44      0.51       161

    accuracy                           0.90      1447
   macro avg       0.76      0.70      0.73      1447
weighted avg       0.89      0.90      0.90      1447

2025-12-21 21:10:54,191 - [INFO] - ------------------------------------------------------------
2025-12-21 21:10:54,670 - [INFO] - epoch: 154, loss_rrl: 107.00430760346353
2025-12-21 21:10:55,817 - [DEBUG] - y_true: (1447,) [0 0 0 0 0 1 0 0 0 0 0 0 0 0 0 0 0 1 0 0 0 0 0 0 1 0 0 0 0 0 0 0 0 0 0 0 0
 0 1 1 0]
2025-12-21 21:10:55,981 - [DEBUG] - y_rrl_: (1447,) [0 0 0 0 0 1 0 0 0 0 1 0 0 0 0 0 0 0 0 0 0 0 0 0 1 0 0 0 0 0 0 0 0 0 0 0 0
 0 1 0 0]
2025-12-21 21:10:55,982 - [DEBUG] - y_rrl: (1447, 2) [[ 3.9354482  -3.5073118 ]
 [ 0.46826518 -0.05369904]
 [ 2.4489632  -2.0087984 ]
 [ 2.8905137  -2.4466114 ]
 [ 2.799832   -2.3662999 ]
 [-0.23542492  0.6645259 ]
 [ 3.9354482  -3.5073118 ]
 [ 3.9354482  -3.5073118 ]
 [ 3.9354482  -3.5073118 ]
 [ 2.2943192  -1.8823843 ]
 [ 0.11544378  0.3070241 ]
 [ 2.3189304  -1.9004409 ]
 [ 2.6135535  -2.1844974 ]
 [ 2.4489632  -2.0087984 ]
 [ 3.5845792  -3.1498098 ]
 [ 3.9354482  -3.5073118 ]
 [ 3.2413826  -2.804113  ]
 [ 1.1193521  -0.71332645]
 [ 2.5481875  -2.1258152 ]
 [ 2.9390874  -2.5082517 ]
 [ 3.9354482  -3.5073118 ]
 [ 3.1430287  -2.711997  ]
 [ 3.4938977  -3.0694988 ]
 [ 2.8905137  -2.4466114 ]
 [-1.202944    1.6327643 ]
 [ 0.76848346 -0.3558247 ]
 [ 1.2100338  -0.7936376 ]
 [ 3.5845792  -3.1498098 ]
 [ 2.497537   -2.0704389 ]
 [ 3.5845792  -3.1498098 ]
 [ 3.9354482  -3.5073118 ]
 [ 2.497537   -2.0704389 ]
 [ 0.45864058 -0.03867286]
 [ 0.76848346 -0.3558247 ]
 [ 3.4938977  -3.0694988 ]
 [ 3.9354482  -3.5073118 ]
 [ 3.4938977  -3.0694988 ]
 [ 3.5845792  -3.1498098 ]
 [ 0.11544378  0.3070241 ]
 [ 0.5351851  -0.1062341 ]
 [ 3.9354482  -3.5073118 ]]
2025-12-21 21:10:55,984 - [INFO] - ------------------------------------------------------------
2025-12-21 21:10:55,984 - [INFO] - On Validation Set:
	Accuracy of RRL  Model: 0.889426399447132
	F1 Score of RRL  Model: 0.7158036354351819
2025-12-21 21:10:55,990 - [INFO] - On Validation Set:
Performance of  RRL Model: 
[[1209   77]
 [  83   78]]
              precision    recall  f1-score   support

           0       0.94      0.94      0.94      1286
           1       0.50      0.48      0.49       161

    accuracy                           0.89      1447
   macro avg       0.72      0.71      0.72      1447
weighted avg       0.89      0.89      0.89      1447

2025-12-21 21:10:55,990 - [INFO] - ------------------------------------------------------------
2025-12-21 21:10:56,245 - [INFO] - epoch: 155, loss_rrl: 108.7902108412236
2025-12-21 21:10:57,620 - [DEBUG] - y_true: (1447,) [0 0 0 0 0 1 0 0 0 0 0 0 0 0 0 0 0 1 0 0 0 0 0 0 1 0 0 0 0 0 0 0 0 0 0 0 0
 0 1 1 0]
2025-12-21 21:10:57,781 - [DEBUG] - y_rrl_: (1447,) [0 0 0 0 0 1 0 0 0 0 0 0 0 0 0 0 0 0 0 0 0 0 0 0 1 0 0 0 0 0 0 0 0 0 0 0 0
 0 1 0 0]
2025-12-21 21:10:57,782 - [DEBUG] - y_rrl: (1447, 2) [[ 4.0238700e+00 -3.5985181e+00]
 [ 8.7152135e-01 -4.5508996e-01]
 [ 2.7462194e+00 -2.3027055e+00]
 [ 2.7462194e+00 -2.3027055e+00]
 [ 4.0238700e+00 -3.5985181e+00]
 [-3.4709114e-01  7.7597088e-01]
 [ 4.0238700e+00 -3.5985181e+00]
 [ 3.7993646e+00 -3.3714850e+00]
 [ 4.0238700e+00 -3.5985181e+00]
 [ 2.6053469e+00 -2.1897874e+00]
 [ 1.6701339e+00 -1.2629628e+00]
 [ 3.3759232e+00 -2.9544749e+00]
 [ 3.6796844e+00 -3.2477481e+00]
 [ 3.4551792e+00 -3.0207155e+00]
 [ 3.3804162e+00 -2.9412277e+00]
 [ 4.0238700e+00 -3.5985181e+00]
 [ 4.0238700e+00 -3.5985181e+00]
 [ 1.4456288e+00 -1.0359298e+00]
 [ 2.4097247e+00 -1.9875575e+00]
 [ 2.8072326e+00 -2.3766723e+00]
 [ 3.7993646e+00 -3.3714850e+00]
 [ 3.6796844e+00 -3.2477481e+00]
 [ 4.0238700e+00 -3.5985181e+00]
 [ 3.4551792e+00 -3.0207155e+00]
 [-1.0887846e+00  1.5158553e+00]
 [ 1.3259484e+00 -9.1219276e-01]
 [ 1.8377199e+00 -1.4220073e+00]
 [ 3.4551792e+00 -3.0207155e+00]
 [ 3.0317378e+00 -2.6037052e+00]
 [ 3.6796844e+00 -3.2477481e+00]
 [ 3.7993646e+00 -3.3714850e+00]
 [ 2.8072326e+00 -2.3766723e+00]
 [ 1.3259484e+00 -9.1219276e-01]
 [ 1.1014432e+00 -6.8515986e-01]
 [ 4.0238700e+00 -3.5985181e+00]
 [ 3.7993646e+00 -3.3714850e+00]
 [ 4.0238700e+00 -3.5985181e+00]
 [ 3.4551792e+00 -3.0207155e+00]
 [-2.9056184e-03  4.2520088e-01]
 [ 9.4430935e-01 -5.2536267e-01]
 [ 3.7993646e+00 -3.3714850e+00]]
2025-12-21 21:10:57,784 - [INFO] - ------------------------------------------------------------
2025-12-21 21:10:57,784 - [INFO] - On Validation Set:
	Accuracy of RRL  Model: 0.9087767795438839
	F1 Score of RRL  Model: 0.7356594811837778
2025-12-21 21:10:57,790 - [INFO] - On Validation Set:
Performance of  RRL Model: 
[[1243   43]
 [  89   72]]
              precision    recall  f1-score   support

           0       0.93      0.97      0.95      1286
           1       0.63      0.45      0.52       161

    accuracy                           0.91      1447
   macro avg       0.78      0.71      0.74      1447
weighted avg       0.90      0.91      0.90      1447

2025-12-21 21:10:57,790 - [INFO] - ------------------------------------------------------------
2025-12-21 21:10:57,821 - [INFO] - epoch: 156, loss_rrl: 108.98965740017593
2025-12-21 21:10:59,211 - [INFO] - epoch: 157, loss_rrl: 108.83372404798865
2025-12-21 21:10:59,422 - [DEBUG] - y_true: (1447,) [0 0 0 0 0 1 0 0 0 0 0 0 0 0 0 0 0 1 0 0 0 0 0 0 1 0 0 0 0 0 0 0 0 0 0 0 0
 0 1 1 0]
2025-12-21 21:10:59,583 - [DEBUG] - y_rrl_: (1447,) [0 1 0 0 0 1 0 0 0 0 0 0 0 0 0 0 0 0 0 0 0 0 0 0 1 0 0 0 0 0 0 0 0 0 0 0 0
 0 0 0 0]
2025-12-21 21:10:59,584 - [DEBUG] - y_rrl: (1447, 2) [[ 3.9709368  -3.548368  ]
 [-0.47170854  0.89251065]
 [ 3.3934255  -2.9618134 ]
 [ 3.3934255  -2.9618134 ]
 [ 3.9709368  -3.548368  ]
 [-0.44424963  0.8703625 ]
 [ 3.9709368  -3.548368  ]
 [ 3.7449784  -3.319903  ]
 [ 3.9709368  -3.548368  ]
 [ 2.540607   -2.127706  ]
 [ 1.5801812  -1.1755996 ]
 [ 2.7845528  -2.367797  ]
 [ 3.6193838  -3.1902785 ]
 [ 3.3934255  -2.9618134 ]
 [ 3.6193838  -3.1902785 ]
 [ 3.9709368  -3.548368  ]
 [ 3.9709368  -3.548368  ]
 [ 1.3542229  -0.9471346 ]
 [ 2.3150022  -1.895589  ]
 [ 2.7280784  -2.30034   ]
 [ 3.7449784  -3.319903  ]
 [ 3.6193838  -3.1902785 ]
 [ 3.9709368  -3.548368  ]
 [ 3.3934255  -2.9618134 ]
 [-0.44424963  0.8703625 ]
 [ 1.2286283  -0.8175105 ]
 [ 2.4329996  -2.0097075 ]
 [ 3.3934255  -2.9618134 ]
 [ 2.9540367  -2.528805  ]
 [ 3.6193838  -3.1902785 ]
 [ 3.7449784  -3.319903  ]
 [ 2.7280784  -2.30034   ]
 [ 1.2286283  -0.8175105 ]
 [ 1.0026697  -0.58904535]
 [ 3.9709368  -3.548368  ]
 [ 3.7449784  -3.319903  ]
 [ 3.9709368  -3.548368  ]
 [ 3.3934255  -2.9618134 ]
 [ 0.42834038 -0.00682415]
 [ 1.3994259  -0.98123145]
 [ 3.7449784  -3.319903  ]]
2025-12-21 21:10:59,586 - [INFO] - ------------------------------------------------------------
2025-12-21 21:10:59,586 - [INFO] - On Validation Set:
	Accuracy of RRL  Model: 0.902557014512785
	F1 Score of RRL  Model: 0.7167176923877955
2025-12-21 21:10:59,592 - [INFO] - On Validation Set:
Performance of  RRL Model: 
[[1239   47]
 [  94   67]]
              precision    recall  f1-score   support

           0       0.93      0.96      0.95      1286
           1       0.59      0.42      0.49       161

    accuracy                           0.90      1447
   macro avg       0.76      0.69      0.72      1447
weighted avg       0.89      0.90      0.90      1447

2025-12-21 21:10:59,592 - [INFO] - ------------------------------------------------------------
2025-12-21 21:11:00,794 - [INFO] - epoch: 158, loss_rrl: 109.22569451481104
2025-12-21 21:11:01,238 - [DEBUG] - y_true: (1447,) [0 0 0 0 0 1 0 0 0 0 0 0 0 0 0 0 0 1 0 0 0 0 0 0 1 0 0 0 0 0 0 0 0 0 0 0 0
 0 1 1 0]
2025-12-21 21:11:01,399 - [DEBUG] - y_rrl_: (1447,) [0 0 0 0 0 1 0 0 0 0 0 0 0 0 0 0 0 0 0 0 0 0 0 0 1 0 0 0 0 0 0 0 0 0 0 0 0
 0 0 1 0]
2025-12-21 21:11:01,400 - [DEBUG] - y_rrl: (1447, 2) [[ 4.035178   -3.6153603 ]
 [ 0.54132843 -0.13458917]
 [ 2.4376998  -2.0044308 ]
 [ 2.4376998  -2.0044308 ]
 [ 4.035178   -3.6153603 ]
 [-0.18070564  0.60159534]
 [ 4.035178   -3.6153603 ]
 [ 3.1652086  -2.7408237 ]
 [ 4.035178   -3.6153603 ]
 [ 1.9598961  -1.5475447 ]
 [ 1.2123781  -0.8017953 ]
 [ 2.4176908  -1.9950744 ]
 [ 3.1652086  -2.7408237 ]
 [ 3.682512   -3.2562056 ]
 [ 3.682512   -3.2562056 ]
 [ 3.2876601  -2.8696108 ]
 [ 3.1652086  -2.7408237 ]
 [ 1.2123781  -0.8017953 ]
 [ 2.616611   -2.202405  ]
 [ 3.0114625  -2.5889997 ]
 [ 4.035178   -3.6153603 ]
 [ 3.682512   -3.2562056 ]
 [ 4.035178   -3.6153603 ]
 [ 3.682512   -3.2562056 ]
 [-1.149181    1.5707883 ]
 [ 1.2888464  -0.88033867]
 [ 2.4176908  -1.9950744 ]
 [ 3.682512   -3.2562056 ]
 [ 2.9349942  -2.510456  ]
 [ 3.682512   -3.2562056 ]
 [ 4.035178   -3.6153603 ]
 [ 3.0114625  -2.5889997 ]
 [ 1.2123781  -0.8017953 ]
 [ 1.2123781  -0.8017953 ]
 [ 4.035178   -3.6153603 ]
 [ 3.1652086  -2.7408237 ]
 [ 4.035178   -3.6153603 ]
 [ 3.682512   -3.2562056 ]
 [ 0.26012963  0.16475722]
 [-0.1723237   0.59063494]
 [ 3.1652086  -2.7408237 ]]
2025-12-21 21:11:01,402 - [INFO] - ------------------------------------------------------------
2025-12-21 21:11:01,402 - [INFO] - On Validation Set:
	Accuracy of RRL  Model: 0.9011748445058743
	F1 Score of RRL  Model: 0.6880868504792785
2025-12-21 21:11:01,408 - [INFO] - On Validation Set:
Performance of  RRL Model: 
[[1250   36]
 [ 107   54]]
              precision    recall  f1-score   support

           0       0.92      0.97      0.95      1286
           1       0.60      0.34      0.43       161

    accuracy                           0.90      1447
   macro avg       0.76      0.65      0.69      1447
weighted avg       0.89      0.90      0.89      1447

2025-12-21 21:11:01,408 - [INFO] - ------------------------------------------------------------
2025-12-21 21:11:02,382 - [INFO] - epoch: 159, loss_rrl: 108.1787579357624
2025-12-21 21:11:03,042 - [DEBUG] - y_true: (1447,) [0 0 0 0 0 1 0 0 0 0 0 0 0 0 0 0 0 1 0 0 0 0 0 0 1 0 0 0 0 0 0 0 0 0 0 0 0
 0 1 1 0]
2025-12-21 21:11:03,202 - [DEBUG] - y_rrl_: (1447,) [0 1 0 0 0 1 0 0 0 0 0 0 0 0 0 0 0 0 0 0 0 0 0 0 1 0 0 0 0 0 0 0 0 0 0 0 0
 0 0 0 0]
2025-12-21 21:11:03,203 - [DEBUG] - y_rrl: (1447, 2) [[ 3.9135711  -3.4940212 ]
 [ 0.12525126  0.28846306]
 [ 3.2505581  -2.8174832 ]
 [ 3.2505581  -2.8174832 ]
 [ 3.5998118  -3.173178  ]
 [-0.2993164   0.71997327]
 [ 4.133513   -3.7164285 ]
 [ 3.5998118  -3.173178  ]
 [ 4.133513   -3.7164285 ]
 [ 2.2828507  -1.8788055 ]
 [ 1.7711943  -1.369052  ]
 [ 3.621857   -3.2066753 ]
 [ 3.4705007  -3.0398905 ]
 [ 3.5643175  -3.1383264 ]
 [ 3.7842596  -3.3607337 ]
 [ 3.5643175  -3.1383264 ]
 [ 3.9135711  -3.4940212 ]
 [ 1.7711943  -1.369052  ]
 [ 1.8398913  -1.4123796 ]
 [ 2.5820773  -2.1528163 ]
 [ 3.9135711  -3.4940212 ]
 [ 3.5643175  -3.1383264 ]
 [ 3.5998118  -3.173178  ]
 [ 3.5643175  -3.1383264 ]
 [-0.2993164   0.71997327]
 [ 0.6596425  -0.25025442]
 [ 2.06962    -1.6598914 ]
 [ 3.2505581  -2.8174832 ]
 [ 3.4705007  -3.0398905 ]
 [ 3.7842596  -3.3607337 ]
 [ 3.9135711  -3.4940212 ]
 [ 2.5820773  -2.1528163 ]
 [ 1.4219407  -1.0133573 ]
 [ 1.4219407  -1.0133573 ]
 [ 4.133513   -3.7164285 ]
 [ 3.5998118  -3.173178  ]
 [ 3.5998118  -3.173178  ]
 [ 3.2505581  -2.8174832 ]
 [ 1.2300751  -0.810142  ]
 [ 1.5438343  -1.1309851 ]
 [ 3.5998118  -3.173178  ]]
2025-12-21 21:11:03,205 - [INFO] - ------------------------------------------------------------
2025-12-21 21:11:03,205 - [INFO] - On Validation Set:
	Accuracy of RRL  Model: 0.9004837595024188
	F1 Score of RRL  Model: 0.6626078395813363
2025-12-21 21:11:03,211 - [INFO] - On Validation Set:
Performance of  RRL Model: 
[[1259   27]
 [ 117   44]]
              precision    recall  f1-score   support

           0       0.91      0.98      0.95      1286
           1       0.62      0.27      0.38       161

    accuracy                           0.90      1447
   macro avg       0.77      0.63      0.66      1447
weighted avg       0.88      0.90      0.88      1447

2025-12-21 21:11:03,211 - [INFO] - ------------------------------------------------------------
2025-12-21 21:11:04,215 - [INFO] - epoch: 160, loss_rrl: 108.25665798597038
2025-12-21 21:11:05,137 - [DEBUG] - y_true: (1447,) [0 0 0 0 0 1 0 0 0 0 0 0 0 0 0 0 0 1 0 0 0 0 0 0 1 0 0 0 0 0 0 0 0 0 0 0 0
 0 1 1 0]
2025-12-21 21:11:05,305 - [DEBUG] - y_rrl_: (1447,) [0 1 0 0 0 1 0 0 0 0 0 0 0 0 0 0 0 0 0 0 0 0 0 0 1 1 0 0 0 0 0 0 0 1 0 0 0
 0 0 0 0]
2025-12-21 21:11:05,305 - [DEBUG] - y_rrl: (1447, 2) [[ 3.9949408  -3.5805955 ]
 [-0.39505875  0.80781066]
 [ 2.6614387  -2.2295308 ]
 [ 2.6614387  -2.2295308 ]
 [ 3.9949408  -3.5805955 ]
 [-0.44460386  0.8625361 ]
 [ 3.9949408  -3.5805955 ]
 [ 3.023267   -2.5977545 ]
 [ 3.9949408  -3.5805955 ]
 [ 1.400296   -0.9901172 ]
 [ 1.2021883  -0.8088473 ]
 [ 2.8251595  -2.4164844 ]
 [ 3.2993484  -2.8867333 ]
 [ 3.769193   -3.3524034 ]
 [ 3.9949408  -3.5805955 ]
 [ 3.9949408  -3.5805955 ]
 [ 3.9949408  -3.5805955 ]
 [ 0.9764404  -0.58065516]
 [ 2.0479033  -1.630234  ]
 [ 1.9975698  -1.5694473 ]
 [ 3.769193   -3.3524034 ]
 [ 3.9949408  -3.5805955 ]
 [ 3.9949408  -3.5805955 ]
 [ 3.769193   -3.3524034 ]
 [-0.44460386  0.8625361 ]
 [ 0.14476806  0.25323835]
 [ 3.1272001  -2.708345  ]
 [ 3.023267   -2.5977545 ]
 [ 2.9692438  -2.552288  ]
 [ 3.633113   -3.212372  ]
 [ 3.769193   -3.3524034 ]
 [ 2.7434957  -2.324096  ]
 [ 0.8403605  -0.44062385]
 [-0.1313133   0.54221714]
 [ 3.9949408  -3.5805955 ]
 [ 3.023267   -2.5977545 ]
 [ 3.9949408  -3.5805955 ]
 [ 3.023267   -2.5977545 ]
 [ 0.42313647 -0.00971427]
 [ 1.400296   -0.9901172 ]
 [ 3.023267   -2.5977545 ]]
2025-12-21 21:11:05,307 - [INFO] - ------------------------------------------------------------
2025-12-21 21:11:05,307 - [INFO] - On Validation Set:
	Accuracy of RRL  Model: 0.9004837595024188
	F1 Score of RRL  Model: 0.7116285249277576
2025-12-21 21:11:05,313 - [INFO] - On Validation Set:
Performance of  RRL Model: 
[[1237   49]
 [  95   66]]
              precision    recall  f1-score   support

           0       0.93      0.96      0.94      1286
           1       0.57      0.41      0.48       161

    accuracy                           0.90      1447
   macro avg       0.75      0.69      0.71      1447
weighted avg       0.89      0.90      0.89      1447

2025-12-21 21:11:05,313 - [INFO] - ------------------------------------------------------------
2025-12-21 21:11:05,852 - [INFO] - epoch: 161, loss_rrl: 108.91594326868653
2025-12-21 21:11:07,016 - [DEBUG] - y_true: (1447,) [0 0 0 0 0 1 0 0 0 0 0 0 0 0 0 0 0 1 0 0 0 0 0 0 1 0 0 0 0 0 0 0 0 0 0 0 0
 0 1 1 0]
2025-12-21 21:11:07,178 - [DEBUG] - y_rrl_: (1447,) [0 1 0 0 0 1 0 0 0 0 0 0 0 0 0 0 0 0 0 0 0 0 0 0 1 0 0 0 0 0 0 0 0 0 0 0 0
 0 0 0 0]
2025-12-21 21:11:07,178 - [DEBUG] - y_rrl: (1447, 2) [[ 4.0263166  -3.6146939 ]
 [-0.15315402  0.56081784]
 [ 2.5053189  -2.08225   ]
 [ 2.9112186  -2.4846025 ]
 [ 3.620417   -3.2123413 ]
 [-0.17337066  0.5861722 ]
 [ 4.0263166  -3.6146939 ]
 [ 4.0263166  -3.6146939 ]
 [ 4.0263166  -3.6146939 ]
 [ 2.4263146  -2.0298564 ]
 [ 1.5912929  -1.189729  ]
 [ 3.0994813  -2.6932735 ]
 [ 2.746366   -2.3338091 ]
 [ 3.2673016  -2.8528774 ]
 [ 3.6732013  -3.25523   ]
 [ 4.0263166  -3.6146939 ]
 [ 4.0263166  -3.6146939 ]
 [ 1.9053794  -1.5107889 ]
 [ 2.676982   -2.270826  ]
 [ 3.023636   -2.6094198 ]
 [ 4.0263166  -3.6146939 ]
 [ 3.2673016  -2.8528774 ]
 [ 3.620417   -3.2123413 ]
 [ 3.6732013  -3.25523   ]
 [-1.0868444   1.5003581 ]
 [ 0.9026986  -0.5055148 ]
 [ 3.1522658  -2.7361617 ]
 [ 3.6732013  -3.25523   ]
 [ 3.2673016  -2.8528774 ]
 [ 3.6732013  -3.25523   ]
 [ 4.0263166  -3.6146939 ]
 [ 2.6177363  -2.2070673 ]
 [ 1.2381773  -0.8302647 ]
 [ 1.5522639  -1.1513246 ]
 [ 3.620417   -3.2123413 ]
 [ 4.0263166  -3.6146939 ]
 [ 3.620417   -3.2123413 ]
 [ 3.6732013  -3.25523   ]
 [ 0.8293101  -0.4191016 ]
 [ 0.6156058  -0.20297374]
 [ 4.0263166  -3.6146939 ]]
2025-12-21 21:11:07,180 - [INFO] - ------------------------------------------------------------
2025-12-21 21:11:07,180 - [INFO] - On Validation Set:
	Accuracy of RRL  Model: 0.9032480995162405
	F1 Score of RRL  Model: 0.6978942973037461
2025-12-21 21:11:07,186 - [INFO] - On Validation Set:
Performance of  RRL Model: 
[[1250   36]
 [ 104   57]]
              precision    recall  f1-score   support

           0       0.92      0.97      0.95      1286
           1       0.61      0.35      0.45       161

    accuracy                           0.90      1447
   macro avg       0.77      0.66      0.70      1447
weighted avg       0.89      0.90      0.89      1447

2025-12-21 21:11:07,186 - [INFO] - ------------------------------------------------------------
2025-12-21 21:11:07,481 - [INFO] - epoch: 162, loss_rrl: 109.40424924530089
2025-12-21 21:11:08,877 - [DEBUG] - y_true: (1447,) [0 0 0 0 0 1 0 0 0 0 0 0 0 0 0 0 0 1 0 0 0 0 0 0 1 0 0 0 0 0 0 0 0 0 0 0 0
 0 1 1 0]
2025-12-21 21:11:09,040 - [DEBUG] - y_rrl_: (1447,) [0 1 0 0 0 1 0 0 0 0 0 0 0 0 0 0 0 0 0 0 0 0 0 0 1 0 0 0 0 0 0 0 0 0 0 0 0
 0 1 0 0]
2025-12-21 21:11:09,041 - [DEBUG] - y_rrl: (1447, 2) [[ 4.0092216  -3.6003098 ]
 [ 0.09225146  0.31353235]
 [ 1.945685   -1.516097  ]
 [ 2.3437963  -1.9106933 ]
 [ 3.299315   -2.8870003 ]
 [-0.3887373   0.8012664 ]
 [ 4.0092216  -3.6003098 ]
 [ 3.4887722  -3.070539  ]
 [ 4.0092216  -3.6003098 ]
 [ 2.629743   -2.2299106 ]
 [ 1.6747996  -1.2829458 ]
 [ 3.090203   -2.6866565 ]
 [ 2.7784083  -2.3679433 ]
 [ 3.4024553  -2.9946558 ]
 [ 4.0092216  -3.6003098 ]
 [ 4.0092216  -3.6003098 ]
 [ 4.0092216  -3.6003098 ]
 [ 1.4661453  -1.0718882 ]
 [ 2.1437888  -1.7309743 ]
 [ 2.4862735  -2.0654643 ]
 [ 3.800567   -3.3892522 ]
 [ 3.6111097  -3.2057135 ]
 [ 3.299315   -2.8870003 ]
 [ 3.800567   -3.3892522 ]
 [-1.0910292   1.501865  ]
 [ 0.605086   -0.20352763]
 [ 1.3149924  -0.91683704]
 [ 3.4887722  -3.070539  ]
 [ 2.2968163  -1.8819255 ]
 [ 3.6494143  -3.2342007 ]
 [ 3.800567   -3.3892522 ]
 [ 2.088162   -1.6708679 ]
 [ 1.3149924  -0.91683704]
 [ 0.7082264  -0.31118312]
 [ 3.6111097  -3.2057135 ]
 [ 3.4887722  -3.070539  ]
 [ 3.299315   -2.8870003 ]
 [ 3.4887722  -3.070539  ]
 [-0.02893009  0.43515757]
 [ 0.92555624 -0.522521  ]
 [ 3.4887722  -3.070539  ]]
2025-12-21 21:11:09,043 - [INFO] - ------------------------------------------------------------
2025-12-21 21:11:09,043 - [INFO] - On Validation Set:
	Accuracy of RRL  Model: 0.9004837595024188
	F1 Score of RRL  Model: 0.7306542848574472
2025-12-21 21:11:09,051 - [INFO] - On Validation Set:
Performance of  RRL Model: 
[[1226   60]
 [  84   77]]
              precision    recall  f1-score   support

           0       0.94      0.95      0.94      1286
           1       0.56      0.48      0.52       161

    accuracy                           0.90      1447
   macro avg       0.75      0.72      0.73      1447
weighted avg       0.89      0.90      0.90      1447

2025-12-21 21:11:09,051 - [INFO] - ------------------------------------------------------------
2025-12-21 21:11:09,117 - [INFO] - epoch: 163, loss_rrl: 110.16841279901564
2025-12-21 21:11:10,550 - [INFO] - epoch: 164, loss_rrl: 109.42092090472579
2025-12-21 21:11:10,730 - [DEBUG] - y_true: (1447,) [0 0 0 0 0 1 0 0 0 0 0 0 0 0 0 0 0 1 0 0 0 0 0 0 1 0 0 0 0 0 0 0 0 0 0 0 0
 0 1 1 0]
2025-12-21 21:11:10,895 - [DEBUG] - y_rrl_: (1447,) [0 1 0 0 0 1 0 0 0 0 0 0 0 0 0 0 0 0 0 0 0 0 0 0 1 0 0 0 0 0 0 0 0 0 0 0 0
 0 1 0 0]
2025-12-21 21:11:10,895 - [DEBUG] - y_rrl: (1447, 2) [[ 3.6919267  -3.2856846 ]
 [-1.4274251   1.835624  ]
 [ 2.050863   -1.6206257 ]
 [ 2.050863   -1.6206257 ]
 [ 3.3899133  -2.9768062 ]
 [-0.7047834   1.1146574 ]
 [ 3.6919267  -3.2856846 ]
 [ 3.198993   -2.783502  ]
 [ 3.6919267  -3.2856846 ]
 [ 2.3411057  -1.9438293 ]
 [ 1.0397404  -0.64351183]
 [ 2.501654   -2.1009417 ]
 [ 2.4836552  -2.0661252 ]
 [ 3.1359847  -2.7211034 ]
 [ 3.3269055  -2.9144077 ]
 [ 3.3269055  -2.9144077 ]
 [ 3.6919267  -3.2856846 ]
 [ 1.1508331  -0.75908613]
 [ 1.4622936  -1.045919  ]
 [ 2.1849353  -1.7668855 ]
 [ 3.5010064  -3.0923805 ]
 [ 3.3269055  -2.9144077 ]
 [ 3.3899133  -2.9768062 ]
 [ 3.1359847  -2.7211034 ]
 [-0.7047834   1.1146574 ]
 [ 0.2692456   0.12975408]
 [ 2.7856686  -2.3750038 ]
 [ 2.8339713  -2.412225  ]
 [ 2.3758562  -1.9601898 ]
 [ 3.3269055  -2.9144077 ]
 [ 3.5010064  -3.0923805 ]
 [ 2.1849353  -1.7668855 ]
 [ 0.67471904 -0.27223516]
 [ 0.7858117  -0.3878095 ]
 [ 3.6919267  -3.2856846 ]
 [ 3.198993   -2.783502  ]
 [ 3.3899133  -2.9768062 ]
 [ 2.8339713  -2.412225  ]
 [ 0.20147489  0.20397663]
 [ 0.30927402  0.09804143]
 [ 3.198993   -2.783502  ]]
2025-12-21 21:11:10,897 - [INFO] - ------------------------------------------------------------
2025-12-21 21:11:10,897 - [INFO] - On Validation Set:
	Accuracy of RRL  Model: 0.902557014512785
	F1 Score of RRL  Model: 0.7595022355080963
2025-12-21 21:11:10,903 - [INFO] - On Validation Set:
Performance of  RRL Model: 
[[1211   75]
 [  66   95]]
              precision    recall  f1-score   support

           0       0.95      0.94      0.94      1286
           1       0.56      0.59      0.57       161

    accuracy                           0.90      1447
   macro avg       0.75      0.77      0.76      1447
weighted avg       0.90      0.90      0.90      1447

2025-12-21 21:11:10,903 - [INFO] - ------------------------------------------------------------
2025-12-21 21:11:12,144 - [INFO] - epoch: 165, loss_rrl: 110.18314639851451
2025-12-21 21:11:12,552 - [DEBUG] - y_true: (1447,) [0 0 0 0 0 1 0 0 0 0 0 0 0 0 0 0 0 1 0 0 0 0 0 0 1 0 0 0 0 0 0 0 0 0 0 0 0
 0 1 1 0]
2025-12-21 21:11:12,711 - [DEBUG] - y_rrl_: (1447,) [0 0 0 0 0 1 0 0 0 0 0 0 0 0 0 0 0 0 0 0 0 0 0 0 1 0 0 0 0 0 0 0 0 0 0 0 0
 0 0 0 0]
2025-12-21 21:11:12,711 - [DEBUG] - y_rrl: (1447, 2) [[ 4.1354256  -3.7318366 ]
 [ 0.6921729  -0.30073312]
 [ 3.7775283  -3.3677294 ]
 [ 3.7775283  -3.3677294 ]
 [ 4.1354256  -3.7318366 ]
 [-0.8383119   1.241526  ]
 [ 4.1354256  -3.7318366 ]
 [ 3.7775283  -3.3677294 ]
 [ 4.1354256  -3.7318366 ]
 [ 2.180117   -1.7849891 ]
 [ 1.6482884  -1.2549767 ]
 [ 2.5174997  -2.1111739 ]
 [ 3.4072254  -3.0052936 ]
 [ 4.1354256  -3.7318366 ]
 [ 4.1354256  -3.7318366 ]
 [ 3.4072254  -3.0052936 ]
 [ 3.7775283  -3.3677294 ]
 [ 0.9200884  -0.5284337 ]
 [ 2.412861   -2.0083866 ]
 [ 3.141061   -2.7349298 ]
 [ 4.1354256  -3.7318366 ]
 [ 4.1354256  -3.7318366 ]
 [ 4.1354256  -3.7318366 ]
 [ 4.1354256  -3.7318366 ]
 [-1.0413464   1.446925  ]
 [ 0.2836207   0.10436599]
 [ 2.5174997  -2.1111739 ]
 [ 4.1354256  -3.7318366 ]
 [ 3.0493283  -2.6411865 ]
 [ 3.7775283  -3.3677294 ]
 [ 4.1354256  -3.7318366 ]
 [ 3.141061   -2.7349298 ]
 [ 1.6482884  -1.2549767 ]
 [ 0.9200884  -0.5284337 ]
 [ 4.1354256  -3.7318366 ]
 [ 3.7775283  -3.3677294 ]
 [ 3.4072254  -3.0052936 ]
 [ 4.1354256  -3.7318366 ]
 [ 0.32998434  0.07871385]
 [ 0.8136871  -0.4156458 ]
 [ 3.7775283  -3.3677294 ]]
2025-12-21 21:11:12,713 - [INFO] - ------------------------------------------------------------
2025-12-21 21:11:12,713 - [INFO] - On Validation Set:
	Accuracy of RRL  Model: 0.9004837595024188
	F1 Score of RRL  Model: 0.687033632529469
2025-12-21 21:11:12,719 - [INFO] - On Validation Set:
Performance of  RRL Model: 
[[1249   37]
 [ 107   54]]
              precision    recall  f1-score   support

           0       0.92      0.97      0.95      1286
           1       0.59      0.34      0.43       161

    accuracy                           0.90      1447
   macro avg       0.76      0.65      0.69      1447
weighted avg       0.88      0.90      0.89      1447

2025-12-21 21:11:12,719 - [INFO] - ------------------------------------------------------------
2025-12-21 21:11:13,735 - [INFO] - epoch: 166, loss_rrl: 107.99459708295763
2025-12-21 21:11:14,385 - [DEBUG] - y_true: (1447,) [0 0 0 0 0 1 0 0 0 0 0 0 0 0 0 0 0 1 0 0 0 0 0 0 1 0 0 0 0 0 0 0 0 0 0 0 0
 0 1 1 0]
2025-12-21 21:11:14,544 - [DEBUG] - y_rrl_: (1447,) [0 0 0 0 0 1 0 0 0 0 0 0 0 0 0 0 0 0 0 0 0 0 0 0 1 0 0 0 0 0 0 0 0 1 0 0 0
 0 0 0 0]
2025-12-21 21:11:14,545 - [DEBUG] - y_rrl: (1447, 2) [[ 3.7718256  -3.36852   ]
 [ 0.7467302  -0.3492152 ]
 [ 3.0776632  -2.6614358 ]
 [ 3.286876   -2.8729947 ]
 [ 3.4391654  -3.0291016 ]
 [-0.47093877  0.8755552 ]
 [ 3.9810383  -3.580079  ]
 [ 3.6483781  -3.2406607 ]
 [ 3.9810383  -3.580079  ]
 [ 2.3832333  -1.9967849 ]
 [ 1.0064367  -0.6230809 ]
 [ 2.6392422  -2.243561  ]
 [ 3.6483781  -3.2406607 ]
 [ 3.7718256  -3.36852   ]
 [ 3.9810383  -3.580079  ]
 [ 3.0586367  -2.65697   ]
 [ 3.7718256  -3.36852   ]
 [ 0.50246036 -0.12308984]
 [ 1.7358675  -1.3249178 ]
 [ 2.6582687  -2.2480266 ]
 [ 3.9810383  -3.580079  ]
 [ 3.7718256  -3.36852   ]
 [ 3.4391654  -3.0291016 ]
 [ 3.7718256  -3.36852   ]
 [-0.47093877  0.8755552 ]
 [ 0.52148724 -0.12755558]
 [ 1.07939    -0.6886337 ]
 [ 3.6483781  -3.2406607 ]
 [ 1.9450798  -1.5364766 ]
 [ 3.6195362  -3.212413  ]
 [ 3.9810383  -3.580079  ]
 [ 2.6582687  -2.2480266 ]
 [ 0.6449346  -0.255415  ]
 [-0.06825423  0.45613495]
 [ 3.9810383  -3.580079  ]
 [ 3.6483781  -3.2406607 ]
 [ 3.4391654  -3.0291016 ]
 [ 3.4391654  -3.0291016 ]
 [ 0.63875294 -0.24084678]
 [ 0.6776185  -0.28212422]
 [ 3.4391654  -3.0291016 ]]
2025-12-21 21:11:14,547 - [INFO] - ------------------------------------------------------------
2025-12-21 21:11:14,547 - [INFO] - On Validation Set:
	Accuracy of RRL  Model: 0.902557014512785
	F1 Score of RRL  Model: 0.7071459841965881
2025-12-21 21:11:14,553 - [INFO] - On Validation Set:
Performance of  RRL Model: 
[[1244   42]
 [  99   62]]
              precision    recall  f1-score   support

           0       0.93      0.97      0.95      1286
           1       0.60      0.39      0.47       161

    accuracy                           0.90      1447
   macro avg       0.76      0.68      0.71      1447
weighted avg       0.89      0.90      0.89      1447

2025-12-21 21:11:14,553 - [INFO] - ------------------------------------------------------------
2025-12-21 21:11:15,337 - [INFO] - epoch: 167, loss_rrl: 108.07232123054564
2025-12-21 21:11:16,212 - [DEBUG] - y_true: (1447,) [0 0 0 0 0 1 0 0 0 0 0 0 0 0 0 0 0 1 0 0 0 0 0 0 1 0 0 0 0 0 0 0 0 0 0 0 0
 0 1 1 0]
2025-12-21 21:11:16,371 - [DEBUG] - y_rrl_: (1447,) [0 0 0 0 0 1 0 0 0 0 0 0 0 0 0 0 0 0 0 0 0 0 0 0 1 0 0 0 0 0 0 0 0 0 0 0 0
 0 0 0 0]
2025-12-21 21:11:16,371 - [DEBUG] - y_rrl: (1447, 2) [[ 4.2108545  -3.812482  ]
 [ 1.2909489  -0.90048456]
 [ 3.1277237  -2.7226882 ]
 [ 3.1277237  -2.7226882 ]
 [ 4.2108545  -3.812482  ]
 [-0.21089748  0.61294   ]
 [ 4.2108545  -3.812482  ]
 [ 3.1277237  -2.7226882 ]
 [ 4.2108545  -3.812482  ]
 [ 1.5115875  -1.1209049 ]
 [ 1.0883     -0.703556  ]
 [ 2.7044363  -2.305339  ]
 [ 4.2108545  -3.812482  ]
 [ 4.0159216  -3.6152215 ]
 [ 4.2108545  -3.812482  ]
 [ 4.2108545  -3.812482  ]
 [ 3.3226566  -2.919949  ]
 [ 0.8933672  -0.5062953 ]
 [ 2.3468032  -1.9452152 ]
 [ 3.0459843  -2.6427755 ]
 [ 4.0159216  -3.6152215 ]
 [ 4.2108545  -3.812482  ]
 [ 4.2108545  -3.812482  ]
 [ 4.0159216  -3.6152215 ]
 [-0.21089748  0.61294   ]
 [ 1.0883     -0.703556  ]
 [ 3.3226566  -2.919949  ]
 [ 4.0159216  -3.6152215 ]
 [ 3.2409167  -2.840036  ]
 [ 3.8591366  -3.4546459 ]
 [ 4.0159216  -3.6152215 ]
 [ 3.0459843  -2.6427755 ]
 [ 1.0883     -0.703556  ]
 [ 0.8933672  -0.5062953 ]
 [ 4.2108545  -3.812482  ]
 [ 3.1277237  -2.7226882 ]
 [ 4.2108545  -3.812482  ]
 [ 4.0159216  -3.6152215 ]
 [ 0.3255828   0.07824314]
 [ 1.6309047  -1.2362936 ]
 [ 3.1277237  -2.7226882 ]]
2025-12-21 21:11:16,373 - [INFO] - ------------------------------------------------------------
2025-12-21 21:11:16,373 - [INFO] - On Validation Set:
	Accuracy of RRL  Model: 0.9053213545266068
	F1 Score of RRL  Model: 0.6751697977174599
2025-12-21 21:11:16,379 - [INFO] - On Validation Set:
Performance of  RRL Model: 
[[1264   22]
 [ 115   46]]
              precision    recall  f1-score   support

           0       0.92      0.98      0.95      1286
           1       0.68      0.29      0.40       161

    accuracy                           0.91      1447
   macro avg       0.80      0.63      0.68      1447
weighted avg       0.89      0.91      0.89      1447

2025-12-21 21:11:16,379 - [INFO] - ------------------------------------------------------------
2025-12-21 21:11:16,938 - [INFO] - epoch: 168, loss_rrl: 109.70124933496118
2025-12-21 21:11:18,063 - [DEBUG] - y_true: (1447,) [0 0 0 0 0 1 0 0 0 0 0 0 0 0 0 0 0 1 0 0 0 0 0 0 1 0 0 0 0 0 0 0 0 0 0 0 0
 0 1 1 0]
2025-12-21 21:11:18,228 - [DEBUG] - y_rrl_: (1447,) [0 0 0 0 0 1 0 0 0 0 0 0 0 0 0 0 0 0 0 0 0 0 0 0 1 0 0 0 0 0 0 0 0 0 0 0 0
 0 1 0 0]
2025-12-21 21:11:18,229 - [DEBUG] - y_rrl: (1447, 2) [[ 3.9652028  -3.5694163 ]
 [ 1.1997262  -0.8140495 ]
 [ 2.4741416  -2.0674562 ]
 [ 2.8671434  -2.4570956 ]
 [ 2.8291986  -2.4285872 ]
 [-0.26779744  0.6649547 ]
 [ 3.9652028  -3.5694163 ]
 [ 3.9652028  -3.5694163 ]
 [ 3.9652028  -3.5694163 ]
 [ 2.7365952  -2.3516445 ]
 [ 0.81178063 -0.4239905 ]
 [ 2.3903887  -2.0033128 ]
 [ 3.0246367  -2.6339796 ]
 [ 2.8291986  -2.4285872 ]
 [ 3.9652028  -3.5694163 ]
 [ 3.9652028  -3.5694163 ]
 [ 3.2222004  -2.8182263 ]
 [ 1.5547831  -1.1751804 ]
 [ 2.2716007  -1.8749243 ]
 [ 2.9758978  -2.5776188 ]
 [ 3.9652028  -3.5694163 ]
 [ 3.572201   -3.1797771 ]
 [ 3.572201   -3.1797771 ]
 [ 3.2222004  -2.8182263 ]
 [-0.46172222  0.86118937]
 [ 0.8067244  -0.42441034]
 [ 2.4283338  -2.031821  ]
 [ 3.9652028  -3.5694163 ]
 [ 2.582896   -2.1879797 ]
 [ 3.6101458  -3.2082853 ]
 [ 3.9652028  -3.5694163 ]
 [ 2.582896   -2.1879797 ]
 [ 1.1997262  -0.8140495 ]
 [ 0.8067244  -0.42441034]
 [ 3.572201   -3.1797771 ]
 [ 3.9652028  -3.5694163 ]
 [ 3.572201   -3.1797771 ]
 [ 3.9652028  -3.5694163 ]
 [ 0.08725944  0.30382374]
 [ 0.85910225 -0.46878335]
 [ 3.9652028  -3.5694163 ]]
2025-12-21 21:11:18,232 - [INFO] - ------------------------------------------------------------
2025-12-21 21:11:18,232 - [INFO] - On Validation Set:
	Accuracy of RRL  Model: 0.9067035245335177
	F1 Score of RRL  Model: 0.7233563462559746
2025-12-21 21:11:18,241 - [INFO] - On Validation Set:
Performance of  RRL Model: 
[[1245   41]
 [  94   67]]
              precision    recall  f1-score   support

           0       0.93      0.97      0.95      1286
           1       0.62      0.42      0.50       161

    accuracy                           0.91      1447
   macro avg       0.78      0.69      0.72      1447
weighted avg       0.90      0.91      0.90      1447

2025-12-21 21:11:18,241 - [INFO] - ------------------------------------------------------------
2025-12-21 21:11:18,576 - [INFO] - epoch: 169, loss_rrl: 108.00250998325646
2025-12-21 21:11:19,917 - [DEBUG] - y_true: (1447,) [0 0 0 0 0 1 0 0 0 0 0 0 0 0 0 0 0 1 0 0 0 0 0 0 1 0 0 0 0 0 0 0 0 0 0 0 0
 0 1 1 0]
2025-12-21 21:11:20,076 - [DEBUG] - y_rrl_: (1447,) [0 0 0 0 0 0 0 0 0 0 0 0 0 0 0 0 0 0 0 0 0 0 0 0 1 0 0 0 0 0 0 0 0 0 0 0 0
 0 1 0 0]
2025-12-21 21:11:20,076 - [DEBUG] - y_rrl: (1447, 2) [[ 4.038734   -3.6455307 ]
 [ 0.5595627  -0.17793317]
 [ 2.9360697  -2.5287254 ]
 [ 3.3002827  -2.8989673 ]
 [ 4.038734   -3.6455307 ]
 [ 0.36138102  0.03496964]
 [ 4.038734   -3.6455307 ]
 [ 4.038734   -3.6455307 ]
 [ 4.038734   -3.6455307 ]
 [ 2.8130662  -2.4305747 ]
 [ 1.3383703  -0.9545794 ]
 [ 3.5042753  -3.1128232 ]
 [ 4.038734   -3.6455307 ]
 [ 4.038734   -3.6455307 ]
 [ 4.038734   -3.6455307 ]
 [ 4.038734   -3.6455307 ]
 [ 4.038734   -3.6455307 ]
 [ 1.6562595  -1.2790731 ]
 [ 2.683901   -2.2958386 ]
 [ 3.4163852  -3.0267365 ]
 [ 4.038734   -3.6455307 ]
 [ 4.038734   -3.6455307 ]
 [ 4.038734   -3.6455307 ]
 [ 4.038734   -3.6455307 ]
 [-0.36339298  0.7602841 ]
 [ 1.8265052  -1.4415383 ]
 [ 1.2920468  -0.9088311 ]
 [ 4.038734   -3.6455307 ]
 [ 3.0521724  -2.6564944 ]
 [ 4.038734   -3.6455307 ]
 [ 4.038734   -3.6455307 ]
 [ 3.4163852  -3.0267365 ]
 [ 0.97415733 -0.58433753]
 [ 1.2920468  -0.9088311 ]
 [ 4.038734   -3.6455307 ]
 [ 4.038734   -3.6455307 ]
 [ 4.038734   -3.6455307 ]
 [ 4.038734   -3.6455307 ]
 [ 0.1911355   0.19743483]
 [ 0.6231682  -0.22875208]
 [ 4.038734   -3.6455307 ]]
2025-12-21 21:11:20,078 - [INFO] - ------------------------------------------------------------
2025-12-21 21:11:20,078 - [INFO] - On Validation Set:
	Accuracy of RRL  Model: 0.9053213545266068
	F1 Score of RRL  Model: 0.6875887446910778
2025-12-21 21:11:20,084 - [INFO] - On Validation Set:
Performance of  RRL Model: 
[[1259   27]
 [ 110   51]]
              precision    recall  f1-score   support

           0       0.92      0.98      0.95      1286
           1       0.65      0.32      0.43       161

    accuracy                           0.91      1447
   macro avg       0.79      0.65      0.69      1447
weighted avg       0.89      0.91      0.89      1447

2025-12-21 21:11:20,084 - [INFO] - ------------------------------------------------------------
2025-12-21 21:11:20,181 - [INFO] - epoch: 170, loss_rrl: 108.25162071175873
2025-12-21 21:11:21,631 - [INFO] - epoch: 171, loss_rrl: 108.96944837458432
2025-12-21 21:11:21,786 - [DEBUG] - y_true: (1447,) [0 0 0 0 0 1 0 0 0 0 0 0 0 0 0 0 0 1 0 0 0 0 0 0 1 0 0 0 0 0 0 0 0 0 0 0 0
 0 1 1 0]
2025-12-21 21:11:22,071 - [DEBUG] - y_rrl_: (1447,) [0 1 0 0 0 1 0 0 0 0 0 0 0 0 0 0 0 0 0 0 0 0 0 0 1 1 0 0 0 0 0 0 0 0 0 0 0
 0 0 0 0]
2025-12-21 21:11:22,074 - [DEBUG] - y_rrl: (1447, 2) [[ 3.8443844  -3.4537547 ]
 [-0.1449948   0.54051876]
 [ 2.428645   -2.017439  ]
 [ 2.428645   -2.017439  ]
 [ 3.5371723  -3.1399891 ]
 [-0.37629527  0.7683496 ]
 [ 3.8443844  -3.4537547 ]
 [ 3.5371723  -3.1399891 ]
 [ 3.8443844  -3.4537547 ]
 [ 2.6161222  -2.2360806 ]
 [ 1.4592739  -1.0844918 ]
 [ 3.2258036  -2.8386996 ]
 [ 3.5371723  -3.1399891 ]
 [ 3.8443844  -3.4537547 ]
 [ 3.8443844  -3.4537547 ]
 [ 3.8443844  -3.4537547 ]
 [ 3.8443844  -3.4537547 ]
 [ 1.4592739  -1.0844918 ]
 [ 1.8202727  -1.422198  ]
 [ 2.5470695  -2.147427  ]
 [ 3.8443844  -3.4537547 ]
 [ 3.8443844  -3.4537547 ]
 [ 3.5371723  -3.1399891 ]
 [ 3.8443844  -3.4537547 ]
 [-0.5704549   0.96478295]
 [ 0.04353432  0.35182363]
 [ 3.4728622  -3.0762477 ]
 [ 3.5371723  -3.1399891 ]
 [ 2.5470695  -2.147427  ]
 [ 3.4728622  -3.0762477 ]
 [ 3.8443844  -3.4537547 ]
 [ 2.5470695  -2.147427  ]
 [ 1.0877517  -0.70698494]
 [ 1.0877517  -0.70698494]
 [ 3.8443844  -3.4537547 ]
 [ 3.5371723  -3.1399891 ]
 [ 3.5371723  -3.1399891 ]
 [ 3.5371723  -3.1399891 ]
 [ 1.1520754  -0.7607462 ]
 [ 0.7268601  -0.34154448]
 [ 3.5371723  -3.1399891 ]]
2025-12-21 21:11:22,077 - [INFO] - ------------------------------------------------------------
2025-12-21 21:11:22,077 - [INFO] - On Validation Set:
	Accuracy of RRL  Model: 0.9046302695231514
	F1 Score of RRL  Model: 0.7271751011039458
2025-12-21 21:11:22,087 - [INFO] - On Validation Set:
Performance of  RRL Model: 
[[1238   48]
 [  90   71]]
              precision    recall  f1-score   support

           0       0.93      0.96      0.95      1286
           1       0.60      0.44      0.51       161

    accuracy                           0.90      1447
   macro avg       0.76      0.70      0.73      1447
weighted avg       0.89      0.90      0.90      1447

2025-12-21 21:11:22,087 - [INFO] - ------------------------------------------------------------
2025-12-21 21:11:23,491 - [INFO] - epoch: 172, loss_rrl: 108.58061110042036
2025-12-21 21:11:23,897 - [DEBUG] - y_true: (1447,) [0 0 0 0 0 1 0 0 0 0 0 0 0 0 0 0 0 1 0 0 0 0 0 0 1 0 0 0 0 0 0 0 0 0 0 0 0
 0 1 1 0]
2025-12-21 21:11:24,064 - [DEBUG] - y_rrl_: (1447,) [0 0 0 0 0 1 0 0 0 0 0 0 0 0 0 0 0 0 0 0 0 0 0 0 1 0 0 0 0 0 0 0 0 0 0 0 0
 0 0 0 0]
2025-12-21 21:11:24,065 - [DEBUG] - y_rrl: (1447, 2) [[ 4.1172233  -3.7291455 ]
 [ 0.42907855 -0.05003573]
 [ 2.7991283  -2.3948896 ]
 [ 2.7991283  -2.3948896 ]
 [ 4.1172233  -3.7291455 ]
 [-0.33607468  0.7278595 ]
 [ 4.1172233  -3.7291455 ]
 [ 3.541607   -3.1453316 ]
 [ 4.1172233  -3.7291455 ]
 [ 1.8830843  -1.5005496 ]
 [ 1.5374975  -1.1589371 ]
 [ 3.1960201  -2.8037193 ]
 [ 2.8481915  -2.463382  ]
 [ 3.9151087  -3.5247746 ]
 [ 4.1172233  -3.7291455 ]
 [ 4.1172233  -3.7291455 ]
 [ 3.743722   -3.3497026 ]
 [ 1.3353827  -0.9545661 ]
 [ 2.5798085  -2.1945226 ]
 [ 2.9276373  -2.5348597 ]
 [ 3.9151087  -3.5247746 ]
 [ 4.1172233  -3.7291455 ]
 [ 4.1172233  -3.7291455 ]
 [ 3.9151087  -3.5247746 ]
 [-0.33607468  0.7278595 ]
 [ 0.20219731  0.17131495]
 [ 3.1960201  -2.8037193 ]
 [ 3.9151087  -3.5247746 ]
 [ 3.743722   -3.3497026 ]
 [ 3.743722   -3.3497026 ]
 [ 3.9151087  -3.5247746 ]
 [ 2.9276373  -2.5348597 ]
 [ 1.5374975  -1.1589371 ]
 [ 1.3353827  -0.9545661 ]
 [ 4.1172233  -3.7291455 ]
 [ 3.541607   -3.1453316 ]
 [ 4.1172233  -3.7291455 ]
 [ 3.9151087  -3.5247746 ]
 [ 0.27789503  0.11738723]
 [ 0.9664056  -0.5835665 ]
 [ 3.541607   -3.1453316 ]]
2025-12-21 21:11:24,067 - [INFO] - ------------------------------------------------------------
2025-12-21 21:11:24,067 - [INFO] - On Validation Set:
	Accuracy of RRL  Model: 0.9011748445058743
	F1 Score of RRL  Model: 0.6636267725265097
2025-12-21 21:11:24,073 - [INFO] - On Validation Set:
Performance of  RRL Model: 
[[1260   26]
 [ 117   44]]
              precision    recall  f1-score   support

           0       0.92      0.98      0.95      1286
           1       0.63      0.27      0.38       161

    accuracy                           0.90      1447
   macro avg       0.77      0.63      0.66      1447
weighted avg       0.88      0.90      0.88      1447

2025-12-21 21:11:24,073 - [INFO] - ------------------------------------------------------------
2025-12-21 21:11:25,215 - [INFO] - epoch: 173, loss_rrl: 110.2357132807374
2025-12-21 21:11:25,839 - [DEBUG] - y_true: (1447,) [0 0 0 0 0 1 0 0 0 0 0 0 0 0 0 0 0 1 0 0 0 0 0 0 1 0 0 0 0 0 0 0 0 0 0 0 0
 0 1 1 0]
2025-12-21 21:11:26,009 - [DEBUG] - y_rrl_: (1447,) [0 0 0 0 0 1 0 0 0 0 0 0 0 0 0 0 0 0 0 0 0 0 0 0 1 0 0 0 0 0 0 0 0 0 0 0 0
 0 0 0 0]
2025-12-21 21:11:26,009 - [DEBUG] - y_rrl: (1447, 2) [[ 3.9087024  -3.5209222 ]
 [ 1.2093974  -0.8333062 ]
 [ 3.5289516  -3.1352744 ]
 [ 4.1196995  -3.7341576 ]
 [ 3.9087024  -3.5209222 ]
 [-0.32987332  0.7191292 ]
 [ 4.1196995  -3.7341576 ]
 [ 3.7399487  -3.3485093 ]
 [ 4.1196995  -3.7341576 ]
 [ 2.5067053  -2.125611  ]
 [ 1.7457856  -1.3641552 ]
 [ 3.7399487  -3.3485093 ]
 [ 4.1196995  -3.7341576 ]
 [ 3.9087024  -3.5209222 ]
 [ 4.1196995  -3.7341576 ]
 [ 3.9087024  -3.5209222 ]
 [ 3.5289516  -3.1352744 ]
 [ 1.9567821  -1.5773903 ]
 [ 2.231644   -1.84297   ]
 [ 3.5174165  -3.1353445 ]
 [ 4.1196995  -3.7341576 ]
 [ 3.9087024  -3.5209222 ]
 [ 3.9087024  -3.5209222 ]
 [ 3.9087024  -3.5209222 ]
 [-0.32987332  0.7191292 ]
 [ 1.3544996  -0.9785775 ]
 [ 3.7399487  -3.3485093 ]
 [ 4.1196995  -3.7341576 ]
 [ 3.7399487  -3.3485093 ]
 [ 4.1196995  -3.7341576 ]
 [ 4.1196995  -3.7341576 ]
 [ 3.5174165  -3.1353445 ]
 [ 1.7457856  -1.3641552 ]
 [ 1.7457856  -1.3641552 ]
 [ 4.1196995  -3.7341576 ]
 [ 4.1196995  -3.7341576 ]
 [ 3.9087024  -3.5209222 ]
 [ 3.9087024  -3.5209222 ]
 [ 1.0333292  -0.64113927]
 [ 1.5204532  -1.138375  ]
 [ 3.5289516  -3.1352744 ]]
2025-12-21 21:11:26,011 - [INFO] - ------------------------------------------------------------
2025-12-21 21:11:26,011 - [INFO] - On Validation Set:
	Accuracy of RRL  Model: 0.8984105044920525
	F1 Score of RRL  Model: 0.620951057175697
2025-12-21 21:11:26,018 - [INFO] - On Validation Set:
Performance of  RRL Model: 
[[1269   17]
 [ 130   31]]
              precision    recall  f1-score   support

           0       0.91      0.99      0.95      1286
           1       0.65      0.19      0.30       161

    accuracy                           0.90      1447
   macro avg       0.78      0.59      0.62      1447
weighted avg       0.88      0.90      0.87      1447

2025-12-21 21:11:26,018 - [INFO] - ------------------------------------------------------------
2025-12-21 21:11:26,859 - [INFO] - epoch: 174, loss_rrl: 109.00813458487391
2025-12-21 21:11:27,732 - [DEBUG] - y_true: (1447,) [0 0 0 0 0 1 0 0 0 0 0 0 0 0 0 0 0 1 0 0 0 0 0 0 1 0 0 0 0 0 0 0 0 0 0 0 0
 0 1 1 0]
2025-12-21 21:11:27,901 - [DEBUG] - y_rrl_: (1447,) [0 0 0 0 0 1 0 0 0 0 0 0 0 0 0 0 0 0 0 0 0 0 0 0 1 0 0 0 0 0 0 0 0 1 0 0 0
 0 1 0 0]
2025-12-21 21:11:27,902 - [DEBUG] - y_rrl: (1447, 2) [[ 4.164823   -3.7818074 ]
 [ 0.4411871  -0.05763612]
 [ 2.8222523  -2.4233472 ]
 [ 2.8222523  -2.4233472 ]
 [ 4.164823   -3.7818074 ]
 [-0.32135102  0.7080882 ]
 [ 4.164823   -3.7818074 ]
 [ 2.8222523  -2.4233472 ]
 [ 4.164823   -3.7818074 ]
 [ 1.576284   -1.1876038 ]
 [ 0.71168584 -0.33968893]
 [ 2.6477892  -2.264049  ]
 [ 4.164823   -3.7818074 ]
 [ 3.938751   -3.5535145 ]
 [ 4.164823   -3.7818074 ]
 [ 3.474688   -3.0931904 ]
 [ 3.7828863  -3.3940172 ]
 [ 0.48561326 -0.11139563]
 [ 2.2663102  -1.8801812 ]
 [ 1.6871552  -1.2933793 ]
 [ 3.938751   -3.5535145 ]
 [ 4.164823   -3.7818074 ]
 [ 4.164823   -3.7818074 ]
 [ 3.938751   -3.5535145 ]
 [-0.32135102  0.7080882 ]
 [ 1.4018209  -1.0283058 ]
 [ 1.3120537  -0.93661463]
 [ 3.2041895  -2.8111377 ]
 [ 1.9576541  -1.5754322 ]
 [ 3.7828863  -3.3940172 ]
 [ 3.938751   -3.5535145 ]
 [ 2.9564455  -2.568798  ]
 [ 0.71168584 -0.33968893]
 [-0.24894801  0.6309808 ]
 [ 4.164823   -3.7818074 ]
 [ 2.8222523  -2.4233472 ]
 [ 4.164823   -3.7818074 ]
 [ 3.2041895  -2.8111377 ]
 [-0.32135102  0.7080882 ]
 [ 0.835975   -0.457884  ]
 [ 2.8222523  -2.4233472 ]]
2025-12-21 21:11:27,904 - [INFO] - ------------------------------------------------------------
2025-12-21 21:11:27,904 - [INFO] - On Validation Set:
	Accuracy of RRL  Model: 0.9060124395300622
	F1 Score of RRL  Model: 0.7311290851459176
2025-12-21 21:11:27,910 - [INFO] - On Validation Set:
Performance of  RRL Model: 
[[1239   47]
 [  89   72]]
              precision    recall  f1-score   support

           0       0.93      0.96      0.95      1286
           1       0.61      0.45      0.51       161

    accuracy                           0.91      1447
   macro avg       0.77      0.71      0.73      1447
weighted avg       0.90      0.91      0.90      1447

2025-12-21 21:11:27,911 - [INFO] - ------------------------------------------------------------
2025-12-21 21:11:28,517 - [INFO] - epoch: 175, loss_rrl: 108.39502727612853
2025-12-21 21:11:29,616 - [DEBUG] - y_true: (1447,) [0 0 0 0 0 1 0 0 0 0 0 0 0 0 0 0 0 1 0 0 0 0 0 0 1 0 0 0 0 0 0 0 0 0 0 0 0
 0 1 1 0]
2025-12-21 21:11:29,788 - [DEBUG] - y_rrl_: (1447,) [0 0 0 0 0 1 0 0 0 0 1 0 0 0 0 0 0 0 0 0 0 0 0 0 1 0 0 0 0 0 0 0 0 0 0 0 0
 0 0 0 0]
2025-12-21 21:11:29,789 - [DEBUG] - y_rrl: (1447, 2) [[ 3.6264074  -3.249091  ]
 [ 0.57647324 -0.20684993]
 [ 3.2387621  -2.8556354 ]
 [ 3.6554842  -3.2691684 ]
 [ 3.6264074  -3.249091  ]
 [-0.18429354  0.56632566]
 [ 4.0431294  -3.662624  ]
 [ 3.6554842  -3.2691684 ]
 [ 4.0431294  -3.662624  ]
 [ 2.4251633  -2.0489533 ]
 [ 0.13726231  0.23841435]
 [ 2.5064957  -2.125266  ]
 [ 3.5099168  -3.1310823 ]
 [ 3.6264074  -3.249091  ]
 [ 4.0431294  -3.662624  ]
 [ 3.6264074  -3.249091  ]
 [ 3.2387621  -2.8556354 ]
 [ 1.2761753  -0.90505075]
 [ 1.9232844  -1.5450737 ]
 [ 3.0397084  -2.6568074 ]
 [ 4.0431294  -3.662624  ]
 [ 3.6264074  -3.249091  ]
 [ 3.6264074  -3.249091  ]
 [ 3.6264074  -3.249091  ]
 [-1.1158518   1.4985856 ]
 [ 1.2761753  -0.90505075]
 [ 2.5064957  -2.125266  ]
 [ 4.0431294  -3.662624  ]
 [ 3.0397084  -2.6568074 ]
 [ 3.6554842  -3.2691684 ]
 [ 4.0431294  -3.662624  ]
 [ 3.0397084  -2.6568074 ]
 [ 0.85945314 -0.4915177 ]
 [ 0.85945314 -0.4915177 ]
 [ 4.0431294  -3.662624  ]
 [ 3.6554842  -3.2691684 ]
 [ 3.6264074  -3.249091  ]
 [ 3.6264074  -3.249091  ]
 [ 0.3489189   0.03478412]
 [ 0.90882695 -0.5333428 ]
 [ 3.2387621  -2.8556354 ]]
2025-12-21 21:11:29,791 - [INFO] - ------------------------------------------------------------
2025-12-21 21:11:29,791 - [INFO] - On Validation Set:
	Accuracy of RRL  Model: 0.9011748445058743
	F1 Score of RRL  Model: 0.7163853423521591
2025-12-21 21:11:29,798 - [INFO] - On Validation Set:
Performance of  RRL Model: 
[[1236   50]
 [  93   68]]
              precision    recall  f1-score   support

           0       0.93      0.96      0.95      1286
           1       0.58      0.42      0.49       161

    accuracy                           0.90      1447
   macro avg       0.75      0.69      0.72      1447
weighted avg       0.89      0.90      0.89      1447

2025-12-21 21:11:29,798 - [INFO] - ------------------------------------------------------------
2025-12-21 21:11:30,177 - [INFO] - epoch: 176, loss_rrl: 107.76511033810675
2025-12-21 21:11:31,540 - [DEBUG] - y_true: (1447,) [0 0 0 0 0 1 0 0 0 0 0 0 0 0 0 0 0 1 0 0 0 0 0 0 1 0 0 0 0 0 0 0 0 0 0 0 0
 0 1 1 0]
2025-12-21 21:11:31,706 - [DEBUG] - y_rrl_: (1447,) [0 0 0 0 0 1 0 0 0 0 0 0 0 0 0 0 0 0 0 0 0 0 0 0 1 0 0 0 0 0 0 0 0 0 0 0 0
 0 1 0 0]
2025-12-21 21:11:31,707 - [DEBUG] - y_rrl: (1447, 2) [[ 2.9457357  -2.5777209 ]
 [ 0.95732754 -0.5862349 ]
 [ 2.811899   -2.4182773 ]
 [ 2.811899   -2.4182773 ]
 [ 2.9457357  -2.5777209 ]
 [-0.28483695  0.66657484]
 [ 4.162143   -3.784142  ]
 [ 3.9295986  -3.5494123 ]
 [ 4.162143   -3.784142  ]
 [ 2.3127706  -1.9457315 ]
 [ 1.065407   -0.69929016]
 [ 3.5373342  -3.1627216 ]
 [ 2.9457357  -2.5777209 ]
 [ 3.9295986  -3.5494123 ]
 [ 2.9457357  -2.5777209 ]
 [ 4.162143   -3.784142  ]
 [ 4.162143   -3.784142  ]
 [ 1.1515445  -0.789549  ]
 [ 1.350056   -0.98473036]
 [ 1.6956531  -1.3230754 ]
 [ 2.7131908  -2.342991  ]
 [ 4.162143   -3.784142  ]
 [ 2.9457357  -2.5777209 ]
 [ 2.7131908  -2.342991  ]
 [-0.28483695  0.66657484]
 [ 0.9913608  -0.6257833 ]
 [ 3.1446059  -2.7642264 ]
 [ 2.7131908  -2.342991  ]
 [ 3.1446059  -2.7642264 ]
 [ 2.553007   -2.1792254 ]
 [ 3.9295986  -3.5494123 ]
 [ 1.1592362  -0.78831315]
 [ 0.6726787  -0.3007947 ]
 [ 0.75881606 -0.39105353]
 [ 2.9457357  -2.5777209 ]
 [ 3.9295986  -3.5494123 ]
 [ 4.162143   -3.784142  ]
 [ 2.7131908  -2.342991  ]
 [ 0.10789144  0.26807943]
 [ 0.73270047 -0.35334072]
 [ 3.9295986  -3.5494123 ]]
2025-12-21 21:11:31,709 - [INFO] - ------------------------------------------------------------
2025-12-21 21:11:31,709 - [INFO] - On Validation Set:
	Accuracy of RRL  Model: 0.8963372494816862
	F1 Score of RRL  Model: 0.6873919806429312
2025-12-21 21:11:31,715 - [INFO] - On Validation Set:
Performance of  RRL Model: 
[[1240   46]
 [ 104   57]]
              precision    recall  f1-score   support

           0       0.92      0.96      0.94      1286
           1       0.55      0.35      0.43       161

    accuracy                           0.90      1447
   macro avg       0.74      0.66      0.69      1447
weighted avg       0.88      0.90      0.89      1447

2025-12-21 21:11:31,715 - [INFO] - ------------------------------------------------------------
2025-12-21 21:11:31,848 - [INFO] - epoch: 177, loss_rrl: 108.37468175031245
2025-12-21 21:11:33,296 - [INFO] - epoch: 178, loss_rrl: 106.71806643344462
2025-12-21 21:11:33,417 - [DEBUG] - y_true: (1447,) [0 0 0 0 0 1 0 0 0 0 0 0 0 0 0 0 0 1 0 0 0 0 0 0 1 0 0 0 0 0 0 0 0 0 0 0 0
 0 1 1 0]
2025-12-21 21:11:33,583 - [DEBUG] - y_rrl_: (1447,) [0 1 0 0 0 0 0 0 0 0 0 0 0 0 0 0 0 0 0 0 0 0 0 0 1 0 0 0 0 0 0 0 0 0 0 0 0
 0 0 0 0]
2025-12-21 21:11:33,584 - [DEBUG] - y_rrl: (1447, 2) [[ 3.9279516  -3.5524347 ]
 [ 0.09637308  0.2747851 ]
 [ 2.6942577  -2.308397  ]
 [ 3.0828028  -2.702666  ]
 [ 3.6016958  -3.2199209 ]
 [ 0.21320027  0.16552979]
 [ 3.9279516  -3.5524347 ]
 [ 2.6942577  -2.308397  ]
 [ 3.9279516  -3.5524347 ]
 [ 1.7980537  -1.4283222 ]
 [ 0.8348219  -0.46219558]
 [ 2.3835373  -2.007298  ]
 [ 3.6016958  -3.2199209 ]
 [ 3.9279516  -3.5524347 ]
 [ 3.9279516  -3.5524347 ]
 [ 3.9279516  -3.5524347 ]
 [ 3.0205135  -2.6409109 ]
 [ 1.1610776  -0.79470944]
 [ 1.8377256  -1.455058  ]
 [ 2.96472    -2.5863078 ]
 [ 3.9279516  -3.5524347 ]
 [ 3.9279516  -3.5524347 ]
 [ 3.6016958  -3.2199209 ]
 [ 3.9279516  -3.5524347 ]
 [-0.53154796  0.91080654]
 [ 1.3537151  -0.9794498 ]
 [ 2.3835373  -2.007298  ]
 [ 3.6016958  -3.2199209 ]
 [ 2.5761747  -2.1920385 ]
 [ 3.9279516  -3.5524347 ]
 [ 3.9279516  -3.5524347 ]
 [ 2.96472    -2.5863078 ]
 [ 0.8348219  -0.46219558]
 [ 1.1610776  -0.79470944]
 [ 3.9279516  -3.5524347 ]
 [ 3.0828028  -2.702666  ]
 [ 3.6016958  -3.2199209 ]
 [ 3.6016958  -3.2199209 ]
 [ 0.85017616 -0.46808308]
 [ 0.49397326 -0.11707526]
 [ 2.6942577  -2.308397  ]]
2025-12-21 21:11:33,586 - [INFO] - ------------------------------------------------------------
2025-12-21 21:11:33,586 - [INFO] - On Validation Set:
	Accuracy of RRL  Model: 0.8963372494816862
	F1 Score of RRL  Model: 0.6643210640272192
2025-12-21 21:11:33,592 - [INFO] - On Validation Set:
Performance of  RRL Model: 
[[1250   36]
 [ 114   47]]
              precision    recall  f1-score   support

           0       0.92      0.97      0.94      1286
           1       0.57      0.29      0.39       161

    accuracy                           0.90      1447
   macro avg       0.74      0.63      0.66      1447
weighted avg       0.88      0.90      0.88      1447

2025-12-21 21:11:33,592 - [INFO] - ------------------------------------------------------------
2025-12-21 21:11:34,941 - [INFO] - epoch: 179, loss_rrl: 107.98273495398462
2025-12-21 21:11:35,307 - [DEBUG] - y_true: (1447,) [0 0 0 0 0 1 0 0 0 0 0 0 0 0 0 0 0 1 0 0 0 0 0 0 1 0 0 0 0 0 0 0 0 0 0 0 0
 0 1 1 0]
2025-12-21 21:11:35,475 - [DEBUG] - y_rrl_: (1447,) [0 0 0 0 0 1 0 0 0 0 0 0 0 0 0 0 0 0 0 0 0 0 0 0 1 0 0 0 0 0 0 0 0 0 0 0 0
 0 1 0 0]
2025-12-21 21:11:35,475 - [DEBUG] - y_rrl: (1447, 2) [[ 3.5193734  -3.1494393 ]
 [ 0.22348     0.1412229 ]
 [ 2.2109213  -1.8256304 ]
 [ 2.646281   -2.2578852 ]
 [ 3.5193734  -3.1494393 ]
 [-0.5040587   0.8808453 ]
 [ 3.9547331  -3.5816941 ]
 [ 3.3649054  -2.9840355 ]
 [ 3.9547331  -3.5816941 ]
 [ 2.145601   -1.7744865 ]
 [ 0.74046195 -0.37956148]
 [ 2.3951259  -2.0213652 ]
 [ 3.417685   -3.0462692 ]
 [ 3.3144286  -2.9423447 ]
 [ 3.9547331  -3.5816941 ]
 [ 3.5193734  -3.1494393 ]
 [ 3.1344907  -2.7588754 ]
 [ 0.97087646 -0.60472167]
 [ 1.5444733  -1.1714964 ]
 [ 2.7272294  -2.3496957 ]
 [ 3.7497883  -3.3745995 ]
 [ 3.5193734  -3.1494393 ]
 [ 3.5193734  -3.1494393 ]
 [ 3.3144286  -2.9423447 ]
 [-0.5040587   0.8808453 ]
 [ 1.1758218  -0.8118162 ]
 [ 1.1758218  -0.8118162 ]
 [ 3.7497883  -3.3745995 ]
 [ 2.9321744  -2.55679   ]
 [ 3.5698504  -3.1911302 ]
 [ 3.7497883  -3.3745995 ]
 [ 2.7272294  -2.3496957 ]
 [ 0.74046195 -0.37956148]
 [ 0.5355169  -0.17246692]
 [ 3.9547331  -3.5816941 ]
 [ 3.3649054  -2.9840355 ]
 [ 3.5193734  -3.1494393 ]
 [ 3.3144286  -2.9423447 ]
 [-0.5040587   0.8808453 ]
 [ 0.8394517  -0.4712205 ]
 [ 2.9295456  -2.5517807 ]]
2025-12-21 21:11:35,478 - [INFO] - ------------------------------------------------------------
2025-12-21 21:11:35,478 - [INFO] - On Validation Set:
	Accuracy of RRL  Model: 0.8977194194885971
	F1 Score of RRL  Model: 0.7295764261397502
2025-12-21 21:11:35,484 - [INFO] - On Validation Set:
Performance of  RRL Model: 
[[1220   66]
 [  82   79]]
              precision    recall  f1-score   support

           0       0.94      0.95      0.94      1286
           1       0.54      0.49      0.52       161

    accuracy                           0.90      1447
   macro avg       0.74      0.72      0.73      1447
weighted avg       0.89      0.90      0.90      1447

2025-12-21 21:11:35,484 - [INFO] - ------------------------------------------------------------
2025-12-21 21:11:36,605 - [INFO] - epoch: 180, loss_rrl: 108.94953577406704
2025-12-21 21:11:37,196 - [DEBUG] - y_true: (1447,) [0 0 0 0 0 1 0 0 0 0 0 0 0 0 0 0 0 1 0 0 0 0 0 0 1 0 0 0 0 0 0 0 0 0 0 0 0
 0 1 1 0]
2025-12-21 21:11:37,365 - [DEBUG] - y_rrl_: (1447,) [0 0 0 0 0 1 0 0 0 0 0 0 0 0 0 0 0 0 0 0 0 0 0 0 1 0 0 0 0 0 0 0 0 0 0 0 0
 0 0 0 0]
2025-12-21 21:11:37,365 - [DEBUG] - y_rrl: (1447, 2) [[ 3.7013927  -3.328693  ]
 [ 0.73388714 -0.36993518]
 [ 2.8639011  -2.488641  ]
 [ 3.7013927  -3.328693  ]
 [ 3.2563403  -2.8867183 ]
 [-0.5792758   0.9535939 ]
 [ 3.9038172  -3.5332499 ]
 [ 3.3089535  -2.9306157 ]
 [ 3.9038172  -3.5332499 ]
 [ 2.079743   -1.7110463 ]
 [ 0.8103456  -0.43580255]
 [ 3.0663257  -2.6931977 ]
 [ 3.4587648  -3.0912752 ]
 [ 3.2563403  -2.8867183 ]
 [ 3.9038172  -3.5332499 ]
 [ 3.7013927  -3.328693  ]
 [ 3.3089535  -2.9306157 ]
 [ 1.5417135  -1.1746255 ]
 [ 2.3555372  -1.9875817 ]
 [ 3.0853329  -2.7159426 ]
 [ 3.7013927  -3.328693  ]
 [ 3.2563403  -2.8867183 ]
 [ 3.2563403  -2.8867183 ]
 [ 3.7013927  -3.328693  ]
 [-0.5792758   0.9535939 ]
 [ 0.683026   -0.32445702]
 [ 2.2821674  -1.9156029 ]
 [ 3.7013927  -3.328693  ]
 [ 3.0663257  -2.6931977 ]
 [ 3.9038172  -3.5332499 ]
 [ 3.7013927  -3.328693  ]
 [ 2.6402805  -2.273968  ]
 [ 1.5417135  -1.1746255 ]
 [ 1.096661   -0.73265076]
 [ 3.4587648  -3.0912752 ]
 [ 3.7013927  -3.328693  ]
 [ 3.2563403  -2.8867183 ]
 [ 3.7013927  -3.328693  ]
 [ 0.57481307 -0.19557723]
 [ 0.7577321  -0.3919053 ]
 [ 3.3089535  -2.9306157 ]]
2025-12-21 21:11:37,367 - [INFO] - ------------------------------------------------------------
2025-12-21 21:11:37,367 - [INFO] - On Validation Set:
	Accuracy of RRL  Model: 0.8984105044920525
	F1 Score of RRL  Model: 0.6987657992565055
2025-12-21 21:11:37,374 - [INFO] - On Validation Set:
Performance of  RRL Model: 
[[1239   47]
 [ 100   61]]
              precision    recall  f1-score   support

           0       0.93      0.96      0.94      1286
           1       0.56      0.38      0.45       161

    accuracy                           0.90      1447
   macro avg       0.75      0.67      0.70      1447
weighted avg       0.89      0.90      0.89      1447

2025-12-21 21:11:37,374 - [INFO] - ------------------------------------------------------------
2025-12-21 21:11:38,260 - [INFO] - epoch: 181, loss_rrl: 109.83891726285219
2025-12-21 21:11:39,090 - [DEBUG] - y_true: (1447,) [0 0 0 0 0 1 0 0 0 0 0 0 0 0 0 0 0 1 0 0 0 0 0 0 1 0 0 0 0 0 0 0 0 0 0 0 0
 0 1 1 0]
2025-12-21 21:11:39,258 - [DEBUG] - y_rrl_: (1447,) [0 1 0 0 0 1 0 0 0 0 0 0 0 0 0 0 0 0 0 0 0 0 0 0 1 0 0 0 0 0 0 0 0 0 0 0 0
 0 1 0 0]
2025-12-21 21:11:39,258 - [DEBUG] - y_rrl: (1447, 2) [[ 4.2222705  -3.8541567 ]
 [-0.16466182  0.5320471 ]
 [ 2.3771896  -1.9955741 ]
 [ 2.3771896  -1.9955741 ]
 [ 4.2222705  -3.8541567 ]
 [-0.27317163  0.6450402 ]
 [ 4.2222705  -3.8541567 ]
 [ 2.3771896  -1.9955741 ]
 [ 4.2222705  -3.8541567 ]
 [ 1.1249537  -0.752866  ]
 [ 1.4549475  -1.0956415 ]
 [ 2.7071836  -2.3383498 ]
 [ 4.2222705  -3.8541567 ]
 [ 4.0230913  -3.6528635 ]
 [ 4.2222705  -3.8541567 ]
 [ 4.2222705  -3.8541567 ]
 [ 3.3082051  -2.936088  ]
 [ 1.2557682  -0.89434814]
 [ 2.353799   -1.9826769 ]
 [ 2.310557   -1.9306315 ]
 [ 4.0230913  -3.6528635 ]
 [ 4.2222705  -3.8541567 ]
 [ 4.2222705  -3.8541567 ]
 [ 4.0230913  -3.6528635 ]
 [-0.96176565  1.3322152 ]
 [ 1.4549475  -1.0956415 ]
 [ 2.0559692  -1.6933798 ]
 [ 3.2912555  -2.9136431 ]
 [ 3.2415724  -2.8711455 ]
 [ 3.842594   -3.4688838 ]
 [ 4.0230913  -3.6528635 ]
 [ 3.042393   -2.669852  ]
 [ 1.4549475  -1.0956415 ]
 [ 0.52393204 -0.15512772]
 [ 4.2222705  -3.8541567 ]
 [ 2.3771896  -1.9955741 ]
 [ 4.2222705  -3.8541567 ]
 [ 3.2912555  -2.9136431 ]
 [-0.27317163  0.6450402 ]
 [ 1.5710789  -1.2060453 ]
 [ 2.3771896  -1.9955741 ]]
2025-12-21 21:11:39,260 - [INFO] - ------------------------------------------------------------
2025-12-21 21:11:39,261 - [INFO] - On Validation Set:
	Accuracy of RRL  Model: 0.9039391845196959
	F1 Score of RRL  Model: 0.7207358811482523
2025-12-21 21:11:39,267 - [INFO] - On Validation Set:
Performance of  RRL Model: 
[[1240   46]
 [  93   68]]
              precision    recall  f1-score   support

           0       0.93      0.96      0.95      1286
           1       0.60      0.42      0.49       161

    accuracy                           0.90      1447
   macro avg       0.76      0.69      0.72      1447
weighted avg       0.89      0.90      0.90      1447

2025-12-21 21:11:39,267 - [INFO] - ------------------------------------------------------------
2025-12-21 21:11:39,907 - [INFO] - epoch: 182, loss_rrl: 108.63211746886373
2025-12-21 21:11:40,968 - [DEBUG] - y_true: (1447,) [0 0 0 0 0 1 0 0 0 0 0 0 0 0 0 0 0 1 0 0 0 0 0 0 1 0 0 0 0 0 0 0 0 0 0 0 0
 0 1 1 0]
2025-12-21 21:11:41,135 - [DEBUG] - y_rrl_: (1447,) [0 0 0 0 0 1 0 0 0 0 0 0 0 0 0 0 0 0 0 0 0 0 0 0 1 0 0 0 0 0 0 0 0 0 0 0 0
 0 1 0 0]
2025-12-21 21:11:41,136 - [DEBUG] - y_rrl: (1447, 2) [[ 3.8239236  -3.4561489 ]
 [ 0.3311481   0.02652372]
 [ 3.4329214  -3.059593  ]
 [ 3.4329214  -3.059593  ]
 [ 3.8239236  -3.4561489 ]
 [-0.45297492  0.8224081 ]
 [ 4.0320253  -3.6663473 ]
 [ 3.4329214  -3.059593  ]
 [ 4.0320253  -3.6663473 ]
 [ 2.1964831  -1.8325722 ]
 [ 1.0317644  -0.67268956]
 [ 2.476305   -2.1099088 ]
 [ 3.4845505  -3.120451  ]
 [ 3.8239236  -3.4561489 ]
 [ 4.0320253  -3.6663473 ]
 [ 3.8239236  -3.4561489 ]
 [ 3.4329214  -3.059593  ]
 [ 1.0317644  -0.67268956]
 [ 2.506064   -2.1429496 ]
 [ 2.8156781  -2.445607  ]
 [ 3.8239236  -3.4561489 ]
 [ 3.8239236  -3.4561489 ]
 [ 3.8239236  -3.4561489 ]
 [ 3.8239236  -3.4561489 ]
 [-0.45297492  0.8224081 ]
 [ 1.2398664  -0.88288784]
 [ 2.476305   -2.1099088 ]
 [ 3.8239236  -3.4561489 ]
 [ 3.0237803  -2.6558053 ]
 [ 3.6410236  -3.2697914 ]
 [ 3.8239236  -3.4561489 ]
 [ 2.8156781  -2.445607  ]
 [ 1.0317644  -0.67268956]
 [ 1.0317644  -0.67268956]
 [ 4.0320253  -3.6663473 ]
 [ 3.4329214  -3.059593  ]
 [ 3.8239236  -3.4561489 ]
 [ 3.8239236  -3.4561489 ]
 [ 0.09450009  0.27651158]
 [ 0.8827786  -0.52170914]
 [ 3.4329214  -3.059593  ]]
2025-12-21 21:11:41,138 - [INFO] - ------------------------------------------------------------
2025-12-21 21:11:41,138 - [INFO] - On Validation Set:
	Accuracy of RRL  Model: 0.9087767795438839
	F1 Score of RRL  Model: 0.7304031165311653
2025-12-21 21:11:41,144 - [INFO] - On Validation Set:
Performance of  RRL Model: 
[[1246   40]
 [  92   69]]
              precision    recall  f1-score   support

           0       0.93      0.97      0.95      1286
           1       0.63      0.43      0.51       161

    accuracy                           0.91      1447
   macro avg       0.78      0.70      0.73      1447
weighted avg       0.90      0.91      0.90      1447

2025-12-21 21:11:41,144 - [INFO] - ------------------------------------------------------------
2025-12-21 21:11:41,546 - [INFO] - epoch: 183, loss_rrl: 108.10483339242637
2025-12-21 21:11:42,842 - [DEBUG] - y_true: (1447,) [0 0 0 0 0 1 0 0 0 0 0 0 0 0 0 0 0 1 0 0 0 0 0 0 1 0 0 0 0 0 0 0 0 0 0 0 0
 0 1 1 0]
2025-12-21 21:11:43,010 - [DEBUG] - y_rrl_: (1447,) [0 0 0 0 0 1 0 0 0 0 0 0 0 0 0 0 0 0 0 0 0 0 0 0 1 0 0 0 0 0 0 0 0 0 0 0 0
 0 0 0 0]
2025-12-21 21:11:43,010 - [DEBUG] - y_rrl: (1447, 2) [[ 3.9884717  -3.6252003 ]
 [ 0.31525642  0.04062486]
 [ 1.9522905  -1.5711604 ]
 [ 2.4078608  -2.0237327 ]
 [ 3.2138228  -2.847529  ]
 [-0.45754388  0.8245709 ]
 [ 3.9884717  -3.6252003 ]
 [ 3.4646983  -3.0933282 ]
 [ 3.9884717  -3.6252003 ]
 [ 2.077417   -1.7243738 ]
 [ 1.7531877  -1.4037864 ]
 [ 3.0039783  -2.645268  ]
 [ 2.6848993  -2.3201687 ]
 [ 2.9583888  -2.5905247 ]
 [ 3.9884717  -3.6252003 ]
 [ 3.9884717  -3.6252003 ]
 [ 3.9884717  -3.6252003 ]
 [ 1.5484934  -1.1970137 ]
 [ 2.0949702  -1.728217  ]
 [ 2.4647593  -2.091108  ]
 [ 3.783777   -3.4184275 ]
 [ 3.163083   -2.7972972 ]
 [ 3.2138228  -2.847529  ]
 [ 3.783777   -3.4184275 ]
 [-0.0877253   0.4492405 ]
 [ 0.80398804 -0.45179737]
 [ 3.0897295  -2.7225096 ]
 [ 3.4646983  -3.0933282 ]
 [ 2.8440042  -2.472198  ]
 [ 3.9884717  -3.6252003 ]
 [ 3.783777   -3.4184275 ]
 [ 2.009189   -1.6385359 ]
 [ 1.3833692  -1.0284556 ]
 [ 1.1786749  -0.8216829 ]
 [ 3.5329018  -3.1726282 ]
 [ 3.4646983  -3.0933282 ]
 [ 3.2138228  -2.847529  ]
 [ 3.4646983  -3.0933282 ]
 [ 1.0713189  -0.7050094 ]
 [ 0.86147434 -0.5027485 ]
 [ 3.4646983  -3.0933282 ]]
2025-12-21 21:11:43,012 - [INFO] - ------------------------------------------------------------
2025-12-21 21:11:43,012 - [INFO] - On Validation Set:
	Accuracy of RRL  Model: 0.9004837595024188
	F1 Score of RRL  Model: 0.6998963014172139
2025-12-21 21:11:43,019 - [INFO] - On Validation Set:
Performance of  RRL Model: 
[[1243   43]
 [ 101   60]]
              precision    recall  f1-score   support

           0       0.92      0.97      0.95      1286
           1       0.58      0.37      0.45       161

    accuracy                           0.90      1447
   macro avg       0.75      0.67      0.70      1447
weighted avg       0.89      0.90      0.89      1447

2025-12-21 21:11:43,019 - [INFO] - ------------------------------------------------------------
2025-12-21 21:11:43,186 - [INFO] - epoch: 184, loss_rrl: 109.89597874507308
2025-12-21 21:11:44,632 - [INFO] - epoch: 185, loss_rrl: 109.89987775310874
2025-12-21 21:11:44,717 - [DEBUG] - y_true: (1447,) [0 0 0 0 0 1 0 0 0 0 0 0 0 0 0 0 0 1 0 0 0 0 0 0 1 0 0 0 0 0 0 0 0 0 0 0 0
 0 1 1 0]
2025-12-21 21:11:44,885 - [DEBUG] - y_rrl_: (1447,) [0 1 0 0 0 0 0 0 0 0 0 0 0 0 0 0 0 0 0 0 0 0 0 0 1 0 0 0 0 0 0 0 0 0 0 0 0
 0 0 0 0]
2025-12-21 21:11:44,885 - [DEBUG] - y_rrl: (1447, 2) [[ 4.0783911e+00 -3.7174964e+00]
 [-2.1104649e-01  5.6508636e-01]
 [ 3.3968358e+00 -3.0244954e+00]
 [ 3.3968358e+00 -3.0244954e+00]
 [ 3.7656193e+00 -3.3987505e+00]
 [ 3.6209258e-01  2.0474531e-03]
 [ 4.0783911e+00 -3.7174964e+00]
 [ 3.3968358e+00 -3.0244954e+00]
 [ 4.0783911e+00 -3.7174964e+00]
 [ 2.4721413e+00 -2.1149755e+00]
 [ 1.3037903e+00 -9.5138055e-01]
 [ 3.1735027e+00 -2.8086865e+00]
 [ 3.3968358e+00 -3.0244954e+00]
 [ 3.7096081e+00 -3.3432412e+00]
 [ 3.7096081e+00 -3.3432412e+00]
 [ 3.7096081e+00 -3.3432412e+00]
 [ 3.7096081e+00 -3.3432412e+00]
 [ 1.3037903e+00 -9.5138055e-01]
 [ 2.0219710e+00 -1.6542076e+00]
 [ 2.7645907e+00 -2.3954561e+00]
 [ 4.0783911e+00 -3.7174964e+00]
 [ 3.7096081e+00 -3.3432412e+00]
 [ 3.7656193e+00 -3.3987505e+00]
 [ 3.7096081e+00 -3.3432412e+00]
 [-1.1350245e+00  1.4983042e+00]
 [ 1.0676786e+00 -7.1071714e-01]
 [ 1.9360356e+00 -1.5804204e+00]
 [ 3.3968358e+00 -3.0244954e+00]
 [ 2.7645907e+00 -2.3954561e+00]
 [ 3.7096081e+00 -3.3432412e+00]
 [ 4.0783911e+00 -3.7174964e+00]
 [ 2.7645907e+00 -2.3954561e+00]
 [ 1.3037903e+00 -9.5138055e-01]
 [ 1.3037903e+00 -9.5138055e-01]
 [ 4.0783911e+00 -3.7174964e+00]
 [ 3.3968358e+00 -3.0244954e+00]
 [ 3.7656193e+00 -3.3987505e+00]
 [ 3.3968358e+00 -3.0244954e+00]
 [ 3.6209258e-01  2.0474531e-03]
 [ 5.5261272e-01 -1.9072995e-01]
 [ 3.3968358e+00 -3.0244954e+00]]
2025-12-21 21:11:44,887 - [INFO] - ------------------------------------------------------------
2025-12-21 21:11:44,887 - [INFO] - On Validation Set:
	Accuracy of RRL  Model: 0.8956461644782309
	F1 Score of RRL  Model: 0.6582636426624209
2025-12-21 21:11:44,894 - [INFO] - On Validation Set:
Performance of  RRL Model: 
[[1251   35]
 [ 116   45]]
              precision    recall  f1-score   support

           0       0.92      0.97      0.94      1286
           1       0.56      0.28      0.37       161

    accuracy                           0.90      1447
   macro avg       0.74      0.63      0.66      1447
weighted avg       0.88      0.90      0.88      1447

2025-12-21 21:11:44,894 - [INFO] - ------------------------------------------------------------
2025-12-21 21:11:46,271 - [INFO] - epoch: 186, loss_rrl: 108.68505735509098
2025-12-21 21:11:46,591 - [DEBUG] - y_true: (1447,) [0 0 0 0 0 1 0 0 0 0 0 0 0 0 0 0 0 1 0 0 0 0 0 0 1 0 0 0 0 0 0 0 0 0 0 0 0
 0 1 1 0]
2025-12-21 21:11:46,759 - [DEBUG] - y_rrl_: (1447,) [0 0 0 0 0 1 0 0 0 0 0 0 0 0 0 0 0 0 0 0 0 0 0 0 1 0 0 0 0 0 0 0 0 0 0 0 0
 0 1 0 0]
2025-12-21 21:11:46,760 - [DEBUG] - y_rrl: (1447, 2) [[ 4.020751   -3.6622188 ]
 [ 0.26284027  0.08799965]
 [ 2.9773355  -2.6142757 ]
 [ 3.4204307  -3.0544245 ]
 [ 3.5776558  -3.22207   ]
 [-0.4463966   0.8086851 ]
 [ 4.020751   -3.6622188 ]
 [ 3.4204307  -3.0544245 ]
 [ 4.020751   -3.6622188 ]
 [ 2.1972268  -1.8403134 ]
 [ 1.2474722  -0.897319  ]
 [ 2.0275812  -1.6712812 ]
 [ 3.0463564  -2.6923068 ]
 [ 3.352666   -2.9950366 ]
 [ 4.020751   -3.6622188 ]
 [ 4.020751   -3.6622188 ]
 [ 3.6454203  -3.281458  ]
 [ 1.0224825  -0.67028576]
 [ 2.3926735  -2.0366359 ]
 [ 2.7769854  -2.41416   ]
 [ 3.795761   -3.4351854 ]
 [ 3.5776558  -3.22207   ]
 [ 3.5776558  -3.22207   ]
 [ 3.795761   -3.4351854 ]
 [-1.2060387   1.5669705 ]
 [ 0.80437696 -0.45716998]
 [ 1.8909175  -1.5375835 ]
 [ 3.795761   -3.4351854 ]
 [ 2.5588796  -2.2010443 ]
 [ 3.6454203  -3.281458  ]
 [ 3.795761   -3.4351854 ]
 [ 2.3338902  -1.9740113 ]
 [ 1.2474722  -0.897319  ]
 [ 0.5793873  -0.23013678]
 [ 3.5776558  -3.22207   ]
 [ 3.4204307  -3.0544245 ]
 [ 3.5776558  -3.22207   ]
 [ 3.795761   -3.4351854 ]
 [-0.4463966   0.8086851 ]
 [ 0.89219975 -0.5380877 ]
 [ 3.4204307  -3.0544245 ]]
2025-12-21 21:11:46,762 - [INFO] - ------------------------------------------------------------
2025-12-21 21:11:46,762 - [INFO] - On Validation Set:
	Accuracy of RRL  Model: 0.902557014512785
	F1 Score of RRL  Model: 0.7238822432410852
2025-12-21 21:11:46,769 - [INFO] - On Validation Set:
Performance of  RRL Model: 
[[1235   51]
 [  90   71]]
              precision    recall  f1-score   support

           0       0.93      0.96      0.95      1286
           1       0.58      0.44      0.50       161

    accuracy                           0.90      1447
   macro avg       0.76      0.70      0.72      1447
weighted avg       0.89      0.90      0.90      1447

2025-12-21 21:11:46,769 - [INFO] - ------------------------------------------------------------
2025-12-21 21:11:47,913 - [INFO] - epoch: 187, loss_rrl: 109.12245738878846
2025-12-21 21:11:48,472 - [DEBUG] - y_true: (1447,) [0 0 0 0 0 1 0 0 0 0 0 0 0 0 0 0 0 1 0 0 0 0 0 0 1 0 0 0 0 0 0 0 0 0 0 0 0
 0 1 1 0]
2025-12-21 21:11:48,639 - [DEBUG] - y_rrl_: (1447,) [0 0 0 0 0 1 0 0 0 0 0 0 0 0 0 0 0 0 0 0 0 0 0 0 1 0 0 0 0 0 0 0 0 0 0 0 0
 0 0 0 0]
2025-12-21 21:11:48,639 - [DEBUG] - y_rrl: (1447, 2) [[ 3.8313951  -3.4731765 ]
 [ 1.4368838  -1.0923312 ]
 [ 3.4487667  -3.0851586 ]
 [ 3.8313951  -3.4731765 ]
 [ 3.8313951  -3.4731765 ]
 [-0.44660932  0.80655736]
 [ 4.045208   -3.6890166 ]
 [ 3.4487667  -3.0851586 ]
 [ 4.045208   -3.6890166 ]
 [ 2.211415   -1.8567936 ]
 [ 0.9619384  -0.6017928 ]
 [ 3.5136533  -3.158983  ]
 [ 3.5136533  -3.158983  ]
 [ 3.8313951  -3.4731765 ]
 [ 4.045208   -3.6890166 ]
 [ 3.8313951  -3.4731765 ]
 [ 3.4487667  -3.0851586 ]
 [ 1.67986    -1.32676   ]
 [ 2.0901155  -1.7310078 ]
 [ 3.2057905  -2.8507297 ]
 [ 3.8313951  -3.4731765 ]
 [ 3.8313951  -3.4731765 ]
 [ 3.8313951  -3.4731765 ]
 [ 3.8313951  -3.4731765 ]
 [-0.06398124  0.41853926]
 [ 1.6506972  -1.308171  ]
 [ 3.1310248  -2.770965  ]
 [ 3.8313951  -3.4731765 ]
 [ 3.6625805  -3.3009987 ]
 [ 4.045208   -3.6890166 ]
 [ 3.8313951  -3.4731765 ]
 [ 3.2057905  -2.8507297 ]
 [ 1.67986    -1.32676   ]
 [ 1.67986    -1.32676   ]
 [ 4.045208   -3.6890166 ]
 [ 3.8313951  -3.4731765 ]
 [ 3.8313951  -3.4731765 ]
 [ 3.8313951  -3.4731765 ]
 [ 0.7105502  -0.34592324]
 [ 0.89040613 -0.5385715 ]
 [ 3.4487667  -3.0851586 ]]
2025-12-21 21:11:48,641 - [INFO] - ------------------------------------------------------------
2025-12-21 21:11:48,641 - [INFO] - On Validation Set:
	Accuracy of RRL  Model: 0.9046302695231514
	F1 Score of RRL  Model: 0.6956970960427181
2025-12-21 21:11:48,648 - [INFO] - On Validation Set:
Performance of  RRL Model: 
[[1254   32]
 [ 106   55]]
              precision    recall  f1-score   support

           0       0.92      0.98      0.95      1286
           1       0.63      0.34      0.44       161

    accuracy                           0.90      1447
   macro avg       0.78      0.66      0.70      1447
weighted avg       0.89      0.90      0.89      1447

2025-12-21 21:11:48,648 - [INFO] - ------------------------------------------------------------
2025-12-21 21:11:49,555 - [INFO] - epoch: 188, loss_rrl: 110.93444246798754
2025-12-21 21:11:50,407 - [DEBUG] - y_true: (1447,) [0 0 0 0 0 1 0 0 0 0 0 0 0 0 0 0 0 1 0 0 0 0 0 0 1 0 0 0 0 0 0 0 0 0 0 0 0
 0 1 1 0]
2025-12-21 21:11:50,679 - [DEBUG] - y_rrl_: (1447,) [0 1 0 0 0 1 0 0 0 0 0 0 0 0 0 0 0 0 0 0 0 0 0 0 1 0 0 0 0 0 0 0 0 0 0 0 0
 0 1 0 0]
2025-12-21 21:11:50,679 - [DEBUG] - y_rrl: (1447, 2) [[ 4.2470455  -3.893191  ]
 [-0.5158813   0.87506247]
 [ 2.570273   -2.1962442 ]
 [ 2.570273   -2.1962442 ]
 [ 3.9060655  -3.5463765 ]
 [-0.26904726  0.6266613 ]
 [ 4.2470455  -3.893191  ]
 [ 2.9574528  -2.5887728 ]
 [ 4.2470455  -3.893191  ]
 [ 2.0479407  -1.6939749 ]
 [ 1.8578994  -1.5175644 ]
 [ 3.1083913  -2.759177  ]
 [ 3.384529   -3.0263479 ]
 [ 4.0240784  -3.6682146 ]
 [ 4.2470455  -3.893191  ]
 [ 4.2470455  -3.893191  ]
 [ 4.2470455  -3.893191  ]
 [ 1.6349325  -1.292588  ]
 [ 1.9817928  -1.6192063 ]
 [ 1.9531553  -1.582259  ]
 [ 4.0240784  -3.6682146 ]
 [ 4.2470455  -3.893191  ]
 [ 3.9060655  -3.5463765 ]
 [ 4.0240784  -3.6682146 ]
 [-0.96605563  1.3223411 ]
 [ 1.1297398  -0.77822125]
 [ 3.3383288  -2.9806337 ]
 [ 2.9574528  -2.5887728 ]
 [ 2.9017682  -2.5398629 ]
 [ 3.8598657  -3.5006626 ]
 [ 4.0240784  -3.6682146 ]
 [ 2.678801   -2.3148863 ]
 [ 1.4707196  -1.125036  ]
 [ 0.52210695 -0.16743214]
 [ 4.2470455  -3.893191  ]
 [ 2.9574528  -2.5887728 ]
 [ 3.9060655  -3.5463765 ]
 [ 2.9574528  -2.5887728 ]
 [ 0.11813257  0.23413265]
 [ 1.0762299  -0.72666717]
 [ 2.9574528  -2.5887728 ]]
2025-12-21 21:11:50,681 - [INFO] - ------------------------------------------------------------
2025-12-21 21:11:50,681 - [INFO] - On Validation Set:
	Accuracy of RRL  Model: 0.9046302695231514
	F1 Score of RRL  Model: 0.7271751011039458
2025-12-21 21:11:50,688 - [INFO] - On Validation Set:
Performance of  RRL Model: 
[[1238   48]
 [  90   71]]
              precision    recall  f1-score   support

           0       0.93      0.96      0.95      1286
           1       0.60      0.44      0.51       161

    accuracy                           0.90      1447
   macro avg       0.76      0.70      0.73      1447
weighted avg       0.89      0.90      0.90      1447

2025-12-21 21:11:50,688 - [INFO] - ------------------------------------------------------------
2025-12-21 21:11:51,330 - [INFO] - epoch: 189, loss_rrl: 107.55344392172992
2025-12-21 21:11:52,260 - [DEBUG] - y_true: (1447,) [0 0 0 0 0 1 0 0 0 0 0 0 0 0 0 0 0 1 0 0 0 0 0 0 1 0 0 0 0 0 0 0 0 0 0 0 0
 0 1 1 0]
2025-12-21 21:11:52,415 - [DEBUG] - y_rrl_: (1447,) [0 0 0 0 0 1 0 0 0 0 0 0 0 0 0 0 0 0 0 0 0 0 0 0 1 0 0 0 0 0 0 0 0 0 0 0 0
 0 1 0 0]
2025-12-21 21:11:52,416 - [DEBUG] - y_rrl: (1447, 2) [[ 3.9769993  -3.6254776 ]
 [ 0.6763747  -0.33755028]
 [ 2.6599097  -2.2941701 ]
 [ 2.6599097  -2.2941701 ]
 [ 3.9769993  -3.6254776 ]
 [-0.4827303   0.83801305]
 [ 3.9769993  -3.6254776 ]
 [ 3.367261   -3.0084388 ]
 [ 3.9769993  -3.6254776 ]
 [ 2.1293273  -1.7792804 ]
 [ 0.8978195  -0.5485765 ]
 [ 2.8465047  -2.4995837 ]
 [ 3.4617214  -3.111692  ]
 [ 3.7525325  -3.3990178 ]
 [ 3.9769993  -3.6254776 ]
 [ 3.9769993  -3.6254776 ]
 [ 3.5917282  -3.2348983 ]
 [ 0.99883264 -0.6533861 ]
 [ 2.429586   -2.0804944 ]
 [ 2.7520442  -2.3963306 ]
 [ 3.7525325  -3.3990178 ]
 [ 3.9769993  -3.6254776 ]
 [ 3.9769993  -3.6254776 ]
 [ 3.7525325  -3.3990178 ]
 [-0.097459    0.4474337 ]
 [ 1.6085708  -1.2704252 ]
 [ 2.4612331  -2.1090043 ]
 [ 3.7525325  -3.3990178 ]
 [ 2.976511   -2.62279   ]
 [ 3.9769993  -3.6254776 ]
 [ 3.7525325  -3.3990178 ]
 [ 2.7520442  -2.3963306 ]
 [ 0.8978195  -0.5485765 ]
 [ 0.99883264 -0.6533861 ]
 [ 3.9769993  -3.6254776 ]
 [ 3.7525325  -3.3990178 ]
 [ 3.9769993  -3.6254776 ]
 [ 3.7525325  -3.3990178 ]
 [ 0.03254769  0.3242272 ]
 [ 0.5177578  -0.16467461]
 [ 3.367261   -3.0084388 ]]
2025-12-21 21:11:52,418 - [INFO] - ------------------------------------------------------------
2025-12-21 21:11:52,418 - [INFO] - On Validation Set:
	Accuracy of RRL  Model: 0.907394609536973
	F1 Score of RRL  Model: 0.7188188821086336
2025-12-21 21:11:52,424 - [INFO] - On Validation Set:
Performance of  RRL Model: 
[[1249   37]
 [  97   64]]
              precision    recall  f1-score   support

           0       0.93      0.97      0.95      1286
           1       0.63      0.40      0.49       161

    accuracy                           0.91      1447
   macro avg       0.78      0.68      0.72      1447
weighted avg       0.90      0.91      0.90      1447

2025-12-21 21:11:52,424 - [INFO] - ------------------------------------------------------------
2025-12-21 21:11:52,817 - [INFO] - epoch: 190, loss_rrl: 109.20559874735773
2025-12-21 21:11:53,947 - [DEBUG] - y_true: (1447,) [0 0 0 0 0 1 0 0 0 0 0 0 0 0 0 0 0 1 0 0 0 0 0 0 1 0 0 0 0 0 0 0 0 0 0 0 0
 0 1 1 0]
2025-12-21 21:11:54,097 - [DEBUG] - y_rrl_: (1447,) [0 0 0 0 0 1 0 0 0 0 0 0 0 0 0 0 0 0 0 0 0 0 0 0 1 0 0 0 0 0 0 0 0 0 0 0 0
 0 0 0 0]
2025-12-21 21:11:54,097 - [DEBUG] - y_rrl: (1447, 2) [[ 4.1199923  -3.7707753 ]
 [ 0.95059943 -0.6071937 ]
 [ 2.829664   -2.4663506 ]
 [ 2.829664   -2.4663506 ]
 [ 4.1199923  -3.7707753 ]
 [-0.30489978  0.6578771 ]
 [ 4.1199923  -3.7707753 ]
 [ 3.5418842  -3.1854236 ]
 [ 4.1199923  -3.7707753 ]
 [ 1.8669337  -1.52199   ]
 [ 1.5507063  -1.2092181 ]
 [ 3.7498162  -3.3953314 ]
 [ 3.7498162  -3.3953314 ]
 [ 3.5418842  -3.1854236 ]
 [ 3.7498162  -3.3953314 ]
 [ 4.1199923  -3.7707753 ]
 [ 3.7498162  -3.3953314 ]
 [ 1.3427742  -0.9993104 ]
 [ 2.5694172  -2.2226074 ]
 [ 2.9284356  -2.5750587 ]
 [ 3.9120605  -3.5608675 ]
 [ 3.7498162  -3.3953314 ]
 [ 4.1199923  -3.7707753 ]
 [ 3.5418842  -3.1854236 ]
 [-0.30489978  0.6578771 ]
 [ 0.937258   -0.59885335]
 [ 2.5011747  -2.1553614 ]
 [ 3.5418842  -3.1854236 ]
 [ 3.7498162  -3.3953314 ]
 [ 3.7498162  -3.3953314 ]
 [ 3.9120605  -3.5608675 ]
 [ 2.9284356  -2.5750587 ]
 [ 1.5507063  -1.2092181 ]
 [ 1.3427742  -0.9993104 ]
 [ 4.1199923  -3.7707753 ]
 [ 3.5418842  -3.1854236 ]
 [ 4.1199923  -3.7707753 ]
 [ 3.5418842  -3.1854236 ]
 [ 0.83270806 -0.4751672 ]
 [ 0.63055426 -0.28023756]
 [ 3.5418842  -3.1854236 ]]
2025-12-21 21:11:54,100 - [INFO] - ------------------------------------------------------------
2025-12-21 21:11:54,100 - [INFO] - On Validation Set:
	Accuracy of RRL  Model: 0.8956461644782309
	F1 Score of RRL  Model: 0.6173787721980272
2025-12-21 21:11:54,106 - [INFO] - On Validation Set:
Performance of  RRL Model: 
[[1265   21]
 [ 130   31]]
              precision    recall  f1-score   support

           0       0.91      0.98      0.94      1286
           1       0.60      0.19      0.29       161

    accuracy                           0.90      1447
   macro avg       0.75      0.59      0.62      1447
weighted avg       0.87      0.90      0.87      1447

2025-12-21 21:11:54,106 - [INFO] - ------------------------------------------------------------
2025-12-21 21:11:54,284 - [INFO] - epoch: 191, loss_rrl: 109.43644226528704
2025-12-21 21:11:55,580 - [INFO] - epoch: 192, loss_rrl: 109.42915879189968
2025-12-21 21:11:55,628 - [DEBUG] - y_true: (1447,) [0 0 0 0 0 1 0 0 0 0 0 0 0 0 0 0 0 1 0 0 0 0 0 0 1 0 0 0 0 0 0 0 0 0 0 0 0
 0 1 1 0]
2025-12-21 21:11:55,779 - [DEBUG] - y_rrl_: (1447,) [0 1 0 0 0 0 0 0 0 0 0 0 0 0 0 0 0 0 0 0 0 0 0 0 1 0 0 0 0 0 0 0 0 0 0 0 0
 0 0 0 0]
2025-12-21 21:11:55,780 - [DEBUG] - y_rrl: (1447, 2) [[ 4.066786   -3.7198665 ]
 [-0.04320617  0.38011265]
 [ 3.4987872  -3.1446817 ]
 [ 3.4987872  -3.1446817 ]
 [ 4.066786   -3.7198665 ]
 [ 0.17655824  0.17558774]
 [ 4.066786   -3.7198665 ]
 [ 3.8736236  -3.5247457 ]
 [ 4.066786   -3.7198665 ]
 [ 2.6349251  -2.2946172 ]
 [ 1.3653935  -1.0258694 ]
 [ 3.5442607  -3.1988075 ]
 [ 3.6919491  -3.3398025 ]
 [ 3.4987872  -3.1446817 ]
 [ 3.372193   -3.0143468 ]
 [ 3.6919491  -3.3398025 ]
 [ 4.066786   -3.7198665 ]
 [ 1.4919878  -1.1562041 ]
 [ 2.1286838  -1.7789229 ]
 [ 2.8783743  -2.5273278 ]
 [ 3.8736236  -3.5247457 ]
 [ 3.6919491  -3.3398025 ]
 [ 4.066786   -3.7198665 ]
 [ 3.4987872  -3.1446817 ]
 [-1.095657    1.445052  ]
 [ 1.4221706  -1.0844723 ]
 [ 3.1694243  -2.8187432 ]
 [ 3.4987872  -3.1446817 ]
 [ 3.0715363  -2.7224486 ]
 [ 3.6919491  -3.3398025 ]
 [ 3.8736236  -3.5247457 ]
 [ 2.8783743  -2.5273278 ]
 [ 0.9905574  -0.6458053 ]
 [ 1.1171516  -0.77614015]
 [ 4.066786   -3.7198665 ]
 [ 3.8736236  -3.5247457 ]
 [ 4.066786   -3.7198665 ]
 [ 3.4987872  -3.1446817 ]
 [ 0.55139446 -0.20447622]
 [ 0.6492826  -0.30077076]
 [ 3.8736236  -3.5247457 ]]
2025-12-21 21:11:55,782 - [INFO] - ------------------------------------------------------------
2025-12-21 21:11:55,782 - [INFO] - On Validation Set:
	Accuracy of RRL  Model: 0.8963372494816862
	F1 Score of RRL  Model: 0.6786006207354056
2025-12-21 21:11:55,788 - [INFO] - On Validation Set:
Performance of  RRL Model: 
[[1244   42]
 [ 108   53]]
              precision    recall  f1-score   support

           0       0.92      0.97      0.94      1286
           1       0.56      0.33      0.41       161

    accuracy                           0.90      1447
   macro avg       0.74      0.65      0.68      1447
weighted avg       0.88      0.90      0.88      1447

2025-12-21 21:11:55,788 - [INFO] - ------------------------------------------------------------
2025-12-21 21:11:57,047 - [INFO] - epoch: 193, loss_rrl: 108.50588151067495
2025-12-21 21:11:57,306 - [DEBUG] - y_true: (1447,) [0 0 0 0 0 1 0 0 0 0 0 0 0 0 0 0 0 1 0 0 0 0 0 0 1 0 0 0 0 0 0 0 0 0 0 0 0
 0 1 1 0]
2025-12-21 21:11:57,461 - [DEBUG] - y_rrl_: (1447,) [0 0 0 0 0 1 0 0 0 0 0 0 0 0 0 0 0 0 0 0 0 0 0 0 1 0 0 0 0 0 0 0 0 0 0 0 0
 0 0 0 0]
2025-12-21 21:11:57,461 - [DEBUG] - y_rrl: (1447, 2) [[ 4.0301003  -3.6854594 ]
 [ 0.29222795  0.04531383]
 [ 3.032423   -2.6834452 ]
 [ 3.4492633  -3.0974917 ]
 [ 2.8809752  -2.532403  ]
 [-0.4194768   0.7678766 ]
 [ 4.0301003  -3.6854594 ]
 [ 3.8292553  -3.482672  ]
 [ 4.0301003  -3.6854594 ]
 [ 2.589239   -2.2511246 ]
 [ 0.8963911  -0.5579833 ]
 [ 2.4518526  -2.1144938 ]
 [ 3.0947862  -2.7543921 ]
 [ 2.6801302  -2.3296154 ]
 [ 4.0301003  -3.6854594 ]
 [ 4.0301003  -3.6854594 ]
 [ 3.2978156  -2.9464495 ]
 [ 1.4278307  -1.0942055 ]
 [ 2.4307113  -2.0884345 ]
 [ 2.80633    -2.4575934 ]
 [ 3.8292553  -3.482672  ]
 [ 3.6132603  -3.2714128 ]
 [ 3.6132603  -3.2714128 ]
 [ 3.0969703  -2.7436619 ]
 [-0.4194768   0.7678766 ]
 [ 0.8318438  -0.49776664]
 [ 1.2486838  -0.91181314]
 [ 3.8292553  -3.482672  ]
 [ 2.590335   -2.2463346 ]
 [ 3.6501086  -3.3002794 ]
 [ 3.8292553  -3.482672  ]
 [ 2.3894897  -2.043547  ]
 [ 1.2486838  -0.91181314]
 [ 0.6309987  -0.2949789 ]
 [ 3.6132603  -3.2714128 ]
 [ 3.8292553  -3.482672  ]
 [ 3.6132603  -3.2714128 ]
 [ 3.8292553  -3.482672  ]
 [ 0.47898942 -0.13432437]
 [ 0.92163926 -0.5810473 ]
 [ 3.8292553  -3.482672  ]]
2025-12-21 21:11:57,464 - [INFO] - ------------------------------------------------------------
2025-12-21 21:11:57,464 - [INFO] - On Validation Set:
	Accuracy of RRL  Model: 0.8970283344851416
	F1 Score of RRL  Model: 0.7153654321672192
2025-12-21 21:11:57,470 - [INFO] - On Validation Set:
Performance of  RRL Model: 
[[1227   59]
 [  90   71]]
              precision    recall  f1-score   support

           0       0.93      0.95      0.94      1286
           1       0.55      0.44      0.49       161

    accuracy                           0.90      1447
   macro avg       0.74      0.70      0.72      1447
weighted avg       0.89      0.90      0.89      1447

2025-12-21 21:11:57,470 - [INFO] - ------------------------------------------------------------
2025-12-21 21:11:58,573 - [INFO] - epoch: 194, loss_rrl: 109.2236494179815
2025-12-21 21:11:59,079 - [DEBUG] - y_true: (1447,) [0 0 0 0 0 1 0 0 0 0 0 0 0 0 0 0 0 1 0 0 0 0 0 0 1 0 0 0 0 0 0 0 0 0 0 0 0
 0 1 1 0]
2025-12-21 21:11:59,237 - [DEBUG] - y_rrl_: (1447,) [0 0 0 0 0 1 0 0 0 0 1 0 0 0 0 0 0 0 0 0 0 0 0 0 1 0 0 0 0 0 0 0 0 0 0 0 0
 0 0 0 0]
2025-12-21 21:11:59,238 - [DEBUG] - y_rrl: (1447, 2) [[ 4.048039   -3.7056515 ]
 [ 1.4316354  -1.101886  ]
 [ 2.9143653  -2.560166  ]
 [ 2.9143653  -2.560166  ]
 [ 4.048039   -3.7056515 ]
 [-0.24422199  0.5884439 ]
 [ 4.048039   -3.7056515 ]
 [ 3.129262   -2.7831657 ]
 [ 4.048039   -3.7056515 ]
 [ 1.883251   -1.5455223 ]
 [ 0.16507176  0.18191904]
 [ 4.048039   -3.7056515 ]
 [ 4.048039   -3.7056515 ]
 [ 4.048039   -3.7056515 ]
 [ 4.048039   -3.7056515 ]
 [ 4.048039   -3.7056515 ]
 [ 3.129262   -2.7831657 ]
 [ 1.2441554  -0.9094385 ]
 [ 2.2906387  -1.9473718 ]
 [ 3.0219357  -2.6774106 ]
 [ 4.048039   -3.7056515 ]
 [ 4.048039   -3.7056515 ]
 [ 4.048039   -3.7056515 ]
 [ 4.048039   -3.7056515 ]
 [-0.05527879  0.39627764]
 [ 1.6311631  -1.3015956 ]
 [ 3.6610312  -3.3134942 ]
 [ 4.048039   -3.7056515 ]
 [ 3.0219357  -2.6774106 ]
 [ 4.048039   -3.7056515 ]
 [ 4.048039   -3.7056515 ]
 [ 3.0219357  -2.6774106 ]
 [ 0.9117376  -0.57140934]
 [ 1.2441554  -0.9094385 ]
 [ 4.048039   -3.7056515 ]
 [ 3.5162694  -3.1753228 ]
 [ 4.048039   -3.7056515 ]
 [ 4.048039   -3.7056515 ]
 [ 0.2875475   0.05811526]
 [ 0.58381665 -0.23980635]
 [ 3.129262   -2.7831657 ]]
2025-12-21 21:11:59,240 - [INFO] - ------------------------------------------------------------
2025-12-21 21:11:59,240 - [INFO] - On Validation Set:
	Accuracy of RRL  Model: 0.9004837595024188
	F1 Score of RRL  Model: 0.6753300175760069
2025-12-21 21:11:59,246 - [INFO] - On Validation Set:
Performance of  RRL Model: 
[[1254   32]
 [ 112   49]]
              precision    recall  f1-score   support

           0       0.92      0.98      0.95      1286
           1       0.60      0.30      0.40       161

    accuracy                           0.90      1447
   macro avg       0.76      0.64      0.68      1447
weighted avg       0.88      0.90      0.89      1447

2025-12-21 21:11:59,246 - [INFO] - ------------------------------------------------------------
2025-12-21 21:12:00,181 - [INFO] - epoch: 195, loss_rrl: 108.43458606489003
2025-12-21 21:12:00,951 - [DEBUG] - y_true: (1447,) [0 0 0 0 0 1 0 0 0 0 0 0 0 0 0 0 0 1 0 0 0 0 0 0 1 0 0 0 0 0 0 0 0 0 0 0 0
 0 1 1 0]
2025-12-21 21:12:01,102 - [DEBUG] - y_rrl_: (1447,) [0 0 0 0 0 1 0 0 0 0 0 0 0 0 0 0 0 0 0 0 0 0 0 0 1 0 0 0 0 0 0 0 0 0 0 0 0
 0 1 0 0]
2025-12-21 21:12:01,103 - [DEBUG] - y_rrl: (1447, 2) [[ 4.3302464  -3.9900897 ]
 [ 0.84009004 -0.5087481 ]
 [ 3.9446177  -3.5993488 ]
 [ 3.9446177  -3.5993488 ]
 [ 4.3302464  -3.9900897 ]
 [ 0.05844415  0.28356695]
 [ 4.3302464  -3.9900897 ]
 [ 3.9446177  -3.5993488 ]
 [ 4.3302464  -3.9900897 ]
 [ 2.2929854  -1.9587275 ]
 [ 1.1576113  -0.82776976]
 [ 2.809244   -2.4683914 ]
 [ 3.824387   -3.485658  ]
 [ 4.3302464  -3.9900897 ]
 [ 4.3302464  -3.9900897 ]
 [ 3.824387   -3.485658  ]
 [ 3.9446177  -3.5993488 ]
 [ 1.1576113  -0.82776976]
 [ 2.0940156  -1.7544076 ]
 [ 3.3151035  -2.972823  ]
 [ 4.3302464  -3.9900897 ]
 [ 4.3302464  -3.9900897 ]
 [ 4.3302464  -3.9900897 ]
 [ 4.3302464  -3.9900897 ]
 [-0.13698621  0.48090762]
 [ 1.1576113  -0.82776976]
 [ 3.4387584  -3.0949175 ]
 [ 4.3302464  -3.9900897 ]
 [ 3.3151035  -2.972823  ]
 [ 3.9446177  -3.5993488 ]
 [ 4.3302464  -3.9900897 ]
 [ 3.3151035  -2.972823  ]
 [ 1.1576113  -0.82776976]
 [ 1.1576113  -0.82776976]
 [ 4.3302464  -3.9900897 ]
 [ 3.9446177  -3.5993488 ]
 [ 4.3302464  -3.9900897 ]
 [ 4.3302464  -3.9900897 ]
 [ 0.05844415  0.28356695]
 [ 1.217202   -0.88097304]
 [ 3.9446177  -3.5993488 ]]
2025-12-21 21:12:01,105 - [INFO] - ------------------------------------------------------------
2025-12-21 21:12:01,105 - [INFO] - On Validation Set:
	Accuracy of RRL  Model: 0.9011748445058743
	F1 Score of RRL  Model: 0.6880868504792785
2025-12-21 21:12:01,111 - [INFO] - On Validation Set:
Performance of  RRL Model: 
[[1250   36]
 [ 107   54]]
              precision    recall  f1-score   support

           0       0.92      0.97      0.95      1286
           1       0.60      0.34      0.43       161

    accuracy                           0.90      1447
   macro avg       0.76      0.65      0.69      1447
weighted avg       0.89      0.90      0.89      1447

2025-12-21 21:12:01,111 - [INFO] - ------------------------------------------------------------
2025-12-21 21:12:01,803 - [INFO] - epoch: 196, loss_rrl: 108.3213545307517
2025-12-21 21:12:02,756 - [DEBUG] - y_true: (1447,) [0 0 0 0 0 1 0 0 0 0 0 0 0 0 0 0 0 1 0 0 0 0 0 0 1 0 0 0 0 0 0 0 0 0 0 0 0
 0 1 1 0]
2025-12-21 21:12:02,908 - [DEBUG] - y_rrl_: (1447,) [0 0 0 0 0 1 0 0 0 0 0 0 0 0 0 0 0 0 0 0 0 0 0 0 1 0 0 0 0 0 0 0 0 0 0 0 0
 0 0 0 0]
2025-12-21 21:12:02,908 - [DEBUG] - y_rrl: (1447, 2) [[ 4.0484033  -3.7104647 ]
 [ 1.0831071  -0.7507506 ]
 [ 2.7179117  -2.3664649 ]
 [ 2.7179117  -2.3664649 ]
 [ 4.0484033  -3.7104647 ]
 [-0.39949334  0.7411958 ]
 [ 4.0484033  -3.7104647 ]
 [ 3.8616867  -3.5218537 ]
 [ 4.0484033  -3.7104647 ]
 [ 2.6179404  -2.2862775 ]
 [ 1.6727945  -1.3474069 ]
 [ 2.916541   -2.5829833 ]
 [ 4.0484033  -3.7104647 ]
 [ 3.8616867  -3.5218537 ]
 [ 4.0484033  -3.7104647 ]
 [ 4.0484033  -3.7104647 ]
 [ 4.0484033  -3.7104647 ]
 [ 1.4860779  -1.1587958 ]
 [ 2.5599437  -2.2243068 ]
 [ 2.8432093  -2.5012672 ]
 [ 3.8616867  -3.5218537 ]
 [ 4.0484033  -3.7104647 ]
 [ 4.0484033  -3.7104647 ]
 [ 3.8616867  -3.5218537 ]
 [-0.39949334  0.7411958 ]
 [ 1.2698237  -0.9393616 ]
 [ 1.2698237  -0.9393616 ]
 [ 3.8616867  -3.5218537 ]
 [ 3.0299258  -2.6898782 ]
 [ 3.6454325  -3.3024197 ]
 [ 3.8616867  -3.5218537 ]
 [ 2.8432093  -2.5012672 ]
 [ 1.2698237  -0.9393616 ]
 [ 1.0831071  -0.7507506 ]
 [ 4.0484033  -3.7104647 ]
 [ 3.8616867  -3.5218537 ]
 [ 4.0484033  -3.7104647 ]
 [ 3.8616867  -3.5218537 ]
 [ 0.51983297 -0.18178976]
 [ 1.469041   -1.1335588 ]
 [ 3.8616867  -3.5218537 ]]
2025-12-21 21:12:02,910 - [INFO] - ------------------------------------------------------------
2025-12-21 21:12:02,910 - [INFO] - On Validation Set:
	Accuracy of RRL  Model: 0.902557014512785
	F1 Score of RRL  Model: 0.7031095162635166
2025-12-21 21:12:02,916 - [INFO] - On Validation Set:
Performance of  RRL Model: 
[[1246   40]
 [ 101   60]]
              precision    recall  f1-score   support

           0       0.93      0.97      0.95      1286
           1       0.60      0.37      0.46       161

    accuracy                           0.90      1447
   macro avg       0.76      0.67      0.70      1447
weighted avg       0.89      0.90      0.89      1447

2025-12-21 21:12:02,916 - [INFO] - ------------------------------------------------------------
2025-12-21 21:12:03,369 - [INFO] - epoch: 197, loss_rrl: 108.9171893298626
2025-12-21 21:12:04,517 - [DEBUG] - y_true: (1447,) [0 0 0 0 0 1 0 0 0 0 0 0 0 0 0 0 0 1 0 0 0 0 0 0 1 0 0 0 0 0 0 0 0 0 0 0 0
 0 1 1 0]
2025-12-21 21:12:04,667 - [DEBUG] - y_rrl_: (1447,) [0 0 0 0 0 1 0 0 0 0 0 0 0 0 0 0 0 0 0 0 0 0 0 0 1 0 0 0 0 0 0 0 0 0 0 0 0
 0 0 0 0]
2025-12-21 21:12:04,668 - [DEBUG] - y_rrl: (1447, 2) [[ 3.993566   -3.6578403 ]
 [ 0.31551936  0.01948727]
 [ 2.4236894  -2.0791445 ]
 [ 2.8420172  -2.4947765 ]
 [ 3.5752382  -3.2422082 ]
 [-0.26838705  0.6059972 ]
 [ 3.993566   -3.6578403 ]
 [ 3.5804935  -3.2397308 ]
 [ 3.993566   -3.6578403 ]
 [ 1.9270916  -1.5970997 ]
 [ 0.8038165  -0.47816902]
 [ 2.5631685  -2.2280445 ]
 [ 3.1621656  -2.824099  ]
 [ 3.1621656  -2.824099  ]
 [ 3.5804935  -3.2397308 ]
 [ 3.993566   -3.6578403 ]
 [ 3.5804935  -3.2397308 ]
 [ 0.8038165  -0.47816902]
 [ 2.702142   -2.3705757 ]
 [ 2.9814963  -2.6436763 ]
 [ 3.993566   -3.6578403 ]
 [ 3.1621656  -2.824099  ]
 [ 3.5752382  -3.2422082 ]
 [ 3.5804935  -3.2397308 ]
 [-1.1599416   1.4982125 ]
 [ 0.8038165  -0.47816902]
 [ 1.7464224  -1.4166769 ]
 [ 3.5804935  -3.2397308 ]
 [ 2.5631685  -2.2280445 ]
 [ 3.5804935  -3.2397308 ]
 [ 3.993566   -3.6578403 ]
 [ 2.5631685  -2.2280445 ]
 [ 0.8038165  -0.47816902]
 [ 0.8038165  -0.47816902]
 [ 3.5752382  -3.2422082 ]
 [ 3.5804935  -3.2397308 ]
 [ 3.5752382  -3.2422082 ]
 [ 3.5804935  -3.2397308 ]
 [ 0.25589147  0.08312109]
 [ 0.4652101  -0.12826346]
 [ 3.5804935  -3.2397308 ]]
2025-12-21 21:12:04,670 - [INFO] - ------------------------------------------------------------
2025-12-21 21:12:04,670 - [INFO] - On Validation Set:
	Accuracy of RRL  Model: 0.8984105044920525
	F1 Score of RRL  Model: 0.6904758786577088
2025-12-21 21:12:04,676 - [INFO] - On Validation Set:
Performance of  RRL Model: 
[[1243   43]
 [ 104   57]]
              precision    recall  f1-score   support

           0       0.92      0.97      0.94      1286
           1       0.57      0.35      0.44       161

    accuracy                           0.90      1447
   macro avg       0.75      0.66      0.69      1447
weighted avg       0.88      0.90      0.89      1447

2025-12-21 21:12:04,676 - [INFO] - ------------------------------------------------------------
2025-12-21 21:12:04,906 - [INFO] - epoch: 198, loss_rrl: 109.37124194949865
2025-12-21 21:12:06,208 - [INFO] - epoch: 199, loss_rrl: 109.16031546890736
2025-12-21 21:12:06,226 - [DEBUG] - y_true: (1447,) [0 0 0 0 0 1 0 0 0 0 0 0 0 0 0 0 0 1 0 0 0 0 0 0 1 0 0 0 0 0 0 0 0 0 0 0 0
 0 1 1 0]
2025-12-21 21:12:06,379 - [DEBUG] - y_rrl_: (1447,) [0 0 0 0 0 1 0 0 0 0 1 0 0 0 0 0 0 0 0 0 0 0 0 0 1 0 0 0 0 0 0 0 0 0 0 0 0
 0 1 1 0]
2025-12-21 21:12:06,379 - [DEBUG] - y_rrl: (1447, 2) [[ 2.6906726  -2.3651311 ]
 [ 0.78077173 -0.45248973]
 [ 3.3117678  -2.9713838 ]
 [ 3.7178004  -3.3824155 ]
 [ 1.9364561  -1.604496  ]
 [-0.01983085  0.358504  ]
 [ 3.916797   -3.5832756 ]
 [ 3.3117678  -2.9713838 ]
 [ 3.916797   -3.5832756 ]
 [ 2.0856435  -1.7532395 ]
 [ 0.06199566  0.2760977 ]
 [ 3.5107648  -3.1722434 ]
 [ 2.28464    -1.9540993 ]
 [ 2.4355285  -2.0951138 ]
 [ 1.8244863  -1.4948926 ]
 [ 3.3887413  -3.0566087 ]
 [ 2.7565482  -2.4116082 ]
 [ 0.9553458  -0.62724984]
 [ 0.6587486  -0.33685505]
 [ 1.889434   -1.5649486 ]
 [ 2.4916756  -2.1642716 ]
 [ 3.3887413  -3.0566087 ]
 [ 2.6906726  -2.3651311 ]
 [ 1.7374593  -1.4036362 ]
 [-0.54788655  0.8851706 ]
 [ 1.6823983  -1.3547763 ]
 [ 2.28464    -1.9540993 ]
 [ 1.9636201  -1.6376048 ]
 [ 2.3804672  -2.046254  ]
 [ 2.6906726  -2.3651311 ]
 [ 3.7178004  -3.3824155 ]
 [ 1.889434   -1.5649486 ]
 [ 0.816212   -0.48453754]
 [ 0.9553458  -0.62724984]
 [ 2.6906726  -2.3651311 ]
 [ 3.7178004  -3.3824155 ]
 [ 3.916797   -3.5832756 ]
 [ 1.9636201  -1.6376048 ]
 [-0.01983085  0.358504  ]
 [ 0.05435519  0.28584772]
 [ 3.3117678  -2.9713838 ]]
2025-12-21 21:12:06,382 - [INFO] - ------------------------------------------------------------
2025-12-21 21:12:06,382 - [INFO] - On Validation Set:
	Accuracy of RRL  Model: 0.9032480995162405
	F1 Score of RRL  Model: 0.7365697105881863
2025-12-21 21:12:06,388 - [INFO] - On Validation Set:
Performance of  RRL Model: 
[[1229   57]
 [  83   78]]
              precision    recall  f1-score   support

           0       0.94      0.96      0.95      1286
           1       0.58      0.48      0.53       161

    accuracy                           0.90      1447
   macro avg       0.76      0.72      0.74      1447
weighted avg       0.90      0.90      0.90      1447

2025-12-21 21:12:06,388 - [INFO] - ------------------------------------------------------------
2025-12-21 21:12:07,681 - [INFO] - epoch: 200, loss_rrl: 108.0342223495245
2025-12-21 21:12:07,909 - [DEBUG] - y_true: (1447,) [0 0 0 0 0 1 0 0 0 0 0 0 0 0 0 0 0 1 0 0 0 0 0 0 1 0 0 0 0 0 0 0 0 0 0 0 0
 0 1 1 0]
2025-12-21 21:12:08,060 - [DEBUG] - y_rrl_: (1447,) [0 0 0 0 0 1 0 0 0 0 0 0 0 0 0 0 0 0 0 0 0 0 0 0 1 0 0 0 0 0 0 0 0 0 0 0 0
 0 0 0 0]
2025-12-21 21:12:08,061 - [DEBUG] - y_rrl: (1447, 2) [[ 2.1035917  -1.7804419 ]
 [ 0.4339199  -0.1104691 ]
 [ 2.9125967  -2.5765646 ]
 [ 3.5396426  -3.202807  ]
 [ 1.3500617  -1.0205373 ]
 [-0.54837656  0.88400203]
 [ 3.9506638  -3.6187997 ]
 [ 3.9506638  -3.6187997 ]
 [ 3.9506638  -3.6187997 ]
 [ 2.7306378  -2.4066842 ]
 [ 0.20056333  0.12468032]
 [ 2.8011653  -2.473582  ]
 [ 2.197711   -1.8751366 ]
 [ 2.5700877  -2.2326524 ]
 [ 2.7306378  -2.4066842 ]
 [ 3.3236177  -2.9925573 ]
 [ 2.5700877  -2.2326524 ]
 [ 1.5811394  -1.2614669 ]
 [ 0.7508216  -0.43176708]
 [ 1.7030455  -1.377022  ]
 [ 2.7306378  -2.4066842 ]
 [ 3.3236177  -2.9925573 ]
 [ 2.1035917  -1.7804419 ]
 [ 1.3500617  -1.0205373 ]
 [-1.2845752   1.6190071 ]
 [ 1.1701185  -0.84547406]
 [ 2.390144   -2.0575895 ]
 [ 2.7306378  -2.4066842 ]
 [ 2.9230716  -2.5891373 ]
 [ 2.3196168  -1.9906917 ]
 [ 3.9506638  -3.6187997 ]
 [ 1.7030455  -1.377022  ]
 [ 0.5430722  -0.21923143]
 [ 0.5430722  -0.21923143]
 [ 2.7306378  -2.4066842 ]
 [ 3.9506638  -3.6187997 ]
 [ 3.3236177  -2.9925573 ]
 [ 2.1035917  -1.7804419 ]
 [ 0.60391617 -0.2737345 ]
 [ 0.81713474 -0.4889892 ]
 [ 3.3236177  -2.9925573 ]]
2025-12-21 21:12:08,063 - [INFO] - ------------------------------------------------------------
2025-12-21 21:12:08,063 - [INFO] - On Validation Set:
	Accuracy of RRL  Model: 0.8908085694540429
	F1 Score of RRL  Model: 0.7239429885146296
2025-12-21 21:12:08,069 - [INFO] - On Validation Set:
Performance of  RRL Model: 
[[1207   79]
 [  79   82]]
              precision    recall  f1-score   support

           0       0.94      0.94      0.94      1286
           1       0.51      0.51      0.51       161

    accuracy                           0.89      1447
   macro avg       0.72      0.72      0.72      1447
weighted avg       0.89      0.89      0.89      1447

2025-12-21 21:12:08,069 - [INFO] - ------------------------------------------------------------
2025-12-21 21:12:09,375 - [INFO] - epoch: 201, loss_rrl: 108.39655907638371
2025-12-21 21:12:09,897 - [DEBUG] - y_true: (1447,) [0 0 0 0 0 1 0 0 0 0 0 0 0 0 0 0 0 1 0 0 0 0 0 0 1 0 0 0 0 0 0 0 0 0 0 0 0
 0 1 1 0]
2025-12-21 21:12:10,060 - [DEBUG] - y_rrl_: (1447,) [0 0 0 0 0 1 0 0 0 0 0 0 0 0 0 0 0 0 0 0 0 0 0 0 1 0 0 0 0 0 0 0 0 0 0 0 0
 0 0 0 0]
2025-12-21 21:12:10,061 - [DEBUG] - y_rrl: (1447, 2) [[ 3.7665522  -3.43451   ]
 [ 0.47802612 -0.15615684]
 [ 2.0545876  -1.7126404 ]
 [ 2.259807   -1.9196993 ]
 [ 3.7665522  -3.43451   ]
 [-0.5361252   0.87008953]
 [ 3.971772   -3.641569  ]
 [ 3.0196717  -2.6858938 ]
 [ 3.971772   -3.641569  ]
 [ 1.8081539  -1.4822167 ]
 [ 1.6029344  -1.2751578 ]
 [ 3.0196717  -2.6858938 ]
 [ 3.0196717  -2.6858938 ]
 [ 3.3530328  -3.0160463 ]
 [ 3.5582526  -3.2231052 ]
 [ 3.2279718  -2.8972986 ]
 [ 2.814452   -2.478835  ]
 [ 1.8081539  -1.4822167 ]
 [ 1.8978438  -1.5712385 ]
 [ 2.948395   -2.6161325 ]
 [ 3.971772   -3.641569  ]
 [ 3.3530328  -3.0160463 ]
 [ 3.7665522  -3.43451   ]
 [ 3.3530328  -3.0160463 ]
 [-1.2563956   1.5891764 ]
 [ 1.1982964  -0.87524366]
 [ 3.0196717  -2.6858938 ]
 [ 3.5582526  -3.2231052 ]
 [ 3.5582526  -3.2231052 ]
 [ 3.5582526  -3.2231052 ]
 [ 3.971772   -3.641569  ]
 [ 2.948395   -2.6161325 ]
 [ 1.6029344  -1.2751578 ]
 [ 1.6029344  -1.2751578 ]
 [ 3.971772   -3.641569  ]
 [ 3.0196717  -2.6858938 ]
 [ 3.7665522  -3.43451   ]
 [ 3.3530328  -3.0160463 ]
 [ 0.8175328  -0.48115388]
 [ 0.42087156 -0.08940161]
 [ 2.814452   -2.478835  ]]
2025-12-21 21:12:10,063 - [INFO] - ------------------------------------------------------------
2025-12-21 21:12:10,063 - [INFO] - On Validation Set:
	Accuracy of RRL  Model: 0.9032480995162405
	F1 Score of RRL  Model: 0.7082325152667358
2025-12-21 21:12:10,069 - [INFO] - On Validation Set:
Performance of  RRL Model: 
[[1245   41]
 [  99   62]]
              precision    recall  f1-score   support

           0       0.93      0.97      0.95      1286
           1       0.60      0.39      0.47       161

    accuracy                           0.90      1447
   macro avg       0.76      0.68      0.71      1447
weighted avg       0.89      0.90      0.89      1447

2025-12-21 21:12:10,069 - [INFO] - ------------------------------------------------------------
2025-12-21 21:12:11,091 - [INFO] - epoch: 202, loss_rrl: 108.42408135160804
2025-12-21 21:12:11,854 - [DEBUG] - y_true: (1447,) [0 0 0 0 0 1 0 0 0 0 0 0 0 0 0 0 0 1 0 0 0 0 0 0 1 0 0 0 0 0 0 0 0 0 0 0 0
 0 1 1 0]
2025-12-21 21:12:12,018 - [DEBUG] - y_rrl_: (1447,) [0 1 0 0 0 1 0 0 0 0 0 0 0 0 0 0 0 0 0 0 0 0 0 0 1 0 0 0 0 0 0 0 0 1 0 0 0
 0 0 0 0]
2025-12-21 21:12:12,018 - [DEBUG] - y_rrl: (1447, 2) [[ 3.9148202  -3.5844631 ]
 [-0.45905152  0.79095966]
 [ 2.3892326  -2.0423262 ]
 [ 2.597778   -2.2526987 ]
 [ 3.5634377  -3.2277334 ]
 [-0.3902589   0.7225483 ]
 [ 4.123366   -3.7948358 ]
 [ 2.597778   -2.2526987 ]
 [ 4.123366   -3.7948358 ]
 [ 1.3044556  -0.9751134 ]
 [ 0.72177297 -0.40111685]
 [ 2.5750232  -2.2458045 ]
 [ 3.2434485  -2.9109316 ]
 [ 3.9148202  -3.5844631 ]
 [ 4.123366   -3.7948358 ]
 [ 3.3862855  -3.057289  ]
 [ 3.5012646  -3.1659915 ]
 [ 0.9303184  -0.6114895 ]
 [ 1.7190795  -1.3887757 ]
 [ 1.991526   -1.6493137 ]
 [ 4.123366   -3.7948358 ]
 [ 3.9148202  -3.5844631 ]
 [ 3.5634377  -3.2277334 ]
 [ 3.9148202  -3.5844631 ]
 [-0.3902589   0.7225483 ]
 [ 0.578936   -0.25475967]
 [ 3.1812754  -2.8491898 ]
 [ 3.011334   -2.6711705 ]
 [ 2.7521756  -2.416249  ]
 [ 3.70981    -3.376364  ]
 [ 4.123366   -3.7948358 ]
 [ 2.7521756  -2.416249  ]
 [ 0.72177297 -0.40111685]
 [-0.03887646  0.36581856]
 [ 4.123366   -3.7948358 ]
 [ 2.597778   -2.2526987 ]
 [ 3.5634377  -3.2277334 ]
 [ 2.8027883  -2.460798  ]
 [ 0.34682134 -0.01499849]
 [ 0.9809312  -0.6560381 ]
 [ 2.3892326  -2.0423262 ]]
2025-12-21 21:12:12,020 - [INFO] - ------------------------------------------------------------
2025-12-21 21:12:12,020 - [INFO] - On Validation Set:
	Accuracy of RRL  Model: 0.9060124395300622
	F1 Score of RRL  Model: 0.7276491624317711
2025-12-21 21:12:12,026 - [INFO] - On Validation Set:
Performance of  RRL Model: 
[[1241   45]
 [  91   70]]
              precision    recall  f1-score   support

           0       0.93      0.97      0.95      1286
           1       0.61      0.43      0.51       161

    accuracy                           0.91      1447
   macro avg       0.77      0.70      0.73      1447
weighted avg       0.90      0.91      0.90      1447

2025-12-21 21:12:12,026 - [INFO] - ------------------------------------------------------------
2025-12-21 21:12:12,744 - [INFO] - epoch: 203, loss_rrl: 108.56772232241929
2025-12-21 21:12:13,677 - [DEBUG] - y_true: (1447,) [0 0 0 0 0 1 0 0 0 0 0 0 0 0 0 0 0 1 0 0 0 0 0 0 1 0 0 0 0 0 0 0 0 0 0 0 0
 0 1 1 0]
2025-12-21 21:12:13,841 - [DEBUG] - y_rrl_: (1447,) [0 0 0 0 0 1 0 0 0 0 0 0 0 0 0 0 0 0 0 0 0 0 0 0 1 0 0 0 0 0 0 0 0 0 0 0 0
 0 0 0 0]
2025-12-21 21:12:13,842 - [DEBUG] - y_rrl: (1447, 2) [[ 4.044415   -3.7175512 ]
 [ 0.38367385 -0.06317307]
 [ 3.38923    -3.055663  ]
 [ 3.38923    -3.055663  ]
 [ 4.044415   -3.7175512 ]
 [-0.4381885   0.76880914]
 [ 4.044415   -3.7175512 ]
 [ 3.8239353  -3.4952564 ]
 [ 4.044415   -3.7175512 ]
 [ 2.6272151  -2.306238  ]
 [ 2.3283837  -2.010572  ]
 [ 3.5251038  -3.1995907 ]
 [ 4.044415   -3.7175512 ]
 [ 3.8239353  -3.4952564 ]
 [ 4.044415   -3.7175512 ]
 [ 4.044415   -3.7175512 ]
 [ 4.044415   -3.7175512 ]
 [ 2.107904   -1.7882774 ]
 [ 2.534411   -2.209746  ]
 [ 2.7954123  -2.4646957 ]
 [ 3.8239353  -3.4952564 ]
 [ 4.044415   -3.7175512 ]
 [ 4.044415   -3.7175512 ]
 [ 3.8239353  -3.4952564 ]
 [-0.4381885   0.76880914]
 [ 1.2998605  -0.98001134]
 [ 1.8936784  -1.5709788 ]
 [ 3.8239353  -3.4952564 ]
 [ 3.60971    -3.277958  ]
 [ 3.60971    -3.277958  ]
 [ 3.8239353  -3.4952564 ]
 [ 2.7954123  -2.4646957 ]
 [ 1.8936784  -1.5709788 ]
 [ 1.6731987  -1.3486841 ]
 [ 4.044415   -3.7175512 ]
 [ 3.8239353  -3.4952564 ]
 [ 4.044415   -3.7175512 ]
 [ 3.8239353  -3.4952564 ]
 [ 1.109646   -0.77971244]
 [ 1.4581517  -1.1335342 ]
 [ 3.8239353  -3.4952564 ]]
2025-12-21 21:12:13,844 - [INFO] - ------------------------------------------------------------
2025-12-21 21:12:13,844 - [INFO] - On Validation Set:
	Accuracy of RRL  Model: 0.9067035245335177
	F1 Score of RRL  Model: 0.6824448551823693
2025-12-21 21:12:13,850 - [INFO] - On Validation Set:
Performance of  RRL Model: 
[[1264   22]
 [ 113   48]]
              precision    recall  f1-score   support

           0       0.92      0.98      0.95      1286
           1       0.69      0.30      0.42       161

    accuracy                           0.91      1447
   macro avg       0.80      0.64      0.68      1447
weighted avg       0.89      0.91      0.89      1447

2025-12-21 21:12:13,850 - [INFO] - ------------------------------------------------------------
2025-12-21 21:12:14,337 - [INFO] - epoch: 204, loss_rrl: 109.63423259556293
2025-12-21 21:12:15,505 - [DEBUG] - y_true: (1447,) [0 0 0 0 0 1 0 0 0 0 0 0 0 0 0 0 0 1 0 0 0 0 0 0 1 0 0 0 0 0 0 0 0 0 0 0 0
 0 1 1 0]
2025-12-21 21:12:15,668 - [DEBUG] - y_rrl_: (1447,) [0 0 0 0 0 1 0 0 0 0 0 0 0 0 0 0 0 0 0 0 0 0 0 0 1 0 0 0 0 0 0 0 0 0 0 0 0
 0 0 0 0]
2025-12-21 21:12:15,669 - [DEBUG] - y_rrl: (1447, 2) [[ 3.9525402  -3.6273365 ]
 [ 0.48336193 -0.1662584 ]
 [ 2.1401687  -1.8046875 ]
 [ 2.5635967  -2.2255313 ]
 [ 3.529112   -3.2064924 ]
 [-0.29851577  0.62567264]
 [ 3.9525402  -3.6273365 ]
 [ 3.9525402  -3.6273365 ]
 [ 3.9525402  -3.6273365 ]
 [ 2.3380315  -2.0230453 ]
 [ 1.2079145  -0.89710194]
 [ 2.398995   -2.080549  ]
 [ 3.0026588  -2.6813798 ]
 [ 3.529112   -3.2064924 ]
 [ 3.9525402  -3.6273365 ]
 [ 3.426087   -3.1022239 ]
 [ 3.9525402  -3.6273365 ]
 [ 1.2079145  -0.89710194]
 [ 2.1086307  -1.788754  ]
 [ 2.9146883  -2.5874574 ]
 [ 3.9525402  -3.6273365 ]
 [ 3.529112   -3.2064924 ]
 [ 3.529112   -3.2064924 ]
 [ 3.9525402  -3.6273365 ]
 [-1.2368944   1.5647008 ]
 [ 0.7737262  -0.4580534 ]
 [ 2.3882346  -2.0623448 ]
 [ 3.9525402  -3.6273365 ]
 [ 2.4912603  -2.1666133 ]
 [ 3.518352   -3.1882882 ]
 [ 3.9525402  -3.6273365 ]
 [ 2.4912603  -2.1666133 ]
 [ 0.7737262  -0.4580534 ]
 [ 0.7737262  -0.4580534 ]
 [ 3.529112   -3.2064924 ]
 [ 3.9525402  -3.6273365 ]
 [ 3.529112   -3.2064924 ]
 [ 3.9525402  -3.6273365 ]
 [ 0.6621259  -0.33848852]
 [ 0.85682297 -0.5351758 ]
 [ 3.9525402  -3.6273365 ]]
2025-12-21 21:12:15,671 - [INFO] - ------------------------------------------------------------
2025-12-21 21:12:15,671 - [INFO] - On Validation Set:
	Accuracy of RRL  Model: 0.899101589495508
	F1 Score of RRL  Model: 0.7095048731656877
2025-12-21 21:12:15,677 - [INFO] - On Validation Set:
Performance of  RRL Model: 
[[1235   51]
 [  95   66]]
              precision    recall  f1-score   support

           0       0.93      0.96      0.94      1286
           1       0.56      0.41      0.47       161

    accuracy                           0.90      1447
   macro avg       0.75      0.69      0.71      1447
weighted avg       0.89      0.90      0.89      1447

2025-12-21 21:12:15,677 - [INFO] - ------------------------------------------------------------
2025-12-21 21:12:15,938 - [INFO] - epoch: 205, loss_rrl: 108.72198189236224
2025-12-21 21:12:17,337 - [DEBUG] - y_true: (1447,) [0 0 0 0 0 1 0 0 0 0 0 0 0 0 0 0 0 1 0 0 0 0 0 0 1 0 0 0 0 0 0 0 0 0 0 0 0
 0 1 1 0]
2025-12-21 21:12:17,502 - [DEBUG] - y_rrl_: (1447,) [0 0 0 0 0 1 0 0 0 0 0 0 0 0 0 0 0 0 0 0 0 0 0 0 1 0 0 0 0 0 0 0 0 0 0 0 0
 0 1 0 0]
2025-12-21 21:12:17,503 - [DEBUG] - y_rrl: (1447, 2) [[ 4.081371   -3.7578065 ]
 [ 1.1361529  -0.81928253]
 [ 3.6541405  -3.325745  ]
 [ 4.081371   -3.7578065 ]
 [ 3.3413942  -3.0116754 ]
 [-0.14497352  0.47049874]
 [ 4.081371   -3.7578065 ]
 [ 3.6541405  -3.325745  ]
 [ 4.081371   -3.7578065 ]
 [ 2.4689953  -2.1481652 ]
 [ 0.2693885   0.05870394]
 [ 3.6541405  -3.325745  ]
 [ 4.081371   -3.7578065 ]
 [ 3.3413942  -3.0116754 ]
 [ 3.7491217  -3.420303  ]
 [ 4.081371   -3.7578065 ]
 [ 2.9141645  -2.5796137 ]
 [ 1.3416129  -1.0249306 ]
 [ 2.748527   -2.4289238 ]
 [ 3.4749944  -3.1542473 ]
 [ 4.081371   -3.7578065 ]
 [ 4.081371   -3.7578065 ]
 [ 4.081371   -3.7578065 ]
 [ 3.3413942  -3.0116754 ]
 [-0.39618966  0.7235053 ]
 [ 1.3416129  -1.0249306 ]
 [ 1.8626202  -1.544606  ]
 [ 4.081371   -3.7578065 ]
 [ 3.047765   -2.7221856 ]
 [ 4.081371   -3.7578065 ]
 [ 4.081371   -3.7578065 ]
 [ 3.4749944  -3.1542473 ]
 [ 1.0093644  -0.68742734]
 [ 1.3416129  -1.0249306 ]
 [ 4.081371   -3.7578065 ]
 [ 4.081371   -3.7578065 ]
 [ 4.081371   -3.7578065 ]
 [ 4.081371   -3.7578065 ]
 [-0.14497352  0.47049874]
 [ 0.63741523 -0.3121154 ]
 [ 3.6541405  -3.325745  ]]
2025-12-21 21:12:17,505 - [INFO] - ------------------------------------------------------------
2025-12-21 21:12:17,505 - [INFO] - On Validation Set:
	Accuracy of RRL  Model: 0.907394609536973
	F1 Score of RRL  Model: 0.7045174700704655
2025-12-21 21:12:17,510 - [INFO] - On Validation Set:
Performance of  RRL Model: 
[[1256   30]
 [ 104   57]]
              precision    recall  f1-score   support

           0       0.92      0.98      0.95      1286
           1       0.66      0.35      0.46       161

    accuracy                           0.91      1447
   macro avg       0.79      0.67      0.70      1447
weighted avg       0.89      0.91      0.89      1447

2025-12-21 21:12:17,511 - [INFO] - ------------------------------------------------------------
2025-12-21 21:12:17,542 - [INFO] - epoch: 206, loss_rrl: 107.82147643528879
2025-12-21 21:12:18,981 - [INFO] - epoch: 207, loss_rrl: 108.22395718470216
2025-12-21 21:12:19,199 - [DEBUG] - y_true: (1447,) [0 0 0 0 0 1 0 0 0 0 0 0 0 0 0 0 0 1 0 0 0 0 0 0 1 0 0 0 0 0 0 0 0 0 0 0 0
 0 1 1 0]
2025-12-21 21:12:19,362 - [DEBUG] - y_rrl_: (1447,) [0 1 0 0 0 1 0 0 0 0 0 0 0 0 0 0 0 0 0 0 0 0 0 0 1 0 0 0 0 0 0 0 0 0 0 0 0
 0 0 0 0]
2025-12-21 21:12:19,363 - [DEBUG] - y_rrl: (1447, 2) [[ 3.7471704  -3.4234605 ]
 [-0.4741286   0.79600006]
 [ 3.314537   -2.986023  ]
 [ 3.314537   -2.986023  ]
 [ 3.7471704  -3.4234605 ]
 [-0.49812305  0.8238014 ]
 [ 4.0053205  -3.6833878 ]
 [ 3.7471704  -3.4234605 ]
 [ 4.0053205  -3.6833878 ]
 [ 2.564677   -2.2484655 ]
 [ 1.4339682  -1.1218803 ]
 [ 2.8746111  -2.5568032 ]
 [ 3.48377    -3.1631608 ]
 [ 3.7471704  -3.4234605 ]
 [ 4.0053205  -3.6833878 ]
 [ 3.7471704  -3.4234605 ]
 [ 3.7471704  -3.4234605 ]
 [ 1.4339682  -1.1218803 ]
 [ 2.4069018  -2.087126  ]
 [ 2.7053783  -2.3796654 ]
 [ 3.7471704  -3.4234605 ]
 [ 3.7471704  -3.4234605 ]
 [ 3.7471704  -3.4234605 ]
 [ 3.7471704  -3.4234605 ]
 [-0.49812305  0.8238014 ]
 [ 1.2594844  -0.94437015]
 [ 3.0511365  -2.7257237 ]
 [ 3.7471704  -3.4234605 ]
 [ 2.9635282  -2.6395926 ]
 [ 3.572687   -3.2459502 ]
 [ 3.7471704  -3.4234605 ]
 [ 2.7053783  -2.3796654 ]
 [ 1.0013345  -0.68444264]
 [ 1.0013345  -0.68444264]
 [ 4.0053205  -3.6833878 ]
 [ 3.7471704  -3.4234605 ]
 [ 3.7471704  -3.4234605 ]
 [ 3.7471704  -3.4234605 ]
 [ 0.4560608  -0.13386343]
 [ 0.8782964  -0.5598457 ]
 [ 3.7471704  -3.4234605 ]]
2025-12-21 21:12:19,365 - [INFO] - ------------------------------------------------------------
2025-12-21 21:12:19,365 - [INFO] - On Validation Set:
	Accuracy of RRL  Model: 0.8997926744989634
	F1 Score of RRL  Model: 0.7142469966074364
2025-12-21 21:12:19,371 - [INFO] - On Validation Set:
Performance of  RRL Model: 
[[1234   52]
 [  93   68]]
              precision    recall  f1-score   support

           0       0.93      0.96      0.94      1286
           1       0.57      0.42      0.48       161

    accuracy                           0.90      1447
   macro avg       0.75      0.69      0.71      1447
weighted avg       0.89      0.90      0.89      1447

2025-12-21 21:12:19,371 - [INFO] - ------------------------------------------------------------
2025-12-21 21:12:20,613 - [INFO] - epoch: 208, loss_rrl: 107.45605834573507
2025-12-21 21:12:21,065 - [DEBUG] - y_true: (1447,) [0 0 0 0 0 1 0 0 0 0 0 0 0 0 0 0 0 1 0 0 0 0 0 0 1 0 0 0 0 0 0 0 0 0 0 0 0
 0 1 1 0]
2025-12-21 21:12:21,230 - [DEBUG] - y_rrl_: (1447,) [0 0 0 0 0 1 0 0 0 0 0 0 0 0 0 0 0 0 0 0 0 0 0 0 1 0 0 0 0 0 0 0 0 0 0 0 0
 0 1 1 0]
2025-12-21 21:12:21,231 - [DEBUG] - y_rrl: (1447, 2) [[ 3.7201087  -3.398025  ]
 [ 0.4967632  -0.1843225 ]
 [ 2.543127   -2.2101955 ]
 [ 2.543127   -2.2101955 ]
 [ 3.7201087  -3.398025  ]
 [-0.54372144  0.8677805 ]
 [ 3.977782   -3.657463  ]
 [ 3.5470753  -3.2219787 ]
 [ 3.977782   -3.657463  ]
 [ 2.3680184  -2.050355  ]
 [ 0.23908986  0.07511552]
 [ 1.6758205  -1.3559464 ]
 [ 3.44367    -3.1246653 ]
 [ 3.7201087  -3.398025  ]
 [ 3.977782   -3.657463  ]
 [ 2.9935822  -2.6726217 ]
 [ 3.2894018  -2.9625406 ]
 [ 0.4967632  -0.1843225 ]
 [ 2.3829658  -2.064791  ]
 [ 2.9364588  -2.6141477 ]
 [ 3.977782   -3.657463  ]
 [ 3.7201087  -3.398025  ]
 [ 3.7201087  -3.398025  ]
 [ 3.7201087  -3.398025  ]
 [-1.2702479   1.5931835 ]
 [ 1.2232897  -0.90972567]
 [ 2.2864366  -1.9637778 ]
 [ 3.977782   -3.657463  ]
 [ 2.2099323  -1.8887446 ]
 [ 3.5470753  -3.2219787 ]
 [ 3.977782   -3.657463  ]
 [ 2.9364588  -2.6141477 ]
 [ 0.23908986  0.07511552]
 [ 0.23908986  0.07511552]
 [ 3.977782   -3.657463  ]
 [ 3.5470753  -3.2219787 ]
 [ 3.7201087  -3.398025  ]
 [ 3.7201087  -3.398025  ]
 [-0.47846243  0.80094784]
 [ 0.11201699  0.20373309]
 [ 3.2894018  -2.9625406 ]]
2025-12-21 21:12:21,233 - [INFO] - ------------------------------------------------------------
2025-12-21 21:12:21,233 - [INFO] - On Validation Set:
	Accuracy of RRL  Model: 0.9087767795438839
	F1 Score of RRL  Model: 0.7501255886970173
2025-12-21 21:12:21,239 - [INFO] - On Validation Set:
Performance of  RRL Model: 
[[1234   52]
 [  80   81]]
              precision    recall  f1-score   support

           0       0.94      0.96      0.95      1286
           1       0.61      0.50      0.55       161

    accuracy                           0.91      1447
   macro avg       0.77      0.73      0.75      1447
weighted avg       0.90      0.91      0.90      1447

2025-12-21 21:12:21,239 - [INFO] - ------------------------------------------------------------
2025-12-21 21:12:22,226 - [INFO] - epoch: 209, loss_rrl: 108.41440091468394
2025-12-21 21:12:22,910 - [DEBUG] - y_true: (1447,) [0 0 0 0 0 1 0 0 0 0 0 0 0 0 0 0 0 1 0 0 0 0 0 0 1 0 0 0 0 0 0 0 0 0 0 0 0
 0 1 1 0]
2025-12-21 21:12:23,075 - [DEBUG] - y_rrl_: (1447,) [0 1 0 0 0 1 0 0 0 0 0 0 0 0 0 0 0 0 0 0 0 0 0 0 1 0 0 0 0 0 0 0 0 0 0 0 0
 0 1 0 0]
2025-12-21 21:12:23,075 - [DEBUG] - y_rrl: (1447, 2) [[ 3.8541815  -3.533709  ]
 [ 0.05208069  0.26574576]
 [ 3.088483   -2.758097  ]
 [ 3.088483   -2.758097  ]
 [ 3.5145464  -3.1889107 ]
 [-0.40842924  0.73087996]
 [ 4.1173396  -3.7986193 ]
 [ 3.088483   -2.758097  ]
 [ 4.1173396  -3.7986193 ]
 [ 1.8198416  -1.5045048 ]
 [ 0.6787085  -0.3674479 ]
 [ 2.5501428  -2.2307484 ]
 [ 3.2434452  -2.9208682 ]
 [ 3.8541815  -3.533709  ]
 [ 4.1173396  -3.7986193 ]
 [ 3.3199224  -3.0007567 ]
 [ 3.4281182  -3.1028953 ]
 [ 0.6787085  -0.3674479 ]
 [ 1.6583183  -1.3378735 ]
 [ 2.481609   -2.1539927 ]
 [ 3.8541815  -3.533709  ]
 [ 3.8541815  -3.533709  ]
 [ 3.5145464  -3.1889107 ]
 [ 3.8541815  -3.533709  ]
 [-0.40842924  0.73087996]
 [ 0.60223126 -0.2875596 ]
 [ 1.3699682  -1.0579433 ]
 [ 3.5145464  -3.1889107 ]
 [ 2.744767   -2.4189026 ]
 [ 3.691276   -3.3678055 ]
 [ 3.8541815  -3.533709  ]
 [ 2.481609   -2.1539927 ]
 [ 0.6787085  -0.3674479 ]
 [ 0.6787085  -0.3674479 ]
 [ 4.1173396  -3.7986193 ]
 [ 3.088483   -2.758097  ]
 [ 3.5145464  -3.1889107 ]
 [ 3.5145464  -3.1889107 ]
 [ 0.12583005  0.19792712]
 [ 0.9641433  -0.6488366 ]
 [ 3.088483   -2.758097  ]]
2025-12-21 21:12:23,077 - [INFO] - ------------------------------------------------------------
2025-12-21 21:12:23,077 - [INFO] - On Validation Set:
	Accuracy of RRL  Model: 0.9039391845196959
	F1 Score of RRL  Model: 0.7438034424824188
2025-12-21 21:12:23,083 - [INFO] - On Validation Set:
Performance of  RRL Model: 
[[1226   60]
 [  79   82]]
              precision    recall  f1-score   support

           0       0.94      0.95      0.95      1286
           1       0.58      0.51      0.54       161

    accuracy                           0.90      1447
   macro avg       0.76      0.73      0.74      1447
weighted avg       0.90      0.90      0.90      1447

2025-12-21 21:12:23,084 - [INFO] - ------------------------------------------------------------
2025-12-21 21:12:23,850 - [INFO] - epoch: 210, loss_rrl: 108.54644827730954
2025-12-21 21:12:24,750 - [DEBUG] - y_true: (1447,) [0 0 0 0 0 1 0 0 0 0 0 0 0 0 0 0 0 1 0 0 0 0 0 0 1 0 0 0 0 0 0 0 0 0 0 0 0
 0 1 1 0]
2025-12-21 21:12:24,915 - [DEBUG] - y_rrl_: (1447,) [0 0 0 0 0 1 0 0 0 0 0 0 0 0 0 0 0 0 0 0 0 0 0 0 1 1 0 0 0 0 0 0 0 0 0 0 0
 0 1 0 0]
2025-12-21 21:12:24,916 - [DEBUG] - y_rrl: (1447, 2) [[ 4.0344324e+00 -3.7173109e+00]
 [ 3.1051618e-01  6.1062723e-04]
 [ 3.3351665e+00 -3.0115814e+00]
 [ 3.3351665e+00 -3.0115814e+00]
 [ 4.0344324e+00 -3.7173109e+00]
 [-4.9902368e-01  8.1987292e-01]
 [ 4.0344324e+00 -3.7173109e+00]
 [ 3.7720237e+00 -3.4531629e+00]
 [ 4.0344324e+00 -3.7173109e+00]
 [ 2.1677284e+00 -1.8586721e+00]
 [ 1.2929447e+00 -9.8967713e-01]
 [ 2.8972392e+00 -2.5841682e+00]
 [ 2.8000984e+00 -2.4853785e+00]
 [ 3.7720237e+00 -3.4531629e+00]
 [ 4.0344324e+00 -3.7173109e+00]
 [ 4.0344324e+00 -3.7173109e+00]
 [ 4.0344324e+00 -3.7173109e+00]
 [ 1.0305359e+00 -7.2552937e-01]
 [ 2.4499955e+00 -2.1349931e+00]
 [ 2.7227230e+00 -2.4018912e+00]
 [ 3.7720237e+00 -3.4531629e+00]
 [ 4.0344324e+00 -3.7173109e+00]
 [ 4.0344324e+00 -3.7173109e+00]
 [ 3.7720237e+00 -3.4531629e+00]
 [-4.9902368e-01  8.1987292e-01]
 [ 1.4650333e-01  1.6038406e-01]
 [ 3.0728259e+00 -2.7522771e+00]
 [ 3.7720237e+00 -3.4531629e+00]
 [ 2.9851313e+00 -2.6660392e+00]
 [ 3.5975752e+00 -3.2757294e+00]
 [ 3.7720237e+00 -3.4531629e+00]
 [ 2.7227230e+00 -2.4018912e+00]
 [ 8.5608745e-01 -5.4809576e-01]
 [ 5.9367883e-01 -2.8394794e-01]
 [ 4.0344324e+00 -3.7173109e+00]
 [ 3.7720237e+00 -3.4531629e+00]
 [ 4.0344324e+00 -3.7173109e+00]
 [ 3.7720237e+00 -3.4531629e+00]
 [-6.2166460e-02  3.7829146e-01]
 [ 8.9057064e-01 -5.7682574e-01]
 [ 3.7720237e+00 -3.4531629e+00]]
2025-12-21 21:12:24,918 - [INFO] - ------------------------------------------------------------
2025-12-21 21:12:24,918 - [INFO] - On Validation Set:
	Accuracy of RRL  Model: 0.9067035245335177
	F1 Score of RRL  Model: 0.7269937235599196
2025-12-21 21:12:24,924 - [INFO] - On Validation Set:
Performance of  RRL Model: 
[[1243   43]
 [  92   69]]
              precision    recall  f1-score   support

           0       0.93      0.97      0.95      1286
           1       0.62      0.43      0.51       161

    accuracy                           0.91      1447
   macro avg       0.77      0.70      0.73      1447
weighted avg       0.90      0.91      0.90      1447

2025-12-21 21:12:24,924 - [INFO] - ------------------------------------------------------------
2025-12-21 21:12:25,448 - [INFO] - epoch: 211, loss_rrl: 107.92912294901907
2025-12-21 21:12:26,600 - [DEBUG] - y_true: (1447,) [0 0 0 0 0 1 0 0 0 0 0 0 0 0 0 0 0 1 0 0 0 0 0 0 1 0 0 0 0 0 0 0 0 0 0 0 0
 0 1 1 0]
2025-12-21 21:12:26,766 - [DEBUG] - y_rrl_: (1447,) [0 0 0 0 0 1 0 0 0 0 0 0 0 0 0 0 0 0 0 0 0 0 0 0 1 0 0 0 0 0 0 0 0 0 0 0 0
 0 0 0 0]
2025-12-21 21:12:26,766 - [DEBUG] - y_rrl: (1447, 2) [[ 4.085718   -3.7701762 ]
 [ 0.6141835  -0.30630425]
 [ 2.216049   -1.8906219 ]
 [ 2.622866   -2.294954  ]
 [ 2.926738   -2.6077352 ]
 [-0.15860537  0.47614485]
 [ 4.085718   -3.7701762 ]
 [ 4.085718   -3.7701762 ]
 [ 4.085718   -3.7701762 ]
 [ 2.9152086  -2.6069057 ]
 [ 1.6377057  -1.3247474 ]
 [ 3.153562   -2.8417928 ]
 [ 3.153562   -2.8417928 ]
 [ 2.926738   -2.6077352 ]
 [ 4.085718   -3.7701762 ]
 [ 4.085718   -3.7701762 ]
 [ 3.333555   -3.012068  ]
 [ 2.389869   -2.0828555 ]
 [ 2.7496004  -2.437891  ]
 [ 3.0320644  -2.714561  ]
 [ 4.085718   -3.7701762 ]
 [ 3.6789014  -3.3658433 ]
 [ 3.6789014  -3.3658433 ]
 [ 3.333555   -3.012068  ]
 [-1.1517583   1.4699285 ]
 [ 0.9293983  -0.6229072 ]
 [ 3.1208112  -2.8018599 ]
 [ 4.085718   -3.7701762 ]
 [ 3.2393334  -2.9215775 ]
 [ 3.6461504  -3.3259103 ]
 [ 4.085718   -3.7701762 ]
 [ 2.6252475  -2.310228  ]
 [ 1.9503012  -1.6385897 ]
 [ 1.5434843  -1.234257  ]
 [ 3.6789014  -3.3658433 ]
 [ 4.085718   -3.7701762 ]
 [ 3.6789014  -3.3658433 ]
 [ 4.085718   -3.7701762 ]
 [ 1.4203879  -1.1035212 ]
 [ 0.95976746 -0.6475664 ]
 [ 4.085718   -3.7701762 ]]
2025-12-21 21:12:26,768 - [INFO] - ------------------------------------------------------------
2025-12-21 21:12:26,768 - [INFO] - On Validation Set:
	Accuracy of RRL  Model: 0.9053213545266068
	F1 Score of RRL  Model: 0.6899478082433885
2025-12-21 21:12:26,774 - [INFO] - On Validation Set:
Performance of  RRL Model: 
[[1258   28]
 [ 109   52]]
              precision    recall  f1-score   support

           0       0.92      0.98      0.95      1286
           1       0.65      0.32      0.43       161

    accuracy                           0.91      1447
   macro avg       0.79      0.65      0.69      1447
weighted avg       0.89      0.91      0.89      1447

2025-12-21 21:12:26,774 - [INFO] - ------------------------------------------------------------
2025-12-21 21:12:27,082 - [INFO] - epoch: 212, loss_rrl: 109.18323008902371
2025-12-21 21:12:28,611 - [DEBUG] - y_true: (1447,) [0 0 0 0 0 1 0 0 0 0 0 0 0 0 0 0 0 1 0 0 0 0 0 0 1 0 0 0 0 0 0 0 0 0 0 0 0
 0 1 1 0]
2025-12-21 21:12:28,780 - [DEBUG] - y_rrl_: (1447,) [0 1 0 0 0 1 0 0 0 0 0 0 0 0 0 0 0 0 0 0 0 0 0 0 1 0 0 0 0 0 0 0 0 0 0 0 0
 0 1 0 0]
2025-12-21 21:12:28,781 - [DEBUG] - y_rrl: (1447, 2) [[ 4.0062356  -3.6922688 ]
 [-0.07335736  0.3865198 ]
 [ 2.5630805  -2.2401233 ]
 [ 2.957536   -2.6321108 ]
 [ 3.2747943  -2.9582217 ]
 [ 0.03055907  0.28840828]
 [ 4.0062356  -3.6922688 ]
 [ 2.957536   -2.6321108 ]
 [ 4.0062356  -3.6922688 ]
 [ 2.133129   -1.8199515 ]
 [ 1.2756686  -0.96820664]
 [ 2.6541822  -2.3392928 ]
 [ 3.2747943  -2.9582217 ]
 [ 3.3332908  -3.0200782 ]
 [ 4.0062356  -3.6922688 ]
 [ 4.0062356  -3.6922688 ]
 [ 3.5730107  -3.2543736 ]
 [ 0.9971793  -0.68800354]
 [ 2.0456333  -1.7286875 ]
 [ 2.3459604  -2.023256  ]
 [ 3.7277462  -3.4120657 ]
 [ 3.61178    -3.3002813 ]
 [ 3.2747943  -2.9582217 ]
 [ 3.7277462  -3.4120657 ]
 [-1.2273655   1.5439651 ]
 [ 1.0686009  -0.7572524 ]
 [ 1.2756686  -0.96820664]
 [ 3.3907607  -3.0700061 ]
 [ 2.229994   -1.9114714 ]
 [ 3.5730107  -3.2543736 ]
 [ 3.7277462  -3.4120657 ]
 [ 1.9515048  -1.6312683 ]
 [ 1.2756686  -0.96820664]
 [ 0.6027238  -0.29601595]
 [ 3.61178    -3.3002813 ]
 [ 2.957536   -2.6321108 ]
 [ 3.2747943  -2.9582217 ]
 [ 3.3907607  -3.0700061 ]
 [-0.4938144   0.81150126]
 [ 0.88797146 -0.57730854]
 [ 2.957536   -2.6321108 ]]
2025-12-21 21:12:28,783 - [INFO] - ------------------------------------------------------------
2025-12-21 21:12:28,783 - [INFO] - On Validation Set:
	Accuracy of RRL  Model: 0.8997926744989634
	F1 Score of RRL  Model: 0.7142469966074364
2025-12-21 21:12:28,789 - [INFO] - On Validation Set:
Performance of  RRL Model: 
[[1234   52]
 [  93   68]]
              precision    recall  f1-score   support

           0       0.93      0.96      0.94      1286
           1       0.57      0.42      0.48       161

    accuracy                           0.90      1447
   macro avg       0.75      0.69      0.71      1447
weighted avg       0.89      0.90      0.89      1447

2025-12-21 21:12:28,789 - [INFO] - ------------------------------------------------------------
2025-12-21 21:12:28,853 - [INFO] - epoch: 213, loss_rrl: 108.93899640999734
2025-12-21 21:12:30,274 - [INFO] - epoch: 214, loss_rrl: 108.9751375541091
2025-12-21 21:12:30,462 - [DEBUG] - y_true: (1447,) [0 0 0 0 0 1 0 0 0 0 0 0 0 0 0 0 0 1 0 0 0 0 0 0 1 0 0 0 0 0 0 0 0 0 0 0 0
 0 1 1 0]
2025-12-21 21:12:30,631 - [DEBUG] - y_rrl_: (1447,) [0 1 0 0 0 1 0 0 0 0 0 0 0 0 0 0 0 0 0 0 0 0 0 0 1 0 0 0 0 0 0 0 0 1 0 0 0
 0 0 0 0]
2025-12-21 21:12:30,631 - [DEBUG] - y_rrl: (1447, 2) [[ 3.4900763  -3.1759856 ]
 [-1.0607413   1.3782241 ]
 [ 1.9764627  -1.6468176 ]
 [ 1.9764627  -1.6468176 ]
 [ 3.1659102  -2.8467748 ]
 [-0.7163839   1.0324929 ]
 [ 3.7672586  -3.45487   ]
 [ 2.4106846  -2.085684  ]
 [ 3.7672586  -3.45487   ]
 [ 1.5736493  -1.2608025 ]
 [ 1.1970742  -0.8940674 ]
 [ 2.6354578  -2.3270438 ]
 [ 2.9243524  -2.6081903 ]
 [ 3.4900763  -3.1759856 ]
 [ 3.7672586  -3.45487   ]
 [ 2.9713364  -2.6585164 ]
 [ 3.4900763  -3.1759856 ]
 [ 1.1970742  -0.8940674 ]
 [ 1.2899082  -0.9758252 ]
 [ 1.3634021  -1.0364605 ]
 [ 3.4900763  -3.1759856 ]
 [ 3.4900763  -3.1759856 ]
 [ 3.1659102  -2.8467748 ]
 [ 3.4900763  -3.1759856 ]
 [-0.7163839   1.0324929 ]
 [ 0.7158683  -0.40487456]
 [ 2.8142965  -2.4985344 ]
 [ 2.4106846  -2.085684  ]
 [ 2.3958097  -2.0764358 ]
 [ 3.3330362  -3.0160034 ]
 [ 3.4900763  -3.1759856 ]
 [ 2.1186275  -1.7975513 ]
 [ 0.76285225 -0.45520088]
 [ 0.00762653  0.30588984]
 [ 3.7672586  -3.45487   ]
 [ 2.4106846  -2.085684  ]
 [ 3.1659102  -2.8467748 ]
 [ 2.4106846  -2.085684  ]
 [ 0.23657796  0.0761575 ]
 [ 0.6550648  -0.34594133]
 [ 2.4106846  -2.085684  ]]
2025-12-21 21:12:30,633 - [INFO] - ------------------------------------------------------------
2025-12-21 21:12:30,634 - [INFO] - On Validation Set:
	Accuracy of RRL  Model: 0.8997926744989634
	F1 Score of RRL  Model: 0.751370151146187
2025-12-21 21:12:30,639 - [INFO] - On Validation Set:
Performance of  RRL Model: 
[[1210   76]
 [  69   92]]
              precision    recall  f1-score   support

           0       0.95      0.94      0.94      1286
           1       0.55      0.57      0.56       161

    accuracy                           0.90      1447
   macro avg       0.75      0.76      0.75      1447
weighted avg       0.90      0.90      0.90      1447

2025-12-21 21:12:30,640 - [INFO] - ------------------------------------------------------------
2025-12-21 21:12:31,915 - [INFO] - epoch: 215, loss_rrl: 108.63767355121672
2025-12-21 21:12:32,332 - [DEBUG] - y_true: (1447,) [0 0 0 0 0 1 0 0 0 0 0 0 0 0 0 0 0 1 0 0 0 0 0 0 1 0 0 0 0 0 0 0 0 0 0 0 0
 0 1 1 0]
2025-12-21 21:12:32,493 - [DEBUG] - y_rrl_: (1447,) [0 0 0 0 0 1 0 0 0 0 0 0 0 0 0 0 0 0 0 0 0 0 0 0 1 0 0 0 0 0 0 0 0 0 0 0 0
 0 0 0 0]
2025-12-21 21:12:32,494 - [DEBUG] - y_rrl: (1447, 2) [[ 4.1462483  -3.8354063 ]
 [ 1.104158   -0.8053815 ]
 [ 2.690109   -2.3671331 ]
 [ 3.1149156  -2.7965589 ]
 [ 4.1462483  -3.8354063 ]
 [-0.8180864   1.1298853 ]
 [ 4.1462483  -3.8354063 ]
 [ 3.7214425  -3.405981  ]
 [ 4.1462483  -3.8354063 ]
 [ 2.5490353  -2.2406206 ]
 [ 2.0337646  -1.7266122 ]
 [ 3.6309783  -3.3213978 ]
 [ 2.8863132  -2.5778017 ]
 [ 4.1462483  -3.8354063 ]
 [ 4.1462483  -3.8354063 ]
 [ 3.6309783  -3.3213978 ]
 [ 3.7214425  -3.405981  ]
 [ 2.0337646  -1.7266122 ]
 [ 2.2765653  -1.9707415 ]
 [ 3.5365012  -3.2283459 ]
 [ 4.1462483  -3.8354063 ]
 [ 4.1462483  -3.8354063 ]
 [ 4.1462483  -3.8354063 ]
 [ 4.1462483  -3.8354063 ]
 [ 0.07207604  0.23786294]
 [ 1.104158   -0.8053815 ]
 [ 3.2061718  -2.8919725 ]
 [ 4.1462483  -3.8354063 ]
 [ 3.7214425  -3.405981  ]
 [ 4.1462483  -3.8354063 ]
 [ 4.1462483  -3.8354063 ]
 [ 3.5365012  -3.2283459 ]
 [ 2.0337646  -1.7266122 ]
 [ 2.0337646  -1.7266122 ]
 [ 4.1462483  -3.8354063 ]
 [ 4.1462483  -3.8354063 ]
 [ 4.1462483  -3.8354063 ]
 [ 4.1462483  -3.8354063 ]
 [ 1.0515975  -0.7347793 ]
 [ 1.0104933  -0.7028822 ]
 [ 3.7214425  -3.405981  ]]
2025-12-21 21:12:32,496 - [INFO] - ------------------------------------------------------------
2025-12-21 21:12:32,496 - [INFO] - On Validation Set:
	Accuracy of RRL  Model: 0.9032480995162405
	F1 Score of RRL  Model: 0.6719798440374103
2025-12-21 21:12:32,502 - [INFO] - On Validation Set:
Performance of  RRL Model: 
[[1261   25]
 [ 115   46]]
              precision    recall  f1-score   support

           0       0.92      0.98      0.95      1286
           1       0.65      0.29      0.40       161

    accuracy                           0.90      1447
   macro avg       0.78      0.63      0.67      1447
weighted avg       0.89      0.90      0.89      1447

2025-12-21 21:12:32,502 - [INFO] - ------------------------------------------------------------
2025-12-21 21:12:33,535 - [INFO] - epoch: 216, loss_rrl: 107.60800367221236
2025-12-21 21:12:34,190 - [DEBUG] - y_true: (1447,) [0 0 0 0 0 1 0 0 0 0 0 0 0 0 0 0 0 1 0 0 0 0 0 0 1 0 0 0 0 0 0 0 0 0 0 0 0
 0 1 1 0]
2025-12-21 21:12:34,351 - [DEBUG] - y_rrl_: (1447,) [0 0 0 0 0 1 0 0 0 0 0 0 0 0 0 0 0 0 0 0 0 0 0 0 1 0 0 0 0 0 0 0 0 0 0 0 0
 0 0 0 0]
2025-12-21 21:12:34,352 - [DEBUG] - y_rrl: (1447, 2) [[ 3.776746   -3.4657543 ]
 [ 0.52651966 -0.21666607]
 [ 3.0309298  -2.7103584 ]
 [ 3.4525943  -3.1366167 ]
 [ 3.4525943  -3.1366167 ]
 [-0.43567303  0.7486997 ]
 [ 4.050242   -3.740927  ]
 [ 3.4525943  -3.1366167 ]
 [ 4.050242   -3.740927  ]
 [ 2.1812057  -1.8796204 ]
 [ 1.0576973  -0.7600357 ]
 [ 3.4442844  -3.1376405 ]
 [ 3.72609    -3.4117894 ]
 [ 3.776746   -3.4657543 ]
 [ 4.050242   -3.740927  ]
 [ 3.2591949  -2.9494562 ]
 [ 3.776746   -3.4657543 ]
 [ 1.0576973  -0.7600357 ]
 [ 1.6065967  -1.2956038 ]
 [ 2.8466368  -2.5333302 ]
 [ 3.776746   -3.4657543 ]
 [ 3.776746   -3.4657543 ]
 [ 3.4525943  -3.1366167 ]
 [ 3.776746   -3.4657543 ]
 [-0.43567303  0.7486997 ]
 [ 0.58537716 -0.27981266]
 [ 1.8466564  -1.5424044 ]
 [ 3.4525943  -3.1366167 ]
 [ 2.6984682  -2.3822448 ]
 [ 4.050242   -3.740927  ]
 [ 3.776746   -3.4657543 ]
 [ 2.8466368  -2.5333302 ]
 [ 0.6360329  -0.33377743]
 [ 0.6360329  -0.33377743]
 [ 4.050242   -3.740927  ]
 [ 3.4525943  -3.1366167 ]
 [ 3.4525943  -3.1366167 ]
 [ 3.4525943  -3.1366167 ]
 [ 0.5035426  -0.1938568 ]
 [ 0.9161007  -0.6099828 ]
 [ 3.4525943  -3.1366167 ]]
2025-12-21 21:12:34,354 - [INFO] - ------------------------------------------------------------
2025-12-21 21:12:34,354 - [INFO] - On Validation Set:
	Accuracy of RRL  Model: 0.902557014512785
	F1 Score of RRL  Model: 0.7071459841965881
2025-12-21 21:12:34,360 - [INFO] - On Validation Set:
Performance of  RRL Model: 
[[1244   42]
 [  99   62]]
              precision    recall  f1-score   support

           0       0.93      0.97      0.95      1286
           1       0.60      0.39      0.47       161

    accuracy                           0.90      1447
   macro avg       0.76      0.68      0.71      1447
weighted avg       0.89      0.90      0.89      1447

2025-12-21 21:12:34,360 - [INFO] - ------------------------------------------------------------
2025-12-21 21:12:35,174 - [INFO] - epoch: 217, loss_rrl: 107.80660466477275
2025-12-21 21:12:36,236 - [DEBUG] - y_true: (1447,) [0 0 0 0 0 1 0 0 0 0 0 0 0 0 0 0 0 1 0 0 0 0 0 0 1 0 0 0 0 0 0 0 0 0 0 0 0
 0 1 1 0]
2025-12-21 21:12:36,398 - [DEBUG] - y_rrl_: (1447,) [0 0 0 0 0 1 0 0 0 0 0 0 0 0 0 0 0 0 0 0 0 0 0 0 1 0 0 0 0 0 0 0 0 0 0 0 0
 0 1 0 0]
2025-12-21 21:12:36,398 - [DEBUG] - y_rrl: (1447, 2) [[ 4.1580567  -3.8502758 ]
 [ 1.16537    -0.86218244]
 [ 2.9630423  -2.6502736 ]
 [ 2.9630423  -2.6502736 ]
 [ 4.1580567  -3.8502758 ]
 [-0.33686623  0.64835185]
 [ 4.1580567  -3.8502758 ]
 [ 2.9630423  -2.6502736 ]
 [ 4.1580567  -3.8502758 ]
 [ 1.3379998  -1.0345616 ]
 [ 0.9915619  -0.6924451 ]
 [ 2.616604   -2.308157  ]
 [ 3.649485   -3.3429499 ]
 [ 3.896552   -3.5871062 ]
 [ 4.1580567  -3.8502758 ]
 [ 4.1580567  -3.8502758 ]
 [ 3.224546   -2.9134429 ]
 [ 0.7300579  -0.42927563]
 [ 2.5779302  -2.2721922 ]
 [ 2.8636708  -2.5523136 ]
 [ 3.896552   -3.5871062 ]
 [ 4.1580567  -3.8502758 ]
 [ 4.1580567  -3.8502758 ]
 [ 3.896552   -3.5871062 ]
 [-0.33686623  0.64835185]
 [ 0.9915619  -0.6924451 ]
 [ 3.733117   -3.420769  ]
 [ 3.896552   -3.5871062 ]
 [ 3.125175   -2.815483  ]
 [ 3.733117   -3.420769  ]
 [ 3.896552   -3.5871062 ]
 [ 2.8636708  -2.5523136 ]
 [ 0.9915619  -0.6924451 ]
 [ 0.7300579  -0.42927563]
 [ 4.1580567  -3.8502758 ]
 [ 2.9630423  -2.6502736 ]
 [ 4.1580567  -3.8502758 ]
 [ 3.896552   -3.5871062 ]
 [-0.33686623  0.64835185]
 [ 1.0219454  -0.71732897]
 [ 2.9630423  -2.6502736 ]]
2025-12-21 21:12:36,400 - [INFO] - ------------------------------------------------------------
2025-12-21 21:12:36,400 - [INFO] - On Validation Set:
	Accuracy of RRL  Model: 0.9039391845196959
	F1 Score of RRL  Model: 0.6830279964383928
2025-12-21 21:12:36,406 - [INFO] - On Validation Set:
Performance of  RRL Model: 
[[1258   28]
 [ 111   50]]
              precision    recall  f1-score   support

           0       0.92      0.98      0.95      1286
           1       0.64      0.31      0.42       161

    accuracy                           0.90      1447
   macro avg       0.78      0.64      0.68      1447
weighted avg       0.89      0.90      0.89      1447

2025-12-21 21:12:36,406 - [INFO] - ------------------------------------------------------------
2025-12-21 21:12:37,032 - [INFO] - epoch: 218, loss_rrl: 109.2037826757878
2025-12-21 21:12:38,151 - [DEBUG] - y_true: (1447,) [0 0 0 0 0 1 0 0 0 0 0 0 0 0 0 0 0 1 0 0 0 0 0 0 1 0 0 0 0 0 0 0 0 0 0 0 0
 0 1 1 0]
2025-12-21 21:12:38,312 - [DEBUG] - y_rrl_: (1447,) [0 1 0 0 0 1 0 0 0 0 0 0 0 0 0 0 0 0 0 0 0 0 0 0 1 0 0 0 0 0 0 0 0 0 0 0 0
 0 1 0 0]
2025-12-21 21:12:38,313 - [DEBUG] - y_rrl: (1447, 2) [[ 3.6917343  -3.3838222 ]
 [-0.058419    0.360252  ]
 [ 2.5521016  -2.2339406 ]
 [ 2.5521016  -2.2339406 ]
 [ 2.9756835  -2.6620648 ]
 [-0.522188    0.8321434 ]
 [ 3.9552004  -3.648942  ]
 [ 3.6917343  -3.3838222 ]
 [ 3.9552004  -3.648942  ]
 [ 2.0699873  -1.771331  ]
 [ 0.21727535  0.08320932]
 [ 2.8185399  -2.516159  ]
 [ 3.4408708  -3.1358492 ]
 [ 2.9756835  -2.6620648 ]
 [ 3.9552004  -3.648942  ]
 [ 3.1774044  -2.8707297 ]
 [ 2.9756835  -2.6620648 ]
 [ 0.93332624 -0.63854814]
 [ 1.8393265  -1.5363345 ]
 [ 2.6458218  -2.336008  ]
 [ 3.6917343  -3.3838222 ]
 [ 3.6917343  -3.3838222 ]
 [ 3.6917343  -3.3838222 ]
 [ 2.9756835  -2.6620648 ]
 [-0.09860634  0.4040195 ]
 [ 1.1967926  -0.9036679 ]
 [ 2.394958   -2.088035  ]
 [ 3.6917343  -3.3838222 ]
 [ 2.909288   -2.6011276 ]
 [ 3.9552004  -3.648942  ]
 [ 3.6917343  -3.3838222 ]
 [ 2.6458218  -2.336008  ]
 [ 0.50974464 -0.21042417]
 [ 0.50974464 -0.21042417]
 [ 3.9552004  -3.648942  ]
 [ 3.6917343  -3.3838222 ]
 [ 3.6917343  -3.3838222 ]
 [ 3.6917343  -3.3838222 ]
 [-0.09860634  0.4040195 ]
 [ 0.8396063  -0.5364808 ]
 [ 3.6917343  -3.3838222 ]]
2025-12-21 21:12:38,315 - [INFO] - ------------------------------------------------------------
2025-12-21 21:12:38,315 - [INFO] - On Validation Set:
	Accuracy of RRL  Model: 0.9039391845196959
	F1 Score of RRL  Model: 0.7360781426938707
2025-12-21 21:12:38,321 - [INFO] - On Validation Set:
Performance of  RRL Model: 
[[1231   55]
 [  84   77]]
              precision    recall  f1-score   support

           0       0.94      0.96      0.95      1286
           1       0.58      0.48      0.53       161

    accuracy                           0.90      1447
   macro avg       0.76      0.72      0.74      1447
weighted avg       0.90      0.90      0.90      1447

2025-12-21 21:12:38,321 - [INFO] - ------------------------------------------------------------
2025-12-21 21:12:38,644 - [INFO] - epoch: 219, loss_rrl: 107.42114978469908
2025-12-21 21:12:40,039 - [DEBUG] - y_true: (1447,) [0 0 0 0 0 1 0 0 0 0 0 0 0 0 0 0 0 1 0 0 0 0 0 0 1 0 0 0 0 0 0 0 0 0 0 0 0
 0 1 1 0]
2025-12-21 21:12:40,201 - [DEBUG] - y_rrl_: (1447,) [0 0 0 0 0 1 0 0 0 0 0 0 0 0 0 0 0 0 0 0 0 0 0 0 1 0 0 0 0 0 0 0 0 0 0 0 0
 0 0 0 0]
2025-12-21 21:12:40,202 - [DEBUG] - y_rrl: (1447, 2) [[ 4.067186   -3.7624424 ]
 [ 0.5986301  -0.3010627 ]
 [ 3.3746233  -3.0637214 ]
 [ 3.3746233  -3.0637214 ]
 [ 4.067186   -3.7624424 ]
 [-0.15143192  0.4582247 ]
 [ 4.067186   -3.7624424 ]
 [ 4.067186   -3.7624424 ]
 [ 4.067186   -3.7624424 ]
 [ 2.8825867  -2.5846488 ]
 [ 1.434674   -1.13569   ]
 [ 2.9337378  -2.6328478 ]
 [ 3.5515404  -3.2480254 ]
 [ 4.067186   -3.7624424 ]
 [ 4.067186   -3.7624424 ]
 [ 4.067186   -3.7624424 ]
 [ 4.067186   -3.7624424 ]
 [ 1.7491381  -1.4550542 ]
 [ 2.7244108  -2.4233255 ]
 [ 3.0238483  -2.717213  ]
 [ 4.067186   -3.7624424 ]
 [ 4.067186   -3.7624424 ]
 [ 4.067186   -3.7624424 ]
 [ 4.067186   -3.7624424 ]
 [-0.41845965  0.72689396]
 [ 1.3236028  -1.0250021 ]
 [ 1.3236028  -1.0250021 ]
 [ 4.067186   -3.7624424 ]
 [ 3.0238483  -2.717213  ]
 [ 3.6416512  -3.3323905 ]
 [ 4.067186   -3.7624424 ]
 [ 3.0238483  -2.717213  ]
 [ 1.0091388  -0.705638  ]
 [ 1.3236028  -1.0250021 ]
 [ 4.067186   -3.7624424 ]
 [ 4.067186   -3.7624424 ]
 [ 4.067186   -3.7624424 ]
 [ 4.067186   -3.7624424 ]
 [ 0.27410334  0.02817269]
 [ 0.62487817 -0.31833565]
 [ 4.067186   -3.7624424 ]]
2025-12-21 21:12:40,204 - [INFO] - ------------------------------------------------------------
2025-12-21 21:12:40,204 - [INFO] - On Validation Set:
	Accuracy of RRL  Model: 0.9115411195577056
	F1 Score of RRL  Model: 0.7092187892489324
2025-12-21 21:12:40,210 - [INFO] - On Validation Set:
Performance of  RRL Model: 
[[1263   23]
 [ 105   56]]
              precision    recall  f1-score   support

           0       0.92      0.98      0.95      1286
           1       0.71      0.35      0.47       161

    accuracy                           0.91      1447
   macro avg       0.82      0.66      0.71      1447
weighted avg       0.90      0.91      0.90      1447

2025-12-21 21:12:40,210 - [INFO] - ------------------------------------------------------------
2025-12-21 21:12:40,305 - [INFO] - epoch: 220, loss_rrl: 107.92625390924513
2025-12-21 21:12:41,701 - [INFO] - epoch: 221, loss_rrl: 110.8473134059459
2025-12-21 21:12:41,849 - [DEBUG] - y_true: (1447,) [0 0 0 0 0 1 0 0 0 0 0 0 0 0 0 0 0 1 0 0 0 0 0 0 1 0 0 0 0 0 0 0 0 0 0 0 0
 0 1 1 0]
2025-12-21 21:12:42,012 - [DEBUG] - y_rrl_: (1447,) [0 1 0 0 0 1 0 0 0 0 0 0 0 0 0 0 0 0 0 0 0 0 0 0 1 0 0 0 0 0 0 0 0 0 0 0 0
 0 0 0 0]
2025-12-21 21:12:42,012 - [DEBUG] - y_rrl: (1447, 2) [[ 2.7180524  -2.4215703 ]
 [-0.49973148  0.8052102 ]
 [ 2.9022274  -2.5880053 ]
 [ 2.9022274  -2.5880053 ]
 [ 2.4009156  -2.099562  ]
 [-0.30101314  0.60629576]
 [ 3.9051347  -3.6019058 ]
 [ 3.166708   -2.8541152 ]
 [ 3.9051347  -3.6019058 ]
 [ 2.2967622  -1.9957886 ]
 [ 1.1717973  -0.8746541 ]
 [ 2.8740888  -2.5689783 ]
 [ 2.4009156  -2.099562  ]
 [ 3.9051347  -3.6019058 ]
 [ 2.7180524  -2.4215703 ]
 [ 3.389925   -3.0879166 ]
 [ 3.4838448  -3.1761239 ]
 [ 1.1717973  -0.8746541 ]
 [ 0.5620228  -0.2655238 ]
 [ 1.36987    -1.0666347 ]
 [ 2.7180524  -2.4215703 ]
 [ 3.9051347  -3.6019058 ]
 [ 2.4009156  -2.099562  ]
 [ 2.7180524  -2.4215703 ]
 [-0.5654935   0.87240607]
 [ 0.39632162 -0.09666732]
 [ 3.4838448  -3.1761239 ]
 [ 2.4009156  -2.099562  ]
 [ 2.5569522  -2.24697   ]
 [ 2.2967622  -1.9957886 ]
 [ 3.9051347  -3.6019058 ]
 [ 1.36987    -1.0666347 ]
 [ 1.1717973  -0.8746541 ]
 [ 1.1717973  -0.8746541 ]
 [ 2.7180524  -2.4215703 ]
 [ 3.166708   -2.8541152 ]
 [ 3.587998   -3.2798972 ]
 [ 2.4009156  -2.099562  ]
 [ 0.21419618  0.09230666]
 [ 0.7826887  -0.48252982]
 [ 3.166708   -2.8541152 ]]
2025-12-21 21:12:42,014 - [INFO] - ------------------------------------------------------------
2025-12-21 21:12:42,014 - [INFO] - On Validation Set:
	Accuracy of RRL  Model: 0.8997926744989634
	F1 Score of RRL  Model: 0.6904054690139868
2025-12-21 21:12:42,020 - [INFO] - On Validation Set:
Performance of  RRL Model: 
[[1246   40]
 [ 105   56]]
              precision    recall  f1-score   support

           0       0.92      0.97      0.95      1286
           1       0.58      0.35      0.44       161

    accuracy                           0.90      1447
   macro avg       0.75      0.66      0.69      1447
weighted avg       0.88      0.90      0.89      1447

2025-12-21 21:12:42,020 - [INFO] - ------------------------------------------------------------
2025-12-21 21:12:43,288 - [INFO] - epoch: 222, loss_rrl: 107.78925960510969
2025-12-21 21:12:43,663 - [DEBUG] - y_true: (1447,) [0 0 0 0 0 1 0 0 0 0 0 0 0 0 0 0 0 1 0 0 0 0 0 0 1 0 0 0 0 0 0 0 0 0 0 0 0
 0 1 1 0]
2025-12-21 21:12:43,827 - [DEBUG] - y_rrl_: (1447,) [0 0 0 0 0 1 0 0 0 0 0 0 0 0 0 0 0 0 0 0 0 0 0 0 1 0 0 0 0 0 0 0 0 0 0 0 0
 0 0 0 0]
2025-12-21 21:12:43,827 - [DEBUG] - y_rrl: (1447, 2) [[ 4.0461073  -3.7443838 ]
 [ 0.7479823  -0.45615137]
 [ 2.6615398  -2.34814   ]
 [ 2.6615398  -2.34814   ]
 [ 4.0461073  -3.7443838 ]
 [-0.43887287  0.7442751 ]
 [ 4.0461073  -3.7443838 ]
 [ 3.3612306  -3.0534213 ]
 [ 4.0461073  -3.7443838 ]
 [ 2.175838   -1.8747164 ]
 [ 1.9203123  -1.6220214 ]
 [ 3.5274327  -3.2269208 ]
 [ 2.8112268  -2.5117304 ]
 [ 3.7829578  -3.479616  ]
 [ 4.0461073  -3.7443838 ]
 [ 4.0461073  -3.7443838 ]
 [ 3.6243804  -3.3181891 ]
 [ 1.6571623  -1.3572536 ]
 [ 2.4520507  -2.1523192 ]
 [ 2.746529   -2.441315  ]
 [ 3.7829578  -3.479616  ]
 [ 4.0461073  -3.7443838 ]
 [ 4.0461073  -3.7443838 ]
 [ 3.7829578  -3.479616  ]
 [-0.0171456   0.31808072]
 [ 1.011132   -0.7209192 ]
 [ 1.9203123  -1.6220214 ]
 [ 3.7829578  -3.479616  ]
 [ 3.6243804  -3.3181891 ]
 [ 4.0461073  -3.7443838 ]
 [ 3.7829578  -3.479616  ]
 [ 2.746529   -2.441315  ]
 [ 1.9203123  -1.6220214 ]
 [ 1.6571623  -1.3572536 ]
 [ 4.0461073  -3.7443838 ]
 [ 3.7829578  -3.479616  ]
 [ 4.0461073  -3.7443838 ]
 [ 3.7829578  -3.479616  ]
 [ 0.17582864  0.13216875]
 [ 0.91843605 -0.6197501 ]
 [ 3.3612306  -3.0534213 ]]
2025-12-21 21:12:43,830 - [INFO] - ------------------------------------------------------------
2025-12-21 21:12:43,830 - [INFO] - On Validation Set:
	Accuracy of RRL  Model: 0.907394609536973
	F1 Score of RRL  Model: 0.6908947724171354
2025-12-21 21:12:43,835 - [INFO] - On Validation Set:
Performance of  RRL Model: 
[[1262   24]
 [ 110   51]]
              precision    recall  f1-score   support

           0       0.92      0.98      0.95      1286
           1       0.68      0.32      0.43       161

    accuracy                           0.91      1447
   macro avg       0.80      0.65      0.69      1447
weighted avg       0.89      0.91      0.89      1447

2025-12-21 21:12:43,836 - [INFO] - ------------------------------------------------------------
2025-12-21 21:12:44,869 - [INFO] - epoch: 223, loss_rrl: 109.24812870286405
2025-12-21 21:12:45,462 - [DEBUG] - y_true: (1447,) [0 0 0 0 0 1 0 0 0 0 0 0 0 0 0 0 0 1 0 0 0 0 0 0 1 0 0 0 0 0 0 0 0 0 0 0 0
 0 1 1 0]
2025-12-21 21:12:45,631 - [DEBUG] - y_rrl_: (1447,) [0 0 0 0 0 1 0 0 0 0 0 0 0 0 0 0 0 0 0 0 0 0 0 0 1 0 0 0 0 0 0 0 0 0 0 0 0
 0 0 0 0]
2025-12-21 21:12:45,631 - [DEBUG] - y_rrl: (1447, 2) [[ 3.8744078  -3.572578  ]
 [ 1.1920447  -0.89759326]
 [ 3.4550996  -3.148827  ]
 [ 4.136828   -3.8366036 ]
 [ 3.8744078  -3.572578  ]
 [-0.36810148  0.6719996 ]
 [ 4.136828   -3.8366036 ]
 [ 3.1981466  -2.8946831 ]
 [ 4.136828   -3.8366036 ]
 [ 2.0046341  -1.7077994 ]
 [ 1.7422146  -1.443774  ]
 [ 3.0009027  -2.697243  ]
 [ 4.136828   -3.8366036 ]
 [ 3.8744078  -3.572578  ]
 [ 4.136828   -3.8366036 ]
 [ 2.6384182  -2.3387988 ]
 [ 2.935727   -2.6306577 ]
 [ 1.2880175  -0.99218965]
 [ 2.0230732  -1.7260327 ]
 [ 3.521482   -3.2238376 ]
 [ 4.136828   -3.8366036 ]
 [ 3.8744078  -3.572578  ]
 [ 3.8744078  -3.572578  ]
 [ 3.8744078  -3.572578  ]
 [-0.36810148  0.6719996 ]
 [ 1.3892887  -1.0950335 ]
 [ 3.0009027  -2.697243  ]
 [ 4.136828   -3.8366036 ]
 [ 3.0009027  -2.697243  ]
 [ 4.136828   -3.8366036 ]
 [ 4.136828   -3.8366036 ]
 [ 3.521482   -3.2238376 ]
 [ 1.7422146  -1.443774  ]
 [ 1.0255978  -0.7281642 ]
 [ 4.136828   -3.8366036 ]
 [ 3.6174545  -3.3184342 ]
 [ 3.8744078  -3.572578  ]
 [ 3.8744078  -3.572578  ]
 [ 1.0290363  -0.7229614 ]
 [ 0.2769354   0.01927608]
 [ 2.935727   -2.6306577 ]]
2025-12-21 21:12:45,633 - [INFO] - ------------------------------------------------------------
2025-12-21 21:12:45,633 - [INFO] - On Validation Set:
	Accuracy of RRL  Model: 0.9039391845196959
	F1 Score of RRL  Model: 0.662320590027752
2025-12-21 21:12:45,639 - [INFO] - On Validation Set:
Performance of  RRL Model: 
[[1266   20]
 [ 119   42]]
              precision    recall  f1-score   support

           0       0.91      0.98      0.95      1286
           1       0.68      0.26      0.38       161

    accuracy                           0.90      1447
   macro avg       0.80      0.62      0.66      1447
weighted avg       0.89      0.90      0.88      1447

2025-12-21 21:12:45,639 - [INFO] - ------------------------------------------------------------
2025-12-21 21:12:46,591 - [INFO] - epoch: 224, loss_rrl: 109.11943461745977
2025-12-21 21:12:47,459 - [DEBUG] - y_true: (1447,) [0 0 0 0 0 1 0 0 0 0 0 0 0 0 0 0 0 1 0 0 0 0 0 0 1 0 0 0 0 0 0 0 0 0 0 0 0
 0 1 1 0]
2025-12-21 21:12:47,625 - [DEBUG] - y_rrl_: (1447,) [0 1 0 0 0 1 0 0 0 0 0 0 0 0 0 0 0 0 0 0 0 0 0 0 1 0 0 0 0 0 0 0 0 0 0 0 0
 0 1 0 0]
2025-12-21 21:12:47,626 - [DEBUG] - y_rrl: (1447, 2) [[ 4.076624   -3.7778916 ]
 [ 0.04656873  0.25814718]
 [ 2.363559   -2.0485122 ]
 [ 2.363559   -2.0485122 ]
 [ 3.7436793  -3.4401586 ]
 [-0.40634933  0.7087486 ]
 [ 4.076624   -3.7778916 ]
 [ 2.363559   -2.0485122 ]
 [ 4.076624   -3.7778916 ]
 [ 1.5085074  -1.2048202 ]
 [ 1.3430146  -1.0501964 ]
 [ 2.5310106  -2.2316215 ]
 [ 3.2348342  -2.9325094 ]
 [ 3.8190327  -3.5187063 ]
 [ 4.076624   -3.7778916 ]
 [ 4.076624   -3.7778916 ]
 [ 3.6600049  -3.3568556 ]
 [ 1.0854234  -0.79101104]
 [ 2.1537313  -1.8521796 ]
 [ 1.7434099  -1.4309275 ]
 [ 3.8190327  -3.5187063 ]
 [ 4.076624   -3.7778916 ]
 [ 3.7436793  -3.4401586 ]
 [ 3.8190327  -3.5187063 ]
 [-0.40634933  0.7087486 ]
 [ 1.0100701  -0.71246326]
 [ 3.1511598  -2.8492064 ]
 [ 2.780178   -2.4695482 ]
 [ 2.7069113  -2.401538  ]
 [ 3.6600049  -3.3568556 ]
 [ 3.8190327  -3.5187063 ]
 [ 2.44932    -2.1423526 ]
 [ 1.3430146  -1.0501964 ]
 [ 0.3795132  -0.07958593]
 [ 4.076624   -3.7778916 ]
 [ 2.363559   -2.0485122 ]
 [ 3.7436793  -3.4401586 ]
 [ 2.780178   -2.4695482 ]
 [-0.40634933  0.7087486 ]
 [ 0.96336293 -0.66760564]
 [ 2.363559   -2.0485122 ]]
2025-12-21 21:12:47,628 - [INFO] - ------------------------------------------------------------
2025-12-21 21:12:47,628 - [INFO] - On Validation Set:
	Accuracy of RRL  Model: 0.8977194194885971
	F1 Score of RRL  Model: 0.714659546346039
2025-12-21 21:12:47,634 - [INFO] - On Validation Set:
Performance of  RRL Model: 
[[1229   57]
 [  91   70]]
              precision    recall  f1-score   support

           0       0.93      0.96      0.94      1286
           1       0.55      0.43      0.49       161

    accuracy                           0.90      1447
   macro avg       0.74      0.70      0.71      1447
weighted avg       0.89      0.90      0.89      1447

2025-12-21 21:12:47,634 - [INFO] - ------------------------------------------------------------
2025-12-21 21:12:48,239 - [INFO] - epoch: 225, loss_rrl: 108.69959662482142
2025-12-21 21:12:49,359 - [DEBUG] - y_true: (1447,) [0 0 0 0 0 1 0 0 0 0 0 0 0 0 0 0 0 1 0 0 0 0 0 0 1 0 0 0 0 0 0 0 0 0 0 0 0
 0 1 1 0]
2025-12-21 21:12:49,521 - [DEBUG] - y_rrl_: (1447,) [0 0 0 0 0 1 0 0 0 0 0 0 0 0 0 0 0 0 0 0 0 0 0 0 1 0 0 0 0 0 0 0 0 0 0 0 0
 0 0 0 0]
2025-12-21 21:12:49,522 - [DEBUG] - y_rrl: (1447, 2) [[ 3.7167344  -3.4178991 ]
 [ 0.52583283 -0.23542947]
 [ 3.2978687  -2.9946413 ]
 [ 3.2978687  -2.9946413 ]
 [ 3.011362   -2.7070498 ]
 [-0.48389906  0.78481275]
 [ 3.9834194  -3.6861672 ]
 [ 3.5645537  -3.262909  ]
 [ 3.9834194  -3.6861672 ]
 [ 2.3820136  -2.0868824 ]
 [ 0.27746072  0.02099374]
 [ 2.4320583  -2.1341503 ]
 [ 3.475347   -3.1792817 ]
 [ 3.011362   -2.7070498 ]
 [ 3.9834194  -3.6861672 ]
 [ 3.208662   -2.9110136 ]
 [ 2.5924964  -2.2837918 ]
 [ 1.2495179  -0.9581235 ]
 [ 1.860554   -1.5664463 ]
 [ 2.9401312  -2.6410356 ]
 [ 3.9834194  -3.6861672 ]
 [ 3.7167344  -3.4178991 ]
 [ 3.7167344  -3.4178991 ]
 [ 3.011362   -2.7070498 ]
 [-0.48389906  0.78481275]
 [ 1.2495179  -0.9581235 ]
 [ 2.4320583  -2.1341503 ]
 [ 3.9834194  -3.6861672 ]
 [ 2.9401312  -2.6410356 ]
 [ 3.5645537  -3.262909  ]
 [ 3.9834194  -3.6861672 ]
 [ 2.9401312  -2.6410356 ]
 [ 0.98283297 -0.68985564]
 [ 0.98283297 -0.68985564]
 [ 3.9834194  -3.6861672 ]
 [ 3.5645537  -3.262909  ]
 [ 3.7167344  -3.4178991 ]
 [ 3.7167344  -3.4178991 ]
 [ 0.29085857  0.00965966]
 [ 0.88942474 -0.59511507]
 [ 3.2978687  -2.9946413 ]]
2025-12-21 21:12:49,524 - [INFO] - ------------------------------------------------------------
2025-12-21 21:12:49,524 - [INFO] - On Validation Set:
	Accuracy of RRL  Model: 0.907394609536973
	F1 Score of RRL  Model: 0.726318315266486
2025-12-21 21:12:49,530 - [INFO] - On Validation Set:
Performance of  RRL Model: 
[[1245   41]
 [  93   68]]
              precision    recall  f1-score   support

           0       0.93      0.97      0.95      1286
           1       0.62      0.42      0.50       161

    accuracy                           0.91      1447
   macro avg       0.78      0.70      0.73      1447
weighted avg       0.90      0.91      0.90      1447

2025-12-21 21:12:49,530 - [INFO] - ------------------------------------------------------------
2025-12-21 21:12:49,910 - [INFO] - epoch: 226, loss_rrl: 108.0275988522917
2025-12-21 21:12:51,244 - [DEBUG] - y_true: (1447,) [0 0 0 0 0 1 0 0 0 0 0 0 0 0 0 0 0 1 0 0 0 0 0 0 1 0 0 0 0 0 0 0 0 0 0 0 0
 0 1 1 0]
2025-12-21 21:12:51,406 - [DEBUG] - y_rrl_: (1447,) [0 0 0 0 0 1 0 0 0 0 0 0 0 0 0 0 0 0 0 0 0 0 0 0 1 0 0 0 0 0 0 0 0 0 0 0 0
 0 1 0 0]
2025-12-21 21:12:51,406 - [DEBUG] - y_rrl: (1447, 2) [[ 2.8951144  -2.6058004 ]
 [ 0.86820006 -0.5764648 ]
 [ 2.7040646  -2.3969126 ]
 [ 2.7040646  -2.3969126 ]
 [ 2.8951144  -2.6058004 ]
 [-0.34818795  0.6476144 ]
 [ 4.079638   -3.7838662 ]
 [ 3.8244522  -3.527109  ]
 [ 4.079638   -3.7838662 ]
 [ 2.6399293  -2.349043  ]
 [ 1.4409566  -1.1506239 ]
 [ 3.4559057  -3.1626706 ]
 [ 2.8951144  -2.6058004 ]
 [ 3.8244522  -3.527109  ]
 [ 2.5610523  -2.2670045 ]
 [ 4.079638   -3.7838662 ]
 [ 4.079638   -3.7838662 ]
 [ 1.5198334  -1.2326626 ]
 [ 1.2866303  -0.9992627 ]
 [ 1.5977675  -1.3050495 ]
 [ 2.6399293  -2.349043  ]
 [ 4.079638   -3.7838662 ]
 [ 2.8951144  -2.6058004 ]
 [ 2.6399293  -2.349043  ]
 [-0.34818795  0.6476144 ]
 [ 1.3565886  -1.0666221 ]
 [ 3.6612074  -3.3610685 ]
 [ 2.6399293  -2.349043  ]
 [ 3.0374756  -2.7398727 ]
 [ 2.4766843  -2.1830025 ]
 [ 3.8244522  -3.527109  ]
 [ 1.5977675  -1.3050495 ]
 [ 1.0225264  -0.7278261 ]
 [ 1.1014035  -0.8098646 ]
 [ 2.8951144  -2.6058004 ]
 [ 3.8244522  -3.527109  ]
 [ 4.079638   -3.7838662 ]
 [ 2.6399293  -2.349043  ]
 [ 0.07024214  0.22481653]
 [ 0.6939737  -0.39637923]
 [ 3.8244522  -3.527109  ]]
2025-12-21 21:12:51,409 - [INFO] - ------------------------------------------------------------
2025-12-21 21:12:51,409 - [INFO] - On Validation Set:
	Accuracy of RRL  Model: 0.902557014512785
	F1 Score of RRL  Model: 0.7129747774793799
2025-12-21 21:12:51,415 - [INFO] - On Validation Set:
Performance of  RRL Model: 
[[1241   45]
 [  96   65]]
              precision    recall  f1-score   support

           0       0.93      0.97      0.95      1286
           1       0.59      0.40      0.48       161

    accuracy                           0.90      1447
   macro avg       0.76      0.68      0.71      1447
weighted avg       0.89      0.90      0.89      1447

2025-12-21 21:12:51,415 - [INFO] - ------------------------------------------------------------
2025-12-21 21:12:51,542 - [INFO] - epoch: 227, loss_rrl: 108.57478091493249
2025-12-21 21:12:53,006 - [INFO] - epoch: 228, loss_rrl: 107.72090062685311
2025-12-21 21:12:53,127 - [DEBUG] - y_true: (1447,) [0 0 0 0 0 1 0 0 0 0 0 0 0 0 0 0 0 1 0 0 0 0 0 0 1 0 0 0 0 0 0 0 0 0 0 0 0
 0 1 1 0]
2025-12-21 21:12:53,289 - [DEBUG] - y_rrl_: (1447,) [0 0 0 0 0 0 0 0 0 0 0 0 0 0 0 0 0 0 0 0 0 0 0 0 1 0 0 0 0 0 0 0 0 0 0 0 0
 0 0 0 0]
2025-12-21 21:12:53,290 - [DEBUG] - y_rrl: (1447, 2) [[ 3.9586604  -3.664351  ]
 [ 0.17985676  0.11243608]
 [ 2.472726   -2.1689758 ]
 [ 2.8857787  -2.5863717 ]
 [ 3.631178   -3.3321621 ]
 [ 0.2798756   0.01769557]
 [ 3.9586604  -3.664351  ]
 [ 3.135732   -2.837887  ]
 [ 3.9586604  -3.664351  ]
 [ 2.2748878  -1.9881496 ]
 [ 0.94074225 -0.6511197 ]
 [ 3.4632144  -3.170076  ]
 [ 3.631178   -3.3321621 ]
 [ 3.9586604  -3.664351  ]
 [ 3.9586604  -3.664351  ]
 [ 3.4632144  -3.170076  ]
 [ 3.4632144  -3.170076  ]
 [ 1.6525608  -1.3683428 ]
 [ 1.7812357  -1.4868858 ]
 [ 3.0088508  -2.7123554 ]
 [ 3.9586604  -3.664351  ]
 [ 3.9586604  -3.664351  ]
 [ 3.631178   -3.3321621 ]
 [ 3.9586604  -3.664351  ]
 [-0.46552354  0.76348585]
 [ 1.407472   -1.113033  ]
 [ 2.4278347  -2.1328733 ]
 [ 3.631178   -3.3321621 ]
 [ 2.5957985  -2.2949595 ]
 [ 3.9586604  -3.664351  ]
 [ 3.9586604  -3.664351  ]
 [ 3.0088508  -2.7123554 ]
 [ 1.2395085  -0.9509469 ]
 [ 1.2395085  -0.9509469 ]
 [ 3.9586604  -3.664351  ]
 [ 3.135732   -2.837887  ]
 [ 3.631178   -3.3321621 ]
 [ 3.631178   -3.3321621 ]
 [ 1.3152552  -1.0195073 ]
 [ 0.89733815 -0.60590565]
 [ 3.135732   -2.837887  ]]
2025-12-21 21:12:53,292 - [INFO] - ------------------------------------------------------------
2025-12-21 21:12:53,292 - [INFO] - On Validation Set:
	Accuracy of RRL  Model: 0.8984105044920525
	F1 Score of RRL  Model: 0.6428858038422989
2025-12-21 21:12:53,297 - [INFO] - On Validation Set:
Performance of  RRL Model: 
[[1262   24]
 [ 123   38]]
              precision    recall  f1-score   support

           0       0.91      0.98      0.94      1286
           1       0.61      0.24      0.34       161

    accuracy                           0.90      1447
   macro avg       0.76      0.61      0.64      1447
weighted avg       0.88      0.90      0.88      1447

2025-12-21 21:12:53,298 - [INFO] - ------------------------------------------------------------
2025-12-21 21:12:54,656 - [INFO] - epoch: 229, loss_rrl: 107.73967618122697
2025-12-21 21:12:55,026 - [DEBUG] - y_true: (1447,) [0 0 0 0 0 1 0 0 0 0 0 0 0 0 0 0 0 1 0 0 0 0 0 0 1 0 0 0 0 0 0 0 0 0 0 0 0
 0 1 1 0]
2025-12-21 21:12:55,188 - [DEBUG] - y_rrl_: (1447,) [0 0 0 0 0 1 0 0 0 0 0 0 0 0 0 0 0 0 0 0 0 0 0 0 1 0 0 0 0 0 0 0 0 0 0 0 0
 0 1 0 0]
2025-12-21 21:12:55,189 - [DEBUG] - y_rrl: (1447, 2) [[ 3.2428381  -2.9506924 ]
 [ 0.21443036  0.07331155]
 [ 2.8265452  -2.53008   ]
 [ 3.244664   -2.9459412 ]
 [ 3.2428381  -2.9506924 ]
 [-0.5006869   0.79718685]
 [ 3.8963346  -3.603483  ]
 [ 3.244664   -2.9459412 ]
 [ 3.8963346  -3.603483  ]
 [ 2.0596573  -1.7672776 ]
 [ 0.5279743  -0.24152261]
 [ 2.3664777  -2.0729764 ]
 [ 3.393118   -3.1014292 ]
 [ 2.7396212  -2.4486392 ]
 [ 3.393118   -3.1014292 ]
 [ 2.7396212  -2.4486392 ]
 [ 2.8265452  -2.53008   ]
 [ 0.946093   -0.6573838 ]
 [ 1.397611   -1.1101029 ]
 [ 2.1310997  -1.836047  ]
 [ 3.6609569  -3.3665535 ]
 [ 2.7396212  -2.4486392 ]
 [ 3.2428381  -2.9506924 ]
 [ 2.7396212  -2.4486392 ]
 [-0.5006869   0.79718685]
 [ 1.181471   -0.894313  ]
 [ 1.181471   -0.894313  ]
 [ 3.1577399  -2.8645003 ]
 [ 2.3664777  -2.0729764 ]
 [ 3.480042   -3.1828706 ]
 [ 3.6609569  -3.3665535 ]
 [ 2.6343164  -2.3381007 ]
 [ 0.5279743  -0.24152261]
 [ 0.5279743  -0.24152261]
 [ 3.8963346  -3.603483  ]
 [ 3.244664   -2.9459412 ]
 [ 3.2428381  -2.9506924 ]
 [ 2.7396212  -2.4486392 ]
 [-0.5006869   0.79718685]
 [ 0.84656245 -0.5565548 ]
 [ 2.8265452  -2.53008   ]]
2025-12-21 21:12:55,191 - [INFO] - ------------------------------------------------------------
2025-12-21 21:12:55,191 - [INFO] - On Validation Set:
	Accuracy of RRL  Model: 0.8997926744989634
	F1 Score of RRL  Model: 0.7445719329214475
2025-12-21 21:12:55,197 - [INFO] - On Validation Set:
Performance of  RRL Model: 
[[1215   71]
 [  74   87]]
              precision    recall  f1-score   support

           0       0.94      0.94      0.94      1286
           1       0.55      0.54      0.55       161

    accuracy                           0.90      1447
   macro avg       0.75      0.74      0.74      1447
weighted avg       0.90      0.90      0.90      1447

2025-12-21 21:12:55,197 - [INFO] - ------------------------------------------------------------
2025-12-21 21:12:56,328 - [INFO] - epoch: 230, loss_rrl: 107.69337639585137
2025-12-21 21:12:56,936 - [DEBUG] - y_true: (1447,) [0 0 0 0 0 1 0 0 0 0 0 0 0 0 0 0 0 1 0 0 0 0 0 0 1 0 0 0 0 0 0 0 0 0 0 0 0
 0 1 1 0]
2025-12-21 21:12:57,098 - [DEBUG] - y_rrl_: (1447,) [0 0 0 0 0 1 0 0 0 0 0 0 0 0 0 0 0 0 0 0 0 0 0 0 1 0 0 0 0 0 0 0 0 0 0 0 0
 0 0 0 0]
2025-12-21 21:12:57,098 - [DEBUG] - y_rrl: (1447, 2) [[ 3.7195024  -3.4265532 ]
 [ 0.97950256 -0.6935388 ]
 [ 2.860935   -2.5659337 ]
 [ 3.931506   -3.6400976 ]
 [ 3.292      -3.0012941 ]
 [-0.4986282   0.79367936]
 [ 3.931506   -3.6400976 ]
 [ 3.5004408  -3.2047372 ]
 [ 3.931506   -3.6400976 ]
 [ 2.3013601  -2.0119452 ]
 [ 1.5800523  -1.2902517 ]
 [ 3.0729384  -2.779478  ]
 [ 3.5040035  -3.2148385 ]
 [ 2.7826955  -2.493145  ]
 [ 3.4222014  -3.1319485 ]
 [ 3.7195024  -3.4265532 ]
 [ 3.2884374  -2.9911928 ]
 [ 1.7920557  -1.5037961 ]
 [ 2.3976448  -2.1081464 ]
 [ 3.3284075  -3.0394921 ]
 [ 3.931506   -3.6400976 ]
 [ 2.7826955  -2.493145  ]
 [ 3.292      -3.0012941 ]
 [ 3.7195024  -3.4265532 ]
 [-1.2173873   1.5114806 ]
 [ 0.7614549  -0.47793168]
 [ 2.3013601  -2.0119452 ]
 [ 3.4222014  -3.1319485 ]
 [ 2.563634   -2.271329  ]
 [ 3.931506   -3.6400976 ]
 [ 3.931506   -3.6400976 ]
 [ 2.9009051  -2.614233  ]
 [ 1.5800523  -1.2902517 ]
 [ 1.1525499  -0.8649926 ]
 [ 3.5040035  -3.2148385 ]
 [ 3.931506   -3.6400976 ]
 [ 3.292      -3.0012941 ]
 [ 3.210198   -2.918404  ]
 [ 0.82577807 -0.5286196 ]
 [ 0.8594     -0.5708048 ]
 [ 3.2884374  -2.9911928 ]]
2025-12-21 21:12:57,100 - [INFO] - ------------------------------------------------------------
2025-12-21 21:12:57,100 - [INFO] - On Validation Set:
	Accuracy of RRL  Model: 0.9067035245335177
	F1 Score of RRL  Model: 0.7117568159785395
2025-12-21 21:12:57,106 - [INFO] - On Validation Set:
Performance of  RRL Model: 
[[1251   35]
 [ 100   61]]
              precision    recall  f1-score   support

           0       0.93      0.97      0.95      1286
           1       0.64      0.38      0.47       161

    accuracy                           0.91      1447
   macro avg       0.78      0.68      0.71      1447
weighted avg       0.89      0.91      0.90      1447

2025-12-21 21:12:57,106 - [INFO] - ------------------------------------------------------------
2025-12-21 21:12:58,003 - [INFO] - epoch: 231, loss_rrl: 107.79222326725721
2025-12-21 21:12:58,861 - [DEBUG] - y_true: (1447,) [0 0 0 0 0 1 0 0 0 0 0 0 0 0 0 0 0 1 0 0 0 0 0 0 1 0 0 0 0 0 0 0 0 0 0 0 0
 0 1 1 0]
2025-12-21 21:12:59,024 - [DEBUG] - y_rrl_: (1447,) [0 1 0 0 0 1 0 0 0 0 0 0 0 0 0 0 0 0 0 0 0 0 0 0 1 0 0 0 0 0 0 0 0 0 0 0 0
 0 1 0 0]
2025-12-21 21:12:59,024 - [DEBUG] - y_rrl: (1447, 2) [[ 3.8296347  -3.5381396 ]
 [ 0.09842141  0.191161  ]
 [ 2.5773869  -2.2781413 ]
 [ 2.5773869  -2.2781413 ]
 [ 3.4969141  -3.2007918 ]
 [-0.36147436  0.6550764 ]
 [ 4.0451145  -3.7551506 ]
 [ 3.0067093  -2.7117348 ]
 [ 4.0451145  -3.7551506 ]
 [ 2.1417475  -1.8576336 ]
 [ 1.5542468  -1.2726117 ]
 [ 2.9674098  -2.6810718 ]
 [ 3.2221897  -2.928746  ]
 [ 3.8296347  -3.5381396 ]
 [ 4.0451145  -3.7551506 ]
 [ 3.3394299  -3.0490825 ]
 [ 3.3394299  -3.0490825 ]
 [ 1.5542468  -1.2726117 ]
 [ 1.7254264  -1.4338819 ]
 [ 2.4800913  -2.1821766 ]
 [ 3.8296347  -3.5381396 ]
 [ 3.8296347  -3.5381396 ]
 [ 3.4969141  -3.2007918 ]
 [ 3.8296347  -3.5381396 ]
 [-1.0552567   1.3479077 ]
 [ 1.0076842  -0.71868134]
 [ 3.1255877  -2.8325    ]
 [ 3.4969141  -3.2007918 ]
 [ 2.6955714  -2.3991876 ]
 [ 3.6157925  -3.3215573 ]
 [ 3.8296347  -3.5381396 ]
 [ 2.4800913  -2.1821766 ]
 [ 1.1249244  -0.839018  ]
 [ 1.1249244  -0.839018  ]
 [ 4.0451145  -3.7551506 ]
 [ 3.0067093  -2.7117348 ]
 [ 3.4969141  -3.2007918 ]
 [ 3.4969141  -3.2007918 ]
 [ 0.06784804  0.22148263]
 [ 0.98806906 -0.7008871 ]
 [ 3.0067093  -2.7117348 ]]
2025-12-21 21:12:59,026 - [INFO] - ------------------------------------------------------------
2025-12-21 21:12:59,026 - [INFO] - On Validation Set:
	Accuracy of RRL  Model: 0.907394609536973
	F1 Score of RRL  Model: 0.7447985216851105
2025-12-21 21:12:59,032 - [INFO] - On Validation Set:
Performance of  RRL Model: 
[[1234   52]
 [  82   79]]
              precision    recall  f1-score   support

           0       0.94      0.96      0.95      1286
           1       0.60      0.49      0.54       161

    accuracy                           0.91      1447
   macro avg       0.77      0.73      0.74      1447
weighted avg       0.90      0.91      0.90      1447

2025-12-21 21:12:59,032 - [INFO] - ------------------------------------------------------------
2025-12-21 21:12:59,671 - [INFO] - epoch: 232, loss_rrl: 109.02724735811353
2025-12-21 21:13:00,746 - [DEBUG] - y_true: (1447,) [0 0 0 0 0 1 0 0 0 0 0 0 0 0 0 0 0 1 0 0 0 0 0 0 1 0 0 0 0 0 0 0 0 0 0 0 0
 0 1 1 0]
2025-12-21 21:13:00,908 - [DEBUG] - y_rrl_: (1447,) [0 0 0 0 0 1 0 0 0 0 0 0 0 0 0 0 0 0 0 0 0 0 0 0 1 0 0 0 0 0 0 0 0 0 0 0 0
 0 1 0 0]
2025-12-21 21:13:00,909 - [DEBUG] - y_rrl: (1447, 2) [[ 3.7076950e+00 -3.4176452e+00]
 [ 2.8384760e-01 -2.7912855e-04]
 [ 3.2684536e+00 -2.9741571e+00]
 [ 3.2684536e+00 -2.9741571e+00]
 [ 3.7076950e+00 -3.4176452e+00]
 [-4.6658221e-01  7.5874239e-01]
 [ 3.9327588e+00 -3.6442292e+00]
 [ 3.2684536e+00 -2.9741571e+00]
 [ 3.9327588e+00 -3.6442292e+00]
 [ 2.0821273e+00 -1.7940102e+00]
 [ 9.8909152e-01 -7.0457888e-01]
 [ 2.4004812e+00 -2.1113102e+00]
 [ 3.4289551e+00 -3.1415660e+00]
 [ 3.7076950e+00 -3.4176452e+00]
 [ 3.9327588e+00 -3.6442292e+00]
 [ 3.7076950e+00 -3.4176452e+00]
 [ 3.2684536e+00 -2.9741571e+00]
 [ 9.8909152e-01 -7.0457888e-01]
 [ 2.4132183e+00 -2.1265781e+00]
 [ 2.6792212e+00 -2.3873894e+00]
 [ 3.7076950e+00 -3.4176452e+00]
 [ 3.7076950e+00 -3.4176452e+00]
 [ 3.7076950e+00 -3.4176452e+00]
 [ 3.7076950e+00 -3.4176452e+00]
 [-1.1718261e+00  1.4630421e+00]
 [ 1.2141553e+00 -9.3116301e-01]
 [ 2.4004812e+00 -2.1113102e+00]
 [ 3.7076950e+00 -3.4176452e+00]
 [ 2.9042847e+00 -2.6139734e+00]
 [ 3.4935174e+00 -3.2007411e+00]
 [ 3.7076950e+00 -3.4176452e+00]
 [ 2.6792212e+00 -2.3873894e+00]
 [ 9.8909152e-01 -7.0457888e-01]
 [ 9.8909152e-01 -7.0457888e-01]
 [ 3.9327588e+00 -3.6442292e+00]
 [ 3.2684536e+00 -2.9741571e+00]
 [ 3.7076950e+00 -3.4176452e+00]
 [ 3.7076950e+00 -3.4176452e+00]
 [ 3.7221186e-02  2.5607887e-01]
 [ 8.9020652e-01 -6.0442895e-01]
 [ 3.2684536e+00 -2.9741571e+00]]
2025-12-21 21:13:00,911 - [INFO] - ------------------------------------------------------------
2025-12-21 21:13:00,911 - [INFO] - On Validation Set:
	Accuracy of RRL  Model: 0.907394609536973
	F1 Score of RRL  Model: 0.729901933470775
2025-12-21 21:13:00,916 - [INFO] - On Validation Set:
Performance of  RRL Model: 
[[1243   43]
 [  91   70]]
              precision    recall  f1-score   support

           0       0.93      0.97      0.95      1286
           1       0.62      0.43      0.51       161

    accuracy                           0.91      1447
   macro avg       0.78      0.70      0.73      1447
weighted avg       0.90      0.91      0.90      1447

2025-12-21 21:13:00,917 - [INFO] - ------------------------------------------------------------
2025-12-21 21:13:01,321 - [INFO] - epoch: 233, loss_rrl: 107.59659382328391
2025-12-21 21:13:02,632 - [DEBUG] - y_true: (1447,) [0 0 0 0 0 1 0 0 0 0 0 0 0 0 0 0 0 1 0 0 0 0 0 0 1 0 0 0 0 0 0 0 0 0 0 0 0
 0 1 1 0]
2025-12-21 21:13:02,794 - [DEBUG] - y_rrl_: (1447,) [0 0 0 0 0 1 0 0 0 0 0 0 0 0 0 0 0 0 0 0 0 0 0 0 1 0 0 0 0 0 0 0 1 1 0 0 0
 0 0 1 0]
2025-12-21 21:13:02,795 - [DEBUG] - y_rrl: (1447, 2) [[ 3.9317935  -3.6447043 ]
 [ 0.885871   -0.60221064]
 [ 1.8001142  -1.4996908 ]
 [ 2.205129   -1.9025046 ]
 [ 3.195971   -2.9065087 ]
 [-0.48420656  0.7749196 ]
 [ 3.9317935  -3.6447043 ]
 [ 3.3695376  -3.0763636 ]
 [ 3.9317935  -3.6447043 ]
 [ 2.1086369  -1.8283652 ]
 [ 0.20252025  0.07629582]
 [ 2.2298064  -1.948305  ]
 [ 3.195971   -2.9065087 ]
 [ 3.2953308  -3.0089319 ]
 [ 3.6009858  -3.3093224 ]
 [ 3.2226634  -2.9365098 ]
 [ 3.9317935  -3.6447043 ]
 [ 0.30188    -0.02612749]
 [ 2.072565   -1.7827781 ]
 [ 2.338711   -2.0437653 ]
 [ 3.7003453  -3.4117455 ]
 [ 3.526779   -3.2418907 ]
 [ 3.195971   -2.9065087 ]
 [ 3.7003453  -3.4117455 ]
 [-0.04122283  0.32771245]
 [ 0.9116503  -0.63189876]
 [ 2.7796798  -2.4893029 ]
 [ 3.3695376  -3.0763636 ]
 [ 1.4560146  -1.1657158 ]
 [ 3.9317935  -3.6447043 ]
 [ 3.7003453  -3.4117455 ]
 [ 1.9336965  -1.6409516 ]
 [-0.24046345  0.52350295]
 [-0.14110366  0.42107973]
 [ 3.526779   -3.2418907 ]
 [ 3.3695376  -3.0763636 ]
 [ 3.195971   -2.9065087 ]
 [ 3.3695376  -3.0763636 ]
 [ 0.46856135 -0.18093903]
 [-0.16251028  0.45051554]
 [ 3.3695376  -3.0763636 ]]
2025-12-21 21:13:02,797 - [INFO] - ------------------------------------------------------------
2025-12-21 21:13:02,797 - [INFO] - On Validation Set:
	Accuracy of RRL  Model: 0.9053213545266068
	F1 Score of RRL  Model: 0.7247540699087092
2025-12-21 21:13:02,803 - [INFO] - On Validation Set:
Performance of  RRL Model: 
[[1241   45]
 [  92   69]]
              precision    recall  f1-score   support

           0       0.93      0.97      0.95      1286
           1       0.61      0.43      0.50       161

    accuracy                           0.91      1447
   macro avg       0.77      0.70      0.72      1447
weighted avg       0.89      0.91      0.90      1447

2025-12-21 21:13:02,803 - [INFO] - ------------------------------------------------------------
2025-12-21 21:13:02,969 - [INFO] - epoch: 234, loss_rrl: 108.07798651233315
2025-12-21 21:13:04,793 - [INFO] - epoch: 235, loss_rrl: 109.11189916357398
2025-12-21 21:13:04,881 - [DEBUG] - y_true: (1447,) [0 0 0 0 0 1 0 0 0 0 0 0 0 0 0 0 0 1 0 0 0 0 0 0 1 0 0 0 0 0 0 0 0 0 0 0 0
 0 1 1 0]
2025-12-21 21:13:05,044 - [DEBUG] - y_rrl_: (1447,) [0 1 0 0 0 0 0 0 0 0 0 0 0 0 0 0 0 0 0 0 0 0 0 0 1 0 0 0 0 0 0 0 0 0 0 0 0
 0 0 0 0]
2025-12-21 21:13:05,044 - [DEBUG] - y_rrl: (1447, 2) [[ 3.9146404  -3.6289825 ]
 [ 0.07611572  0.20098917]
 [ 3.4899256  -3.2000685 ]
 [ 3.4899256  -3.2000685 ]
 [ 3.9146404  -3.6289825 ]
 [ 0.26441115  0.02448635]
 [ 3.9146404  -3.6289825 ]
 [ 3.4899256  -3.2000685 ]
 [ 3.9146404  -3.6289825 ]
 [ 2.30802    -2.0242379 ]
 [ 1.215993   -0.93577373]
 [ 2.978195   -2.6894636 ]
 [ 3.9146404  -3.6289825 ]
 [ 3.9146404  -3.6289825 ]
 [ 3.5828838  -3.2926776 ]
 [ 3.4029095  -3.1183777 ]
 [ 3.4899256  -3.2000685 ]
 [ 1.215993   -0.93577373]
 [ 2.0877857  -1.8066193 ]
 [ 2.9096293  -2.6222093 ]
 [ 3.9146404  -3.6289825 ]
 [ 3.9146404  -3.6289825 ]
 [ 3.9146404  -3.6289825 ]
 [ 3.9146404  -3.6289825 ]
 [-1.2039989   1.4923432 ]
 [ 1.3226736  -1.0435151 ]
 [ 2.978195   -2.6894636 ]
 [ 3.9146404  -3.6289825 ]
 [ 2.9096293  -2.6222093 ]
 [ 3.4899256  -3.2000685 ]
 [ 3.9146404  -3.6289825 ]
 [ 2.9096293  -2.6222093 ]
 [ 1.215993   -0.93577373]
 [ 1.215993   -0.93577373]
 [ 3.9146404  -3.6289825 ]
 [ 3.4899256  -3.2000685 ]
 [ 3.9146404  -3.6289825 ]
 [ 3.9146404  -3.6289825 ]
 [ 0.8447075  -0.5533728 ]
 [ 0.86759603 -0.584634  ]
 [ 3.4899256  -3.2000685 ]]
2025-12-21 21:13:05,046 - [INFO] - ------------------------------------------------------------
2025-12-21 21:13:05,046 - [INFO] - On Validation Set:
	Accuracy of RRL  Model: 0.9018659295093296
	F1 Score of RRL  Model: 0.6749487445580642
2025-12-21 21:13:05,052 - [INFO] - On Validation Set:
Performance of  RRL Model: 
[[1257   29]
 [ 113   48]]
              precision    recall  f1-score   support

           0       0.92      0.98      0.95      1286
           1       0.62      0.30      0.40       161

    accuracy                           0.90      1447
   macro avg       0.77      0.64      0.67      1447
weighted avg       0.88      0.90      0.89      1447

2025-12-21 21:13:05,052 - [INFO] - ------------------------------------------------------------
2025-12-21 21:13:06,406 - [INFO] - epoch: 236, loss_rrl: 109.92797196097672
2025-12-21 21:13:06,724 - [DEBUG] - y_true: (1447,) [0 0 0 0 0 1 0 0 0 0 0 0 0 0 0 0 0 1 0 0 0 0 0 0 1 0 0 0 0 0 0 0 0 0 0 0 0
 0 1 1 0]
2025-12-21 21:13:06,886 - [DEBUG] - y_rrl_: (1447,) [0 0 0 0 0 1 0 0 0 0 0 0 0 0 0 0 0 0 0 0 0 0 0 0 1 0 0 0 0 0 0 0 0 0 0 0 0
 0 1 0 0]
2025-12-21 21:13:06,887 - [DEBUG] - y_rrl: (1447, 2) [[ 3.9256094e+00 -3.6413846e+00]
 [ 2.7877468e-01  6.3353032e-04]
 [ 2.8708141e+00 -2.5830953e+00]
 [ 3.2786243e+00 -2.9887331e+00]
 [ 3.5177991e+00 -3.2357469e+00]
 [-4.4387829e-01  7.3171282e-01]
 [ 3.9256094e+00 -3.6413846e+00]
 [ 3.2786243e+00 -2.9887331e+00]
 [ 3.9256094e+00 -3.6413846e+00]
 [ 2.0968940e+00 -1.8130231e+00]
 [ 1.2192307e+00 -9.4039309e-01]
 [ 2.5562749e+00 -2.2711663e+00]
 [ 2.9939191e+00 -2.7129862e+00]
 [ 3.3084586e+00 -3.0249152e+00]
 [ 3.9256094e+00 -3.6413846e+00]
 [ 3.4017293e+00 -3.1186240e+00]
 [ 3.4879649e+00 -3.1995647e+00]
 [ 1.0098901e+00 -7.2956133e-01]
 [ 1.8981494e+00 -1.6168963e+00]
 [ 2.7155001e+00 -2.4280319e+00]
 [ 3.7162688e+00 -3.4305530e+00]
 [ 3.5177991e+00 -3.2357469e+00]
 [ 3.5177991e+00 -3.2357469e+00]
 [ 3.7162688e+00 -3.4305530e+00]
 [-1.1749936e+00  1.4619077e+00]
 [ 8.1142062e-01 -5.3475529e-01]
 [ 1.2192307e+00 -9.4039309e-01]
 [ 3.7162688e+00 -3.4305530e+00]
 [ 2.5170305e+00 -2.2332258e+00]
 [ 3.4879649e+00 -3.1995647e+00]
 [ 3.7162688e+00 -3.4305530e+00]
 [ 2.3076899e+00 -2.0223944e+00]
 [ 1.2192307e+00 -9.4039309e-01]
 [ 6.0208005e-01 -3.2392350e-01]
 [ 3.5177991e+00 -3.2357469e+00]
 [ 3.2786243e+00 -2.9887331e+00]
 [ 3.5177991e+00 -3.2357469e+00]
 [ 3.7162688e+00 -3.4305530e+00]
 [-4.4387829e-01  7.3171282e-01]
 [ 8.8401395e-01 -6.0245383e-01]
 [ 3.2786243e+00 -2.9887331e+00]]
2025-12-21 21:13:06,889 - [INFO] - ------------------------------------------------------------
2025-12-21 21:13:06,889 - [INFO] - On Validation Set:
	Accuracy of RRL  Model: 0.9032480995162405
	F1 Score of RRL  Model: 0.7214430290629881
2025-12-21 21:13:06,895 - [INFO] - On Validation Set:
Performance of  RRL Model: 
[[1238   48]
 [  92   69]]
              precision    recall  f1-score   support

           0       0.93      0.96      0.95      1286
           1       0.59      0.43      0.50       161

    accuracy                           0.90      1447
   macro avg       0.76      0.70      0.72      1447
weighted avg       0.89      0.90      0.90      1447

2025-12-21 21:13:06,895 - [INFO] - ------------------------------------------------------------
2025-12-21 21:13:08,023 - [INFO] - epoch: 237, loss_rrl: 109.79294095188379
2025-12-21 21:13:08,571 - [DEBUG] - y_true: (1447,) [0 0 0 0 0 1 0 0 0 0 0 0 0 0 0 0 0 1 0 0 0 0 0 0 1 0 0 0 0 0 0 0 0 0 0 0 0
 0 1 1 0]
2025-12-21 21:13:08,733 - [DEBUG] - y_rrl_: (1447,) [0 0 0 0 0 1 0 0 0 0 0 0 0 0 0 0 0 0 0 0 0 0 0 0 1 0 0 0 0 0 0 0 0 0 0 0 0
 0 1 0 0]
2025-12-21 21:13:08,733 - [DEBUG] - y_rrl: (1447, 2) [[ 3.6720502  -3.3877556 ]
 [ 1.922942   -1.6470251 ]
 [ 3.217314   -2.9288669 ]
 [ 3.217314   -2.9288669 ]
 [ 3.6720502  -3.3877556 ]
 [-0.5484163   0.83483326]
 [ 3.867075   -3.5842624 ]
 [ 3.217314   -2.9288669 ]
 [ 3.867075   -3.5842624 ]
 [ 2.0213487  -1.7388709 ]
 [ 0.19771104  0.08636916]
 [ 3.3139322  -3.0335279 ]
 [ 3.867075   -3.5842624 ]
 [ 3.6720502  -3.3877556 ]
 [ 3.867075   -3.5842624 ]
 [ 3.6720502  -3.3877556 ]
 [ 3.217314   -2.9288669 ]
 [ 0.9280219  -0.6490637 ]
 [ 2.4126368  -2.1316628 ]
 [ 2.664171   -2.3781326 ]
 [ 3.6720502  -3.3877556 ]
 [ 3.6720502  -3.3877556 ]
 [ 3.6720502  -3.3877556 ]
 [ 3.6720502  -3.3877556 ]
 [-0.09368032  0.3759447 ]
 [ 1.5777828  -1.3044589 ]
 [ 3.412339   -3.1253736 ]
 [ 3.6720502  -3.3877556 ]
 [ 2.859196   -2.574639  ]
 [ 3.867075   -3.5842624 ]
 [ 3.6720502  -3.3877556 ]
 [ 2.664171   -2.3781326 ]
 [ 0.9280219  -0.6490637 ]
 [ 0.9280219  -0.6490637 ]
 [ 3.867075   -3.5842624 ]
 [ 3.6720502  -3.3877556 ]
 [ 3.6720502  -3.3877556 ]
 [ 3.6720502  -3.3877556 ]
 [-0.00823227  0.29576066]
 [ 0.7939887  -0.51381123]
 [ 3.217314   -2.9288669 ]]
2025-12-21 21:13:08,735 - [INFO] - ------------------------------------------------------------
2025-12-21 21:13:08,736 - [INFO] - On Validation Set:
	Accuracy of RRL  Model: 0.9053213545266068
	F1 Score of RRL  Model: 0.7192579217560631
2025-12-21 21:13:08,741 - [INFO] - On Validation Set:
Performance of  RRL Model: 
[[1244   42]
 [  95   66]]
              precision    recall  f1-score   support

           0       0.93      0.97      0.95      1286
           1       0.61      0.41      0.49       161

    accuracy                           0.91      1447
   macro avg       0.77      0.69      0.72      1447
weighted avg       0.89      0.91      0.90      1447

2025-12-21 21:13:08,741 - [INFO] - ------------------------------------------------------------
2025-12-21 21:13:09,633 - [INFO] - epoch: 238, loss_rrl: 108.95490568503737
2025-12-21 21:13:10,409 - [DEBUG] - y_true: (1447,) [0 0 0 0 0 1 0 0 0 0 0 0 0 0 0 0 0 1 0 0 0 0 0 0 1 0 0 0 0 0 0 0 0 0 0 0 0
 0 1 1 0]
2025-12-21 21:13:10,571 - [DEBUG] - y_rrl_: (1447,) [0 1 0 0 0 1 0 0 0 0 0 0 0 0 0 0 0 0 0 0 0 0 0 0 1 0 0 0 0 0 0 0 0 0 0 0 0
 0 1 0 0]
2025-12-21 21:13:10,572 - [DEBUG] - y_rrl: (1447, 2) [[ 4.071916   -3.790515  ]
 [-0.63774467  0.92398167]
 [ 2.3324564  -2.0358968 ]
 [ 2.3324564  -2.0358968 ]
 [ 3.734026   -3.4481552 ]
 [-0.3865671   0.6715637 ]
 [ 4.071916   -3.790515  ]
 [ 2.793849   -2.5014193 ]
 [ 4.071916   -3.790515  ]
 [ 1.9266613  -1.6446197 ]
 [ 1.777406   -1.5054234 ]
 [ 2.982484   -2.7045832 ]
 [ 3.1896186  -2.9048522 ]
 [ 3.8601694  -3.5772963 ]
 [ 4.071916   -3.790515  ]
 [ 3.5275087  -3.247212  ]
 [ 4.071916   -3.790515  ]
 [ 1.5656595  -1.2922052 ]
 [ 1.7571561  -1.4742174 ]
 [ 1.7874315  -1.4932678 ]
 [ 3.8601694  -3.5772963 ]
 [ 4.071916   -3.790515  ]
 [ 3.734026   -3.4481552 ]
 [ 3.8601694  -3.5772963 ]
 [-1.0622586   1.3463511 ]
 [ 0.9781234  -0.6975414 ]
 [ 3.0661163  -2.7816892 ]
 [ 2.793849   -2.5014193 ]
 [ 2.7276084  -2.4400036 ]
 [ 3.6105232  -3.3249922 ]
 [ 3.8601694  -3.5772963 ]
 [ 2.515862   -2.2267852 ]
 [ 1.3160133  -1.039901  ]
 [ 0.3758369  -0.09316544]
 [ 4.071916   -3.790515  ]
 [ 2.793849   -2.5014193 ]
 [ 3.734026   -3.4481552 ]
 [ 2.793849   -2.5014193 ]
 [ 0.07482542  0.20604122]
 [ 0.9577402  -0.67894727]
 [ 2.793849   -2.5014193 ]]
2025-12-21 21:13:10,574 - [INFO] - ------------------------------------------------------------
2025-12-21 21:13:10,574 - [INFO] - On Validation Set:
	Accuracy of RRL  Model: 0.902557014512785
	F1 Score of RRL  Model: 0.7306478250709927
2025-12-21 21:13:10,580 - [INFO] - On Validation Set:
Performance of  RRL Model: 
[[1231   55]
 [  86   75]]
              precision    recall  f1-score   support

           0       0.93      0.96      0.95      1286
           1       0.58      0.47      0.52       161

    accuracy                           0.90      1447
   macro avg       0.76      0.71      0.73      1447
weighted avg       0.89      0.90      0.90      1447

2025-12-21 21:13:10,580 - [INFO] - ------------------------------------------------------------
2025-12-21 21:13:11,237 - [INFO] - epoch: 239, loss_rrl: 107.90461219660938
2025-12-21 21:13:12,249 - [DEBUG] - y_true: (1447,) [0 0 0 0 0 1 0 0 0 0 0 0 0 0 0 0 0 1 0 0 0 0 0 0 1 0 0 0 0 0 0 0 0 0 0 0 0
 0 1 1 0]
2025-12-21 21:13:12,411 - [DEBUG] - y_rrl_: (1447,) [0 0 0 0 0 1 0 0 0 0 0 0 0 0 0 0 0 0 0 0 0 0 0 0 1 0 0 0 0 0 0 0 0 0 0 0 0
 0 1 0 0]
2025-12-21 21:13:12,412 - [DEBUG] - y_rrl: (1447, 2) [[ 3.905619   -3.6256278 ]
 [ 0.28613877 -0.01082037]
 [ 2.105553   -1.8170707 ]
 [ 2.5115047  -2.2208924 ]
 [ 3.4996672  -3.2218063 ]
 [-0.49843028  0.78201157]
 [ 3.905619   -3.6256278 ]
 [ 3.2259421  -2.940382  ]
 [ 3.905619   -3.6256278 ]
 [ 2.0330524  -1.7533593 ]
 [ 1.1612295  -0.8864768 ]
 [ 1.9481672  -1.6696777 ]
 [ 2.9597437  -2.6829803 ]
 [ 3.28765    -3.008327  ]
 [ 3.905619   -3.6256278 ]
 [ 3.905619   -3.6256278 ]
 [ 3.4379587  -3.1538613 ]
 [ 0.9492127  -0.6729975 ]
 [ 2.4866114  -2.2084353 ]
 [ 2.6820254  -2.3988461 ]
 [ 3.6936018  -3.4121485 ]
 [ 3.4996672  -3.2218063 ]
 [ 3.4996672  -3.2218063 ]
 [ 3.6936018  -3.4121485 ]
 [-0.49843028  0.78201157]
 [ 0.7552779  -0.48265535]
 [ 2.3541188  -2.0734992 ]
 [ 3.6936018  -3.4121485 ]
 [ 2.4880905  -2.208504  ]
 [ 3.4379587  -3.1538613 ]
 [ 3.6936018  -3.4121485 ]
 [ 2.2760737  -1.9950243 ]
 [ 1.1612295  -0.8864768 ]
 [ 0.54326105 -0.269176  ]
 [ 3.4996672  -3.2218063 ]
 [ 3.2259421  -2.940382  ]
 [ 3.4996672  -3.2218063 ]
 [ 3.6936018  -3.4121485 ]
 [ 0.04149285  0.24318568]
 [ 0.8404002  -0.56298876]
 [ 3.2259421  -2.940382  ]]
2025-12-21 21:13:12,414 - [INFO] - ------------------------------------------------------------
2025-12-21 21:13:12,414 - [INFO] - On Validation Set:
	Accuracy of RRL  Model: 0.9018659295093296
	F1 Score of RRL  Model: 0.7118920222551263
2025-12-21 21:13:12,420 - [INFO] - On Validation Set:
Performance of  RRL Model: 
[[1240   46]
 [  96   65]]
              precision    recall  f1-score   support

           0       0.93      0.96      0.95      1286
           1       0.59      0.40      0.48       161

    accuracy                           0.90      1447
   macro avg       0.76      0.68      0.71      1447
weighted avg       0.89      0.90      0.89      1447

2025-12-21 21:13:12,420 - [INFO] - ------------------------------------------------------------
2025-12-21 21:13:12,850 - [INFO] - epoch: 240, loss_rrl: 109.88463225960732
2025-12-21 21:13:14,099 - [DEBUG] - y_true: (1447,) [0 0 0 0 0 1 0 0 0 0 0 0 0 0 0 0 0 1 0 0 0 0 0 0 1 0 0 0 0 0 0 0 0 0 0 0 0
 0 1 1 0]
2025-12-21 21:13:14,272 - [DEBUG] - y_rrl_: (1447,) [0 0 0 0 0 0 0 0 0 0 0 0 0 0 0 0 0 0 0 0 0 0 0 0 1 0 0 0 0 0 0 0 0 0 0 0 0
 0 0 0 0]
2025-12-21 21:13:14,273 - [DEBUG] - y_rrl: (1447, 2) [[ 3.9649472  -3.6863525 ]
 [ 1.0969397  -0.8233322 ]
 [ 2.788143   -2.5004454 ]
 [ 2.788143   -2.5004454 ]
 [ 3.9649472  -3.6863525 ]
 [ 0.3303867  -0.04856997]
 [ 3.9649472  -3.6863525 ]
 [ 3.4982975  -3.2156188 ]
 [ 3.9649472  -3.6863525 ]
 [ 1.8994108  -1.6246662 ]
 [ 1.3529145  -1.0792594 ]
 [ 3.4982975  -3.2156188 ]
 [ 3.9649472  -3.6863525 ]
 [ 3.9649472  -3.6863525 ]
 [ 3.9649472  -3.6863525 ]
 [ 3.9649472  -3.6863525 ]
 [ 3.4982975  -3.2156188 ]
 [ 1.3529145  -1.0792594 ]
 [ 2.762528   -2.4871874 ]
 [ 2.9636934  -2.6833801 ]
 [ 3.9649472  -3.6863525 ]
 [ 3.9649472  -3.6863525 ]
 [ 3.9649472  -3.6863525 ]
 [ 3.9649472  -3.6863525 ]
 [-0.42064816  0.7028286 ]
 [ 1.3648068  -1.0924278 ]
 [ 2.2993584  -2.0224972 ]
 [ 3.9649472  -3.6863525 ]
 [ 3.4982975  -3.2156188 ]
 [ 3.4982975  -3.2156188 ]
 [ 3.9649472  -3.6863525 ]
 [ 2.9636934  -2.6833801 ]
 [ 1.3529145  -1.0792594 ]
 [ 1.3529145  -1.0792594 ]
 [ 3.9649472  -3.6863525 ]
 [ 3.4982975  -3.2156188 ]
 [ 3.9649472  -3.6863525 ]
 [ 3.9649472  -3.6863525 ]
 [ 0.8649909  -0.58080846]
 [ 0.904871   -0.6288279 ]
 [ 3.4982975  -3.2156188 ]]
2025-12-21 21:13:14,275 - [INFO] - ------------------------------------------------------------
2025-12-21 21:13:14,275 - [INFO] - On Validation Set:
	Accuracy of RRL  Model: 0.8970283344851416
	F1 Score of RRL  Model: 0.6053200505974119
2025-12-21 21:13:14,281 - [INFO] - On Validation Set:
Performance of  RRL Model: 
[[1271   15]
 [ 134   27]]
              precision    recall  f1-score   support

           0       0.90      0.99      0.94      1286
           1       0.64      0.17      0.27       161

    accuracy                           0.90      1447
   macro avg       0.77      0.58      0.61      1447
weighted avg       0.88      0.90      0.87      1447

2025-12-21 21:13:14,281 - [INFO] - ------------------------------------------------------------
2025-12-21 21:13:14,479 - [INFO] - epoch: 241, loss_rrl: 108.73002148792148
2025-12-21 21:13:15,942 - [INFO] - epoch: 242, loss_rrl: 107.12224845215678
2025-12-21 21:13:15,994 - [DEBUG] - y_true: (1447,) [0 0 0 0 0 1 0 0 0 0 0 0 0 0 0 0 0 1 0 0 0 0 0 0 1 0 0 0 0 0 0 0 0 0 0 0 0
 0 1 1 0]
2025-12-21 21:13:16,156 - [DEBUG] - y_rrl_: (1447,) [0 0 0 0 0 1 0 0 0 0 0 0 0 0 0 0 0 0 0 0 0 0 0 0 1 0 0 0 0 0 0 0 0 0 0 0 0
 0 0 0 0]
2025-12-21 21:13:16,157 - [DEBUG] - y_rrl: (1447, 2) [[ 3.8745112  -3.5972981 ]
 [ 0.23508206  0.03755563]
 [ 3.2076588  -2.9249396 ]
 [ 3.2076588  -2.9249396 ]
 [ 3.1579947  -2.8757968 ]
 [ 0.02565695  0.25621864]
 [ 3.8745112  -3.5972981 ]
 [ 3.666247   -3.38759   ]
 [ 3.8745112  -3.5972981 ]
 [ 2.4692569  -2.1963673 ]
 [ 0.54664344 -0.2692534 ]
 [ 2.786677   -2.5128965 ]
 [ 3.8745112  -3.5972981 ]
 [ 2.9497304  -2.6660886 ]
 [ 3.5479846  -3.2663784 ]
 [ 3.326983   -3.0508518 ]
 [ 3.1579947  -2.8757968 ]
 [ 1.3814223  -1.111966  ]
 [ 1.8906603  -1.6163169 ]
 [ 2.6673527  -2.3869843 ]
 [ 3.666247   -3.38759   ]
 [ 3.8745112  -3.5972981 ]
 [ 3.8745112  -3.5972981 ]
 [ 2.9497304  -2.6660886 ]
 [-0.5218714   0.8026649 ]
 [ 1.6786265  -1.4054704 ]
 [ 1.671404   -1.3969791 ]
 [ 3.666247   -3.38759   ]
 [ 2.875617   -2.5966926 ]
 [ 3.4159226  -3.1346478 ]
 [ 3.666247   -3.38759   ]
 [ 2.6673527  -2.3869843 ]
 [ 0.8045717  -0.5281044 ]
 [ 0.9228342  -0.6493159 ]
 [ 3.8745112  -3.5972981 ]
 [ 3.666247   -3.38759   ]
 [ 3.8745112  -3.5972981 ]
 [ 3.666247   -3.38759   ]
 [ 0.48424533 -0.20643163]
 [ 0.47702283 -0.19794042]
 [ 3.666247   -3.38759   ]]
2025-12-21 21:13:16,159 - [INFO] - ------------------------------------------------------------
2025-12-21 21:13:16,159 - [INFO] - On Validation Set:
	Accuracy of RRL  Model: 0.9087767795438839
	F1 Score of RRL  Model: 0.728598060724557
2025-12-21 21:13:16,165 - [INFO] - On Validation Set:
Performance of  RRL Model: 
[[1247   39]
 [  93   68]]
              precision    recall  f1-score   support

           0       0.93      0.97      0.95      1286
           1       0.64      0.42      0.51       161

    accuracy                           0.91      1447
   macro avg       0.78      0.70      0.73      1447
weighted avg       0.90      0.91      0.90      1447

2025-12-21 21:13:16,165 - [INFO] - ------------------------------------------------------------
2025-12-21 21:13:17,583 - [INFO] - epoch: 243, loss_rrl: 107.41904134862125
2025-12-21 21:13:17,882 - [DEBUG] - y_true: (1447,) [0 0 0 0 0 1 0 0 0 0 0 0 0 0 0 0 0 1 0 0 0 0 0 0 1 0 0 0 0 0 0 0 0 0 0 0 0
 0 1 1 0]
2025-12-21 21:13:18,045 - [DEBUG] - y_rrl_: (1447,) [0 0 0 0 0 1 0 0 0 0 0 0 0 0 0 0 0 0 0 0 0 0 0 0 1 0 0 0 0 0 0 0 0 0 0 0 0
 0 0 0 0]
2025-12-21 21:13:18,045 - [DEBUG] - y_rrl: (1447, 2) [[ 3.884855   -3.6090171 ]
 [ 0.23679563  0.03451046]
 [ 2.8020263  -2.522802  ]
 [ 3.2258453  -2.9445322 ]
 [ 2.7438114  -2.4651115 ]
 [-0.5217033   0.8011127 ]
 [ 3.884855   -3.6090171 ]
 [ 3.6860077  -3.4087346 ]
 [ 3.884855   -3.6090171 ]
 [ 2.4883     -2.2167473 ]
 [ 0.87468547 -0.6030297 ]
 [ 2.9124336  -2.6397603 ]
 [ 2.9124336  -2.6397603 ]
 [ 2.544964   -2.2648292 ]
 [ 3.884855   -3.6090171 ]
 [ 3.884855   -3.6090171 ]
 [ 3.1676304  -2.8868415 ]
 [ 1.3930624  -1.1249226 ]
 [ 2.443268   -2.1692061 ]
 [ 2.6792097  -2.4002345 ]
 [ 3.6860077  -3.4087346 ]
 [ 3.461036   -3.187287  ]
 [ 3.461036   -3.187287  ]
 [ 2.9687831  -2.6865592 ]
 [-0.5217033   0.8011127 ]
 [ 0.70792824 -0.4392727 ]
 [ 2.3294547  -2.0529902 ]
 [ 3.6860077  -3.4087346 ]
 [ 2.4542382  -2.178787  ]
 [ 3.4246929  -3.1448147 ]
 [ 3.6860077  -3.4087346 ]
 [ 2.2553906  -1.9785043 ]
 [ 1.1317474  -0.8610028 ]
 [ 0.50908065 -0.23899011]
 [ 3.461036   -3.187287  ]
 [ 3.6860077  -3.4087346 ]
 [ 3.461036   -3.187287  ]
 [ 3.6860077  -3.4087346 ]
 [ 0.48706186 -0.21061654]
 [ 0.79865426 -0.5253149 ]
 [ 3.6860077  -3.4087346 ]]
2025-12-21 21:13:18,047 - [INFO] - ------------------------------------------------------------
2025-12-21 21:13:18,048 - [INFO] - On Validation Set:
	Accuracy of RRL  Model: 0.9018659295093296
	F1 Score of RRL  Model: 0.7080373077491446
2025-12-21 21:13:18,053 - [INFO] - On Validation Set:
Performance of  RRL Model: 
[[1242   44]
 [  98   63]]
              precision    recall  f1-score   support

           0       0.93      0.97      0.95      1286
           1       0.59      0.39      0.47       161

    accuracy                           0.90      1447
   macro avg       0.76      0.68      0.71      1447
weighted avg       0.89      0.90      0.89      1447

2025-12-21 21:13:18,053 - [INFO] - ------------------------------------------------------------
2025-12-21 21:13:19,233 - [INFO] - epoch: 244, loss_rrl: 107.37695251777768
2025-12-21 21:13:19,748 - [DEBUG] - y_true: (1447,) [0 0 0 0 0 1 0 0 0 0 0 0 0 0 0 0 0 1 0 0 0 0 0 0 1 0 0 0 0 0 0 0 0 0 0 0 0
 0 1 1 0]
2025-12-21 21:13:19,913 - [DEBUG] - y_rrl_: (1447,) [0 0 0 0 0 1 0 0 0 0 0 0 0 0 0 0 0 0 0 0 0 0 0 0 1 0 0 0 0 0 0 0 0 0 0 0 0
 0 0 0 0]
2025-12-21 21:13:19,913 - [DEBUG] - y_rrl: (1447, 2) [[ 3.6582384  -3.3823287 ]
 [ 0.99697006 -0.72732836]
 [ 2.4948127  -2.2099674 ]
 [ 2.4948127  -2.2099674 ]
 [ 3.6582384  -3.3823287 ]
 [-0.01555569  0.29467213]
 [ 3.864832   -3.590348  ]
 [ 3.4192922  -3.1407897 ]
 [ 3.864832   -3.590348  ]
 [ 2.2153633  -1.9425318 ]
 [ 0.9144537  -0.64358944]
 [ 2.8754418  -2.599263  ]
 [ 3.864832   -3.590348  ]
 [ 3.6582384  -3.3823287 ]
 [ 3.864832   -3.590348  ]
 [ 3.6582384  -3.3823287 ]
 [ 3.2126982  -2.9327705 ]
 [ 1.1210475  -0.8516088 ]
 [ 2.4398448  -2.167125  ]
 [ 2.8754418  -2.599263  ]
 [ 3.864832   -3.590348  ]
 [ 3.6582384  -3.3823287 ]
 [ 3.6582384  -3.3823287 ]
 [ 3.6582384  -3.3823287 ]
 [-0.56602114  0.8440687 ]
 [ 1.6715128  -1.4010051 ]
 [ 3.4192922  -3.1407897 ]
 [ 3.864832   -3.590348  ]
 [ 2.8754418  -2.599263  ]
 [ 3.4192922  -3.1407897 ]
 [ 3.864832   -3.590348  ]
 [ 2.8754418  -2.599263  ]
 [ 0.9144537  -0.64358944]
 [ 0.9144537  -0.64358944]
 [ 3.864832   -3.590348  ]
 [ 3.4192922  -3.1407897 ]
 [ 3.6582384  -3.3823287 ]
 [ 3.6582384  -3.3823287 ]
 [ 0.1910381   0.08665278]
 [ 0.7450449  -0.47303444]
 [ 3.2126982  -2.9327705 ]]
2025-12-21 21:13:19,915 - [INFO] - ------------------------------------------------------------
2025-12-21 21:13:19,915 - [INFO] - On Validation Set:
	Accuracy of RRL  Model: 0.9067035245335177
	F1 Score of RRL  Model: 0.7055365371657524
2025-12-21 21:13:19,921 - [INFO] - On Validation Set:
Performance of  RRL Model: 
[[1254   32]
 [ 103   58]]
              precision    recall  f1-score   support

           0       0.92      0.98      0.95      1286
           1       0.64      0.36      0.46       161

    accuracy                           0.91      1447
   macro avg       0.78      0.67      0.71      1447
weighted avg       0.89      0.91      0.89      1447

2025-12-21 21:13:19,921 - [INFO] - ------------------------------------------------------------
2025-12-21 21:13:20,853 - [INFO] - epoch: 245, loss_rrl: 108.49005405791104
2025-12-21 21:13:21,631 - [DEBUG] - y_true: (1447,) [0 0 0 0 0 1 0 0 0 0 0 0 0 0 0 0 0 1 0 0 0 0 0 0 1 0 0 0 0 0 0 0 0 0 0 0 0
 0 1 1 0]
2025-12-21 21:13:21,795 - [DEBUG] - y_rrl_: (1447,) [0 0 0 0 0 1 0 0 0 0 0 0 0 0 0 0 0 0 0 0 0 0 0 0 1 0 0 0 0 0 0 0 0 0 0 0 0
 0 0 0 0]
2025-12-21 21:13:21,795 - [DEBUG] - y_rrl: (1447, 2) [[ 4.1280823  -3.8549533 ]
 [ 0.72983193 -0.46255988]
 [ 3.690552   -3.4134274 ]
 [ 3.690552   -3.4134274 ]
 [ 4.1280823  -3.8549533 ]
 [-0.08500258  0.3602714 ]
 [ 4.1280823  -3.8549533 ]
 [ 4.1280823  -3.8549533 ]
 [ 4.1280823  -3.8549533 ]
 [ 2.4746783  -2.2092366 ]
 [ 1.9304426  -1.6660625 ]
 [ 3.5838463  -3.3117793 ]
 [ 3.5838463  -3.3117793 ]
 [ 4.1280823  -3.8549533 ]
 [ 4.1280823  -3.8549533 ]
 [ 3.5838463  -3.3117793 ]
 [ 4.1280823  -3.8549533 ]
 [ 1.9304426  -1.6660625 ]
 [ 2.376568   -2.1076686 ]
 [ 3.1510427  -2.8762267 ]
 [ 4.1280823  -3.8549533 ]
 [ 4.1280823  -3.8549533 ]
 [ 4.1280823  -3.8549533 ]
 [ 4.1280823  -3.8549533 ]
 [-0.2934565   0.57014155]
 [ 0.95340323 -0.687336  ]
 [ 3.1463163  -2.8702533 ]
 [ 4.1280823  -3.8549533 ]
 [ 3.690552   -3.4134274 ]
 [ 3.690552   -3.4134274 ]
 [ 4.1280823  -3.8549533 ]
 [ 3.1510427  -2.8762267 ]
 [ 1.4929128  -1.2245365 ]
 [ 1.4929128  -1.2245365 ]
 [ 4.1280823  -3.8549533 ]
 [ 4.1280823  -3.8549533 ]
 [ 4.1280823  -3.8549533 ]
 [ 4.1280823  -3.8549533 ]
 [ 1.4362725  -1.1616292 ]
 [ 1.0119022  -0.74122196]
 [ 4.1280823  -3.8549533 ]]
2025-12-21 21:13:21,797 - [INFO] - ------------------------------------------------------------
2025-12-21 21:13:21,798 - [INFO] - On Validation Set:
	Accuracy of RRL  Model: 0.9004837595024188
	F1 Score of RRL  Model: 0.6516051364365971
2025-12-21 21:13:21,803 - [INFO] - On Validation Set:
Performance of  RRL Model: 
[[1263   23]
 [ 121   40]]
              precision    recall  f1-score   support

           0       0.91      0.98      0.95      1286
           1       0.63      0.25      0.36       161

    accuracy                           0.90      1447
   macro avg       0.77      0.62      0.65      1447
weighted avg       0.88      0.90      0.88      1447

2025-12-21 21:13:21,803 - [INFO] - ------------------------------------------------------------
2025-12-21 21:13:22,520 - [INFO] - epoch: 246, loss_rrl: 107.04783478751779
2025-12-21 21:13:23,722 - [DEBUG] - y_true: (1447,) [0 0 0 0 0 1 0 0 0 0 0 0 0 0 0 0 0 1 0 0 0 0 0 0 1 0 0 0 0 0 0 0 0 0 0 0 0
 0 1 1 0]
2025-12-21 21:13:23,884 - [DEBUG] - y_rrl_: (1447,) [0 0 0 0 0 1 0 0 0 0 0 0 0 0 0 0 0 0 0 0 0 0 0 0 1 0 0 0 0 0 0 0 0 0 0 0 0
 0 1 0 0]
2025-12-21 21:13:23,884 - [DEBUG] - y_rrl: (1447, 2) [[ 3.866252   -3.594473  ]
 [ 0.27925646 -0.01187118]
 [ 2.5230868  -2.2410755 ]
 [ 2.5230868  -2.2410755 ]
 [ 3.866252   -3.594473  ]
 [ 0.01408876  0.26229563]
 [ 3.866252   -3.594473  ]
 [ 3.2134974  -2.9363377 ]
 [ 3.866252   -3.594473  ]
 [ 2.0134263  -1.7418413 ]
 [ 1.1465857  -0.8797557 ]
 [ 2.3466568  -2.0742521 ]
 [ 3.866252   -3.594473  ]
 [ 3.6602378  -3.3870523 ]
 [ 3.866252   -3.594473  ]
 [ 3.866252   -3.594473  ]
 [ 3.4195113  -3.1437585 ]
 [ 0.9405719  -0.67233497]
 [ 2.4638488  -2.1938097 ]
 [ 2.6784241  -2.4035592 ]
 [ 3.6602378  -3.3870523 ]
 [ 3.866252   -3.594473  ]
 [ 3.866252   -3.594473  ]
 [ 3.6602378  -3.3870523 ]
 [-0.5236925   0.7990235 ]
 [ 1.6843671  -1.4164835 ]
 [ 1.1465857  -0.8797557 ]
 [ 3.6602378  -3.3870523 ]
 [ 2.884438   -2.61098   ]
 [ 3.4195113  -3.1437585 ]
 [ 3.6602378  -3.3870523 ]
 [ 2.6784241  -2.4035592 ]
 [ 1.1465857  -0.8797557 ]
 [ 0.9405719  -0.67233497]
 [ 3.866252   -3.594473  ]
 [ 3.2134974  -2.9363377 ]
 [ 3.866252   -3.594473  ]
 [ 3.6602378  -3.3870523 ]
 [ 0.01408876  0.26229563]
 [ 0.7799243  -0.510566  ]
 [ 3.2134974  -2.9363377 ]]
2025-12-21 21:13:23,886 - [INFO] - ------------------------------------------------------------
2025-12-21 21:13:23,887 - [INFO] - On Validation Set:
	Accuracy of RRL  Model: 0.9046302695231514
	F1 Score of RRL  Model: 0.7043125710765732
2025-12-21 21:13:23,892 - [INFO] - On Validation Set:
Performance of  RRL Model: 
[[1250   36]
 [ 102   59]]
              precision    recall  f1-score   support

           0       0.92      0.97      0.95      1286
           1       0.62      0.37      0.46       161

    accuracy                           0.90      1447
   macro avg       0.77      0.67      0.70      1447
weighted avg       0.89      0.90      0.89      1447

2025-12-21 21:13:23,892 - [INFO] - ------------------------------------------------------------
2025-12-21 21:13:24,354 - [INFO] - epoch: 247, loss_rrl: 107.22672440297902
2025-12-21 21:13:25,647 - [DEBUG] - y_true: (1447,) [0 0 0 0 0 1 0 0 0 0 0 0 0 0 0 0 0 1 0 0 0 0 0 0 1 0 0 0 0 0 0 0 0 0 0 0 0
 0 1 1 0]
2025-12-21 21:13:25,809 - [DEBUG] - y_rrl_: (1447,) [0 1 0 0 0 0 0 0 0 0 0 0 0 0 0 0 0 0 0 0 0 0 0 0 1 0 0 0 0 0 0 0 0 0 0 0 0
 0 0 0 0]
2025-12-21 21:13:25,809 - [DEBUG] - y_rrl: (1447, 2) [[ 3.8088562  -3.5384247 ]
 [-0.25429526  0.52379924]
 [ 2.0230381  -1.7444761 ]
 [ 2.475861   -2.1952612 ]
 [ 3.3560333  -3.0876396 ]
 [ 0.15459737  0.11902871]
 [ 3.8088562  -3.5384247 ]
 [ 3.8088562  -3.5384247 ]
 [ 3.8088562  -3.5384247 ]
 [ 2.1496615  -1.8867947 ]
 [ 1.619942   -1.3581208 ]
 [ 2.8263137  -2.5589657 ]
 [ 3.3560333  -3.0876396 ]
 [ 3.3560333  -3.0876396 ]
 [ 3.8088562  -3.5384247 ]
 [ 3.8088562  -3.5384247 ]
 [ 3.8088562  -3.5384247 ]
 [ 1.619942   -1.3581208 ]
 [ 2.6095595  -2.3422544 ]
 [ 2.8155334  -2.5434313 ]
 [ 3.8088562  -3.5384247 ]
 [ 3.3560333  -3.0876396 ]
 [ 3.3560333  -3.0876396 ]
 [ 3.8088562  -3.5384247 ]
 [-1.2362337   1.5093666 ]
 [ 1.156339   -0.89180106]
 [ 1.622859   -1.3550483 ]
 [ 3.8088562  -3.5384247 ]
 [ 2.9061272  -2.6337817 ]
 [ 3.3589501  -3.0845668 ]
 [ 3.8088562  -3.5384247 ]
 [ 2.3627105  -2.0926461 ]
 [ 1.1700361  -0.904263  ]
 [ 1.1700361  -0.904263  ]
 [ 3.3560333  -3.0876396 ]
 [ 3.8088562  -3.5384247 ]
 [ 3.3560333  -3.0876396 ]
 [ 3.8088562  -3.5384247 ]
 [ 0.61820054 -0.34729108]
 [ 0.73685306 -0.468815  ]
 [ 3.8088562  -3.5384247 ]]
2025-12-21 21:13:25,811 - [INFO] - ------------------------------------------------------------
2025-12-21 21:13:25,811 - [INFO] - On Validation Set:
	Accuracy of RRL  Model: 0.899101589495508
	F1 Score of RRL  Model: 0.6803903177004539
2025-12-21 21:13:25,817 - [INFO] - On Validation Set:
Performance of  RRL Model: 
[[1249   37]
 [ 109   52]]
              precision    recall  f1-score   support

           0       0.92      0.97      0.94      1286
           1       0.58      0.32      0.42       161

    accuracy                           0.90      1447
   macro avg       0.75      0.65      0.68      1447
weighted avg       0.88      0.90      0.89      1447

2025-12-21 21:13:25,817 - [INFO] - ------------------------------------------------------------
2025-12-21 21:13:26,051 - [INFO] - epoch: 248, loss_rrl: 108.69780473969877
2025-12-21 21:13:27,491 - [INFO] - epoch: 249, loss_rrl: 107.61991940066218
2025-12-21 21:13:27,512 - [DEBUG] - y_true: (1447,) [0 0 0 0 0 1 0 0 0 0 0 0 0 0 0 0 0 1 0 0 0 0 0 0 1 0 0 0 0 0 0 0 0 0 0 0 0
 0 1 1 0]
2025-12-21 21:13:27,676 - [DEBUG] - y_rrl_: (1447,) [0 0 0 0 0 1 0 0 0 0 1 0 0 0 0 0 0 0 0 0 0 0 0 0 1 0 0 0 0 0 0 0 0 0 0 0 0
 0 1 0 0]
2025-12-21 21:13:27,676 - [DEBUG] - y_rrl: (1447, 2) [[ 3.7800024  -3.5109053 ]
 [ 0.19763021  0.06716167]
 [ 3.1304462  -2.8560293 ]
 [ 3.572983   -3.3024974 ]
 [ 3.0903199  -2.816436  ]
 [-0.07888219  0.35255793]
 [ 3.7800024  -3.5109053 ]
 [ 3.1304462  -2.8560293 ]
 [ 3.7800024  -3.5109053 ]
 [ 1.937702   -1.6687645 ]
 [ 0.05595926  0.21731436]
 [ 2.2571757  -1.9874549 ]
 [ 3.7800024  -3.5109053 ]
 [ 2.8833005  -2.6080282 ]
 [ 3.4612122  -3.18787   ]
 [ 3.2464528  -2.978394  ]
 [ 2.647783   -2.3699682 ]
 [ 0.85741246 -0.5917821 ]
 [ 1.8329107  -1.5665709 ]
 [ 3.0262434  -2.7580261 ]
 [ 3.572983   -3.3024974 ]
 [ 3.7800024  -3.5109053 ]
 [ 3.7800024  -3.5109053 ]
 [ 2.8833005  -2.6080282 ]
 [-1.2722145   1.5440128 ]
 [ 1.5979817  -1.3327011 ]
 [ 1.6111717  -1.3446614 ]
 [ 3.572983   -3.3024974 ]
 [ 2.790726   -2.519966  ]
 [ 3.7800024  -3.5109053 ]
 [ 3.572983   -3.3024974 ]
 [ 3.0262434  -2.7580261 ]
 [ 0.7456419  -0.47715476]
 [ 0.85741246 -0.5917821 ]
 [ 3.7800024  -3.5109053 ]
 [ 3.572983   -3.3024974 ]
 [ 3.7800024  -3.5109053 ]
 [ 3.572983   -3.3024974 ]
 [-0.6124321   0.885069  ]
 [ 0.37684464 -0.10587019]
 [ 3.1304462  -2.8560293 ]]
2025-12-21 21:13:27,678 - [INFO] - ------------------------------------------------------------
2025-12-21 21:13:27,679 - [INFO] - On Validation Set:
	Accuracy of RRL  Model: 0.9018659295093296
	F1 Score of RRL  Model: 0.727906668785423
2025-12-21 21:13:27,684 - [INFO] - On Validation Set:
Performance of  RRL Model: 
[[1231   55]
 [  87   74]]
              precision    recall  f1-score   support

           0       0.93      0.96      0.95      1286
           1       0.57      0.46      0.51       161

    accuracy                           0.90      1447
   macro avg       0.75      0.71      0.73      1447
weighted avg       0.89      0.90      0.90      1447

2025-12-21 21:13:27,684 - [INFO] - ------------------------------------------------------------
2025-12-21 21:13:29,143 - [INFO] - epoch: 250, loss_rrl: 106.8220144212246
2025-12-21 21:13:29,388 - [DEBUG] - y_true: (1447,) [0 0 0 0 0 1 0 0 0 0 0 0 0 0 0 0 0 1 0 0 0 0 0 0 1 0 0 0 0 0 0 0 0 0 0 0 0
 0 1 1 0]
2025-12-21 21:13:29,549 - [DEBUG] - y_rrl_: (1447,) [0 1 0 0 0 1 0 0 0 0 1 0 0 0 0 0 0 0 0 0 0 0 0 0 1 0 0 0 0 0 0 0 0 0 0 0 0
 0 0 0 0]
2025-12-21 21:13:29,550 - [DEBUG] - y_rrl: (1447, 2) [[ 3.3158145e+00 -3.0500407e+00]
 [-5.2110338e-01  7.8938234e-01]
 [ 1.9892923e+00 -1.7134751e+00]
 [ 2.4433312e+00 -2.1655016e+00]
 [ 2.6251833e+00 -2.3546548e+00]
 [-6.1642909e-01  8.8774848e-01]
 [ 3.7698536e+00 -3.5020673e+00]
 [ 3.5756998e+00 -3.3065345e+00]
 [ 3.7698536e+00 -3.5020673e+00]
 [ 2.3734086e+00 -2.1096752e+00]
 [ 1.9461878e-02  2.4656877e-01]
 [ 2.6825125e+00 -2.4180129e+00]
 [ 3.2379084e+00 -2.9711537e+00]
 [ 2.4310296e+00 -2.1591220e+00]
 [ 3.7698536e+00 -3.5020673e+00]
 [ 3.3158145e+00 -3.0500407e+00]
 [ 2.6251833e+00 -2.3546548e+00]
 [ 1.2860678e+00 -1.0256209e+00]
 [ 1.8914627e+00 -1.6273968e+00]
 [ 2.5785668e+00 -2.3077466e+00]
 [ 3.5756998e+00 -3.3065345e+00]
 [ 3.3158145e+00 -3.0500407e+00]
 [ 3.3158145e+00 -3.0500407e+00]
 [ 2.4310296e+00 -2.1591220e+00]
 [-6.1642909e-01  8.8774848e-01]
 [ 1.0384839e+00 -7.7550662e-01]
 [ 1.0384839e+00 -7.7550662e-01]
 [ 3.5756998e+00 -3.3065345e+00]
 [ 2.7727203e+00 -2.5032794e+00]
 [ 3.3281159e+00 -3.0564203e+00]
 [ 3.5756998e+00 -3.3065345e+00]
 [ 2.5785668e+00 -2.3077466e+00]
 [ 2.6835555e-01 -3.1699799e-03]
 [ 3.9029121e-01 -1.2794739e-01]
 [ 3.7698536e+00 -3.5020673e+00]
 [ 3.5756998e+00 -3.3065345e+00]
 [ 3.3158145e+00 -3.0500407e+00]
 [ 3.1216607e+00 -2.8545079e+00]
 [ 3.5725352e-01 -8.8812269e-02]
 [ 3.8070402e-01 -1.1103921e-01]
 [ 3.1216607e+00 -2.8545079e+00]]
2025-12-21 21:13:29,552 - [INFO] - ------------------------------------------------------------
2025-12-21 21:13:29,552 - [INFO] - On Validation Set:
	Accuracy of RRL  Model: 0.8921907394609537
	F1 Score of RRL  Model: 0.7332151467876897
2025-12-21 21:13:29,558 - [INFO] - On Validation Set:
Performance of  RRL Model: 
[[1204   82]
 [  74   87]]
              precision    recall  f1-score   support

           0       0.94      0.94      0.94      1286
           1       0.51      0.54      0.53       161

    accuracy                           0.89      1447
   macro avg       0.73      0.74      0.73      1447
weighted avg       0.89      0.89      0.89      1447

2025-12-21 21:13:29,558 - [INFO] - ------------------------------------------------------------
2025-12-21 21:13:30,774 - [INFO] - epoch: 251, loss_rrl: 107.7066860999912
2025-12-21 21:13:31,246 - [DEBUG] - y_true: (1447,) [0 0 0 0 0 1 0 0 0 0 0 0 0 0 0 0 0 1 0 0 0 0 0 0 1 0 0 0 0 0 0 0 0 0 0 0 0
 0 1 1 0]
2025-12-21 21:13:31,405 - [DEBUG] - y_rrl_: (1447,) [0 0 0 0 0 0 0 0 0 0 0 0 0 0 0 0 0 0 0 0 0 0 0 0 1 0 0 0 0 0 0 0 0 0 0 0 0
 0 0 1 0]
2025-12-21 21:13:31,405 - [DEBUG] - y_rrl: (1447, 2) [[ 3.8557715  -3.589273  ]
 [ 0.4701452  -0.20923917]
 [ 2.513945   -2.2374651 ]
 [ 2.513945   -2.2374651 ]
 [ 3.8557715  -3.589273  ]
 [ 0.18268725  0.08698937]
 [ 3.8557715  -3.589273  ]
 [ 3.4177501  -3.1473627 ]
 [ 3.8557715  -3.589273  ]
 [ 2.2111144  -1.9461144 ]
 [ 1.0235162  -0.7603673 ]
 [ 2.230152   -1.9616156 ]
 [ 3.8557715  -3.589273  ]
 [ 3.8557715  -3.589273  ]
 [ 3.8557715  -3.589273  ]
 [ 2.6681733  -2.4035258 ]
 [ 3.4177501  -3.1473627 ]
 [ 1.0235162  -0.7603673 ]
 [ 2.1148021  -1.8523974 ]
 [ 2.864379   -2.5962343 ]
 [ 3.8557715  -3.589273  ]
 [ 3.8557715  -3.589273  ]
 [ 3.8557715  -3.589273  ]
 [ 3.8557715  -3.589273  ]
 [-0.53925204  0.80927294]
 [ 1.6577435  -1.3949862 ]
 [ 2.230152   -1.9616156 ]
 [ 3.8557715  -3.589273  ]
 [ 2.7504032  -2.4808412 ]
 [ 3.4177501  -3.1473627 ]
 [ 3.8557715  -3.589273  ]
 [ 2.864379   -2.5962343 ]
 [ 1.0235162  -0.7603673 ]
 [ 1.0235162  -0.7603673 ]
 [ 3.8557715  -3.589273  ]
 [ 3.4177501  -3.1473627 ]
 [ 3.8557715  -3.589273  ]
 [ 3.8557715  -3.589273  ]
 [ 0.73605835 -0.46413898]
 [ 0.10614599  0.15720676]
 [ 3.4177501  -3.1473627 ]]
2025-12-21 21:13:31,407 - [INFO] - ------------------------------------------------------------
2025-12-21 21:13:31,407 - [INFO] - On Validation Set:
	Accuracy of RRL  Model: 0.9067035245335177
	F1 Score of RRL  Model: 0.6693176104940811
2025-12-21 21:13:31,413 - [INFO] - On Validation Set:
Performance of  RRL Model: 
[[1269   17]
 [ 118   43]]
              precision    recall  f1-score   support

           0       0.91      0.99      0.95      1286
           1       0.72      0.27      0.39       161

    accuracy                           0.91      1447
   macro avg       0.82      0.63      0.67      1447
weighted avg       0.89      0.91      0.89      1447

2025-12-21 21:13:31,413 - [INFO] - ------------------------------------------------------------
2025-12-21 21:13:32,435 - [INFO] - epoch: 252, loss_rrl: 108.22791628725827
2025-12-21 21:13:33,227 - [DEBUG] - y_true: (1447,) [0 0 0 0 0 1 0 0 0 0 0 0 0 0 0 0 0 1 0 0 0 0 0 0 1 0 0 0 0 0 0 0 0 0 0 0 0
 0 1 1 0]
2025-12-21 21:13:33,393 - [DEBUG] - y_rrl_: (1447,) [0 0 0 0 0 1 0 0 0 0 1 0 0 0 0 0 0 0 0 0 0 0 0 0 1 1 0 0 0 0 0 0 1 1 0 0 0
 0 0 0 0]
2025-12-21 21:13:33,394 - [DEBUG] - y_rrl: (1447, 2) [[ 3.8069108  -3.5403328 ]
 [ 0.31578085 -0.05193245]
 [ 3.0450087  -2.7703896 ]
 [ 3.259656   -2.9863977 ]
 [ 3.4760914  -3.20534   ]
 [-0.39826366  0.6669962 ]
 [ 4.021559   -3.756341  ]
 [ 3.259656   -2.9863977 ]
 [ 4.021559   -3.756341  ]
 [ 1.9307237  -1.6689687 ]
 [-0.02332189  0.28236955]
 [ 1.8510773  -1.586061  ]
 [ 2.498598   -2.2310457 ]
 [ 3.8069108  -3.5403328 ]
 [ 4.021559   -3.756341  ]
 [ 2.61477    -2.3500304 ]
 [ 3.375828   -3.1053824 ]
 [ 0.19132555  0.06636129]
 [ 1.7366934  -1.4700104 ]
 [ 2.7123985  -2.4413707 ]
 [ 4.021559   -3.756341  ]
 [ 3.8069108  -3.5403328 ]
 [ 3.4760914  -3.20534   ]
 [ 3.8069108  -3.5403328 ]
 [-0.39826366  0.6669962 ]
 [-0.13949388  0.40135422]
 [ 2.3983345  -2.1310883 ]
 [ 3.6907392  -3.421348  ]
 [ 2.0454094  -1.7752016 ]
 [ 3.5904753  -3.3213906 ]
 [ 4.021559   -3.756341  ]
 [ 2.7123985  -2.4413707 ]
 [-0.02332189  0.28236955]
 [-0.02332189  0.28236955]
 [ 4.021559   -3.756341  ]
 [ 3.259656   -2.9863977 ]
 [ 2.8091023  -2.5391707 ]
 [ 3.4760914  -3.20534   ]
 [ 0.34153536 -0.07314557]
 [ 0.24390697  0.01819458]
 [ 3.0450087  -2.7703896 ]]
2025-12-21 21:13:33,396 - [INFO] - ------------------------------------------------------------
2025-12-21 21:13:33,396 - [INFO] - On Validation Set:
	Accuracy of RRL  Model: 0.9060124395300622
	F1 Score of RRL  Model: 0.7345097404349468
2025-12-21 21:13:33,402 - [INFO] - On Validation Set:
Performance of  RRL Model: 
[[1237   49]
 [  87   74]]
              precision    recall  f1-score   support

           0       0.93      0.96      0.95      1286
           1       0.60      0.46      0.52       161

    accuracy                           0.91      1447
   macro avg       0.77      0.71      0.73      1447
weighted avg       0.90      0.91      0.90      1447

2025-12-21 21:13:33,402 - [INFO] - ------------------------------------------------------------
2025-12-21 21:13:34,183 - [INFO] - epoch: 253, loss_rrl: 108.35373970493674
2025-12-21 21:13:35,208 - [DEBUG] - y_true: (1447,) [0 0 0 0 0 1 0 0 0 0 0 0 0 0 0 0 0 1 0 0 0 0 0 0 1 0 0 0 0 0 0 0 0 0 0 0 0
 0 1 1 0]
2025-12-21 21:13:35,368 - [DEBUG] - y_rrl_: (1447,) [0 0 0 0 0 1 0 0 0 0 0 0 0 0 0 0 0 0 0 0 0 0 0 0 1 0 0 0 0 0 0 0 0 0 0 0 0
 0 1 0 0]
2025-12-21 21:13:35,369 - [DEBUG] - y_rrl: (1447, 2) [[ 3.8321226  -3.5681913 ]
 [ 0.24670127  0.01308972]
 [ 3.1690683  -2.8999383 ]
 [ 3.1690683  -2.8999383 ]
 [ 3.8321226  -3.5681913 ]
 [-0.5574723   0.82491124]
 [ 3.8321226  -3.5681913 ]
 [ 3.609645   -3.344362  ]
 [ 3.8321226  -3.5681913 ]
 [ 2.4101076  -2.1501212 ]
 [ 1.5786974  -1.3232914 ]
 [ 2.7782347  -2.517532  ]
 [ 2.655161   -2.3930542 ]
 [ 3.609645   -3.344362  ]
 [ 3.8321226  -3.5681913 ]
 [ 3.8321226  -3.5681913 ]
 [ 3.8321226  -3.5681913 ]
 [ 1.3562198  -1.0994623 ]
 [ 2.3948352  -2.1325822 ]
 [ 2.6232002  -2.3562877 ]
 [ 3.609645   -3.344362  ]
 [ 3.8321226  -3.5681913 ]
 [ 3.8321226  -3.5681913 ]
 [ 3.609645   -3.344362  ]
 [-0.5574723   0.82491124]
 [ 0.46917894 -0.2107395 ]
 [ 2.883526   -2.6167595 ]
 [ 3.609645   -3.344362  ]
 [ 2.8456779  -2.580117  ]
 [ 3.391546   -3.1237679 ]
 [ 3.609645   -3.344362  ]
 [ 2.6232002  -2.3562877 ]
 [ 1.1381207  -0.87886834]
 [ 0.915643   -0.6550392 ]
 [ 3.8321226  -3.5681913 ]
 [ 3.609645   -3.344362  ]
 [ 3.8321226  -3.5681913 ]
 [ 3.609645   -3.344362  ]
 [-0.1168955   0.3804881 ]
 [ 0.74822605 -0.48656616]
 [ 3.609645   -3.344362  ]]
2025-12-21 21:13:35,371 - [INFO] - ------------------------------------------------------------
2025-12-21 21:13:35,371 - [INFO] - On Validation Set:
	Accuracy of RRL  Model: 0.9053213545266068
	F1 Score of RRL  Model: 0.7247540699087092
2025-12-21 21:13:35,377 - [INFO] - On Validation Set:
Performance of  RRL Model: 
[[1241   45]
 [  92   69]]
              precision    recall  f1-score   support

           0       0.93      0.97      0.95      1286
           1       0.61      0.43      0.50       161

    accuracy                           0.91      1447
   macro avg       0.77      0.70      0.72      1447
weighted avg       0.89      0.91      0.90      1447

2025-12-21 21:13:35,377 - [INFO] - ------------------------------------------------------------
2025-12-21 21:13:35,929 - [INFO] - epoch: 254, loss_rrl: 108.05256769619882
2025-12-21 21:13:37,186 - [DEBUG] - y_true: (1447,) [0 0 0 0 0 1 0 0 0 0 0 0 0 0 0 0 0 1 0 0 0 0 0 0 1 0 0 0 0 0 0 0 0 0 0 0 0
 0 1 1 0]
2025-12-21 21:13:37,347 - [DEBUG] - y_rrl_: (1447,) [0 1 0 0 0 0 0 0 0 0 0 0 0 0 0 0 0 0 0 0 0 0 0 0 1 0 0 0 0 0 0 0 0 0 0 0 0
 0 1 0 0]
2025-12-21 21:13:37,347 - [DEBUG] - y_rrl: (1447, 2) [[ 3.8058348  -3.5431938 ]
 [-0.27266955  0.5344976 ]
 [ 1.9957908  -1.7253164 ]
 [ 2.4257398  -2.1533017 ]
 [ 2.6728046  -2.4074972 ]
 [ 0.15978092  0.10602207]
 [ 3.8058348  -3.5431938 ]
 [ 3.8058348  -3.5431938 ]
 [ 3.8058348  -3.5431938 ]
 [ 2.1871119  -1.9316865 ]
 [ 0.42059883 -0.16375268]
 [ 2.3124533  -2.0549855 ]
 [ 3.3758857  -3.1152084 ]
 [ 2.6728046  -2.4074972 ]
 [ 3.8058348  -3.5431938 ]
 [ 3.297044   -3.0354087 ]
 [ 3.1027536  -2.8354826 ]
 [ 1.1236799  -0.87146366]
 [ 2.0641615  -1.8055363 ]
 [ 2.8062167  -2.5419543 ]
 [ 3.8058348  -3.5431938 ]
 [ 3.3758857  -3.1152084 ]
 [ 3.3758857  -3.1152084 ]
 [ 3.1027536  -2.8354826 ]
 [-1.2592881   1.524621  ]
 [ 1.1874942  -0.93044734]
 [ 2.297426   -2.0341697 ]
 [ 3.8058348  -3.5431938 ]
 [ 2.3762677  -2.113969  ]
 [ 3.3608582  -3.0943923 ]
 [ 3.8058348  -3.5431938 ]
 [ 2.3762677  -2.113969  ]
 [ 0.67870355 -0.42266253]
 [ 0.67870355 -0.42266253]
 [ 3.3758857  -3.1152084 ]
 [ 3.8058348  -3.5431938 ]
 [ 3.3758857  -3.1152084 ]
 [ 3.8058348  -3.5431938 ]
 [ 0.09596668  0.1650058 ]
 [ 0.7432032  -0.48281085]
 [ 3.8058348  -3.5431938 ]]
2025-12-21 21:13:37,349 - [INFO] - ------------------------------------------------------------
2025-12-21 21:13:37,350 - [INFO] - On Validation Set:
	Accuracy of RRL  Model: 0.8901174844505875
	F1 Score of RRL  Model: 0.6866570514522923
2025-12-21 21:13:37,355 - [INFO] - On Validation Set:
Performance of  RRL Model: 
[[1227   59]
 [ 100   61]]
              precision    recall  f1-score   support

           0       0.92      0.95      0.94      1286
           1       0.51      0.38      0.43       161

    accuracy                           0.89      1447
   macro avg       0.72      0.67      0.69      1447
weighted avg       0.88      0.89      0.88      1447

2025-12-21 21:13:37,355 - [INFO] - ------------------------------------------------------------
2025-12-21 21:13:37,628 - [INFO] - epoch: 255, loss_rrl: 106.60242231376469
2025-12-21 21:13:39,088 - [DEBUG] - y_true: (1447,) [0 0 0 0 0 1 0 0 0 0 0 0 0 0 0 0 0 1 0 0 0 0 0 0 1 0 0 0 0 0 0 0 0 0 0 0 0
 0 1 1 0]
2025-12-21 21:13:39,251 - [DEBUG] - y_rrl_: (1447,) [0 0 0 0 0 0 0 0 0 0 0 0 0 0 0 0 0 0 0 0 0 0 0 0 1 0 0 0 0 0 0 0 0 0 0 0 0
 0 0 0 0]
2025-12-21 21:13:39,252 - [DEBUG] - y_rrl: (1447, 2) [[ 3.4228094  -3.163405  ]
 [ 0.58103144 -0.32602325]
 [ 2.7388072  -2.4742663 ]
 [ 3.596541   -3.333853  ]
 [ 3.4228094  -3.163405  ]
 [ 0.21529938  0.04921151]
 [ 3.8464139  -3.5850587 ]
 [ 3.8464139  -3.5850587 ]
 [ 3.8464139  -3.5850587 ]
 [ 2.673652   -2.417505  ]
 [ 0.47501647 -0.21941122]
 [ 3.8464139  -3.5850587 ]
 [ 3.8464139  -3.5850587 ]
 [ 3.4228094  -3.163405  ]
 [ 3.5197465  -3.2542884 ]
 [ 3.4228094  -3.163405  ]
 [ 3.4228094  -3.163405  ]
 [ 1.615897   -1.3629409 ]
 [ 2.187923   -1.9315099 ]
 [ 3.289739   -3.030575  ]
 [ 3.8464139  -3.5850587 ]
 [ 3.4228094  -3.163405  ]
 [ 3.4228094  -3.163405  ]
 [ 3.4228094  -3.163405  ]
 [-0.53565323  0.800498  ]
 [ 1.259243   -1.0034348 ]
 [ 1.6828474  -1.4250885 ]
 [ 3.8464139  -3.5850587 ]
 [ 2.8556094  -2.592642  ]
 [ 3.8464139  -3.5850587 ]
 [ 3.8464139  -3.5850587 ]
 [ 3.289739   -3.030575  ]
 [ 0.7581633  -0.503354  ]
 [ 0.7581633  -0.503354  ]
 [ 3.8464139  -3.5850587 ]
 [ 3.8464139  -3.5850587 ]
 [ 3.4228094  -3.163405  ]
 [ 3.4228094  -3.163405  ]
 [ 0.14834908  0.11135904]
 [ 0.7818186  -0.5226893 ]
 [ 3.4228094  -3.163405  ]]
2025-12-21 21:13:39,254 - [INFO] - ------------------------------------------------------------
2025-12-21 21:13:39,254 - [INFO] - On Validation Set:
	Accuracy of RRL  Model: 0.9018659295093296
	F1 Score of RRL  Model: 0.6564439539860888
2025-12-21 21:13:39,260 - [INFO] - On Validation Set:
Performance of  RRL Model: 
[[1264   22]
 [ 120   41]]
              precision    recall  f1-score   support

           0       0.91      0.98      0.95      1286
           1       0.65      0.25      0.37       161

    accuracy                           0.90      1447
   macro avg       0.78      0.62      0.66      1447
weighted avg       0.88      0.90      0.88      1447

2025-12-21 21:13:39,260 - [INFO] - ------------------------------------------------------------
2025-12-21 21:13:39,291 - [INFO] - epoch: 256, loss_rrl: 108.62359136715531
2025-12-21 21:13:40,699 - [INFO] - epoch: 257, loss_rrl: 108.25755729712546
2025-12-21 21:13:40,912 - [DEBUG] - y_true: (1447,) [0 0 0 0 0 1 0 0 0 0 0 0 0 0 0 0 0 1 0 0 0 0 0 0 1 0 0 0 0 0 0 0 0 0 0 0 0
 0 1 1 0]
2025-12-21 21:13:41,074 - [DEBUG] - y_rrl_: (1447,) [0 1 0 0 0 1 0 0 0 0 0 0 0 0 0 0 0 0 0 0 0 0 0 0 1 0 0 0 0 0 0 0 0 0 0 0 0
 0 0 0 0]
2025-12-21 21:13:41,074 - [DEBUG] - y_rrl: (1447, 2) [[ 3.3999395  -3.1418009 ]
 [-0.95455104  1.2132335 ]
 [ 1.9834841  -1.715669  ]
 [ 2.3996804  -2.1299274 ]
 [ 3.3999395  -3.1418009 ]
 [-0.58955795  0.8531139 ]
 [ 3.816136   -3.5560594 ]
 [ 3.5700037  -3.3086035 ]
 [ 3.816136   -3.5560594 ]
 [ 2.396389   -2.1401553 ]
 [ 1.1560191  -0.90621936]
 [ 2.74583    -2.488926  ]
 [ 3.3075452  -3.0484614 ]
 [ 3.1538074  -2.894345  ]
 [ 3.816136   -3.5560594 ]
 [ 3.3999395  -3.1418009 ]
 [ 3.3999395  -3.1418009 ]
 [ 1.3260831  -1.073022  ]
 [ 1.8979776  -1.6414888 ]
 [ 2.577081   -2.3140776 ]
 [ 3.5700037  -3.3086035 ]
 [ 3.3999395  -3.1418009 ]
 [ 3.3999395  -3.1418009 ]
 [ 3.1538074  -2.894345  ]
 [-0.58955795  0.8531139 ]
 [ 0.7248115  -0.47122896]
 [ 2.8763378  -2.613471  ]
 [ 3.5700037  -3.3086035 ]
 [ 2.8232133  -2.5615337 ]
 [ 3.3849285  -3.1210692 ]
 [ 3.5700037  -3.3086035 ]
 [ 2.577081   -2.3140776 ]
 [ 0.7248115  -0.47122896]
 [ 0.47867924 -0.22377317]
 [ 3.816136   -3.5560594 ]
 [ 3.5700037  -3.3086035 ]
 [ 3.3999395  -3.1418009 ]
 [ 3.1538074  -2.894345  ]
 [ 0.35024053 -0.08947439]
 [ 0.7324863  -0.47461325]
 [ 3.1538074  -2.894345  ]]
2025-12-21 21:13:41,076 - [INFO] - ------------------------------------------------------------
2025-12-21 21:13:41,076 - [INFO] - On Validation Set:
	Accuracy of RRL  Model: 0.8963372494816862
	F1 Score of RRL  Model: 0.7071798607738384
2025-12-21 21:13:41,082 - [INFO] - On Validation Set:
Performance of  RRL Model: 
[[1230   56]
 [  94   67]]
              precision    recall  f1-score   support

           0       0.93      0.96      0.94      1286
           1       0.54      0.42      0.47       161

    accuracy                           0.90      1447
   macro avg       0.74      0.69      0.71      1447
weighted avg       0.89      0.90      0.89      1447

2025-12-21 21:13:41,082 - [INFO] - ------------------------------------------------------------
2025-12-21 21:13:42,282 - [INFO] - epoch: 258, loss_rrl: 106.70556416362524
2025-12-21 21:13:42,728 - [DEBUG] - y_true: (1447,) [0 0 0 0 0 1 0 0 0 0 0 0 0 0 0 0 0 1 0 0 0 0 0 0 1 0 0 0 0 0 0 0 0 0 0 0 0
 0 1 1 0]
2025-12-21 21:13:42,890 - [DEBUG] - y_rrl_: (1447,) [0 0 0 0 0 1 0 0 0 0 0 0 0 0 0 0 0 0 0 0 0 0 0 0 1 0 0 0 0 0 0 0 0 0 0 0 0
 0 0 0 0]
2025-12-21 21:13:42,891 - [DEBUG] - y_rrl: (1447, 2) [[ 3.664191   -3.4040852 ]
 [ 0.56158835 -0.30810013]
 [ 2.4986598  -2.2302508 ]
 [ 2.4986598  -2.2302508 ]
 [ 3.664191   -3.4040852 ]
 [ 0.01541424  0.24783622]
 [ 3.9172971  -3.6585054 ]
 [ 3.4949605  -3.2324066 ]
 [ 3.9172971  -3.6585054 ]
 [ 2.325349   -2.0679183 ]
 [ 0.8766069  -0.6196367 ]
 [ 2.299324   -2.0385454 ]
 [ 3.9172971  -3.6585054 ]
 [ 3.664191   -3.4040852 ]
 [ 3.9172971  -3.6585054 ]
 [ 2.4685545  -2.210224  ]
 [ 3.2418544  -2.977986  ]
 [ 1.1297129  -0.87405723]
 [ 1.9004303  -1.6442668 ]
 [ 2.9268358  -2.6664493 ]
 [ 3.9172971  -3.6585054 ]
 [ 3.664191   -3.4040852 ]
 [ 3.664191   -3.4040852 ]
 [ 3.664191   -3.4040852 ]
 [-1.1802222   1.4416972 ]
 [ 1.7572248  -1.5019612 ]
 [ 2.299324   -2.0385454 ]
 [ 3.9172971  -3.6585054 ]
 [ 2.8063774  -2.5446122 ]
 [ 3.4949605  -3.2324066 ]
 [ 3.9172971  -3.6585054 ]
 [ 2.9268358  -2.6664493 ]
 [ 0.8766069  -0.6196367 ]
 [ 0.8766069  -0.6196367 ]
 [ 3.9172971  -3.6585054 ]
 [ 3.4949605  -3.2324066 ]
 [ 3.664191   -3.4040852 ]
 [ 3.664191   -3.4040852 ]
 [ 0.1480616   0.11525324]
 [ 0.15140179  0.10442111]
 [ 3.2418544  -2.977986  ]]
2025-12-21 21:13:42,893 - [INFO] - ------------------------------------------------------------
2025-12-21 21:13:42,893 - [INFO] - On Validation Set:
	Accuracy of RRL  Model: 0.9053213545266068
	F1 Score of RRL  Model: 0.7115319413340551
2025-12-21 21:13:42,899 - [INFO] - On Validation Set:
Performance of  RRL Model: 
[[1248   38]
 [  99   62]]
              precision    recall  f1-score   support

           0       0.93      0.97      0.95      1286
           1       0.62      0.39      0.48       161

    accuracy                           0.91      1447
   macro avg       0.77      0.68      0.71      1447
weighted avg       0.89      0.91      0.90      1447

2025-12-21 21:13:42,899 - [INFO] - ------------------------------------------------------------
2025-12-21 21:13:43,869 - [INFO] - epoch: 259, loss_rrl: 107.15722356364131
2025-12-21 21:13:44,545 - [DEBUG] - y_true: (1447,) [0 0 0 0 0 1 0 0 0 0 0 0 0 0 0 0 0 1 0 0 0 0 0 0 1 0 0 0 0 0 0 0 0 0 0 0 0
 0 1 1 0]
2025-12-21 21:13:44,713 - [DEBUG] - y_rrl_: (1447,) [0 0 0 0 0 1 0 0 0 0 0 0 0 0 0 0 0 0 0 0 0 0 0 0 1 0 0 0 0 0 0 0 0 0 0 0 0
 0 1 0 0]
2025-12-21 21:13:44,714 - [DEBUG] - y_rrl: (1447, 2) [[ 3.6947584  -3.4359403 ]
 [ 0.5151378  -0.2565623 ]
 [ 2.9337282  -2.667133  ]
 [ 2.9337282  -2.667133  ]
 [ 3.354268   -3.091415  ]
 [-0.45497298  0.71594965]
 [ 3.9592242  -3.7017121 ]
 [ 2.9337282  -2.667133  ]
 [ 3.9592242  -3.7017121 ]
 [ 1.7045462  -1.4489806 ]
 [ 0.62728655 -0.3748557 ]
 [ 2.9732761  -2.7141771 ]
 [ 3.6187344  -3.3571868 ]
 [ 3.6947584  -3.4359403 ]
 [ 3.9592242  -3.7017121 ]
 [ 3.182907   -2.925068  ]
 [ 3.2742186  -3.0116584 ]
 [ 0.62728655 -0.3748557 ]
 [ 1.5981803  -1.3392437 ]
 [ 2.36832    -2.10388   ]
 [ 3.6947584  -3.4359403 ]
 [ 3.6947584  -3.4359403 ]
 [ 3.354268   -3.091415  ]
 [ 3.6947584  -3.4359403 ]
 [-0.45497298  0.71594965]
 [ 0.5512625  -0.2961023 ]
 [ 1.7989228  -1.5449052 ]
 [ 3.354268   -3.091415  ]
 [ 2.6327863  -2.3696518 ]
 [ 3.5386844  -3.2774303 ]
 [ 3.6947584  -3.4359403 ]
 [ 2.36832    -2.10388   ]
 [ 0.62728655 -0.3748557 ]
 [ 0.62728655 -0.3748557 ]
 [ 3.9592242  -3.7017121 ]
 [ 2.9337282  -2.667133  ]
 [ 3.354268   -3.091415  ]
 [ 3.354268   -3.091415  ]
 [ 0.0568783   0.20507768]
 [ 0.8714654  -0.61611   ]
 [ 2.9337282  -2.667133  ]]
2025-12-21 21:13:44,716 - [INFO] - ------------------------------------------------------------
2025-12-21 21:13:44,716 - [INFO] - On Validation Set:
	Accuracy of RRL  Model: 0.9053213545266068
	F1 Score of RRL  Model: 0.730012679553233
2025-12-21 21:13:44,722 - [INFO] - On Validation Set:
Performance of  RRL Model: 
[[1238   48]
 [  89   72]]
              precision    recall  f1-score   support

           0       0.93      0.96      0.95      1286
           1       0.60      0.45      0.51       161

    accuracy                           0.91      1447
   macro avg       0.77      0.70      0.73      1447
weighted avg       0.90      0.91      0.90      1447

2025-12-21 21:13:44,722 - [INFO] - ------------------------------------------------------------
2025-12-21 21:13:45,479 - [INFO] - epoch: 260, loss_rrl: 108.23782281205058
2025-12-21 21:13:46,391 - [DEBUG] - y_true: (1447,) [0 0 0 0 0 1 0 0 0 0 0 0 0 0 0 0 0 1 0 0 0 0 0 0 1 0 0 0 0 0 0 0 0 0 0 0 0
 0 1 1 0]
2025-12-21 21:13:46,560 - [DEBUG] - y_rrl_: (1447,) [0 1 0 0 0 1 0 0 0 0 0 0 0 0 0 0 0 0 0 0 0 0 0 0 1 0 0 0 0 0 0 0 0 0 0 0 0
 0 1 0 0]
2025-12-21 21:13:46,560 - [DEBUG] - y_rrl: (1447, 2) [[ 3.8899107  -3.6336744 ]
 [-0.4393326   0.6961354 ]
 [ 2.4536905  -2.187955  ]
 [ 2.4536905  -2.187955  ]
 [ 3.8899107  -3.6336744 ]
 [-0.4976514   0.7573438 ]
 [ 3.8899107  -3.6336744 ]
 [ 2.4536905  -2.187955  ]
 [ 3.8899107  -3.6336744 ]
 [ 1.2734898  -1.012794  ]
 [ 1.2255608  -0.97375864]
 [ 2.4057615  -2.1489196 ]
 [ 2.740994   -2.486508  ]
 [ 3.6245146  -3.3669808 ]
 [ 3.8899107  -3.6336744 ]
 [ 3.8899107  -3.6336744 ]
 [ 3.4594269  -3.1994693 ]
 [ 0.9601649  -0.7070651 ]
 [ 2.4014513  -2.1468384 ]
 [ 1.8897845  -1.626192  ]
 [ 3.6245146  -3.3669808 ]
 [ 3.8899107  -3.6336744 ]
 [ 3.8899107  -3.6336744 ]
 [ 3.6245146  -3.3669808 ]
 [-0.4976514   0.7573438 ]
 [ 0.5664035  -0.3153791 ]
 [ 2.9696677  -2.7106826 ]
 [ 2.8841746  -2.6221597 ]
 [ 2.895521   -2.6377065 ]
 [ 3.4594269  -3.1994693 ]
 [ 3.6245146  -3.3669808 ]
 [ 2.6301248  -2.371013  ]
 [ 1.2255608  -0.97375864]
 [ 0.21982488  0.03775593]
 [ 3.8899107  -3.6336744 ]
 [ 2.4536905  -2.187955  ]
 [ 3.8899107  -3.6336744 ]
 [ 2.8841746  -2.6221597 ]
 [-0.4976514   0.7573438 ]
 [ 0.8302352  -0.57613343]
 [ 2.4536905  -2.187955  ]]
2025-12-21 21:13:46,562 - [INFO] - ------------------------------------------------------------
2025-12-21 21:13:46,563 - [INFO] - On Validation Set:
	Accuracy of RRL  Model: 0.9018659295093296
	F1 Score of RRL  Model: 0.7227969348659005
2025-12-21 21:13:46,569 - [INFO] - On Validation Set:
Performance of  RRL Model: 
[[1234   52]
 [  90   71]]
              precision    recall  f1-score   support

           0       0.93      0.96      0.95      1286
           1       0.58      0.44      0.50       161

    accuracy                           0.90      1447
   macro avg       0.75      0.70      0.72      1447
weighted avg       0.89      0.90      0.90      1447

2025-12-21 21:13:46,569 - [INFO] - ------------------------------------------------------------
2025-12-21 21:13:47,093 - [INFO] - epoch: 261, loss_rrl: 108.54720562137663
2025-12-21 21:13:48,259 - [DEBUG] - y_true: (1447,) [0 0 0 0 0 1 0 0 0 0 0 0 0 0 0 0 0 1 0 0 0 0 0 0 1 0 0 0 0 0 0 0 0 0 0 0 0
 0 1 1 0]
2025-12-21 21:13:48,421 - [DEBUG] - y_rrl_: (1447,) [0 0 0 0 0 0 0 0 0 0 0 0 0 0 0 0 0 0 0 0 0 0 0 0 1 0 0 0 0 0 0 0 0 0 0 0 0
 0 0 0 0]
2025-12-21 21:13:48,421 - [DEBUG] - y_rrl: (1447, 2) [[ 3.9185488  -3.663576  ]
 [ 0.3396608  -0.08443584]
 [ 2.1231318  -1.8606067 ]
 [ 2.4957619  -2.2313478 ]
 [ 3.5459187  -3.2928345 ]
 [ 0.30644673 -0.04834801]
 [ 3.9185488  -3.663576  ]
 [ 3.9185488  -3.663576  ]
 [ 3.9185488  -3.663576  ]
 [ 2.3643155  -2.1162274 ]
 [ 1.8770509  -1.6299291 ]
 [ 3.5459187  -3.2928345 ]
 [ 3.5459187  -3.2928345 ]
 [ 3.5459187  -3.2928345 ]
 [ 3.9185488  -3.663576  ]
 [ 3.4312844  -3.1772773 ]
 [ 3.9185488  -3.663576  ]
 [ 1.8770509  -1.6299291 ]
 [ 2.1934748  -1.9423726 ]
 [ 2.930817   -2.6742754 ]
 [ 3.9185488  -3.663576  ]
 [ 3.5459187  -3.2928345 ]
 [ 3.5459187  -3.2928345 ]
 [ 3.9185488  -3.663576  ]
 [-0.44412956  0.70255125]
 [ 1.3765833  -1.1269269 ]
 [ 3.4950714  -3.236398  ]
 [ 3.9185488  -3.663576  ]
 [ 3.1224413  -2.8656566 ]
 [ 3.4950714  -3.236398  ]
 [ 3.9185488  -3.663576  ]
 [ 2.5581868  -2.303534  ]
 [ 1.4535732  -1.2027509 ]
 [ 1.4535732  -1.2027509 ]
 [ 3.5459187  -3.2928345 ]
 [ 3.9185488  -3.663576  ]
 [ 3.5459187  -3.2928345 ]
 [ 3.9185488  -3.663576  ]
 [ 0.8069142  -0.55135024]
 [ 0.8777414  -0.6248789 ]
 [ 3.9185488  -3.663576  ]]
2025-12-21 21:13:48,423 - [INFO] - ------------------------------------------------------------
2025-12-21 21:13:48,423 - [INFO] - On Validation Set:
	Accuracy of RRL  Model: 0.902557014512785
	F1 Score of RRL  Model: 0.6265109203639938
2025-12-21 21:13:48,429 - [INFO] - On Validation Set:
Performance of  RRL Model: 
[[1275   11]
 [ 130   31]]
              precision    recall  f1-score   support

           0       0.91      0.99      0.95      1286
           1       0.74      0.19      0.31       161

    accuracy                           0.90      1447
   macro avg       0.82      0.59      0.63      1447
weighted avg       0.89      0.90      0.88      1447

2025-12-21 21:13:48,429 - [INFO] - ------------------------------------------------------------
2025-12-21 21:13:48,726 - [INFO] - epoch: 262, loss_rrl: 108.4574670586735
2025-12-21 21:13:50,129 - [DEBUG] - y_true: (1447,) [0 0 0 0 0 1 0 0 0 0 0 0 0 0 0 0 0 1 0 0 0 0 0 0 1 0 0 0 0 0 0 0 0 0 0 0 0
 0 1 1 0]
2025-12-21 21:13:50,291 - [DEBUG] - y_rrl_: (1447,) [0 1 0 0 0 1 0 0 0 0 0 0 0 0 0 0 0 0 0 0 0 0 0 0 1 0 0 0 0 0 0 0 0 0 0 0 0
 0 1 0 0]
2025-12-21 21:13:50,291 - [DEBUG] - y_rrl: (1447, 2) [[ 3.8170438  -3.5633297 ]
 [-0.09699806  0.35084477]
 [ 2.4155247  -2.1547582 ]
 [ 2.7986507  -2.5360076 ]
 [ 3.1084414  -2.8526359 ]
 [-0.06174796  0.31986752]
 [ 3.8170438  -3.5633297 ]
 [ 3.2214196  -2.962457  ]
 [ 3.8170438  -3.5633297 ]
 [ 2.3726964  -2.1226528 ]
 [ 1.5909607  -1.3452766 ]
 [ 2.382034   -2.1332757 ]
 [ 3.1084414  -2.8526359 ]
 [ 3.16377    -2.910652  ]
 [ 3.8170438  -3.5633297 ]
 [ 3.3311007  -3.0783455 ]
 [ 3.8170438  -3.5633297 ]
 [ 1.3208132  -1.0738482 ]
 [ 1.4999704  -1.2448533 ]
 [ 2.2327104  -1.972187  ]
 [ 3.546896   -3.2919014 ]
 [ 3.4339178  -3.1820803 ]
 [ 3.1084414  -2.8526359 ]
 [ 3.546896   -3.2919014 ]
 [-1.2172569   1.4736505 ]
 [ 0.94553244 -0.69311696]
 [ 1.7341323  -1.4826478 ]
 [ 3.2214196  -2.962457  ]
 [ 2.119732   -1.8623657 ]
 [ 3.394275   -3.1368802 ]
 [ 3.546896   -3.2919014 ]
 [ 1.8495846  -1.5909376 ]
 [ 1.1681919  -0.9188271 ]
 [ 0.51491827 -0.26614937]
 [ 3.4339178  -3.1820803 ]
 [ 3.2214196  -2.962457  ]
 [ 3.1084414  -2.8526359 ]
 [ 3.2214196  -2.962457  ]
 [-0.12492215  0.37840202]
 [ 0.7664948  -0.514863  ]
 [ 3.2214196  -2.962457  ]]
2025-12-21 21:13:50,293 - [INFO] - ------------------------------------------------------------
2025-12-21 21:13:50,294 - [INFO] - On Validation Set:
	Accuracy of RRL  Model: 0.9011748445058743
	F1 Score of RRL  Model: 0.7126995036273387
2025-12-21 21:13:50,299 - [INFO] - On Validation Set:
Performance of  RRL Model: 
[[1238   48]
 [  95   66]]
              precision    recall  f1-score   support

           0       0.93      0.96      0.95      1286
           1       0.58      0.41      0.48       161

    accuracy                           0.90      1447
   macro avg       0.75      0.69      0.71      1447
weighted avg       0.89      0.90      0.89      1447

2025-12-21 21:13:50,299 - [INFO] - ------------------------------------------------------------
2025-12-21 21:13:50,369 - [INFO] - epoch: 263, loss_rrl: 108.25201808102429
2025-12-21 21:13:51,947 - [INFO] - epoch: 264, loss_rrl: 106.9907728228718
2025-12-21 21:13:52,126 - [DEBUG] - y_true: (1447,) [0 0 0 0 0 1 0 0 0 0 0 0 0 0 0 0 0 1 0 0 0 0 0 0 1 0 0 0 0 0 0 0 0 0 0 0 0
 0 1 1 0]
2025-12-21 21:13:52,287 - [DEBUG] - y_rrl_: (1447,) [0 1 0 0 0 1 0 0 0 0 1 0 0 0 0 0 0 0 0 0 0 0 0 0 1 1 0 0 0 0 0 0 1 1 0 0 0
 0 0 1 0]
2025-12-21 21:13:52,288 - [DEBUG] - y_rrl: (1447, 2) [[ 3.1935964  -2.943004  ]
 [-1.4701749   1.725309  ]
 [ 2.192669   -1.9331989 ]
 [ 2.5795996  -2.318265  ]
 [ 2.871049   -2.6165109 ]
 [-0.78564835  1.0415431 ]
 [ 3.580527   -3.32807   ]
 [ 3.0012534  -2.7435791 ]
 [ 3.580527   -3.32807   ]
 [ 2.1471474  -1.8983287 ]
 [-0.791795    1.041997  ]
 [ 1.8287789  -1.5801423 ]
 [ 2.0791488  -1.8244596 ]
 [ 2.93687    -2.6850061 ]
 [ 3.580527   -3.32807   ]
 [ 2.0147655  -1.7658865 ]
 [ 3.1935964  -2.943004  ]
 [ 0.39539948 -0.15040097]
 [ 0.8625744  -0.61058533]
 [ 2.0066824  -1.7474548 ]
 [ 3.3238008  -3.0700722 ]
 [ 3.1935964  -2.943004  ]
 [ 2.871049   -2.6165109 ]
 [ 2.93687    -2.6850061 ]
 [-0.78564835  1.0415431 ]
 [-0.47900662  0.72847414]
 [ 1.9800426  -1.7256384 ]
 [ 3.0012534  -2.7435791 ]
 [ 1.5788819  -1.3216869 ]
 [ 3.1588733  -2.902756  ]
 [ 3.3238008  -3.0700722 ]
 [ 2.0066824  -1.7474548 ]
 [-0.47900662  0.72847414]
 [-0.4131852   0.6599791 ]
 [ 3.580527   -3.32807   ]
 [ 3.0012534  -2.7435791 ]
 [ 2.1865222  -1.932745  ]
 [ 2.6143227  -2.358513  ]
 [ 0.13030978  0.12287737]
 [-0.47560367  0.72918475]
 [ 2.6143227  -2.358513  ]]
2025-12-21 21:13:52,289 - [INFO] - ------------------------------------------------------------
2025-12-21 21:13:52,290 - [INFO] - On Validation Set:
	Accuracy of RRL  Model: 0.8921907394609537
	F1 Score of RRL  Model: 0.7452257767424222
2025-12-21 21:13:52,295 - [INFO] - On Validation Set:
Performance of  RRL Model: 
[[1195   91]
 [  65   96]]
              precision    recall  f1-score   support

           0       0.95      0.93      0.94      1286
           1       0.51      0.60      0.55       161

    accuracy                           0.89      1447
   macro avg       0.73      0.76      0.75      1447
weighted avg       0.90      0.89      0.90      1447

2025-12-21 21:13:52,295 - [INFO] - ------------------------------------------------------------
2025-12-21 21:13:53,519 - [INFO] - epoch: 265, loss_rrl: 108.81694256700575
2025-12-21 21:13:53,924 - [DEBUG] - y_true: (1447,) [0 0 0 0 0 1 0 0 0 0 0 0 0 0 0 0 0 1 0 0 0 0 0 0 1 0 0 0 0 0 0 0 0 0 0 0 0
 0 1 1 0]
2025-12-21 21:13:54,085 - [DEBUG] - y_rrl_: (1447,) [0 0 0 0 0 1 0 0 0 0 0 0 0 0 0 0 0 0 0 0 0 0 0 0 1 0 0 0 0 0 0 0 0 0 0 0 0
 0 0 0 0]
2025-12-21 21:13:54,086 - [DEBUG] - y_rrl: (1447, 2) [[ 3.9274583  -3.6762443 ]
 [ 0.99356353 -0.7510137 ]
 [ 3.2513824  -2.9952648 ]
 [ 3.2513824  -2.9952648 ]
 [ 3.9274583  -3.6762443 ]
 [-0.87647986  1.129108  ]
 [ 3.9274583  -3.6762443 ]
 [ 3.5118828  -3.2570288 ]
 [ 3.9274583  -3.6762443 ]
 [ 1.9558572  -1.7077253 ]
 [ 0.76976526 -0.52333295]
 [ 2.7413664  -2.4918518 ]
 [ 2.7413664  -2.4918518 ]
 [ 3.9274583  -3.6762443 ]
 [ 3.9274583  -3.6762443 ]
 [ 2.7413664  -2.4918518 ]
 [ 3.5118828  -3.2570288 ]
 [ 0.76976526 -0.52333295]
 [ 2.1753674  -1.9279478 ]
 [ 2.9458842  -2.6931248 ]
 [ 3.9274583  -3.6762443 ]
 [ 3.9274583  -3.6762443 ]
 [ 3.9274583  -3.6762443 ]
 [ 3.9274583  -3.6762443 ]
 [-0.7214046   0.97165626]
 [ 0.61934185 -0.3786444 ]
 [ 2.325791   -2.0726364 ]
 [ 3.9274583  -3.6762443 ]
 [ 2.82331    -2.56921   ]
 [ 3.9274583  -3.6762443 ]
 [ 3.9274583  -3.6762443 ]
 [ 2.9458842  -2.6931248 ]
 [ 0.76976526 -0.52333295]
 [ 0.76976526 -0.52333295]
 [ 3.9274583  -3.6762443 ]
 [ 3.9274583  -3.6762443 ]
 [ 3.2388854  -2.9884255 ]
 [ 3.9274583  -3.6762443 ]
 [ 0.18703789  0.06863022]
 [ 0.1840626   0.06435978]
 [ 3.5118828  -3.2570288 ]]
2025-12-21 21:13:54,088 - [INFO] - ------------------------------------------------------------
2025-12-21 21:13:54,088 - [INFO] - On Validation Set:
	Accuracy of RRL  Model: 0.9018659295093296
	F1 Score of RRL  Model: 0.7099791102077688
2025-12-21 21:13:54,094 - [INFO] - On Validation Set:
Performance of  RRL Model: 
[[1241   45]
 [  97   64]]
              precision    recall  f1-score   support

           0       0.93      0.97      0.95      1286
           1       0.59      0.40      0.47       161

    accuracy                           0.90      1447
   macro avg       0.76      0.68      0.71      1447
weighted avg       0.89      0.90      0.89      1447

2025-12-21 21:13:54,094 - [INFO] - ------------------------------------------------------------
2025-12-21 21:13:55,090 - [INFO] - epoch: 266, loss_rrl: 108.92441952973604
2025-12-21 21:13:55,722 - [DEBUG] - y_true: (1447,) [0 0 0 0 0 1 0 0 0 0 0 0 0 0 0 0 0 1 0 0 0 0 0 0 1 0 0 0 0 0 0 0 0 0 0 0 0
 0 1 1 0]
2025-12-21 21:13:55,883 - [DEBUG] - y_rrl_: (1447,) [0 0 0 0 0 1 0 0 0 0 0 0 0 0 0 0 0 0 0 0 0 0 0 0 1 0 0 0 0 0 0 0 0 0 0 0 0
 0 1 0 0]
2025-12-21 21:13:55,884 - [DEBUG] - y_rrl: (1447, 2) [[ 3.5972297  -3.345993  ]
 [ 0.43212616 -0.18102759]
 [ 2.834922   -2.5761638 ]
 [ 2.834922   -2.5761638 ]
 [ 3.253742   -2.9986029 ]
 [-0.5048037   0.7582104 ]
 [ 3.8491805  -3.5991993 ]
 [ 2.834922   -2.5761638 ]
 [ 3.8491805  -3.5991993 ]
 [ 2.0015569  -1.7515284 ]
 [ 0.9502098  -0.7032031 ]
 [ 2.2044175  -1.9536495 ]
 [ 3.5056927  -3.2518091 ]
 [ 3.5972297  -3.345993  ]
 [ 3.8491805  -3.5991993 ]
 [ 2.4278288  -2.1782799 ]
 [ 3.1784098  -2.923554  ]
 [ 0.27821147 -0.03195351]
 [ 1.5303967  -1.2790284 ]
 [ 2.2809775  -2.0243027 ]
 [ 3.5972297  -3.345993  ]
 [ 3.5972297  -3.345993  ]
 [ 3.253742   -2.9986029 ]
 [ 3.5972297  -3.345993  ]
 [-0.5048037   0.7582104 ]
 [ 0.85867244 -0.60901904]
 [ 1.0275644  -0.781624  ]
 [ 3.253742   -2.9986029 ]
 [ 1.8609297  -1.6062593 ]
 [ 3.4303603  -3.1767597 ]
 [ 3.5972297  -3.345993  ]
 [ 2.2809775  -2.0243027 ]
 [ 0.9502098  -0.7032031 ]
 [ 0.27821147 -0.03195351]
 [ 3.8491805  -3.5991993 ]
 [ 2.834922   -2.5761638 ]
 [ 3.253742   -2.9986029 ]
 [ 3.253742   -2.9986029 ]
 [-0.00740128  0.26174623]
 [ 0.13945019  0.10776906]
 [ 2.834922   -2.5761638 ]]
2025-12-21 21:13:55,886 - [INFO] - ------------------------------------------------------------
2025-12-21 21:13:55,886 - [INFO] - On Validation Set:
	Accuracy of RRL  Model: 0.907394609536973
	F1 Score of RRL  Model: 0.729901933470775
2025-12-21 21:13:55,892 - [INFO] - On Validation Set:
Performance of  RRL Model: 
[[1243   43]
 [  91   70]]
              precision    recall  f1-score   support

           0       0.93      0.97      0.95      1286
           1       0.62      0.43      0.51       161

    accuracy                           0.91      1447
   macro avg       0.78      0.70      0.73      1447
weighted avg       0.90      0.91      0.90      1447

2025-12-21 21:13:55,892 - [INFO] - ------------------------------------------------------------
2025-12-21 21:13:56,666 - [INFO] - epoch: 267, loss_rrl: 108.50426729954779
2025-12-21 21:13:57,550 - [DEBUG] - y_true: (1447,) [0 0 0 0 0 1 0 0 0 0 0 0 0 0 0 0 0 1 0 0 0 0 0 0 1 0 0 0 0 0 0 0 0 0 0 0 0
 0 1 1 0]
2025-12-21 21:13:57,716 - [DEBUG] - y_rrl_: (1447,) [0 0 0 0 0 1 0 0 0 0 0 0 0 0 0 0 0 0 0 0 0 0 0 0 1 0 0 0 0 0 0 0 0 0 0 0 0
 0 1 0 0]
2025-12-21 21:13:57,717 - [DEBUG] - y_rrl: (1447, 2) [[ 3.9696622  -3.720913  ]
 [ 0.43009636 -0.18503171]
 [ 3.2921276  -3.0385315 ]
 [ 3.2921276  -3.0385315 ]
 [ 3.9696622  -3.720913  ]
 [-0.3981117   0.65028167]
 [ 3.9696622  -3.720913  ]
 [ 3.2921276  -3.0385315 ]
 [ 3.9696622  -3.720913  ]
 [ 1.7338984  -1.4869157 ]
 [ 0.9483639  -0.70563185]
 [ 2.5065932  -2.2572474 ]
 [ 2.8287935  -2.5817206 ]
 [ 3.2273188  -2.9782555 ]
 [ 3.4765816  -3.2287652 ]
 [ 3.9696622  -3.720913  ]
 [ 3.5413904  -3.289041  ]
 [ 0.6991012  -0.4551221 ]
 [ 3.0726113  -2.8233588 ]
 [ 2.2573304  -2.0067377 ]
 [ 3.7203994  -3.4704034 ]
 [ 3.4765816  -3.2287652 ]
 [ 3.9696622  -3.720913  ]
 [ 3.2273188  -2.9782555 ]
 [-0.3981117   0.65028167]
 [ 0.30057594 -0.05858712]
 [ 3.04831    -2.7968931 ]
 [ 3.2273188  -2.9782555 ]
 [ 2.5065932  -2.2572474 ]
 [ 3.5413904  -3.289041  ]
 [ 3.7203994  -3.4704034 ]
 [ 2.750411   -2.4988859 ]
 [ 0.9483639  -0.70563185]
 [ 0.6991012  -0.4551221 ]
 [ 3.9696622  -3.720913  ]
 [ 3.2921276  -3.0385315 ]
 [ 3.9696622  -3.720913  ]
 [ 3.2273188  -2.9782555 ]
 [-0.3981117   0.65028167]
 [ 0.92039883 -0.6736386 ]
 [ 3.2921276  -3.0385315 ]]
2025-12-21 21:13:57,719 - [INFO] - ------------------------------------------------------------
2025-12-21 21:13:57,719 - [INFO] - On Validation Set:
	Accuracy of RRL  Model: 0.9060124395300622
	F1 Score of RRL  Model: 0.7276491624317711
2025-12-21 21:13:57,725 - [INFO] - On Validation Set:
Performance of  RRL Model: 
[[1241   45]
 [  91   70]]
              precision    recall  f1-score   support

           0       0.93      0.97      0.95      1286
           1       0.61      0.43      0.51       161

    accuracy                           0.91      1447
   macro avg       0.77      0.70      0.73      1447
weighted avg       0.90      0.91      0.90      1447

2025-12-21 21:13:57,725 - [INFO] - ------------------------------------------------------------
2025-12-21 21:13:58,279 - [INFO] - epoch: 268, loss_rrl: 107.89696170203388
2025-12-21 21:13:59,379 - [DEBUG] - y_true: (1447,) [0 0 0 0 0 1 0 0 0 0 0 0 0 0 0 0 0 1 0 0 0 0 0 0 1 0 0 0 0 0 0 0 0 0 0 0 0
 0 1 1 0]
2025-12-21 21:13:59,541 - [DEBUG] - y_rrl_: (1447,) [0 0 0 0 0 1 0 0 0 0 0 0 0 0 0 0 0 0 0 0 0 0 0 0 1 0 0 0 0 0 0 0 0 0 0 0 0
 0 1 0 0]
2025-12-21 21:13:59,541 - [DEBUG] - y_rrl: (1447, 2) [[ 3.813315   -3.5657902 ]
 [ 0.6057268  -0.3604094 ]
 [ 2.400511   -2.1438837 ]
 [ 2.400511   -2.1438837 ]
 [ 3.0800505  -2.8282425 ]
 [-0.5507317   0.8016714 ]
 [ 3.813315   -3.5657902 ]
 [ 3.1337757  -2.881431  ]
 [ 3.813315   -3.5657902 ]
 [ 1.9532125  -1.7056121 ]
 [ 0.40825096 -0.1605917 ]
 [ 2.7605855  -2.5160468 ]
 [ 3.3128486  -3.0662498 ]
 [ 2.8390186  -2.585972  ]
 [ 3.813315   -3.5657902 ]
 [ 3.3128486  -3.0662498 ]
 [ 2.641543   -2.3861542 ]
 [ 0.9004837  -0.6558686 ]
 [ 1.8637509  -1.6187111 ]
 [ 2.5815127  -2.331228  ]
 [ 3.572283   -3.3235197 ]
 [ 3.813315   -3.5657902 ]
 [ 3.813315   -3.5657902 ]
 [ 2.8390186  -2.585972  ]
 [-0.11222431  0.35958305]
 [ 1.5800228  -1.3402276 ]
 [ 2.3220782  -2.0739586 ]
 [ 3.572283   -3.3235197 ]
 [ 2.8225448  -2.5734985 ]
 [ 3.813315   -3.5657902 ]
 [ 3.572283   -3.3235197 ]
 [ 2.5815127  -2.331228  ]
 [ 1.1415154  -0.89813924]
 [ 0.9004837  -0.6558686 ]
 [ 3.813315   -3.5657902 ]
 [ 3.572283   -3.3235197 ]
 [ 3.813315   -3.5657902 ]
 [ 3.572283   -3.3235197 ]
 [-0.5507317   0.8016714 ]
 [ 0.7842189  -0.5386594 ]
 [ 3.1337757  -2.881431  ]]
2025-12-21 21:13:59,543 - [INFO] - ------------------------------------------------------------
2025-12-21 21:13:59,543 - [INFO] - On Validation Set:
	Accuracy of RRL  Model: 0.9087767795438839
	F1 Score of RRL  Model: 0.7230156152114898
2025-12-21 21:13:59,549 - [INFO] - On Validation Set:
Performance of  RRL Model: 
[[1250   36]
 [  96   65]]
              precision    recall  f1-score   support

           0       0.93      0.97      0.95      1286
           1       0.64      0.40      0.50       161

    accuracy                           0.91      1447
   macro avg       0.79      0.69      0.72      1447
weighted avg       0.90      0.91      0.90      1447

2025-12-21 21:13:59,549 - [INFO] - ------------------------------------------------------------
2025-12-21 21:13:59,870 - [INFO] - epoch: 269, loss_rrl: 108.3807172048837
2025-12-21 21:14:01,187 - [DEBUG] - y_true: (1447,) [0 0 0 0 0 1 0 0 0 0 0 0 0 0 0 0 0 1 0 0 0 0 0 0 1 0 0 0 0 0 0 0 0 0 0 0 0
 0 1 1 0]
2025-12-21 21:14:01,350 - [DEBUG] - y_rrl_: (1447,) [0 0 0 0 0 0 0 0 0 0 0 0 0 0 0 0 0 0 0 0 0 0 0 0 1 0 0 0 0 0 0 0 0 0 0 0 0
 0 0 0 0]
2025-12-21 21:14:01,350 - [DEBUG] - y_rrl: (1447, 2) [[ 3.8764577  -3.6301558 ]
 [ 0.5487976  -0.30733657]
 [ 2.8232458  -2.5739565 ]
 [ 3.2013824  -2.950287  ]
 [ 3.498321   -3.253825  ]
 [ 0.26980186 -0.02040196]
 [ 3.8764577  -3.6301558 ]
 [ 3.8764577  -3.6301558 ]
 [ 3.8764577  -3.6301558 ]
 [ 2.7023618  -2.460765  ]
 [ 1.653711   -1.4150803 ]
 [ 2.4496703  -2.2081404 ]
 [ 3.498321   -3.253825  ]
 [ 3.498321   -3.253825  ]
 [ 3.8764577  -3.6301558 ]
 [ 3.3819919  -3.1366093 ]
 [ 3.8764577  -3.6301558 ]
 [ 1.653711   -1.4150803 ]
 [ 2.713137   -2.4684858 ]
 [ 2.8862143  -2.638397  ]
 [ 3.8764577  -3.6301558 ]
 [ 3.498321   -3.253825  ]
 [ 3.498321   -3.253825  ]
 [ 3.8764577  -3.6301558 ]
 [-0.46368065  0.71339184]
 [ 1.3339818  -1.0926752 ]
 [ 1.7718376  -1.5275978 ]
 [ 3.8764577  -3.6301558 ]
 [ 2.5080776  -2.2620661 ]
 [ 3.4403992  -3.1905348 ]
 [ 3.8764577  -3.6301558 ]
 [ 2.0136116  -1.7685196 ]
 [ 1.2176527  -0.97545993]
 [ 0.83951604 -0.5991292 ]
 [ 3.498321   -3.253825  ]
 [ 3.8764577  -3.6301558 ]
 [ 3.498321   -3.253825  ]
 [ 3.8764577  -3.6301558 ]
 [ 0.2113945   0.03352369]
 [ 0.8633683  -0.6190098 ]
 [ 3.8764577  -3.6301558 ]]
2025-12-21 21:14:01,352 - [INFO] - ------------------------------------------------------------
2025-12-21 21:14:01,352 - [INFO] - On Validation Set:
	Accuracy of RRL  Model: 0.8963372494816862
	F1 Score of RRL  Model: 0.651291690765375
2025-12-21 21:14:01,358 - [INFO] - On Validation Set:
Performance of  RRL Model: 
[[1255   31]
 [ 119   42]]
              precision    recall  f1-score   support

           0       0.91      0.98      0.94      1286
           1       0.58      0.26      0.36       161

    accuracy                           0.90      1447
   macro avg       0.74      0.62      0.65      1447
weighted avg       0.88      0.90      0.88      1447

2025-12-21 21:14:01,358 - [INFO] - ------------------------------------------------------------
2025-12-21 21:14:01,454 - [INFO] - epoch: 270, loss_rrl: 107.82725482992828
2025-12-21 21:14:02,854 - [INFO] - epoch: 271, loss_rrl: 108.57649346627295
2025-12-21 21:14:03,001 - [DEBUG] - y_true: (1447,) [0 0 0 0 0 1 0 0 0 0 0 0 0 0 0 0 0 1 0 0 0 0 0 0 1 0 0 0 0 0 0 0 0 0 0 0 0
 0 1 1 0]
2025-12-21 21:14:03,165 - [DEBUG] - y_rrl_: (1447,) [0 0 0 0 0 1 0 0 0 0 0 0 0 0 0 0 0 0 0 0 0 0 0 0 1 0 0 0 0 0 0 0 0 0 0 0 0
 0 0 0 0]
2025-12-21 21:14:03,165 - [DEBUG] - y_rrl: (1447, 2) [[ 3.7675917  -3.5224974 ]
 [ 0.1283947   0.11572103]
 [ 2.7621715  -2.5084941 ]
 [ 2.7621715  -2.5084941 ]
 [ 3.4449594  -3.1960485 ]
 [-0.34138408  0.5886604 ]
 [ 3.7675917  -3.5224974 ]
 [ 3.0182183  -2.7657635 ]
 [ 3.7675917  -3.5224974 ]
 [ 2.1717517  -1.9277799 ]
 [ 0.93275964 -0.69154775]
 [ 2.1018581  -1.8559805 ]
 [ 2.3021874  -2.0549154 ]
 [ 3.7675917  -3.5224974 ]
 [ 3.7675917  -3.5224974 ]
 [ 3.1065526  -2.862184  ]
 [ 3.34085    -3.0922124 ]
 [ 0.93275964 -0.69154775]
 [ 1.7242346  -1.4789966 ]
 [ 2.4402652  -2.1898448 ]
 [ 3.7675917  -3.5224974 ]
 [ 3.7675917  -3.5224974 ]
 [ 3.4449594  -3.1960485 ]
 [ 3.7675917  -3.5224974 ]
 [-0.59743077  0.84592974]
 [ 0.1283947   0.11572103]
 [ 2.679811   -2.431899  ]
 [ 3.4449594  -3.1960485 ]
 [ 1.7792261  -1.5295316 ]
 [ 3.34085    -3.0922124 ]
 [ 3.7675917  -3.5224974 ]
 [ 2.4402652  -2.1898448 ]
 [ 0.93275964 -0.69154775]
 [ 0.93275964 -0.69154775]
 [ 3.7675917  -3.5224974 ]
 [ 3.0182183  -2.7657635 ]
 [ 2.7839203  -2.5357351 ]
 [ 3.4449594  -3.1960485 ]
 [ 0.56709    -0.32244444]
 [ 0.5505891  -0.30722958]
 [ 3.0182183  -2.7657635 ]]
2025-12-21 21:14:03,167 - [INFO] - ------------------------------------------------------------
2025-12-21 21:14:03,167 - [INFO] - On Validation Set:
	Accuracy of RRL  Model: 0.907394609536973
	F1 Score of RRL  Model: 0.6884872437504016
2025-12-21 21:14:03,173 - [INFO] - On Validation Set:
Performance of  RRL Model: 
[[1263   23]
 [ 111   50]]
              precision    recall  f1-score   support

           0       0.92      0.98      0.95      1286
           1       0.68      0.31      0.43       161

    accuracy                           0.91      1447
   macro avg       0.80      0.65      0.69      1447
weighted avg       0.89      0.91      0.89      1447

2025-12-21 21:14:03,173 - [INFO] - ------------------------------------------------------------
2025-12-21 21:14:04,439 - [INFO] - epoch: 272, loss_rrl: 108.13989986106753
2025-12-21 21:14:04,817 - [DEBUG] - y_true: (1447,) [0 0 0 0 0 1 0 0 0 0 0 0 0 0 0 0 0 1 0 0 0 0 0 0 1 0 0 0 0 0 0 0 0 0 0 0 0
 0 1 1 0]
2025-12-21 21:14:04,978 - [DEBUG] - y_rrl_: (1447,) [0 0 0 0 0 1 0 0 0 0 0 0 0 0 0 0 0 0 0 0 0 0 0 0 1 0 0 0 0 0 0 0 0 0 0 0 0
 0 1 0 0]
2025-12-21 21:14:04,978 - [DEBUG] - y_rrl: (1447, 2) [[ 3.9121153  -3.6682186 ]
 [ 0.7848084  -0.54797566]
 [ 3.2413743  -2.992738  ]
 [ 3.2413743  -2.992738  ]
 [ 3.9121153  -3.6682186 ]
 [-0.45198315  0.6992766 ]
 [ 3.9121153  -3.6682186 ]
 [ 3.2413743  -2.992738  ]
 [ 3.9121153  -3.6682186 ]
 [ 2.090718   -1.8467098 ]
 [ 1.266741   -1.026878  ]
 [ 2.8347707  -2.5938044 ]
 [ 2.7937858  -2.5515163 ]
 [ 3.658748   -3.413636  ]
 [ 3.9121153  -3.6682186 ]
 [ 3.4397244  -3.1967342 ]
 [ 3.4947417  -3.2473204 ]
 [ 1.0133737  -0.77229565]
 [ 1.9354645  -1.694004  ]
 [ 2.6364207  -2.389808  ]
 [ 3.658748   -3.413636  ]
 [ 3.9121153  -3.6682186 ]
 [ 3.9121153  -3.6682186 ]
 [ 3.658748   -3.413636  ]
 [-0.03460984  0.2783787 ]
 [ 1.0381758  -0.80255824]
 [ 1.266741   -1.026878  ]
 [ 3.658748   -3.413636  ]
 [ 2.8897882  -2.6443903 ]
 [ 3.9121153  -3.6682186 ]
 [ 3.658748   -3.413636  ]
 [ 2.6364207  -2.389808  ]
 [ 1.266741   -1.026878  ]
 [ 1.0133737  -0.77229565]
 [ 3.9121153  -3.6682186 ]
 [ 3.658748   -3.413636  ]
 [ 3.9121153  -3.6682186 ]
 [ 3.658748   -3.413636  ]
 [-0.45198315  0.6992766 ]
 [ 0.907367   -0.66537035]
 [ 3.2413743  -2.992738  ]]
2025-12-21 21:14:04,980 - [INFO] - ------------------------------------------------------------
2025-12-21 21:14:04,980 - [INFO] - On Validation Set:
	Accuracy of RRL  Model: 0.9094678645473393
	F1 Score of RRL  Model: 0.7350827984174035
2025-12-21 21:14:04,986 - [INFO] - On Validation Set:
Performance of  RRL Model: 
[[1245   41]
 [  90   71]]
              precision    recall  f1-score   support

           0       0.93      0.97      0.95      1286
           1       0.63      0.44      0.52       161

    accuracy                           0.91      1447
   macro avg       0.78      0.70      0.74      1447
weighted avg       0.90      0.91      0.90      1447

2025-12-21 21:14:04,986 - [INFO] - ------------------------------------------------------------
2025-12-21 21:14:06,035 - [INFO] - epoch: 273, loss_rrl: 109.41032380051911
2025-12-21 21:14:06,643 - [DEBUG] - y_true: (1447,) [0 0 0 0 0 1 0 0 0 0 0 0 0 0 0 0 0 1 0 0 0 0 0 0 1 0 0 0 0 0 0 0 0 0 0 0 0
 0 1 1 0]
2025-12-21 21:14:06,805 - [DEBUG] - y_rrl_: (1447,) [0 0 0 0 0 1 0 0 0 0 0 0 0 0 0 0 0 0 0 0 0 0 0 0 1 0 0 0 0 0 0 0 0 0 0 0 0
 0 0 0 0]
2025-12-21 21:14:06,805 - [DEBUG] - y_rrl: (1447, 2) [[ 3.6464095  -3.4025059 ]
 [ 1.0806396  -0.84175026]
 [ 3.2313428  -2.9839334 ]
 [ 3.6464095  -3.4025059 ]
 [ 3.6464095  -3.4025059 ]
 [-0.4750122   0.72110474]
 [ 3.8997936  -3.6570969 ]
 [ 3.484727   -3.2385244 ]
 [ 3.8997936  -3.6570969 ]
 [ 1.9390317  -1.6991864 ]
 [ 1.6856474  -1.4445955 ]
 [ 3.484727   -3.2385244 ]
 [ 3.8997936  -3.6570969 ]
 [ 3.6464095  -3.4025059 ]
 [ 3.8997936  -3.6570969 ]
 [ 3.6464095  -3.4025059 ]
 [ 3.2313428  -2.9839334 ]
 [ 1.9390317  -1.6991864 ]
 [ 1.9273449  -1.6870685 ]
 [ 3.2779088  -3.0372233 ]
 [ 3.8997936  -3.6570969 ]
 [ 3.6464095  -3.4025059 ]
 [ 3.6464095  -3.4025059 ]
 [ 3.6464095  -3.4025059 ]
 [-0.4750122   0.72110474]
 [ 0.85065997 -0.61372566]
 [ 3.484727   -3.2385244 ]
 [ 3.8997936  -3.6570969 ]
 [ 3.484727   -3.2385244 ]
 [ 3.8997936  -3.6570969 ]
 [ 3.8997936  -3.6570969 ]
 [ 3.2779088  -3.0372233 ]
 [ 1.6856474  -1.4445955 ]
 [ 1.6856474  -1.4445955 ]
 [ 3.8997936  -3.6570969 ]
 [ 3.8997936  -3.6570969 ]
 [ 3.6464095  -3.4025059 ]
 [ 3.6464095  -3.4025059 ]
 [ 0.8667439  -0.6189469 ]
 [ 1.3568493  -1.1151271 ]
 [ 3.2313428  -2.9839334 ]]
2025-12-21 21:14:06,807 - [INFO] - ------------------------------------------------------------
2025-12-21 21:14:06,807 - [INFO] - On Validation Set:
	Accuracy of RRL  Model: 0.907394609536973
	F1 Score of RRL  Model: 0.6932614913435253
2025-12-21 21:14:06,813 - [INFO] - On Validation Set:
Performance of  RRL Model: 
[[1261   25]
 [ 109   52]]
              precision    recall  f1-score   support

           0       0.92      0.98      0.95      1286
           1       0.68      0.32      0.44       161

    accuracy                           0.91      1447
   macro avg       0.80      0.65      0.69      1447
weighted avg       0.89      0.91      0.89      1447

2025-12-21 21:14:06,813 - [INFO] - ------------------------------------------------------------
2025-12-21 21:14:07,623 - [INFO] - epoch: 274, loss_rrl: 108.58278371952474
2025-12-21 21:14:08,466 - [DEBUG] - y_true: (1447,) [0 0 0 0 0 1 0 0 0 0 0 0 0 0 0 0 0 1 0 0 0 0 0 0 1 0 0 0 0 0 0 0 0 0 0 0 0
 0 1 1 0]
2025-12-21 21:14:08,627 - [DEBUG] - y_rrl_: (1447,) [0 0 0 0 0 1 0 0 0 0 0 0 0 0 0 0 0 0 0 0 0 0 0 0 1 0 0 0 0 0 0 0 0 0 0 0 0
 0 1 0 0]
2025-12-21 21:14:08,628 - [DEBUG] - y_rrl: (1447, 2) [[ 3.8992949  -3.657792  ]
 [ 0.67955834 -0.43705928]
 [ 2.891828   -2.6418858 ]
 [ 2.891828   -2.6418858 ]
 [ 3.5667021  -3.3214447 ]
 [-1.0790198   1.3231996 ]
 [ 3.8992949  -3.657792  ]
 [ 2.891828   -2.6418858 ]
 [ 3.8992949  -3.657792  ]
 [ 2.076213   -1.834574  ]
 [ 1.2760676  -1.0385216 ]
 [ 2.4242756  -2.1821811 ]
 [ 3.1222003  -2.877836  ]
 [ 3.6353784  -3.392677  ]
 [ 3.8992949  -3.657792  ]
 [ 3.454793   -3.2141833 ]
 [ 3.4883375  -3.2433484 ]
 [ 1.0121511  -0.77340657]
 [ 1.6272961  -1.3844455 ]
 [ 2.2722683  -2.0243278 ]
 [ 3.6353784  -3.392677  ]
 [ 3.8992949  -3.657792  ]
 [ 3.5667021  -3.3214447 ]
 [ 3.6353784  -3.392677  ]
 [-0.46759224  0.7124826 ]
 [ 0.9434748  -0.70217437]
 [ 3.0438354  -2.7997394 ]
 [ 3.3027856  -3.0563297 ]
 [ 2.5361848  -2.2894428 ]
 [ 3.4883375  -3.2433484 ]
 [ 3.6353784  -3.392677  ]
 [ 2.2722683  -2.0243278 ]
 [ 1.2760676  -1.0385216 ]
 [ 1.0121511  -0.77340657]
 [ 3.8992949  -3.657792  ]
 [ 2.891828   -2.6418858 ]
 [ 3.5667021  -3.3214447 ]
 [ 3.3027856  -3.0563297 ]
 [-0.46759224  0.7124826 ]
 [ 0.89551777 -0.6558671 ]
 [ 2.891828   -2.6418858 ]]
2025-12-21 21:14:08,630 - [INFO] - ------------------------------------------------------------
2025-12-21 21:14:08,630 - [INFO] - On Validation Set:
	Accuracy of RRL  Model: 0.9060124395300622
	F1 Score of RRL  Model: 0.7294017996611886
2025-12-21 21:14:08,636 - [INFO] - On Validation Set:
Performance of  RRL Model: 
[[1240   46]
 [  90   71]]
              precision    recall  f1-score   support

           0       0.93      0.96      0.95      1286
           1       0.61      0.44      0.51       161

    accuracy                           0.91      1447
   macro avg       0.77      0.70      0.73      1447
weighted avg       0.90      0.91      0.90      1447

2025-12-21 21:14:08,636 - [INFO] - ------------------------------------------------------------
2025-12-21 21:14:09,223 - [INFO] - epoch: 275, loss_rrl: 107.33576384745538
2025-12-21 21:14:10,440 - [DEBUG] - y_true: (1447,) [0 0 0 0 0 1 0 0 0 0 0 0 0 0 0 0 0 1 0 0 0 0 0 0 1 0 0 0 0 0 0 0 0 0 0 0 0
 0 1 1 0]
2025-12-21 21:14:10,602 - [DEBUG] - y_rrl_: (1447,) [0 1 0 0 0 1 0 0 0 0 0 0 0 0 0 0 0 0 0 0 0 0 0 0 1 0 0 0 0 0 0 0 0 0 0 0 0
 0 1 0 0]
2025-12-21 21:14:10,603 - [DEBUG] - y_rrl: (1447, 2) [[ 3.512713   -3.2712214 ]
 [-0.21407074  0.4538722 ]
 [ 3.101835   -2.8568766 ]
 [ 3.101835   -2.8568766 ]
 [ 3.512713   -3.2712214 ]
 [-0.5773393   0.8210216 ]
 [ 3.7810285  -3.5407276 ]
 [ 3.7810285  -3.5407276 ]
 [ 3.7810285  -3.5407276 ]
 [ 2.637721   -2.4019275 ]
 [ 1.2935977  -1.0594916 ]
 [ 2.7052212  -2.467798  ]
 [ 3.331951   -3.092536  ]
 [ 3.512713   -3.2712214 ]
 [ 3.7810285  -3.5407276 ]
 [ 3.063635   -2.8230295 ]
 [ 3.512713   -3.2712214 ]
 [ 1.5619135  -1.328998  ]
 [ 1.8200965  -1.582187  ]
 [ 2.743421   -2.5016453 ]
 [ 3.7810285  -3.5407276 ]
 [ 3.512713   -3.2712214 ]
 [ 3.512713   -3.2712214 ]
 [ 3.512713   -3.2712214 ]
 [-0.5773393   0.8210216 ]
 [ 1.1510359  -0.9146535 ]
 [ 2.2943437  -2.0534534 ]
 [ 3.7810285  -3.5407276 ]
 [ 2.743421   -2.5016453 ]
 [ 3.3701508  -3.126383  ]
 [ 3.7810285  -3.5407276 ]
 [ 2.743421   -2.5016453 ]
 [ 0.88272023 -0.64514726]
 [ 0.88272023 -0.64514726]
 [ 3.7810285  -3.5407276 ]
 [ 3.7810285  -3.5407276 ]
 [ 3.512713   -3.2712214 ]
 [ 3.512713   -3.2712214 ]
 [ 0.10185398  0.13717091]
 [ 0.79692936 -0.5584556 ]
 [ 3.512713   -3.2712214 ]]
2025-12-21 21:14:10,605 - [INFO] - ------------------------------------------------------------
2025-12-21 21:14:10,605 - [INFO] - On Validation Set:
	Accuracy of RRL  Model: 0.9060124395300622
	F1 Score of RRL  Model: 0.7311290851459176
2025-12-21 21:14:10,611 - [INFO] - On Validation Set:
Performance of  RRL Model: 
[[1239   47]
 [  89   72]]
              precision    recall  f1-score   support

           0       0.93      0.96      0.95      1286
           1       0.61      0.45      0.51       161

    accuracy                           0.91      1447
   macro avg       0.77      0.71      0.73      1447
weighted avg       0.90      0.91      0.90      1447

2025-12-21 21:14:10,611 - [INFO] - ------------------------------------------------------------
2025-12-21 21:14:10,966 - [INFO] - epoch: 276, loss_rrl: 108.6975941490382
2025-12-21 21:14:12,250 - [DEBUG] - y_true: (1447,) [0 0 0 0 0 1 0 0 0 0 0 0 0 0 0 0 0 1 0 0 0 0 0 0 1 0 0 0 0 0 0 0 0 0 0 0 0
 0 1 1 0]
2025-12-21 21:14:12,412 - [DEBUG] - y_rrl_: (1447,) [0 0 0 0 0 0 0 0 0 0 0 0 0 0 0 0 0 0 0 0 0 0 0 0 1 0 0 0 0 0 0 0 0 0 0 0 0
 0 0 0 0]
2025-12-21 21:14:12,412 - [DEBUG] - y_rrl: (1447, 2) [[ 2.7492142  -2.5145822 ]
 [ 1.0916672  -0.85626936]
 [ 3.2026     -2.9588668 ]
 [ 3.2026     -2.9588668 ]
 [ 2.7492142  -2.5145822 ]
 [ 0.26252803 -0.02035679]
 [ 3.877368   -3.6382651 ]
 [ 3.877368   -3.6382651 ]
 [ 3.877368   -3.6382651 ]
 [ 2.3650877  -2.1321924 ]
 [ 1.4083555  -1.1737295 ]
 [ 3.2459626  -3.0088415 ]
 [ 2.7492142  -2.5145822 ]
 [ 3.877368   -3.6382651 ]
 [ 2.423887   -2.1855426 ]
 [ 3.877368   -3.6382651 ]
 [ 3.877368   -3.6382651 ]
 [ 1.7336825  -1.5027692 ]
 [ 1.6852875  -1.4522357 ]
 [ 1.7129763  -1.4768788 ]
 [ 2.7492142  -2.5145822 ]
 [ 3.877368   -3.6382651 ]
 [ 2.7492142  -2.5145822 ]
 [ 2.7492142  -2.5145822 ]
 [-0.45002502  0.69249856]
 [ 1.32885    -1.094489  ]
 [ 2.8411298  -2.600561  ]
 [ 2.7492142  -2.5145822 ]
 [ 2.8411298  -2.600561  ]
 [ 2.3443818  -2.106302  ]
 [ 3.877368   -3.6382651 ]
 [ 1.7129763  -1.4768788 ]
 [ 1.0035229  -0.76544917]
 [ 1.32885    -1.094489  ]
 [ 2.7492142  -2.5145822 ]
 [ 3.877368   -3.6382651 ]
 [ 3.877368   -3.6382651 ]
 [ 2.7492142  -2.5145822 ]
 [ 0.6673605  -0.42863715]
 [ 1.0288305  -0.7869427 ]
 [ 3.877368   -3.6382651 ]]
2025-12-21 21:14:12,414 - [INFO] - ------------------------------------------------------------
2025-12-21 21:14:12,414 - [INFO] - On Validation Set:
	Accuracy of RRL  Model: 0.902557014512785
	F1 Score of RRL  Model: 0.6683312931904746
2025-12-21 21:14:12,420 - [INFO] - On Validation Set:
Performance of  RRL Model: 
[[1261   25]
 [ 116   45]]
              precision    recall  f1-score   support

           0       0.92      0.98      0.95      1286
           1       0.64      0.28      0.39       161

    accuracy                           0.90      1447
   macro avg       0.78      0.63      0.67      1447
weighted avg       0.89      0.90      0.89      1447

2025-12-21 21:14:12,420 - [INFO] - ------------------------------------------------------------
2025-12-21 21:14:12,548 - [INFO] - epoch: 277, loss_rrl: 107.95099958218634
2025-12-21 21:14:13,955 - [INFO] - epoch: 278, loss_rrl: 107.62094627693295
2025-12-21 21:14:14,071 - [DEBUG] - y_true: (1447,) [0 0 0 0 0 1 0 0 0 0 0 0 0 0 0 0 0 1 0 0 0 0 0 0 1 0 0 0 0 0 0 0 0 0 0 0 0
 0 1 1 0]
2025-12-21 21:14:14,234 - [DEBUG] - y_rrl_: (1447,) [0 0 0 0 0 0 0 0 0 0 0 0 0 0 0 0 0 0 0 0 0 0 0 0 1 0 0 0 0 0 0 0 0 0 0 0 0
 0 0 0 0]
2025-12-21 21:14:14,234 - [DEBUG] - y_rrl: (1447, 2) [[ 3.7617073  -3.523785  ]
 [ 0.19487603  0.04219702]
 [ 3.0462554  -2.8012118 ]
 [ 3.437876   -3.1962616 ]
 [ 3.437876   -3.1962616 ]
 [ 0.14365657  0.09732984]
 [ 3.7617073  -3.523785  ]
 [ 3.437876   -3.1962616 ]
 [ 3.7617073  -3.523785  ]
 [ 2.6291163  -2.3956263 ]
 [ 1.2368256  -1.0012345 ]
 [ 3.7617073  -3.523785  ]
 [ 3.0462554  -2.8012118 ]
 [ 3.7617073  -3.523785  ]
 [ 3.7617073  -3.523785  ]
 [ 3.7617073  -3.523785  ]
 [ 3.7617073  -3.523785  ]
 [ 1.9836195  -1.7521    ]
 [ 1.7190878  -1.4810119 ]
 [ 2.7923791  -2.552735  ]
 [ 3.7617073  -3.523785  ]
 [ 3.7617073  -3.523785  ]
 [ 3.437876   -3.1962616 ]
 [ 3.7617073  -3.523785  ]
 [-0.57355624  0.8148438 ]
 [ 1.2681675  -1.0295266 ]
 [ 2.72459    -2.4852087 ]
 [ 3.437876   -3.1962616 ]
 [ 2.4007587  -2.1576855 ]
 [ 3.7617073  -3.523785  ]
 [ 3.7617073  -3.523785  ]
 [ 2.7923791  -2.552735  ]
 [ 1.5919988  -1.3570501 ]
 [ 1.5919988  -1.3570501 ]
 [ 3.7617073  -3.523785  ]
 [ 3.437876   -3.1962616 ]
 [ 3.437876   -3.1962616 ]
 [ 3.437876   -3.1962616 ]
 [ 1.1807741  -0.94124657]
 [ 1.2384809  -1.0014704 ]
 [ 3.437876   -3.1962616 ]]
2025-12-21 21:14:14,236 - [INFO] - ------------------------------------------------------------
2025-12-21 21:14:14,236 - [INFO] - On Validation Set:
	Accuracy of RRL  Model: 0.9011748445058743
	F1 Score of RRL  Model: 0.646787009772543
2025-12-21 21:14:14,242 - [INFO] - On Validation Set:
Performance of  RRL Model: 
[[1266   20]
 [ 123   38]]
              precision    recall  f1-score   support

           0       0.91      0.98      0.95      1286
           1       0.66      0.24      0.35       161

    accuracy                           0.90      1447
   macro avg       0.78      0.61      0.65      1447
weighted avg       0.88      0.90      0.88      1447

2025-12-21 21:14:14,242 - [INFO] - ------------------------------------------------------------
2025-12-21 21:14:15,546 - [INFO] - epoch: 279, loss_rrl: 108.36824115552008
2025-12-21 21:14:15,892 - [DEBUG] - y_true: (1447,) [0 0 0 0 0 1 0 0 0 0 0 0 0 0 0 0 0 1 0 0 0 0 0 0 1 0 0 0 0 0 0 0 0 0 0 0 0
 0 1 1 0]
2025-12-21 21:14:16,054 - [DEBUG] - y_rrl_: (1447,) [0 0 0 0 0 1 0 0 0 0 0 0 0 0 0 0 0 0 0 0 0 0 0 0 1 0 0 0 0 0 0 0 0 0 0 0 0
 0 1 0 0]
2025-12-21 21:14:16,055 - [DEBUG] - y_rrl: (1447, 2) [[ 3.8360186  -3.5992687 ]
 [ 0.34058344 -0.10716447]
 [ 3.1825147  -2.9411867 ]
 [ 3.1825147  -2.9411867 ]
 [ 3.8360186  -3.5992687 ]
 [-0.48967147  0.72978175]
 [ 3.8360186  -3.5992687 ]
 [ 3.1825147  -2.9411867 ]
 [ 3.8360186  -3.5992687 ]
 [ 2.0580912  -1.8211566 ]
 [ 1.2282051  -0.9952649 ]
 [ 2.3526287  -2.115295  ]
 [ 2.7646754  -2.5294814 ]
 [ 3.5758576  -3.3379405 ]
 [ 3.8360186  -3.5992687 ]
 [ 3.392136   -3.1562538 ]
 [ 3.4426756  -3.2025146 ]
 [ 0.9680443  -0.7339368 ]
 [ 1.85835    -1.6239481 ]
 [ 2.5363507  -2.296982  ]
 [ 3.5758576  -3.3379405 ]
 [ 3.8360186  -3.5992687 ]
 [ 3.8360186  -3.5992687 ]
 [ 3.5758576  -3.3379405 ]
 [-0.48967147  0.72978175]
 [ 0.6007443  -0.3684926 ]
 [ 1.2282051  -0.9952649 ]
 [ 3.5758576  -3.3379405 ]
 [ 2.7965112  -2.5583098 ]
 [ 3.4426756  -3.2025146 ]
 [ 3.5758576  -3.3379405 ]
 [ 2.5363507  -2.296982  ]
 [ 1.2282051  -0.9952649 ]
 [ 0.9680443  -0.7339368 ]
 [ 3.8360186  -3.5992687 ]
 [ 3.1825147  -2.9411867 ]
 [ 3.8360186  -3.5992687 ]
 [ 3.5758576  -3.3379405 ]
 [-0.48967147  0.72978175]
 [ 0.875844   -0.6408571 ]
 [ 3.1825147  -2.9411867 ]]
2025-12-21 21:14:16,057 - [INFO] - ------------------------------------------------------------
2025-12-21 21:14:16,057 - [INFO] - On Validation Set:
	Accuracy of RRL  Model: 0.902557014512785
	F1 Score of RRL  Model: 0.7256097314962378
2025-12-21 21:14:16,063 - [INFO] - On Validation Set:
Performance of  RRL Model: 
[[1234   52]
 [  89   72]]
              precision    recall  f1-score   support

           0       0.93      0.96      0.95      1286
           1       0.58      0.45      0.51       161

    accuracy                           0.90      1447
   macro avg       0.76      0.70      0.73      1447
weighted avg       0.89      0.90      0.90      1447

2025-12-21 21:14:16,063 - [INFO] - ------------------------------------------------------------
2025-12-21 21:14:17,132 - [INFO] - epoch: 280, loss_rrl: 108.09129070676863
2025-12-21 21:14:17,710 - [DEBUG] - y_true: (1447,) [0 0 0 0 0 1 0 0 0 0 0 0 0 0 0 0 0 1 0 0 0 0 0 0 1 0 0 0 0 0 0 0 0 0 0 0 0
 0 1 1 0]
2025-12-21 21:14:17,871 - [DEBUG] - y_rrl_: (1447,) [0 0 0 0 0 1 0 0 0 0 0 0 0 0 0 0 0 0 0 0 0 0 0 0 1 0 0 0 0 0 0 0 0 0 0 0 0
 0 0 0 0]
2025-12-21 21:14:17,872 - [DEBUG] - y_rrl: (1447, 2) [[ 3.5637064  -3.3269556 ]
 [ 1.4088192  -1.1802149 ]
 [ 2.775438   -2.5369983 ]
 [ 3.8106914  -3.5751007 ]
 [ 3.1688755  -2.9338284 ]
 [-0.54166174  0.7806076 ]
 [ 3.8106914  -3.5751007 ]
 [ 3.4172542  -3.1782706 ]
 [ 3.8106914  -3.5751007 ]
 [ 2.2840443  -2.0494168 ]
 [ 1.5877297  -1.3528031 ]
 [ 3.4158604  -3.1819735 ]
 [ 3.4158604  -3.1819735 ]
 [ 3.1688755  -2.9338284 ]
 [ 3.8106914  -3.5751007 ]
 [ 3.1143765  -2.8784869 ]
 [ 3.170269   -2.9301255 ]
 [ 1.8347148  -1.6009482 ]
 [ 2.498836   -2.2636294 ]
 [ 3.1575694  -2.923926  ]
 [ 3.8106914  -3.5751007 ]
 [ 3.1688755  -2.9338284 ]
 [ 3.1688755  -2.9338284 ]
 [ 3.5637064  -3.3269556 ]
 [-0.14822431  0.38377786]
 [ 1.1801988  -0.95347667]
 [ 2.2840443  -2.0494168 ]
 [ 3.8106914  -3.5751007 ]
 [ 3.0224233  -2.7851434 ]
 [ 3.8106914  -3.5751007 ]
 [ 3.8106914  -3.5751007 ]
 [ 2.7627385  -2.530799  ]
 [ 1.5877297  -1.3528031 ]
 [ 1.1928986  -0.959676  ]
 [ 3.4158604  -3.1819735 ]
 [ 3.8106914  -3.5751007 ]
 [ 3.1688755  -2.9338284 ]
 [ 3.5637064  -3.3269556 ]
 [ 1.201213   -0.96401   ]
 [ 0.8408481  -0.6069977 ]
 [ 3.170269   -2.9301255 ]]
2025-12-21 21:14:17,874 - [INFO] - ------------------------------------------------------------
2025-12-21 21:14:17,874 - [INFO] - On Validation Set:
	Accuracy of RRL  Model: 0.9011748445058743
	F1 Score of RRL  Model: 0.6636267725265097
2025-12-21 21:14:17,880 - [INFO] - On Validation Set:
Performance of  RRL Model: 
[[1260   26]
 [ 117   44]]
              precision    recall  f1-score   support

           0       0.92      0.98      0.95      1286
           1       0.63      0.27      0.38       161

    accuracy                           0.90      1447
   macro avg       0.77      0.63      0.66      1447
weighted avg       0.88      0.90      0.88      1447

2025-12-21 21:14:17,880 - [INFO] - ------------------------------------------------------------
2025-12-21 21:14:18,741 - [INFO] - epoch: 281, loss_rrl: 107.47652257420123
2025-12-21 21:14:19,538 - [DEBUG] - y_true: (1447,) [0 0 0 0 0 1 0 0 0 0 0 0 0 0 0 0 0 1 0 0 0 0 0 0 1 0 0 0 0 0 0 0 0 0 0 0 0
 0 1 1 0]
2025-12-21 21:14:19,699 - [DEBUG] - y_rrl_: (1447,) [0 0 0 0 0 1 0 0 0 0 0 0 0 0 0 0 0 0 0 0 0 0 0 0 1 0 0 0 0 0 0 0 0 0 0 0 0
 0 1 0 0]
2025-12-21 21:14:19,700 - [DEBUG] - y_rrl: (1447, 2) [[ 3.6940129  -3.4584262 ]
 [ 0.50066876 -0.26949763]
 [ 3.3000107  -3.0610492 ]
 [ 3.3000107  -3.0610492 ]
 [ 3.6940129  -3.4584262 ]
 [ 0.03560756  0.20303124]
 [ 3.9414585  -3.7070243 ]
 [ 3.3000107  -3.0610492 ]
 [ 3.9414585  -3.7070243 ]
 [ 2.1658177  -1.9311736 ]
 [ 1.099362   -0.8675121 ]
 [ 2.4810002  -2.2459857 ]
 [ 3.9414585  -3.7070243 ]
 [ 3.6940129  -3.4584262 ]
 [ 3.9414585  -3.7070243 ]
 [ 3.266332   -3.0316007 ]
 [ 3.3000107  -3.0610492 ]
 [ 1.099362   -0.8675121 ]
 [ 2.0288644  -1.7967504 ]
 [ 2.661236   -2.4242132 ]
 [ 3.6940129  -3.4584262 ]
 [ 3.6940129  -3.4584262 ]
 [ 3.6940129  -3.4584262 ]
 [ 3.6940129  -3.4584262 ]
 [-0.9907668   1.2278714 ]
 [ 1.7744888  -1.5429357 ]
 [ 1.9855821  -1.752946  ]
 [ 3.6940129  -3.4584262 ]
 [ 2.9086814  -2.6728113 ]
 [ 3.547456   -3.3096473 ]
 [ 3.6940129  -3.4584262 ]
 [ 2.661236   -2.4242132 ]
 [ 1.099362   -0.8675121 ]
 [ 1.099362   -0.8675121 ]
 [ 3.9414585  -3.7070243 ]
 [ 3.3000107  -3.0610492 ]
 [ 3.6940129  -3.4584262 ]
 [ 3.6940129  -3.4584262 ]
 [-0.39207378  0.6298569 ]
 [ 0.9796659  -0.7469499 ]
 [ 3.3000107  -3.0610492 ]]
2025-12-21 21:14:19,702 - [INFO] - ------------------------------------------------------------
2025-12-21 21:14:19,702 - [INFO] - On Validation Set:
	Accuracy of RRL  Model: 0.9032480995162405
	F1 Score of RRL  Model: 0.723221117061974
2025-12-21 21:14:19,708 - [INFO] - On Validation Set:
Performance of  RRL Model: 
[[1237   49]
 [  91   70]]
              precision    recall  f1-score   support

           0       0.93      0.96      0.95      1286
           1       0.59      0.43      0.50       161

    accuracy                           0.90      1447
   macro avg       0.76      0.70      0.72      1447
weighted avg       0.89      0.90      0.90      1447

2025-12-21 21:14:19,708 - [INFO] - ------------------------------------------------------------
2025-12-21 21:14:20,322 - [INFO] - epoch: 282, loss_rrl: 107.99077684246004
2025-12-21 21:14:21,346 - [DEBUG] - y_true: (1447,) [0 0 0 0 0 1 0 0 0 0 0 0 0 0 0 0 0 1 0 0 0 0 0 0 1 0 0 0 0 0 0 0 0 0 0 0 0
 0 1 1 0]
2025-12-21 21:14:21,506 - [DEBUG] - y_rrl_: (1447,) [0 0 0 0 0 1 0 0 0 0 0 0 0 0 0 0 0 0 0 0 0 0 0 0 1 0 0 0 0 0 0 0 0 0 0 0 0
 0 0 0 0]
2025-12-21 21:14:21,506 - [DEBUG] - y_rrl: (1447, 2) [[ 3.807383   -3.5740988 ]
 [ 0.62745726 -0.39611757]
 [ 3.1589718  -2.9211862 ]
 [ 3.1589718  -2.9211862 ]
 [ 3.807383   -3.5740988 ]
 [-0.67113984  0.90794   ]
 [ 3.807383   -3.5740988 ]
 [ 3.1589718  -2.9211862 ]
 [ 3.807383   -3.5740988 ]
 [ 2.031004   -1.7974991 ]
 [ 1.2118359  -0.9822535 ]
 [ 2.741028   -2.510522  ]
 [ 3.807383   -3.5740988 ]
 [ 3.5601964  -3.3257673 ]
 [ 3.807383   -3.5740988 ]
 [ 3.381968   -3.149534  ]
 [ 3.4061584  -3.1695178 ]
 [ 0.96464926 -0.73392195]
 [ 2.54251    -2.3096046 ]
 [ 2.5180318  -2.282174  ]
 [ 3.5601964  -3.3257673 ]
 [ 3.807383   -3.5740988 ]
 [ 3.807383   -3.5740988 ]
 [ 3.5601964  -3.3257673 ]
 [-0.10305884  0.33632612]
 [ 2.0384746  -1.8113992 ]
 [ 2.339804   -2.105941  ]
 [ 3.5601964  -3.3257673 ]
 [ 2.7652185  -2.5305057 ]
 [ 3.807383   -3.5740988 ]
 [ 3.5601964  -3.3257673 ]
 [ 2.5180318  -2.282174  ]
 [ 1.2118359  -0.9822535 ]
 [ 0.96464926 -0.73392195]
 [ 3.807383   -3.5740988 ]
 [ 3.5601964  -3.3257673 ]
 [ 3.807383   -3.5740988 ]
 [ 3.5601964  -3.3257673 ]
 [ 0.5620717  -0.32267007]
 [ 0.87330174 -0.64171743]
 [ 3.1589718  -2.9211862 ]]
2025-12-21 21:14:21,508 - [INFO] - ------------------------------------------------------------
2025-12-21 21:14:21,508 - [INFO] - On Validation Set:
	Accuracy of RRL  Model: 0.902557014512785
	F1 Score of RRL  Model: 0.6879409735870874
2025-12-21 21:14:21,514 - [INFO] - On Validation Set:
Performance of  RRL Model: 
[[1253   33]
 [ 108   53]]
              precision    recall  f1-score   support

           0       0.92      0.97      0.95      1286
           1       0.62      0.33      0.43       161

    accuracy                           0.90      1447
   macro avg       0.77      0.65      0.69      1447
weighted avg       0.89      0.90      0.89      1447

2025-12-21 21:14:21,514 - [INFO] - ------------------------------------------------------------
2025-12-21 21:14:21,901 - [INFO] - epoch: 283, loss_rrl: 108.67306626960635
2025-12-21 21:14:23,151 - [DEBUG] - y_true: (1447,) [0 0 0 0 0 1 0 0 0 0 0 0 0 0 0 0 0 1 0 0 0 0 0 0 1 0 0 0 0 0 0 0 0 0 0 0 0
 0 1 1 0]
2025-12-21 21:14:23,311 - [DEBUG] - y_rrl_: (1447,) [0 1 0 0 0 1 0 0 0 0 0 0 0 0 0 0 0 0 0 0 0 0 0 0 1 0 0 0 0 0 0 0 0 0 0 0 0
 0 1 0 0]
2025-12-21 21:14:23,312 - [DEBUG] - y_rrl: (1447, 2) [[ 3.7669272  -3.5347776 ]
 [-0.01606517  0.2486076 ]
 [ 1.6749896  -1.4325013 ]
 [ 2.060398   -1.8162367 ]
 [ 3.05701    -2.8229415 ]
 [-0.11038115  0.34670654]
 [ 3.7669272  -3.5347776 ]
 [ 3.1926723  -2.9557931 ]
 [ 3.7669272  -3.5347776 ]
 [ 1.9921426  -1.7647752 ]
 [ 1.1753865  -0.95191646]
 [ 2.3150167  -2.0872998 ]
 [ 3.05701    -2.8229415 ]
 [ 3.1317728  -2.9001584 ]
 [ 3.4424183  -3.206677  ]
 [ 3.3461661  -3.1148598 ]
 [ 3.7669272  -3.5347776 ]
 [ 0.92564076 -0.70103276]
 [ 2.1741767  -1.9388106 ]
 [ 2.1420603  -1.9037583 ]
 [ 3.5171812  -3.2838938 ]
 [ 3.3815188  -3.1510422 ]
 [ 3.05701    -2.8229415 ]
 [ 3.5171812  -3.2838938 ]
 [-0.5311421   0.76662433]
 [ 0.8667679  -0.6355232 ]
 [ 2.2955542  -2.062825  ]
 [ 3.1926723  -2.9557931 ]
 [ 2.006398   -1.7709064 ]
 [ 3.3620563  -3.1265674 ]
 [ 3.5171812  -3.2838938 ]
 [ 1.7566518  -1.5200229 ]
 [ 0.7705158  -0.5437062 ]
 [ 0.5207698  -0.2928225 ]
 [ 3.3815188  -3.1510422 ]
 [ 3.1926723  -2.9557931 ]
 [ 3.05701    -2.8229415 ]
 [ 3.1926723  -2.9557931 ]
 [-0.12627128  0.35841408]
 [ 0.8439784  -0.6135113 ]
 [ 3.1926723  -2.9557931 ]]
2025-12-21 21:14:23,314 - [INFO] - ------------------------------------------------------------
2025-12-21 21:14:23,314 - [INFO] - On Validation Set:
	Accuracy of RRL  Model: 0.899101589495508
	F1 Score of RRL  Model: 0.7149883978198694
2025-12-21 21:14:23,320 - [INFO] - On Validation Set:
Performance of  RRL Model: 
[[1232   54]
 [  92   69]]
              precision    recall  f1-score   support

           0       0.93      0.96      0.94      1286
           1       0.56      0.43      0.49       161

    accuracy                           0.90      1447
   macro avg       0.75      0.69      0.71      1447
weighted avg       0.89      0.90      0.89      1447

2025-12-21 21:14:23,320 - [INFO] - ------------------------------------------------------------
2025-12-21 21:14:23,480 - [INFO] - epoch: 284, loss_rrl: 108.84663601219654
2025-12-21 21:14:24,877 - [INFO] - epoch: 285, loss_rrl: 107.55137491226196
2025-12-21 21:14:24,960 - [DEBUG] - y_true: (1447,) [0 0 0 0 0 1 0 0 0 0 0 0 0 0 0 0 0 1 0 0 0 0 0 0 1 0 0 0 0 0 0 0 0 0 0 0 0
 0 1 1 0]
2025-12-21 21:14:25,121 - [DEBUG] - y_rrl_: (1447,) [0 0 0 0 0 0 0 0 0 0 0 0 0 0 0 0 0 0 0 0 0 0 0 0 1 0 0 0 0 0 0 0 0 0 0 0 0
 0 0 0 0]
2025-12-21 21:14:25,122 - [DEBUG] - y_rrl: (1447, 2) [[ 3.8294017  -3.5983853 ]
 [ 0.6275419  -0.40082294]
 [ 3.4301052  -3.195767  ]
 [ 3.8294017  -3.5983853 ]
 [ 3.8294017  -3.5983853 ]
 [ 0.18809015  0.04595903]
 [ 3.8294017  -3.5983853 ]
 [ 3.4301052  -3.195767  ]
 [ 3.8294017  -3.5983853 ]
 [ 2.2968707  -2.0667436 ]
 [ 1.2205554  -0.9931718 ]
 [ 2.3537898  -2.1221952 ]
 [ 3.4301052  -3.195767  ]
 [ 3.8294017  -3.5983853 ]
 [ 3.8294017  -3.5983853 ]
 [ 3.4074144  -3.1772356 ]
 [ 3.4301052  -3.195767  ]
 [ 1.2205554  -0.9931718 ]
 [ 2.160073   -1.9324648 ]
 [ 3.1750739  -2.9459636 ]
 [ 3.8294017  -3.5983853 ]
 [ 3.8294017  -3.5983853 ]
 [ 3.8294017  -3.5983853 ]
 [ 3.8294017  -3.5983853 ]
 [-1.0917811   1.3254585 ]
 [ 1.6425426  -1.4143217 ]
 [ 2.3537898  -2.1221952 ]
 [ 3.8294017  -3.5983853 ]
 [ 2.7757773  -2.5433452 ]
 [ 3.8294017  -3.5983853 ]
 [ 3.8294017  -3.5983853 ]
 [ 3.1750739  -2.9459636 ]
 [ 1.2205554  -0.9931718 ]
 [ 1.2205554  -0.9931718 ]
 [ 3.8294017  -3.5983853 ]
 [ 3.8294017  -3.5983853 ]
 [ 3.8294017  -3.5983853 ]
 [ 3.8294017  -3.5983853 ]
 [ 0.4204307  -0.18531296]
 [ 0.47569957 -0.24302372]
 [ 3.4301052  -3.195767  ]]
2025-12-21 21:14:25,124 - [INFO] - ------------------------------------------------------------
2025-12-21 21:14:25,124 - [INFO] - On Validation Set:
	Accuracy of RRL  Model: 0.8977194194885971
	F1 Score of RRL  Model: 0.6586001964010152
2025-12-21 21:14:25,130 - [INFO] - On Validation Set:
Performance of  RRL Model: 
[[1255   31]
 [ 117   44]]
              precision    recall  f1-score   support

           0       0.91      0.98      0.94      1286
           1       0.59      0.27      0.37       161

    accuracy                           0.90      1447
   macro avg       0.75      0.62      0.66      1447
weighted avg       0.88      0.90      0.88      1447

2025-12-21 21:14:25,130 - [INFO] - ------------------------------------------------------------
2025-12-21 21:14:26,459 - [INFO] - epoch: 286, loss_rrl: 107.35404713824391
2025-12-21 21:14:26,768 - [DEBUG] - y_true: (1447,) [0 0 0 0 0 1 0 0 0 0 0 0 0 0 0 0 0 1 0 0 0 0 0 0 1 0 0 0 0 0 0 0 0 0 0 0 0
 0 1 1 0]
2025-12-21 21:14:26,930 - [DEBUG] - y_rrl_: (1447,) [0 0 0 0 0 1 0 0 0 0 0 0 0 0 0 0 0 0 0 0 0 0 0 0 1 0 0 0 0 0 0 0 0 0 0 0 0
 0 1 0 0]
2025-12-21 21:14:26,930 - [DEBUG] - y_rrl: (1447, 2) [[ 3.9320652  -3.7021909 ]
 [ 0.46412    -0.23738076]
 [ 2.87793    -2.6452796 ]
 [ 3.277396   -3.0430942 ]
 [ 3.5325992  -3.3043764 ]
 [-0.39706108  0.6302537 ]
 [ 3.9320652  -3.7021909 ]
 [ 3.277396   -3.0430942 ]
 [ 3.9320652  -3.7021909 ]
 [ 2.1542356  -1.9241085 ]
 [ 1.7372234  -1.5101155 ]
 [ 2.4609177  -2.2312865 ]
 [ 3.1100163  -2.8826253 ]
 [ 3.281712   -3.0523665 ]
 [ 3.9320652  -3.7021909 ]
 [ 3.9320652  -3.7021909 ]
 [ 3.528283   -3.295104  ]
 [ 1.486336   -1.2581054 ]
 [ 1.9910623  -1.7634529 ]
 [ 2.6094964  -2.377091  ]
 [ 3.681178   -3.450181  ]
 [ 3.5325992  -3.3043764 ]
 [ 3.5325992  -3.3043764 ]
 [ 3.681178   -3.450181  ]
 [-0.39706108  0.6302537 ]
 [ 0.9151744  -0.69054985]
 [ 1.7372234  -1.5101155 ]
 [ 3.681178   -3.450181  ]
 [ 2.4609177  -2.2312865 ]
 [ 3.528283   -3.295104  ]
 [ 3.681178   -3.450181  ]
 [ 2.2100303  -1.9792761 ]
 [ 1.7372234  -1.5101155 ]
 [ 1.08687    -0.8602909 ]
 [ 3.5325992  -3.3043764 ]
 [ 3.277396   -3.0430942 ]
 [ 3.5325992  -3.3043764 ]
 [ 3.681178   -3.450181  ]
 [ 0.02552191  0.20850258]
 [ 1.4225652  -1.1935021 ]
 [ 3.277396   -3.0430942 ]]
2025-12-21 21:14:26,932 - [INFO] - ------------------------------------------------------------
2025-12-21 21:14:26,932 - [INFO] - On Validation Set:
	Accuracy of RRL  Model: 0.9032480995162405
	F1 Score of RRL  Model: 0.7159498810966034
2025-12-21 21:14:26,938 - [INFO] - On Validation Set:
Performance of  RRL Model: 
[[1241   45]
 [  95   66]]
              precision    recall  f1-score   support

           0       0.93      0.97      0.95      1286
           1       0.59      0.41      0.49       161

    accuracy                           0.90      1447
   macro avg       0.76      0.69      0.72      1447
weighted avg       0.89      0.90      0.90      1447

2025-12-21 21:14:26,938 - [INFO] - ------------------------------------------------------------
2025-12-21 21:14:28,082 - [INFO] - epoch: 287, loss_rrl: 109.26044832356274
2025-12-21 21:14:28,759 - [DEBUG] - y_true: (1447,) [0 0 0 0 0 1 0 0 0 0 0 0 0 0 0 0 0 1 0 0 0 0 0 0 1 0 0 0 0 0 0 0 0 0 0 0 0
 0 1 1 0]
2025-12-21 21:14:28,923 - [DEBUG] - y_rrl_: (1447,) [0 0 0 0 0 1 0 0 0 0 0 0 0 0 0 0 0 0 0 0 0 0 0 0 1 0 0 0 0 0 0 0 0 0 0 0 0
 0 0 0 0]
2025-12-21 21:14:28,924 - [DEBUG] - y_rrl: (1447, 2) [[ 3.4914677  -3.2616146 ]
 [ 1.2708952  -1.0478917 ]
 [ 3.0886118  -2.8554714 ]
 [ 3.0886118  -2.8554714 ]
 [ 3.4914677  -3.2616146 ]
 [-0.6063971   0.83844805]
 [ 3.7385042  -3.5097673 ]
 [ 3.0886118  -2.8554714 ]
 [ 3.7385042  -3.5097673 ]
 [ 1.9565959  -1.7275928 ]
 [ 0.12513259  0.10502571]
 [ 2.649948   -2.4239228 ]
 [ 3.3093622  -3.081451  ]
 [ 3.4914677  -3.2616146 ]
 [ 3.7385042  -3.5097673 ]
 [ 3.0623252  -2.8332984 ]
 [ 3.0886118  -2.8554714 ]
 [ 0.8680395  -0.6417483 ]
 [ 1.8211094  -1.5946234 ]
 [ 2.4291973  -2.197943  ]
 [ 3.4914677  -3.2616146 ]
 [ 3.4914677  -3.2616146 ]
 [ 3.4914677  -3.2616146 ]
 [ 3.4914677  -3.2616146 ]
 [-0.20354131  0.43230462]
 [ 1.517932   -1.2960441 ]
 [ 2.9065058  -2.6753075 ]
 [ 3.4914677  -3.2616146 ]
 [ 2.676234   -2.4460957 ]
 [ 3.7385042  -3.5097673 ]
 [ 3.4914677  -3.2616146 ]
 [ 2.4291973  -2.197943  ]
 [ 0.8680395  -0.6417483 ]
 [ 0.8680395  -0.6417483 ]
 [ 3.7385042  -3.5097673 ]
 [ 3.4914677  -3.2616146 ]
 [ 3.4914677  -3.2616146 ]
 [ 3.4914677  -3.2616146 ]
 [ 0.22560117  0.00398856]
 [ 0.7842982  -0.5571823 ]
 [ 3.0886118  -2.8554714 ]]
2025-12-21 21:14:28,926 - [INFO] - ------------------------------------------------------------
2025-12-21 21:14:28,926 - [INFO] - On Validation Set:
	Accuracy of RRL  Model: 0.9039391845196959
	F1 Score of RRL  Model: 0.7189046487024358
2025-12-21 21:14:28,931 - [INFO] - On Validation Set:
Performance of  RRL Model: 
[[1241   45]
 [  94   67]]
              precision    recall  f1-score   support

           0       0.93      0.97      0.95      1286
           1       0.60      0.42      0.49       161

    accuracy                           0.90      1447
   macro avg       0.76      0.69      0.72      1447
weighted avg       0.89      0.90      0.90      1447

2025-12-21 21:14:28,932 - [INFO] - ------------------------------------------------------------
2025-12-21 21:14:29,840 - [INFO] - epoch: 288, loss_rrl: 108.04645509645343
2025-12-21 21:14:30,667 - [DEBUG] - y_true: (1447,) [0 0 0 0 0 1 0 0 0 0 0 0 0 0 0 0 0 1 0 0 0 0 0 0 1 0 0 0 0 0 0 0 0 0 0 0 0
 0 1 1 0]
2025-12-21 21:14:30,835 - [DEBUG] - y_rrl_: (1447,) [0 1 0 0 0 1 0 0 0 0 0 0 0 0 0 0 0 0 0 0 0 0 0 0 1 0 0 0 0 0 0 0 0 1 0 0 0
 0 1 0 0]
2025-12-21 21:14:30,835 - [DEBUG] - y_rrl: (1447, 2) [[ 3.9335415  -3.7059433 ]
 [-0.5816486   0.8135376 ]
 [ 2.219217   -1.9798826 ]
 [ 2.219217   -1.9798826 ]
 [ 2.855264   -2.6203086 ]
 [-0.40627158  0.63718027]
 [ 3.9335415  -3.7059433 ]
 [ 2.219217   -1.9798826 ]
 [ 3.9335415  -3.7059433 ]
 [ 1.0212543  -0.79116535]
 [ 0.1786823   0.04760318]
 [ 2.4549224  -2.2267492 ]
 [ 3.1593528  -2.9290607 ]
 [ 2.942613   -2.7100632 ]
 [ 3.9335415  -3.7059433 ]
 [ 3.4955041  -3.2687266 ]
 [ 2.8041708  -2.56946   ]
 [ 0.672006   -0.44845456]
 [ 1.6734632  -1.4445862 ]
 [ 1.5658803  -1.3284198 ]
 [ 3.684739   -3.4560323 ]
 [ 3.9335415  -3.7059433 ]
 [ 3.5973902  -3.3662775 ]
 [ 2.942613   -2.7100632 ]
 [-0.40627158  0.63718027]
 [ 0.584657   -0.35869995]
 [ 3.1082594  -2.878212  ]
 [ 2.6064615  -2.3703973 ]
 [ 2.5568087  -2.3243    ]
 [ 3.546297   -3.315429  ]
 [ 3.684739   -3.4560323 ]
 [ 2.3080063  -2.074389  ]
 [ 0.92080843 -0.6983658 ]
 [-0.07012014  0.2975144 ]
 [ 3.9335415  -3.7059433 ]
 [ 2.219217   -1.9798826 ]
 [ 3.5973902  -3.3662775 ]
 [ 2.6064615  -2.3703973 ]
 [-0.40627158  0.63718027]
 [ 0.9704614  -0.7444631 ]
 [ 2.219217   -1.9798826 ]]
2025-12-21 21:14:30,837 - [INFO] - ------------------------------------------------------------
2025-12-21 21:14:30,837 - [INFO] - On Validation Set:
	Accuracy of RRL  Model: 0.89426399447132
	F1 Score of RRL  Model: 0.7228333740211451
2025-12-21 21:14:30,843 - [INFO] - On Validation Set:
Performance of  RRL Model: 
[[1216   70]
 [  83   78]]
              precision    recall  f1-score   support

           0       0.94      0.95      0.94      1286
           1       0.53      0.48      0.50       161

    accuracy                           0.89      1447
   macro avg       0.73      0.72      0.72      1447
weighted avg       0.89      0.89      0.89      1447

2025-12-21 21:14:30,843 - [INFO] - ------------------------------------------------------------
2025-12-21 21:14:31,504 - [INFO] - epoch: 289, loss_rrl: 107.79626824334264
2025-12-21 21:14:32,510 - [DEBUG] - y_true: (1447,) [0 0 0 0 0 1 0 0 0 0 0 0 0 0 0 0 0 1 0 0 0 0 0 0 1 0 0 0 0 0 0 0 0 0 0 0 0
 0 1 1 0]
2025-12-21 21:14:32,675 - [DEBUG] - y_rrl_: (1447,) [0 1 0 0 0 1 0 0 0 0 0 0 0 0 0 0 0 0 0 0 0 0 0 0 1 1 0 0 0 0 0 0 0 0 0 0 0
 0 0 0 0]
2025-12-21 21:14:32,676 - [DEBUG] - y_rrl: (1447, 2) [[ 3.4173677  -3.1898093 ]
 [-0.48597574  0.7132154 ]
 [ 1.903229   -1.67022   ]
 [ 2.305354   -2.0707247 ]
 [ 3.0152423  -2.7893045 ]
 [-0.636715    0.86647516]
 [ 3.6675491  -3.4410925 ]
 [ 3.022265   -2.791454  ]
 [ 3.6675491  -3.4410925 ]
 [ 1.9090319  -1.6822861 ]
 [ 0.81467456 -0.5906075 ]
 [ 1.7759639  -1.5505532 ]
 [ 2.2441351  -2.0207596 ]
 [ 3.0152423  -2.7893045 ]
 [ 3.6675491  -3.4410925 ]
 [ 2.9798186  -2.7530754 ]
 [ 3.022265   -2.791454  ]
 [ 0.81467456 -0.5906075 ]
 [ 2.396079   -2.1699815 ]
 [ 2.3654566  -2.1365092 ]
 [ 3.4173677  -3.1898093 ]
 [ 3.0152423  -2.7893045 ]
 [ 3.0152423  -2.7893045 ]
 [ 3.4173677  -3.1898093 ]
 [-0.636715    0.86647516]
 [ 0.07899129  0.14170833]
 [ 2.1780891  -1.951058  ]
 [ 3.4173677  -3.1898093 ]
 [ 2.2135127  -1.9872872 ]
 [ 3.2724464  -3.042737  ]
 [ 3.4173677  -3.1898093 ]
 [ 1.9633313  -1.7360042 ]
 [ 0.81467456 -0.5906075 ]
 [ 0.41254926 -0.19010262]
 [ 3.2654238  -3.0405877 ]
 [ 3.022265   -2.791454  ]
 [ 3.0152423  -2.7893045 ]
 [ 3.4173677  -3.1898093 ]
 [ 0.19593656  0.03138585]
 [ 0.7475495  -0.5226739 ]
 [ 3.022265   -2.791454  ]]
2025-12-21 21:14:32,678 - [INFO] - ------------------------------------------------------------
2025-12-21 21:14:32,678 - [INFO] - On Validation Set:
	Accuracy of RRL  Model: 0.8977194194885971
	F1 Score of RRL  Model: 0.7248059624775123
2025-12-21 21:14:32,684 - [INFO] - On Validation Set:
Performance of  RRL Model: 
[[1223   63]
 [  85   76]]
              precision    recall  f1-score   support

           0       0.94      0.95      0.94      1286
           1       0.55      0.47      0.51       161

    accuracy                           0.90      1447
   macro avg       0.74      0.71      0.72      1447
weighted avg       0.89      0.90      0.89      1447

2025-12-21 21:14:32,684 - [INFO] - ------------------------------------------------------------
2025-12-21 21:14:33,114 - [INFO] - epoch: 290, loss_rrl: 108.27045044489205
2025-12-21 21:14:34,360 - [DEBUG] - y_true: (1447,) [0 0 0 0 0 1 0 0 0 0 0 0 0 0 0 0 0 1 0 0 0 0 0 0 1 0 0 0 0 0 0 0 0 0 0 0 0
 0 1 1 0]
2025-12-21 21:14:34,528 - [DEBUG] - y_rrl_: (1447,) [0 0 0 0 0 0 0 0 0 0 0 0 0 0 0 0 0 0 0 0 0 0 0 0 1 0 0 0 0 0 0 0 0 0 0 0 0
 0 0 1 0]
2025-12-21 21:14:34,528 - [DEBUG] - y_rrl: (1447, 2) [[ 3.872345   -3.647023  ]
 [ 0.4013697  -0.1755439 ]
 [ 2.5190997  -2.285655  ]
 [ 2.5190997  -2.285655  ]
 [ 3.872345   -3.647023  ]
 [ 0.24350752 -0.015175  ]
 [ 3.872345   -3.647023  ]
 [ 3.4782352  -3.249678  ]
 [ 3.872345   -3.647023  ]
 [ 1.9393592  -1.7164435 ]
 [ 0.25760224 -0.03798884]
 [ 2.2350268  -2.0089626 ]
 [ 3.4782352  -3.249678  ]
 [ 3.4782352  -3.249678  ]
 [ 3.4782352  -3.249678  ]
 [ 2.8399775  -2.6161056 ]
 [ 3.4782352  -3.249678  ]
 [ 0.25760224 -0.03798884]
 [ 2.8399775  -2.6161056 ]
 [ 2.8288453  -2.6021407 ]
 [ 3.872345   -3.647023  ]
 [ 3.4782352  -3.249678  ]
 [ 3.872345   -3.647023  ]
 [ 3.872345   -3.647023  ]
 [-0.44466326  0.6732806 ]
 [ 1.2899694  -1.0689064 ]
 [ 1.1108832  -0.88885057]
 [ 3.4782352  -3.249678  ]
 [ 2.2350268  -2.0089626 ]
 [ 3.4782352  -3.249678  ]
 [ 3.872345   -3.647023  ]
 [ 2.8288453  -2.6021407 ]
 [ 0.25760224 -0.03798884]
 [ 0.25760224 -0.03798884]
 [ 3.872345   -3.647023  ]
 [ 3.4782352  -3.249678  ]
 [ 3.872345   -3.647023  ]
 [ 3.4782352  -3.249678  ]
 [ 0.8484583  -0.6223178 ]
 [-0.05214351  0.27849686]
 [ 3.4782352  -3.249678  ]]
2025-12-21 21:14:34,530 - [INFO] - ------------------------------------------------------------
2025-12-21 21:14:34,530 - [INFO] - On Validation Set:
	Accuracy of RRL  Model: 0.8928818244644091
	F1 Score of RRL  Model: 0.6203276268635746
2025-12-21 21:14:34,536 - [INFO] - On Validation Set:
Performance of  RRL Model: 
[[1259   27]
 [ 128   33]]
              precision    recall  f1-score   support

           0       0.91      0.98      0.94      1286
           1       0.55      0.20      0.30       161

    accuracy                           0.89      1447
   macro avg       0.73      0.59      0.62      1447
weighted avg       0.87      0.89      0.87      1447

2025-12-21 21:14:34,536 - [INFO] - ------------------------------------------------------------
2025-12-21 21:14:34,734 - [INFO] - epoch: 291, loss_rrl: 107.31638768874109
2025-12-21 21:14:36,158 - [INFO] - epoch: 292, loss_rrl: 108.80459200032055
2025-12-21 21:14:36,209 - [DEBUG] - y_true: (1447,) [0 0 0 0 0 1 0 0 0 0 0 0 0 0 0 0 0 1 0 0 0 0 0 0 1 0 0 0 0 0 0 0 0 0 0 0 0
 0 1 1 0]
2025-12-21 21:14:36,373 - [DEBUG] - y_rrl_: (1447,) [0 0 0 0 0 1 0 0 0 0 0 0 0 0 0 0 0 0 0 0 0 0 0 0 1 0 0 0 0 0 0 0 0 0 0 0 0
 0 1 0 0]
2025-12-21 21:14:36,373 - [DEBUG] - y_rrl: (1447, 2) [[ 3.7649841  -3.5407896 ]
 [ 0.31437767 -0.09315847]
 [ 3.1411374  -2.9126384 ]
 [ 3.1411374  -2.9126384 ]
 [ 3.7649841  -3.5407896 ]
 [-0.10063715  0.32892346]
 [ 3.7649841  -3.5407896 ]
 [ 3.5275218  -3.3022408 ]
 [ 3.7649841  -3.5407896 ]
 [ 1.9683995  -1.7487153 ]
 [ 1.1096314  -0.8936807 ]
 [ 3.324928   -3.1015387 ]
 [ 3.3785994  -3.1511874 ]
 [ 3.1411374  -2.9126384 ]
 [ 3.0619903  -2.8311207 ]
 [ 3.324928   -3.1015387 ]
 [ 3.7649841  -3.5407896 ]
 [ 0.8721694  -0.6551317 ]
 [ 1.8220149  -1.6000164 ]
 [ 2.484963   -2.2583058 ]
 [ 3.5275218  -3.3022408 ]
 [ 3.3785994  -3.1511874 ]
 [ 3.7649841  -3.5407896 ]
 [ 3.1411374  -2.9126384 ]
 [-0.54069287  0.7681744 ]
 [ 1.1633028  -0.9433292 ]
 [ 1.8172909  -1.5946809 ]
 [ 3.1411374  -2.9126384 ]
 [ 2.722425   -2.4968548 ]
 [ 3.3785994  -3.1511874 ]
 [ 3.5275218  -3.3022408 ]
 [ 2.484963   -2.2583058 ]
 [ 0.7232471  -0.50407845]
 [ 0.48578486 -0.26552942]
 [ 3.7649841  -3.5407896 ]
 [ 3.5275218  -3.3022408 ]
 [ 3.7649841  -3.5407896 ]
 [ 3.1411374  -2.9126384 ]
 [-0.1543085   0.37857205]
 [ 0.8184751  -0.59582704]
 [ 3.5275218  -3.3022408 ]]
2025-12-21 21:14:36,375 - [INFO] - ------------------------------------------------------------
2025-12-21 21:14:36,375 - [INFO] - On Validation Set:
	Accuracy of RRL  Model: 0.9067035245335177
	F1 Score of RRL  Model: 0.7117568159785395
2025-12-21 21:14:36,381 - [INFO] - On Validation Set:
Performance of  RRL Model: 
[[1251   35]
 [ 100   61]]
              precision    recall  f1-score   support

           0       0.93      0.97      0.95      1286
           1       0.64      0.38      0.47       161

    accuracy                           0.91      1447
   macro avg       0.78      0.68      0.71      1447
weighted avg       0.89      0.91      0.90      1447

2025-12-21 21:14:36,381 - [INFO] - ------------------------------------------------------------
2025-12-21 21:14:37,781 - [INFO] - epoch: 293, loss_rrl: 108.0463104378432
2025-12-21 21:14:38,070 - [DEBUG] - y_true: (1447,) [0 0 0 0 0 1 0 0 0 0 0 0 0 0 0 0 0 1 0 0 0 0 0 0 1 0 0 0 0 0 0 0 0 0 0 0 0
 0 1 1 0]
2025-12-21 21:14:38,237 - [DEBUG] - y_rrl_: (1447,) [0 1 0 0 0 1 0 0 0 0 0 0 0 0 0 0 0 0 0 0 0 0 0 0 1 0 0 0 0 0 0 0 0 0 0 0 0
 0 1 0 0]
2025-12-21 21:14:38,237 - [DEBUG] - y_rrl: (1447, 2) [[ 3.8273497  -3.604269  ]
 [-0.3531895   0.5770655 ]
 [ 2.7685266  -2.5427566 ]
 [ 3.213527   -2.9861665 ]
 [ 2.667671   -2.4424376 ]
 [-0.04128074  0.268434  ]
 [ 3.8273497  -3.604269  ]
 [ 3.213527   -2.9861665 ]
 [ 3.8273497  -3.604269  ]
 [ 2.0847425  -1.8613484 ]
 [ 0.49429703 -0.27086923]
 [ 1.8927592  -1.6706996 ]
 [ 2.9983265  -2.7736363 ]
 [ 2.0538483  -1.8243356 ]
 [ 3.443327   -3.2170463 ]
 [ 3.3752074  -3.1529253 ]
 [ 2.7286487  -2.4986248 ]
 [ 0.9791753  -0.75841105]
 [ 2.527721   -2.3049905 ]
 [ 2.5601017  -2.3345737 ]
 [ 3.5975497  -3.3733895 ]
 [ 2.9983265  -2.7736363 ]
 [ 3.3823493  -3.160859  ]
 [ 2.4988484  -2.267745  ]
 [-0.4934231   0.7197781 ]
 [ 1.2161173  -0.99722487]
 [ 1.2089754  -0.9892906 ]
 [ 3.213527   -2.9861665 ]
 [ 2.3449013  -2.1220436 ]
 [ 3.443327   -3.2170463 ]
 [ 3.5975497  -3.3733895 ]
 [ 2.1151013  -1.8911643 ]
 [ 1.2089754  -0.9892906 ]
 [ 0.5341749  -0.31500125]
 [ 3.3823493  -3.160859  ]
 [ 3.213527   -2.9861665 ]
 [ 3.3823493  -3.160859  ]
 [ 3.213527   -2.9861665 ]
 [-0.4934231   0.7197781 ]
 [ 0.47292188 -0.24817295]
 [ 3.213527   -2.9861665 ]]
2025-12-21 21:14:38,239 - [INFO] - ------------------------------------------------------------
2025-12-21 21:14:38,239 - [INFO] - On Validation Set:
	Accuracy of RRL  Model: 0.89426399447132
	F1 Score of RRL  Model: 0.7041054037040453
2025-12-21 21:14:38,245 - [INFO] - On Validation Set:
Performance of  RRL Model: 
[[1227   59]
 [  94   67]]
              precision    recall  f1-score   support

           0       0.93      0.95      0.94      1286
           1       0.53      0.42      0.47       161

    accuracy                           0.89      1447
   macro avg       0.73      0.69      0.70      1447
weighted avg       0.88      0.89      0.89      1447

2025-12-21 21:14:38,245 - [INFO] - ------------------------------------------------------------
2025-12-21 21:14:39,404 - [INFO] - epoch: 294, loss_rrl: 107.87244284898043
2025-12-21 21:14:39,923 - [DEBUG] - y_true: (1447,) [0 0 0 0 0 1 0 0 0 0 0 0 0 0 0 0 0 1 0 0 0 0 0 0 1 0 0 0 0 0 0 0 0 0 0 0 0
 0 1 1 0]
2025-12-21 21:14:40,087 - [DEBUG] - y_rrl_: (1447,) [0 0 0 0 0 1 0 0 0 0 1 0 0 0 0 0 0 0 0 0 0 0 0 0 1 0 0 0 0 0 0 0 0 0 0 0 0
 0 0 1 0]
2025-12-21 21:14:40,088 - [DEBUG] - y_rrl: (1447, 2) [[ 3.5542128  -3.3311708 ]
 [ 0.726482   -0.51061237]
 [ 3.1636117  -2.937386  ]
 [ 3.1636117  -2.937386  ]
 [ 3.5542128  -3.3311708 ]
 [-0.11600403  0.34203342]
 [ 3.7708461  -3.548877  ]
 [ 3.1636117  -2.937386  ]
 [ 3.7708461  -3.548877  ]
 [ 2.0200953  -1.7978002 ]
 [-0.38126034  0.6040319 ]
 [ 2.7323582  -2.5118082 ]
 [ 3.7708461  -3.548877  ]
 [ 3.1636117  -2.937386  ]
 [ 3.7708461  -3.548877  ]
 [ 2.5157244  -2.294102  ]
 [ 3.1636117  -2.937386  ]
 [ 0.33588058 -0.11682775]
 [ 1.8699979  -1.6501985 ]
 [ 2.517885   -2.2934828 ]
 [ 3.5542128  -3.3311708 ]
 [ 3.1636117  -2.937386  ]
 [ 3.5542128  -3.3311708 ]
 [ 3.5542128  -3.3311708 ]
 [-0.17422323  0.39627692]
 [ 1.9816039  -1.7653877 ]
 [ 2.341757   -2.1180236 ]
 [ 3.5542128  -3.3311708 ]
 [ 2.144851   -1.9221482 ]
 [ 3.7708461  -3.548877  ]
 [ 3.5542128  -3.3311708 ]
 [ 2.517885   -2.2934828 ]
 [ 0.33588058 -0.11682775]
 [ 0.33588058 -0.11682775]
 [ 3.7708461  -3.548877  ]
 [ 3.5542128  -3.3311708 ]
 [ 3.5542128  -3.3311708 ]
 [ 3.5542128  -3.3311708 ]
 [ 0.27459717 -0.05175114]
 [-0.19651379  0.4195273 ]
 [ 3.1636117  -2.937386  ]]
2025-12-21 21:14:40,090 - [INFO] - ------------------------------------------------------------
2025-12-21 21:14:40,090 - [INFO] - On Validation Set:
	Accuracy of RRL  Model: 0.9018659295093296
	F1 Score of RRL  Model: 0.6978714519297502
2025-12-21 21:14:40,096 - [INFO] - On Validation Set:
Performance of  RRL Model: 
[[1247   39]
 [ 103   58]]
              precision    recall  f1-score   support

           0       0.92      0.97      0.95      1286
           1       0.60      0.36      0.45       161

    accuracy                           0.90      1447
   macro avg       0.76      0.66      0.70      1447
weighted avg       0.89      0.90      0.89      1447

2025-12-21 21:14:40,096 - [INFO] - ------------------------------------------------------------
2025-12-21 21:14:41,032 - [INFO] - epoch: 295, loss_rrl: 108.12387000024319
2025-12-21 21:14:41,778 - [DEBUG] - y_true: (1447,) [0 0 0 0 0 1 0 0 0 0 0 0 0 0 0 0 0 1 0 0 0 0 0 0 1 0 0 0 0 0 0 0 0 0 0 0 0
 0 1 1 0]
2025-12-21 21:14:41,942 - [DEBUG] - y_rrl_: (1447,) [0 0 0 0 0 1 0 0 0 0 0 0 0 0 0 0 0 0 0 0 0 0 0 0 1 0 0 0 0 0 0 0 0 0 0 0 0
 0 1 0 0]
2025-12-21 21:14:41,942 - [DEBUG] - y_rrl: (1447, 2) [[ 3.9618604  -3.7409885 ]
 [ 1.1375649  -0.9189581 ]
 [ 3.355314   -3.1302104 ]
 [ 3.355314   -3.1302104 ]
 [ 3.248397   -3.0238311 ]
 [-0.3448161   0.5689457 ]
 [ 3.9618604  -3.7409885 ]
 [ 3.355314   -3.1302104 ]
 [ 3.9618604  -3.7409885 ]
 [ 1.7565904  -1.5369546 ]
 [ 0.17995375  0.03970989]
 [ 2.4921408  -2.2707028 ]
 [ 3.5212867  -3.301202  ]
 [ 3.0340812  -2.8084497 ]
 [ 3.6514065  -3.427134  ]
 [ 3.5212867  -3.301202  ]
 [ 2.856167   -2.6284344 ]
 [ 0.67910105 -0.46206588]
 [ 2.080305   -1.8615899 ]
 [ 2.7183983  -2.4951077 ]
 [ 3.7475445  -3.525607  ]
 [ 3.9618604  -3.7409885 ]
 [ 3.9618604  -3.7409885 ]
 [ 3.0340812  -2.8084497 ]
 [-0.3448161   0.5689457 ]
 [ 0.89341706 -0.6774474 ]
 [ 3.1290562  -2.9058056 ]
 [ 3.7475445  -3.525607  ]
 [ 2.9327147  -2.7104893 ]
 [ 3.5696304  -3.345592  ]
 [ 3.7475445  -3.525607  ]
 [ 2.7183983  -2.4951077 ]
 [ 0.89341706 -0.6774474 ]
 [ 0.67910105 -0.46206588]
 [ 3.9618604  -3.7409885 ]
 [ 3.355314   -3.1302104 ]
 [ 3.9618604  -3.7409885 ]
 [ 3.7475445  -3.525607  ]
 [-0.3448161   0.5689457 ]
 [ 0.9947837  -0.77540773]
 [ 3.355314   -3.1302104 ]]
2025-12-21 21:14:41,944 - [INFO] - ------------------------------------------------------------
2025-12-21 21:14:41,944 - [INFO] - On Validation Set:
	Accuracy of RRL  Model: 0.9053213545266068
	F1 Score of RRL  Model: 0.730012679553233
2025-12-21 21:14:41,950 - [INFO] - On Validation Set:
Performance of  RRL Model: 
[[1238   48]
 [  89   72]]
              precision    recall  f1-score   support

           0       0.93      0.96      0.95      1286
           1       0.60      0.45      0.51       161

    accuracy                           0.91      1447
   macro avg       0.77      0.70      0.73      1447
weighted avg       0.90      0.91      0.90      1447

2025-12-21 21:14:41,950 - [INFO] - ------------------------------------------------------------
2025-12-21 21:14:42,662 - [INFO] - epoch: 296, loss_rrl: 107.49379325471818
2025-12-21 21:14:43,663 - [DEBUG] - y_true: (1447,) [0 0 0 0 0 1 0 0 0 0 0 0 0 0 0 0 0 1 0 0 0 0 0 0 1 0 0 0 0 0 0 0 0 0 0 0 0
 0 1 1 0]
2025-12-21 21:14:43,829 - [DEBUG] - y_rrl_: (1447,) [0 1 0 0 0 1 0 0 0 0 0 0 0 0 0 0 0 0 0 0 0 0 0 0 1 0 0 0 0 0 0 0 0 0 0 0 0
 0 0 0 0]
2025-12-21 21:14:43,829 - [DEBUG] - y_rrl: (1447, 2) [[ 3.7634587  -3.5436842 ]
 [-0.33920786  0.55979466]
 [ 2.4553924  -2.2277408 ]
 [ 2.4553924  -2.2277408 ]
 [ 3.7634587  -3.5436842 ]
 [-0.5291551   0.7521789 ]
 [ 3.7634587  -3.5436842 ]
 [ 3.1546664  -2.930684  ]
 [ 3.7634587  -3.5436842 ]
 [ 2.0216265  -1.8015066 ]
 [ 1.5833409  -1.3660822 ]
 [ 2.7163808  -2.4952595 ]
 [ 2.7449706  -2.5265956 ]
 [ 3.5586724  -3.3378396 ]
 [ 3.7634587  -3.5436842 ]
 [ 3.7634587  -3.5436842 ]
 [ 3.3594527  -3.1365287 ]
 [ 1.3785546  -1.1602376 ]
 [ 2.5401843  -2.3207507 ]
 [ 2.5115945  -2.289415  ]
 [ 3.5586724  -3.3378396 ]
 [ 3.7634587  -3.5436842 ]
 [ 3.7634587  -3.5436842 ]
 [ 3.5586724  -3.3378396 ]
 [-0.5291551   0.7521789 ]
 [ 0.56485254 -0.34899342]
 [ 1.5833409  -1.3660822 ]
 [ 3.5586724  -3.3378396 ]
 [ 2.7163808  -2.4952595 ]
 [ 3.3594527  -3.1365287 ]
 [ 3.5586724  -3.3378396 ]
 [ 2.5115945  -2.289415  ]
 [ 1.5833409  -1.3660822 ]
 [ 1.3785546  -1.1602376 ]
 [ 3.7634587  -3.5436842 ]
 [ 3.1546664  -2.930684  ]
 [ 3.7634587  -3.5436842 ]
 [ 3.5586724  -3.3378396 ]
 [ 0.30943403 -0.08877768]
 [ 1.2563183  -1.0372411 ]
 [ 3.1546664  -2.930684  ]]
2025-12-21 21:14:43,831 - [INFO] - ------------------------------------------------------------
2025-12-21 21:14:43,832 - [INFO] - On Validation Set:
	Accuracy of RRL  Model: 0.8997926744989634
	F1 Score of RRL  Model: 0.7124187037836578
2025-12-21 21:14:43,838 - [INFO] - On Validation Set:
Performance of  RRL Model: 
[[1235   51]
 [  94   67]]
              precision    recall  f1-score   support

           0       0.93      0.96      0.94      1286
           1       0.57      0.42      0.48       161

    accuracy                           0.90      1447
   macro avg       0.75      0.69      0.71      1447
weighted avg       0.89      0.90      0.89      1447

2025-12-21 21:14:43,838 - [INFO] - ------------------------------------------------------------
2025-12-21 21:14:44,309 - [INFO] - epoch: 297, loss_rrl: 107.243217991665
2025-12-21 21:14:45,543 - [DEBUG] - y_true: (1447,) [0 0 0 0 0 1 0 0 0 0 0 0 0 0 0 0 0 1 0 0 0 0 0 0 1 0 0 0 0 0 0 0 0 0 0 0 0
 0 1 1 0]
2025-12-21 21:14:45,706 - [DEBUG] - y_rrl_: (1447,) [0 0 0 0 0 1 0 0 0 0 0 0 0 0 0 0 0 0 0 0 0 0 0 0 1 0 0 0 0 0 0 0 0 0 0 0 0
 0 1 0 0]
2025-12-21 21:14:45,707 - [DEBUG] - y_rrl: (1447, 2) [[ 3.7278903  -3.5092123 ]
 [ 0.42047656 -0.20048508]
 [ 1.6560966  -1.427779  ]
 [ 2.1048405  -1.8749696 ]
 [ 2.971011   -2.7505224 ]
 [-0.12030044  0.342998  ]
 [ 3.7278903  -3.5092123 ]
 [ 2.7924287  -2.5662034 ]
 [ 3.7278903  -3.5092123 ]
 [ 1.5219649  -1.3044845 ]
 [ 0.7105191  -0.49547917]
 [ 2.2763662  -2.0567226 ]
 [ 2.971011   -2.7505224 ]
 [ 3.059046   -2.8408697 ]
 [ 3.7278903  -3.5092123 ]
 [ 2.696344   -2.4790547 ]
 [ 3.3206651  -3.0988548 ]
 [ 0.49041826 -0.2743272 ]
 [ 2.1681075  -1.9464037 ]
 [ 2.1458874  -1.9214541 ]
 [ 3.5077899  -3.28806   ]
 [ 3.2791464  -3.0620215 ]
 [ 2.971011   -2.7505224 ]
 [ 3.5077899  -3.28806   ]
 [-1.1518474   1.373155  ]
 [ 0.7873886  -0.569388  ]
 [ 1.5952544  -1.3778857 ]
 [ 3.199654   -2.9765608 ]
 [ 1.9682305  -1.7452235 ]
 [ 3.3206651  -3.0988548 ]
 [ 3.5077899  -3.28806   ]
 [ 1.6971434  -1.4742634 ]
 [ 0.7105191  -0.49547917]
 [ 0.49041826 -0.2743272 ]
 [ 3.2791464  -3.0620215 ]
 [ 2.7924287  -2.5662034 ]
 [ 2.971011   -2.7505224 ]
 [ 3.199654   -2.9765608 ]
 [-0.5053056   0.7284058 ]
 [ 0.21005532  0.00654926]
 [ 2.7924287  -2.5662034 ]]
2025-12-21 21:14:45,709 - [INFO] - ------------------------------------------------------------
2025-12-21 21:14:45,709 - [INFO] - On Validation Set:
	Accuracy of RRL  Model: 0.8984105044920525
	F1 Score of RRL  Model: 0.7084520652151566
2025-12-21 21:14:45,715 - [INFO] - On Validation Set:
Performance of  RRL Model: 
[[1234   52]
 [  95   66]]
              precision    recall  f1-score   support

           0       0.93      0.96      0.94      1286
           1       0.56      0.41      0.47       161

    accuracy                           0.90      1447
   macro avg       0.74      0.68      0.71      1447
weighted avg       0.89      0.90      0.89      1447

2025-12-21 21:14:45,715 - [INFO] - ------------------------------------------------------------
2025-12-21 21:14:45,952 - [INFO] - epoch: 298, loss_rrl: 108.44199045747519
2025-12-21 21:14:47,504 - [INFO] - epoch: 299, loss_rrl: 109.8838708512485
2025-12-21 21:14:47,523 - [DEBUG] - y_true: (1447,) [0 0 0 0 0 1 0 0 0 0 0 0 0 0 0 0 0 1 0 0 0 0 0 0 1 0 0 0 0 0 0 0 0 0 0 0 0
 0 1 1 0]
2025-12-21 21:14:47,687 - [DEBUG] - y_rrl_: (1447,) [0 0 0 0 0 1 0 0 0 0 1 0 0 0 0 0 0 0 0 0 0 0 0 0 1 0 0 0 0 0 0 0 0 0 0 0 0
 0 1 1 0]
2025-12-21 21:14:47,687 - [DEBUG] - y_rrl: (1447, 2) [[ 2.5345166  -2.3207173 ]
 [ 0.2274311  -0.01340977]
 [ 3.0204055  -2.798649  ]
 [ 3.4293668  -3.2107255 ]
 [ 1.827149   -1.6097281 ]
 [-0.17538023  0.39697826]
 [ 3.660055   -3.442458  ]
 [ 3.0204055  -2.798649  ]
 [ 3.660055   -3.442458  ]
 [ 1.4643852  -1.2479707 ]
 [-0.3878646   0.6076479 ]
 [ 3.2510934  -3.0303812 ]
 [ 2.1255553  -1.908641  ]
 [ 2.721999   -2.4997363 ]
 [ 2.243812   -2.0266678 ]
 [ 3.2168825  -3.000056  ]
 [ 2.5437257  -2.3193922 ]
 [ 0.37951943 -0.16565862]
 [ 0.623702   -0.41202223]
 [ 1.6621351  -1.449075  ]
 [ 2.3038287  -2.0889852 ]
 [ 3.660055   -3.442458  ]
 [ 2.5345166  -2.3207173 ]
 [ 1.596461   -1.3779957 ]
 [-1.2138133   1.4340312 ]
 [ 1.0533799  -0.83979297]
 [ 2.1255553  -1.908641  ]
 [ 2.3038287  -2.0889852 ]
 [ 2.6093998  -2.3904715 ]
 [ 2.5345166  -2.3207173 ]
 [ 3.4293668  -3.2107255 ]
 [ 1.6621351  -1.449075  ]
 [ 0.31950304 -0.1033414 ]
 [ 0.37951943 -0.16565862]
 [ 2.5345166  -2.3207173 ]
 [ 3.4293668  -3.2107255 ]
 [ 3.660055   -3.442458  ]
 [ 2.3038287  -2.0889852 ]
 [-0.61855257  0.83938026]
 [ 0.02314082  0.1994701 ]
 [ 3.0204055  -2.798649  ]]
2025-12-21 21:14:47,689 - [INFO] - ------------------------------------------------------------
2025-12-21 21:14:47,689 - [INFO] - On Validation Set:
	Accuracy of RRL  Model: 0.8935729094678645
	F1 Score of RRL  Model: 0.7393829528443114
2025-12-21 21:14:47,695 - [INFO] - On Validation Set:
Performance of  RRL Model: 
[[1203   83]
 [  71   90]]
              precision    recall  f1-score   support

           0       0.94      0.94      0.94      1286
           1       0.52      0.56      0.54       161

    accuracy                           0.89      1447
   macro avg       0.73      0.75      0.74      1447
weighted avg       0.90      0.89      0.90      1447

2025-12-21 21:14:47,695 - [INFO] - ------------------------------------------------------------
2025-12-21 21:14:49,142 - [INFO] - epoch: 300, loss_rrl: 107.76724411174655
2025-12-21 21:14:49,390 - [DEBUG] - y_true: (1447,) [0 0 0 0 0 1 0 0 0 0 0 0 0 0 0 0 0 1 0 0 0 0 0 0 1 0 0 0 0 0 0 0 0 0 0 0 0
 0 1 1 0]
2025-12-21 21:14:49,555 - [DEBUG] - y_rrl_: (1447,) [0 1 0 0 0 1 0 0 0 0 1 0 0 0 0 0 0 0 0 0 0 0 0 0 1 0 0 0 0 0 0 0 1 0 0 0 0
 0 1 0 0]
2025-12-21 21:14:49,555 - [DEBUG] - y_rrl: (1447, 2) [[ 1.9073937  -1.6948798 ]
 [-0.4927943   0.71040136]
 [ 1.909612   -1.6866207 ]
 [ 2.3341734  -2.1096451 ]
 [ 1.193497   -0.9773803 ]
 [-0.6143454   0.8343533 ]
 [ 3.6996694  -3.4828858 ]
 [ 3.4592156  -3.241393  ]
 [ 3.6996694  -3.4828858 ]
 [ 2.3319552  -2.1179042 ]
 [-0.20319998  0.42010492]
 [ 2.6038175  -2.3895774 ]
 [ 2.127242   -1.9149966 ]
 [ 2.3207574  -2.1008687 ]
 [ 2.572409   -2.359397  ]
 [ 2.5894878  -2.3739684 ]
 [ 2.3207574  -2.1008687 ]
 [ 1.2361033  -1.0245959 ]
 [ 0.8583715  -0.6472304 ]
 [ 1.2701249  -1.0547479 ]
 [ 2.3319552  -2.1179042 ]
 [ 3.0346544  -2.8183687 ]
 [ 1.9073937  -1.6948798 ]
 [ 1.193497   -0.9773803 ]
 [-0.6143454   0.8343533 ]
 [ 1.0654117  -0.8518403 ]
 [ 2.192672   -1.9753289 ]
 [ 2.3319552  -2.1179042 ]
 [ 2.637839   -2.4197295 ]
 [ 2.1612637  -1.945149  ]
 [ 3.4592156  -3.241393  ]
 [ 1.2701249  -1.0547479 ]
 [ 0.09955144  0.1168537 ]
 [ 0.40039676 -0.1873231 ]
 [ 2.572409   -2.359397  ]
 [ 3.4592156  -3.241393  ]
 [ 3.0346544  -2.8183687 ]
 [ 1.9073937  -1.6948798 ]
 [-0.20319998  0.42010492]
 [ 0.44748506 -0.22880317]
 [ 3.0346544  -2.8183687 ]]
2025-12-21 21:14:49,557 - [INFO] - ------------------------------------------------------------
2025-12-21 21:14:49,558 - [INFO] - On Validation Set:
	Accuracy of RRL  Model: 0.8832066344160332
	F1 Score of RRL  Model: 0.7411216091041419
2025-12-21 21:14:49,564 - [INFO] - On Validation Set:
Performance of  RRL Model: 
[[1175  111]
 [  58  103]]
              precision    recall  f1-score   support

           0       0.95      0.91      0.93      1286
           1       0.48      0.64      0.55       161

    accuracy                           0.88      1447
   macro avg       0.72      0.78      0.74      1447
weighted avg       0.90      0.88      0.89      1447

2025-12-21 21:14:49,564 - [INFO] - ------------------------------------------------------------
2025-12-21 21:14:50,724 - [INFO] - epoch: 301, loss_rrl: 109.48509431257844
2025-12-21 21:14:51,194 - [DEBUG] - y_true: (1447,) [0 0 0 0 0 1 0 0 0 0 0 0 0 0 0 0 0 1 0 0 0 0 0 0 1 0 0 0 0 0 0 0 0 0 0 0 0
 0 1 1 0]
2025-12-21 21:14:51,355 - [DEBUG] - y_rrl_: (1447,) [0 0 0 0 0 1 0 0 0 0 0 0 0 0 0 0 0 0 0 0 0 0 0 0 1 0 0 0 0 0 0 0 0 0 0 0 0
 0 0 1 0]
2025-12-21 21:14:51,355 - [DEBUG] - y_rrl: (1447, 2) [[ 3.5301566  -3.3131514 ]
 [ 0.57213104 -0.3599514 ]
 [ 2.4099329  -2.1862514 ]
 [ 2.4099329  -2.1862514 ]
 [ 3.5301566  -3.3131514 ]
 [-0.10981257  0.32976535]
 [ 3.7825787  -3.566608  ]
 [ 3.3800957  -3.1610343 ]
 [ 3.7825787  -3.566608  ]
 [ 2.257102   -2.0417886 ]
 [ 0.31970912 -0.10649497]
 [ 2.3467338  -2.1290371 ]
 [ 3.3800957  -3.1610343 ]
 [ 3.1276739  -2.907578  ]
 [ 3.3800957  -3.1610343 ]
 [ 2.4967945  -2.281154  ]
 [ 3.1276739  -2.907578  ]
 [ 0.57213104 -0.3599514 ]
 [ 1.8451859  -1.6313143 ]
 [ 2.728487   -2.5111947 ]
 [ 3.7825787  -3.566608  ]
 [ 3.1276739  -2.907578  ]
 [ 3.5301566  -3.3131514 ]
 [ 3.1276739  -2.907578  ]
 [-0.54770994  0.7669003 ]
 [ 1.6054932  -1.3919487 ]
 [ 2.3467338  -2.1290371 ]
 [ 3.3800957  -3.1610343 ]
 [ 2.1330223  -1.9163325 ]
 [ 3.3800957  -3.1610343 ]
 [ 3.7825787  -3.566608  ]
 [ 2.728487   -2.5111947 ]
 [ 0.31970912 -0.10649497]
 [ 0.31970912 -0.10649497]
 [ 3.7825787  -3.566608  ]
 [ 3.3800957  -3.1610343 ]
 [ 3.5301566  -3.3131514 ]
 [ 3.1276739  -2.907578  ]
 [ 0.14260942  0.07630887]
 [-0.17780596  0.3948451 ]
 [ 3.1276739  -2.907578  ]]
2025-12-21 21:14:51,357 - [INFO] - ------------------------------------------------------------
2025-12-21 21:14:51,357 - [INFO] - On Validation Set:
	Accuracy of RRL  Model: 0.9053213545266068
	F1 Score of RRL  Model: 0.7192579217560631
2025-12-21 21:14:51,363 - [INFO] - On Validation Set:
Performance of  RRL Model: 
[[1244   42]
 [  95   66]]
              precision    recall  f1-score   support

           0       0.93      0.97      0.95      1286
           1       0.61      0.41      0.49       161

    accuracy                           0.91      1447
   macro avg       0.77      0.69      0.72      1447
weighted avg       0.89      0.91      0.90      1447

2025-12-21 21:14:51,363 - [INFO] - ------------------------------------------------------------
2025-12-21 21:14:52,296 - [INFO] - epoch: 302, loss_rrl: 106.95823700353503
2025-12-21 21:14:52,994 - [DEBUG] - y_true: (1447,) [0 0 0 0 0 1 0 0 0 0 0 0 0 0 0 0 0 1 0 0 0 0 0 0 1 0 0 0 0 0 0 0 0 0 0 0 0
 0 1 1 0]
2025-12-21 21:14:53,155 - [DEBUG] - y_rrl_: (1447,) [0 1 0 0 0 1 0 0 0 0 0 0 0 0 0 0 0 0 0 0 0 0 0 0 1 0 0 0 0 0 0 0 0 0 0 0 0
 0 1 0 0]
2025-12-21 21:14:53,156 - [DEBUG] - y_rrl: (1447, 2) [[ 3.8779163  -3.6627657 ]
 [-0.60741717  0.82670724]
 [ 2.902101   -2.679539  ]
 [ 2.902101   -2.679539  ]
 [ 3.5529304  -3.3344758 ]
 [-0.4489018   0.66726816]
 [ 3.8779163  -3.6627657 ]
 [ 2.902101   -2.679539  ]
 [ 3.8779163  -3.6627657 ]
 [ 1.6790195  -1.4650056 ]
 [ 0.8521397  -0.64167476]
 [ 2.400208   -2.184498  ]
 [ 3.1173062  -2.8996098 ]
 [ 3.6217484  -3.4055686 ]
 [ 3.8779163  -3.6627657 ]
 [ 3.4422927  -3.2278998 ]
 [ 3.4832554  -3.265026  ]
 [ 0.5959717  -0.3844775 ]
 [ 1.625075   -1.4087098 ]
 [ 2.2546778  -2.033877  ]
 [ 3.6217484  -3.4055686 ]
 [ 3.8779163  -3.6627657 ]
 [ 3.5529304  -3.3344758 ]
 [ 3.6217484  -3.4055686 ]
 [-0.4489018   0.66726816]
 [ 0.5271535  -0.31338474]
 [ 2.400208   -2.184498  ]
 [ 3.2967625  -3.0772786 ]
 [ 2.5108457  -2.2910738 ]
 [ 3.4832554  -3.265026  ]
 [ 3.6217484  -3.4055686 ]
 [ 2.2546778  -2.033877  ]
 [ 0.8521397  -0.64167476]
 [ 0.5959717  -0.3844775 ]
 [ 3.8779163  -3.6627657 ]
 [ 2.902101   -2.679539  ]
 [ 3.5529304  -3.3344758 ]
 [ 3.2967625  -3.0772786 ]
 [-0.4489018   0.66726816]
 [ 0.91816914 -0.70442367]
 [ 2.902101   -2.679539  ]]
2025-12-21 21:14:53,158 - [INFO] - ------------------------------------------------------------
2025-12-21 21:14:53,158 - [INFO] - On Validation Set:
	Accuracy of RRL  Model: 0.9060124395300622
	F1 Score of RRL  Model: 0.7456179356987
2025-12-21 21:14:53,164 - [INFO] - On Validation Set:
Performance of  RRL Model: 
[[1230   56]
 [  80   81]]
              precision    recall  f1-score   support

           0       0.94      0.96      0.95      1286
           1       0.59      0.50      0.54       161

    accuracy                           0.91      1447
   macro avg       0.77      0.73      0.75      1447
weighted avg       0.90      0.91      0.90      1447

2025-12-21 21:14:53,164 - [INFO] - ------------------------------------------------------------
2025-12-21 21:14:53,872 - [INFO] - epoch: 303, loss_rrl: 107.72563727200031
2025-12-21 21:14:54,792 - [DEBUG] - y_true: (1447,) [0 0 0 0 0 1 0 0 0 0 0 0 0 0 0 0 0 1 0 0 0 0 0 0 1 0 0 0 0 0 0 0 0 0 0 0 0
 0 1 1 0]
2025-12-21 21:14:54,953 - [DEBUG] - y_rrl_: (1447,) [0 0 0 0 0 1 0 0 0 0 0 0 0 0 0 0 0 0 0 0 0 0 0 0 1 0 0 0 0 0 0 0 0 0 0 0 0
 0 0 0 0]
2025-12-21 21:14:54,953 - [DEBUG] - y_rrl: (1447, 2) [[ 3.8409557  -3.6266146 ]
 [ 0.39912143 -0.18749225]
 [ 3.1732545  -2.9548233 ]
 [ 3.1732545  -2.9548233 ]
 [ 3.8409557  -3.6266146 ]
 [-0.47711483  0.6946627 ]
 [ 3.8409557  -3.6266146 ]
 [ 3.577342   -3.3619769 ]
 [ 3.8409557  -3.6266146 ]
 [ 2.4700615  -2.2583942 ]
 [ 2.078489   -1.8695997 ]
 [ 3.1857696  -2.9731824 ]
 [ 3.411342   -3.197755  ]
 [ 3.577342   -3.3619769 ]
 [ 3.8409557  -3.6266146 ]
 [ 3.8409557  -3.6266146 ]
 [ 3.8409557  -3.6266146 ]
 [ 1.8148756  -1.604962  ]
 [ 2.5656753  -2.3516605 ]
 [ 2.518068   -2.3013911 ]
 [ 3.577342   -3.3619769 ]
 [ 3.8409557  -3.6266146 ]
 [ 3.8409557  -3.6266146 ]
 [ 3.577342   -3.3619769 ]
 [-0.47711483  0.6946627 ]
 [ 1.244788   -1.0335869 ]
 [ 2.7816818  -2.5660288 ]
 [ 3.577342   -3.3619769 ]
 [ 2.7816818  -2.5660288 ]
 [ 3.4368682  -3.219461  ]
 [ 3.577342   -3.3619769 ]
 [ 2.518068   -2.3013911 ]
 [ 1.6744018  -1.4624463 ]
 [ 1.410788   -1.1978085 ]
 [ 3.8409557  -3.6266146 ]
 [ 3.577342   -3.3619769 ]
 [ 3.8409557  -3.6266146 ]
 [ 3.577342   -3.3619769 ]
 [ 0.35658643 -0.14135015]
 [ 1.3336834  -1.1199831 ]
 [ 3.577342   -3.3619769 ]]
2025-12-21 21:14:54,955 - [INFO] - ------------------------------------------------------------
2025-12-21 21:14:54,955 - [INFO] - On Validation Set:
	Accuracy of RRL  Model: 0.9094678645473393
	F1 Score of RRL  Model: 0.7012709894491328
2025-12-21 21:14:54,961 - [INFO] - On Validation Set:
Performance of  RRL Model: 
[[1262   24]
 [ 107   54]]
              precision    recall  f1-score   support

           0       0.92      0.98      0.95      1286
           1       0.69      0.34      0.45       161

    accuracy                           0.91      1447
   macro avg       0.81      0.66      0.70      1447
weighted avg       0.90      0.91      0.90      1447

2025-12-21 21:14:54,961 - [INFO] - ------------------------------------------------------------
2025-12-21 21:14:55,444 - [INFO] - epoch: 304, loss_rrl: 107.29992433823645
2025-12-21 21:14:56,590 - [DEBUG] - y_true: (1447,) [0 0 0 0 0 1 0 0 0 0 0 0 0 0 0 0 0 1 0 0 0 0 0 0 1 0 0 0 0 0 0 0 0 0 0 0 0
 0 1 1 0]
2025-12-21 21:14:56,751 - [DEBUG] - y_rrl_: (1447,) [0 1 0 0 0 1 0 0 0 0 0 0 0 0 0 0 0 0 0 0 0 0 0 0 1 0 0 0 0 0 0 0 0 0 0 0 0
 0 1 0 0]
2025-12-21 21:14:56,752 - [DEBUG] - y_rrl: (1447, 2) [[ 3.7217937  -3.5082605 ]
 [-0.16732298  0.3806805 ]
 [ 1.9172593  -1.6976308 ]
 [ 2.3354552  -2.1143177 ]
 [ 3.3035977  -3.0915737 ]
 [ 0.09741275  0.11905368]
 [ 3.7217937  -3.5082605 ]
 [ 3.7217937  -3.5082605 ]
 [ 3.7217937  -3.5082605 ]
 [ 2.2049236  -1.9965726 ]
 [ 0.5368461  -0.33158323]
 [ 1.6355201  -1.4265847 ]
 [ 2.8973682  -2.6822903 ]
 [ 2.8973682  -2.6822903 ]
 [ 3.3155642  -3.098977  ]
 [ 2.7041328  -2.4919417 ]
 [ 3.7217937  -3.5082605 ]
 [ 0.5368461  -0.33158323]
 [ 2.7041328  -2.4919417 ]
 [ 2.6651473  -2.450307  ]
 [ 3.7217937  -3.5082605 ]
 [ 2.8973682  -2.6822903 ]
 [ 3.3035977  -3.0915737 ]
 [ 3.3155642  -3.098977  ]
 [-1.1842214   1.4003649 ]
 [ 1.1482774  -0.9386186 ]
 [ 1.6474868  -1.4339882 ]
 [ 3.3155642  -3.098977  ]
 [ 1.6573826  -1.4446436 ]
 [ 3.3155642  -3.098977  ]
 [ 3.7217937  -3.5082605 ]
 [ 2.2469513  -2.03362   ]
 [ 0.13061662  0.07770016]
 [ 0.13061662  0.07770016]
 [ 3.3035977  -3.0915737 ]
 [ 3.7217937  -3.5082605 ]
 [ 3.3035977  -3.0915737 ]
 [ 3.3155642  -3.098977  ]
 [-0.51401854  0.7260891 ]
 [ 0.20715393  0.00440607]
 [ 3.7217937  -3.5082605 ]]
2025-12-21 21:14:56,754 - [INFO] - ------------------------------------------------------------
2025-12-21 21:14:56,754 - [INFO] - On Validation Set:
	Accuracy of RRL  Model: 0.8997926744989634
	F1 Score of RRL  Model: 0.7358189091284536
2025-12-21 21:14:56,760 - [INFO] - On Validation Set:
Performance of  RRL Model: 
[[1221   65]
 [  80   81]]
              precision    recall  f1-score   support

           0       0.94      0.95      0.94      1286
           1       0.55      0.50      0.53       161

    accuracy                           0.90      1447
   macro avg       0.75      0.73      0.74      1447
weighted avg       0.90      0.90      0.90      1447

2025-12-21 21:14:56,760 - [INFO] - ------------------------------------------------------------
2025-12-21 21:14:57,015 - [INFO] - epoch: 305, loss_rrl: 107.59504353255033
2025-12-21 21:14:58,411 - [DEBUG] - y_true: (1447,) [0 0 0 0 0 1 0 0 0 0 0 0 0 0 0 0 0 1 0 0 0 0 0 0 1 0 0 0 0 0 0 0 0 0 0 0 0
 0 1 1 0]
2025-12-21 21:14:58,572 - [DEBUG] - y_rrl_: (1447,) [0 0 0 0 0 0 0 0 0 0 0 0 0 0 0 0 0 0 0 0 0 0 0 0 1 0 0 0 0 0 0 0 0 0 0 0 0
 0 1 0 0]
2025-12-21 21:14:58,573 - [DEBUG] - y_rrl: (1447, 2) [[ 3.7342978  -3.5215662 ]
 [ 1.0146103  -0.8048164 ]
 [ 3.0654519  -2.8486657 ]
 [ 3.0654519  -2.8486657 ]
 [ 3.7342978  -3.5215662 ]
 [ 0.13448845  0.0811694 ]
 [ 3.7342978  -3.5215662 ]
 [ 3.3349917  -3.119219  ]
 [ 3.7342978  -3.5215662 ]
 [ 2.249825   -2.0377023 ]
 [ 0.11152633  0.10488833]
 [ 3.3349917  -3.119219  ]
 [ 3.7342978  -3.5215662 ]
 [ 3.7342978  -3.5215662 ]
 [ 3.7342978  -3.5215662 ]
 [ 3.3072963  -3.0953104 ]
 [ 3.3349917  -3.119219  ]
 [ 1.1734109  -0.96377385]
 [ 2.0720818  -1.8624245 ]
 [ 2.6855793  -2.4715462 ]
 [ 3.7342978  -3.5215662 ]
 [ 3.7342978  -3.5215662 ]
 [ 3.7342978  -3.5215662 ]
 [ 3.7342978  -3.5215662 ]
 [-1.147855    1.3631917 ]
 [ 1.6004124  -1.3900294 ]
 [ 2.249825   -2.0377023 ]
 [ 3.7342978  -3.5215662 ]
 [ 2.6855793  -2.4715462 ]
 [ 3.3349917  -3.119219  ]
 [ 3.7342978  -3.5215662 ]
 [ 2.6855793  -2.4715462 ]
 [ 0.8443442  -0.6314446 ]
 [ 1.1734109  -0.96377385]
 [ 3.7342978  -3.5215662 ]
 [ 3.3349917  -3.119219  ]
 [ 3.7342978  -3.5215662 ]
 [ 3.7342978  -3.5215662 ]
 [-0.292513    0.5074251 ]
 [ 0.48666573 -0.27204162]
 [ 3.3349917  -3.119219  ]]
2025-12-21 21:14:58,575 - [INFO] - ------------------------------------------------------------
2025-12-21 21:14:58,575 - [INFO] - On Validation Set:
	Accuracy of RRL  Model: 0.9018659295093296
	F1 Score of RRL  Model: 0.684569424999386
2025-12-21 21:14:58,581 - [INFO] - On Validation Set:
Performance of  RRL Model: 
[[1253   33]
 [ 109   52]]
              precision    recall  f1-score   support

           0       0.92      0.97      0.95      1286
           1       0.61      0.32      0.42       161

    accuracy                           0.90      1447
   macro avg       0.77      0.65      0.68      1447
weighted avg       0.89      0.90      0.89      1447

2025-12-21 21:14:58,581 - [INFO] - ------------------------------------------------------------
2025-12-21 21:14:58,611 - [INFO] - epoch: 306, loss_rrl: 108.51362328976393
2025-12-21 21:15:00,005 - [INFO] - epoch: 307, loss_rrl: 108.49729415029287
2025-12-21 21:15:00,222 - [DEBUG] - y_true: (1447,) [0 0 0 0 0 1 0 0 0 0 0 0 0 0 0 0 0 1 0 0 0 0 0 0 1 0 0 0 0 0 0 0 0 0 0 0 0
 0 1 1 0]
2025-12-21 21:15:00,396 - [DEBUG] - y_rrl_: (1447,) [0 1 0 0 0 1 0 0 0 0 0 0 0 0 0 0 0 0 0 0 0 0 0 0 1 0 0 0 0 0 0 0 0 0 0 0 0
 0 0 0 0]
2025-12-21 21:15:00,397 - [DEBUG] - y_rrl: (1447, 2) [[ 3.4144104  -3.201467  ]
 [-0.4852567   0.6980398 ]
 [ 3.025233   -2.8092604 ]
 [ 3.025233   -2.8092604 ]
 [ 3.4144104  -3.201467  ]
 [-0.6055415   0.82066387]
 [ 3.6899045  -3.4779696 ]
 [ 3.4144104  -3.201467  ]
 [ 3.6899045  -3.4779696 ]
 [ 2.3352776  -2.1259608 ]
 [ 1.6850151  -1.4774312 ]
 [ 3.0396423  -2.82944   ]
 [ 2.6464508  -2.4358435 ]
 [ 3.4144104  -3.201467  ]
 [ 3.6899045  -3.4779696 ]
 [ 3.4144104  -3.201467  ]
 [ 3.4144104  -3.201467  ]
 [ 1.6850151  -1.4774312 ]
 [ 2.3709567  -2.1593409 ]
 [ 2.374971   -2.1607306 ]
 [ 3.4144104  -3.201467  ]
 [ 3.4144104  -3.201467  ]
 [ 3.4144104  -3.201467  ]
 [ 3.4144104  -3.201467  ]
 [-0.6055415   0.82066387]
 [ 0.5278781  -0.31960148]
 [ 2.650465   -2.4372334 ]
 [ 3.4144104  -3.201467  ]
 [ 2.650465   -2.4372334 ]
 [ 3.3007271  -3.0857635 ]
 [ 3.4144104  -3.201467  ]
 [ 2.374971   -2.1607306 ]
 [ 1.2958376  -1.0852247 ]
 [ 1.2958376  -1.0852247 ]
 [ 3.6899045  -3.4779696 ]
 [ 3.4144104  -3.201467  ]
 [ 3.4144104  -3.201467  ]
 [ 3.4144104  -3.201467  ]
 [ 0.21896906 -0.00613397]
 [ 1.2005079  -0.98918974]
 [ 3.4144104  -3.201467  ]]
2025-12-21 21:15:00,399 - [INFO] - ------------------------------------------------------------
2025-12-21 21:15:00,399 - [INFO] - On Validation Set:
	Accuracy of RRL  Model: 0.9060124395300622
	F1 Score of RRL  Model: 0.7345097404349468
2025-12-21 21:15:00,405 - [INFO] - On Validation Set:
Performance of  RRL Model: 
[[1237   49]
 [  87   74]]
              precision    recall  f1-score   support

           0       0.93      0.96      0.95      1286
           1       0.60      0.46      0.52       161

    accuracy                           0.91      1447
   macro avg       0.77      0.71      0.73      1447
weighted avg       0.90      0.91      0.90      1447

2025-12-21 21:15:00,405 - [INFO] - ------------------------------------------------------------
2025-12-21 21:15:01,639 - [INFO] - epoch: 308, loss_rrl: 108.66439704596996
2025-12-21 21:15:02,091 - [DEBUG] - y_true: (1447,) [0 0 0 0 0 1 0 0 0 0 0 0 0 0 0 0 0 1 0 0 0 0 0 0 1 0 0 0 0 0 0 0 0 0 0 0 0
 0 1 1 0]
2025-12-21 21:15:02,265 - [DEBUG] - y_rrl_: (1447,) [0 0 0 0 0 1 0 0 0 0 0 0 0 0 0 0 0 0 0 0 0 0 0 0 1 0 0 0 0 0 0 0 0 0 0 0 0
 0 1 0 0]
2025-12-21 21:15:02,265 - [DEBUG] - y_rrl: (1447, 2) [[ 3.509623   -3.297472  ]
 [ 0.6487509  -0.44123933]
 [ 3.1164486  -2.9012809 ]
 [ 3.1164486  -2.9012809 ]
 [ 3.509623   -3.297472  ]
 [-1.1137762   1.3275199 ]
 [ 3.7916226  -3.5804753 ]
 [ 3.398448   -3.1842842 ]
 [ 3.7916226  -3.5804753 ]
 [ 2.3245685  -2.1140103 ]
 [ 0.78780234 -0.5785488 ]
 [ 2.7941701  -2.580589  ]
 [ 2.7662933  -2.5564673 ]
 [ 3.509623   -3.297472  ]
 [ 3.7916226  -3.5804753 ]
 [ 2.9053452  -2.6937768 ]
 [ 3.1164486  -2.9012809 ]
 [ 1.0698019  -0.86155224]
 [ 1.8338051  -1.624701  ]
 [ 2.7479591  -2.5355215 ]
 [ 3.7916226  -3.5804753 ]
 [ 3.509623   -3.297472  ]
 [ 3.509623   -3.297472  ]
 [ 3.509623   -3.297472  ]
 [-1.1137762   1.3275199 ]
 [ 0.6487509  -0.44123933]
 [ 2.7941701  -2.580589  ]
 [ 3.7916226  -3.5804753 ]
 [ 2.1436813  -1.9318264 ]
 [ 3.398448   -3.1842842 ]
 [ 3.7916226  -3.5804753 ]
 [ 2.7479591  -2.5355215 ]
 [ 0.78780234 -0.5785488 ]
 [ 0.78780234 -0.5785488 ]
 [ 3.7916226  -3.5804753 ]
 [ 3.398448   -3.1842842 ]
 [ 2.9053452  -2.6937768 ]
 [ 3.509623   -3.297472  ]
 [-0.410726    0.62420356]
 [ 0.68595624 -0.4760014 ]
 [ 3.1164486  -2.9012809 ]]
2025-12-21 21:15:02,267 - [INFO] - ------------------------------------------------------------
2025-12-21 21:15:02,267 - [INFO] - On Validation Set:
	Accuracy of RRL  Model: 0.9060124395300622
	F1 Score of RRL  Model: 0.7258706190449657
2025-12-21 21:15:02,273 - [INFO] - On Validation Set:
Performance of  RRL Model: 
[[1242   44]
 [  92   69]]
              precision    recall  f1-score   support

           0       0.93      0.97      0.95      1286
           1       0.61      0.43      0.50       161

    accuracy                           0.91      1447
   macro avg       0.77      0.70      0.73      1447
weighted avg       0.90      0.91      0.90      1447

2025-12-21 21:15:02,273 - [INFO] - ------------------------------------------------------------
2025-12-21 21:15:03,267 - [INFO] - epoch: 309, loss_rrl: 109.14278120733798
2025-12-21 21:15:03,948 - [DEBUG] - y_true: (1447,) [0 0 0 0 0 1 0 0 0 0 0 0 0 0 0 0 0 1 0 0 0 0 0 0 1 0 0 0 0 0 0 0 0 0 0 0 0
 0 1 1 0]
2025-12-21 21:15:04,119 - [DEBUG] - y_rrl_: (1447,) [0 1 0 0 0 1 0 0 0 0 0 0 0 0 0 0 0 0 0 0 0 0 0 0 1 0 0 0 0 0 0 0 0 0 0 0 0
 0 1 0 0]
2025-12-21 21:15:04,120 - [DEBUG] - y_rrl: (1447, 2) [[ 3.5719843  -3.3606267 ]
 [ 0.05514728  0.15902123]
 [ 2.8509266  -2.6333418 ]
 [ 2.8509266  -2.6333418 ]
 [ 3.2318552  -3.0172746 ]
 [-0.44036618  0.65389717]
 [ 3.8479676  -3.6376092 ]
 [ 3.12691    -2.9103243 ]
 [ 3.8479676  -3.6376092 ]
 [ 2.3896174  -2.1798372 ]
 [ 1.04601    -0.83768404]
 [ 2.8256316  -2.6139874 ]
 [ 3.5078385  -3.2942572 ]
 [ 3.5719843  -3.3606267 ]
 [ 3.8479676  -3.6376092 ]
 [ 3.1457686  -2.935145  ]
 [ 3.1910558  -2.9766939 ]
 [ 1.3219936  -1.1146666 ]
 [ 1.5581408  -1.3465921 ]
 [ 2.4855025  -2.2706354 ]
 [ 3.8479676  -3.6376092 ]
 [ 3.5719843  -3.3606267 ]
 [ 3.2318552  -3.0172746 ]
 [ 3.5719843  -3.3606267 ]
 [-0.44036618  0.65389717]
 [ 0.98186445 -0.7713145 ]
 [ 1.7482098  -1.5401483 ]
 [ 3.5078385  -3.2942572 ]
 [ 2.4855025  -2.2706354 ]
 [ 3.467039   -3.2536764 ]
 [ 3.8479676  -3.6376092 ]
 [ 2.4855025  -2.2706354 ]
 [ 1.04601    -0.83768404]
 [ 1.04601    -0.83768404]
 [ 3.8479676  -3.6376092 ]
 [ 3.12691    -2.9103243 ]
 [ 3.2318552  -3.0172746 ]
 [ 3.2318552  -3.0172746 ]
 [-0.1643827   0.37691465]
 [ 0.92209965 -0.7130765 ]
 [ 2.8509266  -2.6333418 ]]
2025-12-21 21:15:04,122 - [INFO] - ------------------------------------------------------------
2025-12-21 21:15:04,122 - [INFO] - On Validation Set:
	Accuracy of RRL  Model: 0.9046302695231514
	F1 Score of RRL  Model: 0.7162616089393096
2025-12-21 21:15:04,128 - [INFO] - On Validation Set:
Performance of  RRL Model: 
[[1244   42]
 [  96   65]]
              precision    recall  f1-score   support

           0       0.93      0.97      0.95      1286
           1       0.61      0.40      0.49       161

    accuracy                           0.90      1447
   macro avg       0.77      0.69      0.72      1447
weighted avg       0.89      0.90      0.90      1447

2025-12-21 21:15:04,128 - [INFO] - ------------------------------------------------------------
2025-12-21 21:15:04,894 - [INFO] - epoch: 310, loss_rrl: 108.18283381313086
2025-12-21 21:15:06,026 - [DEBUG] - y_true: (1447,) [0 0 0 0 0 1 0 0 0 0 0 0 0 0 0 0 0 1 0 0 0 0 0 0 1 0 0 0 0 0 0 0 0 0 0 0 0
 0 1 1 0]
2025-12-21 21:15:06,187 - [DEBUG] - y_rrl_: (1447,) [0 0 0 0 0 1 0 0 0 0 0 0 0 0 0 0 0 0 0 0 0 0 0 0 1 0 0 0 0 0 0 0 0 0 0 0 0
 0 1 0 0]
2025-12-21 21:15:06,187 - [DEBUG] - y_rrl: (1447, 2) [[ 3.7665007  -3.5569334 ]
 [ 0.36449042 -0.15751463]
 [ 3.1024883  -2.8889358 ]
 [ 3.1024883  -2.8889358 ]
 [ 3.7665007  -3.5569334 ]
 [-0.53024584  0.74297935]
 [ 3.7665007  -3.5569334 ]
 [ 3.4846666  -3.2741055 ]
 [ 3.7665007  -3.5569334 ]
 [ 2.002438   -1.7969103 ]
 [ 1.2263316  -1.024239  ]
 [ 2.70856    -2.5014348 ]
 [ 2.7451403  -2.536879  ]
 [ 3.4846666  -3.2741055 ]
 [ 3.7665007  -3.5569334 ]
 [ 3.3487415  -3.1399045 ]
 [ 3.7665007  -3.5569334 ]
 [ 0.94449747 -0.74141127]
 [ 2.463306   -2.2540512 ]
 [ 2.4623065  -2.250466  ]
 [ 3.4846666  -3.2741055 ]
 [ 3.7665007  -3.5569334 ]
 [ 3.7665007  -3.5569334 ]
 [ 3.4846666  -3.2741055 ]
 [-0.53024584  0.74297935]
 [ 0.24055207 -0.03604389]
 [ 1.8901075  -1.6818379 ]
 [ 3.4846666  -3.2741055 ]
 [ 2.7441409  -2.5332937 ]
 [ 3.3843224  -3.1717637 ]
 [ 3.4846666  -3.2741055 ]
 [ 2.4623065  -2.250466  ]
 [ 0.84415334 -0.6390694 ]
 [ 0.5623191  -0.35624158]
 [ 3.7665007  -3.5569334 ]
 [ 3.4846666  -3.2741055 ]
 [ 3.7665007  -3.5569334 ]
 [ 3.4846666  -3.2741055 ]
 [-0.14806743  0.35780963]
 [ 0.83960104 -0.63135654]
 [ 3.4846666  -3.2741055 ]]
2025-12-21 21:15:06,189 - [INFO] - ------------------------------------------------------------
2025-12-21 21:15:06,189 - [INFO] - On Validation Set:
	Accuracy of RRL  Model: 0.9032480995162405
	F1 Score of RRL  Model: 0.7082325152667358
2025-12-21 21:15:06,195 - [INFO] - On Validation Set:
Performance of  RRL Model: 
[[1245   41]
 [  99   62]]
              precision    recall  f1-score   support

           0       0.93      0.97      0.95      1286
           1       0.60      0.39      0.47       161

    accuracy                           0.90      1447
   macro avg       0.76      0.68      0.71      1447
weighted avg       0.89      0.90      0.89      1447

2025-12-21 21:15:06,195 - [INFO] - ------------------------------------------------------------
2025-12-21 21:15:06,744 - [INFO] - epoch: 311, loss_rrl: 107.60759235173464
2025-12-21 21:15:07,951 - [DEBUG] - y_true: (1447,) [0 0 0 0 0 1 0 0 0 0 0 0 0 0 0 0 0 1 0 0 0 0 0 0 1 0 0 0 0 0 0 0 0 0 0 0 0
 0 1 1 0]
2025-12-21 21:15:08,114 - [DEBUG] - y_rrl_: (1447,) [0 1 0 0 0 0 0 0 0 0 0 0 0 0 0 0 0 0 0 0 0 0 0 0 1 0 0 0 0 0 0 0 0 0 0 0 0
 0 0 0 0]
2025-12-21 21:15:08,115 - [DEBUG] - y_rrl: (1447, 2) [[ 3.7907195  -3.5819407 ]
 [-0.06322654  0.2718739 ]
 [ 1.9916296  -1.7769197 ]
 [ 2.3899827  -2.1738062 ]
 [ 3.3923664  -3.1850545 ]
 [ 0.22609074 -0.01441402]
 [ 3.7907195  -3.5819407 ]
 [ 3.7907195  -3.5819407 ]
 [ 3.7907195  -3.5819407 ]
 [ 2.329464   -2.125688  ]
 [ 1.2680514  -1.066707  ]
 [ 2.330954   -2.1260736 ]
 [ 3.3923664  -3.1850545 ]
 [ 3.3923664  -3.1850545 ]
 [ 3.7907195  -3.5819407 ]
 [ 3.3685246  -3.1604729 ]
 [ 3.7907195  -3.5819407 ]
 [ 1.2680514  -1.066707  ]
 [ 2.756429   -2.5489504 ]
 [ 2.7766008  -2.566548  ]
 [ 3.7907195  -3.5819407 ]
 [ 3.3923664  -3.1850545 ]
 [ 3.3923664  -3.1850545 ]
 [ 3.7907195  -3.5819407 ]
 [-0.47930583  0.69124395]
 [ 1.315345   -1.1102952 ]
 [ 2.354406   -2.14508   ]
 [ 3.7907195  -3.5819407 ]
 [ 2.378248   -2.169662  ]
 [ 3.4158187  -3.204061  ]
 [ 3.7907195  -3.5819407 ]
 [ 2.378248   -2.169662  ]
 [ 0.8931502  -0.68882734]
 [ 0.8931502  -0.68882734]
 [ 3.3923664  -3.1850545 ]
 [ 3.7907195  -3.5819407 ]
 [ 3.3923664  -3.1850545 ]
 [ 3.7907195  -3.5819407 ]
 [ 0.17879698  0.02917414]
 [ 0.8814331  -0.67396516]
 [ 3.7907195  -3.5819407 ]]
2025-12-21 21:15:08,117 - [INFO] - ------------------------------------------------------------
2025-12-21 21:15:08,117 - [INFO] - On Validation Set:
	Accuracy of RRL  Model: 0.9018659295093296
	F1 Score of RRL  Model: 0.6564439539860888
2025-12-21 21:15:08,122 - [INFO] - On Validation Set:
Performance of  RRL Model: 
[[1264   22]
 [ 120   41]]
              precision    recall  f1-score   support

           0       0.91      0.98      0.95      1286
           1       0.65      0.25      0.37       161

    accuracy                           0.90      1447
   macro avg       0.78      0.62      0.66      1447
weighted avg       0.88      0.90      0.88      1447

2025-12-21 21:15:08,123 - [INFO] - ------------------------------------------------------------
2025-12-21 21:15:08,425 - [INFO] - epoch: 312, loss_rrl: 107.38735987618566
2025-12-21 21:15:09,807 - [DEBUG] - y_true: (1447,) [0 0 0 0 0 1 0 0 0 0 0 0 0 0 0 0 0 1 0 0 0 0 0 0 1 0 0 0 0 0 0 0 0 0 0 0 0
 0 1 1 0]
2025-12-21 21:15:09,969 - [DEBUG] - y_rrl_: (1447,) [0 1 0 0 0 1 0 0 0 0 0 0 0 0 0 0 0 0 0 0 0 0 0 0 1 0 0 0 0 0 0 0 0 0 0 0 0
 0 1 0 0]
2025-12-21 21:15:09,970 - [DEBUG] - y_rrl: (1447, 2) [[ 3.700146   -3.4921515 ]
 [-0.03318862  0.24181004]
 [ 2.3084493  -2.0947826 ]
 [ 2.7003696  -2.485243  ]
 [ 2.9660938  -2.7563767 ]
 [-0.1347695   0.34663796]
 [ 3.700146   -3.4921515 ]
 [ 3.0731096  -2.8609493 ]
 [ 3.700146   -3.4921515 ]
 [ 1.9708753  -1.7668711 ]
 [ 1.1882564  -0.9876576 ]
 [ 2.8891277  -2.6833162 ]
 [ 2.9660938  -2.7563767 ]
 [ 3.0233212  -2.8158035 ]
 [ 3.700146   -3.4921515 ]
 [ 3.281048   -3.0737765 ]
 [ 3.700146   -3.4921515 ]
 [ 0.9033519  -0.7017699 ]
 [ 2.0404227  -1.829555  ]
 [ 2.0519447  -1.8385164 ]
 [ 3.4152415  -3.2062638 ]
 [ 3.3082256  -3.1016912 ]
 [ 2.9660938  -2.7563767 ]
 [ 3.4152415  -3.2062638 ]
 [-1.1674565   1.3780323 ]
 [ 0.89248234 -0.6850116 ]
 [ 1.855862   -1.6491379 ]
 [ 3.0731096  -2.8609493 ]
 [ 1.9449286  -1.7339437 ]
 [ 3.327406   -3.116445  ]
 [ 3.4152415  -3.2062638 ]
 [ 1.6600244  -1.4480561 ]
 [ 0.81551623 -0.6119511 ]
 [ 0.530612   -0.32606345]
 [ 3.3082256  -3.1016912 ]
 [ 3.0731096  -2.8609493 ]
 [ 2.9660938  -2.7563767 ]
 [ 3.0731096  -2.8609493 ]
 [-0.1811274   0.3893065 ]
 [ 0.80942965 -0.60273445]
 [ 3.0731096  -2.8609493 ]]
2025-12-21 21:15:09,972 - [INFO] - ------------------------------------------------------------
2025-12-21 21:15:09,972 - [INFO] - On Validation Set:
	Accuracy of RRL  Model: 0.8977194194885971
	F1 Score of RRL  Model: 0.699718445730695
2025-12-21 21:15:09,978 - [INFO] - On Validation Set:
Performance of  RRL Model: 
[[1237   49]
 [  99   62]]
              precision    recall  f1-score   support

           0       0.93      0.96      0.94      1286
           1       0.56      0.39      0.46       161

    accuracy                           0.90      1447
   macro avg       0.74      0.67      0.70      1447
weighted avg       0.89      0.90      0.89      1447

2025-12-21 21:15:09,978 - [INFO] - ------------------------------------------------------------
2025-12-21 21:15:10,042 - [INFO] - epoch: 313, loss_rrl: 107.30690660327673
2025-12-21 21:15:11,498 - [INFO] - epoch: 314, loss_rrl: 107.53110306151211
2025-12-21 21:15:11,680 - [DEBUG] - y_true: (1447,) [0 0 0 0 0 1 0 0 0 0 0 0 0 0 0 0 0 1 0 0 0 0 0 0 1 0 0 0 0 0 0 0 0 0 0 0 0
 0 1 1 0]
2025-12-21 21:15:11,841 - [DEBUG] - y_rrl_: (1447,) [0 1 0 0 0 1 0 0 0 0 0 0 0 0 0 0 0 0 0 0 0 0 0 0 1 1 0 0 0 0 0 0 0 0 0 0 0
 0 1 0 0]
2025-12-21 21:15:11,842 - [DEBUG] - y_rrl: (1447, 2) [[ 3.5538332  -3.3466253 ]
 [-1.3161902   1.5259784 ]
 [ 2.1768548  -1.9639978 ]
 [ 2.5705342  -2.356224  ]
 [ 2.8268602  -2.6179357 ]
 [-0.6971299   0.90748423]
 [ 3.5538332  -3.3466253 ]
 [ 2.9432995  -2.7319438 ]
 [ 3.5538332  -3.3466253 ]
 [ 1.8268046  -1.6235614 ]
 [ 0.6941935  -0.4911699 ]
 [ 2.0835962  -1.8802526 ]
 [ 1.7843542  -1.5767149 ]
 [ 2.8829138  -2.6761806 ]
 [ 3.5538332  -3.3466253 ]
 [ 3.1303873  -2.9238987 ]
 [ 3.5538332  -3.3466253 ]
 [ 0.7502473  -0.54941475]
 [ 1.2476821  -1.039303  ]
 [ 1.917423   -1.7048043 ]
 [ 3.2765932  -3.068407  ]
 [ 3.1601539  -2.9543989 ]
 [ 2.8268602  -2.6179357 ]
 [ 3.2765932  -3.068407  ]
 [-0.6971299   0.90748423]
 [-0.2976319   0.50304383]
 [ 2.757622   -2.548179  ]
 [ 2.9432995  -2.7319438 ]
 [ 1.8009837  -1.5907962 ]
 [ 3.1810677  -2.9709058 ]
 [ 3.2765932  -3.068407  ]
 [ 1.5237436  -1.312578  ]
 [ 0.3214284  -0.11545034]
 [ 0.3774822  -0.17369518]
 [ 3.1601539  -2.9543989 ]
 [ 2.9432995  -2.7319438 ]
 [ 2.8268602  -2.6179357 ]
 [ 2.9432995  -2.7319438 ]
 [-0.3243649   0.5317647 ]
 [ 0.32874656 -0.1196552 ]
 [ 2.9432995  -2.7319438 ]]
2025-12-21 21:15:11,844 - [INFO] - ------------------------------------------------------------
2025-12-21 21:15:11,844 - [INFO] - On Validation Set:
	Accuracy of RRL  Model: 0.8963372494816862
	F1 Score of RRL  Model: 0.7513130396524226
2025-12-21 21:15:11,850 - [INFO] - On Validation Set:
Performance of  RRL Model: 
[[1201   85]
 [  65   96]]
              precision    recall  f1-score   support

           0       0.95      0.93      0.94      1286
           1       0.53      0.60      0.56       161

    accuracy                           0.90      1447
   macro avg       0.74      0.77      0.75      1447
weighted avg       0.90      0.90      0.90      1447

2025-12-21 21:15:11,850 - [INFO] - ------------------------------------------------------------
2025-12-21 21:15:13,093 - [INFO] - epoch: 315, loss_rrl: 107.47373179346323
2025-12-21 21:15:13,506 - [DEBUG] - y_true: (1447,) [0 0 0 0 0 1 0 0 0 0 0 0 0 0 0 0 0 1 0 0 0 0 0 0 1 0 0 0 0 0 0 0 0 0 0 0 0
 0 1 1 0]
2025-12-21 21:15:13,667 - [DEBUG] - y_rrl_: (1447,) [0 0 0 0 0 1 0 0 0 0 0 0 0 0 0 0 0 0 0 0 0 0 0 0 1 0 0 0 0 0 0 0 0 0 0 0 0
 0 1 0 0]
2025-12-21 21:15:13,667 - [DEBUG] - y_rrl: (1447, 2) [[ 3.8387086  -3.6322792 ]
 [ 1.0810028  -0.8810065 ]
 [ 3.1953943  -2.9850485 ]
 [ 3.1953943  -2.9850485 ]
 [ 3.8387086  -3.6322792 ]
 [-0.76084435  0.968876  ]
 [ 3.8387086  -3.6322792 ]
 [ 3.46913    -3.259758  ]
 [ 3.8387086  -3.6322792 ]
 [ 2.0163863  -1.8119291 ]
 [ 0.74936557 -0.54715663]
 [ 3.2222114  -3.0163453 ]
 [ 2.7919421  -2.586792  ]
 [ 3.8387086  -3.6322792 ]
 [ 3.8387086  -3.6322792 ]
 [ 3.2222114  -3.0163453 ]
 [ 3.46913    -3.259758  ]
 [ 0.74936557 -0.54715663]
 [ 2.1414187  -1.9379531 ]
 [ 2.8186069  -2.6109192 ]
 [ 3.8387086  -3.6322792 ]
 [ 3.8387086  -3.6322792 ]
 [ 3.8387086  -3.6322792 ]
 [ 3.8387086  -3.6322792 ]
 [-0.66500163  0.8710643 ]
 [ 0.6886749  -0.49012455]
 [ 2.8526328  -2.643824  ]
 [ 3.8387086  -3.6322792 ]
 [ 2.2021096  -1.9949852 ]
 [ 3.8387086  -3.6322792 ]
 [ 3.8387086  -3.6322792 ]
 [ 2.8186069  -2.6109192 ]
 [ 0.74936557 -0.54715663]
 [ 0.74936557 -0.54715663]
 [ 3.8387086  -3.6322792 ]
 [ 3.8387086  -3.6322792 ]
 [ 3.2222114  -3.0163453 ]
 [ 3.8387086  -3.6322792 ]
 [-0.33057532  0.53932285]
 [ 0.7518791  -0.54657215]
 [ 3.46913    -3.259758  ]]
2025-12-21 21:15:13,669 - [INFO] - ------------------------------------------------------------
2025-12-21 21:15:13,669 - [INFO] - On Validation Set:
	Accuracy of RRL  Model: 0.9060124395300622
	F1 Score of RRL  Model: 0.7311290851459176
2025-12-21 21:15:13,675 - [INFO] - On Validation Set:
Performance of  RRL Model: 
[[1239   47]
 [  89   72]]
              precision    recall  f1-score   support

           0       0.93      0.96      0.95      1286
           1       0.61      0.45      0.51       161

    accuracy                           0.91      1447
   macro avg       0.77      0.71      0.73      1447
weighted avg       0.90      0.91      0.90      1447

2025-12-21 21:15:13,675 - [INFO] - ------------------------------------------------------------
2025-12-21 21:15:14,694 - [INFO] - epoch: 316, loss_rrl: 109.16268619522452
2025-12-21 21:15:15,337 - [DEBUG] - y_true: (1447,) [0 0 0 0 0 1 0 0 0 0 0 0 0 0 0 0 0 1 0 0 0 0 0 0 1 0 0 0 0 0 0 0 0 0 0 0 0
 0 1 1 0]
2025-12-21 21:15:15,499 - [DEBUG] - y_rrl_: (1447,) [0 0 0 0 0 1 0 0 0 0 0 0 0 0 0 0 0 0 0 0 0 0 0 0 1 0 0 0 0 0 0 0 0 0 0 0 0
 0 1 0 0]
2025-12-21 21:15:15,499 - [DEBUG] - y_rrl: (1447, 2) [[ 2.4438262  -2.2406447 ]
 [ 0.48937565 -0.282357  ]
 [ 2.789595   -2.576893  ]
 [ 3.159322   -2.9495506 ]
 [ 2.1068301  -1.9005047 ]
 [-0.45869127  0.66748405]
 [ 3.7693071  -3.5636485 ]
 [ 2.789595   -2.576893  ]
 [ 3.7693071  -3.5636485 ]
 [ 1.6894914  -1.4848182 ]
 [ 0.62665683 -0.4243729 ]
 [ 2.758551   -2.5516388 ]
 [ 2.379819   -2.1744633 ]
 [ 3.496318   -3.2896903 ]
 [ 2.716815   -2.514603  ]
 [ 3.0745122  -2.868597  ]
 [ 3.126591   -2.9170327 ]
 [ 0.62665683 -0.4243729 ]
 [ 0.43729687 -0.23392114]
 [ 1.4658005  -1.2611525 ]
 [ 2.4438262  -2.2406447 ]
 [ 3.496318   -3.2896903 ]
 [ 2.1068301  -1.9005047 ]
 [ 2.4438262  -2.2406447 ]
 [-0.45869127  0.66748405]
 [ 0.5626497  -0.35819155]
 [ 1.7060587  -1.5025929 ]
 [ 2.1068301  -1.9005047 ]
 [ 2.4215548  -2.2114992 ]
 [ 2.716815   -2.514603  ]
 [ 3.496318   -3.2896903 ]
 [ 1.4658005  -1.2611525 ]
 [ 0.62665683 -0.4243729 ]
 [ 0.62665683 -0.4243729 ]
 [ 2.716815   -2.514603  ]
 [ 3.159322   -2.9495506 ]
 [ 3.159322   -2.9495506 ]
 [ 2.1068301  -1.9005047 ]
 [-0.03688582  0.24639086]
 [ 0.8890608  -0.6846651 ]
 [ 2.789595   -2.576893  ]]
2025-12-21 21:15:15,501 - [INFO] - ------------------------------------------------------------
2025-12-21 21:15:15,501 - [INFO] - On Validation Set:
	Accuracy of RRL  Model: 0.9101589495507948
	F1 Score of RRL  Model: 0.7344879177958445
2025-12-21 21:15:15,507 - [INFO] - On Validation Set:
Performance of  RRL Model: 
[[1247   39]
 [  91   70]]
              precision    recall  f1-score   support

           0       0.93      0.97      0.95      1286
           1       0.64      0.43      0.52       161

    accuracy                           0.91      1447
   macro avg       0.79      0.70      0.73      1447
weighted avg       0.90      0.91      0.90      1447

2025-12-21 21:15:15,507 - [INFO] - ------------------------------------------------------------
2025-12-21 21:15:16,294 - [INFO] - epoch: 317, loss_rrl: 107.67893932014704
2025-12-21 21:15:17,164 - [DEBUG] - y_true: (1447,) [0 0 0 0 0 1 0 0 0 0 0 0 0 0 0 0 0 1 0 0 0 0 0 0 1 0 0 0 0 0 0 0 0 0 0 0 0
 0 1 1 0]
2025-12-21 21:15:17,325 - [DEBUG] - y_rrl_: (1447,) [0 0 0 0 0 1 0 0 0 0 0 0 0 0 0 0 0 0 0 0 0 0 0 0 1 0 0 0 0 0 0 0 0 0 0 0 0
 0 1 0 0]
2025-12-21 21:15:17,325 - [DEBUG] - y_rrl: (1447, 2) [[ 3.848245   -3.6433544 ]
 [ 1.0839438  -0.88097346]
 [ 3.1987586  -2.989984  ]
 [ 3.1987586  -2.989984  ]
 [ 3.848245   -3.6433544 ]
 [-0.40741995  0.6154387 ]
 [ 3.848245   -3.6433544 ]
 [ 3.1987586  -2.989984  ]
 [ 3.848245   -3.6433544 ]
 [ 1.7539719  -1.5500553 ]
 [ 0.97210556 -0.7715329 ]
 [ 2.4168923  -2.211462  ]
 [ 3.439952   -3.2357697 ]
 [ 3.5708163  -3.3649607 ]
 [ 3.848245   -3.6433544 ]
 [ 3.439952   -3.2357697 ]
 [ 3.4761872  -3.2683778 ]
 [ 0.6946769  -0.4931392 ]
 [ 2.5697677  -2.3651772 ]
 [ 2.5477571  -2.340653  ]
 [ 3.5708163  -3.3649607 ]
 [ 3.848245   -3.6433544 ]
 [ 3.848245   -3.6433544 ]
 [ 3.5708163  -3.3649607 ]
 [-0.40741995  0.6154387 ]
 [ 0.97210556 -0.7715329 ]
 [ 3.067894   -2.8607934 ]
 [ 3.5708163  -3.3649607 ]
 [ 2.8251858  -2.6190464 ]
 [ 3.4761872  -3.2683778 ]
 [ 3.5708163  -3.3649607 ]
 [ 2.5477571  -2.340653  ]
 [ 0.97210556 -0.7715329 ]
 [ 0.6946769  -0.4931392 ]
 [ 3.848245   -3.6433544 ]
 [ 3.1987586  -2.989984  ]
 [ 3.848245   -3.6433544 ]
 [ 3.5708163  -3.3649607 ]
 [-0.40741995  0.6154387 ]
 [ 0.962787   -0.7591475 ]
 [ 3.1987586  -2.989984  ]]
2025-12-21 21:15:17,327 - [INFO] - ------------------------------------------------------------
2025-12-21 21:15:17,327 - [INFO] - On Validation Set:
	Accuracy of RRL  Model: 0.9060124395300622
	F1 Score of RRL  Model: 0.7106374469186341
2025-12-21 21:15:17,333 - [INFO] - On Validation Set:
Performance of  RRL Model: 
[[1250   36]
 [ 100   61]]
              precision    recall  f1-score   support

           0       0.93      0.97      0.95      1286
           1       0.63      0.38      0.47       161

    accuracy                           0.91      1447
   macro avg       0.78      0.68      0.71      1447
weighted avg       0.89      0.91      0.90      1447

2025-12-21 21:15:17,333 - [INFO] - ------------------------------------------------------------
2025-12-21 21:15:17,891 - [INFO] - epoch: 318, loss_rrl: 107.20281519182026
2025-12-21 21:15:18,991 - [DEBUG] - y_true: (1447,) [0 0 0 0 0 1 0 0 0 0 0 0 0 0 0 0 0 1 0 0 0 0 0 0 1 0 0 0 0 0 0 0 0 0 0 0 0
 0 1 1 0]
2025-12-21 21:15:19,152 - [DEBUG] - y_rrl_: (1447,) [0 0 0 0 0 1 0 0 0 0 0 0 0 0 0 0 0 0 0 0 0 0 0 0 1 0 0 0 0 0 0 0 0 0 0 0 0
 0 0 0 0]
2025-12-21 21:15:19,152 - [DEBUG] - y_rrl: (1447, 2) [[ 3.7202802  -3.51616   ]
 [ 0.25620747 -0.05507526]
 [ 2.3271732  -2.11585   ]
 [ 2.3271732  -2.11585   ]
 [ 2.9792142  -2.7717593 ]
 [-0.2352683   0.4415528 ]
 [ 3.7202802  -3.51616   ]
 [ 3.3547091  -3.1476817 ]
 [ 3.7202802  -3.51616   ]
 [ 1.9167488  -1.7145486 ]
 [ 0.5195146  -0.31564277]
 [ 3.0641117  -2.8616548 ]
 [ 3.3123915  -3.1089766 ]
 [ 2.9792142  -2.7717593 ]
 [ 3.7202802  -3.51616   ]
 [ 3.7202802  -3.51616   ]
 [ 2.6136434  -2.403281  ]
 [ 1.2605804  -1.0600436 ]
 [ 2.0509155  -1.8497168 ]
 [ 2.698541   -2.4931762 ]
 [ 3.7202802  -3.51616   ]
 [ 3.7202802  -3.51616   ]
 [ 3.7202802  -3.51616   ]
 [ 2.9792142  -2.7717593 ]
 [-0.1561676   0.3605053 ]
 [ 1.2182628  -1.0213383 ]
 [ 2.698541   -2.4931762 ]
 [ 3.7202802  -3.51616   ]
 [ 2.698541   -2.4931762 ]
 [ 3.7202802  -3.51616   ]
 [ 3.7202802  -3.51616   ]
 [ 2.698541   -2.4931762 ]
 [ 1.2605804  -1.0600436 ]
 [ 1.2605804  -1.0600436 ]
 [ 3.7202802  -3.51616   ]
 [ 3.7202802  -3.51616   ]
 [ 3.7202802  -3.51616   ]
 [ 3.7202802  -3.51616   ]
 [ 0.17262028  0.03436944]
 [ 1.2547836  -1.0511956 ]
 [ 3.3547091  -3.1476817 ]]
2025-12-21 21:15:19,154 - [INFO] - ------------------------------------------------------------
2025-12-21 21:15:19,155 - [INFO] - On Validation Set:
	Accuracy of RRL  Model: 0.907394609536973
	F1 Score of RRL  Model: 0.6860378507215212
2025-12-21 21:15:19,160 - [INFO] - On Validation Set:
Performance of  RRL Model: 
[[1264   22]
 [ 112   49]]
              precision    recall  f1-score   support

           0       0.92      0.98      0.95      1286
           1       0.69      0.30      0.42       161

    accuracy                           0.91      1447
   macro avg       0.80      0.64      0.69      1447
weighted avg       0.89      0.91      0.89      1447

2025-12-21 21:15:19,160 - [INFO] - ------------------------------------------------------------
2025-12-21 21:15:19,489 - [INFO] - epoch: 319, loss_rrl: 108.19486728869379
2025-12-21 21:15:20,824 - [DEBUG] - y_true: (1447,) [0 0 0 0 0 1 0 0 0 0 0 0 0 0 0 0 0 1 0 0 0 0 0 0 1 0 0 0 0 0 0 0 0 0 0 0 0
 0 1 1 0]
2025-12-21 21:15:20,988 - [DEBUG] - y_rrl_: (1447,) [0 0 0 0 0 0 0 0 0 0 0 0 0 0 0 0 0 0 0 0 0 0 0 0 1 0 0 0 0 0 0 0 0 0 0 0 0
 0 0 0 0]
2025-12-21 21:15:20,989 - [DEBUG] - y_rrl: (1447, 2) [[ 3.6928954  -3.4895432 ]
 [ 0.6805809  -0.4768154 ]
 [ 2.327896   -2.1190062 ]
 [ 2.720272   -2.5099633 ]
 [ 2.9609275  -2.7558887 ]
 [ 0.1496616   0.05655369]
 [ 3.6928954  -3.4895432 ]
 [ 3.3533034  -3.1468456 ]
 [ 3.6928954  -3.4895432 ]
 [ 2.2444353  -2.0458822 ]
 [ 0.8386084  -0.63930804]
 [ 2.6398535  -2.4395764 ]
 [ 2.9609275  -2.7558887 ]
 [ 3.3005195  -3.098586  ]
 [ 3.3533034  -3.1468456 ]
 [ 3.2873273  -3.084676  ]
 [ 3.6928954  -3.4895432 ]
 [ 1.1782005  -0.98200536]
 [ 2.349927   -2.1447206 ]
 [ 2.3344736  -2.1267772 ]
 [ 3.6928954  -3.4895432 ]
 [ 3.3005195  -3.098586  ]
 [ 2.9609275  -2.7558887 ]
 [ 3.6928954  -3.4895432 ]
 [-1.1285828   1.3345025 ]
 [ 0.8860132  -0.6831164 ]
 [ 2.278648   -2.0757804 ]
 [ 3.3533034  -3.1468456 ]
 [ 1.9420978  -1.7358199 ]
 [ 3.334732   -3.1284845 ]
 [ 3.6928954  -3.4895432 ]
 [ 1.9420978  -1.7358199 ]
 [ 0.48044494 -0.27824935]
 [ 0.82003707 -0.6209467 ]
 [ 3.3005195  -3.098586  ]
 [ 3.3533034  -3.1468456 ]
 [ 2.9609275  -2.7558887 ]
 [ 3.3533034  -3.1468456 ]
 [ 0.10225678  0.10036206]
 [ 0.48805544 -0.28282392]
 [ 3.3533034  -3.1468456 ]]
2025-12-21 21:15:20,991 - [INFO] - ------------------------------------------------------------
2025-12-21 21:15:20,991 - [INFO] - On Validation Set:
	Accuracy of RRL  Model: 0.9087767795438839
	F1 Score of RRL  Model: 0.704602536343953
2025-12-21 21:15:20,997 - [INFO] - On Validation Set:
Performance of  RRL Model: 
[[1259   27]
 [ 105   56]]
              precision    recall  f1-score   support

           0       0.92      0.98      0.95      1286
           1       0.67      0.35      0.46       161

    accuracy                           0.91      1447
   macro avg       0.80      0.66      0.70      1447
weighted avg       0.90      0.91      0.90      1447

2025-12-21 21:15:20,997 - [INFO] - ------------------------------------------------------------
2025-12-21 21:15:21,097 - [INFO] - epoch: 320, loss_rrl: 107.07316221669316
2025-12-21 21:15:22,513 - [INFO] - epoch: 321, loss_rrl: 108.73582768440247
2025-12-21 21:15:22,662 - [DEBUG] - y_true: (1447,) [0 0 0 0 0 1 0 0 0 0 0 0 0 0 0 0 0 1 0 0 0 0 0 0 1 0 0 0 0 0 0 0 0 0 0 0 0
 0 1 1 0]
2025-12-21 21:15:22,824 - [DEBUG] - y_rrl_: (1447,) [0 1 0 0 0 1 0 0 0 0 0 0 0 0 0 0 0 0 0 0 0 0 0 0 1 0 0 0 0 0 0 0 0 0 0 0 0
 0 0 0 0]
2025-12-21 21:15:22,825 - [DEBUG] - y_rrl: (1447, 2) [[ 2.5316849  -2.332447  ]
 [-0.17256029  0.37887916]
 [ 2.6380703  -2.4285457 ]
 [ 2.6380703  -2.4285457 ]
 [ 2.1925044  -1.9901737 ]
 [ 0.04660122  0.1588513 ]
 [ 3.596731   -3.3941336 ]
 [ 2.9019308  -2.6933575 ]
 [ 3.596731   -3.3941336 ]
 [ 2.1760654  -1.9739438 ]
 [ 1.1022671  -0.902493  ]
 [ 2.5809002  -2.3770695 ]
 [ 1.836885   -1.6316707 ]
 [ 3.2411115  -3.0356305 ]
 [ 2.1760654  -1.9739438 ]
 [ 3.1831436  -2.9812438 ]
 [ 3.2411115  -3.0356305 ]
 [ 1.1022671  -0.902493  ]
 [ 0.5063034  -0.3068671 ]
 [ 1.1766737  -0.97310954]
 [ 2.5316849  -2.332447  ]
 [ 3.2411115  -3.0356305 ]
 [ 2.1925044  -1.9901737 ]
 [ 2.1760654  -1.9739438 ]
 [-0.63084644  0.83655274]
 [ 1.1766737  -0.97310954]
 [ 3.2411115  -3.0356305 ]
 [ 1.836885   -1.6316707 ]
 [ 2.2417197  -2.0347962 ]
 [ 2.1760654  -1.9739438 ]
 [ 3.596731   -3.3941336 ]
 [ 1.1766737  -0.97310954]
 [ 1.1022671  -0.902493  ]
 [ 1.1022671  -0.902493  ]
 [ 2.5316849  -2.332447  ]
 [ 2.9019308  -2.6933575 ]
 [ 3.2575502  -3.0518606 ]
 [ 1.836885   -1.6316707 ]
 [ 0.70681244 -0.49970987]
 [ 0.36854538 -0.16428128]
 [ 2.9019308  -2.6933575 ]]
2025-12-21 21:15:22,827 - [INFO] - ------------------------------------------------------------
2025-12-21 21:15:22,827 - [INFO] - On Validation Set:
	Accuracy of RRL  Model: 0.9011748445058743
	F1 Score of RRL  Model: 0.7145558959814267
2025-12-21 21:15:22,833 - [INFO] - On Validation Set:
Performance of  RRL Model: 
[[1237   49]
 [  94   67]]
              precision    recall  f1-score   support

           0       0.93      0.96      0.95      1286
           1       0.58      0.42      0.48       161

    accuracy                           0.90      1447
   macro avg       0.75      0.69      0.71      1447
weighted avg       0.89      0.90      0.89      1447

2025-12-21 21:15:22,833 - [INFO] - ------------------------------------------------------------
2025-12-21 21:15:24,325 - [INFO] - epoch: 322, loss_rrl: 106.88227493315935
2025-12-21 21:15:24,703 - [DEBUG] - y_true: (1447,) [0 0 0 0 0 1 0 0 0 0 0 0 0 0 0 0 0 1 0 0 0 0 0 0 1 0 0 0 0 0 0 0 0 0 0 0 0
 0 1 1 0]
2025-12-21 21:15:24,865 - [DEBUG] - y_rrl_: (1447,) [0 0 0 0 0 1 0 0 0 0 0 0 0 0 0 0 0 0 0 0 0 0 0 0 1 0 0 0 0 0 0 0 0 0 0 0 0
 0 0 0 0]
2025-12-21 21:15:24,866 - [DEBUG] - y_rrl: (1447, 2) [[ 3.8135421  -3.6117013 ]
 [ 0.70309013 -0.504598  ]
 [ 3.194841   -2.9891813 ]
 [ 3.194841   -2.9891813 ]
 [ 3.8135421  -3.6117013 ]
 [-0.14693391  0.3509301 ]
 [ 3.8135421  -3.6117013 ]
 [ 3.4543161  -3.2496035 ]
 [ 3.8135421  -3.6117013 ]
 [ 2.3889084  -2.1875353 ]
 [ 1.3169817  -1.1179461 ]
 [ 3.041498   -2.8374784 ]
 [ 2.786832   -2.5862281 ]
 [ 3.8135421  -3.6117013 ]
 [ 3.8135421  -3.6117013 ]
 [ 3.4007237  -3.1995761 ]
 [ 3.4543161  -3.2496035 ]
 [ 1.3169817  -1.1179461 ]
 [ 2.1277237  -1.928764  ]
 [ 2.7952077  -2.592139  ]
 [ 3.8135421  -3.6117013 ]
 [ 3.8135421  -3.6117013 ]
 [ 3.8135421  -3.6117013 ]
 [ 3.8135421  -3.6117013 ]
 [-0.4064093   0.6113521 ]
 [ 0.70309013 -0.504598  ]
 [ 3.041498   -2.8374784 ]
 [ 3.8135421  -3.6117013 ]
 [ 2.7952077  -2.592139  ]
 [ 3.4543161  -3.2496035 ]
 [ 3.8135421  -3.6117013 ]
 [ 2.7952077  -2.592139  ]
 [ 1.3169817  -1.1179461 ]
 [ 1.3169817  -1.1179461 ]
 [ 3.8135421  -3.6117013 ]
 [ 3.4543161  -3.2496035 ]
 [ 3.8135421  -3.6117013 ]
 [ 3.8135421  -3.6117013 ]
 [ 0.26588434 -0.06119469]
 [ 0.9470973  -0.7464623 ]
 [ 3.4543161  -3.2496035 ]]
2025-12-21 21:15:24,868 - [INFO] - ------------------------------------------------------------
2025-12-21 21:15:24,868 - [INFO] - On Validation Set:
	Accuracy of RRL  Model: 0.9046302695231514
	F1 Score of RRL  Model: 0.6956970960427181
2025-12-21 21:15:24,874 - [INFO] - On Validation Set:
Performance of  RRL Model: 
[[1254   32]
 [ 106   55]]
              precision    recall  f1-score   support

           0       0.92      0.98      0.95      1286
           1       0.63      0.34      0.44       161

    accuracy                           0.90      1447
   macro avg       0.78      0.66      0.70      1447
weighted avg       0.89      0.90      0.89      1447

2025-12-21 21:15:24,874 - [INFO] - ------------------------------------------------------------
2025-12-21 21:15:25,929 - [INFO] - epoch: 323, loss_rrl: 106.73247664421797
2025-12-21 21:15:26,542 - [DEBUG] - y_true: (1447,) [0 0 0 0 0 1 0 0 0 0 0 0 0 0 0 0 0 1 0 0 0 0 0 0 1 0 0 0 0 0 0 0 0 0 0 0 0
 0 1 1 0]
2025-12-21 21:15:26,704 - [DEBUG] - y_rrl_: (1447,) [0 0 0 0 0 1 0 0 0 0 0 0 0 0 0 0 0 0 0 0 0 0 0 0 1 0 0 0 0 0 0 0 0 0 0 0 0
 0 0 0 0]
2025-12-21 21:15:26,704 - [DEBUG] - y_rrl: (1447, 2) [[ 3.5070648e+00 -3.3050332e+00]
 [ 1.0752028e+00 -8.7674904e-01]
 [ 3.1424608e+00 -2.9375691e+00]
 [ 3.1424608e+00 -2.9375691e+00]
 [ 3.5070648e+00 -3.3050332e+00]
 [-4.5819443e-01  6.6237772e-01]
 [ 3.7646487e+00 -3.5635591e+00]
 [ 3.4000447e+00 -3.1960950e+00]
 [ 3.7646487e+00 -3.5635591e+00]
 [ 1.9264314e+00 -1.7272015e+00]
 [ 6.1084294e-01 -4.1299739e-01]
 [ 2.7477832e+00 -2.5454698e+00]
 [ 3.7646487e+00 -3.5635591e+00]
 [ 3.5070648e+00 -3.3050332e+00]
 [ 3.7646487e+00 -3.5635591e+00]
 [ 3.1013219e+00 -2.8999805e+00]
 [ 3.1424608e+00 -2.9375691e+00]
 [ 8.6842680e-01 -6.7152315e-01]
 [ 1.8416156e+00 -1.6424503e+00]
 [ 2.7477832e+00 -2.5454698e+00]
 [ 3.7646487e+00 -3.5635591e+00]
 [ 3.5070648e+00 -3.3050332e+00]
 [ 3.5070648e+00 -3.3050332e+00]
 [ 3.5070648e+00 -3.3050332e+00]
 [-4.5819443e-01  6.6237772e-01]
 [ 8.6842680e-01 -6.7152315e-01]
 [ 2.7477832e+00 -2.5454698e+00]
 [ 3.7646487e+00 -3.5635591e+00]
 [ 2.7477832e+00 -2.5454698e+00]
 [ 3.4000447e+00 -3.1960950e+00]
 [ 3.7646487e+00 -3.5635591e+00]
 [ 2.7477832e+00 -2.5454698e+00]
 [ 6.1084294e-01 -4.1299739e-01]
 [ 6.1084294e-01 -4.1299739e-01]
 [ 3.7646487e+00 -3.5635591e+00]
 [ 3.4000447e+00 -3.1960950e+00]
 [ 3.5070648e+00 -3.3050332e+00]
 [ 3.5070648e+00 -3.3050332e+00]
 [ 2.0513216e-01 -1.2009665e-03]
 [ 8.9968669e-01 -6.9979405e-01]
 [ 3.1424608e+00 -2.9375691e+00]]
2025-12-21 21:15:26,706 - [INFO] - ------------------------------------------------------------
2025-12-21 21:15:26,706 - [INFO] - On Validation Set:
	Accuracy of RRL  Model: 0.9108500345542502
	F1 Score of RRL  Model: 0.7320697302224104
2025-12-21 21:15:26,712 - [INFO] - On Validation Set:
Performance of  RRL Model: 
[[1250   36]
 [  93   68]]
              precision    recall  f1-score   support

           0       0.93      0.97      0.95      1286
           1       0.65      0.42      0.51       161

    accuracy                           0.91      1447
   macro avg       0.79      0.70      0.73      1447
weighted avg       0.90      0.91      0.90      1447

2025-12-21 21:15:26,712 - [INFO] - ------------------------------------------------------------
2025-12-21 21:15:27,537 - [INFO] - epoch: 324, loss_rrl: 109.26173139177263
2025-12-21 21:15:28,385 - [DEBUG] - y_true: (1447,) [0 0 0 0 0 1 0 0 0 0 0 0 0 0 0 0 0 1 0 0 0 0 0 0 1 0 0 0 0 0 0 0 0 0 0 0 0
 0 1 1 0]
2025-12-21 21:15:28,548 - [DEBUG] - y_rrl_: (1447,) [0 1 0 0 0 1 0 0 0 0 0 0 0 0 0 0 0 0 0 0 0 0 0 0 1 0 0 0 0 0 0 0 0 1 0 0 0
 0 1 0 0]
2025-12-21 21:15:28,549 - [DEBUG] - y_rrl: (1447, 2) [[ 3.7619467  -3.5616004 ]
 [-0.63507795  0.8393704 ]
 [ 2.087834   -1.877391  ]
 [ 2.087834   -1.877391  ]
 [ 3.4273438  -3.2239428 ]
 [-0.45940572  0.66284084]
 [ 3.7619467  -3.5616004 ]
 [ 2.087834   -1.877391  ]
 [ 3.7619467  -3.5616004 ]
 [ 1.3557655  -1.1516757 ]
 [ 0.68184626 -0.48480144]
 [ 1.7485174  -1.5481744 ]
 [ 2.4257135  -2.2235346 ]
 [ 3.5025463  -3.301263  ]
 [ 3.7619467  -3.5616004 ]
 [ 2.7603164  -2.5611923 ]
 [ 3.404758   -3.2015631 ]
 [ 0.42244592 -0.22446422]
 [ 2.1663132  -1.963197  ]
 [ 1.4332238  -1.2244107 ]
 [ 3.5025463  -3.301263  ]
 [ 3.7619467  -3.5616004 ]
 [ 3.4273438  -3.2239428 ]
 [ 3.5025463  -3.301263  ]
 [-0.45940572  0.66284084]
 [ 0.34724328 -0.1471437 ]
 [ 1.3364564  -1.1377819 ]
 [ 2.4450228  -2.2374284 ]
 [ 1.8222438  -1.6181598 ]
 [ 3.404758   -3.2015631 ]
 [ 3.5025463  -3.301263  ]
 [ 2.1561449  -1.9505876 ]
 [ 0.68184626 -0.48480144]
 [-0.3004751   0.5017127 ]
 [ 3.7619467  -3.5616004 ]
 [ 2.087834   -1.877391  ]
 [ 2.8340425  -2.6311777 ]
 [ 2.4450228  -2.2374284 ]
 [-0.45940572  0.66284084]
 [ 0.29369488 -0.09506945]
 [ 2.087834   -1.877391  ]]
2025-12-21 21:15:28,551 - [INFO] - ------------------------------------------------------------
2025-12-21 21:15:28,551 - [INFO] - On Validation Set:
	Accuracy of RRL  Model: 0.8908085694540429
	F1 Score of RRL  Model: 0.716198434924229
2025-12-21 21:15:28,557 - [INFO] - On Validation Set:
Performance of  RRL Model: 
[[1212   74]
 [  84   77]]
              precision    recall  f1-score   support

           0       0.94      0.94      0.94      1286
           1       0.51      0.48      0.49       161

    accuracy                           0.89      1447
   macro avg       0.72      0.71      0.72      1447
weighted avg       0.89      0.89      0.89      1447

2025-12-21 21:15:28,557 - [INFO] - ------------------------------------------------------------
2025-12-21 21:15:29,154 - [INFO] - epoch: 325, loss_rrl: 107.8962111081928
2025-12-21 21:15:30,234 - [DEBUG] - y_true: (1447,) [0 0 0 0 0 1 0 0 0 0 0 0 0 0 0 0 0 1 0 0 0 0 0 0 1 0 0 0 0 0 0 0 0 0 0 0 0
 0 1 1 0]
2025-12-21 21:15:30,402 - [DEBUG] - y_rrl_: (1447,) [0 1 0 0 0 1 0 0 0 0 0 0 0 0 0 0 0 0 0 0 0 0 0 0 1 0 0 0 0 0 0 0 0 0 0 0 0
 0 1 0 0]
2025-12-21 21:15:30,403 - [DEBUG] - y_rrl: (1447, 2) [[ 3.4736876  -3.2731457 ]
 [-0.32373667  0.5242396 ]
 [ 3.109046   -2.9056666 ]
 [ 3.109046   -2.9056666 ]
 [ 3.4736876  -3.2731457 ]
 [-0.48487762  0.6875687 ]
 [ 3.7396493  -3.5400393 ]
 [ 3.109046   -2.9056666 ]
 [ 3.7396493  -3.5400393 ]
 [ 2.0458324  -1.8457315 ]
 [ 0.9797712  -0.78197646]
 [ 2.3089466  -2.1088047 ]
 [ 3.3268256  -3.1278982 ]
 [ 3.4736876  -3.2731457 ]
 [ 3.7396493  -3.5400393 ]
 [ 3.060864   -2.8610046 ]
 [ 3.109046   -2.9056666 ]
 [ 0.9797712  -0.78197646]
 [ 1.8165972  -1.6188937 ]
 [ 2.4558086  -2.2540524 ]
 [ 3.4736876  -3.2731457 ]
 [ 3.4736876  -3.2731457 ]
 [ 3.4736876  -3.2731457 ]
 [ 3.4736876  -3.2731457 ]
 [-0.48487762  0.6875687 ]
 [ 1.2457328  -1.0488701 ]
 [ 2.3089466  -2.1088047 ]
 [ 3.4736876  -3.2731457 ]
 [ 2.72177    -2.520946  ]
 [ 3.3750076  -3.1725602 ]
 [ 3.4736876  -3.2731457 ]
 [ 2.4558086  -2.2540524 ]
 [ 0.9797712  -0.78197646]
 [ 0.9797712  -0.78197646]
 [ 3.7396493  -3.5400393 ]
 [ 3.109046   -2.9056666 ]
 [ 3.4736876  -3.2731457 ]
 [ 3.4736876  -3.2731457 ]
 [-0.48487762  0.6875687 ]
 [ 0.86315984 -0.66472554]
 [ 3.109046   -2.9056666 ]]
2025-12-21 21:15:30,405 - [INFO] - ------------------------------------------------------------
2025-12-21 21:15:30,405 - [INFO] - On Validation Set:
	Accuracy of RRL  Model: 0.9046302695231514
	F1 Score of RRL  Model: 0.7322842035265349
2025-12-21 21:15:30,411 - [INFO] - On Validation Set:
Performance of  RRL Model: 
[[1235   51]
 [  87   74]]
              precision    recall  f1-score   support

           0       0.93      0.96      0.95      1286
           1       0.59      0.46      0.52       161

    accuracy                           0.90      1447
   macro avg       0.76      0.71      0.73      1447
weighted avg       0.90      0.90      0.90      1447

2025-12-21 21:15:30,411 - [INFO] - ------------------------------------------------------------
2025-12-21 21:15:30,777 - [INFO] - epoch: 326, loss_rrl: 107.20972439646721
2025-12-21 21:15:32,064 - [DEBUG] - y_true: (1447,) [0 0 0 0 0 1 0 0 0 0 0 0 0 0 0 0 0 1 0 0 0 0 0 0 1 0 0 0 0 0 0 0 0 0 0 0 0
 0 1 1 0]
2025-12-21 21:15:32,227 - [DEBUG] - y_rrl_: (1447,) [0 0 0 0 0 1 0 0 0 0 0 0 0 0 0 0 0 0 0 0 0 0 0 0 1 0 0 0 0 0 0 0 0 0 0 0 0
 0 1 0 0]
2025-12-21 21:15:32,227 - [DEBUG] - y_rrl: (1447, 2) [[ 2.6801603  -2.4845474 ]
 [ 0.8004551  -0.6032352 ]
 [ 3.104873   -2.9022496 ]
 [ 3.104873   -2.9022496 ]
 [ 2.6801603  -2.4845474 ]
 [-0.05299699  0.25562102]
 [ 3.7399075  -3.5410373 ]
 [ 3.4686048  -3.2688076 ]
 [ 3.7399075  -3.5410373 ]
 [ 1.9946427  -1.7994839 ]
 [ 1.2070274  -1.0150918 ]
 [ 3.0926497  -2.8953958 ]
 [ 2.6801603  -2.4845474 ]
 [ 3.4686048  -3.2688076 ]
 [ 2.3549654  -2.1563227 ]
 [ 3.3282473  -3.130057  ]
 [ 3.7399075  -3.5410373 ]
 [ 0.935725   -0.7428619 ]
 [ 1.3997852  -1.2044547 ]
 [ 1.3978678  -1.200118  ]
 [ 2.4088576  -2.2123175 ]
 [ 3.7399075  -3.5410373 ]
 [ 2.6801603  -2.4845474 ]
 [ 2.4088576  -2.2123175 ]
 [-0.46465686  0.6666012 ]
 [ 1.2549552  -1.0595138 ]
 [ 2.7289178  -2.5288377 ]
 [ 2.4088576  -2.2123175 ]
 [ 2.7289178  -2.5288377 ]
 [ 2.316428   -2.1179893 ]
 [ 3.4686048  -3.2688076 ]
 [ 1.3978678  -1.200118  ]
 [ 0.8432953  -0.6485336 ]
 [ 0.5719929  -0.3763038 ]
 [ 2.6801603  -2.4845474 ]
 [ 3.4686048  -3.2688076 ]
 [ 3.7399075  -3.5410373 ]
 [ 2.4088576  -2.2123175 ]
 [-0.10092477  0.30004305]
 [ 0.8715276  -0.67382324]
 [ 3.4686048  -3.2688076 ]]
2025-12-21 21:15:32,229 - [INFO] - ------------------------------------------------------------
2025-12-21 21:15:32,230 - [INFO] - On Validation Set:
	Accuracy of RRL  Model: 0.8963372494816862
	F1 Score of RRL  Model: 0.6808501252779052
2025-12-21 21:15:32,235 - [INFO] - On Validation Set:
Performance of  RRL Model: 
[[1243   43]
 [ 107   54]]
              precision    recall  f1-score   support

           0       0.92      0.97      0.94      1286
           1       0.56      0.34      0.42       161

    accuracy                           0.90      1447
   macro avg       0.74      0.65      0.68      1447
weighted avg       0.88      0.90      0.88      1447

2025-12-21 21:15:32,235 - [INFO] - ------------------------------------------------------------
2025-12-21 21:15:32,363 - [INFO] - epoch: 327, loss_rrl: 108.16906591318548
2025-12-21 21:15:33,753 - [INFO] - epoch: 328, loss_rrl: 109.04523763805628
2025-12-21 21:15:33,868 - [DEBUG] - y_true: (1447,) [0 0 0 0 0 1 0 0 0 0 0 0 0 0 0 0 0 1 0 0 0 0 0 0 1 0 0 0 0 0 0 0 0 0 0 0 0
 0 1 1 0]
2025-12-21 21:15:34,029 - [DEBUG] - y_rrl_: (1447,) [0 1 0 0 0 0 0 0 0 0 0 0 0 0 0 0 0 0 0 0 0 0 0 0 1 0 0 0 0 0 0 0 0 0 0 0 0
 0 0 0 0]
2025-12-21 21:15:34,030 - [DEBUG] - y_rrl: (1447, 2) [[ 3.6877463  -3.489615  ]
 [-0.12890628  0.32544747]
 [ 2.733536   -2.528649  ]
 [ 3.091193   -2.889121  ]
 [ 3.366278   -3.165129  ]
 [ 0.17322555  0.02772862]
 [ 3.6877463  -3.489615  ]
 [ 3.366278   -3.165129  ]
 [ 3.6877463  -3.489615  ]
 [ 2.6264904  -2.4315946 ]
 [ 1.2560928  -1.0595958 ]
 [ 3.0354745  -2.8389513 ]
 [ 3.008621   -2.8046572 ]
 [ 3.6877463  -3.489615  ]
 [ 3.6877463  -3.489615  ]
 [ 3.6877463  -3.489615  ]
 [ 3.6877463  -3.489615  ]
 [ 1.9742184  -1.7809315 ]
 [ 1.6937485  -1.4954108 ]
 [ 2.7140062  -2.5144653 ]
 [ 3.6877463  -3.489615  ]
 [ 3.6877463  -3.489615  ]
 [ 3.366278   -3.165129  ]
 [ 3.6877463  -3.489615  ]
 [-0.5119773   0.71317834]
 [ 0.8913511  -0.6936068 ]
 [ 2.6778176  -2.4784794 ]
 [ 3.366278   -3.165129  ]
 [ 2.3563492  -2.1539934 ]
 [ 3.6877463  -3.489615  ]
 [ 3.6877463  -3.489615  ]
 [ 2.7140062  -2.5144653 ]
 [ 1.6165612  -1.4204595 ]
 [ 1.6165612  -1.4204595 ]
 [ 3.6877463  -3.489615  ]
 [ 3.366278   -3.165129  ]
 [ 3.366278   -3.165129  ]
 [ 3.366278   -3.165129  ]
 [ 1.1831547  -0.9834066 ]
 [ 1.2295378  -1.0318848 ]
 [ 3.366278   -3.165129  ]]
2025-12-21 21:15:34,032 - [INFO] - ------------------------------------------------------------
2025-12-21 21:15:34,032 - [INFO] - On Validation Set:
	Accuracy of RRL  Model: 0.9011748445058743
	F1 Score of RRL  Model: 0.6526031969350254
2025-12-21 21:15:34,038 - [INFO] - On Validation Set:
Performance of  RRL Model: 
[[1264   22]
 [ 121   40]]
              precision    recall  f1-score   support

           0       0.91      0.98      0.95      1286
           1       0.65      0.25      0.36       161

    accuracy                           0.90      1447
   macro avg       0.78      0.62      0.65      1447
weighted avg       0.88      0.90      0.88      1447

2025-12-21 21:15:34,038 - [INFO] - ------------------------------------------------------------
2025-12-21 21:15:35,337 - [INFO] - epoch: 329, loss_rrl: 109.32211477309465
2025-12-21 21:15:35,678 - [DEBUG] - y_true: (1447,) [0 0 0 0 0 1 0 0 0 0 0 0 0 0 0 0 0 1 0 0 0 0 0 0 1 0 0 0 0 0 0 0 0 0 0 0 0
 0 1 1 0]
2025-12-21 21:15:35,840 - [DEBUG] - y_rrl_: (1447,) [0 0 0 0 0 1 0 0 0 0 0 0 0 0 0 0 0 0 0 0 0 0 0 0 1 0 0 0 0 0 0 0 0 0 0 0 0
 0 1 0 0]
2025-12-21 21:15:35,841 - [DEBUG] - y_rrl: (1447, 2) [[ 2.6975546  -2.503377  ]
 [ 0.3978024  -0.20270205]
 [ 3.115167   -2.914052  ]
 [ 3.115167   -2.914052  ]
 [ 2.6975546  -2.503377  ]
 [-0.43966666  0.6401219 ]
 [ 3.7457159  -3.5483227 ]
 [ 3.115167   -2.914052  ]
 [ 3.7457159  -3.5483227 ]
 [ 2.0670056  -1.8691065 ]
 [ 1.2692024  -1.0744969 ]
 [ 2.317364   -2.1194425 ]
 [ 1.6863245  -1.493344  ]
 [ 3.4733171  -3.2750053 ]
 [ 2.6975546  -2.503377  ]
 [ 3.3334875  -3.136767  ]
 [ 3.3875656  -3.1873693 ]
 [ 0.9968039  -0.8011794 ]
 [ 0.7559526  -0.56365544]
 [ 1.409032   -1.2127353 ]
 [ 2.4251559  -2.2300596 ]
 [ 3.7457159  -3.5483227 ]
 [ 2.6975546  -2.503377  ]
 [ 2.4251559  -2.2300596 ]
 [-0.43966666  0.6401219 ]
 [ 0.67020106 -0.47601944]
 [ 1.2692024  -1.0744969 ]
 [ 2.4251559  -2.2300596 ]
 [ 2.7295923  -2.5309982 ]
 [ 2.3394043  -2.1424236 ]
 [ 3.4733171  -3.2750053 ]
 [ 1.409032   -1.2127353 ]
 [ 1.2692024  -1.0744969 ]
 [ 0.9968039  -0.8011794 ]
 [ 2.6975546  -2.503377  ]
 [ 3.115167   -2.914052  ]
 [ 3.7457159  -3.5483227 ]
 [ 2.4251559  -2.2300596 ]
 [-0.43966666  0.6401219 ]
 [ 0.9018127  -0.7055637 ]
 [ 3.115167   -2.914052  ]]
2025-12-21 21:15:35,843 - [INFO] - ------------------------------------------------------------
2025-12-21 21:15:35,843 - [INFO] - On Validation Set:
	Accuracy of RRL  Model: 0.899101589495508
	F1 Score of RRL  Model: 0.721944657955419
2025-12-21 21:15:35,849 - [INFO] - On Validation Set:
Performance of  RRL Model: 
[[1228   58]
 [  88   73]]
              precision    recall  f1-score   support

           0       0.93      0.95      0.94      1286
           1       0.56      0.45      0.50       161

    accuracy                           0.90      1447
   macro avg       0.75      0.70      0.72      1447
weighted avg       0.89      0.90      0.89      1447

2025-12-21 21:15:35,849 - [INFO] - ------------------------------------------------------------
2025-12-21 21:15:36,929 - [INFO] - epoch: 330, loss_rrl: 108.12730818800628
2025-12-21 21:15:37,513 - [DEBUG] - y_true: (1447,) [0 0 0 0 0 1 0 0 0 0 0 0 0 0 0 0 0 1 0 0 0 0 0 0 1 0 0 0 0 0 0 0 0 0 0 0 0
 0 1 1 0]
2025-12-21 21:15:37,698 - [DEBUG] - y_rrl_: (1447,) [0 0 0 0 0 1 0 0 0 0 0 0 0 0 0 0 0 0 0 0 0 0 0 0 1 0 0 0 0 0 0 0 0 0 0 0 0
 0 0 0 0]
2025-12-21 21:15:37,699 - [DEBUG] - y_rrl: (1447, 2) [[ 3.3472075  -3.1496344 ]
 [ 0.65120083 -0.45960683]
 [ 2.5823553  -2.3833535 ]
 [ 2.9862823  -2.7859178 ]
 [ 2.9432805  -2.74707   ]
 [-0.58709264  0.7868088 ]
 [ 3.6216822  -3.4250236 ]
 [ 2.9862823  -2.7859178 ]
 [ 3.6216822  -3.4250236 ]
 [ 1.5341133  -1.3383045 ]
 [ 1.5341133  -1.3383045 ]
 [ 3.217755   -3.022459  ]
 [ 2.8042638  -2.6096365 ]
 [ 2.9432805  -2.74707   ]
 [ 3.6216822  -3.4250236 ]
 [ 3.3472075  -3.1496344 ]
 [ 2.9862823  -2.7859178 ]
 [ 1.5341133  -1.3383045 ]
 [ 2.3535767  -2.1571944 ]
 [ 2.3321486  -2.133379  ]
 [ 3.3472075  -3.1496344 ]
 [ 2.9432805  -2.74707   ]
 [ 2.9432805  -2.74707   ]
 [ 3.3472075  -3.1496344 ]
 [-0.22616756  0.42309195]
 [ 1.1018882  -0.912049  ]
 [ 2.2125149  -2.0162575 ]
 [ 3.3472075  -3.1496344 ]
 [ 2.85683    -2.6587422 ]
 [ 3.6216822  -3.4250236 ]
 [ 3.3472075  -3.1496344 ]
 [ 1.9282216  -1.7308147 ]
 [ 1.5341133  -1.3383045 ]
 [ 1.5341133  -1.3383045 ]
 [ 3.217755   -3.022459  ]
 [ 3.3472075  -3.1496344 ]
 [ 2.9432805  -2.74707   ]
 [ 3.3472075  -3.1496344 ]
 [ 0.8414576  -0.6422693 ]
 [ 1.171968   -0.97577304]
 [ 2.9862823  -2.7859178 ]]
2025-12-21 21:15:37,702 - [INFO] - ------------------------------------------------------------
2025-12-21 21:15:37,702 - [INFO] - On Validation Set:
	Accuracy of RRL  Model: 0.902557014512785
	F1 Score of RRL  Model: 0.6856310814246424
2025-12-21 21:15:37,711 - [INFO] - On Validation Set:
Performance of  RRL Model: 
[[1254   32]
 [ 109   52]]
              precision    recall  f1-score   support

           0       0.92      0.98      0.95      1286
           1       0.62      0.32      0.42       161

    accuracy                           0.90      1447
   macro avg       0.77      0.65      0.69      1447
weighted avg       0.89      0.90      0.89      1447

2025-12-21 21:15:37,711 - [INFO] - ------------------------------------------------------------
2025-12-21 21:15:38,571 - [INFO] - epoch: 331, loss_rrl: 107.75676310621202
2025-12-21 21:15:39,370 - [DEBUG] - y_true: (1447,) [0 0 0 0 0 1 0 0 0 0 0 0 0 0 0 0 0 1 0 0 0 0 0 0 1 0 0 0 0 0 0 0 0 0 0 0 0
 0 1 1 0]
2025-12-21 21:15:39,534 - [DEBUG] - y_rrl_: (1447,) [0 0 0 0 0 1 0 0 0 0 0 0 0 0 0 0 0 0 0 0 0 0 0 0 1 0 0 0 0 0 0 0 0 0 0 0 0
 0 1 0 0]
2025-12-21 21:15:39,534 - [DEBUG] - y_rrl: (1447, 2) [[ 3.5095944  -3.3127594 ]
 [ 0.86473906 -0.67040277]
 [ 3.1484087  -2.9487932 ]
 [ 3.1484087  -2.9487932 ]
 [ 3.5095944  -3.3127594 ]
 [-0.99668497  1.1951437 ]
 [ 3.7907913  -3.594866  ]
 [ 3.1484087  -2.9487932 ]
 [ 3.7907913  -3.594866  ]
 [ 2.09232    -1.8958758 ]
 [ 1.0395603  -0.8453704 ]
 [ 2.7789376  -2.5818207 ]
 [ 3.2138784  -3.0184717 ]
 [ 3.5095944  -3.3127594 ]
 [ 3.7907913  -3.594866  ]
 [ 3.1075027  -2.911333  ]
 [ 3.1484087  -2.9487932 ]
 [ 1.0395603  -0.8453704 ]
 [ 2.5305898  -2.3349388 ]
 [ 2.4977407  -2.299714  ]
 [ 3.5095944  -3.3127594 ]
 [ 3.5095944  -3.3127594 ]
 [ 3.5095944  -3.3127594 ]
 [ 3.5095944  -3.3127594 ]
 [-0.99668497  1.1951437 ]
 [ 0.7438443  -0.5510827 ]
 [ 2.3735166  -2.1779826 ]
 [ 3.5095944  -3.3127594 ]
 [ 2.7789376  -2.5818207 ]
 [ 3.4296052  -3.2308998 ]
 [ 3.5095944  -3.3127594 ]
 [ 2.4977407  -2.299714  ]
 [ 1.0395603  -0.8453704 ]
 [ 1.0395603  -0.8453704 ]
 [ 3.7907913  -3.594866  ]
 [ 3.1484087  -2.9487932 ]
 [ 3.5095944  -3.3127594 ]
 [ 3.5095944  -3.3127594 ]
 [-0.41977218  0.61874926]
 [ 0.92977095 -0.7349663 ]
 [ 3.1484087  -2.9487932 ]]
2025-12-21 21:15:39,536 - [INFO] - ------------------------------------------------------------
2025-12-21 21:15:39,536 - [INFO] - On Validation Set:
	Accuracy of RRL  Model: 0.9039391845196959
	F1 Score of RRL  Model: 0.7260712588167839
2025-12-21 21:15:39,542 - [INFO] - On Validation Set:
Performance of  RRL Model: 
[[1237   49]
 [  90   71]]
              precision    recall  f1-score   support

           0       0.93      0.96      0.95      1286
           1       0.59      0.44      0.51       161

    accuracy                           0.90      1447
   macro avg       0.76      0.70      0.73      1447
weighted avg       0.89      0.90      0.90      1447

2025-12-21 21:15:39,542 - [INFO] - ------------------------------------------------------------
2025-12-21 21:15:40,163 - [INFO] - epoch: 332, loss_rrl: 108.35253032296896
2025-12-21 21:15:41,201 - [DEBUG] - y_true: (1447,) [0 0 0 0 0 1 0 0 0 0 0 0 0 0 0 0 0 1 0 0 0 0 0 0 1 0 0 0 0 0 0 0 0 0 0 0 0
 0 1 1 0]
2025-12-21 21:15:41,365 - [DEBUG] - y_rrl_: (1447,) [0 1 0 0 0 1 0 0 0 0 0 0 0 0 0 0 0 0 0 0 0 0 0 0 1 0 0 0 0 0 0 0 0 0 0 0 0
 0 0 0 0]
2025-12-21 21:15:41,366 - [DEBUG] - y_rrl: (1447, 2) [[ 3.4338198  -3.2377148 ]
 [ 0.02493828  0.16840371]
 [ 3.0719333  -2.8730593 ]
 [ 3.4338198  -3.2377148 ]
 [ 3.4338198  -3.2377148 ]
 [-0.47745663  0.675703  ]
 [ 3.7079744  -3.512775  ]
 [ 3.0719333  -2.8730593 ]
 [ 3.7079744  -3.512775  ]
 [ 2.022893   -1.8271701 ]
 [ 0.9563742  -0.7628956 ]
 [ 2.6414554  -2.4485002 ]
 [ 3.2936594  -3.0991216 ]
 [ 3.4338198  -3.2377148 ]
 [ 3.7079744  -3.512775  ]
 [ 3.0195048  -2.8240614 ]
 [ 3.0719333  -2.8730593 ]
 [ 0.9563742  -0.7628956 ]
 [ 2.4375436  -2.2426162 ]
 [ 2.7816155  -2.5870934 ]
 [ 3.4338198  -3.2377148 ]
 [ 3.4338198  -3.2377148 ]
 [ 3.4338198  -3.2377148 ]
 [ 3.4338198  -3.2377148 ]
 [-0.11557042  0.31104738]
 [ 1.592415   -1.402611  ]
 [ 2.2795691  -2.0838447 ]
 [ 3.4338198  -3.2377148 ]
 [ 2.693884   -2.497498  ]
 [ 3.7079744  -3.512775  ]
 [ 3.4338198  -3.2377148 ]
 [ 2.7816155  -2.5870934 ]
 [ 0.9563742  -0.7628956 ]
 [ 0.9563742  -0.7628956 ]
 [ 3.7079744  -3.512775  ]
 [ 3.4338198  -3.2377148 ]
 [ 3.4338198  -3.2377148 ]
 [ 3.4338198  -3.2377148 ]
 [ 0.58906215 -0.3885718 ]
 [ 0.8684706  -0.6743796 ]
 [ 3.0719333  -2.8730593 ]]
2025-12-21 21:15:41,368 - [INFO] - ------------------------------------------------------------
2025-12-21 21:15:41,368 - [INFO] - On Validation Set:
	Accuracy of RRL  Model: 0.9004837595024188
	F1 Score of RRL  Model: 0.693616120266789
2025-12-21 21:15:41,374 - [INFO] - On Validation Set:
Performance of  RRL Model: 
[[1246   40]
 [ 104   57]]
              precision    recall  f1-score   support

           0       0.92      0.97      0.95      1286
           1       0.59      0.35      0.44       161

    accuracy                           0.90      1447
   macro avg       0.76      0.66      0.69      1447
weighted avg       0.89      0.90      0.89      1447

2025-12-21 21:15:41,374 - [INFO] - ------------------------------------------------------------
2025-12-21 21:15:41,766 - [INFO] - epoch: 333, loss_rrl: 107.0752213653177
2025-12-21 21:15:43,027 - [DEBUG] - y_true: (1447,) [0 0 0 0 0 1 0 0 0 0 0 0 0 0 0 0 0 1 0 0 0 0 0 0 1 0 0 0 0 0 0 0 0 0 0 0 0
 0 1 1 0]
2025-12-21 21:15:43,189 - [DEBUG] - y_rrl_: (1447,) [0 0 0 0 0 1 0 0 0 0 0 0 0 0 0 0 0 0 0 0 0 0 0 0 1 0 0 0 0 0 0 0 0 0 0 0 0
 0 0 0 0]
2025-12-21 21:15:43,189 - [DEBUG] - y_rrl: (1447, 2) [[ 3.655075   -3.4605975 ]
 [ 0.7498016  -0.55668783]
 [ 1.5837288  -1.3808439 ]
 [ 1.9801295  -1.7759011 ]
 [ 2.923707   -2.727616  ]
 [-0.1149587   0.31313533]
 [ 3.655075   -3.4605975 ]
 [ 3.043168   -2.8448327 ]
 [ 3.655075   -3.4605975 ]
 [ 1.9318032  -1.7408991 ]
 [ 1.7836401  -1.5942949 ]
 [ 3.2586741  -3.0655403 ]
 [ 2.923707   -2.727616  ]
 [ 2.9817348  -2.7876997 ]
 [ 3.3201075  -3.1226733 ]
 [ 3.2299724  -3.0361524 ]
 [ 3.655075   -3.4605975 ]
 [ 1.5067005  -1.3164542 ]
 [ 2.0233865  -1.8262222 ]
 [ 2.033433   -1.8339164 ]
 [ 3.3781357  -3.182757  ]
 [ 3.2586741  -3.0655403 ]
 [ 2.923707   -2.727616  ]
 [ 3.3781357  -3.182757  ]
 [-0.17908202  0.3738426 ]
 [ 1.2250192  -1.0336369 ]
 [ 3.294096   -3.09686   ]
 [ 3.043168   -2.8448327 ]
 [ 2.562728   -2.3638785 ]
 [ 3.655075   -3.4605975 ]
 [ 3.3781357  -3.182757  ]
 [ 1.6370323  -1.4388593 ]
 [ 1.4226608  -1.2305574 ]
 [ 1.1457214  -0.95271647]
 [ 3.2586741  -3.0655403 ]
 [ 3.043168   -2.8448327 ]
 [ 2.923707   -2.727616  ]
 [ 3.043168   -2.8448327 ]
 [ 0.46967384 -0.27333593]
 [ 0.80464125 -0.61126006]
 [ 3.043168   -2.8448327 ]]
2025-12-21 21:15:43,191 - [INFO] - ------------------------------------------------------------
2025-12-21 21:15:43,191 - [INFO] - On Validation Set:
	Accuracy of RRL  Model: 0.8970283344851416
	F1 Score of RRL  Model: 0.6576148665494697
2025-12-21 21:15:43,197 - [INFO] - On Validation Set:
Performance of  RRL Model: 
[[1254   32]
 [ 117   44]]
              precision    recall  f1-score   support

           0       0.91      0.98      0.94      1286
           1       0.58      0.27      0.37       161

    accuracy                           0.90      1447
   macro avg       0.75      0.62      0.66      1447
weighted avg       0.88      0.90      0.88      1447

2025-12-21 21:15:43,197 - [INFO] - ------------------------------------------------------------
2025-12-21 21:15:43,359 - [INFO] - epoch: 334, loss_rrl: 107.55759547650814
2025-12-21 21:15:44,764 - [INFO] - epoch: 335, loss_rrl: 108.09832571819425
2025-12-21 21:15:44,847 - [DEBUG] - y_true: (1447,) [0 0 0 0 0 1 0 0 0 0 0 0 0 0 0 0 0 1 0 0 0 0 0 0 1 0 0 0 0 0 0 0 0 0 0 0 0
 0 1 1 0]
2025-12-21 21:15:45,009 - [DEBUG] - y_rrl_: (1447,) [0 0 0 0 0 0 0 0 0 0 0 0 0 0 0 0 0 0 0 0 0 0 0 0 1 0 0 0 0 0 0 0 0 0 0 0 0
 0 1 0 0]
2025-12-21 21:15:45,009 - [DEBUG] - y_rrl: (1447, 2) [[ 3.6343725  -3.4406211 ]
 [ 0.20703934 -0.01344249]
 [ 2.6726491  -2.4723094 ]
 [ 3.0281093  -2.830517  ]
 [ 3.3038814  -3.1071851 ]
 [ 0.14752011  0.04902431]
 [ 3.6343725  -3.4406211 ]
 [ 2.948421   -2.748978  ]
 [ 3.6343725  -3.4406211 ]
 [ 2.2288818  -2.0354948 ]
 [ 1.1512003  -0.9600379 ]
 [ 2.8478303  -2.651986  ]
 [ 2.948421   -2.748978  ]
 [ 3.6343725  -3.4406211 ]
 [ 3.6343725  -3.4406211 ]
 [ 3.2032907  -3.0101936 ]
 [ 3.278912   -3.0824134 ]
 [ 1.1512003  -0.9600379 ]
 [ 1.61253    -1.4185687 ]
 [ 2.6572814  -2.4621556 ]
 [ 3.6343725  -3.4406211 ]
 [ 3.6343725  -3.4406211 ]
 [ 3.3038814  -3.1071851 ]
 [ 3.6343725  -3.4406211 ]
 [-0.55933344  0.7561203 ]
 [ 1.251791   -1.0570298 ]
 [ 2.2012305  -2.0069566 ]
 [ 3.3038814  -3.1071851 ]
 [ 2.3018212  -2.103948  ]
 [ 3.6343725  -3.4406211 ]
 [ 3.6343725  -3.4406211 ]
 [ 2.6572814  -2.4621556 ]
 [ 1.1512003  -0.9600379 ]
 [ 1.1512003  -0.9600379 ]
 [ 3.6343725  -3.4406211 ]
 [ 3.3038814  -3.1071851 ]
 [ 3.3038814  -3.1071851 ]
 [ 3.3038814  -3.1071851 ]
 [-0.28356168  0.47945186]
 [ 0.41775757 -0.22234476]
 [ 2.948421   -2.748978  ]]
2025-12-21 21:15:45,011 - [INFO] - ------------------------------------------------------------
2025-12-21 21:15:45,012 - [INFO] - On Validation Set:
	Accuracy of RRL  Model: 0.8997926744989634
	F1 Score of RRL  Model: 0.68372442880766
2025-12-21 21:15:45,017 - [INFO] - On Validation Set:
Performance of  RRL Model: 
[[1249   37]
 [ 108   53]]
              precision    recall  f1-score   support

           0       0.92      0.97      0.95      1286
           1       0.59      0.33      0.42       161

    accuracy                           0.90      1447
   macro avg       0.75      0.65      0.68      1447
weighted avg       0.88      0.90      0.89      1447

2025-12-21 21:15:45,018 - [INFO] - ------------------------------------------------------------
2025-12-21 21:15:46,360 - [INFO] - epoch: 336, loss_rrl: 108.82324495352805
2025-12-21 21:15:46,671 - [DEBUG] - y_true: (1447,) [0 0 0 0 0 1 0 0 0 0 0 0 0 0 0 0 0 1 0 0 0 0 0 0 1 0 0 0 0 0 0 0 0 0 0 0 0
 0 1 1 0]
2025-12-21 21:15:46,833 - [DEBUG] - y_rrl_: (1447,) [0 0 0 0 0 1 0 0 0 0 0 0 0 0 0 0 0 0 0 0 0 0 0 0 1 0 0 0 0 0 0 0 0 0 0 0 0
 0 1 0 0]
2025-12-21 21:15:46,834 - [DEBUG] - y_rrl: (1447, 2) [[ 3.7765257  -3.5834935 ]
 [ 0.41953447 -0.22868511]
 [ 2.7379045  -2.5425744 ]
 [ 3.1447237  -2.9480624 ]
 [ 3.3697066  -3.1780055 ]
 [-0.4113826   0.6074467 ]
 [ 3.7765257  -3.5834935 ]
 [ 3.1447237  -2.9480624 ]
 [ 3.7765257  -3.5834935 ]
 [ 2.101687   -1.908115  ]
 [ 1.2983791  -1.1079147 ]
 [ 1.9345968  -1.7423741 ]
 [ 2.9402528  -2.7492025 ]
 [ 3.0968125  -2.904219  ]
 [ 3.7765257  -3.5834935 ]
 [ 3.347072   -3.1546905 ]
 [ 3.417618   -3.2218487 ]
 [ 1.025485   -0.8341284 ]
 [ 1.8214791  -1.6302772 ]
 [ 2.497976   -2.3028784 ]
 [ 3.5036316  -3.309707  ]
 [ 3.3697066  -3.1780055 ]
 [ 3.3697066  -3.1780055 ]
 [ 3.5036316  -3.309707  ]
 [-0.4113826   0.6074467 ]
 [ 0.89156014 -0.7024267 ]
 [ 1.2983791  -1.1079147 ]
 [ 3.5036316  -3.309707  ]
 [ 2.364051   -2.1711767 ]
 [ 3.417618   -3.2218487 ]
 [ 3.5036316  -3.309707  ]
 [ 2.091157   -1.8973904 ]
 [ 1.2983791  -1.1079147 ]
 [ 0.61866593 -0.42864034]
 [ 3.3697066  -3.1780055 ]
 [ 3.1447237  -2.9480624 ]
 [ 3.3697066  -3.1780055 ]
 [ 3.5036316  -3.309707  ]
 [-0.4113826   0.6074467 ]
 [ 0.927879   -0.7359202 ]
 [ 3.1447237  -2.9480624 ]]
2025-12-21 21:15:46,836 - [INFO] - ------------------------------------------------------------
2025-12-21 21:15:46,836 - [INFO] - On Validation Set:
	Accuracy of RRL  Model: 0.902557014512785
	F1 Score of RRL  Model: 0.7289920235905133
2025-12-21 21:15:46,842 - [INFO] - On Validation Set:
Performance of  RRL Model: 
[[1232   54]
 [  87   74]]
              precision    recall  f1-score   support

           0       0.93      0.96      0.95      1286
           1       0.58      0.46      0.51       161

    accuracy                           0.90      1447
   macro avg       0.76      0.71      0.73      1447
weighted avg       0.89      0.90      0.90      1447

2025-12-21 21:15:46,842 - [INFO] - ------------------------------------------------------------
2025-12-21 21:15:48,033 - [INFO] - epoch: 337, loss_rrl: 109.16136706061661
2025-12-21 21:15:48,609 - [DEBUG] - y_true: (1447,) [0 0 0 0 0 1 0 0 0 0 0 0 0 0 0 0 0 1 0 0 0 0 0 0 1 0 0 0 0 0 0 0 0 0 0 0 0
 0 1 1 0]
2025-12-21 21:15:48,771 - [DEBUG] - y_rrl_: (1447,) [0 0 0 0 0 1 0 0 0 0 0 0 0 0 0 0 0 0 0 0 0 0 0 0 1 0 0 0 0 0 0 0 0 0 0 0 0
 0 0 0 0]
2025-12-21 21:15:48,772 - [DEBUG] - y_rrl: (1447, 2) [[ 3.3598695  -3.166656  ]
 [ 0.613906   -0.4264739 ]
 [ 2.9974332  -2.8014934 ]
 [ 2.9974332  -2.8014934 ]
 [ 3.3598695  -3.166656  ]
 [-0.58419085  0.7795415 ]
 [ 3.6297863  -3.4374604 ]
 [ 2.9974332  -2.8014934 ]
 [ 3.6297863  -3.4374604 ]
 [ 1.9376942  -1.7448254 ]
 [ 0.8566395  -0.66597646]
 [ 2.548732   -2.3586116 ]
 [ 3.1990745  -3.007397  ]
 [ 2.9974332  -2.8014934 ]
 [ 3.6297863  -3.4374604 ]
 [ 2.9291577  -2.7365925 ]
 [ 2.9974332  -2.8014934 ]
 [ 0.8566395  -0.66597646]
 [ 1.6736451  -1.4831419 ]
 [ 2.3470907  -2.152708  ]
 [ 3.3598695  -3.166656  ]
 [ 2.9974332  -2.8014934 ]
 [ 3.3598695  -3.166656  ]
 [ 3.3598695  -3.166656  ]
 [-0.22175431  0.41437888]
 [ 1.4889929  -1.3019435 ]
 [ 2.1862955  -1.993449  ]
 [ 3.3598695  -3.166656  ]
 [ 2.6170075  -2.4235125 ]
 [ 3.6297863  -3.4374604 ]
 [ 3.3598695  -3.166656  ]
 [ 2.3470907  -2.152708  ]
 [ 0.8566395  -0.66597646]
 [ 0.8566395  -0.66597646]
 [ 3.6297863  -3.4374604 ]
 [ 3.3598695  -3.166656  ]
 [ 3.3598695  -3.166656  ]
 [ 3.3598695  -3.166656  ]
 [ 0.20895757 -0.01568461]
 [ 0.4036694  -0.20968151]
 [ 2.9974332  -2.8014934 ]]
2025-12-21 21:15:48,774 - [INFO] - ------------------------------------------------------------
2025-12-21 21:15:48,774 - [INFO] - On Validation Set:
	Accuracy of RRL  Model: 0.9032480995162405
	F1 Score of RRL  Model: 0.7159498810966034
2025-12-21 21:15:48,780 - [INFO] - On Validation Set:
Performance of  RRL Model: 
[[1241   45]
 [  95   66]]
              precision    recall  f1-score   support

           0       0.93      0.97      0.95      1286
           1       0.59      0.41      0.49       161

    accuracy                           0.90      1447
   macro avg       0.76      0.69      0.72      1447
weighted avg       0.89      0.90      0.90      1447

2025-12-21 21:15:48,780 - [INFO] - ------------------------------------------------------------
2025-12-21 21:15:49,684 - [INFO] - epoch: 338, loss_rrl: 107.05543736927211
2025-12-21 21:15:50,464 - [DEBUG] - y_true: (1447,) [0 0 0 0 0 1 0 0 0 0 0 0 0 0 0 0 0 1 0 0 0 0 0 0 1 0 0 0 0 0 0 0 0 0 0 0 0
 0 1 1 0]
2025-12-21 21:15:50,627 - [DEBUG] - y_rrl_: (1447,) [0 1 0 0 0 1 0 0 0 0 0 0 0 0 0 0 0 0 0 0 0 0 0 0 1 0 0 0 0 0 0 0 0 0 0 0 0
 0 0 0 0]
2025-12-21 21:15:50,627 - [DEBUG] - y_rrl: (1447, 2) [[ 3.7339723  -3.5423574 ]
 [-0.06795561  0.26390982]
 [ 2.0542436  -1.8530439 ]
 [ 2.0542436  -1.8530439 ]
 [ 3.3910253  -3.1965013 ]
 [-0.46242654  0.65706205]
 [ 3.7339723  -3.5423574 ]
 [ 2.411483   -2.2129986 ]
 [ 3.7339723  -3.5423574 ]
 [ 1.3015243  -1.1103187 ]
 [ 1.8586363  -1.6720363 ]
 [ 3.311542   -3.1205726 ]
 [ 2.968595   -2.7747164 ]
 [ 3.4605072  -3.2680094 ]
 [ 3.7339723  -3.5423574 ]
 [ 3.311542   -3.1205726 ]
 [ 3.7339723  -3.5423574 ]
 [ 1.5851711  -1.3976882 ]
 [ 1.4519569  -1.2592468 ]
 [ 1.4129097  -1.2132597 ]
 [ 3.4605072  -3.2680094 ]
 [ 3.7339723  -3.5423574 ]
 [ 3.3910253  -3.1965013 ]
 [ 3.4605072  -3.2680094 ]
 [-0.46242654  0.65706205]
 [ 0.5171156  -0.32644063]
 [ 2.9543025  -2.760617  ]
 [ 2.411483   -2.2129986 ]
 [ 3.0337856  -2.8365462 ]
 [ 3.3767326  -3.1824024 ]
 [ 3.4605072  -3.2680094 ]
 [ 2.1189866  -1.9224143 ]
 [ 1.5013968  -1.312081  ]
 [ 0.5218546  -0.32857832]
 [ 3.7339723  -3.5423574 ]
 [ 2.411483   -2.2129986 ]
 [ 3.3910253  -3.1965013 ]
 [ 2.411483   -2.2129986 ]
 [ 0.5361469  -0.34267747]
 [ 0.879094   -0.6885336 ]
 [ 2.411483   -2.2129986 ]]
2025-12-21 21:15:50,629 - [INFO] - ------------------------------------------------------------
2025-12-21 21:15:50,629 - [INFO] - On Validation Set:
	Accuracy of RRL  Model: 0.8997926744989634
	F1 Score of RRL  Model: 0.6988380688546474
2025-12-21 21:15:50,635 - [INFO] - On Validation Set:
Performance of  RRL Model: 
[[1242   44]
 [ 101   60]]
              precision    recall  f1-score   support

           0       0.92      0.97      0.94      1286
           1       0.58      0.37      0.45       161

    accuracy                           0.90      1447
   macro avg       0.75      0.67      0.70      1447
weighted avg       0.89      0.90      0.89      1447

2025-12-21 21:15:50,635 - [INFO] - ------------------------------------------------------------
2025-12-21 21:15:51,303 - [INFO] - epoch: 339, loss_rrl: 108.6117973588407
2025-12-21 21:15:52,439 - [DEBUG] - y_true: (1447,) [0 0 0 0 0 1 0 0 0 0 0 0 0 0 0 0 0 1 0 0 0 0 0 0 1 0 0 0 0 0 0 0 0 0 0 0 0
 0 1 1 0]
2025-12-21 21:15:52,619 - [DEBUG] - y_rrl_: (1447,) [0 1 0 0 0 1 0 0 0 0 0 0 0 0 0 0 0 0 0 0 0 0 0 0 1 0 0 0 0 0 0 0 0 0 0 0 0
 0 0 0 0]
2025-12-21 21:15:52,620 - [DEBUG] - y_rrl: (1447, 2) [[ 3.3118787  -3.120095  ]
 [-0.45789146  0.6497283 ]
 [ 2.5513768  -2.3582    ]
 [ 2.9474878  -2.7529979 ]
 [ 2.9157677  -2.7252972 ]
 [-0.59528494  0.7892052 ]
 [ 3.5861077  -3.395203  ]
 [ 2.9474878  -2.7529979 ]
 [ 3.5861077  -3.395203  ]
 [ 1.891774   -1.7003156 ]
 [ 0.14159913  0.05073662]
 [ 1.7649695  -1.574858  ]
 [ 2.1772623  -1.9888111 ]
 [ 2.9157677  -2.7252972 ]
 [ 3.5861077  -3.395203  ]
 [ 2.898635   -2.7074926 ]
 [ 2.9474878  -2.7529979 ]
 [ 0.8311382  -0.64186525]
 [ 2.2991443  -2.108501  ]
 [ 2.3000956  -2.1071498 ]
 [ 3.3118787  -3.120095  ]
 [ 2.9157677  -2.7252972 ]
 [ 2.9157677  -2.7252972 ]
 [ 3.3118787  -3.120095  ]
 [-0.59528494  0.7892052 ]
 [ 0.10976562  0.07681607]
 [ 2.1610808  -1.9696556 ]
 [ 3.3118787  -3.120095  ]
 [ 2.1782136  -1.9874599 ]
 [ 3.2217166  -3.028106  ]
 [ 3.3118787  -3.120095  ]
 [ 1.9039843  -1.712352  ]
 [ 0.8311382  -0.64186525]
 [ 0.4350272  -0.2470676 ]
 [ 3.1899967  -3.0004053 ]
 [ 2.9474878  -2.7529979 ]
 [ 2.9157677  -2.7252972 ]
 [ 3.3118787  -3.120095  ]
 [ 0.18235014  0.00950588]
 [ 0.75727135 -0.5674108 ]
 [ 2.9474878  -2.7529979 ]]
2025-12-21 21:15:52,622 - [INFO] - ------------------------------------------------------------
2025-12-21 21:15:52,622 - [INFO] - On Validation Set:
	Accuracy of RRL  Model: 0.8956461644782309
	F1 Score of RRL  Model: 0.7150181621353715
2025-12-21 21:15:52,628 - [INFO] - On Validation Set:
Performance of  RRL Model: 
[[1224   62]
 [  89   72]]
              precision    recall  f1-score   support

           0       0.93      0.95      0.94      1286
           1       0.54      0.45      0.49       161

    accuracy                           0.90      1447
   macro avg       0.73      0.70      0.72      1447
weighted avg       0.89      0.90      0.89      1447

2025-12-21 21:15:52,628 - [INFO] - ------------------------------------------------------------
2025-12-21 21:15:53,049 - [INFO] - epoch: 340, loss_rrl: 107.85768537968397
2025-12-21 21:15:54,311 - [DEBUG] - y_true: (1447,) [0 0 0 0 0 1 0 0 0 0 0 0 0 0 0 0 0 1 0 0 0 0 0 0 1 0 0 0 0 0 0 0 0 0 0 0 0
 0 1 1 0]
2025-12-21 21:15:54,472 - [DEBUG] - y_rrl_: (1447,) [0 0 0 0 0 1 0 0 0 0 0 0 0 0 0 0 0 0 0 0 0 0 0 0 1 0 0 0 0 0 0 0 0 0 0 0 0
 0 0 0 0]
2025-12-21 21:15:54,473 - [DEBUG] - y_rrl: (1447, 2) [[ 3.7165082  -3.526316  ]
 [ 0.77800405 -0.5892856 ]
 [ 3.0823894  -2.888627  ]
 [ 3.0823894  -2.888627  ]
 [ 3.7165082  -3.526316  ]
 [-0.05476191  0.24860296]
 [ 3.7165082  -3.526316  ]
 [ 3.439678   -3.2486112 ]
 [ 3.7165082  -3.526316  ]
 [ 1.9897077  -1.8029588 ]
 [ 1.2609195  -1.0761793 ]
 [ 3.1188548  -2.929158  ]
 [ 3.3592196  -3.1663318 ]
 [ 3.0823894  -2.888627  ]
 [ 3.3592196  -3.1663318 ]
 [ 2.7108898  -2.5218318 ]
 [ 3.7165082  -3.526316  ]
 [ 0.9840894  -0.79847443]
 [ 2.4340596  -2.2441268 ]
 [ 2.4304593  -2.2382345 ]
 [ 3.439678   -3.2486112 ]
 [ 3.3592196  -3.1663318 ]
 [ 3.7165082  -3.526316  ]
 [ 3.439678   -3.2486112 ]
 [-0.46272692  0.6559291 ]
 [ 1.2573192  -1.070287  ]
 [ 2.7615662  -2.5691738 ]
 [ 3.0823894  -2.888627  ]
 [ 2.7615662  -2.5691738 ]
 [ 3.3592196  -3.1663318 ]
 [ 3.439678   -3.2486112 ]
 [ 2.4304593  -2.2382345 ]
 [ 0.90363085 -0.7161951 ]
 [ 0.6268008  -0.4384904 ]
 [ 3.7165082  -3.526316  ]
 [ 3.439678   -3.2486112 ]
 [ 3.7165082  -3.526316  ]
 [ 3.0823894  -2.888627  ]
 [ 0.5464918  -0.35444728]
 [ 0.29401287 -0.10534979]
 [ 3.439678   -3.2486112 ]]
2025-12-21 21:15:54,475 - [INFO] - ------------------------------------------------------------
2025-12-21 21:15:54,475 - [INFO] - On Validation Set:
	Accuracy of RRL  Model: 0.8970283344851416
	F1 Score of RRL  Model: 0.6319668843084538
2025-12-21 21:15:54,481 - [INFO] - On Validation Set:
Performance of  RRL Model: 
[[1263   23]
 [ 126   35]]
              precision    recall  f1-score   support

           0       0.91      0.98      0.94      1286
           1       0.60      0.22      0.32       161

    accuracy                           0.90      1447
   macro avg       0.76      0.60      0.63      1447
weighted avg       0.88      0.90      0.87      1447

2025-12-21 21:15:54,481 - [INFO] - ------------------------------------------------------------
2025-12-21 21:15:54,672 - [INFO] - epoch: 341, loss_rrl: 108.16926272213459
2025-12-21 21:15:56,065 - [INFO] - epoch: 342, loss_rrl: 108.19201293028891
2025-12-21 21:15:56,116 - [DEBUG] - y_true: (1447,) [0 0 0 0 0 1 0 0 0 0 0 0 0 0 0 0 0 1 0 0 0 0 0 0 1 0 0 0 0 0 0 0 0 0 0 0 0
 0 1 1 0]
2025-12-21 21:15:56,277 - [DEBUG] - y_rrl_: (1447,) [0 1 0 0 0 1 0 0 0 0 0 0 0 0 0 0 0 0 0 0 0 0 0 0 1 0 0 0 0 0 0 0 0 0 0 0 0
 0 1 0 0]
2025-12-21 21:15:56,277 - [DEBUG] - y_rrl: (1447, 2) [[ 3.6583614  -3.4688733 ]
 [-0.08630625  0.272399  ]
 [ 3.0243123  -2.8312678 ]
 [ 3.0243123  -2.8312678 ]
 [ 3.6583614  -3.4688733 ]
 [-0.10692718  0.30005682]
 [ 3.6583614  -3.4688733 ]
 [ 3.0243123  -2.8312678 ]
 [ 3.6583614  -3.4688733 ]
 [ 1.5883572  -1.3996053 ]
 [ 0.7923456  -0.60663056]
 [ 2.8842402  -2.692702  ]
 [ 3.2985501  -3.1063766 ]
 [ 3.0243123  -2.8312678 ]
 [ 2.954578   -2.7595298 ]
 [ 3.2440515  -3.055199  ]
 [ 3.2985501  -3.1063766 ]
 [ 0.51810783 -0.331522  ]
 [ 1.7094601  -1.5217601 ]
 [ 2.3683727  -2.1768591 ]
 [ 3.3841238  -3.1937647 ]
 [ 3.2985501  -3.1063766 ]
 [ 3.6583614  -3.4688733 ]
 [ 3.0243123  -2.8312678 ]
 [-0.52123696  0.7137313 ]
 [ 1.2066555  -1.0203052 ]
 [ 1.8344089  -1.6458622 ]
 [ 3.0243123  -2.8312678 ]
 [ 2.6426105  -2.4519677 ]
 [ 3.2985501  -3.1063766 ]
 [ 3.3841238  -3.1937647 ]
 [ 2.3683727  -2.1768591 ]
 [ 0.7923456  -0.60663056]
 [ 0.51810783 -0.331522  ]
 [ 3.6583614  -3.4688733 ]
 [ 3.0243123  -2.8312678 ]
 [ 3.6583614  -3.4688733 ]
 [ 3.0243123  -2.8312678 ]
 [-0.52123696  0.7137313 ]
 [ 0.47867474 -0.2875243 ]
 [ 3.0243123  -2.8312678 ]]
2025-12-21 21:15:56,279 - [INFO] - ------------------------------------------------------------
2025-12-21 21:15:56,280 - [INFO] - On Validation Set:
	Accuracy of RRL  Model: 0.9039391845196959
	F1 Score of RRL  Model: 0.7225403464434846
2025-12-21 21:15:56,285 - [INFO] - On Validation Set:
Performance of  RRL Model: 
[[1239   47]
 [  92   69]]
              precision    recall  f1-score   support

           0       0.93      0.96      0.95      1286
           1       0.59      0.43      0.50       161

    accuracy                           0.90      1447
   macro avg       0.76      0.70      0.72      1447
weighted avg       0.89      0.90      0.90      1447

2025-12-21 21:15:56,285 - [INFO] - ------------------------------------------------------------
2025-12-21 21:15:57,649 - [INFO] - epoch: 343, loss_rrl: 107.41407459229231
2025-12-21 21:15:57,929 - [DEBUG] - y_true: (1447,) [0 0 0 0 0 1 0 0 0 0 0 0 0 0 0 0 0 1 0 0 0 0 0 0 1 0 0 0 0 0 0 0 0 0 0 0 0
 0 1 1 0]
2025-12-21 21:15:58,092 - [DEBUG] - y_rrl_: (1447,) [0 1 0 0 0 1 0 0 0 0 0 0 0 0 0 0 0 0 0 0 0 0 0 0 1 0 0 0 0 0 0 0 0 0 0 0 0
 0 1 0 0]
2025-12-21 21:15:58,092 - [DEBUG] - y_rrl: (1447, 2) [[ 3.612033   -3.4232435 ]
 [-0.07463253  0.26420498]
 [ 2.2504592  -2.056562  ]
 [ 2.6378264  -2.4426332 ]
 [ 2.1868997  -1.9935244 ]
 [-0.55916387  0.7509501 ]
 [ 3.612033   -3.4232435 ]
 [ 3.003418   -2.8108995 ]
 [ 3.612033   -3.4232435 ]
 [ 1.9067231  -1.7213368 ]
 [ 0.41504237 -0.2296604 ]
 [ 2.1621366  -1.9767998 ]
 [ 2.1170835  -1.924685  ]
 [ 1.8919894  -1.6979353 ]
 [ 3.2464414  -3.0549772 ]
 [ 3.2096906  -3.0215333 ]
 [ 2.9139152  -2.7221062 ]
 [ 0.84419376 -0.6609643 ]
 [ 1.3399352  -1.1500639 ]
 [ 1.9776396  -1.7839711 ]
 [ 3.3430662  -3.1534102 ]
 [ 2.859074   -2.6689057 ]
 [ 2.8850176  -2.6946614 ]
 [ 2.2793565  -2.0840068 ]
 [-1.1601177   1.3514137 ]
 [ 0.4079208  -0.22002034]
 [ 2.1839123  -1.9946048 ]
 [ 2.6378264  -2.4426332 ]
 [ 1.8592392  -1.6677328 ]
 [ 3.2464414  -3.0549772 ]
 [ 3.3430662  -3.1534102 ]
 [ 1.5902724  -1.3978995 ]
 [ 0.7475691  -0.562531  ]
 [ 0.47860226 -0.29269773]
 [ 3.2246659  -3.037172  ]
 [ 3.003418   -2.8108995 ]
 [ 2.8850176  -2.6946614 ]
 [ 2.6378264  -2.4426332 ]
 [-0.19357252  0.38268352]
 [ 0.8062625  -0.61848944]
 [ 3.003418   -2.8108995 ]]
2025-12-21 21:15:58,094 - [INFO] - ------------------------------------------------------------
2025-12-21 21:15:58,094 - [INFO] - On Validation Set:
	Accuracy of RRL  Model: 0.8970283344851416
	F1 Score of RRL  Model: 0.7300795603212459
2025-12-21 21:15:58,100 - [INFO] - On Validation Set:
Performance of  RRL Model: 
[[1218   68]
 [  81   80]]
              precision    recall  f1-score   support

           0       0.94      0.95      0.94      1286
           1       0.54      0.50      0.52       161

    accuracy                           0.90      1447
   macro avg       0.74      0.72      0.73      1447
weighted avg       0.89      0.90      0.90      1447

2025-12-21 21:15:58,100 - [INFO] - ------------------------------------------------------------
2025-12-21 21:15:59,228 - [INFO] - epoch: 344, loss_rrl: 107.59114699997008
2025-12-21 21:15:59,730 - [DEBUG] - y_true: (1447,) [0 0 0 0 0 1 0 0 0 0 0 0 0 0 0 0 0 1 0 0 0 0 0 0 1 0 0 0 0 0 0 0 0 0 0 0 0
 0 1 1 0]
2025-12-21 21:15:59,891 - [DEBUG] - y_rrl_: (1447,) [0 0 0 0 0 1 0 0 0 0 0 0 0 0 0 0 0 0 0 0 0 0 0 0 1 0 0 0 0 0 0 0 0 0 0 0 0
 0 0 1 0]
2025-12-21 21:15:59,892 - [DEBUG] - y_rrl: (1447, 2) [[ 3.6382256  -3.4501343 ]
 [ 0.9266447  -0.7441428 ]
 [ 3.0000176  -2.8083997 ]
 [ 3.0000176  -2.8083997 ]
 [ 3.6382256  -3.4501343 ]
 [-0.2838602   0.47408158]
 [ 3.6382256  -3.4501343 ]
 [ 3.268114   -3.0773582 ]
 [ 3.6382256  -3.4501343 ]
 [ 2.2183375  -2.0305362 ]
 [ 0.55653346 -0.3713665 ]
 [ 1.9764215  -1.7909652 ]
 [ 3.2342997  -3.0468373 ]
 [ 3.268114   -3.0773582 ]
 [ 3.6382256  -3.4501343 ]
 [ 2.637901   -2.4509268 ]
 [ 3.268114   -3.0773582 ]
 [ 0.55653346 -0.3713665 ]
 [ 1.9764215  -1.7909652 ]
 [ 2.6066346  -2.417396  ]
 [ 3.6382256  -3.4501343 ]
 [ 3.268114   -3.0773582 ]
 [ 3.6382256  -3.4501343 ]
 [ 3.6382256  -3.4501343 ]
 [-0.18184526  0.37026387]
 [ 1.5230432  -1.3400533 ]
 [ 2.2677896  -2.0781507 ]
 [ 3.6382256  -3.4501343 ]
 [ 2.010236   -1.8214856 ]
 [ 3.6382256  -3.4501343 ]
 [ 3.6382256  -3.4501343 ]
 [ 2.6066346  -2.417396  ]
 [ 0.55653346 -0.3713665 ]
 [ 0.55653346 -0.3713665 ]
 [ 3.6382256  -3.4501343 ]
 [ 3.6382256  -3.4501343 ]
 [ 3.6382256  -3.4501343 ]
 [ 3.6382256  -3.4501343 ]
 [ 0.4901771  -0.30199173]
 [-0.14345084  0.33271325]
 [ 3.268114   -3.0773582 ]]
2025-12-21 21:15:59,894 - [INFO] - ------------------------------------------------------------
2025-12-21 21:15:59,894 - [INFO] - On Validation Set:
	Accuracy of RRL  Model: 0.9039391845196959
	F1 Score of RRL  Model: 0.6989806532140628
2025-12-21 21:15:59,900 - [INFO] - On Validation Set:
Performance of  RRL Model: 
[[1251   35]
 [ 104   57]]
              precision    recall  f1-score   support

           0       0.92      0.97      0.95      1286
           1       0.62      0.35      0.45       161

    accuracy                           0.90      1447
   macro avg       0.77      0.66      0.70      1447
weighted avg       0.89      0.90      0.89      1447

2025-12-21 21:15:59,900 - [INFO] - ------------------------------------------------------------
2025-12-21 21:16:00,798 - [INFO] - epoch: 345, loss_rrl: 108.05621285736561
2025-12-21 21:16:01,522 - [DEBUG] - y_true: (1447,) [0 0 0 0 0 1 0 0 0 0 0 0 0 0 0 0 0 1 0 0 0 0 0 0 1 0 0 0 0 0 0 0 0 0 0 0 0
 0 1 1 0]
2025-12-21 21:16:01,683 - [DEBUG] - y_rrl_: (1447,) [0 0 0 0 0 1 0 0 0 0 0 0 0 0 0 0 0 0 0 0 0 0 0 0 1 0 0 0 0 0 0 0 0 0 0 0 0
 0 1 0 0]
2025-12-21 21:16:01,683 - [DEBUG] - y_rrl: (1447, 2) [[ 3.786189   -3.5987897 ]
 [ 1.4488082  -1.2623409 ]
 [ 3.153563   -2.9626508 ]
 [ 3.153563   -2.9626508 ]
 [ 3.786189   -3.5987897 ]
 [-0.39594862  0.5863377 ]
 [ 3.786189   -3.5987897 ]
 [ 3.153563   -2.9626508 ]
 [ 3.786189   -3.5987897 ]
 [ 1.7023586  -1.515665  ]
 [ 0.9221945  -0.73849505]
 [ 2.7715409  -2.582997  ]
 [ 3.4255173  -3.2354634 ]
 [ 3.153563   -2.9626508 ]
 [ 3.4255173  -3.2354634 ]
 [ 3.3880472  -3.2012734 ]
 [ 3.4255173  -3.2354634 ]
 [ 0.65024006 -0.46568254]
 [ 1.8614343  -1.6757971 ]
 [ 2.4995866  -2.3101845 ]
 [ 3.5142348  -3.325977  ]
 [ 3.4255173  -3.2354634 ]
 [ 3.786189   -3.5987897 ]
 [ 3.153563   -2.9626508 ]
 [-0.39594862  0.5863377 ]
 [ 0.9221945  -0.73849505]
 [ 3.4255173  -3.2354634 ]
 [ 3.153563   -2.9626508 ]
 [ 2.7715409  -2.582997  ]
 [ 3.4255173  -3.2354634 ]
 [ 3.5142348  -3.325977  ]
 [ 2.4995866  -2.3101845 ]
 [ 0.9221945  -0.73849505]
 [ 0.65024006 -0.46568254]
 [ 3.786189   -3.5987897 ]
 [ 3.153563   -2.9626508 ]
 [ 3.786189   -3.5987897 ]
 [ 3.153563   -2.9626508 ]
 [-0.39594862  0.5863377 ]
 [ 0.60301614 -0.4139565 ]
 [ 3.153563   -2.9626508 ]]
2025-12-21 21:16:01,685 - [INFO] - ------------------------------------------------------------
2025-12-21 21:16:01,685 - [INFO] - On Validation Set:
	Accuracy of RRL  Model: 0.9080856945404284
	F1 Score of RRL  Model: 0.7199543664045936
2025-12-21 21:16:01,691 - [INFO] - On Validation Set:
Performance of  RRL Model: 
[[1250   36]
 [  97   64]]
              precision    recall  f1-score   support

           0       0.93      0.97      0.95      1286
           1       0.64      0.40      0.49       161

    accuracy                           0.91      1447
   macro avg       0.78      0.68      0.72      1447
weighted avg       0.90      0.91      0.90      1447

2025-12-21 21:16:01,691 - [INFO] - ------------------------------------------------------------
2025-12-21 21:16:02,366 - [INFO] - epoch: 346, loss_rrl: 108.15994414687157
2025-12-21 21:16:03,321 - [DEBUG] - y_true: (1447,) [0 0 0 0 0 1 0 0 0 0 0 0 0 0 0 0 0 1 0 0 0 0 0 0 1 0 0 0 0 0 0 0 0 0 0 0 0
 0 1 1 0]
2025-12-21 21:16:03,482 - [DEBUG] - y_rrl_: (1447,) [0 0 0 0 0 1 0 0 0 0 0 0 0 0 0 0 0 0 0 0 0 0 0 0 1 0 0 0 0 0 0 0 0 0 0 0 0
 0 1 0 0]
2025-12-21 21:16:03,483 - [DEBUG] - y_rrl: (1447, 2) [[ 3.6348891  -3.44817   ]
 [ 0.21489683 -0.02674704]
 [ 2.9991417  -2.8089247 ]
 [ 2.9991417  -2.8089247 ]
 [ 3.6348891  -3.44817   ]
 [-0.13889828  0.3292206 ]
 [ 3.6348891  -3.44817   ]
 [ 2.9991417  -2.8089247 ]
 [ 3.6348891  -3.44817   ]
 [ 1.9538066  -1.7665077 ]
 [ 1.5578268  -1.3728861 ]
 [ 2.6031618  -2.415303  ]
 [ 3.6348891  -3.44817   ]
 [ 3.3691878  -3.181615  ]
 [ 3.6348891  -3.44817   ]
 [ 3.6348891  -3.44817   ]
 [ 3.2648425  -3.0754797 ]
 [ 1.2921255  -1.1063311 ]
 [ 2.3805006  -2.1940322 ]
 [ 2.3374603  -2.1487482 ]
 [ 3.3691878  -3.181615  ]
 [ 3.6348891  -3.44817   ]
 [ 3.6348891  -3.44817   ]
 [ 3.3691878  -3.181615  ]
 [-0.52682793  0.7165275 ]
 [ 1.5578268  -1.3728861 ]
 [ 1.5578268  -1.3728861 ]
 [ 3.3691878  -3.181615  ]
 [ 2.6031618  -2.415303  ]
 [ 3.2648425  -3.0754797 ]
 [ 3.3691878  -3.181615  ]
 [ 2.3374603  -2.1487482 ]
 [ 1.5578268  -1.3728861 ]
 [ 1.2921255  -1.1063311 ]
 [ 3.6348891  -3.44817   ]
 [ 2.9991417  -2.8089247 ]
 [ 3.6348891  -3.44817   ]
 [ 3.3691878  -3.181615  ]
 [-0.13889828  0.3292206 ]
 [ 1.2321243  -1.0457697 ]
 [ 2.9991417  -2.8089247 ]]
2025-12-21 21:16:03,485 - [INFO] - ------------------------------------------------------------
2025-12-21 21:16:03,485 - [INFO] - On Validation Set:
	Accuracy of RRL  Model: 0.9067035245335177
	F1 Score of RRL  Model: 0.7097162472416022
2025-12-21 21:16:03,491 - [INFO] - On Validation Set:
Performance of  RRL Model: 
[[1252   34]
 [ 101   60]]
              precision    recall  f1-score   support

           0       0.93      0.97      0.95      1286
           1       0.64      0.37      0.47       161

    accuracy                           0.91      1447
   macro avg       0.78      0.67      0.71      1447
weighted avg       0.89      0.91      0.90      1447

2025-12-21 21:16:03,491 - [INFO] - ------------------------------------------------------------
2025-12-21 21:16:03,940 - [INFO] - epoch: 347, loss_rrl: 108.96475455351174
2025-12-21 21:16:05,120 - [DEBUG] - y_true: (1447,) [0 0 0 0 0 1 0 0 0 0 0 0 0 0 0 0 0 1 0 0 0 0 0 0 1 0 0 0 0 0 0 0 0 0 0 0 0
 0 1 1 0]
2025-12-21 21:16:05,282 - [DEBUG] - y_rrl_: (1447,) [0 1 0 0 0 1 0 0 0 0 0 0 0 0 0 0 0 0 0 0 0 0 0 0 1 0 0 0 0 0 0 0 0 0 0 0 0
 0 1 1 0]
2025-12-21 21:16:05,282 - [DEBUG] - y_rrl: (1447, 2) [[ 3.5721354  -3.3860943 ]
 [-0.5022436   0.69120383]
 [ 1.5257785  -1.3317444 ]
 [ 1.9253438  -1.730037  ]
 [ 2.8361979  -2.648612  ]
 [ 0.07534987  0.11343639]
 [ 3.5721354  -3.3860943 ]
 [ 2.867344   -2.675851  ]
 [ 3.5721354  -3.3860943 ]
 [ 1.749686   -1.5651829 ]
 [ 0.7725271  -0.5891231 ]
 [ 1.8269923  -1.6406884 ]
 [ 2.4677787  -2.2775586 ]
 [ 2.804151   -2.6167483 ]
 [ 3.2037163  -3.0150409 ]
 [ 2.5949767  -2.4100344 ]
 [ 3.2037163  -3.0150409 ]
 [ 0.7725271  -0.5891231 ]
 [ 2.2586043  -2.0708447 ]
 [ 2.213022   -2.0230272 ]
 [ 3.5721354  -3.3860943 ]
 [ 2.804151   -2.6167483 ]
 [ 2.8361979  -2.648612  ]
 [ 3.2037163  -3.0150409 ]
 [-1.1601673   1.3487046 ]
 [ 0.75899154 -0.5731692 ]
 [ 1.1720923  -0.98741555]
 [ 2.867344   -2.675851  ]
 [ 1.873616   -1.6838751 ]
 [ 3.2037163  -3.0150409 ]
 [ 3.5721354  -3.3860943 ]
 [ 1.813457   -1.6247346 ]
 [ 0.7725271  -0.5891231 ]
 [ 0.7725271  -0.5891231 ]
 [ 3.1725702  -2.9878018 ]
 [ 2.867344   -2.675851  ]
 [ 2.8361979  -2.648612  ]
 [ 2.867344   -2.675851  ]
 [-0.24748707  0.43667245]
 [-0.1694732   0.35669094]
 [ 2.867344   -2.675851  ]]
2025-12-21 21:16:05,284 - [INFO] - ------------------------------------------------------------
2025-12-21 21:16:05,285 - [INFO] - On Validation Set:
	Accuracy of RRL  Model: 0.8935729094678645
	F1 Score of RRL  Model: 0.7049128661475714
2025-12-21 21:16:05,290 - [INFO] - On Validation Set:
Performance of  RRL Model: 
[[1225   61]
 [  93   68]]
              precision    recall  f1-score   support

           0       0.93      0.95      0.94      1286
           1       0.53      0.42      0.47       161

    accuracy                           0.89      1447
   macro avg       0.73      0.69      0.70      1447
weighted avg       0.88      0.89      0.89      1447

2025-12-21 21:16:05,290 - [INFO] - ------------------------------------------------------------
2025-12-21 21:16:05,516 - [INFO] - epoch: 348, loss_rrl: 107.76718816161156
2025-12-21 21:16:06,906 - [INFO] - epoch: 349, loss_rrl: 108.23646510206163
2025-12-21 21:16:06,924 - [DEBUG] - y_true: (1447,) [0 0 0 0 0 1 0 0 0 0 0 0 0 0 0 0 0 1 0 0 0 0 0 0 1 0 0 0 0 0 0 0 0 0 0 0 0
 0 1 1 0]
2025-12-21 21:16:07,085 - [DEBUG] - y_rrl_: (1447,) [0 0 0 0 0 1 0 0 0 0 0 0 0 0 0 0 0 0 0 0 0 0 0 0 1 0 0 0 0 0 0 0 0 0 0 0 0
 0 1 0 0]
2025-12-21 21:16:07,085 - [DEBUG] - y_rrl: (1447, 2) [[ 3.5088499e+00 -3.3234835e+00]
 [ 4.4256189e-01 -2.6003844e-01]
 [ 2.8899779e+00 -2.7011414e+00]
 [ 3.2506068e+00 -3.0643945e+00]
 [ 2.8351016e+00 -2.6467848e+00]
 [ 3.2448776e-02  1.5565547e-01]
 [ 3.5088499e+00 -3.3234835e+00]
 [ 3.5088499e+00 -3.3234835e+00]
 [ 3.5088499e+00 -3.3234835e+00]
 [ 2.4506624e+00 -2.2681799e+00]
 [ 4.0706640e-01 -2.2093475e-01]
 [ 3.1166449e+00 -2.9318943e+00]
 [ 3.1482210e+00 -2.9602304e+00]
 [ 2.8351016e+00 -2.6467848e+00]
 [ 3.1821835e+00 -2.9940109e+00]
 [ 3.1166449e+00 -2.9318943e+00]
 [ 2.8351016e+00 -2.6467848e+00]
 [ 1.4074808e+00 -1.2271055e+00]
 [ 1.8613776e+00 -1.6785948e+00]
 [ 2.8578730e+00 -2.6739979e+00]
 [ 3.5088499e+00 -3.3234835e+00]
 [ 3.5088499e+00 -3.3234835e+00]
 [ 3.5088499e+00 -3.3234835e+00]
 [ 2.8351016e+00 -2.6467848e+00]
 [-1.2222894e+00  1.4101477e+00]
 [ 1.4390570e+00 -1.2554415e+00]
 [ 1.6978289e+00 -1.5133380e+00]
 [ 3.5088499e+00 -3.3234835e+00]
 [ 2.4972441e+00 -2.3107452e+00]
 [ 3.5088499e+00 -3.3234835e+00]
 [ 3.5088499e+00 -3.3234835e+00]
 [ 2.8578730e+00 -2.6739979e+00]
 [ 7.2018594e-01 -5.3438038e-01]
 [ 1.0468522e+00 -8.6385274e-01]
 [ 3.5088499e+00 -3.3234835e+00]
 [ 3.5088499e+00 -3.3234835e+00]
 [ 3.5088499e+00 -3.3234835e+00]
 [ 3.5088499e+00 -3.3234835e+00]
 [ 8.7261572e-04  1.8399158e-01]
 [ 3.9360639e-01 -2.0640472e-01]
 [ 3.5088499e+00 -3.3234835e+00]]
2025-12-21 21:16:07,087 - [INFO] - ------------------------------------------------------------
2025-12-21 21:16:07,087 - [INFO] - On Validation Set:
	Accuracy of RRL  Model: 0.9011748445058743
	F1 Score of RRL  Model: 0.7364308796761575
2025-12-21 21:16:07,093 - [INFO] - On Validation Set:
Performance of  RRL Model: 
[[1224   62]
 [  81   80]]
              precision    recall  f1-score   support

           0       0.94      0.95      0.94      1286
           1       0.56      0.50      0.53       161

    accuracy                           0.90      1447
   macro avg       0.75      0.72      0.74      1447
weighted avg       0.90      0.90      0.90      1447

2025-12-21 21:16:07,093 - [INFO] - ------------------------------------------------------------
2025-12-21 21:16:08,503 - [INFO] - epoch: 350, loss_rrl: 107.94975859485567
2025-12-21 21:16:08,748 - [DEBUG] - y_true: (1447,) [0 0 0 0 0 1 0 0 0 0 0 0 0 0 0 0 0 1 0 0 0 0 0 0 1 0 0 0 0 0 0 0 0 0 0 0 0
 0 1 1 0]
2025-12-21 21:16:08,909 - [DEBUG] - y_rrl_: (1447,) [0 1 0 0 0 1 0 0 0 0 0 0 0 0 0 0 0 0 0 0 0 0 0 0 1 0 0 0 0 0 0 0 0 0 0 0 0
 0 0 0 0]
2025-12-21 21:16:08,909 - [DEBUG] - y_rrl: (1447, 2) [[ 3.5746832  -3.3899946 ]
 [-0.17615347  0.3609515 ]
 [ 2.9610608  -2.7729168 ]
 [ 2.9610608  -2.7729168 ]
 [ 2.9030302  -2.7154047 ]
 [-0.30768827  0.4944937 ]
 [ 3.5746832  -3.3899946 ]
 [ 3.5746832  -3.3899946 ]
 [ 3.5746832  -3.3899946 ]
 [ 2.5129435  -2.3311222 ]
 [ 1.1946248  -1.0113527 ]
 [ 2.9280171  -2.7448149 ]
 [ 3.1711533  -2.9870787 ]
 [ 2.9030302  -2.7154047 ]
 [ 3.5746832  -3.3899946 ]
 [ 3.5746832  -3.3899946 ]
 [ 2.9030302  -2.7154047 ]
 [ 1.8662778  -1.6859424 ]
 [ 2.5631878  -2.3795867 ]
 [ 2.5687346  -2.3829186 ]
 [ 3.5746832  -3.3899946 ]
 [ 3.5746832  -3.3899946 ]
 [ 3.5746832  -3.3899946 ]
 [ 2.9030302  -2.7154047 ]
 [-0.5620279   0.74967504]
 [ 1.1034651  -0.92113006]
 [ 2.5687346  -2.3829186 ]
 [ 3.5746832  -3.3899946 ]
 [ 2.5687346  -2.3829186 ]
 [ 3.2154005  -3.028098  ]
 [ 3.5746832  -3.3899946 ]
 [ 2.5687346  -2.3829186 ]
 [ 1.506995   -1.3240461 ]
 [ 1.506995   -1.3240461 ]
 [ 3.5746832  -3.3899946 ]
 [ 3.5746832  -3.3899946 ]
 [ 3.5746832  -3.3899946 ]
 [ 3.5746832  -3.3899946 ]
 [ 0.45512435 -0.27031863]
 [ 1.1753182  -0.99097943]
 [ 3.5746832  -3.3899946 ]]
2025-12-21 21:16:08,911 - [INFO] - ------------------------------------------------------------
2025-12-21 21:16:08,911 - [INFO] - On Validation Set:
	Accuracy of RRL  Model: 0.9032480995162405
	F1 Score of RRL  Model: 0.6819580507410199
2025-12-21 21:16:08,917 - [INFO] - On Validation Set:
Performance of  RRL Model: 
[[1257   29]
 [ 111   50]]
              precision    recall  f1-score   support

           0       0.92      0.98      0.95      1286
           1       0.63      0.31      0.42       161

    accuracy                           0.90      1447
   macro avg       0.78      0.64      0.68      1447
weighted avg       0.89      0.90      0.89      1447

2025-12-21 21:16:08,917 - [INFO] - ------------------------------------------------------------
2025-12-21 21:16:10,078 - [INFO] - epoch: 351, loss_rrl: 108.0513526070863
2025-12-21 21:16:10,547 - [DEBUG] - y_true: (1447,) [0 0 0 0 0 1 0 0 0 0 0 0 0 0 0 0 0 1 0 0 0 0 0 0 1 0 0 0 0 0 0 0 0 0 0 0 0
 0 1 1 0]
2025-12-21 21:16:10,806 - [DEBUG] - y_rrl_: (1447,) [0 0 0 0 0 0 0 0 0 0 0 0 0 0 0 0 0 0 0 0 0 0 0 0 1 0 0 0 0 0 0 0 0 0 0 0 0
 0 0 0 0]
2025-12-21 21:16:10,807 - [DEBUG] - y_rrl: (1447, 2) [[ 3.6308637  -3.446846  ]
 [ 0.24748784 -0.06596136]
 [ 2.3446705  -2.154289  ]
 [ 2.3446705  -2.154289  ]
 [ 3.6308637  -3.446846  ]
 [ 0.14936177  0.03737845]
 [ 3.6308637  -3.446846  ]
 [ 3.2709556  -3.0843341 ]
 [ 3.6308637  -3.446846  ]
 [ 2.201574   -2.0178037 ]
 [ 1.5582249  -1.3759351 ]
 [ 3.6308637  -3.446846  ]
 [ 3.6308637  -3.446846  ]
 [ 3.2709556  -3.0843341 ]
 [ 3.6308637  -3.446846  ]
 [ 3.6308637  -3.446846  ]
 [ 3.2709556  -3.0843341 ]
 [ 1.5582249  -1.3759351 ]
 [ 1.9869964  -1.8055415 ]
 [ 2.6276064  -2.4424653 ]
 [ 3.6308637  -3.446846  ]
 [ 3.2709556  -3.0843341 ]
 [ 3.6308637  -3.446846  ]
 [ 3.6308637  -3.446846  ]
 [-0.15831581  0.34267867]
 [ 1.2480056  -1.0653975 ]
 [ 3.2709556  -3.0843341 ]
 [ 3.6308637  -3.446846  ]
 [ 2.6276064  -2.4424653 ]
 [ 3.6308637  -3.446846  ]
 [ 3.6308637  -3.446846  ]
 [ 2.6276064  -2.4424653 ]
 [ 1.5582249  -1.3759351 ]
 [ 1.5582249  -1.3759351 ]
 [ 3.6308637  -3.446846  ]
 [ 3.6308637  -3.446846  ]
 [ 3.6308637  -3.446846  ]
 [ 3.6308637  -3.446846  ]
 [ 0.14936177  0.03737845]
 [ 0.86427283 -0.67799854]
 [ 3.2709556  -3.0843341 ]]
2025-12-21 21:16:10,812 - [INFO] - ------------------------------------------------------------
2025-12-21 21:16:10,812 - [INFO] - On Validation Set:
	Accuracy of RRL  Model: 0.9039391845196959
	F1 Score of RRL  Model: 0.6508016701823832
2025-12-21 21:16:10,864 - [INFO] - On Validation Set:
Performance of  RRL Model: 
[[1270   16]
 [ 123   38]]
              precision    recall  f1-score   support

           0       0.91      0.99      0.95      1286
           1       0.70      0.24      0.35       161

    accuracy                           0.90      1447
   macro avg       0.81      0.61      0.65      1447
weighted avg       0.89      0.90      0.88      1447

2025-12-21 21:16:10,864 - [INFO] - ------------------------------------------------------------
2025-12-21 21:16:11,881 - [INFO] - epoch: 352, loss_rrl: 107.78861137665808
2025-12-21 21:16:12,605 - [DEBUG] - y_true: (1447,) [0 0 0 0 0 1 0 0 0 0 0 0 0 0 0 0 0 1 0 0 0 0 0 0 1 0 0 0 0 0 0 0 0 0 0 0 0
 0 1 1 0]
2025-12-21 21:16:12,768 - [DEBUG] - y_rrl_: (1447,) [0 1 0 0 0 1 0 0 0 0 0 0 0 0 0 0 0 0 0 0 0 0 0 0 1 0 0 0 0 0 0 0 0 0 0 0 0
 0 1 0 0]
2025-12-21 21:16:12,769 - [DEBUG] - y_rrl: (1447, 2) [[ 3.6837     -3.500354  ]
 [ 0.03025705  0.15658537]
 [ 2.7429862  -2.55344   ]
 [ 2.7429862  -2.55344   ]
 [ 3.355537   -3.169418  ]
 [-0.20053184  0.3859843 ]
 [ 3.6837     -3.500354  ]
 [ 2.9987574  -2.8100443 ]
 [ 3.6837     -3.500354  ]
 [ 1.858877   -1.6770233 ]
 [ 0.8025651  -0.6227934 ]
 [ 2.6855297  -2.501063  ]
 [ 3.355537   -3.169418  ]
 [ 3.6837     -3.500354  ]
 [ 3.6837     -3.500354  ]
 [ 3.2687793  -3.086041  ]
 [ 3.3269205  -3.1409802 ]
 [ 0.8025651  -0.6227934 ]
 [ 1.7144344  -1.5308654 ]
 [ 2.3573666  -2.1701274 ]
 [ 3.6837     -3.500354  ]
 [ 3.6837     -3.500354  ]
 [ 3.355537   -3.169418  ]
 [ 3.6837     -3.500354  ]
 [-0.45630288  0.64258844]
 [ 0.47440207 -0.2918575 ]
 [ 1.6181453  -1.4365151 ]
 [ 3.355537   -3.169418  ]
 [ 2.3573666  -2.1701274 ]
 [ 3.3269205  -3.1409802 ]
 [ 3.6837     -3.500354  ]
 [ 2.9987574  -2.8100443 ]
 [ 0.8025651  -0.6227934 ]
 [ 0.8025651  -0.6227934 ]
 [ 3.6837     -3.500354  ]
 [ 2.9987574  -2.8100443 ]
 [ 3.355537   -3.169418  ]
 [ 3.355537   -3.169418  ]
 [-0.20053184  0.3859843 ]
 [ 0.87003076 -0.68763804]
 [ 2.9987574  -2.8100443 ]]
2025-12-21 21:16:12,771 - [INFO] - ------------------------------------------------------------
2025-12-21 21:16:12,771 - [INFO] - On Validation Set:
	Accuracy of RRL  Model: 0.9018659295093296
	F1 Score of RRL  Model: 0.6913803876332264
2025-12-21 21:16:12,777 - [INFO] - On Validation Set:
Performance of  RRL Model: 
[[1250   36]
 [ 106   55]]
              precision    recall  f1-score   support

           0       0.92      0.97      0.95      1286
           1       0.60      0.34      0.44       161

    accuracy                           0.90      1447
   macro avg       0.76      0.66      0.69      1447
weighted avg       0.89      0.90      0.89      1447

2025-12-21 21:16:12,777 - [INFO] - ------------------------------------------------------------
2025-12-21 21:16:13,493 - [INFO] - epoch: 353, loss_rrl: 108.65339499339461
2025-12-21 21:16:14,410 - [DEBUG] - y_true: (1447,) [0 0 0 0 0 1 0 0 0 0 0 0 0 0 0 0 0 1 0 0 0 0 0 0 1 0 0 0 0 0 0 0 0 0 0 0 0
 0 1 1 0]
2025-12-21 21:16:14,573 - [DEBUG] - y_rrl_: (1447,) [0 0 0 0 0 1 0 0 0 0 0 0 0 0 0 0 0 0 0 0 0 0 0 0 1 0 0 0 0 0 0 0 0 0 0 0 0
 0 0 0 0]
2025-12-21 21:16:14,574 - [DEBUG] - y_rrl: (1447, 2) [[ 3.5921354  -3.4094553 ]
 [ 0.27676472 -0.09603253]
 [ 2.9666378  -2.7805452 ]
 [ 2.9666378  -2.7805452 ]
 [ 3.5921354  -3.4094553 ]
 [-0.52706826  0.71267813]
 [ 3.5921354  -3.4094553 ]
 [ 3.3309157  -3.1474066 ]
 [ 3.5921354  -3.4094553 ]
 [ 2.2717173  -2.0910296 ]
 [ 1.8920418  -1.7136518 ]
 [ 2.9512403  -2.770029  ]
 [ 2.6023555  -2.4207468 ]
 [ 3.3309157  -3.1474066 ]
 [ 3.5921354  -3.4094553 ]
 [ 3.5921354  -3.4094553 ]
 [ 3.5921354  -3.4094553 ]
 [ 1.6308223  -1.451603  ]
 [ 2.341136   -2.1586983 ]
 [ 2.3257425  -2.1411185 ]
 [ 3.3309157  -3.1474066 ]
 [ 3.5921354  -3.4094553 ]
 [ 3.5921354  -3.4094553 ]
 [ 3.3309157  -3.1474066 ]
 [-0.52706826  0.71267813]
 [ 0.5379842  -0.3580814 ]
 [ 2.5869622  -2.4031672 ]
 [ 3.3309157  -3.1474066 ]
 [ 2.5869622  -2.4031672 ]
 [ 3.2278574  -3.0425937 ]
 [ 3.3309157  -3.1474066 ]
 [ 2.3257425  -2.1411185 ]
 [ 1.527764   -1.3467901 ]
 [ 1.2665445  -1.0847414 ]
 [ 3.5921354  -3.4094553 ]
 [ 3.3309157  -3.1474066 ]
 [ 3.5921354  -3.4094553 ]
 [ 3.3309157  -3.1474066 ]
 [ 0.24721825 -0.06358756]
 [ 1.2129321  -1.0305941 ]
 [ 3.3309157  -3.1474066 ]]
2025-12-21 21:16:14,576 - [INFO] - ------------------------------------------------------------
2025-12-21 21:16:14,576 - [INFO] - On Validation Set:
	Accuracy of RRL  Model: 0.9067035245335177
	F1 Score of RRL  Model: 0.699008482215083
2025-12-21 21:16:14,582 - [INFO] - On Validation Set:
Performance of  RRL Model: 
[[1257   29]
 [ 106   55]]
              precision    recall  f1-score   support

           0       0.92      0.98      0.95      1286
           1       0.65      0.34      0.45       161

    accuracy                           0.91      1447
   macro avg       0.79      0.66      0.70      1447
weighted avg       0.89      0.91      0.89      1447

2025-12-21 21:16:14,582 - [INFO] - ------------------------------------------------------------
2025-12-21 21:16:15,061 - [INFO] - epoch: 354, loss_rrl: 107.88760690577328
2025-12-21 21:16:16,203 - [DEBUG] - y_true: (1447,) [0 0 0 0 0 1 0 0 0 0 0 0 0 0 0 0 0 1 0 0 0 0 0 0 1 0 0 0 0 0 0 0 0 0 0 0 0
 0 1 1 0]
2025-12-21 21:16:16,364 - [DEBUG] - y_rrl_: (1447,) [0 0 0 0 0 0 0 0 0 0 0 0 0 0 0 0 0 0 0 0 0 0 0 0 1 0 0 0 0 0 0 0 0 0 0 0 0
 0 1 0 0]
2025-12-21 21:16:16,365 - [DEBUG] - y_rrl: (1447, 2) [[ 3.5717266  -3.3897092 ]
 [ 0.4956816  -0.31642282]
 [ 1.8907398  -1.703681  ]
 [ 2.2732837  -2.084985  ]
 [ 3.1891828  -3.0084052 ]
 [ 0.13184784  0.05286822]
 [ 3.5717266  -3.3897092 ]
 [ 3.5717266  -3.3897092 ]
 [ 3.5717266  -3.3897092 ]
 [ 2.1265502  -1.9485769 ]
 [ 0.47107515 -0.2956301 ]
 [ 1.5337074  -1.3554583 ]
 [ 3.1891828  -3.0084052 ]
 [ 3.1891828  -3.0084052 ]
 [ 3.5717266  -3.3897092 ]
 [ 2.5498843  -2.3689318 ]
 [ 3.5717266  -3.3897092 ]
 [ 0.47107515 -0.2956301 ]
 [ 2.5498843  -2.3689318 ]
 [ 2.5801566  -2.3970282 ]
 [ 3.5717266  -3.3897092 ]
 [ 3.1891828  -3.0084052 ]
 [ 3.1891828  -3.0084052 ]
 [ 3.5717266  -3.3897092 ]
 [-1.1580358   1.3425118 ]
 [ 1.1349801  -0.9558961 ]
 [ 1.5583138  -1.376251  ]
 [ 3.5717266  -3.3897092 ]
 [ 1.5970936  -1.4156687 ]
 [ 3.2137895  -3.0291977 ]
 [ 3.5717266  -3.3897092 ]
 [ 2.1976128  -2.0157242 ]
 [ 0.11313777  0.06488118]
 [ 0.11313777  0.06488118]
 [ 3.1891828  -3.0084052 ]
 [ 3.5717266  -3.3897092 ]
 [ 3.1891828  -3.0084052 ]
 [ 3.5717266  -3.3897092 ]
 [-0.5320571   0.71313417]
 [ 0.16420233  0.01641301]
 [ 3.5717266  -3.3897092 ]]
2025-12-21 21:16:16,367 - [INFO] - ------------------------------------------------------------
2025-12-21 21:16:16,367 - [INFO] - On Validation Set:
	Accuracy of RRL  Model: 0.8977194194885971
	F1 Score of RRL  Model: 0.6977247064137309
2025-12-21 21:16:16,373 - [INFO] - On Validation Set:
Performance of  RRL Model: 
[[1238   48]
 [ 100   61]]
              precision    recall  f1-score   support

           0       0.93      0.96      0.94      1286
           1       0.56      0.38      0.45       161

    accuracy                           0.90      1447
   macro avg       0.74      0.67      0.70      1447
weighted avg       0.88      0.90      0.89      1447

2025-12-21 21:16:16,373 - [INFO] - ------------------------------------------------------------
2025-12-21 21:16:16,628 - [INFO] - epoch: 355, loss_rrl: 107.15260684490204
2025-12-21 21:16:18,020 - [DEBUG] - y_true: (1447,) [0 0 0 0 0 1 0 0 0 0 0 0 0 0 0 0 0 1 0 0 0 0 0 0 1 0 0 0 0 0 0 0 0 0 0 0 0
 0 1 1 0]
2025-12-21 21:16:18,204 - [DEBUG] - y_rrl_: (1447,) [0 0 0 0 0 1 0 0 0 0 0 0 0 0 0 0 0 0 0 0 0 0 0 0 1 0 0 0 0 0 0 0 0 0 0 0 0
 0 1 0 0]
2025-12-21 21:16:18,204 - [DEBUG] - y_rrl: (1447, 2) [[ 3.5246375  -3.3432894 ]
 [ 0.49554226 -0.3175686 ]
 [ 2.8957453  -2.7110124 ]
 [ 2.8957453  -2.7110124 ]
 [ 3.5246375  -3.3432894 ]
 [ 0.08389248  0.10015154]
 [ 3.5246375  -3.3432894 ]
 [ 3.5246375  -3.3432894 ]
 [ 3.5246375  -3.3432894 ]
 [ 2.4704313  -2.2918692 ]
 [ 1.4200194  -1.2435129 ]
 [ 3.5246375  -3.3432894 ]
 [ 3.5246375  -3.3432894 ]
 [ 3.5246375  -3.3432894 ]
 [ 3.5246375  -3.3432894 ]
 [ 3.109568   -2.9288182 ]
 [ 3.5246375  -3.3432894 ]
 [ 1.4200194  -1.2435129 ]
 [ 1.8750752  -1.6962438 ]
 [ 2.527723   -2.3452682 ]
 [ 3.5246375  -3.3432894 ]
 [ 3.5246375  -3.3432894 ]
 [ 3.5246375  -3.3432894 ]
 [ 3.5246375  -3.3432894 ]
 [-0.59849733  0.7827642 ]
 [ 1.0946923  -0.9162577 ]
 [ 2.1088595  -1.9277337 ]
 [ 3.5246375  -3.3432894 ]
 [ 2.527723   -2.3452682 ]
 [ 3.1630654  -2.9791536 ]
 [ 3.5246375  -3.3432894 ]
 [ 2.527723   -2.3452682 ]
 [ 1.0584474  -0.8793772 ]
 [ 1.0584474  -0.8793772 ]
 [ 3.5246375  -3.3432894 ]
 [ 3.5246375  -3.3432894 ]
 [ 3.5246375  -3.3432894 ]
 [ 3.5246375  -3.3432894 ]
 [ 0.03039487  0.15048695]
 [ 0.72610784 -0.54568696]
 [ 3.5246375  -3.3432894 ]]
2025-12-21 21:16:18,206 - [INFO] - ------------------------------------------------------------
2025-12-21 21:16:18,206 - [INFO] - On Validation Set:
	Accuracy of RRL  Model: 0.9080856945404284
	F1 Score of RRL  Model: 0.71602708537145
2025-12-21 21:16:18,212 - [INFO] - On Validation Set:
Performance of  RRL Model: 
[[1252   34]
 [  99   62]]
              precision    recall  f1-score   support

           0       0.93      0.97      0.95      1286
           1       0.65      0.39      0.48       161

    accuracy                           0.91      1447
   macro avg       0.79      0.68      0.72      1447
weighted avg       0.90      0.91      0.90      1447

2025-12-21 21:16:18,212 - [INFO] - ------------------------------------------------------------
2025-12-21 21:16:18,244 - [INFO] - epoch: 356, loss_rrl: 106.70715623535216
2025-12-21 21:16:19,712 - [INFO] - epoch: 357, loss_rrl: 109.56365987285972
2025-12-21 21:16:19,935 - [DEBUG] - y_true: (1447,) [0 0 0 0 0 1 0 0 0 0 0 0 0 0 0 0 0 1 0 0 0 0 0 0 1 0 0 0 0 0 0 0 0 0 0 0 0
 0 1 1 0]
2025-12-21 21:16:20,096 - [DEBUG] - y_rrl_: (1447,) [0 1 0 0 0 1 0 0 0 0 0 0 0 0 0 0 0 0 0 0 0 0 0 0 1 0 0 0 0 0 0 0 0 0 0 0 0
 0 0 0 0]
2025-12-21 21:16:20,096 - [DEBUG] - y_rrl: (1447, 2) [[ 2.8901455  -2.7098765 ]
 [-0.2032433   0.38405955]
 [ 2.5306284  -2.3478062 ]
 [ 2.914703   -2.7306516 ]
 [ 2.8901455  -2.7098765 ]
 [-0.573014    0.7566063 ]
 [ 3.5375056  -3.356825  ]
 [ 3.5375056  -3.356825  ]
 [ 3.5375056  -3.356825  ]
 [ 2.480727   -2.3028152 ]
 [ 1.4214733  -1.2445686 ]
 [ 3.125612   -2.945527  ]
 [ 3.125612   -2.945527  ]
 [ 2.8901455  -2.7098765 ]
 [ 3.5375056  -3.356825  ]
 [ 2.478252   -2.2985785 ]
 [ 2.8901455  -2.7098765 ]
 [ 2.068833   -1.8915172 ]
 [ 1.8754423  -1.6962279 ]
 [ 2.549126   -2.3673434 ]
 [ 3.5375056  -3.356825  ]
 [ 2.8901455  -2.7098765 ]
 [ 2.8901455  -2.7098765 ]
 [ 2.8901455  -2.7098765 ]
 [-0.573014    0.7566063 ]
 [ 1.0804538  -0.9020355 ]
 [ 2.7660947  -2.5834565 ]
 [ 3.5375056  -3.356825  ]
 [ 3.1779885  -2.9947548 ]
 [ 3.1779885  -2.9947548 ]
 [ 3.5375056  -3.356825  ]
 [ 2.549126   -2.3673434 ]
 [ 1.0619563  -0.88249826]
 [ 1.0619563  -0.88249826]
 [ 3.5375056  -3.356825  ]
 [ 3.5375056  -3.356825  ]
 [ 2.8901455  -2.7098765 ]
 [ 2.8901455  -2.7098765 ]
 [ 0.678651   -0.4969784 ]
 [ 0.7405859  -0.56082404]
 [ 2.8901455  -2.7098765 ]]
2025-12-21 21:16:20,098 - [INFO] - ------------------------------------------------------------
2025-12-21 21:16:20,099 - [INFO] - On Validation Set:
	Accuracy of RRL  Model: 0.9011748445058743
	F1 Score of RRL  Model: 0.6946757384068973
2025-12-21 21:16:20,104 - [INFO] - On Validation Set:
Performance of  RRL Model: 
[[1247   39]
 [ 104   57]]
              precision    recall  f1-score   support

           0       0.92      0.97      0.95      1286
           1       0.59      0.35      0.44       161

    accuracy                           0.90      1447
   macro avg       0.76      0.66      0.69      1447
weighted avg       0.89      0.90      0.89      1447

2025-12-21 21:16:20,105 - [INFO] - ------------------------------------------------------------
2025-12-21 21:16:21,422 - [INFO] - epoch: 358, loss_rrl: 107.24486230686307
2025-12-21 21:16:21,957 - [DEBUG] - y_true: (1447,) [0 0 0 0 0 1 0 0 0 0 0 0 0 0 0 0 0 1 0 0 0 0 0 0 1 0 0 0 0 0 0 0 0 0 0 0 0
 0 1 1 0]
2025-12-21 21:16:22,119 - [DEBUG] - y_rrl_: (1447,) [0 0 0 0 0 1 0 0 0 0 0 0 0 0 0 0 0 0 0 0 0 0 0 0 1 0 0 0 0 0 0 0 0 0 0 0 0
 0 1 0 0]
2025-12-21 21:16:22,119 - [DEBUG] - y_rrl: (1447, 2) [[ 3.4056344  -3.224805  ]
 [ 0.60390806 -0.4265948 ]
 [ 2.3702204  -2.184005  ]
 [ 2.3702204  -2.184005  ]
 [ 3.4056344  -3.224805  ]
 [-0.4655252   0.64844704]
 [ 3.6645274  -3.484512  ]
 [ 3.3078282  -3.1252697 ]
 [ 3.6645274  -3.484512  ]
 [ 2.2455494  -2.0657403 ]
 [ 0.76335096 -0.58463097]
 [ 2.7054663  -2.5233653 ]
 [ 3.2461915  -3.0667691 ]
 [ 3.4056344  -3.224805  ]
 [ 3.6645274  -3.484512  ]
 [ 2.8032725  -2.6229007 ]
 [ 3.0489352  -2.8655627 ]
 [ 1.022244   -0.8443378 ]
 [ 1.7639928  -1.5856596 ]
 [ 2.6868846  -2.5057716 ]
 [ 3.6645274  -3.484512  ]
 [ 3.4056344  -3.224805  ]
 [ 3.4056344  -3.224805  ]
 [ 3.4056344  -3.224805  ]
 [-1.0678873   1.2503514 ]
 [ 1.2062699  -1.0284991 ]
 [ 2.0845227  -1.9038671 ]
 [ 3.6645274  -3.484512  ]
 [ 2.0845227  -1.9038671 ]
 [ 3.3078282  -3.1252697 ]
 [ 3.6645274  -3.484512  ]
 [ 2.6868846  -2.5057716 ]
 [ 0.76335096 -0.58463097]
 [ 0.76335096 -0.58463097]
 [ 3.6645274  -3.484512  ]
 [ 3.3078282  -3.1252697 ]
 [ 3.4056344  -3.224805  ]
 [ 3.4056344  -3.224805  ]
 [-0.39065814  0.5729015 ]
 [ 0.6644639  -0.48522222]
 [ 3.0489352  -2.8655627 ]]
2025-12-21 21:16:22,121 - [INFO] - ------------------------------------------------------------
2025-12-21 21:16:22,121 - [INFO] - On Validation Set:
	Accuracy of RRL  Model: 0.9046302695231514
	F1 Score of RRL  Model: 0.7339393067280635
2025-12-21 21:16:22,127 - [INFO] - On Validation Set:
Performance of  RRL Model: 
[[1234   52]
 [  86   75]]
              precision    recall  f1-score   support

           0       0.93      0.96      0.95      1286
           1       0.59      0.47      0.52       161

    accuracy                           0.90      1447
   macro avg       0.76      0.71      0.73      1447
weighted avg       0.90      0.90      0.90      1447

2025-12-21 21:16:22,127 - [INFO] - ------------------------------------------------------------
2025-12-21 21:16:23,104 - [INFO] - epoch: 359, loss_rrl: 107.42970642447472
2025-12-21 21:16:23,777 - [DEBUG] - y_true: (1447,) [0 0 0 0 0 1 0 0 0 0 0 0 0 0 0 0 0 1 0 0 0 0 0 0 1 0 0 0 0 0 0 0 0 0 0 0 0
 0 1 1 0]
2025-12-21 21:16:23,940 - [DEBUG] - y_rrl_: (1447,) [0 0 0 0 0 1 0 0 0 0 0 0 0 0 0 0 0 0 0 0 0 0 0 0 1 0 0 0 0 0 0 0 0 0 0 0 0
 0 1 0 0]
2025-12-21 21:16:23,941 - [DEBUG] - y_rrl: (1447, 2) [[ 3.463632   -3.2834747 ]
 [ 0.5118192  -0.33105165]
 [ 2.775068   -2.589671  ]
 [ 2.775068   -2.589671  ]
 [ 3.1297686  -2.9469044 ]
 [-0.39898053  0.58122647]
 [ 3.720475   -3.541127  ]
 [ 2.775068   -2.589671  ]
 [ 3.720475   -3.541127  ]
 [ 2.052436   -1.8724798 ]
 [ 1.0184195  -0.84049284]
 [ 2.746374   -2.565934  ]
 [ 3.3866115  -3.204557  ]
 [ 3.463632   -3.2834747 ]
 [ 3.720475   -3.541127  ]
 [ 3.0490158  -2.869448  ]
 [ 3.1089315  -2.9262412 ]
 [ 1.0184195  -0.84049284]
 [ 1.5083985  -1.32802   ]
 [ 2.1556675  -1.971711  ]
 [ 3.463632   -3.2834747 ]
 [ 3.463632   -3.2834747 ]
 [ 3.1297686  -2.9469044 ]
 [ 3.463632   -3.2834747 ]
 [-0.39898053  0.58122647]
 [ 0.9413989  -0.76157546]
 [ 1.6898787  -1.5121727 ]
 [ 3.1297686  -2.9469044 ]
 [ 2.4125104  -2.2293637 ]
 [ 3.3657744  -3.1838934 ]
 [ 3.463632   -3.2834747 ]
 [ 2.775068   -2.589671  ]
 [ 1.0184195  -0.84049284]
 [ 1.0184195  -0.84049284]
 [ 3.720475   -3.541127  ]
 [ 2.775068   -2.589671  ]
 [ 3.1297686  -2.9469044 ]
 [ 3.1297686  -2.9469044 ]
 [-0.39898053  0.58122647]
 [ 0.90898365 -0.7305373 ]
 [ 2.775068   -2.589671  ]]
2025-12-21 21:16:23,943 - [INFO] - ------------------------------------------------------------
2025-12-21 21:16:23,943 - [INFO] - On Validation Set:
	Accuracy of RRL  Model: 0.9115411195577056
	F1 Score of RRL  Model: 0.7350453759970703
2025-12-21 21:16:23,949 - [INFO] - On Validation Set:
Performance of  RRL Model: 
[[1250   36]
 [  92   69]]
              precision    recall  f1-score   support

           0       0.93      0.97      0.95      1286
           1       0.66      0.43      0.52       161

    accuracy                           0.91      1447
   macro avg       0.79      0.70      0.74      1447
weighted avg       0.90      0.91      0.90      1447

2025-12-21 21:16:23,949 - [INFO] - ------------------------------------------------------------
2025-12-21 21:16:24,698 - [INFO] - epoch: 360, loss_rrl: 108.97097361274064
2025-12-21 21:16:25,607 - [DEBUG] - y_true: (1447,) [0 0 0 0 0 1 0 0 0 0 0 0 0 0 0 0 0 1 0 0 0 0 0 0 1 0 0 0 0 0 0 0 0 0 0 0 0
 0 1 1 0]
2025-12-21 21:16:25,771 - [DEBUG] - y_rrl_: (1447,) [0 0 0 0 0 1 0 0 0 0 0 0 0 0 0 0 0 0 0 0 0 0 0 0 1 0 0 0 0 0 0 0 0 0 0 0 0
 0 1 0 0]
2025-12-21 21:16:25,772 - [DEBUG] - y_rrl: (1447, 2) [[ 3.6109276  -3.4322395 ]
 [ 0.33909225 -0.16226768]
 [ 2.9906785  -2.8086615 ]
 [ 2.9906785  -2.8086615 ]
 [ 3.6109276  -3.4322395 ]
 [-0.48658717  0.6681669 ]
 [ 3.6109276  -3.4322395 ]
 [ 2.9906785  -2.8086615 ]
 [ 3.6109276  -3.4322395 ]
 [ 1.5245074  -1.3464206 ]
 [ 0.765814   -0.59055525]
 [ 2.2319853  -2.0527964 ]
 [ 2.6360602  -2.4584126 ]
 [ 3.3582673  -3.1787734 ]
 [ 3.6109276  -3.4322395 ]
 [ 3.210191   -3.0320902 ]
 [ 3.2433393  -3.0621276 ]
 [ 0.51315343 -0.33708876]
 [ 2.3834     -2.204946  ]
 [ 2.3800614  -2.1994793 ]
 [ 3.3582673  -3.1787734 ]
 [ 3.6109276  -3.4322395 ]
 [ 3.6109276  -3.4322395 ]
 [ 3.3582673  -3.1787734 ]
 [-0.48658717  0.6681669 ]
 [ 0.19168338 -0.01687766]
 [ 1.7765007  -1.5985938 ]
 [ 3.3582673  -3.1787734 ]
 [ 2.632722   -2.4529457 ]
 [ 3.2433393  -3.0621276 ]
 [ 3.3582673  -3.1787734 ]
 [ 2.3800614  -2.1994793 ]
 [ 0.765814   -0.59055525]
 [ 0.51315343 -0.33708876]
 [ 3.6109276  -3.4322395 ]
 [ 2.9906785  -2.8086615 ]
 [ 3.6109276  -3.4322395 ]
 [ 3.3582673  -3.1787734 ]
 [-0.48658717  0.6681669 ]
 [ 0.8175917  -0.6397968 ]
 [ 2.9906785  -2.8086615 ]]
2025-12-21 21:16:25,774 - [INFO] - ------------------------------------------------------------
2025-12-21 21:16:25,774 - [INFO] - On Validation Set:
	Accuracy of RRL  Model: 0.9053213545266068
	F1 Score of RRL  Model: 0.7135079983756122
2025-12-21 21:16:25,779 - [INFO] - On Validation Set:
Performance of  RRL Model: 
[[1247   39]
 [  98   63]]
              precision    recall  f1-score   support

           0       0.93      0.97      0.95      1286
           1       0.62      0.39      0.48       161

    accuracy                           0.91      1447
   macro avg       0.77      0.68      0.71      1447
weighted avg       0.89      0.91      0.90      1447

2025-12-21 21:16:25,780 - [INFO] - ------------------------------------------------------------
2025-12-21 21:16:26,300 - [INFO] - epoch: 361, loss_rrl: 107.60337256267667
2025-12-21 21:16:27,466 - [DEBUG] - y_true: (1447,) [0 0 0 0 0 1 0 0 0 0 0 0 0 0 0 0 0 1 0 0 0 0 0 0 1 0 0 0 0 0 0 0 0 0 0 0 0
 0 1 1 0]
2025-12-21 21:16:27,632 - [DEBUG] - y_rrl_: (1447,) [0 0 0 0 0 0 0 0 0 0 0 0 0 0 0 0 0 0 0 0 0 0 0 0 1 0 0 0 0 0 0 0 0 0 0 0 0
 0 0 0 0]
2025-12-21 21:16:27,632 - [DEBUG] - y_rrl: (1447, 2) [[ 3.6401951  -3.4621563 ]
 [ 0.35292515 -0.17415005]
 [ 1.9586887  -1.7757367 ]
 [ 2.3591394  -2.17498   ]
 [ 3.2397447  -3.0629132 ]
 [ 0.21297303 -0.03226939]
 [ 3.6401951  -3.4621563 ]
 [ 3.6401951  -3.4621563 ]
 [ 3.6401951  -3.4621563 ]
 [ 2.1769502  -2.002822  ]
 [ 1.566287   -1.3935881 ]
 [ 2.6290817  -2.4536793 ]
 [ 3.2397447  -3.0629132 ]
 [ 3.2397447  -3.0629132 ]
 [ 3.6401951  -3.4621563 ]
 [ 3.6401951  -3.4621563 ]
 [ 3.6401951  -3.4621563 ]
 [ 1.566287   -1.3935881 ]
 [ 2.6576123  -2.4806075 ]
 [ 2.6674008  -2.4882765 ]
 [ 3.6401951  -3.4621563 ]
 [ 3.2397447  -3.0629132 ]
 [ 3.2397447  -3.0629132 ]
 [ 3.6401951  -3.4621563 ]
 [-1.020454    1.200925  ]
 [ 1.2041556  -1.0289426 ]
 [ 2.6674008  -2.4882765 ]
 [ 3.6401951  -3.4621563 ]
 [ 2.2669504  -2.0890334 ]
 [ 3.2780638  -3.0975108 ]
 [ 3.6401951  -3.4621563 ]
 [ 2.2669504  -2.0890334 ]
 [ 1.2041556  -1.0289426 ]
 [ 1.2041556  -1.0289426 ]
 [ 3.2397447  -3.0629132 ]
 [ 3.6401951  -3.4621563 ]
 [ 3.2397447  -3.0629132 ]
 [ 3.6401951  -3.4621563 ]
 [ 0.5751043  -0.39691496]
 [ 1.2580256  -1.0802914 ]
 [ 3.6401951  -3.4621563 ]]
2025-12-21 21:16:27,634 - [INFO] - ------------------------------------------------------------
2025-12-21 21:16:27,634 - [INFO] - On Validation Set:
	Accuracy of RRL  Model: 0.9032480995162405
	F1 Score of RRL  Model: 0.6640286051664434
2025-12-21 21:16:27,640 - [INFO] - On Validation Set:
Performance of  RRL Model: 
[[1264   22]
 [ 118   43]]
              precision    recall  f1-score   support

           0       0.91      0.98      0.95      1286
           1       0.66      0.27      0.38       161

    accuracy                           0.90      1447
   macro avg       0.79      0.62      0.66      1447
weighted avg       0.89      0.90      0.88      1447

2025-12-21 21:16:27,641 - [INFO] - ------------------------------------------------------------
2025-12-21 21:16:27,969 - [INFO] - epoch: 362, loss_rrl: 108.81634219922125
2025-12-21 21:16:29,589 - [DEBUG] - y_true: (1447,) [0 0 0 0 0 1 0 0 0 0 0 0 0 0 0 0 0 1 0 0 0 0 0 0 1 0 0 0 0 0 0 0 0 0 0 0 0
 0 1 1 0]
2025-12-21 21:16:29,760 - [DEBUG] - y_rrl_: (1447,) [0 0 0 0 0 1 0 0 0 0 0 0 0 0 0 0 0 0 0 0 0 0 0 0 1 0 0 0 0 0 0 0 0 1 0 0 0
 0 1 0 0]
2025-12-21 21:16:29,760 - [DEBUG] - y_rrl: (1447, 2) [[ 3.5247831  -3.3473947 ]
 [ 0.23211068 -0.05655839]
 [ 2.5154705  -2.3359818 ]
 [ 2.9155788  -2.734888  ]
 [ 3.1246748  -2.9484885 ]
 [-0.14304723  0.32389396]
 [ 3.5247831  -3.3473947 ]
 [ 3.2782922  -3.1001058 ]
 [ 3.5247831  -3.3473947 ]
 [ 2.2184637  -2.0429628 ]
 [ 0.84131527 -0.66906476]
 [ 2.1108108  -1.9356526 ]
 [ 3.1246748  -2.9484885 ]
 [ 2.8781838  -2.7011995 ]
 [ 3.5247831  -3.3473947 ]
 [ 2.510919   -2.3345592 ]
 [ 3.5247831  -3.3473947 ]
 [ 0.5948242  -0.42177594]
 [ 2.2644281  -2.08727   ]
 [ 2.3058038  -2.1265366 ]
 [ 3.2782922  -3.1001058 ]
 [ 3.1246748  -2.9484885 ]
 [ 3.1246748  -2.9484885 ]
 [ 3.2782922  -3.1001058 ]
 [-1.1569116   1.3367295 ]
 [ 1.0923576  -0.9177765 ]
 [ 1.0883768  -0.9121984 ]
 [ 3.2782922  -3.1001058 ]
 [ 1.5574913  -1.380672  ]
 [ 3.1620698  -2.982177  ]
 [ 3.2782922  -3.1001058 ]
 [ 1.9056954  -1.7276303 ]
 [ 0.4786017  -0.3038472 ]
 [-0.16799772  0.3423478 ]
 [ 3.1246748  -2.9484885 ]
 [ 3.2782922  -3.1001058 ]
 [ 3.1246748  -2.9484885 ]
 [ 3.2782922  -3.1001058 ]
 [-0.79419804  0.9715118 ]
 [ 0.1363358   0.03972651]
 [ 3.2782922  -3.1001058 ]]
2025-12-21 21:16:29,762 - [INFO] - ------------------------------------------------------------
2025-12-21 21:16:29,763 - [INFO] - On Validation Set:
	Accuracy of RRL  Model: 0.8997926744989634
	F1 Score of RRL  Model: 0.7086813148668819
2025-12-21 21:16:29,768 - [INFO] - On Validation Set:
Performance of  RRL Model: 
[[1237   49]
 [  96   65]]
              precision    recall  f1-score   support

           0       0.93      0.96      0.94      1286
           1       0.57      0.40      0.47       161

    accuracy                           0.90      1447
   macro avg       0.75      0.68      0.71      1447
weighted avg       0.89      0.90      0.89      1447

2025-12-21 21:16:29,769 - [INFO] - ------------------------------------------------------------
2025-12-21 21:16:29,835 - [INFO] - epoch: 363, loss_rrl: 107.12068027071655
2025-12-21 21:16:31,303 - [INFO] - epoch: 364, loss_rrl: 108.42778090387583
2025-12-21 21:16:31,486 - [DEBUG] - y_true: (1447,) [0 0 0 0 0 1 0 0 0 0 0 0 0 0 0 0 0 1 0 0 0 0 0 0 1 0 0 0 0 0 0 0 0 0 0 0 0
 0 1 1 0]
2025-12-21 21:16:31,647 - [DEBUG] - y_rrl_: (1447,) [0 1 0 0 0 1 0 0 0 0 0 0 0 0 0 0 0 0 0 0 0 0 0 0 1 1 0 0 0 0 0 0 0 0 0 0 0
 0 1 0 0]
2025-12-21 21:16:31,648 - [DEBUG] - y_rrl: (1447, 2) [[ 3.0710962  -2.8955572 ]
 [-1.2192311   1.3983929 ]
 [ 2.1295671  -1.9480749 ]
 [ 2.5391643  -2.3564746 ]
 [ 2.7446058  -2.566402  ]
 [-0.6296136   0.8092201 ]
 [ 3.4806933  -3.303957  ]
 [ 2.5391643  -2.3564746 ]
 [ 3.4806933  -3.303957  ]
 [ 1.802997   -1.6256417 ]
 [ 1.0297755  -0.8558293 ]
 [ 2.092433   -1.9158176 ]
 [ 1.3618232  -1.1821481 ]
 [ 2.4560575  -2.27723   ]
 [ 3.1122606  -2.9330304 ]
 [ 3.0710962  -2.8955572 ]
 [ 2.7026634  -2.5246305 ]
 [ 1.1927668  -1.0168287 ]
 [ 0.87341964 -0.6968615 ]
 [ 1.9289341  -1.747662  ]
 [ 3.2340875  -3.0565565 ]
 [ 2.7026634  -2.5246305 ]
 [ 2.7446058  -2.566402  ]
 [ 2.4560575  -2.27723   ]
 [-0.6296136   0.8092201 ]
 [-0.31106478  0.486653  ]
 [ 3.1122606  -2.9330304 ]
 [ 2.5391643  -2.3564746 ]
 [ 1.7659428  -1.5866624 ]
 [ 3.1122606  -2.9330304 ]
 [ 3.2340875  -3.0565565 ]
 [ 1.5193369  -1.3392621 ]
 [ 1.0297755  -0.8558293 ]
 [ 0.7831696  -0.6084289 ]
 [ 3.0710962  -2.8955572 ]
 [ 2.5391643  -2.3564746 ]
 [ 2.7446058  -2.566402  ]
 [ 2.1295671  -1.9480749 ]
 [-0.20488124  0.3850659 ]
 [ 0.73183936 -0.5529023 ]
 [ 2.1295671  -1.9480749 ]]
2025-12-21 21:16:31,650 - [INFO] - ------------------------------------------------------------
2025-12-21 21:16:31,650 - [INFO] - On Validation Set:
	Accuracy of RRL  Model: 0.9018659295093296
	F1 Score of RRL  Model: 0.7463659704735102
2025-12-21 21:16:31,656 - [INFO] - On Validation Set:
Performance of  RRL Model: 
[[1219   67]
 [  75   86]]
              precision    recall  f1-score   support

           0       0.94      0.95      0.94      1286
           1       0.56      0.53      0.55       161

    accuracy                           0.90      1447
   macro avg       0.75      0.74      0.75      1447
weighted avg       0.90      0.90      0.90      1447

2025-12-21 21:16:31,656 - [INFO] - ------------------------------------------------------------
2025-12-21 21:16:32,910 - [INFO] - epoch: 365, loss_rrl: 107.60740805603564
2025-12-21 21:16:33,325 - [DEBUG] - y_true: (1447,) [0 0 0 0 0 1 0 0 0 0 0 0 0 0 0 0 0 1 0 0 0 0 0 0 1 0 0 0 0 0 0 0 0 0 0 0 0
 0 1 1 0]
2025-12-21 21:16:33,486 - [DEBUG] - y_rrl_: (1447,) [0 0 0 0 0 1 0 0 0 0 0 0 0 0 0 0 0 0 0 0 0 0 0 0 1 0 0 0 0 0 0 0 0 0 0 0 0
 0 1 0 0]
2025-12-21 21:16:33,487 - [DEBUG] - y_rrl: (1447, 2) [[ 3.7036705  -3.5275865 ]
 [ 1.0215513  -0.8505499 ]
 [ 3.0892658  -2.9099064 ]
 [ 3.0892658  -2.9099064 ]
 [ 3.7036705  -3.5275865 ]
 [-0.75195855  0.9296742 ]
 [ 3.7036705  -3.5275865 ]
 [ 3.3389645  -3.160396  ]
 [ 3.7036705  -3.5275865 ]
 [ 1.8748035  -1.7000797 ]
 [ 1.2548351  -1.0815238 ]
 [ 2.491982   -2.317753  ]
 [ 2.6982377  -2.5231717 ]
 [ 3.7036705  -3.5275865 ]
 [ 3.7036705  -3.5275865 ]
 [ 3.1119504  -2.9363086 ]
 [ 3.3389645  -3.160396  ]
 [ 0.66311514 -0.49024582]
 [ 2.0782695  -1.9046156 ]
 [ 2.7189963  -2.54184   ]
 [ 3.7036705  -3.5275865 ]
 [ 3.7036705  -3.5275865 ]
 [ 3.7036705  -3.5275865 ]
 [ 3.7036705  -3.5275865 ]
 [-0.6369514   0.8129732 ]
 [ 0.61410856 -0.44429916]
 [ 2.7472444  -2.5691183 ]
 [ 3.7036705  -3.5275865 ]
 [ 2.1272762  -1.9505622 ]
 [ 3.7036705  -3.5275865 ]
 [ 3.7036705  -3.5275865 ]
 [ 2.7189963  -2.54184   ]
 [ 1.2548351  -1.0815238 ]
 [ 0.66311514 -0.49024582]
 [ 3.7036705  -3.5275865 ]
 [ 3.7036705  -3.5275865 ]
 [ 3.1119504  -2.9363086 ]
 [ 3.7036705  -3.5275865 ]
 [-0.33824608  0.5165371 ]
 [ 0.72847843 -0.55312324]
 [ 3.3389645  -3.160396  ]]
2025-12-21 21:16:33,489 - [INFO] - ------------------------------------------------------------
2025-12-21 21:16:33,489 - [INFO] - On Validation Set:
	Accuracy of RRL  Model: 0.9060124395300622
	F1 Score of RRL  Model: 0.7106374469186341
2025-12-21 21:16:33,495 - [INFO] - On Validation Set:
Performance of  RRL Model: 
[[1250   36]
 [ 100   61]]
              precision    recall  f1-score   support

           0       0.93      0.97      0.95      1286
           1       0.63      0.38      0.47       161

    accuracy                           0.91      1447
   macro avg       0.78      0.68      0.71      1447
weighted avg       0.89      0.91      0.90      1447

2025-12-21 21:16:33,495 - [INFO] - ------------------------------------------------------------
2025-12-21 21:16:34,530 - [INFO] - epoch: 366, loss_rrl: 108.5100873298943
2025-12-21 21:16:35,199 - [DEBUG] - y_true: (1447,) [0 0 0 0 0 1 0 0 0 0 0 0 0 0 0 0 0 1 0 0 0 0 0 0 1 0 0 0 0 0 0 0 0 0 0 0 0
 0 1 1 0]
2025-12-21 21:16:35,359 - [DEBUG] - y_rrl_: (1447,) [0 0 0 0 0 1 0 0 0 0 0 0 0 0 0 0 0 0 0 0 0 0 0 0 1 0 0 0 0 0 0 0 0 0 0 0 0
 0 1 0 0]
2025-12-21 21:16:35,359 - [DEBUG] - y_rrl: (1447, 2) [[ 2.3853717  -2.211786  ]
 [ 0.81898886 -0.6447747 ]
 [ 3.0777035  -2.8990073 ]
 [ 3.441162   -3.2649412 ]
 [ 2.3853717  -2.211786  ]
 [-0.4133472   0.5916409 ]
 [ 3.6966238  -3.5211904 ]
 [ 3.0777035  -2.8990073 ]
 [ 3.6966238  -3.5211904 ]
 [ 1.6154246  -1.4405506 ]
 [ 0.5938899  -0.42099512]
 [ 2.7187977  -2.5422957 ]
 [ 2.6408336  -2.4680352 ]
 [ 3.441162   -3.2649412 ]
 [ 2.6408336  -2.4680352 ]
 [ 3.0339952  -2.8583465 ]
 [ 3.0777035  -2.8990073 ]
 [ 0.5938899  -0.42099512]
 [ 0.77528054 -0.60411394]
 [ 1.771004   -1.5988252 ]
 [ 2.3853717  -2.211786  ]
 [ 3.441162   -3.2649412 ]
 [ 2.3853717  -2.211786  ]
 [ 2.3853717  -2.211786  ]
 [-0.4133472   0.5916409 ]
 [ 0.84935194 -0.6772443 ]
 [ 1.6630071  -1.4891404 ]
 [ 2.3853717  -2.211786  ]
 [ 2.7187977  -2.5422957 ]
 [ 2.6408336  -2.4680352 ]
 [ 3.441162   -3.2649412 ]
 [ 1.771004   -1.5988252 ]
 [ 0.5938899  -0.42099512]
 [ 0.5938899  -0.42099512]
 [ 2.6408336  -2.4680352 ]
 [ 3.441162   -3.2649412 ]
 [ 3.441162   -3.2649412 ]
 [ 2.3853717  -2.211786  ]
 [-0.4133472   0.5916409 ]
 [ 0.90559393 -0.73101276]
 [ 3.0777035  -2.8990073 ]]
2025-12-21 21:16:35,361 - [INFO] - ------------------------------------------------------------
2025-12-21 21:16:35,361 - [INFO] - On Validation Set:
	Accuracy of RRL  Model: 0.9108500345542502
	F1 Score of RRL  Model: 0.735651619755709
2025-12-21 21:16:35,367 - [INFO] - On Validation Set:
Performance of  RRL Model: 
[[1248   38]
 [  91   70]]
              precision    recall  f1-score   support

           0       0.93      0.97      0.95      1286
           1       0.65      0.43      0.52       161

    accuracy                           0.91      1447
   macro avg       0.79      0.70      0.74      1447
weighted avg       0.90      0.91      0.90      1447

2025-12-21 21:16:35,367 - [INFO] - ------------------------------------------------------------
2025-12-21 21:16:36,186 - [INFO] - epoch: 367, loss_rrl: 108.4046662710607
2025-12-21 21:16:37,094 - [DEBUG] - y_true: (1447,) [0 0 0 0 0 1 0 0 0 0 0 0 0 0 0 0 0 1 0 0 0 0 0 0 1 0 0 0 0 0 0 0 0 0 0 0 0
 0 1 1 0]
2025-12-21 21:16:37,253 - [DEBUG] - y_rrl_: (1447,) [0 0 0 0 0 1 0 0 0 0 0 0 0 0 0 0 0 0 0 0 0 0 0 0 1 0 0 0 0 0 0 0 0 0 0 0 0
 0 1 0 0]
2025-12-21 21:16:37,254 - [DEBUG] - y_rrl: (1447, 2) [[ 3.7343855  -3.559597  ]
 [ 1.0532328  -0.8797863 ]
 [ 3.118308   -2.9402704 ]
 [ 3.118308   -2.9402704 ]
 [ 3.7343855  -3.559597  ]
 [ 0.0393054   0.1389057 ]
 [ 3.7343855  -3.559597  ]
 [ 3.118308   -2.9402704 ]
 [ 3.7343855  -3.559597  ]
 [ 1.656684   -1.4824481 ]
 [ 0.9058211  -0.7343396 ]
 [ 2.3674452  -2.192162  ]
 [ 3.7343855  -3.559597  ]
 [ 3.4829488  -3.3073769 ]
 [ 3.7343855  -3.559597  ]
 [ 3.3382068  -3.163988  ]
 [ 3.3697445  -3.1924906 ]
 [ 0.65438455 -0.48211965]
 [ 2.5160594  -2.341495  ]
 [ 2.5121872  -2.3355508 ]
 [ 3.4829488  -3.3073769 ]
 [ 3.7343855  -3.559597  ]
 [ 3.7343855  -3.559597  ]
 [ 3.4829488  -3.3073769 ]
 [-0.35687315  0.5345146 ]
 [ 1.3019997  -1.1299485 ]
 [ 1.9107903  -1.736726  ]
 [ 3.4829488  -3.3073769 ]
 [ 2.7636237  -2.587771  ]
 [ 3.3697445  -3.1924906 ]
 [ 3.4829488  -3.3073769 ]
 [ 2.5121872  -2.3355508 ]
 [ 0.9058211  -0.7343396 ]
 [ 0.65438455 -0.48211965]
 [ 3.7343855  -3.559597  ]
 [ 3.118308   -2.9402704 ]
 [ 3.7343855  -3.559597  ]
 [ 3.4829488  -3.3073769 ]
 [-0.35687315  0.5345146 ]
 [ 0.95489836 -0.78095573]
 [ 3.118308   -2.9402704 ]]
2025-12-21 21:16:37,255 - [INFO] - ------------------------------------------------------------
2025-12-21 21:16:37,256 - [INFO] - On Validation Set:
	Accuracy of RRL  Model: 0.9067035245335177
	F1 Score of RRL  Model: 0.7033958138793358
2025-12-21 21:16:37,261 - [INFO] - On Validation Set:
Performance of  RRL Model: 
[[1255   31]
 [ 104   57]]
              precision    recall  f1-score   support

           0       0.92      0.98      0.95      1286
           1       0.65      0.35      0.46       161

    accuracy                           0.91      1447
   macro avg       0.79      0.66      0.70      1447
weighted avg       0.89      0.91      0.89      1447

2025-12-21 21:16:37,261 - [INFO] - ------------------------------------------------------------
2025-12-21 21:16:37,842 - [INFO] - epoch: 368, loss_rrl: 108.17018491402268
2025-12-21 21:16:38,992 - [DEBUG] - y_true: (1447,) [0 0 0 0 0 1 0 0 0 0 0 0 0 0 0 0 0 1 0 0 0 0 0 0 1 0 0 0 0 0 0 0 0 0 0 0 0
 0 1 1 0]
2025-12-21 21:16:39,152 - [DEBUG] - y_rrl_: (1447,) [0 0 0 0 0 1 0 0 0 0 0 0 0 0 0 0 0 0 0 0 0 0 0 0 1 0 0 0 0 0 0 0 0 0 0 0 0
 0 1 0 0]
2025-12-21 21:16:39,153 - [DEBUG] - y_rrl: (1447, 2) [[ 3.5592387  -3.3850932 ]
 [ 0.8347888  -0.66248167]
 [ 2.2863548  -2.106244  ]
 [ 2.2863548  -2.106244  ]
 [ 2.9024155  -2.7255402 ]
 [-0.25395685  0.43016863]
 [ 3.5592387  -3.3850932 ]
 [ 3.195179   -3.0185776 ]
 [ 3.5592387  -3.3850932 ]
 [ 1.7598788  -1.5870595 ]
 [ 0.09363291  0.07995401]
 [ 2.5498161  -2.3776326 ]
 [ 3.1598024  -2.9862237 ]
 [ 2.9024155  -2.7255402 ]
 [ 3.5592387  -3.3850932 ]
 [ 3.1598024  -2.9862237 ]
 [ 2.538356   -2.3590248 ]
 [ 0.7504561  -0.57959884]
 [ 1.9744368  -1.8026886 ]
 [ 2.585193   -2.4099867 ]
 [ 3.5592387  -3.3850932 ]
 [ 3.5592387  -3.3850932 ]
 [ 3.5592387  -3.3850932 ]
 [ 2.9024155  -2.7255402 ]
 [-0.14189844  0.31643376]
 [ 1.1145157  -0.9461144 ]
 [ 2.7957428  -2.619708  ]
 [ 3.5592387  -3.3850932 ]
 [ 2.585193   -2.4099867 ]
 [ 3.5592387  -3.3850932 ]
 [ 3.5592387  -3.3850932 ]
 [ 2.585193   -2.4099867 ]
 [ 0.7504561  -0.57959884]
 [ 0.7504561  -0.57959884]
 [ 3.5592387  -3.3850932 ]
 [ 3.5592387  -3.3850932 ]
 [ 3.5592387  -3.3850932 ]
 [ 3.5592387  -3.3850932 ]
 [-0.25395685  0.43016863]
 [ 0.81567764 -0.6423719 ]
 [ 3.195179   -3.0185776 ]]
2025-12-21 21:16:39,155 - [INFO] - ------------------------------------------------------------
2025-12-21 21:16:39,155 - [INFO] - On Validation Set:
	Accuracy of RRL  Model: 0.9046302695231514
	F1 Score of RRL  Model: 0.6791883555041449
2025-12-21 21:16:39,161 - [INFO] - On Validation Set:
Performance of  RRL Model: 
[[1261   25]
 [ 113   48]]
              precision    recall  f1-score   support

           0       0.92      0.98      0.95      1286
           1       0.66      0.30      0.41       161

    accuracy                           0.90      1447
   macro avg       0.79      0.64      0.68      1447
weighted avg       0.89      0.90      0.89      1447

2025-12-21 21:16:39,161 - [INFO] - ------------------------------------------------------------
2025-12-21 21:16:39,501 - [INFO] - epoch: 369, loss_rrl: 108.04327795654535
2025-12-21 21:16:40,806 - [DEBUG] - y_true: (1447,) [0 0 0 0 0 1 0 0 0 0 0 0 0 0 0 0 0 1 0 0 0 0 0 0 1 0 0 0 0 0 0 0 0 0 0 0 0
 0 1 1 0]
2025-12-21 21:16:40,968 - [DEBUG] - y_rrl_: (1447,) [0 0 0 0 0 0 0 0 0 0 0 0 0 0 0 0 0 0 0 0 0 0 0 0 1 0 0 0 0 0 0 0 0 0 0 0 0
 0 0 0 0]
2025-12-21 21:16:40,968 - [DEBUG] - y_rrl: (1447, 2) [[ 3.6294827  -3.4559782 ]
 [ 1.0093408  -0.83780164]
 [ 3.0141468  -2.8374207 ]
 [ 3.0141468  -2.8374207 ]
 [ 3.6294827  -3.4559782 ]
 [ 0.2237319  -0.04759954]
 [ 3.6294827  -3.4559782 ]
 [ 3.6294827  -3.4559782 ]
 [ 3.6294827  -3.4559782 ]
 [ 2.199289   -2.0295465 ]
 [ 0.84441966 -0.67401475]
 [ 3.6294827  -3.4559782 ]
 [ 3.6294827  -3.4559782 ]
 [ 3.6294827  -3.4559782 ]
 [ 3.6294827  -3.4559782 ]
 [ 3.2294679  -3.056527  ]
 [ 3.6294827  -3.4559782 ]
 [ 1.1912416  -1.023451  ]
 [ 2.6406777  -2.4681692 ]
 [ 2.6561913  -2.4816291 ]
 [ 3.6294827  -3.4559782 ]
 [ 3.6294827  -3.4559782 ]
 [ 3.6294827  -3.4559782 ]
 [ 3.6294827  -3.4559782 ]
 [-1.0151502   1.1910623 ]
 [ 1.2259979  -1.0551974 ]
 [ 2.2061634  -2.0328035 ]
 [ 3.6294827  -3.4559782 ]
 [ 2.6561913  -2.4816291 ]
 [ 3.264224   -3.0882733 ]
 [ 3.6294827  -3.4559782 ]
 [ 2.6561913  -2.4816291 ]
 [ 0.47916096 -0.30630988]
 [ 0.82598287 -0.6557462 ]
 [ 3.6294827  -3.4559782 ]
 [ 3.6294827  -3.4559782 ]
 [ 3.6294827  -3.4559782 ]
 [ 3.6294827  -3.4559782 ]
 [ 0.18897569 -0.01585315]
 [ 0.5469316  -0.37164468]
 [ 3.6294827  -3.4559782 ]]
2025-12-21 21:16:40,970 - [INFO] - ------------------------------------------------------------
2025-12-21 21:16:40,970 - [INFO] - On Validation Set:
	Accuracy of RRL  Model: 0.9087767795438839
	F1 Score of RRL  Model: 0.69313668787353
2025-12-21 21:16:40,976 - [INFO] - On Validation Set:
Performance of  RRL Model: 
[[1264   22]
 [ 110   51]]
              precision    recall  f1-score   support

           0       0.92      0.98      0.95      1286
           1       0.70      0.32      0.44       161

    accuracy                           0.91      1447
   macro avg       0.81      0.65      0.69      1447
weighted avg       0.90      0.91      0.89      1447

2025-12-21 21:16:40,976 - [INFO] - ------------------------------------------------------------
2025-12-21 21:16:41,072 - [INFO] - epoch: 370, loss_rrl: 109.07690097391605
2025-12-21 21:16:42,464 - [INFO] - epoch: 371, loss_rrl: 107.64312120340765
2025-12-21 21:16:42,611 - [DEBUG] - y_true: (1447,) [0 0 0 0 0 1 0 0 0 0 0 0 0 0 0 0 0 1 0 0 0 0 0 0 1 0 0 0 0 0 0 0 0 0 0 0 0
 0 1 1 0]
2025-12-21 21:16:42,773 - [DEBUG] - y_rrl_: (1447,) [0 1 0 0 0 1 0 0 0 0 0 0 0 0 0 0 0 0 0 0 0 0 0 0 1 0 0 0 0 0 0 0 0 0 0 0 0
 0 0 0 0]
2025-12-21 21:16:42,773 - [DEBUG] - y_rrl: (1447, 2) [[ 3.550171   -3.3773062 ]
 [-0.10736307  0.27981603]
 [ 2.9343312  -2.7582576 ]
 [ 2.9343312  -2.7582576 ]
 [ 3.550171   -3.3773062 ]
 [-0.26793066  0.44285703]
 [ 3.550171   -3.3773062 ]
 [ 3.1866605  -3.0113595 ]
 [ 3.550171   -3.3773062 ]
 [ 2.1267302  -1.9540031 ]
 [ 0.45761174 -0.28412336]
 [ 2.5739224  -2.4000046 ]
 [ 2.589182   -2.4143112 ]
 [ 3.1866605  -3.0113595 ]
 [ 3.1866605  -3.0113595 ]
 [ 3.149972   -2.9776683 ]
 [ 3.1866605  -3.0113595 ]
 [ 1.1137935  -0.94301057]
 [ 1.9397551  -1.7692647 ]
 [ 2.5739224  -2.4000046 ]
 [ 3.550171   -3.3773062 ]
 [ 3.1866605  -3.0113595 ]
 [ 3.550171   -3.3773062 ]
 [ 3.1866605  -3.0113595 ]
 [-0.52026016  0.6959587 ]
 [ 0.14861974  0.02056684]
 [ 3.1866605  -3.0113595 ]
 [ 3.1866605  -3.0113595 ]
 [ 2.5739224  -2.4000046 ]
 [ 3.1866605  -3.0113595 ]
 [ 3.550171   -3.3773062 ]
 [ 2.5739224  -2.4000046 ]
 [ 1.1137935  -0.94301057]
 [ 1.1137935  -0.94301057]
 [ 3.550171   -3.3773062 ]
 [ 3.1866605  -3.0113595 ]
 [ 3.550171   -3.3773062 ]
 [ 3.1866605  -3.0113595 ]
 [ 0.13226819  0.04321921]
 [ 0.09247796  0.084604  ]
 [ 3.1866605  -3.0113595 ]]
2025-12-21 21:16:42,775 - [INFO] - ------------------------------------------------------------
2025-12-21 21:16:42,775 - [INFO] - On Validation Set:
	Accuracy of RRL  Model: 0.9011748445058743
	F1 Score of RRL  Model: 0.6903182259684243
2025-12-21 21:16:42,781 - [INFO] - On Validation Set:
Performance of  RRL Model: 
[[1249   37]
 [ 106   55]]
              precision    recall  f1-score   support

           0       0.92      0.97      0.95      1286
           1       0.60      0.34      0.43       161

    accuracy                           0.90      1447
   macro avg       0.76      0.66      0.69      1447
weighted avg       0.89      0.90      0.89      1447

2025-12-21 21:16:42,781 - [INFO] - ------------------------------------------------------------
2025-12-21 21:16:44,032 - [INFO] - epoch: 372, loss_rrl: 107.40919030085206
2025-12-21 21:16:44,404 - [DEBUG] - y_true: (1447,) [0 0 0 0 0 1 0 0 0 0 0 0 0 0 0 0 0 1 0 0 0 0 0 0 1 0 0 0 0 0 0 0 0 0 0 0 0
 0 1 1 0]
2025-12-21 21:16:44,567 - [DEBUG] - y_rrl_: (1447,) [0 0 0 0 0 1 0 0 0 0 0 0 0 0 0 0 0 0 0 0 0 0 0 0 1 0 0 0 0 0 0 0 0 0 0 0 0
 0 1 0 0]
2025-12-21 21:16:44,567 - [DEBUG] - y_rrl: (1447, 2) [[ 3.6334019  -3.4611735 ]
 [ 0.33449137 -0.16398773]
 [ 2.3557093  -2.177591  ]
 [ 2.3557093  -2.177591  ]
 [ 3.6334019  -3.4611735 ]
 [-0.4390838   0.6141414 ]
 [ 3.6334019  -3.4611735 ]
 [ 3.0142064  -2.838781  ]
 [ 3.6334019  -3.4611735 ]
 [ 1.5961154  -1.4244082 ]
 [ 0.836544   -0.66754144]
 [ 2.254635   -2.0819144 ]
 [ 2.6331868  -2.4619443 ]
 [ 3.3755205  -3.2025232 ]
 [ 3.6334019  -3.4611735 ]
 [ 3.236519   -3.064849  ]
 [ 3.2720878  -3.0974314 ]
 [ 0.5786625  -0.40889126]
 [ 1.7547354  -1.5841017 ]
 [ 2.3936362  -2.219589  ]
 [ 3.3755205  -3.2025232 ]
 [ 3.6334019  -3.4611735 ]
 [ 3.6334019  -3.4611735 ]
 [ 3.3755205  -3.2025232 ]
 [-0.4390838   0.6141414 ]
 [ 0.23321165 -0.06463702]
 [ 1.1957052  -1.0255424 ]
 [ 3.3755205  -3.2025232 ]
 [ 2.6515176  -2.4782393 ]
 [ 3.2720878  -3.0974314 ]
 [ 3.3755205  -3.2025232 ]
 [ 2.3936362  -2.219589  ]
 [ 0.836544   -0.66754144]
 [ 0.5786625  -0.40889126]
 [ 3.6334019  -3.4611735 ]
 [ 3.0142064  -2.838781  ]
 [ 3.6334019  -3.4611735 ]
 [ 3.3755205  -3.2025232 ]
 [-0.04220116  0.21781652]
 [ 0.9020495  -0.7306356 ]
 [ 3.0142064  -2.838781  ]]
2025-12-21 21:16:44,569 - [INFO] - ------------------------------------------------------------
2025-12-21 21:16:44,569 - [INFO] - On Validation Set:
	Accuracy of RRL  Model: 0.9018659295093296
	F1 Score of RRL  Model: 0.7210447145200004
2025-12-21 21:16:44,575 - [INFO] - On Validation Set:
Performance of  RRL Model: 
[[1235   51]
 [  91   70]]
              precision    recall  f1-score   support

           0       0.93      0.96      0.95      1286
           1       0.58      0.43      0.50       161

    accuracy                           0.90      1447
   macro avg       0.75      0.70      0.72      1447
weighted avg       0.89      0.90      0.90      1447

2025-12-21 21:16:44,575 - [INFO] - ------------------------------------------------------------
2025-12-21 21:16:45,602 - [INFO] - epoch: 373, loss_rrl: 106.07522913254797
2025-12-21 21:16:46,198 - [DEBUG] - y_true: (1447,) [0 0 0 0 0 1 0 0 0 0 0 0 0 0 0 0 0 1 0 0 0 0 0 0 1 0 0 0 0 0 0 0 0 0 0 0 0
 0 1 1 0]
2025-12-21 21:16:46,360 - [DEBUG] - y_rrl_: (1447,) [0 0 0 0 0 1 0 0 0 0 0 0 0 0 0 0 0 0 0 0 0 0 0 0 1 0 0 0 0 0 0 0 0 0 0 0 0
 0 1 0 0]
2025-12-21 21:16:46,361 - [DEBUG] - y_rrl: (1447, 2) [[ 3.4165683  -3.2442136 ]
 [ 0.79098654 -0.6205543 ]
 [ 3.0565493  -2.8817759 ]
 [ 3.4165683  -3.2442136 ]
 [ 3.4165683  -3.2442136 ]
 [-0.40112656  0.575539  ]
 [ 3.6619244  -3.490335  ]
 [ 3.0565493  -2.8817759 ]
 [ 3.6619244  -3.490335  ]
 [ 1.6391425  -1.4680672 ]
 [ 0.63780975 -0.46866232]
 [ 2.688694   -2.5160587 ]
 [ 3.6619244  -3.490335  ]
 [ 3.4165683  -3.2442136 ]
 [ 3.6619244  -3.490335  ]
 [ 3.0284467  -2.8566473 ]
 [ 3.0565493  -2.8817759 ]
 [ 0.63780975 -0.46866232]
 [ 1.820679   -1.6506779 ]
 [ 2.8033574  -2.6323755 ]
 [ 3.4165683  -3.2442136 ]
 [ 3.4165683  -3.2442136 ]
 [ 3.4165683  -3.2442136 ]
 [ 3.4165683  -3.2442136 ]
 [-0.40112656  0.575539  ]
 [ 0.8831656  -0.7147836 ]
 [ 2.688694   -2.5160587 ]
 [ 3.4165683  -3.2442136 ]
 [ 2.688694   -2.5160587 ]
 [ 3.6619244  -3.490335  ]
 [ 3.4165683  -3.2442136 ]
 [ 2.8033574  -2.6323755 ]
 [ 0.63780975 -0.46866232]
 [ 0.63780975 -0.46866232]
 [ 3.6619244  -3.490335  ]
 [ 3.4165683  -3.2442136 ]
 [ 3.4165683  -3.2442136 ]
 [ 3.4165683  -3.2442136 ]
 [-0.01300484  0.18797255]
 [ 0.9437498  -0.7729673 ]
 [ 3.0565493  -2.8817759 ]]
2025-12-21 21:16:46,362 - [INFO] - ------------------------------------------------------------
2025-12-21 21:16:46,363 - [INFO] - On Validation Set:
	Accuracy of RRL  Model: 0.9101589495507948
	F1 Score of RRL  Model: 0.7234034419075179
2025-12-21 21:16:46,368 - [INFO] - On Validation Set:
Performance of  RRL Model: 
[[1253   33]
 [  97   64]]
              precision    recall  f1-score   support

           0       0.93      0.97      0.95      1286
           1       0.66      0.40      0.50       161

    accuracy                           0.91      1447
   macro avg       0.79      0.69      0.72      1447
weighted avg       0.90      0.91      0.90      1447

2025-12-21 21:16:46,369 - [INFO] - ------------------------------------------------------------
2025-12-21 21:16:47,168 - [INFO] - epoch: 374, loss_rrl: 107.93447823636234
2025-12-21 21:16:48,162 - [DEBUG] - y_true: (1447,) [0 0 0 0 0 1 0 0 0 0 0 0 0 0 0 0 0 1 0 0 0 0 0 0 1 0 0 0 0 0 0 0 0 0 0 0 0
 0 1 1 0]
2025-12-21 21:16:48,325 - [DEBUG] - y_rrl_: (1447,) [0 0 0 0 0 1 0 0 0 0 0 0 0 0 0 0 0 0 0 0 0 0 0 0 1 0 0 0 0 0 0 0 0 0 0 0 0
 0 1 0 0]
2025-12-21 21:16:48,325 - [DEBUG] - y_rrl: (1447, 2) [[ 3.6348712  -3.4639177 ]
 [ 0.41230893 -0.23992777]
 [ 2.6584342  -2.4817364 ]
 [ 2.6584342  -2.4817364 ]
 [ 3.2718203  -3.0982933 ]
 [-0.4372939   0.6110662 ]
 [ 3.6348712  -3.4639177 ]
 [ 2.6584342  -2.4817364 ]
 [ 3.6348712  -3.4639177 ]
 [ 1.962192   -1.7905945 ]
 [ 1.2110853  -1.0421685 ]
 [ 2.6676376  -2.4956415 ]
 [ 2.6886222  -2.5155184 ]
 [ 3.3850846  -3.2133694 ]
 [ 3.6348712  -3.4639177 ]
 [ 3.2376118  -3.0672112 ]
 [ 3.2712717  -3.0979092 ]
 [ 0.96129864 -0.7916202 ]
 [ 2.0415761  -1.8682635 ]
 [ 2.0548     -1.8794689 ]
 [ 3.3850846  -3.2133694 ]
 [ 3.6348712  -3.4639177 ]
 [ 3.2718203  -3.0982933 ]
 [ 3.3850846  -3.2133694 ]
 [-0.4372939   0.6110662 ]
 [ 0.2648362  -0.09376937]
 [ 2.211979   -2.0411427 ]
 [ 3.0220337  -2.847745  ]
 [ 2.3045866  -2.130017  ]
 [ 3.2712717  -3.0979092 ]
 [ 3.3850846  -3.2133694 ]
 [ 2.0548     -1.8794689 ]
 [ 1.2110853  -1.0421685 ]
 [ 0.96129864 -0.7916202 ]
 [ 3.6348712  -3.4639177 ]
 [ 2.6584342  -2.4817364 ]
 [ 3.2718203  -3.0982933 ]
 [ 3.0220337  -2.847745  ]
 [-0.4372939   0.6110662 ]
 [ 0.8929905  -0.7228341 ]
 [ 2.6584342  -2.4817364 ]]
2025-12-21 21:16:48,327 - [INFO] - ------------------------------------------------------------
2025-12-21 21:16:48,327 - [INFO] - On Validation Set:
	Accuracy of RRL  Model: 0.902557014512785
	F1 Score of RRL  Model: 0.7031095162635166
2025-12-21 21:16:48,333 - [INFO] - On Validation Set:
Performance of  RRL Model: 
[[1246   40]
 [ 101   60]]
              precision    recall  f1-score   support

           0       0.93      0.97      0.95      1286
           1       0.60      0.37      0.46       161

    accuracy                           0.90      1447
   macro avg       0.76      0.67      0.70      1447
weighted avg       0.89      0.90      0.89      1447

2025-12-21 21:16:48,333 - [INFO] - ------------------------------------------------------------
2025-12-21 21:16:48,967 - [INFO] - epoch: 375, loss_rrl: 108.705078760162
2025-12-21 21:16:50,036 - [DEBUG] - y_true: (1447,) [0 0 0 0 0 1 0 0 0 0 0 0 0 0 0 0 0 1 0 0 0 0 0 0 1 0 0 0 0 0 0 0 0 0 0 0 0
 0 1 1 0]
2025-12-21 21:16:50,197 - [DEBUG] - y_rrl_: (1447,) [0 1 0 0 0 1 0 0 0 0 0 0 0 0 0 0 0 0 0 0 0 0 0 0 1 0 0 0 0 0 0 0 0 0 0 0 0
 0 1 0 0]
2025-12-21 21:16:50,197 - [DEBUG] - y_rrl: (1447, 2) [[ 3.3426664  -3.1715856 ]
 [-0.33410275  0.5053995 ]
 [ 2.9850414  -2.8115606 ]
 [ 2.9850414  -2.8115606 ]
 [ 3.3426664  -3.1715856 ]
 [-0.45887187  0.63200927]
 [ 3.5956385  -3.4253159 ]
 [ 3.3426664  -3.1715856 ]
 [ 3.5956385  -3.4253159 ]
 [ 2.283686   -2.115116  ]
 [ 1.2802694  -1.1136094 ]
 [ 2.5922217  -2.4238093 ]
 [ 3.196058   -3.0262856 ]
 [ 3.3426664  -3.1715856 ]
 [ 3.5956385  -3.4253159 ]
 [ 2.943086   -2.7725554 ]
 [ 3.3426664  -3.1715856 ]
 [ 1.2802694  -1.1136094 ]
 [ 1.7547566  -1.5860072 ]
 [ 2.381205   -2.2090843 ]
 [ 3.3426664  -3.1715856 ]
 [ 3.3426664  -3.1715856 ]
 [ 3.3426664  -3.1715856 ]
 [ 3.3426664  -3.1715856 ]
 [-0.45887187  0.63200927]
 [ 1.1756163  -1.0073146 ]
 [ 2.2345965  -2.0637841 ]
 [ 3.3426664  -3.1715856 ]
 [ 2.634177   -2.4628146 ]
 [ 3.2380135  -3.065291  ]
 [ 3.3426664  -3.1715856 ]
 [ 2.381205   -2.2090843 ]
 [ 0.9226442  -0.7535843 ]
 [ 0.9226442  -0.7535843 ]
 [ 3.5956385  -3.4253159 ]
 [ 3.3426664  -3.1715856 ]
 [ 3.3426664  -3.1715856 ]
 [ 3.3426664  -3.1715856 ]
 [-0.10124675  0.27198425]
 [ 0.85876304 -0.6892293 ]
 [ 3.3426664  -3.1715856 ]]
2025-12-21 21:16:50,199 - [INFO] - ------------------------------------------------------------
2025-12-21 21:16:50,199 - [INFO] - On Validation Set:
	Accuracy of RRL  Model: 0.9067035245335177
	F1 Score of RRL  Model: 0.7372859131346956
2025-12-21 21:16:50,205 - [INFO] - On Validation Set:
Performance of  RRL Model: 
[[1237   49]
 [  86   75]]
              precision    recall  f1-score   support

           0       0.93      0.96      0.95      1286
           1       0.60      0.47      0.53       161

    accuracy                           0.91      1447
   macro avg       0.77      0.71      0.74      1447
weighted avg       0.90      0.91      0.90      1447

2025-12-21 21:16:50,205 - [INFO] - ------------------------------------------------------------
2025-12-21 21:16:50,558 - [INFO] - epoch: 376, loss_rrl: 108.32010761648417
2025-12-21 21:16:51,865 - [DEBUG] - y_true: (1447,) [0 0 0 0 0 1 0 0 0 0 0 0 0 0 0 0 0 1 0 0 0 0 0 0 1 0 0 0 0 0 0 0 0 0 0 0 0
 0 1 1 0]
2025-12-21 21:16:52,027 - [DEBUG] - y_rrl_: (1447,) [0 0 0 0 0 1 0 0 0 0 0 0 0 0 0 0 0 0 0 0 0 0 0 0 1 0 0 0 0 0 0 0 0 0 0 0 0
 0 1 0 0]
2025-12-21 21:16:52,027 - [DEBUG] - y_rrl: (1447, 2) [[ 2.5429273  -2.375727  ]
 [ 1.0931575  -0.92697746]
 [ 2.307106   -2.1316202 ]
 [ 2.307106   -2.1316202 ]
 [ 2.5429273  -2.375727  ]
 [-0.04864432  0.2216954 ]
 [ 3.5895252  -3.419831  ]
 [ 3.336935   -3.166486  ]
 [ 3.5895252  -3.419831  ]
 [ 1.9367199  -1.7699038 ]
 [ 0.83051854 -0.66380626]
 [ 2.982048   -2.813709  ]
 [ 2.5429273  -2.375727  ]
 [ 3.336935   -3.166486  ]
 [ 2.194869   -2.0251155 ]
 [ 3.1862688  -3.017122  ]
 [ 3.5895252  -3.419831  ]
 [ 0.9259865  -0.76107264]
 [ 1.2973785  -1.13039   ]
 [ 1.325947   -1.1569563 ]
 [ 2.290337   -2.122382  ]
 [ 3.5895252  -3.419831  ]
 [ 2.5429273  -2.375727  ]
 [ 2.290337   -2.122382  ]
 [-0.09498797  0.2651011 ]
 [ 1.5818329  -1.4171269 ]
 [ 2.6251352  -2.4544055 ]
 [ 2.290337   -2.122382  ]
 [ 2.6251352  -2.4544055 ]
 [ 2.5429273  -2.375727  ]
 [ 3.336935   -3.166486  ]
 [ 1.325947   -1.1569563 ]
 [ 0.47360593 -0.30450284]
 [ 0.56907386 -0.40176925]
 [ 2.5429273  -2.375727  ]
 [ 3.336935   -3.166486  ]
 [ 3.5895252  -3.419831  ]
 [ 2.290337   -2.122382  ]
 [-0.09498797  0.2651011 ]
 [ 0.51248926 -0.34102085]
 [ 3.336935   -3.166486  ]]
2025-12-21 21:16:52,029 - [INFO] - ------------------------------------------------------------
2025-12-21 21:16:52,029 - [INFO] - On Validation Set:
	Accuracy of RRL  Model: 0.9032480995162405
	F1 Score of RRL  Model: 0.7140639114724481
2025-12-21 21:16:52,035 - [INFO] - On Validation Set:
Performance of  RRL Model: 
[[1242   44]
 [  96   65]]
              precision    recall  f1-score   support

           0       0.93      0.97      0.95      1286
           1       0.60      0.40      0.48       161

    accuracy                           0.90      1447
   macro avg       0.76      0.68      0.71      1447
weighted avg       0.89      0.90      0.89      1447

2025-12-21 21:16:52,035 - [INFO] - ------------------------------------------------------------
2025-12-21 21:16:52,162 - [INFO] - epoch: 377, loss_rrl: 108.48069771565497
2025-12-21 21:16:53,551 - [INFO] - epoch: 378, loss_rrl: 106.34372018836439
2025-12-21 21:16:53,667 - [DEBUG] - y_true: (1447,) [0 0 0 0 0 1 0 0 0 0 0 0 0 0 0 0 0 1 0 0 0 0 0 0 1 0 0 0 0 0 0 0 0 0 0 0 0
 0 1 1 0]
2025-12-21 21:16:53,828 - [DEBUG] - y_rrl_: (1447,) [0 1 0 0 0 0 0 0 0 0 0 0 0 0 0 0 0 0 0 0 0 0 0 0 1 0 0 0 0 0 0 0 0 0 0 0 0
 0 0 0 0]
2025-12-21 21:16:53,829 - [DEBUG] - y_rrl: (1447, 2) [[ 3.5303662  -3.3612993 ]
 [-0.87875116  1.0494518 ]
 [ 2.5640473  -2.3893046 ]
 [ 2.918974   -2.7466128 ]
 [ 3.185693   -3.0140831 ]
 [ 0.14061053  0.03105201]
 [ 3.5303662  -3.3612993 ]
 [ 2.8307664  -2.6567752 ]
 [ 3.5303662  -3.3612993 ]
 [ 2.1345098  -1.9655399 ]
 [ 1.518095   -1.3504757 ]
 [ 2.559025   -2.3889272 ]
 [ 2.8307664  -2.6567752 ]
 [ 3.5303662  -3.3612993 ]
 [ 3.5303662  -3.3612993 ]
 [ 3.5303662  -3.3612993 ]
 [ 3.1754396  -3.0039914 ]
 [ 1.518095   -1.3504757 ]
 [ 1.5499165  -1.3806192 ]
 [ 2.5692785  -2.3990192 ]
 [ 3.5303662  -3.3612993 ]
 [ 3.5303662  -3.3612993 ]
 [ 3.185693   -3.0140831 ]
 [ 3.5303662  -3.3612993 ]
 [-0.5446764   0.7165458 ]
 [ 0.14061053  0.03105201]
 [ 1.518095   -1.3504757 ]
 [ 3.185693   -3.0140831 ]
 [ 2.2143517  -2.0417109 ]
 [ 3.5303662  -3.3612993 ]
 [ 3.5303662  -3.3612993 ]
 [ 2.5692785  -2.3990192 ]
 [ 1.518095   -1.3504757 ]
 [ 1.518095   -1.3504757 ]
 [ 3.5303662  -3.3612993 ]
 [ 3.185693   -3.0140831 ]
 [ 3.185693   -3.0140831 ]
 [ 3.185693   -3.0140831 ]
 [ 0.4955371  -0.32625616]
 [ 0.83497924 -0.6637577 ]
 [ 2.8307664  -2.6567752 ]]
2025-12-21 21:16:53,831 - [INFO] - ------------------------------------------------------------
2025-12-21 21:16:53,831 - [INFO] - On Validation Set:
	Accuracy of RRL  Model: 0.9067035245335177
	F1 Score of RRL  Model: 0.6747096290745598
2025-12-21 21:16:53,836 - [INFO] - On Validation Set:
Performance of  RRL Model: 
[[1267   19]
 [ 116   45]]
              precision    recall  f1-score   support

           0       0.92      0.99      0.95      1286
           1       0.70      0.28      0.40       161

    accuracy                           0.91      1447
   macro avg       0.81      0.63      0.67      1447
weighted avg       0.89      0.91      0.89      1447

2025-12-21 21:16:53,837 - [INFO] - ------------------------------------------------------------
2025-12-21 21:16:55,130 - [INFO] - epoch: 379, loss_rrl: 107.0912530105561
2025-12-21 21:16:55,476 - [DEBUG] - y_true: (1447,) [0 0 0 0 0 1 0 0 0 0 0 0 0 0 0 0 0 1 0 0 0 0 0 0 1 0 0 0 0 0 0 0 0 0 0 0 0
 0 1 1 0]
2025-12-21 21:16:55,637 - [DEBUG] - y_rrl_: (1447,) [0 0 0 0 0 1 0 0 0 0 0 0 0 0 0 0 0 0 0 0 0 0 0 0 1 0 0 0 0 0 0 0 0 0 0 0 0
 0 1 0 0]
2025-12-21 21:16:55,638 - [DEBUG] - y_rrl: (1447, 2) [[ 3.5833194  -3.4148738 ]
 [ 0.30839452 -0.1415952 ]
 [ 2.9637914  -2.7922251 ]
 [ 2.9637914  -2.7922251 ]
 [ 3.5833194  -3.4148738 ]
 [-0.48760265  0.6588454 ]
 [ 3.5833194  -3.4148738 ]
 [ 2.9637914  -2.7922251 ]
 [ 3.5833194  -3.4148738 ]
 [ 1.9209677  -1.7518655 ]
 [ 1.1555936  -0.98912704]
 [ 2.1984172  -2.0294871 ]
 [ 2.5889726  -2.4214838 ]
 [ 3.323922   -3.1547282 ]
 [ 3.5833194  -3.4148738 ]
 [ 3.1767743  -3.0088704 ]
 [ 3.2231886  -3.0523703 ]
 [ 0.8961962  -0.72898173]
 [ 1.7113491  -1.5444586 ]
 [ 2.345565   -2.1753452 ]
 [ 3.323922   -3.1547282 ]
 [ 3.5833194  -3.4148738 ]
 [ 3.5833194  -3.4148738 ]
 [ 3.323922   -3.1547282 ]
 [-0.48760265  0.6588454 ]
 [ 0.567792   -0.40174058]
 [ 1.1555936  -0.98912704]
 [ 3.323922   -3.1547282 ]
 [ 2.6049626  -2.4354904 ]
 [ 3.2231886  -3.0523703 ]
 [ 3.323922   -3.1547282 ]
 [ 2.9637914  -2.7922251 ]
 [ 1.1555936  -0.98912704]
 [ 0.8961962  -0.72898173]
 [ 3.5833194  -3.4148738 ]
 [ 2.9637914  -2.7922251 ]
 [ 3.5833194  -3.4148738 ]
 [ 3.323922   -3.1547282 ]
 [-0.48760265  0.6588454 ]
 [ 0.8352762  -0.66759324]
 [ 2.9637914  -2.7922251 ]]
2025-12-21 21:16:55,640 - [INFO] - ------------------------------------------------------------
2025-12-21 21:16:55,640 - [INFO] - On Validation Set:
	Accuracy of RRL  Model: 0.9032480995162405
	F1 Score of RRL  Model: 0.7178079901933471
2025-12-21 21:16:55,646 - [INFO] - On Validation Set:
Performance of  RRL Model: 
[[1240   46]
 [  94   67]]
              precision    recall  f1-score   support

           0       0.93      0.96      0.95      1286
           1       0.59      0.42      0.49       161

    accuracy                           0.90      1447
   macro avg       0.76      0.69      0.72      1447
weighted avg       0.89      0.90      0.90      1447

2025-12-21 21:16:55,646 - [INFO] - ------------------------------------------------------------
2025-12-21 21:16:56,722 - [INFO] - epoch: 380, loss_rrl: 108.77673514559865
2025-12-21 21:16:57,292 - [DEBUG] - y_true: (1447,) [0 0 0 0 0 1 0 0 0 0 0 0 0 0 0 0 0 1 0 0 0 0 0 0 1 0 0 0 0 0 0 0 0 0 0 0 0
 0 1 1 0]
2025-12-21 21:16:57,453 - [DEBUG] - y_rrl_: (1447,) [0 0 0 0 0 1 0 0 0 0 0 0 0 0 0 0 0 0 0 0 0 0 0 0 1 0 0 0 0 0 0 0 0 0 0 0 0
 0 0 0 0]
2025-12-21 21:16:57,453 - [DEBUG] - y_rrl: (1447, 2) [[ 3.3009717  -3.1323986 ]
 [ 1.5216271  -1.3552265 ]
 [ 2.5827339  -2.4129207 ]
 [ 2.9328601  -2.7619238 ]
 [ 2.9508455  -2.7833955 ]
 [-0.51707107  0.68768907]
 [ 3.5529764  -3.3851476 ]
 [ 3.1848648  -3.0146728 ]
 [ 3.5529764  -3.3851476 ]
 [ 1.793332   -1.6267132 ]
 [ 1.5413274  -1.3739642 ]
 [ 2.8347385  -2.66567   ]
 [ 3.20285    -3.0361445 ]
 [ 2.9508455  -2.7833955 ]
 [ 3.5529764  -3.3851476 ]
 [ 3.3009717  -3.1323986 ]
 [ 2.9328601  -2.7619238 ]
 [ 1.793332   -1.6267132 ]
 [ 1.6995968  -1.5333166 ]
 [ 2.5630338  -2.3941832 ]
 [ 3.5529764  -3.3851476 ]
 [ 2.9508455  -2.7833955 ]
 [ 2.9508455  -2.7833955 ]
 [ 3.3009717  -3.1323986 ]
 [-0.51707107  0.68768907]
 [ 0.77363676 -0.60889834]
 [ 3.1848648  -3.0146728 ]
 [ 3.5529764  -3.3851476 ]
 [ 2.8347385  -2.66567   ]
 [ 3.1848648  -3.0146728 ]
 [ 3.5529764  -3.3851476 ]
 [ 2.2129076  -2.04518   ]
 [ 1.5413274  -1.3739642 ]
 [ 1.5413274  -1.3739642 ]
 [ 3.20285    -3.0361445 ]
 [ 3.1848648  -3.0146728 ]
 [ 2.9508455  -2.7833955 ]
 [ 3.3009717  -3.1323986 ]
 [ 1.1227403  -0.95334923]
 [ 1.2175503  -1.0499381 ]
 [ 2.9328601  -2.7619238 ]]
2025-12-21 21:16:57,455 - [INFO] - ------------------------------------------------------------
2025-12-21 21:16:57,455 - [INFO] - On Validation Set:
	Accuracy of RRL  Model: 0.9067035245335177
	F1 Score of RRL  Model: 0.6849340255768831
2025-12-21 21:16:57,461 - [INFO] - On Validation Set:
Performance of  RRL Model: 
[[1263   23]
 [ 112   49]]
              precision    recall  f1-score   support

           0       0.92      0.98      0.95      1286
           1       0.68      0.30      0.42       161

    accuracy                           0.91      1447
   macro avg       0.80      0.64      0.68      1447
weighted avg       0.89      0.91      0.89      1447

2025-12-21 21:16:57,461 - [INFO] - ------------------------------------------------------------
2025-12-21 21:16:58,330 - [INFO] - epoch: 381, loss_rrl: 107.27814830467105
2025-12-21 21:16:59,135 - [DEBUG] - y_true: (1447,) [0 0 0 0 0 1 0 0 0 0 0 0 0 0 0 0 0 1 0 0 0 0 0 0 1 0 0 0 0 0 0 0 0 0 0 0 0
 0 1 1 0]
2025-12-21 21:16:59,295 - [DEBUG] - y_rrl_: (1447,) [0 0 0 0 0 1 0 0 0 0 0 0 0 0 0 0 0 0 0 0 0 0 0 0 1 0 0 0 0 0 0 0 0 0 0 0 0
 0 1 0 0]
2025-12-21 21:16:59,296 - [DEBUG] - y_rrl: (1447, 2) [[ 3.657855   -3.4906456 ]
 [ 0.43862632 -0.26999217]
 [ 2.6726022  -2.4997847 ]
 [ 2.6726022  -2.4997847 ]
 [ 3.3012233  -3.131501  ]
 [-0.41616285  0.5861543 ]
 [ 3.657855   -3.4906456 ]
 [ 2.6726022  -2.4997847 ]
 [ 3.657855   -3.4906456 ]
 [ 1.6372033  -1.4704534 ]
 [ 0.8939157  -0.7297788 ]
 [ 2.6713386  -2.503111  ]
 [ 3.3012233  -3.131501  ]
 [ 3.3984566  -3.2305062 ]
 [ 3.657855   -3.4906456 ]
 [ 3.2724628  -3.1057894 ]
 [ 3.2886324  -3.1190686 ]
 [ 0.6345172  -0.46963948]
 [ 1.4679898  -1.2998098 ]
 [ 2.0553083  -1.883827  ]
 [ 3.3984566  -3.2305062 ]
 [ 3.657855   -3.4906456 ]
 [ 3.3012233  -3.131501  ]
 [ 3.3984566  -3.2305062 ]
 [-0.41616285  0.5861543 ]
 [ 0.5372838  -0.3706342 ]
 [ 2.2430997  -2.0759718 ]
 [ 3.0418248  -2.8713615 ]
 [ 2.3147068  -2.143966  ]
 [ 3.2886324  -3.1190686 ]
 [ 3.3984566  -3.2305062 ]
 [ 2.0553083  -1.883827  ]
 [ 0.8939157  -0.7297788 ]
 [ 0.6345172  -0.46963948]
 [ 3.657855   -3.4906456 ]
 [ 2.6726022  -2.4997847 ]
 [ 3.3012233  -3.131501  ]
 [ 3.0418248  -2.8713615 ]
 [-0.41616285  0.5861543 ]
 [ 0.92698574 -0.7605249 ]
 [ 2.6726022  -2.4997847 ]]
2025-12-21 21:16:59,298 - [INFO] - ------------------------------------------------------------
2025-12-21 21:16:59,298 - [INFO] - On Validation Set:
	Accuracy of RRL  Model: 0.9053213545266068
	F1 Score of RRL  Model: 0.7229491861311778
2025-12-21 21:16:59,304 - [INFO] - On Validation Set:
Performance of  RRL Model: 
[[1242   44]
 [  93   68]]
              precision    recall  f1-score   support

           0       0.93      0.97      0.95      1286
           1       0.61      0.42      0.50       161

    accuracy                           0.91      1447
   macro avg       0.77      0.69      0.72      1447
weighted avg       0.89      0.91      0.90      1447

2025-12-21 21:16:59,304 - [INFO] - ------------------------------------------------------------
2025-12-21 21:16:59,921 - [INFO] - epoch: 382, loss_rrl: 107.99505699053407
2025-12-21 21:17:00,966 - [DEBUG] - y_true: (1447,) [0 0 0 0 0 1 0 0 0 0 0 0 0 0 0 0 0 1 0 0 0 0 0 0 1 0 0 0 0 0 0 0 0 0 0 0 0
 0 1 1 0]
2025-12-21 21:17:01,132 - [DEBUG] - y_rrl_: (1447,) [0 0 0 0 0 1 0 0 0 0 0 0 0 0 0 0 0 0 0 0 0 0 0 0 1 0 0 0 0 0 0 0 0 0 0 0 0
 0 1 0 0]
2025-12-21 21:17:01,133 - [DEBUG] - y_rrl: (1447, 2) [[ 3.6480722  -3.4814825 ]
 [ 0.2730842  -0.10510936]
 [ 3.0096517  -2.8399792 ]
 [ 3.0096517  -2.8399792 ]
 [ 3.6480722  -3.4814825 ]
 [-0.04997335  0.21987149]
 [ 3.6480722  -3.4814825 ]
 [ 3.0096517  -2.8399792 ]
 [ 3.6480722  -3.4814825 ]
 [ 1.971031   -1.8037807 ]
 [ 1.2375548  -1.0729067 ]
 [ 2.2761753  -2.109105  ]
 [ 3.6480722  -3.4814825 ]
 [ 3.3796823  -3.2123551 ]
 [ 3.6480722  -3.4814825 ]
 [ 3.266327   -3.1002712 ]
 [ 3.2780418  -3.1091065 ]
 [ 0.9691645  -0.8037793 ]
 [ 1.8156792  -1.6506267 ]
 [ 2.3895304  -2.221189  ]
 [ 3.3796823  -3.2123551 ]
 [ 3.6480722  -3.4814825 ]
 [ 3.6480722  -3.4814825 ]
 [ 3.3796823  -3.2123551 ]
 [-0.4317186   0.60108274]
 [ 1.6192999  -1.4541179 ]
 [ 2.2761753  -2.109105  ]
 [ 3.3796823  -3.2123551 ]
 [ 2.6579206  -2.4903164 ]
 [ 3.2780418  -3.1091065 ]
 [ 3.3796823  -3.2123551 ]
 [ 2.3895304  -2.221189  ]
 [ 1.2375548  -1.0729067 ]
 [ 0.9691645  -0.8037793 ]
 [ 3.6480722  -3.4814825 ]
 [ 3.0096517  -2.8399792 ]
 [ 3.6480722  -3.4814825 ]
 [ 3.3796823  -3.2123551 ]
 [-0.04997335  0.21987149]
 [ 0.91522306 -0.74937576]
 [ 3.0096517  -2.8399792 ]]
2025-12-21 21:17:01,135 - [INFO] - ------------------------------------------------------------
2025-12-21 21:17:01,135 - [INFO] - On Validation Set:
	Accuracy of RRL  Model: 0.907394609536973
	F1 Score of RRL  Model: 0.7087674080482559
2025-12-21 21:17:01,141 - [INFO] - On Validation Set:
Performance of  RRL Model: 
[[1254   32]
 [ 102   59]]
              precision    recall  f1-score   support

           0       0.92      0.98      0.95      1286
           1       0.65      0.37      0.47       161

    accuracy                           0.91      1447
   macro avg       0.79      0.67      0.71      1447
weighted avg       0.89      0.91      0.90      1447

2025-12-21 21:17:01,141 - [INFO] - ------------------------------------------------------------
2025-12-21 21:17:01,528 - [INFO] - epoch: 383, loss_rrl: 107.58646894618869
2025-12-21 21:17:02,809 - [DEBUG] - y_true: (1447,) [0 0 0 0 0 1 0 0 0 0 0 0 0 0 0 0 0 1 0 0 0 0 0 0 1 0 0 0 0 0 0 0 0 0 0 0 0
 0 1 1 0]
2025-12-21 21:17:02,983 - [DEBUG] - y_rrl_: (1447,) [0 1 0 0 0 1 0 0 0 0 0 0 0 0 0 0 0 0 0 0 0 0 0 0 1 0 0 0 0 0 0 0 0 0 0 0 0
 0 0 0 0]
2025-12-21 21:17:02,984 - [DEBUG] - y_rrl: (1447, 2) [[ 3.5476665  -3.3816915 ]
 [-0.36219496  0.52930284]
 [ 1.5152447  -1.3422366 ]
 [ 1.8654519  -1.6913357 ]
 [ 2.8499165  -2.6825566 ]
 [-0.13789853  0.30717227]
 [ 3.5476665  -3.3816915 ]
 [ 2.9228344  -2.7536318 ]
 [ 3.5476665  -3.3816915 ]
 [ 1.8937112  -1.7305194 ]
 [ 1.2235446  -1.0620247 ]
 [ 2.2500029  -2.0860739 ]
 [ 2.8499165  -2.6825566 ]
 [ 2.9201698  -2.7545688 ]
 [ 2.1736655  -2.0076063 ]
 [ 2.6002102  -2.4351728 ]
 [ 3.5476665  -3.3816915 ]
 [ 0.9462547  -0.784001  ]
 [ 1.9753773  -1.807113  ]
 [ 1.9231963  -1.7529832 ]
 [ 3.2703772  -3.1036677 ]
 [ 3.1974592  -3.0325925 ]
 [ 2.8499165  -2.6825566 ]
 [ 3.2703772  -3.1036677 ]
 [-0.14572325  0.31212923]
 [ 1.1967734  -1.0331477 ]
 [ 2.2272573  -2.0598836 ]
 [ 2.9228344  -2.7536318 ]
 [ 1.9102848  -1.7409948 ]
 [ 3.5476665  -3.3816915 ]
 [ 3.2703772  -3.1036677 ]
 [ 1.5729891  -1.4038842 ]
 [ 0.85059184 -0.68673575]
 [ 0.573302   -0.40871185]
 [ 3.1974592  -3.0325925 ]
 [ 2.9228344  -2.7536318 ]
 [ 2.8499165  -2.6825566 ]
 [ 2.9228344  -2.7536318 ]
 [ 0.48096153 -0.31323045]
 [ 0.26182538 -0.09699371]
 [ 2.9228344  -2.7536318 ]]
2025-12-21 21:17:02,986 - [INFO] - ------------------------------------------------------------
2025-12-21 21:17:02,986 - [INFO] - On Validation Set:
	Accuracy of RRL  Model: 0.8956461644782309
	F1 Score of RRL  Model: 0.6798414570710586
2025-12-21 21:17:02,992 - [INFO] - On Validation Set:
Performance of  RRL Model: 
[[1242   44]
 [ 107   54]]
              precision    recall  f1-score   support

           0       0.92      0.97      0.94      1286
           1       0.55      0.34      0.42       161

    accuracy                           0.90      1447
   macro avg       0.74      0.65      0.68      1447
weighted avg       0.88      0.90      0.88      1447

2025-12-21 21:17:02,992 - [INFO] - ------------------------------------------------------------
2025-12-21 21:17:03,155 - [INFO] - epoch: 384, loss_rrl: 107.4746222384274
2025-12-21 21:17:04,547 - [INFO] - epoch: 385, loss_rrl: 107.51451930776238
2025-12-21 21:17:04,633 - [DEBUG] - y_true: (1447,) [0 0 0 0 0 1 0 0 0 0 0 0 0 0 0 0 0 1 0 0 0 0 0 0 1 0 0 0 0 0 0 0 0 0 0 0 0
 0 1 1 0]
2025-12-21 21:17:04,799 - [DEBUG] - y_rrl_: (1447,) [0 0 0 0 0 0 0 0 0 0 0 0 0 0 0 0 0 0 0 0 0 0 0 0 1 0 0 0 0 0 0 0 0 0 0 0 0
 0 0 0 0]
2025-12-21 21:17:04,799 - [DEBUG] - y_rrl: (1447, 2) [[ 3.5401876  -3.374825  ]
 [ 0.20825179 -0.04272573]
 [ 2.5473905  -2.376486  ]
 [ 2.5473905  -2.376486  ]
 [ 3.1986322  -3.0307863 ]
 [ 0.14454503  0.02337699]
 [ 3.5401876  -3.374825  ]
 [ 2.8300743  -2.6599004 ]
 [ 3.5401876  -3.374825  ]
 [ 2.1510632  -1.9857675 ]
 [ 1.130026   -0.96657884]
 [ 2.1505926  -1.9847507 ]
 [ 2.8300743  -2.6599004 ]
 [ 3.1716297  -3.0039392 ]
 [ 3.1716297  -3.0039392 ]
 [ 3.1463232  -2.981489  ]
 [ 3.1716297  -3.0039392 ]
 [ 1.130026   -0.96657884]
 [ 1.5973762  -1.431783  ]
 [ 2.2029016  -2.0340478 ]
 [ 3.5401876  -3.374825  ]
 [ 3.1716297  -3.0039392 ]
 [ 3.1986322  -3.0307863 ]
 [ 3.5401876  -3.374825  ]
 [-1.1122221   1.2799417 ]
 [ 1.1823351  -1.0158759 ]
 [ 2.1505926  -1.9847507 ]
 [ 2.8300743  -2.6599004 ]
 [ 2.2029016  -2.0340478 ]
 [ 3.1716297  -3.0039392 ]
 [ 3.5401876  -3.374825  ]
 [ 2.2029016  -2.0340478 ]
 [ 1.130026   -0.96657884]
 [ 1.130026   -0.96657884]
 [ 3.5401876  -3.374825  ]
 [ 2.8300743  -2.6599004 ]
 [ 3.1986322  -3.0307863 ]
 [ 2.8300743  -2.6599004 ]
 [ 0.11923862  0.0458272 ]
 [ 0.09516935  0.07427446]
 [ 2.8300743  -2.6599004 ]]
2025-12-21 21:17:04,801 - [INFO] - ------------------------------------------------------------
2025-12-21 21:17:04,801 - [INFO] - On Validation Set:
	Accuracy of RRL  Model: 0.9004837595024188
	F1 Score of RRL  Model: 0.6824665350010972
2025-12-21 21:17:04,807 - [INFO] - On Validation Set:
Performance of  RRL Model: 
[[1251   35]
 [ 109   52]]
              precision    recall  f1-score   support

           0       0.92      0.97      0.95      1286
           1       0.60      0.32      0.42       161

    accuracy                           0.90      1447
   macro avg       0.76      0.65      0.68      1447
weighted avg       0.88      0.90      0.89      1447

2025-12-21 21:17:04,807 - [INFO] - ------------------------------------------------------------
2025-12-21 21:17:06,318 - [INFO] - epoch: 386, loss_rrl: 108.82263741642237
2025-12-21 21:17:06,624 - [DEBUG] - y_true: (1447,) [0 0 0 0 0 1 0 0 0 0 0 0 0 0 0 0 0 1 0 0 0 0 0 0 1 0 0 0 0 0 0 0 0 0 0 0 0
 0 1 1 0]
2025-12-21 21:17:06,785 - [DEBUG] - y_rrl_: (1447,) [0 0 0 0 0 1 0 0 0 0 0 0 0 0 0 0 0 0 0 0 0 0 0 0 1 0 0 0 0 0 0 0 0 0 0 0 0
 0 1 0 0]
2025-12-21 21:17:06,785 - [DEBUG] - y_rrl: (1447, 2) [[ 3.641402   -3.4766438 ]
 [ 0.38061112 -0.21743223]
 [ 2.6354768  -2.4687717 ]
 [ 2.9969301  -2.829126  ]
 [ 3.2799487  -3.1162896 ]
 [-0.41990274  0.5874131 ]
 [ 3.641402   -3.4766438 ]
 [ 2.9969301  -2.829126  ]
 [ 3.641402   -3.4766438 ]
 [ 1.981227   -1.815804  ]
 [ 1.2408969  -1.0780429 ]
 [ 1.8951472  -1.7310103 ]
 [ 2.509412   -2.3439603 ]
 [ 2.6354768  -2.4687717 ]
 [ 3.270018   -3.1029408 ]
 [ 3.2422493  -3.0780175 ]
 [ 3.270018   -3.1029408 ]
 [ 0.96780896 -0.8042276 ]
 [ 1.7676989  -1.6044568 ]
 [ 2.382665   -2.216176  ]
 [ 3.3683143  -3.2028286 ]
 [ 2.9085648  -2.7425866 ]
 [ 3.2799487  -3.1162896 ]
 [ 2.9969301  -2.829126  ]
 [-0.41990274  0.5874131 ]
 [ 0.87944347 -0.7176888 ]
 [ 1.2408969  -1.0780429 ]
 [ 2.9969301  -2.829126  ]
 [ 2.2942994  -2.129637  ]
 [ 3.270018   -3.1029408 ]
 [ 3.3683143  -3.2028286 ]
 [ 2.0212119  -1.8558217 ]
 [ 1.2408969  -1.0780429 ]
 [ 0.60635567 -0.4438736 ]
 [ 3.2799487  -3.1162896 ]
 [ 2.9969301  -2.829126  ]
 [ 3.2799487  -3.1162896 ]
 [ 2.9969301  -2.829126  ]
 [-0.41990274  0.5874131 ]
 [ 0.5398903  -0.37353808]
 [ 2.9969301  -2.829126  ]]
2025-12-21 21:17:06,787 - [INFO] - ------------------------------------------------------------
2025-12-21 21:17:06,787 - [INFO] - On Validation Set:
	Accuracy of RRL  Model: 0.9060124395300622
	F1 Score of RRL  Model: 0.7328315575684511
2025-12-21 21:17:06,793 - [INFO] - On Validation Set:
Performance of  RRL Model: 
[[1238   48]
 [  88   73]]
              precision    recall  f1-score   support

           0       0.93      0.96      0.95      1286
           1       0.60      0.45      0.52       161

    accuracy                           0.91      1447
   macro avg       0.77      0.71      0.73      1447
weighted avg       0.90      0.91      0.90      1447

2025-12-21 21:17:06,793 - [INFO] - ------------------------------------------------------------
2025-12-21 21:17:07,897 - [INFO] - epoch: 387, loss_rrl: 107.29630217514932
2025-12-21 21:17:08,471 - [DEBUG] - y_true: (1447,) [0 0 0 0 0 1 0 0 0 0 0 0 0 0 0 0 0 1 0 0 0 0 0 0 1 0 0 0 0 0 0 0 0 0 0 0 0
 0 1 1 0]
2025-12-21 21:17:08,636 - [DEBUG] - y_rrl_: (1447,) [0 0 0 0 0 1 0 0 0 0 0 0 0 0 0 0 0 0 0 0 0 0 0 0 1 0 0 0 0 0 0 0 0 0 0 0 0
 0 0 1 0]
2025-12-21 21:17:08,636 - [DEBUG] - y_rrl: (1447, 2) [[ 3.2266088  -3.0617285 ]
 [ 1.4687777  -1.3088226 ]
 [ 2.8475304  -2.6803398 ]
 [ 2.8475304  -2.6803398 ]
 [ 3.2266088  -3.0617285 ]
 [-0.5841802   0.75108355]
 [ 3.4984612  -3.3343053 ]
 [ 3.1193829  -2.9529164 ]
 [ 3.4984612  -3.3343053 ]
 [ 2.1021032  -1.9380041 ]
 [ 0.13039723  0.03513642]
 [ 2.4860578  -2.3237348 ]
 [ 3.0992079  -2.935575  ]
 [ 2.8475304  -2.6803398 ]
 [ 3.4984612  -3.3343053 ]
 [ 2.827355   -2.6629982 ]
 [ 2.8475304  -2.6803398 ]
 [ 1.0896993  -0.9274337 ]
 [ 1.6332371  -1.4705898 ]
 [ 2.5062332  -2.3410764 ]
 [ 3.4984612  -3.3343053 ]
 [ 2.8475304  -2.6803398 ]
 [ 3.2266088  -3.0617285 ]
 [ 3.2266088  -3.0617285 ]
 [-0.20510176  0.36969474]
 [ 1.4687777  -1.3088226 ]
 [ 2.7201295  -2.554186  ]
 [ 3.4984612  -3.3343053 ]
 [ 2.5062332  -2.3410764 ]
 [ 3.4984612  -3.3343053 ]
 [ 3.4984612  -3.3343053 ]
 [ 2.5062332  -2.3410764 ]
 [ 0.81784654 -0.65485704]
 [ 0.81784654 -0.65485704]
 [ 3.4984612  -3.3343053 ]
 [ 3.4984612  -3.3343053 ]
 [ 3.2266088  -3.0617285 ]
 [ 3.2266088  -3.0617285 ]
 [ 0.46600476 -0.30161208]
 [ 0.02896983  0.13924342]
 [ 2.8475304  -2.6803398 ]]
2025-12-21 21:17:08,638 - [INFO] - ------------------------------------------------------------
2025-12-21 21:17:08,638 - [INFO] - On Validation Set:
	Accuracy of RRL  Model: 0.9094678645473393
	F1 Score of RRL  Model: 0.7350827984174035
2025-12-21 21:17:08,644 - [INFO] - On Validation Set:
Performance of  RRL Model: 
[[1245   41]
 [  90   71]]
              precision    recall  f1-score   support

           0       0.93      0.97      0.95      1286
           1       0.63      0.44      0.52       161

    accuracy                           0.91      1447
   macro avg       0.78      0.70      0.74      1447
weighted avg       0.90      0.91      0.90      1447

2025-12-21 21:17:08,644 - [INFO] - ------------------------------------------------------------
2025-12-21 21:17:09,528 - [INFO] - epoch: 388, loss_rrl: 107.55913142114878
2025-12-21 21:17:10,301 - [DEBUG] - y_true: (1447,) [0 0 0 0 0 1 0 0 0 0 0 0 0 0 0 0 0 1 0 0 0 0 0 0 1 0 0 0 0 0 0 0 0 0 0 0 0
 0 1 1 0]
2025-12-21 21:17:10,464 - [DEBUG] - y_rrl_: (1447,) [0 0 0 0 0 1 0 0 0 0 0 0 0 0 0 0 0 0 0 0 0 0 0 0 1 0 0 0 0 0 0 0 0 1 0 0 0
 0 1 0 0]
2025-12-21 21:17:10,465 - [DEBUG] - y_rrl: (1447, 2) [[ 3.7179272  -3.55437   ]
 [ 0.40400922 -0.23610047]
 [ 2.0282123  -1.8566438 ]
 [ 2.0282123  -1.8566438 ]
 [ 3.368457   -3.202445  ]
 [-0.37394753  0.540246  ]
 [ 3.7179272  -3.55437   ]
 [ 2.407739   -2.2384727 ]
 [ 3.7179272  -3.55437   ]
 [ 1.3524678  -1.1891007 ]
 [ 1.3157678  -1.1574804 ]
 [ 3.1137736  -2.951521  ]
 [ 3.368457   -3.202445  ]
 [ 3.4487238  -3.2844462 ]
 [ 3.7179272  -3.55437   ]
 [ 3.324663   -3.1616263 ]
 [ 3.7179272  -3.55437   ]
 [ 1.0465646  -0.88755655]
 [ 1.5309565  -1.3664464 ]
 [ 1.4240584  -1.2537947 ]
 [ 3.4487238  -3.2844462 ]
 [ 3.7179272  -3.55437   ]
 [ 3.368457   -3.202445  ]
 [ 3.4487238  -3.2844462 ]
 [-0.37394753  0.540246  ]
 [ 0.5867705  -0.42372632]
 [ 2.7342465  -2.5696917 ]
 [ 2.407739   -2.2384727 ]
 [ 2.3847764  -2.2177668 ]
 [ 3.3384004  -3.172541  ]
 [ 3.4487238  -3.2844462 ]
 [ 2.115573   -1.9478432 ]
 [ 0.9362407  -0.7756512 ]
 [-0.02447733  0.18832117]
 [ 3.7179272  -3.55437   ]
 [ 2.407739   -2.2384727 ]
 [ 3.368457   -3.202445  ]
 [ 2.407739   -2.2384727 ]
 [ 0.00557968  0.15841694]
 [ 0.9592037  -0.79635704]
 [ 2.407739   -2.2384727 ]]
2025-12-21 21:17:10,467 - [INFO] - ------------------------------------------------------------
2025-12-21 21:17:10,467 - [INFO] - On Validation Set:
	Accuracy of RRL  Model: 0.8977194194885971
	F1 Score of RRL  Model: 0.7198377812663527
2025-12-21 21:17:10,473 - [INFO] - On Validation Set:
Performance of  RRL Model: 
[[1226   60]
 [  88   73]]
              precision    recall  f1-score   support

           0       0.93      0.95      0.94      1286
           1       0.55      0.45      0.50       161

    accuracy                           0.90      1447
   macro avg       0.74      0.70      0.72      1447
weighted avg       0.89      0.90      0.89      1447

2025-12-21 21:17:10,473 - [INFO] - ------------------------------------------------------------
2025-12-21 21:17:11,125 - [INFO] - epoch: 389, loss_rrl: 107.92212441377342
2025-12-21 21:17:12,124 - [DEBUG] - y_true: (1447,) [0 0 0 0 0 1 0 0 0 0 0 0 0 0 0 0 0 1 0 0 0 0 0 0 1 0 0 0 0 0 0 0 0 0 0 0 0
 0 1 1 0]
2025-12-21 21:17:12,289 - [DEBUG] - y_rrl_: (1447,) [0 1 0 0 0 1 0 0 0 0 0 0 0 0 0 0 0 0 0 0 0 0 0 0 1 0 0 0 0 0 0 0 0 0 0 0 0
 0 1 0 0]
2025-12-21 21:17:12,289 - [DEBUG] - y_rrl: (1447, 2) [[ 3.2616713  -3.0979903 ]
 [-0.3620847   0.5260249 ]
 [ 2.8698246  -2.70385   ]
 [ 2.8698246  -2.70385   ]
 [ 3.2616713  -3.0979903 ]
 [-0.5383269   0.7040224 ]
 [ 3.5205734  -3.3576093 ]
 [ 3.2616713  -3.0979903 ]
 [ 3.5205734  -3.3576093 ]
 [ 2.2479184  -2.0865812 ]
 [ 1.2530195  -1.0934998 ]
 [ 2.525675   -2.364528  ]
 [ 3.1305797  -2.9681337 ]
 [ 3.2616713  -3.0979903 ]
 [ 3.5205734  -3.3576093 ]
 [ 2.8716772  -2.7085147 ]
 [ 3.2616713  -3.0979903 ]
 [ 1.2530195  -1.0934998 ]
 [ 2.3158586  -2.1530914 ]
 [ 2.26492    -2.1002445 ]
 [ 3.2616713  -3.0979903 ]
 [ 3.2616713  -3.0979903 ]
 [ 3.2616713  -3.0979903 ]
 [ 3.2616713  -3.0979903 ]
 [-0.5383269   0.7040224 ]
 [ 1.1200752  -0.9589787 ]
 [ 2.1338284  -1.9703878 ]
 [ 3.2616713  -3.0979903 ]
 [ 2.523822   -2.3598635 ]
 [ 3.1287272  -2.9634693 ]
 [ 3.2616713  -3.0979903 ]
 [ 2.26492    -2.1002445 ]
 [ 0.8611729  -0.69935966]
 [ 0.8611729  -0.69935966]
 [ 3.5205734  -3.3576093 ]
 [ 3.2616713  -3.0979903 ]
 [ 3.2616713  -3.0979903 ]
 [ 3.2616713  -3.0979903 ]
 [-0.14648029  0.30988228]
 [ 0.8028892  -0.6406333 ]
 [ 3.2616713  -3.0979903 ]]
2025-12-21 21:17:12,291 - [INFO] - ------------------------------------------------------------
2025-12-21 21:17:12,291 - [INFO] - On Validation Set:
	Accuracy of RRL  Model: 0.9011748445058743
	F1 Score of RRL  Model: 0.7181884173438855
2025-12-21 21:17:12,297 - [INFO] - On Validation Set:
Performance of  RRL Model: 
[[1235   51]
 [  92   69]]
              precision    recall  f1-score   support

           0       0.93      0.96      0.95      1286
           1       0.57      0.43      0.49       161

    accuracy                           0.90      1447
   macro avg       0.75      0.69      0.72      1447
weighted avg       0.89      0.90      0.89      1447

2025-12-21 21:17:12,297 - [INFO] - ------------------------------------------------------------
2025-12-21 21:17:12,720 - [INFO] - epoch: 390, loss_rrl: 108.91626085340977
2025-12-21 21:17:13,947 - [DEBUG] - y_true: (1447,) [0 0 0 0 0 1 0 0 0 0 0 0 0 0 0 0 0 1 0 0 0 0 0 0 1 0 0 0 0 0 0 0 0 0 0 0 0
 0 1 1 0]
2025-12-21 21:17:14,111 - [DEBUG] - y_rrl_: (1447,) [0 0 0 0 0 1 0 0 0 0 0 0 0 0 0 0 0 0 0 0 0 0 0 0 1 0 0 0 0 0 0 0 0 0 0 0 0
 0 0 0 0]
2025-12-21 21:17:14,112 - [DEBUG] - y_rrl: (1447, 2) [[ 3.5803857  -3.4180186 ]
 [ 0.12746839  0.03638841]
 [ 2.284397   -2.116522  ]
 [ 2.284397   -2.116522  ]
 [ 3.5803857  -3.4180186 ]
 [-0.05967065  0.22527654]
 [ 3.5803857  -3.4180186 ]
 [ 2.9454994  -2.7801347 ]
 [ 3.5803857  -3.4180186 ]
 [ 1.540845   -1.3788918 ]
 [ 1.3975059  -1.2367815 ]
 [ 3.191224   -3.0265715 ]
 [ 3.191224   -3.0265715 ]
 [ 2.9454994  -2.7801347 ]
 [ 3.191224   -3.0265715 ]
 [ 3.1913218  -3.0294712 ]
 [ 3.191224   -3.0265715 ]
 [ 1.1517816  -0.99034417]
 [ 2.405153   -2.2429829 ]
 [ 2.3424125  -2.178341  ]
 [ 3.334661   -3.1715815 ]
 [ 3.191224   -3.0265715 ]
 [ 3.5803857  -3.4180186 ]
 [ 3.334661   -3.1715815 ]
 [-0.9891788   1.1538751 ]
 [ 1.1834823  -1.0235351 ]
 [ 3.191224   -3.0265715 ]
 [ 2.9454994  -2.7801347 ]
 [ 3.191224   -3.0265715 ]
 [ 3.191224   -3.0265715 ]
 [ 3.334661   -3.1715815 ]
 [ 2.3424125  -2.178341  ]
 [ 1.3975059  -1.2367815 ]
 [ 1.1517816  -0.99034417]
 [ 3.5803857  -3.4180186 ]
 [ 2.9454994  -2.7801347 ]
 [ 3.5803857  -3.4180186 ]
 [ 2.9454994  -2.7801347 ]
 [ 0.5435145  -0.37941653]
 [ 0.49067894 -0.32673174]
 [ 2.9454994  -2.7801347 ]]
2025-12-21 21:17:14,114 - [INFO] - ------------------------------------------------------------
2025-12-21 21:17:14,114 - [INFO] - On Validation Set:
	Accuracy of RRL  Model: 0.8997926744989634
	F1 Score of RRL  Model: 0.6615958052492448
2025-12-21 21:17:14,119 - [INFO] - On Validation Set:
Performance of  RRL Model: 
[[1258   28]
 [ 117   44]]
              precision    recall  f1-score   support

           0       0.91      0.98      0.95      1286
           1       0.61      0.27      0.38       161

    accuracy                           0.90      1447
   macro avg       0.76      0.63      0.66      1447
weighted avg       0.88      0.90      0.88      1447

2025-12-21 21:17:14,120 - [INFO] - ------------------------------------------------------------
2025-12-21 21:17:14,314 - [INFO] - epoch: 391, loss_rrl: 108.61867518164217
2025-12-21 21:17:15,721 - [INFO] - epoch: 392, loss_rrl: 108.28407089598477
2025-12-21 21:17:15,773 - [DEBUG] - y_true: (1447,) [0 0 0 0 0 1 0 0 0 0 0 0 0 0 0 0 0 1 0 0 0 0 0 0 1 0 0 0 0 0 0 0 0 0 0 0 0
 0 1 1 0]
2025-12-21 21:17:15,938 - [DEBUG] - y_rrl_: (1447,) [0 0 0 0 0 1 0 0 0 0 0 0 0 0 0 0 0 0 0 0 0 0 0 0 1 0 0 0 0 0 0 0 0 0 0 0 0
 0 0 0 0]
2025-12-21 21:17:15,938 - [DEBUG] - y_rrl: (1447, 2) [[ 3.6011837  -3.4394119 ]
 [ 0.3895076  -0.22925839]
 [ 2.9702294  -2.8054714 ]
 [ 2.9702294  -2.8054714 ]
 [ 2.9294727  -2.7652013 ]
 [-0.05389797  0.21890143]
 [ 3.6011837  -3.4394119 ]
 [ 2.9702294  -2.8054714 ]
 [ 3.6011837  -3.4394119 ]
 [ 1.5675689  -1.4062036 ]
 [ 0.13442186  0.02693222]
 [ 2.8161309  -2.6525958 ]
 [ 3.2189791  -3.0549307 ]
 [ 2.2985187  -2.1312613 ]
 [ 2.8765604  -2.7100859 ]
 [ 3.198335   -3.0370767 ]
 [ 2.5472682  -2.3807204 ]
 [ 0.55738306 -0.39781892]
 [ 1.7817003  -1.6214106 ]
 [ 2.3628922  -2.199422  ]
 [ 3.352434   -3.1899526 ]
 [ 3.2189791  -3.0549307 ]
 [ 3.6011837  -3.4394119 ]
 [ 2.680723   -2.515742  ]
 [-1.0172944   1.1813935 ]
 [ 1.2089812  -1.0496134 ]
 [ 1.8061429  -1.6449244 ]
 [ 2.9702294  -2.8054714 ]
 [ 2.6116416  -2.4488811 ]
 [ 3.2189791  -3.0549307 ]
 [ 3.352434   -3.1899526 ]
 [ 2.3628922  -2.199422  ]
 [ 0.8061328  -0.6472783 ]
 [ 0.55738306 -0.39781892]
 [ 3.6011837  -3.4394119 ]
 [ 2.9702294  -2.8054714 ]
 [ 3.6011837  -3.4394119 ]
 [ 2.9702294  -2.8054714 ]
 [ 0.5327955  -0.36929408]
 [ 0.15059108  0.01518694]
 [ 2.9702294  -2.8054714 ]]
2025-12-21 21:17:15,940 - [INFO] - ------------------------------------------------------------
2025-12-21 21:17:15,940 - [INFO] - On Validation Set:
	Accuracy of RRL  Model: 0.9032480995162405
	F1 Score of RRL  Model: 0.7159498810966034
2025-12-21 21:17:15,946 - [INFO] - On Validation Set:
Performance of  RRL Model: 
[[1241   45]
 [  95   66]]
              precision    recall  f1-score   support

           0       0.93      0.97      0.95      1286
           1       0.59      0.41      0.49       161

    accuracy                           0.90      1447
   macro avg       0.76      0.69      0.72      1447
weighted avg       0.89      0.90      0.90      1447

2025-12-21 21:17:15,946 - [INFO] - ------------------------------------------------------------
2025-12-21 21:17:17,317 - [INFO] - epoch: 393, loss_rrl: 109.63597067259252
2025-12-21 21:17:17,598 - [DEBUG] - y_true: (1447,) [0 0 0 0 0 1 0 0 0 0 0 0 0 0 0 0 0 1 0 0 0 0 0 0 1 0 0 0 0 0 0 0 0 0 0 0 0
 0 1 1 0]
2025-12-21 21:17:17,768 - [DEBUG] - y_rrl_: (1447,) [0 1 0 0 0 1 0 0 0 0 0 0 0 0 0 0 0 0 0 0 0 0 0 0 1 0 0 0 0 0 0 0 0 0 0 0 0
 0 1 0 0]
2025-12-21 21:17:17,768 - [DEBUG] - y_rrl: (1447, 2) [[ 3.55395    -3.3927774 ]
 [-0.30935976  0.47151136]
 [ 2.5518336  -2.3887577 ]
 [ 2.938075   -2.7739277 ]
 [ 2.506185   -2.3435957 ]
 [-0.47165307  0.6355394 ]
 [ 3.55395    -3.3927774 ]
 [ 2.938075   -2.7739277 ]
 [ 3.55395    -3.3927774 ]
 [ 1.9318532  -1.7700077 ]
 [ 0.48694825 -0.3251139 ]
 [ 2.3867986  -2.2249396 ]
 [ 2.3867986  -2.2249396 ]
 [ 1.8903102  -1.7247461 ]
 [ 3.1682131  -3.0047727 ]
 [ 3.1587768  -2.998115  ]
 [ 2.5066898  -2.3407607 ]
 [ 0.9183337  -0.7582808 ]
 [ 2.3624687  -2.2014892 ]
 [ 2.3197293  -2.1568637 ]
 [ 3.323812   -3.161933  ]
 [ 2.7819717  -2.6196024 ]
 [ 3.1677086  -3.0076075 ]
 [ 2.2765517  -2.1099162 ]
 [-1.0378231   1.2013202 ]
 [ 0.76223016 -0.6039552 ]
 [ 1.1484717  -0.98912525]
 [ 2.938075   -2.7739277 ]
 [ 2.163626   -2.0025377 ]
 [ 3.1682131  -3.0047727 ]
 [ 3.323812   -3.161933  ]
 [ 1.9334877  -1.7716933 ]
 [ 1.1484717  -0.98912525]
 [ 0.5320922  -0.37311077]
 [ 3.1677086  -3.0076075 ]
 [ 2.938075   -2.7739277 ]
 [ 3.1677086  -3.0076075 ]
 [ 2.938075   -2.7739277 ]
 [-0.47165307  0.6355394 ]
 [ 0.48891464 -0.32616353]
 [ 2.938075   -2.7739277 ]]
2025-12-21 21:17:17,771 - [INFO] - ------------------------------------------------------------
2025-12-21 21:17:17,771 - [INFO] - On Validation Set:
	Accuracy of RRL  Model: 0.9004837595024188
	F1 Score of RRL  Model: 0.7274097331240188
2025-12-21 21:17:17,776 - [INFO] - On Validation Set:
Performance of  RRL Model: 
[[1228   58]
 [  86   75]]
              precision    recall  f1-score   support

           0       0.93      0.95      0.94      1286
           1       0.56      0.47      0.51       161

    accuracy                           0.90      1447
   macro avg       0.75      0.71      0.73      1447
weighted avg       0.89      0.90      0.90      1447

2025-12-21 21:17:17,777 - [INFO] - ------------------------------------------------------------
2025-12-21 21:17:18,929 - [INFO] - epoch: 394, loss_rrl: 107.5747060533613
2025-12-21 21:17:19,436 - [DEBUG] - y_true: (1447,) [0 0 0 0 0 1 0 0 0 0 0 0 0 0 0 0 0 1 0 0 0 0 0 0 1 0 0 0 0 0 0 0 0 0 0 0 0
 0 1 1 0]
2025-12-21 21:17:19,604 - [DEBUG] - y_rrl_: (1447,) [0 0 0 0 0 0 0 0 0 0 0 0 0 0 0 0 0 0 0 0 0 0 0 0 1 0 0 0 0 0 0 0 0 0 0 0 0
 0 0 1 0]
2025-12-21 21:17:19,605 - [DEBUG] - y_rrl: (1447, 2) [[ 3.540718   -3.38014   ]
 [ 1.1287444  -0.96997845]
 [ 2.255533   -2.0895169 ]
 [ 2.255533   -2.0895169 ]
 [ 3.540718   -3.38014   ]
 [ 0.10734834  0.05574284]
 [ 3.540718   -3.38014   ]
 [ 3.1519532  -2.989115  ]
 [ 3.540718   -3.38014   ]
 [ 2.13657    -1.9760185 ]
 [ 0.22589849 -0.06511179]
 [ 2.1441276  -1.983075  ]
 [ 3.1519532  -2.989115  ]
 [ 3.1519532  -2.989115  ]
 [ 3.1519532  -2.989115  ]
 [ 2.5975747  -2.4378915 ]
 [ 3.1519532  -2.989115  ]
 [ 0.5740174  -0.41563818]
 [ 1.9781657  -1.8197596 ]
 [ 2.5325441  -2.3709834 ]
 [ 3.540718   -3.38014   ]
 [ 3.1519532  -2.989115  ]
 [ 3.540718   -3.38014   ]
 [ 3.540718   -3.38014   ]
 [-0.5082711   0.67155695]
 [ 1.5171609  -1.3578866 ]
 [ 2.2088096  -2.046867  ]
 [ 3.1519532  -2.989115  ]
 [ 1.9778169  -1.816643  ]
 [ 3.1519532  -2.989115  ]
 [ 3.540718   -3.38014   ]
 [ 2.5325441  -2.3709834 ]
 [ 0.22589849 -0.06511179]
 [ 0.5740174  -0.41563818]
 [ 3.540718   -3.38014   ]
 [ 3.1519532  -2.989115  ]
 [ 3.540718   -3.38014   ]
 [ 3.1519532  -2.989115  ]
 [ 0.49611333 -0.33528194]
 [-0.44358906  0.6077651 ]
 [ 3.1519532  -2.989115  ]]
2025-12-21 21:17:19,607 - [INFO] - ------------------------------------------------------------
2025-12-21 21:17:19,607 - [INFO] - On Validation Set:
	Accuracy of RRL  Model: 0.902557014512785
	F1 Score of RRL  Model: 0.6734862730349755
2025-12-21 21:17:19,612 - [INFO] - On Validation Set:
Performance of  RRL Model: 
[[1259   27]
 [ 114   47]]
              precision    recall  f1-score   support

           0       0.92      0.98      0.95      1286
           1       0.64      0.29      0.40       161

    accuracy                           0.90      1447
   macro avg       0.78      0.64      0.67      1447
weighted avg       0.89      0.90      0.89      1447

2025-12-21 21:17:19,613 - [INFO] - ------------------------------------------------------------
2025-12-21 21:17:20,526 - [INFO] - epoch: 395, loss_rrl: 107.90433579683304
2025-12-21 21:17:21,269 - [DEBUG] - y_true: (1447,) [0 0 0 0 0 1 0 0 0 0 0 0 0 0 0 0 0 1 0 0 0 0 0 0 1 0 0 0 0 0 0 0 0 0 0 0 0
 0 1 1 0]
2025-12-21 21:17:21,439 - [DEBUG] - y_rrl_: (1447,) [0 0 0 0 0 1 0 0 0 0 0 0 0 0 0 0 0 0 0 0 0 0 0 0 1 0 0 0 0 0 0 0 0 0 0 0 0
 0 1 0 0]
2025-12-21 21:17:21,440 - [DEBUG] - y_rrl: (1447, 2) [[ 3.6554236  -3.4954321 ]
 [ 1.0192984  -0.8604069 ]
 [ 3.0355983  -2.872656  ]
 [ 3.0355983  -2.872656  ]
 [ 2.9929419  -2.830487  ]
 [-0.36809418  0.53078604]
 [ 3.6554236  -3.4954321 ]
 [ 3.0355983  -2.872656  ]
 [ 3.6554236  -3.4954321 ]
 [ 1.6398989  -1.4802907 ]
 [ 0.21827468 -0.05868046]
 [ 2.2764559  -2.115991  ]
 [ 3.2677455  -3.1082597 ]
 [ 2.7542334  -2.591079  ]
 [ 3.6554236  -3.4954321 ]
 [ 3.2677455  -3.1082597 ]
 [ 2.611825   -2.447119  ]
 [ 0.6420479  -0.4842176 ]
 [ 1.8695618  -1.7110337 ]
 [ 2.4254253  -2.2637556 ]
 [ 3.4167151  -3.2560241 ]
 [ 3.6554236  -3.4954321 ]
 [ 3.6554236  -3.4954321 ]
 [ 2.7542334  -2.591079  ]
 [-0.36809418  0.53078604]
 [ 0.8807563  -0.72362566]
 [ 2.2764559  -2.115991  ]
 [ 3.4167151  -3.2560241 ]
 [ 2.6641338  -2.5031636 ]
 [ 3.2743068  -3.1120641 ]
 [ 3.4167151  -3.2560241 ]
 [ 2.4254253  -2.2637556 ]
 [ 0.8807563  -0.72362566]
 [ 0.6420479  -0.4842176 ]
 [ 3.6554236  -3.4954321 ]
 [ 3.0355983  -2.872656  ]
 [ 3.6554236  -3.4954321 ]
 [ 3.4167151  -3.2560241 ]
 [-0.36809418  0.53078604]
 [ 0.97085565 -0.8115411 ]
 [ 3.0355983  -2.872656  ]]
2025-12-21 21:17:21,442 - [INFO] - ------------------------------------------------------------
2025-12-21 21:17:21,442 - [INFO] - On Validation Set:
	Accuracy of RRL  Model: 0.907394609536973
	F1 Score of RRL  Model: 0.736760505251268
2025-12-21 21:17:21,448 - [INFO] - On Validation Set:
Performance of  RRL Model: 
[[1239   47]
 [  87   74]]
              precision    recall  f1-score   support

           0       0.93      0.96      0.95      1286
           1       0.61      0.46      0.52       161

    accuracy                           0.91      1447
   macro avg       0.77      0.71      0.74      1447
weighted avg       0.90      0.91      0.90      1447

2025-12-21 21:17:21,448 - [INFO] - ------------------------------------------------------------
2025-12-21 21:17:22,135 - [INFO] - epoch: 396, loss_rrl: 107.71841857768595
2025-12-21 21:17:23,102 - [DEBUG] - y_true: (1447,) [0 0 0 0 0 1 0 0 0 0 0 0 0 0 0 0 0 1 0 0 0 0 0 0 1 0 0 0 0 0 0 0 0 0 0 0 0
 0 1 1 0]
2025-12-21 21:17:23,270 - [DEBUG] - y_rrl_: (1447,) [0 0 0 0 0 1 0 0 0 0 0 0 0 0 0 0 0 0 0 0 0 0 0 0 1 0 0 0 0 0 0 0 0 0 0 0 0
 0 1 0 0]
2025-12-21 21:17:23,271 - [DEBUG] - y_rrl: (1447, 2) [[ 3.5060408  -3.3466344 ]
 [ 0.21413697 -0.05336856]
 [ 2.8847547  -2.722409  ]
 [ 2.8847547  -2.722409  ]
 [ 3.5060408  -3.3466344 ]
 [-0.10706446  0.26966786]
 [ 3.5060408  -3.3466344 ]
 [ 2.8847547  -2.722409  ]
 [ 3.5060408  -3.3466344 ]
 [ 1.8673658  -1.7072797 ]
 [ 1.0999551  -0.9423361 ]
 [ 2.1173437  -1.9574656 ]
 [ 3.5060408  -3.3466344 ]
 [ 3.2654395  -3.1053367 ]
 [ 3.5060408  -3.3466344 ]
 [ 3.1034324  -2.9445295 ]
 [ 3.125356   -2.9637072 ]
 [ 0.8593536  -0.7010381 ]
 [ 2.3073678  -2.1481512 ]
 [ 2.2793505  -2.1182728 ]
 [ 3.2654395  -3.1053367 ]
 [ 3.5060408  -3.3466344 ]
 [ 3.5060408  -3.3466344 ]
 [ 3.2654395  -3.1053367 ]
 [-0.50967264  0.6717729 ]
 [ 1.5025632  -1.3444412 ]
 [ 2.1173437  -1.9574656 ]
 [ 3.2654395  -3.1053367 ]
 [ 2.519952   -2.3595705 ]
 [ 3.125356   -2.9637072 ]
 [ 3.2654395  -3.1053367 ]
 [ 2.2793505  -2.1182728 ]
 [ 1.0999551  -0.9423361 ]
 [ 0.8593536  -0.7010381 ]
 [ 3.5060408  -3.3466344 ]
 [ 2.8847547  -2.722409  ]
 [ 3.5060408  -3.3466344 ]
 [ 3.2654395  -3.1053367 ]
 [-0.12898798  0.2888456 ]
 [ 0.8210574  -0.6623208 ]
 [ 2.8847547  -2.722409  ]]
2025-12-21 21:17:23,273 - [INFO] - ------------------------------------------------------------
2025-12-21 21:17:23,273 - [INFO] - On Validation Set:
	Accuracy of RRL  Model: 0.9046302695231514
	F1 Score of RRL  Model: 0.6956970960427181
2025-12-21 21:17:23,279 - [INFO] - On Validation Set:
Performance of  RRL Model: 
[[1254   32]
 [ 106   55]]
              precision    recall  f1-score   support

           0       0.92      0.98      0.95      1286
           1       0.63      0.34      0.44       161

    accuracy                           0.90      1447
   macro avg       0.78      0.66      0.70      1447
weighted avg       0.89      0.90      0.89      1447

2025-12-21 21:17:23,279 - [INFO] - ------------------------------------------------------------
2025-12-21 21:17:23,733 - [INFO] - epoch: 397, loss_rrl: 108.81059002690017
2025-12-21 21:17:25,116 - [DEBUG] - y_true: (1447,) [0 0 0 0 0 1 0 0 0 0 0 0 0 0 0 0 0 1 0 0 0 0 0 0 1 0 0 0 0 0 0 0 0 0 0 0 0
 0 1 1 0]
2025-12-21 21:17:25,278 - [DEBUG] - y_rrl_: (1447,) [0 0 0 0 0 0 0 0 0 0 0 0 0 0 0 0 0 0 0 0 0 0 0 0 1 0 0 0 0 0 0 0 0 0 0 0 0
 0 1 0 0]
2025-12-21 21:17:25,279 - [DEBUG] - y_rrl: (1447, 2) [[ 3.474724   -3.315899  ]
 [ 0.2707764  -0.11116561]
 [ 1.8399628  -1.6768211 ]
 [ 2.2197747  -2.055581  ]
 [ 3.094912   -2.937139  ]
 [ 0.10167494  0.05964389]
 [ 3.474724   -3.315899  ]
 [ 3.1049151  -2.943856  ]
 [ 3.474724   -3.315899  ]
 [ 1.7008156  -1.5430549 ]
 [ 0.69868827 -0.5426913 ]
 [ 2.118788   -1.9600438 ]
 [ 2.7251031  -2.5650961 ]
 [ 2.7251031  -2.5650961 ]
 [ 3.1049151  -2.943856  ]
 [ 3.078912   -2.9205878 ]
 [ 3.1049151  -2.943856  ]
 [ 0.69868827 -0.5426913 ]
 [ 2.5223122  -2.3643687 ]
 [ 2.4986     -2.3388035 ]
 [ 3.474724   -3.315899  ]
 [ 2.7251031  -2.5650961 ]
 [ 3.094912   -2.937139  ]
 [ 3.474724   -3.315899  ]
 [-1.0889415   1.2500716 ]
 [ 1.0945004  -0.93800265]
 [ 1.4743124  -1.3167626 ]
 [ 3.1049151  -2.943856  ]
 [ 2.118788   -1.9600438 ]
 [ 3.1049151  -2.943856  ]
 [ 3.474724   -3.315899  ]
 [ 2.118788   -1.9600438 ]
 [ 0.69868827 -0.5426913 ]
 [ 0.69868827 -0.5426913 ]
 [ 3.094912   -2.937139  ]
 [ 3.1049151  -2.943856  ]
 [ 3.094912   -2.937139  ]
 [ 3.1049151  -2.943856  ]
 [ 0.07567188  0.08291209]
 [ 0.4198631  -0.2594685 ]
 [ 3.1049151  -2.943856  ]]
2025-12-21 21:17:25,281 - [INFO] - ------------------------------------------------------------
2025-12-21 21:17:25,281 - [INFO] - On Validation Set:
	Accuracy of RRL  Model: 0.8956461644782309
	F1 Score of RRL  Model: 0.6633354134405745
2025-12-21 21:17:25,287 - [INFO] - On Validation Set:
Performance of  RRL Model: 
[[1249   37]
 [ 114   47]]
              precision    recall  f1-score   support

           0       0.92      0.97      0.94      1286
           1       0.56      0.29      0.38       161

    accuracy                           0.90      1447
   macro avg       0.74      0.63      0.66      1447
weighted avg       0.88      0.90      0.88      1447

2025-12-21 21:17:25,287 - [INFO] - ------------------------------------------------------------
2025-12-21 21:17:25,536 - [INFO] - epoch: 398, loss_rrl: 107.93560582213104
2025-12-21 21:17:27,054 - [INFO] - epoch: 399, loss_rrl: 108.41306741349399
