2025-12-21 17:27:27,975 - [DEBUG] - y_true: (1447,) [0 0 0 0 0 1 0 0 0 0 0 0 0 0 0 0 0 1 0 0 0 0 0 0 1 0 0 0 0 0 0 0 0 0 0 0 0
 0 1 1 0]
2025-12-21 17:27:28,053 - [DEBUG] - y_rrl_: (1447,) [0 0 0 0 0 0 0 0 0 0 0 0 0 0 0 0 0 0 0 0 0 0 0 0 0 0 0 0 0 0 0 0 0 0 0 0 0
 0 0 0 0]
2025-12-21 17:27:28,054 - [DEBUG] - y_rrl: (1447, 2) [[ 0.7778908  -0.45120355]
 [ 0.7778908  -0.45120355]
 [ 0.80628574 -0.46189487]
 [ 0.7778908  -0.45120355]
 [ 0.80628574 -0.46189487]
 [ 0.80628574 -0.46189487]
 [ 0.7778908  -0.45120355]
 [ 0.90300393 -0.50866044]
 [ 0.90300393 -0.50866044]
 [ 0.90300393 -0.50866044]
 [ 0.85927296 -0.5527384 ]
 [ 0.90300393 -0.50866044]
 [ 0.7778908  -0.45120355]
 [ 0.80628574 -0.46189487]
 [ 0.7778908  -0.45120355]
 [ 0.7778908  -0.45120355]
 [ 0.90300393 -0.50866044]
 [ 0.90300393 -0.50866044]
 [ 0.7778908  -0.45120355]
 [ 0.7778908  -0.45120355]
 [ 0.7778908  -0.45120355]
 [ 0.80628574 -0.46189487]
 [ 0.80628574 -0.46189487]
 [ 0.7778908  -0.45120355]
 [ 0.7778908  -0.45120355]
 [ 0.7778908  -0.45120355]
 [ 0.7778908  -0.45120355]
 [ 0.7778908  -0.45120355]
 [ 0.7778908  -0.45120355]
 [ 0.7778908  -0.45120355]
 [ 0.90300393 -0.50866044]
 [ 0.80628574 -0.46189487]
 [ 0.7778908  -0.45120355]
 [ 0.80628574 -0.46189487]
 [ 0.80628574 -0.46189487]
 [ 0.90300393 -0.50866044]
 [ 0.80628574 -0.46189487]
 [ 0.7778908  -0.45120355]
 [ 0.90300393 -0.50866044]
 [ 0.85927296 -0.5527384 ]
 [ 0.90300393 -0.50866044]]
2025-12-21 17:27:28,056 - [INFO] - ------------------------------------------------------------
2025-12-21 17:27:28,056 - [INFO] - On Validation Set:
	Accuracy of RRL  Model: 0.8887353144436766
	F1 Score of RRL  Model: 0.47054518843761434
2025-12-21 17:27:28,063 - [INFO] - On Validation Set:
Performance of  RRL Model: 
[[1286    0]
 [ 161    0]]
              precision    recall  f1-score   support

           0       0.89      1.00      0.94      1286
           1       0.00      0.00      0.00       161

    accuracy                           0.89      1447
   macro avg       0.44      0.50      0.47      1447
weighted avg       0.79      0.89      0.84      1447

2025-12-21 17:27:28,063 - [INFO] - ------------------------------------------------------------
2025-12-21 17:27:28,746 - [INFO] - epoch: 0, loss_rrl: 67.84955540671945
2025-12-21 17:27:29,403 - [INFO] - epoch: 1, loss_rrl: 56.02069890871644
2025-12-21 17:27:29,646 - [DEBUG] - y_true: (1447,) [0 0 0 0 0 1 0 0 0 0 0 0 0 0 0 0 0 1 0 0 0 0 0 0 1 0 0 0 0 0 0 0 0 0 0 0 0
 0 1 1 0]
2025-12-21 17:27:29,748 - [DEBUG] - y_rrl_: (1447,) [0 1 0 0 0 1 0 0 0 0 1 0 0 0 0 0 0 1 0 0 0 0 0 0 1 0 0 0 0 0 0 0 1 1 0 0 0
 0 1 1 0]
2025-12-21 17:27:29,749 - [DEBUG] - y_rrl: (1447, 2) [[ 1.0128856  -0.74086916]
 [-0.08125481  0.35437587]
 [ 1.572778   -1.3308054 ]
 [ 1.572778   -1.3308054 ]
 [ 1.0128856  -0.74086916]
 [ 0.03056875  0.07981797]
 [ 1.5985304  -1.2775068 ]
 [ 1.572778   -1.3308054 ]
 [ 1.7046207  -1.3667003 ]
 [ 0.4245966  -0.23073342]
 [ 0.1364125   0.17986318]
 [ 1.2845939  -0.9202088 ]
 [ 1.0128856  -0.74086916]
 [ 1.4666877  -1.241612  ]
 [ 1.3008231  -0.9622271 ]
 [ 1.5985304  -1.2775068 ]
 [ 1.7046207  -1.3667003 ]
 [ 0.00456983  0.21575806]
 [ 0.8810429  -0.7049743 ]
 [ 1.1689805  -0.92633224]
 [ 1.1689805  -0.92633224]
 [ 1.5985304  -1.2775068 ]
 [ 1.3008231  -0.9622271 ]
 [ 1.1689805  -0.92633224]
 [-0.8395027   0.7777466 ]
 [ 0.16241142  0.0439231 ]
 [ 1.2845939  -0.9202088 ]
 [ 1.1689805  -0.92633224]
 [ 1.5985304  -1.2775068 ]
 [ 1.4069134  -1.0514206 ]
 [ 1.1527512  -0.88431394]
 [ 1.1689805  -0.92633224]
 [ 0.1364125   0.17986318]
 [ 0.00456983  0.21575806]
 [ 1.0128856  -0.74086916]
 [ 1.572778   -1.3308054 ]
 [ 1.5985304  -1.2775068 ]
 [ 1.1689805  -0.92633224]
 [ 0.00456983  0.21575806]
 [ 0.08009768  0.12247389]
 [ 1.572778   -1.3308054 ]]
2025-12-21 17:27:29,752 - [INFO] - ------------------------------------------------------------
2025-12-21 17:27:29,752 - [INFO] - On Validation Set:
	Accuracy of RRL  Model: 0.8928818244644091
	F1 Score of RRL  Model: 0.7239178468337057
2025-12-21 17:27:29,762 - [INFO] - On Validation Set:
Performance of  RRL Model: 
[[1212   74]
 [  81   80]]
              precision    recall  f1-score   support

           0       0.94      0.94      0.94      1286
           1       0.52      0.50      0.51       161

    accuracy                           0.89      1447
   macro avg       0.73      0.72      0.72      1447
weighted avg       0.89      0.89      0.89      1447

2025-12-21 17:27:29,762 - [INFO] - ------------------------------------------------------------
2025-12-21 17:27:30,265 - [INFO] - epoch: 2, loss_rrl: 55.731718722730875
2025-12-21 17:27:31,078 - [INFO] - epoch: 3, loss_rrl: 55.57654020935297
2025-12-21 17:27:31,607 - [DEBUG] - y_true: (1447,) [0 0 0 0 0 1 0 0 0 0 0 0 0 0 0 0 0 1 0 0 0 0 0 0 1 0 0 0 0 0 0 0 0 0 0 0 0
 0 1 1 0]
2025-12-21 17:27:31,685 - [DEBUG] - y_rrl_: (1447,) [0 0 0 0 0 0 0 0 0 0 0 0 0 0 0 0 0 1 0 0 0 0 0 0 1 0 0 0 0 0 0 0 0 1 0 0 0
 0 1 1 0]
2025-12-21 17:27:31,686 - [DEBUG] - y_rrl: (1447, 2) [[ 1.1737002  -1.0392604 ]
 [ 0.13936652 -0.00408189]
 [ 1.6992556  -1.4600953 ]
 [ 1.6992556  -1.4600953 ]
 [ 0.93451977 -0.75753474]
 [ 0.08189596  0.02820344]
 [ 1.6490018  -1.3313832 ]
 [ 1.6992556  -1.4600953 ]
 [ 1.8508949  -1.5170987 ]
 [ 0.53329587 -0.34156436]
 [ 0.24386169  0.06887339]
 [ 1.4098214  -1.0496576 ]
 [ 1.1737002  -1.0392604 ]
 [ 1.4973625  -1.27438   ]
 [ 1.423207   -1.2233127 ]
 [ 1.6490018  -1.3313832 ]
 [ 1.8508949  -1.5170987 ]
 [ 0.09222229  0.12587668]
 [ 1.0220609  -0.98225707]
 [ 1.2715677  -1.1663094 ]
 [ 1.2715677  -1.1663094 ]
 [ 1.6490018  -1.3313832 ]
 [ 1.1840266  -0.94158715]
 [ 1.2715677  -1.1663094 ]
 [-0.8257716   0.7677707 ]
 [ 0.23353536 -0.02879985]
 [ 1.4098214  -1.0496576 ]
 [ 1.2715677  -1.1663094 ]
 [ 1.6490018  -1.3313832 ]
 [ 1.6251001  -1.4090282 ]
 [ 1.258182   -0.9926543 ]
 [ 1.0323873  -0.88458383]
 [ 0.24386169  0.06887339]
 [ 0.09222229  0.12587668]
 [ 1.1737002  -1.0392604 ]
 [ 1.6992556  -1.4600953 ]
 [ 1.6490018  -1.3313832 ]
 [ 1.2715677  -1.1663094 ]
 [ 0.09222229  0.12587668]
 [ 0.09782051  0.10463347]
 [ 1.6992556  -1.4600953 ]]
2025-12-21 17:27:31,688 - [INFO] - ------------------------------------------------------------
2025-12-21 17:27:31,688 - [INFO] - On Validation Set:
	Accuracy of RRL  Model: 0.8997926744989634
	F1 Score of RRL  Model: 0.6904054690139868
2025-12-21 17:27:31,694 - [INFO] - On Validation Set:
Performance of  RRL Model: 
[[1246   40]
 [ 105   56]]
              precision    recall  f1-score   support

           0       0.92      0.97      0.95      1286
           1       0.58      0.35      0.44       161

    accuracy                           0.90      1447
   macro avg       0.75      0.66      0.69      1447
weighted avg       0.88      0.90      0.89      1447

2025-12-21 17:27:31,694 - [INFO] - ------------------------------------------------------------
2025-12-21 17:27:31,936 - [INFO] - epoch: 4, loss_rrl: 55.424258805811405
2025-12-21 17:27:32,640 - [INFO] - epoch: 5, loss_rrl: 55.54354839399457
2025-12-21 17:27:33,339 - [DEBUG] - y_true: (1447,) [0 0 0 0 0 1 0 0 0 0 0 0 0 0 0 0 0 1 0 0 0 0 0 0 1 0 0 0 0 0 0 0 0 0 0 0 0
 0 1 1 0]
2025-12-21 17:27:33,417 - [DEBUG] - y_rrl_: (1447,) [0 0 0 0 0 0 0 0 0 0 0 0 0 0 0 0 0 1 0 0 0 0 0 0 1 0 0 0 0 0 0 0 0 1 0 0 0
 0 1 0 0]
2025-12-21 17:27:33,417 - [DEBUG] - y_rrl: (1447, 2) [[ 1.515254   -1.0614583 ]
 [ 0.26039279  0.1297033 ]
 [ 1.8663232  -1.3744287 ]
 [ 1.8663232  -1.3744287 ]
 [ 1.2680026  -0.8785751 ]
 [ 0.47332197 -0.08447798]
 [ 1.9900764  -1.4048511 ]
 [ 1.9796687  -1.7431283 ]
 [ 2.103422   -1.7735506 ]
 [ 0.69015574 -0.28568786]
 [ 0.3073429   0.21664615]
 [ 1.5968559  -1.2407943 ]
 [ 1.515254   -1.0614583 ]
 [ 1.8663232  -1.3744287 ]
 [ 1.7320879  -1.2626681 ]
 [ 1.7732426  -1.2036412 ]
 [ 2.103422   -1.7735506 ]
 [ 0.1835896   0.24706848]
 [ 1.1442493  -0.84815276]
 [ 1.6083345  -1.2322458 ]
 [ 1.6083345  -1.2322458 ]
 [ 1.9900764  -1.4048511 ]
 [ 1.4423555  -0.9311217 ]
 [ 1.6083345  -1.2322458 ]
 [-0.77064604  0.9323478 ]
 [ 0.5970753  -0.11490031]
 [ 1.7732426  -1.2036412 ]
 [ 1.6083345  -1.2322458 ]
 [ 1.7732426  -1.2036412 ]
 [ 1.7320879  -1.2626681 ]
 [ 1.4731026  -1.210372  ]
 [ 1.6083345  -1.2322458 ]
 [ 0.3073429   0.21664615]
 [ 0.1835896   0.24706848]
 [ 1.515254   -1.0614583 ]
 [ 1.9796687  -1.7431283 ]
 [ 1.7732426  -1.2036412 ]
 [ 1.6083345  -1.2322458 ]
 [ 0.1835896   0.24706848]
 [ 0.29574758 -0.09208868]
 [ 1.9796687  -1.7431283 ]]
2025-12-21 17:27:33,419 - [INFO] - ------------------------------------------------------------
2025-12-21 17:27:33,419 - [INFO] - On Validation Set:
	Accuracy of RRL  Model: 0.9053213545266068
	F1 Score of RRL  Model: 0.6777403345184043
2025-12-21 17:27:33,425 - [INFO] - On Validation Set:
Performance of  RRL Model: 
[[1263   23]
 [ 114   47]]
              precision    recall  f1-score   support

           0       0.92      0.98      0.95      1286
           1       0.67      0.29      0.41       161

    accuracy                           0.91      1447
   macro avg       0.79      0.64      0.68      1447
weighted avg       0.89      0.91      0.89      1447

2025-12-21 17:27:33,425 - [INFO] - ------------------------------------------------------------
2025-12-21 17:27:33,439 - [INFO] - epoch: 6, loss_rrl: 54.65576596185565
2025-12-21 17:27:34,139 - [INFO] - epoch: 7, loss_rrl: 54.79938193410635
2025-12-21 17:27:34,838 - [INFO] - epoch: 8, loss_rrl: 54.0028822645545
2025-12-21 17:27:35,065 - [DEBUG] - y_true: (1447,) [0 0 0 0 0 1 0 0 0 0 0 0 0 0 0 0 0 1 0 0 0 0 0 0 1 0 0 0 0 0 0 0 0 0 0 0 0
 0 1 1 0]
2025-12-21 17:27:35,142 - [DEBUG] - y_rrl_: (1447,) [0 0 0 0 0 0 0 0 0 0 0 0 0 0 0 0 0 1 0 0 0 0 0 0 1 0 0 0 0 0 0 0 0 1 0 0 0
 0 0 0 0]
2025-12-21 17:27:35,143 - [DEBUG] - y_rrl: (1447, 2) [[ 1.3512205  -0.96564126]
 [ 0.334019    0.05214004]
 [ 1.8739306  -1.3883997 ]
 [ 1.8739306  -1.3883997 ]
 [ 1.5587517  -1.1098723 ]
 [ 0.26463646  0.05697428]
 [ 1.8505102  -1.2881106 ]
 [ 2.136901   -1.9024233 ]
 [ 2.2699633  -1.9434959 ]
 [ 0.62865025 -0.22861828]
 [ 0.2754358   0.24258284]
 [ 1.7836864  -1.4312222 ]
 [ 1.3512205  -0.96564126]
 [ 1.7174479  -1.2470382 ]
 [ 1.5587517  -1.1098723 ]
 [ 1.8505102  -1.2881106 ]
 [ 2.2699633  -1.9434959 ]
 [ 0.14237328  0.28365535]
 [ 1.2181581  -0.9245688 ]
 [ 1.4256893  -1.0687999 ]
 [ 1.4256893  -1.0687999 ]
 [ 1.8505102  -1.2881106 ]
 [ 1.2289574  -0.7389602 ]
 [ 1.4256893  -1.0687999 ]
 [-0.81730527  0.98230743]
 [ 0.39769894  0.01590179]
 [ 1.8505102  -1.2881106 ]
 [ 1.4256893  -1.0687999 ]
 [ 1.8505102  -1.2881106 ]
 [ 1.7152344  -1.2512338 ]
 [ 1.650624   -1.3901497 ]
 [ 1.4256893  -1.0687999 ]
 [ 0.2754358   0.24258284]
 [ 0.14237328  0.28365535]
 [ 1.3512205  -0.96564126]
 [ 2.136901   -1.9024233 ]
 [ 1.8505102  -1.2881106 ]
 [ 1.4256893  -1.0687999 ]
 [ 0.4721676  -0.0872568 ]
 [ 0.4771943  -0.27100435]
 [ 2.136901   -1.9024233 ]]
2025-12-21 17:27:35,145 - [INFO] - ------------------------------------------------------------
2025-12-21 17:27:35,145 - [INFO] - On Validation Set:
	Accuracy of RRL  Model: 0.9018659295093296
	F1 Score of RRL  Model: 0.6564439539860888
2025-12-21 17:27:35,151 - [INFO] - On Validation Set:
Performance of  RRL Model: 
[[1264   22]
 [ 120   41]]
              precision    recall  f1-score   support

           0       0.91      0.98      0.95      1286
           1       0.65      0.25      0.37       161

    accuracy                           0.90      1447
   macro avg       0.78      0.62      0.66      1447
weighted avg       0.88      0.90      0.88      1447

2025-12-21 17:27:35,151 - [INFO] - ------------------------------------------------------------
2025-12-21 17:27:35,636 - [INFO] - epoch: 9, loss_rrl: 54.66119333729148
2025-12-21 17:27:36,343 - [INFO] - epoch: 10, loss_rrl: 54.89074828661978
2025-12-21 17:27:36,796 - [DEBUG] - y_true: (1447,) [0 0 0 0 0 1 0 0 0 0 0 0 0 0 0 0 0 1 0 0 0 0 0 0 1 0 0 0 0 0 0 0 0 0 0 0 0
 0 1 1 0]
2025-12-21 17:27:36,872 - [DEBUG] - y_rrl_: (1447,) [0 0 0 0 0 1 0 0 0 0 0 0 0 0 0 0 0 0 0 0 0 0 0 0 1 0 0 0 0 0 0 0 0 0 0 0 0
 0 0 0 0]
2025-12-21 17:27:36,873 - [DEBUG] - y_rrl: (1447, 2) [[ 1.3136985  -0.8910327 ]
 [ 0.27671203  0.14650215]
 [ 1.6140003  -1.2050849 ]
 [ 1.6140003  -1.2050849 ]
 [ 1.3136985  -0.8910327 ]
 [ 0.05245495  0.19615604]
 [ 1.5866683  -1.1017652 ]
 [ 1.9627366  -1.7995085 ]
 [ 2.137696   -1.8838185 ]
 [ 0.52771616 -0.20220639]
 [ 0.5003841  -0.09888659]
 [ 1.6500806  -1.3704063 ]
 [ 1.3136985  -0.8910327 ]
 [ 1.411709   -1.017455  ]
 [ 1.5866683  -1.1017652 ]
 [ 1.5866683  -1.1017652 ]
 [ 2.137696   -1.8838185 ]
 [ 0.3254247  -0.01457642]
 [ 1.1387392  -0.8067225 ]
 [ 1.411709   -1.017455  ]
 [ 1.411709   -1.017455  ]
 [ 1.5866683  -1.1017652 ]
 [ 1.3013443  -0.77598286]
 [ 1.411709   -1.017455  ]
 [-0.61322737  0.740842  ]
 [ 0.22741431  0.11184587]
 [ 1.5866683  -1.1017652 ]
 [ 1.411709   -1.017455  ]
 [ 1.5866683  -1.1017652 ]
 [ 1.7889597  -1.2893951 ]
 [ 1.4751213  -1.2860962 ]
 [ 1.411709   -1.017455  ]
 [ 0.5003841  -0.09888659]
 [ 0.3254247  -0.01457642]
 [ 1.3136985  -0.8910327 ]
 [ 1.9627366  -1.7995085 ]
 [ 1.5866683  -1.1017652 ]
 [ 1.411709   -1.017455  ]
 [ 0.3254247  -0.01457642]
 [ 0.40769523 -0.19827782]
 [ 1.9627366  -1.7995085 ]]
2025-12-21 17:27:36,875 - [INFO] - ------------------------------------------------------------
2025-12-21 17:27:36,875 - [INFO] - On Validation Set:
	Accuracy of RRL  Model: 0.9032480995162405
	F1 Score of RRL  Model: 0.6719798440374103
2025-12-21 17:27:36,881 - [INFO] - On Validation Set:
Performance of  RRL Model: 
[[1261   25]
 [ 115   46]]
              precision    recall  f1-score   support

           0       0.92      0.98      0.95      1286
           1       0.65      0.29      0.40       161

    accuracy                           0.90      1447
   macro avg       0.78      0.63      0.67      1447
weighted avg       0.89      0.90      0.89      1447

2025-12-21 17:27:36,881 - [INFO] - ------------------------------------------------------------
2025-12-21 17:27:37,142 - [INFO] - epoch: 11, loss_rrl: 55.44294687360525
2025-12-21 17:27:37,846 - [INFO] - epoch: 12, loss_rrl: 54.60256042331457
2025-12-21 17:27:38,533 - [DEBUG] - y_true: (1447,) [0 0 0 0 0 1 0 0 0 0 0 0 0 0 0 0 0 1 0 0 0 0 0 0 1 0 0 0 0 0 0 0 0 0 0 0 0
 0 1 1 0]
2025-12-21 17:27:38,610 - [DEBUG] - y_rrl_: (1447,) [0 0 0 0 0 0 0 0 0 0 0 0 0 0 0 0 0 0 0 0 0 0 0 0 1 0 0 0 0 0 0 0 0 1 0 0 0
 0 1 0 0]
2025-12-21 17:27:38,611 - [DEBUG] - y_rrl: (1447, 2) [[ 1.5854509  -1.1064249 ]
 [ 0.24209762  0.17628095]
 [ 1.8035734  -1.4380349 ]
 [ 1.8035734  -1.4380349 ]
 [ 1.5854509  -1.1064249 ]
 [ 0.4206232  -0.11248377]
 [ 1.7064428  -1.2658129 ]
 [ 2.1753385  -2.0108213 ]
 [ 2.315041   -2.0612192 ]
 [ 0.6574563  -0.3351035 ]
 [ 0.2332738   0.20399147]
 [ 2.078208   -1.8385994 ]
 [ 1.5854509  -1.1064249 ]
 [ 1.5667403  -1.2154151 ]
 [ 1.5854509  -1.1064249 ]
 [ 1.9432759  -1.4884326 ]
 [ 2.315041   -2.0612192 ]
 [ 0.4206232  -0.11248377]
 [ 1.3782802  -1.0355448 ]
 [ 1.4457483  -1.056027  ]
 [ 1.6825814  -1.2786468 ]
 [ 1.7064428  -1.2658129 ]
 [ 1.258399   -0.73955184]
 [ 1.4457483  -1.056027  ]
 [-0.50959796  0.6403153 ]
 [ 0.56032574 -0.16288158]
 [ 1.7064428  -1.2658129 ]
 [ 1.4457483  -1.056027  ]
 [ 1.7064428  -1.2658129 ]
 [ 1.822284   -1.3290447 ]
 [ 1.6114533  -1.4213287 ]
 [ 1.4457483  -1.056027  ]
 [ 0.2332738   0.20399147]
 [ 0.09357125  0.2543893 ]
 [ 1.5854509  -1.1064249 ]
 [ 2.1753385  -2.0108213 ]
 [ 1.7064428  -1.2658129 ]
 [ 1.4457483  -1.056027  ]
 [ 0.09357125  0.2543893 ]
 [ 0.55293846 -0.3396967 ]
 [ 2.1753385  -2.0108213 ]]
2025-12-21 17:27:38,613 - [INFO] - ------------------------------------------------------------
2025-12-21 17:27:38,613 - [INFO] - On Validation Set:
	Accuracy of RRL  Model: 0.9011748445058743
	F1 Score of RRL  Model: 0.6662634493147724
2025-12-21 17:27:38,619 - [INFO] - On Validation Set:
Performance of  RRL Model: 
[[1259   27]
 [ 116   45]]
              precision    recall  f1-score   support

           0       0.92      0.98      0.95      1286
           1       0.62      0.28      0.39       161

    accuracy                           0.90      1447
   macro avg       0.77      0.63      0.67      1447
weighted avg       0.88      0.90      0.88      1447

2025-12-21 17:27:38,619 - [INFO] - ------------------------------------------------------------
2025-12-21 17:27:38,649 - [INFO] - epoch: 13, loss_rrl: 54.84790740907192
2025-12-21 17:27:39,352 - [INFO] - epoch: 14, loss_rrl: 54.5559397097677
2025-12-21 17:27:40,092 - [INFO] - epoch: 15, loss_rrl: 54.82964947074652
2025-12-21 17:27:40,302 - [DEBUG] - y_true: (1447,) [0 0 0 0 0 1 0 0 0 0 0 0 0 0 0 0 0 1 0 0 0 0 0 0 1 0 0 0 0 0 0 0 0 0 0 0 0
 0 1 1 0]
2025-12-21 17:27:40,379 - [DEBUG] - y_rrl_: (1447,) [0 0 0 0 0 0 0 0 0 0 1 0 0 0 0 0 0 0 0 0 0 0 0 0 1 0 0 0 0 0 0 0 1 1 0 0 0
 0 0 0 0]
2025-12-21 17:27:40,380 - [DEBUG] - y_rrl: (1447, 2) [[ 1.3732892  -0.99800396]
 [ 0.2998408   0.0760763 ]
 [ 1.7139187  -1.3525496 ]
 [ 1.7139187  -1.3525496 ]
 [ 1.7029655  -1.2674953 ]
 [ 0.12759165  0.1175155 ]
 [ 1.7029655  -1.2674953 ]
 [ 2.1385198  -1.9717025 ]
 [ 2.2811165  -2.026409  ]
 [ 0.61081773 -0.29173642]
 [ 0.13782878  0.20665044]
 [ 2.1275666  -1.8866482 ]
 [ 1.3732892  -0.99800396]
 [ 1.5603689  -1.2127889 ]
 [ 1.7029655  -1.2674953 ]
 [ 1.7029655  -1.2674953 ]
 [ 2.2811165  -2.026409  ]
 [ 0.457268   -0.15197584]
 [ 1.2306925  -0.9432976 ]
 [ 1.5603689  -1.2127889 ]
 [ 1.5603689  -1.2127889 ]
 [ 1.7029655  -1.2674953 ]
 [ 1.3835263  -0.908869  ]
 [ 1.5603689  -1.2127889 ]
 [-0.49706393  0.6308358 ]
 [ 0.12759165  0.1175155 ]
 [ 1.3835263  -0.908869  ]
 [ 1.5603689  -1.2127889 ]
 [ 1.7029655  -1.2674953 ]
 [ 1.8565153  -1.4072559 ]
 [ 1.6655308  -1.4733156 ]
 [ 1.5603689  -1.2127889 ]
 [ 0.13782878  0.20665044]
 [ 0.13782878  0.20665044]
 [ 1.3732892  -0.99800396]
 [ 2.1385198  -1.9717025 ]
 [ 1.7029655  -1.2674953 ]
 [ 1.5603689  -1.2127889 ]
 [ 0.457268   -0.15197584]
 [ 0.35946494 -0.16370082]
 [ 2.1385198  -1.9717025 ]]
2025-12-21 17:27:40,382 - [INFO] - ------------------------------------------------------------
2025-12-21 17:27:40,382 - [INFO] - On Validation Set:
	Accuracy of RRL  Model: 0.8970283344851416
	F1 Score of RRL  Model: 0.6627899520311304
2025-12-21 17:27:40,388 - [INFO] - On Validation Set:
Performance of  RRL Model: 
[[1252   34]
 [ 115   46]]
              precision    recall  f1-score   support

           0       0.92      0.97      0.94      1286
           1       0.57      0.29      0.38       161

    accuracy                           0.90      1447
   macro avg       0.75      0.63      0.66      1447
weighted avg       0.88      0.90      0.88      1447

2025-12-21 17:27:40,388 - [INFO] - ------------------------------------------------------------
2025-12-21 17:27:40,890 - [INFO] - epoch: 16, loss_rrl: 55.13173797726631
2025-12-21 17:27:41,590 - [INFO] - epoch: 17, loss_rrl: 54.50787657126784
2025-12-21 17:27:42,028 - [DEBUG] - y_true: (1447,) [0 0 0 0 0 1 0 0 0 0 0 0 0 0 0 0 0 1 0 0 0 0 0 0 1 0 0 0 0 0 0 0 0 0 0 0 0
 0 1 1 0]
2025-12-21 17:27:42,105 - [DEBUG] - y_rrl_: (1447,) [0 0 0 0 0 1 0 0 0 0 0 0 0 0 0 0 0 1 0 0 0 0 0 0 1 0 0 0 0 0 0 0 0 1 0 0 0
 0 1 0 0]
2025-12-21 17:27:42,106 - [DEBUG] - y_rrl: (1447, 2) [[ 1.4112622  -1.0402437 ]
 [ 0.3201266   0.05169752]
 [ 1.71341    -1.3562012 ]
 [ 1.71341    -1.3562012 ]
 [ 1.4112622  -1.0402437 ]
 [ 0.11059777  0.13260826]
 [ 1.7219023  -1.2916986 ]
 [ 2.121131   -1.9511117 ]
 [ 2.2750604  -2.018657  ]
 [ 0.5666748  -0.2508943 ]
 [ 0.27943313  0.14789411]
 [ 1.8338894  -1.5523233 ]
 [ 1.4112622  -1.0402437 ]
 [ 1.567973   -1.2241533 ]
 [ 1.7219023  -1.2916986 ]
 [ 1.7219023  -1.2916986 ]
 [ 2.2750604  -2.018657  ]
 [ 0.12550382  0.21543947]
 [ 1.2573329  -0.97269845]
 [ 1.567973   -1.2241533 ]
 [ 1.567973   -1.2241533 ]
 [ 1.7219023  -1.2916986 ]
 [ 1.4261683  -0.9574126 ]
 [ 1.567973   -1.2241533 ]
 [-0.8024795   0.9777807 ]
 [ 0.26452708  0.06506291]
 [ 1.8673393  -1.4237463 ]
 [ 1.567973   -1.2241533 ]
 [ 1.7219023  -1.2916986 ]
 [ 1.8673393  -1.4237463 ]
 [ 1.6799599  -1.4847779 ]
 [ 1.567973   -1.2241533 ]
 [ 0.27943313  0.14789411]
 [ 0.12550382  0.21543947]
 [ 1.4112622  -1.0402437 ]
 [ 2.121131   -1.9511117 ]
 [ 1.7219023  -1.2916986 ]
 [ 1.567973   -1.2241533 ]
 [ 0.12550382  0.21543947]
 [ 1.1924169  -0.86221325]
 [ 2.121131   -1.9511117 ]]
2025-12-21 17:27:42,108 - [INFO] - ------------------------------------------------------------
2025-12-21 17:27:42,108 - [INFO] - On Validation Set:
	Accuracy of RRL  Model: 0.8970283344851416
	F1 Score of RRL  Model: 0.6522605171181894
2025-12-21 17:27:42,114 - [INFO] - On Validation Set:
Performance of  RRL Model: 
[[1256   30]
 [ 119   42]]
              precision    recall  f1-score   support

           0       0.91      0.98      0.94      1286
           1       0.58      0.26      0.36       161

    accuracy                           0.90      1447
   macro avg       0.75      0.62      0.65      1447
weighted avg       0.88      0.90      0.88      1447

2025-12-21 17:27:42,114 - [INFO] - ------------------------------------------------------------
2025-12-21 17:27:42,387 - [INFO] - epoch: 18, loss_rrl: 55.011339738965034
2025-12-21 17:27:43,088 - [INFO] - epoch: 19, loss_rrl: 54.69236082583666
2025-12-21 17:27:43,756 - [DEBUG] - y_true: (1447,) [0 0 0 0 0 1 0 0 0 0 0 0 0 0 0 0 0 1 0 0 0 0 0 0 1 0 0 0 0 0 0 0 0 0 0 0 0
 0 1 1 0]
2025-12-21 17:27:43,834 - [DEBUG] - y_rrl_: (1447,) [0 1 0 0 0 0 0 0 0 0 0 0 0 0 0 0 0 1 0 0 0 0 0 0 1 0 0 0 0 0 0 0 0 1 0 0 0
 0 1 0 0]
2025-12-21 17:27:43,834 - [DEBUG] - y_rrl: (1447, 2) [[ 1.4228535  -1.0649313 ]
 [-0.02097121  0.32176068]
 [ 1.0763218  -0.6753081 ]
 [ 1.0763218  -0.6753081 ]
 [ 1.4228535  -1.0649313 ]
 [ 0.43027756 -0.13082379]
 [ 1.7296163  -1.3047502 ]
 [ 2.1731734  -1.9992476 ]
 [ 2.312331   -2.0536098 ]
 [ 0.587103   -0.27464464]
 [ 0.2751898   0.14697877]
 [ 1.86126    -1.5776241 ]
 [ 1.4228535  -1.0649313 ]
 [ 1.590459   -1.2503879 ]
 [ 1.4228535  -1.0649313 ]
 [ 1.8864418  -1.4485711 ]
 [ 2.312331   -2.0536098 ]
 [ 0.13603231  0.20134106]
 [ 1.101062   -0.87312555]
 [ 1.283696   -1.010569  ]
 [ 1.4405216  -1.1543899 ]
 [ 1.7296163  -1.3047502 ]
 [ 1.1286082  -0.7327664 ]
 [ 1.283696   -1.010569  ]
 [-0.75053334  0.92807436]
 [ 0.569435   -0.18518609]
 [ 1.7296163  -1.3047502 ]
 [ 1.283696   -1.010569  ]
 [ 1.7296163  -1.3047502 ]
 [ 1.5796789  -1.2087522 ]
 [ 1.7221025  -1.5232618 ]
 [ 1.283696   -1.010569  ]
 [ 0.2751898   0.14697877]
 [ 0.13603231  0.20134106]
 [ 1.4228535  -1.0649313 ]
 [ 2.1731734  -1.9992476 ]
 [ 1.7296163  -1.3047502 ]
 [ 1.283696   -1.010569  ]
 [ 0.13603231  0.20134106]
 [ 0.64319134 -0.41325435]
 [ 2.1731734  -1.9992476 ]]
2025-12-21 17:27:43,836 - [INFO] - ------------------------------------------------------------
2025-12-21 17:27:43,836 - [INFO] - On Validation Set:
	Accuracy of RRL  Model: 0.8984105044920525
	F1 Score of RRL  Model: 0.7103055758709873
2025-12-21 17:27:43,842 - [INFO] - On Validation Set:
Performance of  RRL Model: 
[[1233   53]
 [  94   67]]
              precision    recall  f1-score   support

           0       0.93      0.96      0.94      1286
           1       0.56      0.42      0.48       161

    accuracy                           0.90      1447
   macro avg       0.74      0.69      0.71      1447
weighted avg       0.89      0.90      0.89      1447

2025-12-21 17:27:43,842 - [INFO] - ------------------------------------------------------------
2025-12-21 17:27:43,889 - [INFO] - epoch: 20, loss_rrl: 55.05355767905712
2025-12-21 17:27:44,590 - [INFO] - epoch: 21, loss_rrl: 55.50472318381071
2025-12-21 17:27:45,295 - [INFO] - epoch: 22, loss_rrl: 55.13786372542381
2025-12-21 17:27:45,489 - [DEBUG] - y_true: (1447,) [0 0 0 0 0 1 0 0 0 0 0 0 0 0 0 0 0 1 0 0 0 0 0 0 1 0 0 0 0 0 0 0 0 0 0 0 0
 0 1 1 0]
2025-12-21 17:27:45,566 - [DEBUG] - y_rrl_: (1447,) [0 0 0 0 0 0 0 0 0 0 0 0 0 0 0 0 0 0 0 0 0 0 0 0 1 0 0 0 0 0 0 0 0 0 0 0 0
 0 0 0 0]
2025-12-21 17:27:45,566 - [DEBUG] - y_rrl: (1447, 2) [[ 1.3928577  -1.0305028 ]
 [ 0.23176275  0.13196582]
 [ 1.7747618  -1.4257011 ]
 [ 1.7747618  -1.4257011 ]
 [ 1.7170485  -1.2974429 ]
 [ 0.13410325  0.10524473]
 [ 1.7170485  -1.2974429 ]
 [ 2.247388   -2.0689754 ]
 [ 2.3767498  -2.115154  ]
 [ 0.6453692  -0.33613205]
 [ 0.5876557  -0.20787409]
 [ 1.8591176  -1.572854  ]
 [ 1.3928577  -1.0305028 ]
 [ 1.5876867  -1.2512643 ]
 [ 1.7170485  -1.2974429 ]
 [ 1.7170485  -1.2974429 ]
 [ 2.3767498  -2.115154  ]
 [ 0.45829403 -0.16169545]
 [ 1.263496   -0.9843243 ]
 [ 1.5876867  -1.2512643 ]
 [ 1.5876867  -1.2512643 ]
 [ 1.7170485  -1.2974429 ]
 [ 1.3864917  -0.9295796 ]
 [ 1.5876867  -1.2512643 ]
 [ 0.01992492  0.17828026]
 [ 0.26346493  0.05906609]
 [ 1.3864917  -0.9295796 ]
 [ 1.5876867  -1.2512643 ]
 [ 1.7170485  -1.2974429 ]
 [ 1.9041237  -1.4718797 ]
 [ 1.7297558  -1.5266755 ]
 [ 1.5876867  -1.2512643 ]
 [ 0.5876557  -0.20787409]
 [ 0.45829403 -0.16169545]
 [ 1.3928577  -1.0305028 ]
 [ 2.247388   -2.0689754 ]
 [ 1.7170485  -1.2974429 ]
 [ 1.5876867  -1.2512643 ]
 [ 0.45829403 -0.16169545]
 [ 0.71957225 -0.4844517 ]
 [ 2.247388   -2.0689754 ]]
2025-12-21 17:27:45,568 - [INFO] - ------------------------------------------------------------
2025-12-21 17:27:45,568 - [INFO] - On Validation Set:
	Accuracy of RRL  Model: 0.899101589495508
	F1 Score of RRL  Model: 0.5847250397068767
2025-12-21 17:27:45,574 - [INFO] - On Validation Set:
Performance of  RRL Model: 
[[1280    6]
 [ 140   21]]
              precision    recall  f1-score   support

           0       0.90      1.00      0.95      1286
           1       0.78      0.13      0.22       161

    accuracy                           0.90      1447
   macro avg       0.84      0.56      0.58      1447
weighted avg       0.89      0.90      0.87      1447

2025-12-21 17:27:45,574 - [INFO] - ------------------------------------------------------------
2025-12-21 17:27:46,092 - [INFO] - epoch: 23, loss_rrl: 55.57107171788812
2025-12-21 17:27:46,792 - [INFO] - epoch: 24, loss_rrl: 55.66269417479634
2025-12-21 17:27:47,214 - [DEBUG] - y_true: (1447,) [0 0 0 0 0 1 0 0 0 0 0 0 0 0 0 0 0 1 0 0 0 0 0 0 1 0 0 0 0 0 0 0 0 0 0 0 0
 0 1 1 0]
2025-12-21 17:27:47,291 - [DEBUG] - y_rrl_: (1447,) [0 0 0 0 0 1 0 0 0 0 0 0 0 0 0 0 0 0 0 0 0 0 0 0 1 0 0 0 0 0 0 0 0 0 0 0 0
 0 0 0 0]
2025-12-21 17:27:47,292 - [DEBUG] - y_rrl: (1447, 2) [[ 1.499357   -1.1412516 ]
 [ 0.3085971   0.05118835]
 [ 1.8225398  -1.4774296 ]
 [ 1.8225398  -1.4774296 ]
 [ 1.499357   -1.1412516 ]
 [ 0.10152641  0.1359373 ]
 [ 1.8188367  -1.4044088 ]
 [ 2.0396342  -1.8579663 ]
 [ 2.2050273  -1.941769  ]
 [ 0.5901023  -0.28404355]
 [ 0.5863993  -0.21102268]
 [ 2.035931   -1.7849455 ]
 [ 1.499357   -1.1412516 ]
 [ 1.6534436  -1.3206061 ]
 [ 1.8188367  -1.4044088 ]
 [ 1.8188367  -1.4044088 ]
 [ 2.2050273  -1.941769  ]
 [ 0.42100608 -0.12722003]
 [ 1.3339639  -1.0574489 ]
 [ 1.6534436  -1.3206061 ]
 [ 1.6534436  -1.3206061 ]
 [ 1.8188367  -1.4044088 ]
 [ 1.5670378  -1.1159091 ]
 [ 1.6534436  -1.3206061 ]
 [-0.6369253   0.81573534]
 [ 0.26691967  0.05213466]
 [ 1.736134   -1.2727326 ]
 [ 1.6534436  -1.3206061 ]
 [ 1.8188367  -1.4044088 ]
 [ 1.9879329  -1.5612323 ]
 [ 1.870538   -1.7011428 ]
 [ 1.6534436  -1.3206061 ]
 [ 0.33460048  0.07747707]
 [ 0.16920722  0.16127971]
 [ 1.499357   -1.1412516 ]
 [ 2.0396342  -1.8579663 ]
 [ 1.8188367  -1.4044088 ]
 [ 1.6534436  -1.3206061 ]
 [ 0.42100608 -0.12722003]
 [ 0.7757105  -0.5735098 ]
 [ 2.0396342  -1.8579663 ]]
2025-12-21 17:27:47,294 - [INFO] - ------------------------------------------------------------
2025-12-21 17:27:47,294 - [INFO] - On Validation Set:
	Accuracy of RRL  Model: 0.9039391845196959
	F1 Score of RRL  Model: 0.6595196137679797
2025-12-21 17:27:47,300 - [INFO] - On Validation Set:
Performance of  RRL Model: 
[[1267   19]
 [ 120   41]]
              precision    recall  f1-score   support

           0       0.91      0.99      0.95      1286
           1       0.68      0.25      0.37       161

    accuracy                           0.90      1447
   macro avg       0.80      0.62      0.66      1447
weighted avg       0.89      0.90      0.88      1447

2025-12-21 17:27:47,300 - [INFO] - ------------------------------------------------------------
2025-12-21 17:27:47,599 - [INFO] - epoch: 25, loss_rrl: 55.37873600050807
2025-12-21 17:27:48,304 - [INFO] - epoch: 26, loss_rrl: 55.481631964445114
2025-12-21 17:27:48,957 - [DEBUG] - y_true: (1447,) [0 0 0 0 0 1 0 0 0 0 0 0 0 0 0 0 0 1 0 0 0 0 0 0 1 0 0 0 0 0 0 0 0 0 0 0 0
 0 1 1 0]
2025-12-21 17:27:49,035 - [DEBUG] - y_rrl_: (1447,) [0 1 0 0 0 0 0 0 0 0 0 0 0 0 0 0 0 0 0 0 0 0 0 0 1 0 0 0 0 0 0 0 0 0 0 0 0
 0 0 0 0]
2025-12-21 17:27:49,035 - [DEBUG] - y_rrl: (1447, 2) [[ 1.6724286  -1.3267936 ]
 [ 0.12824784  0.1639776 ]
 [ 1.9220203  -1.5807905 ]
 [ 1.9220203  -1.5807905 ]
 [ 1.6724286  -1.3267936 ]
 [ 0.44559437 -0.15459362]
 [ 1.8665807  -1.457279  ]
 [ 2.1672816  -1.9829916 ]
 [ 2.32128    -2.0569887 ]
 [ 0.6550323  -0.35210234]
 [ 0.5995927  -0.22859076]
 [ 1.8349526  -1.5464828 ]
 [ 1.6724286  -1.3267936 ]
 [ 1.7125823  -1.3832818 ]
 [ 1.6724286  -1.3267936 ]
 [ 2.0760186  -1.6547877 ]
 [ 2.32128    -2.0569887 ]
 [ 0.44559437 -0.15459362]
 [ 1.4084855  -1.186335  ]
 [ 1.5184302  -1.2527963 ]
 [ 1.7278682  -1.450305  ]
 [ 1.8665807  -1.457279  ]
 [ 1.395539   -1.0137963 ]
 [ 1.5184302  -1.2527963 ]
 [-0.33709705  0.48005947]
 [ 0.5995927  -0.22859076]
 [ 1.8665807  -1.457279  ]
 [ 1.5184302  -1.2527963 ]
 [ 1.8665807  -1.457279  ]
 [ 1.8818666  -1.5243022 ]
 [ 1.6809542  -1.4724857 ]
 [ 1.5184302  -1.2527963 ]
 [ 0.5995927  -0.22859076]
 [ 0.44559437 -0.15459362]
 [ 1.6724286  -1.3267936 ]
 [ 2.1672816  -1.9829916 ]
 [ 1.8665807  -1.457279  ]
 [ 1.5184302  -1.2527963 ]
 [ 0.44559437 -0.15459362]
 [ 0.29880786 -0.0775972 ]
 [ 2.1672816  -1.9829916 ]]
2025-12-21 17:27:49,038 - [INFO] - ------------------------------------------------------------
2025-12-21 17:27:49,038 - [INFO] - On Validation Set:
	Accuracy of RRL  Model: 0.899101589495508
	F1 Score of RRL  Model: 0.6378580930047586
2025-12-21 17:27:49,044 - [INFO] - On Validation Set:
Performance of  RRL Model: 
[[1265   21]
 [ 125   36]]
              precision    recall  f1-score   support

           0       0.91      0.98      0.95      1286
           1       0.63      0.22      0.33       161

    accuracy                           0.90      1447
   macro avg       0.77      0.60      0.64      1447
weighted avg       0.88      0.90      0.88      1447

2025-12-21 17:27:49,044 - [INFO] - ------------------------------------------------------------
2025-12-21 17:27:49,107 - [INFO] - epoch: 27, loss_rrl: 56.05090067535639
2025-12-21 17:27:49,972 - [INFO] - epoch: 28, loss_rrl: 55.176567513495684
2025-12-21 17:27:50,725 - [INFO] - epoch: 29, loss_rrl: 55.7790756970644
2025-12-21 17:27:50,918 - [DEBUG] - y_true: (1447,) [0 0 0 0 0 1 0 0 0 0 0 0 0 0 0 0 0 1 0 0 0 0 0 0 1 0 0 0 0 0 0 0 0 0 0 0 0
 0 1 1 0]
2025-12-21 17:27:51,001 - [DEBUG] - y_rrl_: (1447,) [0 1 0 0 0 0 0 0 0 0 0 0 0 0 0 0 0 0 0 0 0 0 0 0 1 0 0 0 0 0 0 0 0 0 0 0 0
 0 0 0 0]
2025-12-21 17:27:51,002 - [DEBUG] - y_rrl: (1447, 2) [[ 1.5024486e+00 -1.3827490e+00]
 [-1.2072772e-03  6.8732828e-02]
 [ 1.8652194e+00 -1.5279651e+00]
 [ 1.8652194e+00 -1.5279651e+00]
 [ 1.5024486e+00 -1.3827490e+00]
 [ 1.4923142e-01 -1.4545393e-01]
 [ 1.5024486e+00 -1.3827490e+00]
 [ 2.1197393e+00 -1.9329482e+00]
 [ 2.2725651e+00 -2.0073671e+00]
 [ 6.6482824e-01 -3.6508918e-01]
 [ 1.4923142e-01 -1.4545393e-01]
 [ 1.4630556e+00 -1.4582989e+00]
 [ 1.5024486e+00 -1.3827490e+00]
 [ 1.5887388e+00 -1.5358440e+00]
 [ 1.7415649e+00 -1.6102631e+00]
 [ 1.7415649e+00 -1.6102631e+00]
 [ 2.2725651e+00 -2.0073671e+00]
 [ 1.4923142e-01 -1.4545393e-01]
 [ 1.2647139e+00 -1.2663127e+00]
 [ 1.5887388e+00 -1.5358440e+00]
 [ 1.5887388e+00 -1.5358440e+00]
 [ 1.7415649e+00 -1.6102631e+00]
 [ 1.2085358e+00 -1.0533158e+00]
 [ 1.5887388e+00 -1.5358440e+00]
 [-4.5423317e-01  3.6814705e-01]
 [ 1.4923142e-01 -1.4545393e-01]
 [ 1.2085358e+00 -1.0533158e+00]
 [ 1.5887388e+00 -1.5358440e+00]
 [ 1.7415649e+00 -1.6102631e+00]
 [ 2.0180454e+00 -1.6023842e+00]
 [ 1.3102295e+00 -1.3838798e+00]
 [ 1.3496225e+00 -1.3083298e+00]
 [ 1.4923142e-01 -1.4545393e-01]
 [ 1.4923142e-01 -1.4545393e-01]
 [ 1.5024486e+00 -1.3827490e+00]
 [ 2.1197393e+00 -1.9329482e+00]
 [ 1.5024486e+00 -1.3827490e+00]
 [ 1.5887388e+00 -1.5358440e+00]
 [ 1.4923142e-01 -1.4545393e-01]
 [ 1.2669896e-01 -1.6659990e-01]
 [ 2.1197393e+00 -1.9329482e+00]]
2025-12-21 17:27:51,004 - [INFO] - ------------------------------------------------------------
2025-12-21 17:27:51,004 - [INFO] - On Validation Set:
	Accuracy of RRL  Model: 0.9011748445058743
	F1 Score of RRL  Model: 0.6714021873595581
2025-12-21 17:27:51,010 - [INFO] - On Validation Set:
Performance of  RRL Model: 
[[1257   29]
 [ 114   47]]
              precision    recall  f1-score   support

           0       0.92      0.98      0.95      1286
           1       0.62      0.29      0.40       161

    accuracy                           0.90      1447
   macro avg       0.77      0.63      0.67      1447
weighted avg       0.88      0.90      0.89      1447

2025-12-21 17:27:51,010 - [INFO] - ------------------------------------------------------------
2025-12-21 17:27:51,615 - [INFO] - epoch: 30, loss_rrl: 54.90844877809286
2025-12-21 17:27:52,344 - [INFO] - epoch: 31, loss_rrl: 54.836416121572256
2025-12-21 17:27:52,762 - [DEBUG] - y_true: (1447,) [0 0 0 0 0 1 0 0 0 0 0 0 0 0 0 0 0 1 0 0 0 0 0 0 1 0 0 0 0 0 0 0 0 0 0 0 0
 0 1 1 0]
2025-12-21 17:27:52,844 - [DEBUG] - y_rrl_: (1447,) [0 0 0 0 0 0 0 0 0 0 0 0 0 0 0 0 0 0 0 0 0 0 0 0 1 0 0 0 0 0 0 0 0 1 0 0 0
 0 0 0 0]
2025-12-21 17:27:52,845 - [DEBUG] - y_rrl: (1447, 2) [[ 1.8365645  -1.5277077 ]
 [ 0.3282975  -0.07039078]
 [ 2.0689502  -1.7359216 ]
 [ 2.0689502  -1.7359216 ]
 [ 1.5443265  -1.2890272 ]
 [ 0.34135097 -0.14608459]
 [ 1.8365645  -1.5277077 ]
 [ 2.2795572  -2.0906625 ]
 [ 2.452375   -2.1866546 ]
 [ 0.5219741  -0.31541857]
 [ 0.51416886 -0.24207662]
 [ 2.0471716  -1.8824487 ]
 [ 1.8365645  -1.5277077 ]
 [ 1.6637466  -1.4317157 ]
 [ 1.8365645  -1.5277077 ]
 [ 1.8365645  -1.5277077 ]
 [ 2.452375   -2.1866546 ]
 [ 0.34135097 -0.14608459]
 [ 1.3715086  -1.1930352 ]
 [ 1.6637466  -1.4317157 ]
 [ 1.6637466  -1.4317157 ]
 [ 1.8365645  -1.5277077 ]
 [ 1.5376327  -1.1938422 ]
 [ 1.6637466  -1.4317157 ]
 [-0.8414641   0.93132335]
 [ 0.51416886 -0.24207662]
 [ 1.8365645  -1.5277077 ]
 [ 1.6637466  -1.4317157 ]
 [ 1.8365645  -1.5277077 ]
 [ 2.2417681  -1.8319136 ]
 [ 1.8743536  -1.7864567 ]
 [ 1.6637466  -1.4317157 ]
 [ 0.21523704  0.09178893]
 [ 0.04241915  0.18778096]
 [ 1.8365645  -1.5277077 ]
 [ 2.2795572  -2.0906625 ]
 [ 1.8365645  -1.5277077 ]
 [ 1.6637466  -1.4317157 ]
 [ 0.34135097 -0.14608459]
 [ 0.71124685 -0.588808  ]
 [ 2.2795572  -2.0906625 ]]
2025-12-21 17:27:52,847 - [INFO] - ------------------------------------------------------------
2025-12-21 17:27:52,847 - [INFO] - On Validation Set:
	Accuracy of RRL  Model: 0.9039391845196959
	F1 Score of RRL  Model: 0.662320590027752
2025-12-21 17:27:52,853 - [INFO] - On Validation Set:
Performance of  RRL Model: 
[[1266   20]
 [ 119   42]]
              precision    recall  f1-score   support

           0       0.91      0.98      0.95      1286
           1       0.68      0.26      0.38       161

    accuracy                           0.90      1447
   macro avg       0.80      0.62      0.66      1447
weighted avg       0.89      0.90      0.88      1447

2025-12-21 17:27:52,853 - [INFO] - ------------------------------------------------------------
2025-12-21 17:27:53,172 - [INFO] - epoch: 32, loss_rrl: 54.59151276573539
2025-12-21 17:27:53,903 - [INFO] - epoch: 33, loss_rrl: 54.88782496005297
2025-12-21 17:27:54,555 - [DEBUG] - y_true: (1447,) [0 0 0 0 0 1 0 0 0 0 0 0 0 0 0 0 0 1 0 0 0 0 0 0 1 0 0 0 0 0 0 0 0 0 0 0 0
 0 1 1 0]
2025-12-21 17:27:54,636 - [DEBUG] - y_rrl_: (1447,) [0 0 0 0 0 0 0 0 0 0 0 0 0 0 0 0 0 0 0 0 0 0 0 0 1 0 0 0 0 0 0 0 0 0 0 0 0
 0 0 0 0]
2025-12-21 17:27:54,637 - [DEBUG] - y_rrl: (1447, 2) [[ 1.7684813  -1.4638703 ]
 [ 0.22394417  0.03094126]
 [ 2.1845834  -1.8560839 ]
 [ 2.1845834  -1.8560839 ]
 [ 1.4569438  -1.204951  ]
 [ 0.3354032  -0.14205529]
 [ 1.7684813  -1.4638703 ]
 [ 2.4063096  -2.2157948 ]
 [ 2.578144   -2.3123798 ]
 [ 0.5413469  -0.3370136 ]
 [ 0.5072378  -0.23864026]
 [ 1.6945944  -1.4936167 ]
 [ 1.7684813  -1.4638703 ]
 [ 1.8025904  -1.5622435 ]
 [ 1.9744251  -1.6588285 ]
 [ 1.9744251  -1.6588285 ]
 [ 2.578144   -2.3123798 ]
 [ 0.3354032  -0.14205529]
 [ 1.4910529  -1.3033245 ]
 [ 1.8025904  -1.5622435 ]
 [ 1.8025904  -1.5622435 ]
 [ 1.9744251  -1.6588285 ]
 [ 1.4728684  -1.133906  ]
 [ 1.8025904  -1.5622435 ]
 [-0.57311505  0.6302591 ]
 [ 0.5072378  -0.23864026]
 [ 1.7684813  -1.4638703 ]
 [ 1.8025904  -1.5622435 ]
 [ 1.9744251  -1.6588285 ]
 [ 2.3564181  -1.9526689 ]
 [ 1.5227599  -1.3970318 ]
 [ 1.5966465  -1.3672853 ]
 [ 0.5072378  -0.23864026]
 [ 0.3354032  -0.14205529]
 [ 1.7684813  -1.4638703 ]
 [ 2.4063096  -2.2157948 ]
 [ 1.7684813  -1.4638703 ]
 [ 1.8025904  -1.5622435 ]
 [ 0.3354032  -0.14205529]
 [ 0.13199441  0.00975464]
 [ 2.4063096  -2.2157948 ]]
2025-12-21 17:27:54,639 - [INFO] - ------------------------------------------------------------
2025-12-21 17:27:54,639 - [INFO] - On Validation Set:
	Accuracy of RRL  Model: 0.9039391845196959
	F1 Score of RRL  Model: 0.6650713958619541
2025-12-21 17:27:54,645 - [INFO] - On Validation Set:
Performance of  RRL Model: 
[[1265   21]
 [ 118   43]]
              precision    recall  f1-score   support

           0       0.91      0.98      0.95      1286
           1       0.67      0.27      0.38       161

    accuracy                           0.90      1447
   macro avg       0.79      0.63      0.67      1447
weighted avg       0.89      0.90      0.88      1447

2025-12-21 17:27:54,645 - [INFO] - ------------------------------------------------------------
2025-12-21 17:27:54,725 - [INFO] - epoch: 34, loss_rrl: 55.059271931648254
2025-12-21 17:27:55,444 - [INFO] - epoch: 35, loss_rrl: 55.0014718696475
2025-12-21 17:27:56,162 - [INFO] - epoch: 36, loss_rrl: 54.87407859414816
2025-12-21 17:27:56,328 - [DEBUG] - y_true: (1447,) [0 0 0 0 0 1 0 0 0 0 0 0 0 0 0 0 0 1 0 0 0 0 0 0 1 0 0 0 0 0 0 0 0 0 0 0 0
 0 1 1 0]
2025-12-21 17:27:56,409 - [DEBUG] - y_rrl_: (1447,) [0 0 0 0 0 1 0 0 0 0 0 0 0 0 0 0 0 1 0 0 0 0 0 0 1 0 0 0 0 0 0 0 0 1 0 0 0
 0 1 0 0]
2025-12-21 17:27:56,410 - [DEBUG] - y_rrl: (1447, 2) [[ 1.4059303  -1.1572263 ]
 [ 0.19812587  0.05374518]
 [ 2.4892952  -2.2977002 ]
 [ 2.4892952  -2.2977002 ]
 [ 1.9078977  -1.596829  ]
 [ 0.05641645  0.08333182]
 [ 1.9000105  -1.7316369 ]
 [ 2.4892952  -2.2977002 ]
 [ 2.6520915  -2.3868077 ]
 [ 0.55838394 -0.35627088]
 [ 0.21695647  0.08192869]
 [ 1.6007278  -1.3985833 ]
 [ 1.4059303  -1.1572263 ]
 [ 1.9421554  -1.8367828 ]
 [ 1.9078977  -1.596829  ]
 [ 2.1049516  -1.9258903 ]
 [ 2.6520915  -2.3868077 ]
 [ 0.05416015  0.17103615]
 [ 1.448075   -1.2623723 ]
 [ 1.7451015  -1.5077215 ]
 [ 1.7451015  -1.5077215 ]
 [ 2.1049516  -1.9258903 ]
 [ 1.4036739  -1.069522  ]
 [ 1.7451015  -1.5077215 ]
 [-0.57349205  0.7185708 ]
 [ 0.21921277 -0.00577566]
 [ 1.9000105  -1.7316369 ]
 [ 1.7451015  -1.5077215 ]
 [ 2.1049516  -1.9258903 ]
 [ 2.4550376  -2.0577462 ]
 [ 1.4379315  -1.3094758 ]
 [ 1.7451015  -1.5077215 ]
 [ 0.21695647  0.08192869]
 [ 0.05416015  0.17103615]
 [ 1.4059303  -1.1572263 ]
 [ 2.4892952  -2.2977002 ]
 [ 1.9000105  -1.7316369 ]
 [ 1.7451015  -1.5077215 ]
 [ 0.05416015  0.17103615]
 [ 0.22735023 -0.06223817]
 [ 2.4892952  -2.2977002 ]]
2025-12-21 17:27:56,412 - [INFO] - ------------------------------------------------------------
2025-12-21 17:27:56,412 - [INFO] - On Validation Set:
	Accuracy of RRL  Model: 0.902557014512785
	F1 Score of RRL  Model: 0.6629931170497961
2025-12-21 17:27:56,418 - [INFO] - On Validation Set:
Performance of  RRL Model: 
[[1263   23]
 [ 118   43]]
              precision    recall  f1-score   support

           0       0.91      0.98      0.95      1286
           1       0.65      0.27      0.38       161

    accuracy                           0.90      1447
   macro avg       0.78      0.62      0.66      1447
weighted avg       0.89      0.90      0.88      1447

2025-12-21 17:27:56,418 - [INFO] - ------------------------------------------------------------
2025-12-21 17:27:56,982 - [INFO] - epoch: 37, loss_rrl: 54.874001797288656
2025-12-21 17:27:57,707 - [INFO] - epoch: 38, loss_rrl: 55.06215797364712
2025-12-21 17:27:58,128 - [DEBUG] - y_true: (1447,) [0 0 0 0 0 1 0 0 0 0 0 0 0 0 0 0 0 1 0 0 0 0 0 0 1 0 0 0 0 0 0 0 0 0 0 0 0
 0 1 1 0]
2025-12-21 17:27:58,209 - [DEBUG] - y_rrl_: (1447,) [0 0 0 0 0 0 0 0 0 0 0 0 0 0 0 0 0 0 0 0 0 0 0 0 1 0 0 0 0 0 0 0 0 1 0 0 0
 0 0 0 0]
2025-12-21 17:27:58,210 - [DEBUG] - y_rrl: (1447, 2) [[ 1.7041126  -1.4079237 ]
 [ 0.25397667 -0.00508839]
 [ 2.5199227  -2.3279493 ]
 [ 2.5199227  -2.3279493 ]
 [ 1.4221736  -1.1767361 ]
 [ 0.369455   -0.17992726]
 [ 1.867064   -1.6972013 ]
 [ 2.5199227  -2.3279493 ]
 [ 2.6794138  -2.4153087 ]
 [ 0.5025861  -0.3026652 ]
 [ 0.5289463  -0.26728672]
 [ 1.867064   -1.6972013 ]
 [ 1.7041126  -1.4079237 ]
 [ 1.840704   -1.7325797 ]
 [ 1.8372438  -1.5306616 ]
 [ 1.867064   -1.6972013 ]
 [ 2.6794138  -2.4153087 ]
 [ 0.369455   -0.17992726]
 [ 1.2626823  -1.0893767 ]
 [ 1.6777525  -1.4433022 ]
 [ 1.5446213  -1.3205643 ]
 [ 2.0001953  -1.8199391 ]
 [ 1.4424212  -1.1130301 ]
 [ 1.6777525  -1.4433022 ]
 [-0.7637218   0.858692  ]
 [ 0.5289463  -0.26728672]
 [ 1.867064   -1.6972013 ]
 [ 1.6777525  -1.4433022 ]
 [ 2.0001953  -1.8199391 ]
 [ 2.5164626  -2.126031  ]
 [ 1.7075728  -1.6098418 ]
 [ 1.5446213  -1.3205643 ]
 [ 0.2672548   0.02760695]
 [ 0.10776353  0.11496639]
 [ 1.7041126  -1.4079237 ]
 [ 2.5199227  -2.3279493 ]
 [ 1.867064   -1.6972013 ]
 [ 1.6777525  -1.4433022 ]
 [ 0.369455   -0.17992726]
 [ 0.5305035  -0.39526868]
 [ 2.5199227  -2.3279493 ]]
2025-12-21 17:27:58,212 - [INFO] - ------------------------------------------------------------
2025-12-21 17:27:58,212 - [INFO] - On Validation Set:
	Accuracy of RRL  Model: 0.9032480995162405
	F1 Score of RRL  Model: 0.6437113953259325
2025-12-21 17:27:58,218 - [INFO] - On Validation Set:
Performance of  RRL Model: 
[[1271   15]
 [ 125   36]]
              precision    recall  f1-score   support

           0       0.91      0.99      0.95      1286
           1       0.71      0.22      0.34       161

    accuracy                           0.90      1447
   macro avg       0.81      0.61      0.64      1447
weighted avg       0.89      0.90      0.88      1447

2025-12-21 17:27:58,218 - [INFO] - ------------------------------------------------------------
2025-12-21 17:27:58,554 - [INFO] - epoch: 39, loss_rrl: 55.10743049532175
2025-12-21 17:27:59,271 - [INFO] - epoch: 40, loss_rrl: 55.22754459828138
2025-12-21 17:27:59,882 - [DEBUG] - y_true: (1447,) [0 0 0 0 0 1 0 0 0 0 0 0 0 0 0 0 0 1 0 0 0 0 0 0 1 0 0 0 0 0 0 0 0 0 0 0 0
 0 1 1 0]
2025-12-21 17:27:59,964 - [DEBUG] - y_rrl_: (1447,) [0 0 0 0 0 0 0 0 0 0 1 0 0 0 0 0 0 1 0 0 0 0 0 0 1 0 0 0 0 0 0 0 1 1 0 0 0
 0 0 1 0]
2025-12-21 17:27:59,964 - [DEBUG] - y_rrl: (1447, 2) [[ 1.6932523  -1.401157  ]
 [ 0.2715398  -0.02559631]
 [ 1.8825215  -1.6492275 ]
 [ 1.8825215  -1.6492275 ]
 [ 1.4277693  -1.185519  ]
 [ 0.34025308 -0.1525939 ]
 [ 1.8497548  -1.6785812 ]
 [ 2.631116   -2.4395049 ]
 [ 2.7610102  -2.4987645 ]
 [ 0.47409576 -0.2763371 ]
 [ 0.06251252  0.15779217]
 [ 1.5720142  -1.3681952 ]
 [ 1.6932523  -1.401157  ]
 [ 1.8537031  -1.743065  ]
 [ 1.827095   -1.5249002 ]
 [ 1.9835975  -1.8023244 ]
 [ 2.7610102  -2.4987645 ]
 [ 0.06251252  0.15779217]
 [ 1.4317178  -1.2500026 ]
 [ 1.6972008  -1.4656407 ]
 [ 1.6972008  -1.4656407 ]
 [ 1.9835975  -1.8023244 ]
 [ 1.6932523  -1.401157  ]
 [ 1.6972008  -1.4656407 ]
 [-0.7536459   0.84988815]
 [ 0.47014746 -0.21185337]
 [ 1.8497548  -1.6785812 ]
 [ 1.6972008  -1.4656407 ]
 [ 1.9835975  -1.8023244 ]
 [ 2.6045077  -2.22134   ]
 [ 1.4421198  -1.3089358 ]
 [ 1.5633581  -1.3418976 ]
 [ 0.06251252  0.15779217]
 [ 0.06251252  0.15779217]
 [ 1.6932523  -1.401157  ]
 [ 2.631116   -2.4395049 ]
 [ 1.8497548  -1.6785812 ]
 [ 1.6972008  -1.4656407 ]
 [ 0.34025308 -0.1525939 ]
 [-0.05948099  0.14178784]
 [ 2.631116   -2.4395049 ]]
2025-12-21 17:27:59,967 - [INFO] - ------------------------------------------------------------
2025-12-21 17:27:59,967 - [INFO] - On Validation Set:
	Accuracy of RRL  Model: 0.899101589495508
	F1 Score of RRL  Model: 0.6732725023198267
2025-12-21 17:27:59,973 - [INFO] - On Validation Set:
Performance of  RRL Model: 
[[1252   34]
 [ 112   49]]
              precision    recall  f1-score   support

           0       0.92      0.97      0.94      1286
           1       0.59      0.30      0.40       161

    accuracy                           0.90      1447
   macro avg       0.75      0.64      0.67      1447
weighted avg       0.88      0.90      0.88      1447

2025-12-21 17:27:59,973 - [INFO] - ------------------------------------------------------------
2025-12-21 17:28:00,067 - [INFO] - epoch: 41, loss_rrl: 55.44159214571118
2025-12-21 17:28:00,761 - [INFO] - epoch: 42, loss_rrl: 55.34995153173804
2025-12-21 17:28:01,458 - [INFO] - epoch: 43, loss_rrl: 55.12981199845672
2025-12-21 17:28:01,602 - [DEBUG] - y_true: (1447,) [0 0 0 0 0 1 0 0 0 0 0 0 0 0 0 0 0 1 0 0 0 0 0 0 1 0 0 0 0 0 0 0 0 0 0 0 0
 0 1 1 0]
2025-12-21 17:28:01,685 - [DEBUG] - y_rrl_: (1447,) [0 1 0 0 0 1 0 0 0 1 1 0 1 0 0 0 0 1 0 0 0 0 1 0 1 1 0 0 0 0 0 1 1 1 1 0 0
 0 1 0 0]
2025-12-21 17:28:01,685 - [DEBUG] - y_rrl: (1447, 2) [[ 0.6302861  -0.4323516 ]
 [-0.52367103  0.7254858 ]
 [ 1.3000859  -1.1402671 ]
 [ 2.0393875  -1.9205704 ]
 [ 0.19732371  0.090569  ]
 [-0.5827713   0.6480442 ]
 [ 1.1580762  -1.0573874 ]
 [ 2.0393875  -1.9205704 ]
 [ 2.1700437  -1.982003  ]
 [-0.13037875  0.25440782]
 [-0.14577588  0.32922894]
 [ 0.41877466 -0.27708405]
 [-0.10901543  0.34795165]
 [ 0.28811833 -0.21565129]
 [ 0.93662524 -0.6897342 ]
 [ 1.3041295  -1.1936412 ]
 [ 2.1700437  -1.982003  ]
 [-0.27643213  0.3906616 ]
 [ 0.64568317 -0.5071727 ]
 [ 0.8059689  -0.62830144]
 [ 0.9520223  -0.76455534]
 [ 0.41877466 -0.27708405]
 [-0.08667561  0.4066704 ]
 [ 0.8059689  -0.62830144]
 [-0.8667706   0.96414566]
 [-0.45211503  0.5866115 ]
 [ 0.87407684 -0.7412859 ]
 [ 0.8059689  -0.62830144]
 [ 0.41877466 -0.27708405]
 [ 1.9485928  -1.6143501 ]
 [ 1.0274198  -0.9959545 ]
 [ 0.06666741  0.15200178]
 [-0.4297752   0.6453303 ]
 [-0.5604315   0.706763  ]
 [-0.10901543  0.34795165]
 [ 2.0393875  -1.9205704 ]
 [ 0.41877466 -0.27708405]
 [ 0.8059689  -0.62830144]
 [-0.27643213  0.3906616 ]
 [ 0.41877466 -0.27708405]
 [ 2.0393875  -1.9205704 ]]
2025-12-21 17:28:01,687 - [INFO] - ------------------------------------------------------------
2025-12-21 17:28:01,687 - [INFO] - On Validation Set:
	Accuracy of RRL  Model: 0.7878369039391845
	F1 Score of RRL  Model: 0.6642069656254134
2025-12-21 17:28:01,693 - [INFO] - On Validation Set:
Performance of  RRL Model: 
[[1009  277]
 [  30  131]]
              precision    recall  f1-score   support

           0       0.97      0.78      0.87      1286
           1       0.32      0.81      0.46       161

    accuracy                           0.79      1447
   macro avg       0.65      0.80      0.66      1447
weighted avg       0.90      0.79      0.82      1447

2025-12-21 17:28:01,693 - [INFO] - ------------------------------------------------------------
2025-12-21 17:28:02,261 - [INFO] - epoch: 44, loss_rrl: 55.61897160857916
2025-12-21 17:28:02,960 - [INFO] - epoch: 45, loss_rrl: 55.38881330564618
2025-12-21 17:28:03,332 - [DEBUG] - y_true: (1447,) [0 0 0 0 0 1 0 0 0 0 0 0 0 0 0 0 0 1 0 0 0 0 0 0 1 0 0 0 0 0 0 0 0 0 0 0 0
 0 1 1 0]
2025-12-21 17:28:03,415 - [DEBUG] - y_rrl_: (1447,) [0 0 0 0 0 0 0 0 0 0 1 0 0 0 0 0 0 1 0 0 0 0 0 0 1 0 0 0 0 0 0 0 1 1 0 0 0
 0 1 1 0]
2025-12-21 17:28:03,415 - [DEBUG] - y_rrl: (1447, 2) [[ 1.5975313  -1.3612822 ]
 [ 0.35617214 -0.11592494]
 [ 2.4075687  -2.218391  ]
 [ 2.4075687  -2.218391  ]
 [ 1.7737274  -1.5279822 ]
 [ 0.12271425  0.01324816]
 [ 2.1586082  -1.985281  ]
 [ 2.4075687  -2.218391  ]
 [ 2.5667806  -2.3096979 ]
 [ 0.5970847  -0.4035481 ]
 [-0.03241107  0.26784563]
 [ 1.5460968  -1.3892804 ]
 [ 1.5975313  -1.3612822 ]
 [ 2.1755927  -2.0606744 ]
 [ 2.0719018  -1.7780783 ]
 [ 1.8604338  -1.7351848 ]
 [ 2.5667806  -2.3096979 ]
 [-0.19162273  0.3591525 ]
 [ 1.4383197  -1.2699753 ]
 [ 1.9126902  -1.6867715 ]
 [ 1.7364941  -1.5200715 ]
 [ 2.334804   -2.151981  ]
 [ 1.5813687  -1.265474  ]
 [ 1.9126902  -1.6867715 ]
 [-0.8147269   0.91301185]
 [ 0.28192592 -0.0780587 ]
 [ 1.8604338  -1.7351848 ]
 [ 1.9126902  -1.6867715 ]
 [ 2.03663    -1.9018848 ]
 [ 2.3038778  -1.935795  ]
 [ 1.3868852  -1.2979738 ]
 [ 1.9126902  -1.6867715 ]
 [-0.03241107  0.26784563]
 [-0.19162273  0.3591525 ]
 [ 1.5975313  -1.3612822 ]
 [ 2.4075687  -2.218391  ]
 [ 1.8604338  -1.7351848 ]
 [ 1.9126902  -1.6867715 ]
 [-0.19162273  0.3591525 ]
 [-0.043791    0.1540461 ]
 [ 2.4075687  -2.218391  ]]
2025-12-21 17:28:03,417 - [INFO] - ------------------------------------------------------------
2025-12-21 17:28:03,417 - [INFO] - On Validation Set:
	Accuracy of RRL  Model: 0.9004837595024188
	F1 Score of RRL  Model: 0.6892627057981389
2025-12-21 17:28:03,423 - [INFO] - On Validation Set:
Performance of  RRL Model: 
[[1248   38]
 [ 106   55]]
              precision    recall  f1-score   support

           0       0.92      0.97      0.95      1286
           1       0.59      0.34      0.43       161

    accuracy                           0.90      1447
   macro avg       0.76      0.66      0.69      1447
weighted avg       0.88      0.90      0.89      1447

2025-12-21 17:28:03,423 - [INFO] - ------------------------------------------------------------
2025-12-21 17:28:03,764 - [INFO] - epoch: 46, loss_rrl: 55.64957520738244
2025-12-21 17:28:04,466 - [INFO] - epoch: 47, loss_rrl: 55.965430323034525
2025-12-21 17:28:05,067 - [DEBUG] - y_true: (1447,) [0 0 0 0 0 1 0 0 0 0 0 0 0 0 0 0 0 1 0 0 0 0 0 0 1 0 0 0 0 0 0 0 0 0 0 0 0
 0 1 1 0]
2025-12-21 17:28:05,151 - [DEBUG] - y_rrl_: (1447,) [0 1 0 0 0 0 0 0 0 0 1 0 0 0 0 0 0 1 0 0 0 0 0 0 1 0 0 0 0 0 0 0 1 1 0 0 0
 0 0 0 0]
2025-12-21 17:28:05,151 - [DEBUG] - y_rrl: (1447, 2) [[ 1.6093104  -1.2995983 ]
 [ 0.10710572  0.15949355]
 [ 1.1631069  -0.8286276 ]
 [ 1.1631069  -0.8286276 ]
 [ 1.3116877  -1.0491606 ]
 [ 0.262262   -0.08001976]
 [ 1.723429   -1.442974  ]
 [ 2.317983   -2.1290548 ]
 [ 2.4515138  -2.1959658 ]
 [ 0.5054418  -0.31400025]
 [ 0.10550173  0.17438744]
 [ 1.8072538  -1.601658  ]
 [ 1.6093104  -1.2995983 ]
 [ 1.8330779  -1.6100438 ]
 [ 1.8524902  -1.5335789 ]
 [ 1.9666088  -1.6769545 ]
 [ 2.4515138  -2.1959658 ]
 [-0.02802916  0.24129818]
 [ 1.4213367  -1.2162304 ]
 [ 1.7189593  -1.4666681 ]
 [ 1.7189593  -1.4666681 ]
 [ 1.9666088  -1.6769545 ]
 [ 1.3190193  -0.9782804 ]
 [ 1.7189593  -1.4666681 ]
 [-0.94345814  1.042921  ]
 [ 0.39579284 -0.1469305 ]
 [ 1.4331379  -1.1216561 ]
 [ 1.7189593  -1.4666681 ]
 [ 1.9666088  -1.6769545 ]
 [ 1.9632792  -1.5725882 ]
 [ 1.673723   -1.5347472 ]
 [ 1.4757795  -1.2326876 ]
 [ 0.10550173  0.17438744]
 [-0.02802916  0.24129818]
 [ 1.6093104  -1.2995983 ]
 [ 2.317983   -2.1290548 ]
 [ 1.723429   -1.442974  ]
 [ 1.7189593  -1.4666681 ]
 [ 0.262262   -0.08001976]
 [ 0.13502164  0.02630575]
 [ 2.317983   -2.1290548 ]]
2025-12-21 17:28:05,154 - [INFO] - ------------------------------------------------------------
2025-12-21 17:28:05,154 - [INFO] - On Validation Set:
	Accuracy of RRL  Model: 0.8928818244644091
	F1 Score of RRL  Model: 0.703903637489389
2025-12-21 17:28:05,160 - [INFO] - On Validation Set:
Performance of  RRL Model: 
[[1224   62]
 [  93   68]]
              precision    recall  f1-score   support

           0       0.93      0.95      0.94      1286
           1       0.52      0.42      0.47       161

    accuracy                           0.89      1447
   macro avg       0.73      0.69      0.70      1447
weighted avg       0.88      0.89      0.89      1447

2025-12-21 17:28:05,160 - [INFO] - ------------------------------------------------------------
2025-12-21 17:28:05,271 - [INFO] - epoch: 48, loss_rrl: 55.498924592509866
2025-12-21 17:28:05,970 - [INFO] - epoch: 49, loss_rrl: 55.17488556727767
2025-12-21 17:28:06,660 - [INFO] - epoch: 50, loss_rrl: 55.473613519221544
2025-12-21 17:28:06,788 - [DEBUG] - y_true: (1447,) [0 0 0 0 0 1 0 0 0 0 0 0 0 0 0 0 0 1 0 0 0 0 0 0 1 0 0 0 0 0 0 0 0 0 0 0 0
 0 1 1 0]
2025-12-21 17:28:06,868 - [DEBUG] - y_rrl_: (1447,) [0 1 0 0 0 0 0 0 0 0 0 0 0 0 0 0 0 1 0 0 0 0 0 0 1 0 0 0 0 0 0 0 0 1 0 0 0
 0 0 0 0]
2025-12-21 17:28:06,869 - [DEBUG] - y_rrl: (1447, 2) [[ 1.6799041  -1.3864113 ]
 [ 0.09224492  0.1591001 ]
 [ 1.6259176  -1.3978119 ]
 [ 2.4148822  -2.2257776 ]
 [ 0.8590417  -0.5639283 ]
 [ 0.35669205 -0.17623402]
 [ 2.2871413  -2.041612  ]
 [ 2.4148822  -2.2257776 ]
 [ 2.562024   -2.3075767 ]
 [ 0.6315746  -0.44219875]
 [ 0.15906134  0.11723168]
 [ 1.1534044  -0.83838123]
 [ 0.89093924 -0.5584454 ]
 [ 1.351035   -1.1318471 ]
 [ 1.6799041  -1.3864113 ]
 [ 2.562024   -2.3075767 ]
 [ 2.562024   -2.3075767 ]
 [ 0.01191959  0.19903071]
 [ 1.5008647  -1.3100952 ]
 [ 1.5327623  -1.3046123 ]
 [ 1.8076448  -1.570577  ]
 [ 1.4981768  -1.213646  ]
 [ 0.5461668  -0.18318067]
 [ 1.5327623  -1.3046123 ]
 [-0.91141665  1.0118915 ]
 [ 0.5038338  -0.25803304]
 [ 1.9423691  -1.6663471 ]
 [ 1.5327623  -1.3046123 ]
 [ 1.4981768  -1.213646  ]
 [ 1.9547867  -1.652376  ]
 [ 1.7952273  -1.5845482 ]
 [ 1.0186801  -0.7426111 ]
 [ 0.15906134  0.11723168]
 [ 0.01191959  0.19903071]
 [ 0.89093924 -0.5584454 ]
 [ 2.4148822  -2.2257776 ]
 [ 1.4981768  -1.213646  ]
 [ 1.5327623  -1.3046123 ]
 [ 0.35669205 -0.17623402]
 [ 0.24052125 -0.00664453]
 [ 2.4148822  -2.2257776 ]]
2025-12-21 17:28:06,871 - [INFO] - ------------------------------------------------------------
2025-12-21 17:28:06,871 - [INFO] - On Validation Set:
	Accuracy of RRL  Model: 0.8914996544574982
	F1 Score of RRL  Model: 0.6825038118437584
2025-12-21 17:28:06,877 - [INFO] - On Validation Set:
Performance of  RRL Model: 
[[1232   54]
 [ 103   58]]
              precision    recall  f1-score   support

           0       0.92      0.96      0.94      1286
           1       0.52      0.36      0.42       161

    accuracy                           0.89      1447
   macro avg       0.72      0.66      0.68      1447
weighted avg       0.88      0.89      0.88      1447

2025-12-21 17:28:06,877 - [INFO] - ------------------------------------------------------------
2025-12-21 17:28:07,458 - [INFO] - epoch: 51, loss_rrl: 55.68209796398878
2025-12-21 17:28:08,246 - [INFO] - epoch: 52, loss_rrl: 55.36280766502023
2025-12-21 17:28:08,599 - [DEBUG] - y_true: (1447,) [0 0 0 0 0 1 0 0 0 0 0 0 0 0 0 0 0 1 0 0 0 0 0 0 1 0 0 0 0 0 0 0 0 0 0 0 0
 0 1 1 0]
2025-12-21 17:28:08,679 - [DEBUG] - y_rrl_: (1447,) [0 0 0 0 0 0 0 0 0 0 0 0 0 0 0 0 0 0 0 0 0 0 0 0 1 0 0 0 0 0 0 0 0 1 0 0 0
 0 0 0 0]
2025-12-21 17:28:08,680 - [DEBUG] - y_rrl: (1447, 2) [[ 1.9715394  -1.6306458 ]
 [ 0.41025364 -0.11055052]
 [ 2.1233895  -1.8379159 ]
 [ 2.1233895  -1.8379159 ]
 [ 1.9760247  -1.6719067 ]
 [ 0.36306435 -0.18435991]
 [ 1.9715394  -1.6306458 ]
 [ 2.4595823  -2.2701602 ]
 [ 2.6030133  -2.3495195 ]
 [ 0.65834546 -0.47098938]
 [ 0.5064953  -0.26371908]
 [ 2.3077323  -2.06289   ]
 [ 1.9715394  -1.6306458 ]
 [ 2.1233895  -1.8379159 ]
 [ 2.2668204  -1.9172752 ]
 [ 1.934607   -1.5551004 ]
 [ 2.6030133  -2.3495195 ]
 [ 0.36306435 -0.18435991]
 [ 1.5003802  -1.2303729 ]
 [ 2.1233895  -1.8379159 ]
 [ 1.7911758  -1.4757414 ]
 [ 2.2668204  -1.9172752 ]
 [ 1.6393259  -1.268471  ]
 [ 2.1233895  -1.8379159 ]
 [-0.77644837  0.877775  ]
 [ 0.5064953  -0.26371908]
 [ 1.9715394  -1.6306458 ]
 [ 2.1233895  -1.8379159 ]
 [ 2.2668204  -1.9172752 ]
 [ 2.2668204  -1.9172752 ]
 [ 2.1643014  -1.9835308 ]
 [ 2.1233895  -1.8379159 ]
 [ 0.17428179  0.09845558]
 [ 0.03085084  0.17781475]
 [ 1.9715394  -1.6306458 ]
 [ 2.4595823  -2.2701602 ]
 [ 1.9715394  -1.6306458 ]
 [ 2.1233895  -1.8379159 ]
 [ 0.36306435 -0.18435991]
 [ 1.2141805  -0.9476134 ]
 [ 2.4595823  -2.2701602 ]]
2025-12-21 17:28:08,682 - [INFO] - ------------------------------------------------------------
2025-12-21 17:28:08,682 - [INFO] - On Validation Set:
	Accuracy of RRL  Model: 0.899101589495508
	F1 Score of RRL  Model: 0.6150193162766966
2025-12-21 17:28:08,688 - [INFO] - On Validation Set:
Performance of  RRL Model: 
[[1272   14]
 [ 132   29]]
              precision    recall  f1-score   support

           0       0.91      0.99      0.95      1286
           1       0.67      0.18      0.28       161

    accuracy                           0.90      1447
   macro avg       0.79      0.58      0.62      1447
weighted avg       0.88      0.90      0.87      1447

2025-12-21 17:28:08,688 - [INFO] - ------------------------------------------------------------
2025-12-21 17:28:09,037 - [INFO] - epoch: 53, loss_rrl: 55.23530460894108
2025-12-21 17:28:09,725 - [INFO] - epoch: 54, loss_rrl: 54.78969496488571
2025-12-21 17:28:10,299 - [DEBUG] - y_true: (1447,) [0 0 0 0 0 1 0 0 0 0 0 0 0 0 0 0 0 1 0 0 0 0 0 0 1 0 0 0 0 0 0 0 0 0 0 0 0
 0 1 1 0]
2025-12-21 17:28:10,379 - [DEBUG] - y_rrl_: (1447,) [0 0 0 0 0 0 0 0 0 0 0 0 0 0 0 0 0 0 0 0 0 0 0 0 1 0 0 0 0 0 0 0 0 0 0 0 0
 0 0 0 0]
2025-12-21 17:28:10,380 - [DEBUG] - y_rrl: (1447, 2) [[ 1.8927892  -1.5572798 ]
 [ 0.31123823 -0.01595035]
 [ 2.0507889  -1.7696755 ]
 [ 2.0507889  -1.7696755 ]
 [ 1.583675   -1.2927312 ]
 [ 0.27424476 -0.09728494]
 [ 1.8927892  -1.5572798 ]
 [ 2.3705482  -2.1809955 ]
 [ 2.5040865  -2.2517395 ]
 [ 0.5657827  -0.38042468]
 [ 0.40778306 -0.16802904]
 [ 2.2125487  -1.9685999 ]
 [ 1.8927892  -1.5572798 ]
 [ 2.0507889  -1.7696755 ]
 [ 2.1843271  -1.8404195 ]
 [ 1.8657887  -1.4924426 ]
 [ 2.5040865  -2.2517395 ]
 [ 0.27424476 -0.09728494]
 [ 1.4231361  -1.1571499 ]
 [ 2.0507889  -1.7696755 ]
 [ 1.7322503  -1.4216986 ]
 [ 2.1843271  -1.8404195 ]
 [ 1.5742507  -1.2093029 ]
 [ 2.0507889  -1.7696755 ]
 [-0.6556356   0.7283112 ]
 [ 0.40778306 -0.16802904]
 [ 1.5742507  -1.2093029 ]
 [ 2.0507889  -1.7696755 ]
 [ 2.1843271  -1.8404195 ]
 [ 2.1843271  -1.8404195 ]
 [ 2.0790105  -1.8978559 ]
 [ 1.7592509  -1.4865358 ]
 [ 0.40778306 -0.16802904]
 [ 0.27424476 -0.09728494]
 [ 1.8927892  -1.5572798 ]
 [ 2.3705482  -2.1809955 ]
 [ 1.8927892  -1.5572798 ]
 [ 2.0507889  -1.7696755 ]
 [ 0.27424476 -0.09728494]
 [ 0.4524444  -0.24678406]
 [ 2.3705482  -2.1809955 ]]
2025-12-21 17:28:10,382 - [INFO] - ------------------------------------------------------------
2025-12-21 17:28:10,382 - [INFO] - On Validation Set:
	Accuracy of RRL  Model: 0.902557014512785
	F1 Score of RRL  Model: 0.6709310933803001
2025-12-21 17:28:10,388 - [INFO] - On Validation Set:
Performance of  RRL Model: 
[[1260   26]
 [ 115   46]]
              precision    recall  f1-score   support

           0       0.92      0.98      0.95      1286
           1       0.64      0.29      0.39       161

    accuracy                           0.90      1447
   macro avg       0.78      0.63      0.67      1447
weighted avg       0.89      0.90      0.89      1447

2025-12-21 17:28:10,388 - [INFO] - ------------------------------------------------------------
2025-12-21 17:28:10,513 - [INFO] - epoch: 55, loss_rrl: 55.20998340845108
2025-12-21 17:28:11,202 - [INFO] - epoch: 56, loss_rrl: 54.91344599425793
2025-12-21 17:28:11,888 - [INFO] - epoch: 57, loss_rrl: 55.72400249354541
2025-12-21 17:28:11,998 - [DEBUG] - y_true: (1447,) [0 0 0 0 0 1 0 0 0 0 0 0 0 0 0 0 0 1 0 0 0 0 0 0 1 0 0 0 0 0 0 0 0 0 0 0 0
 0 1 1 0]
2025-12-21 17:28:12,078 - [DEBUG] - y_rrl_: (1447,) [0 0 0 0 0 0 0 0 0 0 0 0 0 0 0 0 0 0 0 0 0 0 0 0 1 0 0 0 0 0 0 0 0 1 0 0 0
 0 0 0 0]
2025-12-21 17:28:12,079 - [DEBUG] - y_rrl: (1447, 2) [[ 1.9063101  -1.641023  ]
 [ 0.24900906 -0.02294336]
 [ 2.1782186  -1.9013577 ]
 [ 2.1782186  -1.9013577 ]
 [ 1.9052384  -1.6754979 ]
 [ 0.38687235 -0.21167974]
 [ 1.9063101  -1.641023  ]
 [ 2.4844027  -2.2947454 ]
 [ 2.641094   -2.389947  ]
 [ 0.7312578  -0.54791486]
 [ 0.54356366 -0.306881  ]
 [ 2.2124941  -2.034411  ]
 [ 1.9063101  -1.641023  ]
 [ 1.7496188  -1.5458218 ]
 [ 1.9063101  -1.641023  ]
 [ 2.2506955  -1.9772582 ]
 [ 2.641094   -2.389947  ]
 [ 0.38687235 -0.21167974]
 [ 1.7485473  -1.5802966 ]
 [ 1.7496188  -1.5458218 ]
 [ 2.0940042  -1.882057  ]
 [ 1.9063101  -1.641023  ]
 [ 1.5489804  -1.2547787 ]
 [ 1.7496188  -1.5458218 ]
 [-0.9632127   1.0663413 ]
 [ 0.54356366 -0.306881  ]
 [ 1.5489804  -1.2547787 ]
 [ 1.7496188  -1.5458218 ]
 [ 1.9063101  -1.641023  ]
 [ 2.3349097  -1.9965589 ]
 [ 2.0558028  -1.9392098 ]
 [ 2.0940042  -1.882057  ]
 [ 0.18623398  0.07936333]
 [ 0.0295427   0.17456459]
 [ 1.9063101  -1.641023  ]
 [ 2.4844027  -2.2947454 ]
 [ 1.9063101  -1.641023  ]
 [ 1.7496188  -1.5458218 ]
 [ 0.38687235 -0.21167974]
 [ 0.4450565  -0.30311996]
 [ 2.4844027  -2.2947454 ]]
2025-12-21 17:28:12,081 - [INFO] - ------------------------------------------------------------
2025-12-21 17:28:12,081 - [INFO] - On Validation Set:
	Accuracy of RRL  Model: 0.8997926744989634
	F1 Score of RRL  Model: 0.6615958052492448
2025-12-21 17:28:12,087 - [INFO] - On Validation Set:
Performance of  RRL Model: 
[[1258   28]
 [ 117   44]]
              precision    recall  f1-score   support

           0       0.91      0.98      0.95      1286
           1       0.61      0.27      0.38       161

    accuracy                           0.90      1447
   macro avg       0.76      0.63      0.66      1447
weighted avg       0.88      0.90      0.88      1447

2025-12-21 17:28:12,087 - [INFO] - ------------------------------------------------------------
2025-12-21 17:28:12,675 - [INFO] - epoch: 58, loss_rrl: 55.31638802960515
2025-12-21 17:28:13,368 - [INFO] - epoch: 59, loss_rrl: 56.24023837223649
2025-12-21 17:28:13,705 - [DEBUG] - y_true: (1447,) [0 0 0 0 0 1 0 0 0 0 0 0 0 0 0 0 0 1 0 0 0 0 0 0 1 0 0 0 0 0 0 0 0 0 0 0 0
 0 1 1 0]
2025-12-21 17:28:13,787 - [DEBUG] - y_rrl_: (1447,) [0 0 0 0 0 0 0 0 0 0 0 0 0 0 0 0 0 0 0 0 0 0 0 0 1 0 0 0 0 0 0 0 0 0 0 0 0
 0 0 0 0]
2025-12-21 17:28:13,787 - [DEBUG] - y_rrl: (1447, 2) [[ 2.097217   -1.7722682 ]
 [ 0.45556885 -0.16883889]
 [ 2.586942   -2.397267  ]
 [ 2.586942   -2.397267  ]
 [ 2.3963304  -2.063472  ]
 [ 0.4764917  -0.30305982]
 [ 2.4307396  -2.188793  ]
 [ 2.586942   -2.397267  ]
 [ 2.7298527  -2.4799967 ]
 [ 0.77560467 -0.59426355]
 [ 0.61940235 -0.38578936]
 [ 2.4307396  -2.188793  ]
 [ 2.097217   -1.7722682 ]
 [ 2.586942   -2.397267  ]
 [ 2.3963304  -2.063472  ]
 [ 2.3610296  -2.082777  ]
 [ 2.7298527  -2.4799967 ]
 [ 0.4764917  -0.30305982]
 [ 1.5526428  -1.2944049 ]
 [ 2.2534196  -1.9807425 ]
 [ 1.8845966  -1.5835227 ]
 [ 2.7298527  -2.4799967 ]
 [ 1.7283943  -1.3750484 ]
 [ 2.2534196  -1.9807425 ]
 [-0.86093986  0.96501803]
 [ 0.61940235 -0.38578936]
 [ 2.4307396  -2.188793  ]
 [ 2.2534196  -1.9807425 ]
 [ 2.7298527  -2.4799967 ]
 [ 2.3963304  -2.063472  ]
 [ 2.287829   -2.1060634 ]
 [ 2.2534196  -1.9807425 ]
 [ 0.25057936  0.01143041]
 [ 0.10766871  0.09415996]
 [ 2.097217   -1.7722682 ]
 [ 2.586942   -2.397267  ]
 [ 2.4307396  -2.188793  ]
 [ 2.2534196  -1.9807425 ]
 [ 0.4764917  -0.30305982]
 [ 0.6562308  -0.44836587]
 [ 2.586942   -2.397267  ]]
2025-12-21 17:28:13,789 - [INFO] - ------------------------------------------------------------
2025-12-21 17:28:13,790 - [INFO] - On Validation Set:
	Accuracy of RRL  Model: 0.9011748445058743
	F1 Score of RRL  Model: 0.6279797701942975
2025-12-21 17:28:13,795 - [INFO] - On Validation Set:
Performance of  RRL Model: 
[[1272   14]
 [ 129   32]]
              precision    recall  f1-score   support

           0       0.91      0.99      0.95      1286
           1       0.70      0.20      0.31       161

    accuracy                           0.90      1447
   macro avg       0.80      0.59      0.63      1447
weighted avg       0.88      0.90      0.88      1447

2025-12-21 17:28:13,796 - [INFO] - ------------------------------------------------------------
2025-12-21 17:28:14,163 - [INFO] - epoch: 60, loss_rrl: 55.74754600599408
2025-12-21 17:28:14,853 - [INFO] - epoch: 61, loss_rrl: 55.920036401599646
2025-12-21 17:28:15,412 - [DEBUG] - y_true: (1447,) [0 0 0 0 0 1 0 0 0 0 0 0 0 0 0 0 0 1 0 0 0 0 0 0 1 0 0 0 0 0 0 0 0 0 0 0 0
 0 1 1 0]
2025-12-21 17:28:15,492 - [DEBUG] - y_rrl_: (1447,) [0 1 0 0 0 0 0 0 0 0 0 0 0 0 0 0 0 0 0 0 0 0 0 0 1 0 0 0 0 0 0 0 0 0 0 0 0
 0 0 0 0]
2025-12-21 17:28:15,493 - [DEBUG] - y_rrl: (1447, 2) [[ 1.7452769  -1.5611337 ]
 [ 0.05336602  0.09348032]
 [ 2.5733364  -2.3836935 ]
 [ 2.5733364  -2.3836935 ]
 [ 1.4108603  -1.2687027 ]
 [ 0.2896158  -0.11793765]
 [ 2.3545825  -2.1756723 ]
 [ 2.5733364  -2.3836935 ]
 [ 2.7358303  -2.48724   ]
 [ 0.5896964  -0.41034093]
 [ 0.45211017 -0.22148404]
 [ 2.3545825  -2.1756723 ]
 [ 1.7452769  -1.5611337 ]
 [ 2.4921691  -2.364529  ]
 [ 2.0453577  -1.853537  ]
 [ 2.654663   -2.4680755 ]
 [ 2.7358303  -2.48724   ]
 [ 0.2896158  -0.11793765]
 [ 1.5484467  -1.4575596 ]
 [ 1.8828633  -1.7499906 ]
 [ 1.8828633  -1.7499906 ]
 [ 2.654663   -2.4680755 ]
 [ 1.4083364  -1.1963077 ]
 [ 1.8828633  -1.7499906 ]
 [-0.56253386  0.6393336 ]
 [ 0.45211017 -0.22148404]
 [ 2.017642   -1.8108461 ]
 [ 1.8828633  -1.7499906 ]
 [ 2.654663   -2.4680755 ]
 [ 2.126525   -1.8727015 ]
 [ 2.1920884  -2.0721257 ]
 [ 1.5827826  -1.4575872 ]
 [ 0.45211017 -0.22148404]
 [ 0.2896158  -0.11793765]
 [ 1.7452769  -1.5611337 ]
 [ 2.5733364  -2.3836935 ]
 [ 2.3545825  -2.1756723 ]
 [ 1.8828633  -1.7499906 ]
 [ 0.2896158  -0.11793765]
 [ 0.66215175 -0.5156102 ]
 [ 2.5733364  -2.3836935 ]]
2025-12-21 17:28:15,495 - [INFO] - ------------------------------------------------------------
2025-12-21 17:28:15,495 - [INFO] - On Validation Set:
	Accuracy of RRL  Model: 0.9018659295093296
	F1 Score of RRL  Model: 0.6698894672578883
2025-12-21 17:28:15,501 - [INFO] - On Validation Set:
Performance of  RRL Model: 
[[1259   27]
 [ 115   46]]
              precision    recall  f1-score   support

           0       0.92      0.98      0.95      1286
           1       0.63      0.29      0.39       161

    accuracy                           0.90      1447
   macro avg       0.77      0.63      0.67      1447
weighted avg       0.88      0.90      0.89      1447

2025-12-21 17:28:15,501 - [INFO] - ------------------------------------------------------------
2025-12-21 17:28:15,641 - [INFO] - epoch: 62, loss_rrl: 55.462256990373135
2025-12-21 17:28:16,328 - [INFO] - epoch: 63, loss_rrl: 55.02699761092663
2025-12-21 17:28:17,017 - [INFO] - epoch: 64, loss_rrl: 55.04589456692338
2025-12-21 17:28:17,112 - [DEBUG] - y_true: (1447,) [0 0 0 0 0 1 0 0 0 0 0 0 0 0 0 0 0 1 0 0 0 0 0 0 1 0 0 0 0 0 0 0 0 0 0 0 0
 0 1 1 0]
2025-12-21 17:28:17,193 - [DEBUG] - y_rrl_: (1447,) [0 1 0 0 0 0 0 0 0 0 0 0 0 0 0 0 0 1 0 0 0 0 0 0 1 0 0 0 0 0 0 0 1 1 0 0 0
 0 0 0 0]
2025-12-21 17:28:17,193 - [DEBUG] - y_rrl: (1447, 2) [[ 1.785943   -1.5062492 ]
 [-0.22278644  0.45117438]
 [ 1.1672512  -0.88270247]
 [ 1.1672512  -0.88270247]
 [ 1.4252243  -1.1866724 ]
 [ 0.31637925 -0.14644815]
 [ 1.9135437  -1.6592866 ]
 [ 2.6071124  -2.4178288 ]
 [ 2.7760792  -2.5290341 ]
 [ 0.64956665 -0.47218436]
 [ 0.12462731  0.06192337]
 [ 1.5744516  -1.4512664 ]
 [ 1.4980232  -1.2332133 ]
 [ 1.4566569  -1.2750455 ]
 [ 1.785943   -1.5062492 ]
 [ 1.5372831  -1.2893384 ]
 [ 2.7760792  -2.5290341 ]
 [-0.0443394   0.17312859]
 [ 1.2407157  -1.0250957 ]
 [ 1.3290565  -1.1220081 ]
 [ 1.6014345  -1.3446724 ]
 [ 1.9135437  -1.6592866 ]
 [ 1.1492938  -0.8571056 ]
 [ 1.3290565  -1.1220081 ]
 [-1.027561    1.1327174 ]
 [ 0.48534596 -0.25765336]
 [ 0.9161757  -0.69056624]
 [ 1.6169763  -1.3950438 ]
 [ 1.552825   -1.3397099 ]
 [ 2.0510123  -1.7183682 ]
 [ 1.4054848  -1.3400612 ]
 [ 1.6169763  -1.3950438 ]
 [-0.224102    0.43803108]
 [-0.39306873  0.5492363 ]
 [ 1.4980232  -1.2332133 ]
 [ 2.6071124  -2.4178288 ]
 [ 1.6256237  -1.3862507 ]
 [ 1.6169763  -1.3950438 ]
 [ 0.31637925 -0.14644815]
 [ 0.09756447  0.00971244]
 [ 2.6071124  -2.4178288 ]]
2025-12-21 17:28:17,195 - [INFO] - ------------------------------------------------------------
2025-12-21 17:28:17,195 - [INFO] - On Validation Set:
	Accuracy of RRL  Model: 0.8811333794056669
	F1 Score of RRL  Model: 0.6944889080928205
2025-12-21 17:28:17,201 - [INFO] - On Validation Set:
Performance of  RRL Model: 
[[1203   83]
 [  89   72]]
              precision    recall  f1-score   support

           0       0.93      0.94      0.93      1286
           1       0.46      0.45      0.46       161

    accuracy                           0.88      1447
   macro avg       0.70      0.69      0.69      1447
weighted avg       0.88      0.88      0.88      1447

2025-12-21 17:28:17,201 - [INFO] - ------------------------------------------------------------
2025-12-21 17:28:17,805 - [INFO] - epoch: 65, loss_rrl: 55.07616479694843
2025-12-21 17:28:18,497 - [INFO] - epoch: 66, loss_rrl: 55.495790746062994
2025-12-21 17:28:18,816 - [DEBUG] - y_true: (1447,) [0 0 0 0 0 1 0 0 0 0 0 0 0 0 0 0 0 1 0 0 0 0 0 0 1 0 0 0 0 0 0 0 0 0 0 0 0
 0 1 1 0]
2025-12-21 17:28:18,896 - [DEBUG] - y_rrl_: (1447,) [0 0 0 0 0 0 0 0 0 0 0 0 0 0 0 0 0 0 0 0 0 0 0 0 1 0 0 0 0 0 0 0 0 0 0 0 0
 0 0 0 0]
2025-12-21 17:28:18,897 - [DEBUG] - y_rrl: (1447, 2) [[ 1.9236805  -1.6729401 ]
 [ 0.59990484 -0.34444535]
 [ 2.5046241  -2.2448068 ]
 [ 2.5046241  -2.2448068 ]
 [ 1.8420982  -1.624434  ]
 [ 0.35005718 -0.18185732]
 [ 2.1778526  -1.9198822 ]
 [ 2.8087232  -2.6202538 ]
 [ 2.9557407  -2.7106578 ]
 [ 0.60422933 -0.4287994 ]
 [ 0.49707466 -0.27226147]
 [ 2.2277794  -2.0483873 ]
 [ 1.9236805  -1.6729401 ]
 [ 2.0308354  -1.8294781 ]
 [ 2.1778526  -1.9198822 ]
 [ 1.8481685  -1.5633259 ]
 [ 2.9557407  -2.7106578 ]
 [ 0.35005718 -0.18185732]
 [ 1.3653966  -1.1774737 ]
 [ 2.0308354  -1.8294781 ]
 [ 1.7011513  -1.4729218 ]
 [ 2.1778526  -1.9198822 ]
 [ 1.8481685  -1.5633259 ]
 [ 2.0308354  -1.8294781 ]
 [-0.5392588   0.6179304 ]
 [ 0.49707466 -0.27226147]
 [ 1.9236805  -1.6729401 ]
 [ 2.0308354  -1.8294781 ]
 [ 2.1778526  -1.9198822 ]
 [ 2.6516416  -2.3352108 ]
 [ 2.0807621  -1.9579831 ]
 [ 2.0308354  -1.8294781 ]
 [ 0.49707466 -0.27226147]
 [ 0.35005718 -0.18185732]
 [ 1.9236805  -1.6729401 ]
 [ 2.8087232  -2.6202538 ]
 [ 1.9236805  -1.6729401 ]
 [ 2.0308354  -1.8294781 ]
 [ 0.35005718 -0.18185732]
 [ 0.53848594 -0.38839483]
 [ 2.8087232  -2.6202538 ]]
2025-12-21 17:28:18,899 - [INFO] - ------------------------------------------------------------
2025-12-21 17:28:18,899 - [INFO] - On Validation Set:
	Accuracy of RRL  Model: 0.9018659295093296
	F1 Score of RRL  Model: 0.6322204880004583
2025-12-21 17:28:18,905 - [INFO] - On Validation Set:
Performance of  RRL Model: 
[[1272   14]
 [ 128   33]]
              precision    recall  f1-score   support

           0       0.91      0.99      0.95      1286
           1       0.70      0.20      0.32       161

    accuracy                           0.90      1447
   macro avg       0.81      0.60      0.63      1447
weighted avg       0.89      0.90      0.88      1447

2025-12-21 17:28:18,905 - [INFO] - ------------------------------------------------------------
2025-12-21 17:28:19,285 - [INFO] - epoch: 67, loss_rrl: 55.262778498232365
2025-12-21 17:28:19,984 - [INFO] - epoch: 68, loss_rrl: 55.323250003159046
2025-12-21 17:28:20,526 - [DEBUG] - y_true: (1447,) [0 0 0 0 0 1 0 0 0 0 0 0 0 0 0 0 0 1 0 0 0 0 0 0 1 0 0 0 0 0 0 0 0 0 0 0 0
 0 1 1 0]
2025-12-21 17:28:20,607 - [DEBUG] - y_rrl_: (1447,) [0 0 0 0 0 1 0 0 0 0 0 0 0 0 0 0 0 0 0 0 0 0 0 0 1 0 0 0 0 0 0 0 0 0 0 0 0
 0 0 1 0]
2025-12-21 17:28:20,608 - [DEBUG] - y_rrl: (1447, 2) [[ 1.468215   -1.2604285 ]
 [ 0.11968622  0.09279953]
 [ 2.1791034  -1.9240772 ]
 [ 2.1791034  -1.9240772 ]
 [ 1.468215   -1.2604285 ]
 [-0.05981532  0.18681459]
 [ 1.7902431  -1.5429747 ]
 [ 2.4514039  -2.2641926 ]
 [ 2.6098266  -2.3671231 ]
 [ 0.508589   -0.335093  ]
 [ 0.42063564 -0.19866227]
 [ 1.7358141  -1.5299927 ]
 [ 1.468215   -1.2604285 ]
 [ 1.8781965  -1.6794053 ]
 [ 2.0366192  -1.7823361 ]
 [ 2.0366192  -1.7823361 ]
 [ 2.6098266  -2.3671231 ]
 [ 0.2622129  -0.09573154]
 [ 1.5561684  -1.3968593 ]
 [ 1.8781965  -1.6794053 ]
 [ 1.8781965  -1.6794053 ]
 [ 2.0366192  -1.7823361 ]
 [ 1.4635139  -1.1898775 ]
 [ 1.8781965  -1.6794053 ]
 [-0.72139204  0.8009702 ]
 [ 0.09860742  0.08388387]
 [ 1.4635139  -1.1898775 ]
 [ 1.8781965  -1.6794053 ]
 [ 2.0366192  -1.7823361 ]
 [ 2.337526   -2.0270078 ]
 [ 1.5773916  -1.427062  ]
 [ 1.6318204  -1.4400439 ]
 [ 0.42063564 -0.19866227]
 [ 0.2622129  -0.09573154]
 [ 1.468215   -1.2604285 ]
 [ 2.4514039  -2.2641926 ]
 [ 1.7902431  -1.5429747 ]
 [ 1.8781965  -1.6794053 ]
 [ 0.2622129  -0.09573154]
 [-0.07389918  0.25192982]
 [ 2.4514039  -2.2641926 ]]
2025-12-21 17:28:20,610 - [INFO] - ------------------------------------------------------------
2025-12-21 17:28:20,610 - [INFO] - On Validation Set:
	Accuracy of RRL  Model: 0.9046302695231514
	F1 Score of RRL  Model: 0.6865015071590053
2025-12-21 17:28:20,616 - [INFO] - On Validation Set:
Performance of  RRL Model: 
[[1258   28]
 [ 110   51]]
              precision    recall  f1-score   support

           0       0.92      0.98      0.95      1286
           1       0.65      0.32      0.42       161

    accuracy                           0.90      1447
   macro avg       0.78      0.65      0.69      1447
weighted avg       0.89      0.90      0.89      1447

2025-12-21 17:28:20,616 - [INFO] - ------------------------------------------------------------
2025-12-21 17:28:20,773 - [INFO] - epoch: 69, loss_rrl: 55.65642922744155
2025-12-21 17:28:21,477 - [INFO] - epoch: 70, loss_rrl: 54.94335729628801
2025-12-21 17:28:22,174 - [INFO] - epoch: 71, loss_rrl: 55.21600590646267
2025-12-21 17:28:22,253 - [DEBUG] - y_true: (1447,) [0 0 0 0 0 1 0 0 0 0 0 0 0 0 0 0 0 1 0 0 0 0 0 0 1 0 0 0 0 0 0 0 0 0 0 0 0
 0 1 1 0]
2025-12-21 17:28:22,333 - [DEBUG] - y_rrl_: (1447,) [0 1 0 0 0 0 0 0 0 0 0 0 0 0 0 0 0 0 0 0 0 0 0 0 1 0 0 0 0 0 0 0 0 1 0 0 0
 0 0 0 0]
2025-12-21 17:28:22,334 - [DEBUG] - y_rrl: (1447, 2) [[ 1.8055422  -1.6295867 ]
 [ 0.05702458  0.08491313]
 [ 2.4370863  -2.1866288 ]
 [ 2.4370863  -2.1866288 ]
 [ 1.8055422  -1.6295867 ]
 [ 0.362907   -0.19810644]
 [ 1.970789   -1.7268798 ]
 [ 2.7980957  -2.6121922 ]
 [ 2.9575727  -2.7172518 ]
 [ 0.6465195  -0.47491145]
 [ 0.52238387 -0.30316606]
 [ 2.3317986  -2.1524434 ]
 [ 1.8055422  -1.6295867 ]
 [ 2.0949247  -1.8986253 ]
 [ 2.0891547  -1.9063917 ]
 [ 1.9071363  -1.6305401 ]
 [ 2.9575727  -2.7172518 ]
 [ 0.362907   -0.19810644]
 [ 1.217806   -1.1022576 ]
 [ 1.9296777  -1.801332  ]
 [ 1.5824126  -1.4281873 ]
 [ 2.2544014  -2.003685  ]
 [ 1.4582771  -1.256442  ]
 [ 1.9296777  -1.801332  ]
 [-0.9530621   1.0592993 ]
 [ 0.52238387 -0.30316606]
 [ 1.6235238  -1.3537351 ]
 [ 1.9296777  -1.801332  ]
 [ 2.2544014  -2.003685  ]
 [ 2.4313164  -2.194395  ]
 [ 2.1723216  -2.0473838 ]
 [ 1.6460652  -1.524527  ]
 [ 0.17511879  0.06997865]
 [ 0.01564191  0.17503828]
 [ 1.8055422  -1.6295867 ]
 [ 2.7980957  -2.6121922 ]
 [ 1.970789   -1.7268798 ]
 [ 1.9296777  -1.801332  ]
 [ 0.362907   -0.19810644]
 [ 0.560726   -0.4077966 ]
 [ 2.7980957  -2.6121922 ]]
2025-12-21 17:28:22,336 - [INFO] - ------------------------------------------------------------
2025-12-21 17:28:22,336 - [INFO] - On Validation Set:
	Accuracy of RRL  Model: 0.9032480995162405
	F1 Score of RRL  Model: 0.6978942973037461
2025-12-21 17:28:22,342 - [INFO] - On Validation Set:
Performance of  RRL Model: 
[[1250   36]
 [ 104   57]]
              precision    recall  f1-score   support

           0       0.92      0.97      0.95      1286
           1       0.61      0.35      0.45       161

    accuracy                           0.90      1447
   macro avg       0.77      0.66      0.70      1447
weighted avg       0.89      0.90      0.89      1447

2025-12-21 17:28:22,342 - [INFO] - ------------------------------------------------------------
2025-12-21 17:28:22,965 - [INFO] - epoch: 72, loss_rrl: 55.72236189991236
2025-12-21 17:28:23,659 - [INFO] - epoch: 73, loss_rrl: 55.19711731001735
2025-12-21 17:28:23,966 - [DEBUG] - y_true: (1447,) [0 0 0 0 0 1 0 0 0 0 0 0 0 0 0 0 0 1 0 0 0 0 0 0 1 0 0 0 0 0 0 0 0 0 0 0 0
 0 1 1 0]
2025-12-21 17:28:24,048 - [DEBUG] - y_rrl_: (1447,) [0 0 0 0 0 0 0 0 0 0 0 0 0 0 0 0 0 0 0 0 0 0 0 0 1 0 0 0 0 0 0 0 0 0 0 0 0
 0 0 0 0]
2025-12-21 17:28:24,049 - [DEBUG] - y_rrl: (1447, 2) [[ 1.9502964  -1.709734  ]
 [ 0.2516129  -0.04430428]
 [ 2.8176105  -2.6331942 ]
 [ 2.8176105  -2.6331942 ]
 [ 1.9502964  -1.709734  ]
 [ 0.35189396 -0.18876517]
 [ 2.5163171  -2.3305507 ]
 [ 2.8176105  -2.6331942 ]
 [ 2.9674256  -2.7296681 ]
 [ 0.61566585 -0.44593066]
 [ 0.50170916 -0.28523886]
 [ 2.2525454  -2.0733852 ]
 [ 1.9502964  -1.709734  ]
 [ 2.366502   -2.234077  ]
 [ 2.2140684  -1.9668994 ]
 [ 2.1835358  -1.9723799 ]
 [ 2.9674256  -2.7296681 ]
 [ 0.35189396 -0.18876517]
 [ 1.3917735  -1.210432  ]
 [ 2.064253   -1.8704257 ]
 [ 1.7314717  -1.512255  ]
 [ 2.5163171  -2.3305507 ]
 [ 1.8812869  -1.6087286 ]
 [ 2.064253   -1.8704257 ]
 [-0.5369498   0.6180252 ]
 [ 0.50170916 -0.28523886]
 [ 2.1835358  -1.9723799 ]
 [ 2.064253   -1.8704257 ]
 [ 2.2525454  -2.0733852 ]
 [ 2.6651766  -2.3660169 ]
 [ 2.1027303  -1.9769115 ]
 [ 2.064253   -1.8704257 ]
 [ 0.50170916 -0.28523886]
 [ 0.35189396 -0.18876517]
 [ 1.9502964  -1.709734  ]
 [ 2.8176105  -2.6331942 ]
 [ 2.2525454  -2.0733852 ]
 [ 2.064253   -1.8704257 ]
 [ 0.61566585 -0.44593066]
 [ 0.5280263  -0.37399027]
 [ 2.8176105  -2.6331942 ]]
2025-12-21 17:28:24,051 - [INFO] - ------------------------------------------------------------
2025-12-21 17:28:24,051 - [INFO] - On Validation Set:
	Accuracy of RRL  Model: 0.8970283344851416
	F1 Score of RRL  Model: 0.6380271072959356
2025-12-21 17:28:24,057 - [INFO] - On Validation Set:
Performance of  RRL Model: 
[[1261   25]
 [ 124   37]]
              precision    recall  f1-score   support

           0       0.91      0.98      0.94      1286
           1       0.60      0.23      0.33       161

    accuracy                           0.90      1447
   macro avg       0.75      0.61      0.64      1447
weighted avg       0.88      0.90      0.88      1447

2025-12-21 17:28:24,057 - [INFO] - ------------------------------------------------------------
2025-12-21 17:28:24,458 - [INFO] - epoch: 74, loss_rrl: 55.23038878664374
2025-12-21 17:28:25,157 - [INFO] - epoch: 75, loss_rrl: 55.18449293449521
2025-12-21 17:28:25,686 - [DEBUG] - y_true: (1447,) [0 0 0 0 0 1 0 0 0 0 0 0 0 0 0 0 0 1 0 0 0 0 0 0 1 0 0 0 0 0 0 0 0 0 0 0 0
 0 1 1 0]
2025-12-21 17:28:25,768 - [DEBUG] - y_rrl_: (1447,) [0 0 0 0 0 1 0 0 0 0 0 0 0 0 0 0 0 0 0 0 0 0 0 0 1 0 0 0 0 0 0 0 0 0 0 0 0
 0 0 0 0]
2025-12-21 17:28:25,769 - [DEBUG] - y_rrl: (1447, 2) [[ 1.594598   -1.3944027 ]
 [ 0.17711864  0.0276532 ]
 [ 2.6485858  -2.4657934 ]
 [ 2.6485858  -2.4657934 ]
 [ 1.9203972  -1.683102  ]
 [-0.06671803  0.19111691]
 [ 2.2373085  -2.0583997 ]
 [ 2.6485858  -2.4657934 ]
 [ 2.8524857  -2.6173987 ]
 [ 0.50388885 -0.3359802 ]
 [ 0.462981   -0.24918763]
 [ 2.2373085  -2.0583997 ]
 [ 1.594598   -1.3944027 ]
 [ 2.2782164  -2.1451921 ]
 [ 2.1652048  -1.9214998 ]
 [ 2.4821162  -2.2967975 ]
 [ 2.8524857  -2.6173987 ]
 [ 0.25908107 -0.09758233]
 [ 1.6355059  -1.4811952 ]
 [ 1.9613049  -1.7698944 ]
 [ 1.9613049  -1.7698944 ]
 [ 2.4821162  -2.2967975 ]
 [ 1.6185046  -1.3563012 ]
 [ 1.9613049  -1.7698944 ]
 [-0.6630844   0.7447719 ]
 [ 0.1371819   0.03951161]
 [ 1.935416   -1.7315989 ]
 [ 1.9613049  -1.7698944 ]
 [ 2.4821162  -2.2967975 ]
 [ 2.5355744  -2.242101  ]
 [ 2.0334086  -1.9067943 ]
 [ 1.7164972  -1.5314965 ]
 [ 0.462981   -0.24918763]
 [ 0.25908107 -0.09758233]
 [ 1.594598   -1.3944027 ]
 [ 2.6485858  -2.4657934 ]
 [ 2.2373085  -2.0583997 ]
 [ 1.9613049  -1.7698944 ]
 [ 0.25908107 -0.09758233]
 [ 1.0785843  -0.8809019 ]
 [ 2.6485858  -2.4657934 ]]
2025-12-21 17:28:25,771 - [INFO] - ------------------------------------------------------------
2025-12-21 17:28:25,771 - [INFO] - On Validation Set:
	Accuracy of RRL  Model: 0.8997926744989634
	F1 Score of RRL  Model: 0.6293761139560476
2025-12-21 17:28:25,777 - [INFO] - On Validation Set:
Performance of  RRL Model: 
[[1269   17]
 [ 128   33]]
              precision    recall  f1-score   support

           0       0.91      0.99      0.95      1286
           1       0.66      0.20      0.31       161

    accuracy                           0.90      1447
   macro avg       0.78      0.60      0.63      1447
weighted avg       0.88      0.90      0.88      1447

2025-12-21 17:28:25,777 - [INFO] - ------------------------------------------------------------
2025-12-21 17:28:26,039 - [INFO] - epoch: 76, loss_rrl: 54.60059163719416
2025-12-21 17:28:27,025 - [INFO] - epoch: 77, loss_rrl: 54.664248805493116
2025-12-21 17:28:27,872 - [INFO] - epoch: 78, loss_rrl: 55.26360505446792
2025-12-21 17:28:27,936 - [DEBUG] - y_true: (1447,) [0 0 0 0 0 1 0 0 0 0 0 0 0 0 0 0 0 1 0 0 0 0 0 0 1 0 0 0 0 0 0 0 0 0 0 0 0
 0 1 1 0]
2025-12-21 17:28:28,016 - [DEBUG] - y_rrl_: (1447,) [0 1 0 0 0 0 0 0 0 0 0 0 0 0 0 0 0 0 0 0 0 0 0 0 1 0 0 0 0 0 0 0 0 1 0 0 0
 0 0 0 0]
2025-12-21 17:28:28,016 - [DEBUG] - y_rrl: (1447, 2) [[ 1.7797413  -1.5871122 ]
 [-0.00632441  0.16716588]
 [ 2.013704   -1.8012042 ]
 [ 2.013704   -1.8012042 ]
 [ 1.3906877  -1.2343905 ]
 [ 0.4300508  -0.27016956]
 [ 2.386325   -2.2077508 ]
 [ 2.9119287  -2.7307863 ]
 [ 3.0711856  -2.8388023 ]
 [ 0.71316475 -0.5470677 ]
 [ 0.58930737 -0.3781857 ]
 [ 2.386325   -2.2077508 ]
 [ 1.7797413  -1.5871122 ]
 [ 2.5101824  -2.3766327 ]
 [ 2.0628552  -1.8640103 ]
 [ 2.3299084  -2.1206908 ]
 [ 3.0711856  -2.8388023 ]
 [ 0.4300508  -0.27016956]
 [ 1.1750145  -1.0393143 ]
 [ 1.9035988  -1.7559943 ]
 [ 1.5640681  -1.392036  ]
 [ 2.6694388  -2.4846492 ]
 [ 1.4402106  -1.2231541 ]
 [ 1.9035988  -1.7559943 ]
 [-0.8991744   1.0058944 ]
 [ 0.58930737 -0.3781857 ]
 [ 2.0467944  -1.8437927 ]
 [ 1.9035988  -1.7559943 ]
 [ 2.6694388  -2.4846492 ]
 [ 2.4646015  -2.2181635 ]
 [ 2.2270684  -2.0997345 ]
 [ 1.6204848  -1.4790962 ]
 [ 0.24977678 -0.01422745]
 [ 0.0905202   0.09378868]
 [ 1.7797413  -1.5871122 ]
 [ 2.9119287  -2.7307863 ]
 [ 2.386325   -2.2077508 ]
 [ 1.9035988  -1.7559943 ]
 [ 0.4300508  -0.27016956]
 [ 0.5952502  -0.43944037]
 [ 2.9119287  -2.7307863 ]]
2025-12-21 17:28:28,018 - [INFO] - ------------------------------------------------------------
2025-12-21 17:28:28,018 - [INFO] - On Validation Set:
	Accuracy of RRL  Model: 0.8977194194885971
	F1 Score of RRL  Model: 0.687290462005724
2025-12-21 17:28:28,024 - [INFO] - On Validation Set:
Performance of  RRL Model: 
[[1243   43]
 [ 105   56]]
              precision    recall  f1-score   support

           0       0.92      0.97      0.94      1286
           1       0.57      0.35      0.43       161

    accuracy                           0.90      1447
   macro avg       0.74      0.66      0.69      1447
weighted avg       0.88      0.90      0.89      1447

2025-12-21 17:28:28,024 - [INFO] - ------------------------------------------------------------
2025-12-21 17:28:28,674 - [INFO] - epoch: 79, loss_rrl: 55.359064131975174
2025-12-21 17:28:29,361 - [INFO] - epoch: 80, loss_rrl: 55.372725773602724
2025-12-21 17:28:29,650 - [DEBUG] - y_true: (1447,) [0 0 0 0 0 1 0 0 0 0 0 0 0 0 0 0 0 1 0 0 0 0 0 0 1 0 0 0 0 0 0 0 0 0 0 0 0
 0 1 1 0]
2025-12-21 17:28:29,731 - [DEBUG] - y_rrl_: (1447,) [0 1 0 0 0 0 0 0 0 0 0 0 0 0 0 0 0 0 0 0 0 0 0 0 1 0 0 0 0 0 0 0 0 0 0 0 0
 0 0 1 0]
2025-12-21 17:28:29,732 - [DEBUG] - y_rrl: (1447, 2) [[ 1.7494814  -1.5813406 ]
 [ 0.0515973   0.08555607]
 [ 2.3829534  -2.1508634 ]
 [ 2.3829534  -2.1508634 ]
 [ 1.4194069  -1.2868372 ]
 [ 0.27259296 -0.11431904]
 [ 2.1764019  -1.9396788 ]
 [ 2.6548743  -2.4754279 ]
 [ 2.8033628  -2.5737886 ]
 [ 0.5064893  -0.34218925]
 [ 0.4210818  -0.21267994]
 [ 1.896744   -1.6947373 ]
 [ 1.7494814  -1.5813406 ]
 [ 2.027913   -1.8413179 ]
 [ 1.9833777  -1.8092108 ]
 [ 2.1764019  -1.9396788 ]
 [ 2.8033628  -2.5737886 ]
 [ 0.27259296 -0.11431904]
 [ 1.5048144  -1.4163465 ]
 [ 1.8348887  -1.7108499 ]
 [ 1.8348887  -1.7108499 ]
 [ 2.1764019  -1.9396788 ]
 [ 1.6656954  -1.4675754 ]
 [ 1.8348887  -1.7108499 ]
 [-0.7320306   0.8149633 ]
 [ 0.4210818  -0.21267994]
 [ 1.6248233  -1.3701732 ]
 [ 1.8348887  -1.7108499 ]
 [ 1.9425056  -1.7118086 ]
 [ 2.338418   -2.1187563 ]
 [ 1.7482553  -1.5963764 ]
 [ 1.8348887  -1.7108499 ]
 [ 0.4210818  -0.21267994]
 [ 0.27259296 -0.11431904]
 [ 1.7494814  -1.5813406 ]
 [ 2.6548743  -2.4754279 ]
 [ 1.9425056  -1.7118086 ]
 [ 1.8348887  -1.7108499 ]
 [ 0.5064893  -0.34218925]
 [ 0.02415171  0.15629883]
 [ 2.6548743  -2.4754279 ]]
2025-12-21 17:28:29,734 - [INFO] - ------------------------------------------------------------
2025-12-21 17:28:29,734 - [INFO] - On Validation Set:
	Accuracy of RRL  Model: 0.8970283344851416
	F1 Score of RRL  Model: 0.6840819675734287
2025-12-21 17:28:29,740 - [INFO] - On Validation Set:
Performance of  RRL Model: 
[[1243   43]
 [ 106   55]]
              precision    recall  f1-score   support

           0       0.92      0.97      0.94      1286
           1       0.56      0.34      0.42       161

    accuracy                           0.90      1447
   macro avg       0.74      0.65      0.68      1447
weighted avg       0.88      0.90      0.89      1447

2025-12-21 17:28:29,740 - [INFO] - ------------------------------------------------------------
2025-12-21 17:28:30,162 - [INFO] - epoch: 81, loss_rrl: 55.28144143521786
2025-12-21 17:28:30,869 - [INFO] - epoch: 82, loss_rrl: 55.52863699570298
2025-12-21 17:28:31,381 - [DEBUG] - y_true: (1447,) [0 0 0 0 0 1 0 0 0 0 0 0 0 0 0 0 0 1 0 0 0 0 0 0 1 0 0 0 0 0 0 0 0 0 0 0 0
 0 1 1 0]
2025-12-21 17:28:31,462 - [DEBUG] - y_rrl_: (1447,) [0 0 0 0 0 1 0 0 0 0 0 0 0 0 0 0 0 0 0 0 0 0 0 0 1 0 0 0 0 0 0 0 0 0 0 0 0
 0 0 0 0]
2025-12-21 17:28:31,462 - [DEBUG] - y_rrl: (1447, 2) [[ 1.7470849  -1.5546728 ]
 [ 0.3434929  -0.1463669 ]
 [ 2.42283    -2.195222  ]
 [ 2.42283    -2.195222  ]
 [ 1.7470849  -1.5546728 ]
 [-0.00385249  0.12571236]
 [ 2.3019779  -2.0689116 ]
 [ 2.7041864  -2.5265403 ]
 [ 2.882261   -2.6556773 ]
 [ 0.5510404  -0.38852638]
 [ 0.503194   -0.2975833 ]
 [ 2.0367346  -1.8359877 ]
 [ 1.7470849  -1.5546728 ]
 [ 2.1239033  -1.9397743 ]
 [ 2.3019779  -2.0689116 ]
 [ 2.3019779  -2.0689116 ]
 [ 2.882261   -2.6556773 ]
 [ 0.32511947 -0.16844603]
 [ 1.7949312  -1.6456159 ]
 [ 2.1239033  -1.9397743 ]
 [ 2.1239033  -1.9397743 ]
 [ 2.3019779  -2.0689116 ]
 [ 1.9812988  -1.7247499 ]
 [ 2.1239033  -1.9397743 ]
 [-0.640545    0.72427535]
 [ 0.17422205 -0.00342491]
 [ 1.7553779  -1.5046695 ]
 [ 2.1239033  -1.9397743 ]
 [ 2.076057   -1.8488312 ]
 [ 2.6009045  -2.3243594 ]
 [ 1.8586599  -1.7068506 ]
 [ 2.1239033  -1.9397743 ]
 [ 0.503194   -0.2975833 ]
 [ 0.32511947 -0.16844603]
 [ 1.7470849  -1.5546728 ]
 [ 2.7041864  -2.5265403 ]
 [ 2.076057   -1.8488312 ]
 [ 2.1239033  -1.9397743 ]
 [ 0.32511947 -0.16844603]
 [ 0.82982385 -0.61113703]
 [ 2.7041864  -2.5265403 ]]
2025-12-21 17:28:31,464 - [INFO] - ------------------------------------------------------------
2025-12-21 17:28:31,465 - [INFO] - On Validation Set:
	Accuracy of RRL  Model: 0.8977194194885971
	F1 Score of RRL  Model: 0.6389720558882236
2025-12-21 17:28:31,470 - [INFO] - On Validation Set:
Performance of  RRL Model: 
[[1262   24]
 [ 124   37]]
              precision    recall  f1-score   support

           0       0.91      0.98      0.94      1286
           1       0.61      0.23      0.33       161

    accuracy                           0.90      1447
   macro avg       0.76      0.61      0.64      1447
weighted avg       0.88      0.90      0.88      1447

2025-12-21 17:28:31,471 - [INFO] - ------------------------------------------------------------
2025-12-21 17:28:31,661 - [INFO] - epoch: 83, loss_rrl: 55.61090809106827
2025-12-21 17:28:32,358 - [INFO] - epoch: 84, loss_rrl: 55.44020537286997
2025-12-21 17:28:33,058 - [INFO] - epoch: 85, loss_rrl: 55.74838822335005
2025-12-21 17:28:33,106 - [DEBUG] - y_true: (1447,) [0 0 0 0 0 1 0 0 0 0 0 0 0 0 0 0 0 1 0 0 0 0 0 0 1 0 0 0 0 0 0 0 0 0 0 0 0
 0 1 1 0]
2025-12-21 17:28:33,189 - [DEBUG] - y_rrl_: (1447,) [0 0 0 0 0 0 0 0 0 0 0 0 0 0 0 0 0 0 0 0 0 0 0 0 1 0 0 0 0 0 0 0 0 1 0 0 0
 0 0 0 0]
2025-12-21 17:28:33,189 - [DEBUG] - y_rrl: (1447, 2) [[ 2.0175238e+00 -1.8535075e+00]
 [ 1.3596630e-01 -1.1286885e-03]
 [ 2.8910227e+00 -2.7150650e+00]
 [ 2.8910227e+00 -2.7150650e+00]
 [ 2.3229237e+00 -2.1532478e+00]
 [ 4.2090228e-01 -2.6578993e-01]
 [ 2.5280972e+00 -2.3516834e+00]
 [ 2.8910227e+00 -2.7150650e+00]
 [ 3.0829344e+00 -2.8592613e+00]
 [ 7.2630179e-01 -5.6553018e-01]
 [ 6.1281407e-01 -4.0998608e-01]
 [ 2.5280972e+00 -2.3516834e+00]
 [ 2.0175238e+00 -1.8535075e+00]
 [ 2.6415849e+00 -2.5072274e+00]
 [ 2.3229237e+00 -2.1532478e+00]
 [ 2.4802804e+00 -2.2751837e+00]
 [ 3.0829344e+00 -2.8592613e+00]
 [ 4.2090228e-01 -2.6578993e-01]
 [ 1.3780051e+00 -1.2670974e+00]
 [ 2.1310115e+00 -2.0090516e+00]
 [ 1.7777954e+00 -1.6328114e+00]
 [ 2.8334966e+00 -2.6514237e+00]
 [ 1.6643077e+00 -1.4772674e+00]
 [ 2.1310115e+00 -2.0090516e+00]
 [-8.6041665e-01  9.6788359e-01]
 [ 6.1281407e-01 -4.0998608e-01]
 [ 2.1748810e+00 -1.9754432e+00]
 [ 2.1310115e+00 -2.0090516e+00]
 [ 2.8334966e+00 -2.6514237e+00]
 [ 2.5723615e+00 -2.3610854e+00]
 [ 2.3361855e+00 -2.2074871e+00]
 [ 2.1310115e+00 -2.0090516e+00]
 [ 2.5959784e-01 -3.3745959e-02]
 [ 6.7686081e-02  1.1045019e-01]
 [ 2.0175238e+00 -1.8535075e+00]
 [ 2.8910227e+00 -2.7150650e+00]
 [ 2.5280972e+00 -2.3516834e+00]
 [ 2.1310115e+00 -2.0090516e+00]
 [ 4.2090228e-01 -2.6578993e-01]
 [ 7.3123491e-01 -5.7374966e-01]
 [ 2.8910227e+00 -2.7150650e+00]]
2025-12-21 17:28:33,191 - [INFO] - ------------------------------------------------------------
2025-12-21 17:28:33,191 - [INFO] - On Validation Set:
	Accuracy of RRL  Model: 0.9011748445058743
	F1 Score of RRL  Model: 0.6407527973818763
2025-12-21 17:28:33,197 - [INFO] - On Validation Set:
Performance of  RRL Model: 
[[1268   18]
 [ 125   36]]
              precision    recall  f1-score   support

           0       0.91      0.99      0.95      1286
           1       0.67      0.22      0.33       161

    accuracy                           0.90      1447
   macro avg       0.79      0.60      0.64      1447
weighted avg       0.88      0.90      0.88      1447

2025-12-21 17:28:33,197 - [INFO] - ------------------------------------------------------------
2025-12-21 17:28:33,870 - [INFO] - epoch: 86, loss_rrl: 54.70980551838875
2025-12-21 17:28:34,654 - [INFO] - epoch: 87, loss_rrl: 54.84100569784641
2025-12-21 17:28:34,953 - [DEBUG] - y_true: (1447,) [0 0 0 0 0 1 0 0 0 0 0 0 0 0 0 0 0 1 0 0 0 0 0 0 1 0 0 0 0 0 0 0 0 0 0 0 0
 0 1 1 0]
2025-12-21 17:28:35,036 - [DEBUG] - y_rrl_: (1447,) [0 0 0 0 0 0 0 0 0 0 0 0 0 0 0 0 0 0 0 0 0 0 0 0 1 0 0 0 0 0 0 0 0 0 0 0 0
 0 0 0 0]
2025-12-21 17:28:35,037 - [DEBUG] - y_rrl: (1447, 2) [[ 2.0451548  -1.8247035 ]
 [ 0.2249737  -0.03276725]
 [ 2.751667   -2.57736   ]
 [ 2.751667   -2.57736   ]
 [ 2.304745   -2.0788097 ]
 [ 0.29272908 -0.13913102]
 [ 2.6269505  -2.4459357 ]
 [ 2.751667   -2.57736   ]
 [ 2.946571   -2.7257912 ]
 [ 0.55231905 -0.39323735]
 [ 0.48763305 -0.2875623 ]
 [ 2.0285037  -1.8303982 ]
 [ 2.0451548  -1.8247035 ]
 [ 2.4320467  -2.2975044 ]
 [ 2.304745   -2.0788097 ]
 [ 2.6269505  -2.4459357 ]
 [ 2.946571   -2.7257912 ]
 [ 0.29272908 -0.13913102]
 [ 1.7638499  -1.6177548 ]
 [ 2.1098409  -1.9303784 ]
 [ 2.1098409  -1.9303784 ]
 [ 2.6269505  -2.4459357 ]
 [ 1.9658879  -1.7173786 ]
 [ 2.1098409  -1.9303784 ]
 [-0.61262804  0.6975422 ]
 [ 0.48763305 -0.2875623 ]
 [ 2.0285037  -1.8303982 ]
 [ 2.1098409  -1.9303784 ]
 [ 2.6269505  -2.4459357 ]
 [ 2.6243653  -2.3586652 ]
 [ 1.8335996  -1.6819669 ]
 [ 2.1098409  -1.9303784 ]
 [ 0.48763305 -0.2875623 ]
 [ 0.29272908 -0.13913102]
 [ 2.0451548  -1.8247035 ]
 [ 2.751667   -2.57736   ]
 [ 2.3673606  -2.1918292 ]
 [ 2.1098409  -1.9303784 ]
 [ 0.55231905 -0.39323735]
 [ 0.21711867 -0.0369397 ]
 [ 2.751667   -2.57736   ]]
2025-12-21 17:28:35,039 - [INFO] - ------------------------------------------------------------
2025-12-21 17:28:35,039 - [INFO] - On Validation Set:
	Accuracy of RRL  Model: 0.8970283344851416
	F1 Score of RRL  Model: 0.6224466030298414
2025-12-21 17:28:35,045 - [INFO] - On Validation Set:
Performance of  RRL Model: 
[[1266   20]
 [ 129   32]]
              precision    recall  f1-score   support

           0       0.91      0.98      0.94      1286
           1       0.62      0.20      0.30       161

    accuracy                           0.90      1447
   macro avg       0.76      0.59      0.62      1447
weighted avg       0.88      0.90      0.87      1447

2025-12-21 17:28:35,045 - [INFO] - ------------------------------------------------------------
2025-12-21 17:28:35,481 - [INFO] - epoch: 88, loss_rrl: 55.423635590821505
2025-12-21 17:28:36,178 - [INFO] - epoch: 89, loss_rrl: 54.86564711481333
2025-12-21 17:28:36,677 - [DEBUG] - y_true: (1447,) [0 0 0 0 0 1 0 0 0 0 0 0 0 0 0 0 0 1 0 0 0 0 0 0 1 0 0 0 0 0 0 0 0 0 0 0 0
 0 1 1 0]
2025-12-21 17:28:36,759 - [DEBUG] - y_rrl_: (1447,) [0 0 0 0 0 1 0 0 0 0 0 0 0 0 0 0 0 0 0 0 0 0 0 0 1 0 0 0 0 0 0 0 0 0 0 0 0
 0 0 0 0]
2025-12-21 17:28:36,760 - [DEBUG] - y_rrl: (1447, 2) [[ 1.640444   -1.4559736 ]
 [ 0.20777261 -0.0179216 ]
 [ 2.4138026  -2.1986337 ]
 [ 2.4138026  -2.1986337 ]
 [ 1.8882225  -1.6984407 ]
 [-0.06504506  0.18446988]
 [ 1.9890509  -1.7719208 ]
 [ 2.7197146  -2.5471108 ]
 [ 2.9188943  -2.7010887 ]
 [ 0.5313405  -0.37394446]
 [ 0.48274133 -0.2854551 ]
 [ 2.294963   -2.120398  ]
 [ 1.640444   -1.4559736 ]
 [ 1.7898715  -1.6179432 ]
 [ 1.9890509  -1.7719208 ]
 [ 2.2368295  -2.0143878 ]
 [ 2.9188943  -2.7010887 ]
 [ 0.28356192 -0.13147742]
 [ 1.689043   -1.5444628 ]
 [ 1.7898715  -1.6179432 ]
 [ 2.03765    -1.8604102 ]
 [ 1.9890509  -1.7719208 ]
 [ 1.6844767  -1.445221  ]
 [ 1.7898715  -1.6179432 ]
 [-0.72362524  0.8090993 ]
 [ 0.13413435  0.03049219]
 [ 1.6844767  -1.445221  ]
 [ 1.7898715  -1.6179432 ]
 [ 1.9890509  -1.7719208 ]
 [ 2.612982   -2.3526113 ]
 [ 2.0957835  -1.9664203 ]
 [ 2.03765    -1.8604102 ]
 [ 0.48274133 -0.2854551 ]
 [ 0.28356192 -0.13147742]
 [ 1.640444   -1.4559736 ]
 [ 2.7197146  -2.5471108 ]
 [ 1.9890509  -1.7719208 ]
 [ 1.7898715  -1.6179432 ]
 [ 0.28356192 -0.13147742]
 [ 1.1217353  -0.930053  ]
 [ 2.7197146  -2.5471108 ]]
2025-12-21 17:28:36,762 - [INFO] - ------------------------------------------------------------
2025-12-21 17:28:36,762 - [INFO] - On Validation Set:
	Accuracy of RRL  Model: 0.8956461644782309
	F1 Score of RRL  Model: 0.6173787721980272
2025-12-21 17:28:36,768 - [INFO] - On Validation Set:
Performance of  RRL Model: 
[[1265   21]
 [ 130   31]]
              precision    recall  f1-score   support

           0       0.91      0.98      0.94      1286
           1       0.60      0.19      0.29       161

    accuracy                           0.90      1447
   macro avg       0.75      0.59      0.62      1447
weighted avg       0.87      0.90      0.87      1447

2025-12-21 17:28:36,768 - [INFO] - ------------------------------------------------------------
2025-12-21 17:28:36,981 - [INFO] - epoch: 90, loss_rrl: 55.17581596970558
2025-12-21 17:28:37,689 - [INFO] - epoch: 91, loss_rrl: 54.97087197378278
2025-12-21 17:28:38,415 - [INFO] - epoch: 92, loss_rrl: 55.85528181120753
2025-12-21 17:28:38,448 - [DEBUG] - y_true: (1447,) [0 0 0 0 0 1 0 0 0 0 0 0 0 0 0 0 0 1 0 0 0 0 0 0 1 0 0 0 0 0 0 0 0 0 0 0 0
 0 1 1 0]
2025-12-21 17:28:38,531 - [DEBUG] - y_rrl_: (1447,) [0 1 0 0 0 0 0 0 0 0 0 0 0 0 0 0 0 0 0 0 0 0 0 0 1 0 0 0 0 0 0 0 0 1 0 0 0
 0 0 0 0]
2025-12-21 17:28:38,531 - [DEBUG] - y_rrl: (1447, 2) [[ 1.8328671  -1.6551805 ]
 [-0.0603275   0.21168414]
 [ 2.614388   -2.4031587 ]
 [ 2.614388   -2.4031587 ]
 [ 1.8328671  -1.6551805 ]
 [ 0.38710484 -0.23652813]
 [ 2.123853   -1.9099922 ]
 [ 2.9696977  -2.7987862 ]
 [ 3.1361911  -2.9213305 ]
 [ 0.67649174 -0.52077174]
 [ 0.55359817 -0.3590726 ]
 [ 2.4791627  -2.3056192 ]
 [ 1.8328671  -1.6551805 ]
 [ 1.9573598  -1.7874477 ]
 [ 1.8328671  -1.6551805 ]
 [ 2.41324    -2.1942358 ]
 [ 3.1361911  -2.9213305 ]
 [ 0.38710484 -0.23652813]
 [ 1.5589334  -1.4520096 ]
 [ 1.6663738  -1.532636  ]
 [ 1.9557607  -1.8168797 ]
 [ 2.123853   -1.9099922 ]
 [ 1.4790591  -1.2796916 ]
 [ 1.6663738  -1.532636  ]
 [-0.91747594  1.0251967 ]
 [ 0.55359817 -0.3590726 ]
 [ 1.770045   -1.5345033 ]
 [ 1.6663738  -1.532636  ]
 [ 2.123853   -1.9099922 ]
 [ 2.4898953  -2.2708917 ]
 [ 2.3126695  -2.183075  ]
 [ 1.6663738  -1.532636  ]
 [ 0.19979012  0.01641628]
 [ 0.03329676  0.13896075]
 [ 1.8328671  -1.6551805 ]
 [ 2.9696977  -2.7987862 ]
 [ 2.123853   -1.9099922 ]
 [ 1.6663738  -1.532636  ]
 [ 0.38710484 -0.23652813]
 [ 0.6459483  -0.48814556]
 [ 2.9696977  -2.7987862 ]]
2025-12-21 17:28:38,534 - [INFO] - ------------------------------------------------------------
2025-12-21 17:28:38,534 - [INFO] - On Validation Set:
	Accuracy of RRL  Model: 0.9011748445058743
	F1 Score of RRL  Model: 0.6946757384068973
2025-12-21 17:28:38,540 - [INFO] - On Validation Set:
Performance of  RRL Model: 
[[1247   39]
 [ 104   57]]
              precision    recall  f1-score   support

           0       0.92      0.97      0.95      1286
           1       0.59      0.35      0.44       161

    accuracy                           0.90      1447
   macro avg       0.76      0.66      0.69      1447
weighted avg       0.89      0.90      0.89      1447

2025-12-21 17:28:38,540 - [INFO] - ------------------------------------------------------------
2025-12-21 17:28:39,324 - [INFO] - epoch: 93, loss_rrl: 54.98197486624122
2025-12-21 17:28:40,128 - [INFO] - epoch: 94, loss_rrl: 55.1585578918457
2025-12-21 17:28:40,419 - [DEBUG] - y_true: (1447,) [0 0 0 0 0 1 0 0 0 0 0 0 0 0 0 0 0 1 0 0 0 0 0 0 1 0 0 0 0 0 0 0 0 0 0 0 0
 0 1 1 0]
2025-12-21 17:28:40,500 - [DEBUG] - y_rrl_: (1447,) [0 0 0 0 0 0 0 0 0 0 0 0 0 0 0 0 0 0 0 0 0 0 0 0 1 0 0 0 0 0 0 0 0 0 0 0 0
 0 0 0 0]
2025-12-21 17:28:40,501 - [DEBUG] - y_rrl: (1447, 2) [[ 2.412551   -2.1673837 ]
 [ 0.5652333  -0.3454789 ]
 [ 2.8258214  -2.6566086 ]
 [ 2.8258214  -2.6566086 ]
 [ 2.6736765  -2.4235291 ]
 [ 0.36663717 -0.21754175]
 [ 3.0105543  -2.798614  ]
 [ 2.8258214  -2.6566086 ]
 [ 3.0105543  -2.798614  ]
 [ 0.6277627  -0.4736872 ]
 [ 0.5513702  -0.35954732]
 [ 2.7494287  -2.5424688 ]
 [ 2.412551   -2.1673837 ]
 [ 2.8258214  -2.6566086 ]
 [ 2.6736765  -2.4235291 ]
 [ 3.0105543  -2.798614  ]
 [ 3.0105543  -2.798614  ]
 [ 0.36663717 -0.21754175]
 [ 2.1256156  -1.9494671 ]
 [ 2.488944   -2.2815235 ]
 [ 2.488944   -2.2815235 ]
 [ 3.0105543  -2.798614  ]
 [ 2.3300686  -2.0586748 ]
 [ 2.488944   -2.2815235 ]
 [-0.5892886   0.6757357 ]
 [ 0.5513702  -0.35954732]
 [ 2.4058208  -2.1776147 ]
 [ 2.488944   -2.2815235 ]
 [ 3.0105543  -2.798614  ]
 [ 2.6736765  -2.4235291 ]
 [ 2.5646958  -2.4004633 ]
 [ 2.488944   -2.2815235 ]
 [ 0.5513702  -0.35954732]
 [ 0.36663717 -0.21754175]
 [ 2.412551   -2.1673837 ]
 [ 2.8258214  -2.6566086 ]
 [ 2.7494287  -2.5424688 ]
 [ 2.488944   -2.2815235 ]
 [ 0.6277627  -0.4736872 ]
 [ 0.58357215 -0.4259153 ]
 [ 2.8258214  -2.6566086 ]]
2025-12-21 17:28:40,503 - [INFO] - ------------------------------------------------------------
2025-12-21 17:28:40,503 - [INFO] - On Validation Set:
	Accuracy of RRL  Model: 0.899101589495508
	F1 Score of RRL  Model: 0.5927746422403158
2025-12-21 17:28:40,509 - [INFO] - On Validation Set:
Performance of  RRL Model: 
[[1278    8]
 [ 138   23]]
              precision    recall  f1-score   support

           0       0.90      0.99      0.95      1286
           1       0.74      0.14      0.24       161

    accuracy                           0.90      1447
   macro avg       0.82      0.57      0.59      1447
weighted avg       0.88      0.90      0.87      1447

2025-12-21 17:28:40,509 - [INFO] - ------------------------------------------------------------
2025-12-21 17:28:41,028 - [INFO] - epoch: 95, loss_rrl: 55.505311001092196
2025-12-21 17:28:41,828 - [INFO] - epoch: 96, loss_rrl: 55.19951155781746
2025-12-21 17:28:42,385 - [DEBUG] - y_true: (1447,) [0 0 0 0 0 1 0 0 0 0 0 0 0 0 0 0 0 1 0 0 0 0 0 0 1 0 0 0 0 0 0 0 0 0 0 0 0
 0 1 1 0]
2025-12-21 17:28:42,468 - [DEBUG] - y_rrl_: (1447,) [0 0 0 0 0 1 0 0 0 0 0 0 0 0 0 0 0 0 0 0 0 0 0 0 1 0 0 0 0 0 0 0 0 0 0 0 0
 0 0 0 0]
2025-12-21 17:28:42,469 - [DEBUG] - y_rrl: (1447, 2) [[ 1.7168574e+00 -1.5399261e+00]
 [ 2.3285013e-01 -4.9839482e-02]
 [ 2.7476473e+00 -2.5801311e+00]
 [ 2.7476473e+00 -2.5801311e+00]
 [ 1.9597754e+00 -1.7780242e+00]
 [-3.8938671e-02  1.5597309e-01]
 [ 2.4142570e+00 -2.2429283e+00]
 [ 2.7476473e+00 -2.5801311e+00]
 [ 2.9452484e+00 -2.7362041e+00]
 [ 5.4772949e-01 -3.9528000e-01]
 [ 5.0241256e-01 -3.1325489e-01]
 [ 2.4142570e+00 -2.2429283e+00]
 [ 1.7168574e+00 -1.5399261e+00]
 [ 2.2166562e+00 -2.0868552e+00]
 [ 2.0606077e+00 -1.8530810e+00]
 [ 2.6571751e+00 -2.4810264e+00]
 [ 2.9452484e+00 -2.7362041e+00]
 [ 3.0481151e-01 -1.5718178e-01]
 [ 1.7621744e+00 -1.6219511e+00]
 [ 1.8630066e+00 -1.6970079e+00]
 [ 2.1059246e+00 -1.9351060e+00]
 [ 2.4142570e+00 -2.2429283e+00]
 [ 1.7272706e+00 -1.4989271e+00]
 [ 1.8630066e+00 -1.6970079e+00]
 [-6.9507176e-01  7.8191781e-01]
 [ 1.5866235e-01 -1.0000169e-04]
 [ 2.0809202e+00 -1.8887744e+00]
 [ 1.8630066e+00 -1.6970079e+00]
 [ 2.4142570e+00 -2.2429283e+00]
 [ 2.5915987e+00 -2.3463569e+00]
 [ 2.2166562e+00 -2.0868552e+00]
 [ 2.1059246e+00 -1.9351060e+00]
 [ 5.0241256e-01 -3.1325489e-01]
 [ 3.0481151e-01 -1.5718178e-01]
 [ 1.7168574e+00 -1.5399261e+00]
 [ 2.7476473e+00 -2.5801311e+00]
 [ 2.4142570e+00 -2.2429283e+00]
 [ 1.8630066e+00 -1.6970079e+00]
 [ 3.0481151e-01 -1.5718178e-01]
 [ 1.1961594e+00 -1.0085443e+00]
 [ 2.7476473e+00 -2.5801311e+00]]
2025-12-21 17:28:42,471 - [INFO] - ------------------------------------------------------------
2025-12-21 17:28:42,471 - [INFO] - On Validation Set:
	Accuracy of RRL  Model: 0.8970283344851416
	F1 Score of RRL  Model: 0.6191520067548352
2025-12-21 17:28:42,477 - [INFO] - On Validation Set:
Performance of  RRL Model: 
[[1267   19]
 [ 130   31]]
              precision    recall  f1-score   support

           0       0.91      0.99      0.94      1286
           1       0.62      0.19      0.29       161

    accuracy                           0.90      1447
   macro avg       0.76      0.59      0.62      1447
weighted avg       0.88      0.90      0.87      1447

2025-12-21 17:28:42,477 - [INFO] - ------------------------------------------------------------
2025-12-21 17:28:42,744 - [INFO] - epoch: 97, loss_rrl: 55.3050623126328
2025-12-21 17:28:43,566 - [INFO] - epoch: 98, loss_rrl: 55.79315012320876
2025-12-21 17:28:44,390 - [INFO] - epoch: 99, loss_rrl: 55.27253373339772
