2025-12-21 17:39:09,120 - [DEBUG] - y_true: (1447,) [0 0 0 0 0 1 0 0 0 0 0 0 0 0 0 0 0 1 0 0 0 0 0 0 1 0 0 0 0 0 0 0 0 0 0 0 0
 0 1 1 0]
2025-12-21 17:39:09,398 - [DEBUG] - y_rrl_: (1447,) [0 0 0 0 0 0 0 0 0 0 0 0 0 0 0 0 0 0 0 0 0 0 0 0 0 0 0 0 0 0 0 0 0 0 0 0 0
 0 0 0 0]
2025-12-21 17:39:09,398 - [DEBUG] - y_rrl: (1447, 2) [[ 0.5029537  -0.42092112]
 [ 0.5029537  -0.42092112]
 [ 0.5029537  -0.42092112]
 [ 0.5029537  -0.42092112]
 [ 0.5029537  -0.42092112]
 [ 0.5029537  -0.42092112]
 [ 0.5029537  -0.42092112]
 [ 0.5029537  -0.42092112]
 [ 0.5029537  -0.42092112]
 [ 0.5029537  -0.42092112]
 [ 0.5029537  -0.42092112]
 [ 0.5029537  -0.42092112]
 [ 0.5029537  -0.42092112]
 [ 0.5029537  -0.42092112]
 [ 0.5029537  -0.42092112]
 [ 0.5029537  -0.42092112]
 [ 0.5029537  -0.42092112]
 [ 0.5029537  -0.42092112]
 [ 0.5029537  -0.42092112]
 [ 0.5029537  -0.42092112]
 [ 0.5029537  -0.42092112]
 [ 0.5029537  -0.42092112]
 [ 0.5029537  -0.42092112]
 [ 0.5029537  -0.42092112]
 [ 0.5029537  -0.42092112]
 [ 0.5029537  -0.42092112]
 [ 0.5029537  -0.42092112]
 [ 0.5029537  -0.42092112]
 [ 0.5029537  -0.42092112]
 [ 0.5029537  -0.42092112]
 [ 0.5029537  -0.42092112]
 [ 0.5029537  -0.42092112]
 [ 0.5029537  -0.42092112]
 [ 0.5029537  -0.42092112]
 [ 0.5029537  -0.42092112]
 [ 0.5029537  -0.42092112]
 [ 0.5029537  -0.42092112]
 [ 0.5029537  -0.42092112]
 [ 0.5029537  -0.42092112]
 [ 0.5029537  -0.42092112]
 [ 0.5029537  -0.42092112]]
2025-12-21 17:39:09,401 - [INFO] - ------------------------------------------------------------
2025-12-21 17:39:09,401 - [INFO] - On Validation Set:
	Accuracy of RRL  Model: 0.8887353144436766
	F1 Score of RRL  Model: 0.47054518843761434
2025-12-21 17:39:09,407 - [INFO] - On Validation Set:
Performance of  RRL Model: 
[[1286    0]
 [ 161    0]]
              precision    recall  f1-score   support

           0       0.89      1.00      0.94      1286
           1       0.00      0.00      0.00       161

    accuracy                           0.89      1447
   macro avg       0.44      0.50      0.47      1447
weighted avg       0.79      0.89      0.84      1447

2025-12-21 17:39:09,407 - [INFO] - ------------------------------------------------------------
2025-12-21 17:39:11,038 - [DEBUG] - y_true: (1447,) [0 0 0 0 0 1 0 0 0 0 0 0 0 0 0 0 0 1 0 0 0 0 0 0 1 0 0 0 0 0 0 0 0 0 0 0 0
 0 1 1 0]
2025-12-21 17:39:11,316 - [DEBUG] - y_rrl_: (1447,) [0 0 0 0 0 0 0 0 0 0 0 0 0 0 0 0 0 0 0 0 0 0 0 0 0 0 0 0 0 0 0 0 0 0 0 0 0
 0 0 0 0]
2025-12-21 17:39:11,317 - [DEBUG] - y_rrl: (1447, 2) [[ 0.9975816  -0.9155271 ]
 [ 0.9975816  -0.9155271 ]
 [ 1.4684434  -1.3629004 ]
 [ 1.4684434  -1.3629004 ]
 [ 0.9975816  -0.9155271 ]
 [ 0.02155799 -0.1161464 ]
 [ 0.9975816  -0.9155271 ]
 [ 1.4684434  -1.3629004 ]
 [ 1.4684434  -1.3629004 ]
 [ 0.4924198  -0.56351954]
 [ 0.2371914  -0.26425052]
 [ 1.213215   -1.0636313 ]
 [ 0.9975816  -0.9155271 ]
 [ 0.9975816  -0.9155271 ]
 [ 0.9975816  -0.9155271 ]
 [ 0.9975816  -0.9155271 ]
 [ 1.4684434  -1.3629004 ]
 [ 0.2371914  -0.26425052]
 [ 0.9975816  -0.9155271 ]
 [ 0.9975816  -0.9155271 ]
 [ 0.9975816  -0.9155271 ]
 [ 0.9975816  -0.9155271 ]
 [ 0.9975816  -0.9155271 ]
 [ 0.9975816  -0.9155271 ]
 [ 0.02155799 -0.1161464 ]
 [ 0.02155799 -0.1161464 ]
 [ 0.9975816  -0.9155271 ]
 [ 0.9975816  -0.9155271 ]
 [ 0.9975816  -0.9155271 ]
 [ 1.4684434  -1.3629004 ]
 [ 1.213215   -1.0636313 ]
 [ 0.9975816  -0.9155271 ]
 [ 0.02155799 -0.1161464 ]
 [ 0.02155799 -0.1161464 ]
 [ 0.9975816  -0.9155271 ]
 [ 1.4684434  -1.3629004 ]
 [ 0.9975816  -0.9155271 ]
 [ 0.9975816  -0.9155271 ]
 [ 0.2371914  -0.26425052]
 [ 0.97670984 -0.79567975]
 [ 1.4684434  -1.3629004 ]]
2025-12-21 17:39:11,319 - [INFO] - ------------------------------------------------------------
2025-12-21 17:39:11,319 - [INFO] - On Validation Set:
	Accuracy of RRL  Model: 0.8887353144436766
	F1 Score of RRL  Model: 0.47054518843761434
2025-12-21 17:39:11,324 - [INFO] - On Validation Set:
Performance of  RRL Model: 
[[1286    0]
 [ 161    0]]
              precision    recall  f1-score   support

           0       0.89      1.00      0.94      1286
           1       0.00      0.00      0.00       161

    accuracy                           0.89      1447
   macro avg       0.44      0.50      0.47      1447
weighted avg       0.79      0.89      0.84      1447

2025-12-21 17:39:11,325 - [INFO] - ------------------------------------------------------------
2025-12-21 17:39:12,477 - [INFO] - epoch: 0, loss_rrl: 280.1178986877203
2025-12-21 17:39:12,913 - [DEBUG] - y_true: (1447,) [0 0 0 0 0 1 0 0 0 0 0 0 0 0 0 0 0 1 0 0 0 0 0 0 1 0 0 0 0 0 0 0 0 0 0 0 0
 0 1 1 0]
2025-12-21 17:39:13,191 - [DEBUG] - y_rrl_: (1447,) [0 0 0 0 0 1 0 0 0 0 0 0 0 0 0 0 0 0 0 0 0 0 0 0 1 1 0 0 0 0 0 0 0 0 0 0 0
 0 0 0 0]
2025-12-21 17:39:13,191 - [DEBUG] - y_rrl: (1447, 2) [[ 0.95613027 -0.88335913]
 [ 0.5175983  -0.41344824]
 [ 1.6468853  -1.541352  ]
 [ 1.7799202  -1.6982622 ]
 [ 0.95613027 -0.88335913]
 [-0.20006755  0.20153677]
 [ 1.4335784  -1.3080716 ]
 [ 1.6468853  -1.541352  ]
 [ 1.6468853  -1.541352  ]
 [ 0.49068734 -0.456456  ]
 [ 0.14434555 -0.06626545]
 [ 1.3005434  -1.1511614 ]
 [ 0.95613027 -0.88335913]
 [ 1.4335784  -1.3080716 ]
 [ 1.0891652  -1.0402694 ]
 [ 1.3005434  -1.1511614 ]
 [ 1.6468853  -1.541352  ]
 [ 0.14434555 -0.06626545]
 [ 0.95613027 -0.88335913]
 [ 1.0891652  -1.0402694 ]
 [ 1.0891652  -1.0402694 ]
 [ 1.4335784  -1.3080716 ]
 [ 1.0891652  -1.0402694 ]
 [ 1.3809158  -1.2646384 ]
 [-0.20006755  0.20153677]
 [-0.20006755  0.20153677]
 [ 1.3005434  -1.1511614 ]
 [ 1.0891652  -1.0402694 ]
 [ 1.3005434  -1.1511614 ]
 [ 1.7272576  -1.654829  ]
 [ 1.3005434  -1.1511614 ]
 [ 1.0891652  -1.0402694 ]
 [ 0.14434555 -0.06626545]
 [ 0.14434555 -0.06626545]
 [ 0.95613027 -0.88335913]
 [ 1.7799202  -1.6982622 ]
 [ 1.3005434  -1.1511614 ]
 [ 1.0891652  -1.0402694 ]
 [ 0.14434555 -0.06626545]
 [ 0.36965308 -0.3341595 ]
 [ 1.6468853  -1.541352  ]]
2025-12-21 17:39:13,193 - [INFO] - ------------------------------------------------------------
2025-12-21 17:39:13,193 - [INFO] - On Validation Set:
	Accuracy of RRL  Model: 0.8845888044229441
	F1 Score of RRL  Model: 0.6132780680627015
2025-12-21 17:39:13,199 - [INFO] - On Validation Set:
Performance of  RRL Model: 
[[1246   40]
 [ 127   34]]
              precision    recall  f1-score   support

           0       0.91      0.97      0.94      1286
           1       0.46      0.21      0.29       161

    accuracy                           0.88      1447
   macro avg       0.68      0.59      0.61      1447
weighted avg       0.86      0.88      0.87      1447

2025-12-21 17:39:13,200 - [INFO] - ------------------------------------------------------------
2025-12-21 17:39:14,681 - [DEBUG] - y_true: (1447,) [0 0 0 0 0 1 0 0 0 0 0 0 0 0 0 0 0 1 0 0 0 0 0 0 1 0 0 0 0 0 0 0 0 0 0 0 0
 0 1 1 0]
2025-12-21 17:39:14,959 - [DEBUG] - y_rrl_: (1447,) [0 0 0 0 0 1 0 0 0 0 0 0 0 0 0 0 0 0 0 0 0 0 0 0 1 1 0 0 0 0 0 0 0 0 0 0 0
 0 0 0 0]
2025-12-21 17:39:14,959 - [DEBUG] - y_rrl: (1447, 2) [[ 1.0583032  -0.84719217]
 [ 0.5205431  -0.27811632]
 [ 1.7004614  -1.4565841 ]
 [ 1.7004614  -1.4565841 ]
 [ 1.356552   -1.189118  ]
 [-0.14987339  0.28985444]
 [ 1.4022126  -1.1146582 ]
 [ 1.7004614  -1.4565841 ]
 [ 1.7004614  -1.4565841 ]
 [ 0.49228472 -0.3195375 ]
 [ 0.19403599  0.02238841]
 [ 1.4022126  -1.1146582 ]
 [ 1.0583032  -0.84719217]
 [ 1.7004614  -1.4565841 ]
 [ 1.356552   -1.189118  ]
 [ 1.7004614  -1.4565841 ]
 [ 1.7004614  -1.4565841 ]
 [ 0.19403599  0.02238841]
 [ 1.356552   -1.189118  ]
 [ 1.356552   -1.189118  ]
 [ 1.356552   -1.189118  ]
 [ 1.7004614  -1.4565841 ]
 [ 1.0583032  -0.84719217]
 [ 1.6548133  -1.4201485 ]
 [-0.34885263  0.35044065]
 [-0.14987339  0.28985444]
 [ 1.4022126  -1.1146582 ]
 [ 1.356552   -1.189118  ]
 [ 1.7004614  -1.4565841 ]
 [ 1.6548133  -1.4201485 ]
 [ 1.4022126  -1.1146582 ]
 [ 1.356552   -1.189118  ]
 [ 0.19403599  0.02238841]
 [ 0.19403599  0.02238841]
 [ 1.0583032  -0.84719217]
 [ 1.7004614  -1.4565841 ]
 [ 1.4022126  -1.1146582 ]
 [ 1.356552   -1.189118  ]
 [ 0.19403599  0.02238841]
 [ 0.36684787 -0.21118236]
 [ 1.7004614  -1.4565841 ]]
2025-12-21 17:39:14,961 - [INFO] - ------------------------------------------------------------
2025-12-21 17:39:14,961 - [INFO] - On Validation Set:
	Accuracy of RRL  Model: 0.8997926744989634
	F1 Score of RRL  Model: 0.6448226186788278
2025-12-21 17:39:14,967 - [INFO] - On Validation Set:
Performance of  RRL Model: 
[[1264   22]
 [ 123   38]]
              precision    recall  f1-score   support

           0       0.91      0.98      0.95      1286
           1       0.63      0.24      0.34       161

    accuracy                           0.90      1447
   macro avg       0.77      0.61      0.64      1447
weighted avg       0.88      0.90      0.88      1447

2025-12-21 17:39:14,967 - [INFO] - ------------------------------------------------------------
2025-12-21 17:39:15,603 - [INFO] - epoch: 1, loss_rrl: 229.34324898105115
2025-12-21 17:39:16,582 - [DEBUG] - y_true: (1447,) [0 0 0 0 0 1 0 0 0 0 0 0 0 0 0 0 0 1 0 0 0 0 0 0 1 0 0 0 0 0 0 0 0 0 0 0 0
 0 1 1 0]
2025-12-21 17:39:16,859 - [DEBUG] - y_rrl_: (1447,) [0 0 0 0 0 1 0 0 0 0 0 0 0 0 0 0 0 1 0 0 0 0 0 0 1 0 0 0 0 0 0 0 0 1 0 0 0
 0 1 0 0]
2025-12-21 17:39:16,859 - [DEBUG] - y_rrl: (1447, 2) [[ 1.2714139  -1.0253469 ]
 [ 0.23848625 -0.0140825 ]
 [ 1.5718437  -1.3459578 ]
 [ 1.6845487  -1.4822009 ]
 [ 1.2714139  -1.0253469 ]
 [-0.02902268  0.10767772]
 [ 1.812517   -1.5137109 ]
 [ 1.5718437  -1.3459578 ]
 [ 1.699812   -1.3774678 ]
 [ 0.39937532 -0.24444309]
 [ 0.20968573  0.08524706]
 [ 1.3821542  -1.0162675 ]
 [ 1.2714139  -1.0253469 ]
 [ 1.6845487  -1.4822009 ]
 [ 1.3841189  -1.1615901 ]
 [ 1.699812   -1.3774678 ]
 [ 1.699812   -1.3774678 ]
 [ 0.08171757  0.11675709]
 [ 1.1434458  -0.9938369 ]
 [ 1.2561508  -1.13008   ]
 [ 1.2561508  -1.13008   ]
 [ 1.812517   -1.5137109 ]
 [ 1.3841189  -1.1615901 ]
 [ 1.5895296  -1.3963758 ]
 [-0.71644264  0.6217603 ]
 [ 0.09894551  0.07616773]
 [ 1.3821542  -1.0162675 ]
 [ 1.2561508  -1.13008   ]
 [ 1.699812   -1.3774678 ]
 [ 1.717498   -1.4278859 ]
 [ 1.254186   -0.98475754]
 [ 1.2561508  -1.13008   ]
 [ 0.20968573  0.08524706]
 [ 0.08171757  0.11675709]
 [ 1.2714139  -1.0253469 ]
 [ 1.6845487  -1.4822009 ]
 [ 1.699812   -1.3774678 ]
 [ 1.2561508  -1.13008   ]
 [ 0.08171757  0.11675709]
 [ 0.14253776  0.01297345]
 [ 1.5718437  -1.3459578 ]]
2025-12-21 17:39:16,862 - [INFO] - ------------------------------------------------------------
2025-12-21 17:39:16,862 - [INFO] - On Validation Set:
	Accuracy of RRL  Model: 0.9011748445058743
	F1 Score of RRL  Model: 0.696803499080539
2025-12-21 17:39:16,868 - [INFO] - On Validation Set:
Performance of  RRL Model: 
[[1246   40]
 [ 103   58]]
              precision    recall  f1-score   support

           0       0.92      0.97      0.95      1286
           1       0.59      0.36      0.45       161

    accuracy                           0.90      1447
   macro avg       0.76      0.66      0.70      1447
weighted avg       0.89      0.90      0.89      1447

2025-12-21 17:39:16,868 - [INFO] - ------------------------------------------------------------
2025-12-21 17:39:18,397 - [DEBUG] - y_true: (1447,) [0 0 0 0 0 1 0 0 0 0 0 0 0 0 0 0 0 1 0 0 0 0 0 0 1 0 0 0 0 0 0 0 0 0 0 0 0
 0 1 1 0]
2025-12-21 17:39:18,674 - [DEBUG] - y_rrl_: (1447,) [0 0 0 0 0 0 0 0 0 0 0 0 0 0 0 0 0 0 0 0 0 0 0 0 1 0 0 0 0 0 0 0 0 0 0 0 0
 0 0 0 0]
2025-12-21 17:39:18,674 - [DEBUG] - y_rrl: (1447, 2) [[ 1.310893   -1.0651605 ]
 [ 0.26253724 -0.03846582]
 [ 1.6744816  -1.4723195 ]
 [ 1.6744816  -1.4723195 ]
 [ 1.0053229  -0.71616155]
 [ 0.0672067   0.01146204]
 [ 1.7201906  -1.3983468 ]
 [ 1.6744816  -1.4723195 ]
 [ 1.8261502  -1.5277082 ]
 [ 0.5824638  -0.45108566]
 [ 0.3226027  -0.02811413]
 [ 1.4146205  -1.0493479 ]
 [ 1.310893   -1.0651605 ]
 [ 1.5685221  -1.3429581 ]
 [ 1.310893   -1.0651605 ]
 [ 1.7201906  -1.3983468 ]
 [ 1.8261502  -1.5277082 ]
 [ 0.17093416  0.02727468]
 [ 1.1592245  -1.0097717 ]
 [ 1.1592245  -1.0097717 ]
 [ 1.1592245  -1.0097717 ]
 [ 1.7201906  -1.3983468 ]
 [ 1.310893   -1.0651605 ]
 [ 1.1592245  -1.0097717 ]
 [-0.69882977  0.60460997]
 [ 0.21887524 -0.0439268 ]
 [ 1.4146205  -1.0493479 ]
 [ 1.1592245  -1.0097717 ]
 [ 1.7201906  -1.3983468 ]
 [ 1.7313476  -1.4420799 ]
 [ 1.262952   -0.99395907]
 [ 1.1592245  -1.0097717 ]
 [ 0.3226027  -0.02811413]
 [ 0.17093416  0.02727468]
 [ 1.310893   -1.0651605 ]
 [ 1.6744816  -1.4723195 ]
 [ 1.7201906  -1.3983468 ]
 [ 1.1592245  -1.0097717 ]
 [ 0.17093416  0.02727468]
 [ 0.1285754   0.02688432]
 [ 1.6744816  -1.4723195 ]]
2025-12-21 17:39:18,676 - [INFO] - ------------------------------------------------------------
2025-12-21 17:39:18,677 - [INFO] - On Validation Set:
	Accuracy of RRL  Model: 0.9032480995162405
	F1 Score of RRL  Model: 0.6719798440374103
2025-12-21 17:39:18,684 - [INFO] - On Validation Set:
Performance of  RRL Model: 
[[1261   25]
 [ 115   46]]
              precision    recall  f1-score   support

           0       0.92      0.98      0.95      1286
           1       0.65      0.29      0.40       161

    accuracy                           0.90      1447
   macro avg       0.78      0.63      0.67      1447
weighted avg       0.89      0.90      0.89      1447

2025-12-21 17:39:18,684 - [INFO] - ------------------------------------------------------------
2025-12-21 17:39:18,911 - [INFO] - epoch: 2, loss_rrl: 221.77047650516033
2025-12-21 17:39:20,201 - [DEBUG] - y_true: (1447,) [0 0 0 0 0 1 0 0 0 0 0 0 0 0 0 0 0 1 0 0 0 0 0 0 1 0 0 0 0 0 0 0 0 0 0 0 0
 0 1 1 0]
2025-12-21 17:39:20,477 - [DEBUG] - y_rrl_: (1447,) [0 0 0 0 0 0 0 0 0 0 0 0 0 0 0 0 0 0 0 0 0 0 0 0 1 0 0 0 0 0 0 0 1 1 0 0 0
 0 0 0 0]
2025-12-21 17:39:20,477 - [DEBUG] - y_rrl: (1447, 2) [[ 1.3394535  -1.094065  ]
 [ 0.25626656 -0.03251955]
 [ 1.6952075  -1.4932547 ]
 [ 1.6952075  -1.4932547 ]
 [ 1.3394535  -1.094065  ]
 [ 0.08431044 -0.00563419]
 [ 1.7494712  -1.4281383 ]
 [ 1.6952075  -1.4932547 ]
 [ 1.8553104  -1.5572625 ]
 [ 0.6001675  -0.4688318 ]
 [ 0.34329516 -0.04925534]
 [ 1.4383352  -1.0736781 ]
 [ 1.3394535  -1.094065  ]
 [ 1.3012168  -1.1427695 ]
 [ 1.3394535  -1.094065  ]
 [ 1.4613198  -1.2067773 ]
 [ 1.8553104  -1.5572625 ]
 [ 0.18319222  0.0147526 ]
 [ 1.1793505  -1.030057  ]
 [ 1.1793505  -1.030057  ]
 [ 1.1793505  -1.030057  ]
 [ 1.4613198  -1.2067773 ]
 [ 1.3394535  -1.094065  ]
 [ 1.467502   -1.2514179 ]
 [-0.77831364  0.6846682 ]
 [ 0.24441335 -0.06964213]
 [ 1.1501838  -0.85231733]
 [ 1.1793505  -1.030057  ]
 [ 1.4613198  -1.2067773 ]
 [ 1.7334441  -1.4445502 ]
 [ 1.2782322  -1.0096703 ]
 [ 1.1793505  -1.030057  ]
 [ 0.05514368  0.17210555]
 [-0.10495925  0.23611349]
 [ 1.3394535  -1.094065  ]
 [ 1.6952075  -1.4932547 ]
 [ 1.4613198  -1.2067773 ]
 [ 1.1793505  -1.030057  ]
 [ 0.18319222  0.0147526 ]
 [ 0.27489924 -0.09475857]
 [ 1.6952075  -1.4932547 ]]
2025-12-21 17:39:20,480 - [INFO] - ------------------------------------------------------------
2025-12-21 17:39:20,480 - [INFO] - On Validation Set:
	Accuracy of RRL  Model: 0.9039391845196959
	F1 Score of RRL  Model: 0.6447122747578664
2025-12-21 17:39:20,486 - [INFO] - On Validation Set:
Performance of  RRL Model: 
[[1272   14]
 [ 125   36]]
              precision    recall  f1-score   support

           0       0.91      0.99      0.95      1286
           1       0.72      0.22      0.34       161

    accuracy                           0.90      1447
   macro avg       0.82      0.61      0.64      1447
weighted avg       0.89      0.90      0.88      1447

2025-12-21 17:39:20,486 - [INFO] - ------------------------------------------------------------
2025-12-21 17:39:21,820 - [INFO] - epoch: 3, loss_rrl: 220.8754890235141
2025-12-21 17:39:22,042 - [DEBUG] - y_true: (1447,) [0 0 0 0 0 1 0 0 0 0 0 0 0 0 0 0 0 1 0 0 0 0 0 0 1 0 0 0 0 0 0 0 0 0 0 0 0
 0 1 1 0]
2025-12-21 17:39:22,320 - [DEBUG] - y_rrl_: (1447,) [0 0 0 0 0 0 0 0 0 0 0 0 0 0 0 0 0 0 0 0 0 0 0 0 1 0 0 0 0 0 0 0 0 0 0 0 0
 0 0 0 0]
2025-12-21 17:39:22,320 - [DEBUG] - y_rrl: (1447, 2) [[ 1.2542052  -1.0091547 ]
 [ 0.3304339  -0.0110878 ]
 [ 1.785574   -1.4879335 ]
 [ 1.785574   -1.4879335 ]
 [ 1.2542052  -1.0091547 ]
 [ 0.25690177  0.03678793]
 [ 1.785574   -1.4879335 ]
 [ 1.785574   -1.4879335 ]
 [ 1.785574   -1.4879335 ]
 [ 0.78827053 -0.44199088]
 [ 0.37085775  0.04183305]
 [ 1.3681612  -1.0041096 ]
 [ 1.2542052  -1.0091547 ]
 [ 1.785574   -1.4879335 ]
 [ 1.3685529  -1.1466876 ]
 [ 1.6712265  -1.3504007 ]
 [ 1.785574   -1.4879335 ]
 [ 0.37085775  0.04183305]
 [ 1.2542052  -1.0091547 ]
 [ 1.3685529  -1.1466876 ]
 [ 1.3685529  -1.1466876 ]
 [ 1.785574   -1.4879335 ]
 [ 1.3685529  -1.1466876 ]
 [ 1.6365814  -1.3480741 ]
 [-0.653205    0.77524453]
 [ 0.25690177  0.03678793]
 [ 1.3681612  -1.0041096 ]
 [ 1.3685529  -1.1466876 ]
 [ 1.6712265  -1.3504007 ]
 [ 1.6365814  -1.3480741 ]
 [ 1.3681612  -1.0041096 ]
 [ 1.3685529  -1.1466876 ]
 [ 0.37085775  0.04183305]
 [ 0.37085775  0.04183305]
 [ 1.2542052  -1.0091547 ]
 [ 1.785574   -1.4879335 ]
 [ 1.6712265  -1.3504007 ]
 [ 1.3685529  -1.1466876 ]
 [ 0.37085775  0.04183305]
 [ 0.14041364  0.03983179]
 [ 1.785574   -1.4879335 ]]
2025-12-21 17:39:22,323 - [INFO] - ------------------------------------------------------------
2025-12-21 17:39:22,323 - [INFO] - On Validation Set:
	Accuracy of RRL  Model: 0.9060124395300622
	F1 Score of RRL  Model: 0.6538910697451915
2025-12-21 17:39:22,329 - [INFO] - On Validation Set:
Performance of  RRL Model: 
[[1273   13]
 [ 123   38]]
              precision    recall  f1-score   support

           0       0.91      0.99      0.95      1286
           1       0.75      0.24      0.36       161

    accuracy                           0.91      1447
   macro avg       0.83      0.61      0.65      1447
weighted avg       0.89      0.91      0.88      1447

2025-12-21 17:39:22,329 - [INFO] - ------------------------------------------------------------
2025-12-21 17:39:23,858 - [DEBUG] - y_true: (1447,) [0 0 0 0 0 1 0 0 0 0 0 0 0 0 0 0 0 1 0 0 0 0 0 0 1 0 0 0 0 0 0 0 0 0 0 0 0
 0 1 1 0]
2025-12-21 17:39:24,134 - [DEBUG] - y_rrl_: (1447,) [0 0 0 0 0 0 0 0 0 0 0 0 0 0 0 0 0 0 0 0 0 0 0 0 1 0 0 0 0 0 0 0 1 1 0 0 0
 0 0 0 0]
2025-12-21 17:39:24,135 - [DEBUG] - y_rrl: (1447, 2) [[ 1.2915535  -1.0468112 ]
 [ 0.23664518 -0.01348277]
 [ 1.6471585  -1.4456315 ]
 [ 1.6471585  -1.4456315 ]
 [ 1.0139904  -0.7261169 ]
 [ 0.10715328  0.09041474]
 [ 1.8033587  -1.5061092 ]
 [ 1.6471585  -1.4456315 ]
 [ 1.8033587  -1.5061092 ]
 [ 0.6189586  -0.36888328]
 [ 0.38576674  0.02625931]
 [ 1.4139665  -1.050489  ]
 [ 1.2915535  -1.0468112 ]
 [ 1.4022822  -1.2672474 ]
 [ 1.4033825  -1.1817372 ]
 [ 1.4466535  -1.1927991 ]
 [ 1.8033587  -1.5061092 ]
 [ 0.2295664   0.08673698]
 [ 1.1353532  -0.9863335 ]
 [ 1.2471823  -1.1212595 ]
 [ 1.2471823  -1.1212595 ]
 [ 1.5584825  -1.3277252 ]
 [ 1.4033825  -1.1817372 ]
 [ 1.4920584  -1.2996435 ]
 [-0.79579604  0.82247984]
 [ 0.2633536   0.02993701]
 [ 1.1690903  -0.8721048 ]
 [ 1.2471823  -1.1212595 ]
 [ 1.4466535  -1.1927991 ]
 [ 1.6482588  -1.3601213 ]
 [ 1.2577662  -0.9900113 ]
 [ 1.2471823  -1.1212595 ]
 [ 0.1408905   0.20464343]
 [-0.01530986  0.2651211 ]
 [ 1.2915535  -1.0468112 ]
 [ 1.6471585  -1.4456315 ]
 [ 1.4466535  -1.1927991 ]
 [ 1.2471823  -1.1212595 ]
 [ 0.2295664   0.08673698]
 [ 0.1674355   0.01303829]
 [ 1.6471585  -1.4456315 ]]
2025-12-21 17:39:24,137 - [INFO] - ------------------------------------------------------------
2025-12-21 17:39:24,137 - [INFO] - On Validation Set:
	Accuracy of RRL  Model: 0.9018659295093296
	F1 Score of RRL  Model: 0.6724407289793524
2025-12-21 17:39:24,143 - [INFO] - On Validation Set:
Performance of  RRL Model: 
[[1258   28]
 [ 114   47]]
              precision    recall  f1-score   support

           0       0.92      0.98      0.95      1286
           1       0.63      0.29      0.40       161

    accuracy                           0.90      1447
   macro avg       0.77      0.64      0.67      1447
weighted avg       0.88      0.90      0.89      1447

2025-12-21 17:39:24,143 - [INFO] - ------------------------------------------------------------
2025-12-21 17:39:25,013 - [INFO] - epoch: 4, loss_rrl: 222.34683931432664
2025-12-21 17:39:25,648 - [DEBUG] - y_true: (1447,) [0 0 0 0 0 1 0 0 0 0 0 0 0 0 0 0 0 1 0 0 0 0 0 0 1 0 0 0 0 0 0 0 0 0 0 0 0
 0 1 1 0]
2025-12-21 17:39:25,925 - [DEBUG] - y_rrl_: (1447,) [0 0 0 0 0 1 0 0 0 0 0 0 0 0 0 0 0 0 0 0 0 0 0 0 1 0 0 0 0 0 0 0 1 1 0 0 0
 0 0 1 0]
2025-12-21 17:39:25,925 - [DEBUG] - y_rrl: (1447, 2) [[ 1.2519512  -1.0075021 ]
 [ 0.19071686  0.03218759]
 [ 1.664672   -1.4633453 ]
 [ 1.664672   -1.4633453 ]
 [ 1.2519512  -1.0075021 ]
 [ 0.0946022   0.10276706]
 [ 1.5802191  -1.3496944 ]
 [ 1.664672   -1.4633453 ]
 [ 1.8102883  -1.5134254 ]
 [ 0.6529392  -0.40315625]
 [ 0.3432014   0.06817112]
 [ 1.3549341  -0.9920179 ]
 [ 1.2519512  -1.0075021 ]
 [ 1.4346029  -1.2996143 ]
 [ 1.4022855  -1.1808516 ]
 [ 1.4298849  -1.1763448 ]
 [ 1.8102883  -1.5134254 ]
 [ 0.19758506  0.11825124]
 [ 1.1063349  -0.95742196]
 [ 1.2566692  -1.1307715 ]
 [ 1.2566692  -1.1307715 ]
 [ 1.5802191  -1.3496944 ]
 [ 1.0972655  -0.83279383]
 [ 1.2566692  -1.1307715 ]
 [-0.866655    0.89397043]
 [ 0.24021858  0.05268688]
 [ 1.124865   -0.8282869 ]
 [ 1.2566692  -1.1307715 ]
 [ 1.4298849  -1.1763448 ]
 [ 1.6323546  -1.3445827 ]
 [ 1.2093178  -0.94193786]
 [ 1.2566692  -1.1307715 ]
 [ 0.11313224  0.23190212]
 [-0.03248408  0.28198224]
 [ 1.2519512  -1.0075021 ]
 [ 1.664672   -1.4633453 ]
 [ 1.4298849  -1.1763448 ]
 [ 1.2566692  -1.1307715 ]
 [ 0.19758506  0.11825124]
 [ 0.08809878  0.0926793 ]
 [ 1.664672   -1.4633453 ]]
2025-12-21 17:39:25,927 - [INFO] - ------------------------------------------------------------
2025-12-21 17:39:25,927 - [INFO] - On Validation Set:
	Accuracy of RRL  Model: 0.9060124395300622
	F1 Score of RRL  Model: 0.7106374469186341
2025-12-21 17:39:25,933 - [INFO] - On Validation Set:
Performance of  RRL Model: 
[[1250   36]
 [ 100   61]]
              precision    recall  f1-score   support

           0       0.93      0.97      0.95      1286
           1       0.63      0.38      0.47       161

    accuracy                           0.91      1447
   macro avg       0.78      0.68      0.71      1447
weighted avg       0.89      0.91      0.90      1447

2025-12-21 17:39:25,933 - [INFO] - ------------------------------------------------------------
2025-12-21 17:39:27,419 - [DEBUG] - y_true: (1447,) [0 0 0 0 0 1 0 0 0 0 0 0 0 0 0 0 0 1 0 0 0 0 0 0 1 0 0 0 0 0 0 0 0 0 0 0 0
 0 1 1 0]
2025-12-21 17:39:27,696 - [DEBUG] - y_rrl_: (1447,) [0 0 0 0 0 0 0 0 0 0 0 0 0 0 0 0 0 0 0 0 0 0 0 0 1 0 0 0 0 0 0 0 0 1 0 0 0
 0 0 0 0]
2025-12-21 17:39:27,696 - [DEBUG] - y_rrl: (1447, 2) [[ 1.3219316  -1.0777593 ]
 [ 0.28485578 -0.06219464]
 [ 1.1256192  -0.89358974]
 [ 1.1256192  -0.89358974]
 [ 1.0295483  -0.74242944]
 [ 0.14598945  0.05119202]
 [ 1.6550887  -1.4247833 ]
 [ 1.7203708  -1.5192376 ]
 [ 1.8703115  -1.5738245 ]
 [ 0.6943695  -0.4448733 ]
 [ 0.39487034  0.01586344]
 [ 1.4208713  -1.0585009 ]
 [ 1.3219316  -1.0777593 ]
 [ 1.5051479  -1.3701963 ]
 [ 1.4789886  -1.2577531 ]
 [ 1.4980319  -1.2447895 ]
 [ 1.8703115  -1.5738245 ]
 [ 0.24492928  0.07045039]
 [ 1.1719906  -1.0231723 ]
 [ 1.3290477  -1.2031661 ]
 [ 1.3290477  -1.2031661 ]
 [ 1.6550887  -1.4247833 ]
 [ 1.1866052  -0.9224233 ]
 [ 1.3290477  -1.2031661 ]
 [-0.8122137   0.8402196 ]
 [ 0.29593047 -0.00339492]
 [ 1.2056484  -0.90945965]
 [ 1.3290477  -1.2031661 ]
 [ 1.4980319  -1.2447895 ]
 [ 1.6942115  -1.4067943 ]
 [ 1.2709305  -1.0039139 ]
 [ 1.0366642  -0.86783636]
 [ 0.1796475   0.16490468]
 [ 0.02970645  0.21949163]
 [ 1.3219316  -1.0777593 ]
 [ 1.7203708  -1.5192376 ]
 [ 1.4980319  -1.2447895 ]
 [ 1.3290477  -1.2031661 ]
 [ 0.24492928  0.07045039]
 [ 0.16029984  0.02084472]
 [ 1.7203708  -1.5192376 ]]
2025-12-21 17:39:27,698 - [INFO] - ------------------------------------------------------------
2025-12-21 17:39:27,698 - [INFO] - On Validation Set:
	Accuracy of RRL  Model: 0.9018659295093296
	F1 Score of RRL  Model: 0.6724407289793524
2025-12-21 17:39:27,704 - [INFO] - On Validation Set:
Performance of  RRL Model: 
[[1258   28]
 [ 114   47]]
              precision    recall  f1-score   support

           0       0.92      0.98      0.95      1286
           1       0.63      0.29      0.40       161

    accuracy                           0.90      1447
   macro avg       0.77      0.64      0.67      1447
weighted avg       0.88      0.90      0.89      1447

2025-12-21 17:39:27,704 - [INFO] - ------------------------------------------------------------
2025-12-21 17:39:28,164 - [INFO] - epoch: 5, loss_rrl: 220.64266821742058
2025-12-21 17:39:29,204 - [DEBUG] - y_true: (1447,) [0 0 0 0 0 1 0 0 0 0 0 0 0 0 0 0 0 1 0 0 0 0 0 0 1 0 0 0 0 0 0 0 0 0 0 0 0
 0 1 1 0]
2025-12-21 17:39:29,481 - [DEBUG] - y_rrl_: (1447,) [0 0 0 0 0 0 0 0 0 0 0 0 0 0 0 0 0 0 0 0 0 0 0 0 1 0 0 0 0 0 0 0 0 0 0 0 0
 0 0 0 0]
2025-12-21 17:39:29,481 - [DEBUG] - y_rrl: (1447, 2) [[ 1.3224963  -1.0785939 ]
 [ 0.4168828  -0.09928466]
 [ 1.9056867  -1.6095763 ]
 [ 1.9056867  -1.6095763 ]
 [ 1.3224963  -1.0785939 ]
 [ 0.32675767 -0.03458745]
 [ 1.9056867  -1.6095763 ]
 [ 1.9056867  -1.6095763 ]
 [ 1.9056867  -1.6095763 ]
 [ 0.7185915  -0.3832612 ]
 [ 0.22586586  0.17518151]
 [ 1.412961   -1.0511335 ]
 [ 1.3224963  -1.0785939 ]
 [ 1.9056867  -1.6095763 ]
 [ 1.5029831  -1.2819418 ]
 [ 1.7251999  -1.4062284 ]
 [ 1.9056867  -1.6095763 ]
 [ 0.22586586  0.17518151]
 [ 1.3224963  -1.0785939 ]
 [ 1.5029831  -1.2819418 ]
 [ 1.5029831  -1.2819418 ]
 [ 1.9056867  -1.6095763 ]
 [ 1.1907442  -0.92684686]
 [ 1.7143303  -1.4272677 ]
 [-0.6830428   0.80695146]
 [ 0.32675767 -0.03458745]
 [ 1.412961   -1.0511335 ]
 [ 1.5029831  -1.2819418 ]
 [ 1.7251999  -1.4062284 ]
 [ 1.7143303  -1.4272677 ]
 [ 1.412961   -1.0511335 ]
 [ 1.5029831  -1.2819418 ]
 [ 0.22586586  0.17518151]
 [ 0.22586586  0.17518151]
 [ 1.3224963  -1.0785939 ]
 [ 1.9056867  -1.6095763 ]
 [ 1.7251999  -1.4062284 ]
 [ 1.5029831  -1.2819418 ]
 [ 0.5381048  -0.17991334]
 [ 0.12202488  0.05952499]
 [ 1.9056867  -1.6095763 ]]
2025-12-21 17:39:29,483 - [INFO] - ------------------------------------------------------------
2025-12-21 17:39:29,483 - [INFO] - On Validation Set:
	Accuracy of RRL  Model: 0.9053213545266068
	F1 Score of RRL  Model: 0.6528535880207266
2025-12-21 17:39:29,489 - [INFO] - On Validation Set:
Performance of  RRL Model: 
[[1272   14]
 [ 123   38]]
              precision    recall  f1-score   support

           0       0.91      0.99      0.95      1286
           1       0.73      0.24      0.36       161

    accuracy                           0.91      1447
   macro avg       0.82      0.61      0.65      1447
weighted avg       0.89      0.91      0.88      1447

2025-12-21 17:39:29,489 - [INFO] - ------------------------------------------------------------
2025-12-21 17:39:31,094 - [DEBUG] - y_true: (1447,) [0 0 0 0 0 1 0 0 0 0 0 0 0 0 0 0 0 1 0 0 0 0 0 0 1 0 0 0 0 0 0 0 0 0 0 0 0
 0 1 1 0]
2025-12-21 17:39:31,374 - [DEBUG] - y_rrl_: (1447,) [0 0 0 0 0 0 0 0 0 0 0 0 0 0 0 0 0 0 0 0 0 0 0 0 1 0 0 0 0 0 0 0 1 1 0 0 0
 0 0 1 0]
2025-12-21 17:39:31,374 - [DEBUG] - y_rrl: (1447, 2) [[ 1.2980121  -1.0543777 ]
 [ 0.41112655 -0.09394342]
 [ 1.9227881  -1.6270571 ]
 [ 1.9227881  -1.6270571 ]
 [ 1.2980121  -1.0543777 ]
 [ 0.33884925 -0.04704518]
 [ 1.7025933  -1.4727217 ]
 [ 1.9227881  -1.6270571 ]
 [ 1.9227881  -1.6270571 ]
 [ 0.7519831  -0.41710526]
 [ 0.25225353  0.1481758 ]
 [ 1.4230585  -1.061776  ]
 [ 1.2980121  -1.0543777 ]
 [ 1.7025933  -1.4727217 ]
 [ 1.4909512  -1.2701024 ]
 [ 1.5096543  -1.256997  ]
 [ 1.9227881  -1.6270571 ]
 [ 0.25225353  0.1481758 ]
 [ 1.2980121  -1.0543777 ]
 [ 1.4909512  -1.2701024 ]
 [ 1.4909512  -1.2701024 ]
 [ 1.7025933  -1.4727217 ]
 [ 1.1841606  -0.92054605]
 [ 1.4909512  -1.2701024 ]
 [-0.6719244   0.7963949 ]
 [ 0.33884925 -0.04704518]
 [ 1.2028637  -0.90744066]
 [ 1.4909512  -1.2701024 ]
 [ 1.5096543  -1.256997  ]
 [ 1.7111461  -1.4244378 ]
 [ 1.4230585  -1.061776  ]
 [ 1.4909512  -1.2701024 ]
 [ 0.03205867  0.30251116]
 [ 0.03205867  0.30251116]
 [ 1.2980121  -1.0543777 ]
 [ 1.9227881  -1.6270571 ]
 [ 1.5096543  -1.256997  ]
 [ 1.4909512  -1.2701024 ]
 [ 0.5590441  -0.20138052]
 [-0.11804841  0.27570596]
 [ 1.9227881  -1.6270571 ]]
2025-12-21 17:39:31,376 - [INFO] - ------------------------------------------------------------
2025-12-21 17:39:31,376 - [INFO] - On Validation Set:
	Accuracy of RRL  Model: 0.9053213545266068
	F1 Score of RRL  Model: 0.6751697977174599
2025-12-21 17:39:31,382 - [INFO] - On Validation Set:
Performance of  RRL Model: 
[[1264   22]
 [ 115   46]]
              precision    recall  f1-score   support

           0       0.92      0.98      0.95      1286
           1       0.68      0.29      0.40       161

    accuracy                           0.91      1447
   macro avg       0.80      0.63      0.68      1447
weighted avg       0.89      0.91      0.89      1447

2025-12-21 17:39:31,382 - [INFO] - ------------------------------------------------------------
2025-12-21 17:39:31,419 - [INFO] - epoch: 6, loss_rrl: 218.57750977948308
2025-12-21 17:39:32,878 - [DEBUG] - y_true: (1447,) [0 0 0 0 0 1 0 0 0 0 0 0 0 0 0 0 0 1 0 0 0 0 0 0 1 0 0 0 0 0 0 0 0 0 0 0 0
 0 1 1 0]
2025-12-21 17:39:33,155 - [DEBUG] - y_rrl_: (1447,) [0 0 0 0 0 0 0 0 0 0 0 0 0 0 0 0 0 0 0 0 0 0 0 0 1 0 0 0 0 0 0 0 0 0 0 0 0
 0 0 0 0]
2025-12-21 17:39:33,155 - [DEBUG] - y_rrl: (1447, 2) [[ 1.3340613e+00 -1.0906883e+00]
 [ 3.0341369e-01 -8.1443578e-02]
 [ 1.7966224e+00 -1.5960768e+00]
 [ 1.7966224e+00 -1.5960768e+00]
 [ 1.3340613e+00 -1.0906883e+00]
 [ 1.9847180e-01 -1.8362701e-03]
 [ 1.7392708e+00 -1.5096161e+00]
 [ 1.7966224e+00 -1.5960768e+00]
 [ 1.9444362e+00 -1.6490853e+00]
 [ 5.6642604e-01 -3.2680798e-01]
 [ 5.5145091e-01 -1.9431376e-01]
 [ 1.4864942e+00 -1.1257532e+00]
 [ 1.3340613e+00 -1.0906883e+00]
 [ 1.2963041e+00 -1.1187782e+00]
 [ 1.2016973e+00 -9.3836164e-01]
 [ 1.5764819e+00 -1.3241135e+00]
 [ 1.9444362e+00 -1.6490853e+00]
 [ 4.0363702e-01 -1.4130533e-01]
 [ 1.1862475e+00 -1.0376800e+00]
 [ 1.0538836e+00 -8.8535321e-01]
 [ 1.3490365e+00 -1.2231827e+00]
 [ 1.4441179e+00 -1.1717867e+00]
 [ 1.2016973e+00 -9.3836164e-01]
 [ 1.0538836e+00 -8.8535321e-01]
 [-5.0396180e-01  4.9153730e-01]
 [ 3.4628564e-01 -5.4844707e-02]
 [ 1.2813289e+00 -9.8628414e-01]
 [ 1.0538836e+00 -8.8535321e-01]
 [ 1.2813289e+00 -9.8628414e-01]
 [ 1.7020155e+00 -1.4156601e+00]
 [ 1.3386804e+00 -1.0727447e+00]
 [ 1.3490365e+00 -1.2231827e+00]
 [ 3.4628564e-01 -5.4844707e-02]
 [ 1.9847180e-01 -1.8362701e-03]
 [ 1.3340613e+00 -1.0906883e+00]
 [ 1.7966224e+00 -1.5960768e+00]
 [ 1.5764819e+00 -1.3241135e+00]
 [ 1.0538836e+00 -8.8535321e-01]
 [ 4.0363702e-01 -1.4130533e-01]
 [ 1.9637975e-01 -1.3972610e-02]
 [ 1.7966224e+00 -1.5960768e+00]]
2025-12-21 17:39:33,157 - [INFO] - ------------------------------------------------------------
2025-12-21 17:39:33,158 - [INFO] - On Validation Set:
	Accuracy of RRL  Model: 0.9004837595024188
	F1 Score of RRL  Model: 0.605966626828641
2025-12-21 17:39:33,163 - [INFO] - On Validation Set:
Performance of  RRL Model: 
[[1277    9]
 [ 135   26]]
              precision    recall  f1-score   support

           0       0.90      0.99      0.95      1286
           1       0.74      0.16      0.27       161

    accuracy                           0.90      1447
   macro avg       0.82      0.58      0.61      1447
weighted avg       0.89      0.90      0.87      1447

2025-12-21 17:39:33,164 - [INFO] - ------------------------------------------------------------
2025-12-21 17:39:34,375 - [INFO] - epoch: 7, loss_rrl: 220.40881450474262
2025-12-21 17:39:34,815 - [DEBUG] - y_true: (1447,) [0 0 0 0 0 1 0 0 0 0 0 0 0 0 0 0 0 1 0 0 0 0 0 0 1 0 0 0 0 0 0 0 0 0 0 0 0
 0 1 1 0]
2025-12-21 17:39:35,116 - [DEBUG] - y_rrl_: (1447,) [0 0 0 0 0 0 0 0 0 0 0 0 0 0 0 0 0 0 0 0 0 0 0 0 1 0 0 0 0 0 0 0 0 0 0 0 0
 0 0 0 0]
2025-12-21 17:39:35,116 - [DEBUG] - y_rrl: (1447, 2) [[ 1.1886721  -0.90405965]
 [ 0.29173636  0.06613328]
 [ 1.7248677  -1.438872  ]
 [ 1.7248677  -1.438872  ]
 [ 1.1886721  -0.90405965]
 [ 0.31719518 -0.02612172]
 [ 1.7248677  -1.438872  ]
 [ 1.9969876  -1.7020267 ]
 [ 1.9969876  -1.7020267 ]
 [ 0.74062955 -0.40666515]
 [ 0.23967007  0.15952598]
 [ 1.4960281  -1.1358356 ]
 [ 1.1886721  -0.90405965]
 [ 1.7248677  -1.438872  ]
 [ 1.3784974  -1.1165287 ]
 [ 1.5350423  -1.2264029 ]
 [ 1.9969876  -1.7020267 ]
 [ 0.23967007  0.15952598]
 [ 1.1886721  -0.90405965]
 [ 1.3784974  -1.1165287 ]
 [ 1.3784974  -1.1165287 ]
 [ 1.7248677  -1.438872  ]
 [ 1.0673634  -0.7628067 ]
 [ 1.3784974  -1.1165287 ]
 [-0.6818849   0.80752385]
 [ 0.31719518 -0.02612172]
 [ 1.2239082  -0.8726809 ]
 [ 1.3784974  -1.1165287 ]
 [ 1.5350423  -1.2264029 ]
 [ 1.6121064  -1.284603  ]
 [ 1.4960281  -1.1358356 ]
 [ 1.3784974  -1.1165287 ]
 [ 0.23967007  0.15952598]
 [ 0.23967007  0.15952598]
 [ 1.1886721  -0.90405965]
 [ 1.9969876  -1.7020267 ]
 [ 1.5350423  -1.2264029 ]
 [ 1.3784974  -1.1165287 ]
 [ 0.23967007  0.15952598]
 [ 0.22228062 -0.03944124]
 [ 1.9969876  -1.7020267 ]]
2025-12-21 17:39:35,118 - [INFO] - ------------------------------------------------------------
2025-12-21 17:39:35,118 - [INFO] - On Validation Set:
	Accuracy of RRL  Model: 0.9080856945404284
	F1 Score of RRL  Model: 0.6742166088571317
2025-12-21 17:39:35,124 - [INFO] - On Validation Set:
Performance of  RRL Model: 
[[1270   16]
 [ 117   44]]
              precision    recall  f1-score   support

           0       0.92      0.99      0.95      1286
           1       0.73      0.27      0.40       161

    accuracy                           0.91      1447
   macro avg       0.82      0.63      0.67      1447
weighted avg       0.90      0.91      0.89      1447

2025-12-21 17:39:35,124 - [INFO] - ------------------------------------------------------------
2025-12-21 17:39:36,727 - [DEBUG] - y_true: (1447,) [0 0 0 0 0 1 0 0 0 0 0 0 0 0 0 0 0 1 0 0 0 0 0 0 1 0 0 0 0 0 0 0 0 0 0 0 0
 0 1 1 0]
2025-12-21 17:39:37,028 - [DEBUG] - y_rrl_: (1447,) [0 0 0 0 0 0 0 0 0 0 0 0 0 0 0 0 0 0 0 0 0 0 0 0 1 0 0 0 0 0 0 0 0 0 0 0 0
 0 0 0 0]
2025-12-21 17:39:37,029 - [DEBUG] - y_rrl: (1447, 2) [[ 1.2694924  -1.0266504 ]
 [ 0.25881237 -0.03729364]
 [ 1.5129112  -1.3217005 ]
 [ 1.5129112  -1.3217005 ]
 [ 1.4392096  -1.218944  ]
 [ 0.11029194  0.08598132]
 [ 1.6586089  -1.3729625 ]
 [ 1.810437   -1.6102957 ]
 [ 1.9561348  -1.6615576 ]
 [ 0.49940854 -0.2603307 ]
 [ 0.47538906 -0.11929914]
 [ 1.505015   -1.1453612 ]
 [ 1.2694924  -1.0266504 ]
 [ 1.5129112  -1.3217005 ]
 [ 1.4392096  -1.218944  ]
 [ 1.4888917  -1.1806688 ]
 [ 1.9561348  -1.6615576 ]
 [ 0.3296913  -0.06803714]
 [ 1.1237946  -0.97538835]
 [ 1.2935119  -1.167682  ]
 [ 1.2935119  -1.167682  ]
 [ 1.6586089  -1.3729625 ]
 [ 1.157807   -0.8950411 ]
 [ 1.2935119  -1.167682  ]
 [-0.565518    0.55480903]
 [ 0.25598973  0.03471933]
 [ 1.3772063  -1.0490596 ]
 [ 1.2935119  -1.167682  ]
 [ 1.4888917  -1.1806688 ]
 [ 1.6586089  -1.3729625 ]
 [ 1.3593172  -1.0940993 ]
 [ 1.2935119  -1.167682  ]
 [ 0.47538906 -0.11929914]
 [ 0.3296913  -0.06803714]
 [ 1.2694924  -1.0266504 ]
 [ 1.810437   -1.6102957 ]
 [ 1.4888917  -1.1806688 ]
 [ 1.2935119  -1.167682  ]
 [ 0.3296913  -0.06803714]
 [ 0.24562542 -0.06234147]
 [ 1.810437   -1.6102957 ]]
2025-12-21 17:39:37,031 - [INFO] - ------------------------------------------------------------
2025-12-21 17:39:37,031 - [INFO] - On Validation Set:
	Accuracy of RRL  Model: 0.9011748445058743
	F1 Score of RRL  Model: 0.6141729053430418
2025-12-21 17:39:37,037 - [INFO] - On Validation Set:
Performance of  RRL Model: 
[[1276   10]
 [ 133   28]]
              precision    recall  f1-score   support

           0       0.91      0.99      0.95      1286
           1       0.74      0.17      0.28       161

    accuracy                           0.90      1447
   macro avg       0.82      0.58      0.61      1447
weighted avg       0.89      0.90      0.87      1447

2025-12-21 17:39:37,037 - [INFO] - ------------------------------------------------------------
2025-12-21 17:39:37,774 - [INFO] - epoch: 8, loss_rrl: 218.884943138808
2025-12-21 17:39:38,655 - [DEBUG] - y_true: (1447,) [0 0 0 0 0 1 0 0 0 0 0 0 0 0 0 0 0 1 0 0 0 0 0 0 1 0 0 0 0 0 0 0 0 0 0 0 0
 0 1 1 0]
2025-12-21 17:39:38,957 - [DEBUG] - y_rrl_: (1447,) [0 1 0 0 0 1 0 0 0 0 1 0 0 0 0 0 0 1 0 0 0 0 0 0 1 0 0 0 0 0 0 0 1 1 0 0 0
 0 0 0 0]
2025-12-21 17:39:38,958 - [DEBUG] - y_rrl: (1447, 2) [[ 1.0910132  -0.80711854]
 [ 0.08165419  0.18095982]
 [ 1.494611   -1.3035581 ]
 [ 1.494611   -1.3035581 ]
 [ 1.270181   -1.0087957 ]
 [ 0.06222761  0.1338658 ]
 [ 1.6262617  -1.3409605 ]
 [ 1.8234665  -1.6235222 ]
 [ 1.9551175  -1.6609246 ]
 [ 0.48076177 -0.24194267]
 [ 0.13905197  0.25893733]
 [ 1.4817567  -1.1226423 ]
 [ 1.0910132  -0.80711854]
 [ 1.494611   -1.3035581 ]
 [ 1.270181   -1.0087957 ]
 [ 1.447094   -1.1392833 ]
 [ 1.9551175  -1.6609246 ]
 [ 0.00740114  0.29633966]
 [ 0.9593623  -0.76971626]
 [ 1.13853    -0.97139335]
 [ 1.13853    -0.97139335]
 [ 1.6262617  -1.3409605 ]
 [ 0.9759879  -0.67219055]
 [ 1.13853    -0.97139335]
 [-0.91280633  0.94536996]
 [ 0.19387844  0.09646348]
 [ 1.3320689  -1.0043553 ]
 [ 1.13853    -0.97139335]
 [ 1.447094   -1.1392833 ]
 [ 1.5095472  -1.1829271 ]
 [ 1.350106   -1.0852399 ]
 [ 1.13853    -0.97139335]
 [ 0.13905197  0.25893733]
 [ 0.00740114  0.29633966]
 [ 1.0910132  -0.80711854]
 [ 1.8234665  -1.6235222 ]
 [ 1.447094   -1.1392833 ]
 [ 1.13853    -0.97139335]
 [ 0.48076177 -0.24194267]
 [ 0.2174007  -0.03367246]
 [ 1.8234665  -1.6235222 ]]
2025-12-21 17:39:38,960 - [INFO] - ------------------------------------------------------------
2025-12-21 17:39:38,960 - [INFO] - On Validation Set:
	Accuracy of RRL  Model: 0.9004837595024188
	F1 Score of RRL  Model: 0.7134842584647878
2025-12-21 17:39:38,966 - [INFO] - On Validation Set:
Performance of  RRL Model: 
[[1236   50]
 [  94   67]]
              precision    recall  f1-score   support

           0       0.93      0.96      0.94      1286
           1       0.57      0.42      0.48       161

    accuracy                           0.90      1447
   macro avg       0.75      0.69      0.71      1447
weighted avg       0.89      0.90      0.89      1447

2025-12-21 17:39:38,966 - [INFO] - ------------------------------------------------------------
2025-12-21 17:39:40,570 - [DEBUG] - y_true: (1447,) [0 0 0 0 0 1 0 0 0 0 0 0 0 0 0 0 0 1 0 0 0 0 0 0 1 0 0 0 0 0 0 0 0 0 0 0 0
 0 1 1 0]
2025-12-21 17:39:40,873 - [DEBUG] - y_rrl_: (1447,) [0 0 0 0 0 0 0 0 0 0 0 0 0 0 0 0 0 0 0 0 0 0 0 0 1 0 0 0 0 0 0 0 0 0 0 0 0
 0 0 1 0]
2025-12-21 17:39:40,874 - [DEBUG] - y_rrl: (1447, 2) [[ 1.5381739  -1.2307703 ]
 [ 0.2933435  -0.07227074]
 [ 1.0154172  -0.7940212 ]
 [ 1.0154172  -0.7940212 ]
 [ 1.476656   -1.2567911 ]
 [ 0.38175312 -0.12074588]
 [ 1.7242773  -1.4393185 ]
 [ 1.9487453  -1.7490008 ]
 [ 2.0962043  -1.8023977 ]
 [ 0.56785643 -0.32929412]
 [ 0.529212   -0.1741427 ]
 [ 1.6217517  -1.2631748 ]
 [ 1.5381739  -1.2307703 ]
 [ 1.5768183  -1.3859217 ]
 [ 1.476656   -1.2567911 ]
 [ 1.5381739  -1.2307703 ]
 [ 2.0962043  -1.8023977 ]
 [ 0.38175312 -0.12074588]
 [ 1.1430937  -0.99484605]
 [ 1.329197   -1.2033943 ]
 [ 1.329197   -1.2033943 ]
 [ 1.7242773  -1.4393185 ]
 [ 1.1883068  -0.9261164 ]
 [ 1.329197   -1.2033943 ]
 [-0.5414945   0.53250164]
 [ 0.529212   -0.1741427 ]
 [ 1.7242773  -1.4393185 ]
 [ 1.329197   -1.2033943 ]
 [ 1.5381739  -1.2307703 ]
 [ 1.7242773  -1.4393185 ]
 [ 1.4742928  -1.2097778 ]
 [ 1.0408479  -0.8727196 ]
 [ 0.529212   -0.1741427 ]
 [ 0.38175312 -0.12074588]
 [ 1.5381739  -1.2307703 ]
 [ 1.9487453  -1.7490008 ]
 [ 1.5381739  -1.2307703 ]
 [ 1.329197   -1.2033943 ]
 [ 0.38175312 -0.12074588]
 [ 0.06493342  0.09517874]
 [ 1.9487453  -1.7490008 ]]
2025-12-21 17:39:40,876 - [INFO] - ------------------------------------------------------------
2025-12-21 17:39:40,876 - [INFO] - On Validation Set:
	Accuracy of RRL  Model: 0.899101589495508
	F1 Score of RRL  Model: 0.6114964765421564
2025-12-21 17:39:40,882 - [INFO] - On Validation Set:
Performance of  RRL Model: 
[[1273   13]
 [ 133   28]]
              precision    recall  f1-score   support

           0       0.91      0.99      0.95      1286
           1       0.68      0.17      0.28       161

    accuracy                           0.90      1447
   macro avg       0.79      0.58      0.61      1447
weighted avg       0.88      0.90      0.87      1447

2025-12-21 17:39:40,882 - [INFO] - ------------------------------------------------------------
2025-12-21 17:39:41,171 - [INFO] - epoch: 9, loss_rrl: 217.43604599684477
2025-12-21 17:39:42,508 - [DEBUG] - y_true: (1447,) [0 0 0 0 0 1 0 0 0 0 0 0 0 0 0 0 0 1 0 0 0 0 0 0 1 0 0 0 0 0 0 0 0 0 0 0 0
 0 1 1 0]
2025-12-21 17:39:42,809 - [DEBUG] - y_rrl_: (1447,) [0 0 0 0 0 0 0 0 0 0 0 0 0 0 0 0 0 0 0 0 0 0 0 0 1 0 0 0 0 0 0 0 0 0 0 0 0
 0 0 0 0]
2025-12-21 17:39:42,809 - [DEBUG] - y_rrl: (1447, 2) [[ 1.5445075  -1.2375095 ]
 [ 0.30185583 -0.08100393]
 [ 1.5740784  -1.3833362 ]
 [ 1.5740784  -1.3833362 ]
 [ 1.297634   -1.0555915 ]
 [ 0.39909205 -0.13840234]
 [ 1.7202102  -1.4355923 ]
 [ 1.9555236  -1.7559822 ]
 [ 2.1016555  -1.8082383 ]
 [ 0.57479465 -0.33648506]
 [ 0.54522383 -0.19065839]
 [ 1.6316952  -1.2736574 ]
 [ 1.5445075  -1.2375095 ]
 [ 1.5740784  -1.3833362 ]
 [ 1.4733367  -1.2536743 ]
 [ 1.5445075  -1.2375095 ]
 [ 2.1016555  -1.8082383 ]
 [ 0.39909205 -0.13840234]
 [ 1.1515023  -1.0033354 ]
 [ 1.3272048  -1.2014182 ]
 [ 1.3272048  -1.2014182 ]
 [ 1.7202102  -1.4355923 ]
 [ 1.179079   -0.91717607]
 [ 1.3272048  -1.2014182 ]
 [-0.5343816   0.52625275]
 [ 0.54522383 -0.19065839]
 [ 1.2502499  -0.90101135]
 [ 1.3272048  -1.2014182 ]
 [ 1.5445075  -1.2375095 ]
 [ 1.7202102  -1.4355923 ]
 [ 1.4855633  -1.2214013 ]
 [ 1.3272048  -1.2014182 ]
 [ 0.54522383 -0.19065839]
 [ 0.39909205 -0.13840234]
 [ 1.5445075  -1.2375095 ]
 [ 1.9555236  -1.7559822 ]
 [ 1.5445075  -1.2375095 ]
 [ 1.3272048  -1.2014182 ]
 [ 0.39909205 -0.13840234]
 [ 0.38970602 -0.20508721]
 [ 1.9555236  -1.7559822 ]]
2025-12-21 17:39:42,811 - [INFO] - ------------------------------------------------------------
2025-12-21 17:39:42,812 - [INFO] - On Validation Set:
	Accuracy of RRL  Model: 0.899101589495508
	F1 Score of RRL  Model: 0.5966743031691486
2025-12-21 17:39:42,817 - [INFO] - On Validation Set:
Performance of  RRL Model: 
[[1277    9]
 [ 137   24]]
              precision    recall  f1-score   support

           0       0.90      0.99      0.95      1286
           1       0.73      0.15      0.25       161

    accuracy                           0.90      1447
   macro avg       0.82      0.57      0.60      1447
weighted avg       0.88      0.90      0.87      1447

2025-12-21 17:39:42,817 - [INFO] - ------------------------------------------------------------
2025-12-21 17:39:44,235 - [INFO] - epoch: 10, loss_rrl: 217.4399740928784
2025-12-21 17:39:44,423 - [DEBUG] - y_true: (1447,) [0 0 0 0 0 1 0 0 0 0 0 0 0 0 0 0 0 1 0 0 0 0 0 0 1 0 0 0 0 0 0 0 0 0 0 0 0
 0 1 1 0]
2025-12-21 17:39:44,724 - [DEBUG] - y_rrl_: (1447,) [0 0 0 0 0 0 0 0 0 0 0 0 0 0 0 0 0 1 0 0 0 0 0 0 1 0 0 0 0 0 0 0 0 1 0 0 0
 0 0 0 0]
2025-12-21 17:39:44,725 - [DEBUG] - y_rrl: (1447, 2) [[ 1.5062138  -1.1996286 ]
 [ 0.2505793  -0.02995351]
 [ 1.5452756  -1.3546915 ]
 [ 1.5452756  -1.3546915 ]
 [ 1.2424145  -1.0006466 ]
 [ 0.3632111  -0.10284099]
 [ 1.6923023  -1.4080312 ]
 [ 1.9742631  -1.774931  ]
 [ 2.1212895  -1.8282707 ]
 [ 0.5492996  -0.31124356]
 [ 0.21596278  0.18025061]
 [ 1.6409262  -1.2834368 ]
 [ 1.5062138  -1.1996286 ]
 [ 1.5452756  -1.3546915 ]
 [ 1.6923023  -1.4080312 ]
 [ 1.5062138  -1.1996286 ]
 [ 2.1212895  -1.8282707 ]
 [ 0.06893618  0.23359028]
 [ 1.0953878  -0.947307  ]
 [ 1.5452756  -1.3546915 ]
 [ 1.5452756  -1.3546915 ]
 [ 1.6923023  -1.4080312 ]
 [ 1.3980274  -1.0716    ]
 [ 1.5452756  -1.3546915 ]
 [-0.905679    0.94054985]
 [ 0.5102377  -0.15618065]
 [ 1.5062138  -1.1996286 ]
 [ 1.5452756  -1.3546915 ]
 [ 1.5062138  -1.1996286 ]
 [ 1.6923023  -1.4080312 ]
 [ 1.4938997  -1.230097  ]
 [ 1.5452756  -1.3546915 ]
 [ 0.21596278  0.18025061]
 [ 0.06893618  0.23359028]
 [ 1.5062138  -1.1996286 ]
 [ 1.9742631  -1.774931  ]
 [ 1.5062138  -1.1996286 ]
 [ 1.5452756  -1.3546915 ]
 [ 0.3632111  -0.10284099]
 [ 0.37957639 -0.19453725]
 [ 1.9742631  -1.774931  ]]
2025-12-21 17:39:44,727 - [INFO] - ------------------------------------------------------------
2025-12-21 17:39:44,727 - [INFO] - On Validation Set:
	Accuracy of RRL  Model: 0.9004837595024188
	F1 Score of RRL  Model: 0.6487295678912446
2025-12-21 17:39:44,733 - [INFO] - On Validation Set:
Performance of  RRL Model: 
[[1264   22]
 [ 122   39]]
              precision    recall  f1-score   support

           0       0.91      0.98      0.95      1286
           1       0.64      0.24      0.35       161

    accuracy                           0.90      1447
   macro avg       0.78      0.61      0.65      1447
weighted avg       0.88      0.90      0.88      1447

2025-12-21 17:39:44,733 - [INFO] - ------------------------------------------------------------
2025-12-21 17:39:46,335 - [DEBUG] - y_true: (1447,) [0 0 0 0 0 1 0 0 0 0 0 0 0 0 0 0 0 1 0 0 0 0 0 0 1 0 0 0 0 0 0 0 0 0 0 0 0
 0 1 1 0]
2025-12-21 17:39:46,634 - [DEBUG] - y_rrl_: (1447,) [0 0 0 0 0 1 0 0 0 0 0 0 0 0 0 0 0 0 0 0 0 0 0 0 1 0 0 0 0 0 0 0 0 0 0 0 0
 0 0 0 0]
2025-12-21 17:39:46,634 - [DEBUG] - y_rrl: (1447, 2) [[ 1.2190957  -0.9776008 ]
 [ 0.23582822 -0.01542828]
 [ 0.91799855 -0.69723696]
 [ 1.47004    -1.2796123 ]
 [ 0.6670544  -0.39522544]
 [ 0.05409938  0.14127335]
 [ 1.4673043  -1.1611283 ]
 [ 1.8868012  -1.6876787 ]
 [ 2.040125   -1.7475005 ]
 [ 0.4583673  -0.22055998]
 [ 0.4556317  -0.10207591]
 [ 1.0541219  -0.666844  ]
 [ 0.6670544  -0.39522544]
 [ 0.7619393  -0.5189311 ]
 [ 1.4673043  -1.1611283 ]
 [ 1.4673043  -1.1611283 ]
 [ 2.040125   -1.7475005 ]
 [ 0.30230796 -0.04225413]
 [ 1.065772   -0.91777897]
 [ 1.3139806  -1.1013064 ]
 [ 1.3139806  -1.1013064 ]
 [ 0.91526294 -0.57875293]
 [ 0.6373605  -0.2587776 ]
 [ 1.3139806  -1.1013064 ]
 [-0.64074206  0.63430315]
 [ 0.20742312  0.08145156]
 [ 1.1894019  -0.84115297]
 [ 1.3139806  -1.1013064 ]
 [ 0.91526294 -0.57875293]
 [ 1.6233637  -1.3394341 ]
 [ 1.4528395  -1.1893975 ]
 [ 0.7619393  -0.5189311 ]
 [ 0.4556317  -0.10207591]
 [ 0.30230796 -0.04225413]
 [ 0.6670544  -0.39522544]
 [ 1.8868012  -1.6876787 ]
 [ 0.91526294 -0.57875293]
 [ 1.3139806  -1.1013064 ]
 [ 0.30230796 -0.04225413]
 [ 0.3592804  -0.17381415]
 [ 1.8868012  -1.6876787 ]]
2025-12-21 17:39:46,636 - [INFO] - ------------------------------------------------------------
2025-12-21 17:39:46,636 - [INFO] - On Validation Set:
	Accuracy of RRL  Model: 0.902557014512785
	F1 Score of RRL  Model: 0.6683312931904746
2025-12-21 17:39:46,642 - [INFO] - On Validation Set:
Performance of  RRL Model: 
[[1261   25]
 [ 116   45]]
              precision    recall  f1-score   support

           0       0.92      0.98      0.95      1286
           1       0.64      0.28      0.39       161

    accuracy                           0.90      1447
   macro avg       0.78      0.63      0.67      1447
weighted avg       0.89      0.90      0.89      1447

2025-12-21 17:39:46,642 - [INFO] - ------------------------------------------------------------
2025-12-21 17:39:47,611 - [INFO] - epoch: 11, loss_rrl: 217.84125733561814
2025-12-21 17:39:48,316 - [DEBUG] - y_true: (1447,) [0 0 0 0 0 1 0 0 0 0 0 0 0 0 0 0 0 1 0 0 0 0 0 0 1 0 0 0 0 0 0 0 0 0 0 0 0
 0 1 1 0]
2025-12-21 17:39:48,619 - [DEBUG] - y_rrl_: (1447,) [0 0 0 0 0 1 0 0 0 0 0 0 0 0 0 0 0 0 0 0 0 0 0 0 1 0 0 0 0 0 0 0 0 0 0 0 0
 0 0 0 0]
2025-12-21 17:39:48,620 - [DEBUG] - y_rrl: (1447, 2) [[ 1.1540501  -0.9860866 ]
 [ 0.16889095 -0.02197265]
 [ 1.4665396  -1.3495207 ]
 [ 1.4665396  -1.3495207 ]
 [ 1.1540501  -0.9860866 ]
 [ 0.02932715  0.09261084]
 [ 1.4282892  -1.1957784 ]
 [ 1.8919528  -1.7662923 ]
 [ 2.0314572  -1.8124809 ]
 [ 0.48132122 -0.3170118 ]
 [ 0.44307077 -0.16326937]
 [ 1.542998   -1.2598549 ]
 [ 1.1540501  -0.9860866 ]
 [ 1.2887847  -1.1495898 ]
 [ 1.4282892  -1.1957784 ]
 [ 1.4282892  -1.1957784 ]
 [ 2.0314572  -1.8124809 ]
 [ 0.30356622 -0.11708089]
 [ 1.0145457  -0.93989813]
 [ 1.2887847  -1.1495898 ]
 [ 1.2887847  -1.1495898 ]
 [ 1.4282892  -1.1957784 ]
 [ 1.117585   -0.84308326]
 [ 1.2887847  -1.1495898 ]
 [-0.45435166  0.44865137]
 [ 0.1688317   0.04642237]
 [ 1.4282892  -1.1957784 ]
 [ 1.2887847  -1.1495898 ]
 [ 1.4282892  -1.1957784 ]
 [ 1.6060443  -1.3957093 ]
 [ 1.4034935  -1.2136663 ]
 [ 1.2887847  -1.1495898 ]
 [ 0.44307077 -0.16326937]
 [ 0.30356622 -0.11708089]
 [ 1.1540501  -0.9860866 ]
 [ 1.8919528  -1.7662923 ]
 [ 1.4282892  -1.1957784 ]
 [ 1.2887847  -1.1495898 ]
 [ 0.30356622 -0.11708089]
 [ 0.21664613 -0.05472045]
 [ 1.8919528  -1.7662923 ]]
2025-12-21 17:39:48,622 - [INFO] - ------------------------------------------------------------
2025-12-21 17:39:48,622 - [INFO] - On Validation Set:
	Accuracy of RRL  Model: 0.9011748445058743
	F1 Score of RRL  Model: 0.6858192695166299
2025-12-21 17:39:48,628 - [INFO] - On Validation Set:
Performance of  RRL Model: 
[[1251   35]
 [ 108   53]]
              precision    recall  f1-score   support

           0       0.92      0.97      0.95      1286
           1       0.60      0.33      0.43       161

    accuracy                           0.90      1447
   macro avg       0.76      0.65      0.69      1447
weighted avg       0.89      0.90      0.89      1447

2025-12-21 17:39:48,628 - [INFO] - ------------------------------------------------------------
2025-12-21 17:39:50,219 - [DEBUG] - y_true: (1447,) [0 0 0 0 0 1 0 0 0 0 0 0 0 0 0 0 0 1 0 0 0 0 0 0 1 0 0 0 0 0 0 0 0 0 0 0 0
 0 1 1 0]
2025-12-21 17:39:50,517 - [DEBUG] - y_rrl_: (1447,) [0 0 0 0 0 0 0 0 0 0 1 0 0 0 0 0 0 1 0 0 0 0 0 0 1 0 0 0 0 0 0 0 1 1 0 0 0
 0 1 0 0]
2025-12-21 17:39:50,517 - [DEBUG] - y_rrl: (1447, 2) [[ 1.479414   -1.2471421 ]
 [ 0.20935224 -0.0624928 ]
 [ 1.369476   -1.2136247 ]
 [ 1.369476   -1.2136247 ]
 [ 1.2113869  -1.0435301 ]
 [ 0.31460482 -0.12826173]
 [ 1.9040656  -1.6632049 ]
 [ 1.9196062  -1.7939817 ]
 [ 2.0686028  -1.8498441 ]
 [ 0.4791419  -0.31490093]
 [ 0.1606933   0.16069369]
 [ 1.6011575  -1.318387  ]
 [ 1.479414   -1.2471421 ]
 [ 1.7550691  -1.6073425 ]
 [ 1.479414   -1.2471421 ]
 [ 1.9040656  -1.6632049 ]
 [ 2.0686028  -1.8498441 ]
 [ 0.01169677  0.21655618]
 [ 1.0623904  -0.9876676 ]
 [ 1.3304175  -1.1912796 ]
 [ 1.3304175  -1.1912796 ]
 [ 1.9040656  -1.6632049 ]
 [ 1.1765059  -0.9023241 ]
 [ 1.3304175  -1.1912796 ]
 [-0.7938457   0.830675  ]
 [ 0.46360135 -0.18412422]
 [ 1.6011575  -1.318387  ]
 [ 1.3304175  -1.1912796 ]
 [ 1.9040656  -1.6632049 ]
 [ 1.643951   -1.4337813 ]
 [ 1.4521611  -1.2625246 ]
 [ 1.3304175  -1.1912796 ]
 [ 0.1606933   0.16069369]
 [ 0.01169677  0.21655618]
 [ 1.479414   -1.2471421 ]
 [ 1.9196062  -1.7939817 ]
 [ 1.9040656  -1.6632049 ]
 [ 1.3304175  -1.1912796 ]
 [ 0.01169677  0.21655618]
 [ 0.21344237 -0.05126159]
 [ 1.9196062  -1.7939817 ]]
2025-12-21 17:39:50,519 - [INFO] - ------------------------------------------------------------
2025-12-21 17:39:50,520 - [INFO] - On Validation Set:
	Accuracy of RRL  Model: 0.8908085694540429
	F1 Score of RRL  Model: 0.6972482652682875
2025-12-21 17:39:50,526 - [INFO] - On Validation Set:
Performance of  RRL Model: 
[[1223   63]
 [  95   66]]
              precision    recall  f1-score   support

           0       0.93      0.95      0.94      1286
           1       0.51      0.41      0.46       161

    accuracy                           0.89      1447
   macro avg       0.72      0.68      0.70      1447
weighted avg       0.88      0.89      0.89      1447

2025-12-21 17:39:50,526 - [INFO] - ------------------------------------------------------------
2025-12-21 17:39:51,060 - [INFO] - epoch: 12, loss_rrl: 217.74617415014654
2025-12-21 17:39:52,153 - [DEBUG] - y_true: (1447,) [0 0 0 0 0 1 0 0 0 0 0 0 0 0 0 0 0 1 0 0 0 0 0 0 1 0 0 0 0 0 0 0 0 0 0 0 0
 0 1 1 0]
2025-12-21 17:39:52,452 - [DEBUG] - y_rrl_: (1447,) [0 0 0 0 0 0 0 0 0 0 0 0 0 0 0 0 0 0 0 0 0 0 0 0 1 0 0 0 0 0 0 0 0 0 0 0 0
 0 0 0 0]
2025-12-21 17:39:52,453 - [DEBUG] - y_rrl: (1447, 2) [[ 1.4031978  -1.1711997 ]
 [ 0.27036145 -0.03064624]
 [ 1.9787898  -1.7602799 ]
 [ 1.9787898  -1.7602799 ]
 [ 1.1334039  -0.9656891 ]
 [ 0.39471012 -0.1155952 ]
 [ 1.9787898  -1.7602799 ]
 [ 1.9787898  -1.7602799 ]
 [ 1.9787898  -1.7602799 ]
 [ 0.56554246 -0.30845195]
 [ 0.39471012 -0.1155952 ]
 [ 1.5020256  -1.2196623 ]
 [ 1.4031978  -1.1711997 ]
 [ 1.9787898  -1.7602799 ]
 [ 1.5740302  -1.3640563 ]
 [ 1.8079574  -1.5674231 ]
 [ 1.9787898  -1.7602799 ]
 [ 0.39471012 -0.1155952 ]
 [ 1.1334039  -0.9656891 ]
 [ 1.5740302  -1.3640563 ]
 [ 1.5740302  -1.3640563 ]
 [ 1.9787898  -1.7602799 ]
 [ 1.2680984  -1.0162956 ]
 [ 1.5740302  -1.3640563 ]
 [-0.4534023   0.54185206]
 [ 0.39471012 -0.1155952 ]
 [ 1.5020256  -1.2196623 ]
 [ 1.5740302  -1.3640563 ]
 [ 1.8079574  -1.5674231 ]
 [ 1.5740302  -1.3640563 ]
 [ 1.5020256  -1.2196623 ]
 [ 1.5740302  -1.3640563 ]
 [ 0.39471012 -0.1155952 ]
 [ 0.39471012 -0.1155952 ]
 [ 1.4031978  -1.1711997 ]
 [ 1.9787898  -1.7602799 ]
 [ 1.8079574  -1.5674231 ]
 [ 1.5740302  -1.3640563 ]
 [ 0.56554246 -0.30845195]
 [ 0.09285927  0.06953587]
 [ 1.9787898  -1.7602799 ]]
2025-12-21 17:39:52,455 - [INFO] - ------------------------------------------------------------
2025-12-21 17:39:52,455 - [INFO] - On Validation Set:
	Accuracy of RRL  Model: 0.8956461644782309
	F1 Score of RRL  Model: 0.6238705201675305
2025-12-21 17:39:52,461 - [INFO] - On Validation Set:
Performance of  RRL Model: 
[[1263   23]
 [ 128   33]]
              precision    recall  f1-score   support

           0       0.91      0.98      0.94      1286
           1       0.59      0.20      0.30       161

    accuracy                           0.90      1447
   macro avg       0.75      0.59      0.62      1447
weighted avg       0.87      0.90      0.87      1447

2025-12-21 17:39:52,461 - [INFO] - ------------------------------------------------------------
2025-12-21 17:39:54,110 - [DEBUG] - y_true: (1447,) [0 0 0 0 0 1 0 0 0 0 0 0 0 0 0 0 0 1 0 0 0 0 0 0 1 0 0 0 0 0 0 0 0 0 0 0 0
 0 1 1 0]
2025-12-21 17:39:54,411 - [DEBUG] - y_rrl_: (1447,) [0 0 0 0 0 0 0 0 0 0 1 0 0 0 0 0 0 1 0 0 0 0 0 0 1 0 0 0 0 0 0 0 1 1 0 0 0
 0 1 0 0]
2025-12-21 17:39:54,411 - [DEBUG] - y_rrl: (1447, 2) [[ 1.4354771  -1.203768  ]
 [ 0.18576299 -0.03910403]
 [ 1.4814249  -1.3644253 ]
 [ 1.4814249  -1.3644253 ]
 [ 1.1724149  -1.0048561 ]
 [ 0.294747   -0.10877167]
 [ 1.4354771  -1.203768  ]
 [ 1.8899623  -1.7644762 ]
 [ 2.0354218  -1.8171722 ]
 [ 0.48615462 -0.32212466]
 [ 0.14252721  0.17796026]
 [ 1.5463349  -1.2643914 ]
 [ 1.4354771  -1.203768  ]
 [ 1.2900172  -1.1510723 ]
 [ 1.4354771  -1.203768  ]
 [ 1.4354771  -1.203768  ]
 [ 2.0354218  -1.8171722 ]
 [-0.0029325   0.23065607]
 [ 1.026955   -0.9521604 ]
 [ 1.2900172  -1.1510723 ]
 [ 1.2900172  -1.1510723 ]
 [ 1.4354771  -1.203768  ]
 [ 1.1377976  -0.86434036]
 [ 1.2900172  -1.1510723 ]
 [-0.863937    0.9017454 ]
 [ 0.4402067  -0.16146748]
 [ 1.4354771  -1.203768  ]
 [ 1.2900172  -1.1510723 ]
 [ 1.4354771  -1.203768  ]
 [ 1.6268848  -1.417121  ]
 [ 1.4008752  -1.2116956 ]
 [ 1.2900172  -1.1510723 ]
 [ 0.14252721  0.17796026]
 [-0.0029325   0.23065607]
 [ 1.4354771  -1.203768  ]
 [ 1.8899623  -1.7644762 ]
 [ 1.4354771  -1.203768  ]
 [ 1.2900172  -1.1510723 ]
 [-0.0029325   0.23065607]
 [ 0.14154764  0.02104034]
 [ 1.8899623  -1.7644762 ]]
2025-12-21 17:39:54,413 - [INFO] - ------------------------------------------------------------
2025-12-21 17:39:54,413 - [INFO] - On Validation Set:
	Accuracy of RRL  Model: 0.8949550794747754
	F1 Score of RRL  Model: 0.6956078874237441
2025-12-21 17:39:54,420 - [INFO] - On Validation Set:
Performance of  RRL Model: 
[[1233   53]
 [  99   62]]
              precision    recall  f1-score   support

           0       0.93      0.96      0.94      1286
           1       0.54      0.39      0.45       161

    accuracy                           0.89      1447
   macro avg       0.73      0.67      0.70      1447
weighted avg       0.88      0.89      0.89      1447

2025-12-21 17:39:54,420 - [INFO] - ------------------------------------------------------------
2025-12-21 17:39:54,500 - [INFO] - epoch: 13, loss_rrl: 219.69616604410112
2025-12-21 17:39:56,019 - [DEBUG] - y_true: (1447,) [0 0 0 0 0 1 0 0 0 0 0 0 0 0 0 0 0 1 0 0 0 0 0 0 1 0 0 0 0 0 0 0 0 0 0 0 0
 0 1 1 0]
2025-12-21 17:39:56,319 - [DEBUG] - y_rrl_: (1447,) [0 0 0 0 0 0 0 0 0 0 0 0 0 0 0 0 0 0 0 0 0 0 0 0 1 0 0 0 0 0 0 0 0 0 0 0 0
 0 0 0 0]
2025-12-21 17:39:56,320 - [DEBUG] - y_rrl: (1447, 2) [[ 1.4818544  -1.2504381 ]
 [ 0.25938863 -0.11284241]
 [ 1.5101694  -1.3931991 ]
 [ 1.5101694  -1.3931991 ]
 [ 1.2439184  -1.076521  ]
 [ 0.32359943 -0.13781896]
 [ 1.4818544  -1.2504381 ]
 [ 1.8861549  -1.7607478 ]
 [ 2.0300121  -1.8120245 ]
 [ 0.49577194 -0.33185682]
 [ 0.46745694 -0.18909577]
 [ 1.561819   -1.280298  ]
 [ 1.4818544  -1.2504381 ]
 [ 1.3379968  -1.1991613 ]
 [ 1.4818544  -1.2504381 ]
 [ 1.4818544  -1.2504381 ]
 [ 2.0300121  -1.8120245 ]
 [ 0.32359943 -0.13781896]
 [ 1.1000608  -1.0252442 ]
 [ 1.3379968  -1.1991613 ]
 [ 1.3379968  -1.1991613 ]
 [ 1.4818544  -1.2504381 ]
 [ 1.1858337  -0.9127494 ]
 [ 1.3379968  -1.1991613 ]
 [-0.5383113   0.53492963]
 [ 0.46745694 -0.18909577]
 [ 1.1858337  -0.9127494 ]
 [ 1.3379968  -1.1991613 ]
 [ 1.4818544  -1.2504381 ]
 [ 1.654027   -1.444476  ]
 [ 1.4179616  -1.2290212 ]
 [ 1.3379968  -1.1991613 ]
 [ 0.46745694 -0.18909577]
 [ 0.32359943 -0.13781896]
 [ 1.4818544  -1.2504381 ]
 [ 1.8861549  -1.7607478 ]
 [ 1.4818544  -1.2504381 ]
 [ 1.3379968  -1.1991613 ]
 [ 0.32359943 -0.13781896]
 [ 0.39319316 -0.2067532 ]
 [ 1.8861549  -1.7607478 ]]
2025-12-21 17:39:56,322 - [INFO] - ------------------------------------------------------------
2025-12-21 17:39:56,322 - [INFO] - On Validation Set:
	Accuracy of RRL  Model: 0.899101589495508
	F1 Score of RRL  Model: 0.5966743031691486
2025-12-21 17:39:56,328 - [INFO] - On Validation Set:
Performance of  RRL Model: 
[[1277    9]
 [ 137   24]]
              precision    recall  f1-score   support

           0       0.90      0.99      0.95      1286
           1       0.73      0.15      0.25       161

    accuracy                           0.90      1447
   macro avg       0.82      0.57      0.60      1447
weighted avg       0.88      0.90      0.87      1447

2025-12-21 17:39:56,328 - [INFO] - ------------------------------------------------------------
2025-12-21 17:39:57,584 - [INFO] - epoch: 14, loss_rrl: 220.71841059904546
2025-12-21 17:39:57,989 - [DEBUG] - y_true: (1447,) [0 0 0 0 0 1 0 0 0 0 0 0 0 0 0 0 0 1 0 0 0 0 0 0 1 0 0 0 0 0 0 0 0 0 0 0 0
 0 1 1 0]
2025-12-21 17:39:58,291 - [DEBUG] - y_rrl_: (1447,) [0 0 0 0 0 0 0 0 0 0 0 0 0 0 0 0 0 0 0 0 0 0 0 0 1 0 0 0 0 0 0 0 0 0 0 0 0
 0 0 0 0]
2025-12-21 17:39:58,291 - [DEBUG] - y_rrl: (1447, 2) [[ 1.1955388  -1.0283079 ]
 [ 0.22203559 -0.07560548]
 [ 1.5192573  -1.4023197 ]
 [ 1.5192573  -1.4023197 ]
 [ 1.1955388  -1.0283079 ]
 [ 0.06668162  0.05501232]
 [ 1.6589773  -1.4496439 ]
 [ 1.9115231  -1.7861967 ]
 [ 2.0512428  -1.8335208 ]
 [ 0.53012    -0.36632356]
 [ 0.4672594  -0.1892826 ]
 [ 1.5488172  -1.2677226 ]
 [ 1.1955388  -1.0283079 ]
 [ 1.5192573  -1.4023197 ]
 [ 1.6589773  -1.4496439 ]
 [ 1.4563968  -1.2252789 ]
 [ 2.0512428  -1.8335208 ]
 [ 0.3275396  -0.14195856]
 [ 1.055819   -0.98098385]
 [ 1.5192573  -1.4023197 ]
 [ 1.5192573  -1.4023197 ]
 [ 1.6589773  -1.4496439 ]
 [ 1.3591318  -1.1082107 ]
 [ 1.5192573  -1.4023197 ]
 [-0.568394    0.56556296]
 [ 0.20640144  0.00768828]
 [ 1.1565514  -0.8838457 ]
 [ 1.5192573  -1.4023197 ]
 [ 1.4563968  -1.2252789 ]
 [ 1.6589773  -1.4496439 ]
 [ 1.4090974  -1.2203985 ]
 [ 1.5192573  -1.4023197 ]
 [ 0.4672594  -0.1892826 ]
 [ 0.3275396  -0.14195856]
 [ 1.1955388  -1.0283079 ]
 [ 1.9115231  -1.7861967 ]
 [ 1.4563968  -1.2252789 ]
 [ 1.5192573  -1.4023197 ]
 [ 0.3275396  -0.14195856]
 [ 0.13159451  0.03137723]
 [ 1.9115231  -1.7861967 ]]
2025-12-21 17:39:58,293 - [INFO] - ------------------------------------------------------------
2025-12-21 17:39:58,294 - [INFO] - On Validation Set:
	Accuracy of RRL  Model: 0.9018659295093296
	F1 Score of RRL  Model: 0.6417317617519878
2025-12-21 17:39:58,300 - [INFO] - On Validation Set:
Performance of  RRL Model: 
[[1269   17]
 [ 125   36]]
              precision    recall  f1-score   support

           0       0.91      0.99      0.95      1286
           1       0.68      0.22      0.34       161

    accuracy                           0.90      1447
   macro avg       0.79      0.61      0.64      1447
weighted avg       0.88      0.90      0.88      1447

2025-12-21 17:39:58,300 - [INFO] - ------------------------------------------------------------
2025-12-21 17:39:59,892 - [DEBUG] - y_true: (1447,) [0 0 0 0 0 1 0 0 0 0 0 0 0 0 0 0 0 1 0 0 0 0 0 0 1 0 0 0 0 0 0 0 0 0 0 0 0
 0 1 1 0]
2025-12-21 17:40:00,189 - [DEBUG] - y_rrl_: (1447,) [0 0 0 0 0 1 0 0 0 0 0 0 0 0 0 0 0 0 0 0 0 0 0 0 1 0 0 0 0 0 0 0 0 0 0 0 0
 0 0 0 0]
2025-12-21 17:40:00,190 - [DEBUG] - y_rrl: (1447, 2) [[ 1.2187     -1.0516326 ]
 [ 0.2579796  -0.11166707]
 [ 0.9513533  -0.8044958 ]
 [ 1.4833578  -1.3664528 ]
 [ 0.6866957  -0.48967564]
 [ 0.0595794   0.06204507]
 [ 1.6283638  -1.4192442 ]
 [ 1.8810346  -1.7557893 ]
 [ 2.0260406  -1.8085806 ]
 [ 0.46924314 -0.30556637]
 [ 0.44444302 -0.16684735]
 [ 1.0405201  -0.72989595]
 [ 0.6866957  -0.48967564]
 [ 0.9513533  -0.8044958 ]
 [ 1.6283638  -1.4192442 ]
 [ 1.4585576  -1.2277337 ]
 [ 2.0260406  -1.8085806 ]
 [ 0.29943696 -0.11405599]
 [ 1.073694   -0.9988414 ]
 [ 1.4833578  -1.3664528 ]
 [ 1.4833578  -1.3664528 ]
 [ 1.0963594  -0.85728705]
 [ 0.81264937 -0.5320698 ]
 [ 1.4833578  -1.3664528 ]
 [-0.58466375  0.58238375]
 [ 0.20458546  0.00925374]
 [ 1.1748476  -0.9025165 ]
 [ 1.4833578  -1.3664528 ]
 [ 0.92655325 -0.6657767 ]
 [ 1.6283638  -1.4192442 ]
 [ 1.4275184  -1.2390616 ]
 [ 0.9513533  -0.8044958 ]
 [ 0.44444302 -0.16684735]
 [ 0.29943696 -0.11405599]
 [ 0.6866957  -0.48967564]
 [ 1.8810346  -1.7557893 ]
 [ 0.92655325 -0.6657767 ]
 [ 1.4833578  -1.3664528 ]
 [ 0.29943696 -0.11405599]
 [ 0.39627698 -0.20955722]
 [ 1.8810346  -1.7557893 ]]
2025-12-21 17:40:00,192 - [INFO] - ------------------------------------------------------------
2025-12-21 17:40:00,192 - [INFO] - On Validation Set:
	Accuracy of RRL  Model: 0.9011748445058743
	F1 Score of RRL  Model: 0.6554331626493485
2025-12-21 17:40:00,198 - [INFO] - On Validation Set:
Performance of  RRL Model: 
[[1263   23]
 [ 120   41]]
              precision    recall  f1-score   support

           0       0.91      0.98      0.95      1286
           1       0.64      0.25      0.36       161

    accuracy                           0.90      1447
   macro avg       0.78      0.62      0.66      1447
weighted avg       0.88      0.90      0.88      1447

2025-12-21 17:40:00,198 - [INFO] - ------------------------------------------------------------
2025-12-21 17:40:00,963 - [INFO] - epoch: 15, loss_rrl: 220.02314325794578
2025-12-21 17:40:01,799 - [DEBUG] - y_true: (1447,) [0 0 0 0 0 1 0 0 0 0 0 0 0 0 0 0 0 1 0 0 0 0 0 0 1 0 0 0 0 0 0 0 0 0 0 0 0
 0 1 1 0]
2025-12-21 17:40:02,096 - [DEBUG] - y_rrl_: (1447,) [0 0 0 0 0 1 0 0 0 0 1 0 0 0 0 0 0 1 0 0 0 0 0 0 1 0 0 0 0 0 0 0 1 1 0 0 0
 0 0 1 0]
2025-12-21 17:40:02,096 - [DEBUG] - y_rrl: (1447, 2) [[ 1.1819103  -1.0150065 ]
 [ 0.21915983 -0.07296497]
 [ 1.4718775  -1.3550053 ]
 [ 1.4718775  -1.3550053 ]
 [ 1.4216694  -1.1911404 ]
 [ 0.04748328  0.07407025]
 [ 1.6019639  -1.3930581 ]
 [ 1.8549976  -1.7298331 ]
 [ 1.9850839  -1.7678859 ]
 [ 0.46753687 -0.30398116]
 [-0.12152214  0.3765362 ]
 [ 1.2659385  -1.0493158 ]
 [ 1.1819103  -1.0150065 ]
 [ 1.4718775  -1.3550053 ]
 [ 1.6019639  -1.3930581 ]
 [ 1.1819103  -1.0150065 ]
 [ 1.9850839  -1.7678859 ]
 [-0.25160855  0.414589  ]
 [ 1.051824   -0.9769538 ]
 [ 1.4718775  -1.3550053 ]
 [ 1.4718775  -1.3550053 ]
 [ 1.6019639  -1.3930581 ]
 [ 1.3028721  -1.0525393 ]
 [ 1.4718775  -1.3550053 ]
 [-0.8987696   0.93846494]
 [ 0.1775697   0.03601745]
 [ 1.4216694  -1.1911404 ]
 [ 1.4718775  -1.3550053 ]
 [ 1.1819103  -1.0150065 ]
 [ 1.6019639  -1.3930581 ]
 [ 1.1358521  -1.011263  ]
 [ 1.4718775  -1.3550053 ]
 [-0.12152214  0.3765362 ]
 [-0.25160855  0.414589  ]
 [ 1.1819103  -1.0150065 ]
 [ 1.8549976  -1.7298331 ]
 [ 1.1819103  -1.0150065 ]
 [ 1.4718775  -1.3550053 ]
 [ 0.22777775 -0.12784728]
 [-0.17111553  0.2708472 ]
 [ 1.8549976  -1.7298331 ]]
2025-12-21 17:40:02,098 - [INFO] - ------------------------------------------------------------
2025-12-21 17:40:02,098 - [INFO] - On Validation Set:
	Accuracy of RRL  Model: 0.8984105044920525
	F1 Score of RRL  Model: 0.7027264989874681
2025-12-21 17:40:02,104 - [INFO] - On Validation Set:
Performance of  RRL Model: 
[[1237   49]
 [  98   63]]
              precision    recall  f1-score   support

           0       0.93      0.96      0.94      1286
           1       0.56      0.39      0.46       161

    accuracy                           0.90      1447
   macro avg       0.74      0.68      0.70      1447
weighted avg       0.89      0.90      0.89      1447

2025-12-21 17:40:02,104 - [INFO] - ------------------------------------------------------------
2025-12-21 17:40:03,696 - [DEBUG] - y_true: (1447,) [0 0 0 0 0 1 0 0 0 0 0 0 0 0 0 0 0 1 0 0 0 0 0 0 1 0 0 0 0 0 0 0 0 0 0 0 0
 0 1 1 0]
2025-12-21 17:40:03,996 - [DEBUG] - y_rrl_: (1447,) [0 0 0 0 0 0 0 0 0 0 0 0 0 0 0 0 0 0 0 0 0 0 0 0 1 0 0 0 0 0 0 0 0 0 0 0 0
 0 0 0 0]
2025-12-21 17:40:03,997 - [DEBUG] - y_rrl: (1447, 2) [[ 1.4605188  -1.2302837 ]
 [ 0.255271   -0.10919458]
 [ 1.5004562  -1.3836182 ]
 [ 1.5004562  -1.3836182 ]
 [ 1.2230624  -1.0563221 ]
 [ 0.32772183 -0.14274496]
 [ 1.640598   -1.4319062 ]
 [ 1.8853372  -1.7602537 ]
 [ 2.025479   -1.8085417 ]
 [ 0.50780106 -0.34436744]
 [ 0.4678637  -0.191033  ]
 [ 1.55       -1.2701725 ]
 [ 1.4605188  -1.2302837 ]
 [ 1.320377   -1.1819957 ]
 [ 1.4605188  -1.2302837 ]
 [ 1.4605188  -1.2302837 ]
 [ 2.025479   -1.8085417 ]
 [ 0.32772183 -0.14274496]
 [ 1.0829206  -1.0080341 ]
 [ 1.320377   -1.1819957 ]
 [ 1.320377   -1.1819957 ]
 [ 1.4605188  -1.2302837 ]
 [ 1.1651189  -0.893537  ]
 [ 1.5004562  -1.3836182 ]
 [-0.549752    0.54857   ]
 [ 0.4678637  -0.191033  ]
 [ 1.4605188  -1.2302837 ]
 [ 1.320377   -1.1819957 ]
 [ 1.4605188  -1.2302837 ]
 [ 1.640598   -1.4319062 ]
 [ 1.4098581  -1.2218845 ]
 [ 1.320377   -1.1819957 ]
 [ 0.4678637  -0.191033  ]
 [ 0.32772183 -0.14274496]
 [ 1.4605188  -1.2302837 ]
 [ 1.8853372  -1.7602537 ]
 [ 1.4605188  -1.2302837 ]
 [ 1.320377   -1.1819957 ]
 [ 0.50780106 -0.34436744]
 [ 0.13391754  0.02963608]
 [ 1.8853372  -1.7602537 ]]
2025-12-21 17:40:03,999 - [INFO] - ------------------------------------------------------------
2025-12-21 17:40:03,999 - [INFO] - On Validation Set:
	Accuracy of RRL  Model: 0.9004837595024188
	F1 Score of RRL  Model: 0.6366857302273679
2025-12-21 17:40:04,005 - [INFO] - On Validation Set:
Performance of  RRL Model: 
[[1268   18]
 [ 126   35]]
              precision    recall  f1-score   support

           0       0.91      0.99      0.95      1286
           1       0.66      0.22      0.33       161

    accuracy                           0.90      1447
   macro avg       0.78      0.60      0.64      1447
weighted avg       0.88      0.90      0.88      1447

2025-12-21 17:40:04,005 - [INFO] - ------------------------------------------------------------
2025-12-21 17:40:04,327 - [INFO] - epoch: 16, loss_rrl: 221.45705420523882
2025-12-21 17:40:05,615 - [DEBUG] - y_true: (1447,) [0 0 0 0 0 1 0 0 0 0 0 0 0 0 0 0 0 1 0 0 0 0 0 0 1 0 0 0 0 0 0 0 0 0 0 0 0
 0 1 1 0]
2025-12-21 17:40:05,916 - [DEBUG] - y_rrl_: (1447,) [0 0 0 0 0 0 0 0 0 0 0 0 0 0 0 0 0 1 0 0 0 0 0 0 1 0 0 0 0 0 0 0 0 1 0 0 0
 0 0 0 0]
2025-12-21 17:40:05,916 - [DEBUG] - y_rrl: (1447, 2) [[ 1.2493759  -1.082796  ]
 [ 0.28017586 -0.13421655]
 [ 1.5024151  -1.3856087 ]
 [ 1.5024151  -1.3856087 ]
 [ 1.2493759  -1.082796  ]
 [ 0.1175472   0.00386408]
 [ 1.4784495  -1.2485042 ]
 [ 1.8838453  -1.758841  ]
 [ 2.0205028  -1.8038232 ]
 [ 0.5072438  -0.34393072]
 [ 0.19076195  0.12695633]
 [ 1.5673635  -1.2879539 ]
 [ 1.2493759  -1.082796  ]
 [ 1.341792   -1.203522  ]
 [ 1.4784495  -1.2485042 ]
 [ 1.4784495  -1.2485042 ]
 [ 2.0205028  -1.8038232 ]
 [ 0.05410448  0.17193854]
 [ 1.1127185  -1.0378138 ]
 [ 1.341792   -1.203522  ]
 [ 1.341792   -1.203522  ]
 [ 1.4784495  -1.2485042 ]
 [ 1.1859332  -0.91472155]
 [ 1.341792   -1.203522  ]
 [-0.8053744   0.84602123]
 [ 0.2542047  -0.04111812]
 [ 1.4784495  -1.2485042 ]
 [ 1.341792   -1.203522  ]
 [ 1.4784495  -1.2485042 ]
 [ 1.6390725  -1.4305909 ]
 [ 1.430706   -1.2429717 ]
 [ 1.341792   -1.203522  ]
 [ 0.19076195  0.12695633]
 [ 0.05410448  0.17193854]
 [ 1.2493759  -1.082796  ]
 [ 1.8838453  -1.758841  ]
 [ 1.4784495  -1.2485042 ]
 [ 1.341792   -1.203522  ]
 [ 0.3466207  -0.16184407]
 [ 0.7797253  -0.4939289 ]
 [ 1.8838453  -1.758841  ]]
2025-12-21 17:40:05,919 - [INFO] - ------------------------------------------------------------
2025-12-21 17:40:05,919 - [INFO] - On Validation Set:
	Accuracy of RRL  Model: 0.89426399447132
	F1 Score of RRL  Model: 0.5983800306578744
2025-12-21 17:40:05,925 - [INFO] - On Validation Set:
Performance of  RRL Model: 
[[1268   18]
 [ 135   26]]
              precision    recall  f1-score   support

           0       0.90      0.99      0.94      1286
           1       0.59      0.16      0.25       161

    accuracy                           0.89      1447
   macro avg       0.75      0.57      0.60      1447
weighted avg       0.87      0.89      0.87      1447

2025-12-21 17:40:05,925 - [INFO] - ------------------------------------------------------------
2025-12-21 17:40:07,432 - [INFO] - epoch: 17, loss_rrl: 221.71243402268738
2025-12-21 17:40:07,587 - [DEBUG] - y_true: (1447,) [0 0 0 0 0 1 0 0 0 0 0 0 0 0 0 0 0 1 0 0 0 0 0 0 1 0 0 0 0 0 0 0 0 0 0 0 0
 0 1 1 0]
2025-12-21 17:40:07,887 - [DEBUG] - y_rrl_: (1447,) [0 0 0 0 0 0 0 0 0 0 0 0 0 0 0 0 0 1 0 0 0 0 0 0 1 0 0 0 0 0 0 0 0 1 0 0 0
 0 0 0 0]
2025-12-21 17:40:07,887 - [DEBUG] - y_rrl: (1447, 2) [[ 1.435338   -1.205685  ]
 [ 0.2018452  -0.05600558]
 [ 1.489092   -1.3723183 ]
 [ 1.489092   -1.3723183 ]
 [ 1.435338   -1.205685  ]
 [ 0.32502306 -0.14044817]
 [ 1.435338   -1.205685  ]
 [ 1.8938102  -1.7688851 ]
 [ 2.0260758  -1.8096553 ]
 [ 0.5110428  -0.34785154]
 [ 0.15971121  0.15754445]
 [ 1.5424787  -1.2634891 ]
 [ 1.435338   -1.205685  ]
 [ 1.3030723  -1.1649148 ]
 [ 1.435338   -1.205685  ]
 [ 1.435338   -1.205685  ]
 [ 2.0260758  -1.8096553 ]
 [ 0.02744552  0.19831462]
 [ 1.0525997  -0.9776779 ]
 [ 1.3030723  -1.1649148 ]
 [ 1.3030723  -1.1649148 ]
 [ 1.435338   -1.205685  ]
 [ 1.1377605  -0.8669223 ]
 [ 1.3030723  -1.1649148 ]
 [-0.85337496  0.8945219 ]
 [ 0.45728874 -0.18121834]
 [ 1.435338   -1.205685  ]
 [ 1.3030723  -1.1649148 ]
 [ 1.435338   -1.205685  ]
 [ 1.6213578  -1.4130884 ]
 [ 1.410213   -1.222719  ]
 [ 1.3030723  -1.1649148 ]
 [ 0.15971121  0.15754445]
 [ 0.02744552  0.19831462]
 [ 1.435338   -1.205685  ]
 [ 1.8938102  -1.7688851 ]
 [ 1.435338   -1.205685  ]
 [ 1.3030723  -1.1649148 ]
 [ 0.32502306 -0.14044817]
 [ 0.13022044  0.03377472]
 [ 1.8938102  -1.7688851 ]]
2025-12-21 17:40:07,889 - [INFO] - ------------------------------------------------------------
2025-12-21 17:40:07,889 - [INFO] - On Validation Set:
	Accuracy of RRL  Model: 0.8977194194885971
	F1 Score of RRL  Model: 0.6559411348885034
2025-12-21 17:40:07,895 - [INFO] - On Validation Set:
Performance of  RRL Model: 
[[1256   30]
 [ 118   43]]
              precision    recall  f1-score   support

           0       0.91      0.98      0.94      1286
           1       0.59      0.27      0.37       161

    accuracy                           0.90      1447
   macro avg       0.75      0.62      0.66      1447
weighted avg       0.88      0.90      0.88      1447

2025-12-21 17:40:07,895 - [INFO] - ------------------------------------------------------------
2025-12-21 17:40:09,774 - [DEBUG] - y_true: (1447,) [0 0 0 0 0 1 0 0 0 0 0 0 0 0 0 0 0 1 0 0 0 0 0 0 1 0 0 0 0 0 0 0 0 0 0 0 0
 0 1 1 0]
2025-12-21 17:40:10,073 - [DEBUG] - y_rrl_: (1447,) [0 0 0 0 0 0 0 0 0 0 1 0 0 0 0 0 0 1 0 0 0 0 0 0 1 0 0 0 0 0 0 0 1 1 0 0 0
 0 1 0 0]
2025-12-21 17:40:10,074 - [DEBUG] - y_rrl: (1447, 2) [[ 1.2039298  -1.0376725 ]
 [ 0.23138286 -0.08566181]
 [ 1.4669939  -1.3502526 ]
 [ 1.4669939  -1.3502526 ]
 [ 1.2039298  -1.0376725 ]
 [ 0.07113211  0.05013575]
 [ 1.4275322  -1.1981691 ]
 [ 1.8550811  -1.7302337 ]
 [ 1.9842241  -1.768059  ]
 [ 0.46333927 -0.30026945]
 [ 0.15173496  0.16506079]
 [ 1.5434767  -1.2649035 ]
 [ 1.2039298  -1.0376725 ]
 [ 1.2983891  -1.1603439 ]
 [ 1.4275322  -1.1981691 ]
 [ 1.4275322  -1.1981691 ]
 [ 1.9842241  -1.768059  ]
 [ 0.02259196  0.20288602]
 [ 1.0747867  -0.99984735]
 [ 1.2983891  -1.1603439 ]
 [ 1.2983891  -1.1603439 ]
 [ 1.4275322  -1.1981691 ]
 [ 1.1553897  -0.8849223 ]
 [ 1.2983891  -1.1603439 ]
 [-0.8188335   0.8604768 ]
 [ 0.20027511  0.01231056]
 [ 1.4275322  -1.1981691 ]
 [ 1.2983891  -1.1603439 ]
 [ 1.4275322  -1.1981691 ]
 [ 1.596137   -1.3880777 ]
 [ 1.4143337  -1.2270783 ]
 [ 1.2983891  -1.1603439 ]
 [ 0.15173496  0.16506079]
 [ 0.02259196  0.20288602]
 [ 1.2039298  -1.0376725 ]
 [ 1.8550811  -1.7302337 ]
 [ 1.4275322  -1.1981691 ]
 [ 1.2983891  -1.1603439 ]
 [ 0.02259196  0.20288602]
 [ 0.3543923  -0.16687053]
 [ 1.8550811  -1.7302337 ]]
2025-12-21 17:40:10,076 - [INFO] - ------------------------------------------------------------
2025-12-21 17:40:10,076 - [INFO] - On Validation Set:
	Accuracy of RRL  Model: 0.8997926744989634
	F1 Score of RRL  Model: 0.6904054690139868
2025-12-21 17:40:10,082 - [INFO] - On Validation Set:
Performance of  RRL Model: 
[[1246   40]
 [ 105   56]]
              precision    recall  f1-score   support

           0       0.92      0.97      0.95      1286
           1       0.58      0.35      0.44       161

    accuracy                           0.90      1447
   macro avg       0.75      0.66      0.69      1447
weighted avg       0.88      0.90      0.89      1447

2025-12-21 17:40:10,082 - [INFO] - ------------------------------------------------------------
2025-12-21 17:40:11,144 - [INFO] - epoch: 18, loss_rrl: 221.4997877581045
2025-12-21 17:40:11,757 - [DEBUG] - y_true: (1447,) [0 0 0 0 0 1 0 0 0 0 0 0 0 0 0 0 0 1 0 0 0 0 0 0 1 0 0 0 0 0 0 0 0 0 0 0 0
 0 1 1 0]
2025-12-21 17:40:12,056 - [DEBUG] - y_rrl_: (1447,) [0 0 0 0 0 0 0 0 0 0 0 0 0 0 0 0 0 0 0 0 0 0 0 0 1 0 0 0 0 0 0 0 0 0 0 0 0
 0 0 0 0]
2025-12-21 17:40:12,057 - [DEBUG] - y_rrl: (1447, 2) [[ 1.208439   -1.042347  ]
 [ 0.23960668 -0.09400653]
 [ 1.5416087  -1.4249016 ]
 [ 1.5416087  -1.4249016 ]
 [ 1.4561114  -1.2270433 ]
 [ 0.13948125 -0.01828574]
 [ 1.4561114  -1.2270433 ]
 [ 1.9346706  -1.809902  ]
 [ 2.048267   -1.8323617 ]
 [ 0.5862477  -0.42330012]
 [ 0.50075036 -0.22544181]
 [ 1.5514687  -1.2733161 ]
 [ 1.208439   -1.042347  ]
 [ 1.3425149  -1.2045835 ]
 [ 1.4561114  -1.2270433 ]
 [ 1.4561114  -1.2270433 ]
 [ 2.048267   -1.8323617 ]
 [ 0.38715374 -0.20298204]
 [ 1.0948423  -1.0198872 ]
 [ 1.3425149  -1.2045835 ]
 [ 1.3425149  -1.2045835 ]
 [ 1.4561114  -1.2270433 ]
 [ 1.158407   -0.88831586]
 [ 1.3425149  -1.2045835 ]
 [-0.46714616  0.46826738]
 [ 0.25307786 -0.04074552]
 [ 1.4561114  -1.2270433 ]
 [ 1.3425149  -1.2045835 ]
 [ 1.4561114  -1.2270433 ]
 [ 1.6552054  -1.4473614 ]
 [ 1.4378723  -1.2508564 ]
 [ 1.3425149  -1.2045835 ]
 [ 0.50075036 -0.22544181]
 [ 0.38715374 -0.20298204]
 [ 1.208439   -1.042347  ]
 [ 1.9346706  -1.809902  ]
 [ 1.4561114  -1.2270433 ]
 [ 1.3425149  -1.2045835 ]
 [ 0.38715374 -0.20298204]
 [ 0.77971745 -0.49518722]
 [ 1.9346706  -1.809902  ]]
2025-12-21 17:40:12,059 - [INFO] - ------------------------------------------------------------
2025-12-21 17:40:12,059 - [INFO] - On Validation Set:
	Accuracy of RRL  Model: 0.8956461644782309
	F1 Score of RRL  Model: 0.5887572015531451
2025-12-21 17:40:12,065 - [INFO] - On Validation Set:
Performance of  RRL Model: 
[[1273   13]
 [ 138   23]]
              precision    recall  f1-score   support

           0       0.90      0.99      0.94      1286
           1       0.64      0.14      0.23       161

    accuracy                           0.90      1447
   macro avg       0.77      0.57      0.59      1447
weighted avg       0.87      0.90      0.86      1447

2025-12-21 17:40:12,065 - [INFO] - ------------------------------------------------------------
2025-12-21 17:40:13,777 - [DEBUG] - y_true: (1447,) [0 0 0 0 0 1 0 0 0 0 0 0 0 0 0 0 0 1 0 0 0 0 0 0 1 0 0 0 0 0 0 0 0 0 0 0 0
 0 1 1 0]
2025-12-21 17:40:14,076 - [DEBUG] - y_rrl_: (1447,) [0 0 0 0 0 0 0 0 0 0 0 0 0 0 0 0 0 0 0 0 0 0 0 0 1 0 0 0 0 0 0 0 0 0 0 0 0
 0 0 0 0]
2025-12-21 17:40:14,077 - [DEBUG] - y_rrl: (1447, 2) [[ 1.1953125  -1.0293925 ]
 [ 0.22384374 -0.07836417]
 [ 0.89659464 -0.7503556 ]
 [ 0.89659464 -0.7503556 ]
 [ 1.1953125  -1.0293925 ]
 [ 0.08201422  0.03910979]
 [ 1.4105428  -1.1817756 ]
 [ 1.8566118  -1.7319216 ]
 [ 1.9767331  -1.761093  ]
 [ 0.48130548 -0.31847978]
 [ 0.41736567 -0.14244476]
 [ 1.5192125  -1.2414846 ]
 [ 1.1953125  -1.0293925 ]
 [ 1.2904216  -1.1526042 ]
 [ 1.4105428  -1.1817756 ]
 [ 1.4105428  -1.1817756 ]
 [ 1.9767331  -1.761093  ]
 [ 0.2972445  -0.1132733 ]
 [ 1.0751914  -1.000221  ]
 [ 1.2904216  -1.1526042 ]
 [ 1.2904216  -1.1526042 ]
 [ 1.4105428  -1.1817756 ]
 [ 1.1370832  -0.8673737 ]
 [ 1.2904216  -1.1526042 ]
 [-0.52630913  0.52801716]
 [ 0.2021354   0.00993832]
 [ 1.1370832  -0.8673737 ]
 [ 1.2904216  -1.1526042 ]
 [ 1.4105428  -1.1817756 ]
 [ 1.5946038  -1.3869821 ]
 [ 1.3990912  -1.2123132 ]
 [ 1.2904216  -1.1526042 ]
 [ 0.41736567 -0.14244476]
 [ 0.2972445  -0.1132733 ]
 [ 1.1953125  -1.0293925 ]
 [ 1.8566118  -1.7319216 ]
 [ 1.4105428  -1.1817756 ]
 [ 1.2904216  -1.1526042 ]
 [ 0.2972445  -0.1132733 ]
 [ 0.33300102 -0.14512211]
 [ 1.8566118  -1.7319216 ]]
2025-12-21 17:40:14,079 - [INFO] - ------------------------------------------------------------
2025-12-21 17:40:14,079 - [INFO] - On Validation Set:
	Accuracy of RRL  Model: 0.9018659295093296
	F1 Score of RRL  Model: 0.6221404086916864
2025-12-21 17:40:14,085 - [INFO] - On Validation Set:
Performance of  RRL Model: 
[[1275   11]
 [ 131   30]]
              precision    recall  f1-score   support

           0       0.91      0.99      0.95      1286
           1       0.73      0.19      0.30       161

    accuracy                           0.90      1447
   macro avg       0.82      0.59      0.62      1447
weighted avg       0.89      0.90      0.87      1447

2025-12-21 17:40:14,085 - [INFO] - ------------------------------------------------------------
2025-12-21 17:40:14,682 - [INFO] - epoch: 19, loss_rrl: 222.33199191931635
2025-12-21 17:40:15,799 - [DEBUG] - y_true: (1447,) [0 0 0 0 0 1 0 0 0 0 0 0 0 0 0 0 0 1 0 0 0 0 0 0 1 0 0 0 0 0 0 0 0 0 0 0 0
 0 1 1 0]
2025-12-21 17:40:16,095 - [DEBUG] - y_rrl_: (1447,) [0 0 0 0 0 0 0 0 0 0 0 0 0 0 0 0 0 0 0 0 0 0 0 0 1 0 0 0 0 0 0 0 0 0 0 0 0
 0 0 1 0]
2025-12-21 17:40:16,096 - [DEBUG] - y_rrl: (1447, 2) [[ 1.1754544  -1.0097102 ]
 [ 0.21169916 -0.06634197]
 [ 1.4718757  -1.355242  ]
 [ 1.4718757  -1.355242  ]
 [ 1.3912854  -1.1628247 ]
 [ 0.07189411  0.04915732]
 [ 1.5850668  -1.3776729 ]
 [ 1.8284671  -1.7038566 ]
 [ 1.9416583  -1.7262875 ]
 [ 0.48150653 -0.31880546]
 [ 0.40091622 -0.12638819]
 [ 1.4720378  -1.194739  ]
 [ 1.1754544  -1.0097102 ]
 [ 1.4718757  -1.355242  ]
 [ 1.5850668  -1.3776729 ]
 [ 1.3912854  -1.1628247 ]
 [ 1.9416583  -1.7262875 ]
 [ 0.28772515 -0.10395724]
 [ 1.0622633  -0.9872792 ]
 [ 1.4718757  -1.355242  ]
 [ 1.4718757  -1.355242  ]
 [ 1.5850668  -1.3776729 ]
 [ 1.3092277  -1.0609728 ]
 [ 1.4718757  -1.355242  ]
 [-0.5475608   0.54985785]
 [ 0.18508518  0.02672637]
 [ 1.3912854  -1.1628247 ]
 [ 1.4718757  -1.355242  ]
 [ 1.3912854  -1.1628247 ]
 [ 1.5850668  -1.3776729 ]
 [ 1.3588467  -1.1723081 ]
 [ 1.4718757  -1.355242  ]
 [ 0.40091622 -0.12638819]
 [ 0.28772515 -0.10395724]
 [ 1.1754544  -1.0097102 ]
 [ 1.8284671  -1.7038566 ]
 [ 1.3912854  -1.1628247 ]
 [ 1.4718757  -1.355242  ]
 [ 0.48150653 -0.31880546]
 [ 0.06335522  0.10156319]
 [ 1.8284671  -1.7038566 ]]
2025-12-21 17:40:16,098 - [INFO] - ------------------------------------------------------------
2025-12-21 17:40:16,098 - [INFO] - On Validation Set:
	Accuracy of RRL  Model: 0.9004837595024188
	F1 Score of RRL  Model: 0.6366857302273679
2025-12-21 17:40:16,104 - [INFO] - On Validation Set:
Performance of  RRL Model: 
[[1268   18]
 [ 126   35]]
              precision    recall  f1-score   support

           0       0.91      0.99      0.95      1286
           1       0.66      0.22      0.33       161

    accuracy                           0.90      1447
   macro avg       0.78      0.60      0.64      1447
weighted avg       0.88      0.90      0.88      1447

2025-12-21 17:40:16,104 - [INFO] - ------------------------------------------------------------
2025-12-21 17:40:17,780 - [DEBUG] - y_true: (1447,) [0 0 0 0 0 1 0 0 0 0 0 0 0 0 0 0 0 1 0 0 0 0 0 0 1 0 0 0 0 0 0 0 0 0 0 0 0
 0 1 1 0]
2025-12-21 17:40:18,080 - [DEBUG] - y_rrl_: (1447,) [0 0 0 0 0 0 0 0 0 0 1 0 0 0 0 0 0 1 0 0 0 0 0 0 1 0 0 0 0 0 0 0 1 1 0 0 0
 0 1 0 0]
2025-12-21 17:40:18,081 - [DEBUG] - y_rrl: (1447, 2) [[ 1.4041363  -1.1759886 ]
 [ 0.2079664  -0.06273291]
 [ 0.9185988  -0.7725507 ]
 [ 0.9185988  -0.7725507 ]
 [ 1.1690589  -1.0034952 ]
 [ 0.29364496 -0.11008132]
 [ 1.4041363  -1.1759886 ]
 [ 1.8538961  -1.7293687 ]
 [ 1.9741553  -1.7590607 ]
 [ 0.50410926 -0.3415355 ]
 [ 0.1488135   0.1660969 ]
 [ 1.4986002  -1.2217362 ]
 [ 1.4041363  -1.1759886 ]
 [ 1.283877   -1.1462965 ]
 [ 1.4041363  -1.1759886 ]
 [ 1.6146007  -1.4074427 ]
 [ 1.9741553  -1.7590607 ]
 [ 0.02855425  0.19578895]
 [ 1.2592639  -1.2052573 ]
 [ 1.283877   -1.1462965 ]
 [ 1.4943414  -1.3777506 ]
 [ 1.4041363  -1.1759886 ]
 [ 1.1390456  -0.87011826]
 [ 1.283877   -1.1462965 ]
 [-0.8148592   0.8585266 ]
 [ 0.4139042  -0.13977337]
 [ 1.1390456  -0.87011826]
 [ 1.283877   -1.1462965 ]
 [ 1.4041363  -1.1759886 ]
 [ 1.6146007  -1.4074427 ]
 [ 1.3783411  -1.1920441 ]
 [ 1.283877   -1.1462965 ]
 [ 0.1488135   0.1660969 ]
 [ 0.02855425  0.19578895]
 [ 1.4041363  -1.1759886 ]
 [ 1.8538961  -1.7293687 ]
 [ 1.4041363  -1.1759886 ]
 [ 1.283877   -1.1462965 ]
 [ 0.02855425  0.19578895]
 [ 0.11979149  0.04535435]
 [ 1.8538961  -1.7293687 ]]
2025-12-21 17:40:18,083 - [INFO] - ------------------------------------------------------------
2025-12-21 17:40:18,083 - [INFO] - On Validation Set:
	Accuracy of RRL  Model: 0.8935729094678645
	F1 Score of RRL  Model: 0.6833644041786497
2025-12-21 17:40:18,089 - [INFO] - On Validation Set:
Performance of  RRL Model: 
[[1236   50]
 [ 104   57]]
              precision    recall  f1-score   support

           0       0.92      0.96      0.94      1286
           1       0.53      0.35      0.43       161

    accuracy                           0.89      1447
   macro avg       0.73      0.66      0.68      1447
weighted avg       0.88      0.89      0.88      1447

2025-12-21 17:40:18,089 - [INFO] - ------------------------------------------------------------
2025-12-21 17:40:18,215 - [INFO] - epoch: 20, loss_rrl: 222.18371460121125
2025-12-21 17:40:19,758 - [DEBUG] - y_true: (1447,) [0 0 0 0 0 1 0 0 0 0 0 0 0 0 0 0 0 1 0 0 0 0 0 0 1 0 0 0 0 0 0 0 0 0 0 0 0
 0 1 1 0]
2025-12-21 17:40:20,057 - [DEBUG] - y_rrl_: (1447,) [0 0 0 0 0 0 0 0 0 0 0 0 0 0 0 0 0 0 0 0 0 0 0 0 1 0 0 0 0 0 0 0 0 1 0 0 0
 0 0 0 0]
2025-12-21 17:40:20,057 - [DEBUG] - y_rrl: (1447, 2) [[ 1.2680249  -1.102642  ]
 [ 0.2902516  -0.14514121]
 [ 1.5254734  -1.4089266 ]
 [ 1.5254734  -1.4089266 ]
 [ 1.2680249  -1.102642  ]
 [ 0.13239744 -0.0114907 ]
 [ 1.4729576  -1.2451223 ]
 [ 1.8698249  -1.7453815 ]
 [ 2.0048902  -1.7900727 ]
 [ 0.5249114  -0.3624665 ]
 [ 0.4723955  -0.19866222]
 [ 1.8173089  -1.5815772 ]
 [ 1.2680249  -1.102642  ]
 [ 1.337892   -1.2004311 ]
 [ 1.4729576  -1.2451223 ]
 [ 1.4729576  -1.2451223 ]
 [ 2.0048902  -1.7900727 ]
 [ 0.33733    -0.15397102]
 [ 1.1329595  -1.0579509 ]
 [ 1.337892   -1.2004311 ]
 [ 1.337892   -1.2004311 ]
 [ 1.4729576  -1.2451223 ]
 [ 1.2130845  -0.9445501 ]
 [ 1.337892   -1.2004311 ]
 [-0.73568976  0.7798594 ]
 [ 0.26746294 -0.05618193]
 [ 1.2130845  -0.9445501 ]
 [ 1.337892   -1.2004311 ]
 [ 1.4729576  -1.2451223 ]
 [ 1.6605389  -1.4536178 ]
 [ 1.6822433  -1.536886  ]
 [ 1.337892   -1.2004311 ]
 [ 0.21252242  0.10191002]
 [ 0.07745692  0.14660123]
 [ 1.2680249  -1.102642  ]
 [ 1.8698249  -1.7453815 ]
 [ 1.4729576  -1.2451223 ]
 [ 1.337892   -1.2004311 ]
 [ 0.33733    -0.15397102]
 [ 0.62626    -0.47856185]
 [ 1.8698249  -1.7453815 ]]
2025-12-21 17:40:20,059 - [INFO] - ------------------------------------------------------------
2025-12-21 17:40:20,059 - [INFO] - On Validation Set:
	Accuracy of RRL  Model: 0.9060124395300622
	F1 Score of RRL  Model: 0.6597931015406744
2025-12-21 17:40:20,065 - [INFO] - On Validation Set:
Performance of  RRL Model: 
[[1271   15]
 [ 121   40]]
              precision    recall  f1-score   support

           0       0.91      0.99      0.95      1286
           1       0.73      0.25      0.37       161

    accuracy                           0.91      1447
   macro avg       0.82      0.62      0.66      1447
weighted avg       0.89      0.91      0.88      1447

2025-12-21 17:40:20,065 - [INFO] - ------------------------------------------------------------
2025-12-21 17:40:21,465 - [INFO] - epoch: 21, loss_rrl: 222.4225431298837
2025-12-21 17:40:21,813 - [DEBUG] - y_true: (1447,) [0 0 0 0 0 1 0 0 0 0 0 0 0 0 0 0 0 1 0 0 0 0 0 0 1 0 0 0 0 0 0 0 0 0 0 0 0
 0 1 1 0]
2025-12-21 17:40:22,112 - [DEBUG] - y_rrl_: (1447,) [0 1 0 0 0 0 0 0 0 0 0 0 0 0 0 0 0 0 0 0 0 0 0 0 1 0 0 0 0 0 0 0 0 0 0 0 0
 0 0 0 0]
2025-12-21 17:40:22,113 - [DEBUG] - y_rrl: (1447, 2) [[ 1.1884046  -0.92144567]
 [-0.01440062  0.19882625]
 [ 1.4914858  -1.3749851 ]
 [ 1.4914858  -1.3749851 ]
 [ 0.9499444  -0.7453053 ]
 [ 0.293848   -0.11069561]
 [ 1.6139069  -1.4072274 ]
 [ 1.8424406  -1.7180821 ]
 [ 1.9648616  -1.7503244 ]
 [ 0.50658286 -0.34426874]
 [ 0.41626903 -0.14293808]
 [ 1.7521267  -1.5167512 ]
 [ 1.1884046  -0.92144567]
 [ 1.2787511  -1.1414119 ]
 [ 1.1884046  -0.92144567]
 [ 1.4011722  -1.1736543 ]
 [ 1.9648616  -1.7503244 ]
 [ 0.293848   -0.11069561]
 [ 0.82752335 -0.7130629 ]
 [ 1.0659835  -0.8892032 ]
 [ 1.0659835  -0.8892032 ]
 [ 1.4011722  -1.1736543 ]
 [ 0.92624587 -0.6186687 ]
 [ 1.2787184  -1.1227764 ]
 [-0.5595071   0.5635663 ]
 [ 0.41626903 -0.14293808]
 [ 1.1390134  -0.8708773 ]
 [ 1.0659835  -0.8892032 ]
 [ 1.4011722  -1.1736543 ]
 [ 1.4011394  -1.1550188 ]
 [ 1.6297059  -1.4845089 ]
 [ 1.0659835  -0.8892032 ]
 [ 0.41626903 -0.14293808]
 [ 0.293848   -0.11069561]
 [ 1.1884046  -0.92144567]
 [ 1.8424406  -1.7180821 ]
 [ 1.4011722  -1.1736543 ]
 [ 1.0659835  -0.8892032 ]
 [ 0.50658286 -0.34426874]
 [ 0.3650964  -0.24012214]
 [ 1.8424406  -1.7180821 ]]
2025-12-21 17:40:22,115 - [INFO] - ------------------------------------------------------------
2025-12-21 17:40:22,115 - [INFO] - On Validation Set:
	Accuracy of RRL  Model: 0.8928818244644091
	F1 Score of RRL  Model: 0.680236495397122
2025-12-21 17:40:22,121 - [INFO] - On Validation Set:
Performance of  RRL Model: 
[[1236   50]
 [ 105   56]]
              precision    recall  f1-score   support

           0       0.92      0.96      0.94      1286
           1       0.53      0.35      0.42       161

    accuracy                           0.89      1447
   macro avg       0.73      0.65      0.68      1447
weighted avg       0.88      0.89      0.88      1447

2025-12-21 17:40:22,121 - [INFO] - ------------------------------------------------------------
2025-12-21 17:40:23,722 - [DEBUG] - y_true: (1447,) [0 0 0 0 0 1 0 0 0 0 0 0 0 0 0 0 0 1 0 0 0 0 0 0 1 0 0 0 0 0 0 0 0 0 0 0 0
 0 1 1 0]
2025-12-21 17:40:24,023 - [DEBUG] - y_rrl_: (1447,) [0 0 0 0 0 0 0 0 0 0 1 0 0 0 0 0 0 1 0 0 0 0 0 0 1 0 0 0 0 0 0 0 1 1 0 0 0
 0 0 0 0]
2025-12-21 17:40:24,024 - [DEBUG] - y_rrl: (1447, 2) [[ 1.2045262  -1.0395103 ]
 [ 0.25450188 -0.10964052]
 [ 1.8378763  -1.7136012 ]
 [ 1.8378763  -1.7136012 ]
 [ 1.2045262  -1.0395103 ]
 [ 0.07682398  0.04393564]
 [ 1.9546218  -1.7403616 ]
 [ 1.8378763  -1.7136012 ]
 [ 1.9546218  -1.7403616 ]
 [ 0.48407453 -0.3218894 ]
 [ 0.15222889  0.16124265]
 [ 1.5060306  -1.2304691 ]
 [ 1.2045262  -1.0395103 ]
 [ 1.8378763  -1.7136012 ]
 [ 1.6117768  -1.4053353 ]
 [ 1.9546218  -1.7403616 ]
 [ 1.9546218  -1.7403616 ]
 [ 0.03548333  0.18800302]
 [ 1.2861841  -1.2319161 ]
 [ 1.4950311  -1.3785748 ]
 [ 1.4950311  -1.3785748 ]
 [ 1.9546218  -1.7403616 ]
 [ 1.361589   -1.1146091 ]
 [ 1.4950311  -1.3785748 ]
 [-0.7878725   0.8330561 ]
 [ 0.19356954  0.01717527]
 [ 1.5060306  -1.2304691 ]
 [ 1.4950311  -1.3785748 ]
 [ 1.7562184  -1.5211953 ]
 [ 1.6117768  -1.4053353 ]
 [ 1.3892851  -1.2037088 ]
 [ 1.4950311  -1.3785748 ]
 [ 0.15222889  0.16124265]
 [ 0.03548333  0.18800302]
 [ 1.2045262  -1.0395103 ]
 [ 1.8378763  -1.7136012 ]
 [ 1.7562184  -1.5211953 ]
 [ 1.4950311  -1.3785748 ]
 [ 0.23388684 -0.03116323]
 [ 0.72048146 -0.43854827]
 [ 1.8378763  -1.7136012 ]]
2025-12-21 17:40:24,026 - [INFO] - ------------------------------------------------------------
2025-12-21 17:40:24,026 - [INFO] - On Validation Set:
	Accuracy of RRL  Model: 0.8956461644782309
	F1 Score of RRL  Model: 0.6556635069222829
2025-12-21 17:40:24,032 - [INFO] - On Validation Set:
Performance of  RRL Model: 
[[1252   34]
 [ 117   44]]
              precision    recall  f1-score   support

           0       0.91      0.97      0.94      1286
           1       0.56      0.27      0.37       161

    accuracy                           0.90      1447
   macro avg       0.74      0.62      0.66      1447
weighted avg       0.88      0.90      0.88      1447

2025-12-21 17:40:24,032 - [INFO] - ------------------------------------------------------------
2025-12-21 17:40:24,843 - [INFO] - epoch: 22, loss_rrl: 222.99791699275374
2025-12-21 17:40:25,636 - [DEBUG] - y_true: (1447,) [0 0 0 0 0 1 0 0 0 0 0 0 0 0 0 0 0 1 0 0 0 0 0 0 1 0 0 0 0 0 0 0 0 0 0 0 0
 0 1 1 0]
2025-12-21 17:40:25,939 - [DEBUG] - y_rrl_: (1447,) [0 0 0 0 0 0 0 0 0 0 0 0 0 0 0 0 0 0 0 0 0 0 0 0 1 0 0 0 0 0 0 0 1 1 0 0 0
 0 0 0 0]
2025-12-21 17:40:25,940 - [DEBUG] - y_rrl: (1447, 2) [[ 1.2099321  -1.0450944 ]
 [ 0.37477005 -0.14023569]
 [ 1.9997135  -1.7857248 ]
 [ 1.9997135  -1.7857248 ]
 [ 1.4381535  -1.2112585 ]
 [ 0.10047917  0.02020901]
 [ 1.9997135  -1.7857248 ]
 [ 1.9997135  -1.7857248 ]
 [ 1.9997135  -1.7857248 ]
 [ 0.5341587  -0.37210038]
 [ 0.32870054 -0.14595509]
 [ 1.7942554  -1.5595795 ]
 [ 1.2099321  -1.0450944 ]
 [ 1.9997135  -1.7857248 ]
 [ 1.6436117  -1.4374038 ]
 [ 1.7942554  -1.5595795 ]
 [ 1.9997135  -1.7857248 ]
 [ 0.32870054 -0.14595509]
 [ 1.2099321  -1.0450944 ]
 [ 1.6436117  -1.4374038 ]
 [ 1.6436117  -1.4374038 ]
 [ 1.9997135  -1.7857248 ]
 [ 1.3847263  -1.1380606 ]
 [ 1.6436117  -1.4374038 ]
 [-0.7755577   0.8212532 ]
 [ 0.10047917  0.02020901]
 [ 1.7942554  -1.5595795 ]
 [ 1.6436117  -1.4374038 ]
 [ 1.7942554  -1.5595795 ]
 [ 1.6436117  -1.4374038 ]
 [ 1.7942554  -1.5595795 ]
 [ 1.6436117  -1.4374038 ]
 [ 0.0698152   0.15338808]
 [ 0.0698152   0.15338808]
 [ 1.2099321  -1.0450944 ]
 [ 1.9997135  -1.7857248 ]
 [ 1.7942554  -1.5595795 ]
 [ 1.6436117  -1.4374038 ]
 [ 0.5341587  -0.37210038]
 [ 0.39880526 -0.27320787]
 [ 1.9997135  -1.7857248 ]]
2025-12-21 17:40:25,942 - [INFO] - ------------------------------------------------------------
2025-12-21 17:40:25,942 - [INFO] - On Validation Set:
	Accuracy of RRL  Model: 0.902557014512785
	F1 Score of RRL  Model: 0.6457772337821297
2025-12-21 17:40:25,948 - [INFO] - On Validation Set:
Performance of  RRL Model: 
[[1269   17]
 [ 124   37]]
              precision    recall  f1-score   support

           0       0.91      0.99      0.95      1286
           1       0.69      0.23      0.34       161

    accuracy                           0.90      1447
   macro avg       0.80      0.61      0.65      1447
weighted avg       0.89      0.90      0.88      1447

2025-12-21 17:40:25,948 - [INFO] - ------------------------------------------------------------
2025-12-21 17:40:27,552 - [DEBUG] - y_true: (1447,) [0 0 0 0 0 1 0 0 0 0 0 0 0 0 0 0 0 1 0 0 0 0 0 0 1 0 0 0 0 0 0 0 0 0 0 0 0
 0 1 1 0]
2025-12-21 17:40:27,854 - [DEBUG] - y_rrl_: (1447,) [0 0 0 0 0 0 0 0 0 0 1 0 0 0 0 0 0 1 0 0 0 0 0 0 1 0 0 0 0 0 0 0 1 1 0 0 0
 0 0 0 0]
2025-12-21 17:40:27,854 - [DEBUG] - y_rrl: (1447, 2) [[ 1.3943361  -1.1677463 ]
 [ 0.22649106 -0.08187921]
 [ 1.2419616  -1.0886694 ]
 [ 1.2419616  -1.0886694 ]
 [ 1.1716723  -1.0070094 ]
 [ 0.269205   -0.08666365]
 [ 1.7204357  -1.4861023 ]
 [ 1.2419616  -1.0886694 ]
 [ 1.9303931  -1.7166728 ]
 [ 0.4791623  -0.3172341 ]
 [ 0.12023404  0.1922956 ]
 [ 1.4636861  -1.1889753 ]
 [ 1.3943361  -1.1677463 ]
 [ 1.6126572  -1.4679345 ]
 [ 1.3943361  -1.1677463 ]
 [ 1.9303931  -1.7166728 ]
 [ 1.9303931  -1.7166728 ]
 [ 0.01245537  0.21046333]
 [ 1.2738508  -1.2194121 ]
 [ 0.7059045  -0.5397431 ]
 [ 1.4965147  -1.380149  ]
 [ 1.7204357  -1.4861023 ]
 [ 1.1375865  -0.87061936]
 [ 1.2865573  -1.1495786 ]
 [-0.81162894  0.8578352 ]
 [ 0.37698367 -0.10483138]
 [ 1.4636861  -1.1889753 ]
 [ 0.7059045  -0.5397431 ]
 [ 1.7204357  -1.4861023 ]
 [ 1.6042935  -1.3983167 ]
 [ 1.3559076  -1.1708075 ]
 [ 1.2865573  -1.1495786 ]
 [ 0.12023404  0.1922956 ]
 [ 0.01245537  0.21046333]
 [ 1.3943361  -1.1677463 ]
 [ 1.2419616  -1.0886694 ]
 [ 1.7204357  -1.4861023 ]
 [ 0.7059045  -0.5397431 ]
 [ 0.269205   -0.08666365]
 [ 0.0836831   0.0826124 ]
 [ 1.2419616  -1.0886694 ]]
2025-12-21 17:40:27,856 - [INFO] - ------------------------------------------------------------
2025-12-21 17:40:27,856 - [INFO] - On Validation Set:
	Accuracy of RRL  Model: 0.8963372494816862
	F1 Score of RRL  Model: 0.6915887053688147
2025-12-21 17:40:27,862 - [INFO] - On Validation Set:
Performance of  RRL Model: 
[[1238   48]
 [ 102   59]]
              precision    recall  f1-score   support

           0       0.92      0.96      0.94      1286
           1       0.55      0.37      0.44       161

    accuracy                           0.90      1447
   macro avg       0.74      0.66      0.69      1447
weighted avg       0.88      0.90      0.89      1447

2025-12-21 17:40:27,862 - [INFO] - ------------------------------------------------------------
2025-12-21 17:40:28,233 - [INFO] - epoch: 23, loss_rrl: 221.76657386310399
2025-12-21 17:40:29,472 - [DEBUG] - y_true: (1447,) [0 0 0 0 0 1 0 0 0 0 0 0 0 0 0 0 0 1 0 0 0 0 0 0 1 0 0 0 0 0 0 0 0 0 0 0 0
 0 1 1 0]
2025-12-21 17:40:29,777 - [DEBUG] - y_rrl_: (1447,) [0 0 0 0 0 0 0 0 0 0 0 0 0 0 0 0 0 0 0 0 0 0 0 0 1 0 0 0 0 0 0 0 1 1 0 0 0
 0 0 0 0]
2025-12-21 17:40:29,778 - [DEBUG] - y_rrl: (1447, 2) [[ 1.2120558  -1.047561  ]
 [ 0.25782186 -0.11333288]
 [ 1.5130292  -1.3967068 ]
 [ 1.5130292  -1.3967068 ]
 [ 1.4210123  -1.1947199 ]
 [ 0.082491    0.03805196]
 [ 1.4210123  -1.1947199 ]
 [ 1.8490338  -1.7250042 ]
 [ 1.9591472  -1.7456869 ]
 [ 0.49357784 -0.33177656]
 [ 0.40156093 -0.12978956]
 [ 1.7570169  -1.5230172 ]
 [ 1.2120558  -1.047561  ]
 [ 1.3108989  -1.1740371 ]
 [ 1.4210123  -1.1947199 ]
 [ 1.4210123  -1.1947199 ]
 [ 1.9591472  -1.7456869 ]
 [ 0.2914475  -0.10910682]
 [ 1.1019424  -1.0268782 ]
 [ 1.3108989  -1.1740371 ]
 [ 1.3108989  -1.1740371 ]
 [ 1.4210123  -1.1947199 ]
 [ 1.1573793  -0.89079005]
 [ 1.3108989  -1.1740371 ]
 [-0.7907214   0.8374388 ]
 [ 0.19260444  0.0173692 ]
 [ 1.4210123  -1.1947199 ]
 [ 1.3108989  -1.1740371 ]
 [ 1.4210123  -1.1947199 ]
 [ 1.6231426  -1.4173896 ]
 [ 1.6469035  -1.5023345 ]
 [ 1.3108989  -1.1740371 ]
 [ 0.13792789  0.17414027]
 [ 0.02781445  0.19482303]
 [ 1.2120558  -1.047561  ]
 [ 1.8490338  -1.7250042 ]
 [ 1.4210123  -1.1947199 ]
 [ 1.3108989  -1.1740371 ]
 [ 0.2914475  -0.10910682]
 [ 0.96752435 -0.7271553 ]
 [ 1.8490338  -1.7250042 ]]
2025-12-21 17:40:29,780 - [INFO] - ------------------------------------------------------------
2025-12-21 17:40:29,780 - [INFO] - On Validation Set:
	Accuracy of RRL  Model: 0.9004837595024188
	F1 Score of RRL  Model: 0.6458013190997485
2025-12-21 17:40:29,786 - [INFO] - On Validation Set:
Performance of  RRL Model: 
[[1265   21]
 [ 123   38]]
              precision    recall  f1-score   support

           0       0.91      0.98      0.95      1286
           1       0.64      0.24      0.35       161

    accuracy                           0.90      1447
   macro avg       0.78      0.61      0.65      1447
weighted avg       0.88      0.90      0.88      1447

2025-12-21 17:40:29,786 - [INFO] - ------------------------------------------------------------
2025-12-21 17:40:31,344 - [INFO] - epoch: 24, loss_rrl: 223.2079803198576
2025-12-21 17:40:31,451 - [DEBUG] - y_true: (1447,) [0 0 0 0 0 1 0 0 0 0 0 0 0 0 0 0 0 1 0 0 0 0 0 0 1 0 0 0 0 0 0 0 0 0 0 0 0
 0 1 1 0]
2025-12-21 17:40:31,757 - [DEBUG] - y_rrl_: (1447,) [0 0 0 0 0 0 0 0 0 0 1 0 0 0 0 0 0 1 0 0 0 0 0 0 1 0 0 0 0 0 0 0 1 1 0 0 0
 0 0 1 0]
2025-12-21 17:40:31,758 - [DEBUG] - y_rrl: (1447, 2) [[ 1.4857519  -1.2597597 ]
 [ 0.26850048 -0.1241349 ]
 [ 1.9351754  -1.8112292 ]
 [ 1.9351754  -1.8112292 ]
 [ 1.4857519  -1.2597597 ]
 [ 0.3417399  -0.15960267]
 [ 1.8322132  -1.5985506 ]
 [ 1.9351754  -1.8112292 ]
 [ 2.0543485  -1.8411527 ]
 [ 0.5638752  -0.4022047 ]
 [-0.05746505  0.307402  ]
 [ 1.313835   -1.1016226 ]
 [ 1.4857519  -1.2597597 ]
 [ 1.71304    -1.5686271 ]
 [ 1.4857519  -1.2597597 ]
 [ 1.5847545  -1.4127593 ]
 [ 2.0543485  -1.8411527 ]
 [-0.17663828  0.33732542]
 [ 1.1191199  -1.0440447 ]
 [ 1.3665786  -1.2298362 ]
 [ 1.3665786  -1.2298362 ]
 [ 1.8322132  -1.5985506 ]
 [ 1.2148324  -0.9486228 ]
 [ 1.3665786  -1.2298362 ]
 [-0.787827    0.8350572 ]
 [ 0.4609131  -0.18952607]
 [ 1.5612937  -1.2874138 ]
 [ 1.3665786  -1.2298362 ]
 [ 1.5847545  -1.4127593 ]
 [ 1.7078872  -1.5023615 ]
 [ 1.1946619  -1.0716991 ]
 [ 1.3665786  -1.2298362 ]
 [-0.05746505  0.307402  ]
 [-0.17663828  0.33732542]
 [ 1.4857519  -1.2597597 ]
 [ 1.9351754  -1.8112292 ]
 [ 1.8322132  -1.5985506 ]
 [ 1.3665786  -1.2298362 ]
 [ 0.09428117  0.02618867]
 [-0.08351526  0.18863952]
 [ 1.9351754  -1.8112292 ]]
2025-12-21 17:40:31,760 - [INFO] - ------------------------------------------------------------
2025-12-21 17:40:31,760 - [INFO] - On Validation Set:
	Accuracy of RRL  Model: 0.8977194194885971
	F1 Score of RRL  Model: 0.6504830917874396
2025-12-21 17:40:31,767 - [INFO] - On Validation Set:
Performance of  RRL Model: 
[[1258   28]
 [ 120   41]]
              precision    recall  f1-score   support

           0       0.91      0.98      0.94      1286
           1       0.59      0.25      0.36       161

    accuracy                           0.90      1447
   macro avg       0.75      0.62      0.65      1447
weighted avg       0.88      0.90      0.88      1447

2025-12-21 17:40:31,767 - [INFO] - ------------------------------------------------------------
2025-12-21 17:40:33,367 - [DEBUG] - y_true: (1447,) [0 0 0 0 0 1 0 0 0 0 0 0 0 0 0 0 0 1 0 0 0 0 0 0 1 0 0 0 0 0 0 0 0 0 0 0 0
 0 1 1 0]
2025-12-21 17:40:33,668 - [DEBUG] - y_rrl_: (1447,) [0 0 0 0 0 1 0 0 0 0 1 0 0 0 0 0 0 1 0 0 0 0 0 0 1 0 0 0 0 0 0 0 1 1 0 0 0
 0 1 0 0]
2025-12-21 17:40:33,669 - [DEBUG] - y_rrl: (1447, 2) [[ 1.2086477  -1.0444902 ]
 [ 0.2457537  -0.10150988]
 [ 1.5118418  -1.3956116 ]
 [ 1.5118418  -1.3956116 ]
 [ 1.2086477  -1.0444902 ]
 [ 0.05405053  0.06634592]
 [ 1.4211882  -1.1954927 ]
 [ 1.8454053  -1.7215413 ]
 [ 1.9596608  -1.7467258 ]
 [ 0.47149998 -0.30996   ]
 [ 0.12652908  0.1846147 ]
 [ 1.5004344  -1.2269665 ]
 [ 1.2086477  -1.0444902 ]
 [ 1.3069328  -1.1703082 ]
 [ 1.4211882  -1.1954927 ]
 [ 1.4211882  -1.1954927 ]
 [ 1.9596608  -1.7467258 ]
 [ 0.01227362  0.20979922]
 [ 1.0943923  -1.0193057 ]
 [ 1.3069328  -1.1703082 ]
 [ 1.3069328  -1.1703082 ]
 [ 1.4211882  -1.1954927 ]
 [ 1.1668708  -0.9010369 ]
 [ 1.3069328  -1.1703082 ]
 [-0.8103675   0.8580932 ]
 [ 0.168306    0.0411614 ]
 [ 1.4211882  -1.1954927 ]
 [ 1.3069328  -1.1703082 ]
 [ 1.4211882  -1.1954927 ]
 [ 1.6260972  -1.4207962 ]
 [ 1.386179   -1.201782  ]
 [ 1.3069328  -1.1703082 ]
 [ 0.12652908  0.1846147 ]
 [ 0.01227362  0.20979922]
 [ 1.2086477  -1.0444902 ]
 [ 1.8454053  -1.7215413 ]
 [ 1.4211882  -1.1954927 ]
 [ 1.3069328  -1.1703082 ]
 [ 0.01227362  0.20979922]
 [ 0.90611327 -0.6036266 ]
 [ 1.8454053  -1.7215413 ]]
2025-12-21 17:40:33,671 - [INFO] - ------------------------------------------------------------
2025-12-21 17:40:33,671 - [INFO] - On Validation Set:
	Accuracy of RRL  Model: 0.8908085694540429
	F1 Score of RRL  Model: 0.6638287986260601
2025-12-21 17:40:33,677 - [INFO] - On Validation Set:
Performance of  RRL Model: 
[[1239   47]
 [ 111   50]]
              precision    recall  f1-score   support

           0       0.92      0.96      0.94      1286
           1       0.52      0.31      0.39       161

    accuracy                           0.89      1447
   macro avg       0.72      0.64      0.66      1447
weighted avg       0.87      0.89      0.88      1447

2025-12-21 17:40:33,677 - [INFO] - ------------------------------------------------------------
2025-12-21 17:40:34,746 - [INFO] - epoch: 25, loss_rrl: 222.90962492115796
2025-12-21 17:40:35,320 - [DEBUG] - y_true: (1447,) [0 0 0 0 0 1 0 0 0 0 0 0 0 0 0 0 0 1 0 0 0 0 0 0 1 0 0 0 0 0 0 0 0 0 0 0 0
 0 1 1 0]
2025-12-21 17:40:35,620 - [DEBUG] - y_rrl_: (1447,) [0 0 0 0 0 0 0 0 0 0 1 0 0 0 0 0 0 1 0 0 0 0 0 0 1 0 0 0 0 0 0 0 1 1 0 0 0
 0 1 1 0]
2025-12-21 17:40:35,621 - [DEBUG] - y_rrl: (1447, 2) [[ 1.1624389  -0.99844915]
 [ 0.23620285 -0.09208284]
 [ 1.8794289  -1.7556481 ]
 [ 1.8794289  -1.7556481 ]
 [ 1.402576   -1.1771781 ]
 [ 0.07271881  0.04760458]
 [ 1.7462134  -1.5132182 ]
 [ 1.8794289  -1.7556481 ]
 [ 1.963217   -1.7505434 ]
 [ 0.5298594  -0.36844966]
 [-0.11376618  0.36304146]
 [ 1.2358031  -1.024157  ]
 [ 1.1624389  -0.99844915]
 [ 1.6624253  -1.518323  ]
 [ 1.402576   -1.1771781 ]
 [ 1.5060765  -1.3344891 ]
 [ 1.963217   -1.7505434 ]
 [-0.19755448  0.3579367 ]
 [ 1.0786506  -1.0035539 ]
 [ 1.3187877  -1.1822829 ]
 [ 1.3187877  -1.1822829 ]
 [ 1.7462134  -1.5132182 ]
 [ 1.1323026  -0.866846  ]
 [ 1.3187877  -1.1822829 ]
 [-0.80217314  0.8503992 ]
 [ 0.15650712  0.05270933]
 [ 1.4759401  -1.202886  ]
 [ 1.3187877  -1.1822829 ]
 [ 1.5060765  -1.3344891 ]
 [ 1.6195796  -1.4145033 ]
 [ 1.152015   -1.0292618 ]
 [ 1.3187877  -1.1822829 ]
 [-0.11376618  0.36304146]
 [-0.19755448  0.3579367 ]
 [ 1.1624389  -0.99844915]
 [ 1.8794289  -1.7556481 ]
 [ 1.5060765  -1.3344891 ]
 [ 1.3187877  -1.1822829 ]
 [-0.19755448  0.3579367 ]
 [-0.17607869  0.34339172]
 [ 1.8794289  -1.7556481 ]]
2025-12-21 17:40:35,623 - [INFO] - ------------------------------------------------------------
2025-12-21 17:40:35,623 - [INFO] - On Validation Set:
	Accuracy of RRL  Model: 0.8963372494816862
	F1 Score of RRL  Model: 0.6873919806429312
2025-12-21 17:40:35,629 - [INFO] - On Validation Set:
Performance of  RRL Model: 
[[1240   46]
 [ 104   57]]
              precision    recall  f1-score   support

           0       0.92      0.96      0.94      1286
           1       0.55      0.35      0.43       161

    accuracy                           0.90      1447
   macro avg       0.74      0.66      0.69      1447
weighted avg       0.88      0.90      0.89      1447

2025-12-21 17:40:35,629 - [INFO] - ------------------------------------------------------------
2025-12-21 17:40:37,218 - [DEBUG] - y_true: (1447,) [0 0 0 0 0 1 0 0 0 0 0 0 0 0 0 0 0 1 0 0 0 0 0 0 1 0 0 0 0 0 0 0 0 0 0 0 0
 0 1 1 0]
2025-12-21 17:40:37,518 - [DEBUG] - y_rrl_: (1447,) [0 0 0 0 0 0 0 0 0 0 0 0 0 0 0 0 0 0 0 0 0 0 0 0 1 0 0 0 0 0 0 0 0 0 0 0 0
 0 0 0 0]
2025-12-21 17:40:37,518 - [DEBUG] - y_rrl: (1447, 2) [[ 1.1986303  -1.034803  ]
 [ 0.37457412 -0.14185761]
 [ 1.9464875  -1.7340695 ]
 [ 1.9464875  -1.7340695 ]
 [ 1.1986303  -1.034803  ]
 [ 0.16448887  0.0444807 ]
 [ 1.7475172  -1.5148503 ]
 [ 1.9464875  -1.7340695 ]
 [ 1.9464875  -1.7340695 ]
 [ 0.5832728  -0.33327442]
 [ 0.38430244 -0.1140552 ]
 [ 1.7475172  -1.5148503 ]
 [ 1.1986303  -1.034803  ]
 [ 1.9464875  -1.7340695 ]
 [ 1.6174144  -1.4125582 ]
 [ 1.7475172  -1.5148503 ]
 [ 1.9464875  -1.7340695 ]
 [ 0.38430244 -0.1140552 ]
 [ 1.1986303  -1.034803  ]
 [ 1.6174144  -1.4125582 ]
 [ 1.4184439  -1.193339  ]
 [ 1.9464875  -1.7340695 ]
 [ 1.16315    -0.8980656 ]
 [ 1.6174144  -1.4125582 ]
 [-0.44071525  0.5381703 ]
 [ 0.16448887  0.0444807 ]
 [ 1.4922233  -1.219577  ]
 [ 1.6174144  -1.4125582 ]
 [ 1.9464875  -1.7340695 ]
 [ 1.6174144  -1.4125582 ]
 [ 1.7475172  -1.5148503 ]
 [ 1.4184439  -1.193339  ]
 [ 0.38430244 -0.1140552 ]
 [ 0.38430244 -0.1140552 ]
 [ 1.1986303  -1.034803  ]
 [ 1.9464875  -1.7340695 ]
 [ 1.7475172  -1.5148503 ]
 [ 1.6174144  -1.4125582 ]
 [ 0.38430244 -0.1140552 ]
 [ 0.36733443 -0.23981439]
 [ 1.9464875  -1.7340695 ]]
2025-12-21 17:40:37,521 - [INFO] - ------------------------------------------------------------
2025-12-21 17:40:37,521 - [INFO] - On Validation Set:
	Accuracy of RRL  Model: 0.9004837595024188
	F1 Score of RRL  Model: 0.6096574049096304
2025-12-21 17:40:37,527 - [INFO] - On Validation Set:
Performance of  RRL Model: 
[[1276   10]
 [ 134   27]]
              precision    recall  f1-score   support

           0       0.90      0.99      0.95      1286
           1       0.73      0.17      0.27       161

    accuracy                           0.90      1447
   macro avg       0.82      0.58      0.61      1447
weighted avg       0.89      0.90      0.87      1447

2025-12-21 17:40:37,527 - [INFO] - ------------------------------------------------------------
2025-12-21 17:40:38,132 - [INFO] - epoch: 26, loss_rrl: 224.16681697033346
2025-12-21 17:40:39,128 - [DEBUG] - y_true: (1447,) [0 0 0 0 0 1 0 0 0 0 0 0 0 0 0 0 0 1 0 0 0 0 0 0 1 0 0 0 0 0 0 0 0 0 0 0 0
 0 1 1 0]
2025-12-21 17:40:39,539 - [DEBUG] - y_rrl_: (1447,) [0 0 0 0 0 0 0 0 0 0 0 0 0 0 0 0 0 0 0 0 0 0 0 0 1 0 0 0 0 0 0 0 0 0 0 0 0
 0 0 1 0]
2025-12-21 17:40:39,539 - [DEBUG] - y_rrl: (1447, 2) [[ 1.394287   -1.1694677 ]
 [ 0.2429464  -0.09907124]
 [ 1.8405038  -1.7168862 ]
 [ 1.8405038  -1.7168862 ]
 [ 1.394287   -1.1694677 ]
 [ 0.27376372 -0.09243787]
 [ 1.7301713  -1.4978261 ]
 [ 1.8405038  -1.7168862 ]
 [ 1.9247118  -1.7125437 ]
 [ 0.46830416 -0.3071555 ]
 [ 0.3579719  -0.08809549]
 [ 1.4690232  -1.1967776 ]
 [ 1.394287   -1.1694677 ]
 [ 1.6459633  -1.5021685 ]
 [ 1.394287   -1.1694677 ]
 [ 1.9247118  -1.7125437 ]
 [ 1.9247118  -1.7125437 ]
 [ 0.27376372 -0.09243787]
 [ 1.272421   -1.217478  ]
 [ 1.3100787  -1.1738101 ]
 [ 1.5046192  -1.3885278 ]
 [ 1.7301713  -1.4978261 ]
 [ 1.1331389  -0.8684193 ]
 [ 1.3100787  -1.1738101 ]
 [-0.5773248   0.5866285 ]
 [ 0.3579719  -0.08809549]
 [ 1.4690232  -1.1967776 ]
 [ 1.3100787  -1.1738101 ]
 [ 1.7301713  -1.4978261 ]
 [ 1.5888275  -1.3841853 ]
 [ 1.3848151  -1.20112   ]
 [ 1.3100787  -1.1738101 ]
 [ 0.3579719  -0.08809549]
 [ 0.27376372 -0.09243787]
 [ 1.394287   -1.1694677 ]
 [ 1.8405038  -1.7168862 ]
 [ 1.7301713  -1.4978261 ]
 [ 1.3100787  -1.1738101 ]
 [ 0.27376372 -0.09243787]
 [ 0.06288549  0.10485346]
 [ 1.8405038  -1.7168862 ]]
2025-12-21 17:40:39,542 - [INFO] - ------------------------------------------------------------
2025-12-21 17:40:39,542 - [INFO] - On Validation Set:
	Accuracy of RRL  Model: 0.9011748445058743
	F1 Score of RRL  Model: 0.6636267725265097
2025-12-21 17:40:39,548 - [INFO] - On Validation Set:
Performance of  RRL Model: 
[[1260   26]
 [ 117   44]]
              precision    recall  f1-score   support

           0       0.92      0.98      0.95      1286
           1       0.63      0.27      0.38       161

    accuracy                           0.90      1447
   macro avg       0.77      0.63      0.66      1447
weighted avg       0.88      0.90      0.88      1447

2025-12-21 17:40:39,548 - [INFO] - ------------------------------------------------------------
2025-12-21 17:40:41,146 - [DEBUG] - y_true: (1447,) [0 0 0 0 0 1 0 0 0 0 0 0 0 0 0 0 0 1 0 0 0 0 0 0 1 0 0 0 0 0 0 0 0 0 0 0 0
 0 1 1 0]
2025-12-21 17:40:41,446 - [DEBUG] - y_rrl_: (1447,) [0 0 0 0 0 0 0 0 0 0 0 0 0 0 0 0 0 0 0 0 0 0 0 0 1 0 0 0 0 0 0 0 1 1 0 0 0
 0 0 0 0]
2025-12-21 17:40:41,446 - [DEBUG] - y_rrl: (1447, 2) [[ 1.443579   -1.2190466 ]
 [ 0.37611365 -0.14397997]
 [ 1.1033689  -0.8701457 ]
 [ 1.1033689  -0.8701457 ]
 [ 1.443579   -1.2190466 ]
 [ 0.4016686  -0.13216409]
 [ 1.443579   -1.2190466 ]
 [ 1.9927967  -1.7808825 ]
 [ 1.9927967  -1.7808825 ]
 [ 0.6144712  -0.3650752 ]
 [ 0.4016686  -0.13216409]
 [ 1.779994   -1.5479714 ]
 [ 1.443579   -1.2190466 ]
 [ 1.443579   -1.2190466 ]
 [ 1.443579   -1.2190466 ]
 [ 1.6563816  -1.4519577 ]
 [ 1.9927967  -1.7808825 ]
 [ 0.4016686  -0.13216409]
 [ 1.3991807  -1.255776  ]
 [ 1.443579   -1.2190466 ]
 [ 1.6563816  -1.4519577 ]
 [ 1.443579   -1.2190466 ]
 [ 1.1863273  -0.9219735 ]
 [ 1.443579   -1.2190466 ]
 [-0.71864134  0.8567237 ]
 [ 0.4016686  -0.13216409]
 [ 1.443579   -1.2190466 ]
 [ 1.443579   -1.2190466 ]
 [ 1.443579   -1.2190466 ]
 [ 1.6563816  -1.4519577 ]
 [ 1.779994   -1.5479714 ]
 [ 1.443579   -1.2190466 ]
 [ 0.14441697  0.16490895]
 [ 0.14441697  0.16490895]
 [ 1.443579   -1.2190466 ]
 [ 1.9927967  -1.7808825 ]
 [ 1.443579   -1.2190466 ]
 [ 1.443579   -1.2190466 ]
 [ 0.4016686  -0.13216409]
 [ 0.62112373 -0.47052628]
 [ 1.9927967  -1.7808825 ]]
2025-12-21 17:40:41,448 - [INFO] - ------------------------------------------------------------
2025-12-21 17:40:41,448 - [INFO] - On Validation Set:
	Accuracy of RRL  Model: 0.8997926744989634
	F1 Score of RRL  Model: 0.626108185649497
2025-12-21 17:40:41,454 - [INFO] - On Validation Set:
Performance of  RRL Model: 
[[1270   16]
 [ 129   32]]
              precision    recall  f1-score   support

           0       0.91      0.99      0.95      1286
           1       0.67      0.20      0.31       161

    accuracy                           0.90      1447
   macro avg       0.79      0.59      0.63      1447
weighted avg       0.88      0.90      0.87      1447

2025-12-21 17:40:41,454 - [INFO] - ------------------------------------------------------------
2025-12-21 17:40:41,618 - [INFO] - epoch: 27, loss_rrl: 222.45624473318458
2025-12-21 17:40:43,050 - [DEBUG] - y_true: (1447,) [0 0 0 0 0 1 0 0 0 0 0 0 0 0 0 0 0 1 0 0 0 0 0 0 1 0 0 0 0 0 0 0 0 0 0 0 0
 0 1 1 0]
2025-12-21 17:40:43,348 - [DEBUG] - y_rrl_: (1447,) [0 0 0 0 0 0 0 0 0 0 1 0 0 0 0 0 0 1 0 0 0 0 0 0 1 0 0 0 0 0 0 0 1 1 0 0 0
 0 1 1 0]
2025-12-21 17:40:43,349 - [DEBUG] - y_rrl: (1447, 2) [[ 1.2455928  -1.0822313 ]
 [ 0.34603694 -0.20240861]
 [ 1.8922387  -1.7687912 ]
 [ 1.8922387  -1.7687912 ]
 [ 1.4746144  -1.2503612 ]
 [ 0.10940769  0.01062086]
 [ 1.7922783  -1.5605714 ]
 [ 1.8922387  -1.7687912 ]
 [ 1.9781073  -1.7664402 ]
 [ 0.52425814 -0.36337772]
 [-0.06511781  0.31310833]
 [ 1.3028626  -1.0923052 ]
 [ 1.2455928  -1.0822313 ]
 [ 1.8922387  -1.7687912 ]
 [ 1.6604434  -1.4562299 ]
 [ 1.5632567  -1.3924415 ]
 [ 1.9781073  -1.7664402 ]
 [-0.15098637  0.31075728]
 [ 1.1597244  -1.0845823 ]
 [ 1.5745748  -1.458581  ]
 [ 1.3887458  -1.2527122 ]
 [ 1.9781073  -1.7664402 ]
 [ 1.2142203  -0.9502248 ]
 [ 1.5745748  -1.458581  ]
 [-0.7641531   0.814341  ]
 [ 0.19527626  0.01297191]
 [ 1.7922783  -1.5605714 ]
 [ 1.5745748  -1.458581  ]
 [ 1.7490858  -1.5983102 ]
 [ 1.6604434  -1.4562299 ]
 [ 1.2169942  -1.0946562 ]
 [ 1.3887458  -1.2527122 ]
 [-0.06511781  0.31310833]
 [-0.15098637  0.31075728]
 [ 1.2455928  -1.0822313 ]
 [ 1.8922387  -1.7687912 ]
 [ 1.5632567  -1.3924415 ]
 [ 1.5745748  -1.458581  ]
 [-0.15098637  0.31075728]
 [-0.0891811   0.19652197]
 [ 1.8922387  -1.7687912 ]]
2025-12-21 17:40:43,351 - [INFO] - ------------------------------------------------------------
2025-12-21 17:40:43,351 - [INFO] - On Validation Set:
	Accuracy of RRL  Model: 0.9018659295093296
	F1 Score of RRL  Model: 0.6935785015509425
2025-12-21 17:40:43,357 - [INFO] - On Validation Set:
Performance of  RRL Model: 
[[1249   37]
 [ 105   56]]
              precision    recall  f1-score   support

           0       0.92      0.97      0.95      1286
           1       0.60      0.35      0.44       161

    accuracy                           0.90      1447
   macro avg       0.76      0.66      0.69      1447
weighted avg       0.89      0.90      0.89      1447

2025-12-21 17:40:43,357 - [INFO] - ------------------------------------------------------------
2025-12-21 17:40:44,651 - [INFO] - epoch: 28, loss_rrl: 227.16718662530184
2025-12-21 17:40:44,956 - [DEBUG] - y_true: (1447,) [0 0 0 0 0 1 0 0 0 0 0 0 0 0 0 0 0 1 0 0 0 0 0 0 1 0 0 0 0 0 0 0 0 0 0 0 0
 0 1 1 0]
2025-12-21 17:40:45,255 - [DEBUG] - y_rrl_: (1447,) [0 0 0 0 0 0 0 0 0 0 0 0 0 0 0 0 0 0 0 0 0 0 0 0 1 0 0 0 0 0 0 0 1 1 0 0 0
 0 0 1 0]
2025-12-21 17:40:45,255 - [DEBUG] - y_rrl: (1447, 2) [[ 1.4470315  -1.2230576 ]
 [ 0.38777244 -0.1562097 ]
 [ 1.1114078  -0.8787173 ]
 [ 1.1114078  -0.8787173 ]
 [ 1.4470315  -1.2230576 ]
 [ 0.40855688 -0.13978124]
 [ 1.6503924  -1.4463904 ]
 [ 1.9701307  -1.7587103 ]
 [ 1.9701307  -1.7587103 ]
 [ 0.61191785 -0.36311394]
 [ 0.16299377  0.0450196 ]
 [ 1.5212066  -1.3505766 ]
 [ 1.4470315  -1.2230576 ]
 [ 1.4470315  -1.2230576 ]
 [ 1.4470315  -1.2230576 ]
 [ 1.2014683  -1.0382568 ]
 [ 1.9701307  -1.7587103 ]
 [ 0.16299377  0.0450196 ]
 [ 1.2014683  -1.0382568 ]
 [ 1.4470315  -1.2230576 ]
 [ 1.4470315  -1.2230576 ]
 [ 1.4470315  -1.2230576 ]
 [ 1.1723202  -0.90868354]
 [ 1.6503924  -1.4463904 ]
 [-0.7379063   0.8766431 ]
 [ 0.40855688 -0.13978124]
 [ 1.1723202  -0.90868354]
 [ 1.4470315  -1.2230576 ]
 [ 1.2014683  -1.0382568 ]
 [ 1.6503924  -1.4463904 ]
 [ 1.5212066  -1.3505766 ]
 [ 1.4470315  -1.2230576 ]
 [-0.11171751  0.35939366]
 [-0.11171751  0.35939366]
 [ 1.4470315  -1.2230576 ]
 [ 1.9701307  -1.7587103 ]
 [ 1.4470315  -1.2230576 ]
 [ 1.4470315  -1.2230576 ]
 [ 0.61191785 -0.36311394]
 [-0.14345668  0.24994919]
 [ 1.9701307  -1.7587103 ]]
2025-12-21 17:40:45,257 - [INFO] - ------------------------------------------------------------
2025-12-21 17:40:45,257 - [INFO] - On Validation Set:
	Accuracy of RRL  Model: 0.902557014512785
	F1 Score of RRL  Model: 0.6683312931904746
2025-12-21 17:40:45,263 - [INFO] - On Validation Set:
Performance of  RRL Model: 
[[1261   25]
 [ 116   45]]
              precision    recall  f1-score   support

           0       0.92      0.98      0.95      1286
           1       0.64      0.28      0.39       161

    accuracy                           0.90      1447
   macro avg       0.78      0.63      0.67      1447
weighted avg       0.89      0.90      0.89      1447

2025-12-21 17:40:45,263 - [INFO] - ------------------------------------------------------------
2025-12-21 17:40:46,852 - [DEBUG] - y_true: (1447,) [0 0 0 0 0 1 0 0 0 0 0 0 0 0 0 0 0 1 0 0 0 0 0 0 1 0 0 0 0 0 0 0 0 0 0 0 0
 0 1 1 0]
2025-12-21 17:40:47,150 - [DEBUG] - y_rrl_: (1447,) [0 0 0 0 0 0 0 0 0 0 0 0 0 0 0 0 0 0 0 0 0 0 0 0 1 0 0 0 0 0 0 0 0 0 0 0 0
 0 0 0 0]
2025-12-21 17:40:47,150 - [DEBUG] - y_rrl: (1447, 2) [[ 1.2063925  -1.0433182 ]
 [ 0.40502292 -0.17373127]
 [ 1.617241   -1.413438  ]
 [ 1.617241   -1.413438  ]
 [ 1.2063925  -1.0433182 ]
 [ 0.679754   -0.5005967 ]
 [ 1.4279329  -1.204226  ]
 [ 1.9262239  -1.715037  ]
 [ 1.9262239  -1.715037  ]
 [ 1.0906026  -0.87071633]
 [ 0.90129435 -0.6615045 ]
 [ 1.7369157  -1.5058252 ]
 [ 1.2063925  -1.0433182 ]
 [ 1.4279329  -1.204226  ]
 [ 1.4279329  -1.204226  ]
 [ 1.617241   -1.413438  ]
 [ 1.9262239  -1.715037  ]
 [ 0.90129435 -0.6615045 ]
 [ 1.3957008  -1.25253   ]
 [ 1.4279329  -1.204226  ]
 [ 1.617241   -1.413438  ]
 [ 1.4279329  -1.204226  ]
 [ 1.1641508  -0.90086   ]
 [ 1.4279329  -1.204226  ]
 [-0.74046576  0.87953794]
 [ 0.679754   -0.5005967 ]
 [ 1.1641508  -0.90086   ]
 [ 1.4279329  -1.204226  ]
 [ 1.4279329  -1.204226  ]
 [ 1.617241   -1.413438  ]
 [ 1.7369157  -1.5058252 ]
 [ 1.4279329  -1.204226  ]
 [ 0.63751227 -0.3581385 ]
 [ 0.63751227 -0.3581385 ]
 [ 1.2063925  -1.0433182 ]
 [ 1.9262239  -1.715037  ]
 [ 1.4279329  -1.204226  ]
 [ 1.4279329  -1.204226  ]
 [ 0.90129435 -0.6615045 ]
 [ 0.9488329  -0.7113762 ]
 [ 1.9262239  -1.715037  ]]
2025-12-21 17:40:47,152 - [INFO] - ------------------------------------------------------------
2025-12-21 17:40:47,152 - [INFO] - On Validation Set:
	Accuracy of RRL  Model: 0.8977194194885971
	F1 Score of RRL  Model: 0.5831594518841482
2025-12-21 17:40:47,158 - [INFO] - On Validation Set:
Performance of  RRL Model: 
[[1278    8]
 [ 140   21]]
              precision    recall  f1-score   support

           0       0.90      0.99      0.95      1286
           1       0.72      0.13      0.22       161

    accuracy                           0.90      1447
   macro avg       0.81      0.56      0.58      1447
weighted avg       0.88      0.90      0.86      1447

2025-12-21 17:40:47,158 - [INFO] - ------------------------------------------------------------
2025-12-21 17:40:48,015 - [INFO] - epoch: 29, loss_rrl: 223.42281262669712
2025-12-21 17:40:48,761 - [DEBUG] - y_true: (1447,) [0 0 0 0 0 1 0 0 0 0 0 0 0 0 0 0 0 1 0 0 0 0 0 0 1 0 0 0 0 0 0 0 0 0 0 0 0
 0 1 1 0]
2025-12-21 17:40:49,059 - [DEBUG] - y_rrl_: (1447,) [0 0 0 0 0 0 0 0 0 0 1 0 0 0 0 0 0 1 0 0 0 0 0 0 1 0 0 0 0 0 0 0 1 1 0 0 0
 0 0 0 0]
2025-12-21 17:40:49,060 - [DEBUG] - y_rrl: (1447, 2) [[ 1.2211298  -1.0581901 ]
 [ 0.40563276 -0.1746109 ]
 [ 1.9826585  -1.771703  ]
 [ 1.9826585  -1.771703  ]
 [ 1.4620961  -1.2386546 ]
 [ 0.15612903  0.05144064]
 [ 1.7839288  -1.5531387 ]
 [ 1.9826585  -1.771703  ]
 [ 1.9826585  -1.771703  ]
 [ 0.5958251  -0.34758824]
 [ 0.12453119  0.18304543]
 [ 1.5113646  -1.2410693 ]
 [ 1.2211298  -1.0581901 ]
 [ 1.7839288  -1.5531387 ]
 [ 1.4620961  -1.2386546 ]
 [ 1.7839288  -1.5531387 ]
 [ 1.9826585  -1.771703  ]
 [ 0.12453119  0.18304543]
 [ 1.2211298  -1.0581901 ]
 [ 1.4620961  -1.2386546 ]
 [ 1.4620961  -1.2386546 ]
 [ 1.7839288  -1.5531387 ]
 [ 1.1895319  -0.9265853 ]
 [ 1.4620961  -1.2386546 ]
 [-0.73709166  0.87650585]
 [ 0.15612903  0.05144064]
 [ 1.5113646  -1.2410693 ]
 [ 1.4620961  -1.2386546 ]
 [ 1.7839288  -1.5531387 ]
 [ 1.6608258  -1.4572189 ]
 [ 1.5113646  -1.2410693 ]
 [ 1.4620961  -1.2386546 ]
 [ 0.12453119  0.18304543]
 [ 0.12453119  0.18304543]
 [ 1.2211298  -1.0581901 ]
 [ 1.9826585  -1.771703  ]
 [ 1.7839288  -1.5531387 ]
 [ 1.4620961  -1.2386546 ]
 [ 0.39709538 -0.12902392]
 [ 0.09283908  0.07616089]
 [ 1.9826585  -1.771703  ]]
2025-12-21 17:40:49,062 - [INFO] - ------------------------------------------------------------
2025-12-21 17:40:49,062 - [INFO] - On Validation Set:
	Accuracy of RRL  Model: 0.8956461644782309
	F1 Score of RRL  Model: 0.6475928730526618
2025-12-21 17:40:49,068 - [INFO] - On Validation Set:
Performance of  RRL Model: 
[[1255   31]
 [ 120   41]]
              precision    recall  f1-score   support

           0       0.91      0.98      0.94      1286
           1       0.57      0.25      0.35       161

    accuracy                           0.90      1447
   macro avg       0.74      0.62      0.65      1447
weighted avg       0.87      0.90      0.88      1447

2025-12-21 17:40:49,068 - [INFO] - ------------------------------------------------------------
2025-12-21 17:40:50,656 - [DEBUG] - y_true: (1447,) [0 0 0 0 0 1 0 0 0 0 0 0 0 0 0 0 0 1 0 0 0 0 0 0 1 0 0 0 0 0 0 0 0 0 0 0 0
 0 1 1 0]
2025-12-21 17:40:50,959 - [DEBUG] - y_rrl_: (1447,) [0 0 0 0 0 0 0 0 0 0 0 0 0 0 0 0 0 0 0 0 0 0 0 0 1 0 0 0 0 0 0 0 0 0 0 0 0
 0 0 1 0]
2025-12-21 17:40:50,959 - [DEBUG] - y_rrl: (1447, 2) [[ 1.4466418  -1.2234606 ]
 [ 0.41229153 -0.1815342 ]
 [ 1.9571047  -1.7463752 ]
 [ 1.9571047  -1.7463752 ]
 [ 1.20702    -1.0442109 ]
 [ 0.36549926 -0.09777396]
 [ 1.7588226  -1.5283271 ]
 [ 1.9571047  -1.7463752 ]
 [ 1.9571047  -1.7463752 ]
 [ 0.5637813  -0.315822  ]
 [ 0.36549926 -0.09777396]
 [ 1.4898015  -1.219879  ]
 [ 1.4466418  -1.2234606 ]
 [ 1.7588226  -1.5283271 ]
 [ 1.4466418  -1.2234606 ]
 [ 1.9571047  -1.7463752 ]
 [ 1.9571047  -1.7463752 ]
 [ 0.36549926 -0.09777396]
 [ 1.4053022  -1.2622589 ]
 [ 1.4466418  -1.2234606 ]
 [ 1.6449239  -1.4415087 ]
 [ 1.7588226  -1.5283271 ]
 [ 1.1776208  -0.9150123 ]
 [ 1.4466418  -1.2234606 ]
 [-0.48896265  0.589296  ]
 [ 0.36549926 -0.09777396]
 [ 1.4898015  -1.219879  ]
 [ 1.4466418  -1.2234606 ]
 [ 1.7588226  -1.5283271 ]
 [ 1.6449239  -1.4415087 ]
 [ 1.4898015  -1.219879  ]
 [ 1.4466418  -1.2234606 ]
 [ 0.36549926 -0.09777396]
 [ 0.36549926 -0.09777396]
 [ 1.4466418  -1.2234606 ]
 [ 1.9571047  -1.7463752 ]
 [ 1.7588226  -1.5283271 ]
 [ 1.4466418  -1.2234606 ]
 [ 0.36549926 -0.09777396]
 [ 0.08311364  0.08615393]
 [ 1.9571047  -1.7463752 ]]
2025-12-21 17:40:50,962 - [INFO] - ------------------------------------------------------------
2025-12-21 17:40:50,962 - [INFO] - On Validation Set:
	Accuracy of RRL  Model: 0.8984105044920525
	F1 Score of RRL  Model: 0.5879912371942752
2025-12-21 17:40:50,968 - [INFO] - On Validation Set:
Performance of  RRL Model: 
[[1278    8]
 [ 139   22]]
              precision    recall  f1-score   support

           0       0.90      0.99      0.95      1286
           1       0.73      0.14      0.23       161

    accuracy                           0.90      1447
   macro avg       0.82      0.57      0.59      1447
weighted avg       0.88      0.90      0.87      1447

2025-12-21 17:40:50,968 - [INFO] - ------------------------------------------------------------
2025-12-21 17:40:51,373 - [INFO] - epoch: 30, loss_rrl: 225.6863461304456
2025-12-21 17:40:52,563 - [DEBUG] - y_true: (1447,) [0 0 0 0 0 1 0 0 0 0 0 0 0 0 0 0 0 1 0 0 0 0 0 0 1 0 0 0 0 0 0 0 0 0 0 0 0
 0 1 1 0]
2025-12-21 17:40:52,861 - [DEBUG] - y_rrl_: (1447,) [0 0 0 0 0 0 0 0 0 0 0 0 0 0 0 0 0 0 0 0 0 0 0 0 1 0 0 0 0 0 0 0 1 1 0 0 0
 0 0 0 0]
2025-12-21 17:40:52,862 - [DEBUG] - y_rrl: (1447, 2) [[ 1.4630584  -1.2401323 ]
 [ 0.4287621  -0.1982651 ]
 [ 1.9890244  -1.7785165 ]
 [ 1.9890244  -1.7785165 ]
 [ 1.4630584  -1.2401323 ]
 [ 0.40132362 -0.1339406 ]
 [ 1.9890244  -1.7785165 ]
 [ 1.9890244  -1.7785165 ]
 [ 1.9890244  -1.7785165 ]
 [ 0.5995792  -0.3518933 ]
 [ 0.40132362 -0.1339406 ]
 [ 1.7907687  -1.5605638 ]
 [ 1.4630584  -1.2401323 ]
 [ 1.9890244  -1.7785165 ]
 [ 1.661314   -1.4580851 ]
 [ 1.7907687  -1.5605638 ]
 [ 1.9890244  -1.7785165 ]
 [ 0.40132362 -0.1339406 ]
 [ 1.2225507  -1.0598682 ]
 [ 1.661314   -1.4580851 ]
 [ 1.661314   -1.4580851 ]
 [ 1.9890244  -1.7785165 ]
 [ 1.3922281  -1.1496495 ]
 [ 1.661314   -1.4580851 ]
 [-0.7390646   0.8791745 ]
 [ 0.40132362 -0.1339406 ]
 [ 1.7907687  -1.5605638 ]
 [ 1.661314   -1.4580851 ]
 [ 1.7907687  -1.5605638 ]
 [ 1.661314   -1.4580851 ]
 [ 1.7907687  -1.5605638 ]
 [ 1.661314   -1.4580851 ]
 [ 0.13223775  0.17449492]
 [ 0.13223775  0.17449492]
 [ 1.4630584  -1.2401323 ]
 [ 1.9890244  -1.7785165 ]
 [ 1.7907687  -1.5605638 ]
 [ 1.661314   -1.4580851 ]
 [ 0.40132362 -0.1339406 ]
 [ 0.9851718  -0.7486025 ]
 [ 1.9890244  -1.7785165 ]]
2025-12-21 17:40:52,864 - [INFO] - ------------------------------------------------------------
2025-12-21 17:40:52,864 - [INFO] - On Validation Set:
	Accuracy of RRL  Model: 0.8977194194885971
	F1 Score of RRL  Model: 0.6061745104673915
2025-12-21 17:40:52,870 - [INFO] - On Validation Set:
Performance of  RRL Model: 
[[1272   14]
 [ 134   27]]
              precision    recall  f1-score   support

           0       0.90      0.99      0.95      1286
           1       0.66      0.17      0.27       161

    accuracy                           0.90      1447
   macro avg       0.78      0.58      0.61      1447
weighted avg       0.88      0.90      0.87      1447

2025-12-21 17:40:52,870 - [INFO] - ------------------------------------------------------------
2025-12-21 17:40:54,399 - [INFO] - epoch: 31, loss_rrl: 225.580287611112
2025-12-21 17:40:54,464 - [DEBUG] - y_true: (1447,) [0 0 0 0 0 1 0 0 0 0 0 0 0 0 0 0 0 1 0 0 0 0 0 0 1 0 0 0 0 0 0 0 0 0 0 0 0
 0 1 1 0]
2025-12-21 17:40:54,765 - [DEBUG] - y_rrl_: (1447,) [0 0 0 0 0 0 0 0 0 0 1 0 0 0 0 0 0 1 0 0 0 0 0 0 1 0 0 0 0 0 0 0 1 1 0 0 0
 0 0 0 0]
2025-12-21 17:40:54,766 - [DEBUG] - y_rrl: (1447, 2) [[ 1.4783108  -1.2556449 ]
 [ 0.2893945  -0.2652059 ]
 [ 1.8825581  -1.8783193 ]
 [ 1.8825581  -1.8783193 ]
 [ 1.2131265  -1.0505756 ]
 [ 0.24855319 -0.18756023]
 [ 1.8132448  -1.5833347 ]
 [ 1.8825581  -1.8783193 ]
 [ 2.040967   -1.8306843 ]
 [ 0.47627535 -0.4349099 ]
 [ 0.13669345  0.16961622]
 [ 1.5429761  -1.2737931 ]
 [ 1.4783108  -1.2556449 ]
 [ 1.6548359  -1.6309696 ]
 [ 1.4783108  -1.2556449 ]
 [ 1.8132448  -1.5833347 ]
 [ 2.040967   -1.8306843 ]
 [-0.02171543  0.12198132]
 [ 1.0547177  -1.0982106 ]
 [ 1.319902   -1.3032799 ]
 [ 1.319902   -1.3032799 ]
 [ 1.8132448  -1.5833347 ]
 [ 1.2080421  -0.94610333]
 [ 1.319902   -1.3032799 ]
 [-0.91914785  0.85356724]
 [ 0.40696207 -0.13992533]
 [ 1.5429761  -1.2737931 ]
 [ 1.319902   -1.3032799 ]
 [ 1.8132448  -1.5833347 ]
 [ 1.706033   -1.5029945 ]
 [ 1.3845674  -1.3214281 ]
 [ 1.319902   -1.3032799 ]
 [ 0.13669345  0.16961622]
 [-0.02171543  0.12198132]
 [ 1.4783108  -1.2556449 ]
 [ 1.8825581  -1.8783193 ]
 [ 1.8132448  -1.5833347 ]
 [ 1.319902   -1.3032799 ]
 [ 0.24855319 -0.18756023]
 [ 0.12449434  0.04532089]
 [ 1.8825581  -1.8783193 ]]
2025-12-21 17:40:54,768 - [INFO] - ------------------------------------------------------------
2025-12-21 17:40:54,768 - [INFO] - On Validation Set:
	Accuracy of RRL  Model: 0.8928818244644091
	F1 Score of RRL  Model: 0.6643309442315088
2025-12-21 17:40:54,774 - [INFO] - On Validation Set:
Performance of  RRL Model: 
[[1243   43]
 [ 112   49]]
              precision    recall  f1-score   support

           0       0.92      0.97      0.94      1286
           1       0.53      0.30      0.39       161

    accuracy                           0.89      1447
   macro avg       0.72      0.64      0.66      1447
weighted avg       0.87      0.89      0.88      1447

2025-12-21 17:40:54,774 - [INFO] - ------------------------------------------------------------
2025-12-21 17:40:56,365 - [DEBUG] - y_true: (1447,) [0 0 0 0 0 1 0 0 0 0 0 0 0 0 0 0 0 1 0 0 0 0 0 0 1 0 0 0 0 0 0 0 0 0 0 0 0
 0 1 1 0]
2025-12-21 17:40:56,663 - [DEBUG] - y_rrl_: (1447,) [0 0 0 0 0 0 0 0 0 0 0 0 0 0 0 0 0 0 0 0 0 0 0 0 1 0 0 0 0 0 0 0 0 0 0 0 0
 0 0 0 0]
2025-12-21 17:40:56,663 - [DEBUG] - y_rrl: (1447, 2) [[ 1.2433845  -1.0809832 ]
 [ 0.2886271  -0.26437998]
 [ 1.5083499  -1.51122   ]
 [ 1.5083499  -1.51122   ]
 [ 1.2433845  -1.0809832 ]
 [ 0.48936778 -0.51673704]
 [ 1.4862703  -1.2638801 ]
 [ 1.833021   -1.8286808 ]
 [ 2.0096443  -1.7996013 ]
 [ 0.9309563  -0.91789454]
 [ 0.9088768  -0.6705547 ]
 [ 1.8109417  -1.5813409 ]
 [ 1.2433845  -1.0809832 ]
 [ 1.3096473  -1.2929595 ]
 [ 1.4862703  -1.2638801 ]
 [ 1.6849729  -1.4821405 ]
 [ 2.0096443  -1.7996013 ]
 [ 0.7322537  -0.6996341 ]
 [ 1.265464   -1.3283229 ]
 [ 1.3096473  -1.2929595 ]
 [ 1.5083499  -1.51122   ]
 [ 1.4862703  -1.2638801 ]
 [ 1.2274033  -0.96581703]
 [ 1.3096473  -1.2929595 ]
 [-0.90696406  0.841973  ]
 [ 0.6659908  -0.48765767]
 [ 1.2274033  -0.96581703]
 [ 1.3096473  -1.2929595 ]
 [ 1.4862703  -1.2638801 ]
 [ 1.6849729  -1.4821405 ]
 [ 1.6343185  -1.6104203 ]
 [ 1.3096473  -1.2929595 ]
 [ 0.65000975 -0.37249154]
 [ 0.4733867  -0.40157092]
 [ 1.2433845  -1.0809832 ]
 [ 1.833021   -1.8286808 ]
 [ 1.4862703  -1.2638801 ]
 [ 1.3096473  -1.2929595 ]
 [ 0.7322537  -0.6996341 ]
 [ 1.0001013  -0.7641386 ]
 [ 1.833021   -1.8286808 ]]
2025-12-21 17:40:56,665 - [INFO] - ------------------------------------------------------------
2025-12-21 17:40:56,665 - [INFO] - On Validation Set:
	Accuracy of RRL  Model: 0.9004837595024188
	F1 Score of RRL  Model: 0.6202930242729062
2025-12-21 17:40:56,671 - [INFO] - On Validation Set:
Performance of  RRL Model: 
[[1273   13]
 [ 131   30]]
              precision    recall  f1-score   support

           0       0.91      0.99      0.95      1286
           1       0.70      0.19      0.29       161

    accuracy                           0.90      1447
   macro avg       0.80      0.59      0.62      1447
weighted avg       0.88      0.90      0.87      1447

2025-12-21 17:40:56,671 - [INFO] - ------------------------------------------------------------
2025-12-21 17:40:57,787 - [INFO] - epoch: 32, loss_rrl: 224.79908336885273
2025-12-21 17:40:58,394 - [DEBUG] - y_true: (1447,) [0 0 0 0 0 1 0 0 0 0 0 0 0 0 0 0 0 1 0 0 0 0 0 0 1 0 0 0 0 0 0 0 0 0 0 0 0
 0 1 1 0]
2025-12-21 17:40:58,698 - [DEBUG] - y_rrl_: (1447,) [0 0 0 0 0 0 0 0 0 0 0 0 0 0 0 0 0 0 0 0 0 0 0 0 1 0 0 0 0 0 0 0 0 0 0 0 0
 0 0 0 0]
2025-12-21 17:40:58,698 - [DEBUG] - y_rrl: (1447, 2) [[ 1.5280126  -1.305928  ]
 [ 0.45586306 -0.2262263 ]
 [ 1.5675001  -1.329433  ]
 [ 2.0863068  -1.8765353 ]
 [ 1.0092058  -0.7588258 ]
 [ 0.44888288 -0.18259966]
 [ 1.8605199  -1.6312599 ]
 [ 2.0863068  -1.8765353 ]
 [ 2.0863068  -1.8765353 ]
 [ 0.67467    -0.427875  ]
 [ 0.44888288 -0.18259966]
 [ 1.3417131  -1.0841576 ]
 [ 1.0092058  -0.7588258 ]
 [ 1.5675001  -1.329433  ]
 [ 1.7537997  -1.5512034 ]
 [ 2.0863068  -1.8765353 ]
 [ 2.0863068  -1.8765353 ]
 [ 0.44888288 -0.18259966]
 [ 1.4836944  -1.3409607 ]
 [ 1.7537997  -1.5512034 ]
 [ 1.7537997  -1.5512034 ]
 [ 1.5675001  -1.329433  ]
 [ 0.72596824 -0.43646893]
 [ 1.7537997  -1.5512034 ]
 [-0.6873931   0.82830685]
 [ 0.44888288 -0.18259966]
 [ 1.5772823  -1.3089031 ]
 [ 1.7537997  -1.5512034 ]
 [ 1.5675001  -1.329433  ]
 [ 1.7537997  -1.5512034 ]
 [ 1.8605199  -1.6312599 ]
 [ 1.0092058  -0.7588258 ]
 [ 0.16564529  0.13975713]
 [ 0.16564529  0.13975713]
 [ 1.0092058  -0.7588258 ]
 [ 2.0863068  -1.8765353 ]
 [ 1.3417131  -1.0841576 ]
 [ 1.7537997  -1.5512034 ]
 [ 0.44888288 -0.18259966]
 [ 1.3417131  -1.0841576 ]
 [ 2.0863068  -1.8765353 ]]
2025-12-21 17:40:58,700 - [INFO] - ------------------------------------------------------------
2025-12-21 17:40:58,700 - [INFO] - On Validation Set:
	Accuracy of RRL  Model: 0.8963372494816862
	F1 Score of RRL  Model: 0.5602572206554507
2025-12-21 17:40:58,706 - [INFO] - On Validation Set:
Performance of  RRL Model: 
[[1281    5]
 [ 145   16]]
              precision    recall  f1-score   support

           0       0.90      1.00      0.94      1286
           1       0.76      0.10      0.18       161

    accuracy                           0.90      1447
   macro avg       0.83      0.55      0.56      1447
weighted avg       0.88      0.90      0.86      1447

2025-12-21 17:40:58,706 - [INFO] - ------------------------------------------------------------
2025-12-21 17:41:00,315 - [DEBUG] - y_true: (1447,) [0 0 0 0 0 1 0 0 0 0 0 0 0 0 0 0 0 1 0 0 0 0 0 0 1 0 0 0 0 0 0 0 0 0 0 0 0
 0 1 1 0]
2025-12-21 17:41:00,614 - [DEBUG] - y_rrl_: (1447,) [0 0 0 0 0 1 0 0 0 0 0 0 0 0 0 0 0 0 0 0 0 0 0 0 1 0 0 0 0 0 0 0 0 0 0 0 0
 0 0 0 0]
2025-12-21 17:41:00,615 - [DEBUG] - y_rrl: (1447, 2) [[ 1.2158864  -1.0538489 ]
 [ 0.24138698 -0.21702445]
 [ 1.7959079  -1.7913682 ]
 [ 1.7959079  -1.7913682 ]
 [ 1.2158864  -1.0538489 ]
 [-0.08552662  0.08671913]
 [ 1.792777   -1.5638624 ]
 [ 1.7959079  -1.7913682 ]
 [ 1.991658   -1.7821622 ]
 [ 0.36747834 -0.32596877]
 [ 0.3643474  -0.09846299]
 [ 1.5386503  -1.2706928 ]
 [ 1.2158864  -1.0538489 ]
 [ 1.7959079  -1.7913682 ]
 [ 1.6688913  -1.4665368 ]
 [ 1.792777   -1.5638624 ]
 [ 1.991658   -1.7821622 ]
 [ 0.16859734 -0.10766905]
 [ 1.0201364  -1.0630549 ]
 [ 1.4731413  -1.4757428 ]
 [ 1.2742603  -1.2574431 ]
 [ 1.991658   -1.7821622 ]
 [ 1.2158836  -0.9550674 ]
 [ 1.4731413  -1.4757428 ]
 [-0.66106296  0.55807614]
 [ 0.11022344  0.09592519]
 [ 1.5386503  -1.2706928 ]
 [ 1.4731413  -1.4757428 ]
 [ 1.991658   -1.7821622 ]
 [ 1.6688913  -1.4665368 ]
 [ 1.3429002  -1.2798989 ]
 [ 1.2742603  -1.2574431 ]
 [ 0.3643474  -0.09846299]
 [ 0.16859734 -0.10766905]
 [ 1.2158864  -1.0538489 ]
 [ 1.7959079  -1.7913682 ]
 [ 1.792777   -1.5638624 ]
 [ 1.4731413  -1.4757428 ]
 [ 0.16859734 -0.10766905]
 [ 0.14681864  0.02331815]
 [ 1.7959079  -1.7913682 ]]
2025-12-21 17:41:00,617 - [INFO] - ------------------------------------------------------------
2025-12-21 17:41:00,617 - [INFO] - On Validation Set:
	Accuracy of RRL  Model: 0.9053213545266068
	F1 Score of RRL  Model: 0.6802663815113554
2025-12-21 17:41:00,623 - [INFO] - On Validation Set:
Performance of  RRL Model: 
[[1262   24]
 [ 113   48]]
              precision    recall  f1-score   support

           0       0.92      0.98      0.95      1286
           1       0.67      0.30      0.41       161

    accuracy                           0.91      1447
   macro avg       0.79      0.64      0.68      1447
weighted avg       0.89      0.91      0.89      1447

2025-12-21 17:41:00,623 - [INFO] - ------------------------------------------------------------
2025-12-21 17:41:01,286 - [INFO] - epoch: 33, loss_rrl: 224.78939173184335
2025-12-21 17:41:02,249 - [DEBUG] - y_true: (1447,) [0 0 0 0 0 1 0 0 0 0 0 0 0 0 0 0 0 1 0 0 0 0 0 0 1 0 0 0 0 0 0 0 0 0 0 0 0
 0 1 1 0]
2025-12-21 17:41:02,548 - [DEBUG] - y_rrl_: (1447,) [0 0 0 0 0 0 0 0 0 0 0 0 0 0 0 0 0 0 0 0 0 0 0 0 1 0 0 0 0 0 0 0 0 0 0 0 0
 0 0 0 0]
2025-12-21 17:41:02,549 - [DEBUG] - y_rrl: (1447, 2) [[ 1.5028092  -1.2813596 ]
 [ 0.2305043  -0.20608284]
 [ 1.3048093  -1.2719873 ]
 [ 1.3048093  -1.2719873 ]
 [ 1.5028092  -1.2813596 ]
 [ 0.22394657 -0.16303949]
 [ 2.0383     -1.8290933 ]
 [ 1.8492757  -1.8446347 ]
 [ 2.0383     -1.8290933 ]
 [ 0.424745   -0.38318706]
 [ 0.41297105 -0.14749806]
 [ 1.8375018  -1.608946  ]
 [ 1.5028092  -1.2813596 ]
 [ 1.8492757  -1.8446347 ]
 [ 1.7036076  -1.5015069 ]
 [ 1.8375018  -1.608946  ]
 [ 2.0383     -1.8290933 ]
 [ 0.22394657 -0.16303949]
 [ 1.0497246  -1.0924499 ]
 [ 1.5145831  -1.5170485 ]
 [ 1.5145831  -1.5170485 ]
 [ 2.0383     -1.8290933 ]
 [ 1.4288536  -1.1877874 ]
 [ 1.5145831  -1.5170485 ]
 [-0.5916308   0.48922288]
 [ 0.41297105 -0.14749806]
 [ 1.5627478  -1.2952263 ]
 [ 1.5145831  -1.5170485 ]
 [ 1.8375018  -1.608946  ]
 [ 1.7036076  -1.5015069 ]
 [ 1.6484773  -1.6244873 ]
 [ 1.5145831  -1.5170485 ]
 [ 0.41297105 -0.14749806]
 [ 0.22394657 -0.16303949]
 [ 1.5028092  -1.2813596 ]
 [ 1.8492757  -1.8446347 ]
 [ 1.8375018  -1.608946  ]
 [ 1.5145831  -1.5170485 ]
 [ 0.22394657 -0.16303949]
 [ 1.0077583  -0.7728457 ]
 [ 1.8492757  -1.8446347 ]]
2025-12-21 17:41:02,551 - [INFO] - ------------------------------------------------------------
2025-12-21 17:41:02,551 - [INFO] - On Validation Set:
	Accuracy of RRL  Model: 0.8963372494816862
	F1 Score of RRL  Model: 0.6182622092777849
2025-12-21 17:41:02,557 - [INFO] - On Validation Set:
Performance of  RRL Model: 
[[1266   20]
 [ 130   31]]
              precision    recall  f1-score   support

           0       0.91      0.98      0.94      1286
           1       0.61      0.19      0.29       161

    accuracy                           0.90      1447
   macro avg       0.76      0.59      0.62      1447
weighted avg       0.87      0.90      0.87      1447

2025-12-21 17:41:02,557 - [INFO] - ------------------------------------------------------------
2025-12-21 17:41:04,161 - [DEBUG] - y_true: (1447,) [0 0 0 0 0 1 0 0 0 0 0 0 0 0 0 0 0 1 0 0 0 0 0 0 1 0 0 0 0 0 0 0 0 0 0 0 0
 0 1 1 0]
2025-12-21 17:41:04,460 - [DEBUG] - y_rrl_: (1447,) [0 0 0 0 0 0 0 0 0 0 1 0 0 0 0 0 0 1 0 0 0 0 0 0 1 0 0 0 0 0 0 0 1 1 0 0 0
 0 1 0 0]
2025-12-21 17:41:04,461 - [DEBUG] - y_rrl: (1447, 2) [[ 1.4987621  -1.2776507 ]
 [ 0.25872195 -0.23424338]
 [ 1.3456544  -1.3127925 ]
 [ 1.8591673  -1.8544294 ]
 [ 0.985249   -0.7360138 ]
 [ 0.22080852 -0.15992421]
 [ 1.8370955  -1.6089133 ]
 [ 1.8591673  -1.8544294 ]
 [ 2.0550244  -1.8461229 ]
 [ 0.4387374  -0.39713383]
 [-0.04044609  0.14021891]
 [ 1.0623279  -0.7671333 ]
 [ 0.985249   -0.7360138 ]
 [ 1.1277255  -1.075583  ]
 [ 1.4987621  -1.2776507 ]
 [ 2.0550244  -1.8461229 ]
 [ 2.0550244  -1.8461229 ]
 [-0.04044609  0.14021891]
 [ 1.2514186  -1.313233  ]
 [ 1.3029052  -1.2859575 ]
 [ 1.5208342  -1.523167  ]
 [ 1.3235824  -1.0672764 ]
 [ 0.7239944  -0.4358707 ]
 [ 1.3029052  -1.2859575 ]
 [-0.8716479   0.8087032 ]
 [ 0.22080852 -0.15992421]
 [ 1.8370955  -1.6089133 ]
 [ 1.3029052  -1.2859575 ]
 [ 1.3235824  -1.0672764 ]
 [ 1.716691   -1.5148603 ]
 [ 1.3799839  -1.3170767 ]
 [ 0.78939205 -0.7443206 ]
 [-0.04044609  0.14021891]
 [-0.04044609  0.14021891]
 [ 0.985249   -0.7360138 ]
 [ 1.8591673  -1.8544294 ]
 [ 1.3235824  -1.0672764 ]
 [ 1.3029052  -1.2859575 ]
 [-0.04044609  0.14021891]
 [ 0.2133675  -0.04317793]
 [ 1.8591673  -1.8544294 ]]
2025-12-21 17:41:04,463 - [INFO] - ------------------------------------------------------------
2025-12-21 17:41:04,463 - [INFO] - On Validation Set:
	Accuracy of RRL  Model: 0.8901174844505875
	F1 Score of RRL  Model: 0.6784592744150165
2025-12-21 17:41:04,469 - [INFO] - On Validation Set:
Performance of  RRL Model: 
[[1231   55]
 [ 104   57]]
              precision    recall  f1-score   support

           0       0.92      0.96      0.94      1286
           1       0.51      0.35      0.42       161

    accuracy                           0.89      1447
   macro avg       0.72      0.66      0.68      1447
weighted avg       0.88      0.89      0.88      1447

2025-12-21 17:41:04,469 - [INFO] - ------------------------------------------------------------
2025-12-21 17:41:04,673 - [INFO] - epoch: 34, loss_rrl: 225.49628203641623
2025-12-21 17:41:06,076 - [DEBUG] - y_true: (1447,) [0 0 0 0 0 1 0 0 0 0 0 0 0 0 0 0 0 1 0 0 0 0 0 0 1 0 0 0 0 0 0 0 0 0 0 0 0
 0 1 1 0]
2025-12-21 17:41:06,378 - [DEBUG] - y_rrl_: (1447,) [0 0 0 0 0 1 0 0 0 0 1 0 0 0 0 0 0 1 0 0 0 0 0 0 1 1 0 0 0 0 0 0 1 1 0 0 0
 0 1 0 0]
2025-12-21 17:41:06,378 - [DEBUG] - y_rrl: (1447, 2) [[ 1.2631876  -1.1017989 ]
 [ 0.28366446 -0.2591271 ]
 [ 1.8572308  -1.8523935 ]
 [ 1.8572308  -1.8523935 ]
 [ 1.5162097  -1.2954663 ]
 [-0.01389162  0.01540026]
 [ 1.8430743  -1.6152956 ]
 [ 1.8572308  -1.8523935 ]
 [ 2.0506022  -1.8420361 ]
 [ 0.4466583  -0.4050075 ]
 [-0.02306588  0.12274009]
 [ 1.580878   -1.3142885 ]
 [ 1.2631876  -1.1017989 ]
 [ 1.8572308  -1.8523935 ]
 [ 1.7237376  -1.5222067 ]
 [ 1.8430743  -1.6152956 ]
 [ 2.0506022  -1.8420361 ]
 [-0.02306588  0.12274009]
 [ 1.0698162  -1.1121564 ]
 [ 1.5303662  -1.5325642 ]
 [ 1.3228383  -1.3058238 ]
 [ 2.0506022  -1.8420361 ]
 [ 1.2540134  -0.99445903]
 [ 1.5303662  -1.5325642 ]
 [-0.85997707  0.79757047]
 [-0.01389162  0.01540026]
 [ 1.8430743  -1.6152956 ]
 [ 1.5303662  -1.5325642 ]
 [ 2.0506022  -1.8420361 ]
 [ 1.7237376  -1.5222067 ]
 [ 1.3875066  -1.3246459 ]
 [ 1.3228383  -1.3058238 ]
 [-0.02306588  0.12274009]
 [-0.02306588  0.12274009]
 [ 1.2631876  -1.1017989 ]
 [ 1.8572308  -1.8523935 ]
 [ 1.8430743  -1.6152956 ]
 [ 1.5303662  -1.5325642 ]
 [-0.02306588  0.12274009]
 [ 0.18718879 -0.01697233]
 [ 1.8572308  -1.8523935 ]]
2025-12-21 17:41:06,380 - [INFO] - ------------------------------------------------------------
2025-12-21 17:41:06,380 - [INFO] - On Validation Set:
	Accuracy of RRL  Model: 0.8935729094678645
	F1 Score of RRL  Model: 0.7049128661475714
2025-12-21 17:41:06,386 - [INFO] - On Validation Set:
Performance of  RRL Model: 
[[1225   61]
 [  93   68]]
              precision    recall  f1-score   support

           0       0.93      0.95      0.94      1286
           1       0.53      0.42      0.47       161

    accuracy                           0.89      1447
   macro avg       0.73      0.69      0.70      1447
weighted avg       0.88      0.89      0.89      1447

2025-12-21 17:41:06,386 - [INFO] - ------------------------------------------------------------
2025-12-21 17:41:07,731 - [INFO] - epoch: 35, loss_rrl: 226.2008660249412
2025-12-21 17:41:08,004 - [DEBUG] - y_true: (1447,) [0 0 0 0 0 1 0 0 0 0 0 0 0 0 0 0 0 1 0 0 0 0 0 0 1 0 0 0 0 0 0 0 0 0 0 0 0
 0 1 1 0]
2025-12-21 17:41:08,308 - [DEBUG] - y_rrl_: (1447,) [0 0 0 0 0 0 0 0 0 0 0 0 0 0 0 0 0 0 0 0 0 0 0 0 1 0 0 0 0 0 0 0 0 0 0 0 0
 0 0 1 0]
2025-12-21 17:41:08,309 - [DEBUG] - y_rrl: (1447, 2) [[ 1.5417545  -1.3214103 ]
 [ 0.2920111  -0.26741648]
 [ 1.0899283  -1.0639817 ]
 [ 1.0899283  -1.0639817 ]
 [ 1.5417545  -1.3214103 ]
 [ 0.2959596  -0.23511723]
 [ 1.7786995  -1.5774983 ]
 [ 1.9332231  -1.928286  ]
 [ 2.118402   -1.9102013 ]
 [ 0.53290457 -0.49120522]
 [ 0.20063433  0.00424305]
 [ 1.3204848  -1.113636  ]
 [ 1.5417545  -1.3214103 ]
 [ 1.5935208  -1.5955828 ]
 [ 1.7786995  -1.5774983 ]
 [ 1.2612505  -1.1001346 ]
 [ 2.118402   -1.9102013 ]
 [ 0.0154556  -0.01384156]
 [ 1.0760717  -1.1182193 ]
 [ 1.5935208  -1.5955828 ]
 [ 1.5935208  -1.5955828 ]
 [ 1.7786995  -1.5774983 ]
 [ 1.4982313  -1.2582967 ]
 [ 1.5935208  -1.5955828 ]
 [-0.5882262   0.48766476]
 [ 0.48113832 -0.21703261]
 [ 1.2612863  -1.0022087 ]
 [ 1.5935208  -1.5955828 ]
 [ 1.4981955  -1.3562226 ]
 [ 1.7786995  -1.5774983 ]
 [ 1.135306   -1.1317207 ]
 [ 1.5935208  -1.5955828 ]
 [ 0.20063433  0.00424305]
 [ 0.0154556  -0.01384156]
 [ 1.5417545  -1.3214103 ]
 [ 1.9332231  -1.928286  ]
 [ 1.5417545  -1.3214103 ]
 [ 1.5935208  -1.5955828 ]
 [ 0.2959596  -0.23511723]
 [-0.3438132   0.49224794]
 [ 1.9332231  -1.928286  ]]
2025-12-21 17:41:08,311 - [INFO] - ------------------------------------------------------------
2025-12-21 17:41:08,311 - [INFO] - On Validation Set:
	Accuracy of RRL  Model: 0.8977194194885971
	F1 Score of RRL  Model: 0.5988145550460091
2025-12-21 17:41:08,317 - [INFO] - On Validation Set:
Performance of  RRL Model: 
[[1274   12]
 [ 136   25]]
              precision    recall  f1-score   support

           0       0.90      0.99      0.95      1286
           1       0.68      0.16      0.25       161

    accuracy                           0.90      1447
   macro avg       0.79      0.57      0.60      1447
weighted avg       0.88      0.90      0.87      1447

2025-12-21 17:41:08,317 - [INFO] - ------------------------------------------------------------
2025-12-21 17:41:09,950 - [DEBUG] - y_true: (1447,) [0 0 0 0 0 1 0 0 0 0 0 0 0 0 0 0 0 1 0 0 0 0 0 0 1 0 0 0 0 0 0 0 0 0 0 0 0
 0 1 1 0]
2025-12-21 17:41:10,254 - [DEBUG] - y_rrl_: (1447,) [0 0 0 0 0 1 0 0 0 0 0 0 0 0 0 0 0 0 0 0 0 0 0 0 1 1 0 0 0 0 0 0 0 0 0 0 0
 0 0 0 0]
2025-12-21 17:41:10,255 - [DEBUG] - y_rrl: (1447, 2) [[ 1.2069339  -1.0461042 ]
 [ 0.2618664  -0.23721227]
 [ 1.5018847  -1.5038086 ]
 [ 1.5018847  -1.5038086 ]
 [ 1.2069339  -1.0461042 ]
 [-0.05040546  0.05212624]
 [ 1.4623314  -1.2423987 ]
 [ 1.8400643  -1.8350244 ]
 [ 2.016594   -1.808771  ]
 [ 0.421075   -0.37932464]
 [ 0.20499207 -0.14416826]
 [ 1.8005111  -1.5736146 ]
 [ 1.2069339  -1.0461042 ]
 [ 1.2858018  -1.2686522 ]
 [ 1.4623314  -1.2423987 ]
 [ 1.6784143  -1.4775552 ]
 [ 2.016594   -1.808771  ]
 [ 0.20499207 -0.14416826]
 [ 1.2464871  -1.3075141 ]
 [ 1.2858018  -1.2686522 ]
 [ 1.5018847  -1.5038086 ]
 [ 1.4623314  -1.2423987 ]
 [ 1.2029841  -0.94439566]
 [ 1.2858018  -1.2686522 ]
 [-0.6576043   0.5577203 ]
 [-0.05040546  0.05212624]
 [ 1.2029841  -0.94439566]
 [ 1.2858018  -1.2686522 ]
 [ 1.4623314  -1.2423987 ]
 [ 1.6784143  -1.4775552 ]
 [ 1.6239814  -1.5998679 ]
 [ 1.2858018  -1.2686522 ]
 [ 0.20499207 -0.14416826]
 [ 0.20499207 -0.14416826]
 [ 1.2069339  -1.0461042 ]
 [ 1.8400643  -1.8350244 ]
 [ 1.4623314  -1.2423987 ]
 [ 1.2858018  -1.2686522 ]
 [ 0.20499207 -0.14416826]
 [ 1.0020399  -0.76879287]
 [ 1.8400643  -1.8350244 ]]
2025-12-21 17:41:10,257 - [INFO] - ------------------------------------------------------------
2025-12-21 17:41:10,257 - [INFO] - On Validation Set:
	Accuracy of RRL  Model: 0.8949550794747754
	F1 Score of RRL  Model: 0.6765947936149439
2025-12-21 17:41:10,263 - [INFO] - On Validation Set:
Performance of  RRL Model: 
[[1242   44]
 [ 108   53]]
              precision    recall  f1-score   support

           0       0.92      0.97      0.94      1286
           1       0.55      0.33      0.41       161

    accuracy                           0.89      1447
   macro avg       0.73      0.65      0.68      1447
weighted avg       0.88      0.89      0.88      1447

2025-12-21 17:41:10,263 - [INFO] - ------------------------------------------------------------
2025-12-21 17:41:11,170 - [INFO] - epoch: 36, loss_rrl: 225.84074982907623
2025-12-21 17:41:11,892 - [DEBUG] - y_true: (1447,) [0 0 0 0 0 1 0 0 0 0 0 0 0 0 0 0 0 1 0 0 0 0 0 0 1 0 0 0 0 0 0 0 0 0 0 0 0
 0 1 1 0]
2025-12-21 17:41:12,196 - [DEBUG] - y_rrl_: (1447,) [0 1 0 0 0 1 0 0 0 0 0 0 0 0 0 0 0 0 0 0 0 0 0 0 1 1 0 0 0 0 0 0 0 0 0 0 0
 0 0 0 0]
2025-12-21 17:41:12,196 - [DEBUG] - y_rrl: (1447, 2) [[ 0.93859446 -0.740823  ]
 [-0.03186917  0.09381994]
 [ 1.8757144  -1.8705719 ]
 [ 1.8757144  -1.8705719 ]
 [ 1.2075187  -0.95076895]
 [-0.03285402  0.03468119]
 [ 1.8243824  -1.5979428 ]
 [ 1.8757144  -1.8705719 ]
 [ 2.0570326  -1.8495967 ]
 [ 0.4687203  -0.4269186 ]
 [ 0.2360703  -0.1752648 ]
 [ 1.8243824  -1.5979428 ]
 [ 0.93859446 -0.740823  ]
 [ 1.6430645  -1.6189182 ]
 [ 1.2075187  -0.95076895]
 [ 2.0570326  -1.8495967 ]
 [ 2.0570326  -1.8495967 ]
 [ 0.2360703  -0.1752648 ]
 [ 0.98992634 -1.0134519 ]
 [ 1.0262008  -0.9717441 ]
 [ 1.2588507  -1.223398  ]
 [ 1.8243824  -1.5979428 ]
 [ 0.93078375 -0.6354558 ]
 [ 1.0262008  -0.9717441 ]
 [-0.350512    0.31029096]
 [-0.03285402  0.03468119]
 [ 1.5476475  -1.2826297 ]
 [ 1.0262008  -0.9717441 ]
 [ 1.8243824  -1.5979428 ]
 [ 1.4401687  -1.2024226 ]
 [ 1.6430645  -1.6189182 ]
 [ 1.0262008  -0.9717441 ]
 [ 0.2360703  -0.1752648 ]
 [ 0.2360703  -0.1752648 ]
 [ 0.93859446 -0.740823  ]
 [ 1.8757144  -1.8705719 ]
 [ 1.8243824  -1.5979428 ]
 [ 1.0262008  -0.9717441 ]
 [ 0.2360703  -0.1752648 ]
 [ 0.4476696  -0.31590784]
 [ 1.8757144  -1.8705719 ]]
2025-12-21 17:41:12,199 - [INFO] - ------------------------------------------------------------
2025-12-21 17:41:12,199 - [INFO] - On Validation Set:
	Accuracy of RRL  Model: 0.8949550794747754
	F1 Score of RRL  Model: 0.6874765547737323
2025-12-21 17:41:12,205 - [INFO] - On Validation Set:
Performance of  RRL Model: 
[[1237   49]
 [ 103   58]]
              precision    recall  f1-score   support

           0       0.92      0.96      0.94      1286
           1       0.54      0.36      0.43       161

    accuracy                           0.89      1447
   macro avg       0.73      0.66      0.69      1447
weighted avg       0.88      0.89      0.89      1447

2025-12-21 17:41:12,205 - [INFO] - ------------------------------------------------------------
2025-12-21 17:41:13,835 - [DEBUG] - y_true: (1447,) [0 0 0 0 0 1 0 0 0 0 0 0 0 0 0 0 0 1 0 0 0 0 0 0 1 0 0 0 0 0 0 0 0 0 0 0 0
 0 1 1 0]
2025-12-21 17:41:14,140 - [DEBUG] - y_rrl_: (1447,) [0 0 0 0 0 0 0 0 0 0 1 0 0 0 0 0 0 1 0 0 0 0 0 0 1 0 0 0 0 0 0 0 1 1 0 0 0
 0 0 0 0]
2025-12-21 17:41:14,140 - [DEBUG] - y_rrl: (1447, 2) [[ 1.4866121  -1.2675285 ]
 [ 0.2567948  -0.23202565]
 [ 1.0139278  -0.98773867]
 [ 1.0139278  -0.98773867]
 [ 1.221376   -1.0611472 ]
 [ 0.21277498 -0.15198624]
 [ 1.4866121  -1.2675285 ]
 [ 1.8368636  -1.8316189 ]
 [ 2.012642   -1.8055993 ]
 [ 0.4315287  -0.38967448]
 [-0.06036811  0.15965733]
 [ 1.520745   -1.2562674 ]
 [ 1.4866121  -1.2675285 ]
 [ 1.5295876  -1.5312364 ]
 [ 1.7053658  -1.5052167 ]
 [ 1.7053658  -1.5052167 ]
 [ 2.012642   -1.8055993 ]
 [-0.06036811  0.15965733]
 [ 1.2643514  -1.3248551 ]
 [ 1.5295876  -1.5312364 ]
 [ 1.5295876  -1.5312364 ]
 [ 1.7053658  -1.5052167 ]
 [ 1.213469   -0.9558849 ]
 [ 1.5295876  -1.5312364 ]
 [-0.9177182   0.857645  ]
 [ 0.21277498 -0.15198624]
 [ 1.213469   -0.9558849 ]
 [ 1.5295876  -1.5312364 ]
 [ 1.7053658  -1.5052167 ]
 [ 1.7053658  -1.5052167 ]
 [ 1.3449669  -1.2822871 ]
 [ 1.3108339  -1.2935481 ]
 [-0.06036811  0.15965733]
 [-0.06036811  0.15965733]
 [ 1.4866121  -1.2675285 ]
 [ 1.8368636  -1.8316189 ]
 [ 1.4866121  -1.2675285 ]
 [ 1.5295876  -1.5312364 ]
 [ 0.21277498 -0.15198624]
 [ 0.41297156 -0.22116336]
 [ 1.8368636  -1.8316189 ]]
2025-12-21 17:41:14,143 - [INFO] - ------------------------------------------------------------
2025-12-21 17:41:14,143 - [INFO] - On Validation Set:
	Accuracy of RRL  Model: 0.8956461644782309
	F1 Score of RRL  Model: 0.6682427251539238
2025-12-21 17:41:14,149 - [INFO] - On Validation Set:
Performance of  RRL Model: 
[[1247   39]
 [ 112   49]]
              precision    recall  f1-score   support

           0       0.92      0.97      0.94      1286
           1       0.56      0.30      0.39       161

    accuracy                           0.90      1447
   macro avg       0.74      0.64      0.67      1447
weighted avg       0.88      0.90      0.88      1447

2025-12-21 17:41:14,149 - [INFO] - ------------------------------------------------------------
2025-12-21 17:41:14,602 - [INFO] - epoch: 37, loss_rrl: 227.46818299870938
2025-12-21 17:41:15,797 - [DEBUG] - y_true: (1447,) [0 0 0 0 0 1 0 0 0 0 0 0 0 0 0 0 0 1 0 0 0 0 0 0 1 0 0 0 0 0 0 0 0 0 0 0 0
 0 1 1 0]
2025-12-21 17:41:16,101 - [DEBUG] - y_rrl_: (1447,) [0 0 0 0 0 0 0 0 0 0 0 0 0 0 0 0 0 0 0 0 0 0 0 0 1 0 0 0 0 0 0 0 0 0 0 0 0
 0 0 0 0]
2025-12-21 17:41:16,102 - [DEBUG] - y_rrl: (1447, 2) [[ 1.5180863  -1.2994343 ]
 [ 0.2702024  -0.2453765 ]
 [ 1.8698378  -1.8644898 ]
 [ 1.8698378  -1.8644898 ]
 [ 1.5180863  -1.2994343 ]
 [ 0.7818513  -0.7488605 ]
 [ 1.8348758  -1.6093645 ]
 [ 1.8698378  -1.8644898 ]
 [ 2.0509987  -1.844353  ]
 [ 0.99797416 -0.9838489 ]
 [ 0.9630122  -0.7287235 ]
 [ 1.8348758  -1.6093645 ]
 [ 1.5180863  -1.2994343 ]
 [ 1.6537149  -1.6295013 ]
 [ 1.5180863  -1.2994343 ]
 [ 1.8348758  -1.6093645 ]
 [ 2.0509987  -1.844353  ]
 [ 0.7818513  -0.7488605 ]
 [ 1.0720502  -1.1134274 ]
 [ 1.3369254  -1.3195713 ]
 [ 1.3369254  -1.3195713 ]
 [ 1.8348758  -1.6093645 ]
 [ 1.2375715  -0.98049664]
 [ 1.3369254  -1.3195713 ]
 [-0.6139251   0.5160059 ]
 [ 0.9630122  -0.7287235 ]
 [ 1.554361   -1.2904269 ]
 [ 1.3369254  -1.3195713 ]
 [ 1.8348758  -1.6093645 ]
 [ 1.7342092  -1.5344228 ]
 [ 1.6537149  -1.6295013 ]
 [ 1.3369254  -1.3195713 ]
 [ 0.9630122  -0.7287235 ]
 [ 0.7818513  -0.7488605 ]
 [ 1.5180863  -1.2994343 ]
 [ 1.8698378  -1.8644898 ]
 [ 1.8348758  -1.6093645 ]
 [ 1.3369254  -1.3195713 ]
 [ 0.7818513  -0.7488605 ]
 [ 1.0270247  -0.7951672 ]
 [ 1.8698378  -1.8644898 ]]
2025-12-21 17:41:16,107 - [INFO] - ------------------------------------------------------------
2025-12-21 17:41:16,107 - [INFO] - On Validation Set:
	Accuracy of RRL  Model: 0.8977194194885971
	F1 Score of RRL  Model: 0.5988145550460091
2025-12-21 17:41:16,121 - [INFO] - On Validation Set:
Performance of  RRL Model: 
[[1274   12]
 [ 136   25]]
              precision    recall  f1-score   support

           0       0.90      0.99      0.95      1286
           1       0.68      0.16      0.25       161

    accuracy                           0.90      1447
   macro avg       0.79      0.57      0.60      1447
weighted avg       0.88      0.90      0.87      1447

2025-12-21 17:41:16,122 - [INFO] - ------------------------------------------------------------
2025-12-21 17:41:17,906 - [DEBUG] - y_true: (1447,) [0 0 0 0 0 1 0 0 0 0 0 0 0 0 0 0 0 1 0 0 0 0 0 0 1 0 0 0 0 0 0 0 0 0 0 0 0
 0 1 1 0]
2025-12-21 17:41:18,204 - [DEBUG] - y_rrl_: (1447,) [0 1 0 0 0 0 0 0 0 0 0 0 0 0 0 0 0 0 0 0 0 0 0 0 1 0 0 0 0 0 0 0 1 1 0 0 0
 0 0 0 0]
2025-12-21 17:41:18,205 - [DEBUG] - y_rrl: (1447, 2) [[ 1.2216533  -0.96645474]
 [-0.03076924  0.09263938]
 [ 1.5687045  -1.5700791 ]
 [ 1.5687045  -1.5700791 ]
 [ 0.94332063 -0.74672824]
 [ 0.23835857 -0.1776064 ]
 [ 1.5092117  -1.2909994 ]
 [ 1.8958386  -1.890388  ]
 [ 2.07575    -1.8695096 ]
 [ 0.47776294 -0.43580753]
 [ 0.4182701  -0.15672785]
 [ 1.8363458  -1.6113085 ]
 [ 1.2216533  -0.96645474]
 [ 1.3293003  -1.311878  ]
 [ 1.2216533  -0.96645474]
 [ 1.5092117  -1.2909994 ]
 [ 2.07575    -1.8695096 ]
 [ 0.23835857 -0.1776064 ]
 [ 0.7634091  -0.7676068 ]
 [ 1.0417417  -0.9873333 ]
 [ 1.0417417  -0.9873333 ]
 [ 1.5092117  -1.2909994 ]
 [ 0.9399469  -0.6464032 ]
 [ 1.0417417  -0.9873333 ]
 [-0.9396867   0.8807878 ]
 [ 0.4182701  -0.15672785]
 [ 1.2275053  -0.97094786]
 [ 1.0417417  -0.9873333 ]
 [ 1.5092117  -1.2909994 ]
 [ 1.4610578  -1.2246559 ]
 [ 1.6564344  -1.6321869 ]
 [ 1.0417417  -0.9873333 ]
 [ 0.1365637   0.1633237 ]
 [-0.04334782  0.14244515]
 [ 1.2216533  -0.96645474]
 [ 1.8958386  -1.890388  ]
 [ 1.5092117  -1.2909994 ]
 [ 1.0417417  -0.9873333 ]
 [ 0.23835857 -0.1776064 ]
 [ 0.12739797  0.041579  ]
 [ 1.8958386  -1.890388  ]]
2025-12-21 17:41:18,207 - [INFO] - ------------------------------------------------------------
2025-12-21 17:41:18,207 - [INFO] - On Validation Set:
	Accuracy of RRL  Model: 0.8956461644782309
	F1 Score of RRL  Model: 0.700518788078154
2025-12-21 17:41:18,213 - [INFO] - On Validation Set:
Performance of  RRL Model: 
[[1232   54]
 [  97   64]]
              precision    recall  f1-score   support

           0       0.93      0.96      0.94      1286
           1       0.54      0.40      0.46       161

    accuracy                           0.90      1447
   macro avg       0.73      0.68      0.70      1447
weighted avg       0.88      0.90      0.89      1447

2025-12-21 17:41:18,213 - [INFO] - ------------------------------------------------------------
2025-12-21 17:41:18,214 - [INFO] - epoch: 38, loss_rrl: 227.0833597285673
2025-12-21 17:41:19,944 - [DEBUG] - y_true: (1447,) [0 0 0 0 0 1 0 0 0 0 0 0 0 0 0 0 0 1 0 0 0 0 0 0 1 0 0 0 0 0 0 0 0 0 0 0 0
 0 1 1 0]
2025-12-21 17:41:20,244 - [DEBUG] - y_rrl_: (1447,) [0 0 0 0 0 1 0 0 0 0 0 0 0 0 0 0 0 0 0 0 0 0 0 0 1 1 0 0 0 0 0 0 1 1 0 0 0
 0 0 0 0]
2025-12-21 17:41:20,245 - [DEBUG] - y_rrl: (1447, 2) [[ 1.2671767  -1.1078776 ]
 [ 0.27370268 -0.24875806]
 [ 1.5417458  -1.5429814 ]
 [ 1.5417458  -1.5429814 ]
 [ 1.2671767  -1.1078776 ]
 [-0.02494647  0.0272    ]
 [ 1.5198194  -1.3020389 ]
 [ 1.855126   -1.8495709 ]
 [ 2.0465727  -1.840729  ]
 [ 0.4410692  -0.39906204]
 [ 0.22769617 -0.16696128]
 [ 1.8331996  -1.6086283 ]
 [ 1.2671767  -1.1078776 ]
 [ 1.3283727  -1.3108807 ]
 [ 1.5198194  -1.3020389 ]
 [ 1.5198194  -1.3020389 ]
 [ 2.0465727  -1.840729  ]
 [ 0.22769617 -0.16696128]
 [ 1.0757301  -1.1167192 ]
 [ 1.3283727  -1.3108807 ]
 [ 1.3283727  -1.3108807 ]
 [ 1.5198194  -1.3020389 ]
 [ 1.2450557  -0.98900765]
 [ 1.3283727  -1.3108807 ]
 [-0.9241238   0.86583036]
 [-0.02494647  0.0272    ]
 [ 1.2450557  -0.98900765]
 [ 1.3283727  -1.3108807 ]
 [ 1.5198194  -1.3020389 ]
 [ 1.7331924  -1.5341396 ]
 [ 1.641753   -1.6174701 ]
 [ 1.3283727  -1.3108807 ]
 [-0.04706751  0.14607003]
 [-0.04706751  0.14607003]
 [ 1.2671767  -1.1078776 ]
 [ 1.855126   -1.8495709 ]
 [ 1.5198194  -1.3020389 ]
 [ 1.3283727  -1.3108807 ]
 [ 0.22769617 -0.16696128]
 [ 1.305936   -1.0536984 ]
 [ 1.855126   -1.8495709 ]]
2025-12-21 17:41:20,247 - [INFO] - ------------------------------------------------------------
2025-12-21 17:41:20,247 - [INFO] - On Validation Set:
	Accuracy of RRL  Model: 0.8928818244644091
	F1 Score of RRL  Model: 0.6690541220494342
2025-12-21 17:41:20,253 - [INFO] - On Validation Set:
Performance of  RRL Model: 
[[1241   45]
 [ 110   51]]
              precision    recall  f1-score   support

           0       0.92      0.97      0.94      1286
           1       0.53      0.32      0.40       161

    accuracy                           0.89      1447
   macro avg       0.72      0.64      0.67      1447
weighted avg       0.88      0.89      0.88      1447

2025-12-21 17:41:20,253 - [INFO] - ------------------------------------------------------------
2025-12-21 17:41:21,608 - [INFO] - epoch: 39, loss_rrl: 225.20640897005796
2025-12-21 17:41:22,165 - [DEBUG] - y_true: (1447,) [0 0 0 0 0 1 0 0 0 0 0 0 0 0 0 0 0 1 0 0 0 0 0 0 1 0 0 0 0 0 0 0 0 0 0 0 0
 0 1 1 0]
2025-12-21 17:41:22,463 - [DEBUG] - y_rrl_: (1447,) [0 1 0 0 0 1 0 0 0 0 1 0 0 0 0 0 0 1 0 0 0 0 0 0 1 1 0 0 0 0 0 0 1 1 0 0 0
 0 1 1 0]
2025-12-21 17:41:22,464 - [DEBUG] - y_rrl: (1447, 2) [[ 0.95314705 -0.7573475 ]
 [-0.0337667   0.09558524]
 [ 1.8971409  -1.891483  ]
 [ 1.8971409  -1.891483  ]
 [ 0.95314705 -0.7573475 ]
 [-0.04030649  0.04266585]
 [ 1.8319165  -1.6078176 ]
 [ 1.8971409  -1.891483  ]
 [ 2.0787     -1.8732601 ]
 [ 0.4862998  -0.44424158]
 [-0.05021428  0.1491224 ]
 [ 1.5421859  -1.2798961 ]
 [ 0.95314705 -0.7573475 ]
 [ 1.6503574  -1.6260405 ]
 [ 1.2329699  -0.9788125 ]
 [ 2.0787     -1.8732601 ]
 [ 2.0787     -1.8732601 ]
 [-0.05021428  0.1491224 ]
 [ 1.0183715  -1.0410126 ]
 [ 1.0514108  -0.9970352 ]
 [ 1.2981943  -1.2624776 ]
 [ 1.8319165  -1.6078176 ]
 [ 0.9432393  -0.650891  ]
 [ 1.0514108  -0.9970352 ]
 [-0.89240754  0.8346602 ]
 [-0.04030649  0.04266585]
 [ 1.5421859  -1.2798961 ]
 [ 1.0514108  -0.9970352 ]
 [ 1.8319165  -1.6078176 ]
 [ 1.4797534  -1.244255  ]
 [ 1.3606268  -1.298119  ]
 [ 1.0514108  -0.9970352 ]
 [-0.05021428  0.1491224 ]
 [-0.05021428  0.1491224 ]
 [ 0.95314705 -0.7573475 ]
 [ 1.8971409  -1.891483  ]
 [ 1.8319165  -1.6078176 ]
 [ 1.0514108  -0.9970352 ]
 [-0.05021428  0.1491224 ]
 [-0.10482658  0.31197596]
 [ 1.8971409  -1.891483  ]]
2025-12-21 17:41:22,466 - [INFO] - ------------------------------------------------------------
2025-12-21 17:41:22,466 - [INFO] - On Validation Set:
	Accuracy of RRL  Model: 0.8845888044229441
	F1 Score of RRL  Model: 0.7195700636757885
2025-12-21 17:41:22,471 - [INFO] - On Validation Set:
Performance of  RRL Model: 
[[1195   91]
 [  76   85]]
              precision    recall  f1-score   support

           0       0.94      0.93      0.93      1286
           1       0.48      0.53      0.50       161

    accuracy                           0.88      1447
   macro avg       0.71      0.73      0.72      1447
weighted avg       0.89      0.88      0.89      1447

2025-12-21 17:41:22,472 - [INFO] - ------------------------------------------------------------
2025-12-21 17:41:24,298 - [DEBUG] - y_true: (1447,) [0 0 0 0 0 1 0 0 0 0 0 0 0 0 0 0 0 1 0 0 0 0 0 0 1 0 0 0 0 0 0 0 0 0 0 0 0
 0 1 1 0]
2025-12-21 17:41:24,596 - [DEBUG] - y_rrl_: (1447,) [0 0 0 0 0 1 0 0 0 0 0 0 0 0 0 0 0 0 0 0 0 0 0 0 1 1 0 0 0 0 0 0 1 1 0 0 0
 0 0 0 0]
2025-12-21 17:41:24,596 - [DEBUG] - y_rrl: (1447, 2) [[ 1.2468333  -1.0881621 ]
 [ 0.2807549  -0.25569582]
 [ 1.8686703  -1.8629116 ]
 [ 1.8686703  -1.8629116 ]
 [ 1.5080479  -1.2911409 ]
 [-0.0467774   0.0492387 ]
 [ 1.8304763  -1.606845  ]
 [ 1.8686703  -1.8629116 ]
 [ 2.0493362  -1.8442963 ]
 [ 0.4332971  -0.3911915 ]
 [ 0.21443719 -0.15374014]
 [ 1.8304763  -1.606845  ]
 [ 1.2468333  -1.0881621 ]
 [ 1.6498104  -1.6254601 ]
 [ 1.5080479  -1.2911409 ]
 [ 2.0493362  -1.8442963 ]
 [ 2.0493362  -1.8442963 ]
 [ 0.21443719 -0.15374014]
 [ 1.2850275  -1.3442286 ]
 [ 1.3273822  -1.3097562 ]
 [ 1.5462421  -1.5472075 ]
 [ 1.8304763  -1.606845  ]
 [ 1.2354546  -0.98043185]
 [ 1.3273822  -1.3097562 ]
 [-0.87474895  0.81743526]
 [-0.0467774   0.0492387 ]
 [ 1.5578829  -1.296136  ]
 [ 1.3273822  -1.3097562 ]
 [ 1.8304763  -1.606845  ]
 [ 1.7269078  -1.5285922 ]
 [ 1.6498104  -1.6254601 ]
 [ 1.3273822  -1.3097562 ]
 [-0.05815622  0.15696889]
 [-0.05815622  0.15696889]
 [ 1.2468333  -1.0881621 ]
 [ 1.8686703  -1.8629116 ]
 [ 1.8304763  -1.606845  ]
 [ 1.3273822  -1.3097562 ]
 [ 0.21443719 -0.15374014]
 [ 0.7622788  -0.6089851 ]
 [ 1.8686703  -1.8629116 ]]
2025-12-21 17:41:24,599 - [INFO] - ------------------------------------------------------------
2025-12-21 17:41:24,599 - [INFO] - On Validation Set:
	Accuracy of RRL  Model: 0.89426399447132
	F1 Score of RRL  Model: 0.6686621578543281
2025-12-21 17:41:24,605 - [INFO] - On Validation Set:
Performance of  RRL Model: 
[[1244   42]
 [ 111   50]]
              precision    recall  f1-score   support

           0       0.92      0.97      0.94      1286
           1       0.54      0.31      0.40       161

    accuracy                           0.89      1447
   macro avg       0.73      0.64      0.67      1447
weighted avg       0.88      0.89      0.88      1447

2025-12-21 17:41:24,605 - [INFO] - ------------------------------------------------------------
2025-12-21 17:41:25,299 - [INFO] - epoch: 40, loss_rrl: 225.5373875759542
2025-12-21 17:41:26,215 - [DEBUG] - y_true: (1447,) [0 0 0 0 0 1 0 0 0 0 0 0 0 0 0 0 0 1 0 0 0 0 0 0 1 0 0 0 0 0 0 0 0 0 0 0 0
 0 1 1 0]
2025-12-21 17:41:26,514 - [DEBUG] - y_rrl_: (1447,) [0 0 0 0 0 1 0 0 0 0 0 0 0 0 0 0 0 0 0 0 0 0 0 0 1 0 0 0 0 0 0 0 0 0 0 0 0
 0 0 0 0]
2025-12-21 17:41:26,515 - [DEBUG] - y_rrl: (1447, 2) [[ 1.2346455  -1.0762928 ]
 [ 0.22969188 -0.20457524]
 [ 1.0148534  -0.98818827]
 [ 1.0148534  -0.98818827]
 [ 1.5080019  -1.2915375 ]
 [-0.03886588  0.04143112]
 [ 1.7331579  -1.5352168 ]
 [ 1.8801082  -1.8742483 ]
 [ 2.067979   -1.8633472 ]
 [ 0.45964646 -0.41749287]
 [ 0.42236155 -0.16291258]
 [ 1.8428233  -1.6196679 ]
 [ 1.2346455  -1.0762928 ]
 [ 1.5452868  -1.5461178 ]
 [ 1.7331579  -1.5352168 ]
 [ 1.5080019  -1.2915375 ]
 [ 2.067979   -1.8633472 ]
 [ 0.23449056 -0.17381355]
 [ 1.0467745  -1.0871937 ]
 [ 1.5452868  -1.5461178 ]
 [ 1.5452868  -1.5461178 ]
 [ 1.7331579  -1.5352168 ]
 [ 1.4465088  -1.2105278 ]
 [ 1.5452868  -1.5461178 ]
 [-0.34124     0.30448034]
 [ 0.1490051   0.05233213]
 [ 1.2213528  -0.96684843]
 [ 1.5452868  -1.5461178 ]
 [ 1.7331579  -1.5352168 ]
 [ 1.7331579  -1.5352168 ]
 [ 1.6549523  -1.630569  ]
 [ 1.5452868  -1.5461178 ]
 [ 0.42236155 -0.16291258]
 [ 0.23449056 -0.17381355]
 [ 1.2346455  -1.0762928 ]
 [ 1.8801082  -1.8742483 ]
 [ 1.5080019  -1.2915375 ]
 [ 1.5452868  -1.5461178 ]
 [ 0.23449056 -0.17381355]
 [ 0.4429372  -0.31088176]
 [ 1.8801082  -1.8742483 ]]
2025-12-21 17:41:26,517 - [INFO] - ------------------------------------------------------------
2025-12-21 17:41:26,517 - [INFO] - On Validation Set:
	Accuracy of RRL  Model: 0.9053213545266068
	F1 Score of RRL  Model: 0.6777403345184043
2025-12-21 17:41:26,523 - [INFO] - On Validation Set:
Performance of  RRL Model: 
[[1263   23]
 [ 114   47]]
              precision    recall  f1-score   support

           0       0.92      0.98      0.95      1286
           1       0.67      0.29      0.41       161

    accuracy                           0.91      1447
   macro avg       0.79      0.64      0.68      1447
weighted avg       0.89      0.91      0.89      1447

2025-12-21 17:41:26,523 - [INFO] - ------------------------------------------------------------
2025-12-21 17:41:28,267 - [DEBUG] - y_true: (1447,) [0 0 0 0 0 1 0 0 0 0 0 0 0 0 0 0 0 1 0 0 0 0 0 0 1 0 0 0 0 0 0 0 0 0 0 0 0
 0 1 1 0]
2025-12-21 17:41:28,567 - [DEBUG] - y_rrl_: (1447,) [0 0 0 0 0 0 0 0 0 0 0 0 0 0 0 0 0 0 0 0 0 0 0 0 1 0 0 0 0 0 0 0 0 0 0 0 0
 0 0 0 0]
2025-12-21 17:41:28,568 - [DEBUG] - y_rrl: (1447, 2) [[ 1.5269239  -1.3109044 ]
 [ 0.27867758 -0.25350356]
 [ 1.3881949  -1.354795  ]
 [ 1.3881949  -1.354795  ]
 [ 1.5269239  -1.3109044 ]
 [ 0.24627112 -0.1856136 ]
 [ 1.8548958  -1.632219  ]
 [ 1.8913628  -1.8854014 ]
 [ 2.0816152  -1.8773938 ]
 [ 0.47299063 -0.4307884 ]
 [ 0.4365235  -0.17760584]
 [ 1.579052   -1.318412  ]
 [ 1.5269239  -1.3109044 ]
 [ 1.6646433  -1.6402267 ]
 [ 1.5269239  -1.3109044 ]
 [ 2.0816152  -1.8773938 ]
 [ 2.0816152  -1.8773938 ]
 [ 0.24627112 -0.1856136 ]
 [ 1.2844089  -1.3430918 ]
 [ 1.3366715  -1.3189121 ]
 [ 1.563391   -1.564087  ]
 [ 1.8548958  -1.632219  ]
 [ 1.25108    -0.99709725]
 [ 1.3366715  -1.3189121 ]
 [-0.61457884  0.5203077 ]
 [ 0.4365235  -0.17760584]
 [ 1.579052   -1.318412  ]
 [ 1.3366715  -1.3189121 ]
 [ 1.8548958  -1.632219  ]
 [ 1.7536434  -1.556079  ]
 [ 1.3887994  -1.3264196 ]
 [ 1.3366715  -1.3189121 ]
 [ 0.4365235  -0.17760584]
 [ 0.24627112 -0.1856136 ]
 [ 1.5269239  -1.3109044 ]
 [ 1.8913628  -1.8854014 ]
 [ 1.8548958  -1.632219  ]
 [ 1.3366715  -1.3189121 ]
 [ 0.24627112 -0.1856136 ]
 [ 0.19449832 -0.02446553]
 [ 1.8913628  -1.8854014 ]]
2025-12-21 17:41:28,570 - [INFO] - ------------------------------------------------------------
2025-12-21 17:41:28,570 - [INFO] - On Validation Set:
	Accuracy of RRL  Model: 0.899101589495508
	F1 Score of RRL  Model: 0.643850811889734
2025-12-21 17:41:28,576 - [INFO] - On Validation Set:
Performance of  RRL Model: 
[[1263   23]
 [ 123   38]]
              precision    recall  f1-score   support

           0       0.91      0.98      0.95      1286
           1       0.62      0.24      0.34       161

    accuracy                           0.90      1447
   macro avg       0.77      0.61      0.64      1447
weighted avg       0.88      0.90      0.88      1447

2025-12-21 17:41:28,576 - [INFO] - ------------------------------------------------------------
2025-12-21 17:41:28,874 - [INFO] - epoch: 41, loss_rrl: 227.78514436539263
2025-12-21 17:41:30,532 - [DEBUG] - y_true: (1447,) [0 0 0 0 0 1 0 0 0 0 0 0 0 0 0 0 0 1 0 0 0 0 0 0 1 0 0 0 0 0 0 0 0 0 0 0 0
 0 1 1 0]
2025-12-21 17:41:30,840 - [DEBUG] - y_rrl_: (1447,) [0 0 0 0 0 1 0 0 0 0 0 0 0 0 0 0 0 0 0 0 0 0 0 0 1 1 0 0 0 0 0 0 1 1 0 0 0
 0 0 0 0]
2025-12-21 17:41:30,841 - [DEBUG] - y_rrl: (1447, 2) [[ 1.2450022  -1.0872893 ]
 [ 0.25540608 -0.23017347]
 [ 1.8650815  -1.8590183 ]
 [ 1.8650815  -1.8590183 ]
 [ 1.5116179  -1.2960429 ]
 [-0.03316356  0.03594086]
 [ 2.0507123  -1.8469012 ]
 [ 1.8650815  -1.8590183 ]
 [ 2.0507123  -1.8469012 ]
 [ 0.44346946 -0.40121716]
 [ 0.23345222 -0.17281273]
 [ 1.840695   -1.6184967 ]
 [ 1.2450022  -1.0872893 ]
 [ 1.8650815  -1.8590183 ]
 [ 1.7216351  -1.5244474 ]
 [ 1.840695   -1.6184967 ]
 [ 2.0507123  -1.8469012 ]
 [ 0.23345222 -0.17281273]
 [ 1.0593714  -1.0994062 ]
 [ 1.5360043  -1.5365644 ]
 [ 1.5360043  -1.5365644 ]
 [ 2.0507123  -1.8469012 ]
 [ 1.4396088  -1.204535  ]
 [ 1.5360043  -1.5365644 ]
 [-0.9172783   0.86152154]
 [-0.03316356  0.03594086]
 [ 1.5586687  -1.2985842 ]
 [ 1.5360043  -1.5365644 ]
 [ 2.0507123  -1.8469012 ]
 [ 1.7216351  -1.5244474 ]
 [ 1.6550642  -1.6306138 ]
 [ 1.5360043  -1.5365644 ]
 [-0.0485741   0.14709967]
 [-0.0485741   0.14709967]
 [ 1.2450022  -1.0872893 ]
 [ 1.8650815  -1.8590183 ]
 [ 1.840695   -1.6184967 ]
 [ 1.5360043  -1.5365644 ]
 [ 0.23345222 -0.17281273]
 [ 0.41783458 -0.28572282]
 [ 1.8650815  -1.8590183 ]]
2025-12-21 17:41:30,843 - [INFO] - ------------------------------------------------------------
2025-12-21 17:41:30,843 - [INFO] - On Validation Set:
	Accuracy of RRL  Model: 0.9039391845196959
	F1 Score of RRL  Model: 0.7170460572314453
2025-12-21 17:41:30,849 - [INFO] - On Validation Set:
Performance of  RRL Model: 
[[1242   44]
 [  95   66]]
              precision    recall  f1-score   support

           0       0.93      0.97      0.95      1286
           1       0.60      0.41      0.49       161

    accuracy                           0.90      1447
   macro avg       0.76      0.69      0.72      1447
weighted avg       0.89      0.90      0.90      1447

2025-12-21 17:41:30,849 - [INFO] - ------------------------------------------------------------
2025-12-21 17:41:32,466 - [INFO] - epoch: 42, loss_rrl: 227.3606061860919
2025-12-21 17:41:32,725 - [DEBUG] - y_true: (1447,) [0 0 0 0 0 1 0 0 0 0 0 0 0 0 0 0 0 1 0 0 0 0 0 0 1 0 0 0 0 0 0 0 0 0 0 0 0
 0 1 1 0]
2025-12-21 17:41:33,027 - [DEBUG] - y_rrl_: (1447,) [0 0 0 0 0 0 0 0 0 0 0 0 0 0 0 0 0 0 0 0 0 0 0 0 1 0 0 0 0 0 0 0 0 1 0 0 0
 0 0 0 0]
2025-12-21 17:41:33,028 - [DEBUG] - y_rrl: (1447, 2) [[ 1.6062893  -1.3911656 ]
 [ 0.3378011  -0.31250954]
 [ 1.9974983  -1.9913325 ]
 [ 1.9974983  -1.9913325 ]
 [ 1.6062893  -1.3911656 ]
 [ 0.33289552 -0.2722763 ]
 [ 1.9509281  -1.7292148 ]
 [ 1.9974983  -1.9913325 ]
 [ 2.1840935  -1.9806991 ]
 [ 0.56606084 -0.52376056]
 [ 0.51949054 -0.26164287]
 [ 1.9509281  -1.7292148 ]
 [ 1.6062893  -1.3911656 ]
 [ 1.9974983  -1.9913325 ]
 [ 1.8394547  -1.6426499 ]
 [ 1.9509281  -1.7292148 ]
 [ 2.1840935  -1.9806991 ]
 [ 0.33289552 -0.2722763 ]
 [ 1.1310626  -1.1709032 ]
 [ 1.6528594  -1.6532834 ]
 [ 1.4196942  -1.4017991 ]
 [ 2.1840935  -1.9806991 ]
 [ 1.3126624  -1.0597297 ]
 [ 1.6528594  -1.6532834 ]
 [-0.86518943  0.81000805]
 [ 0.51949054 -0.26164287]
 [ 1.6573012  -1.3977789 ]
 [ 1.6528594  -1.6532834 ]
 [ 2.1840935  -1.9806991 ]
 [ 1.8394547  -1.6426499 ]
 [ 1.764333   -1.7398483 ]
 [ 1.4196942  -1.4017991 ]
 [ 0.22586365  0.06979304]
 [ 0.0392686   0.0591596 ]
 [ 1.6062893  -1.3911656 ]
 [ 1.9974983  -1.9913325 ]
 [ 1.9509281  -1.7292148 ]
 [ 1.6528594  -1.6532834 ]
 [ 0.33289552 -0.2722763 ]
 [ 0.8641294  -0.59969217]
 [ 1.9974983  -1.9913325 ]]
2025-12-21 17:41:33,030 - [INFO] - ------------------------------------------------------------
2025-12-21 17:41:33,030 - [INFO] - On Validation Set:
	Accuracy of RRL  Model: 0.8963372494816862
	F1 Score of RRL  Model: 0.5895485696131677
2025-12-21 17:41:33,036 - [INFO] - On Validation Set:
Performance of  RRL Model: 
[[1274   12]
 [ 138   23]]
              precision    recall  f1-score   support

           0       0.90      0.99      0.94      1286
           1       0.66      0.14      0.23       161

    accuracy                           0.90      1447
   macro avg       0.78      0.57      0.59      1447
weighted avg       0.87      0.90      0.87      1447

2025-12-21 17:41:33,036 - [INFO] - ------------------------------------------------------------
2025-12-21 17:41:34,946 - [DEBUG] - y_true: (1447,) [0 0 0 0 0 1 0 0 0 0 0 0 0 0 0 0 0 1 0 0 0 0 0 0 1 0 0 0 0 0 0 0 0 0 0 0 0
 0 1 1 0]
2025-12-21 17:41:35,255 - [DEBUG] - y_rrl_: (1447,) [0 0 0 0 0 1 0 0 0 0 0 0 0 0 0 0 0 0 0 0 0 0 0 0 1 1 0 0 0 0 0 0 0 0 0 0 0
 0 0 0 0]
2025-12-21 17:41:35,256 - [DEBUG] - y_rrl: (1447, 2) [[ 1.23008    -1.0730128 ]
 [ 0.27080655 -0.24545553]
 [ 1.5295355  -1.5298234 ]
 [ 1.5295355  -1.5298234 ]
 [ 1.23008    -1.0730128 ]
 [-0.0431553   0.0461449 ]
 [ 1.4964645  -1.2817866 ]
 [ 1.8564144  -1.8501474 ]
 [ 2.0335479  -1.830566  ]
 [ 0.4334336  -0.39108443]
 [ 0.22322921 -0.16262883]
 [ 1.8233435  -1.6021104 ]
 [ 1.23008    -1.0730128 ]
 [ 1.3193312  -1.3013678 ]
 [ 1.4964645  -1.2817866 ]
 [ 1.7066689  -1.5102422 ]
 [ 2.0335479  -1.830566  ]
 [ 0.22322921 -0.16262883]
 [ 1.263151   -1.3210496 ]
 [ 1.3193312  -1.3013678 ]
 [ 1.5295355  -1.5298234 ]
 [ 1.4964645  -1.2817866 ]
 [ 1.2226375  -0.9702275 ]
 [ 1.3193312  -1.3013678 ]
 [-0.66484225  0.5725067 ]
 [-0.0431553   0.0461449 ]
 [ 1.2226375  -0.9702275 ]
 [ 1.3193312  -1.3013678 ]
 [ 1.4964645  -1.2817866 ]
 [ 1.7066689  -1.5102422 ]
 [ 1.6462101  -1.6216917 ]
 [ 1.3193312  -1.3013678 ]
 [ 0.22322921 -0.16262883]
 [ 0.22322921 -0.16262883]
 [ 1.23008    -1.0730128 ]
 [ 1.8564144  -1.8501474 ]
 [ 1.4964645  -1.2817866 ]
 [ 1.3193312  -1.3013678 ]
 [ 0.22322921 -0.16262883]
 [ 0.72724164 -0.46337155]
 [ 1.8564144  -1.8501474 ]]
2025-12-21 17:41:35,258 - [INFO] - ------------------------------------------------------------
2025-12-21 17:41:35,258 - [INFO] - On Validation Set:
	Accuracy of RRL  Model: 0.89426399447132
	F1 Score of RRL  Model: 0.6756009465686885
2025-12-21 17:41:35,264 - [INFO] - On Validation Set:
Performance of  RRL Model: 
[[1241   45]
 [ 108   53]]
              precision    recall  f1-score   support

           0       0.92      0.97      0.94      1286
           1       0.54      0.33      0.41       161

    accuracy                           0.89      1447
   macro avg       0.73      0.65      0.68      1447
weighted avg       0.88      0.89      0.88      1447

2025-12-21 17:41:35,264 - [INFO] - ------------------------------------------------------------
2025-12-21 17:41:36,235 - [INFO] - epoch: 43, loss_rrl: 226.12724492512643
2025-12-21 17:41:36,934 - [DEBUG] - y_true: (1447,) [0 0 0 0 0 1 0 0 0 0 0 0 0 0 0 0 0 1 0 0 0 0 0 0 1 0 0 0 0 0 0 0 0 0 0 0 0
 0 1 1 0]
2025-12-21 17:41:37,232 - [DEBUG] - y_rrl_: (1447,) [0 0 0 0 0 1 0 0 0 0 0 0 0 0 0 0 0 0 0 0 0 0 0 0 1 0 0 0 0 0 0 0 0 0 0 0 0
 0 0 0 0]
2025-12-21 17:41:37,233 - [DEBUG] - y_rrl: (1447, 2) [[ 1.264811   -1.1080678 ]
 [ 0.2755468  -0.25013945]
 [ 1.5825379  -1.582691  ]
 [ 1.5825379  -1.582691  ]
 [ 1.5312011  -1.3169713 ]
 [-0.01129055  0.01438462]
 [ 1.5312011  -1.3169713 ]
 [ 1.9078443  -1.9014757 ]
 [ 2.091727   -1.8891582 ]
 [ 0.49031907 -0.4479211 ]
 [ 0.4389822  -0.18220145]
 [ 1.8565075  -1.635756  ]
 [ 1.264811   -1.1080678 ]
 [ 1.3473184  -1.3292887 ]
 [ 1.5312011  -1.3169713 ]
 [ 1.5312011  -1.3169713 ]
 [ 2.091727   -1.8891582 ]
 [ 0.25509945 -0.19451883]
 [ 1.0809283  -1.1203852 ]
 [ 1.3473184  -1.3292887 ]
 [ 1.3473184  -1.3292887 ]
 [ 1.5312011  -1.3169713 ]
 [ 1.2414007  -0.98951507]
 [ 1.3473184  -1.3292887 ]
 [-0.328707    0.29447338]
 [ 0.1725922   0.02670201]
 [ 1.2414007  -0.98951507]
 [ 1.3473184  -1.3292887 ]
 [ 1.5312011  -1.3169713 ]
 [ 1.7664206  -1.5703735 ]
 [ 1.6726246  -1.6480734 ]
 [ 1.3473184  -1.3292887 ]
 [ 0.4389822  -0.18220145]
 [ 0.25509945 -0.19451883]
 [ 1.264811   -1.1080678 ]
 [ 1.9078443  -1.9014757 ]
 [ 1.5312011  -1.3169713 ]
 [ 1.3473184  -1.3292887 ]
 [ 0.25509945 -0.19451883]
 [ 0.4543605  -0.3220964 ]
 [ 1.9078443  -1.9014757 ]]
2025-12-21 17:41:37,235 - [INFO] - ------------------------------------------------------------
2025-12-21 17:41:37,235 - [INFO] - On Validation Set:
	Accuracy of RRL  Model: 0.9011748445058743
	F1 Score of RRL  Model: 0.6437979098275289
2025-12-21 17:41:37,241 - [INFO] - On Validation Set:
Performance of  RRL Model: 
[[1267   19]
 [ 124   37]]
              precision    recall  f1-score   support

           0       0.91      0.99      0.95      1286
           1       0.66      0.23      0.34       161

    accuracy                           0.90      1447
   macro avg       0.79      0.61      0.64      1447
weighted avg       0.88      0.90      0.88      1447

2025-12-21 17:41:37,241 - [INFO] - ------------------------------------------------------------
2025-12-21 17:41:38,907 - [DEBUG] - y_true: (1447,) [0 0 0 0 0 1 0 0 0 0 0 0 0 0 0 0 0 1 0 0 0 0 0 0 1 0 0 0 0 0 0 0 0 0 0 0 0
 0 1 1 0]
2025-12-21 17:41:39,208 - [DEBUG] - y_rrl_: (1447,) [0 0 0 0 0 0 0 0 0 0 0 0 0 0 0 0 0 0 0 0 0 0 0 0 1 0 0 0 0 0 0 0 0 0 0 0 0
 0 0 0 0]
2025-12-21 17:41:39,209 - [DEBUG] - y_rrl: (1447, 2) [[ 1.5333971  -1.3196108 ]
 [ 0.28720683 -0.26174146]
 [ 1.0641948  -1.0370612 ]
 [ 1.0641948  -1.0370612 ]
 [ 1.2565051  -1.100081  ]
 [ 0.24751984 -0.18695882]
 [ 1.7507994  -1.5551277 ]
 [ 1.8799412  -1.8734703 ]
 [ 2.0603569  -1.8581967 ]
 [ 0.4649222  -0.42247576]
 [ 0.24751984 -0.18695882]
 [ 1.8429545  -1.6226798 ]
 [ 1.5333971  -1.3196108 ]
 [ 1.5703839  -1.5704012 ]
 [ 1.7507994  -1.5551277 ]
 [ 1.5333971  -1.3196108 ]
 [ 2.0603569  -1.8581967 ]
 [ 0.24751984 -0.18695882]
 [ 1.0760895  -1.1153544 ]
 [ 1.5703839  -1.5704012 ]
 [ 1.5703839  -1.5704012 ]
 [ 1.7507994  -1.5551277 ]
 [ 1.4681058  -1.2348548 ]
 [ 1.5703839  -1.5704012 ]
 [-0.62581724  0.5346993 ]
 [ 0.24751984 -0.18695882]
 [ 1.2507035  -0.99933785]
 [ 1.5703839  -1.5704012 ]
 [ 1.7507994  -1.5551277 ]
 [ 1.7507994  -1.5551277 ]
 [ 1.6625389  -1.6379533 ]
 [ 1.5703839  -1.5704012 ]
 [ 0.24751984 -0.18695882]
 [ 0.24751984 -0.18695882]
 [ 1.5333971  -1.3196108 ]
 [ 1.8799412  -1.8734703 ]
 [ 1.5333971  -1.3196108 ]
 [ 1.5703839  -1.5704012 ]
 [ 0.24751984 -0.18695882]
 [ 0.43579555 -0.3035138 ]
 [ 1.8799412  -1.8734703 ]]
2025-12-21 17:41:39,211 - [INFO] - ------------------------------------------------------------
2025-12-21 17:41:39,211 - [INFO] - On Validation Set:
	Accuracy of RRL  Model: 0.9032480995162405
	F1 Score of RRL  Model: 0.6912869090288445
2025-12-21 17:41:39,217 - [INFO] - On Validation Set:
Performance of  RRL Model: 
[[1253   33]
 [ 107   54]]
              precision    recall  f1-score   support

           0       0.92      0.97      0.95      1286
           1       0.62      0.34      0.44       161

    accuracy                           0.90      1447
   macro avg       0.77      0.65      0.69      1447
weighted avg       0.89      0.90      0.89      1447

2025-12-21 17:41:39,217 - [INFO] - ------------------------------------------------------------
2025-12-21 17:41:39,711 - [INFO] - epoch: 44, loss_rrl: 226.9225776968524
2025-12-21 17:41:40,876 - [DEBUG] - y_true: (1447,) [0 0 0 0 0 1 0 0 0 0 0 0 0 0 0 0 0 1 0 0 0 0 0 0 1 0 0 0 0 0 0 0 0 0 0 0 0
 0 1 1 0]
2025-12-21 17:41:41,180 - [DEBUG] - y_rrl_: (1447,) [0 0 0 0 0 0 0 0 0 0 0 0 0 0 0 0 0 0 0 0 0 0 0 0 1 0 0 0 0 0 0 0 0 0 0 0 0
 0 0 0 0]
2025-12-21 17:41:41,181 - [DEBUG] - y_rrl: (1447, 2) [[ 1.534461   -1.3211184 ]
 [ 0.26271796 -0.23719434]
 [ 1.8930279  -1.8864555 ]
 [ 1.8930279  -1.8864555 ]
 [ 1.2589608  -1.1028563 ]
 [ 0.24223395 -0.1816929 ]
 [ 1.8505663  -1.6307691 ]
 [ 1.8930279  -1.8864555 ]
 [ 2.0729775  -1.8712275 ]
 [ 0.46464527 -0.4221512 ]
 [ 0.42218375 -0.16646485]
 [ 1.8505663  -1.6307691 ]
 [ 1.534461   -1.3211184 ]
 [ 1.6706166  -1.6459972 ]
 [ 1.534461   -1.3211184 ]
 [ 2.0729775  -1.8712275 ]
 [ 2.0729775  -1.8712275 ]
 [ 0.24223395 -0.1816929 ]
 [ 1.3014224  -1.3585427 ]
 [ 1.3545113  -1.3363464 ]
 [ 1.5769225  -1.5768048 ]
 [ 1.8505663  -1.6307691 ]
 [ 1.2424277  -0.9915818 ]
 [ 1.3545113  -1.3363464 ]
 [-0.6212892   0.53074276]
 [ 0.42218375 -0.16646485]
 [ 1.558533   -1.3012325 ]
 [ 1.3545113  -1.3363464 ]
 [ 1.8505663  -1.6307691 ]
 [ 1.7568723  -1.5615767 ]
 [ 1.6706166  -1.6459972 ]
 [ 1.3545113  -1.3363464 ]
 [ 0.42218375 -0.16646485]
 [ 0.24223395 -0.1816929 ]
 [ 1.534461   -1.3211184 ]
 [ 1.8930279  -1.8864555 ]
 [ 1.8505663  -1.6307691 ]
 [ 1.3545113  -1.3363464 ]
 [ 0.24223395 -0.1816929 ]
 [ 0.4251734  -0.29290456]
 [ 1.8930279  -1.8864555 ]]
2025-12-21 17:41:41,183 - [INFO] - ------------------------------------------------------------
2025-12-21 17:41:41,183 - [INFO] - On Validation Set:
	Accuracy of RRL  Model: 0.8997926744989634
	F1 Score of RRL  Model: 0.6477445003886622
2025-12-21 17:41:41,189 - [INFO] - On Validation Set:
Performance of  RRL Model: 
[[1263   23]
 [ 122   39]]
              precision    recall  f1-score   support

           0       0.91      0.98      0.95      1286
           1       0.63      0.24      0.35       161

    accuracy                           0.90      1447
   macro avg       0.77      0.61      0.65      1447
weighted avg       0.88      0.90      0.88      1447

2025-12-21 17:41:41,189 - [INFO] - ------------------------------------------------------------
2025-12-21 17:41:42,835 - [DEBUG] - y_true: (1447,) [0 0 0 0 0 1 0 0 0 0 0 0 0 0 0 0 0 1 0 0 0 0 0 0 1 0 0 0 0 0 0 0 0 0 0 0 0
 0 1 1 0]
2025-12-21 17:41:43,133 - [DEBUG] - y_rrl_: (1447,) [0 0 0 0 0 0 0 0 0 0 0 0 0 0 0 0 0 0 0 0 0 0 0 0 1 0 0 0 0 0 0 0 0 1 0 0 0
 0 0 0 0]
2025-12-21 17:41:43,134 - [DEBUG] - y_rrl: (1447, 2) [[ 1.5755033  -1.362608  ]
 [ 0.29312342 -0.267543  ]
 [ 1.6217396  -1.6214874 ]
 [ 1.6217396  -1.6214874 ]
 [ 1.5755033  -1.362608  ]
 [ 0.27874106 -0.21822079]
 [ 1.5755033  -1.362608  ]
 [ 1.9456539  -1.93898   ]
 [ 2.1393573  -1.9380199 ]
 [ 0.51868093 -0.47614017]
 [ 0.47244468 -0.2172607 ]
 [ 1.8994174  -1.6801004 ]
 [ 1.5755033  -1.362608  ]
 [ 1.3817997  -1.3635681 ]
 [ 1.5755033  -1.362608  ]
 [ 1.8154433  -1.6205273 ]
 [ 2.1393573  -1.9380199 ]
 [ 0.27874106 -0.21822079]
 [ 1.3329823  -1.3898435 ]
 [ 1.3817997  -1.3635681 ]
 [ 1.6217396  -1.6214874 ]
 [ 1.5755033  -1.362608  ]
 [ 1.2774072  -1.0270844 ]
 [ 1.3817997  -1.3635681 ]
 [-0.8803858   0.8278508 ]
 [ 0.47244468 -0.2172607 ]
 [ 1.2774072  -1.0270844 ]
 [ 1.3817997  -1.3635681 ]
 [ 1.5755033  -1.362608  ]
 [ 1.8154433  -1.6205273 ]
 [ 1.705714   -1.6810606 ]
 [ 1.3817997  -1.3635681 ]
 [ 0.17434838  0.11826278]
 [-0.01935524  0.1173027 ]
 [ 1.5755033  -1.362608  ]
 [ 1.9456539  -1.93898   ]
 [ 1.5755033  -1.362608  ]
 [ 1.3817997  -1.3635681 ]
 [ 0.27874106 -0.21822079]
 [ 0.22408566 -0.05584893]
 [ 1.9456539  -1.93898   ]]
2025-12-21 17:41:43,136 - [INFO] - ------------------------------------------------------------
2025-12-21 17:41:43,136 - [INFO] - On Validation Set:
	Accuracy of RRL  Model: 0.8997926744989634
	F1 Score of RRL  Model: 0.6642234722700103
2025-12-21 17:41:43,142 - [INFO] - On Validation Set:
Performance of  RRL Model: 
[[1257   29]
 [ 116   45]]
              precision    recall  f1-score   support

           0       0.92      0.98      0.95      1286
           1       0.61      0.28      0.38       161

    accuracy                           0.90      1447
   macro avg       0.76      0.63      0.66      1447
weighted avg       0.88      0.90      0.88      1447

2025-12-21 17:41:43,142 - [INFO] - ------------------------------------------------------------
2025-12-21 17:41:43,187 - [INFO] - epoch: 45, loss_rrl: 225.56914419215173
2025-12-21 17:41:44,742 - [DEBUG] - y_true: (1447,) [0 0 0 0 0 1 0 0 0 0 0 0 0 0 0 0 0 1 0 0 0 0 0 0 1 0 0 0 0 0 0 0 0 0 0 0 0
 0 1 1 0]
2025-12-21 17:41:45,044 - [DEBUG] - y_rrl_: (1447,) [0 0 0 0 0 1 0 0 0 0 0 0 0 0 0 0 0 0 0 0 0 0 0 0 1 1 0 0 0 0 0 0 0 0 0 0 0
 0 0 0 0]
2025-12-21 17:41:45,045 - [DEBUG] - y_rrl: (1447, 2) [[ 1.3090060e+00 -1.1535428e+00]
 [ 3.0248410e-01 -2.7684370e-01]
 [ 1.5881510e+00 -1.5877630e+00]
 [ 1.5881510e+00 -1.5877630e+00]
 [ 1.3090060e+00 -1.1535428e+00]
 [-1.3903230e-03  4.9002543e-03]
 [ 1.5762997e+00 -1.3638469e+00]
 [ 1.9063796e+00 -1.8996031e+00]
 [ 2.1092894e+00 -1.9083598e+00]
 [ 4.8066437e-01 -4.3807670e-01]
 [ 2.6590335e-01 -2.0540398e-01]
 [ 1.8945283e+00 -1.6756871e+00]
 [ 1.3090060e+00 -1.1535428e+00]
 [ 1.3733900e+00 -1.3550903e+00]
 [ 1.5762997e+00 -1.3638469e+00]
 [ 1.5762997e+00 -1.3638469e+00]
 [ 2.1092894e+00 -1.9083598e+00]
 [ 2.6590335e-01 -2.0540398e-01]
 [ 1.1060963e+00 -1.1447861e+00]
 [ 1.3733900e+00 -1.3550903e+00]
 [ 1.3733900e+00 -1.3550903e+00]
 [ 1.5762997e+00 -1.3638469e+00]
 [ 1.2812717e+00 -1.0314668e+00]
 [ 1.3733900e+00 -1.3550903e+00]
 [-5.9378278e-01  5.0436497e-01]
 [-1.3903230e-03  4.9002543e-03]
 [ 1.2812717e+00 -1.0314668e+00]
 [ 1.3733900e+00 -1.3550903e+00]
 [ 1.5762997e+00 -1.3638469e+00]
 [ 1.7910607e+00 -1.5965196e+00]
 [ 1.6916186e+00 -1.6669304e+00]
 [ 1.3733900e+00 -1.3550903e+00]
 [ 2.6590335e-01 -2.0540398e-01]
 [ 2.6590335e-01 -2.0540398e-01]
 [ 1.3090060e+00 -1.1535428e+00]
 [ 1.9063796e+00 -1.8996031e+00]
 [ 1.5762997e+00 -1.3638469e+00]
 [ 1.3733900e+00 -1.3550903e+00]
 [ 2.6590335e-01 -2.0540398e-01]
 [ 7.9355133e-01 -6.4065999e-01]
 [ 1.9063796e+00 -1.8996031e+00]]
2025-12-21 17:41:45,047 - [INFO] - ------------------------------------------------------------
2025-12-21 17:41:45,047 - [INFO] - On Validation Set:
	Accuracy of RRL  Model: 0.8970283344851416
	F1 Score of RRL  Model: 0.6749995854644231
2025-12-21 17:41:45,053 - [INFO] - On Validation Set:
Performance of  RRL Model: 
[[1247   39]
 [ 110   51]]
              precision    recall  f1-score   support

           0       0.92      0.97      0.94      1286
           1       0.57      0.32      0.41       161

    accuracy                           0.90      1447
   macro avg       0.74      0.64      0.67      1447
weighted avg       0.88      0.90      0.88      1447

2025-12-21 17:41:45,053 - [INFO] - ------------------------------------------------------------
2025-12-21 17:41:46,228 - [INFO] - epoch: 46, loss_rrl: 227.39983325172216
2025-12-21 17:41:46,653 - [DEBUG] - y_true: (1447,) [0 0 0 0 0 1 0 0 0 0 0 0 0 0 0 0 0 1 0 0 0 0 0 0 1 0 0 0 0 0 0 0 0 0 0 0 0
 0 1 1 0]
2025-12-21 17:41:46,953 - [DEBUG] - y_rrl_: (1447,) [0 1 0 0 0 1 0 0 0 0 0 0 0 0 0 0 0 0 0 0 0 0 0 0 1 1 0 0 0 0 0 0 1 1 0 0 0
 0 0 0 0]
2025-12-21 17:41:46,953 - [DEBUG] - y_rrl: (1447, 2) [[ 1.0179151  -0.82699347]
 [-0.01578632  0.07728618]
 [ 1.6321653  -1.6316444 ]
 [ 1.6321653  -1.6316444 ]
 [ 1.0179151  -0.82699347]
 [-0.00821096  0.01182296]
 [ 1.585732   -1.373749  ]
 [ 1.9608897  -1.954014  ]
 [ 2.172275   -1.9717798 ]
 [ 0.5363958  -0.49376237]
 [ 0.2785772  -0.21810114]
 [ 1.9144564  -1.6961186 ]
 [ 1.0179151  -0.82699347]
 [ 1.3743467  -1.3559831 ]
 [ 1.3047032  -1.0569175 ]
 [ 1.8435506  -1.6494102 ]
 [ 2.172275   -1.9717798 ]
 [ 0.2785772  -0.21810114]
 [ 1.0643485  -1.0848888 ]
 [ 1.093318   -1.0391517 ]
 [ 1.3511366  -1.3148129 ]
 [ 1.585732   -1.373749  ]
 [ 0.9899504  -0.70488745]
 [ 1.093318   -1.0391517 ]
 [-0.87346363  0.8218457 ]
 [-0.00821096  0.01182296]
 [ 1.2709792  -1.0217189 ]
 [ 1.093318   -1.0391517 ]
 [ 1.585732   -1.373749  ]
 [ 1.5625218  -1.3325788 ]
 [ 1.7030711  -1.6783527 ]
 [ 1.093318   -1.0391517 ]
 [-0.03617564  0.13392898]
 [-0.03617564  0.13392898]
 [ 1.0179151  -0.82699347]
 [ 1.9608897  -1.954014  ]
 [ 1.585732   -1.373749  ]
 [ 1.093318   -1.0391517 ]
 [ 0.2785772  -0.21810114]
 [ 0.26818705 -0.10024384]
 [ 1.9608897  -1.954014  ]]
2025-12-21 17:41:46,955 - [INFO] - ------------------------------------------------------------
2025-12-21 17:41:46,955 - [INFO] - On Validation Set:
	Accuracy of RRL  Model: 0.8914996544574982
	F1 Score of RRL  Model: 0.7171974062414028
2025-12-21 17:41:46,961 - [INFO] - On Validation Set:
Performance of  RRL Model: 
[[1213   73]
 [  84   77]]
              precision    recall  f1-score   support

           0       0.94      0.94      0.94      1286
           1       0.51      0.48      0.50       161

    accuracy                           0.89      1447
   macro avg       0.72      0.71      0.72      1447
weighted avg       0.89      0.89      0.89      1447

2025-12-21 17:41:46,961 - [INFO] - ------------------------------------------------------------
2025-12-21 17:41:48,589 - [DEBUG] - y_true: (1447,) [0 0 0 0 0 1 0 0 0 0 0 0 0 0 0 0 0 1 0 0 0 0 0 0 1 0 0 0 0 0 0 0 0 0 0 0 0
 0 1 1 0]
2025-12-21 17:41:48,889 - [DEBUG] - y_rrl_: (1447,) [0 0 0 0 0 1 0 0 0 0 0 0 0 0 0 0 0 0 0 0 0 0 0 0 1 1 0 0 0 0 0 0 0 0 0 0 0
 0 0 0 0]
2025-12-21 17:41:48,890 - [DEBUG] - y_rrl: (1447, 2) [[ 1.2837276  -1.1289618 ]
 [ 0.25732517 -0.23156911]
 [ 1.8572094  -1.8502326 ]
 [ 1.8572094  -1.8502326 ]
 [ 1.5540712  -1.3425658 ]
 [-0.05318667  0.05690083]
 [ 2.0893948  -1.8893425 ]
 [ 1.8572094  -1.8502326 ]
 [ 2.0893948  -1.8893425 ]
 [ 0.43257636 -0.38989723]
 [ 0.21715681 -0.15670317]
 [ 1.8739753  -1.6561484 ]
 [ 1.2837276  -1.1289618 ]
 [ 1.8572094  -1.8502326 ]
 [ 1.7694907  -1.5757599 ]
 [ 2.0893948  -1.8893425 ]
 [ 2.0893948  -1.8893425 ]
 [ 0.21715681 -0.15670317]
 [ 1.2669617  -1.3230458 ]
 [ 1.5373052  -1.53665   ]
 [ 1.5373052  -1.53665   ]
 [ 2.0893948  -1.8893425 ]
 [ 1.479474   -1.2485406 ]
 [ 1.5373052  -1.53665   ]
 [-0.61302006  0.5246539 ]
 [-0.05318667  0.05690083]
 [ 1.5839585  -1.3289292 ]
 [ 1.5373052  -1.53665   ]
 [ 2.0893948  -1.8893425 ]
 [ 1.7694907  -1.5757599 ]
 [ 1.6417899  -1.6170385 ]
 [ 1.5373052  -1.53665   ]
 [ 0.21715681 -0.15670317]
 [ 0.21715681 -0.15670317]
 [ 1.2837276  -1.1289618 ]
 [ 1.8572094  -1.8502326 ]
 [ 1.8739753  -1.6561484 ]
 [ 1.5373052  -1.53665   ]
 [ 0.21715681 -0.15670317]
 [ 1.0636735  -0.8395412 ]
 [ 1.8572094  -1.8502326 ]]
2025-12-21 17:41:48,892 - [INFO] - ------------------------------------------------------------
2025-12-21 17:41:48,892 - [INFO] - On Validation Set:
	Accuracy of RRL  Model: 0.9004837595024188
	F1 Score of RRL  Model: 0.6728711379050489
2025-12-21 17:41:48,898 - [INFO] - On Validation Set:
Performance of  RRL Model: 
[[1255   31]
 [ 113   48]]
              precision    recall  f1-score   support

           0       0.92      0.98      0.95      1286
           1       0.61      0.30      0.40       161

    accuracy                           0.90      1447
   macro avg       0.76      0.64      0.67      1447
weighted avg       0.88      0.90      0.89      1447

2025-12-21 17:41:48,898 - [INFO] - ------------------------------------------------------------
2025-12-21 17:41:49,625 - [INFO] - epoch: 47, loss_rrl: 225.0852083042264
2025-12-21 17:41:50,492 - [DEBUG] - y_true: (1447,) [0 0 0 0 0 1 0 0 0 0 0 0 0 0 0 0 0 1 0 0 0 0 0 0 1 0 0 0 0 0 0 0 0 0 0 0 0
 0 1 1 0]
2025-12-21 17:41:50,791 - [DEBUG] - y_rrl_: (1447,) [0 0 0 0 0 1 0 0 0 0 1 0 0 0 0 0 0 1 0 0 0 0 0 0 1 1 0 0 0 0 0 0 1 1 0 0 0
 0 0 0 0]
2025-12-21 17:41:50,791 - [DEBUG] - y_rrl: (1447, 2) [[ 1.2635634  -1.1091754 ]
 [ 0.23434742 -0.20853378]
 [ 1.5421375  -1.5413486 ]
 [ 1.5421375  -1.5413486 ]
 [ 1.5438616  -1.3328583 ]
 [-0.03088005  0.03469597]
 [ 1.762665   -1.5693694 ]
 [ 1.8688402  -1.8617629 ]
 [ 2.0893679  -1.8897837 ]
 [ 0.46822155 -0.425498  ]
 [-0.05567689  0.15323566]
 [ 1.5654693  -1.31105   ]
 [ 1.2635634  -1.1091754 ]
 [ 1.5421375  -1.5413486 ]
 [ 1.762665   -1.5693694 ]
 [ 1.762665   -1.5693694 ]
 [ 2.0893679  -1.8897837 ]
 [-0.05567689  0.15323566]
 [ 1.2618393  -1.3176657 ]
 [ 1.5421375  -1.5413486 ]
 [ 1.5421375  -1.5413486 ]
 [ 1.762665   -1.5693694 ]
 [ 1.45757    -1.2271469 ]
 [ 1.5421375  -1.5413486 ]
 [-0.9196696   0.86897266]
 [-0.03088005  0.03469597]
 [ 1.2387666  -0.99063575]
 [ 1.5421375  -1.5413486 ]
 [ 1.5438616  -1.3328583 ]
 [ 1.762665   -1.5693694 ]
 [ 1.3449417  -1.2830292 ]
 [ 1.5421375  -1.5413486 ]
 [-0.05567689  0.15323566]
 [-0.05567689  0.15323566]
 [ 1.2635634  -1.1091754 ]
 [ 1.8688402  -1.8617629 ]
 [ 1.5438616  -1.3328583 ]
 [ 1.5421375  -1.5413486 ]
 [ 0.24941815 -0.18898694]
 [ 0.17630567 -0.00722627]
 [ 1.8688402  -1.8617629 ]]
2025-12-21 17:41:50,793 - [INFO] - ------------------------------------------------------------
2025-12-21 17:41:50,793 - [INFO] - On Validation Set:
	Accuracy of RRL  Model: 0.889426399447132
	F1 Score of RRL  Model: 0.6816491760719865
2025-12-21 17:41:50,799 - [INFO] - On Validation Set:
Performance of  RRL Model: 
[[1228   58]
 [ 102   59]]
              precision    recall  f1-score   support

           0       0.92      0.95      0.94      1286
           1       0.50      0.37      0.42       161

    accuracy                           0.89      1447
   macro avg       0.71      0.66      0.68      1447
weighted avg       0.88      0.89      0.88      1447

2025-12-21 17:41:50,799 - [INFO] - ------------------------------------------------------------
2025-12-21 17:41:52,398 - [DEBUG] - y_true: (1447,) [0 0 0 0 0 1 0 0 0 0 0 0 0 0 0 0 0 1 0 0 0 0 0 0 1 0 0 0 0 0 0 0 0 0 0 0 0
 0 1 1 0]
2025-12-21 17:41:52,697 - [DEBUG] - y_rrl_: (1447,) [0 0 0 0 0 0 0 0 0 0 0 0 0 0 0 0 0 0 0 0 0 0 0 0 1 0 0 0 0 0 0 0 0 0 0 0 0
 0 0 0 0]
2025-12-21 17:41:52,697 - [DEBUG] - y_rrl: (1447, 2) [[ 1.56066    -1.3501719 ]
 [ 0.2456033  -0.21973348]
 [ 1.0471427  -1.0194752 ]
 [ 1.0471427  -1.0194752 ]
 [ 1.56066    -1.3501719 ]
 [ 0.24228963 -0.18188003]
 [ 1.56066    -1.3501719 ]
 [ 1.8469137  -1.8397365 ]
 [ 2.0895805  -1.8904778 ]
 [ 0.4615939  -0.41882545]
 [ 0.24228963 -0.18188003]
 [ 1.8702762  -1.6535324 ]
 [ 1.56066    -1.3501719 ]
 [ 1.317993   -1.2994307 ]
 [ 1.56066    -1.3501719 ]
 [ 1.7799643  -1.5871173 ]
 [ 2.0895805  -1.8904778 ]
 [ 0.24228963 -0.18188003]
 [ 1.2534353  -1.309005  ]
 [ 1.317993   -1.2994307 ]
 [ 1.5372974  -1.5363761 ]
 [ 1.56066    -1.3501719 ]
 [ 1.2622868  -1.0147465 ]
 [ 1.317993   -1.2994307 ]
 [-0.6380799   0.5508377 ]
 [ 0.24228963 -0.18188003]
 [ 1.2622868  -1.0147465 ]
 [ 1.317993   -1.2994307 ]
 [ 1.56066    -1.3501719 ]
 [ 1.7799643  -1.5871173 ]
 [ 1.6276094  -1.6027911 ]
 [ 1.317993   -1.2994307 ]
 [ 0.24228963 -0.18188003]
 [ 0.24228963 -0.18188003]
 [ 1.56066    -1.3501719 ]
 [ 1.8469137  -1.8397365 ]
 [ 1.56066    -1.3501719 ]
 [ 1.317993   -1.2994307 ]
 [ 0.24228963 -0.18188003]
 [ 0.19806549 -0.03063511]
 [ 1.8469137  -1.8397365 ]]
2025-12-21 17:41:52,699 - [INFO] - ------------------------------------------------------------
2025-12-21 17:41:52,699 - [INFO] - On Validation Set:
	Accuracy of RRL  Model: 0.9004837595024188
	F1 Score of RRL  Model: 0.6824665350010972
2025-12-21 17:41:52,705 - [INFO] - On Validation Set:
Performance of  RRL Model: 
[[1251   35]
 [ 109   52]]
              precision    recall  f1-score   support

           0       0.92      0.97      0.95      1286
           1       0.60      0.32      0.42       161

    accuracy                           0.90      1447
   macro avg       0.76      0.65      0.68      1447
weighted avg       0.88      0.90      0.89      1447

2025-12-21 17:41:52,705 - [INFO] - ------------------------------------------------------------
2025-12-21 17:41:53,024 - [INFO] - epoch: 48, loss_rrl: 226.36173881869763
2025-12-21 17:41:54,358 - [DEBUG] - y_true: (1447,) [0 0 0 0 0 1 0 0 0 0 0 0 0 0 0 0 0 1 0 0 0 0 0 0 1 0 0 0 0 0 0 0 0 0 0 0 0
 0 1 1 0]
2025-12-21 17:41:54,632 - [DEBUG] - y_rrl_: (1447,) [0 0 0 0 0 0 0 0 0 0 0 0 0 0 0 0 0 0 0 0 0 0 0 0 1 1 0 0 0 0 0 0 0 0 0 0 0
 0 0 0 0]
2025-12-21 17:41:54,633 - [DEBUG] - y_rrl: (1447, 2) [[ 1.2687571  -1.1151505 ]
 [ 0.23552385 -0.2095947 ]
 [ 1.5096537  -1.5085974 ]
 [ 1.5096537  -1.5085974 ]
 [ 1.4765435  -1.3405118 ]
 [ 0.47224966 -0.49491492]
 [ 1.546412   -1.3364388 ]
 [ 1.8211629  -1.8138846 ]
 [ 2.0657077  -1.8670874 ]
 [ 0.9576911  -0.9415647 ]
 [ 0.17504157 -0.16073029]
 [ 1.2830582  -1.086253  ]
 [ 1.2687571  -1.1151505 ]
 [ 1.3018671  -1.283236  ]
 [ 1.546412   -1.3364388 ]
 [ 1.2687571  -1.1151505 ]
 [ 2.0657077  -1.8670874 ]
 [ 0.17504157 -0.16073029]
 [ 1.0242122  -1.0619477 ]
 [ 1.3018671  -1.283236  ]
 [ 1.3018671  -1.283236  ]
 [ 1.546412   -1.3364388 ]
 [ 1.2492039  -1.0022541 ]
 [ 1.3018671  -1.283236  ]
 [-0.93331313  0.8836566 ]
 [-0.01923066  0.02325341]
 [ 0.971549   -0.7809658 ]
 [ 1.3018671  -1.283236  ]
 [ 1.2687571  -1.1151505 ]
 [ 1.7541986  -1.5618001 ]
 [ 1.0385134  -1.0330503 ]
 [ 1.5096537  -1.5085974 ]
 [ 0.17504157 -0.16073029]
 [ 0.17504157 -0.16073029]
 [ 1.2687571  -1.1151505 ]
 [ 1.8211629  -1.8138846 ]
 [ 1.2687571  -1.1151505 ]
 [ 1.3018671  -1.283236  ]
 [ 0.17504157 -0.16073029]
 [ 0.49217853 -0.28907964]
 [ 1.8211629  -1.8138846 ]]
2025-12-21 17:41:54,635 - [INFO] - ------------------------------------------------------------
2025-12-21 17:41:54,635 - [INFO] - On Validation Set:
	Accuracy of RRL  Model: 0.9046302695231514
	F1 Score of RRL  Model: 0.6577014851688814
2025-12-21 17:41:54,641 - [INFO] - On Validation Set:
Performance of  RRL Model: 
[[1269   17]
 [ 121   40]]
              precision    recall  f1-score   support

           0       0.91      0.99      0.95      1286
           1       0.70      0.25      0.37       161

    accuracy                           0.90      1447
   macro avg       0.81      0.62      0.66      1447
weighted avg       0.89      0.90      0.88      1447

2025-12-21 17:41:54,641 - [INFO] - ------------------------------------------------------------
2025-12-21 17:41:55,985 - [INFO] - epoch: 49, loss_rrl: 227.00801118463278
2025-12-21 17:41:56,166 - [DEBUG] - y_true: (1447,) [0 0 0 0 0 1 0 0 0 0 0 0 0 0 0 0 0 1 0 0 0 0 0 0 1 0 0 0 0 0 0 0 0 0 0 0 0
 0 1 1 0]
2025-12-21 17:41:56,440 - [DEBUG] - y_rrl_: (1447,) [0 1 0 0 0 0 0 0 0 0 0 0 0 0 0 0 0 0 0 0 0 0 0 0 1 0 0 0 0 0 0 0 1 1 0 0 0
 0 0 0 0]
2025-12-21 17:41:56,440 - [DEBUG] - y_rrl: (1447, 2) [[ 1.3552827e+00 -1.1104486e+00]
 [-1.8800497e-03  6.3247092e-02]
 [ 1.6105200e+00 -1.6093322e+00]
 [ 1.6105200e+00 -1.6093322e+00]
 [ 1.3552827e+00 -1.1104486e+00]
 [ 3.1344655e-01 -2.5308001e-01]
 [ 1.6284189e+00 -1.4189649e+00]
 [ 1.9278635e+00 -1.9204860e+00]
 [ 2.1828432e+00 -1.9847090e+00]
 [ 5.5052751e-01 -5.0767058e-01]
 [ 3.1344655e-01 -2.5308001e-01]
 [ 1.9457623e+00 -1.7301184e+00]
 [ 1.3552827e+00 -1.1104486e+00]
 [ 1.3734391e+00 -1.3547416e+00]
 [ 1.3552827e+00 -1.1104486e+00]
 [ 1.6284189e+00 -1.4189649e+00]
 [ 2.1828432e+00 -1.9847090e+00]
 [ 3.1344655e-01 -2.5308001e-01]
 [ 7.9972267e-01 -8.0188590e-01]
 [ 1.1003029e+00 -1.0462253e+00]
 [ 1.1003029e+00 -1.0462253e+00]
 [ 1.6284189e+00 -1.4189649e+00]
 [ 1.0412155e+00 -7.5948036e-01]
 [ 1.1003029e+00 -1.0462253e+00]
 [-8.8184750e-01  8.3271551e-01]
 [ 3.1344655e-01 -2.5308001e-01]
 [ 1.3143518e+00 -1.0679965e+00]
 [ 1.1003029e+00 -1.0462253e+00]
 [ 1.6284189e+00 -1.4189649e+00]
 [ 1.5923636e+00 -1.3650392e+00]
 [ 1.6907825e+00 -1.6658953e+00]
 [ 1.1003029e+00 -1.0462253e+00]
 [-6.2054396e-04  9.7888239e-02]
 [-6.2054396e-04  9.7888239e-02]
 [ 1.3552827e+00 -1.1104486e+00]
 [ 1.9278635e+00 -1.9204860e+00]
 [ 1.6284189e+00 -1.4189649e+00]
 [ 1.1003029e+00 -1.0462253e+00]
 [ 3.1344655e-01 -2.5308001e-01]
 [ 3.0512315e-01 -1.3796914e-01]
 [ 1.9278635e+00 -1.9204860e+00]]
2025-12-21 17:41:56,442 - [INFO] - ------------------------------------------------------------
2025-12-21 17:41:56,442 - [INFO] - On Validation Set:
	Accuracy of RRL  Model: 0.9046302695231514
	F1 Score of RRL  Model: 0.7000738978407411
2025-12-21 17:41:56,448 - [INFO] - On Validation Set:
Performance of  RRL Model: 
[[1252   34]
 [ 104   57]]
              precision    recall  f1-score   support

           0       0.92      0.97      0.95      1286
           1       0.63      0.35      0.45       161

    accuracy                           0.90      1447
   macro avg       0.77      0.66      0.70      1447
weighted avg       0.89      0.90      0.89      1447

2025-12-21 17:41:56,448 - [INFO] - ------------------------------------------------------------
2025-12-21 17:41:58,028 - [DEBUG] - y_true: (1447,) [0 0 0 0 0 1 0 0 0 0 0 0 0 0 0 0 0 1 0 0 0 0 0 0 1 0 0 0 0 0 0 0 0 0 0 0 0
 0 1 1 0]
2025-12-21 17:41:58,303 - [DEBUG] - y_rrl_: (1447,) [0 0 0 0 0 1 0 0 0 0 0 0 0 0 0 0 0 0 0 0 0 0 0 0 1 1 0 0 0 0 0 0 1 1 0 0 0
 0 0 0 0]
2025-12-21 17:41:58,303 - [DEBUG] - y_rrl: (1447, 2) [[ 1.2796742  -1.126832  ]
 [ 0.22098131 -0.19493425]
 [ 1.4910091  -1.4896859 ]
 [ 1.4910091  -1.4896859 ]
 [ 1.2796742  -1.126832  ]
 [-0.05704527  0.06127328]
 [ 1.5529572  -1.343998  ]
 [ 1.8086003  -1.80112   ]
 [ 2.0752587  -1.8775864 ]
 [ 0.4209478  -0.37804714]
 [ 0.21623762 -0.1558927 ]
 [ 1.8705484  -1.655432  ]
 [ 1.2796742  -1.126832  ]
 [ 1.2862989  -1.2675315 ]
 [ 1.5529572  -1.343998  ]
 [ 1.7576674  -1.5661523 ]
 [ 2.0752587  -1.8775864 ]
 [ 0.21623762 -0.1558927 ]
 [ 1.2177261  -1.27252   ]
 [ 1.2862989  -1.2675315 ]
 [ 1.4910091  -1.4896859 ]
 [ 1.5529572  -1.343998  ]
 [ 1.2614363  -1.015651  ]
 [ 1.2862989  -1.2675315 ]
 [-0.9436935   0.89504695]
 [-0.05704527  0.06127328]
 [ 1.2614363  -1.015651  ]
 [ 1.2862989  -1.2675315 ]
 [ 1.5529572  -1.343998  ]
 [ 1.7576674  -1.5661523 ]
 [ 1.6038901  -1.5789655 ]
 [ 1.2862989  -1.2675315 ]
 [-0.07528315  0.17245418]
 [-0.07528315  0.17245418]
 [ 1.2796742  -1.126832  ]
 [ 1.8086003  -1.80112   ]
 [ 1.5529572  -1.343998  ]
 [ 1.2862989  -1.2675315 ]
 [ 0.21623762 -0.1558927 ]
 [ 0.46929467 -0.33759463]
 [ 1.8086003  -1.80112   ]]
2025-12-21 17:41:58,305 - [INFO] - ------------------------------------------------------------
2025-12-21 17:41:58,305 - [INFO] - On Validation Set:
	Accuracy of RRL  Model: 0.8956461644782309
	F1 Score of RRL  Model: 0.7042994236127933
2025-12-21 17:41:58,311 - [INFO] - On Validation Set:
Performance of  RRL Model: 
[[1230   56]
 [  95   66]]
              precision    recall  f1-score   support

           0       0.93      0.96      0.94      1286
           1       0.54      0.41      0.47       161

    accuracy                           0.90      1447
   macro avg       0.73      0.68      0.70      1447
weighted avg       0.89      0.90      0.89      1447

2025-12-21 17:41:58,312 - [INFO] - ------------------------------------------------------------
2025-12-21 17:41:59,274 - [INFO] - epoch: 50, loss_rrl: 226.76198981609195
2025-12-21 17:41:59,895 - [DEBUG] - y_true: (1447,) [0 0 0 0 0 1 0 0 0 0 0 0 0 0 0 0 0 1 0 0 0 0 0 0 1 0 0 0 0 0 0 0 0 0 0 0 0
 0 1 1 0]
2025-12-21 17:42:00,168 - [DEBUG] - y_rrl_: (1447,) [0 0 0 0 0 1 0 0 0 0 1 0 0 0 0 0 0 1 0 0 0 0 0 0 1 1 0 0 0 0 0 0 1 1 0 0 0
 0 1 1 0]
2025-12-21 17:42:00,169 - [DEBUG] - y_rrl: (1447, 2) [[ 1.2908539  -1.1383873 ]
 [ 0.2195304  -0.19342388]
 [ 1.0442905  -1.0163203 ]
 [ 1.0442905  -1.0163203 ]
 [ 1.8011972  -1.6101162 ]
 [-0.02303588  0.0273665 ]
 [ 1.5719914  -1.363532  ]
 [ 1.8474218  -1.8398383 ]
 [ 2.1097603  -1.9125538 ]
 [ 0.48730758 -0.44436246]
 [-0.33745253  0.37853402]
 [ 1.2850003  -1.0896574 ]
 [ 1.2908539  -1.1383873 ]
 [ 1.3096529  -1.2908163 ]
 [ 1.5719914  -1.363532  ]
 [ 1.2908539  -1.1383873 ]
 [ 2.1097603  -1.9125538 ]
 [-0.33745253  0.37853402]
 [ 1.0285152  -1.0656717 ]
 [ 1.3096529  -1.2908163 ]
 [ 1.3096529  -1.2908163 ]
 [ 1.5719914  -1.363532  ]
 [ 1.2575748  -1.0123644 ]
 [ 1.3096529  -1.2908163 ]
 [-0.87273943  0.82455057]
 [-0.02303588  0.0273665 ]
 [ 1.2575748  -1.0123644 ]
 [ 1.3096529  -1.2908163 ]
 [ 1.2908539  -1.1383873 ]
 [ 1.8011972  -1.6101162 ]
 [ 1.0226617  -1.0169419 ]
 [ 1.5388588  -1.5374007 ]
 [-0.33745253  0.37853402]
 [-0.33745253  0.37853402]
 [ 1.2908539  -1.1383873 ]
 [ 1.8474218  -1.8398383 ]
 [ 1.2908539  -1.1383873 ]
 [ 1.3096529  -1.2908163 ]
 [-0.33745253  0.37853402]
 [-0.30183777  0.4493972 ]
 [ 1.8474218  -1.8398383 ]]
2025-12-21 17:42:00,171 - [INFO] - ------------------------------------------------------------
2025-12-21 17:42:00,171 - [INFO] - On Validation Set:
	Accuracy of RRL  Model: 0.8887353144436766
	F1 Score of RRL  Model: 0.7194632197901576
2025-12-21 17:42:00,177 - [INFO] - On Validation Set:
Performance of  RRL Model: 
[[1205   81]
 [  80   81]]
              precision    recall  f1-score   support

           0       0.94      0.94      0.94      1286
           1       0.50      0.50      0.50       161

    accuracy                           0.89      1447
   macro avg       0.72      0.72      0.72      1447
weighted avg       0.89      0.89      0.89      1447

2025-12-21 17:42:00,177 - [INFO] - ------------------------------------------------------------
2025-12-21 17:42:01,761 - [DEBUG] - y_true: (1447,) [0 0 0 0 0 1 0 0 0 0 0 0 0 0 0 0 0 1 0 0 0 0 0 0 1 0 0 0 0 0 0 0 0 0 0 0 0
 0 1 1 0]
2025-12-21 17:42:02,034 - [DEBUG] - y_rrl_: (1447,) [0 0 0 0 0 0 0 0 0 0 0 0 0 0 0 0 0 0 0 0 0 0 0 0 1 0 0 0 0 0 0 0 0 0 0 0 0
 0 0 0 0]
2025-12-21 17:42:02,035 - [DEBUG] - y_rrl: (1447, 2) [[ 1.5980097  -1.3900229 ]
 [ 0.5150894  -0.29984018]
 [ 1.3085831  -1.0914571 ]
 [ 1.3085831  -1.0914571 ]
 [ 1.320233   -1.1681151 ]
 [ 0.75793326 -0.7240877 ]
 [ 1.5980097  -1.3900229 ]
 [ 2.1279044  -1.9311397 ]
 [ 2.1279044  -1.9311397 ]
 [ 0.9697529  -0.9532224 ]
 [ 0.75793326 -0.7240877 ]
 [ 1.9160848  -1.702005  ]
 [ 1.5980097  -1.3900229 ]
 [ 1.5980097  -1.3900229 ]
 [ 1.5980097  -1.3900229 ]
 [ 1.5980097  -1.3900229 ]
 [ 2.1279044  -1.9311397 ]
 [ 0.75793326 -0.7240877 ]
 [ 1.320233   -1.1681151 ]
 [ 1.5980097  -1.3900229 ]
 [ 1.5980097  -1.3900229 ]
 [ 1.5980097  -1.3900229 ]
 [ 1.2941124  -1.0494484 ]
 [ 1.5980097  -1.3900229 ]
 [-0.5793835   0.49493173]
 [ 0.75793326 -0.7240877 ]
 [ 1.2941124  -1.0494484 ]
 [ 1.5980097  -1.3900229 ]
 [ 1.5980097  -1.3900229 ]
 [ 1.8098294  -1.6191577 ]
 [ 1.9160848  -1.702005  ]
 [ 1.5980097  -1.3900229 ]
 [ 0.75793326 -0.7240877 ]
 [ 0.75793326 -0.7240877 ]
 [ 1.5980097  -1.3900229 ]
 [ 2.1279044  -1.9311397 ]
 [ 1.5980097  -1.3900229 ]
 [ 1.5980097  -1.3900229 ]
 [ 0.75793326 -0.7240877 ]
 [ 0.54756653 -0.41609445]
 [ 2.1279044  -1.9311397 ]]
2025-12-21 17:42:02,037 - [INFO] - ------------------------------------------------------------
2025-12-21 17:42:02,037 - [INFO] - On Validation Set:
	Accuracy of RRL  Model: 0.9046302695231514
	F1 Score of RRL  Model: 0.6393789008321775
2025-12-21 17:42:02,043 - [INFO] - On Validation Set:
Performance of  RRL Model: 
[[1275   11]
 [ 127   34]]
              precision    recall  f1-score   support

           0       0.91      0.99      0.95      1286
           1       0.76      0.21      0.33       161

    accuracy                           0.90      1447
   macro avg       0.83      0.60      0.64      1447
weighted avg       0.89      0.90      0.88      1447

2025-12-21 17:42:02,043 - [INFO] - ------------------------------------------------------------
2025-12-21 17:42:02,565 - [INFO] - epoch: 51, loss_rrl: 226.35869412589818
2025-12-21 17:42:03,625 - [DEBUG] - y_true: (1447,) [0 0 0 0 0 1 0 0 0 0 0 0 0 0 0 0 0 1 0 0 0 0 0 0 1 0 0 0 0 0 0 0 0 0 0 0 0
 0 1 1 0]
2025-12-21 17:42:03,898 - [DEBUG] - y_rrl_: (1447,) [0 0 0 0 0 1 0 0 0 0 0 0 0 0 0 0 0 0 0 0 0 0 0 0 1 1 0 0 0 0 0 0 0 0 0 0 0
 0 0 1 0]
2025-12-21 17:42:03,899 - [DEBUG] - y_rrl: (1447, 2) [[ 1.2675846  -1.1158149 ]
 [ 0.21131179 -0.18508765]
 [ 1.8287401  -1.820959  ]
 [ 1.8287401  -1.820959  ]
 [ 1.5530956  -1.3455812 ]
 [-0.04312906  0.04766055]
 [ 2.081416   -1.8850913 ]
 [ 1.8287401  -1.820959  ]
 [ 2.081416   -1.8850913 ]
 [ 0.44566345 -0.40263787]
 [ 0.24238202 -0.18210569]
 [ 1.5727181  -1.3225398 ]
 [ 1.2675846  -1.1158149 ]
 [ 1.8287401  -1.820959  ]
 [ 1.756377   -1.5661134 ]
 [ 2.081416   -1.8850913 ]
 [ 2.081416   -1.8850913 ]
 [ 0.24238202 -0.18210569]
 [ 1.2181904  -1.2722148 ]
 [ 1.5037014  -1.5019811 ]
 [ 1.5037014  -1.5019811 ]
 [ 2.081416   -1.8850913 ]
 [ 1.4509606  -1.224094  ]
 [ 1.5037014  -1.5019811 ]
 [-0.6393648   0.55544525]
 [-0.04312906  0.04766055]
 [ 1.5727181  -1.3225398 ]
 [ 1.5037014  -1.5019811 ]
 [ 1.8781345  -1.6645591 ]
 [ 1.756377   -1.5661134 ]
 [ 1.3200424  -1.2584075 ]
 [ 1.5037014  -1.5019811 ]
 [ 0.24238202 -0.18210569]
 [ 0.24238202 -0.18210569]
 [ 1.2675846  -1.1158149 ]
 [ 1.8287401  -1.820959  ]
 [ 1.8781345  -1.6645591 ]
 [ 1.5037014  -1.5019811 ]
 [ 0.24238202 -0.18210569]
 [-0.0815556   0.28458825]
 [ 1.8287401  -1.820959  ]]
2025-12-21 17:42:03,901 - [INFO] - ------------------------------------------------------------
2025-12-21 17:42:03,901 - [INFO] - On Validation Set:
	Accuracy of RRL  Model: 0.8984105044920525
	F1 Score of RRL  Model: 0.6839132469964113
2025-12-21 17:42:03,907 - [INFO] - On Validation Set:
Performance of  RRL Model: 
[[1246   40]
 [ 107   54]]
              precision    recall  f1-score   support

           0       0.92      0.97      0.94      1286
           1       0.57      0.34      0.42       161

    accuracy                           0.90      1447
   macro avg       0.75      0.65      0.68      1447
weighted avg       0.88      0.90      0.89      1447

2025-12-21 17:42:03,907 - [INFO] - ------------------------------------------------------------
2025-12-21 17:42:05,819 - [DEBUG] - y_true: (1447,) [0 0 0 0 0 1 0 0 0 0 0 0 0 0 0 0 0 1 0 0 0 0 0 0 1 0 0 0 0 0 0 0 0 0 0 0 0
 0 1 1 0]
2025-12-21 17:42:06,092 - [DEBUG] - y_rrl_: (1447,) [0 0 0 0 0 0 0 0 0 0 0 0 0 0 0 0 0 0 0 0 0 0 0 0 1 0 0 0 0 0 0 0 1 1 0 0 0
 0 0 0 0]
2025-12-21 17:42:06,093 - [DEBUG] - y_rrl: (1447, 2) [[ 1.5597472  -1.3527087 ]
 [ 0.47804806 -0.26376456]
 [ 1.7802807  -1.5904287 ]
 [ 1.7802807  -1.5904287 ]
 [ 1.7802807  -1.5904287 ]
 [ 0.23869148 -0.17843683]
 [ 1.5597472  -1.3527087 ]
 [ 2.1160433  -1.9201623 ]
 [ 2.1160433  -1.9201623 ]
 [ 0.45922494 -0.41615683]
 [ 0.23869148 -0.17843683]
 [ 1.89551    -1.6824423 ]
 [ 1.5597472  -1.3527087 ]
 [ 1.5597472  -1.3527087 ]
 [ 1.7802807  -1.5904287 ]
 [ 1.5597472  -1.3527087 ]
 [ 2.1160433  -1.9201623 ]
 [ 0.23869148 -0.17843683]
 [ 1.2762522  -1.1248331 ]
 [ 1.5597472  -1.3527087 ]
 [ 1.5597472  -1.3527087 ]
 [ 1.5597472  -1.3527087 ]
 [ 1.2504632  -1.0068971 ]
 [ 1.5597472  -1.3527087 ]
 [-0.96171784  0.9148981 ]
 [ 0.23869148 -0.17843683]
 [ 1.4709967  -1.244617  ]
 [ 1.5597472  -1.3527087 ]
 [ 1.5597472  -1.3527087 ]
 [ 1.7802807  -1.5904287 ]
 [ 1.89551    -1.6824423 ]
 [ 1.5597472  -1.3527087 ]
 [-0.07059246  0.16737486]
 [-0.07059246  0.16737486]
 [ 1.5597472  -1.3527087 ]
 [ 2.1160433  -1.9201623 ]
 [ 1.5597472  -1.3527087 ]
 [ 1.5597472  -1.3527087 ]
 [ 0.23869148 -0.17843683]
 [ 0.22860661 -0.06230648]
 [ 2.1160433  -1.9201623 ]]
2025-12-21 17:42:06,095 - [INFO] - ------------------------------------------------------------
2025-12-21 17:42:06,095 - [INFO] - On Validation Set:
	Accuracy of RRL  Model: 0.8928818244644091
	F1 Score of RRL  Model: 0.6690541220494342
2025-12-21 17:42:06,101 - [INFO] - On Validation Set:
Performance of  RRL Model: 
[[1241   45]
 [ 110   51]]
              precision    recall  f1-score   support

           0       0.92      0.97      0.94      1286
           1       0.53      0.32      0.40       161

    accuracy                           0.89      1447
   macro avg       0.72      0.64      0.67      1447
weighted avg       0.88      0.89      0.88      1447

2025-12-21 17:42:06,101 - [INFO] - ------------------------------------------------------------
2025-12-21 17:42:06,183 - [INFO] - epoch: 52, loss_rrl: 224.49028471391648
2025-12-21 17:42:07,679 - [DEBUG] - y_true: (1447,) [0 0 0 0 0 1 0 0 0 0 0 0 0 0 0 0 0 1 0 0 0 0 0 0 1 0 0 0 0 0 0 0 0 0 0 0 0
 0 1 1 0]
2025-12-21 17:42:07,954 - [DEBUG] - y_rrl_: (1447,) [0 0 0 0 0 0 0 0 0 0 0 0 0 0 0 0 0 0 0 0 0 0 0 0 1 0 0 0 0 0 0 0 1 1 0 0 0
 0 0 0 0]
2025-12-21 17:42:07,954 - [DEBUG] - y_rrl: (1447, 2) [[ 1.6615245  -1.3894475 ]
 [ 0.2690694  -0.2427218 ]
 [ 1.5233922  -1.5214025 ]
 [ 1.5233922  -1.5214025 ]
 [ 1.4129046  -1.1963233 ]
 [ 0.2687949  -0.20855731]
 [ 1.6615245  -1.3894475 ]
 [ 1.8386326  -1.8306453 ]
 [ 2.171781   -1.9108287 ]
 [ 0.4638112  -0.42069578]
 [ 0.33738318 -0.21165264]
 [ 1.9767648  -1.6986902 ]
 [ 1.6615245  -1.3894475 ]
 [ 1.3969642  -1.3123593 ]
 [ 1.6615245  -1.3894475 ]
 [ 1.6615245  -1.3894475 ]
 [ 2.171781   -1.9108287 ]
 [ 0.33738318 -0.21165264]
 [ 1.1483443  -1.1192352 ]
 [ 1.3283759  -1.309264  ]
 [ 1.3969642  -1.3123593 ]
 [ 1.6615245  -1.3894475 ]
 [ 1.355918   -1.047388  ]
 [ 1.3969642  -1.3123593 ]
 [-0.83505476  0.8542543 ]
 [ 0.33738318 -0.21165264]
 [ 1.5509343  -1.2595265 ]
 [ 1.3283759  -1.309264  ]
 [ 1.6615245  -1.3894475 ]
 [ 1.8565408  -1.601586  ]
 [ 1.7122046  -1.621602  ]
 [ 1.3969642  -1.3123593 ]
 [ 0.03177667  0.13040689]
 [-0.03681162  0.13350222]
 [ 1.6615245  -1.3894475 ]
 [ 1.8386326  -1.8306453 ]
 [ 1.6615245  -1.3894475 ]
 [ 1.3283759  -1.309264  ]
 [ 0.2687949  -0.20855731]
 [ 0.85347307 -0.6366085 ]
 [ 1.8386326  -1.8306453 ]]
2025-12-21 17:42:07,956 - [INFO] - ------------------------------------------------------------
2025-12-21 17:42:07,956 - [INFO] - On Validation Set:
	Accuracy of RRL  Model: 0.9039391845196959
	F1 Score of RRL  Model: 0.6477857571889124
2025-12-21 17:42:07,962 - [INFO] - On Validation Set:
Performance of  RRL Model: 
[[1271   15]
 [ 124   37]]
              precision    recall  f1-score   support

           0       0.91      0.99      0.95      1286
           1       0.71      0.23      0.35       161

    accuracy                           0.90      1447
   macro avg       0.81      0.61      0.65      1447
weighted avg       0.89      0.90      0.88      1447

2025-12-21 17:42:07,962 - [INFO] - ------------------------------------------------------------
2025-12-21 17:42:09,161 - [INFO] - epoch: 53, loss_rrl: 226.94861286412925
2025-12-21 17:42:09,542 - [DEBUG] - y_true: (1447,) [0 0 0 0 0 1 0 0 0 0 0 0 0 0 0 0 0 1 0 0 0 0 0 0 1 0 0 0 0 0 0 0 0 0 0 0 0
 0 1 1 0]
2025-12-21 17:42:09,816 - [DEBUG] - y_rrl_: (1447,) [0 0 0 0 0 0 0 0 0 0 0 0 0 0 0 0 0 0 0 0 0 0 0 0 1 0 0 0 0 0 0 0 1 1 0 0 0
 0 0 0 0]
2025-12-21 17:42:09,816 - [DEBUG] - y_rrl: (1447, 2) [[ 1.6410849  -1.4349637 ]
 [ 0.5285128  -0.31516388]
 [ 2.2076342  -2.0126054 ]
 [ 2.2076342  -2.0126054 ]
 [ 1.3602588  -1.2095081 ]
 [ 0.3318349  -0.27161363]
 [ 2.2076342  -2.0126054 ]
 [ 2.2076342  -2.0126054 ]
 [ 2.2076342  -2.0126054 ]
 [ 0.563266   -0.52010286]
 [ 0.3318349  -0.27161363]
 [ 1.9762032  -1.7641159 ]
 [ 1.6410849  -1.4349637 ]
 [ 2.2076342  -2.0126054 ]
 [ 1.872516   -1.683453  ]
 [ 2.2076342  -2.0126054 ]
 [ 2.2076342  -2.0126054 ]
 [ 0.3318349  -0.27161363]
 [ 1.59169    -1.4579974 ]
 [ 1.872516   -1.683453  ]
 [ 1.872516   -1.683453  ]
 [ 2.2076342  -2.0126054 ]
 [ 1.5438174  -1.3183762 ]
 [ 1.872516   -1.683453  ]
 [-0.9101546   0.86441445]
 [ 0.3318349  -0.27161363]
 [ 1.6475046  -1.3990391 ]
 [ 1.872516   -1.683453  ]
 [ 2.2076342  -2.0126054 ]
 [ 1.872516   -1.683453  ]
 [ 1.9762032  -1.7641159 ]
 [ 1.872516   -1.683453  ]
 [ 0.00313626  0.09346322]
 [ 0.00313626  0.09346322]
 [ 1.6410849  -1.4349637 ]
 [ 2.2076342  -2.0126054 ]
 [ 1.9762032  -1.7641159 ]
 [ 1.872516   -1.683453  ]
 [ 0.3318349  -0.27161363]
 [ 0.27579683 -0.10963853]
 [ 2.2076342  -2.0126054 ]]
2025-12-21 17:42:09,818 - [INFO] - ------------------------------------------------------------
2025-12-21 17:42:09,818 - [INFO] - On Validation Set:
	Accuracy of RRL  Model: 0.8997926744989634
	F1 Score of RRL  Model: 0.64184696795118
2025-12-21 17:42:09,824 - [INFO] - On Validation Set:
Performance of  RRL Model: 
[[1265   21]
 [ 124   37]]
              precision    recall  f1-score   support

           0       0.91      0.98      0.95      1286
           1       0.64      0.23      0.34       161

    accuracy                           0.90      1447
   macro avg       0.77      0.61      0.64      1447
weighted avg       0.88      0.90      0.88      1447

2025-12-21 17:42:09,824 - [INFO] - ------------------------------------------------------------
2025-12-21 17:42:11,399 - [DEBUG] - y_true: (1447,) [0 0 0 0 0 1 0 0 0 0 0 0 0 0 0 0 0 1 0 0 0 0 0 0 1 0 0 0 0 0 0 0 0 0 0 0 0
 0 1 1 0]
2025-12-21 17:42:11,673 - [DEBUG] - y_rrl_: (1447,) [0 0 0 0 0 1 0 0 0 0 0 0 0 0 0 0 0 0 0 0 0 0 0 0 1 1 0 0 0 0 0 0 1 1 0 0 0
 0 0 0 0]
2025-12-21 17:42:11,674 - [DEBUG] - y_rrl: (1447, 2) [[ 1.3218584  -1.1714367 ]
 [ 0.25517225 -0.22870818]
 [ 1.8160923  -1.8079064 ]
 [ 1.8160923  -1.8079064 ]
 [ 1.5722568  -1.3665875 ]
 [-0.01371823  0.01867574]
 [ 2.0671403  -1.8725314 ]
 [ 1.8160923  -1.8079064 ]
 [ 2.0671403  -1.8725314 ]
 [ 0.42480636 -0.3815973 ]
 [ 0.23668028 -0.1764752 ]
 [ 1.8790143  -1.6674093 ]
 [ 1.3218584  -1.1714367 ]
 [ 1.8160923  -1.8079064 ]
 [ 1.7603829  -1.5717096 ]
 [ 2.0671403  -1.8725314 ]
 [ 2.0671403  -1.8725314 ]
 [ 0.23668028 -0.1764752 ]
 [ 1.2589362  -1.3119336 ]
 [ 1.5093348  -1.5070846 ]
 [ 1.5093348  -1.5070846 ]
 [ 2.0671403  -1.8725314 ]
 [ 1.4523025  -1.227326  ]
 [ 1.5093348  -1.5070846 ]
 [-0.95240664  0.9072328 ]
 [-0.01371823  0.01867574]
 [ 1.5709338  -1.3230257 ]
 [ 1.5093348  -1.5070846 ]
 [ 1.8790143  -1.6674093 ]
 [ 1.7603829  -1.5717096 ]
 [ 1.6279662  -1.6027843 ]
 [ 1.5093348  -1.5070846 ]
 [-0.07140021  0.1679084 ]
 [-0.07140021  0.1679084 ]
 [ 1.3218584  -1.1714367 ]
 [ 1.8160923  -1.8079064 ]
 [ 1.8790143  -1.6674093 ]
 [ 1.5093348  -1.5070846 ]
 [ 0.23668028 -0.1764752 ]
 [ 1.0986762  -0.8808086 ]
 [ 1.8160923  -1.8079064 ]]
2025-12-21 17:42:11,676 - [INFO] - ------------------------------------------------------------
2025-12-21 17:42:11,676 - [INFO] - On Validation Set:
	Accuracy of RRL  Model: 0.8949550794747754
	F1 Score of RRL  Model: 0.6696466121144395
2025-12-21 17:42:11,682 - [INFO] - On Validation Set:
Performance of  RRL Model: 
[[1245   41]
 [ 111   50]]
              precision    recall  f1-score   support

           0       0.92      0.97      0.94      1286
           1       0.55      0.31      0.40       161

    accuracy                           0.89      1447
   macro avg       0.73      0.64      0.67      1447
weighted avg       0.88      0.89      0.88      1447

2025-12-21 17:42:11,682 - [INFO] - ------------------------------------------------------------
2025-12-21 17:42:12,441 - [INFO] - epoch: 54, loss_rrl: 227.40680923312902
2025-12-21 17:42:13,260 - [DEBUG] - y_true: (1447,) [0 0 0 0 0 1 0 0 0 0 0 0 0 0 0 0 0 1 0 0 0 0 0 0 1 0 0 0 0 0 0 0 0 0 0 0 0
 0 1 1 0]
2025-12-21 17:42:13,534 - [DEBUG] - y_rrl_: (1447,) [0 0 0 0 0 0 0 0 0 0 1 0 0 0 0 0 0 1 0 0 0 0 0 0 1 0 0 0 0 0 0 0 1 1 0 0 0
 0 0 0 0]
2025-12-21 17:42:13,534 - [DEBUG] - y_rrl: (1447, 2) [[ 1.3436793  -1.1936009 ]
 [ 0.50641173 -0.29400036]
 [ 2.1350684  -1.9408934 ]
 [ 2.1350684  -1.9408934 ]
 [ 1.8167139  -1.6284448 ]
 [ 0.02476385 -0.01970012]
 [ 1.9296818  -1.7185731 ]
 [ 2.1350684  -1.9408934 ]
 [ 2.1350684  -1.9408934 ]
 [ 0.4977985  -0.454544  ]
 [-0.02721483  0.12363078]
 [ 1.6100551  -1.3627187 ]
 [ 1.3436793  -1.1936009 ]
 [ 1.9296818  -1.7185731 ]
 [ 1.8167139  -1.6284448 ]
 [ 1.9296818  -1.7185731 ]
 [ 2.1350684  -1.9408934 ]
 [-0.02721483  0.12363078]
 [ 1.3436793  -1.1936009 ]
 [ 1.6113273  -1.4061245 ]
 [ 1.6113273  -1.4061245 ]
 [ 1.9296818  -1.7185731 ]
 [ 1.2917006  -1.05027   ]
 [ 1.6113273  -1.4061245 ]
 [-0.93606555  0.8914684 ]
 [ 0.02476385 -0.01970012]
 [ 1.8154417  -1.585039  ]
 [ 1.6113273  -1.4061245 ]
 [ 1.9296818  -1.7185731 ]
 [ 1.8167139  -1.6284448 ]
 [ 1.6100551  -1.3627187 ]
 [ 1.6113273  -1.4061245 ]
 [-0.02721483  0.12363078]
 [-0.02721483  0.12363078]
 [ 1.3436793  -1.1936009 ]
 [ 2.1350684  -1.9408934 ]
 [ 1.9296818  -1.7185731 ]
 [ 1.6113273  -1.4061245 ]
 [ 0.2924119  -0.23222363]
 [ 0.1990583  -0.03134269]
 [ 2.1350684  -1.9408934 ]]
2025-12-21 17:42:13,536 - [INFO] - ------------------------------------------------------------
2025-12-21 17:42:13,536 - [INFO] - On Validation Set:
	Accuracy of RRL  Model: 0.8977194194885971
	F1 Score of RRL  Model: 0.6532358351252623
2025-12-21 17:42:13,542 - [INFO] - On Validation Set:
Performance of  RRL Model: 
[[1257   29]
 [ 119   42]]
              precision    recall  f1-score   support

           0       0.91      0.98      0.94      1286
           1       0.59      0.26      0.36       161

    accuracy                           0.90      1447
   macro avg       0.75      0.62      0.65      1447
weighted avg       0.88      0.90      0.88      1447

2025-12-21 17:42:13,542 - [INFO] - ------------------------------------------------------------
2025-12-21 17:42:15,118 - [DEBUG] - y_true: (1447,) [0 0 0 0 0 1 0 0 0 0 0 0 0 0 0 0 0 1 0 0 0 0 0 0 1 0 0 0 0 0 0 0 0 0 0 0 0
 0 1 1 0]
2025-12-21 17:42:15,391 - [DEBUG] - y_rrl_: (1447,) [0 0 0 0 0 0 0 0 0 0 0 0 0 0 0 0 0 0 0 0 0 0 0 0 1 0 0 0 0 0 0 0 0 0 0 0 0
 0 0 0 0]
2025-12-21 17:42:15,392 - [DEBUG] - y_rrl: (1447, 2) [[ 1.3451399e+00 -1.1601757e+00]
 [ 5.6391954e-03  1.1506304e-03]
 [ 1.0461322e+00 -1.0175889e+00]
 [ 1.0461322e+00 -1.0175889e+00]
 [ 1.0695478e+00 -9.3958646e-01]
 [ 7.7162349e-01 -7.3750037e-01]
 [ 1.3451399e+00 -1.1601757e+00]
 [ 1.8583659e+00 -1.8499951e+00]
 [ 2.1069138e+00 -1.9131706e+00]
 [ 9.7411311e-01 -9.5686108e-01]
 [ 7.7162349e-01 -7.3750037e-01]
 [ 1.6499443e+00 -1.4591041e+00]
 [ 1.3451399e+00 -1.1601757e+00]
 [ 1.0965919e+00 -1.0970002e+00]
 [ 1.3451399e+00 -1.1601757e+00]
 [ 1.5476295e+00 -1.3795365e+00]
 [ 2.1069138e+00 -1.9131706e+00]
 [ 7.7162349e-01 -7.3750037e-01]
 [ 1.0234894e+00 -1.0957718e+00]
 [ 1.0965919e+00 -1.0970002e+00]
 [ 1.2990814e+00 -1.3163610e+00]
 [ 1.3451399e+00 -1.1601757e+00]
 [ 1.0372087e+00 -8.1609207e-01]
 [ 1.0965919e+00 -1.0970002e+00]
 [-6.1667144e-01  5.3646511e-01]
 [ 2.6419404e-01 -2.0402235e-01]
 [ 1.0372087e+00 -8.1609207e-01]
 [ 1.0965919e+00 -1.0970002e+00]
 [ 1.3451399e+00 -1.1601757e+00]
 [ 1.8021096e+00 -1.6142424e+00]
 [ 1.4013963e+00 -1.3959285e+00]
 [ 1.0965919e+00 -1.0970002e+00]
 [ 7.7162349e-01 -7.3750037e-01]
 [ 7.7162349e-01 -7.3750037e-01]
 [ 1.3451399e+00 -1.1601757e+00]
 [ 1.8583659e+00 -1.8499951e+00]
 [ 1.3451399e+00 -1.1601757e+00]
 [ 1.0965919e+00 -1.0970002e+00]
 [ 7.7162349e-01 -7.3750037e-01]
 [ 2.1227288e-01 -4.6227969e-02]
 [ 1.8583659e+00 -1.8499951e+00]]
2025-12-21 17:42:15,394 - [INFO] - ------------------------------------------------------------
2025-12-21 17:42:15,394 - [INFO] - On Validation Set:
	Accuracy of RRL  Model: 0.9032480995162405
	F1 Score of RRL  Model: 0.6527406371278507
2025-12-21 17:42:15,400 - [INFO] - On Validation Set:
Performance of  RRL Model: 
[[1268   18]
 [ 122   39]]
              precision    recall  f1-score   support

           0       0.91      0.99      0.95      1286
           1       0.68      0.24      0.36       161

    accuracy                           0.90      1447
   macro avg       0.80      0.61      0.65      1447
weighted avg       0.89      0.90      0.88      1447

2025-12-21 17:42:15,400 - [INFO] - ------------------------------------------------------------
2025-12-21 17:42:15,722 - [INFO] - epoch: 55, loss_rrl: 228.1198511319235
2025-12-21 17:42:16,978 - [DEBUG] - y_true: (1447,) [0 0 0 0 0 1 0 0 0 0 0 0 0 0 0 0 0 1 0 0 0 0 0 0 1 0 0 0 0 0 0 0 0 0 0 0 0
 0 1 1 0]
2025-12-21 17:42:17,252 - [DEBUG] - y_rrl_: (1447,) [0 0 0 0 0 0 0 0 0 0 0 0 0 0 0 0 0 0 0 0 0 0 0 0 1 0 0 0 0 0 0 0 0 0 0 0 0
 0 0 0 0]
2025-12-21 17:42:17,253 - [DEBUG] - y_rrl: (1447, 2) [[ 1.10469    -0.9750113 ]
 [ 0.03768376 -0.03078448]
 [ 1.8918253  -1.8833642 ]
 [ 1.8918253  -1.8833642 ]
 [ 1.570905   -1.4031519 ]
 [ 0.5475321  -0.5682524 ]
 [ 1.8783411  -1.704742  ]
 [ 1.8918253  -1.8833642 ]
 [ 2.1296208  -1.9363108 ]
 [ 1.0137471  -0.996393  ]
 [ 0.81763184 -0.7834694 ]
 [ 1.6822258  -1.4918184 ]
 [ 1.10469    -0.9750113 ]
 [ 1.6405455  -1.6517954 ]
 [ 1.570905   -1.4031519 ]
 [ 1.6822258  -1.4918184 ]
 [ 2.1296208  -1.9363108 ]
 [ 0.81763184 -0.7834694 ]
 [ 0.86689436 -0.9220647 ]
 [ 1.3331095  -1.3502053 ]
 [ 1.3331095  -1.3502053 ]
 [ 1.8783411  -1.704742  ]
 [ 1.2595212  -1.0556902 ]
 [ 1.3331095  -1.3502053 ]
 [-0.87803626  0.83443743]
 [ 0.5475321  -0.5682524 ]
 [ 1.3708421  -1.1443567 ]
 [ 1.3331095  -1.3502053 ]
 [ 1.6822258  -1.4918184 ]
 [ 1.8221847  -1.6347207 ]
 [ 1.4444302  -1.4388719 ]
 [ 1.3331095  -1.3502053 ]
 [ 0.5062481  -0.43600768]
 [ 0.5062481  -0.43600768]
 [ 1.10469    -0.9750113 ]
 [ 1.8918253  -1.8833642 ]
 [ 1.6822258  -1.4918184 ]
 [ 1.3331095  -1.3502053 ]
 [ 0.81763184 -0.7834694 ]
 [ 1.1643989  -0.9479999 ]
 [ 1.8918253  -1.8833642 ]]
2025-12-21 17:42:17,255 - [INFO] - ------------------------------------------------------------
2025-12-21 17:42:17,255 - [INFO] - On Validation Set:
	Accuracy of RRL  Model: 0.8977194194885971
	F1 Score of RRL  Model: 0.574824097457156
2025-12-21 17:42:17,261 - [INFO] - On Validation Set:
Performance of  RRL Model: 
[[1280    6]
 [ 142   19]]
              precision    recall  f1-score   support

           0       0.90      1.00      0.95      1286
           1       0.76      0.12      0.20       161

    accuracy                           0.90      1447
   macro avg       0.83      0.56      0.57      1447
weighted avg       0.88      0.90      0.86      1447

2025-12-21 17:42:17,261 - [INFO] - ------------------------------------------------------------
2025-12-21 17:42:18,701 - [INFO] - epoch: 56, loss_rrl: 229.17919289693236
2025-12-21 17:42:18,842 - [DEBUG] - y_true: (1447,) [0 0 0 0 0 1 0 0 0 0 0 0 0 0 0 0 0 1 0 0 0 0 0 0 1 0 0 0 0 0 0 0 0 0 0 0 0
 0 1 1 0]
2025-12-21 17:42:19,116 - [DEBUG] - y_rrl_: (1447,) [0 0 0 0 0 0 0 0 0 0 0 0 0 0 0 0 0 0 0 0 0 0 0 0 1 0 0 0 0 0 0 0 1 1 0 0 0
 0 0 0 0]
2025-12-21 17:42:19,116 - [DEBUG] - y_rrl: (1447, 2) [[ 1.3419585  -1.1037911 ]
 [ 0.23323582  0.01210825]
 [ 2.2206864  -2.0278177 ]
 [ 2.2206864  -2.0278177 ]
 [ 1.3419585  -1.1037911 ]
 [ 0.336972   -0.2768389 ]
 [ 1.9917024  -1.782088  ]
 [ 2.2206864  -2.0278177 ]
 [ 2.2206864  -2.0278177 ]
 [ 0.56595606 -0.5225687 ]
 [ 0.336972   -0.2768389 ]
 [ 1.9917024  -1.782088  ]
 [ 1.3419585  -1.1037911 ]
 [ 1.9917024  -1.782088  ]
 [ 1.3419585  -1.1037911 ]
 [ 1.9917024  -1.782088  ]
 [ 2.2206864  -2.0278177 ]
 [ 0.336972   -0.2768389 ]
 [ 1.050402   -0.86699617]
 [ 1.3419585  -1.1037911 ]
 [ 1.3419585  -1.1037911 ]
 [ 1.9917024  -1.782088  ]
 [ 1.0257242  -0.7515525 ]
 [ 1.3419585  -1.1037911 ]
 [-0.8400117   0.7968534 ]
 [ 0.336972   -0.2768389 ]
 [ 1.6754681  -1.4298495 ]
 [ 1.3419585  -1.1037911 ]
 [ 1.9917024  -1.782088  ]
 [ 1.5709425  -1.3495209 ]
 [ 1.9917024  -1.782088  ]
 [ 1.3419585  -1.1037911 ]
 [ 0.0207376   0.07539965]
 [ 0.0207376   0.07539965]
 [ 1.3419585  -1.1037911 ]
 [ 2.2206864  -2.0278177 ]
 [ 1.9917024  -1.782088  ]
 [ 1.3419585  -1.1037911 ]
 [ 0.336972   -0.2768389 ]
 [ 0.33087635 -0.1651408 ]
 [ 2.2206864  -2.0278177 ]]
2025-12-21 17:42:19,118 - [INFO] - ------------------------------------------------------------
2025-12-21 17:42:19,118 - [INFO] - On Validation Set:
	Accuracy of RRL  Model: 0.9039391845196959
	F1 Score of RRL  Model: 0.6730358138544394
2025-12-21 17:42:19,124 - [INFO] - On Validation Set:
Performance of  RRL Model: 
[[1262   24]
 [ 115   46]]
              precision    recall  f1-score   support

           0       0.92      0.98      0.95      1286
           1       0.66      0.29      0.40       161

    accuracy                           0.90      1447
   macro avg       0.79      0.63      0.67      1447
weighted avg       0.89      0.90      0.89      1447

2025-12-21 17:42:19,124 - [INFO] - ------------------------------------------------------------
2025-12-21 17:42:20,700 - [DEBUG] - y_true: (1447,) [0 0 0 0 0 1 0 0 0 0 0 0 0 0 0 0 0 1 0 0 0 0 0 0 1 0 0 0 0 0 0 0 0 0 0 0 0
 0 1 1 0]
2025-12-21 17:42:20,978 - [DEBUG] - y_rrl_: (1447,) [0 0 0 0 0 0 0 0 0 0 0 0 0 0 0 0 0 0 0 0 0 0 0 0 1 0 0 0 0 0 0 0 0 0 0 0 0
 0 0 0 0]
2025-12-21 17:42:20,979 - [DEBUG] - y_rrl: (1447, 2) [[ 1.3569686  -1.2082622 ]
 [ 0.29013753 -0.26343644]
 [ 1.8724266  -1.8637902 ]
 [ 1.8724266  -1.8637902 ]
 [ 1.6183394  -1.4149919 ]
 [ 0.51546407 -0.53586984]
 [ 1.9311795  -1.7220463 ]
 [ 1.8724266  -1.8637902 ]
 [ 2.120842   -1.9283928 ]
 [ 0.9664972  -0.94894606]
 [ 0.77683485 -0.7425995 ]
 [ 1.9311795  -1.7220463 ]
 [ 1.3569686  -1.2082622 ]
 [ 1.6827643  -1.6574436 ]
 [ 1.6183394  -1.4149919 ]
 [ 2.120842   -1.9283928 ]
 [ 2.120842   -1.9283928 ]
 [ 0.77683485 -0.7425995 ]
 [ 1.2982157  -1.3500063 ]
 [ 1.3699242  -1.3503894 ]
 [ 1.5595865  -1.5567359 ]
 [ 1.9311795  -1.7220463 ]
 [ 1.3216158  -1.0823373 ]
 [ 1.3699242  -1.3503894 ]
 [-0.89205754  0.8493503 ]
 [ 0.51546407 -0.53586984]
 [ 1.8241183  -1.5957382 ]
 [ 1.3699242  -1.3503894 ]
 [ 1.9311795  -1.7220463 ]
 [ 1.8080018  -1.6213385 ]
 [ 1.6827643  -1.6574436 ]
 [ 1.3699242  -1.3503894 ]
 [ 0.48011124 -0.4099449 ]
 [ 0.48011124 -0.4099449 ]
 [ 1.3569686  -1.2082622 ]
 [ 1.8724266  -1.8637902 ]
 [ 1.9311795  -1.7220463 ]
 [ 1.3699242  -1.3503894 ]
 [ 0.77683485 -0.7425995 ]
 [ 1.1376855  -0.92226124]
 [ 1.8724266  -1.8637902 ]]
2025-12-21 17:42:20,981 - [INFO] - ------------------------------------------------------------
2025-12-21 17:42:20,981 - [INFO] - On Validation Set:
	Accuracy of RRL  Model: 0.899101589495508
	F1 Score of RRL  Model: 0.5763236001925236
2025-12-21 17:42:20,987 - [INFO] - On Validation Set:
Performance of  RRL Model: 
[[1282    4]
 [ 142   19]]
              precision    recall  f1-score   support

           0       0.90      1.00      0.95      1286
           1       0.83      0.12      0.21       161

    accuracy                           0.90      1447
   macro avg       0.86      0.56      0.58      1447
weighted avg       0.89      0.90      0.86      1447

2025-12-21 17:42:20,987 - [INFO] - ------------------------------------------------------------
2025-12-21 17:42:22,145 - [INFO] - epoch: 57, loss_rrl: 229.5639350414276
2025-12-21 17:42:22,766 - [DEBUG] - y_true: (1447,) [0 0 0 0 0 1 0 0 0 0 0 0 0 0 0 0 0 1 0 0 0 0 0 0 1 0 0 0 0 0 0 0 0 0 0 0 0
 0 1 1 0]
2025-12-21 17:42:23,112 - [DEBUG] - y_rrl_: (1447,) [0 0 0 0 0 0 0 0 0 0 0 0 0 0 0 0 0 0 0 0 0 0 0 0 1 0 0 0 0 0 0 0 0 0 0 0 0
 0 0 0 0]
2025-12-21 17:42:23,112 - [DEBUG] - y_rrl: (1447, 2) [[ 1.3848354  -1.2364697 ]
 [ 0.5585177  -0.34847707]
 [ 2.1948066  -2.002789  ]
 [ 2.1948066  -2.002789  ]
 [ 1.8666779  -1.6804168 ]
 [ 0.07399593 -0.06842528]
 [ 1.9804224  -1.7717817 ]
 [ 2.1948066  -2.002789  ]
 [ 2.1948066  -2.002789  ]
 [ 0.55583847 -0.51237226]
 [ 0.3414545  -0.2813649 ]
 [ 1.9804224  -1.7717817 ]
 [ 1.3848354  -1.2364697 ]
 [ 2.1948066  -2.002789  ]
 [ 1.8666779  -1.6804168 ]
 [ 1.9804224  -1.7717817 ]
 [ 2.1948066  -2.002789  ]
 [ 0.3414545  -0.2813649 ]
 [ 1.3848354  -1.2364697 ]
 [ 1.8666779  -1.6804168 ]
 [ 1.6522938  -1.4494094 ]
 [ 2.1948066  -2.002789  ]
 [ 1.3347191  -1.0959777 ]
 [ 1.8666779  -1.6804168 ]
 [-0.5191524   0.44106853]
 [ 0.07399593 -0.06842528]
 [ 1.6628476  -1.41835   ]
 [ 1.8666779  -1.6804168 ]
 [ 2.1948066  -2.002789  ]
 [ 1.8666779  -1.6804168 ]
 [ 1.9804224  -1.7717817 ]
 [ 1.8666779  -1.6804168 ]
 [ 0.3414545  -0.2813649 ]
 [ 0.3414545  -0.2813649 ]
 [ 1.3848354  -1.2364697 ]
 [ 2.1948066  -2.002789  ]
 [ 1.9804224  -1.7717817 ]
 [ 1.8666779  -1.6804168 ]
 [ 0.3414545  -0.2813649 ]
 [ 0.89410716 -0.6449683 ]
 [ 2.1948066  -2.002789  ]]
2025-12-21 17:42:23,115 - [INFO] - ------------------------------------------------------------
2025-12-21 17:42:23,115 - [INFO] - On Validation Set:
	Accuracy of RRL  Model: 0.89426399447132
	F1 Score of RRL  Model: 0.5444489027439119
2025-12-21 17:42:23,122 - [INFO] - On Validation Set:
Performance of  RRL Model: 
[[1281    5]
 [ 148   13]]
              precision    recall  f1-score   support

           0       0.90      1.00      0.94      1286
           1       0.72      0.08      0.15       161

    accuracy                           0.89      1447
   macro avg       0.81      0.54      0.54      1447
weighted avg       0.88      0.89      0.85      1447

2025-12-21 17:42:23,122 - [INFO] - ------------------------------------------------------------
2025-12-21 17:42:24,799 - [DEBUG] - y_true: (1447,) [0 0 0 0 0 1 0 0 0 0 0 0 0 0 0 0 0 1 0 0 0 0 0 0 1 0 0 0 0 0 0 0 0 0 0 0 0
 0 1 1 0]
2025-12-21 17:42:25,151 - [DEBUG] - y_rrl_: (1447,) [0 0 0 0 0 0 0 0 0 0 0 0 0 0 0 0 0 0 0 0 0 0 0 0 1 0 0 0 0 0 0 0 0 0 0 0 0
 0 0 0 0]
2025-12-21 17:42:25,152 - [DEBUG] - y_rrl: (1447, 2) [[ 1.3592331  -1.2111984 ]
 [ 0.538488   -0.32891062]
 [ 2.1195805  -1.9279859 ]
 [ 2.1195805  -1.9279859 ]
 [ 1.3592331  -1.2111984 ]
 [ 0.01058285 -0.00491169]
 [ 1.9305091  -1.7223508 ]
 [ 2.1195805  -1.9279859 ]
 [ 2.1195805  -1.9279859 ]
 [ 0.46196622 -0.41846174]
 [ 0.27289468 -0.21282667]
 [ 1.9305091  -1.7223508 ]
 [ 1.3592331  -1.2111984 ]
 [ 1.9305091  -1.7223508 ]
 [ 1.6215448  -1.4191134 ]
 [ 2.1195805  -1.9279859 ]
 [ 2.1195805  -1.9279859 ]
 [ 0.27289468 -0.21282667]
 [ 1.5483046  -1.4168335 ]
 [ 1.6215448  -1.4191134 ]
 [ 1.8106165  -1.6247485 ]
 [ 1.9305091  -1.7223508 ]
 [ 1.3164196  -1.0782055 ]
 [ 1.6215448  -1.4191134 ]
 [-0.5578726   0.4803569 ]
 [ 0.01058285 -0.00491169]
 [ 1.6253837  -1.3814429 ]
 [ 1.6215448  -1.4191134 ]
 [ 1.9305091  -1.7223508 ]
 [ 1.8106165  -1.6247485 ]
 [ 1.9305091  -1.7223508 ]
 [ 1.6215448  -1.4191134 ]
 [ 0.27289468 -0.21282667]
 [ 0.27289468 -0.21282667]
 [ 1.3592331  -1.2111984 ]
 [ 2.1195805  -1.9279859 ]
 [ 1.9305091  -1.7223508 ]
 [ 1.6215448  -1.4191134 ]
 [ 0.27289468 -0.21282667]
 [ 0.24209772 -0.07670647]
 [ 2.1195805  -1.9279859 ]]
2025-12-21 17:42:25,154 - [INFO] - ------------------------------------------------------------
2025-12-21 17:42:25,154 - [INFO] - On Validation Set:
	Accuracy of RRL  Model: 0.8997926744989634
	F1 Score of RRL  Model: 0.6013433275382145
2025-12-21 17:42:25,161 - [INFO] - On Validation Set:
Performance of  RRL Model: 
[[1277    9]
 [ 136   25]]
              precision    recall  f1-score   support

           0       0.90      0.99      0.95      1286
           1       0.74      0.16      0.26       161

    accuracy                           0.90      1447
   macro avg       0.82      0.57      0.60      1447
weighted avg       0.89      0.90      0.87      1447

2025-12-21 17:42:25,161 - [INFO] - ------------------------------------------------------------
2025-12-21 17:42:25,759 - [INFO] - epoch: 58, loss_rrl: 228.66944670770317
2025-12-21 17:42:26,841 - [DEBUG] - y_true: (1447,) [0 0 0 0 0 1 0 0 0 0 0 0 0 0 0 0 0 1 0 0 0 0 0 0 1 0 0 0 0 0 0 0 0 0 0 0 0
 0 1 1 0]
2025-12-21 17:42:27,187 - [DEBUG] - y_rrl_: (1447,) [0 0 0 0 0 0 0 0 0 0 0 0 0 0 0 0 0 0 0 0 0 0 0 0 1 0 0 0 0 0 0 0 0 0 0 0 0
 0 0 0 0]
2025-12-21 17:42:27,188 - [DEBUG] - y_rrl: (1447, 2) [[ 1.3325042  -1.1848196 ]
 [ 0.28508648 -0.25824663]
 [ 1.9124757  -1.9035769 ]
 [ 1.9124757  -1.9035769 ]
 [ 1.6054325  -1.4034715 ]
 [ 0.55946136 -0.57939374]
 [ 2.1090603  -1.9179052 ]
 [ 1.9124757  -1.9035769 ]
 [ 2.1090603  -1.9179052 ]
 [ 1.0271114  -1.0092711 ]
 [ 0.8323897  -0.79804564]
 [ 1.9143386  -1.7066797 ]
 [ 1.3325042  -1.1848196 ]
 [ 1.9124757  -1.9035769 ]
 [ 1.8001542  -1.614697  ]
 [ 1.9143386  -1.7066797 ]
 [ 2.1090603  -1.9179052 ]
 [ 0.8323897  -0.79804564]
 [ 1.1359196  -1.1704911 ]
 [ 1.6035696  -1.6003686 ]
 [ 1.6035696  -1.6003686 ]
 [ 2.1090603  -1.9179052 ]
 [ 1.4905782  -1.2694119 ]
 [ 1.6035696  -1.6003686 ]
 [-0.54902625  0.471989  ]
 [ 0.0182043  -0.01243424]
 [ 1.7994843  -1.5726202 ]
 [ 1.6035696  -1.6003686 ]
 [ 1.9143386  -1.7066797 ]
 [ 1.8001542  -1.614697  ]
 [ 1.717754   -1.6923513 ]
 [ 1.6035696  -1.6003686 ]
 [ 0.8323897  -0.79804564]
 [ 0.8323897  -0.79804564]
 [ 1.3325042  -1.1848196 ]
 [ 1.9124757  -1.9035769 ]
 [ 1.9143386  -1.7066797 ]
 [ 1.6035696  -1.6003686 ]
 [ 0.8323897  -0.79804564]
 [ 0.22939262 -0.06419956]
 [ 1.9124757  -1.9035769 ]]
2025-12-21 17:42:27,190 - [INFO] - ------------------------------------------------------------
2025-12-21 17:42:27,190 - [INFO] - On Validation Set:
	Accuracy of RRL  Model: 0.8997926744989634
	F1 Score of RRL  Model: 0.6087767222009863
2025-12-21 17:42:27,197 - [INFO] - On Validation Set:
Performance of  RRL Model: 
[[1275   11]
 [ 134   27]]
              precision    recall  f1-score   support

           0       0.90      0.99      0.95      1286
           1       0.71      0.17      0.27       161

    accuracy                           0.90      1447
   macro avg       0.81      0.58      0.61      1447
weighted avg       0.88      0.90      0.87      1447

2025-12-21 17:42:27,197 - [INFO] - ------------------------------------------------------------
2025-12-21 17:42:28,877 - [DEBUG] - y_true: (1447,) [0 0 0 0 0 1 0 0 0 0 0 0 0 0 0 0 0 1 0 0 0 0 0 0 1 0 0 0 0 0 0 0 0 0 0 0 0
 0 1 1 0]
2025-12-21 17:42:29,224 - [DEBUG] - y_rrl_: (1447,) [0 0 0 0 0 0 0 0 0 0 0 0 0 0 0 0 0 0 0 0 0 0 0 0 1 0 0 0 0 0 0 0 1 1 0 0 0
 0 0 0 0]
2025-12-21 17:42:29,225 - [DEBUG] - y_rrl: (1447, 2) [[ 1.6284001  -1.4269218 ]
 [ 0.31554738 -0.28866237]
 [ 1.0900301  -1.0610696 ]
 [ 1.0900301  -1.0610696 ]
 [ 1.6284001  -1.4269218 ]
 [ 0.2946223  -0.234597  ]
 [ 1.6284001  -1.4269218 ]
 [ 1.9302412  -1.9212563 ]
 [ 2.1488116  -1.9581087 ]
 [ 0.4952968  -0.4517163 ]
 [ 0.2946223  -0.234597  ]
 [ 1.948137   -1.7409894 ]
 [ 1.6284001  -1.4269218 ]
 [ 1.4098297  -1.3900695 ]
 [ 1.6284001  -1.4269218 ]
 [ 1.8290746  -1.6440413 ]
 [ 2.1488116  -1.9581087 ]
 [ 0.2946223  -0.234597  ]
 [ 1.3361493  -1.3869889 ]
 [ 1.4098297  -1.3900695 ]
 [ 1.6105043  -1.6071887 ]
 [ 1.6284001  -1.4269218 ]
 [ 1.3289468  -1.0918341 ]
 [ 1.4098297  -1.3900695 ]
 [-0.856848    0.81595355]
 [ 0.2946223  -0.234597  ]
 [ 1.3289468  -1.0918341 ]
 [ 1.4098297  -1.3900695 ]
 [ 1.6284001  -1.4269218 ]
 [ 1.8290746  -1.6440413 ]
 [ 1.7295667  -1.7041371 ]
 [ 1.4098297  -1.3900695 ]
 [-0.00483093  0.10049096]
 [-0.00483093  0.10049096]
 [ 1.6284001  -1.4269218 ]
 [ 1.9302412  -1.9212563 ]
 [ 1.6284001  -1.4269218 ]
 [ 1.4098297  -1.3900695 ]
 [ 0.2946223  -0.234597  ]
 [ 0.2552674  -0.09025434]
 [ 1.9302412  -1.9212563 ]]
2025-12-21 17:42:29,227 - [INFO] - ------------------------------------------------------------
2025-12-21 17:42:29,227 - [INFO] - On Validation Set:
	Accuracy of RRL  Model: 0.9004837595024188
	F1 Score of RRL  Model: 0.6516051364365971
2025-12-21 17:42:29,234 - [INFO] - On Validation Set:
Performance of  RRL Model: 
[[1263   23]
 [ 121   40]]
              precision    recall  f1-score   support

           0       0.91      0.98      0.95      1286
           1       0.63      0.25      0.36       161

    accuracy                           0.90      1447
   macro avg       0.77      0.62      0.65      1447
weighted avg       0.88      0.90      0.88      1447

2025-12-21 17:42:29,234 - [INFO] - ------------------------------------------------------------
2025-12-21 17:42:29,364 - [INFO] - epoch: 59, loss_rrl: 229.68062663916498
2025-12-21 17:42:30,828 - [DEBUG] - y_true: (1447,) [0 0 0 0 0 1 0 0 0 0 0 0 0 0 0 0 0 1 0 0 0 0 0 0 1 0 0 0 0 0 0 0 0 0 0 0 0
 0 1 1 0]
2025-12-21 17:42:31,108 - [DEBUG] - y_rrl_: (1447,) [0 0 0 0 0 0 0 0 0 0 0 0 0 0 0 0 0 0 0 0 0 0 0 0 1 0 0 0 0 0 0 0 1 1 0 0 0
 0 0 0 0]
2025-12-21 17:42:31,108 - [DEBUG] - y_rrl: (1447, 2) [[ 1.6336472e+00 -1.4326267e+00]
 [ 3.1957018e-01 -2.9263833e-01]
 [ 1.5821100e+00 -1.5786777e+00]
 [ 1.5821100e+00 -1.5786777e+00]
 [ 1.3819020e+00 -1.2349156e+00]
 [ 2.9473221e-01 -2.3472807e-01]
 [ 1.6336472e+00 -1.4326267e+00]
 [ 1.8940262e+00 -1.8849534e+00]
 [ 2.1212120e+00 -1.9309360e+00]
 [ 4.7038084e-01 -4.2676160e-01]
 [ 2.9473221e-01 -2.3472807e-01]
 [ 1.9455633e+00 -1.7389024e+00]
 [ 1.6336472e+00 -1.4326267e+00]
 [ 1.5821100e+00 -1.5786777e+00]
 [ 1.8092958e+00 -1.6246603e+00]
 [ 1.6336472e+00 -1.4326267e+00]
 [ 2.1212120e+00 -1.9309360e+00]
 [ 2.9473221e-01 -2.3472807e-01]
 [ 1.1547163e+00 -1.1889330e+00]
 [ 1.5821100e+00 -1.5786777e+00]
 [ 1.4064615e+00 -1.3866441e+00]
 [ 1.8092958e+00 -1.6246603e+00]
 [ 1.3368952e+00 -1.1003138e+00]
 [ 1.5821100e+00 -1.5786777e+00]
 [-8.5722828e-01  8.1680572e-01]
 [ 2.9473221e-01 -2.3472807e-01]
 [ 1.5125438e+00 -1.2923473e+00]
 [ 1.5821100e+00 -1.5786777e+00]
 [ 1.8092958e+00 -1.6246603e+00]
 [ 1.8092958e+00 -1.6246603e+00]
 [ 1.7183776e+00 -1.6929199e+00]
 [ 1.4064615e+00 -1.3866441e+00]
 [-2.0197630e-03  9.7584881e-02]
 [-2.0197630e-03  9.7584881e-02]
 [ 1.6336472e+00 -1.4326267e+00]
 [ 1.8940262e+00 -1.8849534e+00]
 [ 1.6336472e+00 -1.4326267e+00]
 [ 1.5821100e+00 -1.5786777e+00]
 [ 2.9473221e-01 -2.3472807e-01]
 [ 5.3793103e-01 -4.0691155e-01]
 [ 1.8940262e+00 -1.8849534e+00]]
2025-12-21 17:42:31,110 - [INFO] - ------------------------------------------------------------
2025-12-21 17:42:31,110 - [INFO] - On Validation Set:
	Accuracy of RRL  Model: 0.9039391845196959
	F1 Score of RRL  Model: 0.662320590027752
2025-12-21 17:42:31,116 - [INFO] - On Validation Set:
Performance of  RRL Model: 
[[1266   20]
 [ 119   42]]
              precision    recall  f1-score   support

           0       0.91      0.98      0.95      1286
           1       0.68      0.26      0.38       161

    accuracy                           0.90      1447
   macro avg       0.80      0.62      0.66      1447
weighted avg       0.89      0.90      0.88      1447

2025-12-21 17:42:31,116 - [INFO] - ------------------------------------------------------------
2025-12-21 17:42:32,342 - [INFO] - epoch: 60, loss_rrl: 228.7999006099999
2025-12-21 17:42:32,702 - [DEBUG] - y_true: (1447,) [0 0 0 0 0 1 0 0 0 0 0 0 0 0 0 0 0 1 0 0 0 0 0 0 1 0 0 0 0 0 0 0 0 0 0 0 0
 0 1 1 0]
2025-12-21 17:42:33,050 - [DEBUG] - y_rrl_: (1447,) [0 1 0 0 0 0 0 0 0 0 0 0 0 0 0 0 0 0 0 0 0 0 0 0 1 0 0 0 0 0 0 0 0 0 0 0 0
 0 0 0 0]
2025-12-21 17:42:33,051 - [DEBUG] - y_rrl: (1447, 2) [[ 1.099563   -0.8844312 ]
 [-0.25148517  0.293043  ]
 [ 1.1240474  -1.0949703 ]
 [ 1.1240474  -1.0949703 ]
 [ 0.8174953  -0.656275  ]
 [ 0.34420043 -0.2842174 ]
 [ 1.4035434  -1.2222042 ]
 [ 1.9900073  -1.9808478 ]
 [ 2.2080054  -2.0181673 ]
 [ 0.5523227  -0.5086653 ]
 [ 0.34420043 -0.2842174 ]
 [ 1.7321386  -1.5451872 ]
 [ 1.099563   -0.8844312 ]
 [ 1.1855453  -1.1848845 ]
 [ 1.099563   -0.8844312 ]
 [ 1.4035434  -1.2222042 ]
 [ 2.2080054  -2.0181673 ]
 [ 0.34420043 -0.2842174 ]
 [ 0.59949726 -0.61895543]
 [ 0.88156503 -0.84711164]
 [ 0.88156503 -0.84711164]
 [ 1.4035434  -1.2222042 ]
 [ 0.78594524 -0.53532696]
 [ 0.88156503 -0.84711164]
 [-0.55535203  0.47994977]
 [ 0.34420043 -0.2842174 ]
 [ 1.0899255  -0.8731    ]
 [ 0.88156503 -0.84711164]
 [ 1.4035434  -1.2222042 ]
 [ 1.5754297  -1.3574111 ]
 [ 1.5141405  -1.5078678 ]
 [ 0.88156503 -0.84711164]
 [ 0.34420043 -0.2842174 ]
 [ 0.34420043 -0.2842174 ]
 [ 1.099563   -0.8844312 ]
 [ 1.9900073  -1.9808478 ]
 [ 1.4035434  -1.2222042 ]
 [ 0.88156503 -0.84711164]
 [ 0.34420043 -0.2842174 ]
 [ 0.27330905 -0.10850918]
 [ 1.9900073  -1.9808478 ]]
2025-12-21 17:42:33,053 - [INFO] - ------------------------------------------------------------
2025-12-21 17:42:33,053 - [INFO] - On Validation Set:
	Accuracy of RRL  Model: 0.8921907394609537
	F1 Score of RRL  Model: 0.6609531019069248
2025-12-21 17:42:33,060 - [INFO] - On Validation Set:
Performance of  RRL Model: 
[[1243   43]
 [ 113   48]]
              precision    recall  f1-score   support

           0       0.92      0.97      0.94      1286
           1       0.53      0.30      0.38       161

    accuracy                           0.89      1447
   macro avg       0.72      0.63      0.66      1447
weighted avg       0.87      0.89      0.88      1447

2025-12-21 17:42:33,060 - [INFO] - ------------------------------------------------------------
2025-12-21 17:42:34,730 - [DEBUG] - y_true: (1447,) [0 0 0 0 0 1 0 0 0 0 0 0 0 0 0 0 0 1 0 0 0 0 0 0 1 0 0 0 0 0 0 0 0 0 0 0 0
 0 1 1 0]
2025-12-21 17:42:35,084 - [DEBUG] - y_rrl_: (1447,) [0 0 0 0 0 0 0 0 0 0 0 0 0 0 0 0 0 0 0 0 0 0 0 0 1 0 0 0 0 0 0 0 0 0 0 0 0
 0 0 0 0]
2025-12-21 17:42:35,085 - [DEBUG] - y_rrl: (1447, 2) [[ 1.384571   -1.2382576 ]
 [ 0.55410963 -0.34691224]
 [ 2.1325598  -1.9431398 ]
 [ 2.1325598  -1.9431398 ]
 [ 1.384571   -1.2382576 ]
 [ 0.5635891  -0.5828872 ]
 [ 1.9567115  -1.751026  ]
 [ 2.1325598  -1.9431398 ]
 [ 2.1325598  -1.9431398 ]
 [ 0.9895036  -0.9712782 ]
 [ 0.5175691  -0.4476669 ]
 [ 1.6606253  -1.4195286 ]
 [ 1.384571   -1.2382576 ]
 [ 1.9567115  -1.751026  ]
 [ 1.6346372  -1.4345348 ]
 [ 2.1325598  -1.9431398 ]
 [ 2.1325598  -1.9431398 ]
 [ 0.5175691  -0.4476669 ]
 [ 1.5604193  -1.4303714 ]
 [ 1.6346372  -1.4345348 ]
 [ 1.8104856  -1.6266485 ]
 [ 1.9567115  -1.751026  ]
 [ 1.338551   -1.1030374 ]
 [ 1.6346372  -1.4345348 ]
 [-0.8594321   0.8200364 ]
 [ 0.5635891  -0.5828872 ]
 [ 1.6606253  -1.4195286 ]
 [ 1.6346372  -1.4345348 ]
 [ 1.9567115  -1.751026  ]
 [ 1.8104856  -1.6266485 ]
 [ 1.6606253  -1.4195286 ]
 [ 1.6346372  -1.4345348 ]
 [ 0.5175691  -0.4476669 ]
 [ 0.5175691  -0.4476669 ]
 [ 1.384571   -1.2382576 ]
 [ 2.1325598  -1.9431398 ]
 [ 1.9567115  -1.751026  ]
 [ 1.6346372  -1.4345348 ]
 [ 0.8136553  -0.77916443]
 [ 0.53586626 -0.25473624]
 [ 2.1325598  -1.9431398 ]]
2025-12-21 17:42:35,087 - [INFO] - ------------------------------------------------------------
2025-12-21 17:42:35,088 - [INFO] - On Validation Set:
	Accuracy of RRL  Model: 0.8970283344851416
	F1 Score of RRL  Model: 0.5782785161713073
2025-12-21 17:42:35,095 - [INFO] - On Validation Set:
Performance of  RRL Model: 
[[1278    8]
 [ 141   20]]
              precision    recall  f1-score   support

           0       0.90      0.99      0.94      1286
           1       0.71      0.12      0.21       161

    accuracy                           0.90      1447
   macro avg       0.81      0.56      0.58      1447
weighted avg       0.88      0.90      0.86      1447

2025-12-21 17:42:35,095 - [INFO] - ------------------------------------------------------------
2025-12-21 17:42:35,944 - [INFO] - epoch: 61, loss_rrl: 230.46962520759553
2025-12-21 17:42:36,772 - [DEBUG] - y_true: (1447,) [0 0 0 0 0 1 0 0 0 0 0 0 0 0 0 0 0 1 0 0 0 0 0 0 1 0 0 0 0 0 0 0 0 0 0 0 0
 0 1 1 0]
2025-12-21 17:42:37,119 - [DEBUG] - y_rrl_: (1447,) [0 0 0 0 0 0 0 0 0 0 0 0 0 0 0 0 0 0 0 0 0 0 0 0 1 0 0 0 0 0 0 0 1 1 0 0 0
 0 0 0 0]
2025-12-21 17:42:37,119 - [DEBUG] - y_rrl: (1447, 2) [[ 1.4034761  -1.2574923 ]
 [ 0.53402245 -0.3272851 ]
 [ 2.217661   -2.0286586 ]
 [ 2.217661   -2.0286586 ]
 [ 1.6650537  -1.4654019 ]
 [ 0.04518759 -0.03891337]
 [ 2.004318   -1.7991118 ]
 [ 2.217661   -2.0286586 ]
 [ 2.217661   -2.0286586 ]
 [ 0.5201081  -0.4763697 ]
 [ 0.3067653  -0.24682295]
 [ 2.004318   -1.7991118 ]
 [ 1.4034761  -1.2574923 ]
 [ 2.217661   -2.0286586 ]
 [ 1.8783966  -1.6949487 ]
 [ 2.004318   -1.7991118 ]
 [ 2.217661   -2.0286586 ]
 [ 0.3067653  -0.24682295]
 [ 1.4034761  -1.2574923 ]
 [ 1.8783966  -1.6949487 ]
 [ 1.6650537  -1.4654019 ]
 [ 2.217661   -2.0286586 ]
 [ 1.3494958  -1.1145062 ]
 [ 1.8783966  -1.6949487 ]
 [-0.83298004  0.79396963]
 [ 0.04518759 -0.03891337]
 [ 1.6887602  -1.4482164 ]
 [ 1.8783966  -1.6949487 ]
 [ 2.217661   -2.0286586 ]
 [ 1.8783966  -1.6949487 ]
 [ 2.004318   -1.7991118 ]
 [ 1.6650537  -1.4654019 ]
 [-0.00879273  0.10407257]
 [-0.00879273  0.10407257]
 [ 1.4034761  -1.2574923 ]
 [ 2.217661   -2.0286586 ]
 [ 2.004318   -1.7991118 ]
 [ 1.8783966  -1.6949487 ]
 [ 0.3067653  -0.24682295]
 [ 0.3165666  -0.15202427]
 [ 2.217661   -2.0286586 ]]
2025-12-21 17:42:37,122 - [INFO] - ------------------------------------------------------------
2025-12-21 17:42:37,122 - [INFO] - On Validation Set:
	Accuracy of RRL  Model: 0.9046302695231514
	F1 Score of RRL  Model: 0.6605595974705922
2025-12-21 17:42:37,129 - [INFO] - On Validation Set:
Performance of  RRL Model: 
[[1268   18]
 [ 120   41]]
              precision    recall  f1-score   support

           0       0.91      0.99      0.95      1286
           1       0.69      0.25      0.37       161

    accuracy                           0.90      1447
   macro avg       0.80      0.62      0.66      1447
weighted avg       0.89      0.90      0.88      1447

2025-12-21 17:42:37,129 - [INFO] - ------------------------------------------------------------
2025-12-21 17:42:38,813 - [DEBUG] - y_true: (1447,) [0 0 0 0 0 1 0 0 0 0 0 0 0 0 0 0 0 1 0 0 0 0 0 0 1 0 0 0 0 0 0 0 0 0 0 0 0
 0 1 1 0]
2025-12-21 17:42:39,158 - [DEBUG] - y_rrl_: (1447,) [0 0 0 0 0 0 0 0 0 0 1 0 0 0 0 0 0 1 0 0 0 0 0 0 1 0 0 0 0 0 0 0 1 1 0 0 0
 0 0 0 0]
2025-12-21 17:42:39,158 - [DEBUG] - y_rrl: (1447, 2) [[ 1.6349419  -1.4357352 ]
 [ 0.30297637 -0.27586368]
 [ 1.9292631  -1.919846  ]
 [ 1.9292631  -1.919846  ]
 [ 1.6349419  -1.4357352 ]
 [ 0.26952893 -0.20960972]
 [ 1.9593694  -1.7546363 ]
 [ 1.9292631  -1.919846  ]
 [ 2.1566923  -1.9681027 ]
 [ 0.46685165 -0.42307606]
 [-0.04123659  0.13641956]
 [ 1.6486039  -1.408607  ]
 [ 1.6349419  -1.4357352 ]
 [ 1.9292631  -1.919846  ]
 [ 1.8322647  -1.6492016 ]
 [ 2.1566923  -1.9681027 ]
 [ 2.1566923  -1.9681027 ]
 [-0.04123659  0.13641956]
 [ 1.3504671  -1.4001219 ]
 [ 1.6048357  -1.6009449 ]
 [ 1.6048357  -1.6009449 ]
 [ 2.1566923  -1.9681027 ]
 [ 1.3241764  -1.089706  ]
 [ 1.6048357  -1.6009449 ]
 [-0.85170597  0.8130939 ]
 [ 0.26952893 -0.20960972]
 [ 1.6486039  -1.408607  ]
 [ 1.6048357  -1.6009449 ]
 [ 2.1566923  -1.9681027 ]
 [ 1.8322647  -1.6492016 ]
 [ 1.4211749  -1.3603504 ]
 [ 1.407513   -1.3874786 ]
 [-0.04123659  0.13641956]
 [-0.04123659  0.13641956]
 [ 1.6349419  -1.4357352 ]
 [ 1.9292631  -1.919846  ]
 [ 1.9593694  -1.7546363 ]
 [ 1.6048357  -1.6009449 ]
 [ 0.26952893 -0.20960972]
 [ 0.2770102  -0.11092512]
 [ 1.9292631  -1.919846  ]]
2025-12-21 17:42:39,161 - [INFO] - ------------------------------------------------------------
2025-12-21 17:42:39,161 - [INFO] - On Validation Set:
	Accuracy of RRL  Model: 0.8949550794747754
	F1 Score of RRL  Model: 0.6410366888627758
2025-12-21 17:42:39,168 - [INFO] - On Validation Set:
Performance of  RRL Model: 
[[1256   30]
 [ 122   39]]
              precision    recall  f1-score   support

           0       0.91      0.98      0.94      1286
           1       0.57      0.24      0.34       161

    accuracy                           0.89      1447
   macro avg       0.74      0.61      0.64      1447
weighted avg       0.87      0.89      0.88      1447

2025-12-21 17:42:39,168 - [INFO] - ------------------------------------------------------------
2025-12-21 17:42:39,554 - [INFO] - epoch: 62, loss_rrl: 229.7283482151106
2025-12-21 17:42:40,908 - [DEBUG] - y_true: (1447,) [0 0 0 0 0 1 0 0 0 0 0 0 0 0 0 0 0 1 0 0 0 0 0 0 1 0 0 0 0 0 0 0 0 0 0 0 0
 0 1 1 0]
2025-12-21 17:42:41,196 - [DEBUG] - y_rrl_: (1447,) [0 0 0 0 0 0 0 0 0 0 0 0 0 0 0 0 0 0 0 0 0 0 0 0 1 0 0 0 0 0 0 0 1 1 0 0 0
 0 0 0 0]
2025-12-21 17:42:41,197 - [DEBUG] - y_rrl: (1447, 2) [[ 1.3613813  -1.2160347 ]
 [ 0.28507984 -0.25792477]
 [ 1.880312   -1.8708123 ]
 [ 1.880312   -1.8708123 ]
 [ 1.6050484  -1.4062774 ]
 [ 0.01864773 -0.0121778 ]
 [ 1.9292636  -1.7249948 ]
 [ 1.880312   -1.8708123 ]
 [ 2.1065092  -1.9183241 ]
 [ 0.43956035 -0.39574984]
 [ 0.26231474 -0.20242059]
 [ 1.9292636  -1.7249948 ]
 [ 1.3613813  -1.2160347 ]
 [ 1.7030663  -1.677483  ]
 [ 1.6050484  -1.4062774 ]
 [ 1.9292636  -1.7249948 ]
 [ 2.1065092  -1.9183241 ]
 [ 0.26231474 -0.20242059]
 [ 1.135184   -1.168523  ]
 [ 1.3788509  -1.3587657 ]
 [ 1.3788509  -1.3587657 ]
 [ 1.9292636  -1.7249948 ]
 [ 1.291193   -1.0572313 ]
 [ 1.3788509  -1.3587657 ]
 [-0.86782724  0.82960814]
 [ 0.01864773 -0.0121778 ]
 [ 1.6154082  -1.3759487 ]
 [ 1.3788509  -1.3587657 ]
 [ 1.9292636  -1.7249948 ]
 [ 1.782294   -1.5996066 ]
 [ 1.7030663  -1.677483  ]
 [ 1.3788509  -1.3587657 ]
 [-0.05154066  0.14662558]
 [-0.05154066  0.14662558]
 [ 1.3613813  -1.2160347 ]
 [ 1.880312   -1.8708123 ]
 [ 1.9292636  -1.7249948 ]
 [ 1.3788509  -1.3587657 ]
 [ 0.26231474 -0.20242059]
 [ 1.1230929  -0.91248107]
 [ 1.880312   -1.8708123 ]]
2025-12-21 17:42:41,199 - [INFO] - ------------------------------------------------------------
2025-12-21 17:42:41,199 - [INFO] - On Validation Set:
	Accuracy of RRL  Model: 0.8963372494816862
	F1 Score of RRL  Model: 0.5933931301141984
2025-12-21 17:42:41,205 - [INFO] - On Validation Set:
Performance of  RRL Model: 
[[1273   13]
 [ 137   24]]
              precision    recall  f1-score   support

           0       0.90      0.99      0.94      1286
           1       0.65      0.15      0.24       161

    accuracy                           0.90      1447
   macro avg       0.78      0.57      0.59      1447
weighted avg       0.87      0.90      0.87      1447

2025-12-21 17:42:41,205 - [INFO] - ------------------------------------------------------------
2025-12-21 17:42:42,633 - [INFO] - epoch: 63, loss_rrl: 228.47325284499675
2025-12-21 17:42:42,728 - [DEBUG] - y_true: (1447,) [0 0 0 0 0 1 0 0 0 0 0 0 0 0 0 0 0 1 0 0 0 0 0 0 1 0 0 0 0 0 0 0 0 0 0 0 0
 0 1 1 0]
2025-12-21 17:42:43,013 - [DEBUG] - y_rrl_: (1447,) [0 0 0 0 0 0 0 0 0 0 1 0 0 0 0 0 0 1 0 0 0 0 0 0 1 0 0 0 0 0 0 0 1 1 0 0 0
 0 0 1 0]
2025-12-21 17:42:43,014 - [DEBUG] - y_rrl: (1447, 2) [[ 1.6983802  -1.5000589 ]
 [ 0.57650816 -0.37112457]
 [ 2.223947   -2.0361798 ]
 [ 2.223947   -2.0361798 ]
 [ 1.6983802  -1.5000589 ]
 [ 0.34413016 -0.28426027]
 [ 2.012139   -1.8083482 ]
 [ 2.223947   -2.0361798 ]
 [ 2.223947   -2.0361798 ]
 [ 0.5559382  -0.5120918 ]
 [-0.265294    0.30697954]
 [ 1.402715   -1.2171084 ]
 [ 1.6983802  -1.5000589 ]
 [ 2.012139   -1.8083482 ]
 [ 1.6983802  -1.5000589 ]
 [ 1.7315482  -1.5810586 ]
 [ 2.223947   -2.0361798 ]
 [-0.265294    0.30697954]
 [ 1.4177893  -1.2727692 ]
 [ 1.6983802  -1.5000589 ]
 [ 1.6983802  -1.5000589 ]
 [ 2.012139   -1.8083482 ]
 [ 1.369547   -1.1361086 ]
 [ 1.6983802  -1.5000589 ]
 [-0.8452244   0.8074159 ]
 [ 0.34413016 -0.28426027]
 [ 1.6833059  -1.4443979 ]
 [ 1.6983802  -1.5000589 ]
 [ 1.7315482  -1.5810586 ]
 [ 1.9101882  -1.7278905 ]
 [ 1.402715   -1.2171084 ]
 [ 1.6983802  -1.5000589 ]
 [-0.265294    0.30697954]
 [-0.265294    0.30697954]
 [ 1.6983802  -1.5000589 ]
 [ 2.223947   -2.0361798 ]
 [ 2.012139   -1.8083482 ]
 [ 1.6983802  -1.5000589 ]
 [ 0.06353924 -0.05697072]
 [-0.29742163  0.44326818]
 [ 2.223947   -2.0361798 ]]
2025-12-21 17:42:43,016 - [INFO] - ------------------------------------------------------------
2025-12-21 17:42:43,016 - [INFO] - On Validation Set:
	Accuracy of RRL  Model: 0.8963372494816862
	F1 Score of RRL  Model: 0.6618021016416739
2025-12-21 17:42:43,022 - [INFO] - On Validation Set:
Performance of  RRL Model: 
[[1251   35]
 [ 115   46]]
              precision    recall  f1-score   support

           0       0.92      0.97      0.94      1286
           1       0.57      0.29      0.38       161

    accuracy                           0.90      1447
   macro avg       0.74      0.63      0.66      1447
weighted avg       0.88      0.90      0.88      1447

2025-12-21 17:42:43,022 - [INFO] - ------------------------------------------------------------
2025-12-21 17:42:44,514 - [DEBUG] - y_true: (1447,) [0 0 0 0 0 1 0 0 0 0 0 0 0 0 0 0 0 1 0 0 0 0 0 0 1 0 0 0 0 0 0 0 0 0 0 0 0
 0 1 1 0]
2025-12-21 17:42:44,802 - [DEBUG] - y_rrl_: (1447,) [0 0 0 0 0 1 0 0 0 0 1 0 0 0 0 0 0 1 0 0 0 0 0 0 1 1 0 0 0 0 0 0 1 1 0 0 0
 0 1 0 0]
2025-12-21 17:42:44,802 - [DEBUG] - y_rrl: (1447, 2) [[ 1.3549700e+00 -1.2102685e+00]
 [ 2.7870995e-01 -2.5146705e-01]
 [ 1.5367351e+00 -1.5325094e+00]
 [ 1.5367351e+00 -1.5325094e+00]
 [ 1.3549700e+00 -1.2102685e+00]
 [-2.5700033e-04  6.9247559e-03]
 [ 1.5979338e+00 -1.4000536e+00]
 [ 1.8525770e+00 -1.8429091e+00]
 [ 2.0850360e+00 -1.8976769e+00]
 [ 4.1396701e-01 -3.7008414e-01]
 [-6.9280550e-02  1.6417021e-01]
 [ 1.6017884e+00 -1.3634226e+00]
 [ 1.3549700e+00 -1.2102685e+00]
 [ 1.3654747e+00 -1.3452857e+00]
 [ 1.5979338e+00 -1.4000536e+00]
 [ 1.7691939e+00 -1.5872774e+00]
 [ 2.0850360e+00 -1.8976769e+00]
 [-6.9280550e-02  1.6417021e-01]
 [ 1.2937713e+00 -1.3427244e+00]
 [ 1.3654747e+00 -1.3452857e+00]
 [ 1.5367351e+00 -1.5325094e+00]
 [ 1.5979338e+00 -1.4000536e+00]
 [ 1.2859464e+00 -1.0530231e+00]
 [ 1.3654747e+00 -1.3452857e+00]
 [-9.0918261e-01  8.7181151e-01]
 [-2.5700033e-04  6.9247559e-03]
 [ 1.2859464e+00 -1.0530231e+00]
 [ 1.3654747e+00 -1.3452857e+00]
 [ 1.5979338e+00 -1.4000536e+00]
 [ 1.7691939e+00 -1.5872774e+00]
 [ 1.3693293e+00 -1.3086548e+00]
 [ 1.3654747e+00 -1.3452857e+00]
 [-6.9280550e-02  1.6417021e-01]
 [-6.9280550e-02  1.6417021e-01]
 [ 1.3549700e+00 -1.2102685e+00]
 [ 1.8525770e+00 -1.8429091e+00]
 [ 1.5979338e+00 -1.4000536e+00]
 [ 1.3654747e+00 -1.3452857e+00]
 [-6.9280550e-02  1.6417021e-01]
 [ 1.9406940e-01 -3.0171745e-02]
 [ 1.8525770e+00 -1.8429091e+00]]
2025-12-21 17:42:44,804 - [INFO] - ------------------------------------------------------------
2025-12-21 17:42:44,804 - [INFO] - On Validation Set:
	Accuracy of RRL  Model: 0.8873531444367657
	F1 Score of RRL  Model: 0.7063896638047685
2025-12-21 17:42:44,810 - [INFO] - On Validation Set:
Performance of  RRL Model: 
[[1210   76]
 [  87   74]]
              precision    recall  f1-score   support

           0       0.93      0.94      0.94      1286
           1       0.49      0.46      0.48       161

    accuracy                           0.89      1447
   macro avg       0.71      0.70      0.71      1447
weighted avg       0.88      0.89      0.89      1447

2025-12-21 17:42:44,810 - [INFO] - ------------------------------------------------------------
2025-12-21 17:42:45,811 - [INFO] - epoch: 64, loss_rrl: 227.10839975159615
2025-12-21 17:42:46,333 - [DEBUG] - y_true: (1447,) [0 0 0 0 0 1 0 0 0 0 0 0 0 0 0 0 0 1 0 0 0 0 0 0 1 0 0 0 0 0 0 0 0 0 0 0 0
 0 1 1 0]
2025-12-21 17:42:46,621 - [DEBUG] - y_rrl_: (1447,) [0 0 0 0 0 0 0 0 0 0 1 0 0 0 0 0 0 1 0 0 0 0 0 0 1 0 0 0 0 0 0 0 1 1 0 0 0
 0 1 1 0]
2025-12-21 17:42:46,621 - [DEBUG] - y_rrl: (1447, 2) [[ 1.381692   -1.2373298 ]
 [ 0.5172734  -0.31281093]
 [ 1.6494439  -1.437384  ]
 [ 2.1812327  -1.9943041 ]
 [ 0.8499032  -0.6804098 ]
 [ 0.04364899 -0.03688067]
 [ 1.9689742  -1.7661426 ]
 [ 2.1812327  -1.9943041 ]
 [ 2.1812327  -1.9943041 ]
 [ 0.52364826 -0.4797282 ]
 [-0.2889809   0.33071813]
 [ 0.83681476 -0.62693775]
 [ 0.8499032  -0.6804098 ]
 [ 1.6494439  -1.437384  ]
 [ 1.8616914  -1.6801773 ]
 [ 1.7012334  -1.5514566 ]
 [ 2.1812327  -1.9943041 ]
 [-0.2889809   0.33071813]
 [ 1.381692   -1.2373298 ]
 [ 1.8616914  -1.6801773 ]
 [ 1.6494329  -1.4520159 ]
 [ 1.6494439  -1.437384  ]
 [ 0.78501415 -0.52749693]
 [ 1.8616914  -1.6801773 ]
 [-0.8921068   0.85521305]
 [ 0.04364899 -0.03688067]
 [ 1.3686035  -1.1838578 ]
 [ 1.8616914  -1.6801773 ]
 [ 1.3817031  -1.222698  ]
 [ 1.8616914  -1.6801773 ]
 [ 1.3686035  -1.1838578 ]
 [ 1.1176441  -0.8950958 ]
 [-0.2889809   0.33071813]
 [-0.2889809   0.33071813]
 [ 0.8499032  -0.6804098 ]
 [ 2.1812327  -1.9943041 ]
 [ 1.1694446  -0.9945365 ]
 [ 1.8616914  -1.6801773 ]
 [-0.2889809   0.33071813]
 [-0.35749683  0.5031918 ]
 [ 2.1812327  -1.9943041 ]]
2025-12-21 17:42:46,624 - [INFO] - ------------------------------------------------------------
2025-12-21 17:42:46,624 - [INFO] - On Validation Set:
	Accuracy of RRL  Model: 0.8984105044920525
	F1 Score of RRL  Model: 0.7007609382231832
2025-12-21 17:42:46,630 - [INFO] - On Validation Set:
Performance of  RRL Model: 
[[1238   48]
 [  99   62]]
              precision    recall  f1-score   support

           0       0.93      0.96      0.94      1286
           1       0.56      0.39      0.46       161

    accuracy                           0.90      1447
   macro avg       0.74      0.67      0.70      1447
weighted avg       0.89      0.90      0.89      1447

2025-12-21 17:42:46,630 - [INFO] - ------------------------------------------------------------
2025-12-21 17:42:48,156 - [DEBUG] - y_true: (1447,) [0 0 0 0 0 1 0 0 0 0 0 0 0 0 0 0 0 1 0 0 0 0 0 0 1 0 0 0 0 0 0 0 0 0 0 0 0
 0 1 1 0]
2025-12-21 17:42:48,441 - [DEBUG] - y_rrl_: (1447,) [0 0 0 0 0 0 0 0 0 0 0 0 0 0 0 0 0 0 0 0 0 0 0 0 1 0 0 0 0 0 0 0 0 0 0 0 0
 0 0 0 0]
2025-12-21 17:42:48,442 - [DEBUG] - y_rrl: (1447, 2) [[ 1.3827362  -1.238722  ]
 [ 0.54642254 -0.34243956]
 [ 1.8208153  -1.6397141 ]
 [ 1.8208153  -1.6397141 ]
 [ 1.6288291  -1.431885  ]
 [ 0.02018662 -0.01331551]
 [ 1.6288291  -1.431885  ]
 [ 2.1409938  -1.9545047 ]
 [ 2.1409938  -1.9545047 ]
 [ 0.45826566 -0.41430762]
 [ 0.2662795  -0.2064785 ]
 [ 1.6357142  -1.3984882 ]
 [ 1.3827362  -1.238722  ]
 [ 1.8208153  -1.6397141 ]
 [ 1.8208153  -1.6397141 ]
 [ 1.6288291  -1.431885  ]
 [ 2.1409938  -1.9545047 ]
 [ 0.2662795  -0.2064785 ]
 [ 1.3827362  -1.238722  ]
 [ 1.8208153  -1.6397141 ]
 [ 1.6288291  -1.431885  ]
 [ 1.8208153  -1.6397141 ]
 [ 1.3155358  -1.0836976 ]
 [ 1.8208153  -1.6397141 ]
 [-0.58006674  0.508772  ]
 [ 0.02018662 -0.01331551]
 [ 1.3155358  -1.0836976 ]
 [ 1.8208153  -1.6397141 ]
 [ 1.8208153  -1.6397141 ]
 [ 1.8208153  -1.6397141 ]
 [ 1.6357142  -1.3984882 ]
 [ 1.6288291  -1.431885  ]
 [ 0.2662795  -0.2064785 ]
 [ 0.2662795  -0.2064785 ]
 [ 1.3827362  -1.238722  ]
 [ 2.1409938  -1.9545047 ]
 [ 1.6288291  -1.431885  ]
 [ 1.8208153  -1.6397141 ]
 [ 0.2662795  -0.2064785 ]
 [ 0.5392478  -0.40871605]
 [ 2.1409938  -1.9545047 ]]
2025-12-21 17:42:48,444 - [INFO] - ------------------------------------------------------------
2025-12-21 17:42:48,444 - [INFO] - On Validation Set:
	Accuracy of RRL  Model: 0.9018659295093296
	F1 Score of RRL  Model: 0.6150788298414411
2025-12-21 17:42:48,450 - [INFO] - On Validation Set:
Performance of  RRL Model: 
[[1277    9]
 [ 133   28]]
              precision    recall  f1-score   support

           0       0.91      0.99      0.95      1286
           1       0.76      0.17      0.28       161

    accuracy                           0.90      1447
   macro avg       0.83      0.58      0.62      1447
weighted avg       0.89      0.90      0.87      1447

2025-12-21 17:42:48,450 - [INFO] - ------------------------------------------------------------
2025-12-21 17:42:49,015 - [INFO] - epoch: 65, loss_rrl: 229.98490071110427
2025-12-21 17:42:49,939 - [DEBUG] - y_true: (1447,) [0 0 0 0 0 1 0 0 0 0 0 0 0 0 0 0 0 1 0 0 0 0 0 0 1 0 0 0 0 0 0 0 0 0 0 0 0
 0 1 1 0]
2025-12-21 17:42:50,221 - [DEBUG] - y_rrl_: (1447,) [0 0 0 0 0 0 0 0 0 0 1 0 0 0 0 0 0 1 0 0 0 0 0 0 1 0 0 0 0 0 0 0 1 1 0 0 0
 0 0 1 0]
2025-12-21 17:42:50,222 - [DEBUG] - y_rrl: (1447, 2) [[ 1.5953202  -1.3988595 ]
 [ 0.26194236 -0.23455846]
 [ 1.578152   -1.5735836 ]
 [ 1.578152   -1.5735836 ]
 [ 1.7886436  -1.6079664 ]
 [ 0.2550529  -0.19527408]
 [ 1.5953202  -1.3988595 ]
 [ 1.9055974  -1.8956679 ]
 [ 2.116089   -1.9300507 ]
 [ 0.44837633 -0.4043809 ]
 [-0.06952742  0.16412595]
 [ 1.5981854  -1.3615439 ]
 [ 1.5953202  -1.3988595 ]
 [ 1.3848284  -1.3644767 ]
 [ 1.5953202  -1.3988595 ]
 [ 1.7886436  -1.6079664 ]
 [ 2.116089   -1.9300507 ]
 [-0.06952742  0.16412595]
 [ 1.3241223  -1.3723595 ]
 [ 1.3848284  -1.3644767 ]
 [ 1.578152   -1.5735836 ]
 [ 1.5953202  -1.3988595 ]
 [ 1.2707399  -1.0394595 ]
 [ 1.3848284  -1.3644767 ]
 [-0.9283874   0.89244306]
 [ 0.2550529  -0.19527408]
 [ 1.4640633  -1.2485664 ]
 [ 1.3848284  -1.3644767 ]
 [ 1.5953202  -1.3988595 ]
 [ 1.7886436  -1.6079664 ]
 [ 1.3876938  -1.3271611 ]
 [ 1.578152   -1.5735836 ]
 [-0.06952742  0.16412595]
 [-0.06952742  0.16412595]
 [ 1.5953202  -1.3988595 ]
 [ 1.9055974  -1.8956679 ]
 [ 1.5953202  -1.3988595 ]
 [ 1.3848284  -1.3644767 ]
 [ 0.2550529  -0.19527408]
 [-0.13642034  0.33475178]
 [ 1.9055974  -1.8956679 ]]
2025-12-21 17:42:50,224 - [INFO] - ------------------------------------------------------------
2025-12-21 17:42:50,224 - [INFO] - On Validation Set:
	Accuracy of RRL  Model: 0.8956461644782309
	F1 Score of RRL  Model: 0.6820534535871703
2025-12-21 17:42:50,230 - [INFO] - On Validation Set:
Performance of  RRL Model: 
[[1241   45]
 [ 106   55]]
              precision    recall  f1-score   support

           0       0.92      0.97      0.94      1286
           1       0.55      0.34      0.42       161

    accuracy                           0.90      1447
   macro avg       0.74      0.65      0.68      1447
weighted avg       0.88      0.90      0.88      1447

2025-12-21 17:42:50,230 - [INFO] - ------------------------------------------------------------
2025-12-21 17:42:51,812 - [DEBUG] - y_true: (1447,) [0 0 0 0 0 1 0 0 0 0 0 0 0 0 0 0 0 1 0 0 0 0 0 0 1 0 0 0 0 0 0 0 0 0 0 0 0
 0 1 1 0]
2025-12-21 17:42:52,088 - [DEBUG] - y_rrl_: (1447,) [0 0 0 0 0 0 0 0 0 0 0 0 0 0 0 0 0 0 0 0 0 0 0 0 1 0 0 0 0 0 0 0 0 0 0 0 0
 0 0 0 0]
2025-12-21 17:42:52,088 - [DEBUG] - y_rrl: (1447, 2) [[ 1.644033   -1.448065  ]
 [ 0.548491   -0.34549755]
 [ 2.1847503  -1.9991729 ]
 [ 2.1847503  -1.9991729 ]
 [ 1.644033   -1.448065  ]
 [ 0.81734395 -0.78254956]
 [ 1.9703097  -1.7690063 ]
 [ 2.1847503  -1.9991729 ]
 [ 2.1847503  -1.9991729 ]
 [ 1.0317847  -1.0127163 ]
 [ 0.81734395 -0.78254956]
 [ 1.9703097  -1.7690063 ]
 [ 1.644033   -1.448065  ]
 [ 1.9703097  -1.7690063 ]
 [ 1.644033   -1.448065  ]
 [ 2.1847503  -1.9991729 ]
 [ 2.1847503  -1.9991729 ]
 [ 0.81734395 -0.78254956]
 [ 1.5959291  -1.468368  ]
 [ 1.644033   -1.448065  ]
 [ 1.8584738  -1.6782317 ]
 [ 1.9703097  -1.7690063 ]
 [ 1.3284003  -1.0976868 ]
 [ 1.644033   -1.448065  ]
 [-0.8567431   0.82122713]
 [ 0.81734395 -0.78254956]
 [ 1.6546769  -1.418628  ]
 [ 1.644033   -1.448065  ]
 [ 1.9703097  -1.7690063 ]
 [ 1.8584738  -1.6782317 ]
 [ 1.9703097  -1.7690063 ]
 [ 1.644033   -1.448065  ]
 [ 0.5017112  -0.43217131]
 [ 0.5017112  -0.43217131]
 [ 1.644033   -1.448065  ]
 [ 2.1847503  -1.9991729 ]
 [ 1.9703097  -1.7690063 ]
 [ 1.644033   -1.448065  ]
 [ 0.81734395 -0.78254956]
 [ 0.2638241  -0.10050631]
 [ 2.1847503  -1.9991729 ]]
2025-12-21 17:42:52,090 - [INFO] - ------------------------------------------------------------
2025-12-21 17:42:52,090 - [INFO] - On Validation Set:
	Accuracy of RRL  Model: 0.899101589495508
	F1 Score of RRL  Model: 0.6042359799778197
2025-12-21 17:42:52,096 - [INFO] - On Validation Set:
Performance of  RRL Model: 
[[1275   11]
 [ 135   26]]
              precision    recall  f1-score   support

           0       0.90      0.99      0.95      1286
           1       0.70      0.16      0.26       161

    accuracy                           0.90      1447
   macro avg       0.80      0.58      0.60      1447
weighted avg       0.88      0.90      0.87      1447

2025-12-21 17:42:52,096 - [INFO] - ------------------------------------------------------------
2025-12-21 17:42:52,255 - [INFO] - epoch: 66, loss_rrl: 227.96527092624456
2025-12-21 17:42:53,630 - [DEBUG] - y_true: (1447,) [0 0 0 0 0 1 0 0 0 0 0 0 0 0 0 0 0 1 0 0 0 0 0 0 1 0 0 0 0 0 0 0 0 0 0 0 0
 0 1 1 0]
2025-12-21 17:42:53,908 - [DEBUG] - y_rrl_: (1447,) [0 0 0 0 0 0 0 0 0 0 0 0 0 0 0 0 0 0 0 0 0 0 0 0 1 0 0 0 0 0 0 0 1 1 0 0 0
 0 0 0 0]
2025-12-21 17:42:53,909 - [DEBUG] - y_rrl: (1447, 2) [[ 1.41403    -1.2710903 ]
 [ 0.35355288 -0.3260743 ]
 [ 1.9495555  -1.9394549 ]
 [ 1.9495555  -1.9394549 ]
 [ 1.650156   -1.4546578 ]
 [ 0.06198607 -0.05481152]
 [ 1.9735407  -1.7727336 ]
 [ 1.9495555  -1.9394549 ]
 [ 2.1620834  -1.9769455 ]
 [ 0.486655   -0.44259095]
 [ 0.29811215 -0.23837903]
 [ 1.9735407  -1.7727336 ]
 [ 1.41403    -1.2710903 ]
 [ 1.9495555  -1.9394549 ]
 [ 1.8386989  -1.6588697 ]
 [ 1.9735407  -1.7727336 ]
 [ 2.1620834  -1.9769455 ]
 [ 0.29811215 -0.23837903]
 [ 1.2015018  -1.2335998 ]
 [ 1.6261708  -1.6213793 ]
 [ 1.4376279  -1.4171673 ]
 [ 2.1620834  -1.9769455 ]
 [ 1.3407643  -1.110594  ]
 [ 1.6261708  -1.6213793 ]
 [-0.83844584  0.80335665]
 [ 0.06198607 -0.05481152]
 [ 1.8526918  -1.6328818 ]
 [ 1.6261708  -1.6213793 ]
 [ 2.1620834  -1.9769455 ]
 [ 1.8386989  -1.6588697 ]
 [ 1.7610127  -1.735243  ]
 [ 1.4376279  -1.4171673 ]
 [-0.01127957  0.1056847 ]
 [-0.01127957  0.1056847 ]
 [ 1.41403    -1.2710903 ]
 [ 1.9495555  -1.9394549 ]
 [ 1.9735407  -1.7727336 ]
 [ 1.6261708  -1.6213793 ]
 [ 0.29811215 -0.23837903]
 [ 0.5719713  -0.44172168]
 [ 1.9495555  -1.9394549 ]]
2025-12-21 17:42:53,911 - [INFO] - ------------------------------------------------------------
2025-12-21 17:42:53,911 - [INFO] - On Validation Set:
	Accuracy of RRL  Model: 0.9032480995162405
	F1 Score of RRL  Model: 0.6527406371278507
2025-12-21 17:42:53,917 - [INFO] - On Validation Set:
Performance of  RRL Model: 
[[1268   18]
 [ 122   39]]
              precision    recall  f1-score   support

           0       0.91      0.99      0.95      1286
           1       0.68      0.24      0.36       161

    accuracy                           0.90      1447
   macro avg       0.80      0.61      0.65      1447
weighted avg       0.89      0.90      0.88      1447

2025-12-21 17:42:53,917 - [INFO] - ------------------------------------------------------------
2025-12-21 17:42:55,145 - [INFO] - epoch: 67, loss_rrl: 228.2770333411172
2025-12-21 17:42:55,439 - [DEBUG] - y_true: (1447,) [0 0 0 0 0 1 0 0 0 0 0 0 0 0 0 0 0 1 0 0 0 0 0 0 1 0 0 0 0 0 0 0 0 0 0 0 0
 0 1 1 0]
2025-12-21 17:42:55,715 - [DEBUG] - y_rrl_: (1447,) [0 0 0 0 0 0 0 0 0 0 0 0 0 0 0 0 0 0 0 0 0 0 0 0 1 0 0 0 0 0 0 0 1 1 0 0 0
 0 0 0 0]
2025-12-21 17:42:55,715 - [DEBUG] - y_rrl: (1447, 2) [[ 1.3884361  -1.2118622 ]
 [ 0.07720572 -0.06814496]
 [ 1.1669036  -1.1371535 ]
 [ 1.1669036  -1.1371535 ]
 [ 1.3884361  -1.2118622 ]
 [ 0.35399047 -0.29427898]
 [ 1.6035378  -1.4425775 ]
 [ 2.0403476  -2.0301635 ]
 [ 2.2287126  -2.0440037 ]
 [ 0.5690923  -0.5249943 ]
 [ 0.08617586 -0.07889931]
 [ 1.4669538  -1.3375329 ]
 [ 1.3884361  -1.2118622 ]
 [ 1.2000711  -1.1980218 ]
 [ 1.3884361  -1.2118622 ]
 [ 1.1206214  -0.9964825 ]
 [ 2.2287126  -2.0440037 ]
 [ 0.08617586 -0.07889931]
 [ 0.9322564  -0.9826422 ]
 [ 1.2000711  -1.1980218 ]
 [ 1.2000711  -1.1980218 ]
 [ 1.3884361  -1.2118622 ]
 [ 1.0604966  -0.8493246 ]
 [ 1.4151728  -1.4287372 ]
 [-0.8599563   0.8253329 ]
 [ 0.35399047 -0.29427898]
 [ 1.0604966  -0.8493246 ]
 [ 1.2000711  -1.1980218 ]
 [ 1.1206214  -0.9964825 ]
 [ 1.8823798  -1.7029535 ]
 [ 1.2785888  -1.3236926 ]
 [ 1.2000711  -1.1980218 ]
 [-0.24176359  0.28363824]
 [-0.24176359  0.28363824]
 [ 1.3884361  -1.2118622 ]
 [ 2.0403476  -2.0301635 ]
 [ 1.3884361  -1.2118622 ]
 [ 1.2000711  -1.1980218 ]
 [ 0.3012777  -0.30961466]
 [ 0.6208733  -0.43378997]
 [ 2.0403476  -2.0301635 ]]
2025-12-21 17:42:55,717 - [INFO] - ------------------------------------------------------------
2025-12-21 17:42:55,717 - [INFO] - On Validation Set:
	Accuracy of RRL  Model: 0.8949550794747754
	F1 Score of RRL  Model: 0.6165016041288882
2025-12-21 17:42:55,723 - [INFO] - On Validation Set:
Performance of  RRL Model: 
[[1264   22]
 [ 130   31]]
              precision    recall  f1-score   support

           0       0.91      0.98      0.94      1286
           1       0.58      0.19      0.29       161

    accuracy                           0.89      1447
   macro avg       0.75      0.59      0.62      1447
weighted avg       0.87      0.89      0.87      1447

2025-12-21 17:42:55,723 - [INFO] - ------------------------------------------------------------
2025-12-21 17:42:57,299 - [DEBUG] - y_true: (1447,) [0 0 0 0 0 1 0 0 0 0 0 0 0 0 0 0 0 1 0 0 0 0 0 0 1 0 0 0 0 0 0 0 0 0 0 0 0
 0 1 1 0]
2025-12-21 17:42:57,575 - [DEBUG] - y_rrl_: (1447,) [0 0 0 0 0 0 0 0 0 0 0 0 0 0 0 0 0 0 0 0 0 0 0 0 1 0 0 0 0 0 0 0 0 0 0 0 0
 0 0 0 0]
2025-12-21 17:42:57,575 - [DEBUG] - y_rrl: (1447, 2) [[ 1.3449227  -1.2026223 ]
 [ 0.31099537 -0.28341877]
 [ 1.5518064  -1.5467926 ]
 [ 1.5518064  -1.5467926 ]
 [ 1.3449227  -1.2026223 ]
 [ 0.5387197  -0.55613416]
 [ 1.7545433  -1.5754882 ]
 [ 1.882597   -1.8723282 ]
 [ 2.0853338  -1.9010235 ]
 [ 0.94834054 -0.9290001 ]
 [ 0.7670597  -0.7321612 ]
 [ 1.9040531  -1.7041847 ]
 [ 1.3449227  -1.2026223 ]
 [ 1.3705257  -1.3499538 ]
 [ 1.5732626  -1.3786494 ]
 [ 1.7545433  -1.5754882 ]
 [ 2.0853338  -1.9010235 ]
 [ 0.7670597  -0.7321612 ]
 [ 1.3234664  -1.3707656 ]
 [ 1.3705257  -1.3499538 ]
 [ 1.5518064  -1.5467926 ]
 [ 1.5732626  -1.3786494 ]
 [ 1.2708058  -1.041668  ]
 [ 1.5518064  -1.5467926 ]
 [-0.92063963  0.8865071 ]
 [ 0.5387197  -0.55613416]
 [ 1.2708058  -1.041668  ]
 [ 1.3705257  -1.3499538 ]
 [ 1.5732626  -1.3786494 ]
 [ 1.7545433  -1.5754882 ]
 [ 1.7013162  -1.6754893 ]
 [ 1.3705257  -1.3499538 ]
 [ 0.464603   -0.39518   ]
 [ 0.464603   -0.39518   ]
 [ 1.3449227  -1.2026223 ]
 [ 1.882597   -1.8723282 ]
 [ 1.5732626  -1.3786494 ]
 [ 1.3705257  -1.3499538 ]
 [ 0.94834054 -0.9290001 ]
 [ 0.77185345 -0.53286546]
 [ 1.882597   -1.8723282 ]]
2025-12-21 17:42:57,577 - [INFO] - ------------------------------------------------------------
2025-12-21 17:42:57,578 - [INFO] - On Validation Set:
	Accuracy of RRL  Model: 0.8970283344851416
	F1 Score of RRL  Model: 0.5903459020909929
2025-12-21 17:42:57,583 - [INFO] - On Validation Set:
Performance of  RRL Model: 
[[1275   11]
 [ 138   23]]
              precision    recall  f1-score   support

           0       0.90      0.99      0.94      1286
           1       0.68      0.14      0.24       161

    accuracy                           0.90      1447
   macro avg       0.79      0.57      0.59      1447
weighted avg       0.88      0.90      0.87      1447

2025-12-21 17:42:57,583 - [INFO] - ------------------------------------------------------------
2025-12-21 17:42:58,533 - [INFO] - epoch: 68, loss_rrl: 228.42092596367002
2025-12-21 17:42:59,219 - [DEBUG] - y_true: (1447,) [0 0 0 0 0 1 0 0 0 0 0 0 0 0 0 0 0 1 0 0 0 0 0 0 1 0 0 0 0 0 0 0 0 0 0 0 0
 0 1 1 0]
2025-12-21 17:42:59,493 - [DEBUG] - y_rrl_: (1447,) [0 0 0 0 0 0 0 0 0 0 1 0 0 0 0 0 0 1 0 0 0 0 0 0 1 0 0 0 0 0 0 0 1 1 0 0 0
 0 0 0 0]
2025-12-21 17:42:59,494 - [DEBUG] - y_rrl: (1447, 2) [[ 1.3906448  -1.2486501 ]
 [ 0.31389698 -0.28627107]
 [ 1.970031   -1.9596771 ]
 [ 1.970031   -1.9596771 ]
 [ 1.6398976  -1.4457127 ]
 [ 0.04830804 -0.04082615]
 [ 2.186204   -2.0022933 ]
 [ 1.970031   -1.9596771 ]
 [ 2.186204   -2.0022933 ]
 [ 0.5010535  -0.45688424]
 [-0.01904468  0.11316705]
 [ 1.6661059  -1.4322422 ]
 [ 1.3906448  -1.2486501 ]
 [ 1.7665384  -1.7406816 ]
 [ 1.6398976  -1.4457127 ]
 [ 2.186204   -2.0022933 ]
 [ 2.186204   -2.0022933 ]
 [-0.01904468  0.11316705]
 [ 1.3779643  -1.425029  ]
 [ 1.4237244  -1.4030963 ]
 [ 1.6272172  -1.6220917 ]
 [ 1.9827114  -1.783298  ]
 [ 1.323292   -1.0946568 ]
 [ 1.6272172  -1.6220917 ]
 [-0.9018457   0.86819154]
 [ 0.04830804 -0.04082615]
 [ 1.6661059  -1.4322422 ]
 [ 1.4237244  -1.4030963 ]
 [ 1.9827114  -1.783298  ]
 [ 1.8433902  -1.664708  ]
 [ 1.4499328  -1.3896258 ]
 [ 1.4237244  -1.4030963 ]
 [-0.01904468  0.11316705]
 [-0.01904468  0.11316705]
 [ 1.3906448  -1.2486501 ]
 [ 1.970031   -1.9596771 ]
 [ 1.9827114  -1.783298  ]
 [ 1.4237244  -1.4030963 ]
 [ 0.5010535  -0.45688424]
 [ 0.22299957 -0.06012852]
 [ 1.970031   -1.9596771 ]]
2025-12-21 17:42:59,496 - [INFO] - ------------------------------------------------------------
2025-12-21 17:42:59,496 - [INFO] - On Validation Set:
	Accuracy of RRL  Model: 0.8956461644782309
	F1 Score of RRL  Model: 0.6475928730526618
2025-12-21 17:42:59,502 - [INFO] - On Validation Set:
Performance of  RRL Model: 
[[1255   31]
 [ 120   41]]
              precision    recall  f1-score   support

           0       0.91      0.98      0.94      1286
           1       0.57      0.25      0.35       161

    accuracy                           0.90      1447
   macro avg       0.74      0.62      0.65      1447
weighted avg       0.87      0.90      0.88      1447

2025-12-21 17:42:59,502 - [INFO] - ------------------------------------------------------------
2025-12-21 17:43:01,029 - [DEBUG] - y_true: (1447,) [0 0 0 0 0 1 0 0 0 0 0 0 0 0 0 0 0 1 0 0 0 0 0 0 1 0 0 0 0 0 0 0 0 0 0 0 0
 0 1 1 0]
2025-12-21 17:43:01,304 - [DEBUG] - y_rrl_: (1447,) [0 0 0 0 0 0 0 0 0 0 0 0 0 0 0 0 0 0 0 0 0 0 0 0 1 0 0 0 0 0 0 0 0 0 0 0 0
 0 0 1 0]
2025-12-21 17:43:01,304 - [DEBUG] - y_rrl: (1447, 2) [[ 1.3644619  -1.1889824 ]
 [ 0.2739877  -0.09151716]
 [ 2.1774426  -1.9939247 ]
 [ 2.1774426  -1.9939247 ]
 [ 1.1091349  -0.9857231 ]
 [ 0.30213222 -0.24248073]
 [ 1.9016101  -1.7363762 ]
 [ 2.1774426  -1.9939247 ]
 [ 2.1774426  -1.9939247 ]
 [ 0.4937303  -0.44952673]
 [ 0.30213222 -0.24248073]
 [ 1.4001889  -1.1851302 ]
 [ 1.3644619  -1.1889824 ]
 [ 1.9016101  -1.7363762 ]
 [ 1.5560601  -1.3960284 ]
 [ 1.9016101  -1.7363762 ]
 [ 2.1774426  -1.9939247 ]
 [ 0.30213222 -0.24248073]
 [ 1.3007329  -1.192769  ]
 [ 1.5560601  -1.3960284 ]
 [ 1.5560601  -1.3960284 ]
 [ 1.9016101  -1.7363762 ]
 [ 1.246237   -1.0518284 ]
 [ 1.5560601  -1.3960284 ]
 [-0.5659817   0.49841934]
 [ 0.30213222 -0.24248073]
 [ 1.4001889  -1.1851302 ]
 [ 1.5560601  -1.3960284 ]
 [ 1.9016101  -1.7363762 ]
 [ 1.8318925  -1.653577  ]
 [ 1.4001889  -1.1851302 ]
 [ 1.5560601  -1.3960284 ]
 [ 0.30213222 -0.24248073]
 [ 0.30213222 -0.24248073]
 [ 1.3644619  -1.1889824 ]
 [ 2.1774426  -1.9939247 ]
 [ 1.710012   -1.5293301 ]
 [ 1.5560601  -1.3960284 ]
 [ 0.30213222 -0.24248073]
 [-0.06947833  0.26664433]
 [ 2.1774426  -1.9939247 ]]
2025-12-21 17:43:01,306 - [INFO] - ------------------------------------------------------------
2025-12-21 17:43:01,306 - [INFO] - On Validation Set:
	Accuracy of RRL  Model: 0.8963372494816862
	F1 Score of RRL  Model: 0.6008525443926265
2025-12-21 17:43:01,312 - [INFO] - On Validation Set:
Performance of  RRL Model: 
[[1271   15]
 [ 135   26]]
              precision    recall  f1-score   support

           0       0.90      0.99      0.94      1286
           1       0.63      0.16      0.26       161

    accuracy                           0.90      1447
   macro avg       0.77      0.57      0.60      1447
weighted avg       0.87      0.90      0.87      1447

2025-12-21 17:43:01,312 - [INFO] - ------------------------------------------------------------
2025-12-21 17:43:01,713 - [INFO] - epoch: 69, loss_rrl: 228.02342548314482
2025-12-21 17:43:02,817 - [DEBUG] - y_true: (1447,) [0 0 0 0 0 1 0 0 0 0 0 0 0 0 0 0 0 1 0 0 0 0 0 0 1 0 0 0 0 0 0 0 0 0 0 0 0
 0 1 1 0]
2025-12-21 17:43:03,092 - [DEBUG] - y_rrl_: (1447,) [0 0 0 0 0 0 0 0 0 0 0 0 0 0 0 0 0 0 0 0 0 0 0 0 1 0 0 0 0 0 0 0 1 1 0 0 0
 0 0 0 0]
2025-12-21 17:43:03,092 - [DEBUG] - y_rrl: (1447, 2) [[ 1.6246456  -1.4312944 ]
 [ 0.31537122 -0.28765136]
 [ 1.5985819  -1.5932381 ]
 [ 1.5985819  -1.5932381 ]
 [ 1.6246456  -1.4312944 ]
 [ 0.28070694 -0.22107501]
 [ 1.8023827  -1.6244245 ]
 [ 1.9485346  -1.9380157 ]
 [ 2.1523354  -1.969202  ]
 [ 0.45844406 -0.41420513]
 [ 0.28070694 -0.22107501]
 [ 1.9745983  -1.776072  ]
 [ 1.6246456  -1.4312944 ]
 [ 1.5985819  -1.5932381 ]
 [ 1.8023827  -1.6244245 ]
 [ 1.6246456  -1.4312944 ]
 [ 2.1523354  -1.969202  ]
 [ 0.28070694 -0.22107501]
 [ 1.1669961  -1.1982074 ]
 [ 1.5985819  -1.5932381 ]
 [ 1.5985819  -1.5932381 ]
 [ 1.8023827  -1.6244245 ]
 [ 1.4916515  -1.2793887 ]
 [ 1.5985819  -1.5932381 ]
 [-0.87680936  0.8440328 ]
 [ 0.28070694 -0.22107501]
 [ 1.3139144  -1.0862585 ]
 [ 1.5985819  -1.5932381 ]
 [ 1.8023827  -1.6244245 ]
 [ 1.8023827  -1.6244245 ]
 [ 1.7707975  -1.7448857 ]
 [ 1.5985819  -1.5932381 ]
 [-0.0300242   0.1239609 ]
 [-0.0300242   0.1239609 ]
 [ 1.6246456  -1.4312944 ]
 [ 1.9485346  -1.9380157 ]
 [ 1.6246456  -1.4312944 ]
 [ 1.5985819  -1.5932381 ]
 [ 0.28070694 -0.22107501]
 [ 0.8344605  -0.59703875]
 [ 1.9485346  -1.9380157 ]]
2025-12-21 17:43:03,094 - [INFO] - ------------------------------------------------------------
2025-12-21 17:43:03,094 - [INFO] - On Validation Set:
	Accuracy of RRL  Model: 0.899101589495508
	F1 Score of RRL  Model: 0.6316396987027479
2025-12-21 17:43:03,100 - [INFO] - On Validation Set:
Performance of  RRL Model: 
[[1267   19]
 [ 127   34]]
              precision    recall  f1-score   support

           0       0.91      0.99      0.95      1286
           1       0.64      0.21      0.32       161

    accuracy                           0.90      1447
   macro avg       0.78      0.60      0.63      1447
weighted avg       0.88      0.90      0.88      1447

2025-12-21 17:43:03,100 - [INFO] - ------------------------------------------------------------
2025-12-21 17:43:04,635 - [INFO] - epoch: 70, loss_rrl: 228.80425345152617
2025-12-21 17:43:04,699 - [DEBUG] - y_true: (1447,) [0 0 0 0 0 1 0 0 0 0 0 0 0 0 0 0 0 1 0 0 0 0 0 0 1 0 0 0 0 0 0 0 0 0 0 0 0
 0 1 1 0]
2025-12-21 17:43:04,972 - [DEBUG] - y_rrl_: (1447,) [0 0 0 0 0 0 0 0 0 0 0 0 0 0 0 0 0 0 0 0 0 0 0 0 1 0 0 0 0 0 0 0 0 0 0 0 0
 0 0 0 0]
2025-12-21 17:43:04,973 - [DEBUG] - y_rrl: (1447, 2) [[ 1.7224922  -1.5295706 ]
 [ 0.59451914 -0.39462066]
 [ 2.2797492  -2.097018  ]
 [ 2.2797492  -2.097018  ]
 [ 1.7224922  -1.5295706 ]
 [ 0.36382407 -0.30421427]
 [ 2.0750523  -1.8769819 ]
 [ 2.2797492  -2.097018  ]
 [ 2.2797492  -2.097018  ]
 [ 0.56852084 -0.5242503 ]
 [ 0.04727903  0.04656312]
 [ 1.7585074  -1.5262045 ]
 [ 1.7224922  -1.5295706 ]
 [ 2.0750523  -1.8769819 ]
 [ 1.7224922  -1.5295706 ]
 [ 2.0750523  -1.8769819 ]
 [ 2.2797492  -2.097018  ]
 [ 0.04727903  0.04656312]
 [ 1.4338676  -1.2927719 ]
 [ 1.7224922  -1.5295706 ]
 [ 1.7224922  -1.5295706 ]
 [ 2.0750523  -1.8769819 ]
 [ 1.4059472  -1.1787932 ]
 [ 1.7224922  -1.5295706 ]
 [-0.8397298   0.8073672 ]
 [ 0.36382407 -0.30421427]
 [ 1.7585074  -1.5262045 ]
 [ 1.7224922  -1.5295706 ]
 [ 2.0750523  -1.8769819 ]
 [ 1.927189   -1.7496066 ]
 [ 1.7585074  -1.5262045 ]
 [ 1.7224922  -1.5295706 ]
 [ 0.04727903  0.04656312]
 [ 0.04727903  0.04656312]
 [ 1.7224922  -1.5295706 ]
 [ 2.2797492  -2.097018  ]
 [ 2.0750523  -1.8769819 ]
 [ 1.7224922  -1.5295706 ]
 [ 0.36382407 -0.30421427]
 [ 0.6203196  -0.3491958 ]
 [ 2.2797492  -2.097018  ]]
2025-12-21 17:43:04,975 - [INFO] - ------------------------------------------------------------
2025-12-21 17:43:04,975 - [INFO] - On Validation Set:
	Accuracy of RRL  Model: 0.8977194194885971
	F1 Score of RRL  Model: 0.5950212553516588
2025-12-21 17:43:04,981 - [INFO] - On Validation Set:
Performance of  RRL Model: 
[[1275   11]
 [ 137   24]]
              precision    recall  f1-score   support

           0       0.90      0.99      0.95      1286
           1       0.69      0.15      0.24       161

    accuracy                           0.90      1447
   macro avg       0.79      0.57      0.60      1447
weighted avg       0.88      0.90      0.87      1447

2025-12-21 17:43:04,981 - [INFO] - ------------------------------------------------------------
2025-12-21 17:43:06,659 - [DEBUG] - y_true: (1447,) [0 0 0 0 0 1 0 0 0 0 0 0 0 0 0 0 0 1 0 0 0 0 0 0 1 0 0 0 0 0 0 0 0 0 0 0 0
 0 1 1 0]
2025-12-21 17:43:06,934 - [DEBUG] - y_rrl_: (1447,) [0 0 0 0 0 0 0 0 0 0 0 0 0 0 0 0 0 0 0 0 0 0 0 0 1 0 0 0 0 0 0 0 0 0 0 0 0
 0 0 0 0]
2025-12-21 17:43:06,935 - [DEBUG] - y_rrl: (1447, 2) [[ 1.4096979  -1.2688963 ]
 [ 0.3332954  -0.30548546]
 [ 1.5946741  -1.5891184 ]
 [ 1.5946741  -1.5891184 ]
 [ 1.5762128  -1.4506963 ]
 [ 0.5733011  -0.58993155]
 [ 1.6589153  -1.466409  ]
 [ 1.936474   -1.9257957 ]
 [ 2.16723    -1.9848863 ]
 [ 0.98903316 -0.9692441 ]
 [ 0.82251835 -0.7874441 ]
 [ 2.000715   -1.8030863 ]
 [ 1.4096979  -1.2688963 ]
 [ 1.4281594  -1.4073184 ]
 [ 1.6589153  -1.466409  ]
 [ 1.8254302  -1.648209  ]
 [ 2.16723    -1.9848863 ]
 [ 0.82251835 -0.7874441 ]
 [ 1.3454568  -1.3916057 ]
 [ 1.4281594  -1.4073184 ]
 [ 1.5946741  -1.5891184 ]
 [ 1.6589153  -1.466409  ]
 [ 1.3558749  -1.1292094 ]
 [ 1.4281594  -1.4073184 ]
 [-0.8897122   0.85779107]
 [ 0.5733011  -0.58993155]
 [ 1.3558749  -1.1292094 ]
 [ 1.4281594  -1.4073184 ]
 [ 1.6589153  -1.466409  ]
 [ 1.8254302  -1.648209  ]
 [ 1.7699591  -1.7439957 ]
 [ 1.5946741  -1.5891184 ]
 [ 0.51947796 -0.45024458]
 [ 0.51947796 -0.45024458]
 [ 1.4096979  -1.2688963 ]
 [ 1.936474   -1.9257957 ]
 [ 1.6589153  -1.466409  ]
 [ 1.4281594  -1.4073184 ]
 [ 0.82251835 -0.7874441 ]
 [ 0.85246795 -0.6160915 ]
 [ 1.936474   -1.9257957 ]]
2025-12-21 17:43:06,937 - [INFO] - ------------------------------------------------------------
2025-12-21 17:43:06,937 - [INFO] - On Validation Set:
	Accuracy of RRL  Model: 0.8984105044920525
	F1 Score of RRL  Model: 0.5958446148146037
2025-12-21 17:43:06,943 - [INFO] - On Validation Set:
Performance of  RRL Model: 
[[1276   10]
 [ 137   24]]
              precision    recall  f1-score   support

           0       0.90      0.99      0.95      1286
           1       0.71      0.15      0.25       161

    accuracy                           0.90      1447
   macro avg       0.80      0.57      0.60      1447
weighted avg       0.88      0.90      0.87      1447

2025-12-21 17:43:06,943 - [INFO] - ------------------------------------------------------------
2025-12-21 17:43:08,166 - [INFO] - epoch: 71, loss_rrl: 227.88034820184112
2025-12-21 17:43:08,680 - [DEBUG] - y_true: (1447,) [0 0 0 0 0 1 0 0 0 0 0 0 0 0 0 0 0 1 0 0 0 0 0 0 1 0 0 0 0 0 0 0 0 0 0 0 0
 0 1 1 0]
2025-12-21 17:43:08,954 - [DEBUG] - y_rrl_: (1447,) [0 0 0 0 0 0 0 0 0 0 0 0 0 0 0 0 0 0 0 0 0 0 0 0 1 0 0 0 0 0 0 0 1 1 0 0 0
 0 0 0 0]
2025-12-21 17:43:08,954 - [DEBUG] - y_rrl: (1447, 2) [[ 1.4275112  -1.2870178 ]
 [ 0.55516726 -0.35613066]
 [ 1.7240368  -1.5176368 ]
 [ 2.266354   -2.0844126 ]
 [ 1.1667864  -0.9502518 ]
 [ 0.05521385 -0.04722764]
 [ 2.061338   -1.8641655 ]
 [ 2.266354   -2.0844126 ]
 [ 2.266354   -2.0844126 ]
 [ 0.5418228  -0.4974843 ]
 [ 0.33680654 -0.27723736]
 [ 1.5190206  -1.2973897 ]
 [ 0.88519365 -0.7202421 ]
 [ 1.7240368  -1.5176368 ]
 [ 1.9141202  -1.7372744 ]
 [ 2.266354   -2.0844126 ]
 [ 2.266354   -2.0844126 ]
 [ 0.33680654 -0.27723736]
 [ 1.6325275  -1.5072647 ]
 [ 1.9141202  -1.7372744 ]
 [ 1.9141202  -1.7372744 ]
 [ 1.7240368  -1.5176368 ]
 [ 0.83676    -0.5861404 ]
 [ 1.9141202  -1.7372744 ]
 [-0.88916177  0.8577007 ]
 [ 0.05521385 -0.04722764]
 [ 1.7313117  -1.5000541 ]
 [ 1.9141202  -1.7372744 ]
 [ 1.7240368  -1.5176368 ]
 [ 1.9141202  -1.7372744 ]
 [ 2.061338   -1.8641655 ]
 [ 1.1667864  -0.9502518 ]
 [ 0.00678019  0.08687406]
 [ 0.00678019  0.08687406]
 [ 0.88519365 -0.7202421 ]
 [ 2.266354   -2.0844126 ]
 [ 1.5190206  -1.2973897 ]
 [ 1.9141202  -1.7372744 ]
 [ 0.33680654 -0.27723736]
 [ 0.30747855 -0.14516526]
 [ 2.266354   -2.0844126 ]]
2025-12-21 17:43:08,956 - [INFO] - ------------------------------------------------------------
2025-12-21 17:43:08,956 - [INFO] - On Validation Set:
	Accuracy of RRL  Model: 0.9046302695231514
	F1 Score of RRL  Model: 0.6714869506850396
2025-12-21 17:43:08,962 - [INFO] - On Validation Set:
Performance of  RRL Model: 
[[1264   22]
 [ 116   45]]
              precision    recall  f1-score   support

           0       0.92      0.98      0.95      1286
           1       0.67      0.28      0.39       161

    accuracy                           0.90      1447
   macro avg       0.79      0.63      0.67      1447
weighted avg       0.89      0.90      0.89      1447

2025-12-21 17:43:08,962 - [INFO] - ------------------------------------------------------------
2025-12-21 17:43:10,516 - [DEBUG] - y_true: (1447,) [0 0 0 0 0 1 0 0 0 0 0 0 0 0 0 0 0 1 0 0 0 0 0 0 1 0 0 0 0 0 0 0 0 0 0 0 0
 0 1 1 0]
2025-12-21 17:43:10,791 - [DEBUG] - y_rrl_: (1447,) [0 0 0 0 0 1 0 0 0 0 0 0 0 0 0 0 0 0 0 0 0 0 0 0 1 1 0 0 0 0 0 0 0 0 0 0 0
 0 0 0 0]
2025-12-21 17:43:10,791 - [DEBUG] - y_rrl: (1447, 2) [[ 1.1187980e+00 -9.9658322e-01]
 [ 2.7641702e-01 -9.5788606e-02]
 [ 1.8141335e+00 -1.6376592e+00]
 [ 1.8141335e+00 -1.6376592e+00]
 [ 1.1187980e+00 -9.9658322e-01]
 [ 2.1443218e-03  5.9459135e-03]
 [ 1.3816893e+00 -1.2080126e+00]
 [ 2.1457410e+00 -1.9641974e+00]
 [ 2.1457410e+00 -1.9641974e+00]
 [ 4.2437810e-01 -3.8000283e-01]
 [ 2.6503557e-01 -2.0548353e-01]
 [ 1.4062934e+00 -1.1935370e+00]
 [ 1.1187980e+00 -9.9658322e-01]
 [ 1.3816893e+00 -1.2080126e+00]
 [ 1.3816893e+00 -1.2080126e+00]
 [ 1.3816893e+00 -1.2080126e+00]
 [ 2.1457410e+00 -1.9641974e+00]
 [ 2.6503557e-01 -2.0548353e-01]
 [ 1.1187980e+00 -9.9658322e-01]
 [ 1.3816893e+00 -1.2080126e+00]
 [ 1.3816893e+00 -1.2080126e+00]
 [ 1.3816893e+00 -1.2080126e+00]
 [ 1.0746862e+00 -8.6699891e-01]
 [ 1.3816893e+00 -1.2080126e+00]
 [-6.0583347e-01  5.4083085e-01]
 [ 2.1443218e-03  5.9459135e-03]
 [ 1.0746862e+00 -8.6699891e-01]
 [ 1.3816893e+00 -1.2080126e+00]
 [ 1.3816893e+00 -1.2080126e+00]
 [ 1.8141335e+00 -1.6376592e+00]
 [ 1.4062934e+00 -1.1935370e+00]
 [ 1.3816893e+00 -1.2080126e+00]
 [ 2.6503557e-01 -2.0548353e-01]
 [ 2.6503557e-01 -2.0548353e-01]
 [ 1.1187980e+00 -9.9658322e-01]
 [ 2.1457410e+00 -1.9641974e+00]
 [ 1.3816893e+00 -1.2080126e+00]
 [ 1.3816893e+00 -1.2080126e+00]
 [ 2.6503557e-01 -2.0548353e-01]
 [ 5.6994092e-01 -4.3988487e-01]
 [ 2.1457410e+00 -1.9641974e+00]]
2025-12-21 17:43:10,793 - [INFO] - ------------------------------------------------------------
2025-12-21 17:43:10,793 - [INFO] - On Validation Set:
	Accuracy of RRL  Model: 0.8970283344851416
	F1 Score of RRL  Model: 0.6966896584711177
2025-12-21 17:43:10,799 - [INFO] - On Validation Set:
Performance of  RRL Model: 
[[1237   49]
 [ 100   61]]
              precision    recall  f1-score   support

           0       0.93      0.96      0.94      1286
           1       0.55      0.38      0.45       161

    accuracy                           0.90      1447
   macro avg       0.74      0.67      0.70      1447
weighted avg       0.88      0.90      0.89      1447

2025-12-21 17:43:10,799 - [INFO] - ------------------------------------------------------------
2025-12-21 17:43:11,426 - [INFO] - epoch: 72, loss_rrl: 231.7274888586253
2025-12-21 17:43:12,329 - [DEBUG] - y_true: (1447,) [0 0 0 0 0 1 0 0 0 0 0 0 0 0 0 0 0 1 0 0 0 0 0 0 1 0 0 0 0 0 0 0 0 0 0 0 0
 0 1 1 0]
2025-12-21 17:43:12,603 - [DEBUG] - y_rrl_: (1447,) [0 0 0 0 0 0 0 0 0 0 0 0 0 0 0 0 0 0 0 0 0 0 0 0 1 0 0 0 0 0 0 0 1 1 0 0 0
 0 0 0 0]
2025-12-21 17:43:12,603 - [DEBUG] - y_rrl: (1447, 2) [[ 1.3926816  -1.2527918 ]
 [ 0.2935626  -0.265612  ]
 [ 1.3969411  -1.3616656 ]
 [ 1.3969411  -1.3616656 ]
 [ 1.6716822  -1.4804512 ]
 [ 0.03628652 -0.02809474]
 [ 2.0057266  -1.8094535 ]
 [ 1.9576621  -1.9467337 ]
 [ 2.1759288  -1.9947776 ]
 [ 0.48548937 -0.4410783 ]
 [ 0.31528717 -0.25575423]
 [ 2.0057266  -1.8094535 ]
 [ 1.3926816  -1.2527918 ]
 [ 1.9576621  -1.9467337 ]
 [ 1.8418845  -1.6657753 ]
 [ 2.1759288  -1.9947776 ]
 [ 2.1759288  -1.9947776 ]
 [ 0.31528717 -0.25575423]
 [ 1.3446172  -1.390072  ]
 [ 1.6236179  -1.6177315 ]
 [ 1.6236179  -1.6177315 ]
 [ 2.1759288  -1.9947776 ]
 [ 1.3515509  -1.1263834 ]
 [ 1.6236179  -1.6177315 ]
 [-0.88355637  0.8529751 ]
 [ 0.03628652 -0.02809474]
 [ 1.8557974  -1.6407098 ]
 [ 1.6236179  -1.6177315 ]
 [ 2.1759288  -1.9947776 ]
 [ 1.8418845  -1.6657753 ]
 [ 1.7874599  -1.7614096 ]
 [ 1.4534156  -1.4324074 ]
 [-0.00484417  0.09831361]
 [-0.00484417  0.09831361]
 [ 1.3926816  -1.2527918 ]
 [ 1.9576621  -1.9467337 ]
 [ 2.0057266  -1.8094535 ]
 [ 1.6236179  -1.6177315 ]
 [ 0.31528717 -0.25575423]
 [ 0.5778434  -0.4478466 ]
 [ 1.9576621  -1.9467337 ]]
2025-12-21 17:43:12,605 - [INFO] - ------------------------------------------------------------
2025-12-21 17:43:12,605 - [INFO] - On Validation Set:
	Accuracy of RRL  Model: 0.9032480995162405
	F1 Score of RRL  Model: 0.6437113953259325
2025-12-21 17:43:12,611 - [INFO] - On Validation Set:
Performance of  RRL Model: 
[[1271   15]
 [ 125   36]]
              precision    recall  f1-score   support

           0       0.91      0.99      0.95      1286
           1       0.71      0.22      0.34       161

    accuracy                           0.90      1447
   macro avg       0.81      0.61      0.64      1447
weighted avg       0.89      0.90      0.88      1447

2025-12-21 17:43:12,611 - [INFO] - ------------------------------------------------------------
2025-12-21 17:43:14,141 - [DEBUG] - y_true: (1447,) [0 0 0 0 0 1 0 0 0 0 0 0 0 0 0 0 0 1 0 0 0 0 0 0 1 0 0 0 0 0 0 0 0 0 0 0 0
 0 1 1 0]
2025-12-21 17:43:14,415 - [DEBUG] - y_rrl_: (1447,) [0 0 0 0 0 0 0 0 0 0 0 0 0 0 0 0 0 0 0 0 0 0 0 0 1 0 0 0 0 0 0 0 1 1 0 0 0
 0 0 0 0]
2025-12-21 17:43:14,415 - [DEBUG] - y_rrl: (1447, 2) [[ 1.3975508  -1.1747323 ]
 [ 0.2571352  -0.02738213]
 [ 1.6942902  -1.4892437 ]
 [ 1.6942902  -1.4892437 ]
 [ 1.3975508  -1.1747323 ]
 [ 0.3425265  -0.28301337]
 [ 2.0538878  -1.8580663 ]
 [ 2.2359953  -2.0552406 ]
 [ 2.2359953  -2.0552406 ]
 [ 0.52463377 -0.48018768]
 [ 0.3425265  -0.28301337]
 [ 2.0538878  -1.8580663 ]
 [ 1.3975508  -1.1747323 ]
 [ 2.0538878  -1.8580663 ]
 [ 1.3975508  -1.1747323 ]
 [ 2.2359953  -2.0552406 ]
 [ 2.2359953  -2.0552406 ]
 [ 0.3425265  -0.28301337]
 [ 1.2950809  -1.1385494 ]
 [ 1.3975508  -1.1747323 ]
 [ 1.579658   -1.3719066 ]
 [ 2.0538878  -1.8580663 ]
 [ 1.0834172  -0.8267361 ]
 [ 1.3975508  -1.1747323 ]
 [-0.83239     0.8022141 ]
 [ 0.3425265  -0.28301337]
 [ 1.7397544  -1.5100702 ]
 [ 1.3975508  -1.1747323 ]
 [ 2.0538878  -1.8580663 ]
 [ 1.579658   -1.3719066 ]
 [ 2.0538878  -1.8580663 ]
 [ 1.3975508  -1.1747323 ]
 [ 0.02839297  0.06498275]
 [ 0.02839297  0.06498275]
 [ 1.3975508  -1.1747323 ]
 [ 2.2359953  -2.0552406 ]
 [ 2.0538878  -1.8580663 ]
 [ 1.3975508  -1.1747323 ]
 [ 0.3425265  -0.28301337]
 [ 0.65553665 -0.5256087 ]
 [ 2.2359953  -2.0552406 ]]
2025-12-21 17:43:14,417 - [INFO] - ------------------------------------------------------------
2025-12-21 17:43:14,417 - [INFO] - On Validation Set:
	Accuracy of RRL  Model: 0.9039391845196959
	F1 Score of RRL  Model: 0.6830279964383928
2025-12-21 17:43:14,423 - [INFO] - On Validation Set:
Performance of  RRL Model: 
[[1258   28]
 [ 111   50]]
              precision    recall  f1-score   support

           0       0.92      0.98      0.95      1286
           1       0.64      0.31      0.42       161

    accuracy                           0.90      1447
   macro avg       0.78      0.64      0.68      1447
weighted avg       0.89      0.90      0.89      1447

2025-12-21 17:43:14,423 - [INFO] - ------------------------------------------------------------
2025-12-21 17:43:14,629 - [INFO] - epoch: 73, loss_rrl: 230.03776729479432
2025-12-21 17:43:15,958 - [DEBUG] - y_true: (1447,) [0 0 0 0 0 1 0 0 0 0 0 0 0 0 0 0 0 1 0 0 0 0 0 0 1 0 0 0 0 0 0 0 0 0 0 0 0
 0 1 1 0]
2025-12-21 17:43:16,232 - [DEBUG] - y_rrl_: (1447,) [0 0 0 0 0 0 0 0 0 0 1 0 0 0 0 0 0 1 0 0 0 0 0 0 1 0 0 0 0 0 0 0 1 1 0 0 0
 0 1 1 0]
2025-12-21 17:43:16,232 - [DEBUG] - y_rrl: (1447, 2) [[ 1.4339147  -1.2946185 ]
 [ 0.30841538 -0.28037015]
 [ 1.9422352  -1.9311377 ]
 [ 1.9422352  -1.9311377 ]
 [ 1.6990385  -1.5086418 ]
 [ 0.05651292 -0.04811842]
 [ 2.020215   -1.8248298 ]
 [ 1.9422352  -1.9311377 ]
 [ 2.1852653  -2.0048904 ]
 [ 0.48668697 -0.44220254]
 [-0.26085278  0.30303636]
 [ 1.4377255  -1.2596517 ]
 [ 1.4339147  -1.2946185 ]
 [ 1.9422352  -1.9311377 ]
 [ 1.8640888  -1.6887026 ]
 [ 1.7550912  -1.6108065 ]
 [ 2.1852653  -2.0048904 ]
 [-0.26085278  0.30303636]
 [ 1.1908846  -1.2208656 ]
 [ 1.6210587  -1.6149497 ]
 [ 1.4560086  -1.434889  ]
 [ 2.1852653  -2.0048904 ]
 [ 1.3816729  -1.157487  ]
 [ 1.6210587  -1.6149497 ]
 [-0.8403052   0.8105137 ]
 [ 0.05651292 -0.04811842]
 [ 1.7028494  -1.473675  ]
 [ 1.6210587  -1.6149497 ]
 [ 1.9201415  -1.7908672 ]
 [ 1.8640888  -1.6887026 ]
 [ 1.1946954  -1.1858988 ]
 [ 1.4560086  -1.434889  ]
 [-0.26085278  0.30303636]
 [-0.26085278  0.30303636]
 [ 1.4339147  -1.2946185 ]
 [ 1.9422352  -1.9311377 ]
 [ 1.7550912  -1.6108065 ]
 [ 1.6210587  -1.6149497 ]
 [-0.26085278  0.30303636]
 [ 0.03248647  0.08005541]
 [ 1.9422352  -1.9311377 ]]
2025-12-21 17:43:16,235 - [INFO] - ------------------------------------------------------------
2025-12-21 17:43:16,235 - [INFO] - On Validation Set:
	Accuracy of RRL  Model: 0.8984105044920525
	F1 Score of RRL  Model: 0.6904758786577088
2025-12-21 17:43:16,241 - [INFO] - On Validation Set:
Performance of  RRL Model: 
[[1243   43]
 [ 104   57]]
              precision    recall  f1-score   support

           0       0.92      0.97      0.94      1286
           1       0.57      0.35      0.44       161

    accuracy                           0.90      1447
   macro avg       0.75      0.66      0.69      1447
weighted avg       0.88      0.90      0.89      1447

2025-12-21 17:43:16,241 - [INFO] - ------------------------------------------------------------
2025-12-21 17:43:17,646 - [INFO] - epoch: 74, loss_rrl: 228.27009462658316
2025-12-21 17:43:17,915 - [DEBUG] - y_true: (1447,) [0 0 0 0 0 1 0 0 0 0 0 0 0 0 0 0 0 1 0 0 0 0 0 0 1 0 0 0 0 0 0 0 0 0 0 0 0
 0 1 1 0]
2025-12-21 17:43:18,195 - [DEBUG] - y_rrl_: (1447,) [0 0 0 0 0 0 0 0 0 0 0 0 0 0 0 0 0 0 0 0 0 0 0 0 1 0 0 0 0 0 0 0 0 0 0 0 0
 0 0 0 0]
2025-12-21 17:43:18,196 - [DEBUG] - y_rrl: (1447, 2) [[ 1.4541348  -1.2323066 ]
 [ 0.27075318 -0.04200823]
 [ 1.9648125  -1.7897912 ]
 [ 1.9648125  -1.7897912 ]
 [ 1.1632322  -0.9923841 ]
 [ 0.3868853  -0.32741025]
 [ 1.9648125  -1.7897912 ]
 [ 2.2912252  -2.1112425 ]
 [ 2.2912252  -2.1112425 ]
 [ 0.5935347  -0.549013  ]
 [ 0.3868853  -0.32741025]
 [ 2.0845757  -1.8896395 ]
 [ 1.4541348  -1.2323066 ]
 [ 1.9648125  -1.7897912 ]
 [ 1.6607842  -1.4539093 ]
 [ 1.7581631  -1.5681884 ]
 [ 2.2912252  -2.1112425 ]
 [ 0.3868853  -0.32741025]
 [ 1.1632322  -0.9923841 ]
 [ 1.6607842  -1.4539093 ]
 [ 1.6607842  -1.4539093 ]
 [ 1.9648125  -1.7897912 ]
 [ 1.3296889  -1.0890983 ]
 [ 1.6607842  -1.4539093 ]
 [-0.8102163   0.7808306 ]
 [ 0.3868853  -0.32741025]
 [ 1.4270678  -1.2033775 ]
 [ 1.6607842  -1.4539093 ]
 [ 1.7581631  -1.5681884 ]
 [ 1.6607842  -1.4539093 ]
 [ 2.0845757  -1.8896395 ]
 [ 1.6607842  -1.4539093 ]
 [ 0.05578992  0.03740072]
 [ 0.05578992  0.03740072]
 [ 1.4541348  -1.2323066 ]
 [ 2.2912252  -2.1112425 ]
 [ 1.7581631  -1.5681884 ]
 [ 1.6607842  -1.4539093 ]
 [ 0.5935347  -0.549013  ]
 [ 0.38033572 -0.2186952 ]
 [ 2.2912252  -2.1112425 ]]
2025-12-21 17:43:18,198 - [INFO] - ------------------------------------------------------------
2025-12-21 17:43:18,198 - [INFO] - On Validation Set:
	Accuracy of RRL  Model: 0.9039391845196959
	F1 Score of RRL  Model: 0.6677733565242671
2025-12-21 17:43:18,204 - [INFO] - On Validation Set:
Performance of  RRL Model: 
[[1264   22]
 [ 117   44]]
              precision    recall  f1-score   support

           0       0.92      0.98      0.95      1286
           1       0.67      0.27      0.39       161

    accuracy                           0.90      1447
   macro avg       0.79      0.63      0.67      1447
weighted avg       0.89      0.90      0.89      1447

2025-12-21 17:43:18,204 - [INFO] - ------------------------------------------------------------
2025-12-21 17:43:19,855 - [DEBUG] - y_true: (1447,) [0 0 0 0 0 1 0 0 0 0 0 0 0 0 0 0 0 1 0 0 0 0 0 0 1 0 0 0 0 0 0 0 0 0 0 0 0
 0 1 1 0]
2025-12-21 17:43:20,131 - [DEBUG] - y_rrl_: (1447,) [0 0 0 0 0 0 0 0 0 0 0 0 0 0 0 0 0 0 0 0 0 0 0 0 1 0 0 0 0 0 0 0 0 0 0 0 0
 0 0 0 0]
2025-12-21 17:43:20,132 - [DEBUG] - y_rrl: (1447, 2) [[ 1.4041252  -1.265423  ]
 [ 0.53140754 -0.33493578]
 [ 1.8349323  -1.6602664 ]
 [ 1.8349323  -1.6602664 ]
 [ 1.4041252  -1.265423  ]
 [ 0.01905183 -0.0104561 ]
 [ 1.6666136  -1.477051  ]
 [ 2.1639678  -1.9843674 ]
 [ 2.1639678  -1.9843674 ]
 [ 0.44985896 -0.40529948]
 [ 0.28154004 -0.22208406]
 [ 1.9956489  -1.8011518 ]
 [ 1.4041252  -1.265423  ]
 [ 1.6666136  -1.477051  ]
 [ 1.6666136  -1.477051  ]
 [ 1.8349323  -1.6602664 ]
 [ 2.1639678  -1.9843674 ]
 [ 0.28154004 -0.22208406]
 [ 1.5724442  -1.4486384 ]
 [ 1.6666136  -1.477051  ]
 [ 1.8349323  -1.6602664 ]
 [ 1.6666136  -1.477051  ]
 [ 1.3638406  -1.1406353 ]
 [ 1.6666136  -1.477051  ]
 [-0.5625983   0.49998856]
 [ 0.01905183 -0.0104561 ]
 [ 1.3638406  -1.1406353 ]
 [ 1.6666136  -1.477051  ]
 [ 1.6666136  -1.477051  ]
 [ 1.8349323  -1.6602664 ]
 [ 1.9956489  -1.8011518 ]
 [ 1.6666136  -1.477051  ]
 [ 0.28154004 -0.22208406]
 [ 0.28154004 -0.22208406]
 [ 1.4041252  -1.265423  ]
 [ 2.1639678  -1.9843674 ]
 [ 1.6666136  -1.477051  ]
 [ 1.6666136  -1.477051  ]
 [ 0.28154004 -0.22208406]
 [ 0.8517753  -0.61905277]
 [ 2.1639678  -1.9843674 ]]
2025-12-21 17:43:20,134 - [INFO] - ------------------------------------------------------------
2025-12-21 17:43:20,134 - [INFO] - On Validation Set:
	Accuracy of RRL  Model: 0.8935729094678645
	F1 Score of RRL  Model: 0.5485307465395961
2025-12-21 17:43:20,140 - [INFO] - On Validation Set:
Performance of  RRL Model: 
[[1279    7]
 [ 147   14]]
              precision    recall  f1-score   support

           0       0.90      0.99      0.94      1286
           1       0.67      0.09      0.15       161

    accuracy                           0.89      1447
   macro avg       0.78      0.54      0.55      1447
weighted avg       0.87      0.89      0.86      1447

2025-12-21 17:43:20,140 - [INFO] - ------------------------------------------------------------
2025-12-21 17:43:21,002 - [INFO] - epoch: 75, loss_rrl: 230.58161638025194
2025-12-21 17:43:21,683 - [DEBUG] - y_true: (1447,) [0 0 0 0 0 1 0 0 0 0 0 0 0 0 0 0 0 1 0 0 0 0 0 0 1 0 0 0 0 0 0 0 0 0 0 0 0
 0 1 1 0]
2025-12-21 17:43:21,960 - [DEBUG] - y_rrl_: (1447,) [0 0 0 0 0 0 0 0 0 0 0 0 0 0 0 0 0 0 0 0 0 0 0 0 1 0 0 0 0 0 0 0 1 1 0 0 0
 0 0 0 0]
2025-12-21 17:43:21,961 - [DEBUG] - y_rrl: (1447, 2) [[ 1.1308174  -1.0100229 ]
 [ 0.03112946 -0.02055785]
 [ 1.4210143  -1.3855885 ]
 [ 1.4210143  -1.3855885 ]
 [ 1.4123915  -1.2408557 ]
 [ 0.05650489 -0.04780984]
 [ 1.9379034  -1.7762998 ]
 [ 1.9990449  -1.9876896 ]
 [ 2.20424    -2.0250216 ]
 [ 0.5219613  -0.47736505]
 [ 0.33807898 -0.2786427 ]
 [ 1.754021   -1.5775775 ]
 [ 1.1308174  -1.0100229 ]
 [ 1.5488256  -1.5402455 ]
 [ 1.4123915  -1.2408557 ]
 [ 1.9379034  -1.7762998 ]
 [ 2.20424    -2.0250216 ]
 [ 0.33807898 -0.2786427 ]
 [ 1.1095045  -1.1714133 ]
 [ 1.2071962  -1.2035239 ]
 [ 1.3910786  -1.4022462 ]
 [ 1.754021   -1.5775775 ]
 [ 1.0959295  -0.8908237 ]
 [ 1.3910786  -1.4022462 ]
 [-0.82916445  0.8006139 ]
 [ 0.05650489 -0.04780984]
 [ 1.437559   -1.2275454 ]
 [ 1.2071962  -1.2035239 ]
 [ 1.754021   -1.5775775 ]
 [ 1.8626109  -1.6882998 ]
 [ 1.5488256  -1.5402455 ]
 [ 1.2071962  -1.2035239 ]
 [ 0.02161695  0.07138939]
 [ 0.02161695  0.07138939]
 [ 1.1308174  -1.0100229 ]
 [ 1.9990449  -1.9876896 ]
 [ 1.754021   -1.5775775 ]
 [ 1.2071962  -1.2035239 ]
 [ 0.5219613  -0.47736505]
 [ 0.31569636 -0.15430465]
 [ 1.9990449  -1.9876896 ]]
2025-12-21 17:43:21,963 - [INFO] - ------------------------------------------------------------
2025-12-21 17:43:21,963 - [INFO] - On Validation Set:
	Accuracy of RRL  Model: 0.9018659295093296
	F1 Score of RRL  Model: 0.6564439539860888
2025-12-21 17:43:21,969 - [INFO] - On Validation Set:
Performance of  RRL Model: 
[[1264   22]
 [ 120   41]]
              precision    recall  f1-score   support

           0       0.91      0.98      0.95      1286
           1       0.65      0.25      0.37       161

    accuracy                           0.90      1447
   macro avg       0.78      0.62      0.66      1447
weighted avg       0.88      0.90      0.88      1447

2025-12-21 17:43:21,969 - [INFO] - ------------------------------------------------------------
2025-12-21 17:43:23,638 - [DEBUG] - y_true: (1447,) [0 0 0 0 0 1 0 0 0 0 0 0 0 0 0 0 0 1 0 0 0 0 0 0 1 0 0 0 0 0 0 0 0 0 0 0 0
 0 1 1 0]
2025-12-21 17:43:23,913 - [DEBUG] - y_rrl_: (1447,) [0 0 0 0 0 0 0 0 0 0 1 0 0 0 0 0 0 1 0 0 0 0 0 0 1 0 0 0 0 0 0 0 1 1 0 0 0
 0 0 1 0]
2025-12-21 17:43:23,914 - [DEBUG] - y_rrl: (1447, 2) [[ 1.3841053  -1.2129201 ]
 [ 0.2257799  -0.04770304]
 [ 1.2618864  -1.0639136 ]
 [ 1.2618864  -1.0639136 ]
 [ 1.1081039  -0.9875397 ]
 [ 0.30089515 -0.24148062]
 [ 1.5579351  -1.401534  ]
 [ 2.1817906  -2.0029523 ]
 [ 2.1817906  -2.0029523 ]
 [ 0.4747249  -0.43009448]
 [-0.00950553  0.10241726]
 [ 1.4216853  -1.212122  ]
 [ 1.3841053  -1.2129201 ]
 [ 1.5579351  -1.401534  ]
 [ 1.5579351  -1.401534  ]
 [ 1.5579351  -1.401534  ]
 [ 2.1817906  -2.0029523 ]
 [-0.00950553  0.10241726]
 [ 1.2819335  -1.1761535 ]
 [ 1.5579351  -1.401534  ]
 [ 1.5579351  -1.401534  ]
 [ 1.5579351  -1.401534  ]
 [ 1.2475344  -1.0576361 ]
 [ 1.5579351  -1.401534  ]
 [-0.8676965   0.83956265]
 [ 0.30089515 -0.24148062]
 [ 1.0737046  -0.86902225]
 [ 1.5579351  -1.401534  ]
 [ 1.5579351  -1.401534  ]
 [ 1.8338097  -1.6598524 ]
 [ 1.4216853  -1.212122  ]
 [ 1.5579351  -1.401534  ]
 [-0.00950553  0.10241726]
 [-0.00950553  0.10241726]
 [ 1.3841053  -1.2129201 ]
 [ 2.1817906  -2.0029523 ]
 [ 1.3841053  -1.2129201 ]
 [ 1.5579351  -1.401534  ]
 [ 0.30089515 -0.24148062]
 [-0.04577978  0.24054794]
 [ 2.1817906  -2.0029523 ]]
2025-12-21 17:43:23,916 - [INFO] - ------------------------------------------------------------
2025-12-21 17:43:23,916 - [INFO] - On Validation Set:
	Accuracy of RRL  Model: 0.8949550794747754
	F1 Score of RRL  Model: 0.6598453448809156
2025-12-21 17:43:23,922 - [INFO] - On Validation Set:
Performance of  RRL Model: 
[[1249   37]
 [ 115   46]]
              precision    recall  f1-score   support

           0       0.92      0.97      0.94      1286
           1       0.55      0.29      0.38       161

    accuracy                           0.89      1447
   macro avg       0.73      0.63      0.66      1447
weighted avg       0.88      0.89      0.88      1447

2025-12-21 17:43:23,922 - [INFO] - ------------------------------------------------------------
2025-12-21 17:43:24,396 - [INFO] - epoch: 76, loss_rrl: 228.49060466885567
2025-12-21 17:43:25,652 - [DEBUG] - y_true: (1447,) [0 0 0 0 0 1 0 0 0 0 0 0 0 0 0 0 0 1 0 0 0 0 0 0 1 0 0 0 0 0 0 0 0 0 0 0 0
 0 1 1 0]
2025-12-21 17:43:25,928 - [DEBUG] - y_rrl_: (1447,) [0 0 0 0 0 0 0 0 0 0 0 0 0 0 0 0 0 0 0 0 0 0 0 0 1 0 0 0 0 0 0 0 0 0 0 0 0
 0 0 0 0]
2025-12-21 17:43:25,928 - [DEBUG] - y_rrl: (1447, 2) [[ 1.6729751  -1.4846328 ]
 [ 0.49728388 -0.30205786]
 [ 2.1857402  -2.007272  ]
 [ 2.1857402  -2.007272  ]
 [ 1.3946986  -1.2568576 ]
 [ 0.907502   -0.8720694 ]
 [ 2.1857402  -2.007272  ]
 [ 2.1857402  -2.007272  ]
 [ 2.1857402  -2.007272  ]
 [ 1.0743444  -1.0536398 ]
 [ 0.907502   -0.8720694 ]
 [ 2.018898   -1.8257014 ]
 [ 1.6729751  -1.4846328 ]
 [ 2.1857402  -2.007272  ]
 [ 1.8398173  -1.6662034 ]
 [ 2.018898   -1.8257014 ]
 [ 2.1857402  -2.007272  ]
 [ 0.907502   -0.8720694 ]
 [ 1.3946986  -1.2568576 ]
 [ 1.8398173  -1.6662034 ]
 [ 1.8398173  -1.6662034 ]
 [ 2.1857402  -2.007272  ]
 [ 1.5271156  -1.3200774 ]
 [ 1.8398173  -1.6662034 ]
 [-0.5496226   0.48847944]
 [ 0.907502   -0.8720694 ]
 [ 1.7061961  -1.4795754 ]
 [ 1.8398173  -1.6662034 ]
 [ 2.018898   -1.8257014 ]
 [ 1.8398173  -1.6662034 ]
 [ 2.018898   -1.8257014 ]
 [ 1.8398173  -1.6662034 ]
 [ 0.907502   -0.8720694 ]
 [ 0.907502   -0.8720694 ]
 [ 1.6729751  -1.4846328 ]
 [ 2.1857402  -2.007272  ]
 [ 2.018898   -1.8257014 ]
 [ 1.8398173  -1.6662034 ]
 [ 1.0743444  -1.0536398 ]
 [ 0.86852354 -0.6373281 ]
 [ 2.1857402  -2.007272  ]]
2025-12-21 17:43:25,930 - [INFO] - ------------------------------------------------------------
2025-12-21 17:43:25,931 - [INFO] - On Validation Set:
	Accuracy of RRL  Model: 0.8914996544574982
	F1 Score of RRL  Model: 0.5325390701359095
2025-12-21 17:43:25,936 - [INFO] - On Validation Set:
Performance of  RRL Model: 
[[1279    7]
 [ 150   11]]
              precision    recall  f1-score   support

           0       0.90      0.99      0.94      1286
           1       0.61      0.07      0.12       161

    accuracy                           0.89      1447
   macro avg       0.75      0.53      0.53      1447
weighted avg       0.86      0.89      0.85      1447

2025-12-21 17:43:25,936 - [INFO] - ------------------------------------------------------------
2025-12-21 17:43:27,415 - [DEBUG] - y_true: (1447,) [0 0 0 0 0 1 0 0 0 0 0 0 0 0 0 0 0 1 0 0 0 0 0 0 1 0 0 0 0 0 0 0 0 0 0 0 0
 0 1 1 0]
2025-12-21 17:43:27,692 - [DEBUG] - y_rrl_: (1447,) [0 0 0 0 0 0 0 0 0 0 0 0 0 0 0 0 0 0 0 0 0 0 0 0 1 0 0 0 0 0 0 0 1 1 0 0 0
 0 0 0 0]
2025-12-21 17:43:27,692 - [DEBUG] - y_rrl: (1447, 2) [[ 1.7242736  -1.5363358 ]
 [ 0.33481464 -0.30649412]
 [ 1.706688   -1.6999189 ]
 [ 1.706688   -1.6999189 ]
 [ 1.7242736  -1.5363358 ]
 [ 0.3522577  -0.29288906]
 [ 1.7242736  -1.5363358 ]
 [ 2.063886   -2.0522883 ]
 [ 2.2673218  -2.0892298 ]
 [ 0.5381081  -0.4934135 ]
 [ 0.3522577  -0.29288906]
 [ 2.0814714  -1.8887054 ]
 [ 1.7242736  -1.5363358 ]
 [ 1.5208377  -1.4993944 ]
 [ 1.7242736  -1.5363358 ]
 [ 1.7242736  -1.5363358 ]
 [ 2.2673218  -2.0892298 ]
 [ 0.3522577  -0.29288906]
 [ 1.2191083  -1.2480456 ]
 [ 1.5208377  -1.4993944 ]
 [ 1.5208377  -1.4993944 ]
 [ 1.7242736  -1.5363358 ]
 [ 1.4043412  -1.1830517 ]
 [ 1.5208377  -1.4993944 ]
 [-0.8300929   0.80278826]
 [ 0.3522577  -0.29288906]
 [ 1.4043412  -1.1830517 ]
 [ 1.5208377  -1.4993944 ]
 [ 1.7242736  -1.5363358 ]
 [ 1.910124   -1.7368603 ]
 [ 1.8780357  -1.851764  ]
 [ 1.5208377  -1.4993944 ]
 [ 0.03232539  0.06039505]
 [ 0.03232539  0.06039505]
 [ 1.7242736  -1.5363358 ]
 [ 2.063886   -2.0522883 ]
 [ 1.7242736  -1.5363358 ]
 [ 1.5208377  -1.4993944 ]
 [ 0.3522577  -0.29288906]
 [ 0.35220262 -0.19115563]
 [ 2.063886   -2.0522883 ]]
2025-12-21 17:43:27,695 - [INFO] - ------------------------------------------------------------
2025-12-21 17:43:27,695 - [INFO] - On Validation Set:
	Accuracy of RRL  Model: 0.9011748445058743
	F1 Score of RRL  Model: 0.6582128775753251
2025-12-21 17:43:27,701 - [INFO] - On Validation Set:
Performance of  RRL Model: 
[[1262   24]
 [ 119   42]]
              precision    recall  f1-score   support

           0       0.91      0.98      0.95      1286
           1       0.64      0.26      0.37       161

    accuracy                           0.90      1447
   macro avg       0.78      0.62      0.66      1447
weighted avg       0.88      0.90      0.88      1447

2025-12-21 17:43:27,701 - [INFO] - ------------------------------------------------------------
2025-12-21 17:43:27,705 - [INFO] - epoch: 77, loss_rrl: 227.49800233822316
2025-12-21 17:43:29,193 - [DEBUG] - y_true: (1447,) [0 0 0 0 0 1 0 0 0 0 0 0 0 0 0 0 0 1 0 0 0 0 0 0 1 0 0 0 0 0 0 0 0 0 0 0 0
 0 1 1 0]
2025-12-21 17:43:29,469 - [DEBUG] - y_rrl_: (1447,) [0 0 0 0 0 0 0 0 0 0 0 0 0 0 0 0 0 0 0 0 0 0 0 0 1 0 0 0 0 0 0 0 1 1 0 0 0
 0 0 0 0]
2025-12-21 17:43:29,470 - [DEBUG] - y_rrl: (1447, 2) [[ 1.4641066  -1.3268156 ]
 [ 0.355758   -0.32739258]
 [ 1.6548747  -1.647999  ]
 [ 1.6548747  -1.647999  ]
 [ 1.4641066  -1.3268156 ]
 [ 0.06523035 -0.05614392]
 [ 1.7258896  -1.5383372 ]
 [ 1.9907295  -1.9790518 ]
 [ 2.2140827  -2.0363476 ]
 [ 0.47935152 -0.43462336]
 [ 0.32701337 -0.26766562]
 [ 2.0617447  -1.86939   ]
 [ 1.4641066  -1.3268156 ]
 [ 1.5025364  -1.4810413 ]
 [ 1.7258896  -1.5383372 ]
 [ 1.7258896  -1.5383372 ]
 [ 2.2140827  -2.0363476 ]
 [ 0.32701337 -0.26766562]
 [ 1.2407535  -1.2695196 ]
 [ 1.5025364  -1.4810413 ]
 [ 1.5025364  -1.4810413 ]
 [ 1.7258896  -1.5383372 ]
 [ 1.4209033  -1.2000715 ]
 [ 1.5025364  -1.4810413 ]
 [-0.8296384   0.80271286]
 [ 0.06523035 -0.05614392]
 [ 1.5732415  -1.3670292 ]
 [ 1.5025364  -1.4810413 ]
 [ 1.7258896  -1.5383372 ]
 [ 1.8782278  -1.705295  ]
 [ 1.8383914  -1.8120941 ]
 [ 1.5025364  -1.4810413 ]
 [ 0.02202706  0.07060019]
 [ 0.02202706  0.07060019]
 [ 1.4641066  -1.3268156 ]
 [ 1.9907295  -1.9790518 ]
 [ 1.7258896  -1.5383372 ]
 [ 1.5025364  -1.4810413 ]
 [ 0.32701337 -0.26766562]
 [ 0.88622135 -0.65601426]
 [ 1.9907295  -1.9790518 ]]
2025-12-21 17:43:29,472 - [INFO] - ------------------------------------------------------------
2025-12-21 17:43:29,472 - [INFO] - On Validation Set:
	Accuracy of RRL  Model: 0.899101589495508
	F1 Score of RRL  Model: 0.6316396987027479
2025-12-21 17:43:29,478 - [INFO] - On Validation Set:
Performance of  RRL Model: 
[[1267   19]
 [ 127   34]]
              precision    recall  f1-score   support

           0       0.91      0.99      0.95      1286
           1       0.64      0.21      0.32       161

    accuracy                           0.90      1447
   macro avg       0.78      0.60      0.63      1447
weighted avg       0.88      0.90      0.88      1447

2025-12-21 17:43:29,478 - [INFO] - ------------------------------------------------------------
2025-12-21 17:43:30,635 - [INFO] - epoch: 78, loss_rrl: 226.74968929868191
2025-12-21 17:43:31,106 - [DEBUG] - y_true: (1447,) [0 0 0 0 0 1 0 0 0 0 0 0 0 0 0 0 0 1 0 0 0 0 0 0 1 0 0 0 0 0 0 0 0 0 0 0 0
 0 1 1 0]
2025-12-21 17:43:31,382 - [DEBUG] - y_rrl_: (1447,) [0 0 0 0 0 0 0 0 0 0 1 0 0 0 0 0 0 1 0 0 0 0 0 0 1 0 0 0 0 0 0 0 1 1 0 0 0
 0 1 1 0]
2025-12-21 17:43:31,382 - [DEBUG] - y_rrl: (1447, 2) [[ 1.1041921  -0.9358745 ]
 [ 0.20922288  0.01609951]
 [ 1.8903707  -1.7177753 ]
 [ 1.8903707  -1.7177753 ]
 [ 1.1041921  -0.9358745 ]
 [ 0.04036379 -0.0311778 ]
 [ 1.6946112  -1.507451  ]
 [ 2.2446997  -2.0673285 ]
 [ 2.2446997  -2.0673285 ]
 [ 0.5283022  -0.48353904]
 [ 0.01053333  0.08200125]
 [ 1.726931   -1.5017883 ]
 [ 1.1041921  -0.9358745 ]
 [ 1.6946112  -1.507451  ]
 [ 1.396371   -1.1779115 ]
 [ 1.8903707  -1.7177753 ]
 [ 2.2446997  -2.0673285 ]
 [ 0.01053333  0.08200125]
 [ 1.2999517  -1.1461987 ]
 [ 1.396371   -1.1779115 ]
 [ 1.5921305  -1.3882358 ]
 [ 1.6946112  -1.507451  ]
 [ 1.0743617  -0.82269543]
 [ 1.396371   -1.1779115 ]
 [-0.83475256  0.8082102 ]
 [ 0.04036379 -0.0311778 ]
 [ 1.3726019  -1.152235  ]
 [ 1.396371   -1.1779115 ]
 [ 1.6946112  -1.507451  ]
 [ 1.5921305  -1.3882358 ]
 [ 1.726931   -1.5017883 ]
 [ 1.396371   -1.1779115 ]
 [ 0.01053333  0.08200125]
 [ 0.01053333  0.08200125]
 [ 1.1041921  -0.9358745 ]
 [ 2.2446997  -2.0673285 ]
 [ 1.6946112  -1.507451  ]
 [ 1.396371   -1.1779115 ]
 [ 0.01053333  0.08200125]
 [ 0.02249664  0.17149085]
 [ 2.2446997  -2.0673285 ]]
2025-12-21 17:43:31,385 - [INFO] - ------------------------------------------------------------
2025-12-21 17:43:31,385 - [INFO] - On Validation Set:
	Accuracy of RRL  Model: 0.8984105044920525
	F1 Score of RRL  Model: 0.7065714455193686
2025-12-21 17:43:31,391 - [INFO] - On Validation Set:
Performance of  RRL Model: 
[[1235   51]
 [  96   65]]
              precision    recall  f1-score   support

           0       0.93      0.96      0.94      1286
           1       0.56      0.40      0.47       161

    accuracy                           0.90      1447
   macro avg       0.74      0.68      0.71      1447
weighted avg       0.89      0.90      0.89      1447

2025-12-21 17:43:31,391 - [INFO] - ------------------------------------------------------------
2025-12-21 17:43:32,993 - [DEBUG] - y_true: (1447,) [0 0 0 0 0 1 0 0 0 0 0 0 0 0 0 0 0 1 0 0 0 0 0 0 1 0 0 0 0 0 0 0 0 0 0 0 0
 0 1 1 0]
2025-12-21 17:43:33,269 - [DEBUG] - y_rrl_: (1447,) [0 0 0 0 0 0 0 0 0 0 0 0 0 0 0 0 0 0 0 0 0 0 0 0 1 0 0 0 0 0 0 0 0 0 0 0 0
 0 0 0 0]
2025-12-21 17:43:33,269 - [DEBUG] - y_rrl: (1447, 2) [[ 1.4194949  -1.2827429 ]
 [ 0.5356139  -0.3419834 ]
 [ 2.1970215  -2.020008  ]
 [ 2.1970215  -2.020008  ]
 [ 1.6910573  -1.5042828 ]
 [ 0.03156438 -0.02227888]
 [ 2.030729   -1.8392054 ]
 [ 2.1970215  -2.020008  ]
 [ 2.1970215  -2.020008  ]
 [ 0.4694193  -0.42462167]
 [ 0.3031268  -0.24381885]
 [ 2.030729   -1.8392054 ]
 [ 1.4194949  -1.2827429 ]
 [ 2.030729   -1.8392054 ]
 [ 1.6910573  -1.5042828 ]
 [ 2.1970215  -2.020008  ]
 [ 2.1970215  -2.020008  ]
 [ 0.3031268  -0.24381885]
 [ 1.5857873  -1.4635458 ]
 [ 1.6910573  -1.5042828 ]
 [ 1.8573499  -1.6850857 ]
 [ 2.030729   -1.8392054 ]
 [ 1.3816512  -1.1617423 ]
 [ 1.6910573  -1.5042828 ]
 [-0.535444    0.4761515 ]
 [ 0.03156438 -0.02227888]
 [ 1.7213229  -1.4966649 ]
 [ 1.6910573  -1.5042828 ]
 [ 2.030729   -1.8392054 ]
 [ 1.8573499  -1.6850857 ]
 [ 2.030729   -1.8392054 ]
 [ 1.6910573  -1.5042828 ]
 [ 0.3031268  -0.24381885]
 [ 0.3031268  -0.24381885]
 [ 1.4194949  -1.2827429 ]
 [ 2.1970215  -2.020008  ]
 [ 2.030729   -1.8392054 ]
 [ 1.6910573  -1.5042828 ]
 [ 0.3031268  -0.24381885]
 [ 0.6078697  -0.47843888]
 [ 2.1970215  -2.020008  ]]
2025-12-21 17:43:33,271 - [INFO] - ------------------------------------------------------------
2025-12-21 17:43:33,271 - [INFO] - On Validation Set:
	Accuracy of RRL  Model: 0.8984105044920525
	F1 Score of RRL  Model: 0.5879912371942752
2025-12-21 17:43:33,278 - [INFO] - On Validation Set:
Performance of  RRL Model: 
[[1278    8]
 [ 139   22]]
              precision    recall  f1-score   support

           0       0.90      0.99      0.95      1286
           1       0.73      0.14      0.23       161

    accuracy                           0.90      1447
   macro avg       0.82      0.57      0.59      1447
weighted avg       0.88      0.90      0.87      1447

2025-12-21 17:43:33,278 - [INFO] - ------------------------------------------------------------
2025-12-21 17:43:33,973 - [INFO] - epoch: 79, loss_rrl: 227.7165459888056
2025-12-21 17:43:34,887 - [DEBUG] - y_true: (1447,) [0 0 0 0 0 1 0 0 0 0 0 0 0 0 0 0 0 1 0 0 0 0 0 0 1 0 0 0 0 0 0 0 0 0 0 0 0
 0 1 1 0]
2025-12-21 17:43:35,317 - [DEBUG] - y_rrl_: (1447,) [0 0 0 0 0 0 0 0 0 0 0 0 0 0 0 0 0 0 0 0 0 0 0 0 1 0 0 0 0 0 0 0 0 0 0 0 0
 0 0 0 0]
2025-12-21 17:43:35,318 - [DEBUG] - y_rrl: (1447, 2) [[ 1.4156613  -1.2791793 ]
 [ 0.2826003  -0.25409254]
 [ 1.9965644  -1.9846373 ]
 [ 1.9965644  -1.9846373 ]
 [ 1.6949584  -1.5085735 ]
 [ 0.05157495 -0.04218853]
 [ 2.215141   -2.0384886 ]
 [ 1.9965644  -1.9846373 ]
 [ 2.215141   -2.0384886 ]
 [ 0.5018486  -0.45701483]
 [ 0.33087206 -0.27158272]
 [ 2.0441647  -1.8530566 ]
 [ 1.4156613  -1.2791793 ]
 [ 1.9965644  -1.9846373 ]
 [ 1.865935   -1.6940056 ]
 [ 2.215141   -2.0384886 ]
 [ 2.215141   -2.0384886 ]
 [ 0.33087206 -0.27158272]
 [ 1.3680611  -1.4107599 ]
 [ 1.6473582  -1.6401541 ]
 [ 1.6473582  -1.6401541 ]
 [ 2.215141   -2.0384886 ]
 [ 1.5431483  -1.3381578 ]
 [ 1.6473582  -1.6401541 ]
 [-0.538098    0.47928646]
 [ 0.05157495 -0.04218853]
 [ 1.721378   -1.4972087 ]
 [ 1.6473582  -1.6401541 ]
 [ 2.215141   -2.0384886 ]
 [ 1.865935   -1.6940056 ]
 [ 1.8255879  -1.7992052 ]
 [ 1.6473582  -1.6401541 ]
 [ 0.33087206 -0.27158272]
 [ 0.33087206 -0.27158272]
 [ 1.4156613  -1.2791793 ]
 [ 1.9965644  -1.9846373 ]
 [ 2.0441647  -1.8530566 ]
 [ 1.6473582  -1.6401541 ]
 [ 0.5018486  -0.45701483]
 [ 0.30898207 -0.14844242]
 [ 1.9965644  -1.9846373 ]]
2025-12-21 17:43:35,320 - [INFO] - ------------------------------------------------------------
2025-12-21 17:43:35,321 - [INFO] - On Validation Set:
	Accuracy of RRL  Model: 0.899101589495508
	F1 Score of RRL  Model: 0.6042359799778197
2025-12-21 17:43:35,329 - [INFO] - On Validation Set:
Performance of  RRL Model: 
[[1275   11]
 [ 135   26]]
              precision    recall  f1-score   support

           0       0.90      0.99      0.95      1286
           1       0.70      0.16      0.26       161

    accuracy                           0.90      1447
   macro avg       0.80      0.58      0.60      1447
weighted avg       0.88      0.90      0.87      1447

2025-12-21 17:43:35,329 - [INFO] - ------------------------------------------------------------
2025-12-21 17:43:36,827 - [DEBUG] - y_true: (1447,) [0 0 0 0 0 1 0 0 0 0 0 0 0 0 0 0 0 1 0 0 0 0 0 0 1 0 0 0 0 0 0 0 0 0 0 0 0
 0 1 1 0]
2025-12-21 17:43:37,104 - [DEBUG] - y_rrl_: (1447,) [0 0 0 0 0 0 0 0 0 0 0 0 0 0 0 0 0 0 0 0 0 0 0 0 1 0 0 0 0 0 0 0 0 0 0 0 0
 0 0 1 0]
2025-12-21 17:43:37,104 - [DEBUG] - y_rrl: (1447, 2) [[ 1.6976972  -1.5117059 ]
 [ 0.3277561  -0.29920027]
 [ 1.4427965  -1.4071497 ]
 [ 1.4427965  -1.4071497 ]
 [ 1.6976972  -1.5117059 ]
 [ 0.3337731  -0.27450287]
 [ 2.0484889  -1.8578005 ]
 [ 2.0086763  -1.9966652 ]
 [ 2.2238936  -2.0476065 ]
 [ 0.50917804 -0.4643089 ]
 [ 0.3337731  -0.27450287]
 [ 1.7378287  -1.5141525 ]
 [ 1.6976972  -1.5117059 ]
 [ 1.8332715  -1.8068593 ]
 [ 1.6976972  -1.5117059 ]
 [ 2.2238936  -2.0476065 ]
 [ 2.2238936  -2.0476065 ]
 [ 0.3337731  -0.27450287]
 [ 1.3797014  -1.4221697 ]
 [ 1.4824798  -1.4607646 ]
 [ 1.6578848  -1.6505706 ]
 [ 2.0484889  -1.8578005 ]
 [ 1.387037   -1.168058  ]
 [ 1.4824798  -1.4607646 ]
 [-0.5465415   0.488238  ]
 [ 0.3337731  -0.27450287]
 [ 2.0484889  -1.8578005 ]
 [ 1.4824798  -1.4607646 ]
 [ 2.0484889  -1.8578005 ]
 [ 1.8731022  -1.7015119 ]
 [ 1.5226114  -1.4632113 ]
 [ 1.4824798  -1.4607646 ]
 [ 0.3337731  -0.27450287]
 [ 0.3337731  -0.27450287]
 [ 1.6976972  -1.5117059 ]
 [ 2.0086763  -1.9966652 ]
 [ 2.0484889  -1.8578005 ]
 [ 1.4824798  -1.4607646 ]
 [ 0.3337731  -0.27450287]
 [-0.01300913  0.20644918]
 [ 2.0086763  -1.9966652 ]]
2025-12-21 17:43:37,106 - [INFO] - ------------------------------------------------------------
2025-12-21 17:43:37,106 - [INFO] - On Validation Set:
	Accuracy of RRL  Model: 0.8977194194885971
	F1 Score of RRL  Model: 0.6025315515961396
2025-12-21 17:43:37,112 - [INFO] - On Validation Set:
Performance of  RRL Model: 
[[1273   13]
 [ 135   26]]
              precision    recall  f1-score   support

           0       0.90      0.99      0.95      1286
           1       0.67      0.16      0.26       161

    accuracy                           0.90      1447
   macro avg       0.79      0.58      0.60      1447
weighted avg       0.88      0.90      0.87      1447

2025-12-21 17:43:37,112 - [INFO] - ------------------------------------------------------------
2025-12-21 17:43:37,343 - [INFO] - epoch: 80, loss_rrl: 227.2775809848681
2025-12-21 17:43:38,644 - [DEBUG] - y_true: (1447,) [0 0 0 0 0 1 0 0 0 0 0 0 0 0 0 0 0 1 0 0 0 0 0 0 1 0 0 0 0 0 0 0 0 0 0 0 0
 0 1 1 0]
2025-12-21 17:43:38,920 - [DEBUG] - y_rrl_: (1447,) [0 0 0 0 0 0 0 0 0 0 0 0 0 0 0 0 0 0 0 0 0 0 0 0 1 0 0 0 0 0 0 0 1 1 0 0 0
 0 0 0 0]
2025-12-21 17:43:38,921 - [DEBUG] - y_rrl: (1447, 2) [[ 1.4336932  -1.2977481 ]
 [ 0.31690443 -0.2883001 ]
 [ 1.9638536  -1.9517576 ]
 [ 1.9638536  -1.9517576 ]
 [ 1.8458464  -1.674585  ]
 [ 0.06257124 -0.05298195]
 [ 2.0285246  -1.8382455 ]
 [ 1.9638536  -1.9517576 ]
 [ 2.185529   -2.009596  ]
 [ 0.47472453 -0.42981878]
 [ 0.31772006 -0.25846815]
 [ 2.0285246  -1.8382455 ]
 [ 1.4336932  -1.2977481 ]
 [ 1.8068492  -1.780407  ]
 [ 1.688842   -1.5032344 ]
 [ 2.0285246  -1.8382455 ]
 [ 2.185529   -2.009596  ]
 [ 0.31772006 -0.25846815]
 [ 1.2120178  -1.2399096 ]
 [ 1.4671665  -1.4453958 ]
 [ 1.4671665  -1.4453958 ]
 [ 2.0285246  -1.8382455 ]
 [ 1.3782058  -1.1596832 ]
 [ 1.4671665  -1.4453958 ]
 [-0.8525014   0.8276146 ]
 [ 0.06257124 -0.05298195]
 [ 1.7178884  -1.4946944 ]
 [ 1.4671665  -1.4453958 ]
 [ 2.0285246  -1.8382455 ]
 [ 1.8458464  -1.674585  ]
 [ 1.8068492  -1.780407  ]
 [ 1.624171   -1.6167464 ]
 [ 0.00708385  0.08508297]
 [ 0.00708385  0.08508297]
 [ 1.4336932  -1.2977481 ]
 [ 1.9638536  -1.9517576 ]
 [ 2.0285246  -1.8382455 ]
 [ 1.4671665  -1.4453958 ]
 [ 0.31772006 -0.25846815]
 [ 0.5690226  -0.43963665]
 [ 1.9638536  -1.9517576 ]]
2025-12-21 17:43:38,923 - [INFO] - ------------------------------------------------------------
2025-12-21 17:43:38,923 - [INFO] - On Validation Set:
	Accuracy of RRL  Model: 0.9039391845196959
	F1 Score of RRL  Model: 0.6650713958619541
2025-12-21 17:43:38,929 - [INFO] - On Validation Set:
Performance of  RRL Model: 
[[1265   21]
 [ 118   43]]
              precision    recall  f1-score   support

           0       0.91      0.98      0.95      1286
           1       0.67      0.27      0.38       161

    accuracy                           0.90      1447
   macro avg       0.79      0.63      0.67      1447
weighted avg       0.89      0.90      0.88      1447

2025-12-21 17:43:38,929 - [INFO] - ------------------------------------------------------------
2025-12-21 17:43:40,208 - [INFO] - epoch: 81, loss_rrl: 230.9980294080451
2025-12-21 17:43:40,416 - [DEBUG] - y_true: (1447,) [0 0 0 0 0 1 0 0 0 0 0 0 0 0 0 0 0 1 0 0 0 0 0 0 1 0 0 0 0 0 0 0 0 0 0 0 0
 0 1 1 0]
2025-12-21 17:43:40,690 - [DEBUG] - y_rrl_: (1447,) [0 0 0 0 0 0 0 0 0 0 0 0 0 0 0 0 0 0 0 0 0 0 0 0 1 0 0 0 0 0 0 0 0 0 0 0 0
 0 0 0 0]
2025-12-21 17:43:40,691 - [DEBUG] - y_rrl: (1447, 2) [[ 1.4713949  -1.2552692 ]
 [ 0.28636312 -0.06340969]
 [ 2.3190584  -2.1434844 ]
 [ 2.3190584  -2.1434844 ]
 [ 1.1821805  -1.0155966 ]
 [ 0.40242475 -0.34319162]
 [ 2.3190584  -2.1434844 ]
 [ 2.3190584  -2.1434844 ]
 [ 2.3190584  -2.1434844 ]
 [ 0.601379   -0.55643773]
 [ 0.40242475 -0.34319162]
 [ 2.120104   -1.9302382 ]
 [ 1.4713949  -1.2552692 ]
 [ 2.3190584  -2.1434844 ]
 [ 1.670349   -1.4685153 ]
 [ 2.120104   -1.9302382 ]
 [ 2.3190584  -2.1434844 ]
 [ 0.40242475 -0.34319162]
 [ 1.1821805  -1.0155966 ]
 [ 1.670349   -1.4685153 ]
 [ 1.4713949  -1.2552692 ]
 [ 2.3190584  -2.1434844 ]
 [ 1.1482311  -0.89926374]
 [ 1.670349   -1.4685153 ]
 [-0.81303525  0.7885692 ]
 [ 0.40242475 -0.34319162]
 [ 1.7969406  -1.5742328 ]
 [ 1.670349   -1.4685153 ]
 [ 2.3190584  -2.1434844 ]
 [ 1.670349   -1.4685153 ]
 [ 2.120104   -1.9302382 ]
 [ 1.4713949  -1.2552692 ]
 [ 0.07926114  0.0128138 ]
 [ 0.07926114  0.0128138 ]
 [ 1.4713949  -1.2552692 ]
 [ 2.3190584  -2.1434844 ]
 [ 2.120104   -1.9302382 ]
 [ 1.670349   -1.4685153 ]
 [ 0.601379   -0.55643773]
 [ 0.9716152  -0.74434006]
 [ 2.3190584  -2.1434844 ]]
2025-12-21 17:43:40,693 - [INFO] - ------------------------------------------------------------
2025-12-21 17:43:40,693 - [INFO] - On Validation Set:
	Accuracy of RRL  Model: 0.9004837595024188
	F1 Score of RRL  Model: 0.6366857302273679
2025-12-21 17:43:40,699 - [INFO] - On Validation Set:
Performance of  RRL Model: 
[[1268   18]
 [ 126   35]]
              precision    recall  f1-score   support

           0       0.91      0.99      0.95      1286
           1       0.66      0.22      0.33       161

    accuracy                           0.90      1447
   macro avg       0.78      0.60      0.64      1447
weighted avg       0.88      0.90      0.88      1447

2025-12-21 17:43:40,699 - [INFO] - ------------------------------------------------------------
2025-12-21 17:43:42,245 - [DEBUG] - y_true: (1447,) [0 0 0 0 0 1 0 0 0 0 0 0 0 0 0 0 0 1 0 0 0 0 0 0 1 0 0 0 0 0 0 0 0 0 0 0 0
 0 1 1 0]
2025-12-21 17:43:42,519 - [DEBUG] - y_rrl_: (1447,) [0 0 0 0 0 0 0 0 0 0 0 0 0 0 0 0 0 0 0 0 0 0 0 0 1 0 0 0 0 0 0 0 1 1 0 0 0
 0 0 0 0]
2025-12-21 17:43:42,519 - [DEBUG] - y_rrl: (1447, 2) [[ 1.3948451  -1.2594303 ]
 [ 0.51750773 -0.3258494 ]
 [ 1.8153263  -1.6447265 ]
 [ 1.8153263  -1.6447265 ]
 [ 1.3948451  -1.2594303 ]
 [ 0.02566974 -0.01587602]
 [ 1.6562129  -1.4713757 ]
 [ 2.1483185  -1.9730967 ]
 [ 2.1483185  -1.9730967 ]
 [ 0.44615102 -0.4011723 ]
 [ 0.2870376  -0.22782144]
 [ 1.9892052  -1.7997459 ]
 [ 1.3948451  -1.2594303 ]
 [ 1.6562129  -1.4713757 ]
 [ 1.6562129  -1.4713757 ]
 [ 1.8153263  -1.6447265 ]
 [ 2.1483185  -1.9730967 ]
 [ 0.2870376  -0.22782144]
 [ 1.5539584  -1.4327811 ]
 [ 1.6562129  -1.4713757 ]
 [ 1.8153263  -1.6447265 ]
 [ 1.6562129  -1.4713757 ]
 [ 1.3613805  -1.1437744 ]
 [ 1.6562129  -1.4713757 ]
 [-0.8806054   0.8565619 ]
 [ 0.02566974 -0.01587602]
 [ 1.3613805  -1.1437744 ]
 [ 1.6562129  -1.4713757 ]
 [ 1.6562129  -1.4713757 ]
 [ 1.8153263  -1.6447265 ]
 [ 1.9892052  -1.7997459 ]
 [ 1.6562129  -1.4713757 ]
 [-0.00779484  0.09977987]
 [-0.00779484  0.09977987]
 [ 1.3948451  -1.2594303 ]
 [ 2.1483185  -1.9730967 ]
 [ 1.6562129  -1.4713757 ]
 [ 1.6562129  -1.4713757 ]
 [ 0.2870376  -0.22782144]
 [ 0.83365196 -0.6068555 ]
 [ 2.1483185  -1.9730967 ]]
2025-12-21 17:43:42,521 - [INFO] - ------------------------------------------------------------
2025-12-21 17:43:42,521 - [INFO] - On Validation Set:
	Accuracy of RRL  Model: 0.899101589495508
	F1 Score of RRL  Model: 0.6316396987027479
2025-12-21 17:43:42,527 - [INFO] - On Validation Set:
Performance of  RRL Model: 
[[1267   19]
 [ 127   34]]
              precision    recall  f1-score   support

           0       0.91      0.99      0.95      1286
           1       0.64      0.21      0.32       161

    accuracy                           0.90      1447
   macro avg       0.78      0.60      0.63      1447
weighted avg       0.88      0.90      0.88      1447

2025-12-21 17:43:42,527 - [INFO] - ------------------------------------------------------------
2025-12-21 17:43:43,388 - [INFO] - epoch: 82, loss_rrl: 228.28727126400918
2025-12-21 17:43:44,003 - [DEBUG] - y_true: (1447,) [0 0 0 0 0 1 0 0 0 0 0 0 0 0 0 0 0 1 0 0 0 0 0 0 1 0 0 0 0 0 0 0 0 0 0 0 0
 0 1 1 0]
2025-12-21 17:43:44,281 - [DEBUG] - y_rrl_: (1447,) [0 0 0 0 0 0 0 0 0 0 0 0 0 0 0 0 0 0 0 0 0 0 0 0 1 0 0 0 0 0 0 0 1 1 0 0 0
 0 0 0 0]
2025-12-21 17:43:44,281 - [DEBUG] - y_rrl: (1447, 2) [[ 1.4439604  -1.3088028 ]
 [ 0.30804467 -0.279297  ]
 [ 1.6788982  -1.6711478 ]
 [ 1.6788982  -1.6711478 ]
 [ 1.9039093  -1.7336326 ]
 [ 0.08104858 -0.07115313]
 [ 1.7196962  -1.5352358 ]
 [ 2.027401   -2.0150528 ]
 [ 2.2524118  -2.0775373 ]
 [ 0.54099745 -0.49598283]
 [ 0.35678425 -0.29758608]
 [ 2.0681987  -1.8791405 ]
 [ 1.4439604  -1.3088028 ]
 [ 1.494685   -1.472751  ]
 [ 1.7196962  -1.5352358 ]
 [ 1.7196962  -1.5352358 ]
 [ 2.2524118  -2.0775373 ]
 [ 0.35678425 -0.29758608]
 [ 1.2189494  -1.2463181 ]
 [ 1.494685   -1.472751  ]
 [ 1.494685   -1.472751  ]
 [ 1.7196962  -1.5352358 ]
 [ 1.4038244  -1.1866685 ]
 [ 1.494685   -1.472751  ]
 [-0.7996547   0.7760138 ]
 [ 0.08104858 -0.07115313]
 [ 1.4038244  -1.1866685 ]
 [ 1.494685   -1.472751  ]
 [ 1.7196962  -1.5352358 ]
 [ 1.9039093  -1.7336326 ]
 [ 1.8431877  -1.8166559 ]
 [ 1.6788982  -1.6711478 ]
 [ 0.04091254  0.05098117]
 [ 0.04091254  0.05098117]
 [ 1.4439604  -1.3088028 ]
 [ 2.027401   -2.0150528 ]
 [ 1.7196962  -1.5352358 ]
 [ 1.494685   -1.472751  ]
 [ 0.35678425 -0.29758608]
 [ 0.36546633 -0.20537591]
 [ 2.027401   -2.0150528 ]]
2025-12-21 17:43:44,284 - [INFO] - ------------------------------------------------------------
2025-12-21 17:43:44,284 - [INFO] - On Validation Set:
	Accuracy of RRL  Model: 0.9046302695231514
	F1 Score of RRL  Model: 0.6791883555041449
2025-12-21 17:43:44,290 - [INFO] - On Validation Set:
Performance of  RRL Model: 
[[1261   25]
 [ 113   48]]
              precision    recall  f1-score   support

           0       0.92      0.98      0.95      1286
           1       0.66      0.30      0.41       161

    accuracy                           0.90      1447
   macro avg       0.79      0.64      0.68      1447
weighted avg       0.89      0.90      0.89      1447

2025-12-21 17:43:44,290 - [INFO] - ------------------------------------------------------------
2025-12-21 17:43:45,835 - [DEBUG] - y_true: (1447,) [0 0 0 0 0 1 0 0 0 0 0 0 0 0 0 0 0 1 0 0 0 0 0 0 1 0 0 0 0 0 0 0 0 0 0 0 0
 0 1 1 0]
2025-12-21 17:43:46,112 - [DEBUG] - y_rrl_: (1447,) [0 0 0 0 0 0 0 0 0 0 0 0 0 0 0 0 0 0 0 0 0 0 0 0 1 0 0 0 0 0 0 0 1 1 0 0 0
 0 0 1 0]
2025-12-21 17:43:46,112 - [DEBUG] - y_rrl: (1447, 2) [[ 1.7104446  -1.5263567 ]
 [ 0.51212764 -0.3212319 ]
 [ 1.8819894  -1.7120322 ]
 [ 1.8819894  -1.7120322 ]
 [ 1.433541   -1.2986368 ]
 [ 0.33930665 -0.28012586]
 [ 1.8819894  -1.7120322 ]
 [ 2.1946344  -2.020103  ]
 [ 2.1946344  -2.020103  ]
 [ 0.51085144 -0.46580142]
 [ 0.06240322 -0.05240601]
 [ 1.7461863  -1.6067077 ]
 [ 1.7104446  -1.5263567 ]
 [ 1.8819894  -1.7120322 ]
 [ 1.8819894  -1.7120322 ]
 [ 1.433541   -1.2986368 ]
 [ 2.1946344  -2.020103  ]
 [ 0.06240322 -0.05240601]
 [ 1.433541   -1.2986368 ]
 [ 1.8819894  -1.7120322 ]
 [ 1.8819894  -1.7120322 ]
 [ 1.8819894  -1.7120322 ]
 [ 1.5612596  -1.3586794 ]
 [ 1.8819894  -1.7120322 ]
 [-0.8267219   0.80344695]
 [ 0.33930665 -0.28012586]
 [ 1.1128113  -0.94528407]
 [ 1.8819894  -1.7120322 ]
 [ 1.6050858  -1.4843124 ]
 [ 1.8819894  -1.7120322 ]
 [ 1.7461863  -1.6067077 ]
 [ 1.8819894  -1.7120322 ]
 [-0.25832653  0.30094674]
 [-0.25832653  0.30094674]
 [ 1.7104446  -1.5263567 ]
 [ 2.1946344  -2.020103  ]
 [ 1.7104446  -1.5263567 ]
 [ 1.8819894  -1.7120322 ]
 [ 0.06240322 -0.05240601]
 [ 0.02969603  0.08107809]
 [ 2.1946344  -2.020103  ]]
2025-12-21 17:43:46,114 - [INFO] - ------------------------------------------------------------
2025-12-21 17:43:46,115 - [INFO] - On Validation Set:
	Accuracy of RRL  Model: 0.9039391845196959
	F1 Score of RRL  Model: 0.6650713958619541
2025-12-21 17:43:46,121 - [INFO] - On Validation Set:
Performance of  RRL Model: 
[[1265   21]
 [ 118   43]]
              precision    recall  f1-score   support

           0       0.91      0.98      0.95      1286
           1       0.67      0.27      0.38       161

    accuracy                           0.90      1447
   macro avg       0.79      0.63      0.67      1447
weighted avg       0.89      0.90      0.88      1447

2025-12-21 17:43:46,121 - [INFO] - ------------------------------------------------------------
2025-12-21 17:43:46,575 - [INFO] - epoch: 83, loss_rrl: 229.93823742028326
2025-12-21 17:43:47,605 - [DEBUG] - y_true: (1447,) [0 0 0 0 0 1 0 0 0 0 0 0 0 0 0 0 0 1 0 0 0 0 0 0 1 0 0 0 0 0 0 0 0 0 0 0 0
 0 1 1 0]
2025-12-21 17:43:47,881 - [DEBUG] - y_rrl_: (1447,) [0 0 0 0 0 0 0 0 0 0 0 0 0 0 0 0 0 0 0 0 0 0 0 0 1 0 0 0 0 0 0 0 0 0 0 0 0
 0 0 0 0]
2025-12-21 17:43:47,881 - [DEBUG] - y_rrl: (1447, 2) [[ 1.4370861  -1.2701623 ]
 [ 0.21335301 -0.03962698]
 [ 1.8671616  -1.6975193 ]
 [ 1.8671616  -1.6975193 ]
 [ 1.4370861  -1.2701623 ]
 [ 0.33498114 -0.27581668]
 [ 1.6024679  -1.4496222 ]
 [ 2.1962671  -2.0220737 ]
 [ 2.1962671  -2.0220737 ]
 [ 0.500363   -0.45527658]
 [ 0.33498114 -0.27581668]
 [ 1.7661915  -1.5947165 ]
 [ 1.4370861  -1.2701623 ]
 [ 1.4370861  -1.2701623 ]
 [ 1.4370861  -1.2701623 ]
 [ 1.6024679  -1.4496222 ]
 [ 2.1962671  -2.0220737 ]
 [ 0.33498114 -0.27581668]
 [ 1.3265854  -1.2228047 ]
 [ 1.4370861  -1.2701623 ]
 [ 1.6024679  -1.4496222 ]
 [ 1.4370861  -1.2701623 ]
 [ 1.1132205  -0.913746  ]
 [ 1.6024679  -1.4496222 ]
 [-0.5192083   0.46376333]
 [ 0.33498114 -0.27581668]
 [ 1.1132205  -0.913746  ]
 [ 1.4370861  -1.2701623 ]
 [ 1.4370861  -1.2701623 ]
 [ 1.8671616  -1.6975193 ]
 [ 1.7661915  -1.5947165 ]
 [ 1.4370861  -1.2701623 ]
 [ 0.33498114 -0.27581668]
 [ 0.33498114 -0.27581668]
 [ 1.4370861  -1.2701623 ]
 [ 2.1962671  -2.0220737 ]
 [ 1.4370861  -1.2701623 ]
 [ 1.4370861  -1.2701623 ]
 [ 0.500363   -0.45527658]
 [ 0.3117552  -0.15191162]
 [ 2.1962671  -2.0220737 ]]
2025-12-21 17:43:47,883 - [INFO] - ------------------------------------------------------------
2025-12-21 17:43:47,884 - [INFO] - On Validation Set:
	Accuracy of RRL  Model: 0.8963372494816862
	F1 Score of RRL  Model: 0.5971603563474388
2025-12-21 17:43:47,890 - [INFO] - On Validation Set:
Performance of  RRL Model: 
[[1272   14]
 [ 136   25]]
              precision    recall  f1-score   support

           0       0.90      0.99      0.94      1286
           1       0.64      0.16      0.25       161

    accuracy                           0.90      1447
   macro avg       0.77      0.57      0.60      1447
weighted avg       0.87      0.90      0.87      1447

2025-12-21 17:43:47,890 - [INFO] - ------------------------------------------------------------
2025-12-21 17:43:49,491 - [DEBUG] - y_true: (1447,) [0 0 0 0 0 1 0 0 0 0 0 0 0 0 0 0 0 1 0 0 0 0 0 0 1 0 0 0 0 0 0 0 0 0 0 0 0
 0 1 1 0]
2025-12-21 17:43:49,770 - [DEBUG] - y_rrl_: (1447,) [0 0 0 0 0 0 0 0 0 0 0 0 0 0 0 0 0 0 0 0 0 0 0 0 1 0 0 0 0 0 0 0 0 0 0 0 0
 0 0 0 0]
2025-12-21 17:43:49,771 - [DEBUG] - y_rrl: (1447, 2) [[ 1.7431338  -1.5597905 ]
 [ 0.28068668 -0.25178704]
 [ 1.7030793  -1.6949985 ]
 [ 1.7030793  -1.6949985 ]
 [ 1.7431338  -1.5597905 ]
 [ 0.37382668 -0.3146797 ]
 [ 1.7431338  -1.5597905 ]
 [ 1.9914573  -1.978847  ]
 [ 2.2204783  -2.04663   ]
 [ 0.562793   -0.51767075]
 [ 0.0469151   0.04470968]
 [ 1.7046003  -1.4842495 ]
 [ 1.7431338  -1.5597905 ]
 [ 1.5141131  -1.4920075 ]
 [ 1.7431338  -1.5597905 ]
 [ 1.7431338  -1.5597905 ]
 [ 2.2204783  -2.04663   ]
 [ 0.0469151   0.04470968]
 [ 1.2220737  -1.2489146 ]
 [ 1.5141131  -1.4920075 ]
 [ 1.5141131  -1.4920075 ]
 [ 1.7431338  -1.5597905 ]
 [ 1.4162222  -1.2004011 ]
 [ 1.5141131  -1.4920075 ]
 [-0.8215439   0.7990297 ]
 [ 0.37382668 -0.3146797 ]
 [ 1.4162222  -1.2004011 ]
 [ 1.5141131  -1.4920075 ]
 [ 1.7431338  -1.5597905 ]
 [ 1.9321     -1.7627815 ]
 [ 1.4755795  -1.4164666 ]
 [ 1.5141131  -1.4920075 ]
 [ 0.0469151   0.04470968]
 [ 0.0469151   0.04470968]
 [ 1.7431338  -1.5597905 ]
 [ 1.9914573  -1.978847  ]
 [ 1.7431338  -1.5597905 ]
 [ 1.5141131  -1.4920075 ]
 [ 0.37382668 -0.3146797 ]
 [ 0.56431407 -0.30692184]
 [ 1.9914573  -1.978847  ]]
2025-12-21 17:43:49,773 - [INFO] - ------------------------------------------------------------
2025-12-21 17:43:49,773 - [INFO] - On Validation Set:
	Accuracy of RRL  Model: 0.8970283344851416
	F1 Score of RRL  Model: 0.601688918940389
2025-12-21 17:43:49,779 - [INFO] - On Validation Set:
Performance of  RRL Model: 
[[1272   14]
 [ 135   26]]
              precision    recall  f1-score   support

           0       0.90      0.99      0.94      1286
           1       0.65      0.16      0.26       161

    accuracy                           0.90      1447
   macro avg       0.78      0.58      0.60      1447
weighted avg       0.88      0.90      0.87      1447

2025-12-21 17:43:49,779 - [INFO] - ------------------------------------------------------------
2025-12-21 17:43:49,825 - [INFO] - epoch: 84, loss_rrl: 226.85258297994733
2025-12-21 17:43:51,391 - [DEBUG] - y_true: (1447,) [0 0 0 0 0 1 0 0 0 0 0 0 0 0 0 0 0 1 0 0 0 0 0 0 1 0 0 0 0 0 0 0 0 0 0 0 0
 0 1 1 0]
2025-12-21 17:43:51,665 - [DEBUG] - y_rrl_: (1447,) [0 0 0 0 0 0 0 0 0 0 0 0 0 0 0 0 0 0 0 0 0 0 0 0 1 0 0 0 0 0 0 0 0 0 0 0 0
 0 0 0 0]
2025-12-21 17:43:51,666 - [DEBUG] - y_rrl: (1447, 2) [[ 1.7524815  -1.6138269 ]
 [ 0.5623537  -0.5288955 ]
 [ 1.9493124  -1.9366108 ]
 [ 1.9493124  -1.9366108 ]
 [ 1.7524815  -1.6138269 ]
 [ 0.09874502 -0.08844236]
 [ 2.0259223  -1.8384391 ]
 [ 1.9493124  -1.9366108 ]
 [ 2.1894734  -2.015961  ]
 [ 0.5357368  -0.49057642]
 [ 0.3721857  -0.31305462]
 [ 2.0259223  -1.8384391 ]
 [ 1.7524815  -1.6138269 ]
 [ 1.7857614  -1.7590891 ]
 [ 2.0259223  -1.8384391 ]
 [ 2.0259223  -1.8384391 ]
 [ 2.1894734  -2.015961  ]
 [ 0.3721857  -0.31305462]
 [ 1.5123205  -1.5344769 ]
 [ 1.7857614  -1.7590891 ]
 [ 1.7857614  -1.7590891 ]
 [ 2.0259223  -1.8384391 ]
 [ 1.7080507  -1.4881629 ]
 [ 1.7857614  -1.7590891 ]
 [-0.81908995  0.796975  ]
 [ 0.09874502 -0.08844236]
 [ 1.7080507  -1.4881629 ]
 [ 1.7857614  -1.7590891 ]
 [ 2.0259223  -1.8384391 ]
 [ 2.1894734  -2.015961  ]
 [ 1.7857614  -1.7590891 ]
 [ 1.7857614  -1.7590891 ]
 [ 0.05431432  0.03722154]
 [ 0.05431432  0.03722154]
 [ 1.7524815  -1.6138269 ]
 [ 1.9493124  -1.9366108 ]
 [ 2.0259223  -1.8384391 ]
 [ 1.7857614  -1.7590891 ]
 [ 0.3721857  -0.31305462]
 [ 0.5425069  -0.41332063]
 [ 1.9493124  -1.9366108 ]]
2025-12-21 17:43:51,668 - [INFO] - ------------------------------------------------------------
2025-12-21 17:43:51,668 - [INFO] - On Validation Set:
	Accuracy of RRL  Model: 0.9039391845196959
	F1 Score of RRL  Model: 0.6249652716271524
2025-12-21 17:43:51,674 - [INFO] - On Validation Set:
Performance of  RRL Model: 
[[1278    8]
 [ 131   30]]
              precision    recall  f1-score   support

           0       0.91      0.99      0.95      1286
           1       0.79      0.19      0.30       161

    accuracy                           0.90      1447
   macro avg       0.85      0.59      0.62      1447
weighted avg       0.89      0.90      0.88      1447

2025-12-21 17:43:51,674 - [INFO] - ------------------------------------------------------------
2025-12-21 17:43:52,859 - [INFO] - epoch: 85, loss_rrl: 228.45023357588798
2025-12-21 17:43:53,293 - [DEBUG] - y_true: (1447,) [0 0 0 0 0 1 0 0 0 0 0 0 0 0 0 0 0 1 0 0 0 0 0 0 1 0 0 0 0 0 0 0 0 0 0 0 0
 0 1 1 0]
2025-12-21 17:43:53,648 - [DEBUG] - y_rrl_: (1447,) [0 0 0 0 0 0 0 0 0 0 0 0 0 0 0 0 0 0 0 0 0 0 0 0 1 0 0 0 0 0 0 0 0 0 0 0 0
 0 0 0 0]
2025-12-21 17:43:53,648 - [DEBUG] - y_rrl: (1447, 2) [[ 1.2225572  -1.0582973 ]
 [ 0.25425082 -0.0345005 ]
 [ 2.2200382  -2.0468614 ]
 [ 2.2200382  -2.0468614 ]
 [ 1.2225572  -1.0582973 ]
 [ 0.10484861 -0.09444358]
 [ 2.0099628  -1.8228695 ]
 [ 2.2200382  -2.0468614 ]
 [ 2.2200382  -2.0468614 ]
 [ 0.61052066 -0.5653214 ]
 [ 0.40044528 -0.34132966]
 [ 2.0099628  -1.8228695 ]
 [ 1.2225572  -1.0582973 ]
 [ 2.0099628  -1.8228695 ]
 [ 1.5181538  -1.3051833 ]
 [ 2.2200382  -2.0468614 ]
 [ 2.2200382  -2.0468614 ]
 [ 0.40044528 -0.34132966]
 [ 1.4326327  -1.282289  ]
 [ 1.5181538  -1.3051833 ]
 [ 1.7282292  -1.529175  ]
 [ 2.0099628  -1.8228695 ]
 [ 1.1859406  -0.9406375 ]
 [ 1.5181538  -1.3051833 ]
 [-0.79096234  0.7692408 ]
 [ 0.10484861 -0.09444358]
 [ 1.6777495  -1.4583237 ]
 [ 1.5181538  -1.3051833 ]
 [ 2.0099628  -1.8228695 ]
 [ 1.7282292  -1.529175  ]
 [ 2.0099628  -1.8228695 ]
 [ 1.5181538  -1.3051833 ]
 [ 0.06823207  0.02321614]
 [ 0.06823207  0.02321614]
 [ 1.2225572  -1.0582973 ]
 [ 2.2200382  -2.0468614 ]
 [ 2.0099628  -1.8228695 ]
 [ 1.5181538  -1.3051833 ]
 [ 0.40044528 -0.34132966]
 [ 0.30813307 -0.1486054 ]
 [ 2.2200382  -2.0468614 ]]
2025-12-21 17:43:53,650 - [INFO] - ------------------------------------------------------------
2025-12-21 17:43:53,650 - [INFO] - On Validation Set:
	Accuracy of RRL  Model: 0.9060124395300622
	F1 Score of RRL  Model: 0.6813518484934843
2025-12-21 17:43:53,656 - [INFO] - On Validation Set:
Performance of  RRL Model: 
[[1263   23]
 [ 113   48]]
              precision    recall  f1-score   support

           0       0.92      0.98      0.95      1286
           1       0.68      0.30      0.41       161

    accuracy                           0.91      1447
   macro avg       0.80      0.64      0.68      1447
weighted avg       0.89      0.91      0.89      1447

2025-12-21 17:43:53,656 - [INFO] - ------------------------------------------------------------
2025-12-21 17:43:55,251 - [DEBUG] - y_true: (1447,) [0 0 0 0 0 1 0 0 0 0 0 0 0 0 0 0 0 1 0 0 0 0 0 0 1 0 0 0 0 0 0 0 0 0 0 0 0
 0 1 1 0]
2025-12-21 17:43:55,552 - [DEBUG] - y_rrl_: (1447,) [0 0 0 0 0 1 0 0 0 0 0 0 0 0 0 0 0 0 0 0 0 0 0 0 1 0 0 0 0 0 0 0 1 1 0 0 0
 0 0 0 0]
2025-12-21 17:43:55,553 - [DEBUG] - y_rrl: (1447, 2) [[ 1.4295393  -1.2958826 ]
 [ 0.37138322 -0.2654632 ]
 [ 1.7864565  -1.7011722 ]
 [ 1.7864565  -1.7011722 ]
 [ 1.7105397  -1.5282894 ]
 [-0.04188523 -0.03071693]
 [ 1.8917037  -1.7233161 ]
 [ 1.9929417  -1.9031898 ]
 [ 2.0981889  -1.9253336 ]
 [ 0.42027935 -0.45815036]
 [ 0.34436247 -0.28526747]
 [ 1.9170247  -1.730307  ]
 [ 1.4295393  -1.2958826 ]
 [ 1.7864565  -1.7011722 ]
 [ 1.8917037  -1.7233161 ]
 [ 1.8917037  -1.7233161 ]
 [ 2.0981889  -1.9253336 ]
 [ 0.23911515 -0.2631238 ]
 [ 1.5054561  -1.4687654 ]
 [ 1.7864565  -1.7011722 ]
 [ 1.7864565  -1.7011722 ]
 [ 1.8917037  -1.7233161 ]
 [ 1.5847903  -1.3841422 ]
 [ 1.7864565  -1.7011722 ]
 [-0.91251075  0.8080394 ]
 [ 0.06336209 -0.05286062]
 [ 1.4036262  -1.1891155 ]
 [ 1.7864565  -1.7011722 ]
 [ 1.7105397  -1.5282894 ]
 [ 1.8917037  -1.7233161 ]
 [ 1.8117775  -1.7081633 ]
 [ 1.7864565  -1.7011722 ]
 [ 0.03744903  0.05390646]
 [-0.06779829  0.07605015]
 [ 1.4295393  -1.2958826 ]
 [ 1.9929417  -1.9031898 ]
 [ 1.7105397  -1.5282894 ]
 [ 1.7864565  -1.7011722 ]
 [ 0.23911515 -0.2631238 ]
 [ 0.44884983 -0.31972778]
 [ 1.9929417  -1.9031898 ]]
2025-12-21 17:43:55,555 - [INFO] - ------------------------------------------------------------
2025-12-21 17:43:55,555 - [INFO] - On Validation Set:
	Accuracy of RRL  Model: 0.9053213545266068
	F1 Score of RRL  Model: 0.6851895081696466
2025-12-21 17:43:55,561 - [INFO] - On Validation Set:
Performance of  RRL Model: 
[[1260   26]
 [ 111   50]]
              precision    recall  f1-score   support

           0       0.92      0.98      0.95      1286
           1       0.66      0.31      0.42       161

    accuracy                           0.91      1447
   macro avg       0.79      0.65      0.69      1447
weighted avg       0.89      0.91      0.89      1447

2025-12-21 17:43:55,561 - [INFO] - ------------------------------------------------------------
2025-12-21 17:43:56,301 - [INFO] - epoch: 86, loss_rrl: 228.42119422461838
2025-12-21 17:43:57,177 - [DEBUG] - y_true: (1447,) [0 0 0 0 0 1 0 0 0 0 0 0 0 0 0 0 0 1 0 0 0 0 0 0 1 0 0 0 0 0 0 0 0 0 0 0 0
 0 1 1 0]
2025-12-21 17:43:57,479 - [DEBUG] - y_rrl_: (1447,) [0 1 0 0 0 1 0 0 0 0 0 0 0 0 0 0 0 0 0 0 0 0 0 0 1 0 0 0 0 0 0 0 1 1 0 0 0
 0 0 0 0]
2025-12-21 17:43:57,480 - [DEBUG] - y_rrl: (1447, 2) [[ 0.9818969  -0.8347888 ]
 [-0.10807948  0.22748527]
 [ 1.3291886  -1.2165457 ]
 [ 1.3291886  -1.2165457 ]
 [ 1.2745725  -1.0789884 ]
 [-0.06443818 -0.00791901]
 [ 1.8490179  -1.6929994 ]
 [ 1.9993974  -1.9098088 ]
 [ 2.1045814  -1.9320478 ]
 [ 0.42631564 -0.46400586]
 [ 0.33342147 -0.27435786]
 [ 1.6509397  -1.4811121 ]
 [ 0.9818969  -0.8347888 ]
 [ 1.7438339  -1.67076   ]
 [ 1.4726506  -1.2908756 ]
 [ 1.8490179  -1.6929994 ]
 [ 2.1045814  -1.9320478 ]
 [ 0.22823747 -0.25211865]
 [ 1.0747911  -1.0244368 ]
 [ 1.3674667  -1.2686363 ]
 [ 1.3674667  -1.2686363 ]
 [ 1.8490179  -1.6929994 ]
 [ 1.1580671  -0.9441037 ]
 [ 1.3674667  -1.2686363 ]
 [-0.93489254  0.83093476]
 [ 0.04074584 -0.03015822]
 [ 1.3363562  -1.1343402 ]
 [ 1.3674667  -1.2686363 ]
 [ 1.6509397  -1.4811121 ]
 [ 1.7282141  -1.5299243 ]
 [ 1.5457557  -1.4588729 ]
 [ 1.3674667  -1.2686363 ]
 [ 0.01883791  0.07241409]
 [-0.0863461   0.09465329]
 [ 0.9818969  -0.8347888 ]
 [ 1.9993974  -1.9098088 ]
 [ 1.6509397  -1.4811121 ]
 [ 1.3674667  -1.2686363 ]
 [ 0.22823747 -0.25211865]
 [ 0.20897926 -0.04968128]
 [ 1.9993974  -1.9098088 ]]
2025-12-21 17:43:57,482 - [INFO] - ------------------------------------------------------------
2025-12-21 17:43:57,482 - [INFO] - On Validation Set:
	Accuracy of RRL  Model: 0.899101589495508
	F1 Score of RRL  Model: 0.7131868191543667
2025-12-21 17:43:57,488 - [INFO] - On Validation Set:
Performance of  RRL Model: 
[[1233   53]
 [  93   68]]
              precision    recall  f1-score   support

           0       0.93      0.96      0.94      1286
           1       0.56      0.42      0.48       161

    accuracy                           0.90      1447
   macro avg       0.75      0.69      0.71      1447
weighted avg       0.89      0.90      0.89      1447

2025-12-21 17:43:57,488 - [INFO] - ------------------------------------------------------------
2025-12-21 17:43:59,102 - [DEBUG] - y_true: (1447,) [0 0 0 0 0 1 0 0 0 0 0 0 0 0 0 0 0 1 0 0 0 0 0 0 1 0 0 0 0 0 0 0 0 0 0 0 0
 0 1 1 0]
2025-12-21 17:43:59,403 - [DEBUG] - y_rrl_: (1447,) [0 0 0 0 0 0 0 0 0 0 0 0 0 0 0 0 0 0 0 0 0 0 0 0 1 0 0 0 0 0 0 0 0 0 0 0 0
 0 0 0 0]
2025-12-21 17:43:59,403 - [DEBUG] - y_rrl: (1447, 2) [[ 1.6370441  -1.4253749 ]
 [ 0.2195278  -0.08387237]
 [ 1.2283063  -1.1202873 ]
 [ 1.2283063  -1.1202873 ]
 [ 1.6370441  -1.4253749 ]
 [ 0.28062832 -0.3043823 ]
 [ 1.8344302  -1.6528814 ]
 [ 2.0292616  -1.9398149 ]
 [ 2.156637   -1.984414  ]
 [ 0.48149818 -0.5190098 ]
 [ 0.40800357 -0.34898123]
 [ 1.955767   -1.7697864 ]
 [ 1.6370441  -1.4253749 ]
 [ 1.9079249  -1.82291   ]
 [ 1.8379139  -1.6400024 ]
 [ 2.0353     -1.867509  ]
 [ 2.156637   -1.984414  ]
 [ 0.28062832 -0.3043823 ]
 [ 1.4146001  -1.3478236 ]
 [ 1.7105386  -1.5954033 ]
 [ 1.7105386  -1.5954033 ]
 [ 2.0353     -1.867509  ]
 [ 1.3224602  -1.0786738 ]
 [ 1.7105386  -1.5954033 ]
 [-0.571879    0.4362855 ]
 [ 0.40800357 -0.34898123]
 [ 1.5198463  -1.3061804 ]
 [ 1.7105386  -1.5954033 ]
 [ 2.0353     -1.867509  ]
 [ 1.8379139  -1.6400024 ]
 [ 1.8283918  -1.7251874 ]
 [ 1.5096688  -1.3807758 ]
 [ 0.40800357 -0.34898123]
 [ 0.28062832 -0.3043823 ]
 [ 1.6370441  -1.4253749 ]
 [ 2.0292616  -1.9398149 ]
 [ 1.8344302  -1.6528814 ]
 [ 1.7105386  -1.5954033 ]
 [ 0.28062832 -0.3043823 ]
 [ 0.26738852 -0.10822248]
 [ 2.0292616  -1.9398149 ]]
2025-12-21 17:43:59,405 - [INFO] - ------------------------------------------------------------
2025-12-21 17:43:59,405 - [INFO] - On Validation Set:
	Accuracy of RRL  Model: 0.899101589495508
	F1 Score of RRL  Model: 0.618473329865927
2025-12-21 17:43:59,411 - [INFO] - On Validation Set:
Performance of  RRL Model: 
[[1271   15]
 [ 131   30]]
              precision    recall  f1-score   support

           0       0.91      0.99      0.95      1286
           1       0.67      0.19      0.29       161

    accuracy                           0.90      1447
   macro avg       0.79      0.59      0.62      1447
weighted avg       0.88      0.90      0.87      1447

2025-12-21 17:43:59,411 - [INFO] - ------------------------------------------------------------
2025-12-21 17:43:59,702 - [INFO] - epoch: 87, loss_rrl: 225.51078061014414
2025-12-21 17:44:01,021 - [DEBUG] - y_true: (1447,) [0 0 0 0 0 1 0 0 0 0 0 0 0 0 0 0 0 1 0 0 0 0 0 0 1 0 0 0 0 0 0 0 0 0 0 0 0
 0 1 1 0]
2025-12-21 17:44:01,323 - [DEBUG] - y_rrl_: (1447,) [0 0 0 0 0 0 0 0 0 0 0 0 0 0 0 0 0 1 0 0 0 0 0 0 1 0 0 0 0 0 0 0 0 1 0 0 0
 0 1 0 0]
2025-12-21 17:44:01,323 - [DEBUG] - y_rrl: (1447, 2) [[ 1.7807577  -1.6115311 ]
 [ 0.36202103 -0.26863712]
 [ 2.0607762  -1.971456  ]
 [ 2.0607762  -1.971456  ]
 [ 1.9648035  -1.8092834 ]
 [ 0.29710954 -0.32073277]
 [ 1.7807577  -1.6115311 ]
 [ 2.0607762  -1.971456  ]
 [ 2.1965218  -2.0246022 ]
 [ 0.48115534 -0.518485  ]
 [ 0.11618783 -0.02516605]
 [ 1.4640902  -1.2628183 ]
 [ 1.7807577  -1.6115311 ]
 [ 1.6450119  -1.558385  ]
 [ 1.7807577  -1.6115311 ]
 [ 1.7807577  -1.6115311 ]
 [ 2.1965218  -2.0246022 ]
 [-0.01955785  0.02798007]
 [ 1.3639611  -1.3255764 ]
 [ 1.6450119  -1.558385  ]
 [ 1.6450119  -1.558385  ]
 [ 1.7807577  -1.6115311 ]
 [ 1.4640902  -1.2628183 ]
 [ 1.6450119  -1.558385  ]
 [-0.87381274  0.77084744]
 [ 0.43285525 -0.3738789 ]
 [ 1.4640902  -1.2628183 ]
 [ 1.6450119  -1.558385  ]
 [ 1.7807577  -1.6115311 ]
 [ 2.1965218  -2.0246022 ]
 [ 1.3283445  -1.2096722 ]
 [ 1.8290577  -1.7561373 ]
 [ 0.11618783 -0.02516605]
 [-0.01955785  0.02798007]
 [ 1.7807577  -1.6115311 ]
 [ 2.0607762  -1.971456  ]
 [ 1.7807577  -1.6115311 ]
 [ 1.6450119  -1.558385  ]
 [-0.01955785  0.02798007]
 [ 0.54793495 -0.29368174]
 [ 2.0607762  -1.971456  ]]
2025-12-21 17:44:01,326 - [INFO] - ------------------------------------------------------------
2025-12-21 17:44:01,326 - [INFO] - On Validation Set:
	Accuracy of RRL  Model: 0.8956461644782309
	F1 Score of RRL  Model: 0.6106368002280969
2025-12-21 17:44:01,332 - [INFO] - On Validation Set:
Performance of  RRL Model: 
[[1267   19]
 [ 132   29]]
              precision    recall  f1-score   support

           0       0.91      0.99      0.94      1286
           1       0.60      0.18      0.28       161

    accuracy                           0.90      1447
   macro avg       0.75      0.58      0.61      1447
weighted avg       0.87      0.90      0.87      1447

2025-12-21 17:44:01,332 - [INFO] - ------------------------------------------------------------
2025-12-21 17:44:02,760 - [INFO] - epoch: 88, loss_rrl: 224.37205673288554
2025-12-21 17:44:02,940 - [DEBUG] - y_true: (1447,) [0 0 0 0 0 1 0 0 0 0 0 0 0 0 0 0 0 1 0 0 0 0 0 0 1 0 0 0 0 0 0 0 0 0 0 0 0
 0 1 1 0]
2025-12-21 17:44:03,241 - [DEBUG] - y_rrl_: (1447,) [0 1 0 0 0 0 0 0 0 0 0 0 0 0 0 0 0 1 0 0 0 0 0 0 1 0 0 0 0 0 0 0 0 1 0 0 0
 0 0 1 0]
2025-12-21 17:44:03,241 - [DEBUG] - y_rrl: (1447, 2) [[ 1.2920974  -1.2397373 ]
 [-0.13600431  0.1126995 ]
 [ 1.2598101  -1.1521118 ]
 [ 1.2598101  -1.1521118 ]
 [ 1.2920974  -1.2397373 ]
 [ 0.24820538 -0.27170002]
 [ 1.525195   -1.5027678 ]
 [ 2.0928826  -2.0036864 ]
 [ 2.2308679  -2.0592542 ]
 [ 0.4613216  -0.4984721 ]
 [ 0.06813242  0.02276526]
 [ 1.3578538  -1.2990512 ]
 [ 1.2920974  -1.2397373 ]
 [ 1.3872094  -1.4472001 ]
 [ 1.2920974  -1.2397373 ]
 [ 1.525195   -1.5027678 ]
 [ 2.2308679  -2.0592542 ]
 [-0.06985305  0.07833303]
 [ 0.8644091  -0.9425918 ]
 [ 1.1541119  -1.1841694 ]
 [ 1.1541119  -1.1841694 ]
 [ 1.525195   -1.5027678 ]
 [ 0.97403896 -0.8897042 ]
 [ 1.1541119  -1.1841694 ]
 [-0.9535283   0.8510908 ]
 [ 0.38619083 -0.3272678 ]
 [ 1.2071365  -1.1527348 ]
 [ 1.1541119  -1.1841694 ]
 [ 1.525195   -1.5027678 ]
 [ 1.8470529  -1.6499072 ]
 [ 1.2198683  -1.2434833 ]
 [ 1.1541119  -1.1841694 ]
 [ 0.06813242  0.02276526]
 [-0.06985305  0.07833303]
 [ 1.2920974  -1.2397373 ]
 [ 2.0928826  -2.0036864 ]
 [ 1.525195   -1.5027678 ]
 [ 1.1541119  -1.1841694 ]
 [ 0.24820538 -0.27170002]
 [-0.37512267  0.40762895]
 [ 2.0928826  -2.0036864 ]]
2025-12-21 17:44:03,243 - [INFO] - ------------------------------------------------------------
2025-12-21 17:44:03,244 - [INFO] - On Validation Set:
	Accuracy of RRL  Model: 0.8935729094678645
	F1 Score of RRL  Model: 0.7067087488022912
2025-12-21 17:44:03,250 - [INFO] - On Validation Set:
Performance of  RRL Model: 
[[1224   62]
 [  92   69]]
              precision    recall  f1-score   support

           0       0.93      0.95      0.94      1286
           1       0.53      0.43      0.47       161

    accuracy                           0.89      1447
   macro avg       0.73      0.69      0.71      1447
weighted avg       0.89      0.89      0.89      1447

2025-12-21 17:44:03,250 - [INFO] - ------------------------------------------------------------
2025-12-21 17:44:04,857 - [DEBUG] - y_true: (1447,) [0 0 0 0 0 1 0 0 0 0 0 0 0 0 0 0 0 1 0 0 0 0 0 0 1 0 0 0 0 0 0 0 0 0 0 0 0
 0 1 1 0]
2025-12-21 17:44:05,160 - [DEBUG] - y_rrl_: (1447,) [0 0 0 0 0 1 0 0 0 0 0 0 0 0 0 0 0 0 0 0 0 0 0 0 1 0 0 0 0 0 0 0 0 0 0 0 0
 0 0 0 0]
2025-12-21 17:44:05,161 - [DEBUG] - y_rrl: (1447, 2) [[ 1.2977023  -1.135358  ]
 [ 0.16025236 -0.02538588]
 [ 1.1518557  -1.0443201 ]
 [ 1.1518557  -1.0443201 ]
 [ 1.2977023  -1.135358  ]
 [-0.0657042  -0.00567218]
 [ 1.8089178  -1.6283951 ]
 [ 1.299485   -1.1875643 ]
 [ 2.144414   -1.9731116 ]
 [ 0.4057023  -0.44267187]
 [ 0.36823633 -0.30936515]
 [ 1.9565469  -1.7716392 ]
 [ 1.2977023  -1.135358  ]
 [ 1.6585164  -1.5602294 ]
 [ 1.5812416  -1.3708853 ]
 [ 1.9967849  -1.8298675 ]
 [ 2.144414   -1.9731116 ]
 [ 0.21783507 -0.2411995 ]
 [ 1.3351682  -1.2686646 ]
 [ 0.7363124  -0.5853378 ]
 [ 1.6187074  -1.504192  ]
 [ 1.8089178  -1.6283951 ]
 [ 1.2887208  -1.0464606 ]
 [ 1.4308403  -1.3027196 ]
 [-0.6424775   0.50863796]
 [ 0.08469707 -0.07383784]
 [ 1.516397   -1.3039705 ]
 [ 0.7363124  -0.5853378 ]
 [ 1.8089178  -1.6283951 ]
 [ 1.7691088  -1.5723577 ]
 [ 1.8061457  -1.7034736 ]
 [ 1.4308403  -1.3027196 ]
 [ 0.36823633 -0.30936515]
 [ 0.21783507 -0.2411995 ]
 [ 1.2977023  -1.135358  ]
 [ 1.299485   -1.1875643 ]
 [ 1.8089178  -1.6283951 ]
 [ 0.7363124  -0.5853378 ]
 [ 0.21783507 -0.2411995 ]
 [ 0.8220786  -0.600766  ]
 [ 1.299485   -1.1875643 ]]
2025-12-21 17:44:05,163 - [INFO] - ------------------------------------------------------------
2025-12-21 17:44:05,163 - [INFO] - On Validation Set:
	Accuracy of RRL  Model: 0.8970283344851416
	F1 Score of RRL  Model: 0.6438721591519122
2025-12-21 17:44:05,169 - [INFO] - On Validation Set:
Performance of  RRL Model: 
[[1259   27]
 [ 122   39]]
              precision    recall  f1-score   support

           0       0.91      0.98      0.94      1286
           1       0.59      0.24      0.34       161

    accuracy                           0.90      1447
   macro avg       0.75      0.61      0.64      1447
weighted avg       0.88      0.90      0.88      1447

2025-12-21 17:44:05,169 - [INFO] - ------------------------------------------------------------
2025-12-21 17:44:06,155 - [INFO] - epoch: 89, loss_rrl: 225.85263840388507
2025-12-21 17:44:06,786 - [DEBUG] - y_true: (1447,) [0 0 0 0 0 1 0 0 0 0 0 0 0 0 0 0 0 1 0 0 0 0 0 0 1 0 0 0 0 0 0 0 0 0 0 0 0
 0 1 1 0]
2025-12-21 17:44:07,087 - [DEBUG] - y_rrl_: (1447,) [0 0 0 0 0 1 0 0 0 0 0 0 0 0 0 0 0 1 0 0 0 0 0 0 1 0 0 0 0 0 0 0 0 1 0 0 0
 0 1 1 0]
2025-12-21 17:44:07,088 - [DEBUG] - y_rrl: (1447, 2) [[ 1.2040913  -1.1953802 ]
 [ 0.05835159 -0.07705465]
 [ 2.0744631  -1.9855521 ]
 [ 2.0744631  -1.9855521 ]
 [ 1.4996421  -1.4430315 ]
 [-0.04240476 -0.02872986]
 [ 1.7186999  -1.6918284 ]
 [ 2.0744631  -1.9855521 ]
 [ 2.21297    -2.0420067 ]
 [ 0.46539807 -0.50218785]
 [ 0.09610219 -0.08518457]
 [ 1.1102751  -1.0994692 ]
 [ 1.2040913  -1.1953802 ]
 [ 1.580193   -1.6353736 ]
 [ 1.4996421  -1.4430315 ]
 [ 1.4231491  -1.444177  ]
 [ 2.21297    -2.0420067 ]
 [-0.04240476 -0.02872986]
 [ 1.0655844  -1.1389254 ]
 [ 1.3611352  -1.3865768 ]
 [ 1.3611352  -1.3865768 ]
 [ 1.7186999  -1.6918284 ]
 [ 1.1867683  -1.0983237 ]
 [ 1.3611352  -1.3865768 ]
 [-0.53695416  0.4036949 ]
 [ 0.09610219 -0.08518457]
 [ 1.7186999  -1.6918284 ]
 [ 1.3611352  -1.3865768 ]
 [ 1.4231491  -1.444177  ]
 [ 1.9939122  -1.79321   ]
 [ 0.9717682  -1.0430144 ]
 [ 1.3611352  -1.3865768 ]
 [ 0.09610219 -0.08518457]
 [-0.04240476 -0.02872986]
 [ 1.2040913  -1.1953802 ]
 [ 2.0744631  -1.9855521 ]
 [ 1.4231491  -1.444177  ]
 [ 1.3611352  -1.3865768 ]
 [-0.04240476 -0.02872986]
 [-0.5465953   0.53159213]
 [ 2.0744631  -1.9855521 ]]
2025-12-21 17:44:07,090 - [INFO] - ------------------------------------------------------------
2025-12-21 17:44:07,090 - [INFO] - On Validation Set:
	Accuracy of RRL  Model: 0.9011748445058743
	F1 Score of RRL  Model: 0.7029920265256178
2025-12-21 17:44:07,096 - [INFO] - On Validation Set:
Performance of  RRL Model: 
[[1243   43]
 [ 100   61]]
              precision    recall  f1-score   support

           0       0.93      0.97      0.95      1286
           1       0.59      0.38      0.46       161

    accuracy                           0.90      1447
   macro avg       0.76      0.67      0.70      1447
weighted avg       0.89      0.90      0.89      1447

2025-12-21 17:44:07,096 - [INFO] - ------------------------------------------------------------
2025-12-21 17:44:08,723 - [DEBUG] - y_true: (1447,) [0 0 0 0 0 1 0 0 0 0 0 0 0 0 0 0 0 1 0 0 0 0 0 0 1 0 0 0 0 0 0 0 0 0 0 0 0
 0 1 1 0]
2025-12-21 17:44:09,024 - [DEBUG] - y_rrl_: (1447,) [0 0 0 0 0 0 0 0 0 0 1 0 0 0 0 0 0 1 0 0 0 0 0 0 1 0 0 0 0 0 0 0 1 1 0 0 0
 0 0 1 0]
2025-12-21 17:44:09,024 - [DEBUG] - y_rrl: (1447, 2) [[ 1.5147816  -1.4582407 ]
 [ 0.21640466 -0.15313178]
 [ 1.4362867  -1.2429343 ]
 [ 1.4362867  -1.2429343 ]
 [ 1.2333349  -1.2245816 ]
 [ 0.37688607 -0.31812263]
 [ 1.7119836  -1.6850855 ]
 [ 2.1500013  -1.9794036 ]
 [ 2.1500013  -1.9794036 ]
 [ 0.56667477 -0.5214157 ]
 [-0.2077762   0.25051713]
 [ 1.1273212  -1.1164458 ]
 [ 1.5147816  -1.4582407 ]
 [ 1.7119836  -1.6850855 ]
 [ 1.5147816  -1.4582407 ]
 [ 1.4305369  -1.4514264 ]
 [ 2.1500013  -1.9794036 ]
 [-0.2077762   0.25051713]
 [ 1.2333349  -1.2245816 ]
 [ 1.5147816  -1.4582407 ]
 [ 1.5147816  -1.4582407 ]
 [ 1.7119836  -1.6850855 ]
 [ 1.211566   -1.1232603 ]
 [ 1.5147816  -1.4582407 ]
 [-0.71329385  0.6941966 ]
 [ 0.37688607 -0.31812263]
 [ 1.1273212  -1.1164458 ]
 [ 1.5147816  -1.4582407 ]
 [ 1.4305369  -1.4514264 ]
 [ 1.9527993  -1.7525587 ]
 [ 1.1273212  -1.1164458 ]
 [ 1.5147816  -1.4582407 ]
 [-0.2077762   0.25051713]
 [-0.2077762   0.25051713]
 [ 1.5147816  -1.4582407 ]
 [ 2.1500013  -1.9794036 ]
 [ 1.7119836  -1.6850855 ]
 [ 1.5147816  -1.4582407 ]
 [ 0.09543939 -0.08446339]
 [-0.34101772  0.29663453]
 [ 2.1500013  -1.9794036 ]]
2025-12-21 17:44:09,026 - [INFO] - ------------------------------------------------------------
2025-12-21 17:44:09,026 - [INFO] - On Validation Set:
	Accuracy of RRL  Model: 0.8956461644782309
	F1 Score of RRL  Model: 0.6729933714771474
2025-12-21 17:44:09,032 - [INFO] - On Validation Set:
Performance of  RRL Model: 
[[1245   41]
 [ 110   51]]
              precision    recall  f1-score   support

           0       0.92      0.97      0.94      1286
           1       0.55      0.32      0.40       161

    accuracy                           0.90      1447
   macro avg       0.74      0.64      0.67      1447
weighted avg       0.88      0.90      0.88      1447

2025-12-21 17:44:09,032 - [INFO] - ------------------------------------------------------------
2025-12-21 17:44:09,569 - [INFO] - epoch: 90, loss_rrl: 225.25951137114316
2025-12-21 17:44:10,648 - [DEBUG] - y_true: (1447,) [0 0 0 0 0 1 0 0 0 0 0 0 0 0 0 0 0 1 0 0 0 0 0 0 1 0 0 0 0 0 0 0 0 0 0 0 0
 0 1 1 0]
2025-12-21 17:44:10,953 - [DEBUG] - y_rrl_: (1447,) [0 1 0 0 0 1 0 0 0 0 0 0 0 0 0 0 0 0 0 0 0 0 0 0 1 0 0 0 0 0 0 0 0 0 0 0 0
 0 0 1 0]
2025-12-21 17:44:10,954 - [DEBUG] - y_rrl: (1447, 2) [[ 1.0862827  -1.0818273 ]
 [-0.09272267  0.06988584]
 [ 1.9409425  -1.8524144 ]
 [ 1.9409425  -1.8524144 ]
 [ 1.3769596  -1.3248303 ]
 [-0.04845734 -0.02219734]
 [ 1.8815708  -1.8680975 ]
 [ 1.9409425  -1.8524144 ]
 [ 2.0824313  -1.91221   ]
 [ 0.4346635  -0.47109774]
 [ 0.3837083  -0.32499585]
 [ 1.3814675  -1.3228459 ]
 [ 1.0862827  -1.0818273 ]
 [ 1.740082   -1.8083022 ]
 [ 1.5694035  -1.5307279 ]
 [ 1.6891268  -1.6622002 ]
 [ 2.0824313  -1.91221   ]
 [ 0.2422195  -0.2652003 ]
 [ 0.944794   -1.0220318 ]
 [ 1.4279149  -1.4709322 ]
 [ 1.4279149  -1.4709322 ]
 [ 1.8815708  -1.8680975 ]
 [ 1.2617441  -1.1913736 ]
 [ 1.4279149  -1.4709322 ]
 [-0.5691003   0.43692207]
 [ 0.09303145 -0.0819929 ]
 [ 1.3814675  -1.3228459 ]
 [ 1.4279149  -1.4709322 ]
 [ 1.6891268  -1.6622002 ]
 [ 1.770264   -1.5748401 ]
 [ 1.2399787  -1.2630504 ]
 [ 1.4279149  -1.4709322 ]
 [ 0.3837083  -0.32499585]
 [ 0.2422195  -0.2652003 ]
 [ 1.0862827  -1.0818273 ]
 [ 1.9409425  -1.8524144 ]
 [ 1.6891268  -1.6622002 ]
 [ 1.4279149  -1.4709322 ]
 [ 0.4346635  -0.47109774]
 [-0.31193018  0.34515828]
 [ 1.9409425  -1.8524144 ]]
2025-12-21 17:44:10,956 - [INFO] - ------------------------------------------------------------
2025-12-21 17:44:10,956 - [INFO] - On Validation Set:
	Accuracy of RRL  Model: 0.902557014512785
	F1 Score of RRL  Model: 0.6879409735870874
2025-12-21 17:44:10,962 - [INFO] - On Validation Set:
Performance of  RRL Model: 
[[1253   33]
 [ 108   53]]
              precision    recall  f1-score   support

           0       0.92      0.97      0.95      1286
           1       0.62      0.33      0.43       161

    accuracy                           0.90      1447
   macro avg       0.77      0.65      0.69      1447
weighted avg       0.89      0.90      0.89      1447

2025-12-21 17:44:10,962 - [INFO] - ------------------------------------------------------------
2025-12-21 17:44:12,583 - [DEBUG] - y_true: (1447,) [0 0 0 0 0 1 0 0 0 0 0 0 0 0 0 0 0 1 0 0 0 0 0 0 1 0 0 0 0 0 0 0 0 0 0 0 0
 0 1 1 0]
2025-12-21 17:44:12,886 - [DEBUG] - y_rrl_: (1447,) [0 0 0 0 0 0 0 0 0 0 0 0 0 0 0 0 0 0 0 0 0 0 0 0 1 0 0 0 0 0 0 0 0 0 0 0 0
 0 0 1 0]
2025-12-21 17:44:12,887 - [DEBUG] - y_rrl: (1447, 2) [[ 1.6783776  -1.6514261 ]
 [ 0.3404204  -0.30674636]
 [ 2.109113   -1.9392523 ]
 [ 2.109113   -1.9392523 ]
 [ 1.6783776  -1.6514261 ]
 [ 0.37757346 -0.318912  ]
 [ 1.6783776  -1.6514261 ]
 [ 2.109113   -1.9392523 ]
 [ 2.109113   -1.9392523 ]
 [ 0.5946723  -0.54941326]
 [ 0.37757346 -0.318912  ]
 [ 1.6783776  -1.6514261 ]
 [ 1.6783776  -1.6514261 ]
 [ 1.6783776  -1.6514261 ]
 [ 1.6783776  -1.6514261 ]
 [ 1.8954763  -1.8819274 ]
 [ 2.109113   -1.9392523 ]
 [ 0.37757346 -0.318912  ]
 [ 1.6029208  -1.636931  ]
 [ 1.6783776  -1.6514261 ]
 [ 1.8954763  -1.8819274 ]
 [ 1.6783776  -1.6514261 ]
 [ 1.3675905  -1.3090146 ]
 [ 1.6783776  -1.6514261 ]
 [-0.75483716  0.7363685 ]
 [ 0.37757346 -0.318912  ]
 [ 1.3675905  -1.3090146 ]
 [ 1.6783776  -1.6514261 ]
 [ 1.6783776  -1.6514261 ]
 [ 2.109113   -1.9392523 ]
 [ 1.6783776  -1.6514261 ]
 [ 1.6783776  -1.6514261 ]
 [ 0.06678644  0.02349951]
 [ 0.06678644  0.02349951]
 [ 1.6783776  -1.6514261 ]
 [ 2.109113   -1.9392523 ]
 [ 1.6783776  -1.6514261 ]
 [ 1.6783776  -1.6514261 ]
 [ 0.37757346 -0.318912  ]
 [-0.01931962  0.02111829]
 [ 2.109113   -1.9392523 ]]
2025-12-21 17:44:12,889 - [INFO] - ------------------------------------------------------------
2025-12-21 17:44:12,889 - [INFO] - On Validation Set:
	Accuracy of RRL  Model: 0.9018659295093296
	F1 Score of RRL  Model: 0.6354517067631822
2025-12-21 17:44:12,895 - [INFO] - On Validation Set:
Performance of  RRL Model: 
[[1271   15]
 [ 127   34]]
              precision    recall  f1-score   support

           0       0.91      0.99      0.95      1286
           1       0.69      0.21      0.32       161

    accuracy                           0.90      1447
   macro avg       0.80      0.60      0.64      1447
weighted avg       0.89      0.90      0.88      1447

2025-12-21 17:44:12,895 - [INFO] - ------------------------------------------------------------
2025-12-21 17:44:12,984 - [INFO] - epoch: 91, loss_rrl: 227.1038416447118
2025-12-21 17:44:14,519 - [DEBUG] - y_true: (1447,) [0 0 0 0 0 1 0 0 0 0 0 0 0 0 0 0 0 1 0 0 0 0 0 0 1 0 0 0 0 0 0 0 0 0 0 0 0
 0 1 1 0]
2025-12-21 17:44:14,820 - [DEBUG] - y_rrl_: (1447,) [0 0 0 0 0 0 0 0 0 0 0 0 0 0 0 0 0 0 0 0 0 0 0 0 1 0 0 0 0 0 0 0 0 0 0 0 0
 0 0 0 0]
2025-12-21 17:44:14,820 - [DEBUG] - y_rrl: (1447, 2) [[ 1.8982031  -1.7153212 ]
 [ 0.42105323 -0.31279612]
 [ 1.9521966  -1.8640095 ]
 [ 1.9521966  -1.8640095 ]
 [ 1.6086781  -1.4732424 ]
 [ 0.26518762 -0.2879129 ]
 [ 1.8982031  -1.7153212 ]
 [ 1.9521966  -1.8640095 ]
 [ 2.0894122  -1.9198817 ]
 [ 0.4563967  -0.49247348]
 [ 0.40240312 -0.34378523]
 [ 1.8982031  -1.7153212 ]
 [ 1.8982031  -1.7153212 ]
 [ 1.7609875  -1.659449  ]
 [ 1.8982031  -1.7153212 ]
 [ 1.8982031  -1.7153212 ]
 [ 2.0894122  -1.9198817 ]
 [ 0.26518762 -0.2879129 ]
 [ 1.4714625  -1.4173702 ]
 [ 1.7609875  -1.659449  ]
 [ 1.7609875  -1.659449  ]
 [ 1.8982031  -1.7153212 ]
 [ 1.5946258  -1.3801892 ]
 [ 1.7609875  -1.659449  ]
 [-0.5226883   0.3916306 ]
 [ 0.40240312 -0.34378523]
 [ 1.5946258  -1.3801892 ]
 [ 1.7609875  -1.659449  ]
 [ 1.8982031  -1.7153212 ]
 [ 2.0894122  -1.9198817 ]
 [ 1.7609875  -1.659449  ]
 [ 1.7609875  -1.659449  ]
 [ 0.40240312 -0.34378523]
 [ 0.26518762 -0.2879129 ]
 [ 1.8982031  -1.7153212 ]
 [ 1.9521966  -1.8640095 ]
 [ 1.8982031  -1.7153212 ]
 [ 1.7609875  -1.659449  ]
 [ 0.26518762 -0.2879129 ]
 [ 0.40804118 -0.279451  ]
 [ 1.9521966  -1.8640095 ]]
2025-12-21 17:44:14,822 - [INFO] - ------------------------------------------------------------
2025-12-21 17:44:14,822 - [INFO] - On Validation Set:
	Accuracy of RRL  Model: 0.9011748445058743
	F1 Score of RRL  Model: 0.5992023599917098
2025-12-21 17:44:14,828 - [INFO] - On Validation Set:
Performance of  RRL Model: 
[[1280    6]
 [ 137   24]]
              precision    recall  f1-score   support

           0       0.90      1.00      0.95      1286
           1       0.80      0.15      0.25       161

    accuracy                           0.90      1447
   macro avg       0.85      0.57      0.60      1447
weighted avg       0.89      0.90      0.87      1447

2025-12-21 17:44:14,828 - [INFO] - ------------------------------------------------------------
2025-12-21 17:44:16,084 - [INFO] - epoch: 92, loss_rrl: 224.81829684972763
2025-12-21 17:44:16,475 - [DEBUG] - y_true: (1447,) [0 0 0 0 0 1 0 0 0 0 0 0 0 0 0 0 0 1 0 0 0 0 0 0 1 0 0 0 0 0 0 0 0 0 0 0 0
 0 1 1 0]
2025-12-21 17:44:16,777 - [DEBUG] - y_rrl_: (1447,) [0 0 0 0 0 0 0 0 0 0 0 0 0 0 0 0 0 0 0 0 0 0 0 0 1 0 0 0 0 0 0 0 0 0 0 0 0
 0 0 0 0]
2025-12-21 17:44:16,777 - [DEBUG] - y_rrl: (1447, 2) [[ 1.9261883  -1.7436714 ]
 [ 0.54709846 -0.35786873]
 [ 2.1625915  -1.9933751 ]
 [ 2.1625915  -1.9933751 ]
 [ 1.6185862  -1.4834032 ]
 [ 0.4337844  -0.375209  ]
 [ 1.9261883  -1.7436714 ]
 [ 2.1625915  -1.9933751 ]
 [ 2.1625915  -1.9933751 ]
 [ 0.6701874  -0.62491274]
 [ 0.4337844  -0.375209  ]
 [ 1.9261883  -1.7436714 ]
 [ 1.9261883  -1.7436714 ]
 [ 2.1625915  -1.9933751 ]
 [ 2.1625915  -1.9933751 ]
 [ 2.1625915  -1.9933751 ]
 [ 2.1625915  -1.9933751 ]
 [ 0.4337844  -0.375209  ]
 [ 1.8549892  -1.7331071 ]
 [ 2.1625915  -1.9933751 ]
 [ 2.1625915  -1.9933751 ]
 [ 2.1625915  -1.9933751 ]
 [ 1.5980983  -1.3840959 ]
 [ 2.1625915  -1.9933751 ]
 [-0.68358266  0.66572076]
 [ 0.4337844  -0.375209  ]
 [ 1.5980983  -1.3840959 ]
 [ 2.1625915  -1.9933751 ]
 [ 2.1625915  -1.9933751 ]
 [ 2.1625915  -1.9933751 ]
 [ 1.9261883  -1.7436714 ]
 [ 1.9261883  -1.7436714 ]
 [ 0.10569438 -0.01563361]
 [ 0.10569438 -0.01563361]
 [ 1.9261883  -1.7436714 ]
 [ 2.1625915  -1.9933751 ]
 [ 1.9261883  -1.7436714 ]
 [ 2.1625915  -1.9933751 ]
 [ 0.4337844  -0.375209  ]
 [ 0.29108217 -0.13328347]
 [ 2.1625915  -1.9933751 ]]
2025-12-21 17:44:16,780 - [INFO] - ------------------------------------------------------------
2025-12-21 17:44:16,780 - [INFO] - On Validation Set:
	Accuracy of RRL  Model: 0.902557014512785
	F1 Score of RRL  Model: 0.6195690884850971
2025-12-21 17:44:16,786 - [INFO] - On Validation Set:
Performance of  RRL Model: 
[[1277    9]
 [ 132   29]]
              precision    recall  f1-score   support

           0       0.91      0.99      0.95      1286
           1       0.76      0.18      0.29       161

    accuracy                           0.90      1447
   macro avg       0.83      0.59      0.62      1447
weighted avg       0.89      0.90      0.87      1447

2025-12-21 17:44:16,786 - [INFO] - ------------------------------------------------------------
2025-12-21 17:44:18,392 - [DEBUG] - y_true: (1447,) [0 0 0 0 0 1 0 0 0 0 0 0 0 0 0 0 0 1 0 0 0 0 0 0 1 0 0 0 0 0 0 0 0 0 0 0 0
 0 1 1 0]
2025-12-21 17:44:18,690 - [DEBUG] - y_rrl_: (1447,) [0 1 0 0 0 1 0 0 0 0 0 0 0 0 0 0 0 0 0 0 0 0 0 0 1 0 0 0 0 0 0 0 1 1 0 0 0
 0 0 0 0]
2025-12-21 17:44:18,691 - [DEBUG] - y_rrl: (1447, 2) [[ 1.1423521  -1.1333455 ]
 [-0.04802464  0.0299518 ]
 [ 1.8838933  -1.7959957 ]
 [ 1.8838933  -1.7959957 ]
 [ 1.4380221  -1.3817911 ]
 [-0.07615404  0.00645514]
 [ 1.576581   -1.5495293 ]
 [ 1.8838933  -1.7959957 ]
 [ 2.010988   -1.8420794 ]
 [ 0.42780447 -0.463529  ]
 [ 0.34661078 -0.28807425]
 [ 1.576581   -1.5495293 ]
 [ 1.1423521  -1.1333455 ]
 [ 1.4494863  -1.5034455 ]
 [ 1.4380221  -1.3817911 ]
 [ 1.7848697  -1.7710679 ]
 [ 2.010988   -1.8420794 ]
 [ 0.21951596 -0.2419905 ]
 [ 1.2235458  -1.3088002 ]
 [ 1.3109272  -1.3357074 ]
 [ 1.5192158  -1.557246  ]
 [ 1.576581   -1.5495293 ]
 [ 1.1266942  -1.0390451 ]
 [ 1.3109272  -1.3357074 ]
 [-0.84547734  0.7468615 ]
 [ 0.0509408  -0.03962861]
 [ 1.2652532  -1.2067833 ]
 [ 1.3109272  -1.3357074 ]
 [ 1.576581   -1.5495293 ]
 [ 1.8724291  -1.6743414 ]
 [ 1.4494863  -1.5034455 ]
 [ 1.3109272  -1.3357074 ]
 [ 0.03528292  0.05467173]
 [-0.09181191  0.10075548]
 [ 1.1423521  -1.1333455 ]
 [ 1.8838933  -1.7959957 ]
 [ 1.576581   -1.5495293 ]
 [ 1.3109272  -1.3357074 ]
 [ 0.21951596 -0.2419905 ]
 [ 0.14114211 -0.16782211]
 [ 1.8838933  -1.7959957 ]]
2025-12-21 17:44:18,693 - [INFO] - ------------------------------------------------------------
2025-12-21 17:44:18,693 - [INFO] - On Validation Set:
	Accuracy of RRL  Model: 0.9053213545266068
	F1 Score of RRL  Model: 0.7115319413340551
2025-12-21 17:44:18,699 - [INFO] - On Validation Set:
Performance of  RRL Model: 
[[1248   38]
 [  99   62]]
              precision    recall  f1-score   support

           0       0.93      0.97      0.95      1286
           1       0.62      0.39      0.48       161

    accuracy                           0.91      1447
   macro avg       0.77      0.68      0.71      1447
weighted avg       0.89      0.91      0.90      1447

2025-12-21 17:44:18,699 - [INFO] - ------------------------------------------------------------
2025-12-21 17:44:19,470 - [INFO] - epoch: 93, loss_rrl: 224.69481573347002
2025-12-21 17:44:20,297 - [DEBUG] - y_true: (1447,) [0 0 0 0 0 1 0 0 0 0 0 0 0 0 0 0 0 1 0 0 0 0 0 0 1 0 0 0 0 0 0 0 0 0 0 0 0
 0 1 1 0]
2025-12-21 17:44:20,593 - [DEBUG] - y_rrl_: (1447,) [0 0 0 0 0 1 0 0 0 0 1 0 0 0 0 0 0 1 0 0 0 0 0 0 1 0 0 0 0 0 0 0 1 1 0 0 0
 0 0 1 0]
2025-12-21 17:44:20,594 - [DEBUG] - y_rrl: (1447, 2) [[ 1.4578866  -1.3274841 ]
 [ 0.24977534 -0.14640427]
 [ 1.9692122  -1.8814569 ]
 [ 1.9692122  -1.8814569 ]
 [ 1.7524215  -1.5749037 ]
 [-0.04736133 -0.02210248]
 [ 1.8705424  -1.6887381 ]
 [ 1.9692122  -1.8814569 ]
 [ 2.089475   -1.9208703 ]
 [ 0.46610618 -0.5016542 ]
 [ 0.03870256  0.05114955]
 [ 1.5418085  -1.328653  ]
 [ 1.4578866  -1.3274841 ]
 [ 1.7502793  -1.6493247 ]
 [ 1.7524215  -1.5749037 ]
 [ 2.089475   -1.9208703 ]
 [ 2.089475   -1.9208703 ]
 [-0.08156042  0.09056307]
 [ 1.5565563  -1.5202026 ]
 [ 1.6321584  -1.5354903 ]
 [ 1.8510913  -1.7676222 ]
 [ 1.8705424  -1.6887381 ]
 [ 1.4236876  -1.2148186 ]
 [ 1.6321584  -1.5354903 ]
 [-0.79855144  0.7003593 ]
 [ 0.07290165 -0.06151599]
 [ 1.8705424  -1.6887381 ]
 [ 1.6321584  -1.5354903 ]
 [ 1.8705424  -1.6887381 ]
 [ 1.9713541  -1.8070359 ]
 [ 1.4215455  -1.2892395 ]
 [ 1.6321584  -1.5354903 ]
 [ 0.03870256  0.05114955]
 [-0.08156042  0.09056307]
 [ 1.4578866  -1.3274841 ]
 [ 1.9692122  -1.8814569 ]
 [ 1.8705424  -1.6887381 ]
 [ 1.6321584  -1.5354903 ]
 [ 0.24717344 -0.26952213]
 [-0.05233262  0.24110395]
 [ 1.9692122  -1.8814569 ]]
2025-12-21 17:44:20,596 - [INFO] - ------------------------------------------------------------
2025-12-21 17:44:20,596 - [INFO] - On Validation Set:
	Accuracy of RRL  Model: 0.8984105044920525
	F1 Score of RRL  Model: 0.6883224780757988
2025-12-21 17:44:20,602 - [INFO] - On Validation Set:
Performance of  RRL Model: 
[[1244   42]
 [ 105   56]]
              precision    recall  f1-score   support

           0       0.92      0.97      0.94      1286
           1       0.57      0.35      0.43       161

    accuracy                           0.90      1447
   macro avg       0.75      0.66      0.69      1447
weighted avg       0.88      0.90      0.89      1447

2025-12-21 17:44:20,602 - [INFO] - ------------------------------------------------------------
2025-12-21 17:44:22,350 - [DEBUG] - y_true: (1447,) [0 0 0 0 0 1 0 0 0 0 0 0 0 0 0 0 0 1 0 0 0 0 0 0 1 0 0 0 0 0 0 0 0 0 0 0 0
 0 1 1 0]
2025-12-21 17:44:22,659 - [DEBUG] - y_rrl_: (1447,) [0 1 0 0 0 0 0 0 0 0 0 0 0 0 0 0 0 0 0 0 0 0 0 0 1 0 0 0 0 0 0 0 0 0 0 0 0
 0 0 0 0]
2025-12-21 17:44:22,659 - [DEBUG] - y_rrl: (1447, 2) [[ 1.1240053  -1.087963  ]
 [-0.25123665  0.29397702]
 [ 2.067351   -1.8990427 ]
 [ 2.067351   -1.8990427 ]
 [ 1.1240053  -1.087963  ]
 [ 0.36558813 -0.30712718]
 [ 1.4029227  -1.3916035 ]
 [ 2.067351   -1.8990427 ]
 [ 2.067351   -1.8990427 ]
 [ 0.57624054 -0.53092855]
 [ 0.36558813 -0.30712718]
 [ 1.4029227  -1.3916035 ]
 [ 1.1240053  -1.087963  ]
 [ 1.6135752  -1.6154048 ]
 [ 1.3346577  -1.3117644 ]
 [ 1.6135752  -1.6154048 ]
 [ 2.067351   -1.8990427 ]
 [ 0.36558813 -0.30712718]
 [ 1.0462519  -1.0703635 ]
 [ 1.3346577  -1.3117644 ]
 [ 1.3346577  -1.3117644 ]
 [ 1.6135752  -1.6154048 ]
 [ 0.79558635 -0.7282597 ]
 [ 1.3346577  -1.3117644 ]
 [-0.37187085  0.3234962 ]
 [ 0.36558813 -0.30712718]
 [ 1.0745039  -1.0319002 ]
 [ 1.3346577  -1.3117644 ]
 [ 1.6135752  -1.6154048 ]
 [ 1.7884336  -1.5954022 ]
 [ 1.4029227  -1.3916035 ]
 [ 1.1240053  -1.087963  ]
 [ 0.36558813 -0.30712718]
 [ 0.36558813 -0.30712718]
 [ 1.1240053  -1.087963  ]
 [ 2.067351   -1.8990427 ]
 [ 1.4029227  -1.3916035 ]
 [ 1.3346577  -1.3117644 ]
 [ 0.36558813 -0.30712718]
 [ 0.19545251 -0.22154525]
 [ 2.067351   -1.8990427 ]]
2025-12-21 17:44:22,662 - [INFO] - ------------------------------------------------------------
2025-12-21 17:44:22,662 - [INFO] - On Validation Set:
	Accuracy of RRL  Model: 0.8908085694540429
	F1 Score of RRL  Model: 0.6355326421037865
2025-12-21 17:44:22,668 - [INFO] - On Validation Set:
Performance of  RRL Model: 
[[1250   36]
 [ 122   39]]
              precision    recall  f1-score   support

           0       0.91      0.97      0.94      1286
           1       0.52      0.24      0.33       161

    accuracy                           0.89      1447
   macro avg       0.72      0.61      0.64      1447
weighted avg       0.87      0.89      0.87      1447

2025-12-21 17:44:22,668 - [INFO] - ------------------------------------------------------------
2025-12-21 17:44:23,002 - [INFO] - epoch: 94, loss_rrl: 224.38887837715447
2025-12-21 17:44:24,342 - [DEBUG] - y_true: (1447,) [0 0 0 0 0 1 0 0 0 0 0 0 0 0 0 0 0 1 0 0 0 0 0 0 1 0 0 0 0 0 0 0 0 0 0 0 0
 0 1 1 0]
2025-12-21 17:44:24,652 - [DEBUG] - y_rrl_: (1447,) [0 0 0 0 0 0 0 0 0 0 0 0 0 0 0 0 0 0 0 0 0 0 0 0 1 0 0 0 0 0 0 0 0 1 0 0 0
 0 0 0 0]
2025-12-21 17:44:24,653 - [DEBUG] - y_rrl: (1447, 2) [[ 1.4222343  -1.3037694 ]
 [ 0.20084827 -0.10932243]
 [ 2.0193486  -1.9318573 ]
 [ 2.0193486  -1.9318573 ]
 [ 1.9103265  -1.7580655 ]
 [ 0.03325699 -0.10225338]
 [ 1.7043447  -1.538985  ]
 [ 2.0193486  -1.9318573 ]
 [ 2.1550884  -1.9870706 ]
 [ 0.5213492  -0.5565495 ]
 [ 0.45110732 -0.3926821 ]
 [ 1.7043447  -1.538985  ]
 [ 1.4222343  -1.3037694 ]
 [ 1.568605   -1.4837718 ]
 [ 1.7043447  -1.538985  ]
 [ 1.7043447  -1.538985  ]
 [ 2.1550884  -1.9870706 ]
 [ 0.31536752 -0.337469  ]
 [ 1.2864945  -1.2485564 ]
 [ 1.568605   -1.4837718 ]
 [ 1.568605   -1.4837718 ]
 [ 1.7043447  -1.538985  ]
 [ 1.3731867  -1.1766098 ]
 [ 1.568605   -1.4837718 ]
 [-0.7628049   0.665468  ]
 [ 0.16899683 -0.15746647]
 [ 1.7043447  -1.538985  ]
 [ 1.568605   -1.4837718 ]
 [ 1.7043447  -1.538985  ]
 [ 2.1550884  -1.9870706 ]
 [ 1.568605   -1.4837718 ]
 [ 1.7745867  -1.7028522 ]
 [ 0.1199493  -0.03030679]
 [-0.01579054  0.02490631]
 [ 1.4222343  -1.3037694 ]
 [ 2.0193486  -1.9318573 ]
 [ 1.7043447  -1.538985  ]
 [ 1.568605   -1.4837718 ]
 [ 0.31536752 -0.337469  ]
 [ 0.94985664 -0.7621265 ]
 [ 2.0193486  -1.9318573 ]]
2025-12-21 17:44:24,655 - [INFO] - ------------------------------------------------------------
2025-12-21 17:44:24,655 - [INFO] - On Validation Set:
	Accuracy of RRL  Model: 0.8984105044920525
	F1 Score of RRL  Model: 0.5798000430652162
2025-12-21 17:44:24,661 - [INFO] - On Validation Set:
Performance of  RRL Model: 
[[1280    6]
 [ 141   20]]
              precision    recall  f1-score   support

           0       0.90      1.00      0.95      1286
           1       0.77      0.12      0.21       161

    accuracy                           0.90      1447
   macro avg       0.84      0.56      0.58      1447
weighted avg       0.89      0.90      0.86      1447

2025-12-21 17:44:24,661 - [INFO] - ------------------------------------------------------------
2025-12-21 17:44:26,161 - [INFO] - epoch: 95, loss_rrl: 223.73323087673634
2025-12-21 17:44:26,305 - [DEBUG] - y_true: (1447,) [0 0 0 0 0 1 0 0 0 0 0 0 0 0 0 0 0 1 0 0 0 0 0 0 1 0 0 0 0 0 0 0 0 0 0 0 0
 0 1 1 0]
2025-12-21 17:44:26,614 - [DEBUG] - y_rrl_: (1447,) [0 0 0 0 0 0 0 0 0 0 0 0 0 0 0 0 0 0 0 0 0 0 0 0 1 0 0 0 0 0 0 0 1 1 0 0 0
 0 0 0 0]
2025-12-21 17:44:26,615 - [DEBUG] - y_rrl: (1447, 2) [[ 1.588607   -1.3832616 ]
 [ 0.2007165   0.01131566]
 [ 2.1146395  -1.9469055 ]
 [ 2.1146395  -1.9469055 ]
 [ 1.588607   -1.3832616 ]
 [ 0.3740969  -0.3157102 ]
 [ 1.8810285  -1.7002455 ]
 [ 2.1146395  -1.9469055 ]
 [ 2.1146395  -1.9469055 ]
 [ 0.607708   -0.56237024]
 [ 0.3740969  -0.3157102 ]
 [ 1.8810285  -1.7002455 ]
 [ 1.588607   -1.3832616 ]
 [ 1.8810285  -1.7002455 ]
 [ 1.588607   -1.3832616 ]
 [ 1.8810285  -1.7002455 ]
 [ 2.1146395  -1.9469055 ]
 [ 0.3740969  -0.3157102 ]
 [ 1.2893511  -1.1307899 ]
 [ 1.588607   -1.3832616 ]
 [ 1.588607   -1.3832616 ]
 [ 1.8810285  -1.7002455 ]
 [ 1.252976   -1.0164808 ]
 [ 1.588607   -1.3832616 ]
 [-0.7636657   0.7471541 ]
 [ 0.3740969  -0.3157102 ]
 [ 1.5453975  -1.3334647 ]
 [ 1.588607   -1.3832616 ]
 [ 1.8810285  -1.7002455 ]
 [ 1.822218   -1.6299216 ]
 [ 1.8810285  -1.7002455 ]
 [ 1.588607   -1.3832616 ]
 [ 0.03846589  0.05107059]
 [ 0.03846589  0.05107059]
 [ 1.588607   -1.3832616 ]
 [ 2.1146395  -1.9469055 ]
 [ 1.8810285  -1.7002455 ]
 [ 1.588607   -1.3832616 ]
 [ 0.3740969  -0.3157102 ]
 [ 0.22324166 -0.06629018]
 [ 2.1146395  -1.9469055 ]]
2025-12-21 17:44:26,617 - [INFO] - ------------------------------------------------------------
2025-12-21 17:44:26,617 - [INFO] - On Validation Set:
	Accuracy of RRL  Model: 0.9018659295093296
	F1 Score of RRL  Model: 0.6592290138116783
2025-12-21 17:44:26,623 - [INFO] - On Validation Set:
Performance of  RRL Model: 
[[1263   23]
 [ 119   42]]
              precision    recall  f1-score   support

           0       0.91      0.98      0.95      1286
           1       0.65      0.26      0.37       161

    accuracy                           0.90      1447
   macro avg       0.78      0.62      0.66      1447
weighted avg       0.88      0.90      0.88      1447

2025-12-21 17:44:26,623 - [INFO] - ------------------------------------------------------------
2025-12-21 17:44:28,316 - [DEBUG] - y_true: (1447,) [0 0 0 0 0 1 0 0 0 0 0 0 0 0 0 0 0 1 0 0 0 0 0 0 1 0 0 0 0 0 0 0 0 0 0 0 0
 0 1 1 0]
2025-12-21 17:44:28,621 - [DEBUG] - y_rrl_: (1447,) [0 0 0 0 0 1 0 0 0 0 0 0 0 0 0 0 0 0 0 0 0 0 0 0 1 0 0 0 0 0 0 0 1 1 0 0 0
 0 0 0 0]
2025-12-21 17:44:28,622 - [DEBUG] - y_rrl: (1447, 2) [[ 1.4055867  -1.243084  ]
 [ 0.20646742 -0.07081476]
 [ 1.1601845  -1.050662  ]
 [ 1.1601845  -1.050662  ]
 [ 1.4055867  -1.243084  ]
 [-0.05409017 -0.01443663]
 [ 1.8331118  -1.6526573 ]
 [ 1.1601845  -1.050662  ]
 [ 2.040533   -1.8730779 ]
 [ 0.43121517 -0.4660666 ]
 [ 0.34205216 -0.28369892]
 [ 1.8331118  -1.6526573 ]
 [ 1.4055867  -1.243084  ]
 [ 1.7148533  -1.6146044 ]
 [ 1.6834707  -1.4742934 ]
 [ 2.040533   -1.8730779 ]
 [ 2.040533   -1.8730779 ]
 [ 0.22379375 -0.24564601]
 [ 1.4947498  -1.4254516 ]
 [ 0.8031219  -0.6518774 ]
 [ 1.7726336  -1.6566609 ]
 [ 1.8331118  -1.6526573 ]
 [ 1.3647001  -1.12444   ]
 [ 1.5652122  -1.4362404 ]
 [-0.8487773   0.75234115]
 [ 0.06416824 -0.05248955]
 [ 2.040533   -1.8730779 ]
 [ 0.8031219  -0.6518774 ]
 [ 1.8331118  -1.6526573 ]
 [ 1.890892   -1.6947138 ]
 [ 1.7148533  -1.6146044 ]
 [ 1.5652122  -1.4362404 ]
 [ 0.02328157  0.06615438]
 [-0.09497684  0.10420729]
 [ 1.4055867  -1.243084  ]
 [ 1.1601845  -1.050662  ]
 [ 1.8331118  -1.6526573 ]
 [ 0.8031219  -0.6518774 ]
 [ 0.22379375 -0.24564601]
 [ 0.36973852 -0.24165471]
 [ 1.1601845  -1.050662  ]]
2025-12-21 17:44:28,624 - [INFO] - ------------------------------------------------------------
2025-12-21 17:44:28,624 - [INFO] - On Validation Set:
	Accuracy of RRL  Model: 0.9011748445058743
	F1 Score of RRL  Model: 0.6858192695166299
2025-12-21 17:44:28,630 - [INFO] - On Validation Set:
Performance of  RRL Model: 
[[1251   35]
 [ 108   53]]
              precision    recall  f1-score   support

           0       0.92      0.97      0.95      1286
           1       0.60      0.33      0.43       161

    accuracy                           0.90      1447
   macro avg       0.76      0.65      0.69      1447
weighted avg       0.89      0.90      0.89      1447

2025-12-21 17:44:28,630 - [INFO] - ------------------------------------------------------------
2025-12-21 17:44:29,659 - [INFO] - epoch: 96, loss_rrl: 224.96499128174037
2025-12-21 17:44:30,265 - [DEBUG] - y_true: (1447,) [0 0 0 0 0 1 0 0 0 0 0 0 0 0 0 0 0 1 0 0 0 0 0 0 1 0 0 0 0 0 0 0 0 0 0 0 0
 0 1 1 0]
2025-12-21 17:44:30,576 - [DEBUG] - y_rrl_: (1447,) [0 0 0 0 0 0 0 0 0 0 0 0 0 0 0 0 0 0 0 0 0 0 0 0 1 0 0 0 0 0 0 0 0 0 0 0 0
 0 0 0 0]
2025-12-21 17:44:30,577 - [DEBUG] - y_rrl: (1447, 2) [[ 1.4706199  -1.3084304 ]
 [ 0.2726481  -0.13726413]
 [ 2.0672991  -1.9801726 ]
 [ 2.0672991  -1.9801726 ]
 [ 1.4706199  -1.3084304 ]
 [ 0.04027194 -0.10856318]
 [ 1.9316556  -1.7515335 ]
 [ 2.0672991  -1.9801726 ]
 [ 2.1732223  -2.0060499 ]
 [ 0.5703312  -0.60500705]
 [ 0.43468782 -0.37636802]
 [ 1.9316556  -1.7515335 ]
 [ 1.4706199  -1.3084304 ]
 [ 2.0672991  -1.9801726 ]
 [ 2.0006793  -1.8048744 ]
 [ 1.9316556  -1.7515335 ]
 [ 2.1732223  -2.0060499 ]
 [ 0.32876456 -0.35049072]
 [ 1.3646967  -1.2825532 ]
 [ 1.8947558  -1.778997  ]
 [ 1.6531892  -1.5244806 ]
 [ 2.1732223  -2.0060499 ]
 [ 1.4141932  -1.1744227 ]
 [ 1.8947558  -1.778997  ]
 [-0.42475533  0.2977524 ]
 [ 0.1461952  -0.13444048]
 [ 1.9316556  -1.7515335 ]
 [ 1.8947558  -1.778997  ]
 [ 2.1732223  -2.0060499 ]
 [ 2.0006793  -1.8048744 ]
 [ 1.8257325  -1.7256563 ]
 [ 1.6531892  -1.5244806 ]
 [ 0.43468782 -0.37636802]
 [ 0.32876456 -0.35049072]
 [ 1.4706199  -1.3084304 ]
 [ 2.0672991  -1.9801726 ]
 [ 1.9316556  -1.7515335 ]
 [ 1.8947558  -1.778997  ]
 [ 0.32876456 -0.35049072]
 [ 0.775391   -0.56000996]
 [ 2.0672991  -1.9801726 ]]
2025-12-21 17:44:30,579 - [INFO] - ------------------------------------------------------------
2025-12-21 17:44:30,579 - [INFO] - On Validation Set:
	Accuracy of RRL  Model: 0.8963372494816862
	F1 Score of RRL  Model: 0.5775264715042043
2025-12-21 17:44:30,585 - [INFO] - On Validation Set:
Performance of  RRL Model: 
[[1277    9]
 [ 141   20]]
              precision    recall  f1-score   support

           0       0.90      0.99      0.94      1286
           1       0.69      0.12      0.21       161

    accuracy                           0.90      1447
   macro avg       0.80      0.56      0.58      1447
weighted avg       0.88      0.90      0.86      1447

2025-12-21 17:44:30,585 - [INFO] - ------------------------------------------------------------
2025-12-21 17:44:32,250 - [DEBUG] - y_true: (1447,) [0 0 0 0 0 1 0 0 0 0 0 0 0 0 0 0 0 1 0 0 0 0 0 0 1 0 0 0 0 0 0 0 0 0 0 0 0
 0 1 1 0]
2025-12-21 17:44:32,553 - [DEBUG] - y_rrl_: (1447,) [0 0 0 0 0 0 0 0 0 0 0 0 0 0 0 0 0 0 0 0 0 0 0 0 1 0 0 0 0 0 0 0 0 0 0 0 0
 0 0 0 0]
2025-12-21 17:44:32,553 - [DEBUG] - y_rrl: (1447, 2) [[ 1.7091336  -1.5007948 ]
 [ 0.3316707  -0.1166621 ]
 [ 1.3202373  -1.1311624 ]
 [ 1.3202373  -1.1311624 ]
 [ 1.4220647  -1.2601824 ]
 [ 0.36002046 -0.30173653]
 [ 1.863517   -1.683719  ]
 [ 2.079076   -1.9121788 ]
 [ 2.079076   -1.9121788 ]
 [ 0.5755796  -0.5301962 ]
 [ 0.36002046 -0.30173653]
 [ 1.863517   -1.683719  ]
 [ 1.7091336  -1.5007948 ]
 [ 1.863517   -1.683719  ]
 [ 1.7091336  -1.5007948 ]
 [ 2.079076   -1.9121788 ]
 [ 2.079076   -1.9121788 ]
 [ 0.36002046 -0.30173653]
 [ 1.6376238  -1.488642  ]
 [ 1.7091336  -1.5007948 ]
 [ 1.9246927  -1.7292545 ]
 [ 1.863517   -1.683719  ]
 [ 1.3775786  -1.1382909 ]
 [ 1.7091336  -1.5007948 ]
 [-0.40289015  0.35626566]
 [ 0.36002046 -0.30173653]
 [ 1.531962   -1.3212152 ]
 [ 1.7091336  -1.5007948 ]
 [ 1.863517   -1.683719  ]
 [ 1.9246927  -1.7292545 ]
 [ 1.863517   -1.683719  ]
 [ 1.7091336  -1.5007948 ]
 [ 0.36002046 -0.30173653]
 [ 0.36002046 -0.30173653]
 [ 1.7091336  -1.5007948 ]
 [ 2.079076   -1.9121788 ]
 [ 1.863517   -1.683719  ]
 [ 1.7091336  -1.5007948 ]
 [ 0.36002046 -0.30173653]
 [ 0.39981455 -0.2718374 ]
 [ 2.079076   -1.9121788 ]]
2025-12-21 17:44:32,556 - [INFO] - ------------------------------------------------------------
2025-12-21 17:44:32,556 - [INFO] - On Validation Set:
	Accuracy of RRL  Model: 0.8977194194885971
	F1 Score of RRL  Model: 0.587196212681964
2025-12-21 17:44:32,562 - [INFO] - On Validation Set:
Performance of  RRL Model: 
[[1277    9]
 [ 139   22]]
              precision    recall  f1-score   support

           0       0.90      0.99      0.95      1286
           1       0.71      0.14      0.23       161

    accuracy                           0.90      1447
   macro avg       0.81      0.56      0.59      1447
weighted avg       0.88      0.90      0.87      1447

2025-12-21 17:44:32,562 - [INFO] - ------------------------------------------------------------
2025-12-21 17:44:33,166 - [INFO] - epoch: 97, loss_rrl: 223.93866677396
2025-12-21 17:44:34,251 - [DEBUG] - y_true: (1447,) [0 0 0 0 0 1 0 0 0 0 0 0 0 0 0 0 0 1 0 0 0 0 0 0 1 0 0 0 0 0 0 0 0 0 0 0 0
 0 1 1 0]
2025-12-21 17:44:34,554 - [DEBUG] - y_rrl_: (1447,) [0 1 0 0 0 1 0 0 0 0 0 0 0 0 0 0 0 0 0 0 0 0 0 0 1 0 0 0 0 0 0 0 0 0 0 0 0
 0 0 1 0]
2025-12-21 17:44:34,555 - [DEBUG] - y_rrl: (1447, 2) [[ 1.1557652e+00 -1.1462861e+00]
 [-5.8233455e-02  4.0997647e-02]
 [ 1.9510173e+00 -1.8641185e+00]
 [ 1.9510173e+00 -1.8641185e+00]
 [ 1.1557652e+00 -1.1462861e+00]
 [-6.6846147e-02 -9.7576529e-04]
 [ 1.8318633e+00 -1.8173333e+00]
 [ 1.9510173e+00 -1.8641185e+00]
 [ 2.0568483e+00 -1.8902215e+00]
 [ 4.2198187e-01 -4.5630696e-01]
 [ 3.2094204e-01 -2.6268670e-01]
 [ 1.2883360e+00 -1.2300718e+00]
 [ 1.1557652e+00 -1.1462861e+00]
 [ 1.7260319e+00 -1.7912301e+00]
 [ 1.6445931e+00 -1.6016172e+00]
 [ 1.6249923e+00 -1.5976099e+00]
 [ 2.0568483e+00 -1.8902215e+00]
 [ 2.1511073e-01 -2.3658362e-01]
 [ 1.0499338e+00 -1.1201831e+00]
 [ 1.5387620e+00 -1.5755142e+00]
 [ 1.5387620e+00 -1.5755142e+00]
 [ 1.8318633e+00 -1.8173333e+00]
 [ 1.3079370e+00 -1.2340791e+00]
 [ 1.5387620e+00 -1.5755142e+00]
 [-5.1123434e-01  3.8522097e-01]
 [ 3.8985148e-02 -2.7078845e-02]
 [ 1.4952072e+00 -1.4497951e+00]
 [ 1.5387620e+00 -1.5755142e+00]
 [ 1.6249923e+00 -1.5976099e+00]
 [ 1.8695782e+00 -1.6745056e+00]
 [ 1.1825047e+00 -1.2039686e+00]
 [ 1.5387620e+00 -1.5755142e+00]
 [ 3.2094204e-01 -2.6268670e-01]
 [ 2.1511073e-01 -2.3658362e-01]
 [ 1.1557652e+00 -1.1462861e+00]
 [ 1.9510173e+00 -1.8641185e+00]
 [ 1.6249923e+00 -1.5976099e+00]
 [ 1.5387620e+00 -1.5755142e+00]
 [ 2.1511073e-01 -2.3658362e-01]
 [-3.5499978e-01  3.9015523e-01]
 [ 1.9510173e+00 -1.8641185e+00]]
2025-12-21 17:44:34,557 - [INFO] - ------------------------------------------------------------
2025-12-21 17:44:34,557 - [INFO] - On Validation Set:
	Accuracy of RRL  Model: 0.9032480995162405
	F1 Score of RRL  Model: 0.6935249621785174
2025-12-21 17:44:34,563 - [INFO] - On Validation Set:
Performance of  RRL Model: 
[[1252   34]
 [ 106   55]]
              precision    recall  f1-score   support

           0       0.92      0.97      0.95      1286
           1       0.62      0.34      0.44       161

    accuracy                           0.90      1447
   macro avg       0.77      0.66      0.69      1447
weighted avg       0.89      0.90      0.89      1447

2025-12-21 17:44:34,563 - [INFO] - ------------------------------------------------------------
2025-12-21 17:44:36,233 - [DEBUG] - y_true: (1447,) [0 0 0 0 0 1 0 0 0 0 0 0 0 0 0 0 0 1 0 0 0 0 0 0 1 0 0 0 0 0 0 0 0 0 0 0 0
 0 1 1 0]
2025-12-21 17:44:36,538 - [DEBUG] - y_rrl_: (1447,) [0 1 0 0 0 0 0 0 0 0 0 0 0 0 0 0 0 0 0 0 0 0 0 0 1 0 0 0 0 0 0 0 1 1 0 0 0
 0 0 0 0]
2025-12-21 17:44:36,539 - [DEBUG] - y_rrl: (1447, 2) [[ 1.2440766  -1.2037388 ]
 [-0.1437067   0.19070363]
 [ 1.3358854  -1.1474516 ]
 [ 1.3358854  -1.1474516 ]
 [ 1.2440766  -1.2037388 ]
 [ 0.34359986 -0.28537607]
 [ 1.438418   -1.4264327 ]
 [ 2.0961099  -1.9297614 ]
 [ 2.0961099  -1.9297614 ]
 [ 0.5706019  -0.52518255]
 [ 0.34359986 -0.28537607]
 [ 1.438418   -1.4264327 ]
 [ 1.2440766  -1.2037388 ]
 [ 1.438418   -1.4264327 ]
 [ 1.2440766  -1.2037388 ]
 [ 1.66542    -1.6662393 ]
 [ 2.0961099  -1.9297614 ]
 [ 0.34359986 -0.28537607]
 [ 1.1765436  -1.1952518 ]
 [ 1.2440766  -1.2037388 ]
 [ 1.4710786  -1.4435452 ]
 [ 1.438418   -1.4264327 ]
 [ 0.91105294 -0.83989954]
 [ 1.2440766  -1.2037388 ]
 [-0.4201144   0.37415484]
 [ 0.34359986 -0.28537607]
 [ 1.1053944  -1.0625935 ]
 [ 1.2440766  -1.2037388 ]
 [ 1.438418   -1.4264327 ]
 [ 1.9017683  -1.7070675 ]
 [ 1.438418   -1.4264327 ]
 [ 1.2440766  -1.2037388 ]
 [ 0.01057614  0.07846317]
 [ 0.01057614  0.07846317]
 [ 1.2440766  -1.2037388 ]
 [ 2.0961099  -1.9297614 ]
 [ 1.438418   -1.4264327 ]
 [ 1.2440766  -1.2037388 ]
 [ 0.34359986 -0.28537607]
 [ 0.01467289 -0.01019161]
 [ 2.0961099  -1.9297614 ]]
2025-12-21 17:44:36,541 - [INFO] - ------------------------------------------------------------
2025-12-21 17:44:36,541 - [INFO] - On Validation Set:
	Accuracy of RRL  Model: 0.8970283344851416
	F1 Score of RRL  Model: 0.6796127469555462
2025-12-21 17:44:36,547 - [INFO] - On Validation Set:
Performance of  RRL Model: 
[[1245   41]
 [ 108   53]]
              precision    recall  f1-score   support

           0       0.92      0.97      0.94      1286
           1       0.56      0.33      0.42       161

    accuracy                           0.90      1447
   macro avg       0.74      0.65      0.68      1447
weighted avg       0.88      0.90      0.88      1447

2025-12-21 17:44:36,547 - [INFO] - ------------------------------------------------------------
2025-12-21 17:44:36,677 - [INFO] - epoch: 98, loss_rrl: 225.86663833353668
2025-12-21 17:44:38,230 - [DEBUG] - y_true: (1447,) [0 0 0 0 0 1 0 0 0 0 0 0 0 0 0 0 0 1 0 0 0 0 0 0 1 0 0 0 0 0 0 0 0 0 0 0 0
 0 1 1 0]
2025-12-21 17:44:38,540 - [DEBUG] - y_rrl_: (1447,) [0 0 0 0 0 0 0 0 0 0 0 0 0 0 0 0 0 0 0 0 0 0 0 0 1 0 0 0 0 0 0 0 0 1 0 0 0
 0 0 0 0]
2025-12-21 17:44:38,541 - [DEBUG] - y_rrl: (1447, 2) [[ 1.881999   -1.7031777 ]
 [ 0.42078966 -0.3147341 ]
 [ 1.9842268  -1.8975799 ]
 [ 1.9842268  -1.8975799 ]
 [ 1.6078656  -1.475178  ]
 [ 0.28224677 -0.30346757]
 [ 1.881999   -1.7031777 ]
 [ 1.9842268  -1.8975799 ]
 [ 2.0814698  -1.9154046 ]
 [ 0.48171753 -0.51569426]
 [ 0.3794896  -0.3212922 ]
 [ 1.881999   -1.7031777 ]
 [ 1.881999   -1.7031777 ]
 [ 1.7847561  -1.685353  ]
 [ 1.881999   -1.7031777 ]
 [ 1.881999   -1.7031777 ]
 [ 2.0814698  -1.9154046 ]
 [ 0.28224677 -0.30346757]
 [ 1.5106226  -1.4573534 ]
 [ 1.7847561  -1.685353  ]
 [ 1.7847561  -1.685353  ]
 [ 1.881999   -1.7031777 ]
 [ 1.5525013  -1.3429317 ]
 [ 1.7847561  -1.685353  ]
 [-0.8270176   0.73274994]
 [ 0.3794896  -0.3212922 ]
 [ 1.881999   -1.7031777 ]
 [ 1.7847561  -1.685353  ]
 [ 1.881999   -1.7031777 ]
 [ 2.0814698  -1.9154046 ]
 [ 1.7847561  -1.685353  ]
 [ 1.7847561  -1.685353  ]
 [ 0.04999192  0.03895387]
 [-0.04725094  0.05677849]
 [ 1.881999   -1.7031777 ]
 [ 1.9842268  -1.8975799 ]
 [ 1.881999   -1.7031777 ]
 [ 1.7847561  -1.685353  ]
 [ 0.28224677 -0.30346757]
 [ 0.3980384  -0.27023363]
 [ 1.9842268  -1.8975799 ]]
2025-12-21 17:44:38,543 - [INFO] - ------------------------------------------------------------
2025-12-21 17:44:38,543 - [INFO] - On Validation Set:
	Accuracy of RRL  Model: 0.9032480995162405
	F1 Score of RRL  Model: 0.6308404402653255
2025-12-21 17:44:38,549 - [INFO] - On Validation Set:
Performance of  RRL Model: 
[[1275   11]
 [ 129   32]]
              precision    recall  f1-score   support

           0       0.91      0.99      0.95      1286
           1       0.74      0.20      0.31       161

    accuracy                           0.90      1447
   macro avg       0.83      0.60      0.63      1447
weighted avg       0.89      0.90      0.88      1447

2025-12-21 17:44:38,549 - [INFO] - ------------------------------------------------------------
2025-12-21 17:44:39,949 - [INFO] - epoch: 99, loss_rrl: 224.42574328836054
