2025-12-21 21:18:54,252 - [DEBUG] - y_true: (1447,) [0 0 0 0 0 1 0 0 0 0 0 0 0 0 0 0 0 1 0 0 0 0 0 0 1 0 0 0 0 0 0 0 0 0 0 0 0
 0 1 1 0]
2025-12-21 21:18:54,415 - [DEBUG] - y_rrl_: (1447,) [0 0 0 0 0 0 0 0 0 0 0 0 0 0 0 0 0 0 0 0 0 0 0 0 0 0 0 0 0 0 0 0 0 0 0 0 0
 0 0 0 0]
2025-12-21 21:18:54,415 - [DEBUG] - y_rrl: (1447, 2) [[ 3.7766554 -4.9290085]
 [ 3.7766554 -4.9290085]
 [ 3.7766554 -4.9290085]
 [ 3.7766554 -4.9290085]
 [ 3.7766554 -4.9290085]
 [ 3.7766554 -4.9290085]
 [ 3.7766554 -4.9290085]
 [ 3.7766554 -4.9290085]
 [ 3.7766554 -4.9290085]
 [ 3.7766554 -4.9290085]
 [ 3.7766554 -4.9290085]
 [ 3.7766554 -4.9290085]
 [ 3.7766554 -4.9290085]
 [ 3.7766554 -4.9290085]
 [ 3.7766554 -4.9290085]
 [ 3.7766554 -4.9290085]
 [ 3.7766554 -4.9290085]
 [ 3.7766554 -4.9290085]
 [ 3.7766554 -4.9290085]
 [ 3.7766554 -4.9290085]
 [ 3.7766554 -4.9290085]
 [ 3.7766554 -4.9290085]
 [ 3.7766554 -4.9290085]
 [ 3.7766554 -4.9290085]
 [ 3.7766554 -4.9290085]
 [ 3.7766554 -4.9290085]
 [ 3.7766554 -4.9290085]
 [ 3.7766554 -4.9290085]
 [ 3.7766554 -4.9290085]
 [ 3.7766554 -4.9290085]
 [ 3.7766554 -4.9290085]
 [ 3.7766554 -4.9290085]
 [ 3.7766554 -4.9290085]
 [ 3.7766554 -4.9290085]
 [ 3.7766554 -4.9290085]
 [ 3.7766554 -4.9290085]
 [ 3.7766554 -4.9290085]
 [ 3.7766554 -4.9290085]
 [ 3.7766554 -4.9290085]
 [ 3.7766554 -4.9290085]
 [ 3.7766554 -4.9290085]]
2025-12-21 21:18:54,418 - [INFO] - ------------------------------------------------------------
2025-12-21 21:18:54,418 - [INFO] - On Validation Set:
	Accuracy of RRL  Model: 0.8887353144436766
	F1 Score of RRL  Model: 0.47054518843761434
2025-12-21 21:18:54,424 - [INFO] - On Validation Set:
Performance of  RRL Model: 
[[1286    0]
 [ 161    0]]
              precision    recall  f1-score   support

           0       0.89      1.00      0.94      1286
           1       0.00      0.00      0.00       161

    accuracy                           0.89      1447
   macro avg       0.44      0.50      0.47      1447
weighted avg       0.79      0.89      0.84      1447

2025-12-21 21:18:54,424 - [INFO] - ------------------------------------------------------------
2025-12-21 21:18:55,912 - [INFO] - epoch: 0, loss_rrl: 544.1623492538929
2025-12-21 21:18:56,167 - [DEBUG] - y_true: (1447,) [0 0 0 0 0 1 0 0 0 0 0 0 0 0 0 0 0 1 0 0 0 0 0 0 1 0 0 0 0 0 0 0 0 0 0 0 0
 0 1 1 0]
2025-12-21 21:18:56,326 - [DEBUG] - y_rrl_: (1447,) [0 0 0 0 0 1 0 0 0 0 0 0 0 0 0 0 0 0 0 0 0 0 0 0 1 0 0 0 0 0 0 0 0 0 0 0 0
 0 1 0 0]
2025-12-21 21:18:56,327 - [DEBUG] - y_rrl: (1447, 2) [[ 1.3386834  -2.480353  ]
 [ 0.8734437  -2.023533  ]
 [ 1.4579456  -2.6087768 ]
 [ 1.4579456  -2.6087768 ]
 [ 1.3386834  -2.480353  ]
 [-0.59487414 -0.53860086]
 [ 1.3386834  -2.480353  ]
 [ 1.4579456  -2.6087768 ]
 [ 1.4579456  -2.6087768 ]
 [ 0.88150626 -2.0305448 ]
 [ 0.29700443 -1.4453012 ]
 [ 0.8734437  -2.023533  ]
 [ 1.3386834  -2.480353  ]
 [ 1.3386834  -2.480353  ]
 [ 1.3386834  -2.480353  ]
 [ 1.3386834  -2.480353  ]
 [ 1.4579456  -2.6087768 ]
 [ 0.29700443 -1.4453012 ]
 [ 0.8734437  -2.023533  ]
 [ 0.8734437  -2.023533  ]
 [ 1.3386834  -2.480353  ]
 [ 1.3386834  -2.480353  ]
 [ 1.3386834  -2.480353  ]
 [ 1.3386834  -2.480353  ]
 [-0.59487414 -0.53860086]
 [ 0.29700443 -1.4453012 ]
 [ 0.8734437  -2.023533  ]
 [ 1.3386834  -2.480353  ]
 [ 0.8734437  -2.023533  ]
 [ 1.4579456  -2.6087768 ]
 [ 1.3386834  -2.480353  ]
 [ 0.8734437  -2.023533  ]
 [ 0.29700443 -1.4453012 ]
 [ 0.29700443 -1.4453012 ]
 [ 1.3386834  -2.480353  ]
 [ 1.4579456  -2.6087768 ]
 [ 1.3386834  -2.480353  ]
 [ 1.3386834  -2.480353  ]
 [-0.59487414 -0.53860086]
 [ 0.774099   -1.9056729 ]
 [ 1.4579456  -2.6087768 ]]
2025-12-21 21:18:56,329 - [INFO] - ------------------------------------------------------------
2025-12-21 21:18:56,329 - [INFO] - On Validation Set:
	Accuracy of RRL  Model: 0.8970283344851416
	F1 Score of RRL  Model: 0.6702354969111775
2025-12-21 21:18:56,335 - [INFO] - On Validation Set:
Performance of  RRL Model: 
[[1249   37]
 [ 112   49]]
              precision    recall  f1-score   support

           0       0.92      0.97      0.94      1286
           1       0.57      0.30      0.40       161

    accuracy                           0.90      1447
   macro avg       0.74      0.64      0.67      1447
weighted avg       0.88      0.90      0.88      1447

2025-12-21 21:18:56,335 - [INFO] - ------------------------------------------------------------
2025-12-21 21:18:57,555 - [INFO] - epoch: 1, loss_rrl: 152.71064395084977
2025-12-21 21:18:58,055 - [DEBUG] - y_true: (1447,) [0 0 0 0 0 1 0 0 0 0 0 0 0 0 0 0 0 1 0 0 0 0 0 0 1 0 0 0 0 0 0 0 0 0 0 0 0
 0 1 1 0]
2025-12-21 21:18:58,214 - [DEBUG] - y_rrl_: (1447,) [0 0 0 0 0 1 0 0 0 0 0 0 0 0 0 0 0 0 0 0 0 0 0 0 1 1 0 0 0 0 0 0 0 0 0 0 0
 0 1 1 0]
2025-12-21 21:18:58,215 - [DEBUG] - y_rrl: (1447, 2) [[ 1.4243275  -2.5628364 ]
 [-0.45906317 -0.68549824]
 [ 1.3356332  -2.4742806 ]
 [ 1.3356332  -2.4742806 ]
 [ 1.4243275  -2.5628364 ]
 [-1.8982687   0.7685524 ]
 [ 1.4243275  -2.5628364 ]
 [ 1.3356332  -2.4742806 ]
 [ 1.4243275  -2.5628364 ]
 [ 0.35092765 -1.4875656 ]
 [-0.2604133  -0.8794408 ]
 [ 0.72429234 -1.8661557 ]
 [ 0.7865706  -1.9317793 ]
 [ 1.2046846  -2.3461592 ]
 [ 0.9419211  -2.0872877 ]
 [ 1.2046846  -2.3461592 ]
 [ 1.3356332  -2.4742806 ]
 [-0.2604133  -0.8794408 ]
 [ 0.15573798 -1.3026413 ]
 [ 0.78506887 -1.9297    ]
 [ 1.4243275  -2.5628364 ]
 [ 1.2046846  -2.3461592 ]
 [ 1.4243275  -2.5628364 ]
 [ 0.9419211  -2.0872877 ]
 [-1.8982687   0.7685524 ]
 [-0.8289676  -0.3159267 ]
 [ 0.72429234 -1.8661557 ]
 [ 0.9419211  -2.0872877 ]
 [ 0.72429234 -1.8661557 ]
 [ 1.3356332  -2.4742806 ]
 [ 1.4243275  -2.5628364 ]
 [ 0.78506887 -1.9297    ]
 [-0.2604133  -0.8794408 ]
 [-0.2604133  -0.8794408 ]
 [ 1.4243275  -2.5628364 ]
 [ 1.3356332  -2.4742806 ]
 [ 1.4243275  -2.5628364 ]
 [ 0.9419211  -2.0872877 ]
 [-1.1710105   0.04681999]
 [-0.6169203  -0.5127348 ]
 [ 1.3356332  -2.4742806 ]]
2025-12-21 21:18:58,217 - [INFO] - ------------------------------------------------------------
2025-12-21 21:18:58,217 - [INFO] - On Validation Set:
	Accuracy of RRL  Model: 0.89426399447132
	F1 Score of RRL  Model: 0.7567305632015295
2025-12-21 21:18:58,223 - [INFO] - On Validation Set:
Performance of  RRL Model: 
[[1191   95]
 [  58  103]]
              precision    recall  f1-score   support

           0       0.95      0.93      0.94      1286
           1       0.52      0.64      0.57       161

    accuracy                           0.89      1447
   macro avg       0.74      0.78      0.76      1447
weighted avg       0.91      0.89      0.90      1447

2025-12-21 21:18:58,223 - [INFO] - ------------------------------------------------------------
2025-12-21 21:18:59,253 - [INFO] - epoch: 2, loss_rrl: 132.28686773777008
2025-12-21 21:19:00,022 - [DEBUG] - y_true: (1447,) [0 0 0 0 0 1 0 0 0 0 0 0 0 0 0 0 0 1 0 0 0 0 0 0 1 0 0 0 0 0 0 0 0 0 0 0 0
 0 1 1 0]
2025-12-21 21:19:00,181 - [DEBUG] - y_rrl_: (1447,) [0 0 0 0 0 0 0 0 0 0 0 0 0 0 0 0 0 0 0 0 0 0 0 0 0 0 0 0 0 0 0 0 0 0 0 0 0
 0 0 0 0]
2025-12-21 21:19:00,181 - [DEBUG] - y_rrl: (1447, 2) [[ 3.4771907  -4.6123962 ]
 [ 0.42500922 -1.5645282 ]
 [ 3.307398   -4.4454207 ]
 [ 3.307398   -4.4454207 ]
 [ 3.4771907  -4.6123962 ]
 [-0.2636809  -0.86947805]
 [ 3.4771907  -4.6123962 ]
 [ 3.307398   -4.4454207 ]
 [ 3.4771907  -4.6123962 ]
 [ 2.1957219  -3.327474  ]
 [ 1.3731807  -2.5066211 ]
 [ 2.484857   -3.624568  ]
 [ 2.8655722  -4.007067  ]
 [ 3.307398   -4.4454207 ]
 [ 3.094696   -4.236348  ]
 [ 3.307398   -4.4454207 ]
 [ 3.307398   -4.4454207 ]
 [ 1.3731807  -2.5066211 ]
 [ 2.043031   -3.1862144 ]
 [ 2.4995852  -3.6422892 ]
 [ 3.4771907  -4.6123962 ]
 [ 3.307398   -4.4454207 ]
 [ 3.4771907  -4.6123962 ]
 [ 3.094696   -4.236348  ]
 [-0.2636809  -0.86947805]
 [ 0.93135464 -2.0682676 ]
 [ 2.1810184  -3.320436  ]
 [ 3.094696   -4.236348  ]
 [ 2.484857   -3.624568  ]
 [ 3.094696   -4.236348  ]
 [ 3.4771907  -4.6123962 ]
 [ 2.4995852  -3.6422892 ]
 [ 1.3731807  -2.5066211 ]
 [ 1.3731807  -2.5066211 ]
 [ 3.4771907  -4.6123962 ]
 [ 3.307398   -4.4454207 ]
 [ 3.4771907  -4.6123962 ]
 [ 3.094696   -4.236348  ]
 [ 0.17814523 -1.3078313 ]
 [ 1.0006862  -2.1286843 ]
 [ 3.307398   -4.4454207 ]]
2025-12-21 21:19:00,183 - [INFO] - ------------------------------------------------------------
2025-12-21 21:19:00,183 - [INFO] - On Validation Set:
	Accuracy of RRL  Model: 0.8887353144436766
	F1 Score of RRL  Model: 0.47054518843761434
2025-12-21 21:19:00,189 - [INFO] - On Validation Set:
Performance of  RRL Model: 
[[1286    0]
 [ 161    0]]
              precision    recall  f1-score   support

           0       0.89      1.00      0.94      1286
           1       0.00      0.00      0.00       161

    accuracy                           0.89      1447
   macro avg       0.44      0.50      0.47      1447
weighted avg       0.79      0.89      0.84      1447

2025-12-21 21:19:00,189 - [INFO] - ------------------------------------------------------------
2025-12-21 21:19:00,978 - [INFO] - epoch: 3, loss_rrl: 124.44836242496967
2025-12-21 21:19:02,007 - [DEBUG] - y_true: (1447,) [0 0 0 0 0 1 0 0 0 0 0 0 0 0 0 0 0 1 0 0 0 0 0 0 1 0 0 0 0 0 0 0 0 0 0 0 0
 0 1 1 0]
2025-12-21 21:19:02,168 - [DEBUG] - y_rrl_: (1447,) [0 0 0 0 0 1 0 0 0 0 0 0 0 0 0 0 0 0 0 0 0 0 0 0 1 0 0 0 0 0 0 0 0 0 0 0 0
 0 0 0 0]
2025-12-21 21:19:02,169 - [DEBUG] - y_rrl: (1447, 2) [[ 3.1444013  -4.2781506 ]
 [-0.21729207 -0.9136995 ]
 [ 2.8527074  -3.9855363 ]
 [ 2.8527074  -3.9855363 ]
 [ 3.1444013  -4.2781506 ]
 [-1.0801284  -0.05027301]
 [ 3.1444013  -4.2781506 ]
 [ 3.1444013  -4.2781506 ]
 [ 3.1444013  -4.2781506 ]
 [ 2.0093646  -3.1407952 ]
 [ 0.9701128  -2.103224  ]
 [ 2.1051495  -3.2405794 ]
 [ 2.5667582  -3.703964  ]
 [ 3.1444013  -4.2781506 ]
 [ 2.5667582  -3.703964  ]
 [ 3.1444013  -4.2781506 ]
 [ 3.1444013  -4.2781506 ]
 [ 0.9701128  -2.103224  ]
 [ 1.5275067  -2.6663926 ]
 [ 1.8144908  -2.9527433 ]
 [ 3.1444013  -4.2781506 ]
 [ 3.1444013  -4.2781506 ]
 [ 3.1444013  -4.2781506 ]
 [ 2.876684   -4.0140452 ]
 [-1.0801284  -0.05027301]
 [ 0.39246985 -1.5290371 ]
 [ 1.7019876  -2.8371255 ]
 [ 2.5667582  -3.703964  ]
 [ 2.1051495  -3.2405794 ]
 [ 2.876684   -4.0140452 ]
 [ 3.1444013  -4.2781506 ]
 [ 1.8144908  -2.9527433 ]
 [ 0.9701128  -2.103224  ]
 [ 0.9701128  -2.103224  ]
 [ 3.1444013  -4.2781506 ]
 [ 3.1444013  -4.2781506 ]
 [ 3.1444013  -4.2781506 ]
 [ 2.5667582  -3.703964  ]
 [ 0.04305356 -1.1688852 ]
 [ 0.5367657  -1.6620318 ]
 [ 3.1444013  -4.2781506 ]]
2025-12-21 21:19:02,171 - [INFO] - ------------------------------------------------------------
2025-12-21 21:19:02,171 - [INFO] - On Validation Set:
	Accuracy of RRL  Model: 0.9018659295093296
	F1 Score of RRL  Model: 0.6619648333135916
2025-12-21 21:19:02,177 - [INFO] - On Validation Set:
Performance of  RRL Model: 
[[1262   24]
 [ 118   43]]
              precision    recall  f1-score   support

           0       0.91      0.98      0.95      1286
           1       0.64      0.27      0.38       161

    accuracy                           0.90      1447
   macro avg       0.78      0.62      0.66      1447
weighted avg       0.88      0.90      0.88      1447

2025-12-21 21:19:02,177 - [INFO] - ------------------------------------------------------------
2025-12-21 21:19:02,701 - [INFO] - epoch: 4, loss_rrl: 122.74074831977487
2025-12-21 21:19:03,947 - [DEBUG] - y_true: (1447,) [0 0 0 0 0 1 0 0 0 0 0 0 0 0 0 0 0 1 0 0 0 0 0 0 1 0 0 0 0 0 0 0 0 0 0 0 0
 0 1 1 0]
2025-12-21 21:19:04,107 - [DEBUG] - y_rrl_: (1447,) [0 0 0 0 0 0 0 0 0 0 0 0 0 0 0 0 0 0 0 0 0 0 0 0 1 0 0 0 0 0 0 0 0 0 0 0 0
 0 0 0 0]
2025-12-21 21:19:04,108 - [DEBUG] - y_rrl: (1447, 2) [[ 4.0443544  -5.1732135 ]
 [-0.1114241  -1.014696  ]
 [ 3.171908   -4.299562  ]
 [ 3.171908   -4.299562  ]
 [ 4.0443544  -5.1732135 ]
 [-0.35134792 -0.7701179 ]
 [ 4.0443544  -5.1732135 ]
 [ 4.0443544  -5.1732135 ]
 [ 4.0443544  -5.1732135 ]
 [ 2.597924   -3.7244813 ]
 [ 1.3414261  -2.4696555 ]
 [ 2.7878563  -3.9183877 ]
 [ 3.4428136  -4.5765514 ]
 [ 3.7674406  -4.8975873 ]
 [ 3.4428136  -4.5765514 ]
 [ 3.7674406  -4.8975873 ]
 [ 4.0443544  -5.1732135 ]
 [ 1.3414261  -2.4696555 ]
 [ 2.0748634  -3.2088306 ]
 [ 2.8102076  -3.9436996 ]
 [ 4.0443544  -5.1732135 ]
 [ 3.7674406  -4.8975873 ]
 [ 4.0443544  -5.1732135 ]
 [ 3.4428136  -4.5765514 ]
 [-1.0644889  -0.06104613]
 [ 1.0167994  -2.1486194 ]
 [ 2.7878563  -3.9183877 ]
 [ 3.4428136  -4.5765514 ]
 [ 2.7878563  -3.9183877 ]
 [ 4.0443544  -5.1732135 ]
 [ 4.0443544  -5.1732135 ]
 [ 2.8102076  -3.9436996 ]
 [ 1.3414261  -2.4696555 ]
 [ 1.3414261  -2.4696555 ]
 [ 4.0443544  -5.1732135 ]
 [ 4.0443544  -5.1732135 ]
 [ 4.0443544  -5.1732135 ]
 [ 3.4428136  -4.5765514 ]
 [-0.02672142 -1.0911537 ]
 [ 0.90102875 -2.0266387 ]
 [ 4.0443544  -5.1732135 ]]
2025-12-21 21:19:04,110 - [INFO] - ------------------------------------------------------------
2025-12-21 21:19:04,110 - [INFO] - On Validation Set:
	Accuracy of RRL  Model: 0.9046302695231514
	F1 Score of RRL  Model: 0.6393789008321775
2025-12-21 21:19:04,116 - [INFO] - On Validation Set:
Performance of  RRL Model: 
[[1275   11]
 [ 127   34]]
              precision    recall  f1-score   support

           0       0.91      0.99      0.95      1286
           1       0.76      0.21      0.33       161

    accuracy                           0.90      1447
   macro avg       0.83      0.60      0.64      1447
weighted avg       0.89      0.90      0.88      1447

2025-12-21 21:19:04,116 - [INFO] - ------------------------------------------------------------
2025-12-21 21:19:04,399 - [INFO] - epoch: 5, loss_rrl: 121.95823803544044
2025-12-21 21:19:05,920 - [DEBUG] - y_true: (1447,) [0 0 0 0 0 1 0 0 0 0 0 0 0 0 0 0 0 1 0 0 0 0 0 0 1 0 0 0 0 0 0 0 0 0 0 0 0
 0 1 1 0]
2025-12-21 21:19:06,083 - [DEBUG] - y_rrl_: (1447,) [0 1 0 0 0 1 0 0 0 0 0 0 0 0 0 0 0 0 0 0 0 0 0 0 1 0 0 0 0 0 0 0 0 0 0 0 0
 0 1 0 0]
2025-12-21 21:19:06,083 - [DEBUG] - y_rrl: (1447, 2) [[ 3.211677   -4.335031  ]
 [-0.83004755 -0.29609877]
 [ 2.18866    -3.3108149 ]
 [ 2.18866    -3.3108149 ]
 [ 3.211677   -4.335031  ]
 [-1.2077324   0.0914177 ]
 [ 3.211677   -4.335031  ]
 [ 3.211677   -4.335031  ]
 [ 3.211677   -4.335031  ]
 [ 1.4832753  -2.6043453 ]
 [ 0.03848645 -1.1612192 ]
 [ 1.7668883  -2.8919048 ]
 [ 2.894404   -4.0190387 ]
 [ 2.894404   -4.0190387 ]
 [ 2.5136821  -3.6418831 ]
 [ 2.894404   -4.0190387 ]
 [ 3.211677   -4.335031  ]
 [ 0.03848645 -1.1612192 ]
 [ 1.3861667  -2.5147495 ]
 [ 1.7919822  -2.9199386 ]
 [ 3.211677   -4.335031  ]
 [ 2.894404   -4.0190387 ]
 [ 3.211677   -4.335031  ]
 [ 2.5136821  -3.6418831 ]
 [-2.426288    1.3023616 ]
 [ 0.03848645 -1.1612192 ]
 [ 0.58873695 -1.7096285 ]
 [ 2.5136821  -3.6418831 ]
 [ 1.7668883  -2.8919048 ]
 [ 3.211677   -4.335031  ]
 [ 3.211677   -4.335031  ]
 [ 1.7919822  -2.9199386 ]
 [ 0.03848645 -1.1612192 ]
 [ 0.03848645 -1.1612192 ]
 [ 3.211677   -4.335031  ]
 [ 3.211677   -4.335031  ]
 [ 3.211677   -4.335031  ]
 [ 2.5136821  -3.6418831 ]
 [-1.2077324   0.0914177 ]
 [-0.4302381  -0.68989253]
 [ 3.211677   -4.335031  ]]
2025-12-21 21:19:06,085 - [INFO] - ------------------------------------------------------------
2025-12-21 21:19:06,085 - [INFO] - On Validation Set:
	Accuracy of RRL  Model: 0.8984105044920525
	F1 Score of RRL  Model: 0.7544187174202934
2025-12-21 21:19:06,091 - [INFO] - On Validation Set:
Performance of  RRL Model: 
[[1204   82]
 [  65   96]]
              precision    recall  f1-score   support

           0       0.95      0.94      0.94      1286
           1       0.54      0.60      0.57       161

    accuracy                           0.90      1447
   macro avg       0.74      0.77      0.75      1447
weighted avg       0.90      0.90      0.90      1447

2025-12-21 21:19:06,091 - [INFO] - ------------------------------------------------------------
2025-12-21 21:19:06,125 - [INFO] - epoch: 6, loss_rrl: 119.8645545002073
2025-12-21 21:19:07,828 - [INFO] - epoch: 7, loss_rrl: 118.6681112293154
2025-12-21 21:19:08,072 - [DEBUG] - y_true: (1447,) [0 0 0 0 0 1 0 0 0 0 0 0 0 0 0 0 0 1 0 0 0 0 0 0 1 0 0 0 0 0 0 0 0 0 0 0 0
 0 1 1 0]
2025-12-21 21:19:08,234 - [DEBUG] - y_rrl_: (1447,) [0 1 0 0 0 1 0 0 0 0 0 0 0 0 0 0 0 0 0 0 0 0 0 0 1 0 0 0 0 0 0 0 0 0 0 0 0
 0 0 0 0]
2025-12-21 21:19:08,234 - [DEBUG] - y_rrl: (1447, 2) [[ 3.7292166  -4.84632   ]
 [-1.4255434   0.3097442 ]
 [ 3.2956944  -4.411894  ]
 [ 3.2956944  -4.411894  ]
 [ 3.7292166  -4.84632   ]
 [-1.7421138   0.628451  ]
 [ 3.7292166  -4.84632   ]
 [ 3.7292166  -4.84632   ]
 [ 3.7292166  -4.84632   ]
 [ 2.3584948  -3.471514  ]
 [ 0.7270097  -1.8416791 ]
 [ 2.0977318  -3.2164855 ]
 [ 2.9006357  -4.020563  ]
 [ 3.7292166  -4.84632   ]
 [ 3.3007364  -4.4213805 ]
 [ 3.3291159  -4.4455028 ]
 [ 3.7292166  -4.84632   ]
 [ 0.7270097  -1.8416791 ]
 [ 1.6692516  -2.7915456 ]
 [ 2.530733   -3.6531222 ]
 [ 3.7292166  -4.84632   ]
 [ 3.7292166  -4.84632   ]
 [ 3.7292166  -4.84632   ]
 [ 3.3007364  -4.4213805 ]
 [-2.7128854   1.5952063 ]
 [-0.34121266 -0.7788213 ]
 [ 1.3695098  -2.487979  ]
 [ 3.3007364  -4.4213805 ]
 [ 2.4978325  -3.617303  ]
 [ 3.7292166  -4.84632   ]
 [ 3.7292166  -4.84632   ]
 [ 2.1306324  -3.2523048 ]
 [ 0.7270097  -1.8416791 ]
 [ 0.7270097  -1.8416791 ]
 [ 3.7292166  -4.84632   ]
 [ 3.7292166  -4.84632   ]
 [ 3.7292166  -4.84632   ]
 [ 3.3007364  -4.4213805 ]
 [-0.44874603 -0.66028225]
 [-0.03014081 -1.0826885 ]
 [ 3.7292166  -4.84632   ]]
2025-12-21 21:19:08,236 - [INFO] - ------------------------------------------------------------
2025-12-21 21:19:08,236 - [INFO] - On Validation Set:
	Accuracy of RRL  Model: 0.9011748445058743
	F1 Score of RRL  Model: 0.7364308796761575
2025-12-21 21:19:08,242 - [INFO] - On Validation Set:
Performance of  RRL Model: 
[[1224   62]
 [  81   80]]
              precision    recall  f1-score   support

           0       0.94      0.95      0.94      1286
           1       0.56      0.50      0.53       161

    accuracy                           0.90      1447
   macro avg       0.75      0.72      0.74      1447
weighted avg       0.90      0.90      0.90      1447

2025-12-21 21:19:08,242 - [INFO] - ------------------------------------------------------------
2025-12-21 21:19:09,542 - [INFO] - epoch: 8, loss_rrl: 119.28530121967196
2025-12-21 21:19:10,026 - [DEBUG] - y_true: (1447,) [0 0 0 0 0 1 0 0 0 0 0 0 0 0 0 0 0 1 0 0 0 0 0 0 1 0 0 0 0 0 0 0 0 0 0 0 0
 0 1 1 0]
2025-12-21 21:19:10,189 - [DEBUG] - y_rrl_: (1447,) [0 0 0 0 0 0 0 0 0 0 0 0 0 0 0 0 0 0 0 0 0 0 0 0 0 0 0 0 0 0 0 0 0 0 0 0 0
 0 0 0 0]
2025-12-21 21:19:10,189 - [DEBUG] - y_rrl: (1447, 2) [[ 6.8120556  -7.9221234 ]
 [ 1.5137242  -2.626558  ]
 [ 5.0752354  -6.1834145 ]
 [ 5.0752354  -6.1834145 ]
 [ 6.8120556  -7.9221234 ]
 [ 0.23145704 -1.3422608 ]
 [ 6.8120556  -7.9221234 ]
 [ 6.390118   -7.4994745 ]
 [ 6.8120556  -7.9221234 ]
 [ 4.0683007  -5.175427  ]
 [ 2.2058072  -3.3187916 ]
 [ 4.527624   -5.6428394 ]
 [ 5.9071755  -7.0200415 ]
 [ 5.9071755  -7.0200415 ]
 [ 5.9071755  -7.0200415 ]
 [ 5.9071755  -7.0200415 ]
 [ 6.390118   -7.4994745 ]
 [ 2.2058072  -3.3187916 ]
 [ 3.8355415  -4.9506054 ]
 [ 5.0349293  -6.1495266 ]
 [ 6.8120556  -7.9221234 ]
 [ 5.9071755  -7.0200415 ]
 [ 6.8120556  -7.9221234 ]
 [ 5.9071755  -7.0200415 ]
 [-0.4606257  -0.6500271 ]
 [ 2.2058072  -3.3187916 ]
 [ 3.6749532  -4.789888  ]
 [ 5.9071755  -7.0200415 ]
 [ 4.527624   -5.6428394 ]
 [ 6.390118   -7.4994745 ]
 [ 6.8120556  -7.9221234 ]
 [ 5.485251   -6.5993786 ]
 [ 2.2058072  -3.3187916 ]
 [ 2.2058072  -3.3187916 ]
 [ 6.8120556  -7.9221234 ]
 [ 6.390118   -7.4994745 ]
 [ 6.8120556  -7.9221234 ]
 [ 5.9071755  -7.0200415 ]
 [ 0.23145704 -1.3422608 ]
 [ 2.4708946  -3.5761082 ]
 [ 6.390118   -7.4994745 ]]
2025-12-21 21:19:10,191 - [INFO] - ------------------------------------------------------------
2025-12-21 21:19:10,191 - [INFO] - On Validation Set:
	Accuracy of RRL  Model: 0.8887353144436766
	F1 Score of RRL  Model: 0.47054518843761434
2025-12-21 21:19:10,197 - [INFO] - On Validation Set:
Performance of  RRL Model: 
[[1286    0]
 [ 161    0]]
              precision    recall  f1-score   support

           0       0.89      1.00      0.94      1286
           1       0.00      0.00      0.00       161

    accuracy                           0.89      1447
   macro avg       0.44      0.50      0.47      1447
weighted avg       0.79      0.89      0.84      1447

2025-12-21 21:19:10,197 - [INFO] - ------------------------------------------------------------
2025-12-21 21:19:11,250 - [INFO] - epoch: 9, loss_rrl: 117.6263251490891
2025-12-21 21:19:11,977 - [DEBUG] - y_true: (1447,) [0 0 0 0 0 1 0 0 0 0 0 0 0 0 0 0 0 1 0 0 0 0 0 0 1 0 0 0 0 0 0 0 0 0 0 0 0
 0 1 1 0]
2025-12-21 21:19:12,138 - [DEBUG] - y_rrl_: (1447,) [0 1 0 0 0 1 0 0 0 0 0 0 0 0 0 0 0 0 0 0 0 0 0 0 1 0 0 0 0 0 0 0 0 0 0 0 0
 0 1 0 0]
2025-12-21 21:19:12,139 - [DEBUG] - y_rrl: (1447, 2) [[ 4.7619276  -5.864169  ]
 [-1.1471114   0.04212153]
 [ 4.3090215  -5.410558  ]
 [ 4.3090215  -5.410558  ]
 [ 4.7619276  -5.864169  ]
 [-1.5676064   0.4678377 ]
 [ 4.7619276  -5.864169  ]
 [ 4.3090215  -5.410558  ]
 [ 4.7619276  -5.864169  ]
 [ 2.472757   -3.5703094 ]
 [ 0.4351206  -1.5384765 ]
 [ 2.2713852  -3.3787255 ]
 [ 3.8047602  -4.909772  ]
 [ 3.8047602  -4.909772  ]
 [ 3.8047602  -4.909772  ]
 [ 3.8047602  -4.909772  ]
 [ 4.3090215  -5.410558  ]
 [ 0.4351206  -1.5384765 ]
 [ 1.4604243  -2.5676155 ]
 [ 2.2713852  -3.3787255 ]
 [ 4.257666   -5.363383  ]
 [ 3.8047602  -4.909772  ]
 [ 4.257666   -5.363383  ]
 [ 3.8047602  -4.909772  ]
 [-2.378567    1.2789476 ]
 [ 0.4351206  -1.5384765 ]
 [ 1.2983752  -2.405439  ]
 [ 3.8047602  -4.909772  ]
 [ 2.2713852  -3.3787255 ]
 [ 4.3090215  -5.410558  ]
 [ 4.7619276  -5.864169  ]
 [ 2.7712462  -3.878121  ]
 [ 0.4351206  -1.5384765 ]
 [ 0.4351206  -1.5384765 ]
 [ 4.7619276  -5.864169  ]
 [ 4.3090215  -5.410558  ]
 [ 4.257666   -5.363383  ]
 [ 3.8047602  -4.909772  ]
 [-1.5676064   0.4678377 ]
 [-0.03423141 -1.0632085 ]
 [ 4.3090215  -5.410558  ]]
2025-12-21 21:19:12,141 - [INFO] - ------------------------------------------------------------
2025-12-21 21:19:12,141 - [INFO] - On Validation Set:
	Accuracy of RRL  Model: 0.9032480995162405
	F1 Score of RRL  Model: 0.7499382807485311
2025-12-21 21:19:12,147 - [INFO] - On Validation Set:
Performance of  RRL Model: 
[[1220   66]
 [  74   87]]
              precision    recall  f1-score   support

           0       0.94      0.95      0.95      1286
           1       0.57      0.54      0.55       161

    accuracy                           0.90      1447
   macro avg       0.76      0.74      0.75      1447
weighted avg       0.90      0.90      0.90      1447

2025-12-21 21:19:12,147 - [INFO] - ------------------------------------------------------------
2025-12-21 21:19:12,958 - [INFO] - epoch: 10, loss_rrl: 117.59375321865082
2025-12-21 21:19:13,929 - [DEBUG] - y_true: (1447,) [0 0 0 0 0 1 0 0 0 0 0 0 0 0 0 0 0 1 0 0 0 0 0 0 1 0 0 0 0 0 0 0 0 0 0 0 0
 0 1 1 0]
2025-12-21 21:19:14,090 - [DEBUG] - y_rrl_: (1447,) [0 1 0 0 0 1 0 0 0 0 0 0 0 0 0 0 0 0 0 0 0 0 0 0 1 0 0 0 0 0 0 0 0 0 0 0 0
 0 1 0 0]
2025-12-21 21:19:14,090 - [DEBUG] - y_rrl: (1447, 2) [[ 5.057523   -6.151122  ]
 [-0.5884544  -0.5061146 ]
 [ 4.569431   -5.6623316 ]
 [ 4.569431   -5.6623316 ]
 [ 5.057523   -6.151122  ]
 [-1.8584784   0.7673156 ]
 [ 5.057523   -6.151122  ]
 [ 4.569431   -5.6623316 ]
 [ 5.057523   -6.151122  ]
 [ 2.4955678  -3.584539  ]
 [ 0.3140872  -1.4088038 ]
 [ 2.3879504  -3.4865963 ]
 [ 4.5469427  -5.64398   ]
 [ 4.5469427  -5.64398   ]
 [ 4.5469427  -5.64398   ]
 [ 4.5469427  -5.64398   ]
 [ 4.569431   -5.6623316 ]
 [ 0.3140872  -1.4088038 ]
 [ 2.3879504  -3.4865963 ]
 [ 2.3879504  -3.4865963 ]
 [ 4.5469427  -5.64398   ]
 [ 4.5469427  -5.64398   ]
 [ 4.5469427  -5.64398   ]
 [ 4.5469427  -5.64398   ]
 [-2.76102     1.6700047 ]
 [ 0.3140872  -1.4088038 ]
 [ 2.3879504  -3.4865963 ]
 [ 4.5469427  -5.64398   ]
 [ 2.3879504  -3.4865963 ]
 [ 4.569431   -5.6623316 ]
 [ 5.057523   -6.151122  ]
 [ 2.934597   -4.0327826 ]
 [ 0.3140872  -1.4088038 ]
 [ 0.3140872  -1.4088038 ]
 [ 5.057523   -6.151122  ]
 [ 4.569431   -5.6623316 ]
 [ 4.5469427  -5.64398   ]
 [ 4.5469427  -5.64398   ]
 [-1.8584784   0.7673156 ]
 [ 0.30051363 -1.3900679 ]
 [ 4.569431   -5.6623316 ]]
2025-12-21 21:19:14,092 - [INFO] - ------------------------------------------------------------
2025-12-21 21:19:14,093 - [INFO] - On Validation Set:
	Accuracy of RRL  Model: 0.9011748445058743
	F1 Score of RRL  Model: 0.7480950786742551
2025-12-21 21:19:14,100 - [INFO] - On Validation Set:
Performance of  RRL Model: 
[[1216   70]
 [  73   88]]
              precision    recall  f1-score   support

           0       0.94      0.95      0.94      1286
           1       0.56      0.55      0.55       161

    accuracy                           0.90      1447
   macro avg       0.75      0.75      0.75      1447
weighted avg       0.90      0.90      0.90      1447

2025-12-21 21:19:14,100 - [INFO] - ------------------------------------------------------------
2025-12-21 21:19:14,658 - [INFO] - epoch: 11, loss_rrl: 116.68347893841565
2025-12-21 21:19:15,879 - [DEBUG] - y_true: (1447,) [0 0 0 0 0 1 0 0 0 0 0 0 0 0 0 0 0 1 0 0 0 0 0 0 1 0 0 0 0 0 0 0 0 0 0 0 0
 0 1 1 0]
2025-12-21 21:19:16,040 - [DEBUG] - y_rrl_: (1447,) [0 0 0 0 0 1 0 0 0 0 0 0 0 0 0 0 0 0 0 0 0 0 0 0 1 0 0 0 0 0 0 0 0 0 0 0 0
 0 0 0 0]
2025-12-21 21:19:16,041 - [DEBUG] - y_rrl: (1447, 2) [[ 6.0084147  -7.0925565 ]
 [-0.10868242 -0.97643906]
 [ 4.267964   -5.3511443 ]
 [ 4.267964   -5.3511443 ]
 [ 6.0084147  -7.0925565 ]
 [-1.4501822   0.36843127]
 [ 6.0084147  -7.0925565 ]
 [ 5.476682   -6.560132  ]
 [ 6.0084147  -7.0925565 ]
 [ 3.1673098  -4.246892  ]
 [ 1.9396204  -3.0202587 ]
 [ 4.2489934  -5.333498  ]
 [ 5.506326   -6.5938683 ]
 [ 6.0084147  -7.0925565 ]
 [ 5.506326   -6.5938683 ]
 [ 6.0084147  -7.0925565 ]
 [ 5.476682   -6.560132  ]
 [ 1.9396204  -3.0202587 ]
 [ 3.2033541  -4.292487  ]
 [ 3.2033541  -4.292487  ]
 [ 5.506326   -6.5938683 ]
 [ 6.0084147  -7.0925565 ]
 [ 5.506326   -6.5938683 ]
 [ 5.506326   -6.5938683 ]
 [-2.4528456   1.3712398 ]
 [ 0.89398146 -1.9792473 ]
 [ 4.2489934  -5.333498  ]
 [ 5.506326   -6.5938683 ]
 [ 4.2489934  -5.333498  ]
 [ 5.476682   -6.560132  ]
 [ 6.0084147  -7.0925565 ]
 [ 3.2033541  -4.292487  ]
 [ 1.9396204  -3.0202587 ]
 [ 1.9396204  -3.0202587 ]
 [ 6.0084147  -7.0925565 ]
 [ 5.476682   -6.560132  ]
 [ 6.0084147  -7.0925565 ]
 [ 5.506326   -6.5938683 ]
 [-0.4045437  -0.6725796 ]
 [ 1.3548778  -2.4316378 ]
 [ 5.476682   -6.560132  ]]
2025-12-21 21:19:16,043 - [INFO] - ------------------------------------------------------------
2025-12-21 21:19:16,043 - [INFO] - On Validation Set:
	Accuracy of RRL  Model: 0.907394609536973
	F1 Score of RRL  Model: 0.710841684562157
2025-12-21 21:19:16,049 - [INFO] - On Validation Set:
Performance of  RRL Model: 
[[1253   33]
 [ 101   60]]
              precision    recall  f1-score   support

           0       0.93      0.97      0.95      1286
           1       0.65      0.37      0.47       161

    accuracy                           0.91      1447
   macro avg       0.79      0.67      0.71      1447
weighted avg       0.89      0.91      0.90      1447

2025-12-21 21:19:16,049 - [INFO] - ------------------------------------------------------------
2025-12-21 21:19:16,360 - [INFO] - epoch: 12, loss_rrl: 117.15810113400221
2025-12-21 21:19:17,811 - [DEBUG] - y_true: (1447,) [0 0 0 0 0 1 0 0 0 0 0 0 0 0 0 0 0 1 0 0 0 0 0 0 1 0 0 0 0 0 0 0 0 0 0 0 0
 0 1 1 0]
2025-12-21 21:19:17,973 - [DEBUG] - y_rrl_: (1447,) [0 1 0 0 0 1 0 0 0 0 0 0 0 0 0 0 0 0 0 0 0 0 0 0 1 0 0 0 0 0 0 0 0 0 0 0 0
 0 1 0 0]
2025-12-21 21:19:17,974 - [DEBUG] - y_rrl: (1447, 2) [[ 5.7936864  -6.8676195 ]
 [-0.8408134  -0.23410553]
 [ 3.912839   -4.985822  ]
 [ 3.912839   -4.985822  ]
 [ 5.7936864  -6.8676195 ]
 [-2.2004983   1.1289142 ]
 [ 5.7936864  -6.8676195 ]
 [ 5.2246056  -6.297854  ]
 [ 5.7936864  -6.8676195 ]
 [ 2.70121    -3.7706568 ]
 [ 0.7998198  -1.871523  ]
 [ 3.323215   -4.39872   ]
 [ 4.6997933  -5.776399  ]
 [ 5.2246056  -6.297854  ]
 [ 4.6997933  -5.776399  ]
 [ 5.2246056  -6.297854  ]
 [ 5.2246056  -6.297854  ]
 [ 0.7998198  -1.871523  ]
 [ 2.798403   -3.8772652 ]
 [ 2.798403   -3.8772652 ]
 [ 5.268874   -6.3461647 ]
 [ 5.2246056  -6.297854  ]
 [ 5.268874   -6.3461647 ]
 [ 4.6997933  -5.776399  ]
 [-3.3163197   2.2448773 ]
 [ 0.2750078  -1.3500682 ]
 [ 2.0114486  -3.086688  ]
 [ 4.6997933  -5.776399  ]
 [ 3.323215   -4.39872   ]
 [ 5.2246056  -6.297854  ]
 [ 5.7936864  -6.8676195 ]
 [ 2.798403   -3.8772652 ]
 [ 0.7998198  -1.871523  ]
 [ 0.7998198  -1.871523  ]
 [ 5.7936864  -6.8676195 ]
 [ 5.2246056  -6.297854  ]
 [ 5.7936864  -6.8676195 ]
 [ 4.6997933  -5.776399  ]
 [-1.6756866   0.6074593 ]
 [ 0.22570407 -1.2916745 ]
 [ 5.2246056  -6.297854  ]]
2025-12-21 21:19:17,976 - [INFO] - ------------------------------------------------------------
2025-12-21 21:19:17,976 - [INFO] - On Validation Set:
	Accuracy of RRL  Model: 0.8949550794747754
	F1 Score of RRL  Model: 0.7454139696826587
2025-12-21 21:19:17,982 - [INFO] - On Validation Set:
Performance of  RRL Model: 
[[1202   84]
 [  68   93]]
              precision    recall  f1-score   support

           0       0.95      0.93      0.94      1286
           1       0.53      0.58      0.55       161

    accuracy                           0.89      1447
   macro avg       0.74      0.76      0.75      1447
weighted avg       0.90      0.89      0.90      1447

2025-12-21 21:19:17,982 - [INFO] - ------------------------------------------------------------
2025-12-21 21:19:18,050 - [INFO] - epoch: 13, loss_rrl: 116.08675766922534
2025-12-21 21:19:19,558 - [INFO] - epoch: 14, loss_rrl: 115.02432206086814
2025-12-21 21:19:19,758 - [DEBUG] - y_true: (1447,) [0 0 0 0 0 1 0 0 0 0 0 0 0 0 0 0 0 1 0 0 0 0 0 0 1 0 0 0 0 0 0 0 0 0 0 0 0
 0 1 1 0]
2025-12-21 21:19:19,917 - [DEBUG] - y_rrl_: (1447,) [0 1 0 0 0 1 0 0 0 0 0 0 0 0 0 0 0 0 0 0 0 0 0 0 1 0 0 0 0 0 0 0 0 0 0 0 0
 0 0 0 0]
2025-12-21 21:19:19,918 - [DEBUG] - y_rrl: (1447, 2) [[ 6.688869   -7.75172   ]
 [-2.2388628   1.1746289 ]
 [ 3.8954597  -4.956078  ]
 [ 3.8954597  -4.956078  ]
 [ 6.688869   -7.75172   ]
 [-1.8622427   0.8016903 ]
 [ 6.688869   -7.75172   ]
 [ 5.2944365  -6.355314  ]
 [ 6.688869   -7.75172   ]
 [ 3.9640985  -5.0215054 ]
 [ 2.7165232  -3.7774549 ]
 [ 4.046861   -5.1112633 ]
 [ 4.803014   -5.869087  ]
 [ 5.3437223  -6.4064827 ]
 [ 4.803014   -5.869087  ]
 [ 5.3437223  -6.4064827 ]
 [ 6.084115   -7.14629   ]
 [ 2.7165232  -3.7774549 ]
 [ 3.5061526  -4.573868  ]
 [ 2.716474   -3.782892  ]
 [ 6.1481605  -7.2143245 ]
 [ 5.3437223  -6.4064827 ]
 [ 6.1481605  -7.2143245 ]
 [ 5.5434065  -6.6088943 ]
 [-3.0729213   2.0125067 ]
 [ 0.77683884 -1.8408234 ]
 [ 4.046861   -5.1112633 ]
 [ 4.013335   -5.078111  ]
 [ 4.046861   -5.1112633 ]
 [ 6.084115   -7.14629   ]
 [ 6.688869   -7.75172   ]
 [ 4.1799884  -5.2472596 ]
 [ 2.7165232  -3.7774549 ]
 [ 1.9268448  -2.9864788 ]
 [ 6.688869   -7.75172   ]
 [ 5.2944365  -6.355314  ]
 [ 6.688869   -7.75172   ]
 [ 4.013335   -5.078111  ]
 [ 0.0926939  -1.1489052 ]
 [-0.0246732  -1.0309255 ]
 [ 5.2944365  -6.355314  ]]
2025-12-21 21:19:19,920 - [INFO] - ------------------------------------------------------------
2025-12-21 21:19:19,920 - [INFO] - On Validation Set:
	Accuracy of RRL  Model: 0.9039391845196959
	F1 Score of RRL  Model: 0.7360781426938707
2025-12-21 21:19:19,926 - [INFO] - On Validation Set:
Performance of  RRL Model: 
[[1231   55]
 [  84   77]]
              precision    recall  f1-score   support

           0       0.94      0.96      0.95      1286
           1       0.58      0.48      0.53       161

    accuracy                           0.90      1447
   macro avg       0.76      0.72      0.74      1447
weighted avg       0.90      0.90      0.90      1447

2025-12-21 21:19:19,926 - [INFO] - ------------------------------------------------------------
2025-12-21 21:19:21,257 - [INFO] - epoch: 15, loss_rrl: 114.46821859106421
2025-12-21 21:19:21,690 - [DEBUG] - y_true: (1447,) [0 0 0 0 0 1 0 0 0 0 0 0 0 0 0 0 0 1 0 0 0 0 0 0 1 0 0 0 0 0 0 0 0 0 0 0 0
 0 1 1 0]
2025-12-21 21:19:21,849 - [DEBUG] - y_rrl_: (1447,) [0 0 0 0 0 0 0 0 0 0 0 0 0 0 0 0 0 0 0 0 0 0 0 0 0 0 0 0 0 0 0 0 0 0 0 0 0
 0 0 0 0]
2025-12-21 21:19:21,849 - [DEBUG] - y_rrl: (1447, 2) [[  9.8263855 -10.877377 ]
 [  2.3012843  -3.3532765]
 [  8.290558   -9.337118 ]
 [  8.290558   -9.337118 ]
 [  9.8263855 -10.877377 ]
 [  0.7657419  -1.8144869]
 [  9.8263855 -10.877377 ]
 [  9.181043  -10.231365 ]
 [  9.8263855 -10.877377 ]
 [  5.1751823  -6.2235045]
 [  3.6659758  -4.7153125]
 [  7.6718354  -8.723172 ]
 [  9.296272  -10.350528 ]
 [  9.8263855 -10.877377 ]
 [  9.296272  -10.350528 ]
 [  9.8263855 -10.877377 ]
 [  9.181043  -10.231365 ]
 [  3.6659758  -4.7153125]
 [  6.50396    -7.5597434]
 [  8.013168   -9.067937 ]
 [  9.296272  -10.350528 ]
 [  9.8263855 -10.877377 ]
 [  9.296272  -10.350528 ]
 [  9.296272  -10.350528 ]
 [ -0.5180407  -0.5305692]
 [  2.4981008  -3.551884 ]
 [  6.2035785  -7.25466  ]
 [  9.296272  -10.350528 ]
 [  8.3930435  -9.443942 ]
 [  9.181043  -10.231365 ]
 [  9.8263855 -10.877377 ]
 [  8.013168   -9.067937 ]
 [  3.6659758  -4.7153125]
 [  3.6659758  -4.7153125]
 [  9.8263855 -10.877377 ]
 [  9.181043  -10.231365 ]
 [  9.8263855 -10.877377 ]
 [  9.296272  -10.350528 ]
 [  1.933617   -2.9779155]
 [  4.088166   -5.132118 ]
 [  9.181043  -10.231365 ]]
2025-12-21 21:19:21,851 - [INFO] - ------------------------------------------------------------
2025-12-21 21:19:21,851 - [INFO] - On Validation Set:
	Accuracy of RRL  Model: 0.8887353144436766
	F1 Score of RRL  Model: 0.47054518843761434
2025-12-21 21:19:21,857 - [INFO] - On Validation Set:
Performance of  RRL Model: 
[[1286    0]
 [ 161    0]]
              precision    recall  f1-score   support

           0       0.89      1.00      0.94      1286
           1       0.00      0.00      0.00       161

    accuracy                           0.89      1447
   macro avg       0.44      0.50      0.47      1447
weighted avg       0.79      0.89      0.84      1447

2025-12-21 21:19:21,857 - [INFO] - ------------------------------------------------------------
2025-12-21 21:19:22,930 - [INFO] - epoch: 16, loss_rrl: 115.21686797402799
2025-12-21 21:19:23,605 - [DEBUG] - y_true: (1447,) [0 0 0 0 0 1 0 0 0 0 0 0 0 0 0 0 0 1 0 0 0 0 0 0 1 0 0 0 0 0 0 0 0 0 0 0 0
 0 1 1 0]
2025-12-21 21:19:23,764 - [DEBUG] - y_rrl_: (1447,) [0 1 0 0 0 1 0 0 0 0 0 0 0 0 0 0 0 0 0 0 0 0 0 0 1 0 0 0 0 0 0 0 0 0 0 0 0
 0 1 0 0]
2025-12-21 21:19:23,765 - [DEBUG] - y_rrl: (1447, 2) [[ 7.30237    -8.340688  ]
 [-0.56365234 -0.47567183]
 [ 5.045247   -6.080365  ]
 [ 5.045247   -6.080365  ]
 [ 7.30237    -8.340688  ]
 [-2.1498976   1.1137744 ]
 [ 7.30237    -8.340688  ]
 [ 5.9804063  -7.0192266 ]
 [ 7.30237    -8.340688  ]
 [ 2.9192493  -3.9544935 ]
 [ 0.80337054 -1.842826  ]
 [ 3.8645267  -4.9075584 ]
 [ 6.7859373  -7.827468  ]
 [ 6.7859373  -7.827468  ]
 [ 6.7859373  -7.827468  ]
 [ 6.7859373  -7.827468  ]
 [ 5.9804063  -7.0192266 ]
 [ 0.80337054 -1.842826  ]
 [ 2.4975038  -3.5404043 ]
 [ 4.6338205  -5.6764226 ]
 [ 6.7859373  -7.827468  ]
 [ 6.7859373  -7.827468  ]
 [ 6.7859373  -7.827468  ]
 [ 6.7859373  -7.827468  ]
 [-3.5169203   2.480929  ]
 [ 0.80337054 -1.842826  ]
 [ 2.336421   -3.3792036 ]
 [ 6.7859373  -7.827468  ]
 [ 4.6338205  -5.6764226 ]
 [ 5.9804063  -7.0192266 ]
 [ 7.30237    -8.340688  ]
 [ 4.6338205  -5.6764226 ]
 [ 0.80337054 -1.842826  ]
 [ 0.80337054 -1.842826  ]
 [ 7.30237    -8.340688  ]
 [ 5.9804063  -7.0192266 ]
 [ 6.7859373  -7.827468  ]
 [ 6.7859373  -7.827468  ]
 [-2.1498976   1.1137744 ]
 [ 0.77151227 -1.8061348 ]
 [ 5.9804063  -7.0192266 ]]
2025-12-21 21:19:23,767 - [INFO] - ------------------------------------------------------------
2025-12-21 21:19:23,767 - [INFO] - On Validation Set:
	Accuracy of RRL  Model: 0.9011748445058743
	F1 Score of RRL  Model: 0.7494699933287567
2025-12-21 21:19:23,773 - [INFO] - On Validation Set:
Performance of  RRL Model: 
[[1215   71]
 [  72   89]]
              precision    recall  f1-score   support

           0       0.94      0.94      0.94      1286
           1       0.56      0.55      0.55       161

    accuracy                           0.90      1447
   macro avg       0.75      0.75      0.75      1447
weighted avg       0.90      0.90      0.90      1447

2025-12-21 21:19:23,773 - [INFO] - ------------------------------------------------------------
2025-12-21 21:19:24,597 - [INFO] - epoch: 17, loss_rrl: 115.00291241146624
2025-12-21 21:19:25,616 - [DEBUG] - y_true: (1447,) [0 0 0 0 0 1 0 0 0 0 0 0 0 0 0 0 0 1 0 0 0 0 0 0 1 0 0 0 0 0 0 0 0 0 0 0 0
 0 1 1 0]
2025-12-21 21:19:25,777 - [DEBUG] - y_rrl_: (1447,) [0 1 0 0 0 1 0 0 0 0 0 0 0 0 0 0 0 0 0 0 0 0 0 0 1 1 0 0 0 0 0 0 0 1 0 0 0
 0 1 0 0]
2025-12-21 21:19:25,778 - [DEBUG] - y_rrl: (1447, 2) [[ 7.6498227  -8.674619  ]
 [-1.4629059   0.43832383]
 [ 5.368079   -6.392137  ]
 [ 5.368079   -6.392137  ]
 [ 7.6498227  -8.674619  ]
 [-2.202343    1.1796778 ]
 [ 7.6498227  -8.674619  ]
 [ 5.368079   -6.392137  ]
 [ 7.6498227  -8.674619  ]
 [ 0.97861373 -2.000776  ]
 [-0.3099749  -0.71756065]
 [ 4.079491   -5.1089215 ]
 [ 5.7026286  -6.7304564 ]
 [ 7.13069    -8.158645  ]
 [ 7.13069    -8.158645  ]
 [ 7.13069    -8.158645  ]
 [ 6.2825384  -7.3078284 ]
 [-0.3099749  -0.71756065]
 [ 4.897701   -5.9267087 ]
 [ 3.165032   -4.1932297 ]
 [ 7.13069    -8.158645  ]
 [ 7.13069    -8.158645  ]
 [ 7.13069    -8.158645  ]
 [ 7.13069    -8.158645  ]
 [-2.202343    1.1796778 ]
 [-1.7380369   0.71062785]
 [ 4.079491   -5.1089215 ]
 [ 6.216231   -7.2429533 ]
 [ 4.079491   -5.1089215 ]
 [ 6.2825384  -7.3078284 ]
 [ 7.6498227  -8.674619  ]
 [ 4.897701   -5.9267087 ]
 [-0.3099749  -0.71756065]
 [-1.224434    0.19813123]
 [ 7.6498227  -8.674619  ]
 [ 5.368079   -6.392137  ]
 [ 7.13069    -8.158645  ]
 [ 6.216231   -7.2429533 ]
 [-2.202343    1.1796778 ]
 [ 0.848856   -1.8700457 ]
 [ 5.368079   -6.392137  ]]
2025-12-21 21:19:25,780 - [INFO] - ------------------------------------------------------------
2025-12-21 21:19:25,780 - [INFO] - On Validation Set:
	Accuracy of RRL  Model: 0.8908085694540429
	F1 Score of RRL  Model: 0.7393684450524396
2025-12-21 21:19:25,786 - [INFO] - On Validation Set:
Performance of  RRL Model: 
[[1196   90]
 [  68   93]]
              precision    recall  f1-score   support

           0       0.95      0.93      0.94      1286
           1       0.51      0.58      0.54       161

    accuracy                           0.89      1447
   macro avg       0.73      0.75      0.74      1447
weighted avg       0.90      0.89      0.89      1447

2025-12-21 21:19:25,786 - [INFO] - ------------------------------------------------------------
2025-12-21 21:19:26,362 - [INFO] - epoch: 18, loss_rrl: 114.2119115460664
2025-12-21 21:19:27,509 - [DEBUG] - y_true: (1447,) [0 0 0 0 0 1 0 0 0 0 0 0 0 0 0 0 0 1 0 0 0 0 0 0 1 0 0 0 0 0 0 0 0 0 0 0 0
 0 1 1 0]
2025-12-21 21:19:27,679 - [DEBUG] - y_rrl_: (1447,) [0 1 0 0 0 0 0 0 0 0 0 0 0 0 0 0 0 0 0 0 0 0 0 0 0 0 0 0 0 0 0 0 0 0 0 0 0
 0 0 0 0]
2025-12-21 21:19:27,680 - [DEBUG] - y_rrl: (1447, 2) [[  9.737362   -10.747842  ]
 [ -0.9381306   -0.07373217]
 [  7.0028243   -8.007884  ]
 [  7.0028243   -8.007884  ]
 [  8.703497    -9.710405  ]
 [ -0.47189027  -0.53652406]
 [  9.737362   -10.747842  ]
 [  8.03669     -9.04532   ]
 [  9.737362   -10.747842  ]
 [  4.759459    -5.7646914 ]
 [  1.7026705   -2.7107315 ]
 [  6.0137644   -7.0287952 ]
 [  9.203066   -10.216651  ]
 [  8.169201    -9.179215  ]
 [  9.203066   -10.216651  ]
 [  9.203066   -10.216651  ]
 [  7.949858    -8.956127  ]
 [  2.7365355   -3.7481673 ]
 [  6.8824      -7.8970184 ]
 [  5.9353657   -6.9487753 ]
 [  9.203066   -10.216651  ]
 [  9.203066   -10.216651  ]
 [  9.203066   -10.216651  ]
 [  8.169201    -9.179215  ]
 [ -0.47189027  -0.53652406]
 [  2.7365355   -3.7481673 ]
 [  6.0137644   -7.0287952 ]
 [  8.256033    -9.268408  ]
 [  6.8824      -7.8970184 ]
 [  8.983723    -9.993563  ]
 [  9.737362   -10.747842  ]
 [  6.8824      -7.8970184 ]
 [  2.7365355   -3.7481673 ]
 [  1.7895001   -2.7999237 ]
 [  9.737362   -10.747842  ]
 [  8.03669     -9.04532   ]
 [  9.203066   -10.216651  ]
 [  8.256033    -9.268408  ]
 [ -0.47189027  -0.53652406]
 [  2.7174127   -3.7243798 ]
 [  8.03669     -9.04532   ]]
2025-12-21 21:19:27,682 - [INFO] - ------------------------------------------------------------
2025-12-21 21:19:27,682 - [INFO] - On Validation Set:
	Accuracy of RRL  Model: 0.8970283344851416
	F1 Score of RRL  Model: 0.5903459020909929
2025-12-21 21:19:27,688 - [INFO] - On Validation Set:
Performance of  RRL Model: 
[[1275   11]
 [ 138   23]]
              precision    recall  f1-score   support

           0       0.90      0.99      0.94      1286
           1       0.68      0.14      0.24       161

    accuracy                           0.90      1447
   macro avg       0.79      0.57      0.59      1447
weighted avg       0.88      0.90      0.87      1447

2025-12-21 21:19:27,688 - [INFO] - ------------------------------------------------------------
2025-12-21 21:19:28,029 - [INFO] - epoch: 19, loss_rrl: 114.55725166760385
2025-12-21 21:19:29,456 - [DEBUG] - y_true: (1447,) [0 0 0 0 0 1 0 0 0 0 0 0 0 0 0 0 0 1 0 0 0 0 0 0 1 0 0 0 0 0 0 0 0 0 0 0 0
 0 1 1 0]
2025-12-21 21:19:29,614 - [DEBUG] - y_rrl_: (1447,) [0 1 0 0 0 1 0 0 0 0 0 0 0 0 0 0 0 0 0 0 0 0 0 0 1 0 0 0 0 0 0 0 0 0 0 0 0
 0 1 0 0]
2025-12-21 21:19:29,615 - [DEBUG] - y_rrl: (1447, 2) [[ 8.824567   -9.820011  ]
 [-0.96637356 -0.02893551]
 [ 5.960424   -6.9505615 ]
 [ 5.960424   -6.9505615 ]
 [ 7.730842   -8.722788  ]
 [-1.7395949   0.7461383 ]
 [ 8.824567   -9.820011  ]
 [ 7.054149   -8.047783  ]
 [ 8.824567   -9.820011  ]
 [ 3.716283   -4.706615  ]
 [ 0.4949656  -1.4880773 ]
 [ 4.9265575  -5.9264684 ]
 [ 8.274669   -9.273159  ]
 [ 7.180944   -8.175937  ]
 [ 8.274669   -9.273159  ]
 [ 8.274669   -9.273159  ]
 [ 6.939483   -7.930801  ]
 [ 1.5886905  -2.5852995 ]
 [ 5.8399973  -6.8395033 ]
 [ 3.9474983  -4.9462285 ]
 [ 8.274669   -9.273159  ]
 [ 8.274669   -9.273159  ]
 [ 8.274669   -9.273159  ]
 [ 7.180944   -8.175937  ]
 [-1.7395949   0.7461383 ]
 [ 1.5886905  -2.5852995 ]
 [ 4.9265575  -5.9264684 ]
 [ 7.29561    -8.292919  ]
 [ 4.9265575  -5.9264684 ]
 [ 8.033208   -9.028023  ]
 [ 8.824567   -9.820011  ]
 [ 4.9265575  -5.9264684 ]
 [ 1.5886905  -2.5852995 ]
 [ 0.60963285 -1.6050593 ]
 [ 8.824567   -9.820011  ]
 [ 7.054149   -8.047783  ]
 [ 8.274669   -9.273159  ]
 [ 7.29561    -8.292919  ]
 [-1.7395949   0.7461383 ]
 [ 1.6085162  -2.600553  ]
 [ 7.054149   -8.047783  ]]
2025-12-21 21:19:29,617 - [INFO] - ------------------------------------------------------------
2025-12-21 21:19:29,617 - [INFO] - On Validation Set:
	Accuracy of RRL  Model: 0.902557014512785
	F1 Score of RRL  Model: 0.7529739095059769
2025-12-21 21:19:29,623 - [INFO] - On Validation Set:
Performance of  RRL Model: 
[[1216   70]
 [  71   90]]
              precision    recall  f1-score   support

           0       0.94      0.95      0.95      1286
           1       0.56      0.56      0.56       161

    accuracy                           0.90      1447
   macro avg       0.75      0.75      0.75      1447
weighted avg       0.90      0.90      0.90      1447

2025-12-21 21:19:29,623 - [INFO] - ------------------------------------------------------------
2025-12-21 21:19:29,725 - [INFO] - epoch: 20, loss_rrl: 114.77897757291794
2025-12-21 21:19:31,373 - [INFO] - epoch: 21, loss_rrl: 115.2937691770494
2025-12-21 21:19:31,528 - [DEBUG] - y_true: (1447,) [0 0 0 0 0 1 0 0 0 0 0 0 0 0 0 0 0 1 0 0 0 0 0 0 1 0 0 0 0 0 0 0 0 0 0 0 0
 0 1 1 0]
2025-12-21 21:19:31,687 - [DEBUG] - y_rrl_: (1447,) [0 1 0 0 0 1 0 0 0 0 0 0 0 0 0 0 0 0 0 0 0 0 0 0 1 1 0 0 0 0 0 0 0 0 0 0 0
 0 0 1 0]
2025-12-21 21:19:31,687 - [DEBUG] - y_rrl: (1447, 2) [[ 8.182214   -9.162005  ]
 [-2.3622353   1.3798941 ]
 [ 6.2064605  -7.1822124 ]
 [ 6.2064605  -7.1822124 ]
 [ 8.182214   -9.162005  ]
 [-2.8532956   1.875416  ]
 [ 8.182214   -9.162005  ]
 [ 7.351853   -8.331027  ]
 [ 8.182214   -9.162005  ]
 [ 4.2004867  -5.1781626 ]
 [ 1.4799578  -2.459643  ]
 [ 4.6313243  -5.612505  ]
 [ 5.792594   -6.7752824 ]
 [ 6.3646054  -7.3443065 ]
 [ 5.792594   -6.7752824 ]
 [ 6.3646054  -7.3443065 ]
 [ 7.351853   -8.331027  ]
 [ 1.4799578  -2.459643  ]
 [ 3.355471   -4.3391285 ]
 [ 5.021508   -6.00528   ]
 [ 7.610203   -8.592981  ]
 [ 6.3646054  -7.3443065 ]
 [ 7.610203   -8.592981  ]
 [ 6.779842   -7.7620015 ]
 [-2.8532956   1.875416  ]
 [-0.69619787 -0.28625733]
 [ 4.6313243  -5.612505  ]
 [ 5.792594   -6.7752824 ]
 [ 5.5935197  -6.574304  ]
 [ 7.351853   -8.331027  ]
 [ 8.182214   -9.162005  ]
 [ 4.059313   -5.043481  ]
 [ 1.4799578  -2.459643  ]
 [ 1.4799578  -2.459643  ]
 [ 8.182214   -9.162005  ]
 [ 7.351853   -8.331027  ]
 [ 8.182214   -9.162005  ]
 [ 5.792594   -6.7752824 ]
 [-0.3318415  -0.6421262 ]
 [-0.5480029  -0.42540914]
 [ 7.351853   -8.331027  ]]
2025-12-21 21:19:31,689 - [INFO] - ------------------------------------------------------------
2025-12-21 21:19:31,689 - [INFO] - On Validation Set:
	Accuracy of RRL  Model: 0.9004837595024188
	F1 Score of RRL  Model: 0.747027972027972
2025-12-21 21:19:31,695 - [INFO] - On Validation Set:
Performance of  RRL Model: 
[[1215   71]
 [  73   88]]
              precision    recall  f1-score   support

           0       0.94      0.94      0.94      1286
           1       0.55      0.55      0.55       161

    accuracy                           0.90      1447
   macro avg       0.75      0.75      0.75      1447
weighted avg       0.90      0.90      0.90      1447

2025-12-21 21:19:31,695 - [INFO] - ------------------------------------------------------------
2025-12-21 21:19:33,023 - [INFO] - epoch: 22, loss_rrl: 114.28899398446083
2025-12-21 21:19:33,416 - [DEBUG] - y_true: (1447,) [0 0 0 0 0 1 0 0 0 0 0 0 0 0 0 0 0 1 0 0 0 0 0 0 1 0 0 0 0 0 0 0 0 0 0 0 0
 0 1 1 0]
2025-12-21 21:19:33,574 - [DEBUG] - y_rrl_: (1447,) [0 0 0 0 0 0 0 0 0 0 0 0 0 0 0 0 0 0 0 0 0 0 0 0 1 0 0 0 0 0 0 0 0 0 0 0 0
 0 0 0 0]
2025-12-21 21:19:33,574 - [DEBUG] - y_rrl: (1447, 2) [[ 12.181663   -13.1453905 ]
 [  2.6377225   -3.6025167 ]
 [  9.083837   -10.042486  ]
 [  9.083837   -10.042486  ]
 [ 10.982052   -11.942436  ]
 [  0.6939191   -1.655808  ]
 [ 12.181663   -13.1453905 ]
 [ 11.324391   -12.287513  ]
 [ 12.181663   -13.1453905 ]
 [  8.025339    -8.987018  ]
 [  3.94236     -4.9026604 ]
 [  8.441023    -9.40611   ]
 [ 11.594933   -12.561586  ]
 [ 10.982052   -11.942436  ]
 [ 11.594933   -12.561586  ]
 [ 12.181663   -13.1453905 ]
 [ 10.124781   -11.0845585 ]
 [  5.1419706   -6.1056147 ]
 [  7.146476    -8.11399   ]
 [  7.854294    -8.822306  ]
 [ 11.594933   -12.561586  ]
 [ 12.181663   -13.1453905 ]
 [ 11.594933   -12.561586  ]
 [ 10.395322   -11.358632  ]
 [ -1.025266     0.06348864]
 [  2.934475    -3.900834  ]
 [  6.564403    -7.5265937 ]
 [ 11.594933   -12.561586  ]
 [  8.441023    -9.40611   ]
 [ 11.324391   -12.287513  ]
 [ 12.181663   -13.1453905 ]
 [  8.865661    -9.833287  ]
 [  5.1419706   -6.1056147 ]
 [  5.1419706   -6.1056147 ]
 [ 12.181663   -13.1453905 ]
 [ 11.324391   -12.287513  ]
 [ 12.181663   -13.1453905 ]
 [ 11.594933   -12.561586  ]
 [  1.2806498   -2.2396116 ]
 [  5.0212884   -5.978892  ]
 [ 11.324391   -12.287513  ]]
2025-12-21 21:19:33,576 - [INFO] - ------------------------------------------------------------
2025-12-21 21:19:33,577 - [INFO] - On Validation Set:
	Accuracy of RRL  Model: 0.9004837595024188
	F1 Score of RRL  Model: 0.605966626828641
2025-12-21 21:19:33,582 - [INFO] - On Validation Set:
Performance of  RRL Model: 
[[1277    9]
 [ 135   26]]
              precision    recall  f1-score   support

           0       0.90      0.99      0.95      1286
           1       0.74      0.16      0.27       161

    accuracy                           0.90      1447
   macro avg       0.82      0.58      0.61      1447
weighted avg       0.89      0.90      0.87      1447

2025-12-21 21:19:33,582 - [INFO] - ------------------------------------------------------------
2025-12-21 21:19:34,668 - [INFO] - epoch: 23, loss_rrl: 114.44369977898896
2025-12-21 21:19:35,300 - [DEBUG] - y_true: (1447,) [0 0 0 0 0 1 0 0 0 0 0 0 0 0 0 0 0 1 0 0 0 0 0 0 1 0 0 0 0 0 0 0 0 0 0 0 0
 0 1 1 0]
2025-12-21 21:19:35,458 - [DEBUG] - y_rrl_: (1447,) [0 0 0 0 0 0 0 0 0 0 0 0 0 0 0 0 0 0 0 0 0 0 0 0 1 0 0 0 0 0 0 0 0 0 0 0 0
 0 0 0 0]
2025-12-21 21:19:35,458 - [DEBUG] - y_rrl: (1447, 2) [[ 11.600699   -12.548     ]
 [  1.7898371   -2.7382097 ]
 [  8.431145    -9.374962  ]
 [  8.431145    -9.374962  ]
 [ 11.600699   -12.548     ]
 [ -0.26664862  -0.67887986]
 [ 11.600699   -12.548     ]
 [  9.681923   -10.629005  ]
 [ 11.600699   -12.548     ]
 [  4.6227818   -5.5682645 ]
 [  2.058637    -3.0085292 ]
 [  7.1177797   -8.06927   ]
 [  9.94756    -10.898231  ]
 [  9.94756    -10.898231  ]
 [  9.94756    -10.898231  ]
 [  9.94756    -10.898231  ]
 [  9.681923   -10.629005  ]
 [  2.058637    -3.0085292 ]
 [  6.3822517   -7.333258  ]
 [  8.151065    -9.10218   ]
 [ 11.004079   -11.954245  ]
 [  9.94756    -10.898231  ]
 [ 11.004079   -11.954245  ]
 [  9.94756    -10.898231  ]
 [ -2.035463     1.0900418 ]
 [  2.058637    -3.0085292 ]
 [  5.1906185   -6.1393046 ]
 [  9.94756    -10.898231  ]
 [  8.151065    -9.10218   ]
 [ 10.715209   -11.661915  ]
 [ 11.600699   -12.548     ]
 [  8.151065    -9.10218   ]
 [  2.058637    -3.0085292 ]
 [  2.058637    -3.0085292 ]
 [ 11.600699   -12.548     ]
 [  9.681923   -10.629005  ]
 [ 11.004079   -11.954245  ]
 [  9.94756    -10.898231  ]
 [ -0.26664862  -0.67887986]
 [  2.563133    -3.5078404 ]
 [  9.681923   -10.629005  ]]
2025-12-21 21:19:35,460 - [INFO] - ------------------------------------------------------------
2025-12-21 21:19:35,461 - [INFO] - On Validation Set:
	Accuracy of RRL  Model: 0.9046302695231514
	F1 Score of RRL  Model: 0.663365835895776
2025-12-21 21:19:35,466 - [INFO] - On Validation Set:
Performance of  RRL Model: 
[[1267   19]
 [ 119   42]]
              precision    recall  f1-score   support

           0       0.91      0.99      0.95      1286
           1       0.69      0.26      0.38       161

    accuracy                           0.90      1447
   macro avg       0.80      0.62      0.66      1447
weighted avg       0.89      0.90      0.88      1447

2025-12-21 21:19:35,466 - [INFO] - ------------------------------------------------------------
2025-12-21 21:19:36,327 - [INFO] - epoch: 24, loss_rrl: 114.80459249950945
2025-12-21 21:19:37,210 - [DEBUG] - y_true: (1447,) [0 0 0 0 0 1 0 0 0 0 0 0 0 0 0 0 0 1 0 0 0 0 0 0 1 0 0 0 0 0 0 0 0 0 0 0 0
 0 1 1 0]
2025-12-21 21:19:37,376 - [DEBUG] - y_rrl_: (1447,) [0 1 0 0 0 1 0 0 0 0 1 0 0 0 0 0 0 1 0 0 0 0 0 0 1 1 0 0 0 0 0 0 1 1 0 0 0
 0 1 0 0]
2025-12-21 21:19:37,377 - [DEBUG] - y_rrl: (1447, 2) [[  9.170734   -10.101148  ]
 [ -1.9725035    1.0420768 ]
 [  5.2552595   -6.1836395 ]
 [  5.2552595   -6.1836395 ]
 [  9.170734   -10.101148  ]
 [ -3.03637      2.107655  ]
 [  9.170734   -10.101148  ]
 [  6.548538    -7.4800987 ]
 [  9.170734   -10.101148  ]
 [  1.3685819   -2.2986002 ]
 [ -0.62559825  -0.30737022]
 [  4.554357    -5.48887   ]
 [  7.48927     -8.422979  ]
 [  7.48927     -8.422979  ]
 [  7.48927     -8.422979  ]
 [  7.48927     -8.422979  ]
 [  7.6660333   -8.598664  ]
 [ -0.62559825  -0.30737022]
 [  3.8104029   -4.744444  ]
 [  3.4368632   -4.3703046 ]
 [  8.576236    -9.50945   ]
 [  7.48927     -8.422979  ]
 [  8.576236    -9.50945   ]
 [  7.48927     -8.422979  ]
 [ -3.03637      2.107655  ]
 [ -0.62559825  -0.30737022]
 [  4.554357    -5.48887   ]
 [  6.3717747   -7.3044133 ]
 [  4.554357    -5.48887   ]
 [  7.6660333   -8.598664  ]
 [  9.170734   -10.101148  ]
 [  5.6094747   -6.543619  ]
 [ -0.62559825  -0.30737022]
 [ -1.7430922    0.81119514]
 [  9.170734   -10.101148  ]
 [  6.548538    -7.4800987 ]
 [  8.576236    -9.50945   ]
 [  6.3717747   -7.3044133 ]
 [ -3.03637      2.107655  ]
 [ -0.10145861  -0.8264543 ]
 [  6.548538    -7.4800987 ]]
2025-12-21 21:19:37,379 - [INFO] - ------------------------------------------------------------
2025-12-21 21:19:37,379 - [INFO] - On Validation Set:
	Accuracy of RRL  Model: 0.8804422944022114
	F1 Score of RRL  Model: 0.7361907200795861
2025-12-21 21:19:37,385 - [INFO] - On Validation Set:
Performance of  RRL Model: 
[[1172  114]
 [  59  102]]
              precision    recall  f1-score   support

           0       0.95      0.91      0.93      1286
           1       0.47      0.63      0.54       161

    accuracy                           0.88      1447
   macro avg       0.71      0.77      0.74      1447
weighted avg       0.90      0.88      0.89      1447

2025-12-21 21:19:37,385 - [INFO] - ------------------------------------------------------------
2025-12-21 21:19:38,020 - [INFO] - epoch: 25, loss_rrl: 114.29929686151445
2025-12-21 21:19:39,126 - [DEBUG] - y_true: (1447,) [0 0 0 0 0 1 0 0 0 0 0 0 0 0 0 0 0 1 0 0 0 0 0 0 1 0 0 0 0 0 0 0 0 0 0 0 0
 0 1 1 0]
2025-12-21 21:19:39,285 - [DEBUG] - y_rrl_: (1447,) [0 1 0 0 0 1 0 0 0 0 0 0 0 0 0 0 0 0 0 0 0 0 0 0 1 0 0 0 0 0 0 0 0 0 0 0 0
 0 1 0 0]
2025-12-21 21:19:39,286 - [DEBUG] - y_rrl: (1447, 2) [[ 11.978315   -12.891568  ]
 [ -1.0280104    0.11338148]
 [  6.8995643   -7.8112054 ]
 [  6.8995643   -7.8112054 ]
 [ 11.978315   -12.891568  ]
 [ -0.52072406  -0.39090553]
 [ 11.978315   -12.891568  ]
 [  8.233811    -9.148549  ]
 [ 11.978315   -12.891568  ]
 [  4.577233    -5.4906793 ]
 [  3.6026754   -4.518641  ]
 [  7.2592535   -8.176512  ]
 [ 11.404234   -12.320227  ]
 [ 11.404234   -12.320227  ]
 [ 11.404234   -12.320227  ]
 [ 11.404234   -12.320227  ]
 [  9.391272   -10.307051  ]
 [  3.6026754   -4.518641  ]
 [  6.508113    -7.424914  ]
 [  7.192185    -8.108044  ]
 [ 11.404234   -12.320227  ]
 [ 11.404234   -12.320227  ]
 [ 11.404234   -12.320227  ]
 [ 11.404234   -12.320227  ]
 [ -2.3622563    1.450726  ]
 [  3.6026754   -4.518641  ]
 [  7.2592535   -8.176512  ]
 [ 10.246774   -11.161725  ]
 [  8.349645    -9.266545  ]
 [ 10.481663   -11.397085  ]
 [ 11.978315   -12.891568  ]
 [  8.349645    -9.266545  ]
 [  3.6026754   -4.518641  ]
 [  2.4452152   -3.3601391 ]
 [ 11.978315   -12.891568  ]
 [  8.233811    -9.148549  ]
 [ 11.404234   -12.320227  ]
 [ 10.246774   -11.161725  ]
 [ -0.52072406  -0.39090553]
 [  3.6242566   -4.5346203 ]
 [  8.233811    -9.148549  ]]
2025-12-21 21:19:39,288 - [INFO] - ------------------------------------------------------------
2025-12-21 21:19:39,288 - [INFO] - On Validation Set:
	Accuracy of RRL  Model: 0.9067035245335177
	F1 Score of RRL  Model: 0.7287722586691658
2025-12-21 21:19:39,294 - [INFO] - On Validation Set:
Performance of  RRL Model: 
[[1242   44]
 [  91   70]]
              precision    recall  f1-score   support

           0       0.93      0.97      0.95      1286
           1       0.61      0.43      0.51       161

    accuracy                           0.91      1447
   macro avg       0.77      0.70      0.73      1447
weighted avg       0.90      0.91      0.90      1447

2025-12-21 21:19:39,294 - [INFO] - ------------------------------------------------------------
2025-12-21 21:19:39,664 - [INFO] - epoch: 26, loss_rrl: 114.08195074088871
2025-12-21 21:19:41,040 - [DEBUG] - y_true: (1447,) [0 0 0 0 0 1 0 0 0 0 0 0 0 0 0 0 0 1 0 0 0 0 0 0 1 0 0 0 0 0 0 0 0 0 0 0 0
 0 1 1 0]
2025-12-21 21:19:41,198 - [DEBUG] - y_rrl_: (1447,) [0 1 0 0 0 1 0 0 0 0 0 0 0 0 0 0 0 0 0 0 0 0 0 0 1 0 0 0 0 0 0 0 0 0 0 0 0
 0 0 0 0]
2025-12-21 21:19:41,198 - [DEBUG] - y_rrl: (1447, 2) [[ 11.721769   -12.61761   ]
 [ -1.495655     0.59843683]
 [  8.600291    -9.49479   ]
 [  8.600291    -9.49479   ]
 [ 10.336144   -11.228974  ]
 [ -0.96866184   0.07435928]
 [ 11.721769   -12.61761   ]
 [  9.985916   -10.883426  ]
 [ 11.721769   -12.61761   ]
 [  6.256818    -7.1530867 ]
 [  1.8321879   -2.7276905 ]
 [  6.946912    -7.846667  ]
 [ 10.004679   -10.90367   ]
 [  8.619053    -9.515035  ]
 [  7.957668    -8.854142  ]
 [ 11.166251   -12.064771  ]
 [  9.780626   -10.676135  ]
 [  3.2178133   -4.1163273 ]
 [  7.3133707   -8.212211  ]
 [  6.884082    -7.782478  ]
 [ 11.166251   -12.064771  ]
 [ 10.004679   -10.90367   ]
 [ 11.166251   -12.064771  ]
 [  8.619053    -9.515035  ]
 [ -0.96866184   0.07435928]
 [  3.2178133   -4.1163273 ]
 [  4.8999004   -5.797138  ]
 [  8.824344    -9.722326  ]
 [  8.064417    -8.963824  ]
 [ 11.166251   -12.064771  ]
 [ 11.721769   -12.61761   ]
 [  6.946912    -7.846667  ]
 [  3.2178133   -4.1163273 ]
 [  2.0374782   -2.9349816 ]
 [ 11.721769   -12.61761   ]
 [  9.985916   -10.883426  ]
 [ 11.166251   -12.064771  ]
 [  8.824344    -9.722326  ]
 [  0.14884363  -1.0427979 ]
 [  2.0891058   -2.982645  ]
 [  9.985916   -10.883426  ]]
2025-12-21 21:19:41,200 - [INFO] - ------------------------------------------------------------
2025-12-21 21:19:41,200 - [INFO] - On Validation Set:
	Accuracy of RRL  Model: 0.9039391845196959
	F1 Score of RRL  Model: 0.7073207287987858
2025-12-21 21:19:41,206 - [INFO] - On Validation Set:
Performance of  RRL Model: 
[[1247   39]
 [ 100   61]]
              precision    recall  f1-score   support

           0       0.93      0.97      0.95      1286
           1       0.61      0.38      0.47       161

    accuracy                           0.90      1447
   macro avg       0.77      0.67      0.71      1447
weighted avg       0.89      0.90      0.89      1447

2025-12-21 21:19:41,206 - [INFO] - ------------------------------------------------------------
2025-12-21 21:19:41,342 - [INFO] - epoch: 27, loss_rrl: 114.02860882505774
2025-12-21 21:19:42,839 - [INFO] - epoch: 28, loss_rrl: 113.96201873756945
2025-12-21 21:19:42,961 - [DEBUG] - y_true: (1447,) [0 0 0 0 0 1 0 0 0 0 0 0 0 0 0 0 0 1 0 0 0 0 0 0 1 0 0 0 0 0 0 0 0 0 0 0 0
 0 1 1 0]
2025-12-21 21:19:43,118 - [DEBUG] - y_rrl_: (1447,) [0 0 0 0 0 1 0 0 0 0 0 0 0 0 0 0 0 0 0 0 0 0 0 0 1 0 0 0 0 0 0 0 0 0 0 0 0
 0 0 0 0]
2025-12-21 21:19:43,118 - [DEBUG] - y_rrl: (1447, 2) [[ 12.044581   -12.922806  ]
 [  1.4149739   -2.2943227 ]
 [  8.890117    -9.7683735 ]
 [  8.890117    -9.7683735 ]
 [ 12.044581   -12.922806  ]
 [ -1.000436     0.12367087]
 [ 12.044581   -12.922806  ]
 [ 10.315744   -11.196928  ]
 [ 12.044581   -12.922806  ]
 [  6.456865    -7.336862  ]
 [  2.8823028   -3.7592895 ]
 [  8.166811    -9.047909  ]
 [ 10.255401   -11.136705  ]
 [ 10.255401   -11.136705  ]
 [ 10.255401   -11.136705  ]
 [ 10.255401   -11.136705  ]
 [ 10.315744   -11.196928  ]
 [  4.307931    -5.187844  ]
 [  6.3331413   -7.214759  ]
 [  8.297222    -9.17893   ]
 [ 11.456433   -12.337278  ]
 [ 10.255401   -11.136705  ]
 [ 11.456433   -12.337278  ]
 [ 10.255401   -11.136705  ]
 [ -1.000436     0.12367087]
 [  3.2976527   -4.1785135 ]
 [  6.0547495   -6.9334292 ]
 [ 10.255401   -11.136705  ]
 [  9.3075     -10.18826   ]
 [ 11.456433   -12.337278  ]
 [ 12.044581   -12.922806  ]
 [  7.156533    -8.03858   ]
 [  4.307931    -5.187844  ]
 [  4.307931    -5.187844  ]
 [ 12.044581   -12.922806  ]
 [ 10.315744   -11.196928  ]
 [ 11.456433   -12.337278  ]
 [ 10.255401   -11.136705  ]
 [  1.1505326   -2.0260103 ]
 [  2.0984325   -2.9744556 ]
 [ 10.315744   -11.196928  ]]
2025-12-21 21:19:43,120 - [INFO] - ------------------------------------------------------------
2025-12-21 21:19:43,120 - [INFO] - On Validation Set:
	Accuracy of RRL  Model: 0.8997926744989634
	F1 Score of RRL  Model: 0.6388160624125293
2025-12-21 21:19:43,126 - [INFO] - On Validation Set:
Performance of  RRL Model: 
[[1266   20]
 [ 125   36]]
              precision    recall  f1-score   support

           0       0.91      0.98      0.95      1286
           1       0.64      0.22      0.33       161

    accuracy                           0.90      1447
   macro avg       0.78      0.60      0.64      1447
weighted avg       0.88      0.90      0.88      1447

2025-12-21 21:19:43,126 - [INFO] - ------------------------------------------------------------
2025-12-21 21:19:44,513 - [INFO] - epoch: 29, loss_rrl: 113.16137989796698
2025-12-21 21:19:44,881 - [DEBUG] - y_true: (1447,) [0 0 0 0 0 1 0 0 0 0 0 0 0 0 0 0 0 1 0 0 0 0 0 0 1 0 0 0 0 0 0 0 0 0 0 0 0
 0 1 1 0]
2025-12-21 21:19:45,038 - [DEBUG] - y_rrl_: (1447,) [0 0 0 0 0 0 0 0 0 0 0 0 0 0 0 0 0 0 0 0 0 0 0 0 1 0 0 0 0 0 0 0 0 0 0 0 0
 0 0 0 0]
2025-12-21 21:19:45,038 - [DEBUG] - y_rrl: (1447, 2) [[ 14.329843   -15.190298  ]
 [  3.4125378   -4.2741365 ]
 [ 12.268691   -13.128872  ]
 [ 12.268691   -13.128872  ]
 [ 14.329843   -15.190298  ]
 [  0.940863    -1.7999426 ]
 [ 14.329843   -15.190298  ]
 [ 13.711072   -14.574093  ]
 [ 14.329843   -15.190298  ]
 [  9.754297   -10.616183  ]
 [  5.310142    -6.1731987 ]
 [  9.266917   -10.131109  ]
 [ 12.47375    -13.33722   ]
 [ 13.711072   -14.574093  ]
 [ 13.711072   -14.574093  ]
 [ 12.47375    -13.33722   ]
 [ 13.711072   -14.574093  ]
 [  5.310142    -6.1731987 ]
 [  8.452935    -9.3167095 ]
 [ 11.687897   -12.551309  ]
 [ 13.711072   -14.574093  ]
 [ 13.711072   -14.574093  ]
 [ 13.711072   -14.574093  ]
 [ 13.711072   -14.574093  ]
 [ -1.056776     0.19778393]
 [  5.310142    -6.1731987 ]
 [  7.1170444   -7.9789143 ]
 [ 13.711072   -14.574093  ]
 [ 10.450574   -11.314435  ]
 [ 13.711072   -14.574093  ]
 [ 14.329843   -15.190298  ]
 [ 11.687897   -12.551309  ]
 [  5.310142    -6.1731987 ]
 [  5.310142    -6.1731987 ]
 [ 14.329843   -15.190298  ]
 [ 13.711072   -14.574093  ]
 [ 13.711072   -14.574093  ]
 [ 13.711072   -14.574093  ]
 [  0.940863    -1.7999426 ]
 [  4.147695    -5.0060534 ]
 [ 13.711072   -14.574093  ]]
2025-12-21 21:19:45,040 - [INFO] - ------------------------------------------------------------
2025-12-21 21:19:45,040 - [INFO] - On Validation Set:
	Accuracy of RRL  Model: 0.9011748445058743
	F1 Score of RRL  Model: 0.5952605893456171
2025-12-21 21:19:45,046 - [INFO] - On Validation Set:
Performance of  RRL Model: 
[[1281    5]
 [ 138   23]]
              precision    recall  f1-score   support

           0       0.90      1.00      0.95      1286
           1       0.82      0.14      0.24       161

    accuracy                           0.90      1447
   macro avg       0.86      0.57      0.60      1447
weighted avg       0.89      0.90      0.87      1447

2025-12-21 21:19:45,046 - [INFO] - ------------------------------------------------------------
2025-12-21 21:19:46,187 - [INFO] - epoch: 30, loss_rrl: 113.00586356781423
2025-12-21 21:19:46,796 - [DEBUG] - y_true: (1447,) [0 0 0 0 0 1 0 0 0 0 0 0 0 0 0 0 0 1 0 0 0 0 0 0 1 0 0 0 0 0 0 0 0 0 0 0 0
 0 1 1 0]
2025-12-21 21:19:46,953 - [DEBUG] - y_rrl_: (1447,) [0 0 0 0 0 1 0 0 0 0 0 0 0 0 0 0 0 0 0 0 0 0 0 0 1 0 0 0 0 0 0 0 0 0 0 0 0
 0 0 0 0]
2025-12-21 21:19:46,954 - [DEBUG] - y_rrl: (1447, 2) [[ 12.982644   -13.825326  ]
 [  1.8293742   -2.6732235 ]
 [  9.653282   -10.496042  ]
 [  9.653282   -10.496042  ]
 [ 12.982644   -13.825326  ]
 [ -0.68870914  -0.15268609]
 [ 12.982644   -13.825326  ]
 [ 11.112364   -11.957876  ]
 [ 12.982644   -13.825326  ]
 [  7.065293    -7.909721  ]
 [  3.7357247   -4.580971  ]
 [  7.782796    -8.629127  ]
 [ 11.059638   -11.905269  ]
 [ 12.334695   -13.179887  ]
 [ 12.334695   -13.179887  ]
 [ 11.059638   -11.905269  ]
 [ 11.112364   -11.957876  ]
 [  3.7357247   -4.580971  ]
 [  6.9760814   -7.8220067 ]
 [ 10.280183   -11.125756  ]
 [ 12.334695   -13.179887  ]
 [ 12.334695   -13.179887  ]
 [ 12.334695   -13.179887  ]
 [ 12.334695   -13.179887  ]
 [ -2.7177553    1.8764436 ]
 [  3.7357247   -4.580971  ]
 [  5.5936165   -6.4377227 ]
 [ 12.334695   -13.179887  ]
 [  9.005126    -9.851137  ]
 [ 12.334695   -13.179887  ]
 [ 12.982644   -13.825326  ]
 [ 10.280183   -11.125756  ]
 [  3.7357247   -4.580971  ]
 [  3.7357247   -4.580971  ]
 [ 12.982644   -13.825326  ]
 [ 11.112364   -11.957876  ]
 [ 12.334695   -13.179887  ]
 [ 12.334695   -13.179887  ]
 [  0.5336231   -1.3746964 ]
 [  2.5881348   -3.4288278 ]
 [ 11.112364   -11.957876  ]]
2025-12-21 21:19:46,956 - [INFO] - ------------------------------------------------------------
2025-12-21 21:19:46,956 - [INFO] - On Validation Set:
	Accuracy of RRL  Model: 0.9018659295093296
	F1 Score of RRL  Model: 0.6868767220149709
2025-12-21 21:19:46,962 - [INFO] - On Validation Set:
Performance of  RRL Model: 
[[1252   34]
 [ 108   53]]
              precision    recall  f1-score   support

           0       0.92      0.97      0.95      1286
           1       0.61      0.33      0.43       161

    accuracy                           0.90      1447
   macro avg       0.76      0.65      0.69      1447
weighted avg       0.89      0.90      0.89      1447

2025-12-21 21:19:46,962 - [INFO] - ------------------------------------------------------------
2025-12-21 21:19:47,856 - [INFO] - epoch: 31, loss_rrl: 112.75263421051204
2025-12-21 21:19:48,699 - [DEBUG] - y_true: (1447,) [0 0 0 0 0 1 0 0 0 0 0 0 0 0 0 0 0 1 0 0 0 0 0 0 1 0 0 0 0 0 0 0 0 0 0 0 0
 0 1 1 0]
2025-12-21 21:19:48,858 - [DEBUG] - y_rrl_: (1447,) [0 1 0 0 0 1 0 0 0 0 0 0 0 0 0 0 0 0 0 0 0 0 0 0 1 0 0 0 0 0 0 0 0 0 0 0 0
 0 1 0 0]
2025-12-21 21:19:48,859 - [DEBUG] - y_rrl: (1447, 2) [[ 11.923825   -12.748661  ]
 [ -0.65675986  -0.16836126]
 [  7.3079047   -8.13194   ]
 [  7.3079047   -8.13194   ]
 [ 11.923825   -12.748661  ]
 [ -1.9594862    1.1358577 ]
 [ 11.923825   -12.748661  ]
 [  8.765499    -9.592201  ]
 [ 11.923825   -12.748661  ]
 [  4.6501036   -5.4757714 ]
 [  2.4965627   -3.323925  ]
 [  6.6119595   -7.4403543 ]
 [  9.949918   -10.777637  ]
 [  9.949918   -10.777637  ]
 [  9.949918   -10.777637  ]
 [  9.949918   -10.777637  ]
 [ 10.008832   -10.836433  ]
 [  2.4965627   -3.323925  ]
 [  5.8088455   -6.6368513 ]
 [  5.368626    -6.1961226 ]
 [ 11.251077   -12.07837   ]
 [  9.949918   -10.777637  ]
 [ 11.251077   -12.07837   ]
 [  9.949918   -10.777637  ]
 [ -4.0048456    3.1812968 ]
 [  2.4965627   -3.323925  ]
 [  5.6292977   -6.455257  ]
 [  8.706585    -9.533405  ]
 [  6.6119595   -7.4403543 ]
 [ 10.008832   -10.836433  ]
 [ 11.923825   -12.748661  ]
 [  6.6119595   -7.4403543 ]
 [  2.4965627   -3.323925  ]
 [  1.2532299   -2.0796933 ]
 [ 11.923825   -12.748661  ]
 [  8.765499    -9.592201  ]
 [ 11.251077   -12.07837   ]
 [  8.706585    -9.533405  ]
 [ -1.9594862    1.1358577 ]
 [  1.3784732   -2.2014234 ]
 [  8.765499    -9.592201  ]]
2025-12-21 21:19:48,861 - [INFO] - ------------------------------------------------------------
2025-12-21 21:19:48,861 - [INFO] - On Validation Set:
	Accuracy of RRL  Model: 0.9080856945404284
	F1 Score of RRL  Model: 0.76042837598794
2025-12-21 21:19:48,867 - [INFO] - On Validation Set:
Performance of  RRL Model: 
[[1225   61]
 [  72   89]]
              precision    recall  f1-score   support

           0       0.94      0.95      0.95      1286
           1       0.59      0.55      0.57       161

    accuracy                           0.91      1447
   macro avg       0.77      0.75      0.76      1447
weighted avg       0.91      0.91      0.91      1447

2025-12-21 21:19:48,867 - [INFO] - ------------------------------------------------------------
2025-12-21 21:19:49,525 - [INFO] - epoch: 32, loss_rrl: 112.77133905701339
2025-12-21 21:19:50,609 - [DEBUG] - y_true: (1447,) [0 0 0 0 0 1 0 0 0 0 0 0 0 0 0 0 0 1 0 0 0 0 0 0 1 0 0 0 0 0 0 0 0 0 0 0 0
 0 1 1 0]
2025-12-21 21:19:50,769 - [DEBUG] - y_rrl_: (1447,) [0 0 0 0 0 0 0 0 0 0 0 0 0 0 0 0 0 0 0 0 0 0 0 0 1 0 0 0 0 0 0 0 0 0 0 0 0
 0 0 0 0]
2025-12-21 21:19:50,769 - [DEBUG] - y_rrl: (1447, 2) [[ 13.805589   -14.612697  ]
 [  0.350606    -1.1599579 ]
 [ 10.388353   -11.195581  ]
 [ 10.388353   -11.195581  ]
 [ 13.805589   -14.612697  ]
 [ -0.30428836  -0.5016911 ]
 [ 13.805589   -14.612697  ]
 [ 11.857397   -12.667208  ]
 [ 13.805589   -14.612697  ]
 [  7.6431947   -8.45202   ]
 [  4.192873    -5.0024705 ]
 [  8.407076    -9.217658  ]
 [ 13.111529   -13.921039  ]
 [ 13.111529   -13.921039  ]
 [ 10.829158   -11.636632  ]
 [ 13.111529   -13.921039  ]
 [ 11.857397   -12.667208  ]
 [  4.192873    -5.0024705 ]
 [  8.914855    -9.724643  ]
 [ 12.087528   -12.897887  ]
 [ 13.111529   -13.921039  ]
 [ 13.111529   -13.921039  ]
 [ 13.111529   -13.921039  ]
 [ 13.111529   -13.921039  ]
 [ -2.3691158    1.5632151 ]
 [  4.192873    -5.0024705 ]
 [  6.1247034   -6.933252  ]
 [ 13.111529   -13.921039  ]
 [ 10.769053   -11.579827  ]
 [ 13.111529   -13.921039  ]
 [ 13.805589   -14.612697  ]
 [ 10.979683   -11.789549  ]
 [  4.192873    -5.0024705 ]
 [  4.192873    -5.0024705 ]
 [ 13.805589   -14.612697  ]
 [ 11.857397   -12.667208  ]
 [ 13.111529   -13.921039  ]
 [ 13.111529   -13.921039  ]
 [  2.2683194   -3.0735834 ]
 [  4.4001665   -5.2050724 ]
 [ 11.857397   -12.667208  ]]
2025-12-21 21:19:50,771 - [INFO] - ------------------------------------------------------------
2025-12-21 21:19:50,771 - [INFO] - On Validation Set:
	Accuracy of RRL  Model: 0.8984105044920525
	F1 Score of RRL  Model: 0.5919588408054587
2025-12-21 21:19:50,777 - [INFO] - On Validation Set:
Performance of  RRL Model: 
[[1277    9]
 [ 138   23]]
              precision    recall  f1-score   support

           0       0.90      0.99      0.95      1286
           1       0.72      0.14      0.24       161

    accuracy                           0.90      1447
   macro avg       0.81      0.57      0.59      1447
weighted avg       0.88      0.90      0.87      1447

2025-12-21 21:19:50,777 - [INFO] - ------------------------------------------------------------
2025-12-21 21:19:51,212 - [INFO] - epoch: 33, loss_rrl: 111.9722397774458
2025-12-21 21:19:52,618 - [DEBUG] - y_true: (1447,) [0 0 0 0 0 1 0 0 0 0 0 0 0 0 0 0 0 1 0 0 0 0 0 0 1 0 0 0 0 0 0 0 0 0 0 0 0
 0 1 1 0]
2025-12-21 21:19:52,779 - [DEBUG] - y_rrl_: (1447,) [0 1 0 0 0 1 0 0 0 0 0 0 0 0 0 0 0 0 0 0 0 0 0 0 1 0 0 0 0 0 0 0 0 0 0 0 0
 0 0 0 0]
2025-12-21 21:19:52,779 - [DEBUG] - y_rrl: (1447, 2) [[ 13.166884   -13.956338  ]
 [ -1.7266663    0.93584263]
 [  8.468889    -9.25764   ]
 [  8.468889    -9.25764   ]
 [ 13.166884   -13.956338  ]
 [ -1.0994023    0.3110044 ]
 [ 13.166884   -13.956338  ]
 [  9.953015   -10.744268  ]
 [ 13.166884   -13.956338  ]
 [  5.693204    -6.4835153 ]
 [  4.4579415   -5.249017  ]
 [  8.717752    -9.509769  ]
 [ 11.114393   -11.906596  ]
 [ 11.114393   -11.906596  ]
 [  8.811778    -9.602035  ]
 [ 12.448768   -13.240569  ]
 [ 11.201994   -11.994088  ]
 [  4.4579415   -5.249017  ]
 [  8.148071    -8.940142  ]
 [  7.5792007   -8.37168   ]
 [ 12.448768   -13.240569  ]
 [ 11.114393   -11.906596  ]
 [ 12.448768   -13.240569  ]
 [ 12.448768   -13.240569  ]
 [ -1.0994023    0.3110044 ]
 [  3.4185016   -4.2104015 ]
 [  7.661911    -8.451689  ]
 [  9.865414   -10.656775  ]
 [  9.8676195  -10.660115  ]
 [ 11.201994   -11.994088  ]
 [ 13.166884   -13.956338  ]
 [  7.6783133   -8.471155  ]
 [  4.4579415   -5.249017  ]
 [  3.2089622   -3.9991963 ]
 [ 13.166884   -13.956338  ]
 [  9.953015   -10.744268  ]
 [ 12.448768   -13.240569  ]
 [  9.865414   -10.656775  ]
 [  2.5211856   -3.308063  ]
 [  2.3366773   -3.124436  ]
 [  9.953015   -10.744268  ]]
2025-12-21 21:19:52,781 - [INFO] - ------------------------------------------------------------
2025-12-21 21:19:52,781 - [INFO] - On Validation Set:
	Accuracy of RRL  Model: 0.8997926744989634
	F1 Score of RRL  Model: 0.6642234722700103
2025-12-21 21:19:52,787 - [INFO] - On Validation Set:
Performance of  RRL Model: 
[[1257   29]
 [ 116   45]]
              precision    recall  f1-score   support

           0       0.92      0.98      0.95      1286
           1       0.61      0.28      0.38       161

    accuracy                           0.90      1447
   macro avg       0.76      0.63      0.66      1447
weighted avg       0.88      0.90      0.88      1447

2025-12-21 21:19:52,787 - [INFO] - ------------------------------------------------------------
2025-12-21 21:19:52,968 - [INFO] - epoch: 34, loss_rrl: 112.05887671932578
2025-12-21 21:19:54,671 - [INFO] - epoch: 35, loss_rrl: 111.94196844287217
2025-12-21 21:19:54,759 - [DEBUG] - y_true: (1447,) [0 0 0 0 0 1 0 0 0 0 0 0 0 0 0 0 0 1 0 0 0 0 0 0 1 0 0 0 0 0 0 0 0 0 0 0 0
 0 1 1 0]
2025-12-21 21:19:54,926 - [DEBUG] - y_rrl_: (1447,) [0 0 0 0 0 1 0 0 0 0 0 0 0 0 0 0 0 0 0 0 0 0 0 0 1 0 0 0 0 0 0 0 0 0 0 0 0
 0 0 0 0]
2025-12-21 21:19:54,927 - [DEBUG] - y_rrl: (1447, 2) [[ 13.56482    -14.336628  ]
 [  1.704347    -2.4773877 ]
 [ 10.080785   -10.852754  ]
 [ 10.080785   -10.852754  ]
 [ 12.065578   -12.834965  ]
 [ -0.8554938    0.08465292]
 [ 13.56482    -14.336628  ]
 [ 11.580027   -12.354417  ]
 [ 13.56482    -14.336628  ]
 [  7.263573    -8.037067  ]
 [  2.1962948   -2.9681008 ]
 [  8.011991    -8.787111  ]
 [ 10.445326   -11.220629  ]
 [  8.946084    -9.7189665 ]
 [ 10.445326   -11.220629  ]
 [ 10.445326   -11.220629  ]
 [ 10.080785   -10.852754  ]
 [  3.6955369   -4.469763  ]
 [  7.1016073   -7.8763723 ]
 [  9.201784    -9.97737   ]
 [ 12.823568   -13.597675  ]
 [ 10.445326   -11.220629  ]
 [ 12.823568   -13.597675  ]
 [ 10.293496   -11.065987  ]
 [ -0.8554938    0.08465292]
 [  3.6955369   -4.469763  ]
 [  5.6653357   -6.4386    ]
 [ 10.445326   -11.220629  ]
 [  9.201784    -9.97737   ]
 [ 11.580027   -12.354417  ]
 [ 13.56482    -14.336628  ]
 [  9.255531   -10.03037   ]
 [  3.6955369   -4.469763  ]
 [  3.6955369   -4.469763  ]
 [ 13.56482    -14.336628  ]
 [ 11.580027   -12.354417  ]
 [ 12.823568   -13.597675  ]
 [ 10.445326   -11.220629  ]
 [  1.7354604   -2.5056255 ]
 [  1.5778416   -2.348865  ]
 [ 11.580027   -12.354417  ]]
2025-12-21 21:19:54,929 - [INFO] - ------------------------------------------------------------
2025-12-21 21:19:54,929 - [INFO] - On Validation Set:
	Accuracy of RRL  Model: 0.9004837595024188
	F1 Score of RRL  Model: 0.6599294947121034
2025-12-21 21:19:54,935 - [INFO] - On Validation Set:
Performance of  RRL Model: 
[[1260   26]
 [ 118   43]]
              precision    recall  f1-score   support

           0       0.91      0.98      0.95      1286
           1       0.62      0.27      0.37       161

    accuracy                           0.90      1447
   macro avg       0.77      0.62      0.66      1447
weighted avg       0.88      0.90      0.88      1447

2025-12-21 21:19:54,935 - [INFO] - ------------------------------------------------------------
2025-12-21 21:19:56,356 - [INFO] - epoch: 36, loss_rrl: 113.14363252557814
2025-12-21 21:19:56,684 - [DEBUG] - y_true: (1447,) [0 0 0 0 0 1 0 0 0 0 0 0 0 0 0 0 0 1 0 0 0 0 0 0 1 0 0 0 0 0 0 0 0 0 0 0 0
 0 1 1 0]
2025-12-21 21:19:56,842 - [DEBUG] - y_rrl_: (1447,) [0 0 0 0 0 1 0 0 0 0 0 0 0 0 0 0 0 0 0 0 0 0 0 0 1 0 0 0 0 0 0 0 0 0 0 0 0
 0 1 0 0]
2025-12-21 21:19:56,843 - [DEBUG] - y_rrl: (1447, 2) [[ 12.634407   -13.388748  ]
 [  0.5602637   -1.3158458 ]
 [ 10.353609   -11.107855  ]
 [ 10.353609   -11.107855  ]
 [ 11.118444   -11.870443  ]
 [ -1.9951111    1.2416695 ]
 [ 12.634407   -13.388748  ]
 [ 11.869573   -12.62616   ]
 [ 12.634407   -13.388748  ]
 [  7.5116167   -8.267354  ]
 [  2.1097279   -2.8633292 ]
 [  7.9836473   -8.740438  ]
 [ 10.500935   -11.257903  ]
 [  8.984971    -9.739598  ]
 [ 10.500935   -11.257903  ]
 [ 10.500935   -11.257903  ]
 [ 10.353609   -11.107855  ]
 [  3.625691    -4.3816338 ]
 [  6.0366054   -6.793832  ]
 [  8.207196    -8.9652195 ]
 [ 11.869573   -12.62616   ]
 [ 10.500935   -11.257903  ]
 [ 11.869573   -12.62616   ]
 [  8.984971    -9.739598  ]
 [ -1.9951111    1.2416695 ]
 [  2.6000848   -3.356808  ]
 [  5.6041017   -6.3591223 ]
 [ 10.500935   -11.257903  ]
 [  9.232802    -9.990045  ]
 [ 11.869573   -12.62616   ]
 [ 12.634407   -13.388748  ]
 [  8.226173    -8.98347   ]
 [  3.625691    -4.3816338 ]
 [  3.625691    -4.3816338 ]
 [ 12.634407   -13.388748  ]
 [ 11.869573   -12.62616   ]
 [ 11.869573   -12.62616   ]
 [ 10.500935   -11.257903  ]
 [ -0.9695055    0.21684308]
 [  1.5477821   -2.3006206 ]
 [ 11.869573   -12.62616   ]]
2025-12-21 21:19:56,845 - [INFO] - ------------------------------------------------------------
2025-12-21 21:19:56,845 - [INFO] - On Validation Set:
	Accuracy of RRL  Model: 0.9053213545266068
	F1 Score of RRL  Model: 0.7382890215228793
2025-12-21 21:19:56,851 - [INFO] - On Validation Set:
Performance of  RRL Model: 
[[1233   53]
 [  84   77]]
              precision    recall  f1-score   support

           0       0.94      0.96      0.95      1286
           1       0.59      0.48      0.53       161

    accuracy                           0.91      1447
   macro avg       0.76      0.72      0.74      1447
weighted avg       0.90      0.91      0.90      1447

2025-12-21 21:19:56,851 - [INFO] - ------------------------------------------------------------
2025-12-21 21:19:58,017 - [INFO] - epoch: 37, loss_rrl: 112.51138581521809
2025-12-21 21:19:58,591 - [DEBUG] - y_true: (1447,) [0 0 0 0 0 1 0 0 0 0 0 0 0 0 0 0 0 1 0 0 0 0 0 0 1 0 0 0 0 0 0 0 0 0 0 0 0
 0 1 1 0]
2025-12-21 21:19:58,749 - [DEBUG] - y_rrl_: (1447,) [0 0 0 0 0 1 0 0 0 0 0 0 0 0 0 0 0 0 0 0 0 0 0 0 1 0 0 0 0 0 0 0 0 0 0 0 0
 0 1 0 0]
2025-12-21 21:19:58,749 - [DEBUG] - y_rrl: (1447, 2) [[ 12.108345   -12.845412  ]
 [ -0.15629113  -0.5820386 ]
 [  8.504693    -9.241963  ]
 [  8.504693    -9.241963  ]
 [ 12.108345   -12.845412  ]
 [ -2.7254736    1.9892186 ]
 [ 12.108345   -12.845412  ]
 [ 10.016501   -10.756033  ]
 [ 12.108345   -12.845412  ]
 [  5.590449    -6.3291826 ]
 [  1.8989388   -2.6383653 ]
 [  6.3249903   -7.0652156 ]
 [ 10.320059   -11.060078  ]
 [ 10.320059   -11.060078  ]
 [  7.9008093   -8.639146  ]
 [ 10.320059   -11.060078  ]
 [ 10.016501   -10.756033  ]
 [  1.8989388   -2.6383653 ]
 [  5.4275403   -6.167428  ]
 [  9.014383    -9.754671  ]
 [ 11.322178   -12.0614395 ]
 [ 10.320059   -11.060078  ]
 [ 11.322178   -12.0614395 ]
 [ 10.320059   -11.060078  ]
 [ -4.9285994    4.192413  ]
 [  1.8989388   -2.6383653 ]
 [  7.630666    -8.370623  ]
 [ 10.320059   -11.060078  ]
 [  7.632075    -8.372736  ]
 [ 10.016501   -10.756033  ]
 [ 12.108345   -12.845412  ]
 [  9.012974    -9.752558  ]
 [  1.8989388   -2.6383653 ]
 [  1.8989388   -2.6383653 ]
 [ 12.108345   -12.845412  ]
 [ 10.016501   -10.756033  ]
 [ 11.322178   -12.0614395 ]
 [ 10.320059   -11.060078  ]
 [ -1.3431664    0.6072826 ]
 [  1.2695931   -2.0056446 ]
 [ 10.016501   -10.756033  ]]
2025-12-21 21:19:58,752 - [INFO] - ------------------------------------------------------------
2025-12-21 21:19:58,752 - [INFO] - On Validation Set:
	Accuracy of RRL  Model: 0.907394609536973
	F1 Score of RRL  Model: 0.7416512108808733
2025-12-21 21:19:58,758 - [INFO] - On Validation Set:
Performance of  RRL Model: 
[[1236   50]
 [  84   77]]
              precision    recall  f1-score   support

           0       0.94      0.96      0.95      1286
           1       0.61      0.48      0.53       161

    accuracy                           0.91      1447
   macro avg       0.77      0.72      0.74      1447
weighted avg       0.90      0.91      0.90      1447

2025-12-21 21:19:58,758 - [INFO] - ------------------------------------------------------------
2025-12-21 21:19:59,694 - [INFO] - epoch: 38, loss_rrl: 112.85490779206157
2025-12-21 21:20:00,521 - [DEBUG] - y_true: (1447,) [0 0 0 0 0 1 0 0 0 0 0 0 0 0 0 0 0 1 0 0 0 0 0 0 1 0 0 0 0 0 0 0 0 0 0 0 0
 0 1 1 0]
2025-12-21 21:20:00,679 - [DEBUG] - y_rrl_: (1447,) [0 1 0 0 0 1 0 0 0 0 0 0 0 0 0 0 0 0 0 0 0 0 0 0 1 0 0 0 0 0 0 0 0 0 0 0 0
 0 1 0 0]
2025-12-21 21:20:00,680 - [DEBUG] - y_rrl: (1447, 2) [[ 14.462997   -15.183039  ]
 [ -0.62635314  -0.09203001]
 [  9.615944   -10.33546   ]
 [  9.615944   -10.33546   ]
 [ 12.992684   -13.710539  ]
 [ -0.40279964  -0.3164942 ]
 [ 14.462997   -15.183039  ]
 [  9.615944   -10.33546   ]
 [ 14.462997   -15.183039  ]
 [  5.1841583   -5.9029193 ]
 [  2.6991558   -3.41933   ]
 [  8.601254    -9.32437   ]
 [ 12.682414   -13.405333  ]
 [ 11.212101   -11.932832  ]
 [ 12.682414   -13.405333  ]
 [ 12.682414   -13.405333  ]
 [ 10.85215    -11.572408  ]
 [  4.1694694   -4.89183   ]
 [  7.7173853   -8.440179  ]
 [  7.248544    -7.969156  ]
 [ 13.660391   -14.382578  ]
 [ 12.682414   -13.405333  ]
 [ 13.660391   -14.382578  ]
 [ 11.212101   -11.932832  ]
 [ -2.6245964    1.9053679 ]
 [  4.1694694   -4.89183   ]
 [  7.50564     -8.226896  ]
 [  9.975895   -10.695885  ]
 [  9.955065   -10.678602  ]
 [ 12.322464   -13.044908  ]
 [ 14.462997   -15.183039  ]
 [  9.939182   -10.662041  ]
 [  4.1694694   -4.89183   ]
 [  1.462949    -2.1823828 ]
 [ 14.462997   -15.183039  ]
 [  9.615944   -10.33546   ]
 [ 13.660391   -14.382578  ]
 [  9.975895   -10.695885  ]
 [ -0.40279964  -0.3164942 ]
 [  3.6783602   -4.3974547 ]
 [  9.615944   -10.33546   ]]
2025-12-21 21:20:00,682 - [INFO] - ------------------------------------------------------------
2025-12-21 21:20:00,682 - [INFO] - On Validation Set:
	Accuracy of RRL  Model: 0.9067035245335177
	F1 Score of RRL  Model: 0.7287722586691658
2025-12-21 21:20:00,688 - [INFO] - On Validation Set:
Performance of  RRL Model: 
[[1242   44]
 [  91   70]]
              precision    recall  f1-score   support

           0       0.93      0.97      0.95      1286
           1       0.61      0.43      0.51       161

    accuracy                           0.91      1447
   macro avg       0.77      0.70      0.73      1447
weighted avg       0.90      0.91      0.90      1447

2025-12-21 21:20:00,688 - [INFO] - ------------------------------------------------------------
2025-12-21 21:20:01,386 - [INFO] - epoch: 39, loss_rrl: 112.08283431641757
2025-12-21 21:20:02,457 - [DEBUG] - y_true: (1447,) [0 0 0 0 0 1 0 0 0 0 0 0 0 0 0 0 0 1 0 0 0 0 0 0 1 0 0 0 0 0 0 0 0 0 0 0 0
 0 1 1 0]
2025-12-21 21:20:02,615 - [DEBUG] - y_rrl_: (1447,) [0 0 0 0 0 1 0 0 0 0 0 0 0 0 0 0 0 0 0 0 0 0 0 0 1 0 0 0 0 0 0 0 0 0 0 0 0
 0 1 0 0]
2025-12-21 21:20:02,616 - [DEBUG] - y_rrl: (1447, 2) [[ 1.25496435e+01 -1.32529745e+01]
 [-1.26274936e-02 -6.91979229e-01]
 [ 8.66322231e+00 -9.36941624e+00]
 [ 8.90101910e+00 -9.60458565e+00]
 [ 1.23118458e+01 -1.30178061e+01]
 [-2.65406203e+00  1.94878054e+00]
 [ 1.25496435e+01 -1.32529745e+01]
 [ 1.03473301e+01 -1.10530071e+01]
 [ 1.25496435e+01 -1.32529745e+01]
 [ 4.07550764e+00 -4.78033447e+00]
 [ 2.86191583e-01 -9.91673052e-01]
 [ 6.32021666e+00 -7.02917576e+00]
 [ 1.05245943e+01 -1.12333593e+01]
 [ 1.05245943e+01 -1.12333593e+01]
 [ 8.29798317e+00 -9.00259304e+00]
 [ 1.07623920e+01 -1.14685278e+01]
 [ 1.03473301e+01 -1.10530071e+01]
 [ 2.86191583e-01 -9.91673052e-01]
 [ 7.10217333e+00 -7.80784035e+00]
 [ 9.37874222e+00 -1.00851278e+01]
 [ 1.17309799e+01 -1.24364071e+01]
 [ 1.05245943e+01 -1.12333593e+01]
 [ 1.14931822e+01 -1.22012386e+01]
 [ 1.07623920e+01 -1.14685278e+01]
 [-2.65406203e+00  1.94878054e+00]
 [ 4.83940728e-02 -7.56504357e-01]
 [ 4.09360552e+00 -4.79840994e+00]
 [ 1.07623920e+01 -1.14685278e+01]
 [ 7.72994184e+00 -8.43930817e+00]
 [ 1.03473301e+01 -1.10530071e+01]
 [ 1.25496435e+01 -1.32529745e+01]
 [ 9.11486912e+00 -9.82322693e+00]
 [ 2.86191583e-01 -9.91673052e-01]
 [ 4.83940728e-02 -7.56504357e-01]
 [ 1.23118458e+01 -1.30178061e+01]
 [ 1.03473301e+01 -1.10530071e+01]
 [ 1.14931822e+01 -1.22012386e+01]
 [ 1.07623920e+01 -1.14685278e+01]
 [-1.00526178e+00  3.02961349e-01]
 [ 1.78811347e+00 -2.49057078e+00]
 [ 1.03473301e+01 -1.10530071e+01]]
2025-12-21 21:20:02,618 - [INFO] - ------------------------------------------------------------
2025-12-21 21:20:02,618 - [INFO] - On Validation Set:
	Accuracy of RRL  Model: 0.9011748445058743
	F1 Score of RRL  Model: 0.7379569300128539
2025-12-21 21:20:02,624 - [INFO] - On Validation Set:
Performance of  RRL Model: 
[[1223   63]
 [  80   81]]
              precision    recall  f1-score   support

           0       0.94      0.95      0.94      1286
           1       0.56      0.50      0.53       161

    accuracy                           0.90      1447
   macro avg       0.75      0.73      0.74      1447
weighted avg       0.90      0.90      0.90      1447

2025-12-21 21:20:02,624 - [INFO] - ------------------------------------------------------------
2025-12-21 21:20:03,076 - [INFO] - epoch: 40, loss_rrl: 113.4821831844747
2025-12-21 21:20:04,392 - [DEBUG] - y_true: (1447,) [0 0 0 0 0 1 0 0 0 0 0 0 0 0 0 0 0 1 0 0 0 0 0 0 1 0 0 0 0 0 0 0 0 0 0 0 0
 0 1 1 0]
2025-12-21 21:20:04,550 - [DEBUG] - y_rrl_: (1447,) [0 1 0 0 0 1 0 0 0 0 0 0 0 0 0 0 0 0 0 0 0 0 0 0 1 0 0 0 0 0 0 0 0 0 0 0 0
 0 1 0 0]
2025-12-21 21:20:04,550 - [DEBUG] - y_rrl: (1447, 2) [[ 1.2012947e+01 -1.2699919e+01]
 [-2.6021745e+00  1.9131389e+00]
 [ 8.3159313e+00 -9.0031557e+00]
 [ 8.3159313e+00 -9.0031557e+00]
 [ 1.2012947e+01 -1.2699919e+01]
 [-3.0876601e+00  2.4012957e+00]
 [ 1.2012947e+01 -1.2699919e+01]
 [ 9.7795877e+00 -1.0468847e+01]
 [ 1.2012947e+01 -1.2699919e+01]
 [ 3.5332568e+00 -4.2217135e+00]
 [ 6.4526588e-01 -1.3336723e+00]
 [ 6.8915963e+00 -7.5808067e+00]
 [ 8.7977924e+00 -9.4878426e+00]
 [ 9.7689581e+00 -1.0458320e+01]
 [ 6.2941551e+00 -6.9827557e+00]
 [ 1.1194610e+01 -1.1883629e+01]
 [ 9.7795877e+00 -1.0468847e+01]
 [ 6.4526588e-01 -1.3336723e+00]
 [ 7.9471698e+00 -8.6368179e+00]
 [ 7.3827701e+00 -8.0730610e+00]
 [ 1.1194610e+01 -1.1883629e+01]
 [ 9.7689581e+00 -1.0458320e+01]
 [ 1.1194610e+01 -1.1883629e+01]
 [ 1.0223444e+01 -1.0913151e+01]
 [-3.0876601e+00  2.4012957e+00]
 [-3.2589978e-01 -3.6319450e-01]
 [ 4.3879595e+00 -5.0757198e+00]
 [ 8.7977924e+00 -9.4878426e+00]
 [ 8.3539362e+00 -9.0435381e+00]
 [ 9.7795877e+00 -1.0468847e+01]
 [ 1.2012947e+01 -1.2699919e+01]
 [ 7.3354530e+00 -8.0251112e+00]
 [ 6.4526588e-01 -1.3336723e+00]
 [ 6.4526588e-01 -1.3336723e+00]
 [ 1.2012947e+01 -1.2699919e+01]
 [ 9.7795877e+00 -1.0468847e+01]
 [ 1.1194610e+01 -1.1883629e+01]
 [ 8.7977924e+00 -9.4878426e+00]
 [-6.9084269e-01  5.5088717e-03]
 [ 7.6086694e-01 -1.4466949e+00]
 [ 9.7795877e+00 -1.0468847e+01]]
2025-12-21 21:20:04,552 - [INFO] - ------------------------------------------------------------
2025-12-21 21:20:04,552 - [INFO] - On Validation Set:
	Accuracy of RRL  Model: 0.8997926744989634
	F1 Score of RRL  Model: 0.7373257466213468
2025-12-21 21:20:04,558 - [INFO] - On Validation Set:
Performance of  RRL Model: 
[[1220   66]
 [  79   82]]
              precision    recall  f1-score   support

           0       0.94      0.95      0.94      1286
           1       0.55      0.51      0.53       161

    accuracy                           0.90      1447
   macro avg       0.75      0.73      0.74      1447
weighted avg       0.90      0.90      0.90      1447

2025-12-21 21:20:04,558 - [INFO] - ------------------------------------------------------------
2025-12-21 21:20:04,760 - [INFO] - epoch: 41, loss_rrl: 113.28279024362564
2025-12-21 21:20:06,272 - [INFO] - epoch: 42, loss_rrl: 112.63017976284027
2025-12-21 21:20:06,326 - [DEBUG] - y_true: (1447,) [0 0 0 0 0 1 0 0 0 0 0 0 0 0 0 0 0 1 0 0 0 0 0 0 1 0 0 0 0 0 0 0 0 0 0 0 0
 0 1 1 0]
2025-12-21 21:20:06,485 - [DEBUG] - y_rrl_: (1447,) [0 1 0 0 0 1 0 0 0 0 0 0 0 0 0 0 0 0 0 0 0 0 0 0 1 0 0 0 0 0 0 0 0 0 0 0 0
 0 1 0 0]
2025-12-21 21:20:06,486 - [DEBUG] - y_rrl: (1447, 2) [[ 12.117101   -12.787861  ]
 [ -2.2172198    1.5471207 ]
 [  9.838187   -10.508991  ]
 [  9.838187   -10.508991  ]
 [ 10.649644   -11.318445  ]
 [ -3.140448     2.4702263 ]
 [ 12.117101   -12.787861  ]
 [  9.838187   -10.508991  ]
 [ 12.117101   -12.787861  ]
 [  5.3966603   -6.066833  ]
 [  1.015011    -1.6853712 ]
 [  6.923993    -7.596945  ]
 [  8.890222    -9.563985  ]
 [  8.402139    -9.073276  ]
 [  8.890222    -9.563985  ]
 [  9.869595   -10.54269   ]
 [  9.838187   -10.508991  ]
 [  2.482467    -3.1547863 ]
 [  5.0624423   -5.7357717 ]
 [  5.987713    -6.659753  ]
 [ 11.305644   -11.978405  ]
 [  9.869595   -10.54269   ]
 [ 11.305644   -11.978405  ]
 [  8.858815    -9.530285  ]
 [ -3.140448     2.4702263 ]
 [  1.5030938   -2.1760805 ]
 [  4.3800154   -5.051591  ]
 [  7.422765    -8.09457   ]
 [  8.434543    -9.107874  ]
 [ 11.305644   -11.978405  ]
 [ 12.117101   -12.787861  ]
 [  7.379671    -8.053057  ]
 [  2.482467    -3.1547863 ]
 [  1.015011    -1.6853712 ]
 [ 12.117101   -12.787861  ]
 [  9.838187   -10.508991  ]
 [ 11.305644   -11.978405  ]
 [  7.422765    -8.09457   ]
 [ -0.7250262    0.05580522]
 [  0.78452575  -1.4542254 ]
 [  9.838187   -10.508991  ]]
2025-12-21 21:20:06,488 - [INFO] - ------------------------------------------------------------
2025-12-21 21:20:06,488 - [INFO] - On Validation Set:
	Accuracy of RRL  Model: 0.899101589495508
	F1 Score of RRL  Model: 0.7516271173687725
2025-12-21 21:20:06,494 - [INFO] - On Validation Set:
Performance of  RRL Model: 
[[1208   78]
 [  68   93]]
              precision    recall  f1-score   support

           0       0.95      0.94      0.94      1286
           1       0.54      0.58      0.56       161

    accuracy                           0.90      1447
   macro avg       0.75      0.76      0.75      1447
weighted avg       0.90      0.90      0.90      1447

2025-12-21 21:20:06,494 - [INFO] - ------------------------------------------------------------
2025-12-21 21:20:07,957 - [INFO] - epoch: 43, loss_rrl: 112.1798602361232
2025-12-21 21:20:08,268 - [DEBUG] - y_true: (1447,) [0 0 0 0 0 1 0 0 0 0 0 0 0 0 0 0 0 1 0 0 0 0 0 0 1 0 0 0 0 0 0 0 0 0 0 0 0
 0 1 1 0]
2025-12-21 21:20:08,427 - [DEBUG] - y_rrl_: (1447,) [0 1 0 0 0 1 0 0 0 0 1 0 0 0 0 0 0 0 0 0 0 0 0 0 1 0 0 0 0 0 0 0 0 0 0 0 0
 0 1 1 0]
2025-12-21 21:20:08,428 - [DEBUG] - y_rrl: (1447, 2) [[ 10.537431   -11.192281  ]
 [ -2.494734     1.8385853 ]
 [  8.263442    -8.918357  ]
 [  8.263442    -8.918357  ]
 [  9.071561    -9.724524  ]
 [ -4.900272     4.245901  ]
 [ 10.537431   -11.192281  ]
 [  9.729312   -10.386114  ]
 [ 10.537431   -11.192281  ]
 [  5.26697     -5.9231796 ]
 [ -1.6587831    1.0036308 ]
 [  4.2694283   -4.92706   ]
 [  7.2931595   -7.9509296 ]
 [  5.8272896   -6.4831734 ]
 [  4.727127    -5.383592  ]
 [  7.2931595   -7.9509296 ]
 [  8.263442    -8.918357  ]
 [ -0.19291297  -0.46412623]
 [  3.3940775   -4.051428  ]
 [  5.827753    -6.485751  ]
 [  9.729312   -10.386114  ]
 [  7.2931595   -7.9509296 ]
 [  9.729312   -10.386114  ]
 [  5.8272896   -6.4831734 ]
 [ -4.900272     4.245901  ]
 [ -0.19291297  -0.46412623]
 [  3.1688023   -3.8249004 ]
 [  7.2931595   -7.9509296 ]
 [  5.827753    -6.485751  ]
 [  9.729312   -10.386114  ]
 [ 10.537431   -11.192281  ]
 [  5.7348347   -6.392238  ]
 [ -0.19291297  -0.46412623]
 [ -0.19291297  -0.46412623]
 [ 10.537431   -11.192281  ]
 [  9.729312   -10.386114  ]
 [  9.729312   -10.386114  ]
 [  7.2931595   -7.9509296 ]
 [ -4.900272     4.245901  ]
 [ -1.8765408    1.222031  ]
 [  9.729312   -10.386114  ]]
2025-12-21 21:20:08,430 - [INFO] - ------------------------------------------------------------
2025-12-21 21:20:08,430 - [INFO] - On Validation Set:
	Accuracy of RRL  Model: 0.889426399447132
	F1 Score of RRL  Model: 0.7462071384723319
2025-12-21 21:20:08,436 - [INFO] - On Validation Set:
Performance of  RRL Model: 
[[1187   99]
 [  61  100]]
              precision    recall  f1-score   support

           0       0.95      0.92      0.94      1286
           1       0.50      0.62      0.56       161

    accuracy                           0.89      1447
   macro avg       0.73      0.77      0.75      1447
weighted avg       0.90      0.89      0.89      1447

2025-12-21 21:20:08,436 - [INFO] - ------------------------------------------------------------
2025-12-21 21:20:09,648 - [INFO] - epoch: 44, loss_rrl: 111.9479452893138
2025-12-21 21:20:10,190 - [DEBUG] - y_true: (1447,) [0 0 0 0 0 1 0 0 0 0 0 0 0 0 0 0 0 1 0 0 0 0 0 0 1 0 0 0 0 0 0 0 0 0 0 0 0
 0 1 1 0]
2025-12-21 21:20:10,347 - [DEBUG] - y_rrl_: (1447,) [0 0 0 0 0 1 0 0 0 0 0 0 0 0 0 0 0 0 0 0 0 0 0 0 1 0 0 0 0 0 0 0 0 0 0 0 0
 0 1 0 0]
2025-12-21 21:20:10,348 - [DEBUG] - y_rrl: (1447, 2) [[ 13.450304   -14.089487  ]
 [  0.34314606  -0.98363024]
 [  9.687668   -10.327162  ]
 [  9.687668   -10.327162  ]
 [ 13.450304   -14.089487  ]
 [ -2.136184     1.4974213 ]
 [ 13.450304   -14.089487  ]
 [ 11.155008   -11.796321  ]
 [ 13.450304   -14.089487  ]
 [  6.6373343   -7.2780876 ]
 [  2.6531413   -3.294479  ]
 [  7.1708145   -7.8127112 ]
 [ 10.249153   -10.891185  ]
 [ 11.685877   -12.327594  ]
 [  9.099685    -9.740159  ]
 [ 10.249153   -10.891185  ]
 [ 11.155008   -11.796321  ]
 [  2.6531413   -3.294479  ]
 [  6.3160257   -6.957649  ]
 [ 10.192286   -10.834224  ]
 [ 12.6486     -13.289691  ]
 [ 11.685877   -12.327594  ]
 [ 12.6486     -13.289691  ]
 [ 11.685877   -12.327594  ]
 [ -2.136184     1.4974213 ]
 [  2.6531413   -3.294479  ]
 [  6.0782137   -6.718647  ]
 [ 11.685877   -12.327594  ]
 [  8.755562    -9.397815  ]
 [ 11.155008   -11.796321  ]
 [ 13.450304   -14.089487  ]
 [ 10.1011305  -10.742491  ]
 [  2.6531413   -3.294479  ]
 [  2.6531413   -3.294479  ]
 [ 13.450304   -14.089487  ]
 [ 11.155008   -11.796321  ]
 [ 12.6486     -13.289691  ]
 [ 11.685877   -12.327594  ]
 [ -0.69946045   0.0610125 ]
 [  0.94215447  -1.5810521 ]
 [ 11.155008   -11.796321  ]]
2025-12-21 21:20:10,350 - [INFO] - ------------------------------------------------------------
2025-12-21 21:20:10,350 - [INFO] - On Validation Set:
	Accuracy of RRL  Model: 0.9080856945404284
	F1 Score of RRL  Model: 0.7378955210261313
2025-12-21 21:20:10,356 - [INFO] - On Validation Set:
Performance of  RRL Model: 
[[1240   46]
 [  87   74]]
              precision    recall  f1-score   support

           0       0.93      0.96      0.95      1286
           1       0.62      0.46      0.53       161

    accuracy                           0.91      1447
   macro avg       0.78      0.71      0.74      1447
weighted avg       0.90      0.91      0.90      1447

2025-12-21 21:20:10,356 - [INFO] - ------------------------------------------------------------
2025-12-21 21:20:11,328 - [INFO] - epoch: 45, loss_rrl: 112.35047199763358
2025-12-21 21:20:12,373 - [DEBUG] - y_true: (1447,) [0 0 0 0 0 1 0 0 0 0 0 0 0 0 0 0 0 1 0 0 0 0 0 0 1 0 0 0 0 0 0 0 0 0 0 0 0
 0 1 1 0]
2025-12-21 21:20:12,532 - [DEBUG] - y_rrl_: (1447,) [0 0 0 0 0 1 0 0 0 0 0 0 0 0 0 0 0 0 0 0 0 0 0 0 1 0 0 0 0 0 0 0 0 0 0 0 0
 0 1 0 0]
2025-12-21 21:20:12,532 - [DEBUG] - y_rrl: (1447, 2) [[ 15.123875   -15.747644  ]
 [  2.0212872   -2.6463547 ]
 [ 11.387      -12.011092  ]
 [ 11.387      -12.011092  ]
 [ 13.678348   -14.300367  ]
 [ -0.42733592  -0.19606349]
 [ 15.123875   -15.747644  ]
 [ 12.832527   -13.458369  ]
 [ 15.123875   -15.747644  ]
 [  6.391008    -7.016209  ]
 [  0.9879394   -1.6119587 ]
 [  8.874985    -9.501396  ]
 [ 11.962752   -12.589296  ]
 [ 10.517225   -11.142019  ]
 [ 11.962752   -12.589296  ]
 [ 11.962752   -12.589296  ]
 [ 11.387      -12.011092  ]
 [  2.4334662   -3.0592356 ]
 [  8.018681    -8.64483   ]
 [ 10.463451   -11.090208  ]
 [ 14.331828   -14.957458  ]
 [ 11.962752   -12.589296  ]
 [ 14.331828   -14.957458  ]
 [ 10.517225   -11.142019  ]
 [ -0.42733592  -0.19606349]
 [  2.4334662   -3.0592356 ]
 [  7.7840385   -8.409059  ]
 [ 11.962752   -12.589296  ]
 [ 10.463451   -11.090208  ]
 [ 12.832527   -13.458369  ]
 [ 15.123875   -15.747644  ]
 [  8.874985    -9.501396  ]
 [  2.4334662   -3.0592356 ]
 [  2.4334662   -3.0592356 ]
 [ 15.123875   -15.747644  ]
 [ 12.832527   -13.458369  ]
 [ 14.331828   -14.957458  ]
 [ 11.962752   -12.589296  ]
 [ -0.42733592  -0.19606349]
 [  2.6604328   -3.2839642 ]
 [ 12.832527   -13.458369  ]]
2025-12-21 21:20:12,534 - [INFO] - ------------------------------------------------------------
2025-12-21 21:20:12,534 - [INFO] - On Validation Set:
	Accuracy of RRL  Model: 0.8970283344851416
	F1 Score of RRL  Model: 0.6773245850999666
2025-12-21 21:20:12,540 - [INFO] - On Validation Set:
Performance of  RRL Model: 
[[1246   40]
 [ 109   52]]
              precision    recall  f1-score   support

           0       0.92      0.97      0.94      1286
           1       0.57      0.32      0.41       161

    accuracy                           0.90      1447
   macro avg       0.74      0.65      0.68      1447
weighted avg       0.88      0.90      0.88      1447

2025-12-21 21:20:12,540 - [INFO] - ------------------------------------------------------------
2025-12-21 21:20:13,262 - [INFO] - epoch: 46, loss_rrl: 112.27808963693678
2025-12-21 21:20:14,290 - [DEBUG] - y_true: (1447,) [0 0 0 0 0 1 0 0 0 0 0 0 0 0 0 0 0 1 0 0 0 0 0 0 1 0 0 0 0 0 0 0 0 0 0 0 0
 0 1 1 0]
2025-12-21 21:20:14,452 - [DEBUG] - y_rrl_: (1447,) [0 1 0 0 0 1 0 0 0 0 0 0 0 0 0 0 0 0 0 0 0 0 0 0 1 0 0 0 0 0 0 0 0 1 0 0 0
 0 0 0 0]
2025-12-21 21:20:14,452 - [DEBUG] - y_rrl: (1447, 2) [[ 12.307177   -12.915902  ]
 [ -2.2756083    1.6672696 ]
 [  7.1407733   -7.7492313 ]
 [  8.5593195   -9.16838   ]
 [ 10.888629   -11.496754  ]
 [ -3.279982     2.6715715 ]
 [ 12.307177   -12.915902  ]
 [  8.5593195   -9.16838   ]
 [ 12.307177   -12.915902  ]
 [  3.9991634   -4.6077332 ]
 [  3.0934188   -3.7045622 ]
 [  6.2350287   -6.8460603 ]
 [  9.169099    -9.779624  ]
 [  9.169099    -9.779624  ]
 [  7.987383    -8.597392  ]
 [ 10.5876465  -11.198772  ]
 [ 10.002957   -10.613704  ]
 [  3.0934188   -3.7045622 ]
 [  6.7991157   -7.410494  ]
 [  7.6244035   -8.234052  ]
 [ 11.522562   -12.1331005 ]
 [  9.169099    -9.779624  ]
 [ 10.104015   -10.713952  ]
 [ 10.5876465  -11.198772  ]
 [ -5.654047     5.045683  ]
 [  0.08662539  -0.69683325]
 [  4.9846697   -5.5946426 ]
 [  9.144009    -9.753449  ]
 [  6.2350287   -6.8460603 ]
 [ 10.002957   -10.613704  ]
 [ 12.307177   -12.915902  ]
 [  7.580852    -8.191042  ]
 [  1.5051719   -2.1159809 ]
 [ -1.3570124    0.74848986]
 [ 10.888629   -11.496754  ]
 [  8.5593195   -9.16838   ]
 [ 10.104015   -10.713952  ]
 [  9.144009    -9.753449  ]
 [ -0.27726948  -0.33117664]
 [  1.2423362   -1.850574  ]
 [  8.5593195   -9.16838   ]]
2025-12-21 21:20:14,454 - [INFO] - ------------------------------------------------------------
2025-12-21 21:20:14,454 - [INFO] - On Validation Set:
	Accuracy of RRL  Model: 0.9032480995162405
	F1 Score of RRL  Model: 0.7456584405540322
2025-12-21 21:20:14,462 - [INFO] - On Validation Set:
Performance of  RRL Model: 
[[1223   63]
 [  77   84]]
              precision    recall  f1-score   support

           0       0.94      0.95      0.95      1286
           1       0.57      0.52      0.55       161

    accuracy                           0.90      1447
   macro avg       0.76      0.74      0.75      1447
weighted avg       0.90      0.90      0.90      1447

2025-12-21 21:20:14,462 - [INFO] - ------------------------------------------------------------
2025-12-21 21:20:14,951 - [INFO] - epoch: 47, loss_rrl: 112.21711018122733
2025-12-21 21:20:16,232 - [DEBUG] - y_true: (1447,) [0 0 0 0 0 1 0 0 0 0 0 0 0 0 0 0 0 1 0 0 0 0 0 0 1 0 0 0 0 0 0 0 0 0 0 0 0
 0 1 1 0]
2025-12-21 21:20:16,393 - [DEBUG] - y_rrl_: (1447,) [0 1 0 0 0 1 0 0 0 0 0 0 0 0 0 0 0 0 0 0 0 0 0 0 1 0 0 0 0 0 0 0 0 0 0 0 0
 0 1 0 0]
2025-12-21 21:20:16,393 - [DEBUG] - y_rrl: (1447, 2) [[ 12.875588   -13.469601  ]
 [ -2.2980404    1.7021346 ]
 [  9.12312     -9.7174835 ]
 [  9.12312     -9.7174835 ]
 [ 12.875588   -13.469601  ]
 [ -2.7519486    2.158204  ]
 [ 12.875588   -13.469601  ]
 [ 10.571004   -11.166991  ]
 [ 12.875588   -13.469601  ]
 [  5.982873    -6.578397  ]
 [  2.9944415   -3.5899289 ]
 [  7.5825734   -8.178524  ]
 [  9.762399   -10.359041  ]
 [ 12.097096   -12.692879  ]
 [ 11.156615   -11.75297   ]
 [ 10.702879   -11.29895   ]
 [ 10.571004   -11.166991  ]
 [  2.9944415   -3.5899289 ]
 [  7.359702    -7.9563007 ]
 [  9.630525   -10.227082  ]
 [ 12.097096   -12.692879  ]
 [ 12.097096   -12.692879  ]
 [ 12.097096   -12.692879  ]
 [ 11.156615   -11.75297   ]
 [ -5.154645     4.5609446 ]
 [  2.0539613   -2.6500194 ]
 [  4.9809017   -5.575791  ]
 [ 11.156615   -11.75297   ]
 [  9.176787    -9.773063  ]
 [ 10.571004   -11.166991  ]
 [ 12.875588   -13.469601  ]
 [  9.562402   -10.158432  ]
 [  2.9944415   -3.5899289 ]
 [  2.9944415   -3.5899289 ]
 [ 12.875588   -13.469601  ]
 [ 10.571004   -11.166991  ]
 [ 12.097096   -12.692879  ]
 [ 11.156615   -11.75297   ]
 [ -0.41725022  -0.1756343 ]
 [  1.3088373   -1.9021326 ]
 [ 10.571004   -11.166991  ]]
2025-12-21 21:20:16,395 - [INFO] - ------------------------------------------------------------
2025-12-21 21:20:16,396 - [INFO] - On Validation Set:
	Accuracy of RRL  Model: 0.9011748445058743
	F1 Score of RRL  Model: 0.721717670950085
2025-12-21 21:20:16,401 - [INFO] - On Validation Set:
Performance of  RRL Model: 
[[1233   53]
 [  90   71]]
              precision    recall  f1-score   support

           0       0.93      0.96      0.95      1286
           1       0.57      0.44      0.50       161

    accuracy                           0.90      1447
   macro avg       0.75      0.70      0.72      1447
weighted avg       0.89      0.90      0.90      1447

2025-12-21 21:20:16,401 - [INFO] - ------------------------------------------------------------
2025-12-21 21:20:16,646 - [INFO] - epoch: 48, loss_rrl: 113.16975895687938
2025-12-21 21:20:18,153 - [INFO] - epoch: 49, loss_rrl: 113.86644341424108
2025-12-21 21:20:18,172 - [DEBUG] - y_true: (1447,) [0 0 0 0 0 1 0 0 0 0 0 0 0 0 0 0 0 1 0 0 0 0 0 0 1 0 0 0 0 0 0 0 0 0 0 0 0
 0 1 1 0]
2025-12-21 21:20:18,331 - [DEBUG] - y_rrl_: (1447,) [0 1 0 0 0 1 0 0 0 0 0 0 0 0 0 0 0 0 0 0 0 0 0 0 1 0 0 0 0 0 0 0 0 0 0 0 0
 0 0 0 0]
2025-12-21 21:20:18,332 - [DEBUG] - y_rrl: (1447, 2) [[ 12.85536   -13.43501  ]
 [ -3.0441747   2.4659538]
 [  7.7279124  -8.307362 ]
 [  9.126446   -9.706457 ]
 [ 11.456828  -12.035914 ]
 [ -2.7586422   2.1792183]
 [ 12.85536   -13.43501  ]
 [  9.872786  -10.451073 ]
 [ 12.85536   -13.43501  ]
 [  5.259013   -5.83686  ]
 [  3.7635477  -4.342923 ]
 [  6.9787874  -7.558041 ]
 [  9.143043   -9.722963 ]
 [  9.33624    -9.917333 ]
 [  7.9270325  -8.506511 ]
 [ 10.734771  -11.316428 ]
 [ 11.337856  -11.917704 ]
 [  3.7635477  -4.342923 ]
 [  7.364828   -7.9470005]
 [  6.8126593  -7.393507 ]
 [ 12.109019  -12.690396 ]
 [  9.33624    -9.917333 ]
 [ 10.710487  -11.291301 ]
 [ 11.915823  -12.496026 ]
 [ -2.0123005   1.4346051]
 [  1.4254794  -2.0048423]
 [  5.0164385  -5.5969706]
 [  9.076505   -9.655428 ]
 [  7.8187346  -8.400026 ]
 [ 11.337856  -11.917704 ]
 [ 12.85536   -13.43501  ]
 [  6.810415   -7.3917484]
 [  3.0172055  -3.5983095]
 [  0.1536042  -0.7325816]
 [ 11.456828  -12.035914 ]
 [  9.872786  -10.451073 ]
 [ 11.456828  -12.035914 ]
 [  9.076505   -9.655428 ]
 [  0.3014845  -0.8783467]
 [  2.0310268  -2.6082888]
 [  9.872786  -10.451073 ]]
2025-12-21 21:20:18,334 - [INFO] - ------------------------------------------------------------
2025-12-21 21:20:18,334 - [INFO] - On Validation Set:
	Accuracy of RRL  Model: 0.8984105044920525
	F1 Score of RRL  Model: 0.7290583168698962
2025-12-21 21:20:18,340 - [INFO] - On Validation Set:
Performance of  RRL Model: 
[[1222   64]
 [  83   78]]
              precision    recall  f1-score   support

           0       0.94      0.95      0.94      1286
           1       0.55      0.48      0.51       161

    accuracy                           0.90      1447
   macro avg       0.74      0.72      0.73      1447
weighted avg       0.89      0.90      0.90      1447

2025-12-21 21:20:18,340 - [INFO] - ------------------------------------------------------------
2025-12-21 21:20:19,835 - [INFO] - epoch: 50, loss_rrl: 111.84319361113012
2025-12-21 21:20:20,098 - [DEBUG] - y_true: (1447,) [0 0 0 0 0 1 0 0 0 0 0 0 0 0 0 0 0 1 0 0 0 0 0 0 1 0 0 0 0 0 0 0 0 0 0 0 0
 0 1 1 0]
2025-12-21 21:20:20,257 - [DEBUG] - y_rrl_: (1447,) [0 1 0 0 0 1 0 0 0 0 0 0 0 0 0 0 0 0 0 0 0 0 0 0 1 0 0 0 0 0 0 0 0 0 0 0 0
 0 0 0 0]
2025-12-21 21:20:20,257 - [DEBUG] - y_rrl: (1447, 2) [[ 15.001378   -15.566834  ]
 [ -0.30462143  -0.26265848]
 [ 11.263077   -11.828902  ]
 [ 11.263077   -11.828902  ]
 [ 13.52724    -14.091195  ]
 [ -0.74743295   0.18216357]
 [ 15.001378   -15.566834  ]
 [ 13.487556   -14.053202  ]
 [ 15.001378   -15.566834  ]
 [  8.8260765   -9.39131   ]
 [  4.381065    -4.9447646 ]
 [ 10.516685   -11.082298  ]
 [ 11.938195   -12.506141  ]
 [ 12.776898   -13.342535  ]
 [ 13.302128   -13.8698015 ]
 [ 12.887105   -13.454515  ]
 [ 12.013418   -12.577562  ]
 [  5.855203    -6.420405  ]
 [  9.493119   -10.061027  ]
 [ 11.788306   -12.356169  ]
 [ 14.251037   -14.818175  ]
 [ 14.251037   -14.818175  ]
 [ 14.251037   -14.818175  ]
 [ 11.82799    -12.39416   ]
 [ -0.74743295   0.18216357]
 [  4.155951    -4.723371  ]
 [  8.641713    -9.207857  ]
 [ 13.302128   -13.8698015 ]
 [ 12.737215   -13.304543  ]
 [ 12.737215   -13.304543  ]
 [ 15.001378   -15.566834  ]
 [ 10.331256   -10.898896  ]
 [  5.10486     -5.671746  ]
 [  5.10486     -5.671746  ]
 [ 15.001378   -15.566834  ]
 [ 13.487556   -14.053202  ]
 [ 14.251037   -14.818175  ]
 [ 13.302128   -13.8698015 ]
 [  2.315752    -2.8785298 ]
 [  4.0725822   -4.6357474 ]
 [ 13.487556   -14.053202  ]]
2025-12-21 21:20:20,259 - [INFO] - ------------------------------------------------------------
2025-12-21 21:20:20,259 - [INFO] - On Validation Set:
	Accuracy of RRL  Model: 0.8977194194885971
	F1 Score of RRL  Model: 0.644830239747383
2025-12-21 21:20:20,265 - [INFO] - On Validation Set:
Performance of  RRL Model: 
[[1260   26]
 [ 122   39]]
              precision    recall  f1-score   support

           0       0.91      0.98      0.94      1286
           1       0.60      0.24      0.35       161

    accuracy                           0.90      1447
   macro avg       0.76      0.61      0.64      1447
weighted avg       0.88      0.90      0.88      1447

2025-12-21 21:20:20,265 - [INFO] - ------------------------------------------------------------
2025-12-21 21:20:21,536 - [INFO] - epoch: 51, loss_rrl: 112.26637289300561
2025-12-21 21:20:22,051 - [DEBUG] - y_true: (1447,) [0 0 0 0 0 1 0 0 0 0 0 0 0 0 0 0 0 1 0 0 0 0 0 0 1 0 0 0 0 0 0 0 0 0 0 0 0
 0 1 1 0]
2025-12-21 21:20:22,210 - [DEBUG] - y_rrl_: (1447,) [0 0 0 0 0 1 0 0 0 0 0 0 0 0 0 0 0 0 0 0 0 0 0 0 1 0 0 0 0 0 0 0 0 0 0 0 0
 0 1 0 0]
2025-12-21 21:20:22,211 - [DEBUG] - y_rrl: (1447, 2) [[ 13.145247   -13.696681  ]
 [ -0.16658136  -0.38611168]
 [  9.397638    -9.949446  ]
 [  9.397638    -9.949446  ]
 [ 13.145247   -13.696681  ]
 [ -2.703123     2.1518383 ]
 [ 13.145247   -13.696681  ]
 [ 10.889002   -11.442255  ]
 [ 13.145247   -13.696681  ]
 [  6.167874    -6.720743  ]
 [  3.2191951   -3.7720323 ]
 [  7.9403234   -8.493544  ]
 [ 10.103883   -10.657737  ]
 [ 12.390029   -12.943101  ]
 [ 11.452094   -12.005684  ]
 [ 11.041819   -11.595153  ]
 [ 10.889002   -11.442255  ]
 [  3.2191951   -3.7720323 ]
 [  6.1644073   -6.718406  ]
 [  9.951067   -10.504838  ]
 [ 12.390029   -12.943101  ]
 [ 12.390029   -12.943101  ]
 [ 12.390029   -12.943101  ]
 [ 11.452094   -12.005684  ]
 [ -2.703123     2.1518383 ]
 [  2.2812593   -2.8346157 ]
 [  6.7770214   -7.329149  ]
 [ 11.452094   -12.005684  ]
 [ 10.889002   -11.442255  ]
 [ 10.889002   -11.442255  ]
 [ 13.145247   -13.696681  ]
 [ 11.452094   -12.005684  ]
 [  3.2191951   -3.7720323 ]
 [  3.2191951   -3.7720323 ]
 [ 13.145247   -13.696681  ]
 [ 10.889002   -11.442255  ]
 [ 12.390029   -12.943101  ]
 [ 11.452094   -12.005684  ]
 [ -0.41697618  -0.13352628]
 [  1.3363086   -1.8871884 ]
 [ 10.889002   -11.442255  ]]
2025-12-21 21:20:22,213 - [INFO] - ------------------------------------------------------------
2025-12-21 21:20:22,213 - [INFO] - On Validation Set:
	Accuracy of RRL  Model: 0.9053213545266068
	F1 Score of RRL  Model: 0.7074865465856289
2025-12-21 21:20:22,219 - [INFO] - On Validation Set:
Performance of  RRL Model: 
[[1250   36]
 [ 101   60]]
              precision    recall  f1-score   support

           0       0.93      0.97      0.95      1286
           1       0.62      0.37      0.47       161

    accuracy                           0.91      1447
   macro avg       0.78      0.67      0.71      1447
weighted avg       0.89      0.91      0.89      1447

2025-12-21 21:20:22,219 - [INFO] - ------------------------------------------------------------
2025-12-21 21:20:23,228 - [INFO] - epoch: 52, loss_rrl: 113.05878582596779
2025-12-21 21:20:23,992 - [DEBUG] - y_true: (1447,) [0 0 0 0 0 1 0 0 0 0 0 0 0 0 0 0 0 1 0 0 0 0 0 0 1 0 0 0 0 0 0 0 0 0 0 0 0
 0 1 1 0]
2025-12-21 21:20:24,153 - [DEBUG] - y_rrl_: (1447,) [0 0 0 0 0 1 0 0 0 0 0 0 0 0 0 0 0 0 0 0 0 0 0 0 1 0 0 0 0 0 0 0 0 0 0 0 0
 0 0 0 0]
2025-12-21 21:20:24,154 - [DEBUG] - y_rrl: (1447, 2) [[ 1.48029718e+01 -1.53406229e+01]
 [ 4.74944618e-03 -5.42260408e-01]
 [ 1.10821362e+01 -1.16201677e+01]
 [ 1.10821362e+01 -1.16201677e+01]
 [ 1.48029718e+01 -1.53406229e+01]
 [-1.04918718e+00  5.11648297e-01]
 [ 1.48029718e+01 -1.53406229e+01]
 [ 1.10821362e+01 -1.16201677e+01]
 [ 1.48029718e+01 -1.53406229e+01]
 [ 6.31588840e+00 -6.85356045e+00]
 [ 3.93251824e+00 -4.47205210e+00]
 [ 8.69876575e+00 -9.23865986e+00]
 [ 1.17703533e+01 -1.23103552e+01]
 [ 1.31139498e+01 -1.36536970e+01]
 [ 1.31139498e+01 -1.36536970e+01]
 [ 1.17703533e+01 -1.23103552e+01]
 [ 1.25767956e+01 -1.31162167e+01]
 [ 3.93251824e+00 -4.47205210e+00]
 [ 7.86978674e+00 -8.40993118e+00]
 [ 1.01444845e+01 -1.06830196e+01]
 [ 1.40516014e+01 -1.45908442e+01]
 [ 1.31139498e+01 -1.36536970e+01]
 [ 1.40516014e+01 -1.45908442e+01]
 [ 1.31139498e+01 -1.36536970e+01]
 [-3.47494769e+00  2.93744421e+00]
 [ 3.93251824e+00 -4.47205210e+00]
 [ 7.49080658e+00 -8.02966022e+00]
 [ 1.16192904e+01 -1.21576471e+01]
 [ 1.16391439e+01 -1.21790695e+01]
 [ 1.25767956e+01 -1.31162167e+01]
 [ 1.48029718e+01 -1.53406229e+01]
 [ 1.31139498e+01 -1.36536970e+01]
 [ 3.93251824e+00 -4.47205210e+00]
 [ 2.43785882e+00 -2.97600341e+00]
 [ 1.48029718e+01 -1.53406229e+01]
 [ 1.10821362e+01 -1.16201677e+01]
 [ 1.40516014e+01 -1.45908442e+01]
 [ 1.16192904e+01 -1.21576471e+01]
 [ 2.94409186e-01 -8.31693411e-01]
 [ 2.02239943e+00 -2.56004667e+00]
 [ 1.10821362e+01 -1.16201677e+01]]
2025-12-21 21:20:24,156 - [INFO] - ------------------------------------------------------------
2025-12-21 21:20:24,156 - [INFO] - On Validation Set:
	Accuracy of RRL  Model: 0.9053213545266068
	F1 Score of RRL  Model: 0.6922676899624802
2025-12-21 21:20:24,162 - [INFO] - On Validation Set:
Performance of  RRL Model: 
[[1257   29]
 [ 108   53]]
              precision    recall  f1-score   support

           0       0.92      0.98      0.95      1286
           1       0.65      0.33      0.44       161

    accuracy                           0.91      1447
   macro avg       0.78      0.65      0.69      1447
weighted avg       0.89      0.91      0.89      1447

2025-12-21 21:20:24,162 - [INFO] - ------------------------------------------------------------
2025-12-21 21:20:24,940 - [INFO] - epoch: 53, loss_rrl: 112.7854559533298
2025-12-21 21:20:25,976 - [DEBUG] - y_true: (1447,) [0 0 0 0 0 1 0 0 0 0 0 0 0 0 0 0 0 1 0 0 0 0 0 0 1 0 0 0 0 0 0 0 0 0 0 0 0
 0 1 1 0]
2025-12-21 21:20:26,135 - [DEBUG] - y_rrl_: (1447,) [0 0 0 0 0 1 0 0 0 0 0 0 0 0 0 0 0 0 0 0 0 0 0 0 1 0 0 0 0 0 0 0 0 0 0 0 0
 0 0 0 0]
2025-12-21 21:20:26,135 - [DEBUG] - y_rrl: (1447, 2) [[ 15.580501   -16.104765  ]
 [  0.73914754  -1.2633046 ]
 [ 10.516684   -11.040836  ]
 [ 11.873858   -12.398506  ]
 [ 14.223326   -14.747095  ]
 [ -0.31754267  -0.20663515]
 [ 15.580501   -16.104765  ]
 [ 12.618127   -13.141228  ]
 [ 15.580501   -16.104765  ]
 [  7.80071     -8.323472  ]
 [  6.3534956   -6.8775625 ]
 [  9.813737   -10.337647  ]
 [ 12.53446    -13.060264  ]
 [ 13.479057   -14.004374  ]
 [ 13.891635   -14.417934  ]
 [ 14.836232   -15.362044  ]
 [ 14.116562   -14.640998  ]
 [  6.3534956   -6.8775625 ]
 [ 10.131226   -10.657736  ]
 [  9.327911    -9.852771  ]
 [ 14.836232   -15.362044  ]
 [ 13.479057   -14.004374  ]
 [ 13.479057   -14.004374  ]
 [ 13.891635   -14.417934  ]
 [ -2.7336526    2.2095082 ]
 [  3.3074555   -3.8330612 ]
 [  9.188793    -9.713751  ]
 [ 12.3932     -12.918164  ]
 [ 10.413769   -10.93898   ]
 [ 13.372293   -13.898276  ]
 [ 15.580501   -16.104765  ]
 [ 12.53446    -13.060264  ]
 [  5.6092286   -6.134842  ]
 [  2.7536178   -3.277402  ]
 [ 14.223326   -14.747095  ]
 [ 12.618127   -13.141228  ]
 [ 13.479057   -14.004374  ]
 [ 12.3932     -12.918164  ]
 [  2.715622    -3.2375202 ]
 [  5.7809114   -6.302913  ]
 [ 12.618127   -13.141228  ]]
2025-12-21 21:20:26,138 - [INFO] - ------------------------------------------------------------
2025-12-21 21:20:26,138 - [INFO] - On Validation Set:
	Accuracy of RRL  Model: 0.9046302695231514
	F1 Score of RRL  Model: 0.6577014851688814
2025-12-21 21:20:26,144 - [INFO] - On Validation Set:
Performance of  RRL Model: 
[[1269   17]
 [ 121   40]]
              precision    recall  f1-score   support

           0       0.91      0.99      0.95      1286
           1       0.70      0.25      0.37       161

    accuracy                           0.90      1447
   macro avg       0.81      0.62      0.66      1447
weighted avg       0.89      0.90      0.88      1447

2025-12-21 21:20:26,144 - [INFO] - ------------------------------------------------------------
2025-12-21 21:20:26,667 - [INFO] - epoch: 54, loss_rrl: 112.50786727294326
2025-12-21 21:20:27,926 - [DEBUG] - y_true: (1447,) [0 0 0 0 0 1 0 0 0 0 0 0 0 0 0 0 0 1 0 0 0 0 0 0 1 0 0 0 0 0 0 0 0 0 0 0 0
 0 1 1 0]
2025-12-21 21:20:28,087 - [DEBUG] - y_rrl_: (1447,) [0 0 0 0 0 1 0 0 0 0 0 0 0 0 0 0 0 0 0 0 0 0 0 0 1 0 0 0 0 0 0 0 0 0 0 0 0
 0 0 0 0]
2025-12-21 21:20:28,087 - [DEBUG] - y_rrl: (1447, 2) [[ 14.043842  -14.554878 ]
 [  0.5948482  -1.1070975]
 [ 10.32867   -10.840094 ]
 [ 10.32867   -10.840094 ]
 [ 12.545635  -13.055389 ]
 [ -1.9162316   1.4052491]
 [ 14.043842  -14.554878 ]
 [ 12.577189  -13.088393 ]
 [ 14.043842  -14.554878 ]
 [  7.729517   -8.240402 ]
 [  3.2647235  -3.7742972]
 [  9.610604  -10.121777 ]
 [ 12.344334  -12.857343 ]
 [ 11.795322  -12.306579 ]
 [ 12.344334  -12.857343 ]
 [ 13.2935295 -13.806067 ]
 [ 11.078982  -11.588904 ]
 [  4.7629304  -5.2737856]
 [  8.535161   -9.048373 ]
 [  9.27869    -9.791599 ]
 [ 13.2935295 -13.806067 ]
 [ 13.2935295 -13.806067 ]
 [ 13.2935295 -13.806067 ]
 [ 10.846127  -11.357855 ]
 [ -4.35781     3.8468597]
 [  3.063421   -3.5762506]
 [  8.8602915  -9.372966 ]
 [ 12.344334  -12.857343 ]
 [ 10.227886  -10.740324 ]
 [ 11.826877  -12.339582 ]
 [ 14.043842  -14.554878 ]
 [  7.911095   -8.424241 ]
 [  4.0126166  -4.524975 ]
 [  4.0126166  -4.524975 ]
 [ 14.043842  -14.554878 ]
 [ 12.577189  -13.088393 ]
 [ 13.2935295 -13.806067 ]
 [ 12.344334  -12.857343 ]
 [  1.150873   -1.6596445]
 [  4.216517   -4.7253876]
 [ 12.577189  -13.088393 ]]
2025-12-21 21:20:28,089 - [INFO] - ------------------------------------------------------------
2025-12-21 21:20:28,089 - [INFO] - On Validation Set:
	Accuracy of RRL  Model: 0.9080856945404284
	F1 Score of RRL  Model: 0.725622283147208
2025-12-21 21:20:28,096 - [INFO] - On Validation Set:
Performance of  RRL Model: 
[[1247   39]
 [  94   67]]
              precision    recall  f1-score   support

           0       0.93      0.97      0.95      1286
           1       0.63      0.42      0.50       161

    accuracy                           0.91      1447
   macro avg       0.78      0.69      0.73      1447
weighted avg       0.90      0.91      0.90      1447

2025-12-21 21:20:28,096 - [INFO] - ------------------------------------------------------------
2025-12-21 21:20:28,373 - [INFO] - epoch: 55, loss_rrl: 112.18777542375028
2025-12-21 21:20:29,858 - [DEBUG] - y_true: (1447,) [0 0 0 0 0 1 0 0 0 0 0 0 0 0 0 0 0 1 0 0 0 0 0 0 1 0 0 0 0 0 0 0 0 0 0 0 0
 0 1 1 0]
2025-12-21 21:20:30,020 - [DEBUG] - y_rrl_: (1447,) [0 0 0 0 0 1 0 0 0 0 0 0 0 0 0 0 0 0 0 0 0 0 0 0 1 0 0 0 0 0 0 0 0 0 0 0 0
 0 0 0 0]
2025-12-21 21:20:30,020 - [DEBUG] - y_rrl: (1447, 2) [[ 14.746706   -15.244793  ]
 [  1.9911689   -2.4889953 ]
 [ 11.016674   -11.515146  ]
 [ 11.016674   -11.515146  ]
 [ 14.746706   -15.244793  ]
 [ -1.2203736    0.7223222 ]
 [ 14.746706   -15.244793  ]
 [ 13.28018    -13.778431  ]
 [ 14.746706   -15.244793  ]
 [  8.431748    -8.929701  ]
 [  5.4501243   -5.9480457 ]
 [ 10.298556   -10.796778  ]
 [ 12.409242   -12.908016  ]
 [ 13.982067   -14.481609  ]
 [ 11.07683    -11.574638  ]
 [ 12.597776   -13.097546  ]
 [ 13.28018    -13.778431  ]
 [  5.4501243   -5.9480457 ]
 [  9.188641    -9.688838  ]
 [  9.965036   -10.464941  ]
 [ 13.982067   -14.481609  ]
 [ 13.982067   -14.481609  ]
 [ 13.982067   -14.481609  ]
 [ 13.793533   -14.292078  ]
 [ -2.9116967    2.4151316 ]
 [  4.4969516   -4.995331  ]
 [  6.817214    -7.3161526 ]
 [ 13.793533   -14.292078  ]
 [ 10.918209   -11.417656  ]
 [ 13.28018    -13.778431  ]
 [ 14.746706   -15.244793  ]
 [ 11.562368   -12.062532  ]
 [  4.685484    -5.184862  ]
 [  4.685484    -5.184862  ]
 [ 14.746706   -15.244793  ]
 [ 13.28018    -13.778431  ]
 [ 14.746706   -15.244793  ]
 [ 13.793533   -14.292078  ]
 [  0.49743885  -0.99357677]
 [  3.561297    -4.0575304 ]
 [ 13.28018    -13.778431  ]]
2025-12-21 21:20:30,023 - [INFO] - ------------------------------------------------------------
2025-12-21 21:20:30,023 - [INFO] - On Validation Set:
	Accuracy of RRL  Model: 0.9094678645473393
	F1 Score of RRL  Model: 0.7183172473233325
2025-12-21 21:20:30,030 - [INFO] - On Validation Set:
Performance of  RRL Model: 
[[1254   32]
 [  99   62]]
              precision    recall  f1-score   support

           0       0.93      0.98      0.95      1286
           1       0.66      0.39      0.49       161

    accuracy                           0.91      1447
   macro avg       0.79      0.68      0.72      1447
weighted avg       0.90      0.91      0.90      1447

2025-12-21 21:20:30,030 - [INFO] - ------------------------------------------------------------
2025-12-21 21:20:30,094 - [INFO] - epoch: 56, loss_rrl: 111.8382644187659
2025-12-21 21:20:31,750 - [INFO] - epoch: 57, loss_rrl: 111.68125742860138
2025-12-21 21:20:31,976 - [DEBUG] - y_true: (1447,) [0 0 0 0 0 1 0 0 0 0 0 0 0 0 0 0 0 1 0 0 0 0 0 0 1 0 0 0 0 0 0 0 0 0 0 0 0
 0 1 1 0]
2025-12-21 21:20:32,134 - [DEBUG] - y_rrl_: (1447,) [0 1 0 0 0 1 0 0 0 0 0 0 0 0 0 0 0 0 0 0 0 0 0 0 1 0 0 0 0 0 0 0 0 0 0 0 0
 0 0 0 0]
2025-12-21 21:20:32,134 - [DEBUG] - y_rrl: (1447, 2) [[ 12.932435  -13.417386 ]
 [ -3.107071    2.62126  ]
 [  9.17492    -9.660263 ]
 [ 10.4239025 -10.909695 ]
 [ 12.932435  -13.417386 ]
 [ -1.8790977   1.3937047]
 [ 14.181418  -14.666818 ]
 [ 11.195513  -11.679889 ]
 [ 14.181418  -14.666818 ]
 [  8.471546   -8.955224 ]
 [  5.6996665  -6.184049 ]
 [  9.672617  -10.158144 ]
 [ 11.031524  -11.519    ]
 [ 12.160826  -12.647192 ]
 [  9.722136  -10.208696 ]
 [ 10.746246  -11.232832 ]
 [ 11.448883  -11.933995 ]
 [  6.94865    -7.43348  ]
 [  5.822032   -6.309192 ]
 [  7.849527   -8.335508 ]
 [ 13.409808  -13.896623 ]
 [ 12.160826  -12.647192 ]
 [ 12.160826  -12.647192 ]
 [ 11.19712   -11.6839285]
 [ -1.8790977   1.3937047]
 [  3.0844924  -3.5716004]
 [  7.6605916  -8.146677 ]
 [ 10.943749  -11.429822 ]
 [ 10.315586  -10.802309 ]
 [ 11.926256  -12.413232 ]
 [ 14.181418  -14.666818 ]
 [ 10.962551  -11.449969 ]
 [  4.928057   -5.413854 ]
 [  3.4257038  -3.910317 ]
 [ 14.181418  -14.666818 ]
 [ 11.195513  -11.679889 ]
 [ 12.160826  -12.647192 ]
 [  9.694766  -10.18039  ]
 [  1.2707961  -1.7541134]
 [  2.9504378  -3.4340677]
 [  9.946529  -10.430457 ]]
2025-12-21 21:20:32,136 - [INFO] - ------------------------------------------------------------
2025-12-21 21:20:32,137 - [INFO] - On Validation Set:
	Accuracy of RRL  Model: 0.9080856945404284
	F1 Score of RRL  Model: 0.725622283147208
2025-12-21 21:20:32,142 - [INFO] - On Validation Set:
Performance of  RRL Model: 
[[1247   39]
 [  94   67]]
              precision    recall  f1-score   support

           0       0.93      0.97      0.95      1286
           1       0.63      0.42      0.50       161

    accuracy                           0.91      1447
   macro avg       0.78      0.69      0.73      1447
weighted avg       0.90      0.91      0.90      1447

2025-12-21 21:20:32,143 - [INFO] - ------------------------------------------------------------
2025-12-21 21:20:33,420 - [INFO] - epoch: 58, loss_rrl: 110.87947428599
2025-12-21 21:20:33,886 - [DEBUG] - y_true: (1447,) [0 0 0 0 0 1 0 0 0 0 0 0 0 0 0 0 0 1 0 0 0 0 0 0 1 0 0 0 0 0 0 0 0 0 0 0 0
 0 1 1 0]
2025-12-21 21:20:34,044 - [DEBUG] - y_rrl_: (1447,) [0 1 0 0 0 1 0 0 0 0 0 0 0 0 0 0 0 0 0 0 0 0 0 0 1 0 0 0 0 0 0 0 0 0 0 0 0
 0 1 0 0]
2025-12-21 21:20:34,045 - [DEBUG] - y_rrl: (1447, 2) [[ 13.304066   -13.777055  ]
 [ -0.41101643  -0.06313089]
 [  9.496612    -9.969993  ]
 [  9.496612    -9.969993  ]
 [ 13.304066   -13.777055  ]
 [ -2.8142211    2.3412118 ]
 [ 13.304066   -13.777055  ]
 [ 11.796418   -12.269565  ]
 [ 13.304066   -13.777055  ]
 [  6.9131317   -7.38602   ]
 [  2.908307    -3.3815908 ]
 [  7.7915936   -8.265134  ]
 [ 10.150508   -10.625509  ]
 [ 11.580378   -12.055165  ]
 [ 11.580378   -12.055165  ]
 [ 10.150508   -10.625509  ]
 [ 11.796418   -12.269565  ]
 [  2.908307    -3.3815908 ]
 [  6.166002    -6.6411304 ]
 [ 10.07273    -10.547675  ]
 [ 12.528306   -13.0026655 ]
 [ 11.580378   -12.055165  ]
 [ 12.528306   -13.0026655 ]
 [ 11.580378   -12.055165  ]
 [ -2.8142211    2.3412118 ]
 [  2.1325464   -2.607201  ]
 [  5.7858043   -6.2599015 ]
 [ 11.580378   -12.055165  ]
 [  8.4457035   -8.920402  ]
 [ 11.0206585  -11.495175  ]
 [ 13.304066   -13.777055  ]
 [ 10.07273    -10.547675  ]
 [  2.1325464   -2.607201  ]
 [  2.1325464   -2.607201  ]
 [ 13.304066   -13.777055  ]
 [ 11.796418   -12.269565  ]
 [ 12.528306   -13.0026655 ]
 [ 11.580378   -12.055165  ]
 [ -0.6085913    0.13716576]
 [  1.0962139   -1.567942  ]
 [ 11.796418   -12.269565  ]]
2025-12-21 21:20:34,047 - [INFO] - ------------------------------------------------------------
2025-12-21 21:20:34,047 - [INFO] - On Validation Set:
	Accuracy of RRL  Model: 0.9087767795438839
	F1 Score of RRL  Model: 0.7356594811837778
2025-12-21 21:20:34,053 - [INFO] - On Validation Set:
Performance of  RRL Model: 
[[1243   43]
 [  89   72]]
              precision    recall  f1-score   support

           0       0.93      0.97      0.95      1286
           1       0.63      0.45      0.52       161

    accuracy                           0.91      1447
   macro avg       0.78      0.71      0.74      1447
weighted avg       0.90      0.91      0.90      1447

2025-12-21 21:20:34,053 - [INFO] - ------------------------------------------------------------
2025-12-21 21:20:35,114 - [INFO] - epoch: 59, loss_rrl: 110.90440138429403
2025-12-21 21:20:35,823 - [DEBUG] - y_true: (1447,) [0 0 0 0 0 1 0 0 0 0 0 0 0 0 0 0 0 1 0 0 0 0 0 0 1 0 0 0 0 0 0 0 0 0 0 0 0
 0 1 1 0]
2025-12-21 21:20:35,982 - [DEBUG] - y_rrl_: (1447,) [0 1 0 0 0 1 0 0 0 0 0 0 0 0 0 0 0 0 0 0 0 0 0 0 1 0 0 0 0 0 0 0 0 0 0 0 0
 0 0 0 0]
2025-12-21 21:20:35,983 - [DEBUG] - y_rrl: (1447, 2) [[ 14.3556     -14.816462  ]
 [ -0.8640309    0.40312782]
 [ 10.528513   -10.989762  ]
 [ 10.528513   -10.989762  ]
 [ 14.3556     -14.816462  ]
 [ -1.7213691    1.2604723 ]
 [ 14.3556     -14.816462  ]
 [ 11.299898   -11.759822  ]
 [ 14.3556     -14.816462  ]
 [  6.4325027   -6.892182  ]
 [  3.9515383   -4.4126916 ]
 [  8.8189335   -9.280331  ]
 [ 12.639788   -13.10239   ]
 [ 12.639788   -13.10239   ]
 [ 12.639788   -13.10239   ]
 [ 12.639788   -13.10239   ]
 [ 12.825829   -13.286841  ]
 [  3.9515383   -4.4126916 ]
 [  7.203805    -7.6667404 ]
 [  7.9568224   -8.418248  ]
 [ 13.584215   -14.046403  ]
 [ 12.639788   -13.10239   ]
 [ 13.584215   -14.046403  ]
 [ 12.639788   -13.10239   ]
 [ -4.192377     3.7315054 ]
 [  3.1801512   -3.6426342 ]
 [  5.3210597   -5.7831583 ]
 [ 11.113858   -11.57537   ]
 [  9.482752    -9.945269  ]
 [ 12.054442   -12.516783  ]
 [ 14.3556     -14.816462  ]
 [ 11.110016   -11.57277   ]
 [  3.1801512   -3.6426342 ]
 [  1.6542213   -2.1156137 ]
 [ 14.3556     -14.816462  ]
 [ 11.299898   -11.759822  ]
 [ 13.584215   -14.046403  ]
 [ 11.113858   -11.57537   ]
 [  0.48522165  -0.9445825 ]
 [  3.6422582   -4.101704  ]
 [ 11.299898   -11.759822  ]]
2025-12-21 21:20:35,985 - [INFO] - ------------------------------------------------------------
2025-12-21 21:20:35,985 - [INFO] - On Validation Set:
	Accuracy of RRL  Model: 0.9136143745680718
	F1 Score of RRL  Model: 0.7552147546463521
2025-12-21 21:20:35,991 - [INFO] - On Validation Set:
Performance of  RRL Model: 
[[1243   43]
 [  82   79]]
              precision    recall  f1-score   support

           0       0.94      0.97      0.95      1286
           1       0.65      0.49      0.56       161

    accuracy                           0.91      1447
   macro avg       0.79      0.73      0.76      1447
weighted avg       0.91      0.91      0.91      1447

2025-12-21 21:20:35,991 - [INFO] - ------------------------------------------------------------
2025-12-21 21:20:36,792 - [INFO] - epoch: 60, loss_rrl: 111.10802029632032
2025-12-21 21:20:37,741 - [DEBUG] - y_true: (1447,) [0 0 0 0 0 1 0 0 0 0 0 0 0 0 0 0 0 1 0 0 0 0 0 0 1 0 0 0 0 0 0 0 0 0 0 0 0
 0 1 1 0]
2025-12-21 21:20:37,902 - [DEBUG] - y_rrl_: (1447,) [0 0 0 0 0 1 0 0 0 0 0 0 0 0 0 0 0 0 0 0 0 0 0 0 1 0 0 0 0 0 0 0 0 0 0 0 0
 0 0 0 0]
2025-12-21 21:20:37,902 - [DEBUG] - y_rrl: (1447, 2) [[ 15.371096   -15.820136  ]
 [  0.12771507  -0.5768271 ]
 [ 10.335432   -10.784456  ]
 [ 11.507808   -11.957233  ]
 [ 14.19872    -14.647359  ]
 [ -0.7283437    0.27924365]
 [ 15.371096   -15.820136  ]
 [ 12.275046   -12.723186  ]
 [ 15.371096   -15.820136  ]
 [  7.391882    -7.839798  ]
 [  4.926318    -5.3756533 ]
 [  8.637107    -9.086262  ]
 [ 12.49871    -12.949037  ]
 [ 12.49871    -12.949037  ]
 [ 13.671085   -14.121815  ]
 [ 13.671085   -14.121815  ]
 [ 13.813401   -14.2625885 ]
 [  4.926318    -5.3756533 ]
 [  9.776906   -10.227809  ]
 [  8.940235    -9.389833  ]
 [ 14.603857   -15.054185  ]
 [ 12.49871    -12.949037  ]
 [ 13.431481   -13.881408  ]
 [ 13.671085   -14.121815  ]
 [ -0.7283437    0.27924365]
 [  2.986702    -3.436924  ]
 [  7.8582883   -8.308399  ]
 [ 12.13273    -12.582411  ]
 [  9.306215    -9.756459  ]
 [ 13.046163   -13.496637  ]
 [ 15.371096   -15.820136  ]
 [  7.8698683   -8.320311  ]
 [  4.1590776   -4.6097016 ]
 [  1.448346    -1.8975211 ]
 [ 14.19872    -14.647359  ]
 [ 12.275046   -12.723186  ]
 [ 13.431481   -13.881408  ]
 [ 12.13273    -12.582411  ]
 [  0.03889747  -0.48670822]
 [  4.6677403   -5.115434  ]
 [ 12.275046   -12.723186  ]]
2025-12-21 21:20:37,904 - [INFO] - ------------------------------------------------------------
2025-12-21 21:20:37,904 - [INFO] - On Validation Set:
	Accuracy of RRL  Model: 0.9004837595024188
	F1 Score of RRL  Model: 0.6753300175760069
2025-12-21 21:20:37,910 - [INFO] - On Validation Set:
Performance of  RRL Model: 
[[1254   32]
 [ 112   49]]
              precision    recall  f1-score   support

           0       0.92      0.98      0.95      1286
           1       0.60      0.30      0.40       161

    accuracy                           0.90      1447
   macro avg       0.76      0.64      0.68      1447
weighted avg       0.88      0.90      0.89      1447

2025-12-21 21:20:37,910 - [INFO] - ------------------------------------------------------------
2025-12-21 21:20:38,460 - [INFO] - epoch: 61, loss_rrl: 112.02091688476503
2025-12-21 21:20:39,663 - [DEBUG] - y_true: (1447,) [0 0 0 0 0 1 0 0 0 0 0 0 0 0 0 0 0 1 0 0 0 0 0 0 1 0 0 0 0 0 0 0 0 0 0 0 0
 0 1 1 0]
2025-12-21 21:20:39,831 - [DEBUG] - y_rrl_: (1447,) [0 1 0 0 0 1 0 0 0 0 0 0 0 0 0 0 0 0 0 0 0 0 0 0 1 0 0 0 0 0 0 0 0 0 0 0 0
 0 1 0 0]
2025-12-21 21:20:39,831 - [DEBUG] - y_rrl: (1447, 2) [[ 13.499859   -13.937413  ]
 [ -0.26941428  -0.16924691]
 [  8.4525795   -8.890136  ]
 [  9.607209   -10.045153  ]
 [ 12.34523    -12.782395  ]
 [ -2.616224     2.1785846 ]
 [ 13.499859   -13.937413  ]
 [ 11.921049   -12.358747  ]
 [ 13.499859   -13.937413  ]
 [  6.9938884   -7.4309607 ]
 [  2.9651403   -3.4025722 ]
 [  6.7376733   -7.17534   ]
 [ 10.646889   -11.085696  ]
 [ 10.646889   -11.085696  ]
 [ 11.8015175  -12.240714  ]
 [ 11.8015175  -12.240714  ]
 [ 11.921049   -12.358747  ]
 [  2.9651403   -3.4025722 ]
 [  7.8715496   -8.310912  ]
 [  8.587715    -9.026832  ]
 [ 12.738125   -13.17693   ]
 [ 10.646889   -11.085696  ]
 [ 11.583495   -12.0219145 ]
 [ 11.8015175  -12.240714  ]
 [ -2.616224     2.1785846 ]
 [  1.048777    -1.4870739 ]
 [  7.130567    -7.5698752 ]
 [ 11.8015175  -12.240714  ]
 [  7.433086    -7.8718147 ]
 [ 11.159315   -11.598265  ]
 [ 13.499859   -13.937413  ]
 [  9.068079    -9.50703   ]
 [  2.2034059   -2.6420908 ]
 [  1.048777    -1.4870739 ]
 [ 12.34523    -12.782395  ]
 [ 11.921049   -12.358747  ]
 [ 11.583495   -12.0219145 ]
 [ 11.8015175  -12.240714  ]
 [ -0.39734182  -0.03885508]
 [  2.8164608   -3.2527368 ]
 [ 11.921049   -12.358747  ]]
2025-12-21 21:20:39,833 - [INFO] - ------------------------------------------------------------
2025-12-21 21:20:39,834 - [INFO] - On Validation Set:
	Accuracy of RRL  Model: 0.9094678645473393
	F1 Score of RRL  Model: 0.7512678898769574
2025-12-21 21:20:39,840 - [INFO] - On Validation Set:
Performance of  RRL Model: 
[[1235   51]
 [  80   81]]
              precision    recall  f1-score   support

           0       0.94      0.96      0.95      1286
           1       0.61      0.50      0.55       161

    accuracy                           0.91      1447
   macro avg       0.78      0.73      0.75      1447
weighted avg       0.90      0.91      0.91      1447

2025-12-21 21:20:39,840 - [INFO] - ------------------------------------------------------------
2025-12-21 21:20:40,151 - [INFO] - epoch: 62, loss_rrl: 111.76198221743107
2025-12-21 21:20:41,571 - [DEBUG] - y_true: (1447,) [0 0 0 0 0 1 0 0 0 0 0 0 0 0 0 0 0 1 0 0 0 0 0 0 1 0 0 0 0 0 0 0 0 0 0 0 0
 0 1 1 0]
2025-12-21 21:20:41,730 - [DEBUG] - y_rrl_: (1447,) [0 1 0 0 0 1 0 0 0 0 0 0 0 0 0 0 0 0 0 0 0 0 0 0 1 0 0 0 0 0 0 0 0 0 0 0 0
 0 1 0 0]
2025-12-21 21:20:41,730 - [DEBUG] - y_rrl: (1447, 2) [[ 12.734767   -13.16112   ]
 [ -0.29773465  -0.12848815]
 [  7.6469088   -8.073276  ]
 [  8.788879    -9.215619  ]
 [ 11.592795   -12.018775  ]
 [ -3.3496878    2.9232335 ]
 [ 12.734767   -13.16112   ]
 [ 11.134345   -11.560838  ]
 [ 12.734767   -13.16112   ]
 [  8.362911    -8.788882  ]
 [  1.0615705   -1.4877738 ]
 [  6.865691    -7.291776  ]
 [ 10.668973   -11.09533   ]
 [ 10.823883   -11.251079  ]
 [ 11.810945   -12.237674  ]
 [ 11.965855   -12.393422  ]
 [ 11.134345   -11.560838  ]
 [  5.236229    -5.6621656 ]
 [  7.0669594   -7.4950633 ]
 [  7.788091    -8.21596   ]
 [ 11.965855   -12.393422  ]
 [ 10.823883   -11.251079  ]
 [ 10.823883   -11.251079  ]
 [ 11.810945   -12.237674  ]
 [ -5.0826864    4.6574683 ]
 [  3.1704342   -3.5963762 ]
 [  6.067739    -6.49475   ]
 [ 11.810945   -12.237674  ]
 [  7.569942    -7.9970593 ]
 [ 11.134345   -11.560838  ]
 [ 12.734767   -13.16112   ]
 [  8.299639    -8.72735   ]
 [  4.4673166   -4.894468  ]
 [  3.3253443   -3.752124  ]
 [ 11.592795   -12.018775  ]
 [ 11.134345   -11.560838  ]
 [ 11.592795   -12.018775  ]
 [ 11.810945   -12.237674  ]
 [ -1.6569543    1.2320908 ]
 [  3.070152    -3.4949076 ]
 [ 11.134345   -11.560838  ]]
2025-12-21 21:20:41,732 - [INFO] - ------------------------------------------------------------
2025-12-21 21:20:41,733 - [INFO] - On Validation Set:
	Accuracy of RRL  Model: 0.907394609536973
	F1 Score of RRL  Model: 0.7593075334167511
2025-12-21 21:20:41,738 - [INFO] - On Validation Set:
Performance of  RRL Model: 
[[1224   62]
 [  72   89]]
              precision    recall  f1-score   support

           0       0.94      0.95      0.95      1286
           1       0.59      0.55      0.57       161

    accuracy                           0.91      1447
   macro avg       0.77      0.75      0.76      1447
weighted avg       0.90      0.91      0.91      1447

2025-12-21 21:20:41,738 - [INFO] - ------------------------------------------------------------
2025-12-21 21:20:41,804 - [INFO] - epoch: 63, loss_rrl: 113.06171868368983
2025-12-21 21:20:43,271 - [INFO] - epoch: 64, loss_rrl: 113.30189268663526
2025-12-21 21:20:43,460 - [DEBUG] - y_true: (1447,) [0 0 0 0 0 1 0 0 0 0 0 0 0 0 0 0 0 1 0 0 0 0 0 0 1 0 0 0 0 0 0 0 0 0 0 0 0
 0 1 1 0]
2025-12-21 21:20:43,620 - [DEBUG] - y_rrl_: (1447,) [0 1 0 0 0 1 0 0 0 0 0 0 0 0 0 0 0 0 0 0 0 0 0 0 1 0 0 0 0 0 0 0 0 0 0 0 0
 0 1 0 0]
2025-12-21 21:20:43,620 - [DEBUG] - y_rrl: (1447, 2) [[ 13.620536   -14.035976  ]
 [ -3.9054434    3.4895456 ]
 [  9.627631   -10.043456  ]
 [  9.627631   -10.043456  ]
 [ 13.620536   -14.035976  ]
 [ -2.5545967    2.1390371 ]
 [ 13.620536   -14.035976  ]
 [ 10.403721   -10.818367  ]
 [ 13.620536   -14.035976  ]
 [  5.5299335   -5.9444056 ]
 [  3.0391932   -3.4549322 ]
 [  7.9129815   -8.328893  ]
 [ 10.418891   -10.836056  ]
 [ 11.919668   -12.336656  ]
 [ 11.919668   -12.336656  ]
 [ 10.418891   -10.836056  ]
 [ 12.002769   -12.4183445 ]
 [  3.0391932   -3.4549322 ]
 [  6.3007207   -6.718001  ]
 [  7.03862     -7.454604  ]
 [ 12.844446   -13.2610655 ]
 [ 11.919668   -12.336656  ]
 [ 12.844446   -13.2610655 ]
 [ 11.919668   -12.336656  ]
 [ -2.5545967    2.1390371 ]
 [  2.2631044   -2.6800203 ]
 [  5.941058    -6.3575163 ]
 [ 10.320619   -10.736677  ]
 [  8.637669    -9.054582  ]
 [ 11.22668    -11.643434  ]
 [ 13.620536   -14.035976  ]
 [ 10.301902   -10.719024  ]
 [  2.2631044   -2.6800203 ]
 [  0.6640555   -1.080042  ]
 [ 13.620536   -14.035976  ]
 [ 10.403721   -10.818367  ]
 [ 12.844446   -13.2610655 ]
 [ 10.320619   -10.736677  ]
 [ -0.27773073  -0.13647406]
 [  1.5034931   -1.9179473 ]
 [ 10.403721   -10.818367  ]]
2025-12-21 21:20:43,622 - [INFO] - ------------------------------------------------------------
2025-12-21 21:20:43,622 - [INFO] - On Validation Set:
	Accuracy of RRL  Model: 0.9060124395300622
	F1 Score of RRL  Model: 0.7529253422524884
2025-12-21 21:20:43,628 - [INFO] - On Validation Set:
Performance of  RRL Model: 
[[1225   61]
 [  75   86]]
              precision    recall  f1-score   support

           0       0.94      0.95      0.95      1286
           1       0.59      0.53      0.56       161

    accuracy                           0.91      1447
   macro avg       0.76      0.74      0.75      1447
weighted avg       0.90      0.91      0.90      1447

2025-12-21 21:20:43,628 - [INFO] - ------------------------------------------------------------
2025-12-21 21:20:44,921 - [INFO] - epoch: 65, loss_rrl: 113.03493801690638
2025-12-21 21:20:45,349 - [DEBUG] - y_true: (1447,) [0 0 0 0 0 1 0 0 0 0 0 0 0 0 0 0 0 1 0 0 0 0 0 0 1 0 0 0 0 0 0 0 0 0 0 0 0
 0 1 1 0]
2025-12-21 21:20:45,509 - [DEBUG] - y_rrl_: (1447,) [0 0 0 0 0 1 0 0 0 0 0 0 0 0 0 0 0 0 0 0 0 0 0 0 1 0 0 0 0 0 0 0 0 0 0 0 0
 0 0 0 0]
2025-12-21 21:20:45,510 - [DEBUG] - y_rrl: (1447, 2) [[ 15.97973    -16.384428  ]
 [  2.03637     -2.442116  ]
 [ 11.939406   -12.344483  ]
 [ 13.565061   -13.970008  ]
 [ 14.357248   -14.761054  ]
 [ -0.3076435   -0.09719427]
 [ 15.97973    -16.384428  ]
 [ 14.354075   -14.7589035 ]
 [ 15.97973    -16.384428  ]
 [  7.359865    -7.7644663 ]
 [  1.6316345   -2.035672  ]
 [ 10.248326   -10.653483  ]
 [ 12.752759   -13.159128  ]
 [ 12.648494   -13.053798  ]
 [ 14.270975   -14.677174  ]
 [ 12.752759   -13.159128  ]
 [ 12.731594   -13.1355295 ]
 [  3.2541163   -3.659047  ]
 [  8.630592    -9.037072  ]
 [ 14.270975   -14.677174  ]
 [ 15.187542   -15.593382  ]
 [ 14.270975   -14.677174  ]
 [ 15.187542   -15.593382  ]
 [ 12.648494   -13.053798  ]
 [ -0.3076435   -0.09719427]
 [  2.4619277   -2.8680012 ]
 [  6.603373    -7.009201  ]
 [ 14.270975   -14.677174  ]
 [ 10.974355   -11.380483  ]
 [ 15.187542   -15.593382  ]
 [ 15.97973    -16.384428  ]
 [ 12.752759   -13.159128  ]
 [  2.4619277   -2.8680012 ]
 [  2.4619277   -2.8680012 ]
 [ 15.97973    -16.384428  ]
 [ 15.97973    -16.384428  ]
 [ 15.187542   -15.593382  ]
 [ 14.270975   -14.677174  ]
 [  2.002762    -2.4062846 ]
 [  3.7811663   -4.1849294 ]
 [ 14.354075   -14.7589035 ]]
2025-12-21 21:20:45,512 - [INFO] - ------------------------------------------------------------
2025-12-21 21:20:45,512 - [INFO] - On Validation Set:
	Accuracy of RRL  Model: 0.9004837595024188
	F1 Score of RRL  Model: 0.6753300175760069
2025-12-21 21:20:45,518 - [INFO] - On Validation Set:
Performance of  RRL Model: 
[[1254   32]
 [ 112   49]]
              precision    recall  f1-score   support

           0       0.92      0.98      0.95      1286
           1       0.60      0.30      0.40       161

    accuracy                           0.90      1447
   macro avg       0.76      0.64      0.68      1447
weighted avg       0.88      0.90      0.89      1447

2025-12-21 21:20:45,518 - [INFO] - ------------------------------------------------------------
2025-12-21 21:20:46,570 - [INFO] - epoch: 66, loss_rrl: 112.68961962871253
2025-12-21 21:20:47,235 - [DEBUG] - y_true: (1447,) [0 0 0 0 0 1 0 0 0 0 0 0 0 0 0 0 0 1 0 0 0 0 0 0 1 0 0 0 0 0 0 0 0 0 0 0 0
 0 1 1 0]
2025-12-21 21:20:47,394 - [DEBUG] - y_rrl_: (1447,) [0 1 0 0 0 1 0 0 0 0 0 0 0 0 0 0 0 0 0 0 0 0 0 0 1 0 0 0 0 0 0 0 0 0 0 0 0
 0 1 0 0]
2025-12-21 21:20:47,394 - [DEBUG] - y_rrl: (1447, 2) [[ 13.398914   -13.793128  ]
 [ -0.4608595    0.06561664]
 [  8.459885    -8.854824  ]
 [  8.459885    -8.854824  ]
 [ 13.398914   -13.793128  ]
 [ -2.8246956    2.4303286 ]
 [ 13.398914   -13.793128  ]
 [ 10.098495   -10.494292  ]
 [ 13.398914   -13.793128  ]
 [  5.179883    -5.57553   ]
 [  2.0085216   -2.4041393 ]
 [  6.9271326   -7.3229012 ]
 [ 10.2167425  -10.6125765 ]
 [ 11.727264   -12.122932  ]
 [ 11.727264   -12.122932  ]
 [ 10.2167425  -10.6125765 ]
 [ 10.098495   -10.494292  ]
 [  2.0085216   -2.4041393 ]
 [  6.109646    -6.5055914 ]
 [  8.4376545   -8.833257  ]
 [ 12.616556   -13.01188   ]
 [ 11.727264   -12.122932  ]
 [ 12.616556   -13.01188   ]
 [ 11.727264   -12.122932  ]
 [ -5.303023     4.908673  ]
 [  2.0085216   -2.4041393 ]
 [  4.070968    -4.4662895 ]
 [ 11.727264   -12.122932  ]
 [  8.4376545   -8.833257  ]
 [ 10.098495   -10.494292  ]
 [ 13.398914   -13.793128  ]
 [ 10.098495   -10.494292  ]
 [  2.0085216   -2.4041393 ]
 [  2.0085216   -2.4041393 ]
 [ 13.398914   -13.793128  ]
 [ 10.098495   -10.494292  ]
 [ 12.616556   -13.01188   ]
 [ 11.727264   -12.122932  ]
 [ -1.3141742    0.91997224]
 [  0.4649134   -0.8593468 ]
 [ 10.098495   -10.494292  ]]
2025-12-21 21:20:47,396 - [INFO] - ------------------------------------------------------------
2025-12-21 21:20:47,396 - [INFO] - On Validation Set:
	Accuracy of RRL  Model: 0.9053213545266068
	F1 Score of RRL  Model: 0.7559790001046303
2025-12-21 21:20:47,402 - [INFO] - On Validation Set:
Performance of  RRL Model: 
[[1221   65]
 [  72   89]]
              precision    recall  f1-score   support

           0       0.94      0.95      0.95      1286
           1       0.58      0.55      0.57       161

    accuracy                           0.91      1447
   macro avg       0.76      0.75      0.76      1447
weighted avg       0.90      0.91      0.90      1447

2025-12-21 21:20:47,402 - [INFO] - ------------------------------------------------------------
2025-12-21 21:20:48,220 - [INFO] - epoch: 67, loss_rrl: 112.38873384706676
2025-12-21 21:20:49,294 - [DEBUG] - y_true: (1447,) [0 0 0 0 0 1 0 0 0 0 0 0 0 0 0 0 0 1 0 0 0 0 0 0 1 0 0 0 0 0 0 0 0 0 0 0 0
 0 1 1 0]
2025-12-21 21:20:49,439 - [DEBUG] - y_rrl_: (1447,) [0 1 0 0 0 1 0 0 0 0 0 0 0 0 0 0 0 0 0 0 0 0 0 0 1 0 0 0 0 0 0 0 0 1 0 0 0
 0 1 0 0]
2025-12-21 21:20:49,439 - [DEBUG] - y_rrl: (1447, 2) [[ 14.524928   -14.908892  ]
 [ -0.9420017    0.5578588 ]
 [  9.333872    -9.717888  ]
 [ 10.4687395  -10.853076  ]
 [ 13.390059   -13.773705  ]
 [ -1.7083338    1.3242061 ]
 [ 14.524928   -14.908892  ]
 [ 10.4687395  -10.853076  ]
 [ 14.524928   -14.908892  ]
 [  3.4687808   -3.852925  ]
 [  1.0644995   -1.4497718 ]
 [  6.9295897   -7.3147345 ]
 [ 11.739608   -12.1246605 ]
 [ 11.739608   -12.1246605 ]
 [ 12.874476   -13.25985   ]
 [ 12.874476   -13.25985   ]
 [ 12.106704   -12.491866  ]
 [  1.0644995   -1.4497718 ]
 [  8.922818    -9.308332  ]
 [  7.934276    -8.318758  ]
 [ 13.74277    -14.127808  ]
 [ 11.739608   -12.1246605 ]
 [ 12.607902   -12.99262   ]
 [ 12.874476   -13.25985   ]
 [ -1.7083338    1.3242061 ]
 [ -0.07036915  -0.31458366]
 [  6.8254724   -7.210391  ]
 [ 11.236512   -11.621059  ]
 [  8.437373    -8.822359  ]
 [ 12.106704   -12.491866  ]
 [ 14.524928   -14.908892  ]
 [ 10.103542   -10.488718  ]
 [  1.0644995   -1.4497718 ]
 [ -1.7083338    1.3242061 ]
 [ 13.390059   -13.773705  ]
 [ 10.4687395  -10.853076  ]
 [ 12.607902   -12.99262   ]
 [ 11.236512   -11.621059  ]
 [ -1.7083338    1.3242061 ]
 [  3.1016848   -3.4857197 ]
 [ 10.4687395  -10.853076  ]]
2025-12-21 21:20:49,442 - [INFO] - ------------------------------------------------------------
2025-12-21 21:20:49,442 - [INFO] - On Validation Set:
	Accuracy of RRL  Model: 0.902557014512785
	F1 Score of RRL  Model: 0.727312823021375
2025-12-21 21:20:49,448 - [INFO] - On Validation Set:
Performance of  RRL Model: 
[[1233   53]
 [  88   73]]
              precision    recall  f1-score   support

           0       0.93      0.96      0.95      1286
           1       0.58      0.45      0.51       161

    accuracy                           0.90      1447
   macro avg       0.76      0.71      0.73      1447
weighted avg       0.89      0.90      0.90      1447

2025-12-21 21:20:49,448 - [INFO] - ------------------------------------------------------------
2025-12-21 21:20:50,031 - [INFO] - epoch: 68, loss_rrl: 111.82807430997491
2025-12-21 21:20:51,175 - [DEBUG] - y_true: (1447,) [0 0 0 0 0 1 0 0 0 0 0 0 0 0 0 0 0 1 0 0 0 0 0 0 1 0 0 0 0 0 0 0 0 0 0 0 0
 0 1 1 0]
2025-12-21 21:20:51,320 - [DEBUG] - y_rrl_: (1447,) [0 1 0 0 0 1 0 0 0 0 0 0 0 0 0 0 0 0 0 0 0 0 0 0 1 0 0 0 0 0 0 0 0 0 0 0 0
 0 1 0 0]
2025-12-21 21:20:51,320 - [DEBUG] - y_rrl: (1447, 2) [[ 13.351249   -13.7251    ]
 [ -1.34224      0.96924216]
 [  9.307631    -9.681851  ]
 [  9.307631    -9.681851  ]
 [ 13.351249   -13.7251    ]
 [ -2.8874433    2.5134184 ]
 [ 13.351249   -13.7251    ]
 [ 10.088797   -10.461974  ]
 [ 13.351249   -13.7251    ]
 [  5.1240516   -5.497106  ]
 [  0.6446743   -1.0187566 ]
 [  7.667705    -8.041968  ]
 [ 12.49758    -12.871756  ]
 [ 11.7164135  -12.091633  ]
 [ 12.49758    -12.871756  ]
 [ 11.7164135  -12.091633  ]
 [ 11.720771   -12.094742  ]
 [  2.7029595   -3.0771005 ]
 [  7.740235    -8.11559   ]
 [  6.7869143   -7.161278  ]
 [ 12.570083   -12.944978  ]
 [ 11.7164135  -12.091633  ]
 [ 12.570083   -12.944978  ]
 [ 12.49758    -12.871756  ]
 [ -2.1062784    1.733296  ]
 [  2.7029595   -3.0771005 ]
 [  6.886539    -7.2618465 ]
 [ 10.865604   -11.238988  ]
 [  8.418889    -8.794045  ]
 [ 11.720771   -12.094742  ]
 [ 13.351249   -13.7251    ]
 [ 10.085936   -10.461275  ]
 [  1.9217948   -2.2969782 ]
 [  0.2898197   -0.6642104 ]
 [ 13.351249   -13.7251    ]
 [ 10.088797   -10.461974  ]
 [ 13.351249   -13.7251    ]
 [ 10.865604   -11.238988  ]
 [ -0.5739279    0.20109771]
 [  2.7235959   -3.09649   ]
 [ 10.088797   -10.461974  ]]
2025-12-21 21:20:51,323 - [INFO] - ------------------------------------------------------------
2025-12-21 21:20:51,323 - [INFO] - On Validation Set:
	Accuracy of RRL  Model: 0.9115411195577056
	F1 Score of RRL  Model: 0.7562254535499563
2025-12-21 21:20:51,329 - [INFO] - On Validation Set:
Performance of  RRL Model: 
[[1237   49]
 [  79   82]]
              precision    recall  f1-score   support

           0       0.94      0.96      0.95      1286
           1       0.63      0.51      0.56       161

    accuracy                           0.91      1447
   macro avg       0.78      0.74      0.76      1447
weighted avg       0.91      0.91      0.91      1447

2025-12-21 21:20:51,329 - [INFO] - ------------------------------------------------------------
2025-12-21 21:20:51,662 - [INFO] - epoch: 69, loss_rrl: 111.75356067717075
2025-12-21 21:20:53,022 - [DEBUG] - y_true: (1447,) [0 0 0 0 0 1 0 0 0 0 0 0 0 0 0 0 0 1 0 0 0 0 0 0 1 0 0 0 0 0 0 0 0 0 0 0 0
 0 1 1 0]
2025-12-21 21:20:53,167 - [DEBUG] - y_rrl_: (1447,) [0 1 0 0 0 1 0 0 0 0 0 0 0 0 0 0 0 0 0 0 0 0 0 0 1 0 0 0 0 0 0 0 0 0 0 0 0
 0 1 0 0]
2025-12-21 21:20:53,167 - [DEBUG] - y_rrl: (1447, 2) [[ 12.648208   -13.012195  ]
 [ -2.0370395    1.6738536 ]
 [  8.586401    -8.950757  ]
 [ 10.220266   -10.584507  ]
 [ 12.648208   -13.012195  ]
 [ -3.5577953    3.1936164 ]
 [ 12.648208   -13.012195  ]
 [  9.378696    -9.74204   ]
 [ 12.648208   -13.012195  ]
 [  4.4281683   -4.7914004 ]
 [  0.80982065  -1.1737286 ]
 [  7.807436    -8.171509  ]
 [ 10.26137    -10.625819  ]
 [ 11.855913   -12.220911  ]
 [ 11.800044   -12.164346  ]
 [ 10.317239   -10.6823845 ]
 [ 11.014342   -11.378445  ]
 [  2.8569076   -3.2208693 ]
 [  7.005595    -7.371041  ]
 [  7.7038713   -8.068248  ]
 [ 11.855913   -12.220911  ]
 [ 11.855913   -12.220911  ]
 [ 11.855913   -12.220911  ]
 [ 11.800044   -12.164346  ]
 [ -2.765501     2.4023325 ]
 [  2.008744    -2.3730204 ]
 [  5.7989078   -6.1635017 ]
 [ 10.164398   -10.527941  ]
 [  8.553815    -8.918752  ]
 [ 12.648208   -13.012195  ]
 [ 12.648208   -13.012195  ]
 [ 11.007749   -11.373062  ]
 [  2.0646136   -2.4295857 ]
 [  0.42896673  -0.79318035]
 [ 12.648208   -13.012195  ]
 [ 11.012562   -11.37579   ]
 [ 12.648208   -13.012195  ]
 [ 10.164398   -10.527941  ]
 [ -1.917338     1.5544838 ]
 [  1.3847597   -1.747675  ]
 [  9.378696    -9.74204   ]]
2025-12-21 21:20:53,169 - [INFO] - ------------------------------------------------------------
2025-12-21 21:20:53,169 - [INFO] - On Validation Set:
	Accuracy of RRL  Model: 0.9011748445058743
	F1 Score of RRL  Model: 0.7480950786742551
2025-12-21 21:20:53,175 - [INFO] - On Validation Set:
Performance of  RRL Model: 
[[1216   70]
 [  73   88]]
              precision    recall  f1-score   support

           0       0.94      0.95      0.94      1286
           1       0.56      0.55      0.55       161

    accuracy                           0.90      1447
   macro avg       0.75      0.75      0.75      1447
weighted avg       0.90      0.90      0.90      1447

2025-12-21 21:20:53,175 - [INFO] - ------------------------------------------------------------
2025-12-21 21:20:53,274 - [INFO] - epoch: 70, loss_rrl: 111.16344170458615
2025-12-21 21:20:54,730 - [INFO] - epoch: 71, loss_rrl: 112.07666603848338
2025-12-21 21:20:54,883 - [DEBUG] - y_true: (1447,) [0 0 0 0 0 1 0 0 0 0 0 0 0 0 0 0 0 1 0 0 0 0 0 0 1 0 0 0 0 0 0 0 0 0 0 0 0
 0 1 1 0]
2025-12-21 21:20:55,029 - [DEBUG] - y_rrl_: (1447,) [0 1 0 0 0 1 0 0 0 0 0 0 0 0 0 0 0 0 0 0 0 0 0 0 1 0 0 0 0 0 0 0 0 0 0 0 0
 0 1 0 0]
2025-12-21 21:20:55,030 - [DEBUG] - y_rrl: (1447, 2) [[ 12.311553   -12.6659775 ]
 [ -3.6452715    3.289648  ]
 [  8.253061    -8.607847  ]
 [  8.253061    -8.607847  ]
 [ 12.311553   -12.6659775 ]
 [ -3.90256      3.5479376 ]
 [ 12.311553   -12.6659775 ]
 [ 10.690406   -11.044945  ]
 [ 12.311553   -12.6659775 ]
 [  7.8252616   -8.179444  ]
 [  1.6699108   -2.0246224 ]
 [  6.614559    -6.969372  ]
 [  9.117428    -9.473277  ]
 [ 10.671903   -11.02761   ]
 [ 10.671903   -11.02761   ]
 [  9.117428    -9.473277  ]
 [ 10.690406   -11.044945  ]
 [  3.7494133   -4.103871  ]
 [  5.0229855   -5.378934  ]
 [  7.375735    -7.7313843 ]
 [ 11.518253   -11.873656  ]
 [ 10.671903   -11.02761   ]
 [ 11.518253   -11.873656  ]
 [ 10.671903   -11.02761   ]
 [ -3.90256      3.5479376 ]
 [  0.8766101   -1.2323014 ]
 [  6.252283    -6.607776  ]
 [ 10.671903   -11.02761   ]
 [  7.375735    -7.7313843 ]
 [  9.897106   -10.252624  ]
 [ 12.311553   -12.6659775 ]
 [  5.82126     -6.177051  ]
 [  2.956114    -3.3115497 ]
 [  2.956114    -3.3115497 ]
 [ 12.311553   -12.6659775 ]
 [ 10.690406   -11.044945  ]
 [ 11.518253   -11.873656  ]
 [ 10.671903   -11.02761   ]
 [ -1.5547842    1.2012831 ]
 [  0.1869096   -0.54060996]
 [ 10.690406   -11.044945  ]]
2025-12-21 21:20:55,032 - [INFO] - ------------------------------------------------------------
2025-12-21 21:20:55,032 - [INFO] - On Validation Set:
	Accuracy of RRL  Model: 0.9039391845196959
	F1 Score of RRL  Model: 0.7551413701798704
2025-12-21 21:20:55,038 - [INFO] - On Validation Set:
Performance of  RRL Model: 
[[1218   68]
 [  71   90]]
              precision    recall  f1-score   support

           0       0.94      0.95      0.95      1286
           1       0.57      0.56      0.56       161

    accuracy                           0.90      1447
   macro avg       0.76      0.75      0.76      1447
weighted avg       0.90      0.90      0.90      1447

2025-12-21 21:20:55,038 - [INFO] - ------------------------------------------------------------
2025-12-21 21:20:56,347 - [INFO] - epoch: 72, loss_rrl: 114.0601790137589
2025-12-21 21:20:56,734 - [DEBUG] - y_true: (1447,) [0 0 0 0 0 1 0 0 0 0 0 0 0 0 0 0 0 1 0 0 0 0 0 0 1 0 0 0 0 0 0 0 0 0 0 0 0
 0 1 1 0]
2025-12-21 21:20:56,879 - [DEBUG] - y_rrl_: (1447,) [0 0 0 0 0 0 0 0 0 0 0 0 0 0 0 0 0 0 0 0 0 0 0 0 0 0 0 0 0 0 0 0 0 0 0 0 0
 0 0 0 0]
2025-12-21 21:20:56,879 - [DEBUG] - y_rrl: (1447, 2) [[ 16.568714   -16.913961  ]
 [  2.664348    -3.0105197 ]
 [ 12.468439   -12.814042  ]
 [ 12.468439   -12.814042  ]
 [ 16.568714   -16.913961  ]
 [  0.30104154  -0.6464942 ]
 [ 16.568714   -16.913961  ]
 [ 14.953917   -15.299272  ]
 [ 16.568714   -16.913961  ]
 [  7.9952707   -8.340483  ]
 [  3.9143403   -4.2598186 ]
 [ 10.872987   -11.218607  ]
 [ 14.950436   -15.296927  ]
 [ 14.950436   -15.296927  ]
 [ 14.950436   -15.296927  ]
 [ 14.950436   -15.296927  ]
 [ 14.953917   -15.299272  ]
 [  3.9143403   -4.2598186 ]
 [ 10.9025345  -11.249148  ]
 [ 11.650986   -11.99742   ]
 [ 15.769861   -16.116058  ]
 [ 14.950436   -15.296927  ]
 [ 15.769861   -16.116058  ]
 [ 14.950436   -15.296927  ]
 [  0.30104154  -0.6464942 ]
 [  3.115486    -3.4619138 ]
 [  7.1636004   -7.5098352 ]
 [ 14.950436   -15.296927  ]
 [ 11.650986   -11.99742   ]
 [ 14.155064   -14.501367  ]
 [ 16.568714   -16.913961  ]
 [ 11.650986   -11.99742   ]
 [  3.115486    -3.4619138 ]
 [  3.115486    -3.4619138 ]
 [ 16.568714   -16.913961  ]
 [ 14.953917   -15.299272  ]
 [ 15.769861   -16.116058  ]
 [ 14.950436   -15.296927  ]
 [  1.0998962   -1.4443986 ]
 [  5.9762      -6.320623  ]
 [ 14.953917   -15.299272  ]]
2025-12-21 21:20:56,881 - [INFO] - ------------------------------------------------------------
2025-12-21 21:20:56,881 - [INFO] - On Validation Set:
	Accuracy of RRL  Model: 0.8949550794747754
	F1 Score of RRL  Model: 0.5497748300990748
2025-12-21 21:20:56,887 - [INFO] - On Validation Set:
Performance of  RRL Model: 
[[1281    5]
 [ 147   14]]
              precision    recall  f1-score   support

           0       0.90      1.00      0.94      1286
           1       0.74      0.09      0.16       161

    accuracy                           0.89      1447
   macro avg       0.82      0.54      0.55      1447
weighted avg       0.88      0.89      0.86      1447

2025-12-21 21:20:56,887 - [INFO] - ------------------------------------------------------------
2025-12-21 21:20:57,966 - [INFO] - epoch: 73, loss_rrl: 114.7350629195571
2025-12-21 21:20:58,637 - [DEBUG] - y_true: (1447,) [0 0 0 0 0 1 0 0 0 0 0 0 0 0 0 0 0 1 0 0 0 0 0 0 1 0 0 0 0 0 0 0 0 0 0 0 0
 0 1 1 0]
2025-12-21 21:20:58,782 - [DEBUG] - y_rrl_: (1447,) [0 0 0 0 0 0 0 0 0 0 0 0 0 0 0 0 0 0 0 0 0 0 0 0 1 0 0 0 0 0 0 0 0 0 0 0 0
 0 0 0 0]
2025-12-21 21:20:58,783 - [DEBUG] - y_rrl: (1447, 2) [[ 16.52256    -16.858814  ]
 [  3.4218879   -3.7581246 ]
 [ 12.418394   -12.754998  ]
 [ 14.025292   -14.361791  ]
 [ 16.52256    -16.858814  ]
 [  0.28225183  -0.6187203 ]
 [ 16.52256    -16.858814  ]
 [ 14.128405   -14.465684  ]
 [ 16.52256    -16.858814  ]
 [  9.187077    -9.523988  ]
 [  5.920245    -6.2571306 ]
 [ 11.648832   -11.985162  ]
 [ 15.714505   -16.051043  ]
 [ 15.735303   -16.072477  ]
 [ 15.714505   -16.051043  ]
 [ 15.735303   -16.072477  ]
 [ 14.128405   -14.465684  ]
 [  5.920245    -6.2571306 ]
 [  9.254601    -9.592286  ]
 [ 13.248605   -13.585902  ]
 [ 15.735303   -16.072477  ]
 [ 15.735303   -16.072477  ]
 [ 15.735303   -16.072477  ]
 [ 15.714505   -16.051043  ]
 [ -1.4080497    1.072515  ]
 [  5.8994465   -6.235697  ]
 [  7.925089    -8.262023  ]
 [ 15.714505   -16.051043  ]
 [ 12.449762   -12.786881  ]
 [ 15.714505   -16.051043  ]
 [ 16.52256    -16.858814  ]
 [ 13.248605   -13.585902  ]
 [  5.920245    -6.2571306 ]
 [  5.920245    -6.2571306 ]
 [ 16.52256    -16.858814  ]
 [ 16.52256    -16.858814  ]
 [ 16.52256    -16.858814  ]
 [ 15.714505   -16.051043  ]
 [  2.6784968   -3.0145457 ]
 [  5.964037    -6.30014   ]
 [ 14.128405   -14.465684  ]]
2025-12-21 21:20:58,785 - [INFO] - ------------------------------------------------------------
2025-12-21 21:20:58,785 - [INFO] - On Validation Set:
	Accuracy of RRL  Model: 0.9032480995162405
	F1 Score of RRL  Model: 0.6374004811272124
2025-12-21 21:20:58,791 - [INFO] - On Validation Set:
Performance of  RRL Model: 
[[1273   13]
 [ 127   34]]
              precision    recall  f1-score   support

           0       0.91      0.99      0.95      1286
           1       0.72      0.21      0.33       161

    accuracy                           0.90      1447
   macro avg       0.82      0.60      0.64      1447
weighted avg       0.89      0.90      0.88      1447

2025-12-21 21:20:58,791 - [INFO] - ------------------------------------------------------------
2025-12-21 21:20:59,629 - [INFO] - epoch: 74, loss_rrl: 115.1975850109011
2025-12-21 21:21:00,591 - [DEBUG] - y_true: (1447,) [0 0 0 0 0 1 0 0 0 0 0 0 0 0 0 0 0 1 0 0 0 0 0 0 1 0 0 0 0 0 0 0 0 0 0 0 0
 0 1 1 0]
2025-12-21 21:21:00,752 - [DEBUG] - y_rrl_: (1447,) [0 1 0 0 0 1 0 0 0 0 1 0 0 0 0 0 0 1 0 0 0 0 0 0 1 1 0 0 0 0 0 0 1 1 0 0 0
 0 1 0 0]
2025-12-21 21:21:00,752 - [DEBUG] - y_rrl: (1447, 2) [[ 13.013656   -13.341013  ]
 [ -2.560858     2.2332585 ]
 [  8.929401    -9.25711   ]
 [  8.929401    -9.25711   ]
 [ 13.013656   -13.341013  ]
 [ -3.1789033    2.851322  ]
 [ 13.013656   -13.341013  ]
 [  8.929401    -9.25711   ]
 [ 13.013656   -13.341013  ]
 [  2.0918078   -2.419392  ]
 [ -0.27174863  -0.05673352]
 [  6.565845    -6.8944516 ]
 [ 11.45473    -11.783259  ]
 [ 11.45473    -11.783259  ]
 [  8.492148    -8.8203745 ]
 [ 11.45473    -11.783259  ]
 [ 10.637175   -10.965529  ]
 [ -0.27174863  -0.05673352]
 [  5.7866926   -6.1154428 ]
 [  6.4595876   -6.7874184 ]
 [ 12.233633   -12.561885  ]
 [ 11.45473    -11.783259  ]
 [ 12.233633   -12.561885  ]
 [ 11.45473    -11.783259  ]
 [ -3.1789033    2.851322  ]
 [ -0.27174863  -0.05673352]
 [  6.890633    -7.218988  ]
 [  9.746958   -10.07484   ]
 [  8.16736     -8.495838  ]
 [ 10.637175   -10.965529  ]
 [ 13.013656   -13.341013  ]
 [  8.16736     -8.495838  ]
 [ -0.27174863  -0.05673352]
 [ -1.9795221    1.651686  ]
 [ 13.013656   -13.341013  ]
 [  8.929401    -9.25711   ]
 [ 12.233633   -12.561885  ]
 [  9.746958   -10.07484   ]
 [ -3.1789033    2.851322  ]
 [  1.7099837   -2.0374863 ]
 [  8.929401    -9.25711   ]]
2025-12-21 21:21:00,754 - [INFO] - ------------------------------------------------------------
2025-12-21 21:21:00,754 - [INFO] - On Validation Set:
	Accuracy of RRL  Model: 0.8845888044229441
	F1 Score of RRL  Model: 0.7382158739444363
2025-12-21 21:21:00,760 - [INFO] - On Validation Set:
Performance of  RRL Model: 
[[1181  105]
 [  62   99]]
              precision    recall  f1-score   support

           0       0.95      0.92      0.93      1286
           1       0.49      0.61      0.54       161

    accuracy                           0.88      1447
   macro avg       0.72      0.77      0.74      1447
weighted avg       0.90      0.88      0.89      1447

2025-12-21 21:21:00,760 - [INFO] - ------------------------------------------------------------
2025-12-21 21:21:01,419 - [INFO] - epoch: 75, loss_rrl: 114.10878435522318
2025-12-21 21:21:02,542 - [DEBUG] - y_true: (1447,) [0 0 0 0 0 1 0 0 0 0 0 0 0 0 0 0 0 1 0 0 0 0 0 0 1 0 0 0 0 0 0 0 0 0 0 0 0
 0 1 1 0]
2025-12-21 21:21:02,702 - [DEBUG] - y_rrl_: (1447,) [0 0 0 0 0 1 0 0 0 0 0 0 0 0 0 0 0 0 0 0 0 0 0 0 1 0 0 0 0 0 0 0 0 0 0 0 0
 0 1 0 0]
2025-12-21 21:21:02,702 - [DEBUG] - y_rrl: (1447, 2) [[ 14.127715   -14.446322  ]
 [  0.25610912  -0.5755857 ]
 [  9.306383    -9.625605  ]
 [  9.306383    -9.625605  ]
 [ 14.127715   -14.446322  ]
 [ -2.0626123    1.7437738 ]
 [ 14.127715   -14.446322  ]
 [ 11.014958   -11.334803  ]
 [ 14.127715   -14.446322  ]
 [  6.166477    -6.4862514 ]
 [  2.8332686   -3.1530163 ]
 [  7.68175     -8.001568  ]
 [ 12.596895   -12.916636  ]
 [ 12.596895   -12.916636  ]
 [ 12.596895   -12.916636  ]
 [ 12.596895   -12.916636  ]
 [ 11.014958   -11.334803  ]
 [  2.8332686   -3.1530163 ]
 [  8.488529    -8.808382  ]
 [  9.323569    -9.643264  ]
 [ 13.362889   -13.682362  ]
 [ 12.596895   -12.916636  ]
 [ 13.362889   -13.682362  ]
 [ 12.596895   -12.916636  ]
 [ -4.5291586    4.210332  ]
 [  2.8332686   -3.1530163 ]
 [  7.68175     -8.001568  ]
 [ 12.596895   -12.916636  ]
 [  9.323569    -9.643264  ]
 [ 11.014958   -11.334803  ]
 [ 14.127715   -14.446322  ]
 [  9.323569    -9.643264  ]
 [  2.8332686   -3.1530163 ]
 [  2.8332686   -3.1530163 ]
 [ 14.127715   -14.446322  ]
 [ 11.014958   -11.334803  ]
 [ 13.362889   -13.682362  ]
 [ 12.596895   -12.916636  ]
 [ -0.42079318   0.10207761]
 [  2.8525317   -3.1712952 ]
 [ 11.014958   -11.334803  ]]
2025-12-21 21:21:02,705 - [INFO] - ------------------------------------------------------------
2025-12-21 21:21:02,705 - [INFO] - On Validation Set:
	Accuracy of RRL  Model: 0.9101589495507948
	F1 Score of RRL  Model: 0.749363115033683
2025-12-21 21:21:02,710 - [INFO] - On Validation Set:
Performance of  RRL Model: 
[[1238   48]
 [  82   79]]
              precision    recall  f1-score   support

           0       0.94      0.96      0.95      1286
           1       0.62      0.49      0.55       161

    accuracy                           0.91      1447
   macro avg       0.78      0.73      0.75      1447
weighted avg       0.90      0.91      0.91      1447

2025-12-21 21:21:02,711 - [INFO] - ------------------------------------------------------------
2025-12-21 21:21:03,102 - [INFO] - epoch: 76, loss_rrl: 113.75413725152612
2025-12-21 21:21:04,516 - [DEBUG] - y_true: (1447,) [0 0 0 0 0 1 0 0 0 0 0 0 0 0 0 0 0 1 0 0 0 0 0 0 1 0 0 0 0 0 0 0 0 0 0 0 0
 0 1 1 0]
2025-12-21 21:21:04,674 - [DEBUG] - y_rrl_: (1447,) [0 0 0 0 0 1 0 0 0 0 0 0 0 0 0 0 0 0 0 0 0 0 0 0 1 0 0 0 0 0 0 0 0 0 0 0 0
 0 0 0 0]
2025-12-21 21:21:04,675 - [DEBUG] - y_rrl: (1447, 2) [[ 14.692408   -15.002483  ]
 [ -0.14924124  -0.16024177]
 [  9.876113   -10.186789  ]
 [  9.876113   -10.186789  ]
 [ 14.692408   -15.002483  ]
 [ -1.4994437    1.1891373 ]
 [ 14.692408   -15.002483  ]
 [ 10.648807   -10.958646  ]
 [ 14.692408   -15.002483  ]
 [  5.8227673   -6.1325417 ]
 [  2.2417939   -2.5520954 ]
 [  8.997505    -9.307918  ]
 [ 13.923087   -14.233423  ]
 [ 13.150393   -13.461567  ]
 [ 10.905429   -11.215493  ]
 [ 13.150393   -13.461567  ]
 [ 12.36579    -12.676227  ]
 [  4.171465    -4.4818125 ]
 [  9.010524    -9.321805  ]
 [  8.165262    -8.475794  ]
 [ 13.919713   -14.230626  ]
 [ 13.150393   -13.461567  ]
 [ 13.919713   -14.230626  ]
 [ 13.923087   -14.233423  ]
 [ -0.7267481    0.41728073]
 [  4.171465    -4.4818125 ]
 [  8.4753      -8.786322  ]
 [ 12.206104   -12.515842  ]
 [  9.882245   -10.193376  ]
 [ 12.36579    -12.676227  ]
 [ 14.692408   -15.002483  ]
 [  8.224811    -8.53606   ]
 [  3.3987691   -3.7099557 ]
 [  1.6817862   -1.9923741 ]
 [ 14.692408   -15.002483  ]
 [ 10.648807   -10.958646  ]
 [ 14.692408   -15.002483  ]
 [ 12.206104   -12.515842  ]
 [  0.93068624  -1.2400347 ]
 [  4.198834    -4.508227  ]
 [ 10.648807   -10.958646  ]]
2025-12-21 21:21:04,677 - [INFO] - ------------------------------------------------------------
2025-12-21 21:21:04,677 - [INFO] - On Validation Set:
	Accuracy of RRL  Model: 0.9004837595024188
	F1 Score of RRL  Model: 0.6957420711407044
2025-12-21 21:21:04,683 - [INFO] - On Validation Set:
Performance of  RRL Model: 
[[1245   41]
 [ 103   58]]
              precision    recall  f1-score   support

           0       0.92      0.97      0.95      1286
           1       0.59      0.36      0.45       161

    accuracy                           0.90      1447
   macro avg       0.75      0.66      0.70      1447
weighted avg       0.89      0.90      0.89      1447

2025-12-21 21:21:04,683 - [INFO] - ------------------------------------------------------------
2025-12-21 21:21:04,823 - [INFO] - epoch: 77, loss_rrl: 112.6769097018987
2025-12-21 21:21:06,361 - [INFO] - epoch: 78, loss_rrl: 112.63324664905667
2025-12-21 21:21:06,487 - [DEBUG] - y_true: (1447,) [0 0 0 0 0 1 0 0 0 0 0 0 0 0 0 0 0 1 0 0 0 0 0 0 1 0 0 0 0 0 0 0 0 0 0 0 0
 0 1 1 0]
2025-12-21 21:21:06,646 - [DEBUG] - y_rrl_: (1447,) [0 0 0 0 0 1 0 0 0 0 0 0 0 0 0 0 0 0 0 0 0 0 0 0 1 0 0 0 0 0 0 0 0 0 0 0 0
 0 0 0 0]
2025-12-21 21:21:06,646 - [DEBUG] - y_rrl: (1447, 2) [[ 14.067373   -14.369084  ]
 [  0.14327034  -0.44579932]
 [ 10.04785    -10.349892  ]
 [ 10.04785    -10.349892  ]
 [ 14.067373   -14.369084  ]
 [ -2.1587882    1.8568511 ]
 [ 14.067373   -14.369084  ]
 [ 12.535655   -12.837461  ]
 [ 14.067373   -14.369084  ]
 [  9.493056    -9.794602  ]
 [  4.18987     -4.4913445 ]
 [  9.170394    -9.47217   ]
 [ 10.84879    -11.151677  ]
 [ 13.290942   -13.593465  ]
 [ 12.512937   -12.815711  ]
 [ 11.626796   -11.929429  ]
 [ 12.535655   -12.837461  ]
 [  6.127795    -6.4293118 ]
 [  6.8249083   -7.1278806 ]
 [  9.280104    -9.582832  ]
 [ 13.290942   -13.593465  ]
 [ 13.290942   -13.593465  ]
 [ 13.290942   -13.593465  ]
 [ 12.512937   -12.815711  ]
 [ -2.1587882    1.8568511 ]
 [  4.5733585   -4.8759403 ]
 [  7.052479    -7.3549485 ]
 [ 12.512937   -12.815711  ]
 [ 10.058109   -10.360585  ]
 [ 10.981218   -11.284089  ]
 [ 14.067373   -14.369084  ]
 [  7.6159573   -7.918799  ]
 [  5.351364    -5.6536922 ]
 [  5.351364    -5.6536922 ]
 [ 14.067373   -14.369084  ]
 [ 12.535655   -12.837461  ]
 [ 13.290942   -13.593465  ]
 [ 12.512937   -12.815711  ]
 [  1.0597948   -1.3605535 ]
 [  2.6284823   -2.929398  ]
 [ 12.535655   -12.837461  ]]
2025-12-21 21:21:06,648 - [INFO] - ------------------------------------------------------------
2025-12-21 21:21:06,648 - [INFO] - On Validation Set:
	Accuracy of RRL  Model: 0.9046302695231514
	F1 Score of RRL  Model: 0.7124006221914967
2025-12-21 21:21:06,654 - [INFO] - On Validation Set:
Performance of  RRL Model: 
[[1246   40]
 [  98   63]]
              precision    recall  f1-score   support

           0       0.93      0.97      0.95      1286
           1       0.61      0.39      0.48       161

    accuracy                           0.90      1447
   macro avg       0.77      0.68      0.71      1447
weighted avg       0.89      0.90      0.90      1447

2025-12-21 21:21:06,654 - [INFO] - ------------------------------------------------------------
2025-12-21 21:21:08,228 - [INFO] - epoch: 79, loss_rrl: 112.4983927514404
2025-12-21 21:21:08,604 - [DEBUG] - y_true: (1447,) [0 0 0 0 0 1 0 0 0 0 0 0 0 0 0 0 0 1 0 0 0 0 0 0 1 0 0 0 0 0 0 0 0 0 0 0 0
 0 1 1 0]
2025-12-21 21:21:08,785 - [DEBUG] - y_rrl_: (1447,) [0 0 0 0 0 0 0 0 0 0 0 0 0 0 0 0 0 0 0 0 0 0 0 0 0 0 0 0 0 0 0 0 0 0 0 0 0
 0 0 0 0]
2025-12-21 21:21:08,786 - [DEBUG] - y_rrl: (1447, 2) [[ 16.792444   -17.08593   ]
 [  3.6160643   -3.9095645 ]
 [ 12.014607   -12.308667  ]
 [ 12.014607   -12.308667  ]
 [ 16.792444   -17.08593   ]
 [  0.51002854  -0.80374724]
 [ 16.792444   -17.08593   ]
 [ 14.512451   -14.806277  ]
 [ 16.792444   -17.08593   ]
 [  9.677522    -9.971294  ]
 [  6.2784734   -6.5722165 ]
 [ 11.113404   -11.4072    ]
 [ 16.031181   -16.324915  ]
 [ 15.258369   -15.55289   ]
 [ 16.031181   -16.324915  ]
 [ 15.258369   -15.55289   ]
 [ 14.512451   -14.806277  ]
 [  6.2784734   -6.5722165 ]
 [  9.579398    -9.874108  ]
 [ 12.016522   -12.310999  ]
 [ 16.019632   -16.313906  ]
 [ 15.258369   -15.55289   ]
 [ 16.019632   -16.313906  ]
 [ 16.031181   -16.324915  ]
 [  1.2828404   -1.5757704 ]
 [  6.2784734   -6.5722165 ]
 [  7.2776885   -7.5720267 ]
 [ 16.031181   -16.324915  ]
 [ 12.016522   -12.310999  ]
 [ 14.512451   -14.806277  ]
 [ 16.792444   -17.08593   ]
 [ 13.739639   -14.034253  ]
 [  5.5056624   -5.8001933 ]
 [  5.5056624   -5.8001933 ]
 [ 16.792444   -17.08593   ]
 [ 14.512451   -14.806277  ]
 [ 16.792444   -17.08593   ]
 [ 16.031181   -16.324915  ]
 [  1.2828404   -1.5757704 ]
 [  6.200619    -6.4934855 ]
 [ 14.512451   -14.806277  ]]
2025-12-21 21:21:08,788 - [INFO] - ------------------------------------------------------------
2025-12-21 21:21:08,788 - [INFO] - On Validation Set:
	Accuracy of RRL  Model: 0.8935729094678645
	F1 Score of RRL  Model: 0.5390652148731612
2025-12-21 21:21:08,795 - [INFO] - On Validation Set:
Performance of  RRL Model: 
[[1281    5]
 [ 149   12]]
              precision    recall  f1-score   support

           0       0.90      1.00      0.94      1286
           1       0.71      0.07      0.13       161

    accuracy                           0.89      1447
   macro avg       0.80      0.54      0.54      1447
weighted avg       0.87      0.89      0.85      1447

2025-12-21 21:21:08,795 - [INFO] - ------------------------------------------------------------
2025-12-21 21:21:09,979 - [INFO] - epoch: 80, loss_rrl: 112.54230875894427
2025-12-21 21:21:10,599 - [DEBUG] - y_true: (1447,) [0 0 0 0 0 1 0 0 0 0 0 0 0 0 0 0 0 1 0 0 0 0 0 0 1 0 0 0 0 0 0 0 0 0 0 0 0
 0 1 1 0]
2025-12-21 21:21:10,781 - [DEBUG] - y_rrl_: (1447,) [0 0 0 0 0 0 0 0 0 0 0 0 0 0 0 0 0 0 0 0 0 0 0 0 1 0 0 0 0 0 0 0 0 0 0 0 0
 0 0 0 0]
2025-12-21 21:21:10,782 - [DEBUG] - y_rrl: (1447, 2) [[ 16.402008   -16.687523  ]
 [  3.2092047   -3.49474   ]
 [ 11.054002   -11.339634  ]
 [ 12.408242   -12.694086  ]
 [ 15.047767   -15.333071  ]
 [  0.11669063  -0.40244523]
 [ 16.402008   -16.687523  ]
 [ 14.121814   -14.408188  ]
 [ 16.402008   -16.687523  ]
 [  9.300243    -9.586569  ]
 [  3.9446607   -4.230919  ]
 [ 10.139959   -10.425327  ]
 [ 14.287607   -14.573151  ]
 [ 14.2725315  -14.558603  ]
 [ 12.562146   -12.847668  ]
 [ 15.626773   -15.913055  ]
 [ 14.121814   -14.408188  ]
 [  5.8973947   -6.183692  ]
 [ 10.706456   -10.993075  ]
 [ 11.626563   -11.913044  ]
 [ 15.626773   -15.913055  ]
 [ 14.2725315  -14.558603  ]
 [ 14.2725315  -14.558603  ]
 [ 15.641849   -15.927604  ]
 [ -1.6004772    1.3154963 ]
 [  4.558229    -4.843788  ]
 [  9.374355    -9.660602  ]
 [ 15.641849   -15.927604  ]
 [ 11.032481   -11.318511  ]
 [ 14.136889   -14.422736  ]
 [ 16.402008   -16.687523  ]
 [ 10.272322   -10.558591  ]
 [  5.8973947   -6.183692  ]
 [  4.5431533   -4.829239  ]
 [ 15.047767   -15.333071  ]
 [ 14.89705    -15.182655  ]
 [ 15.047767   -15.333071  ]
 [ 15.641849   -15.927604  ]
 [  2.5446057   -2.8300157 ]
 [  5.784657    -6.0701094 ]
 [ 14.121814   -14.408188  ]]
2025-12-21 21:21:10,784 - [INFO] - ------------------------------------------------------------
2025-12-21 21:21:10,784 - [INFO] - On Validation Set:
	Accuracy of RRL  Model: 0.9004837595024188
	F1 Score of RRL  Model: 0.6366857302273679
2025-12-21 21:21:10,791 - [INFO] - On Validation Set:
Performance of  RRL Model: 
[[1268   18]
 [ 126   35]]
              precision    recall  f1-score   support

           0       0.91      0.99      0.95      1286
           1       0.66      0.22      0.33       161

    accuracy                           0.90      1447
   macro avg       0.78      0.60      0.64      1447
weighted avg       0.88      0.90      0.88      1447

2025-12-21 21:21:10,791 - [INFO] - ------------------------------------------------------------
2025-12-21 21:21:11,698 - [INFO] - epoch: 81, loss_rrl: 113.01872769743204
2025-12-21 21:21:12,545 - [DEBUG] - y_true: (1447,) [0 0 0 0 0 1 0 0 0 0 0 0 0 0 0 0 0 1 0 0 0 0 0 0 1 0 0 0 0 0 0 0 0 0 0 0 0
 0 1 1 0]
2025-12-21 21:21:12,690 - [DEBUG] - y_rrl_: (1447,) [0 1 0 0 0 1 0 0 0 0 0 0 0 0 0 0 0 0 0 0 0 0 0 0 1 0 0 0 0 0 0 0 0 0 0 0 0
 0 1 0 0]
2025-12-21 21:21:12,691 - [DEBUG] - y_rrl: (1447, 2) [[ 12.661783   -12.939744  ]
 [ -1.2632934    0.98525363]
 [  7.94417     -8.22268   ]
 [  9.642522    -9.9208555 ]
 [ 12.661783   -12.939744  ]
 [ -1.8555849    1.5775601 ]
 [ 14.360136   -14.63792   ]
 [ 10.410153   -10.687747  ]
 [ 14.360136   -14.63792   ]
 [  7.3180513   -7.5954227 ]
 [  3.911826    -4.189859  ]
 [  8.702281    -8.980358  ]
 [ 12.83423    -13.112987  ]
 [ 11.135879   -11.414812  ]
 [ 12.83423    -13.112987  ]
 [ 11.135879   -11.414812  ]
 [ 10.4051695  -10.68345   ]
 [  5.610179    -5.888034  ]
 [  5.504856    -5.78397   ]
 [  7.900607    -8.178811  ]
 [ 13.5925045  -13.871029  ]
 [ 11.135879   -11.414812  ]
 [ 11.894152   -12.172853  ]
 [ 11.135879   -11.414812  ]
 [ -4.3289423    4.0509267 ]
 [  4.8425474   -5.1211433 ]
 [  6.584463    -6.863188  ]
 [ 11.140862   -11.419107  ]
 [  9.593975    -9.872691  ]
 [ 11.335891   -11.614736  ]
 [ 14.360136   -14.63792   ]
 [  7.9346504   -8.213468  ]
 [  3.1441953   -3.4229681 ]
 [  1.4508269   -1.7290881 ]
 [ 14.360136   -14.63792   ]
 [ 10.410153   -10.687747  ]
 [ 11.894152   -12.172853  ]
 [  9.44251     -9.720932  ]
 [ -1.087954     0.8106696 ]
 [  3.8116267   -4.0888505 ]
 [  8.711801    -8.989572  ]]
2025-12-21 21:21:12,693 - [INFO] - ------------------------------------------------------------
2025-12-21 21:21:12,693 - [INFO] - On Validation Set:
	Accuracy of RRL  Model: 0.9060124395300622
	F1 Score of RRL  Model: 0.7543293718166384
2025-12-21 21:21:12,699 - [INFO] - On Validation Set:
Performance of  RRL Model: 
[[1224   62]
 [  74   87]]
              precision    recall  f1-score   support

           0       0.94      0.95      0.95      1286
           1       0.58      0.54      0.56       161

    accuracy                           0.91      1447
   macro avg       0.76      0.75      0.75      1447
weighted avg       0.90      0.91      0.90      1447

2025-12-21 21:21:12,699 - [INFO] - ------------------------------------------------------------
2025-12-21 21:21:13,306 - [INFO] - epoch: 82, loss_rrl: 112.18799536675215
2025-12-21 21:21:14,315 - [DEBUG] - y_true: (1447,) [0 0 0 0 0 1 0 0 0 0 0 0 0 0 0 0 0 1 0 0 0 0 0 0 1 0 0 0 0 0 0 0 0 0 0 0 0
 0 1 1 0]
2025-12-21 21:21:14,462 - [DEBUG] - y_rrl_: (1447,) [0 0 0 0 0 0 0 0 0 0 0 0 0 0 0 0 0 0 0 0 0 0 0 0 1 0 0 0 0 0 0 0 0 0 0 0 0
 0 0 0 0]
2025-12-21 21:21:14,462 - [DEBUG] - y_rrl: (1447, 2) [[ 16.676668   -16.946964  ]
 [  3.5180914   -3.7884178 ]
 [ 11.969426   -12.240262  ]
 [ 13.463014   -13.733764  ]
 [ 16.676668   -16.946964  ]
 [  0.47141132  -0.74194527]
 [ 16.676668   -16.946964  ]
 [ 14.4221945  -14.692805  ]
 [ 16.676668   -16.946964  ]
 [  9.656343    -9.926912  ]
 [  6.2358203   -6.5063596 ]
 [ 11.00167    -11.272254  ]
 [ 15.915782   -16.186306  ]
 [ 15.160089   -15.43133   ]
 [ 12.813913   -13.084227  ]
 [ 15.160089   -15.43133   ]
 [ 14.4221945  -14.692805  ]
 [  6.2358203   -6.5063596 ]
 [ 12.704186   -12.975418  ]
 [ 15.160089   -15.43133   ]
 [ 15.920973   -16.191988  ]
 [ 15.160089   -15.43133   ]
 [ 15.920973   -16.191988  ]
 [ 15.915782   -16.186306  ]
 [ -1.2287971    0.95898914]
 [  6.2358203   -6.5063596 ]
 [ 10.245976   -10.517277  ]
 [ 15.915782   -16.186306  ]
 [ 11.9121275  -12.183331  ]
 [ 15.915782   -16.186306  ]
 [ 16.676668   -16.946964  ]
 [ 15.160089   -15.43133   ]
 [  5.4801264   -5.7513833 ]
 [  5.4801264   -5.7513833 ]
 [ 16.676668   -16.946964  ]
 [ 15.915782   -16.186306  ]
 [ 16.676668   -16.946964  ]
 [ 15.915782   -16.186306  ]
 [  2.893256    -3.1629753 ]
 [  6.1412168   -6.410975  ]
 [ 14.4221945  -14.692805  ]]
2025-12-21 21:21:14,465 - [INFO] - ------------------------------------------------------------
2025-12-21 21:21:14,465 - [INFO] - On Validation Set:
	Accuracy of RRL  Model: 0.899101589495508
	F1 Score of RRL  Model: 0.6079027468448404
2025-12-21 21:21:14,471 - [INFO] - On Validation Set:
Performance of  RRL Model: 
[[1274   12]
 [ 134   27]]
              precision    recall  f1-score   support

           0       0.90      0.99      0.95      1286
           1       0.69      0.17      0.27       161

    accuracy                           0.90      1447
   macro avg       0.80      0.58      0.61      1447
weighted avg       0.88      0.90      0.87      1447

2025-12-21 21:21:14,471 - [INFO] - ------------------------------------------------------------
2025-12-21 21:21:14,893 - [INFO] - epoch: 83, loss_rrl: 111.7865646108985
2025-12-21 21:21:16,352 - [DEBUG] - y_true: (1447,) [0 0 0 0 0 1 0 0 0 0 0 0 0 0 0 0 0 1 0 0 0 0 0 0 1 0 0 0 0 0 0 0 0 0 0 0 0
 0 1 1 0]
2025-12-21 21:21:16,498 - [DEBUG] - y_rrl_: (1447,) [0 0 0 0 0 1 0 0 0 0 0 0 0 0 0 0 0 0 0 0 0 0 0 0 0 0 0 0 0 0 0 0 0 0 0 0 0
 0 0 0 0]
2025-12-21 21:21:16,498 - [DEBUG] - y_rrl: (1447, 2) [[ 15.468478   -15.73152   ]
 [  2.3119655   -2.5750434 ]
 [ 11.556487   -11.8198395 ]
 [ 11.556487   -11.8198395 ]
 [ 15.468478   -15.73152   ]
 [ -0.68639433   0.42310584]
 [ 15.468478   -15.73152   ]
 [ 13.98878    -14.251906  ]
 [ 15.468478   -15.73152   ]
 [  9.2300625   -9.493153  ]
 [  3.8927016   -4.155734  ]
 [ 10.579084   -10.842183  ]
 [ 13.0445     -13.307853  ]
 [ 14.726049   -14.989787  ]
 [ 11.604948   -11.868009  ]
 [ 14.726049   -14.989787  ]
 [ 13.98878    -14.251906  ]
 [  5.8203654   -6.0834303 ]
 [ 11.482905   -11.746853  ]
 [ 10.726193   -10.990112  ]
 [ 14.726049   -14.989787  ]
 [ 14.726049   -14.989787  ]
 [ 14.726049   -14.989787  ]
 [ 14.701258   -14.964518  ]
 [  0.05603299  -0.31862628]
 [  5.053146    -5.316428  ]
 [  8.493285    -8.757001  ]
 [ 14.701258   -14.964518  ]
 [ 11.493413   -11.757114  ]
 [ 13.2215605  -13.484904  ]
 [ 15.468478   -15.73152   ]
 [  9.069436    -9.333448  ]
 [  5.0779386   -5.3416986 ]
 [  5.0779386   -5.3416986 ]
 [ 15.468478   -15.73152   ]
 [ 13.98878    -14.251906  ]
 [ 15.468478   -15.73152   ]
 [ 14.701258   -14.964518  ]
 [  2.480011    -2.7422926 ]
 [  4.0558896   -4.318301  ]
 [ 13.98878    -14.251906  ]]
2025-12-21 21:21:16,500 - [INFO] - ------------------------------------------------------------
2025-12-21 21:21:16,500 - [INFO] - On Validation Set:
	Accuracy of RRL  Model: 0.8970283344851416
	F1 Score of RRL  Model: 0.6053200505974119
2025-12-21 21:21:16,506 - [INFO] - On Validation Set:
Performance of  RRL Model: 
[[1271   15]
 [ 134   27]]
              precision    recall  f1-score   support

           0       0.90      0.99      0.94      1286
           1       0.64      0.17      0.27       161

    accuracy                           0.90      1447
   macro avg       0.77      0.58      0.61      1447
weighted avg       0.88      0.90      0.87      1447

2025-12-21 21:21:16,506 - [INFO] - ------------------------------------------------------------
2025-12-21 21:21:16,691 - [INFO] - epoch: 84, loss_rrl: 112.8547283783555
2025-12-21 21:21:18,230 - [INFO] - epoch: 85, loss_rrl: 111.81407578289509
2025-12-21 21:21:18,312 - [DEBUG] - y_true: (1447,) [0 0 0 0 0 1 0 0 0 0 0 0 0 0 0 0 0 1 0 0 0 0 0 0 1 0 0 0 0 0 0 0 0 0 0 0 0
 0 1 1 0]
2025-12-21 21:21:18,460 - [DEBUG] - y_rrl_: (1447,) [0 0 0 0 0 1 0 0 0 0 0 0 0 0 0 0 0 0 0 0 0 0 0 0 1 0 0 0 0 0 0 0 0 0 0 0 0
 0 0 0 0]
2025-12-21 21:21:18,460 - [DEBUG] - y_rrl: (1447, 2) [[ 15.284193   -15.540152  ]
 [  1.3924559   -1.6491318 ]
 [ 12.854563   -13.110745  ]
 [ 12.854563   -13.110745  ]
 [ 13.600464   -13.855971  ]
 [ -0.88380235   0.62759256]
 [ 15.284193   -15.540152  ]
 [ 15.284193   -15.540152  ]
 [ 15.284193   -15.540152  ]
 [ 10.50346    -10.759388  ]
 [  2.0226336   -2.2781358 ]
 [ 10.42602    -10.682033  ]
 [ 12.137728   -12.394663  ]
 [ 12.854563   -13.110745  ]
 [ 10.667426   -10.924086  ]
 [ 12.905558   -13.162278  ]
 [ 13.600464   -13.855971  ]
 [  5.645287    -5.90127   ]
 [  8.190135    -8.447144  ]
 [ 10.545029   -10.801839  ]
 [ 14.538294   -14.794926  ]
 [ 14.538294   -14.794926  ]
 [ 14.538294   -14.794926  ]
 [ 12.086735   -12.34313   ]
 [ -0.88380235   0.62759256]
 [  4.131558    -4.3884296 ]
 [  6.577081    -6.833582  ]
 [ 13.770466   -14.02731   ]
 [ 11.312857   -11.569454  ]
 [ 13.770466   -14.02731   ]
 [ 15.284193   -15.540152  ]
 [  8.912292    -9.169191  ]
 [  4.8993864   -5.156045  ]
 [  4.8993864   -5.156045  ]
 [ 15.284193   -15.540152  ]
 [ 15.284193   -15.540152  ]
 [ 14.538294   -14.794926  ]
 [ 13.770466   -14.02731   ]
 [  2.2626634   -2.5178952 ]
 [  3.8553622   -4.110719  ]
 [ 15.284193   -15.540152  ]]
2025-12-21 21:21:18,462 - [INFO] - ------------------------------------------------------------
2025-12-21 21:21:18,462 - [INFO] - On Validation Set:
	Accuracy of RRL  Model: 0.9060124395300622
	F1 Score of RRL  Model: 0.6933672388217842
2025-12-21 21:21:18,468 - [INFO] - On Validation Set:
Performance of  RRL Model: 
[[1258   28]
 [ 108   53]]
              precision    recall  f1-score   support

           0       0.92      0.98      0.95      1286
           1       0.65      0.33      0.44       161

    accuracy                           0.91      1447
   macro avg       0.79      0.65      0.69      1447
weighted avg       0.89      0.91      0.89      1447

2025-12-21 21:21:18,468 - [INFO] - ------------------------------------------------------------
2025-12-21 21:21:19,835 - [INFO] - epoch: 86, loss_rrl: 111.88261338882148
2025-12-21 21:21:20,142 - [DEBUG] - y_true: (1447,) [0 0 0 0 0 1 0 0 0 0 0 0 0 0 0 0 0 1 0 0 0 0 0 0 1 0 0 0 0 0 0 0 0 0 0 0 0
 0 1 1 0]
2025-12-21 21:21:20,290 - [DEBUG] - y_rrl_: (1447,) [0 0 0 0 0 1 0 0 0 0 0 0 0 0 0 0 0 0 0 0 0 0 0 0 1 0 0 0 0 0 0 0 0 0 0 0 0
 0 1 0 0]
2025-12-21 21:21:20,290 - [DEBUG] - y_rrl: (1447, 2) [[ 12.819631   -13.068907  ]
 [  0.55118585  -0.80101514]
 [  8.202222    -8.4517565 ]
 [ 11.302799   -11.552358  ]
 [ 11.415509   -11.664615  ]
 [ -1.7500107    1.5006288 ]
 [ 14.5160885  -14.765214  ]
 [ 13.741828   -13.991162  ]
 [ 14.5160885  -14.765214  ]
 [  8.934775    -9.184087  ]
 [  4.0549374   -4.304299  ]
 [  7.457869    -7.7070813 ]
 [  9.947246   -10.197147  ]
 [  9.883768   -10.133735  ]
 [ 12.984345   -13.234336  ]
 [  9.654908    -9.905132  ]
 [ 12.045369   -12.294855  ]
 [  4.0549374   -4.304299  ]
 [  5.702295    -5.95259   ]
 [  9.737487    -9.987443  ]
 [ 13.758606   -14.008388  ]
 [  9.883768   -10.133735  ]
 [ 10.658028   -10.907786  ]
 [ 11.287888   -11.538028  ]
 [ -1.7500107    1.5006288 ]
 [  1.8933351   -2.143178  ]
 [  6.769087    -7.0190644 ]
 [ 12.984345   -13.234336  ]
 [  8.333367    -8.583149  ]
 [ 12.984345   -13.234336  ]
 [ 14.5160885  -14.765214  ]
 [ 10.108541   -10.358435  ]
 [  3.2974555   -3.547471  ]
 [  1.8933351   -2.143178  ]
 [ 13.111968   -13.360921  ]
 [ 13.741828   -13.991162  ]
 [ 10.658028   -10.907786  ]
 [ 11.287888   -11.538028  ]
 [ -0.99252886   0.7438011 ]
 [  2.2543297   -2.5030909 ]
 [ 12.045369   -12.294855  ]]
2025-12-21 21:21:20,292 - [INFO] - ------------------------------------------------------------
2025-12-21 21:21:20,292 - [INFO] - On Validation Set:
	Accuracy of RRL  Model: 0.9060124395300622
	F1 Score of RRL  Model: 0.7165687291162577
2025-12-21 21:21:20,298 - [INFO] - On Validation Set:
Performance of  RRL Model: 
[[1247   39]
 [  97   64]]
              precision    recall  f1-score   support

           0       0.93      0.97      0.95      1286
           1       0.62      0.40      0.48       161

    accuracy                           0.91      1447
   macro avg       0.77      0.68      0.72      1447
weighted avg       0.89      0.91      0.90      1447

2025-12-21 21:21:20,298 - [INFO] - ------------------------------------------------------------
2025-12-21 21:21:21,395 - [INFO] - epoch: 87, loss_rrl: 111.16050119511783
2025-12-21 21:21:21,924 - [DEBUG] - y_true: (1447,) [0 0 0 0 0 1 0 0 0 0 0 0 0 0 0 0 0 1 0 0 0 0 0 0 1 0 0 0 0 0 0 0 0 0 0 0 0
 0 1 1 0]
2025-12-21 21:21:22,069 - [DEBUG] - y_rrl_: (1447,) [0 0 0 0 0 1 0 0 0 0 0 0 0 0 0 0 0 0 0 0 0 0 0 0 1 0 0 0 0 0 0 0 0 0 0 0 0
 0 1 0 0]
2025-12-21 21:21:22,070 - [DEBUG] - y_rrl: (1447, 2) [[ 13.68513    -13.927619  ]
 [  0.45528942  -0.697826  ]
 [  8.967207    -9.210196  ]
 [  8.967207    -9.210196  ]
 [ 13.68513    -13.927619  ]
 [ -2.6591027    2.4163609 ]
 [ 13.68513    -13.927619  ]
 [ 10.66469    -10.9080925 ]
 [ 13.68513    -13.927619  ]
 [  5.8266416   -6.0700245 ]
 [  0.4551807   -0.6985041 ]
 [  8.042684    -8.285421  ]
 [ 11.296889   -11.53966   ]
 [ 12.136091   -12.379418  ]
 [ 12.903363   -13.146053  ]
 [ 10.529617   -10.7730255 ]
 [ 10.66469    -10.9080925 ]
 [  2.437364    -2.6807184 ]
 [  6.586994    -6.8304725 ]
 [  8.881886    -9.125179  ]
 [ 12.917858   -13.160984  ]
 [ 12.136091   -12.379418  ]
 [ 12.917858   -13.160984  ]
 [ 12.903363   -13.146053  ]
 [ -1.8918314    1.6497236 ]
 [  3.2046356   -3.4473553 ]
 [  5.9242268   -6.1675467 ]
 [ 12.903363   -13.146053  ]
 [  8.881886    -9.125179  ]
 [ 11.431962   -11.674727  ]
 [ 13.68513    -13.927619  ]
 [ 10.66469    -10.9080925 ]
 [  2.437364    -2.6807184 ]
 [  2.437364    -2.6807184 ]
 [ 13.68513    -13.927619  ]
 [ 11.431962   -11.674727  ]
 [ 13.68513    -13.927619  ]
 [ 12.903363   -13.146053  ]
 [ -1.052629     0.80996835]
 [  0.5951028   -0.8378786 ]
 [ 10.66469    -10.9080925 ]]
2025-12-21 21:21:22,072 - [INFO] - ------------------------------------------------------------
2025-12-21 21:21:22,072 - [INFO] - On Validation Set:
	Accuracy of RRL  Model: 0.912232204561161
	F1 Score of RRL  Model: 0.761743996245344
2025-12-21 21:21:22,078 - [INFO] - On Validation Set:
Performance of  RRL Model: 
[[1235   51]
 [  76   85]]
              precision    recall  f1-score   support

           0       0.94      0.96      0.95      1286
           1       0.62      0.53      0.57       161

    accuracy                           0.91      1447
   macro avg       0.78      0.74      0.76      1447
weighted avg       0.91      0.91      0.91      1447

2025-12-21 21:21:22,078 - [INFO] - ------------------------------------------------------------
2025-12-21 21:21:22,945 - [INFO] - epoch: 88, loss_rrl: 110.46875078603625
2025-12-21 21:21:23,696 - [DEBUG] - y_true: (1447,) [0 0 0 0 0 1 0 0 0 0 0 0 0 0 0 0 0 1 0 0 0 0 0 0 1 0 0 0 0 0 0 0 0 0 0 0 0
 0 1 1 0]
2025-12-21 21:21:23,841 - [DEBUG] - y_rrl_: (1447,) [0 0 0 0 0 1 0 0 0 0 0 0 0 0 0 0 0 0 0 0 0 0 0 0 1 0 0 0 0 0 0 0 0 0 0 0 0
 0 1 0 0]
2025-12-21 21:21:23,842 - [DEBUG] - y_rrl: (1447, 2) [[ 15.809125   -16.045124  ]
 [  0.24011046  -0.4763768 ]
 [ 11.111939   -11.348423  ]
 [ 11.111939   -11.348423  ]
 [ 14.1319     -14.367501  ]
 [ -0.42906234   0.19281001]
 [ 15.809125   -16.045124  ]
 [ 11.111939   -11.348423  ]
 [ 15.809125   -16.045124  ]
 [  6.292073    -6.528538  ]
 [  2.9601798   -3.1966197 ]
 [  9.457272    -9.694129  ]
 [ 14.26409    -14.500901  ]
 [ 12.586864   -12.8232765 ]
 [ 14.26409    -14.500901  ]
 [ 14.26409    -14.500901  ]
 [ 11.111939   -11.348423  ]
 [  4.6374054   -4.874244  ]
 [  8.777596    -9.014552  ]
 [  9.344503    -9.580882  ]
 [ 15.041027   -15.277642  ]
 [ 14.26409    -14.500901  ]
 [ 15.041027   -15.277642  ]
 [ 12.586864   -12.8232765 ]
 [ -2.8761733    2.6399276 ]
 [  4.6374054   -4.874244  ]
 [ 11.224708   -11.46167   ]
 [ 12.586864   -12.8232765 ]
 [ 11.0217285  -11.258507  ]
 [ 12.789165   -13.026048  ]
 [ 15.809125   -16.045124  ]
 [  9.457272    -9.694129  ]
 [  4.6374054   -4.874244  ]
 [  2.9601798   -3.1966197 ]
 [ 15.809125   -16.045124  ]
 [ 11.111939   -11.348423  ]
 [ 15.041027   -15.277642  ]
 [ 12.586864   -12.8232765 ]
 [ -0.42906234   0.19281001]
 [  4.3777556   -4.6139607 ]
 [ 11.111939   -11.348423  ]]
2025-12-21 21:21:23,844 - [INFO] - ------------------------------------------------------------
2025-12-21 21:21:23,844 - [INFO] - On Validation Set:
	Accuracy of RRL  Model: 0.9032480995162405
	F1 Score of RRL  Model: 0.7102058799967956
2025-12-21 21:21:23,850 - [INFO] - On Validation Set:
Performance of  RRL Model: 
[[1244   42]
 [  98   63]]
              precision    recall  f1-score   support

           0       0.93      0.97      0.95      1286
           1       0.60      0.39      0.47       161

    accuracy                           0.90      1447
   macro avg       0.76      0.68      0.71      1447
weighted avg       0.89      0.90      0.89      1447

2025-12-21 21:21:23,850 - [INFO] - ------------------------------------------------------------
2025-12-21 21:21:24,488 - [INFO] - epoch: 89, loss_rrl: 111.15358776971698
2025-12-21 21:21:25,489 - [DEBUG] - y_true: (1447,) [0 0 0 0 0 1 0 0 0 0 0 0 0 0 0 0 0 1 0 0 0 0 0 0 1 0 0 0 0 0 0 0 0 0 0 0 0
 0 1 1 0]
2025-12-21 21:21:25,744 - [DEBUG] - y_rrl_: (1447,) [0 1 0 0 0 1 0 0 0 0 0 0 0 0 0 0 0 0 0 0 0 0 0 0 1 0 0 0 0 0 0 0 0 0 0 0 0
 0 1 0 0]
2025-12-21 21:21:25,744 - [DEBUG] - y_rrl: (1447, 2) [[ 13.570232   -13.799888  ]
 [ -1.9699246    1.7400001 ]
 [ 10.34408    -10.574139  ]
 [ 10.34408    -10.574139  ]
 [ 13.570232   -13.799888  ]
 [ -2.6495667    2.4196582 ]
 [ 13.570232   -13.799888  ]
 [ 11.1069355  -11.3364    ]
 [ 13.570232   -13.799888  ]
 [  6.314662    -6.5441093 ]
 [  1.2091516   -1.4389999 ]
 [  7.9828186   -8.212711  ]
 [ 12.028381   -12.2588215 ]
 [ 12.028381   -12.2588215 ]
 [  8.932292    -9.162583  ]
 [ 12.028381   -12.2588215 ]
 [ 12.791237   -13.021083  ]
 [  3.1905453   -3.420421  ]
 [  8.10802     -8.338526  ]
 [  8.851822    -9.081952  ]
 [ 12.807377   -13.037626  ]
 [ 12.028381   -12.2588215 ]
 [ 12.807377   -13.037626  ]
 [ 12.028381   -12.2588215 ]
 [ -5.0776706    4.847768  ]
 [  2.4276898   -2.65816   ]
 [  4.1238737   -4.3542128 ]
 [ 10.34408    -10.574139  ]
 [  8.769353    -8.999764  ]
 [ 12.028381   -12.2588215 ]
 [ 13.570232   -13.799888  ]
 [ 10.536123   -10.766635  ]
 [  2.4276898   -2.65816   ]
 [  0.7433883   -0.9734773 ]
 [ 13.570232   -13.799888  ]
 [ 11.1069355  -11.3364    ]
 [ 12.807377   -13.037626  ]
 [ 10.34408    -10.574139  ]
 [ -0.3373209    0.10808354]
 [  2.9217076   -3.1509736 ]
 [ 11.1069355  -11.3364    ]]
2025-12-21 21:21:25,746 - [INFO] - ------------------------------------------------------------
2025-12-21 21:21:25,747 - [INFO] - On Validation Set:
	Accuracy of RRL  Model: 0.9039391845196959
	F1 Score of RRL  Model: 0.7392316179378173
2025-12-21 21:21:25,753 - [INFO] - On Validation Set:
Performance of  RRL Model: 
[[1229   57]
 [  82   79]]
              precision    recall  f1-score   support

           0       0.94      0.96      0.95      1286
           1       0.58      0.49      0.53       161

    accuracy                           0.90      1447
   macro avg       0.76      0.72      0.74      1447
weighted avg       0.90      0.90      0.90      1447

2025-12-21 21:21:25,753 - [INFO] - ------------------------------------------------------------
2025-12-21 21:21:26,204 - [INFO] - epoch: 90, loss_rrl: 110.38166038878262
2025-12-21 21:21:27,501 - [DEBUG] - y_true: (1447,) [0 0 0 0 0 1 0 0 0 0 0 0 0 0 0 0 0 1 0 0 0 0 0 0 1 0 0 0 0 0 0 0 0 0 0 0 0
 0 1 1 0]
2025-12-21 21:21:27,661 - [DEBUG] - y_rrl_: (1447,) [0 0 0 0 0 1 0 0 0 0 0 0 0 0 0 0 0 0 0 0 0 0 0 0 1 0 0 0 0 0 0 0 0 0 0 0 0
 0 0 0 0]
2025-12-21 21:21:27,661 - [DEBUG] - y_rrl: (1447, 2) [[ 1.36581526e+01 -1.38816481e+01]
 [ 6.18842781e-01 -8.42399836e-01]
 [ 8.31770229e+00 -8.54133224e+00]
 [ 9.72893906e+00 -9.95271873e+00]
 [ 1.22469158e+01 -1.24702625e+01]
 [-2.46228886e+00  2.23853469e+00]
 [ 1.36581526e+01 -1.38816481e+01]
 [ 1.21678219e+01 -1.23913879e+01]
 [ 1.36581526e+01 -1.38816481e+01]
 [ 5.44466257e+00 -5.66818762e+00]
 [ 2.16902947e+00 -2.39253354e+00]
 [ 7.48095226e+00 -7.70434618e+00]
 [ 9.94521999e+00 -1.01688271e+01]
 [ 1.14911127e+01 -1.17150373e+01]
 [ 1.28769531e+01 -1.31006346e+01]
 [ 1.29023485e+01 -1.31264229e+01]
 [ 1.21678219e+01 -1.23913879e+01]
 [ 2.16902947e+00 -2.39253354e+00]
 [ 9.68001747e+00 -9.90427017e+00]
 [ 8.87568378e+00 -9.09991550e+00]
 [ 1.29023485e+01 -1.31264229e+01]
 [ 1.14911127e+01 -1.17150373e+01]
 [ 1.14911127e+01 -1.17150373e+01]
 [ 1.28769531e+01 -1.31006346e+01]
 [-4.14761734e+00  3.92444777e+00]
 [-2.34056078e-02 -2.00133830e-01]
 [ 6.80643797e+00 -7.03051710e+00]
 [ 1.28769531e+01 -1.31006346e+01]
 [ 8.24564648e+00 -8.46954346e+00]
 [ 1.13866224e+01 -1.16103745e+01]
 [ 1.36581526e+01 -1.38816481e+01]
 [ 5.94394875e+00 -6.16810656e+00]
 [ 1.41322494e+00 -1.63730836e+00]
 [ 1.98930781e-03 -2.25922614e-01]
 [ 1.22469158e+01 -1.24702625e+01]
 [ 1.21678219e+01 -1.23913879e+01]
 [ 1.22469158e+01 -1.24702625e+01]
 [ 1.28769531e+01 -1.31006346e+01]
 [ 5.95211446e-01 -8.18126202e-01]
 [ 2.32018137e+00 -2.54319882e+00]
 [ 1.21678219e+01 -1.23913879e+01]]
2025-12-21 21:21:27,664 - [INFO] - ------------------------------------------------------------
2025-12-21 21:21:27,664 - [INFO] - On Validation Set:
	Accuracy of RRL  Model: 0.9018659295093296
	F1 Score of RRL  Model: 0.7390342410079253
2025-12-21 21:21:27,670 - [INFO] - On Validation Set:
Performance of  RRL Model: 
[[1224   62]
 [  80   81]]
              precision    recall  f1-score   support

           0       0.94      0.95      0.95      1286
           1       0.57      0.50      0.53       161

    accuracy                           0.90      1447
   macro avg       0.75      0.73      0.74      1447
weighted avg       0.90      0.90      0.90      1447

2025-12-21 21:21:27,670 - [INFO] - ------------------------------------------------------------
2025-12-21 21:21:27,875 - [INFO] - epoch: 91, loss_rrl: 110.93569181486964
2025-12-21 21:21:29,370 - [INFO] - epoch: 92, loss_rrl: 111.88807477988303
2025-12-21 21:21:29,423 - [DEBUG] - y_true: (1447,) [0 0 0 0 0 1 0 0 0 0 0 0 0 0 0 0 0 1 0 0 0 0 0 0 1 0 0 0 0 0 0 0 0 0 0 0 0
 0 1 1 0]
2025-12-21 21:21:29,583 - [DEBUG] - y_rrl_: (1447,) [0 1 0 0 0 1 0 0 0 0 0 0 0 0 0 0 0 0 0 0 0 0 0 0 1 0 0 0 0 0 0 0 0 0 0 0 0
 0 0 0 0]
2025-12-21 21:21:29,583 - [DEBUG] - y_rrl: (1447, 2) [[ 13.78709    -14.004594  ]
 [ -1.702192     1.4844182 ]
 [ 11.333517   -11.551234  ]
 [ 11.333517   -11.551234  ]
 [ 12.092312   -12.309466  ]
 [ -2.3039742    2.0862198 ]
 [ 13.78709    -14.004594  ]
 [ 12.092312   -12.309466  ]
 [ 13.78709    -14.004594  ]
 [  7.358971    -7.5761123 ]
 [  0.6550819   -0.87224007]
 [  9.034803    -9.252349  ]
 [ 10.739309   -10.957625  ]
 [ 11.333517   -11.551234  ]
 [  9.159505    -9.377615  ]
 [ 11.520749   -11.738885  ]
 [ 12.092312   -12.309466  ]
 [  4.301463    -4.5189967 ]
 [  6.783266    -7.001642  ]
 [  7.3073373   -7.525205  ]
 [ 13.028296   -13.246362  ]
 [ 13.028296   -13.246362  ]
 [ 13.028296   -13.246362  ]
 [ 10.552078   -10.769975  ]
 [ -4.7670026    4.549254  ]
 [  2.7612295   -2.9795034 ]
 [  5.188657    -5.406632  ]
 [ 10.552078   -10.769975  ]
 [  9.783556   -10.001593  ]
 [ 12.246857   -12.4651    ]
 [ 13.78709    -14.004594  ]
 [  9.246294    -9.464677  ]
 [  3.5426693   -3.760763  ]
 [  1.8478903   -2.065636  ]
 [ 13.78709    -14.004594  ]
 [ 12.092312   -12.309466  ]
 [ 13.028296   -13.246362  ]
 [ 10.552078   -10.769975  ]
 [  0.74380654  -0.9607487 ]
 [  2.4809995   -2.6980405 ]
 [ 12.092312   -12.309466  ]]
2025-12-21 21:21:29,585 - [INFO] - ------------------------------------------------------------
2025-12-21 21:21:29,585 - [INFO] - On Validation Set:
	Accuracy of RRL  Model: 0.9060124395300622
	F1 Score of RRL  Model: 0.7361641426058604
2025-12-21 21:21:29,591 - [INFO] - On Validation Set:
Performance of  RRL Model: 
[[1236   50]
 [  86   75]]
              precision    recall  f1-score   support

           0       0.93      0.96      0.95      1286
           1       0.60      0.47      0.52       161

    accuracy                           0.91      1447
   macro avg       0.77      0.71      0.74      1447
weighted avg       0.90      0.91      0.90      1447

2025-12-21 21:21:29,591 - [INFO] - ------------------------------------------------------------
2025-12-21 21:21:31,112 - [INFO] - epoch: 93, loss_rrl: 111.38748461194336
2025-12-21 21:21:31,409 - [DEBUG] - y_true: (1447,) [0 0 0 0 0 1 0 0 0 0 0 0 0 0 0 0 0 1 0 0 0 0 0 0 1 0 0 0 0 0 0 0 0 0 0 0 0
 0 1 1 0]
2025-12-21 21:21:31,569 - [DEBUG] - y_rrl_: (1447,) [0 1 0 0 0 1 0 0 0 0 1 0 0 0 0 0 0 0 0 0 0 0 0 0 1 1 0 0 0 0 0 0 0 1 0 0 0
 0 1 1 0]
2025-12-21 21:21:31,570 - [DEBUG] - y_rrl: (1447, 2) [[ 11.525489   -11.737118  ]
 [ -2.3284009    2.1161623 ]
 [  6.8593144   -7.0711913 ]
 [  8.282941    -8.494956  ]
 [  8.413983    -8.625141  ]
 [ -4.6401424    4.428256  ]
 [ 11.525489   -11.737118  ]
 [ 10.738776   -10.950581  ]
 [ 11.525489   -11.737118  ]
 [  5.978809    -6.190602  ]
 [ -2.4485576    2.2370784 ]
 [  4.534586    -4.7462974 ]
 [  7.042998    -7.255278  ]
 [  6.8593144   -7.0711913 ]
 [  9.970819   -10.183167  ]
 [  8.466624    -8.679043  ]
 [  9.050899    -9.262369  ]
 [  1.198245    -1.410083  ]
 [  4.4864864   -4.6989675 ]
 [  6.6944504   -6.9067745 ]
 [ 10.757531   -10.969705  ]
 [  8.547193    -8.759402  ]
 [  9.333904    -9.545939  ]
 [  8.282941    -8.494956  ]
 [ -4.6401424    4.428256  ]
 [ -0.9933388    0.78109473]
 [  3.8700113   -4.0823693 ]
 [  9.970819   -10.183167  ]
 [  5.2708235   -5.4830093 ]
 [  9.970819   -10.183167  ]
 [ 11.525489   -11.737118  ]
 [  5.5344877   -5.7468343 ]
 [  0.4302881   -0.64267045]
 [ -0.9933388    0.78109473]
 [ 10.101861   -10.313353  ]
 [ 10.738776   -10.950581  ]
 [  9.333904    -9.545939  ]
 [  9.970819   -10.183167  ]
 [ -2.3679903    2.1567185 ]
 [ -0.59581625   0.38444993]
 [ 10.738776   -10.950581  ]]
2025-12-21 21:21:31,571 - [INFO] - ------------------------------------------------------------
2025-12-21 21:21:31,572 - [INFO] - On Validation Set:
	Accuracy of RRL  Model: 0.8873531444367657
	F1 Score of RRL  Model: 0.745677473477182
2025-12-21 21:21:31,577 - [INFO] - On Validation Set:
Performance of  RRL Model: 
[[1182  104]
 [  59  102]]
              precision    recall  f1-score   support

           0       0.95      0.92      0.94      1286
           1       0.50      0.63      0.56       161

    accuracy                           0.89      1447
   macro avg       0.72      0.78      0.75      1447
weighted avg       0.90      0.89      0.89      1447

2025-12-21 21:21:31,577 - [INFO] - ------------------------------------------------------------
2025-12-21 21:21:32,799 - [INFO] - epoch: 94, loss_rrl: 111.73649745061994
2025-12-21 21:21:33,341 - [DEBUG] - y_true: (1447,) [0 0 0 0 0 1 0 0 0 0 0 0 0 0 0 0 0 1 0 0 0 0 0 0 1 0 0 0 0 0 0 0 0 0 0 0 0
 0 1 1 0]
2025-12-21 21:21:33,500 - [DEBUG] - y_rrl_: (1447,) [0 0 0 0 0 1 0 0 0 0 0 0 0 0 0 0 0 0 0 0 0 0 0 0 1 0 0 0 0 0 0 0 0 0 0 0 0
 0 1 0 0]
2025-12-21 21:21:33,501 - [DEBUG] - y_rrl: (1447, 2) [[ 14.58195    -14.787855  ]
 [  0.7131721   -0.9196689 ]
 [  9.813036   -10.019384  ]
 [  9.813036   -10.019384  ]
 [ 14.58195    -14.787855  ]
 [ -1.6778395    1.4716805 ]
 [ 14.58195    -14.787855  ]
 [ 11.523519   -11.730185  ]
 [ 14.58195    -14.787855  ]
 [  6.7282147   -6.9348707 ]
 [  1.4782039   -1.684814  ]
 [  8.253981    -8.460627  ]
 [ 11.547399   -11.754069  ]
 [ 13.034635   -13.241239  ]
 [ 13.034635   -13.241239  ]
 [ 11.547399   -11.754069  ]
 [ 11.523519   -11.730185  ]
 [  3.4586773   -3.6653128 ]
 [  7.5752225   -7.781952  ]
 [  9.741217    -9.947796  ]
 [ 13.815499   -14.021934  ]
 [ 13.034635   -13.241239  ]
 [ 13.815499   -14.021934  ]
 [ 13.034635   -13.241239  ]
 [ -1.6778395    1.4716805 ]
 [  3.4586773   -3.6653128 ]
 [  6.937006    -7.1436205 ]
 [ 13.034635   -13.241239  ]
 [  9.741217    -9.947796  ]
 [ 11.523519   -11.730185  ]
 [ 14.58195    -14.787855  ]
 [ 11.523519   -11.730185  ]
 [  3.4586773   -3.6653128 ]
 [  3.4586773   -3.6653128 ]
 [ 14.58195    -14.787855  ]
 [ 11.523519   -11.730185  ]
 [ 13.815499   -14.021934  ]
 [ 13.034635   -13.241239  ]
 [ -0.19060387  -0.01548908]
 [  1.6155782   -1.8217614 ]
 [ 11.523519   -11.730185  ]]
2025-12-21 21:21:33,503 - [INFO] - ------------------------------------------------------------
2025-12-21 21:21:33,503 - [INFO] - On Validation Set:
	Accuracy of RRL  Model: 0.9108500345542502
	F1 Score of RRL  Model: 0.7457783624990296
2025-12-21 21:21:33,509 - [INFO] - On Validation Set:
Performance of  RRL Model: 
[[1242   44]
 [  85   76]]
              precision    recall  f1-score   support

           0       0.94      0.97      0.95      1286
           1       0.63      0.47      0.54       161

    accuracy                           0.91      1447
   macro avg       0.78      0.72      0.75      1447
weighted avg       0.90      0.91      0.91      1447

2025-12-21 21:21:33,509 - [INFO] - ------------------------------------------------------------
2025-12-21 21:21:34,480 - [INFO] - epoch: 95, loss_rrl: 111.31650302186608
2025-12-21 21:21:35,265 - [DEBUG] - y_true: (1447,) [0 0 0 0 0 1 0 0 0 0 0 0 0 0 0 0 0 1 0 0 0 0 0 0 1 0 0 0 0 0 0 0 0 0 0 0 0
 0 1 1 0]
2025-12-21 21:21:35,425 - [DEBUG] - y_rrl_: (1447,) [0 0 0 0 0 0 0 0 0 0 0 0 0 0 0 0 0 0 0 0 0 0 0 0 1 0 0 0 0 0 0 0 0 0 0 0 0
 0 0 0 0]
2025-12-21 21:21:35,425 - [DEBUG] - y_rrl: (1447, 2) [[ 14.716948   -14.917431  ]
 [  0.89400005  -1.0946463 ]
 [ 11.490767   -11.691622  ]
 [ 13.2022505  -13.402998  ]
 [ 13.020767   -13.220946  ]
 [  0.19735265  -0.39798388]
 [ 16.428432   -16.628807  ]
 [ 13.2022505  -13.402998  ]
 [ 16.428432   -16.628807  ]
 [  8.39587     -8.596612  ]
 [  3.6108298   -3.8116114 ]
 [ 10.11339    -10.314483  ]
 [ 14.898432   -15.099483  ]
 [ 11.490767   -11.691622  ]
 [ 14.898432   -15.099483  ]
 [ 13.186948   -13.388106  ]
 [ 11.490767   -11.691622  ]
 [  5.3070107   -5.508096  ]
 [  7.746715    -7.947994  ]
 [  9.897321   -10.098045  ]
 [ 15.678255   -15.879142  ]
 [ 13.186948   -13.388106  ]
 [ 13.966771   -14.167766  ]
 [ 11.490767   -11.691622  ]
 [ -2.2548723    2.0542455 ]
 [  5.3070107   -5.508096  ]
 [  8.815527    -9.01659   ]
 [ 13.2022505  -13.402998  ]
 [ 11.593502   -11.79453   ]
 [ 14.898432   -15.099483  ]
 [ 16.428432   -16.628807  ]
 [ 10.11339    -10.314483  ]
 [  5.3070107   -5.508096  ]
 [  3.6108298   -3.8116114 ]
 [ 16.428432   -16.628807  ]
 [ 13.2022505  -13.402998  ]
 [ 13.966771   -14.167766  ]
 [ 11.490767   -11.691622  ]
 [  0.19735265  -0.39798388]
 [  4.9823933   -5.182984  ]
 [ 11.490767   -11.691622  ]]
2025-12-21 21:21:35,427 - [INFO] - ------------------------------------------------------------
2025-12-21 21:21:35,427 - [INFO] - On Validation Set:
	Accuracy of RRL  Model: 0.9032480995162405
	F1 Score of RRL  Model: 0.6497870162918706
2025-12-21 21:21:35,433 - [INFO] - On Validation Set:
Performance of  RRL Model: 
[[1269   17]
 [ 123   38]]
              precision    recall  f1-score   support

           0       0.91      0.99      0.95      1286
           1       0.69      0.24      0.35       161

    accuracy                           0.90      1447
   macro avg       0.80      0.61      0.65      1447
weighted avg       0.89      0.90      0.88      1447

2025-12-21 21:21:35,433 - [INFO] - ------------------------------------------------------------
2025-12-21 21:21:36,176 - [INFO] - epoch: 96, loss_rrl: 110.90358049422503
2025-12-21 21:21:37,213 - [DEBUG] - y_true: (1447,) [0 0 0 0 0 1 0 0 0 0 0 0 0 0 0 0 0 1 0 0 0 0 0 0 1 0 0 0 0 0 0 0 0 0 0 0 0
 0 1 1 0]
2025-12-21 21:21:37,372 - [DEBUG] - y_rrl_: (1447,) [0 1 0 0 0 1 0 0 0 0 0 0 0 0 0 0 0 0 0 0 0 0 0 0 1 0 0 0 0 0 0 0 0 1 0 0 0
 0 1 0 0]
2025-12-21 21:21:37,372 - [DEBUG] - y_rrl: (1447, 2) [[ 12.764397   -12.959425  ]
 [ -2.7652326    2.5699353 ]
 [  6.603335    -6.798666  ]
 [  9.54744     -9.742833  ]
 [ 11.324408   -11.519314  ]
 [ -3.4683347    3.2730532 ]
 [ 12.764397   -12.959425  ]
 [  8.782143    -8.9770975 ]
 [ 12.764397   -12.959425  ]
 [  3.9906354   -4.1855855 ]
 [  0.3981599   -0.5933589 ]
 [  5.7300487   -5.9251533 ]
 [  9.795138    -9.990702  ]
 [  9.795138    -9.990702  ]
 [  8.145596    -8.341173  ]
 [ 11.2351265  -11.430813  ]
 [ 10.4698305  -10.665078  ]
 [  2.37853     -2.573753  ]
 [  5.811706    -6.0075083 ]
 [  9.54744     -9.742833  ]
 [ 12.025578   -12.221105  ]
 [  9.795138    -9.990702  ]
 [ 10.585588   -10.780993  ]
 [ 11.2351265  -11.430813  ]
 [ -5.9071956    5.7119193 ]
 [  0.19972315  -0.395321  ]
 [  3.3416858   -3.5373046 ]
 [  9.54744     -9.742833  ]
 [  6.471673    -6.667215  ]
 [ 11.2351265  -11.430813  ]
 [ 12.764397   -12.959425  ]
 [  9.795138    -9.990702  ]
 [  1.6397113   -1.8354319 ]
 [ -1.4879643    1.2926587 ]
 [ 11.324408   -11.519314  ]
 [ 10.286259   -10.4811535 ]
 [ 10.585588   -10.780993  ]
 [  9.54744     -9.742833  ]
 [ -1.2490722    1.0543498 ]
 [  2.0743928   -2.2691357 ]
 [  8.782143    -8.9770975 ]]
2025-12-21 21:21:37,374 - [INFO] - ------------------------------------------------------------
2025-12-21 21:21:37,374 - [INFO] - On Validation Set:
	Accuracy of RRL  Model: 0.8887353144436766
	F1 Score of RRL  Model: 0.7402742334496133
2025-12-21 21:21:37,380 - [INFO] - On Validation Set:
Performance of  RRL Model: 
[[1190   96]
 [  65   96]]
              precision    recall  f1-score   support

           0       0.95      0.93      0.94      1286
           1       0.50      0.60      0.54       161

    accuracy                           0.89      1447
   macro avg       0.72      0.76      0.74      1447
weighted avg       0.90      0.89      0.89      1447

2025-12-21 21:21:37,381 - [INFO] - ------------------------------------------------------------
2025-12-21 21:21:37,872 - [INFO] - epoch: 97, loss_rrl: 111.2976489905268
2025-12-21 21:21:39,187 - [DEBUG] - y_true: (1447,) [0 0 0 0 0 1 0 0 0 0 0 0 0 0 0 0 0 1 0 0 0 0 0 0 1 0 0 0 0 0 0 0 0 0 0 0 0
 0 1 1 0]
2025-12-21 21:21:39,347 - [DEBUG] - y_rrl_: (1447,) [0 0 0 0 0 1 0 0 0 0 0 0 0 0 0 0 0 0 0 0 0 0 0 0 1 0 0 0 0 0 0 0 0 0 0 0 0
 0 0 0 0]
2025-12-21 21:21:39,347 - [DEBUG] - y_rrl: (1447, 2) [[ 12.588411   -12.778375  ]
 [  0.46402037  -0.6544359 ]
 [  7.2351117   -7.425217  ]
 [ 10.384212   -10.574338  ]
 [ 11.14483    -11.334675  ]
 [ -1.9260505    1.7359337 ]
 [ 14.293931   -14.483796  ]
 [ 12.802066   -12.99199   ]
 [ 14.293931   -14.483796  ]
 [  8.010715    -8.200636  ]
 [  2.7264001   -2.9162796 ]
 [  8.053896    -8.243683  ]
 [  9.848244   -10.038689  ]
 [ 10.414742   -10.60507   ]
 [ 12.772826   -12.963331  ]
 [ 10.377323   -10.567827  ]
 [ 11.096546   -11.286569  ]
 [  4.7061267   -4.896029  ]
 [  7.1395116   -7.330168  ]
 [ 11.280961   -11.471525  ]
 [ 13.563843   -13.754191  ]
 [ 10.414742   -10.60507   ]
 [ 10.414742   -10.60507   ]
 [ 11.067307   -11.257909  ]
 [ -4.372845     4.182733  ]
 [  1.7414407   -1.9318635 ]
 [  5.681558    -5.8718467 ]
 [ 12.772826   -12.963331  ]
 [  8.804809    -8.995022  ]
 [ 11.280961   -11.471525  ]
 [ 14.293931   -14.483796  ]
 [  8.356379    -8.546883  ]
 [  3.9760387   -4.1664243 ]
 [  2.532457    -2.7227247 ]
 [ 12.850349   -13.040096  ]
 [ 12.802066   -12.99199   ]
 [ 10.414742   -10.60507   ]
 [ 11.067307   -11.257909  ]
 [  1.076054    -1.2654741 ]
 [  2.9105062   -3.1000028 ]
 [ 11.096546   -11.286569  ]]
2025-12-21 21:21:39,349 - [INFO] - ------------------------------------------------------------
2025-12-21 21:21:39,349 - [INFO] - On Validation Set:
	Accuracy of RRL  Model: 0.9004837595024188
	F1 Score of RRL  Model: 0.7223714504988488
2025-12-21 21:21:39,355 - [INFO] - On Validation Set:
Performance of  RRL Model: 
[[1231   55]
 [  89   72]]
              precision    recall  f1-score   support

           0       0.93      0.96      0.94      1286
           1       0.57      0.45      0.50       161

    accuracy                           0.90      1447
   macro avg       0.75      0.70      0.72      1447
weighted avg       0.89      0.90      0.90      1447

2025-12-21 21:21:39,355 - [INFO] - ------------------------------------------------------------
2025-12-21 21:21:39,599 - [INFO] - epoch: 98, loss_rrl: 110.88446719199419
2025-12-21 21:21:41,106 - [INFO] - epoch: 99, loss_rrl: 110.9100294560194
