2025-12-21 21:39:11,920 - [DEBUG] - y_true: (1447,) [0 0 0 0 0 1 0 0 0 0 0 0 0 0 0 0 0 1 0 0 0 0 0 0 1 0 0 0 0 0 0 0 0 0 0 0 0
 0 1 1 0]
2025-12-21 21:39:12,069 - [DEBUG] - y_rrl_: (1447,) [0 0 0 0 0 0 0 0 0 0 0 0 0 0 0 0 0 0 0 0 0 0 0 0 0 0 0 0 0 0 0 0 0 0 0 0 0
 0 0 0 0]
2025-12-21 21:39:12,070 - [DEBUG] - y_rrl: (1447, 2) [[ 5.12046   -5.4298096]
 [ 5.12046   -5.4298096]
 [ 5.12046   -5.4298096]
 [ 5.12046   -5.4298096]
 [ 5.12046   -5.4298096]
 [ 5.12046   -5.4298096]
 [ 5.12046   -5.4298096]
 [ 5.12046   -5.4298096]
 [ 5.12046   -5.4298096]
 [ 5.12046   -5.4298096]
 [ 5.12046   -5.4298096]
 [ 5.12046   -5.4298096]
 [ 5.12046   -5.4298096]
 [ 5.12046   -5.4298096]
 [ 5.12046   -5.4298096]
 [ 5.12046   -5.4298096]
 [ 5.12046   -5.4298096]
 [ 5.12046   -5.4298096]
 [ 5.12046   -5.4298096]
 [ 5.12046   -5.4298096]
 [ 5.12046   -5.4298096]
 [ 5.12046   -5.4298096]
 [ 5.12046   -5.4298096]
 [ 5.12046   -5.4298096]
 [ 5.12046   -5.4298096]
 [ 5.12046   -5.4298096]
 [ 5.12046   -5.4298096]
 [ 5.12046   -5.4298096]
 [ 5.12046   -5.4298096]
 [ 5.12046   -5.4298096]
 [ 5.12046   -5.4298096]
 [ 5.12046   -5.4298096]
 [ 5.12046   -5.4298096]
 [ 5.12046   -5.4298096]
 [ 5.12046   -5.4298096]
 [ 5.12046   -5.4298096]
 [ 5.12046   -5.4298096]
 [ 5.12046   -5.4298096]
 [ 5.12046   -5.4298096]
 [ 5.12046   -5.4298096]
 [ 5.12046   -5.4298096]]
2025-12-21 21:39:12,072 - [INFO] - ------------------------------------------------------------
2025-12-21 21:39:12,072 - [INFO] - On Validation Set:
	Accuracy of RRL  Model: 0.8887353144436766
	F1 Score of RRL  Model: 0.47054518843761434
2025-12-21 21:39:12,079 - [INFO] - On Validation Set:
Performance of  RRL Model: 
[[1286    0]
 [ 161    0]]
              precision    recall  f1-score   support

           0       0.89      1.00      0.94      1286
           1       0.00      0.00      0.00       161

    accuracy                           0.89      1447
   macro avg       0.44      0.50      0.47      1447
weighted avg       0.79      0.89      0.84      1447

2025-12-21 21:39:12,079 - [INFO] - ------------------------------------------------------------
2025-12-21 21:39:13,423 - [INFO] - epoch: 0, loss_rrl: 241.95401721820235
2025-12-21 21:39:13,657 - [DEBUG] - y_true: (1447,) [0 0 0 0 0 1 0 0 0 0 0 0 0 0 0 0 0 1 0 0 0 0 0 0 1 0 0 0 0 0 0 0 0 0 0 0 0
 0 1 1 0]
2025-12-21 21:39:13,811 - [DEBUG] - y_rrl_: (1447,) [0 0 0 0 0 0 0 0 0 0 0 0 0 0 0 0 0 0 0 0 0 0 0 0 0 0 0 0 0 0 0 0 0 0 0 0 0
 0 0 0 0]
2025-12-21 21:39:13,811 - [DEBUG] - y_rrl: (1447, 2) [[ 3.5597131  -3.8815212 ]
 [ 0.9859     -1.2873725 ]
 [ 3.5654142  -3.8798058 ]
 [ 3.5654142  -3.8798058 ]
 [ 3.5597131  -3.8815212 ]
 [ 0.12462439 -0.41628805]
 [ 3.5597131  -3.8815212 ]
 [ 3.5654142  -3.8798058 ]
 [ 3.6553614  -3.972015  ]
 [ 2.3204396  -2.6229303 ]
 [ 1.5491055  -1.8563908 ]
 [ 2.79408    -3.1132662 ]
 [ 2.905465   -3.2130585 ]
 [ 3.4697654  -3.789312  ]
 [ 2.905465   -3.2130585 ]
 [ 3.4697654  -3.789312  ]
 [ 3.5654142  -3.8798058 ]
 [ 1.5491055  -1.8563908 ]
 [ 2.0918162  -2.3996215 ]
 [ 2.4693696  -2.7705004 ]
 [ 3.5597131  -3.8815212 ]
 [ 3.4697654  -3.789312  ]
 [ 3.5597131  -3.8815212 ]
 [ 2.905465   -3.2130585 ]
 [ 0.12462439 -0.41628805]
 [ 0.84684175 -1.1427462 ]
 [ 2.5386589  -2.8612623 ]
 [ 2.905465   -3.2130585 ]
 [ 2.79408    -3.1132662 ]
 [ 3.5654142  -3.8798058 ]
 [ 3.5597131  -3.8815212 ]
 [ 2.4693696  -2.7705004 ]
 [ 1.5491055  -1.8563908 ]
 [ 1.5491055  -1.8563908 ]
 [ 3.5597131  -3.8815212 ]
 [ 3.5654142  -3.8798058 ]
 [ 3.5597131  -3.8815212 ]
 [ 2.905465   -3.2130585 ]
 [ 1.0222147  -1.3215332 ]
 [ 1.7154511  -2.021309  ]
 [ 3.5654142  -3.8798058 ]]
2025-12-21 21:39:13,813 - [INFO] - ------------------------------------------------------------
2025-12-21 21:39:13,813 - [INFO] - On Validation Set:
	Accuracy of RRL  Model: 0.8887353144436766
	F1 Score of RRL  Model: 0.47054518843761434
2025-12-21 21:39:13,819 - [INFO] - On Validation Set:
Performance of  RRL Model: 
[[1286    0]
 [ 161    0]]
              precision    recall  f1-score   support

           0       0.89      1.00      0.94      1286
           1       0.00      0.00      0.00       161

    accuracy                           0.89      1447
   macro avg       0.44      0.50      0.47      1447
weighted avg       0.79      0.89      0.84      1447

2025-12-21 21:39:13,819 - [INFO] - ------------------------------------------------------------
2025-12-21 21:39:14,932 - [INFO] - epoch: 1, loss_rrl: 129.87772230431437
2025-12-21 21:39:15,404 - [DEBUG] - y_true: (1447,) [0 0 0 0 0 1 0 0 0 0 0 0 0 0 0 0 0 1 0 0 0 0 0 0 1 0 0 0 0 0 0 0 0 0 0 0 0
 0 1 1 0]
2025-12-21 21:39:15,557 - [DEBUG] - y_rrl_: (1447,) [0 0 0 0 0 1 0 0 0 0 0 0 0 0 0 0 0 0 0 0 0 0 0 0 1 0 0 0 0 0 0 0 0 0 0 0 0
 0 0 0 0]
2025-12-21 21:39:15,558 - [DEBUG] - y_rrl: (1447, 2) [[ 3.9763293  -4.2927775 ]
 [ 0.38272873 -0.6862903 ]
 [ 2.508553   -2.824878  ]
 [ 2.508553   -2.824878  ]
 [ 3.9763293  -4.2927775 ]
 [-0.58040965  0.2830166 ]
 [ 3.9763293  -4.2927775 ]
 [ 3.7761865  -4.093201  ]
 [ 3.9763293  -4.2927775 ]
 [ 2.8734026  -3.1898136 ]
 [ 1.7483021  -2.0643537 ]
 [ 2.6510859  -2.9677413 ]
 [ 3.202742   -3.506509  ]
 [ 3.476952   -3.7864301 ]
 [ 3.202742   -3.506509  ]
 [ 3.476952   -3.7864301 ]
 [ 3.7761865  -4.093201  ]
 [ 1.7483021  -2.0643537 ]
 [ 2.0344412  -2.339829  ]
 [ 2.7100067  -3.0172608 ]
 [ 3.9763293  -4.2927775 ]
 [ 3.476952   -3.7864301 ]
 [ 3.9763293  -4.2927775 ]
 [ 3.202742   -3.506509  ]
 [-0.9228444   0.6310076 ]
 [ 1.4740922  -1.7844325 ]
 [ 2.6510859  -2.9677413 ]
 [ 3.202742   -3.506509  ]
 [ 2.9842167  -3.297182  ]
 [ 3.7761865  -4.093201  ]
 [ 3.9763293  -4.2927775 ]
 [ 2.7100067  -3.0172608 ]
 [ 1.7483021  -2.0643537 ]
 [ 1.7483021  -2.0643537 ]
 [ 3.9763293  -4.2927775 ]
 [ 3.7761865  -4.093201  ]
 [ 3.9763293  -4.2927775 ]
 [ 3.202742   -3.506509  ]
 [ 0.02693122 -0.32634556]
 [ 0.92587143 -1.2273973 ]
 [ 3.7761865  -4.093201  ]]
2025-12-21 21:39:15,560 - [INFO] - ------------------------------------------------------------
2025-12-21 21:39:15,560 - [INFO] - On Validation Set:
	Accuracy of RRL  Model: 0.902557014512785
	F1 Score of RRL  Model: 0.6946494395912436
2025-12-21 21:39:15,566 - [INFO] - On Validation Set:
Performance of  RRL Model: 
[[1250   36]
 [ 105   56]]
              precision    recall  f1-score   support

           0       0.92      0.97      0.95      1286
           1       0.61      0.35      0.44       161

    accuracy                           0.90      1447
   macro avg       0.77      0.66      0.69      1447
weighted avg       0.89      0.90      0.89      1447

2025-12-21 21:39:15,566 - [INFO] - ------------------------------------------------------------
2025-12-21 21:39:16,474 - [INFO] - epoch: 2, loss_rrl: 124.24637879990041
2025-12-21 21:39:17,148 - [DEBUG] - y_true: (1447,) [0 0 0 0 0 1 0 0 0 0 0 0 0 0 0 0 0 1 0 0 0 0 0 0 1 0 0 0 0 0 0 0 0 0 0 0 0
 0 1 1 0]
2025-12-21 21:39:17,296 - [DEBUG] - y_rrl_: (1447,) [0 0 0 0 0 1 0 0 0 0 0 0 0 0 0 0 0 0 0 0 0 0 0 0 1 0 0 0 0 0 0 0 0 0 0 0 0
 0 1 0 0]
2025-12-21 21:39:17,297 - [DEBUG] - y_rrl: (1447, 2) [[ 4.4834404  -4.792232  ]
 [ 0.30398977 -0.604565  ]
 [ 4.1846843  -4.4940357 ]
 [ 4.1846843  -4.4940357 ]
 [ 4.4834404  -4.792232  ]
 [-0.8353884   0.5354674 ]
 [ 4.4834404  -4.792232  ]
 [ 4.1846843  -4.4940357 ]
 [ 4.4834404  -4.792232  ]
 [ 2.3709667  -2.6786036 ]
 [ 0.80202484 -1.1080778 ]
 [ 2.615742   -2.9235091 ]
 [ 3.7407954  -4.0414777 ]
 [ 3.7407954  -4.0414777 ]
 [ 3.7407954  -4.0414777 ]
 [ 3.7407954  -4.0414777 ]
 [ 4.1846843  -4.4940357 ]
 [ 0.80202484 -1.1080778 ]
 [ 2.117707   -2.4199963 ]
 [ 3.4420393  -3.7432804 ]
 [ 4.1116414  -4.414798  ]
 [ 3.7407954  -4.0414777 ]
 [ 4.1116414  -4.414798  ]
 [ 3.7407954  -4.0414777 ]
 [-1.3334236   1.0389802 ]
 [ 0.80202484 -1.1080778 ]
 [ 1.3673927  -1.6745645 ]
 [ 3.7407954  -4.0414777 ]
 [ 3.0536754  -3.3578005 ]
 [ 4.1846843  -4.4940357 ]
 [ 4.4834404  -4.792232  ]
 [ 3.4420393  -3.7432804 ]
 [ 0.80202484 -1.1080778 ]
 [ 0.80202484 -1.1080778 ]
 [ 4.4834404  -4.792232  ]
 [ 4.1846843  -4.4940357 ]
 [ 4.1116414  -4.414798  ]
 [ 3.7407954  -4.0414777 ]
 [-0.8353884   0.5354674 ]
 [ 0.60051244 -0.8946829 ]
 [ 4.1846843  -4.4940357 ]]
2025-12-21 21:39:17,299 - [INFO] - ------------------------------------------------------------
2025-12-21 21:39:17,299 - [INFO] - On Validation Set:
	Accuracy of RRL  Model: 0.907394609536973
	F1 Score of RRL  Model: 0.736760505251268
2025-12-21 21:39:17,305 - [INFO] - On Validation Set:
Performance of  RRL Model: 
[[1239   47]
 [  87   74]]
              precision    recall  f1-score   support

           0       0.93      0.96      0.95      1286
           1       0.61      0.46      0.52       161

    accuracy                           0.91      1447
   macro avg       0.77      0.71      0.74      1447
weighted avg       0.90      0.91      0.90      1447

2025-12-21 21:39:17,305 - [INFO] - ------------------------------------------------------------
2025-12-21 21:39:17,996 - [INFO] - epoch: 3, loss_rrl: 119.38940561376512
2025-12-21 21:39:18,865 - [DEBUG] - y_true: (1447,) [0 0 0 0 0 1 0 0 0 0 0 0 0 0 0 0 0 1 0 0 0 0 0 0 1 0 0 0 0 0 0 0 0 0 0 0 0
 0 1 1 0]
2025-12-21 21:39:19,013 - [DEBUG] - y_rrl_: (1447,) [0 0 0 0 0 0 0 0 0 0 0 0 0 0 0 0 0 0 0 0 0 0 0 0 0 0 0 0 0 0 0 0 0 0 0 0 0
 0 0 0 0]
2025-12-21 21:39:19,013 - [DEBUG] - y_rrl: (1447, 2) [[ 7.4352717  -7.7445583 ]
 [ 1.8074753  -2.1043468 ]
 [ 6.0728464  -6.374025  ]
 [ 6.0728464  -6.374025  ]
 [ 7.4352717  -7.7445583 ]
 [ 0.7704761  -1.0680078 ]
 [ 7.4352717  -7.7445583 ]
 [ 6.730634   -7.0361214 ]
 [ 7.4352717  -7.7445583 ]
 [ 5.132796   -5.4377017 ]
 [ 3.658962   -3.9678502 ]
 [ 5.2567997  -5.566271  ]
 [ 6.5023494  -6.8036575 ]
 [ 6.9639335  -7.2707825 ]
 [ 6.5023494  -6.8036575 ]
 [ 6.9639335  -7.2707825 ]
 [ 6.730634   -7.0361214 ]
 [ 3.658962   -3.9678502 ]
 [ 5.305741   -5.606089  ]
 [ 5.305741   -5.606089  ]
 [ 6.973688   -7.2774334 ]
 [ 6.9639335  -7.2707825 ]
 [ 6.973688   -7.2774334 ]
 [ 6.5023494  -6.8036575 ]
 [ 0.10878478 -0.40093976]
 [ 3.1973782  -3.5007255 ]
 [ 5.2567997  -5.566271  ]
 [ 6.5023494  -6.8036575 ]
 [ 5.7673244  -6.073214  ]
 [ 6.730634   -7.0361214 ]
 [ 7.4352717  -7.7445583 ]
 [ 5.305741   -5.606089  ]
 [ 3.658962   -3.9678502 ]
 [ 3.658962   -3.9678502 ]
 [ 7.4352717  -7.7445583 ]
 [ 6.730634   -7.0361214 ]
 [ 7.4352717  -7.7445583 ]
 [ 6.5023494  -6.8036575 ]
 [ 2.2345552  -2.5312076 ]
 [ 3.2840621  -3.5848377 ]
 [ 6.730634   -7.0361214 ]]
2025-12-21 21:39:19,015 - [INFO] - ------------------------------------------------------------
2025-12-21 21:39:19,015 - [INFO] - On Validation Set:
	Accuracy of RRL  Model: 0.8887353144436766
	F1 Score of RRL  Model: 0.47054518843761434
2025-12-21 21:39:19,021 - [INFO] - On Validation Set:
Performance of  RRL Model: 
[[1286    0]
 [ 161    0]]
              precision    recall  f1-score   support

           0       0.89      1.00      0.94      1286
           1       0.00      0.00      0.00       161

    accuracy                           0.89      1447
   macro avg       0.44      0.50      0.47      1447
weighted avg       0.79      0.89      0.84      1447

2025-12-21 21:39:19,021 - [INFO] - ------------------------------------------------------------
2025-12-21 21:39:19,470 - [INFO] - epoch: 4, loss_rrl: 118.30704578384757
2025-12-21 21:39:20,556 - [DEBUG] - y_true: (1447,) [0 0 0 0 0 1 0 0 0 0 0 0 0 0 0 0 0 1 0 0 0 0 0 0 1 0 0 0 0 0 0 0 0 0 0 0 0
 0 1 1 0]
2025-12-21 21:39:20,704 - [DEBUG] - y_rrl_: (1447,) [0 1 0 0 0 1 0 0 0 0 0 0 0 0 0 0 0 0 0 0 0 0 0 0 1 0 0 0 0 0 0 0 0 0 0 0 0
 0 1 0 0]
2025-12-21 21:39:20,705 - [DEBUG] - y_rrl: (1447, 2) [[ 6.15577    -6.460394  ]
 [-0.5552686   0.2628012 ]
 [ 4.506232   -4.8029003 ]
 [ 4.506232   -4.8029003 ]
 [ 5.363526   -5.66393   ]
 [-1.7178833   1.4247849 ]
 [ 6.15577    -6.460394  ]
 [ 5.2984757  -5.5993643 ]
 [ 6.15577    -6.460394  ]
 [ 3.3844545  -3.6847756 ]
 [ 0.8563451  -1.1563444 ]
 [ 3.5626101  -3.8673975 ]
 [ 5.051846   -5.348649  ]
 [ 4.808014   -5.106024  ]
 [ 5.6002584  -5.9024878 ]
 [ 5.6002584  -5.9024878 ]
 [ 4.506232   -4.8029003 ]
 [ 1.6485891  -1.9528085 ]
 [ 2.7964253  -3.0870287 ]
 [ 4.164455   -4.4657354 ]
 [ 6.15577    -6.460394  ]
 [ 5.6002584  -5.9024878 ]
 [ 6.15577    -6.460394  ]
 [ 4.808014   -5.106024  ]
 [-2.5375009   2.249653  ]
 [ 1.1001773  -1.3989702 ]
 [ 3.5626101  -3.8673975 ]
 [ 5.6002584  -5.9024878 ]
 [ 4.164455   -4.4657354 ]
 [ 5.2984757  -5.5993643 ]
 [ 6.15577    -6.460394  ]
 [ 4.164455   -4.4657354 ]
 [ 1.6485891  -1.9528085 ]
 [ 1.6485891  -1.9528085 ]
 [ 6.15577    -6.460394  ]
 [ 5.2984757  -5.5993643 ]
 [ 6.15577    -6.460394  ]
 [ 5.6002584  -5.9024878 ]
 [-0.56762654  0.27260867]
 [ 1.2251399  -1.5214247 ]
 [ 5.2984757  -5.5993643 ]]
2025-12-21 21:39:20,707 - [INFO] - ------------------------------------------------------------
2025-12-21 21:39:20,707 - [INFO] - On Validation Set:
	Accuracy of RRL  Model: 0.9067035245335177
	F1 Score of RRL  Model: 0.7526166821799669
2025-12-21 21:39:20,713 - [INFO] - On Validation Set:
Performance of  RRL Model: 
[[1227   59]
 [  76   85]]
              precision    recall  f1-score   support

           0       0.94      0.95      0.95      1286
           1       0.59      0.53      0.56       161

    accuracy                           0.91      1447
   macro avg       0.77      0.74      0.75      1447
weighted avg       0.90      0.91      0.90      1447

2025-12-21 21:39:20,713 - [INFO] - ------------------------------------------------------------
2025-12-21 21:39:20,979 - [INFO] - epoch: 5, loss_rrl: 117.04563818313181
2025-12-21 21:39:22,320 - [DEBUG] - y_true: (1447,) [0 0 0 0 0 1 0 0 0 0 0 0 0 0 0 0 0 1 0 0 0 0 0 0 1 0 0 0 0 0 0 0 0 0 0 0 0
 0 1 1 0]
2025-12-21 21:39:22,473 - [DEBUG] - y_rrl_: (1447,) [0 1 0 0 0 1 0 0 0 0 0 0 0 0 0 0 0 0 0 0 0 0 0 0 1 0 0 0 0 0 0 0 0 0 0 0 0
 0 1 0 0]
2025-12-21 21:39:22,474 - [DEBUG] - y_rrl: (1447, 2) [[ 7.4097266  -7.7088513 ]
 [-0.2530392  -0.03424569]
 [ 5.490923   -5.782275  ]
 [ 5.490923   -5.782275  ]
 [ 7.4097266  -7.7088513 ]
 [-1.1602863   0.87210006]
 [ 7.4097266  -7.7088513 ]
 [ 6.409364   -6.7048297 ]
 [ 7.4097266  -7.7088513 ]
 [ 4.2132263  -4.508145  ]
 [ 1.3658954  -1.6604966 ]
 [ 4.480474   -4.7797365 ]
 [ 5.499407   -5.794317  ]
 [ 6.1315227  -6.431722  ]
 [ 6.1315227  -6.431722  ]
 [ 6.765833   -7.0683746 ]
 [ 6.409364   -6.7048297 ]
 [ 2.284336   -2.583051  ]
 [ 3.5096185  -3.8008387 ]
 [ 4.480474   -4.7797365 ]
 [ 7.4097266  -7.7088513 ]
 [ 6.1315227  -6.431722  ]
 [ 7.4097266  -7.7088513 ]
 [ 6.1315227  -6.431722  ]
 [-2.1333358   1.8502446 ]
 [ 1.6522207  -1.9456457 ]
 [ 2.284336   -2.583051  ]
 [ 6.1315227  -6.431722  ]
 [ 4.480474   -4.7797365 ]
 [ 6.409364   -6.7048297 ]
 [ 7.4097266  -7.7088513 ]
 [ 4.480474   -4.7797365 ]
 [ 2.284336   -2.583051  ]
 [ 2.284336   -2.583051  ]
 [ 7.4097266  -7.7088513 ]
 [ 6.409364   -6.7048297 ]
 [ 7.4097266  -7.7088513 ]
 [ 6.1315227  -6.431722  ]
 [-0.5281706   0.23469463]
 [ 1.1228784  -1.4172914 ]
 [ 6.409364   -6.7048297 ]]
2025-12-21 21:39:22,476 - [INFO] - ------------------------------------------------------------
2025-12-21 21:39:22,476 - [INFO] - On Validation Set:
	Accuracy of RRL  Model: 0.9046302695231514
	F1 Score of RRL  Model: 0.7521226836679974
2025-12-21 21:39:22,482 - [INFO] - On Validation Set:
Performance of  RRL Model: 
[[1222   64]
 [  74   87]]
              precision    recall  f1-score   support

           0       0.94      0.95      0.95      1286
           1       0.58      0.54      0.56       161

    accuracy                           0.90      1447
   macro avg       0.76      0.75      0.75      1447
weighted avg       0.90      0.90      0.90      1447

2025-12-21 21:39:22,482 - [INFO] - ------------------------------------------------------------
2025-12-21 21:39:22,512 - [INFO] - epoch: 6, loss_rrl: 116.82845155894756
2025-12-21 21:39:23,861 - [INFO] - epoch: 7, loss_rrl: 115.1158098001033
2025-12-21 21:39:24,071 - [DEBUG] - y_true: (1447,) [0 0 0 0 0 1 0 0 0 0 0 0 0 0 0 0 0 1 0 0 0 0 0 0 1 0 0 0 0 0 0 0 0 0 0 0 0
 0 1 1 0]
2025-12-21 21:39:24,218 - [DEBUG] - y_rrl_: (1447,) [0 1 0 0 0 1 0 0 0 0 0 0 0 0 0 0 0 0 0 0 0 0 0 0 1 0 0 0 0 0 0 0 0 0 0 0 0
 0 0 0 0]
2025-12-21 21:39:24,219 - [DEBUG] - y_rrl: (1447, 2) [[ 8.041066   -8.333813  ]
 [-2.6271262   2.3499153 ]
 [ 5.9193497  -6.204535  ]
 [ 5.9193497  -6.204535  ]
 [ 8.041066   -8.333813  ]
 [-1.5072061   1.225085  ]
 [ 8.041066   -8.333813  ]
 [ 5.9193497  -6.204535  ]
 [ 8.041066   -8.333813  ]
 [ 3.432523   -3.7171834 ]
 [ 2.3318663  -2.6241972 ]
 [ 4.8186927  -5.1115494 ]
 [ 5.926261   -6.214908  ]
 [ 7.321043   -7.6115074 ]
 [ 7.321043   -7.6115074 ]
 [ 7.3626704  -7.6587305 ]
 [ 6.9315867  -7.2207623 ]
 [ 2.3318663  -2.6241972 ]
 [ 3.702409   -3.9875066 ]
 [ 4.484851   -4.770405  ]
 [ 8.041066   -8.333813  ]
 [ 7.321043   -7.6115074 ]
 [ 8.041066   -8.333813  ]
 [ 7.321043   -7.6115074 ]
 [-1.5072061   1.225085  ]
 [ 1.6154795  -1.9026802 ]
 [ 3.637028   -3.9263828 ]
 [ 6.308806   -6.59528   ]
 [ 5.497088   -5.7866316 ]
 [ 6.9315867  -7.2207623 ]
 [ 8.041066   -8.333813  ]
 [ 6.2115645  -6.498457  ]
 [ 2.3318663  -2.6241972 ]
 [ 1.3196291  -1.6079707 ]
 [ 8.041066   -8.333813  ]
 [ 5.9193497  -6.204535  ]
 [ 8.041066   -8.333813  ]
 [ 6.308806   -6.59528   ]
 [-0.1124237  -0.17151439]
 [ 1.0331353  -1.321308  ]
 [ 5.9193497  -6.204535  ]]
2025-12-21 21:39:24,221 - [INFO] - ------------------------------------------------------------
2025-12-21 21:39:24,221 - [INFO] - On Validation Set:
	Accuracy of RRL  Model: 0.9018659295093296
	F1 Score of RRL  Model: 0.7137766757675378
2025-12-21 21:39:24,227 - [INFO] - On Validation Set:
Performance of  RRL Model: 
[[1239   47]
 [  95   66]]
              precision    recall  f1-score   support

           0       0.93      0.96      0.95      1286
           1       0.58      0.41      0.48       161

    accuracy                           0.90      1447
   macro avg       0.76      0.69      0.71      1447
weighted avg       0.89      0.90      0.89      1447

2025-12-21 21:39:24,227 - [INFO] - ------------------------------------------------------------
2025-12-21 21:39:25,392 - [INFO] - epoch: 8, loss_rrl: 114.41773752495646
2025-12-21 21:39:25,804 - [DEBUG] - y_true: (1447,) [0 0 0 0 0 1 0 0 0 0 0 0 0 0 0 0 0 1 0 0 0 0 0 0 1 0 0 0 0 0 0 0 0 0 0 0 0
 0 1 1 0]
2025-12-21 21:39:25,950 - [DEBUG] - y_rrl_: (1447,) [0 0 0 0 0 1 0 0 0 0 0 0 0 0 0 0 0 0 0 0 0 0 0 0 1 0 0 0 0 0 0 0 0 0 0 0 0
 0 0 0 0]
2025-12-21 21:39:25,951 - [DEBUG] - y_rrl: (1447, 2) [[ 9.332012   -9.617538  ]
 [-0.04556029 -0.22892758]
 [ 7.0205317  -7.2987394 ]
 [ 7.0205317  -7.2987394 ]
 [ 9.332012   -9.617538  ]
 [-1.5544436   1.2794758 ]
 [ 9.332012   -9.617538  ]
 [ 8.138582   -8.420633  ]
 [ 9.332012   -9.617538  ]
 [ 4.965844   -5.2471027 ]
 [ 2.6582103  -2.9430194 ]
 [ 5.8309493  -6.1165476 ]
 [ 7.028605   -7.3101635 ]
 [ 8.523722   -8.807032  ]
 [ 8.523722   -8.807032  ]
 [ 8.619255   -8.907977  ]
 [ 8.138582   -8.420633  ]
 [ 2.6582103  -2.9430194 ]
 [ 4.616397   -4.8945723 ]
 [ 6.543708   -6.826109  ]
 [ 9.332012   -9.617538  ]
 [ 8.523722   -8.807032  ]
 [ 9.332012   -9.617538  ]
 [ 8.523722   -8.807032  ]
 [-1.5544436   1.2794758 ]
 [ 1.8758523  -2.1557126 ]
 [ 4.540048   -4.822304  ]
 [ 8.523722   -8.807032  ]
 [ 6.543708   -6.826109  ]
 [ 8.138582   -8.420633  ]
 [ 9.332012   -9.617538  ]
 [ 7.3302917  -7.6101255 ]
 [ 2.6582103  -2.9430194 ]
 [ 2.6582103  -2.9430194 ]
 [ 9.332012   -9.617538  ]
 [ 8.138582   -8.420633  ]
 [ 9.332012   -9.617538  ]
 [ 8.523722   -8.807032  ]
 [-0.05932741 -0.21739253]
 [ 1.6357267  -1.9168428 ]
 [ 8.138582   -8.420633  ]]
2025-12-21 21:39:25,953 - [INFO] - ------------------------------------------------------------
2025-12-21 21:39:25,953 - [INFO] - On Validation Set:
	Accuracy of RRL  Model: 0.9067035245335177
	F1 Score of RRL  Model: 0.7196078572094993
2025-12-21 21:39:25,959 - [INFO] - On Validation Set:
Performance of  RRL Model: 
[[1247   39]
 [  96   65]]
              precision    recall  f1-score   support

           0       0.93      0.97      0.95      1286
           1       0.62      0.40      0.49       161

    accuracy                           0.91      1447
   macro avg       0.78      0.69      0.72      1447
weighted avg       0.89      0.91      0.90      1447

2025-12-21 21:39:25,959 - [INFO] - ------------------------------------------------------------
2025-12-21 21:39:26,859 - [INFO] - epoch: 9, loss_rrl: 114.52231659181416
2025-12-21 21:39:27,481 - [DEBUG] - y_true: (1447,) [0 0 0 0 0 1 0 0 0 0 0 0 0 0 0 0 0 1 0 0 0 0 0 0 1 0 0 0 0 0 0 0 0 0 0 0 0
 0 1 1 0]
2025-12-21 21:39:27,627 - [DEBUG] - y_rrl_: (1447,) [0 0 0 0 0 1 0 0 0 0 0 0 0 0 0 0 0 0 0 0 0 0 0 0 1 0 0 0 0 0 0 0 0 0 0 0 0
 0 0 0 0]
2025-12-21 21:39:27,628 - [DEBUG] - y_rrl: (1447, 2) [[ 10.516111   -10.793527  ]
 [  0.43496156  -0.69908726]
 [  8.051452    -8.321824  ]
 [  8.051452    -8.321824  ]
 [ 10.516111   -10.793527  ]
 [ -1.1829405    0.9156574 ]
 [ 10.516111   -10.793527  ]
 [  8.051452    -8.321824  ]
 [ 10.516111   -10.793527  ]
 [  4.6366577   -4.906281  ]
 [  3.3294518   -3.6061602 ]
 [  6.744247    -7.0217037 ]
 [  8.050555    -8.324158  ]
 [  9.63246     -9.907735  ]
 [  9.63246     -9.907735  ]
 [  8.8866      -9.164945  ]
 [  9.223108    -9.497159  ]
 [  3.3294518   -3.6061602 ]
 [  4.561693    -4.829964  ]
 [  6.31845     -6.5891576 ]
 [ 10.516111   -10.793527  ]
 [  9.63246     -9.907735  ]
 [ 10.516111   -10.793527  ]
 [  9.63246     -9.907735  ]
 [ -2.5294497    2.2666094 ]
 [  2.4934075   -2.7653728 ]
 [  3.789172    -4.066163  ]
 [  8.460802    -8.7324    ]
 [  7.490107    -7.764494  ]
 [  9.223108    -9.497159  ]
 [ 10.516111   -10.793527  ]
 [  8.3394575   -8.611369  ]
 [  3.3294518   -3.6061602 ]
 [  2.1577952   -2.4308238 ]
 [ 10.516111   -10.793527  ]
 [  8.051452    -8.321824  ]
 [ 10.516111   -10.793527  ]
 [  8.460802    -8.7324    ]
 [  0.398964    -0.66792053]
 [  2.2551768   -2.528374  ]
 [  8.051452    -8.321824  ]]
2025-12-21 21:39:27,630 - [INFO] - ------------------------------------------------------------
2025-12-21 21:39:27,630 - [INFO] - On Validation Set:
	Accuracy of RRL  Model: 0.9039391845196959
	F1 Score of RRL  Model: 0.7093256333883948
2025-12-21 21:39:27,636 - [INFO] - On Validation Set:
Performance of  RRL Model: 
[[1246   40]
 [  99   62]]
              precision    recall  f1-score   support

           0       0.93      0.97      0.95      1286
           1       0.61      0.39      0.47       161

    accuracy                           0.90      1447
   macro avg       0.77      0.68      0.71      1447
weighted avg       0.89      0.90      0.89      1447

2025-12-21 21:39:27,636 - [INFO] - ------------------------------------------------------------
2025-12-21 21:39:28,344 - [INFO] - epoch: 10, loss_rrl: 113.87777044251561
2025-12-21 21:39:29,199 - [DEBUG] - y_true: (1447,) [0 0 0 0 0 1 0 0 0 0 0 0 0 0 0 0 0 1 0 0 0 0 0 0 1 0 0 0 0 0 0 0 0 0 0 0 0
 0 1 1 0]
2025-12-21 21:39:29,352 - [DEBUG] - y_rrl_: (1447,) [0 0 0 0 0 1 0 0 0 0 0 0 0 0 0 0 0 0 0 0 0 0 0 0 1 0 0 0 0 0 0 0 0 0 0 0 0
 0 0 0 0]
2025-12-21 21:39:29,352 - [DEBUG] - y_rrl: (1447, 2) [[ 11.691338   -11.959819  ]
 [  0.8809758   -1.136852  ]
 [  9.043605    -9.305346  ]
 [  9.043605    -9.305346  ]
 [ 11.691338   -11.959819  ]
 [ -0.8830902    0.6242775 ]
 [ 11.691338   -11.959819  ]
 [  9.043605    -9.305346  ]
 [ 11.691338   -11.959819  ]
 [  5.3305964   -5.5916333 ]
 [  2.628002    -2.892289  ]
 [  7.567732    -7.836222  ]
 [ 10.059795   -10.326693  ]
 [ 11.691338   -11.959819  ]
 [ 11.691338   -11.959819  ]
 [ 10.897335   -11.16875   ]
 [ 10.270327   -10.535565  ]
 [  3.8547235   -4.1225085 ]
 [  6.2677355   -6.5296006 ]
 [  7.1350126   -7.3970723 ]
 [ 11.691338   -11.959819  ]
 [ 11.691338   -11.959819  ]
 [ 11.691338   -11.959819  ]
 [ 11.691338   -11.959819  ]
 [ -0.8830902    0.6242775 ]
 [  3.0171838   -3.280451  ]
 [  8.500137    -8.7662525 ]
 [ 10.464616   -10.729599  ]
 [  8.361734    -8.627292  ]
 [ 10.270327   -10.535565  ]
 [ 11.691338   -11.959819  ]
 [  8.500137    -8.7662525 ]
 [  3.8547235   -4.1225085 ]
 [  2.628002    -2.892289  ]
 [ 11.691338   -11.959819  ]
 [  9.043605    -9.305346  ]
 [ 11.691338   -11.959819  ]
 [ 10.464616   -10.729599  ]
 [ -0.04555027  -0.21778001]
 [  3.8132095   -4.079736  ]
 [  9.043605    -9.305346  ]]
2025-12-21 21:39:29,355 - [INFO] - ------------------------------------------------------------
2025-12-21 21:39:29,355 - [INFO] - On Validation Set:
	Accuracy of RRL  Model: 0.9067035245335177
	F1 Score of RRL  Model: 0.6747096290745598
2025-12-21 21:39:29,361 - [INFO] - On Validation Set:
Performance of  RRL Model: 
[[1267   19]
 [ 116   45]]
              precision    recall  f1-score   support

           0       0.92      0.99      0.95      1286
           1       0.70      0.28      0.40       161

    accuracy                           0.91      1447
   macro avg       0.81      0.63      0.67      1447
weighted avg       0.89      0.91      0.89      1447

2025-12-21 21:39:29,361 - [INFO] - ------------------------------------------------------------
2025-12-21 21:39:29,855 - [INFO] - epoch: 11, loss_rrl: 113.06479665078223
2025-12-21 21:39:30,954 - [DEBUG] - y_true: (1447,) [0 0 0 0 0 1 0 0 0 0 0 0 0 0 0 0 0 1 0 0 0 0 0 0 1 0 0 0 0 0 0 0 0 0 0 0 0
 0 1 1 0]
2025-12-21 21:39:31,102 - [DEBUG] - y_rrl_: (1447,) [0 1 0 0 0 1 0 0 0 0 0 0 0 0 0 0 0 0 0 0 0 0 0 0 1 0 0 0 0 0 0 0 0 0 0 0 0
 0 1 0 0]
2025-12-21 21:39:31,103 - [DEBUG] - y_rrl: (1447, 2) [[ 10.830738   -11.089539  ]
 [ -2.2565494    2.0072234 ]
 [  8.037172    -8.289559  ]
 [  8.037172    -8.289559  ]
 [  9.565521    -9.821022  ]
 [ -2.5256486    2.2760155 ]
 [ 10.830738   -11.089539  ]
 [  9.302388    -9.558076  ]
 [ 10.830738   -11.089539  ]
 [  5.3941708   -5.649203  ]
 [  1.181318    -1.4361334 ]
 [  6.354753    -6.613522  ]
 [  8.034042    -8.289389  ]
 [  8.508274    -8.7618065 ]
 [  8.930868    -9.18343   ]
 [  9.933912   -10.195498  ]
 [  8.037172    -8.289559  ]
 [  2.446534    -2.7046497 ]
 [  5.9689507   -6.2192874 ]
 [  6.4089575   -6.660669  ]
 [  9.988117   -10.242645  ]
 [  9.773489   -10.030323  ]
 [  9.988117   -10.242645  ]
 [  7.665653    -7.9149127 ]
 [ -2.5256486    2.2760155 ]
 [  1.6039126   -1.8577554 ]
 [  6.354753    -6.613522  ]
 [  8.930868    -9.18343   ]
 [  7.251579    -7.507563  ]
 [  9.302388    -9.558076  ]
 [ 10.830738   -11.089539  ]
 [  7.4025197   -7.6519656 ]
 [  2.446534    -2.7046497 ]
 [  2.446534    -2.7046497 ]
 [ 10.830738   -11.089539  ]
 [  9.302388    -9.558076  ]
 [ 10.830738   -11.089539  ]
 [  8.930868    -9.18343   ]
 [ -0.78620124   0.53508085]
 [  1.4367572   -1.6917683 ]
 [  9.302388    -9.558076  ]]
2025-12-21 21:39:31,105 - [INFO] - ------------------------------------------------------------
2025-12-21 21:39:31,105 - [INFO] - On Validation Set:
	Accuracy of RRL  Model: 0.907394609536973
	F1 Score of RRL  Model: 0.7508378308918016
2025-12-21 21:39:31,111 - [INFO] - On Validation Set:
Performance of  RRL Model: 
[[1230   56]
 [  78   83]]
              precision    recall  f1-score   support

           0       0.94      0.96      0.95      1286
           1       0.60      0.52      0.55       161

    accuracy                           0.91      1447
   macro avg       0.77      0.74      0.75      1447
weighted avg       0.90      0.91      0.90      1447

2025-12-21 21:39:31,111 - [INFO] - ------------------------------------------------------------
2025-12-21 21:39:31,382 - [INFO] - epoch: 12, loss_rrl: 113.38706820830703
2025-12-21 21:39:32,665 - [DEBUG] - y_true: (1447,) [0 0 0 0 0 1 0 0 0 0 0 0 0 0 0 0 0 1 0 0 0 0 0 0 1 0 0 0 0 0 0 0 0 0 0 0 0
 0 1 1 0]
2025-12-21 21:39:32,813 - [DEBUG] - y_rrl_: (1447,) [0 0 0 0 0 1 0 0 0 0 0 0 0 0 0 0 0 0 0 0 0 0 0 0 1 0 0 0 0 0 0 0 0 0 0 0 0
 0 1 0 0]
2025-12-21 21:39:32,814 - [DEBUG] - y_rrl: (1447, 2) [[ 11.004175   -11.252678  ]
 [  1.1648514   -1.4087521 ]
 [  6.1976433   -6.4377146 ]
 [  6.1976433   -6.4377146 ]
 [ 11.004175   -11.252678  ]
 [ -2.9839437    2.7440896 ]
 [ 11.004175   -11.252678  ]
 [  9.012025    -9.25525   ]
 [ 11.004175   -11.252678  ]
 [  4.9093146   -5.1519313 ]
 [  1.5587957   -1.8030998 ]
 [  7.862085    -8.113492  ]
 [  8.094779    -8.34002   ]
 [  9.900991   -10.14762   ]
 [  9.900991   -10.14762   ]
 [ 10.019013   -10.270146  ]
 [  9.012025    -9.25525   ]
 [  2.8704078   -3.1178033 ]
 [  4.7969317   -5.039668  ]
 [  7.271356    -7.5171556 ]
 [ 11.004175   -11.252678  ]
 [  9.900991   -10.14762   ]
 [ 11.004175   -11.252678  ]
 [  9.900991   -10.14762   ]
 [ -3.8663735    3.6266656 ]
 [  2.2513988   -2.498606  ]
 [  3.5552564   -3.8028948 ]
 [  9.900991   -10.14762   ]
 [  7.95828     -8.203654  ]
 [  9.2140665   -9.461122  ]
 [ 11.004175   -11.252678  ]
 [  8.3251      -8.568751  ]
 [  2.8704078   -3.1178033 ]
 [  2.8704078   -3.1178033 ]
 [ 11.004175   -11.252678  ]
 [  9.900991   -10.14762   ]
 [ 11.004175   -11.252678  ]
 [  9.900991   -10.14762   ]
 [ -0.49080727   0.2499916 ]
 [  1.1515911   -1.3965346 ]
 [  9.012025    -9.25525   ]]
2025-12-21 21:39:32,816 - [INFO] - ------------------------------------------------------------
2025-12-21 21:39:32,816 - [INFO] - On Validation Set:
	Accuracy of RRL  Model: 0.9060124395300622
	F1 Score of RRL  Model: 0.750060963218858
2025-12-21 21:39:32,822 - [INFO] - On Validation Set:
Performance of  RRL Model: 
[[1227   59]
 [  77   84]]
              precision    recall  f1-score   support

           0       0.94      0.95      0.95      1286
           1       0.59      0.52      0.55       161

    accuracy                           0.91      1447
   macro avg       0.76      0.74      0.75      1447
weighted avg       0.90      0.91      0.90      1447

2025-12-21 21:39:32,822 - [INFO] - ------------------------------------------------------------
2025-12-21 21:39:32,881 - [INFO] - epoch: 13, loss_rrl: 113.30361506529152
2025-12-21 21:39:34,233 - [INFO] - epoch: 14, loss_rrl: 113.80838201381266
2025-12-21 21:39:34,418 - [DEBUG] - y_true: (1447,) [0 0 0 0 0 1 0 0 0 0 0 0 0 0 0 0 0 1 0 0 0 0 0 0 1 0 0 0 0 0 0 0 0 0 0 0 0
 0 1 1 0]
2025-12-21 21:39:34,566 - [DEBUG] - y_rrl_: (1447,) [0 1 0 0 0 1 0 0 0 0 0 0 0 0 0 0 0 0 0 0 0 0 0 0 1 1 0 0 0 0 0 0 0 0 0 0 0
 0 1 0 0]
2025-12-21 21:39:34,567 - [DEBUG] - y_rrl: (1447, 2) [[ 11.241153   -11.4788475 ]
 [ -4.542968     4.3163958 ]
 [  8.303839    -8.535824  ]
 [  8.303839    -8.535824  ]
 [ 11.241153   -11.4788475 ]
 [ -3.3651597    3.1355875 ]
 [ 11.241153   -11.4788475 ]
 [  8.303839    -8.535824  ]
 [ 11.241153   -11.4788475 ]
 [  3.9724338   -4.2038555 ]
 [  1.9825895   -2.2196057 ]
 [  6.313995    -6.5515757 ]
 [  8.244172    -8.478798  ]
 [ 10.148486   -10.384405  ]
 [  9.343477    -9.575635  ]
 [ 10.141849   -10.38201   ]
 [  9.624211    -9.859073  ]
 [  1.9825895   -2.2196057 ]
 [  4.6948647   -4.927232  ]
 [  5.2879167   -5.5163927 ]
 [ 10.436144   -10.670077  ]
 [ 10.148486   -10.384405  ]
 [ 10.436144   -10.670077  ]
 [  9.343477    -9.575635  ]
 [ -3.3651597    3.1355875 ]
 [ -0.4497118    0.2172048 ]
 [  7.43224     -7.667794  ]
 [  8.023105    -8.252386  ]
 [  7.413299    -7.6484118 ]
 [  9.624211    -9.859073  ]
 [ 11.241153   -11.4788475 ]
 [  7.7265353   -7.95586   ]
 [  1.9825895   -2.2196057 ]
 [  0.66221666  -0.8963574 ]
 [ 11.241153   -11.4788475 ]
 [  8.303839    -8.535824  ]
 [ 11.241153   -11.4788475 ]
 [  8.023105    -8.252386  ]
 [ -0.34260058   0.11376129]
 [  0.9040167   -1.1383836 ]
 [  8.303839    -8.535824  ]]
2025-12-21 21:39:34,569 - [INFO] - ------------------------------------------------------------
2025-12-21 21:39:34,569 - [INFO] - On Validation Set:
	Accuracy of RRL  Model: 0.8984105044920525
	F1 Score of RRL  Model: 0.7518748578327589
2025-12-21 21:39:34,575 - [INFO] - On Validation Set:
Performance of  RRL Model: 
[[1206   80]
 [  67   94]]
              precision    recall  f1-score   support

           0       0.95      0.94      0.94      1286
           1       0.54      0.58      0.56       161

    accuracy                           0.90      1447
   macro avg       0.74      0.76      0.75      1447
weighted avg       0.90      0.90      0.90      1447

2025-12-21 21:39:34,575 - [INFO] - ------------------------------------------------------------
2025-12-21 21:39:35,762 - [INFO] - epoch: 15, loss_rrl: 114.3692630995065
2025-12-21 21:39:36,149 - [DEBUG] - y_true: (1447,) [0 0 0 0 0 1 0 0 0 0 0 0 0 0 0 0 0 1 0 0 0 0 0 0 1 0 0 0 0 0 0 0 0 0 0 0 0
 0 1 1 0]
2025-12-21 21:39:36,296 - [DEBUG] - y_rrl_: (1447,) [0 0 0 0 0 1 0 0 0 0 0 0 0 0 0 0 0 0 0 0 0 0 0 0 1 0 0 0 0 0 0 0 0 0 0 0 0
 0 0 0 0]
2025-12-21 21:39:36,297 - [DEBUG] - y_rrl: (1447, 2) [[ 14.762073   -14.988643  ]
 [  1.2490537   -1.4680432 ]
 [ 11.644421   -11.8656435 ]
 [ 11.644421   -11.8656435 ]
 [ 14.762073   -14.988643  ]
 [ -0.54045314   0.32148507]
 [ 14.762073   -14.988643  ]
 [ 13.049163   -13.273048  ]
 [ 14.762073   -14.988643  ]
 [  6.929899    -7.1532016 ]
 [  3.4207878   -3.646622  ]
 [  9.540053    -9.766469  ]
 [ 11.589697   -11.813393  ]
 [ 13.653251   -13.878148  ]
 [ 13.653251   -13.878148  ]
 [ 13.538753   -13.767626  ]
 [ 13.049163   -13.273048  ]
 [  3.4207878   -3.646622  ]
 [  7.816059    -8.037737  ]
 [ 10.763372   -10.987486  ]
 [ 14.762073   -14.988643  ]
 [ 13.653251   -13.878148  ]
 [ 14.762073   -14.988643  ]
 [ 13.653251   -13.878148  ]
 [ -0.54045314   0.32148507]
 [  2.5805516   -2.8028822 ]
 [  9.540053    -9.766469  ]
 [ 13.653251   -13.878148  ]
 [ 10.763372   -10.987486  ]
 [ 13.049163   -13.273048  ]
 [ 14.762073   -14.988643  ]
 [ 10.763372   -10.987486  ]
 [  3.4207878   -3.646622  ]
 [  3.4207878   -3.646622  ]
 [ 14.762073   -14.988643  ]
 [ 13.049163   -13.273048  ]
 [ 14.762073   -14.988643  ]
 [ 13.653251   -13.878148  ]
 [  1.5231016   -1.7432714 ]
 [  3.1896632   -3.412917  ]
 [ 13.049163   -13.273048  ]]
2025-12-21 21:39:36,299 - [INFO] - ------------------------------------------------------------
2025-12-21 21:39:36,299 - [INFO] - On Validation Set:
	Accuracy of RRL  Model: 0.9018659295093296
	F1 Score of RRL  Model: 0.6672938418093733
2025-12-21 21:39:36,305 - [INFO] - On Validation Set:
Performance of  RRL Model: 
[[1260   26]
 [ 116   45]]
              precision    recall  f1-score   support

           0       0.92      0.98      0.95      1286
           1       0.63      0.28      0.39       161

    accuracy                           0.90      1447
   macro avg       0.77      0.63      0.67      1447
weighted avg       0.88      0.90      0.88      1447

2025-12-21 21:39:36,305 - [INFO] - ------------------------------------------------------------
2025-12-21 21:39:37,243 - [INFO] - epoch: 16, loss_rrl: 114.00010014511645
2025-12-21 21:39:37,835 - [DEBUG] - y_true: (1447,) [0 0 0 0 0 1 0 0 0 0 0 0 0 0 0 0 0 1 0 0 0 0 0 0 1 0 0 0 0 0 0 0 0 0 0 0 0
 0 1 1 0]
2025-12-21 21:39:37,983 - [DEBUG] - y_rrl_: (1447,) [0 0 0 0 0 1 0 0 0 0 0 0 0 0 0 0 0 0 0 0 0 0 0 0 1 0 0 0 0 0 0 0 0 0 0 0 0
 0 1 0 0]
2025-12-21 21:39:37,983 - [DEBUG] - y_rrl: (1447, 2) [[ 12.825498   -13.040693  ]
 [  0.64882624  -0.85768753]
 [  7.736553    -7.944998  ]
 [  9.465907    -9.677444  ]
 [ 12.091166   -12.306167  ]
 [ -2.9112387    2.7031262 ]
 [ 12.825498   -13.040693  ]
 [  9.926883   -10.137971  ]
 [ 12.825498   -13.040693  ]
 [  5.3653755   -5.5759764 ]
 [  2.79602     -3.010535  ]
 [  6.6231956   -6.8380027 ]
 [  8.855421    -9.067735  ]
 [ 10.9936285  -11.207059  ]
 [ 10.9264145  -11.136789  ]
 [ 11.488837   -11.706166  ]
 [  9.926883   -10.137971  ]
 [  2.79602     -3.010535  ]
 [  5.573539    -5.7842646 ]
 [  8.887664    -9.100179  ]
 [ 12.023951   -12.235896  ]
 [ 10.9936285  -11.207059  ]
 [ 11.2896185  -11.50137   ]
 [ 10.9264145  -11.136789  ]
 [ -4.9912176    4.785702  ]
 [  1.9944729   -2.2057374 ]
 [  3.5303526   -3.7450612 ]
 [ 10.9264145  -11.136789  ]
 [  7.959857    -8.17253   ]
 [ 10.921905   -11.13589   ]
 [ 12.825498   -13.040693  ]
 [  8.153332    -8.365652  ]
 [  2.79602     -3.010535  ]
 [  2.79602     -3.010535  ]
 [ 12.091166   -12.306167  ]
 [ 10.921905   -11.13589   ]
 [ 12.091166   -12.306167  ]
 [ 10.9264145  -11.136789  ]
 [ -0.7730309    0.56380075]
 [  1.6584116   -1.8707261 ]
 [  9.926883   -10.137971  ]]
2025-12-21 21:39:37,985 - [INFO] - ------------------------------------------------------------
2025-12-21 21:39:37,985 - [INFO] - On Validation Set:
	Accuracy of RRL  Model: 0.9087767795438839
	F1 Score of RRL  Model: 0.7516228699831471
2025-12-21 21:39:37,991 - [INFO] - On Validation Set:
Performance of  RRL Model: 
[[1233   53]
 [  79   82]]
              precision    recall  f1-score   support

           0       0.94      0.96      0.95      1286
           1       0.61      0.51      0.55       161

    accuracy                           0.91      1447
   macro avg       0.77      0.73      0.75      1447
weighted avg       0.90      0.91      0.91      1447

2025-12-21 21:39:37,992 - [INFO] - ------------------------------------------------------------
2025-12-21 21:39:38,759 - [INFO] - epoch: 17, loss_rrl: 114.61669173464179
2025-12-21 21:39:39,602 - [DEBUG] - y_true: (1447,) [0 0 0 0 0 1 0 0 0 0 0 0 0 0 0 0 0 1 0 0 0 0 0 0 1 0 0 0 0 0 0 0 0 0 0 0 0
 0 1 1 0]
2025-12-21 21:39:39,750 - [DEBUG] - y_rrl_: (1447,) [0 1 0 0 0 1 0 0 0 0 0 0 0 0 0 0 0 0 0 0 0 0 0 0 1 0 0 0 0 0 0 0 0 0 0 0 0
 0 1 0 0]
2025-12-21 21:39:39,751 - [DEBUG] - y_rrl: (1447, 2) [[ 14.508352   -14.712139  ]
 [ -0.5508105    0.35267368]
 [ 10.029438   -10.22713   ]
 [ 10.029438   -10.22713   ]
 [ 14.508352   -14.712139  ]
 [ -1.6743339    1.477123  ]
 [ 14.508352   -14.712139  ]
 [ 10.029438   -10.22713   ]
 [ 14.508352   -14.712139  ]
 [  3.5257783   -3.722414  ]
 [  1.5719963   -1.7714937 ]
 [  8.834435    -9.037998  ]
 [ 12.018176   -12.222458  ]
 [ 12.669683   -12.868994  ]
 [ 13.428465   -13.630779  ]
 [ 12.339283   -12.542032  ]
 [ 11.560609   -11.760541  ]
 [  1.5719963   -1.7714937 ]
 [  7.043865    -7.243591  ]
 [  7.9547725   -8.151122  ]
 [ 13.749572   -13.950354  ]
 [ 12.669683   -12.868994  ]
 [ 13.749572   -13.950354  ]
 [ 13.428465   -13.630779  ]
 [ -0.91555315   0.7153369 ]
 [  2.3307774   -2.53328   ]
 [  9.39154     -9.590433  ]
 [ 11.897294   -12.097368  ]
 [  9.485944    -9.684534  ]
 [ 11.560609   -11.760541  ]
 [ 14.508352   -14.712139  ]
 [  9.485944    -9.684534  ]
 [  1.5719963   -1.7714937 ]
 [  0.04082517  -0.23808227]
 [ 14.508352   -14.712139  ]
 [ 10.029438   -10.22713   ]
 [ 14.508352   -14.712139  ]
 [ 11.897294   -12.097368  ]
 [ -1.6743339    1.477123  ]
 [  1.5094053   -1.7073405 ]
 [ 10.029438   -10.22713   ]]
2025-12-21 21:39:39,753 - [INFO] - ------------------------------------------------------------
2025-12-21 21:39:39,753 - [INFO] - On Validation Set:
	Accuracy of RRL  Model: 0.9067035245335177
	F1 Score of RRL  Model: 0.7511760052886802
2025-12-21 21:39:39,759 - [INFO] - On Validation Set:
Performance of  RRL Model: 
[[1228   58]
 [  77   84]]
              precision    recall  f1-score   support

           0       0.94      0.95      0.95      1286
           1       0.59      0.52      0.55       161

    accuracy                           0.91      1447
   macro avg       0.77      0.74      0.75      1447
weighted avg       0.90      0.91      0.90      1447

2025-12-21 21:39:39,759 - [INFO] - ------------------------------------------------------------
2025-12-21 21:39:40,324 - [INFO] - epoch: 18, loss_rrl: 115.1398074645549
2025-12-21 21:39:41,442 - [DEBUG] - y_true: (1447,) [0 0 0 0 0 1 0 0 0 0 0 0 0 0 0 0 0 1 0 0 0 0 0 0 1 0 0 0 0 0 0 0 0 0 0 0 0
 0 1 1 0]
2025-12-21 21:39:41,590 - [DEBUG] - y_rrl_: (1447,) [0 1 0 0 0 1 0 0 0 0 0 0 0 0 0 0 0 0 0 0 0 0 0 0 1 0 0 0 0 0 0 0 0 0 0 0 0
 0 0 0 0]
2025-12-21 21:39:41,591 - [DEBUG] - y_rrl: (1447, 2) [[ 14.343256   -14.5355015 ]
 [ -1.1843978    0.9979049 ]
 [ 10.841528   -11.029502  ]
 [ 11.632288   -11.82042   ]
 [ 12.731718   -12.921923  ]
 [ -1.3850306    1.198707  ]
 [ 15.134018   -15.32642   ]
 [ 13.243826   -13.433998  ]
 [ 15.134018   -15.32642   ]
 [  8.557476    -8.747234  ]
 [  2.250768    -2.437691  ]
 [  8.548658    -8.738031  ]
 [ 11.829029   -12.0190935 ]
 [ 10.962561   -11.148626  ]
 [ 13.364861   -13.553122  ]
 [ 13.632801   -13.822274  ]
 [ 10.841528   -11.029502  ]
 [  3.8623066   -4.0512686 ]
 [  8.1507635   -8.337518  ]
 [ 10.08449    -10.272059  ]
 [ 14.423561   -14.613193  ]
 [ 12.5741005  -12.762204  ]
 [ 13.632801   -13.822274  ]
 [ 10.962561   -11.148626  ]
 [ -1.3850306    1.198707  ]
 [  3.8623066   -4.0512686 ]
 [  8.548658    -8.738031  ]
 [ 13.364861   -13.553122  ]
 [ 10.08449    -10.272059  ]
 [ 13.243826   -13.433998  ]
 [ 15.134018   -15.32642   ]
 [ 10.08449    -10.272059  ]
 [  3.8623066   -4.0512686 ]
 [  3.8623066   -4.0512686 ]
 [ 15.134018   -15.32642   ]
 [ 13.243826   -13.433998  ]
 [ 13.632801   -13.822274  ]
 [ 12.5741005  -12.762204  ]
 [  0.15080166  -0.33532107]
 [  1.8953401   -2.0823545 ]
 [ 12.453066   -12.64308   ]]
2025-12-21 21:39:41,593 - [INFO] - ------------------------------------------------------------
2025-12-21 21:39:41,593 - [INFO] - On Validation Set:
	Accuracy of RRL  Model: 0.9011748445058743
	F1 Score of RRL  Model: 0.6858192695166299
2025-12-21 21:39:41,599 - [INFO] - On Validation Set:
Performance of  RRL Model: 
[[1251   35]
 [ 108   53]]
              precision    recall  f1-score   support

           0       0.92      0.97      0.95      1286
           1       0.60      0.33      0.43       161

    accuracy                           0.90      1447
   macro avg       0.76      0.65      0.69      1447
weighted avg       0.89      0.90      0.89      1447

2025-12-21 21:39:41,599 - [INFO] - ------------------------------------------------------------
2025-12-21 21:39:41,932 - [INFO] - epoch: 19, loss_rrl: 115.1188068781048
2025-12-21 21:39:43,228 - [DEBUG] - y_true: (1447,) [0 0 0 0 0 1 0 0 0 0 0 0 0 0 0 0 0 1 0 0 0 0 0 0 1 0 0 0 0 0 0 0 0 0 0 0 0
 0 1 1 0]
2025-12-21 21:39:43,376 - [DEBUG] - y_rrl_: (1447,) [0 1 0 0 0 1 0 0 0 0 0 0 0 0 0 0 0 0 0 0 0 0 0 0 1 0 0 0 0 0 0 0 0 0 0 0 0
 0 1 0 0]
2025-12-21 21:39:43,376 - [DEBUG] - y_rrl: (1447, 2) [[ 12.966046   -13.149244  ]
 [ -0.80653244   0.63219684]
 [  9.464361    -9.643571  ]
 [ 10.269453   -10.448807  ]
 [ 12.966046   -13.149244  ]
 [ -2.6770496    2.499402  ]
 [ 13.771138   -13.954479  ]
 [ 11.28715    -11.468908  ]
 [ 13.771138   -13.954479  ]
 [  6.6470604   -6.8284364 ]
 [  2.45396     -2.639007  ]
 [  9.650969    -9.834621  ]
 [ 11.202191   -11.3815    ]
 [ 11.900349   -12.0822525 ]
 [ 10.240604   -10.4195385 ]
 [ 12.966046   -13.149244  ]
 [ 12.130537   -12.314032  ]
 [  4.303657    -4.4887443 ]
 [  8.118096    -8.294771  ]
 [  7.091729    -7.2686443 ]
 [ 13.072981   -13.253729  ]
 [ 11.900349   -12.0822525 ]
 [ 12.267889   -12.448494  ]
 [ 11.202191   -11.3815    ]
 [ -2.6770496    2.499402  ]
 [  2.587802    -2.767891  ]
 [  7.017235    -7.1969357 ]
 [ 10.358806   -10.536378  ]
 [  8.633271    -8.814519  ]
 [ 11.917931   -12.099165  ]
 [ 13.771138   -13.954479  ]
 [  7.935114    -8.113768  ]
 [  3.2859597   -3.4686422 ]
 [  1.6374826   -1.8182837 ]
 [ 12.966046   -13.149244  ]
 [ 11.28715    -11.468908  ]
 [ 12.966046   -13.149244  ]
 [  9.553714    -9.731143  ]
 [ -0.9611941    0.7785484 ]
 [  1.288186    -1.4690834 ]
 [ 10.482059   -10.663673  ]]
2025-12-21 21:39:43,378 - [INFO] - ------------------------------------------------------------
2025-12-21 21:39:43,379 - [INFO] - On Validation Set:
	Accuracy of RRL  Model: 0.9046302695231514
	F1 Score of RRL  Model: 0.7449028084375766
2025-12-21 21:39:43,385 - [INFO] - On Validation Set:
Performance of  RRL Model: 
[[1227   59]
 [  79   82]]
              precision    recall  f1-score   support

           0       0.94      0.95      0.95      1286
           1       0.58      0.51      0.54       161

    accuracy                           0.90      1447
   macro avg       0.76      0.73      0.74      1447
weighted avg       0.90      0.90      0.90      1447

2025-12-21 21:39:43,385 - [INFO] - ------------------------------------------------------------
2025-12-21 21:39:43,473 - [INFO] - epoch: 20, loss_rrl: 112.2606265693903
2025-12-21 21:39:44,781 - [INFO] - epoch: 21, loss_rrl: 112.31425996869802
2025-12-21 21:39:44,920 - [DEBUG] - y_true: (1447,) [0 0 0 0 0 1 0 0 0 0 0 0 0 0 0 0 0 1 0 0 0 0 0 0 1 0 0 0 0 0 0 0 0 0 0 0 0
 0 1 1 0]
2025-12-21 21:39:45,068 - [DEBUG] - y_rrl_: (1447,) [0 1 0 0 0 1 0 0 0 0 0 0 0 0 0 0 0 0 0 0 0 0 0 0 1 1 0 0 0 0 0 0 0 0 0 0 0
 0 1 1 0]
2025-12-21 21:39:45,069 - [DEBUG] - y_rrl: (1447, 2) [[ 11.9504     -12.125352  ]
 [ -2.8843145    2.7160437 ]
 [  8.665837    -8.834338  ]
 [  9.687398    -9.8581705 ]
 [ 10.315152   -10.488362  ]
 [ -4.5098295    4.340229  ]
 [ 11.9504     -12.125352  ]
 [ 10.301086   -10.471329  ]
 [ 11.9504     -12.125352  ]
 [  5.6198006   -5.789689  ]
 [ -0.0389617   -0.13087848]
 [  7.787795    -7.958176  ]
 [ 10.247681   -10.41897   ]
 [  8.612432    -8.78198   ]
 [ 10.247681   -10.41897   ]
 [  9.812424    -9.986493  ]
 [  8.665837    -8.834338  ]
 [  1.5962875   -1.7678688 ]
 [  4.1881585   -4.3599577 ]
 [  7.982827    -8.155765  ]
 [ 11.322646   -11.49516   ]
 [ 10.247681   -10.41897   ]
 [ 11.322646   -11.49516   ]
 [  8.612432    -8.78198   ]
 [ -4.5098295    4.340229  ]
 [ -0.972271     0.80089116]
 [  9.22612     -9.395138  ]
 [ 10.247681   -10.41897   ]
 [  7.787795    -7.958176  ]
 [ 10.4961195  -10.668917  ]
 [ 11.9504     -12.125352  ]
 [  7.982827    -8.155765  ]
 [  1.5962875   -1.7678688 ]
 [  1.5962875   -1.7678688 ]
 [ 11.9504     -12.125352  ]
 [ 11.322646   -11.49516   ]
 [ 11.322646   -11.49516   ]
 [ 10.247681   -10.41897   ]
 [ -0.7347546    0.5683557 ]
 [ -1.2234173    1.0531911 ]
 [ 10.301086   -10.471329  ]]
2025-12-21 21:39:45,071 - [INFO] - ------------------------------------------------------------
2025-12-21 21:39:45,071 - [INFO] - On Validation Set:
	Accuracy of RRL  Model: 0.9018659295093296
	F1 Score of RRL  Model: 0.7571573772041791
2025-12-21 21:39:45,077 - [INFO] - On Validation Set:
Performance of  RRL Model: 
[[1211   75]
 [  67   94]]
              precision    recall  f1-score   support

           0       0.95      0.94      0.94      1286
           1       0.56      0.58      0.57       161

    accuracy                           0.90      1447
   macro avg       0.75      0.76      0.76      1447
weighted avg       0.90      0.90      0.90      1447

2025-12-21 21:39:45,077 - [INFO] - ------------------------------------------------------------
2025-12-21 21:39:46,264 - [INFO] - epoch: 22, loss_rrl: 112.44741558656096
2025-12-21 21:39:46,615 - [DEBUG] - y_true: (1447,) [0 0 0 0 0 1 0 0 0 0 0 0 0 0 0 0 0 1 0 0 0 0 0 0 1 0 0 0 0 0 0 0 0 0 0 0 0
 0 1 1 0]
2025-12-21 21:39:46,765 - [DEBUG] - y_rrl_: (1447,) [0 0 0 0 0 1 0 0 0 0 0 0 0 0 0 0 0 0 0 0 0 0 0 0 1 0 0 0 0 0 0 0 0 0 0 0 0
 0 0 0 0]
2025-12-21 21:39:46,766 - [DEBUG] - y_rrl: (1447, 2) [[ 15.425527   -15.5924015 ]
 [  0.8289522   -0.9910683 ]
 [ 11.301988   -11.462691  ]
 [ 12.154279   -12.315099  ]
 [ 14.573237   -14.739995  ]
 [ -1.2736624    1.1118293 ]
 [ 15.425527   -15.5924015 ]
 [ 14.850644   -15.015218  ]
 [ 15.425527   -15.5924015 ]
 [  8.286408    -8.450199  ]
 [  4.170325    -4.3356814 ]
 [  9.882268   -10.048293  ]
 [ 11.349832   -11.514573  ]
 [ 12.888524   -13.051825  ]
 [ 13.740815   -13.904231  ]
 [ 14.850644   -15.015218  ]
 [ 14.850644   -15.015218  ]
 [  4.170325    -4.3356814 ]
 [  9.189418    -9.351917  ]
 [ 10.438247   -10.6010685 ]
 [ 14.850644   -15.015218  ]
 [ 12.888524   -13.051825  ]
 [ 13.998353   -14.162811  ]
 [ 13.740815   -13.904231  ]
 [ -1.2736624    1.1118293 ]
 [  2.3353183   -2.4987984 ]
 [  5.710945    -5.8747296 ]
 [ 13.740815   -13.904231  ]
 [ 10.388995   -10.551433  ]
 [ 13.015637   -13.178335  ]
 [ 15.425527   -15.5924015 ]
 [  9.585956    -9.748662  ]
 [  3.1383564   -3.3015695 ]
 [  3.1383564   -3.3015695 ]
 [ 14.573237   -14.739995  ]
 [ 14.850644   -15.015218  ]
 [ 13.998353   -14.162811  ]
 [ 13.740815   -13.904231  ]
 [  0.56134397  -0.72505355]
 [  2.0289054   -2.191334  ]
 [ 14.850644   -15.015218  ]]
2025-12-21 21:39:46,768 - [INFO] - ------------------------------------------------------------
2025-12-21 21:39:46,768 - [INFO] - On Validation Set:
	Accuracy of RRL  Model: 0.9115411195577056
	F1 Score of RRL  Model: 0.7092187892489324
2025-12-21 21:39:46,774 - [INFO] - On Validation Set:
Performance of  RRL Model: 
[[1263   23]
 [ 105   56]]
              precision    recall  f1-score   support

           0       0.92      0.98      0.95      1286
           1       0.71      0.35      0.47       161

    accuracy                           0.91      1447
   macro avg       0.82      0.66      0.71      1447
weighted avg       0.90      0.91      0.90      1447

2025-12-21 21:39:46,774 - [INFO] - ------------------------------------------------------------
2025-12-21 21:39:47,758 - [INFO] - epoch: 23, loss_rrl: 111.56268681585789
2025-12-21 21:39:48,320 - [DEBUG] - y_true: (1447,) [0 0 0 0 0 1 0 0 0 0 0 0 0 0 0 0 0 1 0 0 0 0 0 0 1 0 0 0 0 0 0 0 0 0 0 0 0
 0 1 1 0]
2025-12-21 21:39:48,467 - [DEBUG] - y_rrl_: (1447,) [0 0 0 0 0 1 0 0 0 0 0 0 0 0 0 0 0 0 0 0 0 0 0 0 1 0 0 0 0 0 0 0 0 0 0 0 0
 0 0 0 0]
2025-12-21 21:39:48,468 - [DEBUG] - y_rrl: (1447, 2) [[ 14.632739   -14.790798  ]
 [  3.6576252   -3.8119416 ]
 [ 11.054037   -11.2084875 ]
 [ 11.901347   -12.055902  ]
 [ 13.785429   -13.943385  ]
 [ -1.0472025    0.89279604]
 [ 14.632739   -14.790798  ]
 [ 11.901347   -12.055902  ]
 [ 14.632739   -14.790798  ]
 [  5.3807216   -5.534545  ]
 [  3.9830856   -4.140938  ]
 [ 12.289013   -12.4481735 ]
 [ 13.173818   -13.329596  ]
 [ 13.785429   -13.943385  ]
 [ 14.021127   -14.17701   ]
 [ 14.632739   -14.790798  ]
 [ 13.586614   -13.742655  ]
 [  3.9830856   -4.140938  ]
 [  8.300913    -8.454903  ]
 [  8.993917    -9.147753  ]
 [ 14.021127   -14.17701   ]
 [ 13.785429   -13.943385  ]
 [ 13.173818   -13.329596  ]
 [ 14.021127   -14.17701   ]
 [ -2.3793488    2.2242553 ]
 [  3.6181993   -3.776145  ]
 [  8.086051    -8.243093  ]
 [ 12.33586    -12.490256  ]
 [ 11.242887   -11.400029  ]
 [ 13.221727   -13.377863  ]
 [ 14.632739   -14.790798  ]
 [  9.831876    -9.987092  ]
 [  3.9830856   -4.140938  ]
 [  2.2978187   -2.4541838 ]
 [ 13.785429   -13.943385  ]
 [ 12.947473   -13.104045  ]
 [ 13.785429   -13.943385  ]
 [ 12.33586    -12.490256  ]
 [  0.36380926  -0.5201411 ]
 [  2.906351    -3.0634985 ]
 [ 11.901347   -12.055902  ]]
2025-12-21 21:39:48,470 - [INFO] - ------------------------------------------------------------
2025-12-21 21:39:48,470 - [INFO] - On Validation Set:
	Accuracy of RRL  Model: 0.9067035245335177
	F1 Score of RRL  Model: 0.6849340255768831
2025-12-21 21:39:48,476 - [INFO] - On Validation Set:
Performance of  RRL Model: 
[[1263   23]
 [ 112   49]]
              precision    recall  f1-score   support

           0       0.92      0.98      0.95      1286
           1       0.68      0.30      0.42       161

    accuracy                           0.91      1447
   macro avg       0.80      0.64      0.68      1447
weighted avg       0.89      0.91      0.89      1447

2025-12-21 21:39:48,476 - [INFO] - ------------------------------------------------------------
2025-12-21 21:39:49,232 - [INFO] - epoch: 24, loss_rrl: 112.23274400644004
2025-12-21 21:39:50,207 - [DEBUG] - y_true: (1447,) [0 0 0 0 0 1 0 0 0 0 0 0 0 0 0 0 0 1 0 0 0 0 0 0 1 0 0 0 0 0 0 0 0 0 0 0 0
 0 1 1 0]
2025-12-21 21:39:50,354 - [DEBUG] - y_rrl_: (1447,) [0 1 0 0 0 1 0 0 0 0 0 0 0 0 0 0 0 0 0 0 0 0 0 0 1 0 0 0 0 0 0 0 0 0 0 0 0
 0 1 0 0]
2025-12-21 21:39:50,355 - [DEBUG] - y_rrl: (1447, 2) [[ 12.7186775  -12.87037   ]
 [ -1.1311023    0.9844807 ]
 [  8.605456    -8.7520485 ]
 [  9.494065    -9.640753  ]
 [ 12.7186775  -12.87037   ]
 [ -3.2668161    3.1195176 ]
 [ 13.607287   -13.759076  ]
 [  9.494065    -9.640753  ]
 [ 13.607287   -13.759076  ]
 [  4.4653473   -4.6117396 ]
 [  2.009327    -2.1584249 ]
 [  7.0380445   -7.1874375 ]
 [ 11.432101   -11.583063  ]
 [ 12.137469   -12.287099  ]
 [ 13.02608    -13.175804  ]
 [ 12.137469   -12.287099  ]
 [ 10.294308   -10.442272  ]
 [  2.009327    -2.1584249 ]
 [  5.4032264   -5.5500884 ]
 [  6.943172    -7.089955  ]
 [ 13.02608    -13.175804  ]
 [ 12.137469   -12.287099  ]
 [ 12.137469   -12.287099  ]
 [ 12.137469   -12.287099  ]
 [ -3.2668161    3.1195176 ]
 [  2.009327    -2.1584249 ]
 [  6.3041615   -6.4531674 ]
 [ 11.337229   -11.48558   ]
 [  8.632024    -8.780179  ]
 [ 11.182917   -11.3309765 ]
 [ 13.607287   -13.759076  ]
 [  8.632024    -8.780179  ]
 [  2.009327    -2.1584249 ]
 [  0.32047525  -0.46820062]
 [ 13.607287   -13.759076  ]
 [  9.494065    -9.640753  ]
 [ 12.137469   -12.287099  ]
 [ 10.448619   -10.596875  ]
 [ -3.2668161    3.1195176 ]
 [  1.1272409   -1.2761086 ]
 [  8.605456    -8.7520485 ]]
2025-12-21 21:39:50,357 - [INFO] - ------------------------------------------------------------
2025-12-21 21:39:50,357 - [INFO] - On Validation Set:
	Accuracy of RRL  Model: 0.9053213545266068
	F1 Score of RRL  Model: 0.7586645159326779
2025-12-21 21:39:50,363 - [INFO] - On Validation Set:
Performance of  RRL Model: 
[[1219   67]
 [  70   91]]
              precision    recall  f1-score   support

           0       0.95      0.95      0.95      1286
           1       0.58      0.57      0.57       161

    accuracy                           0.91      1447
   macro avg       0.76      0.76      0.76      1447
weighted avg       0.90      0.91      0.90      1447

2025-12-21 21:39:50,363 - [INFO] - ------------------------------------------------------------
2025-12-21 21:39:50,936 - [INFO] - epoch: 25, loss_rrl: 111.88133501075208
2025-12-21 21:39:52,011 - [DEBUG] - y_true: (1447,) [0 0 0 0 0 1 0 0 0 0 0 0 0 0 0 0 0 1 0 0 0 0 0 0 1 0 0 0 0 0 0 0 0 0 0 0 0
 0 1 1 0]
2025-12-21 21:39:52,158 - [DEBUG] - y_rrl_: (1447,) [0 1 0 0 0 1 0 0 0 0 0 0 0 0 0 0 0 0 0 0 0 0 0 0 1 0 0 0 0 0 0 0 0 0 0 0 0
 0 1 0 0]
2025-12-21 21:39:52,159 - [DEBUG] - y_rrl: (1447, 2) [[ 14.7127     -14.85741   ]
 [ -0.3509962    0.20988669]
 [  9.711555    -9.850495  ]
 [  9.711555    -9.850495  ]
 [ 14.7127     -14.85741   ]
 [ -2.155859     2.0153902 ]
 [ 14.7127     -14.85741   ]
 [ 11.370206   -11.510414  ]
 [ 14.7127     -14.85741   ]
 [  6.2619967   -6.4019217 ]
 [  3.0379913   -3.1801243 ]
 [  8.146201    -8.288617  ]
 [ 12.515083   -12.658982  ]
 [ 14.167257   -14.310012  ]
 [ 14.167257   -14.310012  ]
 [ 14.167257   -14.310012  ]
 [ 11.370206   -11.510414  ]
 [  3.0379913   -3.1801243 ]
 [  8.999525    -9.138655  ]
 [  9.798376    -9.939646  ]
 [ 14.167257   -14.310012  ]
 [ 14.167257   -14.310012  ]
 [ 14.167257   -14.310012  ]
 [ 14.167257   -14.310012  ]
 [ -4.5265403    4.3871484 ]
 [  3.0379913   -3.1801243 ]
 [  5.824344    -5.967421  ]
 [ 14.167257   -14.310012  ]
 [  9.798376    -9.939646  ]
 [ 11.370206   -11.510414  ]
 [ 14.7127     -14.85741   ]
 [  9.798376    -9.939646  ]
 [  3.0379913   -3.1801243 ]
 [  3.0379913   -3.1801243 ]
 [ 14.7127     -14.85741   ]
 [ 11.370206   -11.510414  ]
 [ 14.167257   -14.310012  ]
 [ 14.167257   -14.310012  ]
 [ -2.155859     2.0153902 ]
 [  2.213022    -2.3549752 ]
 [ 11.370206   -11.510414  ]]
2025-12-21 21:39:52,161 - [INFO] - ------------------------------------------------------------
2025-12-21 21:39:52,161 - [INFO] - On Validation Set:
	Accuracy of RRL  Model: 0.9067035245335177
	F1 Score of RRL  Model: 0.7467357440403262
2025-12-21 21:39:52,167 - [INFO] - On Validation Set:
Performance of  RRL Model: 
[[1231   55]
 [  80   81]]
              precision    recall  f1-score   support

           0       0.94      0.96      0.95      1286
           1       0.60      0.50      0.55       161

    accuracy                           0.91      1447
   macro avg       0.77      0.73      0.75      1447
weighted avg       0.90      0.91      0.90      1447

2025-12-21 21:39:52,167 - [INFO] - ------------------------------------------------------------
2025-12-21 21:39:52,500 - [INFO] - epoch: 26, loss_rrl: 111.52977336011827
2025-12-21 21:39:53,700 - [DEBUG] - y_true: (1447,) [0 0 0 0 0 1 0 0 0 0 0 0 0 0 0 0 0 1 0 0 0 0 0 0 1 0 0 0 0 0 0 0 0 0 0 0 0
 0 1 1 0]
2025-12-21 21:39:53,850 - [DEBUG] - y_rrl_: (1447,) [0 1 0 0 0 1 0 0 0 0 0 0 0 0 0 0 0 0 0 0 0 0 0 0 1 0 0 0 0 0 0 0 0 0 0 0 0
 0 1 0 0]
2025-12-21 21:39:53,850 - [DEBUG] - y_rrl: (1447, 2) [[ 13.53873    -13.676708  ]
 [ -0.59233904   0.45829377]
 [  8.630082    -8.763486  ]
 [  9.432799    -9.566278  ]
 [ 12.736014   -12.873917  ]
 [ -3.26877      3.1347976 ]
 [ 13.53873    -13.676708  ]
 [ 10.501691   -10.636853  ]
 [ 13.53873    -13.676708  ]
 [  5.434937    -5.5698357 ]
 [  1.01621     -1.153381  ]
 [  8.84986     -8.986188  ]
 [ 12.156793   -12.292841  ]
 [ 12.156793   -12.292841  ]
 [ 11.397447   -11.533226  ]
 [ 12.95951    -13.095633  ]
 [ 12.155719   -12.292051  ]
 [  2.907611    -3.0448112 ]
 [  7.7543187   -7.887071  ]
 [  6.929658    -7.063208  ]
 [ 12.95951    -13.095633  ]
 [ 12.156793   -12.292841  ]
 [ 12.156793   -12.292841  ]
 [ 12.95951    -13.095633  ]
 [ -2.1998785    2.0642223 ]
 [  2.907611    -3.0448112 ]
 [  7.8591914   -7.993506  ]
 [ 11.305482   -11.440435  ]
 [  7.780967    -7.9156137 ]
 [ 12.155719   -12.292051  ]
 [ 13.53873    -13.676708  ]
 [  7.780967    -7.9156137 ]
 [  1.8387189   -1.974236  ]
 [  0.18469223  -0.3190389 ]
 [ 12.736014   -12.873917  ]
 [ 10.501691   -10.636853  ]
 [ 12.156793   -12.292841  ]
 [ 11.305482   -11.440435  ]
 [ -2.1998785    2.0642223 ]
 [  1.9097707   -2.0452213 ]
 [ 10.501691   -10.636853  ]]
2025-12-21 21:39:53,853 - [INFO] - ------------------------------------------------------------
2025-12-21 21:39:53,853 - [INFO] - On Validation Set:
	Accuracy of RRL  Model: 0.9039391845196959
	F1 Score of RRL  Model: 0.7496206335513056
2025-12-21 21:39:53,859 - [INFO] - On Validation Set:
Performance of  RRL Model: 
[[1222   64]
 [  75   86]]
              precision    recall  f1-score   support

           0       0.94      0.95      0.95      1286
           1       0.57      0.53      0.55       161

    accuracy                           0.90      1447
   macro avg       0.76      0.74      0.75      1447
weighted avg       0.90      0.90      0.90      1447

2025-12-21 21:39:53,859 - [INFO] - ------------------------------------------------------------
2025-12-21 21:39:53,978 - [INFO] - epoch: 27, loss_rrl: 112.36719970218837
2025-12-21 21:39:55,282 - [INFO] - epoch: 28, loss_rrl: 111.70443738438189
2025-12-21 21:39:55,390 - [DEBUG] - y_true: (1447,) [0 0 0 0 0 1 0 0 0 0 0 0 0 0 0 0 0 1 0 0 0 0 0 0 1 0 0 0 0 0 0 0 0 0 0 0 0
 0 1 1 0]
2025-12-21 21:39:55,537 - [DEBUG] - y_rrl_: (1447,) [0 0 0 0 0 1 0 0 0 0 0 0 0 0 0 0 0 0 0 0 0 0 0 0 1 0 0 0 0 0 0 0 0 0 0 0 0
 0 0 0 0]
2025-12-21 21:39:55,537 - [DEBUG] - y_rrl: (1447, 2) [[ 13.186694   -13.317398  ]
 [  0.61268836  -0.7411048 ]
 [ 11.358395   -11.4873085 ]
 [ 12.424255   -12.554753  ]
 [ 13.186694   -13.317398  ]
 [ -1.1336524    1.0068454 ]
 [ 13.186694   -13.317398  ]
 [ 14.05545    -14.187032  ]
 [ 14.05545    -14.187032  ]
 [  8.923596    -9.054924  ]
 [  2.8325365   -2.9648817 ]
 [  9.8935795  -10.026203  ]
 [ 12.596827   -12.725769  ]
 [ 13.186694   -13.317398  ]
 [ 12.596827   -12.725769  ]
 [ 13.186694   -13.317398  ]
 [ 14.05545    -14.187032  ]
 [  4.761726    -4.8940973 ]
 [  6.629133    -6.756755  ]
 [ 10.160193   -10.290272  ]
 [ 12.596827   -12.725769  ]
 [ 13.186694   -13.317398  ]
 [ 12.596827   -12.725769  ]
 [ 12.596827   -12.725769  ]
 [ -2.8117783    2.6839888 ]
 [  3.9624798   -4.09072   ]
 [  8.06851     -8.19914   ]
 [ 12.596827   -12.725769  ]
 [ 10.505845   -10.635902  ]
 [ 12.643939   -12.773956  ]
 [ 13.186694   -13.317398  ]
 [ 10.160193   -10.290272  ]
 [  3.6958654   -3.8266518 ]
 [  3.6958654   -3.8266518 ]
 [ 13.186694   -13.317398  ]
 [ 14.05545    -14.187032  ]
 [ 13.186694   -13.317398  ]
 [ 12.596827   -12.725769  ]
 [  1.280582    -1.4105822 ]
 [  1.280582    -1.4105822 ]
 [ 14.05545    -14.187032  ]]
2025-12-21 21:39:55,540 - [INFO] - ------------------------------------------------------------
2025-12-21 21:39:55,540 - [INFO] - On Validation Set:
	Accuracy of RRL  Model: 0.9032480995162405
	F1 Score of RRL  Model: 0.7000272460197119
2025-12-21 21:39:55,546 - [INFO] - On Validation Set:
Performance of  RRL Model: 
[[1249   37]
 [ 103   58]]
              precision    recall  f1-score   support

           0       0.92      0.97      0.95      1286
           1       0.61      0.36      0.45       161

    accuracy                           0.90      1447
   macro avg       0.77      0.67      0.70      1447
weighted avg       0.89      0.90      0.89      1447

2025-12-21 21:39:55,546 - [INFO] - ------------------------------------------------------------
2025-12-21 21:39:56,747 - [INFO] - epoch: 29, loss_rrl: 111.3339036218822
2025-12-21 21:39:57,066 - [DEBUG] - y_true: (1447,) [0 0 0 0 0 1 0 0 0 0 0 0 0 0 0 0 0 1 0 0 0 0 0 0 1 0 0 0 0 0 0 0 0 0 0 0 0
 0 1 1 0]
2025-12-21 21:39:57,214 - [DEBUG] - y_rrl_: (1447,) [0 0 0 0 0 0 0 0 0 0 0 0 0 0 0 0 0 0 0 0 0 0 0 0 0 0 0 0 0 0 0 0 0 0 0 0 0
 0 0 0 0]
2025-12-21 21:39:57,214 - [DEBUG] - y_rrl: (1447, 2) [[ 16.17898    -16.303566  ]
 [  4.2694902   -4.3919835 ]
 [ 12.890763   -13.012208  ]
 [ 14.76618    -14.889175  ]
 [ 16.17898    -16.303566  ]
 [  0.81210035  -0.93398917]
 [ 16.991844   -17.11649   ]
 [ 16.404793   -16.528782  ]
 [ 17.828753   -17.954231  ]
 [ 11.165027   -11.288776  ]
 [  6.9860306   -7.1107364 ]
 [ 11.412932   -11.537821  ]
 [ 13.871344   -13.995168  ]
 [ 15.56835    -15.691265  ]
 [ 16.381214   -16.504187  ]
 [ 15.56835    -15.691265  ]
 [ 15.591927   -15.715859  ]
 [  6.9860306   -7.1107364 ]
 [  9.580534    -9.702242  ]
 [ 13.9228     -14.046841  ]
 [ 16.381214   -16.504187  ]
 [ 15.56835    -15.691265  ]
 [ 15.56835    -15.691265  ]
 [ 15.56835    -15.691265  ]
 [  0.81210035  -0.93398917]
 [  5.923476    -6.0466933 ]
 [  8.38142     -8.503817  ]
 [ 16.381214   -16.504187  ]
 [ 12.047383   -12.169875  ]
 [ 16.404793   -16.528782  ]
 [ 16.991844   -17.11649   ]
 [ 13.109938   -13.233917  ]
 [  5.923476    -6.0466933 ]
 [  5.923476    -6.0466933 ]
 [ 16.17898    -16.303566  ]
 [ 16.404793   -16.528782  ]
 [ 15.56835    -15.691265  ]
 [ 15.56835    -15.691265  ]
 [  1.8746544   -1.9980328 ]
 [  4.333067    -4.4553795 ]
 [ 15.591927   -15.715859  ]]
2025-12-21 21:39:57,217 - [INFO] - ------------------------------------------------------------
2025-12-21 21:39:57,217 - [INFO] - On Validation Set:
	Accuracy of RRL  Model: 0.8908085694540429
	F1 Score of RRL  Model: 0.5116748970490235
2025-12-21 21:39:57,223 - [INFO] - On Validation Set:
Performance of  RRL Model: 
[[1282    4]
 [ 154    7]]
              precision    recall  f1-score   support

           0       0.89      1.00      0.94      1286
           1       0.64      0.04      0.08       161

    accuracy                           0.89      1447
   macro avg       0.76      0.52      0.51      1447
weighted avg       0.86      0.89      0.85      1447

2025-12-21 21:39:57,223 - [INFO] - ------------------------------------------------------------
2025-12-21 21:39:58,281 - [INFO] - epoch: 30, loss_rrl: 112.44616419449449
2025-12-21 21:39:58,841 - [DEBUG] - y_true: (1447,) [0 0 0 0 0 1 0 0 0 0 0 0 0 0 0 0 0 1 0 0 0 0 0 0 1 0 0 0 0 0 0 0 0 0 0 0 0
 0 1 1 0]
2025-12-21 21:39:58,991 - [DEBUG] - y_rrl_: (1447,) [0 0 0 0 0 1 0 0 0 0 0 0 0 0 0 0 0 0 0 0 0 0 0 0 0 0 0 0 0 0 0 0 0 0 0 0 0
 0 0 0 0]
2025-12-21 21:39:58,991 - [DEBUG] - y_rrl: (1447, 2) [[ 15.52568    -15.644611  ]
 [  5.4880652   -5.605528  ]
 [ 12.728297   -12.84564   ]
 [ 14.68327    -14.802071  ]
 [ 14.653258   -14.772137  ]
 [ -0.810139     0.69381285]
 [ 15.52568    -15.644611  ]
 [ 15.238267   -15.356585  ]
 [ 16.32082    -16.440542  ]
 [  9.873136    -9.991227  ]
 [  5.729604    -5.848574  ]
 [ 12.9859     -13.105607  ]
 [ 14.028993   -14.146278  ]
 [ 14.653258   -14.772137  ]
 [ 13.404813   -13.52187   ]
 [ 15.52568    -15.644611  ]
 [ 15.238267   -15.356585  ]
 [  5.729604    -5.848574  ]
 [ 10.565578   -10.680986  ]
 [ 12.440606   -12.558951  ]
 [ 14.901412   -15.018752  ]
 [ 14.653258   -14.772137  ]
 [ 14.028993   -14.146278  ]
 [ 14.901412   -15.018752  ]
 [  0.27241668  -0.3901434 ]
 [  5.3944454   -5.5133996 ]
 [ 11.990766   -12.108716  ]
 [ 14.901412   -15.018752  ]
 [ 11.903344   -12.02165   ]
 [ 14.903108   -15.021411  ]
 [ 15.52568    -15.644611  ]
 [ 11.568187   -11.686478  ]
 [  5.729604    -5.848574  ]
 [  5.729604    -5.848574  ]
 [ 14.653258   -14.772137  ]
 [ 16.32082    -16.440542  ]
 [ 14.653258   -14.772137  ]
 [ 14.901412   -15.018752  ]
 [  3.9559646   -4.07204   ]
 [  3.3574882   -3.4758039 ]
 [ 15.238267   -15.356585  ]]
2025-12-21 21:39:58,993 - [INFO] - ------------------------------------------------------------
2025-12-21 21:39:58,993 - [INFO] - On Validation Set:
	Accuracy of RRL  Model: 0.8970283344851416
	F1 Score of RRL  Model: 0.5979843559168756
2025-12-21 21:39:58,999 - [INFO] - On Validation Set:
Performance of  RRL Model: 
[[1273   13]
 [ 136   25]]
              precision    recall  f1-score   support

           0       0.90      0.99      0.94      1286
           1       0.66      0.16      0.25       161

    accuracy                           0.90      1447
   macro avg       0.78      0.57      0.60      1447
weighted avg       0.88      0.90      0.87      1447

2025-12-21 21:39:58,999 - [INFO] - ------------------------------------------------------------
2025-12-21 21:39:59,822 - [INFO] - epoch: 31, loss_rrl: 111.80951626226306
2025-12-21 21:40:00,561 - [DEBUG] - y_true: (1447,) [0 0 0 0 0 1 0 0 0 0 0 0 0 0 0 0 0 1 0 0 0 0 0 0 1 0 0 0 0 0 0 0 0 0 0 0 0
 0 1 1 0]
2025-12-21 21:40:00,708 - [DEBUG] - y_rrl_: (1447,) [0 0 0 0 0 1 0 0 0 0 0 0 0 0 0 0 0 0 0 0 0 0 0 0 1 0 0 0 0 0 0 0 0 0 0 0 0
 0 1 0 0]
2025-12-21 21:40:00,708 - [DEBUG] - y_rrl: (1447, 2) [[ 13.124923  -13.238368 ]
 [  1.2879003  -1.3978444]
 [  9.831072   -9.941745 ]
 [ 10.68515   -10.795873 ]
 [ 13.124923  -13.238368 ]
 [ -2.2393699   2.1283534]
 [ 13.979001  -14.092495 ]
 [ 10.68515   -10.795873 ]
 [ 14.739146  -14.853387 ]
 [  5.30035    -5.410853 ]
 [  2.8325891  -2.9447486]
 [  9.840875   -9.952476 ]
 [ 13.380528  -13.492509 ]
 [ 12.52645   -12.638381 ]
 [ 13.380528  -13.492509 ]
 [ 12.52645   -12.638381 ]
 [ 11.423229  -11.534754 ]
 [  2.8325891  -2.9447486]
 [  6.5567     -6.6676164]
 [  8.248717   -8.3594675]
 [ 13.380528  -13.492509 ]
 [ 12.52645   -12.638381 ]
 [ 12.52645   -12.638381 ]
 [ 12.52645   -12.638381 ]
 [ -4.6694646   4.559085 ]
 [  2.8325891  -2.9447486]
 [  9.066524   -9.177723 ]
 [ 11.788371  -11.899501 ]
 [  9.840875   -9.952476 ]
 [ 12.2773075 -12.388882 ]
 [ 13.979001  -14.092495 ]
 [  9.840875   -9.952476 ]
 [  2.8325891  -2.9447486]
 [  1.2404317  -1.3517402]
 [ 13.979001  -14.092495 ]
 [ 10.68515   -10.795873 ]
 [ 12.52645   -12.638381 ]
 [ 10.934293  -11.045373 ]
 [ -2.2393699   2.1283534]
 [  1.300284   -1.4116803]
 [  9.831072   -9.941745 ]]
2025-12-21 21:40:00,710 - [INFO] - ------------------------------------------------------------
2025-12-21 21:40:00,710 - [INFO] - On Validation Set:
	Accuracy of RRL  Model: 0.9080856945404284
	F1 Score of RRL  Model: 0.7519657690052262
2025-12-21 21:40:00,716 - [INFO] - On Validation Set:
Performance of  RRL Model: 
[[1231   55]
 [  78   83]]
              precision    recall  f1-score   support

           0       0.94      0.96      0.95      1286
           1       0.60      0.52      0.56       161

    accuracy                           0.91      1447
   macro avg       0.77      0.74      0.75      1447
weighted avg       0.90      0.91      0.90      1447

2025-12-21 21:40:00,716 - [INFO] - ------------------------------------------------------------
2025-12-21 21:40:01,293 - [INFO] - epoch: 32, loss_rrl: 111.56927112676203
2025-12-21 21:40:02,270 - [DEBUG] - y_true: (1447,) [0 0 0 0 0 1 0 0 0 0 0 0 0 0 0 0 0 1 0 0 0 0 0 0 1 0 0 0 0 0 0 0 0 0 0 0 0
 0 1 1 0]
2025-12-21 21:40:02,417 - [DEBUG] - y_rrl_: (1447,) [0 0 0 0 0 0 0 0 0 0 0 0 0 0 0 0 0 0 0 0 0 0 0 0 0 0 0 0 0 0 0 0 0 0 0 0 0
 0 0 0 0]
2025-12-21 21:40:02,417 - [DEBUG] - y_rrl: (1447, 2) [[ 17.664614  -17.77289  ]
 [  1.3737998  -1.4794629]
 [ 13.54669   -13.652326 ]
 [ 15.47715   -15.584069 ]
 [ 16.805819  -16.914057 ]
 [  1.5250921  -1.6310291]
 [ 17.664614  -17.77289  ]
 [ 14.405485  -14.511163 ]
 [ 18.394823  -18.50381  ]
 [  9.031539   -9.137013 ]
 [  6.5153203  -6.622318 ]
 [ 11.03047   -11.137631 ]
 [ 14.625204  -14.732722 ]
 [ 16.240088  -16.346888 ]
 [ 17.098883  -17.205723 ]
 [ 17.098883  -17.205723 ]
 [ 15.940926  -16.04739  ]
 [  6.5153203  -6.622318 ]
 [ 12.755501  -12.860687 ]
 [ 13.040371  -13.147313 ]
 [ 17.098883  -17.205723 ]
 [ 16.240088  -16.346888 ]
 [ 16.240088  -16.346888 ]
 [ 17.098883  -17.205723 ]
 [  1.5250921  -1.6310291]
 [  6.5153203  -6.622318 ]
 [  9.435546   -9.543081 ]
 [ 15.56344   -15.6694975]
 [ 12.645353  -12.751797 ]
 [ 17.012592  -17.120296 ]
 [ 17.664614  -17.77289  ]
 [ 13.71702   -13.824704 ]
 [  6.5153203  -6.622318 ]
 [  4.979878   -5.086091 ]
 [ 16.805819  -16.914057 ]
 [ 15.47715   -15.584069 ]
 [ 16.240088  -16.346888 ]
 [ 15.56344   -15.6694975]
 [  3.2316587  -3.3368664]
 [  5.978621   -6.084956 ]
 [ 14.405485  -14.511163 ]]
2025-12-21 21:40:02,419 - [INFO] - ------------------------------------------------------------
2025-12-21 21:40:02,420 - [INFO] - On Validation Set:
	Accuracy of RRL  Model: 0.8921907394609537
	F1 Score of RRL  Model: 0.5230476673427992
2025-12-21 21:40:02,425 - [INFO] - On Validation Set:
Performance of  RRL Model: 
[[1282    4]
 [ 152    9]]
              precision    recall  f1-score   support

           0       0.89      1.00      0.94      1286
           1       0.69      0.06      0.10       161

    accuracy                           0.89      1447
   macro avg       0.79      0.53      0.52      1447
weighted avg       0.87      0.89      0.85      1447

2025-12-21 21:40:02,425 - [INFO] - ------------------------------------------------------------
2025-12-21 21:40:02,792 - [INFO] - epoch: 33, loss_rrl: 111.50400717183948
2025-12-21 21:40:03,962 - [DEBUG] - y_true: (1447,) [0 0 0 0 0 1 0 0 0 0 0 0 0 0 0 0 0 1 0 0 0 0 0 0 1 0 0 0 0 0 0 0 0 0 0 0 0
 0 1 1 0]
2025-12-21 21:40:04,108 - [DEBUG] - y_rrl_: (1447,) [0 0 0 0 0 1 0 0 0 0 0 0 0 0 0 0 0 0 0 0 0 0 0 0 1 0 0 0 0 0 0 0 0 0 0 0 0
 0 0 0 0]
2025-12-21 21:40:04,109 - [DEBUG] - y_rrl: (1447, 2) [[ 14.644895   -14.748174  ]
 [  1.0885714   -1.1899072 ]
 [  9.885143    -9.985282  ]
 [ 10.707651   -10.807826  ]
 [ 13.822388   -13.92563   ]
 [ -1.3509747    1.2499049 ]
 [ 14.644895   -14.748174  ]
 [ 11.773885   -11.875224  ]
 [ 14.644895   -14.748174  ]
 [  6.466432    -6.56758   ]
 [  2.63511     -2.738307  ]
 [ 10.713635   -10.816344  ]
 [ 13.28248    -13.384358  ]
 [ 13.28248    -13.384358  ]
 [ 12.12092    -12.222817  ]
 [ 14.104987   -14.206904  ]
 [ 13.260296   -13.362359  ]
 [  4.6191764   -4.722394  ]
 [  9.701913    -9.8023    ]
 [  8.983499    -9.084355  ]
 [ 14.104987   -14.206904  ]
 [ 13.28248    -13.384358  ]
 [ 13.28248    -13.384358  ]
 [ 14.104987   -14.206904  ]
 [ -0.28474063   0.1825068 ]
 [  4.6191764   -4.722394  ]
 [  9.767223    -9.868424  ]
 [ 12.618576   -12.7197695 ]
 [  9.647401    -9.748946  ]
 [ 13.260296   -13.362359  ]
 [ 14.644895   -14.748174  ]
 [  9.647401    -9.748946  ]
 [  3.5529428   -3.6549954 ]
 [  2.0665321   -2.167861  ]
 [ 13.822388   -13.92563   ]
 [ 11.773885   -11.875224  ]
 [ 13.28248    -13.384358  ]
 [ 12.618576   -12.7197695 ]
 [  1.4394116   -1.5409626 ]
 [  3.1066096   -3.2080517 ]
 [ 11.773885   -11.875224  ]]
2025-12-21 21:40:04,111 - [INFO] - ------------------------------------------------------------
2025-12-21 21:40:04,111 - [INFO] - On Validation Set:
	Accuracy of RRL  Model: 0.8921907394609537
	F1 Score of RRL  Model: 0.6194570318821816
2025-12-21 21:40:04,117 - [INFO] - On Validation Set:
Performance of  RRL Model: 
[[1258   28]
 [ 128   33]]
              precision    recall  f1-score   support

           0       0.91      0.98      0.94      1286
           1       0.54      0.20      0.30       161

    accuracy                           0.89      1447
   macro avg       0.72      0.59      0.62      1447
weighted avg       0.87      0.89      0.87      1447

2025-12-21 21:40:04,117 - [INFO] - ------------------------------------------------------------
2025-12-21 21:40:04,266 - [INFO] - epoch: 34, loss_rrl: 112.22818436287344
2025-12-21 21:40:05,572 - [INFO] - epoch: 35, loss_rrl: 113.28683575429022
2025-12-21 21:40:05,650 - [DEBUG] - y_true: (1447,) [0 0 0 0 0 1 0 0 0 0 0 0 0 0 0 0 0 1 0 0 0 0 0 0 1 0 0 0 0 0 0 0 0 0 0 0 0
 0 1 1 0]
2025-12-21 21:40:05,795 - [DEBUG] - y_rrl_: (1447,) [0 0 0 0 0 0 0 0 0 0 0 0 0 0 0 0 0 0 0 0 0 0 0 0 1 0 0 0 0 0 0 0 0 0 0 0 0
 0 0 0 0]
2025-12-21 21:40:05,796 - [DEBUG] - y_rrl: (1447, 2) [[ 1.44400749e+01 -1.45386353e+01]
 [ 1.39897525e-01 -2.36626580e-01]
 [ 9.71448135e+00 -9.81036186e+00]
 [ 1.16055088e+01 -1.17025166e+01]
 [ 1.06779022e+01 -1.07755356e+01]
 [ 6.93995319e-03 -1.02798417e-01]
 [ 1.44400749e+01 -1.45386353e+01]
 [ 1.30647850e+01 -1.31624603e+01]
 [ 1.51260529e+01 -1.52252483e+01]
 [ 9.18658066e+00 -9.28429985e+00]
 [ 1.73730540e+00 -1.83495760e+00]
 [ 9.67526245e+00 -9.77374840e+00]
 [ 1.15407181e+01 -1.16377258e+01]
 [ 1.15462513e+01 -1.16428185e+01]
 [ 1.38436146e+01 -1.39408817e+01]
 [ 1.38436146e+01 -1.39408817e+01]
 [ 1.30703163e+01 -1.31675510e+01]
 [ 5.17033720e+00 -5.26867628e+00]
 [ 6.26028490e+00 -6.35655260e+00]
 [ 9.83592224e+00 -9.93374634e+00]
 [ 1.38436146e+01 -1.39408817e+01]
 [ 1.30055275e+01 -1.31027603e+01]
 [ 1.15407181e+01 -1.16377258e+01]
 [ 1.23843384e+01 -1.24809380e+01]
 [-1.60852504e+00  1.51205420e+00]
 [ 3.43997192e+00 -3.53651714e+00]
 [ 7.02031755e+00 -7.11800766e+00]
 [ 1.23788071e+01 -1.24758472e+01]
 [ 8.77297783e+00 -8.86953545e+00]
 [ 1.37015095e+01 -1.37995510e+01]
 [ 1.44400749e+01 -1.45386353e+01]
 [ 8.99783325e+00 -9.09562492e+00]
 [ 4.11739922e+00 -4.21464252e+00]
 [ 4.11739922e+00 -4.21464252e+00]
 [ 1.36019859e+01 -1.37005138e+01]
 [ 1.30647850e+01 -1.31624603e+01]
 [ 1.15407181e+01 -1.16377258e+01]
 [ 1.23788071e+01 -1.24758472e+01]
 [ 1.98729777e+00 -2.08408260e+00]
 [ 1.98729777e+00 -2.08408260e+00]
 [ 1.30647850e+01 -1.31624603e+01]]
2025-12-21 21:40:05,798 - [INFO] - ------------------------------------------------------------
2025-12-21 21:40:05,798 - [INFO] - On Validation Set:
	Accuracy of RRL  Model: 0.899101589495508
	F1 Score of RRL  Model: 0.6378580930047586
2025-12-21 21:40:05,804 - [INFO] - On Validation Set:
Performance of  RRL Model: 
[[1265   21]
 [ 125   36]]
              precision    recall  f1-score   support

           0       0.91      0.98      0.95      1286
           1       0.63      0.22      0.33       161

    accuracy                           0.90      1447
   macro avg       0.77      0.60      0.64      1447
weighted avg       0.88      0.90      0.88      1447

2025-12-21 21:40:05,804 - [INFO] - ------------------------------------------------------------
2025-12-21 21:40:07,046 - [INFO] - epoch: 36, loss_rrl: 112.6344783026725
2025-12-21 21:40:07,335 - [DEBUG] - y_true: (1447,) [0 0 0 0 0 1 0 0 0 0 0 0 0 0 0 0 0 1 0 0 0 0 0 0 1 0 0 0 0 0 0 0 0 0 0 0 0
 0 1 1 0]
2025-12-21 21:40:07,483 - [DEBUG] - y_rrl_: (1447,) [0 0 0 0 0 1 0 0 0 0 0 0 0 0 0 0 0 0 0 0 0 0 0 0 1 0 0 0 0 0 0 0 0 0 0 0 0
 0 0 0 0]
2025-12-21 21:40:07,484 - [DEBUG] - y_rrl: (1447, 2) [[ 14.586304   -14.680344  ]
 [  2.3344293   -2.426979  ]
 [ 12.064262   -12.156031  ]
 [ 12.902672   -12.994469  ]
 [ 13.166195   -13.25962   ]
 [ -0.84801775   0.75592726]
 [ 15.424711   -15.518783  ]
 [ 15.424541   -15.517983  ]
 [ 16.079496   -16.17417   ]
 [ 10.038404   -10.131673  ]
 [  4.5551133   -4.648331  ]
 [ 10.522947   -10.616927  ]
 [ 12.266745   -12.360124  ]
 [ 12.511238   -12.603434  ]
 [ 14.769756   -14.862596  ]
 [ 13.931347   -14.024158  ]
 [ 13.166023   -13.2588215 ]
 [  5.975221    -6.0690556 ]
 [  7.708348    -7.8004475 ]
 [ 11.07206    -11.164601  ]
 [ 14.769756   -14.862596  ]
 [ 13.931347   -14.024158  ]
 [ 13.931347   -14.024158  ]
 [ 12.511238   -12.603434  ]
 [ -0.84801775   0.75592726]
 [  4.0213227   -4.114258  ]
 [  7.4556656   -7.5478983 ]
 [ 14.769756   -14.862596  ]
 [ 11.085789   -11.17817   ]
 [ 13.470642   -13.563186  ]
 [ 15.424711   -15.518783  ]
 [ 10.23365    -10.326163  ]
 [  4.87346     -4.9662647 ]
 [  4.87346     -4.9662647 ]
 [ 14.586304   -14.680344  ]
 [ 15.424541   -15.517983  ]
 [ 13.931347   -14.024158  ]
 [ 13.931347   -14.024158  ]
 [  1.1058809   -1.1988702 ]
 [  2.8496785   -2.9420648 ]
 [ 14.586132   -14.679545  ]]
2025-12-21 21:40:07,486 - [INFO] - ------------------------------------------------------------
2025-12-21 21:40:07,486 - [INFO] - On Validation Set:
	Accuracy of RRL  Model: 0.9039391845196959
	F1 Score of RRL  Model: 0.662320590027752
2025-12-21 21:40:07,492 - [INFO] - On Validation Set:
Performance of  RRL Model: 
[[1266   20]
 [ 119   42]]
              precision    recall  f1-score   support

           0       0.91      0.98      0.95      1286
           1       0.68      0.26      0.38       161

    accuracy                           0.90      1447
   macro avg       0.80      0.62      0.66      1447
weighted avg       0.89      0.90      0.88      1447

2025-12-21 21:40:07,492 - [INFO] - ------------------------------------------------------------
2025-12-21 21:40:08,747 - [INFO] - epoch: 37, loss_rrl: 113.23891030997038
2025-12-21 21:40:09,291 - [DEBUG] - y_true: (1447,) [0 0 0 0 0 1 0 0 0 0 0 0 0 0 0 0 0 1 0 0 0 0 0 0 1 0 0 0 0 0 0 0 0 0 0 0 0
 0 1 1 0]
2025-12-21 21:40:09,439 - [DEBUG] - y_rrl_: (1447,) [0 0 0 0 0 1 0 0 0 0 0 0 0 0 0 0 0 0 0 0 0 0 0 0 1 0 0 0 0 0 0 0 0 0 0 0 0
 0 1 0 0]
2025-12-21 21:40:09,440 - [DEBUG] - y_rrl: (1447, 2) [[ 13.839026   -13.92888   ]
 [  3.4162965   -3.5051613 ]
 [  8.854969    -8.942215  ]
 [ 10.858798   -10.947034  ]
 [ 12.937013   -13.026841  ]
 [ -2.7197165    2.63173   ]
 [ 13.839026   -13.92888   ]
 [ 11.197046   -11.284885  ]
 [ 13.839026   -13.92888   ]
 [  5.6769924   -5.764669  ]
 [  0.24282433  -0.33157697]
 [  9.645879    -9.735231  ]
 [ 12.232902   -12.321559  ]
 [ 12.232902   -12.321559  ]
 [ 13.134915   -13.2235985 ]
 [ 13.134915   -13.2235985 ]
 [ 11.197046   -11.284885  ]
 [  2.2233222   -2.3120914 ]
 [  6.932522    -7.02056   ]
 [ 10.547894   -10.63727   ]
 [ 13.134915   -13.2235985 ]
 [ 12.232902   -12.321559  ]
 [ 12.232902   -12.321559  ]
 [ 13.134915   -13.2235985 ]
 [ -1.6179034    1.5289499 ]
 [  3.3251357   -3.414872  ]
 [  8.739725    -8.827772  ]
 [ 13.134915   -13.2235985 ]
 [  8.544065    -8.632451  ]
 [ 12.29886    -12.387666  ]
 [ 13.839026   -13.92888   ]
 [  9.645879    -9.735231  ]
 [  2.2233222   -2.3120914 ]
 [  2.2233222   -2.3120914 ]
 [ 12.937013   -13.026841  ]
 [ 12.29886    -12.387666  ]
 [ 12.232902   -12.321559  ]
 [ 13.134915   -13.2235985 ]
 [ -2.7197165    2.63173   ]
 [  0.9691175   -1.0573788 ]
 [ 11.197046   -11.284885  ]]
2025-12-21 21:40:09,442 - [INFO] - ------------------------------------------------------------
2025-12-21 21:40:09,442 - [INFO] - On Validation Set:
	Accuracy of RRL  Model: 0.9046302695231514
	F1 Score of RRL  Model: 0.7254224143620883
2025-12-21 21:40:09,448 - [INFO] - On Validation Set:
Performance of  RRL Model: 
[[1239   47]
 [  91   70]]
              precision    recall  f1-score   support

           0       0.93      0.96      0.95      1286
           1       0.60      0.43      0.50       161

    accuracy                           0.90      1447
   macro avg       0.76      0.70      0.73      1447
weighted avg       0.89      0.90      0.90      1447

2025-12-21 21:40:09,448 - [INFO] - ------------------------------------------------------------
2025-12-21 21:40:10,332 - [INFO] - epoch: 38, loss_rrl: 112.55240863002837
2025-12-21 21:40:11,105 - [DEBUG] - y_true: (1447,) [0 0 0 0 0 1 0 0 0 0 0 0 0 0 0 0 0 1 0 0 0 0 0 0 1 0 0 0 0 0 0 0 0 0 0 0 0
 0 1 1 0]
2025-12-21 21:40:11,252 - [DEBUG] - y_rrl_: (1447,) [0 0 0 0 0 1 0 0 0 0 0 0 0 0 0 0 0 0 0 0 0 0 0 0 1 0 0 0 0 0 0 0 0 0 0 0 0
 0 1 0 0]
2025-12-21 21:40:11,253 - [DEBUG] - y_rrl: (1447, 2) [[ 14.379855  -14.465665 ]
 [  2.2925699  -2.376033 ]
 [ 10.269807  -10.3531885]
 [ 11.156573  -11.239974 ]
 [ 12.958528  -13.043817 ]
 [ -1.2780269   1.193964 ]
 [ 15.26662   -15.352452 ]
 [ 11.156573  -11.239974 ]
 [ 15.26662   -15.352452 ]
 [  5.6460857  -5.729328 ]
 [  2.1937044  -2.2779696]
 [ 10.82054   -10.905002 ]
 [ 14.520602  -14.605319 ]
 [ 12.212508  -12.296683 ]
 [ 14.520602  -14.605319 ]
 [ 13.633836  -13.718532 ]
 [ 10.269807  -10.3531885]
 [  3.6150315  -3.6998188]
 [  7.450854   -7.534953 ]
 [  9.399213   -9.483151 ]
 [ 14.520602  -14.605319 ]
 [ 13.633836  -13.718532 ]
 [ 13.633836  -13.718532 ]
 [ 12.212508  -12.296683 ]
 [ -3.7609482   3.6772244]
 [  3.6150315  -3.6998188]
 [ 10.15017   -10.234281 ]
 [ 13.099275  -13.183471 ]
 [ 10.82054   -10.905002 ]
 [ 12.577901  -12.661824 ]
 [ 15.26662   -15.352452 ]
 [ 10.82054   -10.905002 ]
 [  3.6150315  -3.6998188]
 [  2.1937044  -2.2779696]
 [ 15.26662   -15.352452 ]
 [ 11.156573  -11.239974 ]
 [ 13.633836  -13.718532 ]
 [ 12.212508  -12.296683 ]
 [ -1.2780269   1.193964 ]
 [  2.4220335  -2.5063536]
 [ 10.269807  -10.3531885]]
2025-12-21 21:40:11,255 - [INFO] - ------------------------------------------------------------
2025-12-21 21:40:11,255 - [INFO] - On Validation Set:
	Accuracy of RRL  Model: 0.9032480995162405
	F1 Score of RRL  Model: 0.6912869090288445
2025-12-21 21:40:11,261 - [INFO] - On Validation Set:
Performance of  RRL Model: 
[[1253   33]
 [ 107   54]]
              precision    recall  f1-score   support

           0       0.92      0.97      0.95      1286
           1       0.62      0.34      0.44       161

    accuracy                           0.90      1447
   macro avg       0.77      0.65      0.69      1447
weighted avg       0.89      0.90      0.89      1447

2025-12-21 21:40:11,261 - [INFO] - ------------------------------------------------------------
2025-12-21 21:40:11,916 - [INFO] - epoch: 39, loss_rrl: 111.7958390749991
2025-12-21 21:40:12,920 - [DEBUG] - y_true: (1447,) [0 0 0 0 0 1 0 0 0 0 0 0 0 0 0 0 0 1 0 0 0 0 0 0 1 0 0 0 0 0 0 0 0 0 0 0 0
 0 1 1 0]
2025-12-21 21:40:13,068 - [DEBUG] - y_rrl_: (1447,) [0 0 0 0 0 1 0 0 0 0 0 0 0 0 0 0 0 0 0 0 0 0 0 0 1 0 0 0 0 0 0 0 0 0 0 0 0
 0 0 0 0]
2025-12-21 21:40:13,069 - [DEBUG] - y_rrl: (1447, 2) [[ 15.118854  -15.201391 ]
 [  1.2209197  -1.3016956]
 [ 10.9836035 -11.063833 ]
 [ 11.834374  -11.914624 ]
 [ 15.118854  -15.201391 ]
 [ -0.5704335   0.4895601]
 [ 15.9696245 -16.052183 ]
 [ 12.9351015 -13.0162115]
 [ 15.9696245 -16.052183 ]
 [  7.480497   -7.5614576]
 [  3.4226358  -3.5050333]
 [  9.970279  -10.05282  ]
 [ 12.6106615 -12.692584 ]
 [ 14.344115  -14.425583 ]
 [ 13.251076  -13.332548 ]
 [ 14.344115  -14.425583 ]
 [ 13.489748  -13.571324 ]
 [  5.3664465  -5.448858 ]
 [  9.898869   -9.979275 ]
 [ 10.048359  -10.129119 ]
 [ 15.194885  -15.276373 ]
 [ 14.344115  -14.425583 ]
 [ 14.344115  -14.425583 ]
 [ 14.344115  -14.425583 ]
 [ -0.5704335   0.4895601]
 [  4.26572    -4.34727  ]
 [  7.3170633  -7.3989325]
 [ 13.789468  -13.870469 ]
 [ 10.603005  -10.684232 ]
 [ 13.239793  -13.320527 ]
 [ 15.9696245 -16.052183 ]
 [ 10.603005  -10.684232 ]
 [  4.26572    -4.34727  ]
 [  2.8603022  -2.941367 ]
 [ 15.118854  -15.201391 ]
 [ 12.9351015 -13.0162115]
 [ 14.344115  -14.425583 ]
 [ 12.938698  -13.01968  ]
 [  2.3163075  -2.3975313]
 [  3.1706746  -3.25179  ]
 [ 12.084331  -12.1654215]]
2025-12-21 21:40:13,071 - [INFO] - ------------------------------------------------------------
2025-12-21 21:40:13,071 - [INFO] - On Validation Set:
	Accuracy of RRL  Model: 0.902557014512785
	F1 Score of RRL  Model: 0.6709310933803001
2025-12-21 21:40:13,077 - [INFO] - On Validation Set:
Performance of  RRL Model: 
[[1260   26]
 [ 115   46]]
              precision    recall  f1-score   support

           0       0.92      0.98      0.95      1286
           1       0.64      0.29      0.39       161

    accuracy                           0.90      1447
   macro avg       0.78      0.63      0.67      1447
weighted avg       0.89      0.90      0.89      1447

2025-12-21 21:40:13,077 - [INFO] - ------------------------------------------------------------
2025-12-21 21:40:13,502 - [INFO] - epoch: 40, loss_rrl: 108.79667850397527
2025-12-21 21:40:14,735 - [DEBUG] - y_true: (1447,) [0 0 0 0 0 1 0 0 0 0 0 0 0 0 0 0 0 1 0 0 0 0 0 0 1 0 0 0 0 0 0 0 0 0 0 0 0
 0 1 1 0]
2025-12-21 21:40:14,883 - [DEBUG] - y_rrl_: (1447,) [0 0 0 0 0 1 0 0 0 0 0 0 0 0 0 0 0 0 0 0 0 0 0 0 1 0 0 0 0 0 0 0 0 0 0 0 0
 0 0 0 0]
2025-12-21 21:40:14,883 - [DEBUG] - y_rrl: (1447, 2) [[ 12.972317   -13.051993  ]
 [  0.20147435  -0.28058234]
 [  8.257782    -8.334984  ]
 [  9.122407    -9.199627  ]
 [ 11.508435   -11.587942  ]
 [ -2.532605     2.4545186 ]
 [ 13.836942   -13.916636  ]
 [ 11.571789   -11.650284  ]
 [ 13.836942   -13.916636  ]
 [  7.6568556   -7.735383  ]
 [  2.2294323   -2.308862  ]
 [  8.646565    -8.72613   ]
 [  8.965121    -9.044028  ]
 [ 12.171046   -12.249692  ]
 [ 11.132729   -11.21138   ]
 [ 12.171046   -12.249692  ]
 [ 12.171046   -12.249692  ]
 [  4.1323743   -4.211818  ]
 [  6.2886324   -6.366106  ]
 [  7.853689    -7.9319544 ]
 [ 13.03567    -13.114335  ]
 [ 12.171046   -12.249692  ]
 [ 10.707164   -10.785642  ]
 [ 12.171046   -12.249692  ]
 [ -1.445716     1.366809  ]
 [  1.8197187   -1.8990949 ]
 [  5.692548    -5.7707024 ]
 [ 11.571789   -11.650284  ]
 [  7.837838    -7.9159822 ]
 [ 12.186897   -12.265664  ]
 [ 13.836942   -13.916636  ]
 [  6.9890637   -7.0673113 ]
 [  3.0454853   -3.1241086 ]
 [  3.0454853   -3.1241086 ]
 [ 12.972317   -13.051993  ]
 [ 11.571789   -11.650284  ]
 [ 10.707164   -10.785642  ]
 [ 10.707164   -10.785642  ]
 [  1.1854954   -1.2638123 ]
 [  1.1854954   -1.2638123 ]
 [ 10.707164   -10.785642  ]]
2025-12-21 21:40:14,885 - [INFO] - ------------------------------------------------------------
2025-12-21 21:40:14,885 - [INFO] - On Validation Set:
	Accuracy of RRL  Model: 0.9032480995162405
	F1 Score of RRL  Model: 0.7159498810966034
2025-12-21 21:40:14,891 - [INFO] - On Validation Set:
Performance of  RRL Model: 
[[1241   45]
 [  95   66]]
              precision    recall  f1-score   support

           0       0.93      0.97      0.95      1286
           1       0.59      0.41      0.49       161

    accuracy                           0.90      1447
   macro avg       0.76      0.69      0.72      1447
weighted avg       0.89      0.90      0.90      1447

2025-12-21 21:40:14,891 - [INFO] - ------------------------------------------------------------
2025-12-21 21:40:15,086 - [INFO] - epoch: 41, loss_rrl: 110.04939404316247
2025-12-21 21:40:16,514 - [INFO] - epoch: 42, loss_rrl: 110.05521789938211
2025-12-21 21:40:16,566 - [DEBUG] - y_true: (1447,) [0 0 0 0 0 1 0 0 0 0 0 0 0 0 0 0 0 1 0 0 0 0 0 0 1 0 0 0 0 0 0 0 0 0 0 0 0
 0 1 1 0]
2025-12-21 21:40:16,714 - [DEBUG] - y_rrl_: (1447,) [0 1 0 0 0 1 0 0 0 0 0 0 0 0 0 0 0 0 0 0 0 0 0 0 1 0 0 0 0 0 0 0 0 0 0 0 0
 0 0 0 0]
2025-12-21 21:40:16,714 - [DEBUG] - y_rrl: (1447, 2) [[ 12.829916   -12.906888  ]
 [ -0.7853733    0.7100011 ]
 [  9.595096    -9.66986   ]
 [ 10.488153   -10.562934  ]
 [ 11.514259   -11.590802  ]
 [ -0.7927328    0.71769524]
 [ 13.722974   -13.799963  ]
 [ 11.578696   -11.654262  ]
 [ 13.722974   -13.799963  ]
 [  6.240103    -6.315537  ]
 [  2.7234092   -2.7997162 ]
 [  8.484602    -8.561449  ]
 [ 12.001295   -12.077272  ]
 [ 10.685638   -10.761188  ]
 [ 11.004423   -11.080403  ]
 [ 12.001295   -12.077272  ]
 [ 10.685638   -10.761188  ]
 [  4.039067    -4.115802  ]
 [  5.815269    -5.890754  ]
 [  7.8842754   -7.9596167 ]
 [ 12.894353   -12.970347  ]
 [ 12.001295   -12.077272  ]
 [ 12.001295   -12.077272  ]
 [ 10.685638   -10.761188  ]
 [ -2.5252376    2.4497924 ]
 [  3.8613396   -3.9369817 ]
 [  3.8415818   -3.917549  ]
 [ 11.578696   -11.654262  ]
 [  9.126565    -9.202218  ]
 [ 10.984121   -11.05943   ]
 [ 13.722974   -13.799963  ]
 [  8.306876    -8.382628  ]
 [  2.948524    -3.024474  ]
 [  1.6328663   -1.708388  ]
 [ 12.829916   -12.906888  ]
 [ 11.578696   -11.654262  ]
 [ 12.001295   -12.077272  ]
 [ 10.685638   -10.761188  ]
 [  1.1691836   -1.2448499 ]
 [  1.1691836   -1.2448499 ]
 [ 10.685638   -10.761188  ]]
2025-12-21 21:40:16,717 - [INFO] - ------------------------------------------------------------
2025-12-21 21:40:16,717 - [INFO] - On Validation Set:
	Accuracy of RRL  Model: 0.8928818244644091
	F1 Score of RRL  Model: 0.7002375004844903
2025-12-21 21:40:16,723 - [INFO] - On Validation Set:
Performance of  RRL Model: 
[[1226   60]
 [  95   66]]
              precision    recall  f1-score   support

           0       0.93      0.95      0.94      1286
           1       0.52      0.41      0.46       161

    accuracy                           0.89      1447
   macro avg       0.73      0.68      0.70      1447
weighted avg       0.88      0.89      0.89      1447

2025-12-21 21:40:16,723 - [INFO] - ------------------------------------------------------------
2025-12-21 21:40:18,122 - [INFO] - epoch: 43, loss_rrl: 110.02485750801861
2025-12-21 21:40:18,406 - [DEBUG] - y_true: (1447,) [0 0 0 0 0 1 0 0 0 0 0 0 0 0 0 0 0 1 0 0 0 0 0 0 1 0 0 0 0 0 0 0 0 0 0 0 0
 0 1 1 0]
2025-12-21 21:40:18,554 - [DEBUG] - y_rrl_: (1447,) [0 1 0 0 0 1 0 0 0 0 1 0 0 0 0 0 0 0 0 0 0 0 0 0 1 1 0 0 0 0 0 0 1 1 0 0 0
 0 1 1 0]
2025-12-21 21:40:18,554 - [DEBUG] - y_rrl: (1447, 2) [[ 10.540852   -10.615254  ]
 [ -1.8286127    1.7553313 ]
 [  7.2727795   -7.3450675 ]
 [  8.150056    -8.222361  ]
 [  9.244964    -9.318961  ]
 [ -4.824604     4.7516675 ]
 [ 11.418129   -11.492547  ]
 [ 10.560473   -10.633933  ]
 [ 11.418129   -11.492547  ]
 [  5.2995534   -5.3728895 ]
 [ -2.2795696    2.2057278 ]
 [  5.2850537   -5.359419  ]
 [  7.9097676   -7.9835963 ]
 [  8.387309    -8.460347  ]
 [  8.675384    -8.74883   ]
 [  9.683198    -9.7566395 ]
 [  8.387309    -8.460347  ]
 [  0.90140903  -0.9756676 ]
 [  5.2481394   -5.3206825 ]
 [  6.8212304   -6.8944755 ]
 [ 10.560473   -10.633933  ]
 [  9.683198    -9.7566395 ]
 [  9.683198    -9.7566395 ]
 [  8.387309    -8.460347  ]
 [ -4.824604     4.7516675 ]
 [ -0.21312061   0.1396122 ]
 [  2.4611115   -2.5341926 ]
 [ 10.560473   -10.633933  ]
 [  5.943954    -6.0171824 ]
 [  9.445944    -9.518654  ]
 [ 11.418129   -11.492547  ]
 [  5.943954    -6.0171824 ]
 [ -0.21312061   0.1396122 ]
 [ -0.21312061   0.1396122 ]
 [ 10.540852   -10.615254  ]
 [ 10.560473   -10.633933  ]
 [  9.683198    -9.7566395 ]
 [  9.683198    -9.7566395 ]
 [ -3.7100744    3.636388  ]
 [ -1.0853602    1.0122101 ]
 [  9.683198    -9.7566395 ]]
2025-12-21 21:40:18,556 - [INFO] - ------------------------------------------------------------
2025-12-21 21:40:18,556 - [INFO] - On Validation Set:
	Accuracy of RRL  Model: 0.8762957843814789
	F1 Score of RRL  Model: 0.7364789453175473
2025-12-21 21:40:18,562 - [INFO] - On Validation Set:
Performance of  RRL Model: 
[[1161  125]
 [  54  107]]
              precision    recall  f1-score   support

           0       0.96      0.90      0.93      1286
           1       0.46      0.66      0.54       161

    accuracy                           0.88      1447
   macro avg       0.71      0.78      0.74      1447
weighted avg       0.90      0.88      0.89      1447

2025-12-21 21:40:18,562 - [INFO] - ------------------------------------------------------------
2025-12-21 21:40:19,701 - [INFO] - epoch: 44, loss_rrl: 109.90417912602425
2025-12-21 21:40:20,185 - [DEBUG] - y_true: (1447,) [0 0 0 0 0 1 0 0 0 0 0 0 0 0 0 0 0 1 0 0 0 0 0 0 1 0 0 0 0 0 0 0 0 0 0 0 0
 0 1 1 0]
2025-12-21 21:40:20,333 - [DEBUG] - y_rrl_: (1447,) [0 0 0 0 0 1 0 0 0 0 0 0 0 0 0 0 0 0 0 0 0 0 0 0 1 0 0 0 0 0 0 0 0 0 0 0 0
 0 1 0 0]
2025-12-21 21:40:20,333 - [DEBUG] - y_rrl: (1447, 2) [[ 13.525388   -13.597343  ]
 [  3.2810583   -3.3522756 ]
 [  8.657882    -8.727897  ]
 [  9.499552    -9.569579  ]
 [ 12.683717   -12.755661  ]
 [ -2.5998847    2.529343  ]
 [ 13.525388   -13.597343  ]
 [ 10.798631   -10.869037  ]
 [ 13.525388   -13.597343  ]
 [  5.592588    -5.66288   ]
 [  0.14751641  -0.21858515]
 [  9.271644    -9.343176  ]
 [ 11.832858   -11.903876  ]
 [ 11.832858   -11.903876  ]
 [ 12.674527   -12.745559  ]
 [ 12.674527   -12.745559  ]
 [ 10.798631   -10.869037  ]
 [  2.04458     -2.115662  ]
 [  6.5417714   -6.6123743 ]
 [  9.009654    -9.0804825 ]
 [ 12.674527   -12.745559  ]
 [ 11.832858   -11.903876  ]
 [ 11.832858   -11.903876  ]
 [ 12.674527   -12.745559  ]
 [ -1.4962242    1.4249676 ]
 [  3.1482408   -3.2200375 ]
 [  8.537401    -8.607937  ]
 [ 12.674527   -12.745559  ]
 [  8.167984    -8.2388    ]
 [ 11.902291   -11.973412  ]
 [ 13.525388   -13.597343  ]
 [  9.95696    -10.027354  ]
 [  2.04458     -2.115662  ]
 [  2.04458     -2.115662  ]
 [ 12.683717   -12.755661  ]
 [ 11.902291   -11.973412  ]
 [ 11.832858   -11.903876  ]
 [ 12.674527   -12.745559  ]
 [ -0.8408534    0.7706789 ]
 [  1.0649885   -1.1357325 ]
 [ 10.798631   -10.869037  ]]
2025-12-21 21:40:20,336 - [INFO] - ------------------------------------------------------------
2025-12-21 21:40:20,336 - [INFO] - On Validation Set:
	Accuracy of RRL  Model: 0.9067035245335177
	F1 Score of RRL  Model: 0.7137655410900192
2025-12-21 21:40:20,342 - [INFO] - On Validation Set:
Performance of  RRL Model: 
[[1250   36]
 [  99   62]]
              precision    recall  f1-score   support

           0       0.93      0.97      0.95      1286
           1       0.63      0.39      0.48       161

    accuracy                           0.91      1447
   macro avg       0.78      0.68      0.71      1447
weighted avg       0.89      0.91      0.90      1447

2025-12-21 21:40:20,342 - [INFO] - ------------------------------------------------------------
2025-12-21 21:40:21,247 - [INFO] - epoch: 45, loss_rrl: 110.69433382898569
2025-12-21 21:40:22,005 - [DEBUG] - y_true: (1447,) [0 0 0 0 0 1 0 0 0 0 0 0 0 0 0 0 0 1 0 0 0 0 0 0 1 0 0 0 0 0 0 0 0 0 0 0 0
 0 1 1 0]
2025-12-21 21:40:22,153 - [DEBUG] - y_rrl_: (1447,) [0 0 0 0 0 1 0 0 0 0 0 0 0 0 0 0 0 0 0 0 0 0 0 0 1 0 0 0 0 0 0 0 0 0 0 0 0
 0 1 0 0]
2025-12-21 21:40:22,154 - [DEBUG] - y_rrl: (1447, 2) [[ 14.100211   -14.169767  ]
 [  0.68410724  -0.75227535]
 [ 10.118772   -10.186479  ]
 [ 10.93349    -11.001209  ]
 [ 12.825786   -12.894983  ]
 [ -1.0281287    0.95991886]
 [ 14.914929   -14.984497  ]
 [ 10.93349    -11.001209  ]
 [ 14.914929   -14.984497  ]
 [  5.816287    -5.8839006 ]
 [  2.2988286   -2.367192  ]
 [  8.690456    -8.759284  ]
 [ 12.344256   -12.41328   ]
 [ 11.984521   -12.052825  ]
 [ 14.073663   -14.142339  ]
 [ 13.258946   -13.327609  ]
 [ 10.118772   -10.186479  ]
 [  3.5732548   -3.6419759 ]
 [  7.175706    -7.243965  ]
 [  9.145436    -9.213559  ]
 [ 14.073663   -14.142339  ]
 [ 13.258946   -13.327609  ]
 [ 13.258946   -13.327609  ]
 [ 11.984521   -12.052825  ]
 [ -1.0281287    0.95991886]
 [  3.5732548   -3.6419759 ]
 [  8.242746    -8.311292  ]
 [ 12.799237   -12.867556  ]
 [ 10.419864   -10.488343  ]
 [ 12.207917   -12.275993  ]
 [ 14.914929   -14.984497  ]
 [ 10.419864   -10.488343  ]
 [  3.5732548   -3.6419759 ]
 [  2.2988286   -2.367192  ]
 [ 14.914929   -14.984497  ]
 [ 10.93349    -11.001209  ]
 [ 13.258946   -13.327609  ]
 [ 11.984521   -12.052825  ]
 [ -1.0281287    0.95991886]
 [  2.6256719   -2.6940758 ]
 [ 10.118772   -10.186479  ]]
2025-12-21 21:40:22,156 - [INFO] - ------------------------------------------------------------
2025-12-21 21:40:22,156 - [INFO] - On Validation Set:
	Accuracy of RRL  Model: 0.9067035245335177
	F1 Score of RRL  Model: 0.7012200810940198
2025-12-21 21:40:22,162 - [INFO] - On Validation Set:
Performance of  RRL Model: 
[[1256   30]
 [ 105   56]]
              precision    recall  f1-score   support

           0       0.92      0.98      0.95      1286
           1       0.65      0.35      0.45       161

    accuracy                           0.91      1447
   macro avg       0.79      0.66      0.70      1447
weighted avg       0.89      0.91      0.89      1447

2025-12-21 21:40:22,162 - [INFO] - ------------------------------------------------------------
2025-12-21 21:40:22,827 - [INFO] - epoch: 46, loss_rrl: 111.92906304262578
2025-12-21 21:40:23,730 - [DEBUG] - y_true: (1447,) [0 0 0 0 0 1 0 0 0 0 0 0 0 0 0 0 0 1 0 0 0 0 0 0 1 0 0 0 0 0 0 0 0 0 0 0 0
 0 1 1 0]
2025-12-21 21:40:23,877 - [DEBUG] - y_rrl_: (1447,) [0 1 0 0 0 1 0 0 0 0 0 0 0 0 0 0 0 0 0 0 0 0 0 0 1 0 0 0 0 0 0 0 0 0 0 0 0
 0 0 0 0]
2025-12-21 21:40:23,878 - [DEBUG] - y_rrl: (1447, 2) [[ 13.069918   -13.137215  ]
 [ -1.0909985    1.0250353 ]
 [  8.3036375   -8.369152  ]
 [  9.08453     -9.150055  ]
 [ 12.289024   -12.356312  ]
 [ -2.7759573    2.7099576 ]
 [ 13.069918   -13.137215  ]
 [ 10.198708   -10.264893  ]
 [ 13.069918   -13.137215  ]
 [  5.1725516   -5.238643  ]
 [  2.9244182   -2.9915583 ]
 [  7.169684    -7.236905  ]
 [  9.725007    -9.791761  ]
 [ 11.454348   -11.520775  ]
 [ 10.3274     -10.3938265 ]
 [ 12.235241   -12.301678  ]
 [ 11.475487   -11.542007  ]
 [  2.9244182   -2.9915583 ]
 [  7.9559584   -8.021626  ]
 [  7.288959    -7.3548694 ]
 [ 12.235241   -12.301678  ]
 [ 11.454348   -11.520775  ]
 [ 11.454348   -11.520775  ]
 [ 12.235241   -12.301678  ]
 [ -5.181307     5.115503  ]
 [  1.8102391   -1.876722  ]
 [  6.416217    -6.4825225 ]
 [ 10.958461   -11.024563  ]
 [  7.7848463   -7.851082  ]
 [ 10.361308   -10.427172  ]
 [ 13.069918   -13.137215  ]
 [  7.7848463   -7.851082  ]
 [  1.8102391   -1.876722  ]
 [  0.53345984  -0.59960604]
 [ 12.289024   -12.356312  ]
 [ 10.198708   -10.264893  ]
 [ 11.454348   -11.520775  ]
 [ 10.958461   -11.024563  ]
 [  0.133793    -0.20006558]
 [  1.6744374   -1.7406389 ]
 [ 10.198708   -10.264893  ]]
2025-12-21 21:40:23,880 - [INFO] - ------------------------------------------------------------
2025-12-21 21:40:23,880 - [INFO] - On Validation Set:
	Accuracy of RRL  Model: 0.9053213545266068
	F1 Score of RRL  Model: 0.7518181192215483
2025-12-21 21:40:23,886 - [INFO] - On Validation Set:
Performance of  RRL Model: 
[[1224   62]
 [  75   86]]
              precision    recall  f1-score   support

           0       0.94      0.95      0.95      1286
           1       0.58      0.53      0.56       161

    accuracy                           0.91      1447
   macro avg       0.76      0.74      0.75      1447
weighted avg       0.90      0.91      0.90      1447

2025-12-21 21:40:23,886 - [INFO] - ------------------------------------------------------------
2025-12-21 21:40:24,311 - [INFO] - epoch: 47, loss_rrl: 112.2023398950696
2025-12-21 21:40:25,443 - [DEBUG] - y_true: (1447,) [0 0 0 0 0 1 0 0 0 0 0 0 0 0 0 0 0 1 0 0 0 0 0 0 1 0 0 0 0 0 0 0 0 0 0 0 0
 0 1 1 0]
2025-12-21 21:40:25,590 - [DEBUG] - y_rrl_: (1447,) [0 1 0 0 0 1 0 0 0 0 0 0 0 0 0 0 0 0 0 0 0 0 0 0 1 0 0 0 0 0 0 0 0 0 0 0 0
 0 0 0 0]
2025-12-21 21:40:25,591 - [DEBUG] - y_rrl: (1447, 2) [[ 1.2506643e+01 -1.2571745e+01]
 [-1.5129514e+00  1.4488072e+00]
 [ 8.5326710e+00 -8.5960712e+00]
 [ 9.2605810e+00 -9.3239918e+00]
 [ 1.1231358e+01 -1.1296141e+01]
 [-1.2556367e+00  1.1914542e+00]
 [ 1.3234552e+01 -1.3299665e+01]
 [ 1.1629610e+01 -1.1693970e+01]
 [ 1.3234552e+01 -1.3299665e+01]
 [ 6.6801710e+00 -6.7444458e+00]
 [-9.9571310e-03 -5.4664481e-02]
 [ 7.3898735e+00 -7.4548979e+00]
 [ 9.9199114e+00 -9.9844923e+00]
 [ 1.0384269e+01 -1.0448220e+01]
 [ 1.0484450e+01 -1.0548720e+01]
 [ 1.1659555e+01 -1.1723825e+01]
 [ 9.6264133e+00 -9.6904430e+00]
 [ 3.1683438e+00 -3.2332947e+00]
 [ 7.3955102e+00 -7.4590516e+00]
 [ 8.7636833e+00 -8.8277798e+00]
 [ 1.2387465e+01 -1.2451746e+01]
 [ 1.1659555e+01 -1.1723825e+01]
 [ 1.1659555e+01 -1.1723825e+01]
 [ 1.0384269e+01 -1.0448220e+01]
 [-4.9433713e+00  4.8796844e+00]
 [ 2.0746017e+00 -2.1389229e+00]
 [ 6.5922065e+00 -6.6563530e+00]
 [ 1.2387465e+01 -1.2451746e+01]
 [ 8.0357742e+00 -8.0998592e+00]
 [ 1.0535868e+01 -1.0599598e+01]
 [ 1.3234552e+01 -1.3299665e+01]
 [ 8.0357742e+00 -8.0998592e+00]
 [ 2.0746017e+00 -2.1389229e+00]
 [ 2.0746017e+00 -2.1389229e+00]
 [ 1.2506643e+01 -1.2571745e+01]
 [ 1.1629610e+01 -1.1693970e+01]
 [ 1.1659555e+01 -1.1723825e+01]
 [ 1.1659555e+01 -1.1723825e+01]
 [ 1.6102898e+00 -1.6747358e+00]
 [ 1.0928576e+00 -1.1569060e+00]
 [ 1.0901700e+01 -1.0966048e+01]]
2025-12-21 21:40:25,593 - [INFO] - ------------------------------------------------------------
2025-12-21 21:40:25,593 - [INFO] - On Validation Set:
	Accuracy of RRL  Model: 0.9032480995162405
	F1 Score of RRL  Model: 0.7159498810966034
2025-12-21 21:40:25,599 - [INFO] - On Validation Set:
Performance of  RRL Model: 
[[1241   45]
 [  95   66]]
              precision    recall  f1-score   support

           0       0.93      0.97      0.95      1286
           1       0.59      0.41      0.49       161

    accuracy                           0.90      1447
   macro avg       0.76      0.69      0.72      1447
weighted avg       0.89      0.90      0.90      1447

2025-12-21 21:40:25,599 - [INFO] - ------------------------------------------------------------
2025-12-21 21:40:25,810 - [INFO] - epoch: 48, loss_rrl: 110.94542679004371
2025-12-21 21:40:27,325 - [INFO] - epoch: 49, loss_rrl: 110.78064138628542
2025-12-21 21:40:27,343 - [DEBUG] - y_true: (1447,) [0 0 0 0 0 1 0 0 0 0 0 0 0 0 0 0 0 1 0 0 0 0 0 0 1 0 0 0 0 0 0 0 0 0 0 0 0
 0 1 1 0]
2025-12-21 21:40:27,491 - [DEBUG] - y_rrl_: (1447,) [0 0 0 0 0 1 0 0 0 0 0 0 0 0 0 0 0 0 0 0 0 0 0 0 1 0 0 0 0 0 0 0 0 0 0 0 0
 0 1 0 0]
2025-12-21 21:40:27,492 - [DEBUG] - y_rrl: (1447, 2) [[ 11.767236   -11.830257  ]
 [  1.413092    -1.4749086 ]
 [  7.8739376   -7.9353313 ]
 [  8.629498    -8.6909    ]
 [ 11.767236   -11.830257  ]
 [ -1.5195106    1.4579705 ]
 [ 12.522796   -12.585827  ]
 [ 10.926545   -10.988849  ]
 [ 12.522796   -12.585827  ]
 [  5.914465    -5.9766884 ]
 [  0.49009368  -0.5529511 ]
 [  8.392869    -8.455515  ]
 [ 10.91045    -10.97267   ]
 [ 10.91045    -10.97267   ]
 [  9.741918    -9.804136  ]
 [ 10.91045    -10.97267   ]
 [ 10.170985   -10.23328   ]
 [  2.4141855   -2.4770536 ]
 [  4.914053    -4.975932  ]
 [  8.081456    -8.14351   ]
 [ 11.66601    -11.728239  ]
 [ 10.91045    -10.97267   ]
 [ 10.91045    -10.97267   ]
 [ 10.91045    -10.97267   ]
 [ -5.653517     5.5918474 ]
 [  3.0693753   -3.1313477 ]
 [  5.603051    -5.6646833 ]
 [ 11.66601    -11.728239  ]
 [  7.3258963   -7.3879404 ]
 [  9.859572    -9.921275  ]
 [ 12.522796   -12.585827  ]
 [  7.3258963   -7.3879404 ]
 [  1.3472123   -1.4094791 ]
 [  1.3472123   -1.4094791 ]
 [ 11.767236   -11.830257  ]
 [ 10.926545   -10.988849  ]
 [ 10.91045    -10.97267   ]
 [ 10.91045    -10.97267   ]
 [ -2.1747007    2.1122646 ]
 [  0.3428806   -0.40489104]
 [ 10.170985   -10.23328   ]]
2025-12-21 21:40:27,494 - [INFO] - ------------------------------------------------------------
2025-12-21 21:40:27,494 - [INFO] - On Validation Set:
	Accuracy of RRL  Model: 0.9011748445058743
	F1 Score of RRL  Model: 0.7494699933287567
2025-12-21 21:40:27,500 - [INFO] - On Validation Set:
Performance of  RRL Model: 
[[1215   71]
 [  72   89]]
              precision    recall  f1-score   support

           0       0.94      0.94      0.94      1286
           1       0.56      0.55      0.55       161

    accuracy                           0.90      1447
   macro avg       0.75      0.75      0.75      1447
weighted avg       0.90      0.90      0.90      1447

2025-12-21 21:40:27,500 - [INFO] - ------------------------------------------------------------
2025-12-21 21:40:28,910 - [INFO] - epoch: 50, loss_rrl: 111.30955015681684
2025-12-21 21:40:29,158 - [DEBUG] - y_true: (1447,) [0 0 0 0 0 1 0 0 0 0 0 0 0 0 0 0 0 1 0 0 0 0 0 0 1 0 0 0 0 0 0 0 0 0 0 0 0
 0 1 1 0]
2025-12-21 21:40:29,306 - [DEBUG] - y_rrl_: (1447,) [0 0 0 0 0 1 0 0 0 0 0 0 0 0 0 0 0 0 0 0 0 0 0 0 1 0 0 0 0 0 0 0 0 0 0 0 0
 0 0 0 0]
2025-12-21 21:40:29,307 - [DEBUG] - y_rrl: (1447, 2) [[ 13.374151   -13.435199  ]
 [  1.2350029   -1.2951771 ]
 [ 10.243412   -10.302827  ]
 [ 10.997955   -11.057381  ]
 [ 12.169654   -12.230417  ]
 [ -1.667677     1.607771  ]
 [ 14.128695   -14.189751  ]
 [ 13.2698     -13.330083  ]
 [ 14.128695   -14.189751  ]
 [  8.220198    -8.280404  ]
 [  3.4843414   -3.544875  ]
 [  8.983896    -9.044783  ]
 [ 10.787838   -10.848391  ]
 [ 11.310759   -11.3707485 ]
 [ 13.2698     -13.330083  ]
 [ 12.515256   -12.57553   ]
 [ 11.310759   -11.3707485 ]
 [  4.6888385   -4.7496567 ]
 [  8.306877    -8.366498  ]
 [  9.682982    -9.743097  ]
 [ 13.2698     -13.330083  ]
 [ 12.515256   -12.57553   ]
 [ 12.515256   -12.57553   ]
 [ 11.310759   -11.3707485 ]
 [ -1.667677     1.607771  ]
 [  2.9059627   -2.9662793 ]
 [  8.215563    -8.275642  ]
 [ 13.2698     -13.330083  ]
 [  9.643967    -9.704     ]
 [ 11.486924   -11.546705  ]
 [ 14.128695   -14.189751  ]
 [  8.928438    -8.988544  ]
 [  3.6214905   -3.681735  ]
 [  3.6214905   -3.681735  ]
 [ 13.374151   -13.435199  ]
 [ 13.2698     -13.330083  ]
 [ 12.515256   -12.57553   ]
 [ 12.515256   -12.57553   ]
 [  0.11519932  -0.17560637]
 [  1.9191405   -1.979215  ]
 [ 12.515256   -12.57553   ]]
2025-12-21 21:40:29,309 - [INFO] - ------------------------------------------------------------
2025-12-21 21:40:29,309 - [INFO] - On Validation Set:
	Accuracy of RRL  Model: 0.9087767795438839
	F1 Score of RRL  Model: 0.704602536343953
2025-12-21 21:40:29,315 - [INFO] - On Validation Set:
Performance of  RRL Model: 
[[1259   27]
 [ 105   56]]
              precision    recall  f1-score   support

           0       0.92      0.98      0.95      1286
           1       0.67      0.35      0.46       161

    accuracy                           0.91      1447
   macro avg       0.80      0.66      0.70      1447
weighted avg       0.90      0.91      0.90      1447

2025-12-21 21:40:29,315 - [INFO] - ------------------------------------------------------------
2025-12-21 21:40:30,503 - [INFO] - epoch: 51, loss_rrl: 110.5987972356379
2025-12-21 21:40:30,983 - [DEBUG] - y_true: (1447,) [0 0 0 0 0 1 0 0 0 0 0 0 0 0 0 0 0 1 0 0 0 0 0 0 1 0 0 0 0 0 0 0 0 0 0 0 0
 0 1 1 0]
2025-12-21 21:40:31,131 - [DEBUG] - y_rrl_: (1447,) [0 0 0 0 0 1 0 0 0 0 0 0 0 0 0 0 0 0 0 0 0 0 0 0 1 0 0 0 0 0 0 0 0 0 0 0 0
 0 0 0 0]
2025-12-21 21:40:31,132 - [DEBUG] - y_rrl: (1447, 2) [[ 13.604993   -13.664168  ]
 [  0.70777833  -0.7661032 ]
 [  9.703279    -9.76088   ]
 [ 11.550555   -11.608714  ]
 [ 12.812846   -12.872014  ]
 [ -2.299155     2.2410846 ]
 [ 13.604993   -13.664168  ]
 [ 11.700738   -11.758618  ]
 [ 13.604993   -13.664168  ]
 [  6.5227904   -6.5806    ]
 [  2.9949405   -3.0533316 ]
 [  7.3807425   -7.4391937 ]
 [ 10.227637   -10.28632   ]
 [ 11.963722   -12.022141  ]
 [ 10.779849   -10.838267  ]
 [ 12.755869   -12.814297  ]
 [ 11.700738   -11.758618  ]
 [  2.9949405   -3.0533316 ]
 [  6.8296657   -6.887787  ]
 [ 10.294796   -10.35361   ]
 [ 12.755869   -12.814297  ]
 [ 11.963722   -12.022141  ]
 [ 11.963722   -12.022141  ]
 [ 12.755869   -12.814297  ]
 [ -2.299155     2.2410846 ]
 [  2.3256326   -2.3840926 ]
 [  7.650404    -7.7086334 ]
 [ 12.755869   -12.814297  ]
 [  9.116828    -9.175015  ]
 [ 12.08656    -12.145058  ]
 [ 13.604993   -13.664168  ]
 [  9.50265     -9.561457  ]
 [  2.9949405   -3.0533316 ]
 [  2.9949405   -3.0533316 ]
 [ 12.812846   -12.872014  ]
 [ 12.755869   -12.814297  ]
 [ 11.963722   -12.022141  ]
 [ 12.755869   -12.814297  ]
 [  0.16191685  -0.21960099]
 [  1.2170472   -1.2752799 ]
 [ 11.700738   -11.758618  ]]
2025-12-21 21:40:31,134 - [INFO] - ------------------------------------------------------------
2025-12-21 21:40:31,134 - [INFO] - On Validation Set:
	Accuracy of RRL  Model: 0.907394609536973
	F1 Score of RRL  Model: 0.722625627996933
2025-12-21 21:40:31,140 - [INFO] - On Validation Set:
Performance of  RRL Model: 
[[1247   39]
 [  95   66]]
              precision    recall  f1-score   support

           0       0.93      0.97      0.95      1286
           1       0.63      0.41      0.50       161

    accuracy                           0.91      1447
   macro avg       0.78      0.69      0.72      1447
weighted avg       0.90      0.91      0.90      1447

2025-12-21 21:40:31,140 - [INFO] - ------------------------------------------------------------
2025-12-21 21:40:32,090 - [INFO] - epoch: 52, loss_rrl: 111.60123613104224
2025-12-21 21:40:32,796 - [DEBUG] - y_true: (1447,) [0 0 0 0 0 1 0 0 0 0 0 0 0 0 0 0 0 1 0 0 0 0 0 0 1 0 0 0 0 0 0 0 0 0 0 0 0
 0 1 1 0]
2025-12-21 21:40:32,944 - [DEBUG] - y_rrl_: (1447,) [0 0 0 0 0 1 0 0 0 0 0 0 0 0 0 0 0 0 0 0 0 0 0 0 1 0 0 0 0 0 0 0 0 0 0 0 0
 0 1 0 0]
2025-12-21 21:40:32,945 - [DEBUG] - y_rrl: (1447, 2) [[ 14.320265   -14.377661  ]
 [  0.32633734  -0.3826515 ]
 [  9.755631    -9.811578  ]
 [ 10.57169    -10.627645  ]
 [ 13.504207   -13.561594  ]
 [ -1.5255913    1.4692647 ]
 [ 14.320265   -14.377661  ]
 [ 10.57169    -10.627645  ]
 [ 14.320265   -14.377661  ]
 [  5.356467    -5.4123516 ]
 [  3.070554    -3.1272502 ]
 [  7.46972     -7.526475  ]
 [ 10.972591   -11.029506  ]
 [ 12.675127   -12.731791  ]
 [ 13.491184   -13.547857  ]
 [ 13.491184   -13.547857  ]
 [ 11.755822   -11.812035  ]
 [  3.070554    -3.1272502 ]
 [  7.612172    -7.668553  ]
 [  8.80418     -8.860437  ]
 [ 13.491184   -13.547857  ]
 [ 12.675127   -12.731791  ]
 [ 12.675127   -12.731791  ]
 [ 13.491184   -13.547857  ]
 [ -3.9017327    3.845539  ]
 [  3.070554    -3.1272502 ]
 [  7.7164993   -7.7730393 ]
 [ 12.307052   -12.363466  ]
 [  9.1722555   -9.228761  ]
 [ 11.755822   -11.812035  ]
 [ 14.320265   -14.377661  ]
 [ 10.939765   -10.995968  ]
 [  3.070554    -3.1272502 ]
 [  1.8864211   -1.9428604 ]
 [ 13.504207   -13.561594  ]
 [ 10.57169    -10.627645  ]
 [ 12.675127   -12.731791  ]
 [ 12.307052   -12.363466  ]
 [ -1.5255913    1.4692647 ]
 [  2.7933388   -2.8498294 ]
 [ 10.57169    -10.627645  ]]
2025-12-21 21:40:32,947 - [INFO] - ------------------------------------------------------------
2025-12-21 21:40:32,947 - [INFO] - On Validation Set:
	Accuracy of RRL  Model: 0.9039391845196959
	F1 Score of RRL  Model: 0.7132443410335482
2025-12-21 21:40:32,953 - [INFO] - On Validation Set:
Performance of  RRL Model: 
[[1244   42]
 [  97   64]]
              precision    recall  f1-score   support

           0       0.93      0.97      0.95      1286
           1       0.60      0.40      0.48       161

    accuracy                           0.90      1447
   macro avg       0.77      0.68      0.71      1447
weighted avg       0.89      0.90      0.90      1447

2025-12-21 21:40:32,953 - [INFO] - ------------------------------------------------------------
2025-12-21 21:40:33,672 - [INFO] - epoch: 53, loss_rrl: 110.69403999857605
2025-12-21 21:40:34,776 - [DEBUG] - y_true: (1447,) [0 0 0 0 0 1 0 0 0 0 0 0 0 0 0 0 0 1 0 0 0 0 0 0 1 0 0 0 0 0 0 0 0 0 0 0 0
 0 1 1 0]
2025-12-21 21:40:34,924 - [DEBUG] - y_rrl_: (1447,) [0 1 0 0 0 1 0 0 0 0 0 0 0 0 0 0 0 0 0 0 0 0 0 0 1 0 0 0 0 0 0 0 0 0 0 0 0
 0 1 0 0]
2025-12-21 21:40:34,925 - [DEBUG] - y_rrl: (1447, 2) [[ 13.783493   -13.839144  ]
 [ -0.11905137   0.06443156]
 [  9.252427    -9.306685  ]
 [ 10.065895   -10.120162  ]
 [ 12.970024   -13.025667  ]
 [ -1.9949493    1.9403222 ]
 [ 13.783493   -13.839144  ]
 [ 11.134883   -11.189653  ]
 [ 13.783493   -13.839144  ]
 [  5.9135513   -5.968262  ]
 [  3.6369407   -3.6924264 ]
 [  8.044805    -8.100342  ]
 [ 10.489319   -10.544503  ]
 [ 12.15435    -12.209295  ]
 [ 12.967819   -13.022772  ]
 [ 12.967819   -13.022772  ]
 [ 12.282818   -12.337833  ]
 [  3.6369407   -3.6924264 ]
 [  8.861292    -8.915678  ]
 [  8.306382    -8.360939  ]
 [ 12.967819   -13.022772  ]
 [ 12.15435    -12.209295  ]
 [ 12.15435    -12.209295  ]
 [ 12.967819   -13.022772  ]
 [ -1.9949493    1.9403222 ]
 [  2.567953    -2.6229348 ]
 [  7.1975594   -7.2523866 ]
 [ 11.819883   -11.874592  ]
 [  8.640848    -8.695642  ]
 [ 11.21383    -11.268342  ]
 [ 13.783493   -13.839144  ]
 [  8.640848    -8.695642  ]
 [  2.567953    -2.6229348 ]
 [  1.4200184   -1.4747555 ]
 [ 12.970024   -13.025667  ]
 [ 11.134883   -11.189653  ]
 [ 12.15435    -12.209295  ]
 [ 11.819883   -11.874592  ]
 [ -0.9259615    0.8708304 ]
 [  2.332022    -2.3868072 ]
 [ 11.134883   -11.189653  ]]
2025-12-21 21:40:34,927 - [INFO] - ------------------------------------------------------------
2025-12-21 21:40:34,927 - [INFO] - On Validation Set:
	Accuracy of RRL  Model: 0.9115411195577056
	F1 Score of RRL  Model: 0.7314090814172023
2025-12-21 21:40:34,933 - [INFO] - On Validation Set:
Performance of  RRL Model: 
[[1252   34]
 [  94   67]]
              precision    recall  f1-score   support

           0       0.93      0.97      0.95      1286
           1       0.66      0.42      0.51       161

    accuracy                           0.91      1447
   macro avg       0.80      0.69      0.73      1447
weighted avg       0.90      0.91      0.90      1447

2025-12-21 21:40:34,933 - [INFO] - ------------------------------------------------------------
2025-12-21 21:40:35,423 - [INFO] - epoch: 54, loss_rrl: 110.73279532790184
2025-12-21 21:40:36,588 - [DEBUG] - y_true: (1447,) [0 0 0 0 0 1 0 0 0 0 0 0 0 0 0 0 0 1 0 0 0 0 0 0 1 0 0 0 0 0 0 0 0 0 0 0 0
 0 1 1 0]
2025-12-21 21:40:36,736 - [DEBUG] - y_rrl_: (1447,) [0 1 0 0 0 1 0 0 0 0 1 0 0 0 0 0 0 0 0 0 0 0 0 0 1 0 0 0 0 0 0 0 0 0 0 0 0
 0 0 0 0]
2025-12-21 21:40:36,737 - [DEBUG] - y_rrl: (1447, 2) [[ 12.195255   -12.249184  ]
 [ -1.7511808    1.6980065 ]
 [  8.499855    -8.552455  ]
 [  9.323769    -9.376375  ]
 [ 12.195255   -12.249184  ]
 [ -1.6052092    1.5520276 ]
 [ 13.019169   -13.073103  ]
 [ 11.515064   -11.568387  ]
 [ 13.019169   -13.073103  ]
 [  6.301961    -6.3552256 ]
 [ -0.5282399    0.47457492]
 [  7.300811    -7.3546314 ]
 [  9.748027    -9.801509  ]
 [ 11.393293   -11.446547  ]
 [ 12.217205   -12.270466  ]
 [ 11.393293   -11.446547  ]
 [ 10.691153   -10.744467  ]
 [  2.9116206   -2.9653904 ]
 [  5.5011244   -5.5541215 ]
 [  8.693022    -8.746137  ]
 [ 12.217205   -12.270466  ]
 [ 11.393293   -11.446547  ]
 [ 11.393293   -11.446547  ]
 [ 11.393293   -11.446547  ]
 [ -5.0875206    5.0346823 ]
 [  1.8346511   -1.8879374 ]
 [  6.445366    -6.4985037 ]
 [ 12.217205   -12.270466  ]
 [  7.869108    -7.9222164 ]
 [ 10.438096   -10.490934  ]
 [ 13.019169   -13.073103  ]
 [  6.2238417   -6.277179  ]
 [  1.8346511   -1.8879374 ]
 [  1.8346511   -1.8879374 ]
 [ 12.195255   -12.249184  ]
 [ 11.515064   -11.568387  ]
 [ 11.393293   -11.446547  ]
 [ 11.393293   -11.446547  ]
 [  1.2168353   -1.2702228 ]
 [  0.804648    -0.85774267]
 [ 10.691153   -10.744467  ]]
2025-12-21 21:40:36,739 - [INFO] - ------------------------------------------------------------
2025-12-21 21:40:36,739 - [INFO] - On Validation Set:
	Accuracy of RRL  Model: 0.89426399447132
	F1 Score of RRL  Model: 0.7112435682563698
2025-12-21 21:40:36,745 - [INFO] - On Validation Set:
Performance of  RRL Model: 
[[1223   63]
 [  90   71]]
              precision    recall  f1-score   support

           0       0.93      0.95      0.94      1286
           1       0.53      0.44      0.48       161

    accuracy                           0.89      1447
   macro avg       0.73      0.70      0.71      1447
weighted avg       0.89      0.89      0.89      1447

2025-12-21 21:40:36,745 - [INFO] - ------------------------------------------------------------
2025-12-21 21:40:37,005 - [INFO] - epoch: 55, loss_rrl: 110.34780486859381
2025-12-21 21:40:38,399 - [DEBUG] - y_true: (1447,) [0 0 0 0 0 1 0 0 0 0 0 0 0 0 0 0 0 1 0 0 0 0 0 0 1 0 0 0 0 0 0 0 0 0 0 0 0
 0 1 1 0]
2025-12-21 21:40:38,547 - [DEBUG] - y_rrl_: (1447,) [0 0 0 0 0 0 0 0 0 0 0 0 0 0 0 0 0 0 0 0 0 0 0 0 1 0 0 0 0 0 0 0 0 0 0 0 0
 0 0 0 0]
2025-12-21 21:40:38,548 - [DEBUG] - y_rrl: (1447, 2) [[ 14.133568   -14.185853  ]
 [  5.1277475   -5.179557  ]
 [ 11.203358   -11.254307  ]
 [ 12.127577   -12.178531  ]
 [ 14.133568   -14.185853  ]
 [  0.435876    -0.48743752]
 [ 15.057785   -15.110076  ]
 [ 14.286076   -14.337716  ]
 [ 15.057785   -15.110076  ]
 [  9.023008    -9.074597  ]
 [  5.683461    -5.7355294 ]
 [ 11.628071   -11.679969  ]
 [ 13.361858   -13.413493  ]
 [ 13.361858   -13.413493  ]
 [ 12.205793   -12.257425  ]
 [ 13.361858   -13.413493  ]
 [ 13.361858   -13.413493  ]
 [  5.683461    -5.7355294 ]
 [  7.475594    -7.5269794 ]
 [ 10.793087   -10.844586  ]
 [ 14.286076   -14.337716  ]
 [ 13.361858   -13.413493  ]
 [ 13.361858   -13.413493  ]
 [ 13.361858   -13.413493  ]
 [ -1.982329     1.9306277 ]
 [  4.9910455   -5.043173  ]
 [  8.880442    -8.93157   ]
 [ 14.286076   -14.337716  ]
 [ 10.561285   -10.612719  ]
 [ 14.286076   -14.337716  ]
 [ 15.057785   -15.110076  ]
 [ 11.602659   -11.653884  ]
 [  4.616675    -4.6682787 ]
 [  4.616675    -4.6682787 ]
 [ 14.133568   -14.185853  ]
 [ 14.286076   -14.337716  ]
 [ 13.361858   -13.413493  ]
 [ 13.361858   -13.413493  ]
 [  2.195078    -2.2470455 ]
 [  2.8371522   -2.888635  ]
 [ 13.361858   -13.413493  ]]
2025-12-21 21:40:38,550 - [INFO] - ------------------------------------------------------------
2025-12-21 21:40:38,550 - [INFO] - On Validation Set:
	Accuracy of RRL  Model: 0.8956461644782309
	F1 Score of RRL  Model: 0.5887572015531451
2025-12-21 21:40:38,556 - [INFO] - On Validation Set:
Performance of  RRL Model: 
[[1273   13]
 [ 138   23]]
              precision    recall  f1-score   support

           0       0.90      0.99      0.94      1286
           1       0.64      0.14      0.23       161

    accuracy                           0.90      1447
   macro avg       0.77      0.57      0.59      1447
weighted avg       0.87      0.90      0.86      1447

2025-12-21 21:40:38,556 - [INFO] - ------------------------------------------------------------
2025-12-21 21:40:38,587 - [INFO] - epoch: 56, loss_rrl: 109.7194120939821
2025-12-21 21:40:39,998 - [INFO] - epoch: 57, loss_rrl: 110.4390642028302
2025-12-21 21:40:40,213 - [DEBUG] - y_true: (1447,) [0 0 0 0 0 1 0 0 0 0 0 0 0 0 0 0 0 1 0 0 0 0 0 0 1 0 0 0 0 0 0 0 0 0 0 0 0
 0 1 1 0]
2025-12-21 21:40:40,361 - [DEBUG] - y_rrl_: (1447,) [0 1 0 0 0 1 0 0 0 0 0 0 0 0 0 0 0 0 0 0 0 0 0 0 1 0 0 0 0 0 0 0 0 0 0 0 0
 0 0 0 0]
2025-12-21 21:40:40,362 - [DEBUG] - y_rrl: (1447, 2) [[ 13.379032  -13.429738 ]
 [ -1.4446571   1.3948601]
 [ 11.2107525 -11.260803 ]
 [ 12.144976  -12.195032 ]
 [ 13.379032  -13.429738 ]
 [ -1.3914111   1.3416108]
 [ 14.313255  -14.363967 ]
 [ 13.218697  -13.269198 ]
 [ 14.313255  -14.363967 ]
 [  7.9676304  -8.018083 ]
 [  5.0177875  -5.0682826]
 [  9.33463    -9.38517  ]
 [ 11.066621  -11.116906 ]
 [ 12.634411  -12.684489 ]
 [ 13.568635  -13.618718 ]
 [ 12.634411  -12.684489 ]
 [ 13.379032  -13.429738 ]
 [  5.0177875  -5.0682826]
 [  8.447268   -8.496857 ]
 [  8.95587    -9.005609 ]
 [ 13.568635  -13.618718 ]
 [ 12.634411  -12.684489 ]
 [ 12.634411  -12.684489 ]
 [ 12.634411  -12.684489 ]
 [ -1.3914111   1.3416108]
 [  1.1166064  -1.1667048]
 [  8.527935   -8.577839 ]
 [ 12.474076  -12.52395  ]
 [  9.8287     -9.878586 ]
 [ 13.239534  -13.2898   ]
 [ 14.313255  -14.363967 ]
 [ 10.848196  -10.897882 ]
 [  3.9440658  -3.994116 ]
 [  2.8495069  -2.899348 ]
 [ 13.379032  -13.429738 ]
 [ 13.218697  -13.269198 ]
 [ 12.634411  -12.684489 ]
 [ 11.539852  -11.589721 ]
 [  2.1267958  -2.1767309]
 [  2.1267958  -2.1767309]
 [ 12.284472  -12.3349695]]
2025-12-21 21:40:40,364 - [INFO] - ------------------------------------------------------------
2025-12-21 21:40:40,364 - [INFO] - On Validation Set:
	Accuracy of RRL  Model: 0.9060124395300622
	F1 Score of RRL  Model: 0.6978974774642006
2025-12-21 21:40:40,370 - [INFO] - On Validation Set:
Performance of  RRL Model: 
[[1256   30]
 [ 106   55]]
              precision    recall  f1-score   support

           0       0.92      0.98      0.95      1286
           1       0.65      0.34      0.45       161

    accuracy                           0.91      1447
   macro avg       0.78      0.66      0.70      1447
weighted avg       0.89      0.91      0.89      1447

2025-12-21 21:40:40,370 - [INFO] - ------------------------------------------------------------
2025-12-21 21:40:41,581 - [INFO] - epoch: 58, loss_rrl: 110.68740258552134
2025-12-21 21:40:41,998 - [DEBUG] - y_true: (1447,) [0 0 0 0 0 1 0 0 0 0 0 0 0 0 0 0 0 1 0 0 0 0 0 0 1 0 0 0 0 0 0 0 0 0 0 0 0
 0 1 1 0]
2025-12-21 21:40:42,147 - [DEBUG] - y_rrl_: (1447,) [0 0 0 0 0 1 0 0 0 0 0 0 0 0 0 0 0 0 0 0 0 0 0 0 1 0 0 0 0 0 0 0 0 0 0 0 0
 0 1 0 0]
2025-12-21 21:40:42,147 - [DEBUG] - y_rrl: (1447, 2) [[ 11.781991   -11.831194  ]
 [  0.21139553  -0.25993094]
 [  6.7013545   -6.7493176 ]
 [  7.678287    -7.726256  ]
 [ 11.781991   -11.831194  ]
 [ -3.091952     3.0436208 ]
 [ 12.758924   -12.808132  ]
 [ 10.948374   -10.996548  ]
 [ 12.758924   -12.808132  ]
 [  5.64355     -5.691676  ]
 [  2.3511086   -2.3996766 ]
 [  6.6789994   -6.7276096 ]
 [  9.49939     -9.548186  ]
 [ 11.064767   -11.113364  ]
 [  9.893808    -9.942402  ]
 [ 11.064767   -11.113364  ]
 [  9.971441   -10.019609  ]
 [  2.3511086   -2.3996766 ]
 [  5.1277313   -5.176103  ]
 [  8.485042    -8.533513  ]
 [ 12.041699   -12.0903015 ]
 [ 11.064767   -11.113364  ]
 [ 11.064767   -11.113364  ]
 [ 11.064767   -11.113364  ]
 [ -3.091952     3.0436208 ]
 [  1.6148415   -1.6634635 ]
 [  6.943485    -6.99191   ]
 [ 12.041699   -12.0903015 ]
 [  8.244376    -8.292788  ]
 [ 10.212107   -10.260335  ]
 [ 12.758924   -12.808132  ]
 [  7.6697984   -7.7182183 ]
 [  2.3511086   -2.3996766 ]
 [  2.3511086   -2.3996766 ]
 [ 11.781991   -11.831194  ]
 [ 10.948374   -10.996548  ]
 [ 11.064767   -11.113364  ]
 [ 11.064767   -11.113364  ]
 [ -0.62861896   0.5805854 ]
 [  0.4647061   -0.51316893]
 [  9.971441   -10.019609  ]]
2025-12-21 21:40:42,150 - [INFO] - ------------------------------------------------------------
2025-12-21 21:40:42,150 - [INFO] - On Validation Set:
	Accuracy of RRL  Model: 0.9067035245335177
	F1 Score of RRL  Model: 0.7568257951757285
2025-12-21 21:40:42,156 - [INFO] - On Validation Set:
Performance of  RRL Model: 
[[1224   62]
 [  73   88]]
              precision    recall  f1-score   support

           0       0.94      0.95      0.95      1286
           1       0.59      0.55      0.57       161

    accuracy                           0.91      1447
   macro avg       0.77      0.75      0.76      1447
weighted avg       0.90      0.91      0.91      1447

2025-12-21 21:40:42,156 - [INFO] - ------------------------------------------------------------
2025-12-21 21:40:43,069 - [INFO] - epoch: 59, loss_rrl: 110.43794561550021
2025-12-21 21:40:43,698 - [DEBUG] - y_true: (1447,) [0 0 0 0 0 1 0 0 0 0 0 0 0 0 0 0 0 1 0 0 0 0 0 0 1 0 0 0 0 0 0 0 0 0 0 0 0
 0 1 1 0]
2025-12-21 21:40:43,846 - [DEBUG] - y_rrl_: (1447,) [0 0 0 0 0 1 0 0 0 0 0 0 0 0 0 0 0 0 0 0 0 0 0 0 1 0 0 0 0 0 0 0 0 0 0 0 0
 0 1 0 0]
2025-12-21 21:40:43,847 - [DEBUG] - y_rrl: (1447, 2) [[ 13.571469  -13.619342 ]
 [  1.1008416  -1.1476071]
 [  8.48842    -8.535071 ]
 [  9.491225   -9.537884 ]
 [ 12.121247  -12.169035 ]
 [ -1.2209285   1.1738973]
 [ 14.574277  -14.622154 ]
 [  9.491225   -9.537884 ]
 [ 14.574277  -14.622154 ]
 [  5.6434875  -5.6901836]
 [  3.4904535  -3.5377638]
 [ 10.310264  -10.357425 ]
 [ 12.420539  -12.467746 ]
 [ 12.867955  -12.915239 ]
 [ 13.870763  -13.918052 ]
 [ 11.346108  -11.393587 ]
 [ 11.040057  -11.086982 ]
 [  3.4904535  -3.5377638]
 [  3.9727588  -4.0199394]
 [  7.7586226  -7.8055143]
 [ 13.870763  -13.918052 ]
 [ 12.867955  -12.915239 ]
 [ 11.417731  -11.464933 ]
 [ 12.867955  -12.915239 ]
 [ -3.5835552   3.5366085]
 [  2.0402296  -2.087457 ]
 [  7.7477093  -7.7946005]
 [ 11.319123  -11.366142 ]
 [  8.860038   -8.907118 ]
 [ 12.042865  -12.089794 ]
 [ 14.574277  -14.622154 ]
 [ 10.592641  -10.639488 ]
 [  3.4904535  -3.5377638]
 [  2.3890386  -2.4361598]
 [ 14.574277  -14.622154 ]
 [  9.491225   -9.537884 ]
 [ 11.417731  -11.464933 ]
 [ 10.316316  -10.363329 ]
 [ -1.2209285   1.1738973]
 [  2.339571   -2.3867314]
 [  8.48842    -8.535071 ]]
2025-12-21 21:40:43,849 - [INFO] - ------------------------------------------------------------
2025-12-21 21:40:43,849 - [INFO] - On Validation Set:
	Accuracy of RRL  Model: 0.8997926744989634
	F1 Score of RRL  Model: 0.6925629885781688
2025-12-21 21:40:43,855 - [INFO] - On Validation Set:
Performance of  RRL Model: 
[[1245   41]
 [ 104   57]]
              precision    recall  f1-score   support

           0       0.92      0.97      0.94      1286
           1       0.58      0.35      0.44       161

    accuracy                           0.90      1447
   macro avg       0.75      0.66      0.69      1447
weighted avg       0.88      0.90      0.89      1447

2025-12-21 21:40:43,855 - [INFO] - ------------------------------------------------------------
2025-12-21 21:40:44,557 - [INFO] - epoch: 60, loss_rrl: 108.31629718281329
2025-12-21 21:40:45,468 - [DEBUG] - y_true: (1447,) [0 0 0 0 0 1 0 0 0 0 0 0 0 0 0 0 0 1 0 0 0 0 0 0 1 0 0 0 0 0 0 0 0 0 0 0 0
 0 1 1 0]
2025-12-21 21:40:45,712 - [DEBUG] - y_rrl_: (1447,) [0 0 0 0 0 1 0 0 0 0 0 0 0 0 0 0 0 0 0 0 0 0 0 0 1 0 0 0 0 0 0 0 0 0 0 0 0
 0 1 0 0]
2025-12-21 21:40:45,713 - [DEBUG] - y_rrl: (1447, 2) [[ 14.252501   -14.299294  ]
 [  0.875       -0.9209843 ]
 [  9.65967     -9.705359  ]
 [ 10.65949    -10.705181  ]
 [ 13.252682   -13.299472  ]
 [ -1.43611      1.3901365 ]
 [ 14.252501   -14.299294  ]
 [ 11.743706   -11.7898    ]
 [ 14.252501   -14.299294  ]
 [  6.5053406   -6.5513935 ]
 [  2.1807625   -2.2273998 ]
 [  8.606873    -8.653555  ]
 [ 11.087983   -11.134387  ]
 [ 12.570232   -12.616453  ]
 [ 13.570051   -13.616276  ]
 [ 13.570051   -13.616276  ]
 [ 12.820361   -12.866637  ]
 [  4.368327    -4.4149723 ]
 [  9.403872    -9.449664  ]
 [  8.92807     -8.973988  ]
 [ 13.570051   -13.616276  ]
 [ 12.570232   -12.616453  ]
 [ 12.570232   -12.616453  ]
 [ 13.570051   -13.616276  ]
 [ -1.43611      1.3901365 ]
 [  3.2841108   -3.3303552 ]
 [  7.804799    -7.8509073 ]
 [ 12.493396   -12.539438  ]
 [  9.004907    -9.051003  ]
 [ 11.736145   -11.78202   ]
 [ 14.252501   -14.299294  ]
 [  7.5226564   -7.5689383 ]
 [  3.2841108   -3.3303552 ]
 [  2.2074554   -2.2535172 ]
 [ 13.252682   -13.299472  ]
 [ 11.743706   -11.7898    ]
 [ 12.570232   -12.616453  ]
 [ 12.493396   -12.539438  ]
 [ -0.35189366   0.30551976]
 [  2.1292148   -2.1753125 ]
 [ 11.743706   -11.7898    ]]
2025-12-21 21:40:45,715 - [INFO] - ------------------------------------------------------------
2025-12-21 21:40:45,715 - [INFO] - On Validation Set:
	Accuracy of RRL  Model: 0.8977194194885971
	F1 Score of RRL  Model: 0.6612141844689683
2025-12-21 21:40:45,721 - [INFO] - On Validation Set:
Performance of  RRL Model: 
[[1254   32]
 [ 116   45]]
              precision    recall  f1-score   support

           0       0.92      0.98      0.94      1286
           1       0.58      0.28      0.38       161

    accuracy                           0.90      1447
   macro avg       0.75      0.63      0.66      1447
weighted avg       0.88      0.90      0.88      1447

2025-12-21 21:40:45,721 - [INFO] - ------------------------------------------------------------
2025-12-21 21:40:46,274 - [INFO] - epoch: 61, loss_rrl: 109.15179981850088
2025-12-21 21:40:47,454 - [DEBUG] - y_true: (1447,) [0 0 0 0 0 1 0 0 0 0 0 0 0 0 0 0 0 1 0 0 0 0 0 0 1 0 0 0 0 0 0 0 0 0 0 0 0
 0 1 1 0]
2025-12-21 21:40:47,620 - [DEBUG] - y_rrl_: (1447,) [0 0 0 0 0 1 0 0 0 0 0 0 0 0 0 0 0 0 0 0 0 0 0 0 1 0 0 0 0 0 0 0 0 0 0 0 0
 0 1 0 0]
2025-12-21 21:40:47,621 - [DEBUG] - y_rrl: (1447, 2) [[ 13.062772   -13.108517  ]
 [  0.17860922  -0.22355536]
 [  8.555846    -8.600518  ]
 [  9.515021    -9.559697  ]
 [ 11.04577    -11.091334  ]
 [ -1.4031806    1.35806   ]
 [ 13.062772   -13.108517  ]
 [ 11.638799   -11.684039  ]
 [ 13.062772   -13.108517  ]
 [  6.5160065   -6.5612054 ]
 [  0.07084426  -0.11625651]
 [  8.97466     -9.020112  ]
 [ 11.434049   -11.479235  ]
 [ 10.37622    -10.421231  ]
 [ 12.393224   -12.438414  ]
 [ 12.393224   -12.438414  ]
 [ 10.58097    -10.626036  ]
 [  3.3306358   -3.376231  ]
 [  8.249156    -8.293929  ]
 [  8.867885    -8.912953  ]
 [ 12.393224   -12.438414  ]
 [ 11.434049   -11.479235  ]
 [ 11.434049   -11.479235  ]
 [ 11.335395   -11.380409  ]
 [ -4.784703     4.7398357 ]
 [  2.2646866   -2.309893  ]
 [  8.161788    -8.206686  ]
 [ 12.393224   -12.438414  ]
 [  7.90871     -7.953774  ]
 [ 10.572848   -10.617702  ]
 [ 13.062772   -13.108517  ]
 [  8.133269    -8.178295  ]
 [  2.2646866   -2.309893  ]
 [  2.2646866   -2.309893  ]
 [ 12.103599   -12.149339  ]
 [ 11.638799   -11.684039  ]
 [ 11.434049   -11.479235  ]
 [ 12.393224   -12.438414  ]
 [ -0.33723167   0.29172143]
 [  1.0643281   -1.1093956 ]
 [ 11.638799   -11.684039  ]]
2025-12-21 21:40:47,623 - [INFO] - ------------------------------------------------------------
2025-12-21 21:40:47,623 - [INFO] - On Validation Set:
	Accuracy of RRL  Model: 0.902557014512785
	F1 Score of RRL  Model: 0.7129747774793799
2025-12-21 21:40:47,629 - [INFO] - On Validation Set:
Performance of  RRL Model: 
[[1241   45]
 [  96   65]]
              precision    recall  f1-score   support

           0       0.93      0.97      0.95      1286
           1       0.59      0.40      0.48       161

    accuracy                           0.90      1447
   macro avg       0.76      0.68      0.71      1447
weighted avg       0.89      0.90      0.89      1447

2025-12-21 21:40:47,629 - [INFO] - ------------------------------------------------------------
2025-12-21 21:40:47,945 - [INFO] - epoch: 62, loss_rrl: 108.83186141960323
2025-12-21 21:40:49,365 - [DEBUG] - y_true: (1447,) [0 0 0 0 0 1 0 0 0 0 0 0 0 0 0 0 0 1 0 0 0 0 0 0 1 0 0 0 0 0 0 0 0 0 0 0 0
 0 1 1 0]
2025-12-21 21:40:49,530 - [DEBUG] - y_rrl_: (1447,) [0 0 0 0 0 1 0 0 0 0 0 0 0 0 0 0 0 0 0 0 0 0 0 0 1 0 0 0 0 0 0 0 0 0 0 0 0
 0 0 0 0]
2025-12-21 21:40:49,531 - [DEBUG] - y_rrl: (1447, 2) [[ 12.7004     -12.74512   ]
 [  0.6788186   -0.72293836]
 [  9.0118      -9.0554285 ]
 [  9.954767    -9.9984    ]
 [ 11.757433   -11.80215   ]
 [ -1.5973194    1.553212  ]
 [ 12.7004     -12.74512   ]
 [ 12.052356   -12.096536  ]
 [ 12.7004     -12.74512   ]
 [  7.0250487   -7.069188  ]
 [  3.8500268   -3.8945465 ]
 [  7.934367    -7.9789224 ]
 [  9.631451    -9.675797  ]
 [ 11.109388   -11.153564  ]
 [ 12.052356   -12.096536  ]
 [ 12.052356   -12.096536  ]
 [ 12.052356   -12.096536  ]
 [  3.8500268   -3.8945465 ]
 [  7.9381804   -7.981956  ]
 [  8.566767    -8.610825  ]
 [ 12.052356   -12.096536  ]
 [ 11.109388   -11.153564  ]
 [ 11.109388   -11.153564  ]
 [ 12.052356   -12.096536  ]
 [ -4.979077     4.9352117 ]
 [  2.0615213   -2.1057112 ]
 [  3.751493    -3.7956371 ]
 [ 12.052356   -12.096536  ]
 [  8.370804    -8.414809  ]
 [ 11.010855   -11.054655  ]
 [ 12.7004     -12.74512   ]
 [  7.8429456   -7.8869643 ]
 [  2.8085253   -2.8526664 ]
 [  2.8085253   -2.8526664 ]
 [ 11.757433   -11.80215   ]
 [ 12.052356   -12.096536  ]
 [ 11.109388   -11.153564  ]
 [ 12.052356   -12.096536  ]
 [  0.19118617  -0.2356234 ]
 [  2.5439708   -2.5881095 ]
 [ 12.052356   -12.096536  ]]
2025-12-21 21:40:49,533 - [INFO] - ------------------------------------------------------------
2025-12-21 21:40:49,533 - [INFO] - On Validation Set:
	Accuracy of RRL  Model: 0.9080856945404284
	F1 Score of RRL  Model: 0.7345170221365716
2025-12-21 21:40:49,539 - [INFO] - On Validation Set:
Performance of  RRL Model: 
[[1242   44]
 [  89   72]]
              precision    recall  f1-score   support

           0       0.93      0.97      0.95      1286
           1       0.62      0.45      0.52       161

    accuracy                           0.91      1447
   macro avg       0.78      0.71      0.73      1447
weighted avg       0.90      0.91      0.90      1447

2025-12-21 21:40:49,539 - [INFO] - ------------------------------------------------------------
2025-12-21 21:40:49,605 - [INFO] - epoch: 63, loss_rrl: 108.20041369646788
2025-12-21 21:40:51,081 - [INFO] - epoch: 64, loss_rrl: 109.17299900017679
2025-12-21 21:40:51,269 - [DEBUG] - y_true: (1447,) [0 0 0 0 0 1 0 0 0 0 0 0 0 0 0 0 0 1 0 0 0 0 0 0 1 0 0 0 0 0 0 0 0 0 0 0 0
 0 1 1 0]
2025-12-21 21:40:51,434 - [DEBUG] - y_rrl_: (1447,) [0 1 0 0 0 1 0 0 0 0 0 0 0 0 0 0 0 0 0 0 0 0 0 0 1 1 0 0 0 0 0 0 0 0 0 0 0
 0 0 0 0]
2025-12-21 21:40:51,434 - [DEBUG] - y_rrl: (1447, 2) [[ 11.518355   -11.562072  ]
 [ -2.6414802    2.5983562 ]
 [  7.8731585   -7.915814  ]
 [  8.803456    -8.846116  ]
 [ 10.5880575  -10.63177   ]
 [ -2.7131307    2.670011  ]
 [ 11.518355   -11.562072  ]
 [ 10.859139   -10.902331  ]
 [ 11.518355   -11.562072  ]
 [  5.8766336   -5.9197855 ]
 [  2.7087      -2.7522182 ]
 [  6.7609076   -6.804462  ]
 [  8.460044    -8.503396  ]
 [  9.928842    -9.972029  ]
 [ 10.859139   -10.902331  ]
 [ 10.859139   -10.902331  ]
 [ 10.859139   -10.902331  ]
 [  2.7087      -2.7522182 ]
 [  6.812674    -6.8554735 ]
 [  7.420133    -7.463204  ]
 [ 10.859139   -10.902331  ]
 [  9.928842    -9.972029  ]
 [  9.928842    -9.972029  ]
 [ 10.859139   -10.902331  ]
 [ -3.769241     3.726284  ]
 [ -1.2651829    1.2219925 ]
 [  6.0306597   -6.0736866 ]
 [ 10.859139   -10.902331  ]
 [  7.2301326   -7.2731524 ]
 [  9.859567    -9.902389  ]
 [ 11.518355   -11.562072  ]
 [  6.720174    -6.7632046 ]
 [  1.7091264   -1.7522762 ]
 [  1.7091264   -1.7522762 ]
 [ 10.5880575  -10.63177   ]
 [ 10.859139   -10.902331  ]
 [  9.928842    -9.972029  ]
 [ 10.859139   -10.902331  ]
 [  0.72587603  -0.76911545]
 [  1.3618647   -1.405017  ]
 [ 10.859139   -10.902331  ]]
2025-12-21 21:40:51,436 - [INFO] - ------------------------------------------------------------
2025-12-21 21:40:51,436 - [INFO] - On Validation Set:
	Accuracy of RRL  Model: 0.9039391845196959
	F1 Score of RRL  Model: 0.7452868060964104
2025-12-21 21:40:51,442 - [INFO] - On Validation Set:
Performance of  RRL Model: 
[[1225   61]
 [  78   83]]
              precision    recall  f1-score   support

           0       0.94      0.95      0.95      1286
           1       0.58      0.52      0.54       161

    accuracy                           0.90      1447
   macro avg       0.76      0.73      0.75      1447
weighted avg       0.90      0.90      0.90      1447

2025-12-21 21:40:51,442 - [INFO] - ------------------------------------------------------------
2025-12-21 21:40:52,734 - [INFO] - epoch: 65, loss_rrl: 108.68631129339337
2025-12-21 21:40:53,162 - [DEBUG] - y_true: (1447,) [0 0 0 0 0 1 0 0 0 0 0 0 0 0 0 0 0 1 0 0 0 0 0 0 1 0 0 0 0 0 0 0 0 0 0 0 0
 0 1 1 0]
2025-12-21 21:40:53,329 - [DEBUG] - y_rrl_: (1447,) [0 0 0 0 0 0 0 0 0 0 0 0 0 0 0 0 0 0 0 0 0 0 0 0 1 0 0 0 0 0 0 0 0 0 0 0 0
 0 0 0 0]
2025-12-21 21:40:53,329 - [DEBUG] - y_rrl: (1447, 2) [[ 14.322228   -14.364998  ]
 [  3.1311376   -3.17385   ]
 [ 11.637036   -11.678779  ]
 [ 11.637036   -11.678779  ]
 [ 14.322228   -14.364998  ]
 [  0.11271554  -0.15490092]
 [ 14.322228   -14.364998  ]
 [ 12.687196   -12.7290945 ]
 [ 14.322228   -14.364998  ]
 [  7.698943    -7.7408047 ]
 [  3.806934    -3.8491964 ]
 [  9.449817    -9.492629  ]
 [ 12.852246   -12.895179  ]
 [ 13.667596   -13.709854  ]
 [ 14.322228   -14.364998  ]
 [ 13.667596   -13.709854  ]
 [ 12.687196   -12.7290945 ]
 [  3.806934    -3.8491964 ]
 [  7.9826727   -8.024746  ]
 [ 10.265166   -10.307304  ]
 [ 13.667596   -13.709854  ]
 [ 13.667596   -13.709854  ]
 [ 13.667596   -13.709854  ]
 [ 14.322228   -14.364998  ]
 [ -0.28281134   0.2402712 ]
 [  4.461566    -4.50434   ]
 [  6.422782    -6.4651184 ]
 [ 14.322228   -14.364998  ]
 [ 10.265166   -10.307304  ]
 [ 13.341826   -13.384237  ]
 [ 14.322228   -14.364998  ]
 [ 10.494693   -10.5367985 ]
 [  3.806934    -3.8491964 ]
 [  3.806934    -3.8491964 ]
 [ 14.322228   -14.364998  ]
 [ 13.341826   -13.384237  ]
 [ 14.322228   -14.364998  ]
 [ 14.322228   -14.364998  ]
 [  0.11271554  -0.15490092]
 [  2.4649873   -2.507134  ]
 [ 12.687196   -12.7290945 ]]
2025-12-21 21:40:53,331 - [INFO] - ------------------------------------------------------------
2025-12-21 21:40:53,331 - [INFO] - On Validation Set:
	Accuracy of RRL  Model: 0.8963372494816862
	F1 Score of RRL  Model: 0.5733476435344624
2025-12-21 21:40:53,337 - [INFO] - On Validation Set:
Performance of  RRL Model: 
[[1278    8]
 [ 142   19]]
              precision    recall  f1-score   support

           0       0.90      0.99      0.94      1286
           1       0.70      0.12      0.20       161

    accuracy                           0.90      1447
   macro avg       0.80      0.56      0.57      1447
weighted avg       0.88      0.90      0.86      1447

2025-12-21 21:40:53,337 - [INFO] - ------------------------------------------------------------
2025-12-21 21:40:54,391 - [INFO] - epoch: 66, loss_rrl: 108.80750253796577
2025-12-21 21:40:55,058 - [DEBUG] - y_true: (1447,) [0 0 0 0 0 1 0 0 0 0 0 0 0 0 0 0 0 1 0 0 0 0 0 0 1 0 0 0 0 0 0 0 0 0 0 0 0
 0 1 1 0]
2025-12-21 21:40:55,221 - [DEBUG] - y_rrl_: (1447,) [0 1 0 0 0 1 0 0 0 0 0 0 0 0 0 0 0 0 0 0 0 0 0 0 1 0 0 0 0 0 0 0 0 0 0 0 0
 0 1 0 0]
2025-12-21 21:40:55,222 - [DEBUG] - y_rrl: (1447, 2) [[ 12.375638   -12.417489  ]
 [ -0.34663516   0.30571505]
 [  7.358726    -7.3995037 ]
 [  9.265071    -9.306202  ]
 [  9.992562   -10.034341  ]
 [ -2.7057226    2.6645968 ]
 [ 12.375638   -12.417489  ]
 [  8.297408    -8.338189  ]
 [ 12.375638   -12.417489  ]
 [  4.8282027   -4.8690147 ]
 [  4.164575    -4.205729  ]
 [  8.139493    -8.18068   ]
 [  9.357802    -9.399081  ]
 [  9.770783    -9.811978  ]
 [ 11.740878   -11.782229  ]
 [ 10.294518   -10.336025  ]
 [ 10.773215   -10.814218  ]
 [  1.686802    -1.7279599 ]
 [  2.1819222   -2.2230327 ]
 [  6.8549128   -6.8962765 ]
 [ 10.709466   -10.750665  ]
 [ 10.8021965  -10.843544  ]
 [  9.357802    -9.399081  ]
 [ 10.709466   -10.750665  ]
 [ -4.9646893    4.923624  ]
 [  0.5587031   -0.5999885 ]
 [  6.7215157   -6.76274   ]
 [  9.265071    -9.306202  ]
 [  6.695099    -6.7362185 ]
 [ 11.02576    -11.067155  ]
 [ 11.344226   -11.385922  ]
 [  6.1649103   -6.206238  ]
 [  4.164575    -4.205729  ]
 [  1.686802    -1.7279599 ]
 [ 11.436955   -11.478803  ]
 [  9.265071    -9.306202  ]
 [  9.357802    -9.399081  ]
 [  9.265071    -9.306202  ]
 [ -1.990604     1.9495223 ]
 [  0.6720992   -0.7133414 ]
 [  8.297408    -8.338189  ]]
2025-12-21 21:40:55,224 - [INFO] - ------------------------------------------------------------
2025-12-21 21:40:55,224 - [INFO] - On Validation Set:
	Accuracy of RRL  Model: 0.8984105044920525
	F1 Score of RRL  Model: 0.7208883955107841
2025-12-21 21:40:55,230 - [INFO] - On Validation Set:
Performance of  RRL Model: 
[[1227   59]
 [  88   73]]
              precision    recall  f1-score   support

           0       0.93      0.95      0.94      1286
           1       0.55      0.45      0.50       161

    accuracy                           0.90      1447
   macro avg       0.74      0.70      0.72      1447
weighted avg       0.89      0.90      0.89      1447

2025-12-21 21:40:55,230 - [INFO] - ------------------------------------------------------------
2025-12-21 21:40:56,039 - [INFO] - epoch: 67, loss_rrl: 110.15200142748654
2025-12-21 21:40:56,957 - [DEBUG] - y_true: (1447,) [0 0 0 0 0 1 0 0 0 0 0 0 0 0 0 0 0 1 0 0 0 0 0 0 1 0 0 0 0 0 0 0 0 0 0 0 0
 0 1 1 0]
2025-12-21 21:40:57,120 - [DEBUG] - y_rrl_: (1447,) [0 0 0 0 0 1 0 0 0 0 0 0 0 0 0 0 0 0 0 0 0 0 0 0 1 0 0 0 0 0 0 0 0 0 0 0 0
 0 1 0 0]
2025-12-21 21:40:57,120 - [DEBUG] - y_rrl: (1447, 2) [[ 12.882298   -12.923259  ]
 [  0.9002211   -0.94097924]
 [  9.554462    -9.594491  ]
 [  9.554462    -9.594491  ]
 [ 12.882298   -12.923259  ]
 [ -2.1434288    2.1031742 ]
 [ 12.882298   -12.923259  ]
 [  9.554462    -9.594491  ]
 [ 12.882298   -12.923259  ]
 [  4.6220016   -4.6619954 ]
 [  0.29392853  -0.33439612]
 [  8.085224    -8.12622   ]
 [  9.267968    -9.30902   ]
 [ 11.247668   -11.287993  ]
 [ 12.882298   -12.923259  ]
 [ 12.26913    -12.309604  ]
 [ 10.575924   -10.6161    ]
 [  1.5181334   -1.5584589 ]
 [  7.3538456   -7.3938174 ]
 [  7.8643084   -7.9045215 ]
 [ 11.247668   -11.287993  ]
 [ 12.26913    -12.309604  ]
 [ 12.26913    -12.309604  ]
 [ 11.860839   -11.90165   ]
 [ -1.5302584    1.4895183 ]
 [  0.95214844  -0.9930506 ]
 [  6.7965446   -6.836905  ]
 [ 11.860839   -11.90165   ]
 [  8.885771    -8.92613   ]
 [ 11.189094   -11.229756  ]
 [ 11.860839   -11.90165   ]
 [  9.554462    -9.594491  ]
 [  2.5395947   -2.580068  ]
 [  1.5181334   -1.5584589 ]
 [ 12.882298   -12.923259  ]
 [ 10.167632   -10.208147  ]
 [ 12.882298   -12.923259  ]
 [ 11.860839   -11.90165   ]
 [ -2.1434288    2.1031742 ]
 [  1.2399304   -1.2802986 ]
 [  9.554462    -9.594491  ]]
2025-12-21 21:40:57,122 - [INFO] - ------------------------------------------------------------
2025-12-21 21:40:57,122 - [INFO] - On Validation Set:
	Accuracy of RRL  Model: 0.902557014512785
	F1 Score of RRL  Model: 0.701044009582909
2025-12-21 21:40:57,128 - [INFO] - On Validation Set:
Performance of  RRL Model: 
[[1247   39]
 [ 102   59]]
              precision    recall  f1-score   support

           0       0.92      0.97      0.95      1286
           1       0.60      0.37      0.46       161

    accuracy                           0.90      1447
   macro avg       0.76      0.67      0.70      1447
weighted avg       0.89      0.90      0.89      1447

2025-12-21 21:40:57,128 - [INFO] - ------------------------------------------------------------
2025-12-21 21:40:57,735 - [INFO] - epoch: 68, loss_rrl: 109.11092972569168
2025-12-21 21:40:58,967 - [DEBUG] - y_true: (1447,) [0 0 0 0 0 1 0 0 0 0 0 0 0 0 0 0 0 1 0 0 0 0 0 0 1 0 0 0 0 0 0 0 0 0 0 0 0
 0 1 1 0]
2025-12-21 21:40:59,129 - [DEBUG] - y_rrl_: (1447,) [0 1 0 0 0 1 0 0 0 0 0 0 0 0 0 0 0 0 0 0 0 0 0 0 1 0 0 0 0 0 0 0 0 0 0 0 0
 0 1 0 0]
2025-12-21 21:40:59,129 - [DEBUG] - y_rrl: (1447, 2) [[ 11.734633   -11.774749  ]
 [ -0.05303428   0.01326325]
 [  8.398314    -8.437524  ]
 [  9.358528    -9.397741  ]
 [ 11.734633   -11.774749  ]
 [ -2.1853852    2.1459537 ]
 [ 12.694847   -12.734965  ]
 [  9.358528    -9.397741  ]
 [ 12.694847   -12.734965  ]
 [  4.5006046   -4.539785  ]
 [  1.0958772   -1.1354572 ]
 [  9.301413    -9.341418  ]
 [ 12.694847   -12.734965  ]
 [ 11.141059   -11.1807    ]
 [ 12.694847   -12.734965  ]
 [ 11.141059   -11.1807    ]
 [  9.420177    -9.45953   ]
 [  2.4621148   -2.5017574 ]
 [  7.244702    -7.284     ]
 [  7.6859756   -7.725365  ]
 [ 12.101273   -12.140918  ]
 [ 11.141059   -11.1807    ]
 [ 11.141059   -11.1807    ]
 [ 11.734633   -11.774749  ]
 [ -1.591811     1.5519055 ]
 [  3.055689    -3.0958056 ]
 [  6.3731246   -6.412688  ]
 [ 11.672984   -11.712959  ]
 [  8.707838    -8.74737   ]
 [ 10.973966   -11.013795  ]
 [ 12.694847   -12.734965  ]
 [  8.99259     -9.032091  ]
 [  2.4621148   -2.5017574 ]
 [  1.4402516   -1.479752  ]
 [ 12.694847   -12.734965  ]
 [  9.952102    -9.991789  ]
 [ 11.734633   -11.774749  ]
 [ 10.71277    -10.752743  ]
 [ -2.1853852    2.1459537 ]
 [  2.771044    -2.8106513 ]
 [  8.398314    -8.437524  ]]
2025-12-21 21:40:59,131 - [INFO] - ------------------------------------------------------------
2025-12-21 21:40:59,131 - [INFO] - On Validation Set:
	Accuracy of RRL  Model: 0.899101589495508
	F1 Score of RRL  Model: 0.6977861319966583
2025-12-21 21:40:59,137 - [INFO] - On Validation Set:
Performance of  RRL Model: 
[[1241   45]
 [ 101   60]]
              precision    recall  f1-score   support

           0       0.92      0.97      0.94      1286
           1       0.57      0.37      0.45       161

    accuracy                           0.90      1447
   macro avg       0.75      0.67      0.70      1447
weighted avg       0.89      0.90      0.89      1447

2025-12-21 21:40:59,137 - [INFO] - ------------------------------------------------------------
2025-12-21 21:40:59,496 - [INFO] - epoch: 69, loss_rrl: 109.26304925046861
2025-12-21 21:41:00,859 - [DEBUG] - y_true: (1447,) [0 0 0 0 0 1 0 0 0 0 0 0 0 0 0 0 0 1 0 0 0 0 0 0 1 0 0 0 0 0 0 0 0 0 0 0 0
 0 1 1 0]
2025-12-21 21:41:01,020 - [DEBUG] - y_rrl_: (1447,) [0 0 0 0 0 1 0 0 0 0 0 0 0 0 0 0 0 0 0 0 0 0 0 0 1 0 0 0 0 0 0 0 0 0 0 0 0
 0 1 0 0]
2025-12-21 21:41:01,020 - [DEBUG] - y_rrl: (1447, 2) [[ 11.499269  -11.53854  ]
 [  2.0410256  -2.0795689]
 [  5.7083335  -5.7466774]
 [  6.660222   -6.6985683]
 [ 10.5473795 -10.586649 ]
 [ -1.8640785   1.8256176]
 [ 11.499269  -11.53854  ]
 [  9.905769   -9.944444 ]
 [ 11.499269  -11.53854  ]
 [  5.1016145  -5.140255 ]
 [  3.0776734  -3.1167622]
 [  8.306745   -8.345723 ]
 [  9.965654  -10.004463 ]
 [  9.965654  -10.004463 ]
 [  8.645131   -8.683937 ]
 [ 10.917542  -10.956355 ]
 [ 10.917542  -10.956355 ]
 [  3.0776734  -3.1167622]
 [  7.034475   -7.072956 ]
 [  6.535      -6.573563 ]
 [ 10.917542  -10.956355 ]
 [  9.965654  -10.004463 ]
 [  9.965654  -10.004463 ]
 [ 10.917542  -10.956355 ]
 [ -5.4120917   5.3735404]
 [  2.7426188  -2.781286 ]
 [  7.621642   -7.660161 ]
 [  9.905769   -9.944444 ]
 [  7.3336086  -7.372267 ]
 [  9.944407   -9.982898 ]
 [ 11.499269  -11.53854  ]
 [  5.21808    -5.2569184]
 [  2.1045375  -2.1433058]
 [  1.0927639  -1.1313944]
 [ 10.5473795 -10.586649 ]
 [  9.905769   -9.944444 ]
 [  9.965654  -10.004463 ]
 [  9.905769   -9.944444 ]
 [ -1.5290241   1.4901409]
 [  1.6593852  -1.698159 ]
 [  9.905769   -9.944444 ]]
2025-12-21 21:41:01,023 - [INFO] - ------------------------------------------------------------
2025-12-21 21:41:01,023 - [INFO] - On Validation Set:
	Accuracy of RRL  Model: 0.9080856945404284
	F1 Score of RRL  Model: 0.7576821718212712
2025-12-21 21:41:01,028 - [INFO] - On Validation Set:
Performance of  RRL Model: 
[[1227   59]
 [  74   87]]
              precision    recall  f1-score   support

           0       0.94      0.95      0.95      1286
           1       0.60      0.54      0.57       161

    accuracy                           0.91      1447
   macro avg       0.77      0.75      0.76      1447
weighted avg       0.90      0.91      0.91      1447

2025-12-21 21:41:01,029 - [INFO] - ------------------------------------------------------------
2025-12-21 21:41:01,129 - [INFO] - epoch: 70, loss_rrl: 108.30167552828789
2025-12-21 21:41:02,585 - [INFO] - epoch: 71, loss_rrl: 107.54212703183293
2025-12-21 21:41:02,737 - [DEBUG] - y_true: (1447,) [0 0 0 0 0 1 0 0 0 0 0 0 0 0 0 0 0 1 0 0 0 0 0 0 1 0 0 0 0 0 0 0 0 0 0 0 0
 0 1 1 0]
2025-12-21 21:41:02,899 - [DEBUG] - y_rrl_: (1447,) [0 1 0 0 0 1 0 0 0 0 0 0 0 0 0 0 0 0 0 0 0 0 0 0 1 1 0 0 0 0 0 0 0 0 0 0 0
 0 0 1 0]
2025-12-21 21:41:02,899 - [DEBUG] - y_rrl: (1447, 2) [[ 10.861914   -10.900356  ]
 [ -2.67934      2.6414053 ]
 [  8.305954    -8.343501  ]
 [  9.272538    -9.310397  ]
 [  9.548401    -9.5867815 ]
 [ -2.7967775    2.7588575 ]
 [ 10.861914   -10.900356  ]
 [ 10.274132   -10.312123  ]
 [ 10.861914   -10.900356  ]
 [  6.9787116   -7.0167274 ]
 [  4.0178094   -4.0559297 ]
 [  7.2998414   -7.3381343 ]
 [  6.7970138   -6.8350925 ]
 [  8.960618    -8.998548  ]
 [ 10.274132   -10.312123  ]
 [ 10.274132   -10.312123  ]
 [  8.960618    -8.998548  ]
 [  4.0044208   -4.0427384 ]
 [  6.4116254   -6.4492936 ]
 [  7.881037    -7.919232  ]
 [ 10.274132   -10.312123  ]
 [ 10.274132   -10.312123  ]
 [ 10.274132   -10.312123  ]
 [  8.960618    -8.998548  ]
 [ -3.7983701    3.7605827 ]
 [ -2.138049     2.1000597 ]
 [  5.639364    -5.677208  ]
 [ 10.274132   -10.312123  ]
 [  7.6601596   -7.6980042 ]
 [ 10.274132   -10.312123  ]
 [ 10.861914   -10.900356  ]
 [  8.201522    -8.239688  ]
 [  4.364739    -4.402608  ]
 [  3.0378363   -3.0758417 ]
 [ 10.861914   -10.900356  ]
 [ 10.274132   -10.312123  ]
 [ 10.274132   -10.312123  ]
 [ 10.274132   -10.312123  ]
 [  0.56290275  -0.6009302 ]
 [ -0.43868998   0.40079558]
 [ 10.274132   -10.312123  ]]
2025-12-21 21:41:02,901 - [INFO] - ------------------------------------------------------------
2025-12-21 21:41:02,901 - [INFO] - On Validation Set:
	Accuracy of RRL  Model: 0.9080856945404284
	F1 Score of RRL  Model: 0.7562816202217453
2025-12-21 21:41:02,907 - [INFO] - On Validation Set:
Performance of  RRL Model: 
[[1228   58]
 [  75   86]]
              precision    recall  f1-score   support

           0       0.94      0.95      0.95      1286
           1       0.60      0.53      0.56       161

    accuracy                           0.91      1447
   macro avg       0.77      0.74      0.76      1447
weighted avg       0.90      0.91      0.91      1447

2025-12-21 21:41:02,907 - [INFO] - ------------------------------------------------------------
2025-12-21 21:41:04,368 - [INFO] - epoch: 72, loss_rrl: 107.85899472981691
2025-12-21 21:41:04,752 - [DEBUG] - y_true: (1447,) [0 0 0 0 0 1 0 0 0 0 0 0 0 0 0 0 0 1 0 0 0 0 0 0 1 0 0 0 0 0 0 0 0 0 0 0 0
 0 1 1 0]
2025-12-21 21:41:04,912 - [DEBUG] - y_rrl_: (1447,) [0 1 0 0 0 1 0 0 0 0 0 0 0 0 0 0 0 0 0 0 0 0 0 0 1 0 0 0 0 0 0 0 0 0 0 0 0
 0 1 0 0]
2025-12-21 21:41:04,913 - [DEBUG] - y_rrl: (1447, 2) [[ 12.626099   -12.663735  ]
 [ -0.38468707   0.34761706]
 [ 10.059768   -10.096532  ]
 [ 10.059768   -10.096532  ]
 [ 12.626099   -12.663735  ]
 [ -1.9782766    1.941278  ]
 [ 12.626099   -12.663735  ]
 [ 11.032138   -11.069206  ]
 [ 12.626099   -12.663735  ]
 [  6.2311177   -6.268157  ]
 [  4.8375573   -4.8749223 ]
 [  8.341924    -8.37945   ]
 [  8.614393    -8.651677  ]
 [ 11.032138   -11.069206  ]
 [ 12.028668   -12.0658655 ]
 [ 12.028668   -12.0658655 ]
 [ 12.028668   -12.0658655 ]
 [  2.5443745   -2.5817423 ]
 [  7.1981263   -7.234883  ]
 [  7.669675    -7.706637  ]
 [ 11.032138   -11.069206  ]
 [ 12.028668   -12.0658655 ]
 [ 12.028668   -12.0658655 ]
 [ 11.032138   -11.069206  ]
 [ -1.9782766    1.941278  ]
 [  0.45091236  -0.4880595 ]
 [  5.0024266   -5.039676  ]
 [ 11.032138   -11.069206  ]
 [  8.666206    -8.703297  ]
 [ 11.056299   -11.093191  ]
 [ 11.629568   -11.667077  ]
 [  9.31575     -9.352551  ]
 [  3.8651872   -3.902248  ]
 [  1.5720052   -1.6090684 ]
 [ 12.626099   -12.663735  ]
 [ 11.032138   -11.069206  ]
 [ 12.028668   -12.0658655 ]
 [ 11.032138   -11.069206  ]
 [ -1.0059068    0.96860397]
 [  1.3841859   -1.421291  ]
 [ 11.032138   -11.069206  ]]
2025-12-21 21:41:04,915 - [INFO] - ------------------------------------------------------------
2025-12-21 21:41:04,915 - [INFO] - On Validation Set:
	Accuracy of RRL  Model: 0.9080856945404284
	F1 Score of RRL  Model: 0.7140167472824673
2025-12-21 21:41:04,921 - [INFO] - On Validation Set:
Performance of  RRL Model: 
[[1253   33]
 [ 100   61]]
              precision    recall  f1-score   support

           0       0.93      0.97      0.95      1286
           1       0.65      0.38      0.48       161

    accuracy                           0.91      1447
   macro avg       0.79      0.68      0.71      1447
weighted avg       0.90      0.91      0.90      1447

2025-12-21 21:41:04,921 - [INFO] - ------------------------------------------------------------
2025-12-21 21:41:06,079 - [INFO] - epoch: 73, loss_rrl: 109.20866025425494
2025-12-21 21:41:06,716 - [DEBUG] - y_true: (1447,) [0 0 0 0 0 1 0 0 0 0 0 0 0 0 0 0 0 1 0 0 0 0 0 0 1 0 0 0 0 0 0 0 0 0 0 0 0
 0 1 1 0]
2025-12-21 21:41:06,869 - [DEBUG] - y_rrl_: (1447,) [0 0 0 0 0 1 0 0 0 0 0 0 0 0 0 0 0 0 0 0 0 0 0 0 1 0 0 0 0 0 0 0 0 0 0 0 0
 0 0 0 0]
2025-12-21 21:41:06,870 - [DEBUG] - y_rrl: (1447, 2) [[ 12.203466   -12.240311  ]
 [  2.8353355   -2.8715017 ]
 [  8.693965    -8.729957  ]
 [ 10.624474   -10.660764  ]
 [ 11.235821   -11.272662  ]
 [ -2.2742536    2.2380369 ]
 [ 12.203466   -12.240311  ]
 [  9.661612    -9.697606  ]
 [ 12.203466   -12.240311  ]
 [  4.9158726   -4.951835  ]
 [  4.2690315   -4.3052726 ]
 [  8.047125    -8.083394  ]
 [ 10.643472   -10.679882  ]
 [  9.656828    -9.693114  ]
 [ 11.611116   -11.6475315 ]
 [ 10.349368   -10.385909  ]
 [ 10.648254   -10.684374  ]
 [  2.020639    -2.0568829 ]
 [  3.9331596   -3.9694283 ]
 [  8.245433    -8.281913  ]
 [ 10.624474   -10.660764  ]
 [ 10.643472   -10.679882  ]
 [ 10.643472   -10.679882  ]
 [ 10.624474   -10.660764  ]
 [ -4.361916     4.3257413 ]
 [  2.261725    -2.2981293 ]
 [  6.655198    -6.6914945 ]
 [ 10.624474   -10.660764  ]
 [  8.047125    -8.083394  ]
 [ 10.86556    -10.902011  ]
 [ 11.216824   -11.253543  ]
 [  7.649523    -7.6859713 ]
 [  4.2690315   -4.3052726 ]
 [  2.020639    -2.0568829 ]
 [ 11.235821   -11.272662  ]
 [ 10.624474   -10.660764  ]
 [ 10.643472   -10.679882  ]
 [ 10.624474   -10.660764  ]
 [  0.10478789  -0.14081399]
 [  1.0676507   -1.1039718 ]
 [  9.661612    -9.697606  ]]
2025-12-21 21:41:06,872 - [INFO] - ------------------------------------------------------------
2025-12-21 21:41:06,872 - [INFO] - On Validation Set:
	Accuracy of RRL  Model: 0.9087767795438839
	F1 Score of RRL  Model: 0.7267655439969787
2025-12-21 21:41:06,878 - [INFO] - On Validation Set:
Performance of  RRL Model: 
[[1248   38]
 [  94   67]]
              precision    recall  f1-score   support

           0       0.93      0.97      0.95      1286
           1       0.64      0.42      0.50       161

    accuracy                           0.91      1447
   macro avg       0.78      0.69      0.73      1447
weighted avg       0.90      0.91      0.90      1447

2025-12-21 21:41:06,878 - [INFO] - ------------------------------------------------------------
2025-12-21 21:41:07,651 - [INFO] - epoch: 74, loss_rrl: 109.4423596020788
2025-12-21 21:41:08,461 - [DEBUG] - y_true: (1447,) [0 0 0 0 0 1 0 0 0 0 0 0 0 0 0 0 0 1 0 0 0 0 0 0 1 0 0 0 0 0 0 0 0 0 0 0 0
 0 1 1 0]
2025-12-21 21:41:08,611 - [DEBUG] - y_rrl_: (1447,) [0 1 0 0 0 1 0 0 0 0 0 0 0 0 0 0 0 0 0 0 0 0 0 0 1 0 0 0 0 0 0 0 0 0 0 0 0
 0 1 0 0]
2025-12-21 21:41:08,611 - [DEBUG] - y_rrl: (1447, 2) [[ 11.468668   -11.50474   ]
 [ -0.72654784   0.6905965 ]
 [  8.951885    -8.987133  ]
 [  8.951885    -8.987133  ]
 [ 11.468668   -11.50474   ]
 [ -2.91935      2.883887  ]
 [ 11.468668   -11.50474   ]
 [  8.951885    -8.987133  ]
 [ 11.468668   -11.50474   ]
 [  4.2280545   -4.2632713 ]
 [  1.6197411   -1.6553847 ]
 [  6.93114     -6.9672337 ]
 [ 10.236078   -10.272272  ]
 [  9.901211    -9.936745  ]
 [ 11.468668   -11.50474   ]
 [ 10.8811     -10.916752  ]
 [  9.931774    -9.96714   ]
 [  0.63985276  -0.67537636]
 [  6.1738687   -6.20911   ]
 [  6.596273    -6.631705  ]
 [  9.901211    -9.936745  ]
 [ 10.8811     -10.916752  ]
 [ 10.8811     -10.916752  ]
 [ 10.488781   -10.524732  ]
 [ -2.3317816    2.2958994 ]
 [  2.2073092   -2.2433722 ]
 [  5.623016    -5.658564  ]
 [ 10.488781   -10.524732  ]
 [  7.5761614   -7.6117134 ]
 [ 10.519342   -10.555128  ]
 [ 10.488781   -10.524732  ]
 [  6.989823    -7.025227  ]
 [  1.6197411   -1.6553847 ]
 [  0.63985276  -0.67537636]
 [ 11.468668   -11.50474   ]
 [  9.539455    -9.57512   ]
 [ 11.468668   -11.50474   ]
 [ 10.488781   -10.524732  ]
 [ -2.91935      2.883887  ]
 [  0.38558865  -0.42115176]
 [  8.951885    -8.987133  ]]
2025-12-21 21:41:08,614 - [INFO] - ------------------------------------------------------------
2025-12-21 21:41:08,614 - [INFO] - On Validation Set:
	Accuracy of RRL  Model: 0.9080856945404284
	F1 Score of RRL  Model: 0.759064305521649
2025-12-21 21:41:08,620 - [INFO] - On Validation Set:
Performance of  RRL Model: 
[[1226   60]
 [  73   88]]
              precision    recall  f1-score   support

           0       0.94      0.95      0.95      1286
           1       0.59      0.55      0.57       161

    accuracy                           0.91      1447
   macro avg       0.77      0.75      0.76      1447
weighted avg       0.90      0.91      0.91      1447

2025-12-21 21:41:08,620 - [INFO] - ------------------------------------------------------------
2025-12-21 21:41:09,177 - [INFO] - epoch: 75, loss_rrl: 109.83634878508747
2025-12-21 21:41:10,169 - [DEBUG] - y_true: (1447,) [0 0 0 0 0 1 0 0 0 0 0 0 0 0 0 0 0 1 0 0 0 0 0 0 1 0 0 0 0 0 0 0 0 0 0 0 0
 0 1 1 0]
2025-12-21 21:41:10,315 - [DEBUG] - y_rrl_: (1447,) [0 0 0 0 0 1 0 0 0 0 0 0 0 0 0 0 0 0 0 0 0 0 0 0 1 0 0 0 0 0 0 0 0 0 0 0 0
 0 1 0 0]
2025-12-21 21:41:10,316 - [DEBUG] - y_rrl: (1447, 2) [[ 12.10218    -12.137514  ]
 [  0.29464483  -0.32956824]
 [  6.5880427   -6.622601  ]
 [  6.5880427   -6.622601  ]
 [ 12.10218    -12.137514  ]
 [ -3.341909     3.3070898 ]
 [ 12.10218    -12.137514  ]
 [  9.8325      -9.867182  ]
 [ 12.10218    -12.137514  ]
 [  5.127639    -5.1622915 ]
 [  0.9938427   -1.0287043 ]
 [  6.9697437   -7.0046883 ]
 [  8.229221    -8.264229  ]
 [ 11.525651   -11.5605755 ]
 [ 11.525651   -11.5605755 ]
 [ 11.525651   -11.5605755 ]
 [  9.8325      -9.867182  ]
 [  2.264882    -2.2997973 ]
 [  7.77621     -7.810853  ]
 [  8.209881    -8.244706  ]
 [ 11.525651   -11.5605755 ]
 [ 11.525651   -11.5605755 ]
 [ 11.525651   -11.5605755 ]
 [ 11.525651   -11.5605755 ]
 [ -4.3069067    4.2722044 ]
 [  0.20859106  -0.24346869]
 [  4.6303964   -4.665363  ]
 [ 11.525651   -11.5605755 ]
 [  8.209881    -8.244706  ]
 [  9.8325      -9.867182  ]
 [ 12.10218    -12.137514  ]
 [  6.9697437   -7.0046883 ]
 [  2.264882    -2.2997973 ]
 [  2.264882    -2.2997973 ]
 [ 12.10218    -12.137514  ]
 [  9.8325      -9.867182  ]
 [ 11.525651   -11.5605755 ]
 [ 11.525651   -11.5605755 ]
 [ -1.2856178    1.2507614 ]
 [  1.065154    -1.0999935 ]
 [  9.8325      -9.867182  ]]
2025-12-21 21:41:10,318 - [INFO] - ------------------------------------------------------------
2025-12-21 21:41:10,318 - [INFO] - On Validation Set:
	Accuracy of RRL  Model: 0.9067035245335177
	F1 Score of RRL  Model: 0.7467357440403262
2025-12-21 21:41:10,324 - [INFO] - On Validation Set:
Performance of  RRL Model: 
[[1231   55]
 [  80   81]]
              precision    recall  f1-score   support

           0       0.94      0.96      0.95      1286
           1       0.60      0.50      0.55       161

    accuracy                           0.91      1447
   macro avg       0.77      0.73      0.75      1447
weighted avg       0.90      0.91      0.90      1447

2025-12-21 21:41:10,324 - [INFO] - ------------------------------------------------------------
2025-12-21 21:41:10,653 - [INFO] - epoch: 76, loss_rrl: 108.34464843198657
2025-12-21 21:41:11,847 - [DEBUG] - y_true: (1447,) [0 0 0 0 0 1 0 0 0 0 0 0 0 0 0 0 0 1 0 0 0 0 0 0 1 0 0 0 0 0 0 0 0 0 0 0 0
 0 1 1 0]
2025-12-21 21:41:11,994 - [DEBUG] - y_rrl_: (1447,) [0 0 0 0 0 1 0 0 0 0 0 0 0 0 0 0 0 0 0 0 0 0 0 0 1 0 0 0 0 0 0 0 0 0 0 0 0
 0 1 0 0]
2025-12-21 21:41:11,995 - [DEBUG] - y_rrl: (1447, 2) [[ 12.116302   -12.150893  ]
 [  0.63076794  -0.6647319 ]
 [  8.633698    -8.667505  ]
 [  9.672924    -9.706734  ]
 [ 11.077075   -11.111665  ]
 [ -0.90071005   0.8668122 ]
 [ 12.116302   -12.150893  ]
 [  9.672924    -9.706734  ]
 [ 12.116302   -12.150893  ]
 [  4.993287    -5.02707   ]
 [  2.3377256   -2.3719094 ]
 [  7.2187095   -7.252802  ]
 [ 10.51863    -10.55282   ]
 [  9.56412     -9.5982    ]
 [  9.288046    -9.322234  ]
 [ 11.557857   -11.59205   ]
 [ 10.627433   -10.661356  ]
 [  1.3832169   -1.4172881 ]
 [  6.848906    -6.8827124 ]
 [  7.3034263   -7.337409  ]
 [ 10.603347   -10.637428  ]
 [ 10.51863    -10.55282   ]
 [ 10.51863    -10.55282   ]
 [ 10.603347   -10.637428  ]
 [ -2.1412807    2.1072667 ]
 [  3.5782964   -3.612364  ]
 [  7.560355    -7.5943327 ]
 [ 10.603347   -10.637428  ]
 [  7.2187095   -7.252802  ]
 [ 10.627433   -10.661356  ]
 [ 11.161793   -11.196273  ]
 [  5.02363     -5.057726  ]
 [  2.3377256   -2.3719094 ]
 [  1.3832169   -1.4172881 ]
 [ 11.077075   -11.111665  ]
 [  9.672924    -9.706734  ]
 [ 10.51863    -10.55282   ]
 [ 10.603347   -10.637428  ]
 [ -2.1412807    2.1072667 ]
 [  1.1586403   -1.1927531 ]
 [  9.672924    -9.706734  ]]
2025-12-21 21:41:11,997 - [INFO] - ------------------------------------------------------------
2025-12-21 21:41:11,997 - [INFO] - On Validation Set:
	Accuracy of RRL  Model: 0.9032480995162405
	F1 Score of RRL  Model: 0.7102058799967956
2025-12-21 21:41:12,003 - [INFO] - On Validation Set:
Performance of  RRL Model: 
[[1244   42]
 [  98   63]]
              precision    recall  f1-score   support

           0       0.93      0.97      0.95      1286
           1       0.60      0.39      0.47       161

    accuracy                           0.90      1447
   macro avg       0.76      0.68      0.71      1447
weighted avg       0.89      0.90      0.89      1447

2025-12-21 21:41:12,003 - [INFO] - ------------------------------------------------------------
2025-12-21 21:41:12,122 - [INFO] - epoch: 77, loss_rrl: 109.22418692335486
2025-12-21 21:41:13,425 - [INFO] - epoch: 78, loss_rrl: 107.72900685295463
2025-12-21 21:41:13,534 - [DEBUG] - y_true: (1447,) [0 0 0 0 0 1 0 0 0 0 0 0 0 0 0 0 0 1 0 0 0 0 0 0 1 0 0 0 0 0 0 0 0 0 0 0 0
 0 1 1 0]
2025-12-21 21:41:13,681 - [DEBUG] - y_rrl_: (1447,) [0 1 0 0 0 1 0 0 0 0 0 0 0 0 0 0 0 0 0 0 0 0 0 0 1 0 0 0 0 0 0 0 0 0 0 0 0
 0 0 0 0]
2025-12-21 21:41:13,681 - [DEBUG] - y_rrl: (1447, 2) [[ 10.985227   -11.019122  ]
 [ -0.7973824    0.7638782 ]
 [  8.581535    -8.614668  ]
 [  9.494787    -9.528183  ]
 [ 10.985227   -11.019122  ]
 [ -1.0747497    1.0414213 ]
 [ 10.985227   -11.019122  ]
 [ 10.432225   -10.465731  ]
 [ 10.985227   -11.019122  ]
 [  7.0186553   -7.052179  ]
 [  3.130121    -3.1637769 ]
 [  7.572621    -7.606374  ]
 [ 10.432225   -10.465731  ]
 [ 10.432225   -10.465731  ]
 [ 10.432225   -10.465731  ]
 [  9.200888    -9.234506  ]
 [ 10.432225   -10.465731  ]
 [  4.15905     -4.192822  ]
 [  5.4211416   -5.454493  ]
 [  8.04035     -8.074024  ]
 [ 10.432225   -10.465731  ]
 [ 10.432225   -10.465731  ]
 [ 10.432225   -10.465731  ]
 [ 10.432225   -10.465731  ]
 [ -3.2435246    3.2101932 ]
 [  3.7135282   -3.7469573 ]
 [  5.9576464   -5.9910216 ]
 [ 10.432225   -10.465731  ]
 [  7.8907065   -7.9240837 ]
 [ 10.432225   -10.465731  ]
 [ 10.985227   -11.019122  ]
 [  8.437281    -8.470931  ]
 [  4.477135    -4.510532  ]
 [  3.2457983   -3.2793076 ]
 [ 10.985227   -11.019122  ]
 [ 10.432225   -10.465731  ]
 [ 10.432225   -10.465731  ]
 [ 10.432225   -10.465731  ]
 [  0.99904007  -1.0325764 ]
 [  0.06160198  -0.0950295 ]
 [ 10.432225   -10.465731  ]]
2025-12-21 21:41:13,683 - [INFO] - ------------------------------------------------------------
2025-12-21 21:41:13,683 - [INFO] - On Validation Set:
	Accuracy of RRL  Model: 0.9094678645473393
	F1 Score of RRL  Model: 0.72791577255144
2025-12-21 21:41:13,689 - [INFO] - On Validation Set:
Performance of  RRL Model: 
[[1249   37]
 [  94   67]]
              precision    recall  f1-score   support

           0       0.93      0.97      0.95      1286
           1       0.64      0.42      0.51       161

    accuracy                           0.91      1447
   macro avg       0.79      0.69      0.73      1447
weighted avg       0.90      0.91      0.90      1447

2025-12-21 21:41:13,689 - [INFO] - ------------------------------------------------------------
2025-12-21 21:41:14,902 - [INFO] - epoch: 79, loss_rrl: 108.47212939150631
2025-12-21 21:41:15,224 - [DEBUG] - y_true: (1447,) [0 0 0 0 0 1 0 0 0 0 0 0 0 0 0 0 0 1 0 0 0 0 0 0 1 0 0 0 0 0 0 0 0 0 0 0 0
 0 1 1 0]
2025-12-21 21:41:15,371 - [DEBUG] - y_rrl_: (1447,) [0 0 0 0 0 1 0 0 0 0 0 0 0 0 0 0 0 0 0 0 0 0 0 0 1 0 0 0 0 0 0 0 0 0 0 0 0
 0 1 0 0]
2025-12-21 21:41:15,371 - [DEBUG] - y_rrl: (1447, 2) [[ 10.850005  -10.883249 ]
 [  1.451189   -1.483954 ]
 [  8.441578   -8.474079 ]
 [  9.525553   -9.558056 ]
 [ 10.850005  -10.883249 ]
 [ -2.2733088   2.2406125]
 [ 11.93398   -11.967228 ]
 [ 10.433762  -10.466521 ]
 [ 11.93398   -11.967228 ]
 [  7.012288   -7.045065 ]
 [  4.310239   -4.3432374]
 [  6.6618237  -6.694959 ]
 [  6.9630613  -6.996    ]
 [  9.349786   -9.382544 ]
 [ 11.383249  -11.416116 ]
 [  9.062474   -9.095446 ]
 [ 10.299274  -10.332138 ]
 [  3.3748364  -3.4078875]
 [  4.344154   -4.376761 ]
 [  7.124902   -7.1575694]
 [ 10.433762  -10.466521 ]
 [ 10.299274  -10.332138 ]
 [ 10.299274  -10.332138 ]
 [  9.349786   -9.382544 ]
 [ -2.2733088   2.2406125]
 [  1.3167024  -1.3495702]
 [  4.5000916  -4.532994 ]
 [ 10.433762  -10.466521 ]
 [  6.9904156  -7.0231857]
 [ 10.475041  -10.50765  ]
 [ 10.984492  -11.017633 ]
 [  6.443568   -6.4762073]
 [  4.652916   -4.6857076]
 [  2.466628   -2.4994226]
 [ 10.850005  -10.883249 ]
 [ 10.433762  -10.466521 ]
 [ 10.299274  -10.332138 ]
 [  9.349786   -9.382544 ]
 [ -1.3651004   1.3321477]
 [  1.0355506  -1.0683389]
 [  9.349786   -9.382544 ]]
2025-12-21 21:41:15,373 - [INFO] - ------------------------------------------------------------
2025-12-21 21:41:15,374 - [INFO] - On Validation Set:
	Accuracy of RRL  Model: 0.9101589495507948
	F1 Score of RRL  Model: 0.7524164762616743
2025-12-21 21:41:15,380 - [INFO] - On Validation Set:
Performance of  RRL Model: 
[[1236   50]
 [  80   81]]
              precision    recall  f1-score   support

           0       0.94      0.96      0.95      1286
           1       0.62      0.50      0.55       161

    accuracy                           0.91      1447
   macro avg       0.78      0.73      0.75      1447
weighted avg       0.90      0.91      0.91      1447

2025-12-21 21:41:15,380 - [INFO] - ------------------------------------------------------------
2025-12-21 21:41:16,387 - [INFO] - epoch: 80, loss_rrl: 108.16779560409486
2025-12-21 21:41:16,929 - [DEBUG] - y_true: (1447,) [0 0 0 0 0 1 0 0 0 0 0 0 0 0 0 0 0 1 0 0 0 0 0 0 1 0 0 0 0 0 0 0 0 0 0 0 0
 0 1 1 0]
2025-12-21 21:41:17,076 - [DEBUG] - y_rrl_: (1447,) [0 0 0 0 0 1 0 0 0 0 0 0 0 0 0 0 0 0 0 0 0 0 0 0 1 0 0 0 0 0 0 0 0 0 0 0 0
 0 0 0 0]
2025-12-21 21:41:17,076 - [DEBUG] - y_rrl: (1447, 2) [[ 12.950529   -12.983271  ]
 [  1.2134844   -1.2458541 ]
 [  9.480869    -9.512881  ]
 [ 11.458216   -11.49048   ]
 [ 11.871634   -11.904373  ]
 [ -0.24035205   0.20804323]
 [ 12.950529   -12.983271  ]
 [ 11.513329   -11.545446  ]
 [ 12.950529   -12.983271  ]
 [  6.866775    -6.898869  ]
 [  5.230019    -5.2622423 ]
 [  7.576973    -7.6093254 ]
 [ 10.112181   -10.144652  ]
 [ 11.332882   -11.365249  ]
 [ 12.411779   -12.444147  ]
 [ 11.191076   -11.223551  ]
 [ 11.513329   -11.545446  ]
 [  4.009317    -4.0416465 ]
 [  7.445537    -7.4777613 ]
 [ 10.015142   -10.047671  ]
 [ 12.411779   -12.444147  ]
 [ 11.332882   -11.365249  ]
 [ 11.332882   -11.365249  ]
 [ 12.411779   -12.444147  ]
 [ -3.281124     3.2489498 ]
 [  3.2494366   -3.2817972 ]
 [  7.9462967   -7.978542  ]
 [ 12.411779   -12.444147  ]
 [  8.797676    -8.829921  ]
 [ 11.651897   -11.684298  ]
 [ 12.950529   -12.983271  ]
 [  7.7155423   -7.7481766 ]
 [  5.230019    -5.2622423 ]
 [  4.009317    -4.0416465 ]
 [ 11.871634   -11.904373  ]
 [ 12.411779   -12.444147  ]
 [ 11.332882   -11.365249  ]
 [ 12.411779   -12.444147  ]
 [  2.1562848   -2.1884325 ]
 [  2.1011715   -2.133466  ]
 [ 11.513329   -11.545446  ]]
2025-12-21 21:41:17,078 - [INFO] - ------------------------------------------------------------
2025-12-21 21:41:17,078 - [INFO] - On Validation Set:
	Accuracy of RRL  Model: 0.902557014512785
	F1 Score of RRL  Model: 0.6629931170497961
2025-12-21 21:41:17,084 - [INFO] - On Validation Set:
Performance of  RRL Model: 
[[1263   23]
 [ 118   43]]
              precision    recall  f1-score   support

           0       0.91      0.98      0.95      1286
           1       0.65      0.27      0.38       161

    accuracy                           0.90      1447
   macro avg       0.78      0.62      0.66      1447
weighted avg       0.89      0.90      0.88      1447

2025-12-21 21:41:17,084 - [INFO] - ------------------------------------------------------------
2025-12-21 21:41:17,882 - [INFO] - epoch: 81, loss_rrl: 107.66166958026588
2025-12-21 21:41:18,644 - [DEBUG] - y_true: (1447,) [0 0 0 0 0 1 0 0 0 0 0 0 0 0 0 0 0 1 0 0 0 0 0 0 1 0 0 0 0 0 0 0 0 0 0 0 0
 0 1 1 0]
2025-12-21 21:41:18,792 - [DEBUG] - y_rrl_: (1447,) [0 0 0 0 0 1 0 0 0 0 0 0 0 0 0 0 0 0 0 0 0 0 0 0 1 0 0 0 0 0 0 0 0 0 0 0 0
 0 1 0 0]
2025-12-21 21:41:18,793 - [DEBUG] - y_rrl: (1447, 2) [[ 11.557108  -11.589355 ]
 [  4.0056067  -4.0376554]
 [  8.437831   -8.469396 ]
 [  9.500696   -9.532261 ]
 [ 11.557108  -11.589355 ]
 [ -1.3862064   1.3544894]
 [ 12.619971  -12.652221 ]
 [  9.500696   -9.532261 ]
 [ 12.619971  -12.652221 ]
 [  4.887962   -4.919504 ]
 [  3.0039299  -3.0358024]
 [  9.344059   -9.376221 ]
 [ 12.619971  -12.652221 ]
 [ 10.086905  -10.118682 ]
 [ 12.619971  -12.652221 ]
 [  9.829714   -9.861694 ]
 [  9.370155   -9.401822 ]
 [  2.071605   -2.103376 ]
 [  5.1881742  -5.2198095]
 [  7.873856   -7.905547 ]
 [ 11.149768  -11.181548 ]
 [ 11.01923   -11.051108 ]
 [ 11.01923   -11.051108 ]
 [ 10.6247835 -10.656929 ]
 [ -2.9084685   2.8764145]
 [  3.5418088  -3.574049 ]
 [  8.087033   -8.11872  ]
 [ 11.687647  -11.719794 ]
 [  8.806181   -8.837974 ]
 [ 10.9709    -11.0029335]
 [ 11.687647  -11.719794 ]
 [  6.68434    -6.7161336]
 [  3.0039299  -3.0358024]
 [  2.071605   -2.103376 ]
 [ 12.619971  -12.652221 ]
 [ 10.038574  -10.070507 ]
 [ 11.557108  -11.589355 ]
 [ 10.6247835 -10.656929 ]
 [ -1.3862064   1.3544894]
 [  1.8897066  -1.9215113]
 [  8.437831   -8.469396 ]]
2025-12-21 21:41:18,795 - [INFO] - ------------------------------------------------------------
2025-12-21 21:41:18,795 - [INFO] - On Validation Set:
	Accuracy of RRL  Model: 0.9060124395300622
	F1 Score of RRL  Model: 0.7126452894106653
2025-12-21 21:41:18,801 - [INFO] - On Validation Set:
Performance of  RRL Model: 
[[1249   37]
 [  99   62]]
              precision    recall  f1-score   support

           0       0.93      0.97      0.95      1286
           1       0.63      0.39      0.48       161

    accuracy                           0.91      1447
   macro avg       0.78      0.68      0.71      1447
weighted avg       0.89      0.91      0.90      1447

2025-12-21 21:41:18,801 - [INFO] - ------------------------------------------------------------
2025-12-21 21:41:19,387 - [INFO] - epoch: 82, loss_rrl: 107.81645070947707
2025-12-21 21:41:20,370 - [DEBUG] - y_true: (1447,) [0 0 0 0 0 1 0 0 0 0 0 0 0 0 0 0 0 1 0 0 0 0 0 0 1 0 0 0 0 0 0 0 0 0 0 0 0
 0 1 1 0]
2025-12-21 21:41:20,516 - [DEBUG] - y_rrl_: (1447,) [0 0 0 0 0 1 0 0 0 0 0 0 0 0 0 0 0 0 0 0 0 0 0 0 1 0 0 0 0 0 0 0 0 0 0 0 0
 0 0 0 0]
2025-12-21 21:41:20,517 - [DEBUG] - y_rrl: (1447, 2) [[ 11.645852   -11.677611  ]
 [  0.7052739   -0.73693633]
 [  8.532261    -8.563351  ]
 [  9.584421    -9.615514  ]
 [ 11.645852   -11.677611  ]
 [ -1.2149191    1.1836766 ]
 [ 12.698012   -12.7297735 ]
 [  9.584421    -9.615514  ]
 [ 12.698012   -12.7297735 ]
 [  5.0212693   -5.052339  ]
 [  3.1541922   -3.1855855 ]
 [  8.247888    -8.279665  ]
 [ 11.509999   -11.541861  ]
 [ 10.17112    -10.20242   ]
 [ 10.4764185  -10.508175  ]
 [  9.927296    -9.958796  ]
 [  9.47645     -9.507639  ]
 [  2.2100031   -2.2412975 ]
 [  5.300606    -5.3317676 ]
 [  7.9611692   -7.9923873 ]
 [ 11.223281   -11.254582  ]
 [ 11.115309   -11.1467085 ]
 [ 11.115309   -11.1467085 ]
 [ 10.701663   -10.733323  ]
 [ -0.6843763    0.65277296]
 [  3.684735    -3.7164888 ]
 [  5.3841553   -5.4155917 ]
 [ 11.753823   -11.785485  ]
 [  8.905358    -8.936674  ]
 [ 11.059154   -11.090706  ]
 [ 11.753823   -11.785485  ]
 [  8.396408    -8.427601  ]
 [  3.1541922   -3.1855855 ]
 [  2.2100031   -2.2412975 ]
 [ 12.698012   -12.7297735 ]
 [ 10.1149645  -10.146418  ]
 [ 11.645852   -11.677611  ]
 [ 10.701663   -10.733323  ]
 [  0.40833348  -0.43945205]
 [  2.0471926   -2.07852   ]
 [  8.532261    -8.563351  ]]
2025-12-21 21:41:20,519 - [INFO] - ------------------------------------------------------------
2025-12-21 21:41:20,519 - [INFO] - On Validation Set:
	Accuracy of RRL  Model: 0.9032480995162405
	F1 Score of RRL  Model: 0.6912869090288445
2025-12-21 21:41:20,525 - [INFO] - On Validation Set:
Performance of  RRL Model: 
[[1253   33]
 [ 107   54]]
              precision    recall  f1-score   support

           0       0.92      0.97      0.95      1286
           1       0.62      0.34      0.44       161

    accuracy                           0.90      1447
   macro avg       0.77      0.65      0.69      1447
weighted avg       0.89      0.90      0.89      1447

2025-12-21 21:41:20,525 - [INFO] - ------------------------------------------------------------
2025-12-21 21:41:20,905 - [INFO] - epoch: 83, loss_rrl: 107.54252599552274
2025-12-21 21:41:22,105 - [DEBUG] - y_true: (1447,) [0 0 0 0 0 1 0 0 0 0 0 0 0 0 0 0 0 1 0 0 0 0 0 0 1 0 0 0 0 0 0 0 0 0 0 0 0
 0 1 1 0]
2025-12-21 21:41:22,253 - [DEBUG] - y_rrl_: (1447,) [0 0 0 0 0 0 0 0 0 0 0 0 0 0 0 0 0 0 0 0 0 0 0 0 1 0 0 0 0 0 0 0 0 0 0 0 0
 0 0 0 0]
2025-12-21 21:41:22,254 - [DEBUG] - y_rrl: (1447, 2) [[ 12.395254   -12.426547  ]
 [  2.2580936   -2.2894742 ]
 [  5.6354685   -5.6660275 ]
 [  6.672375    -6.7029366 ]
 [ 10.181505   -10.212752  ]
 [  0.71748     -0.7482615 ]
 [ 12.395254   -12.426547  ]
 [ 10.692205   -10.723102  ]
 [ 12.395254   -12.426547  ]
 [  7.346781    -7.3776975 ]
 [  4.9756985   -5.006764  ]
 [  8.987265    -9.018705  ]
 [ 10.181505   -10.212752  ]
 [ 10.832142   -10.86308   ]
 [ 10.188178   -10.219465  ]
 [ 11.869047   -11.899988  ]
 [ 11.869047   -11.899988  ]
 [  3.7789547   -3.8101182 ]
 [  7.013842    -7.0445046 ]
 [  7.4468236   -7.477635  ]
 [ 11.869047   -11.899988  ]
 [ 10.832142   -10.86308   ]
 [  9.655298    -9.686193  ]
 [ 12.395254   -12.426547  ]
 [ -0.0172121   -0.01415825]
 [  4.325062    -4.3564363 ]
 [  7.9288893   -7.959641  ]
 [ 11.218412   -11.2496605 ]
 [  6.4099174   -6.4407253 ]
 [ 12.395254   -12.426547  ]
 [ 12.395254   -12.426547  ]
 [  5.2131734   -5.2440796 ]
 [  4.101399    -4.1322303 ]
 [  2.9046555   -2.9355845 ]
 [ 11.358347   -11.389638  ]
 [ 11.218412   -11.2496605 ]
 [ 10.181505   -10.212752  ]
 [ 11.218412   -11.2496605 ]
 [  2.0222359   -2.0532296 ]
 [  1.8276646   -1.858532  ]
 [ 10.692205   -10.723102  ]]
2025-12-21 21:41:22,256 - [INFO] - ------------------------------------------------------------
2025-12-21 21:41:22,256 - [INFO] - On Validation Set:
	Accuracy of RRL  Model: 0.8997926744989634
	F1 Score of RRL  Model: 0.626108185649497
2025-12-21 21:41:22,262 - [INFO] - On Validation Set:
Performance of  RRL Model: 
[[1270   16]
 [ 129   32]]
              precision    recall  f1-score   support

           0       0.91      0.99      0.95      1286
           1       0.67      0.20      0.31       161

    accuracy                           0.90      1447
   macro avg       0.79      0.59      0.63      1447
weighted avg       0.88      0.90      0.87      1447

2025-12-21 21:41:22,262 - [INFO] - ------------------------------------------------------------
2025-12-21 21:41:22,464 - [INFO] - epoch: 84, loss_rrl: 108.06882113404572
2025-12-21 21:41:24,001 - [INFO] - epoch: 85, loss_rrl: 107.18215371854603
2025-12-21 21:41:24,087 - [DEBUG] - y_true: (1447,) [0 0 0 0 0 1 0 0 0 0 0 0 0 0 0 0 0 1 0 0 0 0 0 0 1 0 0 0 0 0 0 0 0 0 0 0 0
 0 1 1 0]
2025-12-21 21:41:24,248 - [DEBUG] - y_rrl_: (1447,) [0 0 0 0 0 0 0 0 0 0 0 0 0 0 0 0 0 0 0 0 0 0 0 0 1 0 0 0 0 0 0 0 0 0 0 0 0
 0 0 0 0]
2025-12-21 21:41:24,248 - [DEBUG] - y_rrl: (1447, 2) [[ 12.004466   -12.035298  ]
 [  1.5283415   -1.5587837 ]
 [  8.53609     -8.566209  ]
 [  8.53609     -8.566209  ]
 [ 10.836661   -10.867452  ]
 [  0.38975814  -0.42008784]
 [ 12.004466   -12.035298  ]
 [  9.469113    -9.499326  ]
 [ 12.004466   -12.035298  ]
 [  6.138442    -6.168674  ]
 [  4.5153685   -4.5457177 ]
 [  7.8371816   -7.8676505 ]
 [ 10.314862   -10.345305  ]
 [ 11.482667   -11.513152  ]
 [ 11.482667   -11.513152  ]
 [ 10.306005   -10.336587  ]
 [ 10.636916   -10.667173  ]
 [  3.338707    -3.3691523 ]
 [  5.4784865   -5.5087943 ]
 [  7.097374    -7.127732  ]
 [ 11.482667   -11.513152  ]
 [ 11.482667   -11.513152  ]
 [ 10.314862   -10.345305  ]
 [ 11.482667   -11.513152  ]
 [ -1.7199258    1.6895939 ]
 [  2.5988991   -2.6292336 ]
 [  7.1331854   -7.1635523 ]
 [ 10.314862   -10.345305  ]
 [  7.8460393   -7.876369  ]
 [ 10.636916   -10.667173  ]
 [ 12.004466   -12.035298  ]
 [  7.543787    -7.574123  ]
 [  4.5153685   -4.5457177 ]
 [  3.338707    -3.3691523 ]
 [ 12.004466   -12.035298  ]
 [  9.469113    -9.499326  ]
 [ 10.314862   -10.345305  ]
 [ 10.314862   -10.345305  ]
 [  1.5848368   -1.615116  ]
 [  2.6402087   -2.6706626 ]
 [  9.469113    -9.499326  ]]
2025-12-21 21:41:24,250 - [INFO] - ------------------------------------------------------------
2025-12-21 21:41:24,250 - [INFO] - On Validation Set:
	Accuracy of RRL  Model: 0.9011748445058743
	F1 Score of RRL  Model: 0.6141729053430418
2025-12-21 21:41:24,256 - [INFO] - On Validation Set:
Performance of  RRL Model: 
[[1276   10]
 [ 133   28]]
              precision    recall  f1-score   support

           0       0.91      0.99      0.95      1286
           1       0.74      0.17      0.28       161

    accuracy                           0.90      1447
   macro avg       0.82      0.58      0.61      1447
weighted avg       0.89      0.90      0.87      1447

2025-12-21 21:41:24,256 - [INFO] - ------------------------------------------------------------
2025-12-21 21:41:25,613 - [INFO] - epoch: 86, loss_rrl: 107.7536247856915
2025-12-21 21:41:25,930 - [DEBUG] - y_true: (1447,) [0 0 0 0 0 1 0 0 0 0 0 0 0 0 0 0 0 1 0 0 0 0 0 0 1 0 0 0 0 0 0 0 0 0 0 0 0
 0 1 1 0]
2025-12-21 21:41:26,091 - [DEBUG] - y_rrl_: (1447,) [0 0 0 0 0 1 0 0 0 0 0 0 0 0 0 0 0 0 0 0 0 0 0 0 1 0 0 0 0 0 0 0 0 0 0 0 0
 0 0 0 0]
2025-12-21 21:41:26,092 - [DEBUG] - y_rrl: (1447, 2) [[ 12.981558   -13.011964  ]
 [  0.5329246   -0.56289506]
 [  9.656338    -9.686086  ]
 [ 10.701549   -10.7312975 ]
 [ 11.936346   -11.96675   ]
 [ -0.7297066    0.6997927 ]
 [ 12.981558   -13.011964  ]
 [ 11.538298   -11.568273  ]
 [ 12.981558   -13.011964  ]
 [  8.156164    -8.186152  ]
 [  7.444599    -7.474794  ]
 [  8.592069    -8.622342  ]
 [ 10.222962   -10.253121  ]
 [ 10.493087   -10.523059  ]
 [ 12.457626   -12.487693  ]
 [ 11.268173   -11.298333  ]
 [ 12.457626   -12.487693  ]
 [  5.335817    -5.3660135 ]
 [  6.7052402   -6.735085  ]
 [  8.325271    -8.355163  ]
 [ 11.538298   -11.568273  ]
 [ 11.412416   -11.442479  ]
 [ 11.412416   -11.442479  ]
 [ 11.538298   -11.568273  ]
 [ -0.7297066    0.6997927 ]
 [  4.673013    -4.703104  ]
 [  8.094502    -8.124454  ]
 [ 11.538298   -11.568273  ]
 [  8.944774    -8.974727  ]
 [ 11.620878   -11.650718  ]
 [ 12.062229   -12.092542  ]
 [  7.7215004   -7.7513685 ]
 [  6.607851    -6.63782   ]
 [  4.4990683   -4.5290394 ]
 [ 11.936346   -11.96675   ]
 [ 11.538298   -11.568273  ]
 [ 11.412416   -11.442479  ]
 [ 11.538298   -11.568273  ]
 [  0.8524265   -0.8825381 ]
 [  2.4833205   -2.513317  ]
 [ 11.538298   -11.568273  ]]
2025-12-21 21:41:26,094 - [INFO] - ------------------------------------------------------------
2025-12-21 21:41:26,094 - [INFO] - On Validation Set:
	Accuracy of RRL  Model: 0.9018659295093296
	F1 Score of RRL  Model: 0.6039315013570195
2025-12-21 21:41:26,099 - [INFO] - On Validation Set:
Performance of  RRL Model: 
[[1280    6]
 [ 136   25]]
              precision    recall  f1-score   support

           0       0.90      1.00      0.95      1286
           1       0.81      0.16      0.26       161

    accuracy                           0.90      1447
   macro avg       0.86      0.58      0.60      1447
weighted avg       0.89      0.90      0.87      1447

2025-12-21 21:41:26,100 - [INFO] - ------------------------------------------------------------
2025-12-21 21:41:27,220 - [INFO] - epoch: 87, loss_rrl: 108.22433590330184
2025-12-21 21:41:27,771 - [DEBUG] - y_true: (1447,) [0 0 0 0 0 1 0 0 0 0 0 0 0 0 0 0 0 1 0 0 0 0 0 0 1 0 0 0 0 0 0 0 0 0 0 0 0
 0 1 1 0]
2025-12-21 21:41:27,934 - [DEBUG] - y_rrl_: (1447,) [0 1 0 0 0 1 0 0 0 0 0 0 0 0 0 0 0 0 0 0 0 0 0 0 1 0 0 0 0 0 0 0 0 0 0 0 0
 0 1 0 0]
2025-12-21 21:41:27,935 - [DEBUG] - y_rrl: (1447, 2) [[ 10.837653   -10.867613  ]
 [ -0.222378     0.19229041]
 [  7.8359175   -7.8652625 ]
 [  8.655713    -8.685277  ]
 [ 10.837653   -10.867613  ]
 [ -2.8472419    2.8177655 ]
 [ 10.837653   -10.867613  ]
 [  7.8359175   -7.8652625 ]
 [ 10.837653   -10.867613  ]
 [  4.434801    -4.4641585 ]
 [  2.573862    -2.6033785 ]
 [  7.277591    -7.3077836 ]
 [  9.643957    -9.674008  ]
 [  9.395286    -9.424823  ]
 [  8.637063    -8.667017  ]
 [  9.117004    -9.146722  ]
 [  8.751332    -8.780766  ]
 [  1.6143122   -1.6438743 ]
 [  4.599584    -4.628994  ]
 [  7.0289207   -7.058598  ]
 [  9.395286    -9.424823  ]
 [ 10.3107     -10.340327  ]
 [ 10.3107     -10.340327  ]
 [  9.922238    -9.952109  ]
 [ -1.5004941    1.4704635 ]
 [  3.8764744   -3.9066803 ]
 [  5.21631     -5.24585   ]
 [  9.922238    -9.952109  ]
 [  7.1245403   -7.1540866 ]
 [ 10.098081   -10.128068  ]
 [  9.922238    -9.952109  ]
 [  7.4620166   -7.491673  ]
 [  3.7234235   -3.7529826 ]
 [  1.6143122   -1.6438743 ]
 [ 10.837653   -10.867613  ]
 [  9.182666    -9.2125635 ]
 [ 10.837653   -10.867613  ]
 [  9.922238    -9.952109  ]
 [ -1.2204502    1.1910851 ]
 [  0.3389178   -0.3684764 ]
 [  7.8359175   -7.8652625 ]]
2025-12-21 21:41:27,937 - [INFO] - ------------------------------------------------------------
2025-12-21 21:41:27,937 - [INFO] - On Validation Set:
	Accuracy of RRL  Model: 0.9067035245335177
	F1 Score of RRL  Model: 0.7497158847036425
2025-12-21 21:41:27,943 - [INFO] - On Validation Set:
Performance of  RRL Model: 
[[1229   57]
 [  78   83]]
              precision    recall  f1-score   support

           0       0.94      0.96      0.95      1286
           1       0.59      0.52      0.55       161

    accuracy                           0.91      1447
   macro avg       0.77      0.74      0.75      1447
weighted avg       0.90      0.91      0.90      1447

2025-12-21 21:41:27,943 - [INFO] - ------------------------------------------------------------
2025-12-21 21:41:28,853 - [INFO] - epoch: 88, loss_rrl: 107.68301245942712
2025-12-21 21:41:29,631 - [DEBUG] - y_true: (1447,) [0 0 0 0 0 1 0 0 0 0 0 0 0 0 0 0 0 1 0 0 0 0 0 0 1 0 0 0 0 0 0 0 0 0 0 0 0
 0 1 1 0]
2025-12-21 21:41:29,796 - [DEBUG] - y_rrl_: (1447,) [0 0 0 0 0 1 0 0 0 0 0 0 0 0 0 0 0 0 0 0 0 0 0 0 1 0 0 0 0 0 0 0 0 0 0 0 0
 0 1 0 0]
2025-12-21 21:41:29,796 - [DEBUG] - y_rrl: (1447, 2) [[ 10.79913   -10.828651 ]
 [  1.1133078  -1.1427058]
 [  6.699804   -6.7286787]
 [  7.7399573  -7.7688336]
 [  9.659058   -9.688538 ]
 [ -1.7043306   1.6752801]
 [ 11.839284  -11.868807 ]
 [  7.7399573  -7.7688336]
 [ 11.839284  -11.868807 ]
 [  4.4253154  -4.45421  ]
 [  2.51672    -2.545902 ]
 [  7.492644   -7.522177 ]
 [  9.522159   -9.551731 ]
 [  9.384164   -9.413268 ]
 [ 11.839284  -11.868807 ]
 [  9.100867   -9.13015  ]
 [  8.733634   -8.762636 ]
 [  1.6229624  -1.652057 ]
 [  3.504867   -3.533809 ]
 [  6.1146574  -6.1436443]
 [ 10.424317  -10.453424 ]
 [ 10.277921  -10.307113 ]
 [  9.137849   -9.167    ]
 [  9.905373   -9.934807 ]
 [ -1.1831217   1.1537418]
 [  1.8978565  -1.9273274]
 [  6.2691126  -6.298222 ]
 [  9.805453   -9.834849 ]
 [  7.008415   -7.037489 ]
 [ 10.294997  -10.324329 ]
 [ 10.945527  -10.974962 ]
 [  4.937604   -4.966681 ]
 [  2.51672    -2.545902 ]
 [  1.6229624  -1.652057 ]
 [ 11.839284  -11.868807 ]
 [  8.261167   -8.290371 ]
 [  9.659058   -9.688538 ]
 [  8.7653     -8.794693 ]
 [ -1.7043306   1.6752801]
 [  1.465256   -1.494387 ]
 [  6.699804   -6.7286787]]
2025-12-21 21:41:29,800 - [INFO] - ------------------------------------------------------------
2025-12-21 21:41:29,800 - [INFO] - On Validation Set:
	Accuracy of RRL  Model: 0.902557014512785
	F1 Score of RRL  Model: 0.7256097314962378
2025-12-21 21:41:29,806 - [INFO] - On Validation Set:
Performance of  RRL Model: 
[[1234   52]
 [  89   72]]
              precision    recall  f1-score   support

           0       0.93      0.96      0.95      1286
           1       0.58      0.45      0.51       161

    accuracy                           0.90      1447
   macro avg       0.76      0.70      0.73      1447
weighted avg       0.89      0.90      0.90      1447

2025-12-21 21:41:29,806 - [INFO] - ------------------------------------------------------------
2025-12-21 21:41:30,501 - [INFO] - epoch: 89, loss_rrl: 107.86391830444336
2025-12-21 21:41:31,534 - [DEBUG] - y_true: (1447,) [0 0 0 0 0 1 0 0 0 0 0 0 0 0 0 0 0 1 0 0 0 0 0 0 1 0 0 0 0 0 0 0 0 0 0 0 0
 0 1 1 0]
2025-12-21 21:41:31,700 - [DEBUG] - y_rrl_: (1447,) [0 0 0 0 0 1 0 0 0 0 0 0 0 0 0 0 0 0 0 0 0 0 0 0 1 0 0 0 0 0 0 0 0 0 0 0 0
 0 0 0 0]
2025-12-21 21:41:31,701 - [DEBUG] - y_rrl: (1447, 2) [[ 10.853448   -10.88256   ]
 [  0.09898355  -0.12800634]
 [  7.8899193   -7.9184346 ]
 [  8.906204    -8.934721  ]
 [ 10.853448   -10.88256   ]
 [ -1.5990925    1.5704478 ]
 [ 11.869733   -11.898848  ]
 [  8.906204    -8.934721  ]
 [ 11.869733   -11.898848  ]
 [  4.511167    -4.5396614 ]
 [  2.5912762   -2.620052  ]
 [  7.4962664   -7.5253882 ]
 [ 10.6889715  -10.718173  ]
 [  9.449201    -9.477903  ]
 [ 11.869733   -11.898848  ]
 [  9.162734    -9.19161   ]
 [  8.784214    -8.812816  ]
 [  1.6969812   -1.7256714 ]
 [  4.689728    -4.718308  ]
 [  7.2727795   -7.3014045 ]
 [ 10.465486   -10.494189  ]
 [ 10.343495   -10.372284  ]
 [ 10.343495   -10.372284  ]
 [  9.959153    -9.988179  ]
 [ -1.0891399    1.0601717 ]
 [  3.1012294   -3.1303282 ]
 [  4.6796436   -4.7084565 ]
 [ 10.975438   -11.004466  ]
 [  8.167074    -8.1957855 ]
 [ 10.3104515  -10.339378  ]
 [ 10.975438   -11.004466  ]
 [  7.7254424   -7.754048  ]
 [  2.5912762   -2.620052  ]
 [  1.6969812   -1.7256714 ]
 [ 11.869733   -11.898848  ]
 [  9.416157    -9.444998  ]
 [ 10.853448   -10.88256   ]
 [  9.959153    -9.988179  ]
 [  0.03433075  -0.06286787]
 [  1.5936122   -1.6223356 ]
 [  7.8899193   -7.9184346 ]]
2025-12-21 21:41:31,703 - [INFO] - ------------------------------------------------------------
2025-12-21 21:41:31,703 - [INFO] - On Validation Set:
	Accuracy of RRL  Model: 0.9060124395300622
	F1 Score of RRL  Model: 0.7106374469186341
2025-12-21 21:41:31,709 - [INFO] - On Validation Set:
Performance of  RRL Model: 
[[1250   36]
 [ 100   61]]
              precision    recall  f1-score   support

           0       0.93      0.97      0.95      1286
           1       0.63      0.38      0.47       161

    accuracy                           0.91      1447
   macro avg       0.78      0.68      0.71      1447
weighted avg       0.89      0.91      0.90      1447

2025-12-21 21:41:31,709 - [INFO] - ------------------------------------------------------------
2025-12-21 21:41:32,160 - [INFO] - epoch: 90, loss_rrl: 107.46446914412081
2025-12-21 21:41:33,429 - [DEBUG] - y_true: (1447,) [0 0 0 0 0 1 0 0 0 0 0 0 0 0 0 0 0 1 0 0 0 0 0 0 1 0 0 0 0 0 0 0 0 0 0 0 0
 0 1 1 0]
2025-12-21 21:41:33,595 - [DEBUG] - y_rrl_: (1447,) [0 1 0 0 0 0 0 0 0 0 0 0 0 0 0 0 0 0 0 0 0 0 0 0 1 0 0 0 0 0 0 0 0 0 0 0 0
 0 0 0 0]
2025-12-21 21:41:33,596 - [DEBUG] - y_rrl: (1447, 2) [[ 11.553898   -11.582602  ]
 [ -0.89535      0.867012  ]
 [  4.3258204   -4.3538914 ]
 [  5.324059    -5.3521323 ]
 [  9.451206    -9.479866  ]
 [  0.2496372   -0.27787584]
 [ 11.553898   -11.582602  ]
 [  8.392892    -8.421053  ]
 [ 11.553898   -11.582602  ]
 [  5.1407557   -5.1689334 ]
 [  3.5224469   -3.5507295 ]
 [  5.7011566   -5.729547  ]
 [  8.938942    -8.967284  ]
 [ 10.043394   -10.071777  ]
 [  8.873277    -8.901658  ]
 [  9.861993    -9.890464  ]
 [  9.497344    -9.525546  ]
 [  2.3428063   -2.3711753 ]
 [  5.1828194   -5.2110424 ]
 [  6.774582    -6.802849  ]
 [ 11.041634   -11.070019  ]
 [ 10.043394   -10.071777  ]
 [  8.938942    -8.967284  ]
 [ 11.041634   -11.070019  ]
 [ -3.8609107    3.8326933 ]
 [  2.4179935   -2.4462366 ]
 [  6.0261993   -6.054501  ]
 [  9.9371805   -9.965525  ]
 [  5.776344    -5.804608  ]
 [  9.497344    -9.525546  ]
 [ 11.553898   -11.582602  ]
 [  6.2150126   -6.243257  ]
 [  3.5224469   -3.5507295 ]
 [  2.3428063   -2.3711753 ]
 [ 10.555658   -10.58436   ]
 [  8.392892    -8.421053  ]
 [  8.938942    -8.967284  ]
 [  9.9371805   -9.965525  ]
 [  0.68830556  -0.7165252 ]
 [  2.3989646   -2.4273188 ]
 [  8.392892    -8.421053  ]]
2025-12-21 21:41:33,598 - [INFO] - ------------------------------------------------------------
2025-12-21 21:41:33,598 - [INFO] - On Validation Set:
	Accuracy of RRL  Model: 0.9004837595024188
	F1 Score of RRL  Model: 0.6652400231347599
2025-12-21 21:41:33,604 - [INFO] - On Validation Set:
Performance of  RRL Model: 
[[1258   28]
 [ 116   45]]
              precision    recall  f1-score   support

           0       0.92      0.98      0.95      1286
           1       0.62      0.28      0.38       161

    accuracy                           0.90      1447
   macro avg       0.77      0.63      0.67      1447
weighted avg       0.88      0.90      0.88      1447

2025-12-21 21:41:33,604 - [INFO] - ------------------------------------------------------------
2025-12-21 21:41:33,800 - [INFO] - epoch: 91, loss_rrl: 106.01987902075052
2025-12-21 21:41:35,220 - [INFO] - epoch: 92, loss_rrl: 107.10380751639605
2025-12-21 21:41:35,273 - [DEBUG] - y_true: (1447,) [0 0 0 0 0 1 0 0 0 0 0 0 0 0 0 0 0 1 0 0 0 0 0 0 1 0 0 0 0 0 0 0 0 0 0 0 0
 0 1 1 0]
2025-12-21 21:41:35,433 - [DEBUG] - y_rrl_: (1447,) [0 0 0 0 0 1 0 0 0 0 0 0 0 0 0 0 0 0 0 0 0 0 0 0 1 0 0 0 0 0 0 0 0 0 0 0 0
 0 0 0 0]
2025-12-21 21:41:35,434 - [DEBUG] - y_rrl: (1447, 2) [[ 10.54466    -10.572954  ]
 [  0.49695298  -0.5248528 ]
 [  8.324733    -8.352428  ]
 [  8.324733    -8.352428  ]
 [ 10.54466    -10.572954  ]
 [ -1.6147606    1.5870017 ]
 [ 10.54466    -10.572954  ]
 [  9.131175    -9.159076  ]
 [ 10.54466    -10.572954  ]
 [  4.787998    -4.8158765 ]
 [  2.9039004   -2.932048  ]
 [  7.2470775   -7.275248  ]
 [ 10.030354   -10.058336  ]
 [  9.131175    -9.159076  ]
 [ 10.030354   -10.058336  ]
 [  8.863066    -8.891133  ]
 [ 10.030354   -10.058336  ]
 [  2.0047216   -2.0327876 ]
 [  4.4064856   -4.43427   ]
 [  5.978255    -6.006079  ]
 [  9.131175    -9.159076  ]
 [ 10.030354   -10.058336  ]
 [ 10.030354   -10.058336  ]
 [  9.131175    -9.159076  ]
 [ -2.782049     2.7542048 ]
 [  2.5342567   -2.5621395 ]
 [  4.147091    -4.1750693 ]
 [  9.131175    -9.159076  ]
 [  7.607923    -7.6358037 ]
 [  9.223911    -9.251689  ]
 [  9.645481    -9.673694  ]
 [  6.4269547   -6.4547615 ]
 [  2.0974581   -2.1254005 ]
 [  1.1982793   -1.2261399 ]
 [ 10.54466    -10.572954  ]
 [  9.131175    -9.159076  ]
 [ 10.030354   -10.058336  ]
 [  9.131175    -9.159076  ]
 [  0.37087175  -0.39879313]
 [  0.37087175  -0.39879313]
 [  9.131175    -9.159076  ]]
2025-12-21 21:41:35,436 - [INFO] - ------------------------------------------------------------
2025-12-21 21:41:35,436 - [INFO] - On Validation Set:
	Accuracy of RRL  Model: 0.902557014512785
	F1 Score of RRL  Model: 0.7238822432410852
2025-12-21 21:41:35,442 - [INFO] - On Validation Set:
Performance of  RRL Model: 
[[1235   51]
 [  90   71]]
              precision    recall  f1-score   support

           0       0.93      0.96      0.95      1286
           1       0.58      0.44      0.50       161

    accuracy                           0.90      1447
   macro avg       0.76      0.70      0.72      1447
weighted avg       0.89      0.90      0.90      1447

2025-12-21 21:41:35,442 - [INFO] - ------------------------------------------------------------
2025-12-21 21:41:36,850 - [INFO] - epoch: 93, loss_rrl: 106.83237135782838
2025-12-21 21:41:37,135 - [DEBUG] - y_true: (1447,) [0 0 0 0 0 1 0 0 0 0 0 0 0 0 0 0 0 1 0 0 0 0 0 0 1 0 0 0 0 0 0 0 0 0 0 0 0
 0 1 1 0]
2025-12-21 21:41:37,297 - [DEBUG] - y_rrl_: (1447,) [0 1 0 0 0 1 0 0 0 0 0 0 0 0 0 0 0 0 0 0 0 0 0 0 1 0 0 0 0 0 0 0 0 0 0 0 0
 0 1 0 0]
2025-12-21 21:41:37,297 - [DEBUG] - y_rrl: (1447, 2) [[ 8.446568   -8.474463  ]
 [-2.7539692   2.7264624 ]
 [ 6.239997   -6.2673054 ]
 [ 7.2609806  -7.2882915 ]
 [ 6.2853584  -6.313251  ]
 [-3.8457475   3.8182905 ]
 [ 9.467552   -9.495449  ]
 [ 8.078484   -8.105995  ]
 [ 9.467552   -9.495449  ]
 [ 4.7682047  -4.7957273 ]
 [ 1.1245431  -1.1522672 ]
 [ 4.3950863  -4.422884  ]
 [ 6.74813    -6.775803  ]
 [ 4.896291   -4.9237967 ]
 [ 8.949076   -8.976667  ]
 [ 6.74813    -6.775803  ]
 [ 5.766883   -5.7944684 ]
 [ 1.235198   -1.2629299 ]
 [ 2.3008678  -2.328262  ]
 [ 4.907936   -4.9353724 ]
 [ 8.078484   -8.105995  ]
 [ 7.928092   -7.9556813 ]
 [ 7.928092   -7.9556813 ]
 [ 4.896291   -4.9237967 ]
 [-3.8457475   3.8182905 ]
 [ 1.2882867  -1.3158977 ]
 [ 3.9345868  -3.9620984 ]
 [ 8.078484   -8.105995  ]
 [ 4.7575445  -4.7850585 ]
 [ 8.131573   -8.158963  ]
 [ 8.59696    -8.624778  ]
 [ 4.332307   -4.3597226 ]
 [ 2.4682486  -2.4957764 ]
 [ 0.41769478 -0.44522578]
 [ 8.446568   -8.474463  ]
 [ 8.078484   -8.105995  ]
 [ 7.928092   -7.9556813 ]
 [ 7.0575     -7.08501   ]
 [-3.028244    3.0005867 ]
 [ 0.3500045  -0.3775714 ]
 [ 7.0575     -7.08501   ]]
2025-12-21 21:41:37,299 - [INFO] - ------------------------------------------------------------
2025-12-21 21:41:37,299 - [INFO] - On Validation Set:
	Accuracy of RRL  Model: 0.8984105044920525
	F1 Score of RRL  Model: 0.7556678187814233
2025-12-21 21:41:37,305 - [INFO] - On Validation Set:
Performance of  RRL Model: 
[[1203   83]
 [  64   97]]
              precision    recall  f1-score   support

           0       0.95      0.94      0.94      1286
           1       0.54      0.60      0.57       161

    accuracy                           0.90      1447
   macro avg       0.74      0.77      0.76      1447
weighted avg       0.90      0.90      0.90      1447

2025-12-21 21:41:37,305 - [INFO] - ------------------------------------------------------------
2025-12-21 21:41:38,485 - [INFO] - epoch: 94, loss_rrl: 105.75054624862969
2025-12-21 21:41:39,011 - [DEBUG] - y_true: (1447,) [0 0 0 0 0 1 0 0 0 0 0 0 0 0 0 0 0 1 0 0 0 0 0 0 1 0 0 0 0 0 0 0 0 0 0 0 0
 0 1 1 0]
2025-12-21 21:41:39,172 - [DEBUG] - y_rrl_: (1447,) [0 1 0 0 0 1 0 0 0 0 0 0 0 0 0 0 0 0 0 0 0 0 0 0 1 0 0 0 0 0 0 0 0 0 0 0 0
 0 0 0 0]
2025-12-21 21:41:39,172 - [DEBUG] - y_rrl: (1447, 2) [[ 10.961721   -10.989238  ]
 [ -0.35870755   0.33149964]
 [  8.079262    -8.106225  ]
 [  8.079262    -8.106225  ]
 [ 10.961721   -10.989238  ]
 [ -1.4598151    1.4326559 ]
 [ 10.961721   -10.989238  ]
 [  8.918516    -8.945558  ]
 [ 10.961721   -10.989238  ]
 [  5.5838566   -5.6109095 ]
 [  2.8760464   -2.9031596 ]
 [  6.1227207   -6.149942  ]
 [  9.274204    -9.301502  ]
 [ 10.448615   -10.475831  ]
 [ 10.448615   -10.475831  ]
 [  9.274204    -9.301502  ]
 [  8.918516    -8.945558  ]
 [  2.7880604   -2.8152928 ]
 [  5.717       -5.744103  ]
 [  7.2971306   -7.3242702 ]
 [ 10.448615   -10.475831  ]
 [ 10.448615   -10.475831  ]
 [ 10.448615   -10.475831  ]
 [ 10.448615   -10.475831  ]
 [ -2.2990692    2.271988  ]
 [  2.7880604   -2.8152928 ]
 [  5.4490166   -5.4761534 ]
 [ 10.448615   -10.475831  ]
 [  7.2971306   -7.3242702 ]
 [  8.918516    -8.945558  ]
 [ 10.961721   -10.989238  ]
 [  7.7441053   -7.77123   ]
 [  3.9624712   -3.9896212 ]
 [  2.7880604   -2.8152928 ]
 [ 10.961721   -10.989238  ]
 [  8.918516    -8.945558  ]
 [ 10.448615   -10.475831  ]
 [ 10.448615   -10.475831  ]
 [  0.16157083  -0.18863256]
 [  0.85241544  -0.8795736 ]
 [  8.918516    -8.945558  ]]
2025-12-21 21:41:39,174 - [INFO] - ------------------------------------------------------------
2025-12-21 21:41:39,174 - [INFO] - On Validation Set:
	Accuracy of RRL  Model: 0.9053213545266068
	F1 Score of RRL  Model: 0.7135079983756122
2025-12-21 21:41:39,180 - [INFO] - On Validation Set:
Performance of  RRL Model: 
[[1247   39]
 [  98   63]]
              precision    recall  f1-score   support

           0       0.93      0.97      0.95      1286
           1       0.62      0.39      0.48       161

    accuracy                           0.91      1447
   macro avg       0.77      0.68      0.71      1447
weighted avg       0.89      0.91      0.90      1447

2025-12-21 21:41:39,180 - [INFO] - ------------------------------------------------------------
2025-12-21 21:41:40,122 - [INFO] - epoch: 95, loss_rrl: 107.22863367013633
2025-12-21 21:41:40,876 - [DEBUG] - y_true: (1447,) [0 0 0 0 0 1 0 0 0 0 0 0 0 0 0 0 0 1 0 0 0 0 0 0 1 0 0 0 0 0 0 0 0 0 0 0 0
 0 1 1 0]
2025-12-21 21:41:41,044 - [DEBUG] - y_rrl_: (1447,) [0 0 0 0 0 1 0 0 0 0 0 0 0 0 0 0 0 0 0 0 0 0 0 0 1 0 0 0 0 0 0 0 0 0 0 0 0
 0 1 0 0]
2025-12-21 21:41:41,045 - [DEBUG] - y_rrl: (1447, 2) [[ 12.5538845 -12.581027 ]
 [  2.71446    -2.7411122]
 [  8.636699   -8.663264 ]
 [  8.636699   -8.663264 ]
 [ 11.475674  -11.50278  ]
 [ -0.5708938   0.5441765]
 [ 12.5538845 -12.581027 ]
 [  8.636699   -8.663264 ]
 [ 12.5538845 -12.581027 ]
 [  5.4262505  -5.4528327]
 [  3.4776669  -3.5045   ]
 [  8.925342   -8.952113 ]
 [ 10.9693775 -10.996189 ]
 [ 11.22308   -11.249851 ]
 [ 12.047589  -12.074436 ]
 [ 10.888574  -10.915502 ]
 [ 10.53942   -10.566096 ]
 [  2.6531575  -2.6799145]
 [  5.4517574  -5.4783826]
 [  7.0226192  -7.0492816]
 [ 11.22308   -11.249851 ]
 [ 12.047589  -12.074436 ]
 [ 10.9693775 -10.996189 ]
 [ 11.22308   -11.249851 ]
 [ -0.5708938   0.5441765]
 [  2.3994553  -2.426253 ]
 [  8.257185   -8.2838745]
 [ 10.144868  -10.171604 ]
 [  7.847129   -7.8738666]
 [ 10.53942   -10.566096 ]
 [ 11.729376  -11.756442 ]
 [  7.477683   -7.504329 ]
 [  3.4776669  -3.5045   ]
 [  2.6531575  -2.6799145]
 [ 12.5538845 -12.581027 ]
 [  8.636699   -8.663264 ]
 [ 10.9693775 -10.996189 ]
 [ 10.144868  -10.171604 ]
 [ -0.5708938   0.5441765]
 [  2.5513542  -2.5781465]
 [  8.636699   -8.663264 ]]
2025-12-21 21:41:41,047 - [INFO] - ------------------------------------------------------------
2025-12-21 21:41:41,047 - [INFO] - On Validation Set:
	Accuracy of RRL  Model: 0.8977194194885971
	F1 Score of RRL  Model: 0.5988145550460091
2025-12-21 21:41:41,053 - [INFO] - On Validation Set:
Performance of  RRL Model: 
[[1274   12]
 [ 136   25]]
              precision    recall  f1-score   support

           0       0.90      0.99      0.95      1286
           1       0.68      0.16      0.25       161

    accuracy                           0.90      1447
   macro avg       0.79      0.57      0.60      1447
weighted avg       0.88      0.90      0.87      1447

2025-12-21 21:41:41,053 - [INFO] - ------------------------------------------------------------
2025-12-21 21:41:41,751 - [INFO] - epoch: 96, loss_rrl: 107.67862641252577
2025-12-21 21:41:42,730 - [DEBUG] - y_true: (1447,) [0 0 0 0 0 1 0 0 0 0 0 0 0 0 0 0 0 1 0 0 0 0 0 0 1 0 0 0 0 0 0 0 0 0 0 0 0
 0 1 1 0]
2025-12-21 21:41:42,896 - [DEBUG] - y_rrl_: (1447,) [0 1 0 0 0 1 0 0 0 0 0 0 0 0 0 0 0 0 0 0 0 0 0 0 1 0 0 0 0 0 0 0 0 0 0 0 0
 0 1 0 0]
2025-12-21 21:41:42,897 - [DEBUG] - y_rrl: (1447, 2) [[ 10.953455   -10.980238  ]
 [ -1.0966761    1.0702653 ]
 [  7.090722    -7.1169705 ]
 [  8.11619     -8.142441  ]
 [  9.927988    -9.954769  ]
 [ -2.107042     2.0806785 ]
 [ 10.953455   -10.980238  ]
 [  8.11619     -8.142441  ]
 [ 10.953455   -10.980238  ]
 [  4.816728    -4.8429875 ]
 [  2.8628874   -2.8893964 ]
 [  5.136882    -5.163379  ]
 [  8.266266    -8.292834  ]
 [  8.605886    -8.632303  ]
 [  8.312571    -8.339059  ]
 [  9.291733    -9.318303  ]
 [  8.9392185   -8.965542  ]
 [  2.0398602   -2.0662947 ]
 [  4.9333487   -4.9596562 ]
 [  6.5019712   -6.528317  ]
 [  9.631353    -9.657772  ]
 [  9.428915    -9.455405  ]
 [  9.428915    -9.455405  ]
 [  9.631353    -9.657772  ]
 [ -4.127236     4.100893  ]
 [  2.8628874   -2.8893964 ]
 [  3.8883548   -3.914865  ]
 [  9.631353    -9.657772  ]
 [  6.29953     -6.325949  ]
 [  8.9392185   -8.965542  ]
 [ 10.130428   -10.157136  ]
 [  5.928074    -5.9544005 ]
 [  2.8628874   -2.8893964 ]
 [  2.0398602   -2.0662947 ]
 [  9.927988    -9.954769  ]
 [  8.11619     -8.142441  ]
 [  9.428915    -9.455405  ]
 [  9.631353    -9.657772  ]
 [ -0.4928233    0.46655366]
 [  1.0223407   -1.0487778 ]
 [  8.11619     -8.142441  ]]
2025-12-21 21:41:42,899 - [INFO] - ------------------------------------------------------------
2025-12-21 21:41:42,899 - [INFO] - On Validation Set:
	Accuracy of RRL  Model: 0.9039391845196959
	F1 Score of RRL  Model: 0.7452868060964104
2025-12-21 21:41:42,905 - [INFO] - On Validation Set:
Performance of  RRL Model: 
[[1225   61]
 [  78   83]]
              precision    recall  f1-score   support

           0       0.94      0.95      0.95      1286
           1       0.58      0.52      0.54       161

    accuracy                           0.90      1447
   macro avg       0.76      0.73      0.75      1447
weighted avg       0.90      0.90      0.90      1447

2025-12-21 21:41:42,905 - [INFO] - ------------------------------------------------------------
2025-12-21 21:41:43,367 - [INFO] - epoch: 97, loss_rrl: 107.09861070290208
2025-12-21 21:41:44,577 - [DEBUG] - y_true: (1447,) [0 0 0 0 0 1 0 0 0 0 0 0 0 0 0 0 0 1 0 0 0 0 0 0 1 0 0 0 0 0 0 0 0 0 0 0 0
 0 1 1 0]
2025-12-21 21:41:44,738 - [DEBUG] - y_rrl_: (1447,) [0 1 0 0 0 1 0 0 0 0 0 0 0 0 0 0 0 0 0 0 0 0 0 0 1 0 0 0 0 0 0 0 0 0 0 0 0
 0 0 0 0]
2025-12-21 21:41:44,739 - [DEBUG] - y_rrl: (1447, 2) [[ 9.9590502e+00 -9.9854670e+00]
 [-1.2451777e+00  1.2190871e+00]
 [ 3.9585619e+00 -3.9844186e+00]
 [ 4.9834013e+00 -5.0092592e+00]
 [ 8.8984509e+00 -8.9248333e+00]
 [-2.1581825e-02 -4.4210255e-03]
 [ 1.0983891e+01 -1.1010306e+01]
 [ 8.4154358e+00 -8.4416552e+00]
 [ 1.0983891e+01 -1.1010306e+01]
 [ 5.2641039e+00 -5.2903376e+00]
 [ 3.6626942e+00 -3.6890199e+00]
 [ 5.6914454e+00 -5.7178659e+00]
 [ 8.4098988e+00 -8.4359980e+00]
 [ 9.4704990e+00 -9.4966307e+00]
 [ 8.3602133e+00 -8.3863420e+00]
 [ 9.4704990e+00 -9.4966307e+00]
 [ 8.4511948e+00 -8.4774475e+00]
 [ 2.5043538e+00 -2.5307555e+00]
 [ 4.8889914e+00 -4.9149065e+00]
 [ 6.3254747e+00 -6.3515015e+00]
 [ 1.0495338e+01 -1.0521472e+01]
 [ 9.4704990e+00 -9.4966307e+00]
 [ 8.4098988e+00 -8.4359980e+00]
 [ 9.4704990e+00 -9.4966307e+00]
 [-4.0013323e+00  3.9753463e+00]
 [ 2.1135435e+00 -2.1395507e+00]
 [ 5.5650091e+00 -5.5910654e+00]
 [ 9.4347382e+00 -9.4608383e+00]
 [ 5.3006353e+00 -5.3266611e+00]
 [ 8.9874830e+00 -9.0134516e+00]
 [ 1.0983891e+01 -1.1010306e+01]
 [ 4.1422949e+00 -4.1683969e+00]
 [ 3.1741426e+00 -3.2001839e+00]
 [ 2.0158019e+00 -2.0419197e+00]
 [ 9.9590502e+00 -9.9854670e+00]
 [ 8.4154358e+00 -8.4416552e+00]
 [ 8.4098988e+00 -8.4359980e+00]
 [ 8.4098988e+00 -8.4359980e+00]
 [ 9.1003901e-01 -9.3631053e-01]
 [ 2.5324936e+00 -2.5588877e+00]
 [ 7.3905959e+00 -7.4168148e+00]]
2025-12-21 21:41:44,741 - [INFO] - ------------------------------------------------------------
2025-12-21 21:41:44,741 - [INFO] - On Validation Set:
	Accuracy of RRL  Model: 0.9060124395300622
	F1 Score of RRL  Model: 0.7394035701043487
2025-12-21 21:41:44,747 - [INFO] - On Validation Set:
Performance of  RRL Model: 
[[1234   52]
 [  84   77]]
              precision    recall  f1-score   support

           0       0.94      0.96      0.95      1286
           1       0.60      0.48      0.53       161

    accuracy                           0.91      1447
   macro avg       0.77      0.72      0.74      1447
weighted avg       0.90      0.91      0.90      1447

2025-12-21 21:41:44,747 - [INFO] - ------------------------------------------------------------
2025-12-21 21:41:44,978 - [INFO] - epoch: 98, loss_rrl: 106.73515484668314
2025-12-21 21:41:46,404 - [INFO] - epoch: 99, loss_rrl: 106.98956490494311
