2025-12-21 21:34:42,359 - [DEBUG] - y_true: (1447,) [0 0 0 0 0 1 0 0 0 0 0 0 0 0 0 0 0 1 0 0 0 0 0 0 1 0 0 0 0 0 0 0 0 0 0 0 0
 0 1 1 0]
2025-12-21 21:34:42,511 - [DEBUG] - y_rrl_: (1447,) [0 0 0 0 0 0 0 0 0 0 0 0 0 0 0 0 0 0 0 0 0 0 0 0 0 0 0 0 0 0 0 0 0 0 0 0 0
 0 0 0 0]
2025-12-21 21:34:42,512 - [DEBUG] - y_rrl: (1447, 2) [[ 3.0802822 -2.1862936]
 [ 3.0802822 -2.1862936]
 [ 3.0802822 -2.1862936]
 [ 3.0802822 -2.1862936]
 [ 3.0802822 -2.1862936]
 [ 3.0802822 -2.1862936]
 [ 3.0802822 -2.1862936]
 [ 3.0802822 -2.1862936]
 [ 3.0802822 -2.1862936]
 [ 3.0802822 -2.1862936]
 [ 3.0802822 -2.1862936]
 [ 3.0802822 -2.1862936]
 [ 3.0802822 -2.1862936]
 [ 3.0802822 -2.1862936]
 [ 3.0802822 -2.1862936]
 [ 3.0802822 -2.1862936]
 [ 3.0802822 -2.1862936]
 [ 3.0802822 -2.1862936]
 [ 3.0802822 -2.1862936]
 [ 3.0802822 -2.1862936]
 [ 3.0802822 -2.1862936]
 [ 3.0802822 -2.1862936]
 [ 3.0802822 -2.1862936]
 [ 3.0802822 -2.1862936]
 [ 3.0802822 -2.1862936]
 [ 3.0802822 -2.1862936]
 [ 3.0802822 -2.1862936]
 [ 3.0802822 -2.1862936]
 [ 3.0802822 -2.1862936]
 [ 3.0802822 -2.1862936]
 [ 3.0802822 -2.1862936]
 [ 3.0802822 -2.1862936]
 [ 3.0802822 -2.1862936]
 [ 3.0802822 -2.1862936]
 [ 3.0802822 -2.1862936]
 [ 3.0802822 -2.1862936]
 [ 3.0802822 -2.1862936]
 [ 3.0802822 -2.1862936]
 [ 3.0802822 -2.1862936]
 [ 3.0802822 -2.1862936]
 [ 3.0802822 -2.1862936]]
2025-12-21 21:34:42,514 - [INFO] - ------------------------------------------------------------
2025-12-21 21:34:42,514 - [INFO] - On Validation Set:
	Accuracy of RRL  Model: 0.8887353144436766
	F1 Score of RRL  Model: 0.47054518843761434
2025-12-21 21:34:42,521 - [INFO] - On Validation Set:
Performance of  RRL Model: 
[[1286    0]
 [ 161    0]]
              precision    recall  f1-score   support

           0       0.89      1.00      0.94      1286
           1       0.00      0.00      0.00       161

    accuracy                           0.89      1447
   macro avg       0.44      0.50      0.47      1447
weighted avg       0.79      0.89      0.84      1447

2025-12-21 21:34:42,521 - [INFO] - ------------------------------------------------------------
2025-12-21 21:34:43,938 - [INFO] - epoch: 0, loss_rrl: 188.24802285432816
2025-12-21 21:34:44,187 - [DEBUG] - y_true: (1447,) [0 0 0 0 0 1 0 0 0 0 0 0 0 0 0 0 0 1 0 0 0 0 0 0 1 0 0 0 0 0 0 0 0 0 0 0 0
 0 1 1 0]
2025-12-21 21:34:44,338 - [DEBUG] - y_rrl_: (1447,) [0 0 0 0 0 1 0 0 0 0 0 0 0 0 0 0 0 0 0 0 0 0 0 0 1 0 0 0 0 0 0 0 0 0 0 0 0
 0 0 0 0]
2025-12-21 21:34:44,338 - [DEBUG] - y_rrl: (1447, 2) [[ 3.40858    -2.497386  ]
 [ 1.230558   -0.3382396 ]
 [ 3.40858    -2.497386  ]
 [ 3.40858    -2.497386  ]
 [ 3.40858    -2.497386  ]
 [ 0.07919483  0.8270893 ]
 [ 3.40858    -2.497386  ]
 [ 3.40858    -2.497386  ]
 [ 3.40858    -2.497386  ]
 [ 2.4305356  -1.5166404 ]
 [ 1.5461313  -0.62688   ]
 [ 2.524176   -1.6076255 ]
 [ 2.9179986  -2.022599  ]
 [ 3.2462513  -2.3314774 ]
 [ 2.9179986  -2.022599  ]
 [ 3.2462513  -2.3314774 ]
 [ 3.40858    -2.497386  ]
 [ 1.5461313  -0.62688   ]
 [ 2.0033112  -1.1152799 ]
 [ 2.5366464  -1.6502893 ]
 [ 3.40858    -2.497386  ]
 [ 3.2462513  -2.3314774 ]
 [ 3.40858    -2.497386  ]
 [ 2.9179986  -2.022599  ]
 [ 0.07919483  0.8270893 ]
 [ 1.0252664  -0.13453461]
 [ 1.7514229  -0.830585  ]
 [ 2.9179986  -2.022599  ]
 [ 2.524176   -1.6076255 ]
 [ 3.2688696  -2.3630164 ]
 [ 3.40858    -2.497386  ]
 [ 2.5366464  -1.6502893 ]
 [ 1.5461313  -0.62688   ]
 [ 1.5461313  -0.62688   ]
 [ 3.40858    -2.497386  ]
 [ 3.40858    -2.497386  ]
 [ 3.40858    -2.497386  ]
 [ 2.9179986  -2.022599  ]
 [ 0.6000596   0.33474395]
 [ 1.322135   -0.3891081 ]
 [ 3.40858    -2.497386  ]]
2025-12-21 21:34:44,340 - [INFO] - ------------------------------------------------------------
2025-12-21 21:34:44,341 - [INFO] - On Validation Set:
	Accuracy of RRL  Model: 0.9060124395300622
	F1 Score of RRL  Model: 0.6886833046471601
2025-12-21 21:34:44,347 - [INFO] - On Validation Set:
Performance of  RRL Model: 
[[1260   26]
 [ 110   51]]
              precision    recall  f1-score   support

           0       0.92      0.98      0.95      1286
           1       0.66      0.32      0.43       161

    accuracy                           0.91      1447
   macro avg       0.79      0.65      0.69      1447
weighted avg       0.89      0.91      0.89      1447

2025-12-21 21:34:44,347 - [INFO] - ------------------------------------------------------------
2025-12-21 21:34:45,530 - [INFO] - epoch: 1, loss_rrl: 121.94272948615253
2025-12-21 21:34:46,007 - [DEBUG] - y_true: (1447,) [0 0 0 0 0 1 0 0 0 0 0 0 0 0 0 0 0 1 0 0 0 0 0 0 1 0 0 0 0 0 0 0 0 0 0 0 0
 0 1 1 0]
2025-12-21 21:34:46,158 - [DEBUG] - y_rrl_: (1447,) [0 0 0 0 0 1 0 0 0 0 0 0 0 0 0 0 0 0 0 0 0 0 0 0 1 0 0 0 0 0 0 0 0 0 0 0 0
 0 1 0 0]
2025-12-21 21:34:46,158 - [DEBUG] - y_rrl: (1447, 2) [[ 3.8916695  -2.9944904 ]
 [ 0.735036    0.1487628 ]
 [ 3.18327    -2.2859244 ]
 [ 3.18327    -2.2859244 ]
 [ 3.8916695  -2.9944904 ]
 [-0.16527681  1.0850677 ]
 [ 3.8916695  -2.9944904 ]
 [ 3.6172354  -2.7199547 ]
 [ 3.8916695  -2.9944904 ]
 [ 2.3392584  -1.4377433 ]
 [ 1.3207142  -0.41400078]
 [ 2.5986912  -1.6962122 ]
 [ 3.1346643  -2.236442  ]
 [ 3.4014482  -2.499779  ]
 [ 3.1116726  -2.223878  ]
 [ 3.1346643  -2.236442  ]
 [ 3.6172354  -2.7199547 ]
 [ 1.3207142  -0.41400078]
 [ 2.0130131  -1.1334487 ]
 [ 2.8501337  -1.9581833 ]
 [ 3.8916695  -2.9944904 ]
 [ 3.4014482  -2.499779  ]
 [ 3.8916695  -2.9944904 ]
 [ 3.1116726  -2.223878  ]
 [-0.750955    1.6478313 ]
 [ 1.3207142  -0.41400078]
 [ 1.7546797  -0.84803104]
 [ 3.1116726  -2.223878  ]
 [ 2.873125   -1.9707478 ]
 [ 3.8916695  -2.9944904 ]
 [ 3.8916695  -2.9944904 ]
 [ 2.5756998  -1.6836476 ]
 [ 1.3207142  -0.41400078]
 [ 1.3207142  -0.41400078]
 [ 3.8916695  -2.9944904 ]
 [ 3.6172354  -2.7199547 ]
 [ 3.8916695  -2.9944904 ]
 [ 3.1116726  -2.223878  ]
 [ 0.10150727  0.821731  ]
 [ 0.60722166  0.31826785]
 [ 3.6172354  -2.7199547 ]]
2025-12-21 21:34:46,160 - [INFO] - ------------------------------------------------------------
2025-12-21 21:34:46,160 - [INFO] - On Validation Set:
	Accuracy of RRL  Model: 0.9094678645473393
	F1 Score of RRL  Model: 0.7556956070652979
2025-12-21 21:34:46,166 - [INFO] - On Validation Set:
Performance of  RRL Model: 
[[1232   54]
 [  77   84]]
              precision    recall  f1-score   support

           0       0.94      0.96      0.95      1286
           1       0.61      0.52      0.56       161

    accuracy                           0.91      1447
   macro avg       0.77      0.74      0.76      1447
weighted avg       0.90      0.91      0.91      1447

2025-12-21 21:34:46,167 - [INFO] - ------------------------------------------------------------
2025-12-21 21:34:47,119 - [INFO] - epoch: 2, loss_rrl: 117.23604658804834
2025-12-21 21:34:47,837 - [DEBUG] - y_true: (1447,) [0 0 0 0 0 1 0 0 0 0 0 0 0 0 0 0 0 1 0 0 0 0 0 0 1 0 0 0 0 0 0 0 0 0 0 0 0
 0 1 1 0]
2025-12-21 21:34:47,989 - [DEBUG] - y_rrl_: (1447,) [0 0 0 0 0 1 0 0 0 0 0 0 0 0 0 0 0 0 0 0 0 0 0 0 1 0 0 0 0 0 0 0 0 0 0 0 0
 0 1 0 0]
2025-12-21 21:34:47,989 - [DEBUG] - y_rrl: (1447, 2) [[ 4.55445    -3.6644177 ]
 [ 0.64679164  0.22657536]
 [ 4.1762056  -3.286073  ]
 [ 4.1762056  -3.286073  ]
 [ 4.55445    -3.6644177 ]
 [-0.08839966  0.99968255]
 [ 4.55445    -3.6644177 ]
 [ 4.1762056  -3.286073  ]
 [ 4.55445    -3.6644177 ]
 [ 2.4498203  -1.5555242 ]
 [ 1.4650196  -0.56908953]
 [ 3.1914053  -2.2996383 ]
 [ 3.5185304  -2.6398628 ]
 [ 3.9037294  -3.0161605 ]
 [ 3.9037294  -3.0161605 ]
 [ 3.9037294  -3.0161605 ]
 [ 4.1762056  -3.286073  ]
 [ 1.4650196  -0.56908953]
 [ 2.3731773  -1.5039729 ]
 [ 3.5696502  -2.6779833 ]
 [ 4.55445    -3.6644177 ]
 [ 3.9037294  -3.0161605 ]
 [ 4.55445    -3.6644177 ]
 [ 3.9037294  -3.0161605 ]
 [-0.8376563   1.7337325 ]
 [ 1.0798208  -0.19279198]
 [ 3.1914053  -2.2996383 ]
 [ 3.9037294  -3.0161605 ]
 [ 3.5696502  -2.6779833 ]
 [ 4.55445    -3.6644177 ]
 [ 4.55445    -3.6644177 ]
 [ 3.5696502  -2.6779833 ]
 [ 1.4650196  -0.56908953]
 [ 1.4650196  -0.56908953]
 [ 4.55445    -3.6644177 ]
 [ 4.1762056  -3.286073  ]
 [ 4.55445    -3.6644177 ]
 [ 3.9037294  -3.0161605 ]
 [ 0.2967992   0.62338495]
 [ 1.3580201  -0.46630678]
 [ 4.1762056  -3.286073  ]]
2025-12-21 21:34:47,991 - [INFO] - ------------------------------------------------------------
2025-12-21 21:34:47,991 - [INFO] - On Validation Set:
	Accuracy of RRL  Model: 0.9032480995162405
	F1 Score of RRL  Model: 0.7159498810966034
2025-12-21 21:34:47,998 - [INFO] - On Validation Set:
Performance of  RRL Model: 
[[1241   45]
 [  95   66]]
              precision    recall  f1-score   support

           0       0.93      0.97      0.95      1286
           1       0.59      0.41      0.49       161

    accuracy                           0.90      1447
   macro avg       0.76      0.69      0.72      1447
weighted avg       0.89      0.90      0.90      1447

2025-12-21 21:34:47,998 - [INFO] - ------------------------------------------------------------
2025-12-21 21:34:48,721 - [INFO] - epoch: 3, loss_rrl: 115.4483343269676
2025-12-21 21:34:49,657 - [DEBUG] - y_true: (1447,) [0 0 0 0 0 1 0 0 0 0 0 0 0 0 0 0 0 1 0 0 0 0 0 0 1 0 0 0 0 0 0 0 0 0 0 0 0
 0 1 1 0]
2025-12-21 21:34:49,808 - [DEBUG] - y_rrl_: (1447,) [0 0 0 0 0 0 0 0 0 0 0 0 0 0 0 0 0 0 0 0 0 0 0 0 1 0 0 0 0 0 0 0 0 0 0 0 0
 0 0 0 0]
2025-12-21 21:34:49,809 - [DEBUG] - y_rrl: (1447, 2) [[ 5.9287057  -5.0513096 ]
 [ 1.772544   -0.91719437]
 [ 5.4845896  -4.6070952 ]
 [ 5.4845896  -4.6070952 ]
 [ 5.9287057  -5.0513096 ]
 [ 0.62129045  0.26614225]
 [ 5.9287057  -5.0513096 ]
 [ 5.4845896  -4.6070952 ]
 [ 5.9287057  -5.0513096 ]
 [ 3.9390638  -3.0575554 ]
 [ 2.7328427  -1.8497277 ]
 [ 4.2783685  -3.399267  ]
 [ 5.9287057  -5.0513096 ]
 [ 5.9287057  -5.0513096 ]
 [ 5.9287057  -5.0513096 ]
 [ 5.9287057  -5.0513096 ]
 [ 5.4845896  -4.6070952 ]
 [ 2.7328427  -1.8497277 ]
 [ 4.270783   -3.4005094 ]
 [ 4.7224846  -3.843481  ]
 [ 5.9287057  -5.0513096 ]
 [ 5.9287057  -5.0513096 ]
 [ 5.9287057  -5.0513096 ]
 [ 5.9287057  -5.0513096 ]
 [-0.26989573  1.142418  ]
 [ 2.281141   -1.406756  ]
 [ 4.2783685  -3.399267  ]
 [ 5.9287057  -5.0513096 ]
 [ 4.7224846  -3.843481  ]
 [ 5.9287057  -5.0513096 ]
 [ 5.9287057  -5.0513096 ]
 [ 4.7224846  -3.843481  ]
 [ 2.7328427  -1.8497277 ]
 [ 2.7328427  -1.8497277 ]
 [ 5.9287057  -5.0513096 ]
 [ 5.4845896  -4.6070952 ]
 [ 5.9287057  -5.0513096 ]
 [ 5.9287057  -5.0513096 ]
 [ 2.7233293  -1.8288717 ]
 [ 2.7453732  -1.8639208 ]
 [ 5.4845896  -4.6070952 ]]
2025-12-21 21:34:49,811 - [INFO] - ------------------------------------------------------------
2025-12-21 21:34:49,811 - [INFO] - On Validation Set:
	Accuracy of RRL  Model: 0.9011748445058743
	F1 Score of RRL  Model: 0.6105448994841044
2025-12-21 21:34:49,818 - [INFO] - On Validation Set:
Performance of  RRL Model: 
[[1277    9]
 [ 134   27]]
              precision    recall  f1-score   support

           0       0.91      0.99      0.95      1286
           1       0.75      0.17      0.27       161

    accuracy                           0.90      1447
   macro avg       0.83      0.58      0.61      1447
weighted avg       0.89      0.90      0.87      1447

2025-12-21 21:34:49,818 - [INFO] - ------------------------------------------------------------
2025-12-21 21:34:50,329 - [INFO] - epoch: 4, loss_rrl: 115.63639572262764
2025-12-21 21:34:51,520 - [DEBUG] - y_true: (1447,) [0 0 0 0 0 1 0 0 0 0 0 0 0 0 0 0 0 1 0 0 0 0 0 0 1 0 0 0 0 0 0 0 0 0 0 0 0
 0 1 1 0]
2025-12-21 21:34:51,674 - [DEBUG] - y_rrl_: (1447,) [0 1 0 0 0 1 0 0 0 0 0 0 0 0 0 0 0 0 0 0 0 0 0 0 1 0 0 0 0 0 0 0 0 0 0 0 0
 0 1 0 0]
2025-12-21 21:34:51,674 - [DEBUG] - y_rrl: (1447, 2) [[ 5.7917514  -4.9287596 ]
 [-0.09489319  0.94193935]
 [ 3.9469564  -3.085551  ]
 [ 3.9469564  -3.085551  ]
 [ 5.7917514  -4.9287596 ]
 [-0.47409168  1.3469357 ]
 [ 5.7917514  -4.9287596 ]
 [ 5.7917514  -4.9287596 ]
 [ 5.7917514  -4.9287596 ]
 [ 3.8819883  -3.015082  ]
 [ 1.9570518  -1.0884739 ]
 [ 3.8668146  -3.002152  ]
 [ 4.3338137  -3.4817247 ]
 [ 4.88625    -4.025635  ]
 [ 4.88625    -4.025635  ]
 [ 4.88625    -4.025635  ]
 [ 5.7917514  -4.9287596 ]
 [ 1.9570518  -1.0884739 ]
 [ 3.8400874  -2.9840477 ]
 [ 4.3925242  -3.5279577 ]
 [ 5.7917514  -4.9287596 ]
 [ 4.88625    -4.025635  ]
 [ 5.7917514  -4.9287596 ]
 [ 4.88625    -4.025635  ]
 [-1.1649213   2.0246994 ]
 [ 1.4046152  -0.5445637 ]
 [ 2.8306985  -1.9676824 ]
 [ 4.88625    -4.025635  ]
 [ 4.3925242  -3.5279577 ]
 [ 5.7917514  -4.9287596 ]
 [ 5.7917514  -4.9287596 ]
 [ 4.3925242  -3.5279577 ]
 [ 1.9570518  -1.0884739 ]
 [ 1.9570518  -1.0884739 ]
 [ 5.7917514  -4.9287596 ]
 [ 5.7917514  -4.9287596 ]
 [ 5.7917514  -4.9287596 ]
 [ 4.88625    -4.025635  ]
 [ 0.07834497  0.80302554]
 [ 1.4674478  -0.60138947]
 [ 5.7917514  -4.9287596 ]]
2025-12-21 21:34:51,676 - [INFO] - ------------------------------------------------------------
2025-12-21 21:34:51,676 - [INFO] - On Validation Set:
	Accuracy of RRL  Model: 0.9004837595024188
	F1 Score of RRL  Model: 0.7097453613417284
2025-12-21 21:34:51,683 - [INFO] - On Validation Set:
Performance of  RRL Model: 
[[1238   48]
 [  96   65]]
              precision    recall  f1-score   support

           0       0.93      0.96      0.95      1286
           1       0.58      0.40      0.47       161

    accuracy                           0.90      1447
   macro avg       0.75      0.68      0.71      1447
weighted avg       0.89      0.90      0.89      1447

2025-12-21 21:34:51,683 - [INFO] - ------------------------------------------------------------
2025-12-21 21:34:51,948 - [INFO] - epoch: 5, loss_rrl: 113.10731388069689
2025-12-21 21:34:53,364 - [DEBUG] - y_true: (1447,) [0 0 0 0 0 1 0 0 0 0 0 0 0 0 0 0 0 1 0 0 0 0 0 0 1 0 0 0 0 0 0 0 0 0 0 0 0
 0 1 1 0]
2025-12-21 21:34:53,623 - [DEBUG] - y_rrl_: (1447,) [0 1 0 0 0 1 0 0 0 0 0 0 0 0 0 0 0 0 0 0 0 0 0 0 1 0 0 0 0 0 0 0 0 0 0 0 0
 0 1 0 0]
2025-12-21 21:34:53,623 - [DEBUG] - y_rrl: (1447, 2) [[ 5.825627   -4.982078  ]
 [-0.4785434   1.3098245 ]
 [ 4.7444634  -3.8975537 ]
 [ 4.7444634  -3.8975537 ]
 [ 5.825627   -4.982078  ]
 [ 0.21050054  0.6431846 ]
 [ 5.825627   -4.982078  ]
 [ 5.7036834  -4.856833  ]
 [ 6.2739215  -5.4271655 ]
 [ 4.692824   -3.8405757 ]
 [ 1.9373307  -1.0851356 ]
 [ 4.1202025  -3.2718139 ]
 [ 5.273387   -4.4289546 ]
 [ 5.273387   -4.4289546 ]
 [ 5.273387   -4.4289546 ]
 [ 5.273387   -4.4289546 ]
 [ 5.7036834  -4.856833  ]
 [ 3.109343   -2.255557  ]
 [ 3.2337868  -2.4064646 ]
 [ 4.1202025  -3.2718139 ]
 [ 5.825627   -4.982078  ]
 [ 5.273387   -4.4289546 ]
 [ 5.825627   -4.982078  ]
 [ 5.273387   -4.4289546 ]
 [-1.2461536   2.078866  ]
 [ 1.9373307  -1.0851356 ]
 [ 2.9481902  -2.1013923 ]
 [ 5.273387   -4.4289546 ]
 [ 4.1202025  -3.2718139 ]
 [ 5.7036834  -4.856833  ]
 [ 5.825627   -4.982078  ]
 [ 4.6904407  -3.8421464 ]
 [ 3.109343   -2.255557  ]
 [ 3.109343   -2.255557  ]
 [ 5.825627   -4.982078  ]
 [ 5.7036834  -4.856833  ]
 [ 5.825627   -4.982078  ]
 [ 5.273387   -4.4289546 ]
 [ 0.21050054  0.6431846 ]
 [ 1.3636854  -0.51395625]
 [ 5.7036834  -4.856833  ]]
2025-12-21 21:34:53,625 - [INFO] - ------------------------------------------------------------
2025-12-21 21:34:53,625 - [INFO] - On Validation Set:
	Accuracy of RRL  Model: 0.9094678645473393
	F1 Score of RRL  Model: 0.7585485680949415
2025-12-21 21:34:53,631 - [INFO] - On Validation Set:
Performance of  RRL Model: 
[[1230   56]
 [  75   86]]
              precision    recall  f1-score   support

           0       0.94      0.96      0.95      1286
           1       0.61      0.53      0.57       161

    accuracy                           0.91      1447
   macro avg       0.77      0.75      0.76      1447
weighted avg       0.91      0.91      0.91      1447

2025-12-21 21:34:53,631 - [INFO] - ------------------------------------------------------------
2025-12-21 21:34:53,665 - [INFO] - epoch: 6, loss_rrl: 111.72005667537451
2025-12-21 21:34:55,115 - [INFO] - epoch: 7, loss_rrl: 112.03266046009958
2025-12-21 21:34:55,333 - [DEBUG] - y_true: (1447,) [0 0 0 0 0 1 0 0 0 0 0 0 0 0 0 0 0 1 0 0 0 0 0 0 1 0 0 0 0 0 0 0 0 0 0 0 0
 0 1 1 0]
2025-12-21 21:34:55,486 - [DEBUG] - y_rrl_: (1447,) [0 1 0 0 0 1 0 0 0 0 0 0 0 0 0 0 0 0 0 0 0 0 0 0 1 0 0 0 0 0 0 0 0 0 0 0 0
 0 1 0 0]
2025-12-21 21:34:55,487 - [DEBUG] - y_rrl: (1447, 2) [[ 6.6512966  -5.8257537 ]
 [-0.50005     1.3137825 ]
 [ 5.391746   -4.562926  ]
 [ 5.391746   -4.562926  ]
 [ 6.6512966  -5.8257537 ]
 [-0.45735407  1.2847172 ]
 [ 6.6512966  -5.8257537 ]
 [ 6.4662247  -5.637461  ]
 [ 7.1163163  -6.287645  ]
 [ 4.0667777  -3.234332  ]
 [ 2.2523239  -1.4183835 ]
 [ 4.651771   -3.8215132 ]
 [ 5.1642995  -4.3459215 ]
 [ 5.9912605  -5.1648564 ]
 [ 5.9912605  -5.1648564 ]
 [ 5.9912605  -5.1648564 ]
 [ 6.4662247  -5.637461  ]
 [ 2.2523239  -1.4183835 ]
 [ 3.6239676  -2.8140666 ]
 [ 5.301863   -4.4716964 ]
 [ 6.6512966  -5.8257537 ]
 [ 5.9912605  -5.1648564 ]
 [ 6.6512966  -5.8257537 ]
 [ 5.9912605  -5.1648564 ]
 [-0.45735407  1.2847172 ]
 [ 1.425363   -0.59944886]
 [ 3.3827477  -2.5540214 ]
 [ 5.9912605  -5.1648564 ]
 [ 5.301863   -4.4716964 ]
 [ 7.1163163  -6.287645  ]
 [ 6.6512966  -5.8257537 ]
 [ 5.301863   -4.4716964 ]
 [ 2.2523239  -1.4183835 ]
 [ 2.2523239  -1.4183835 ]
 [ 6.6512966  -5.8257537 ]
 [ 6.4662247  -5.637461  ]
 [ 6.6512966  -5.8257537 ]
 [ 5.9912605  -5.1648564 ]
 [ 0.36960697  0.46578255]
 [ 1.7090962  -0.8775609 ]
 [ 6.4662247  -5.637461  ]]
2025-12-21 21:34:55,489 - [INFO] - ------------------------------------------------------------
2025-12-21 21:34:55,489 - [INFO] - On Validation Set:
	Accuracy of RRL  Model: 0.902557014512785
	F1 Score of RRL  Model: 0.7306478250709927
2025-12-21 21:34:55,495 - [INFO] - On Validation Set:
Performance of  RRL Model: 
[[1231   55]
 [  86   75]]
              precision    recall  f1-score   support

           0       0.93      0.96      0.95      1286
           1       0.58      0.47      0.52       161

    accuracy                           0.90      1447
   macro avg       0.76      0.71      0.73      1447
weighted avg       0.89      0.90      0.90      1447

2025-12-21 21:34:55,495 - [INFO] - ------------------------------------------------------------
2025-12-21 21:34:56,723 - [INFO] - epoch: 8, loss_rrl: 111.38741681724787
2025-12-21 21:34:57,172 - [DEBUG] - y_true: (1447,) [0 0 0 0 0 1 0 0 0 0 0 0 0 0 0 0 0 1 0 0 0 0 0 0 1 0 0 0 0 0 0 0 0 0 0 0 0
 0 1 1 0]
2025-12-21 21:34:57,326 - [DEBUG] - y_rrl_: (1447,) [0 0 0 0 0 1 0 0 0 0 0 0 0 0 0 0 0 0 0 0 0 0 0 0 1 0 0 0 0 0 0 0 0 0 0 0 0
 0 1 0 0]
2025-12-21 21:34:57,326 - [DEBUG] - y_rrl: (1447, 2) [[ 7.1686497  -6.36291   ]
 [ 0.41864273  0.37575266]
 [ 5.2634635  -4.457581  ]
 [ 5.2634635  -4.457581  ]
 [ 7.1686497  -6.36291   ]
 [-1.1108885   1.9288971 ]
 [ 7.1686497  -6.36291   ]
 [ 6.4601083  -5.65428   ]
 [ 7.1686497  -6.36291   ]
 [ 3.8173776  -3.0080047 ]
 [ 1.3704371  -0.56831104]
 [ 4.013168   -3.2145865 ]
 [ 6.216855   -5.418846  ]
 [ 7.1686497  -6.36291   ]
 [ 7.1686497  -6.36291   ]
 [ 6.302573   -5.508574  ]
 [ 6.4601083  -5.65428   ]
 [ 1.3704371  -0.56831104]
 [ 3.7699144  -2.9791524 ]
 [ 5.5877852  -4.777552  ]
 [ 7.1686497  -6.36291   ]
 [ 7.1686497  -6.36291   ]
 [ 7.1686497  -6.36291   ]
 [ 7.1686497  -6.36291   ]
 [-1.976965    2.7832327 ]
 [ 1.2847192  -0.478583  ]
 [ 4.8792443  -4.0689225 ]
 [ 7.1686497  -6.36291   ]
 [ 5.5877852  -4.777552  ]
 [ 7.1686497  -6.36291   ]
 [ 7.1686497  -6.36291   ]
 [ 5.5877852  -4.777552  ]
 [ 1.3704371  -0.56831104]
 [ 1.3704371  -0.56831104]
 [ 7.1686497  -6.36291   ]
 [ 6.4601083  -5.65428   ]
 [ 7.1686497  -6.36291   ]
 [ 7.1686497  -6.36291   ]
 [-0.1590941   0.98483354]
 [ 1.596352   -0.7974066 ]
 [ 6.4601083  -5.65428   ]]
2025-12-21 21:34:57,328 - [INFO] - ------------------------------------------------------------
2025-12-21 21:34:57,329 - [INFO] - On Validation Set:
	Accuracy of RRL  Model: 0.9039391845196959
	F1 Score of RRL  Model: 0.7277988071667436
2025-12-21 21:34:57,335 - [INFO] - On Validation Set:
Performance of  RRL Model: 
[[1236   50]
 [  89   72]]
              precision    recall  f1-score   support

           0       0.93      0.96      0.95      1286
           1       0.59      0.45      0.51       161

    accuracy                           0.90      1447
   macro avg       0.76      0.70      0.73      1447
weighted avg       0.89      0.90      0.90      1447

2025-12-21 21:34:57,335 - [INFO] - ------------------------------------------------------------
2025-12-21 21:34:58,343 - [INFO] - epoch: 9, loss_rrl: 111.70695346221328
2025-12-21 21:34:59,030 - [DEBUG] - y_true: (1447,) [0 0 0 0 0 1 0 0 0 0 0 0 0 0 0 0 0 1 0 0 0 0 0 0 1 0 0 0 0 0 0 0 0 0 0 0 0
 0 1 1 0]
2025-12-21 21:34:59,182 - [DEBUG] - y_rrl_: (1447,) [0 0 0 0 0 1 0 0 0 0 0 0 0 0 0 0 0 0 0 0 0 0 0 0 1 0 0 0 0 0 0 0 0 0 0 0 0
 0 0 0 0]
2025-12-21 21:34:59,182 - [DEBUG] - y_rrl: (1447, 2) [[ 8.235893   -7.451652  ]
 [ 0.8603558  -0.08567363]
 [ 7.3428106  -6.557273  ]
 [ 7.3428106  -6.557273  ]
 [ 8.235893   -7.451652  ]
 [-0.30771276  1.0937297 ]
 [ 8.235893   -7.451652  ]
 [ 6.6079087  -5.822285  ]
 [ 8.235893   -7.451652  ]
 [ 3.770949   -2.9819295 ]
 [ 2.9346848  -2.1426094 ]
 [ 6.506547   -5.717953  ]
 [ 7.1676106  -6.3907776 ]
 [ 7.5009913  -6.7166643 ]
 [ 7.5009913  -6.7166643 ]
 [ 8.235893   -7.451652  ]
 [ 7.5009913  -6.7166643 ]
 [ 2.9346848  -2.1426094 ]
 [ 4.5903983  -3.8204088 ]
 [ 5.6134644  -4.823574  ]
 [ 7.3880267  -6.614982  ]
 [ 7.5009913  -6.7166643 ]
 [ 7.3880267  -6.614982  ]
 [ 7.5009913  -6.7166643 ]
 [-1.1555789   1.9303995 ]
 [ 1.8664021  -1.0817349 ]
 [ 5.015696   -4.228494  ]
 [ 6.6079087  -5.822285  ]
 [ 5.7716446  -4.9829655 ]
 [ 8.235893   -7.451652  ]
 [ 8.235893   -7.451652  ]
 [ 5.6586804  -4.8812833 ]
 [ 2.9346848  -2.1426094 ]
 [ 2.0416021  -1.2482302 ]
 [ 8.235893   -7.451652  ]
 [ 6.6079087  -5.822285  ]
 [ 8.235893   -7.451652  ]
 [ 6.6079087  -5.822285  ]
 [ 0.7605698   0.03285526]
 [ 2.4899163  -1.7008442 ]
 [ 6.6079087  -5.822285  ]]
2025-12-21 21:34:59,184 - [INFO] - ------------------------------------------------------------
2025-12-21 21:34:59,184 - [INFO] - On Validation Set:
	Accuracy of RRL  Model: 0.9039391845196959
	F1 Score of RRL  Model: 0.6781176734174582
2025-12-21 21:34:59,190 - [INFO] - On Validation Set:
Performance of  RRL Model: 
[[1260   26]
 [ 113   48]]
              precision    recall  f1-score   support

           0       0.92      0.98      0.95      1286
           1       0.65      0.30      0.41       161

    accuracy                           0.90      1447
   macro avg       0.78      0.64      0.68      1447
weighted avg       0.89      0.90      0.89      1447

2025-12-21 21:34:59,190 - [INFO] - ------------------------------------------------------------
2025-12-21 21:34:59,949 - [INFO] - epoch: 10, loss_rrl: 112.12405272945762
2025-12-21 21:35:00,866 - [DEBUG] - y_true: (1447,) [0 0 0 0 0 1 0 0 0 0 0 0 0 0 0 0 0 1 0 0 0 0 0 0 1 0 0 0 0 0 0 0 0 0 0 0 0
 0 1 1 0]
2025-12-21 21:35:01,020 - [DEBUG] - y_rrl_: (1447,) [0 0 0 0 0 1 0 0 0 0 0 0 0 0 0 0 0 0 0 0 0 0 0 0 1 0 0 0 0 0 0 0 0 0 0 0 0
 0 0 0 0]
2025-12-21 21:35:01,020 - [DEBUG] - y_rrl: (1447, 2) [[ 9.60617    -8.842139  ]
 [ 0.62494713  0.12729928]
 [ 7.5300617  -6.767573  ]
 [ 7.5300617  -6.767573  ]
 [ 9.60617    -8.842139  ]
 [ 0.03746594  0.7254524 ]
 [ 9.60617    -8.842139  ]
 [ 7.5300617  -6.767573  ]
 [ 9.60617    -8.842139  ]
 [ 4.4746833  -3.708954  ]
 [ 3.4773233  -2.7086363 ]
 [ 6.5327015  -5.7672553 ]
 [ 7.713526   -6.956476  ]
 [ 8.857921   -8.093808  ]
 [ 8.857921   -8.093808  ]
 [ 9.60617    -8.842139  ]
 [ 8.459695   -7.6984506 ]
 [ 3.4773233  -2.7086363 ]
 [ 5.358207   -4.610528  ]
 [ 5.603069   -4.836378  ]
 [ 8.827822   -8.074413  ]
 [ 8.857921   -8.093808  ]
 [ 8.827822   -8.074413  ]
 [ 8.857921   -8.093808  ]
 [-0.7408822   1.4931781 ]
 [ 2.3329282  -1.5713038 ]
 [ 6.5327015  -5.7672553 ]
 [ 7.9282875  -7.1629305 ]
 [ 6.5327015  -5.7672553 ]
 [ 8.459695   -7.6984506 ]
 [ 9.60617    -8.842139  ]
 [ 6.5026026  -5.7478604 ]
 [ 3.4773233  -2.7086363 ]
 [ 2.5476904  -1.7777588 ]
 [ 9.60617    -8.842139  ]
 [ 7.5300617  -6.767573  ]
 [ 9.60617    -8.842139  ]
 [ 7.9282875  -7.1629305 ]
 [ 1.1818612  -0.41188   ]
 [ 3.50708    -2.7384326 ]
 [ 7.5300617  -6.767573  ]]
2025-12-21 21:35:01,022 - [INFO] - ------------------------------------------------------------
2025-12-21 21:35:01,022 - [INFO] - On Validation Set:
	Accuracy of RRL  Model: 0.9053213545266068
	F1 Score of RRL  Model: 0.6827490737999408
2025-12-21 21:35:01,028 - [INFO] - On Validation Set:
Performance of  RRL Model: 
[[1261   25]
 [ 112   49]]
              precision    recall  f1-score   support

           0       0.92      0.98      0.95      1286
           1       0.66      0.30      0.42       161

    accuracy                           0.91      1447
   macro avg       0.79      0.64      0.68      1447
weighted avg       0.89      0.91      0.89      1447

2025-12-21 21:35:01,028 - [INFO] - ------------------------------------------------------------
2025-12-21 21:35:01,562 - [INFO] - epoch: 11, loss_rrl: 111.90754649229348
2025-12-21 21:35:02,709 - [DEBUG] - y_true: (1447,) [0 0 0 0 0 1 0 0 0 0 0 0 0 0 0 0 0 1 0 0 0 0 0 0 1 0 0 0 0 0 0 0 0 0 0 0 0
 0 1 1 0]
2025-12-21 21:35:02,862 - [DEBUG] - y_rrl_: (1447,) [0 1 0 0 0 1 0 0 0 0 0 0 0 0 0 0 0 0 0 0 0 0 0 0 1 0 0 0 0 0 0 0 0 0 0 0 0
 0 1 0 0]
2025-12-21 21:35:02,863 - [DEBUG] - y_rrl: (1447, 2) [[ 8.691741   -7.952233  ]
 [ 0.17858714  0.54861706]
 [ 6.033835   -5.296975  ]
 [ 6.033835   -5.296975  ]
 [ 8.691741   -7.952233  ]
 [-0.24395078  0.98912555]
 [ 8.691741   -7.952233  ]
 [ 7.4901104  -6.7532973 ]
 [ 8.691741   -7.952233  ]
 [ 4.264009   -3.5241184 ]
 [ 2.2017727  -1.4578366 ]
 [ 5.4278746  -4.687016  ]
 [ 7.9188895  -7.1793027 ]
 [ 8.691741   -7.952233  ]
 [ 8.691741   -7.952233  ]
 [ 8.691741   -7.952233  ]
 [ 7.4901104  -6.7532973 ]
 [ 2.2017727  -1.4578366 ]
 [ 6.2397757  -5.5197744 ]
 [ 6.200726   -5.459946  ]
 [ 7.9033084  -7.1738324 ]
 [ 8.691741   -7.952233  ]
 [ 7.9033084  -7.1738324 ]
 [ 8.691741   -7.952233  ]
 [-2.2671366   2.995579  ]
 [ 2.2017727  -1.4578366 ]
 [ 5.4278746  -4.687016  ]
 [ 8.691741   -7.952233  ]
 [ 6.200726   -5.459946  ]
 [ 8.262961   -7.5262284 ]
 [ 8.691741   -7.952233  ]
 [ 5.4122934  -4.6815457 ]
 [ 2.2017727  -1.4578366 ]
 [ 2.2017727  -1.4578366 ]
 [ 8.691741   -7.952233  ]
 [ 7.4901104  -6.7532973 ]
 [ 8.691741   -7.952233  ]
 [ 8.691741   -7.952233  ]
 [-0.24395078  0.98912555]
 [ 2.2470646  -1.5031614 ]
 [ 7.4901104  -6.7532973 ]]
2025-12-21 21:35:02,865 - [INFO] - ------------------------------------------------------------
2025-12-21 21:35:02,865 - [INFO] - On Validation Set:
	Accuracy of RRL  Model: 0.8977194194885971
	F1 Score of RRL  Model: 0.7092578714715498
2025-12-21 21:35:02,871 - [INFO] - On Validation Set:
Performance of  RRL Model: 
[[1232   54]
 [  94   67]]
              precision    recall  f1-score   support

           0       0.93      0.96      0.94      1286
           1       0.55      0.42      0.48       161

    accuracy                           0.90      1447
   macro avg       0.74      0.69      0.71      1447
weighted avg       0.89      0.90      0.89      1447

2025-12-21 21:35:02,871 - [INFO] - ------------------------------------------------------------
2025-12-21 21:35:03,168 - [INFO] - epoch: 12, loss_rrl: 111.137141443789
2025-12-21 21:35:04,543 - [DEBUG] - y_true: (1447,) [0 0 0 0 0 1 0 0 0 0 0 0 0 0 0 0 0 1 0 0 0 0 0 0 1 0 0 0 0 0 0 0 0 0 0 0 0
 0 1 1 0]
2025-12-21 21:35:04,697 - [DEBUG] - y_rrl_: (1447,) [0 1 0 0 0 1 0 0 0 0 0 0 0 0 0 0 0 0 0 0 0 0 0 0 1 0 0 0 0 0 0 0 0 0 0 0 0
 0 1 0 0]
2025-12-21 21:35:04,697 - [DEBUG] - y_rrl: (1447, 2) [[ 9.158868   -8.445294  ]
 [ 0.279132    0.42286956]
 [ 5.353756   -4.6420155 ]
 [ 5.353756   -4.6420155 ]
 [ 9.158868   -8.445294  ]
 [-0.10229969  0.8212367 ]
 [ 9.158868   -8.445294  ]
 [ 6.8657985  -6.1541023 ]
 [ 9.158868   -8.445294  ]
 [ 3.6258368  -2.9112349 ]
 [ 0.9452426  -0.22744144]
 [ 5.697246   -4.9823956 ]
 [ 8.381424   -7.6677766 ]
 [ 8.381424   -7.6677766 ]
 [ 8.381424   -7.6677766 ]
 [ 9.158868   -8.445294  ]
 [ 6.8657985  -6.1541023 ]
 [ 2.457285   -1.7395283 ]
 [ 5.465089   -4.769223  ]
 [ 5.697246   -4.9823956 ]
 [ 8.309028   -7.604887  ]
 [ 8.381424   -7.6677766 ]
 [ 8.309028   -7.604887  ]
 [ 8.381424   -7.6677766 ]
 [-2.2804525   2.9836347 ]
 [ 2.457285   -1.7395283 ]
 [ 2.457285   -1.7395283 ]
 [ 8.381424   -7.6677766 ]
 [ 5.697246   -4.9823956 ]
 [ 6.8657985  -6.1541023 ]
 [ 9.158868   -8.445294  ]
 [ 5.6248503  -4.9195065 ]
 [ 2.457285   -1.7395283 ]
 [ 2.457285   -1.7395283 ]
 [ 9.158868   -8.445294  ]
 [ 6.8657985  -6.1541023 ]
 [ 9.158868   -8.445294  ]
 [ 8.381424   -7.6677766 ]
 [-0.10229969  0.8212367 ]
 [ 2.5818775  -1.8641437 ]
 [ 6.8657985  -6.1541023 ]]
2025-12-21 21:35:04,699 - [INFO] - ------------------------------------------------------------
2025-12-21 21:35:04,699 - [INFO] - On Validation Set:
	Accuracy of RRL  Model: 0.8984105044920525
	F1 Score of RRL  Model: 0.7479407739206172
2025-12-21 21:35:04,705 - [INFO] - On Validation Set:
Performance of  RRL Model: 
[[1209   77]
 [  70   91]]
              precision    recall  f1-score   support

           0       0.95      0.94      0.94      1286
           1       0.54      0.57      0.55       161

    accuracy                           0.90      1447
   macro avg       0.74      0.75      0.75      1447
weighted avg       0.90      0.90      0.90      1447

2025-12-21 21:35:04,705 - [INFO] - ------------------------------------------------------------
2025-12-21 21:35:04,770 - [INFO] - epoch: 13, loss_rrl: 110.9731721766293
2025-12-21 21:35:06,453 - [INFO] - epoch: 14, loss_rrl: 111.70179327577353
2025-12-21 21:35:06,638 - [DEBUG] - y_true: (1447,) [0 0 0 0 0 1 0 0 0 0 0 0 0 0 0 0 0 1 0 0 0 0 0 0 1 0 0 0 0 0 0 0 0 0 0 0 0
 0 1 1 0]
2025-12-21 21:35:06,792 - [DEBUG] - y_rrl_: (1447,) [0 1 0 0 0 1 0 0 0 0 0 0 0 0 0 0 0 0 0 0 0 0 0 0 1 0 0 0 0 0 0 0 0 0 0 0 0
 0 0 0 0]
2025-12-21 21:35:06,793 - [DEBUG] - y_rrl: (1447, 2) [[ 9.199222   -8.512663  ]
 [-2.8095205   3.4863663 ]
 [ 5.0528145  -4.3676357 ]
 [ 5.0528145  -4.3676357 ]
 [ 9.199222   -8.512663  ]
 [-0.54525685  1.2368712 ]
 [ 9.199222   -8.512663  ]
 [ 7.2779036  -6.5901937 ]
 [ 9.199222   -8.512663  ]
 [ 3.9134173  -3.222979  ]
 [ 2.8304002  -2.1373353 ]
 [ 6.194886   -5.50455   ]
 [ 7.439926   -6.7526035 ]
 [ 8.210676   -7.523424  ]
 [ 8.210676   -7.523424  ]
 [ 8.210676   -7.523424  ]
 [ 8.428472   -7.7418423 ]
 [ 2.8304002  -2.1373353 ]
 [ 5.2945337  -4.6246247 ]
 [ 5.16319    -4.4744177 ]
 [ 8.338695   -7.6609707 ]
 [ 8.210676   -7.523424  ]
 [ 8.338695   -7.6609707 ]
 [ 8.210676   -7.523424  ]
 [-1.405783    2.0885637 ]
 [ 2.1785226  -1.4880307 ]
 [ 5.543009   -4.8552456 ]
 [ 7.060108   -6.3717756 ]
 [ 6.3137584  -5.626066  ]
 [ 8.547343   -7.8633575 ]
 [ 9.199222   -8.512663  ]
 [ 5.453232   -4.7743735 ]
 [ 2.1785226  -1.4880307 ]
 [ 1.0279543  -0.3363824 ]
 [ 9.199222   -8.512663  ]
 [ 7.2779036  -6.5901937 ]
 [ 9.199222   -8.512663  ]
 [ 7.060108   -6.3717756 ]
 [ 2.1224108  -1.431308  ]
 [ 1.3516608  -0.6604872 ]
 [ 7.2779036  -6.5901937 ]]
2025-12-21 21:35:06,795 - [INFO] - ------------------------------------------------------------
2025-12-21 21:35:06,795 - [INFO] - On Validation Set:
	Accuracy of RRL  Model: 0.9004837595024188
	F1 Score of RRL  Model: 0.7306542848574472
2025-12-21 21:35:06,801 - [INFO] - On Validation Set:
Performance of  RRL Model: 
[[1226   60]
 [  84   77]]
              precision    recall  f1-score   support

           0       0.94      0.95      0.94      1286
           1       0.56      0.48      0.52       161

    accuracy                           0.90      1447
   macro avg       0.75      0.72      0.73      1447
weighted avg       0.89      0.90      0.90      1447

2025-12-21 21:35:06,801 - [INFO] - ------------------------------------------------------------
2025-12-21 21:35:08,060 - [INFO] - epoch: 15, loss_rrl: 111.50122030824423
2025-12-21 21:35:08,480 - [DEBUG] - y_true: (1447,) [0 0 0 0 0 1 0 0 0 0 0 0 0 0 0 0 0 1 0 0 0 0 0 0 1 0 0 0 0 0 0 0 0 0 0 0 0
 0 1 1 0]
2025-12-21 21:35:08,631 - [DEBUG] - y_rrl_: (1447,) [0 0 0 0 0 1 0 0 0 0 0 0 0 0 0 0 0 0 0 0 0 0 0 0 1 0 0 0 0 0 0 0 0 0 0 0 0
 0 0 0 0]
2025-12-21 21:35:08,632 - [DEBUG] - y_rrl: (1447, 2) [[ 10.995998   -10.3371105 ]
 [  1.3189683   -0.6701807 ]
 [  9.492802    -8.836313  ]
 [  9.492802    -8.836313  ]
 [ 10.995998   -10.3371105 ]
 [ -0.73125845   1.3893527 ]
 [ 10.995998   -10.3371105 ]
 [  9.492802    -8.836313  ]
 [ 10.995998   -10.3371105 ]
 [  5.968328    -5.3092895 ]
 [  3.618484    -2.9559116 ]
 [  7.1429567   -6.482936  ]
 [  8.722755    -8.069343  ]
 [ 10.995998   -10.3371105 ]
 [ 10.995998   -10.3371105 ]
 [ 10.194436    -9.535481  ]
 [  9.492802    -8.836313  ]
 [  3.618484    -2.9559116 ]
 [  6.1728363   -5.529472  ]
 [  7.9445195   -7.284565  ]
 [ 10.168162    -9.517518  ]
 [ 10.995998   -10.3371105 ]
 [ 10.168162    -9.517518  ]
 [ 10.995998   -10.3371105 ]
 [ -0.0874132    0.7428051 ]
 [  2.1468036   -1.4897724 ]
 [  7.1429567   -6.482936  ]
 [ 10.995998   -10.3371105 ]
 [  7.9445195   -7.284565  ]
 [ 10.294364    -9.637942  ]
 [ 10.995998   -10.3371105 ]
 [  7.116684    -6.4649725 ]
 [  3.618484    -2.9559116 ]
 [  3.618484    -2.9559116 ]
 [ 10.995998   -10.3371105 ]
 [  9.492802    -8.836313  ]
 [ 10.995998   -10.3371105 ]
 [ 10.995998   -10.3371105 ]
 [  0.74042207  -0.07678661]
 [  3.7919009   -3.1293328 ]
 [  9.492802    -8.836313  ]]
2025-12-21 21:35:08,634 - [INFO] - ------------------------------------------------------------
2025-12-21 21:35:08,634 - [INFO] - On Validation Set:
	Accuracy of RRL  Model: 0.9046302695231514
	F1 Score of RRL  Model: 0.6766658462654473
2025-12-21 21:35:08,640 - [INFO] - On Validation Set:
Performance of  RRL Model: 
[[1262   24]
 [ 114   47]]
              precision    recall  f1-score   support

           0       0.92      0.98      0.95      1286
           1       0.66      0.29      0.41       161

    accuracy                           0.90      1447
   macro avg       0.79      0.64      0.68      1447
weighted avg       0.89      0.90      0.89      1447

2025-12-21 21:35:08,640 - [INFO] - ------------------------------------------------------------
2025-12-21 21:35:09,656 - [INFO] - epoch: 16, loss_rrl: 112.92440158128738
2025-12-21 21:35:10,301 - [DEBUG] - y_true: (1447,) [0 0 0 0 0 1 0 0 0 0 0 0 0 0 0 0 0 1 0 0 0 0 0 0 1 0 0 0 0 0 0 0 0 0 0 0 0
 0 1 1 0]
2025-12-21 21:35:10,451 - [DEBUG] - y_rrl_: (1447,) [0 0 0 0 0 1 0 0 0 0 0 0 0 0 0 0 0 0 0 0 0 0 0 0 1 0 0 0 0 0 0 0 0 0 0 0 0
 0 1 0 0]
2025-12-21 21:35:10,452 - [DEBUG] - y_rrl: (1447, 2) [[ 9.683051   -9.052053  ]
 [ 0.49336508  0.13593167]
 [ 7.0649467  -6.4356103 ]
 [ 7.0649467  -6.4356103 ]
 [ 9.683051   -9.052053  ]
 [-0.87773186  1.5131751 ]
 [ 9.683051   -9.052053  ]
 [ 7.0649467  -6.4356103 ]
 [ 9.683051   -9.052053  ]
 [ 3.4265714  -2.7948592 ]
 [ 2.0592363  -1.4247966 ]
 [ 5.6976113  -5.0655475 ]
 [ 8.835539   -8.204478  ]
 [ 9.683051   -9.052053  ]
 [ 9.683051   -9.052053  ]
 [ 8.835539   -8.204478  ]
 [ 7.0649467  -6.4356103 ]
 [ 2.0592363  -1.4247966 ]
 [ 3.340105   -2.7208436 ]
 [ 6.5451236  -5.9131227 ]
 [ 8.891417   -8.268077  ]
 [ 9.683051   -9.052053  ]
 [ 8.891417   -8.268077  ]
 [ 9.683051   -9.052053  ]
 [-3.2352383   3.8578792 ]
 [ 2.0592363  -1.4247966 ]
 [ 3.4265714  -2.7948592 ]
 [ 9.683051   -9.052053  ]
 [ 6.5451236  -5.9131227 ]
 [ 7.912459   -7.2831845 ]
 [ 9.683051   -9.052053  ]
 [ 6.5451236  -5.9131227 ]
 [ 2.0592363  -1.4247966 ]
 [ 2.0592363  -1.4247966 ]
 [ 9.683051   -9.052053  ]
 [ 7.0649467  -6.4356103 ]
 [ 9.683051   -9.052053  ]
 [ 9.683051   -9.052053  ]
 [-0.87773186  1.5131751 ]
 [ 2.2601964  -1.6257566 ]
 [ 7.0649467  -6.4356103 ]]
2025-12-21 21:35:10,454 - [INFO] - ------------------------------------------------------------
2025-12-21 21:35:10,454 - [INFO] - On Validation Set:
	Accuracy of RRL  Model: 0.9060124395300622
	F1 Score of RRL  Model: 0.7515026618581487
2025-12-21 21:35:10,460 - [INFO] - On Validation Set:
Performance of  RRL Model: 
[[1226   60]
 [  76   85]]
              precision    recall  f1-score   support

           0       0.94      0.95      0.95      1286
           1       0.59      0.53      0.56       161

    accuracy                           0.91      1447
   macro avg       0.76      0.74      0.75      1447
weighted avg       0.90      0.91      0.90      1447

2025-12-21 21:35:10,460 - [INFO] - ------------------------------------------------------------
2025-12-21 21:35:11,247 - [INFO] - epoch: 17, loss_rrl: 112.19931925833225
2025-12-21 21:35:12,244 - [DEBUG] - y_true: (1447,) [0 0 0 0 0 1 0 0 0 0 0 0 0 0 0 0 0 1 0 0 0 0 0 0 1 0 0 0 0 0 0 0 0 0 0 0 0
 0 1 1 0]
2025-12-21 21:35:12,394 - [DEBUG] - y_rrl_: (1447,) [0 0 0 0 0 0 0 0 0 0 0 0 0 0 0 0 0 0 0 0 0 0 0 0 1 0 0 0 0 0 0 0 0 0 0 0 0
 0 1 0 0]
2025-12-21 21:35:12,395 - [DEBUG] - y_rrl: (1447, 2) [[ 11.495975   -10.892805  ]
 [  1.1766449   -0.58211815]
 [  8.802721    -8.201135  ]
 [  8.802721    -8.201135  ]
 [ 11.495975   -10.892805  ]
 [  0.53097934   0.07633089]
 [ 11.495975   -10.892805  ]
 [  8.802721    -8.201135  ]
 [ 11.495975   -10.892805  ]
 [  4.9554176   -4.3516345 ]
 [  2.7679505   -2.168672  ]
 [  6.615254    -6.0181713 ]
 [  9.046826    -8.448351  ]
 [ 10.638132   -10.0349045 ]
 [ 10.638132   -10.0349045 ]
 [ 10.728719   -10.132635  ]
 [  8.802721    -8.201135  ]
 [  2.7679505   -2.168672  ]
 [  7.302001    -6.7123103 ]
 [  7.3825097   -6.778342  ]
 [ 10.728719   -10.132635  ]
 [ 10.638132   -10.0349045 ]
 [ 10.728719   -10.132635  ]
 [ 10.638132   -10.0349045 ]
 [ -0.23627675   0.8365005 ]
 [  1.9439011   -1.3422878 ]
 [  6.1234336   -5.52591   ]
 [ 10.638132   -10.0349045 ]
 [  7.3825097   -6.778342  ]
 [  8.802721    -8.201135  ]
 [ 11.495975   -10.892805  ]
 [  8.240352    -7.636243  ]
 [  2.7679505   -2.168672  ]
 [  2.7679505   -2.168672  ]
 [ 11.495975   -10.892805  ]
 [  8.802721    -8.201135  ]
 [ 11.495975   -10.892805  ]
 [ 10.638132   -10.0349045 ]
 [ -0.23627675   0.8365005 ]
 [  3.0193455   -2.4200616 ]
 [  8.802721    -8.201135  ]]
2025-12-21 21:35:12,397 - [INFO] - ------------------------------------------------------------
2025-12-21 21:35:12,397 - [INFO] - On Validation Set:
	Accuracy of RRL  Model: 0.8970283344851416
	F1 Score of RRL  Model: 0.6224466030298414
2025-12-21 21:35:12,403 - [INFO] - On Validation Set:
Performance of  RRL Model: 
[[1266   20]
 [ 129   32]]
              precision    recall  f1-score   support

           0       0.91      0.98      0.94      1286
           1       0.62      0.20      0.30       161

    accuracy                           0.90      1447
   macro avg       0.76      0.59      0.62      1447
weighted avg       0.88      0.90      0.87      1447

2025-12-21 21:35:12,403 - [INFO] - ------------------------------------------------------------
2025-12-21 21:35:12,941 - [INFO] - epoch: 18, loss_rrl: 112.48994731716812
2025-12-21 21:35:14,032 - [DEBUG] - y_true: (1447,) [0 0 0 0 0 1 0 0 0 0 0 0 0 0 0 0 0 1 0 0 0 0 0 0 1 0 0 0 0 0 0 0 0 0 0 0 0
 0 1 1 0]
2025-12-21 21:35:14,181 - [DEBUG] - y_rrl_: (1447,) [0 0 0 0 0 1 0 0 0 0 0 0 0 0 0 0 0 0 0 0 0 0 0 0 1 0 0 0 0 0 0 0 0 0 0 0 0
 0 1 0 0]
2025-12-21 21:35:14,182 - [DEBUG] - y_rrl: (1447, 2) [[ 10.786696   -10.211011  ]
 [  1.206182    -0.63902384]
 [  7.321823    -6.7481766 ]
 [  7.321823    -6.7481766 ]
 [ 10.786696   -10.211011  ]
 [ -1.1615738    1.7345556 ]
 [ 10.786696   -10.211011  ]
 [  8.980497    -8.406885  ]
 [ 10.786696   -10.211011  ]
 [  4.934382    -4.3587484 ]
 [  1.8627437   -1.2906506 ]
 [  6.954147    -6.384642  ]
 [  9.192974    -8.623777  ]
 [ 10.786696   -10.211011  ]
 [ 10.786696   -10.211011  ]
 [ 10.1035595   -9.534419  ]
 [  8.980497    -8.406885  ]
 [  1.8627437   -1.2906506 ]
 [  6.4608116   -5.897599  ]
 [  7.502582    -6.9260206 ]
 [ 10.1035595   -9.534419  ]
 [ 10.786696   -10.211011  ]
 [ 10.1035595   -9.534419  ]
 [ 10.786696   -10.211011  ]
 [ -1.8181357    2.3861828 ]
 [  2.9080307   -2.3365052 ]
 [  5.9088597   -5.338788  ]
 [ 10.786696   -10.211011  ]
 [  7.502582    -6.9260206 ]
 [  9.891084    -9.317527  ]
 [ 10.786696   -10.211011  ]
 [  6.819446    -6.249429  ]
 [  1.8627437   -1.2906506 ]
 [  1.8627437   -1.2906506 ]
 [ 10.786696   -10.211011  ]
 [  8.980497    -8.406885  ]
 [ 10.1035595   -9.534419  ]
 [ 10.786696   -10.211011  ]
 [ -1.1615738    1.7345556 ]
 [  2.122541    -1.5504335 ]
 [  8.980497    -8.406885  ]]
2025-12-21 21:35:14,184 - [INFO] - ------------------------------------------------------------
2025-12-21 21:35:14,184 - [INFO] - On Validation Set:
	Accuracy of RRL  Model: 0.8997926744989634
	F1 Score of RRL  Model: 0.7195770165822651
2025-12-21 21:35:14,190 - [INFO] - On Validation Set:
Performance of  RRL Model: 
[[1231   55]
 [  90   71]]
              precision    recall  f1-score   support

           0       0.93      0.96      0.94      1286
           1       0.56      0.44      0.49       161

    accuracy                           0.90      1447
   macro avg       0.75      0.70      0.72      1447
weighted avg       0.89      0.90      0.89      1447

2025-12-21 21:35:14,190 - [INFO] - ------------------------------------------------------------
2025-12-21 21:35:14,498 - [INFO] - epoch: 19, loss_rrl: 112.20840462110937
2025-12-21 21:35:15,767 - [DEBUG] - y_true: (1447,) [0 0 0 0 0 1 0 0 0 0 0 0 0 0 0 0 0 1 0 0 0 0 0 0 1 0 0 0 0 0 0 0 0 0 0 0 0
 0 1 1 0]
2025-12-21 21:35:15,921 - [DEBUG] - y_rrl_: (1447,) [0 0 0 0 0 1 0 0 0 0 0 0 0 0 0 0 0 0 0 0 0 0 0 0 1 0 0 0 0 0 0 0 0 0 0 0 0
 0 1 0 0]
2025-12-21 21:35:15,922 - [DEBUG] - y_rrl: (1447, 2) [[10.508282   -9.954504  ]
 [ 0.47233164  0.08014178]
 [ 4.631892   -4.078716  ]
 [ 5.988694   -5.4363284 ]
 [ 7.498284   -6.943663  ]
 [-0.70055574  1.2579374 ]
 [10.508282   -9.954504  ]
 [ 8.567127   -8.012753  ]
 [10.508282   -9.954504  ]
 [ 6.480293   -5.9233317 ]
 [ 2.7765305  -2.2233806 ]
 [ 5.94199    -5.384485  ]
 [ 7.210325   -6.6551394 ]
 [ 5.5571275  -5.001911  ]
 [ 8.567127   -8.012753  ]
 [ 8.682018   -8.133859  ]
 [ 6.9139295  -6.3595243 ]
 [ 4.4297276  -3.8766084 ]
 [ 5.91967    -5.377618  ]
 [ 6.373556   -5.8189015 ]
 [ 9.726051   -9.178435  ]
 [ 7.210325   -6.6551394 ]
 [ 8.369249   -7.820822  ]
 [ 6.9139295  -6.3595243 ]
 [-1.482786    2.034006  ]
 [ 2.929921   -2.3718686 ]
 [ 5.555057   -5.000136  ]
 [ 8.567127   -8.012753  ]
 [ 5.016754   -4.461289  ]
 [ 7.641891   -7.089556  ]
 [10.508282   -9.954504  ]
 [ 5.131645   -4.5823956 ]
 [ 3.5044918  -2.9534125 ]
 [ 2.1476898  -1.5957997 ]
 [ 9.15148    -8.596891  ]
 [ 8.567127   -8.012753  ]
 [ 9.15148    -8.596891  ]
 [ 8.567127   -8.012753  ]
 [-0.55755055  1.1108105 ]
 [ 0.7107837  -0.1598438 ]
 [ 8.567127   -8.012753  ]]
2025-12-21 21:35:15,924 - [INFO] - ------------------------------------------------------------
2025-12-21 21:35:15,924 - [INFO] - On Validation Set:
	Accuracy of RRL  Model: 0.9053213545266068
	F1 Score of RRL  Model: 0.7445060928850826
2025-12-21 21:35:15,930 - [INFO] - On Validation Set:
Performance of  RRL Model: 
[[1229   57]
 [  80   81]]
              precision    recall  f1-score   support

           0       0.94      0.96      0.95      1286
           1       0.59      0.50      0.54       161

    accuracy                           0.91      1447
   macro avg       0.76      0.73      0.74      1447
weighted avg       0.90      0.91      0.90      1447

2025-12-21 21:35:15,930 - [INFO] - ------------------------------------------------------------
2025-12-21 21:35:16,027 - [INFO] - epoch: 20, loss_rrl: 110.22323541343212
2025-12-21 21:35:17,426 - [INFO] - epoch: 21, loss_rrl: 109.98097287490964
2025-12-21 21:35:17,569 - [DEBUG] - y_true: (1447,) [0 0 0 0 0 1 0 0 0 0 0 0 0 0 0 0 0 1 0 0 0 0 0 0 1 0 0 0 0 0 0 0 0 0 0 0 0
 0 1 1 0]
2025-12-21 21:35:17,744 - [DEBUG] - y_rrl_: (1447,) [0 1 0 0 0 1 0 0 0 0 0 0 0 0 0 0 0 0 0 0 0 0 0 0 1 1 0 0 0 0 0 0 0 0 0 0 0
 0 1 1 0]
2025-12-21 21:35:17,745 - [DEBUG] - y_rrl: (1447, 2) [[ 9.298522   -8.765311  ]
 [-2.375792    2.9078288 ]
 [ 5.8200927  -5.2887597 ]
 [ 5.8200927  -5.2887597 ]
 [ 7.686764   -7.153524  ]
 [-2.6068287   3.1375952 ]
 [ 9.298522   -8.765311  ]
 [ 8.387229   -7.853967  ]
 [ 9.298522   -8.765311  ]
 [ 6.2361307  -5.7004523 ]
 [ 1.6452273  -1.1126181 ]
 [ 6.184587   -5.6485944 ]
 [ 7.3853226  -6.85154   ]
 [ 6.7754707  -6.2421803 ]
 [ 8.387229   -7.853967  ]
 [ 7.520112   -6.992209  ]
 [ 6.7754707  -6.2421803 ]
 [ 3.2569854  -2.724405  ]
 [ 4.6701903  -4.148034  ]
 [ 6.2311153  -5.697601  ]
 [ 8.5220175  -7.994636  ]
 [ 8.387229   -7.853967  ]
 [ 8.5220175  -7.994636  ]
 [ 7.686764   -7.153524  ]
 [-2.6068287   3.1375952 ]
 [-1.2577524   1.7877493 ]
 [ 4.278847   -3.7446055 ]
 [ 8.387229   -7.853967  ]
 [ 5.22921    -4.6951747 ]
 [ 7.4318514  -6.9005466 ]
 [ 9.298522   -8.765311  ]
 [ 6.365905   -5.8382697 ]
 [ 2.301608   -1.7709848 ]
 [ 2.301608   -1.7709848 ]
 [ 9.298522   -8.765311  ]
 [ 8.387229   -7.853967  ]
 [ 8.5220175  -7.994636  ]
 [ 8.387229   -7.853967  ]
 [-0.74015754  1.272831  ]
 [-0.4507157   0.98122907]
 [ 8.387229   -7.853967  ]]
2025-12-21 21:35:17,747 - [INFO] - ------------------------------------------------------------
2025-12-21 21:35:17,748 - [INFO] - On Validation Set:
	Accuracy of RRL  Model: 0.9046302695231514
	F1 Score of RRL  Model: 0.7652365903896617
2025-12-21 21:35:17,754 - [INFO] - On Validation Set:
Performance of  RRL Model: 
[[1212   74]
 [  64   97]]
              precision    recall  f1-score   support

           0       0.95      0.94      0.95      1286
           1       0.57      0.60      0.58       161

    accuracy                           0.90      1447
   macro avg       0.76      0.77      0.77      1447
weighted avg       0.91      0.90      0.91      1447

2025-12-21 21:35:17,754 - [INFO] - ------------------------------------------------------------
2025-12-21 21:35:18,960 - [INFO] - epoch: 22, loss_rrl: 111.30496229231358
2025-12-21 21:35:19,316 - [DEBUG] - y_true: (1447,) [0 0 0 0 0 1 0 0 0 0 0 0 0 0 0 0 0 1 0 0 0 0 0 0 1 0 0 0 0 0 0 0 0 0 0 0 0
 0 1 1 0]
2025-12-21 21:35:19,466 - [DEBUG] - y_rrl_: (1447,) [0 1 0 0 0 1 0 0 0 0 0 0 0 0 0 0 0 0 0 0 0 0 0 0 1 0 0 0 0 0 0 0 0 0 0 0 0
 0 0 0 0]
2025-12-21 21:35:19,467 - [DEBUG] - y_rrl: (1447, 2) [[10.403657   -9.890597  ]
 [-0.48899812  0.99543417]
 [ 6.881749   -6.3704886 ]
 [ 6.881749   -6.3704886 ]
 [10.403657   -9.890597  ]
 [-1.55961     2.0703254 ]
 [10.403657   -9.890597  ]
 [ 9.469176   -8.956067  ]
 [10.403657   -9.890597  ]
 [ 5.314103   -4.7993546 ]
 [ 3.5376494  -3.0279186 ]
 [ 7.6927223  -7.1846337 ]
 [ 8.717489   -8.209897  ]
 [ 9.469176   -8.956067  ]
 [ 9.469176   -8.956067  ]
 [ 9.65197    -9.144427  ]
 [ 9.469176   -8.956067  ]
 [ 3.5376494  -3.0279186 ]
 [ 5.7443733  -5.2417326 ]
 [ 6.322384   -5.8085494 ]
 [ 9.65197    -9.144427  ]
 [ 9.469176   -8.956067  ]
 [ 9.65197    -9.144427  ]
 [ 9.469176   -8.956067  ]
 [-1.55961     2.0703254 ]
 [ 1.415624   -0.9056643 ]
 [ 4.4820185  -3.9735556 ]
 [ 9.469176   -8.956067  ]
 [ 7.466201   -6.954472  ]
 [ 8.490969   -7.979737  ]
 [10.403657   -9.890597  ]
 [ 7.2568645  -6.7430787 ]
 [ 2.5594413  -2.051587  ]
 [ 2.5594413  -2.051587  ]
 [10.403657   -9.890597  ]
 [ 9.469176   -8.956067  ]
 [ 9.65197    -9.144427  ]
 [ 9.469176   -8.956067  ]
 [ 0.56241524 -0.05192878]
 [ 1.5871826  -1.0771933 ]
 [ 9.469176   -8.956067  ]]
2025-12-21 21:35:19,469 - [INFO] - ------------------------------------------------------------
2025-12-21 21:35:19,469 - [INFO] - On Validation Set:
	Accuracy of RRL  Model: 0.9087767795438839
	F1 Score of RRL  Model: 0.7390370532298611
2025-12-21 21:35:19,475 - [INFO] - On Validation Set:
Performance of  RRL Model: 
[[1241   45]
 [  87   74]]
              precision    recall  f1-score   support

           0       0.93      0.97      0.95      1286
           1       0.62      0.46      0.53       161

    accuracy                           0.91      1447
   macro avg       0.78      0.71      0.74      1447
weighted avg       0.90      0.91      0.90      1447

2025-12-21 21:35:19,475 - [INFO] - ------------------------------------------------------------
2025-12-21 21:35:20,456 - [INFO] - epoch: 23, loss_rrl: 111.00243394635618
2025-12-21 21:35:21,058 - [DEBUG] - y_true: (1447,) [0 0 0 0 0 1 0 0 0 0 0 0 0 0 0 0 0 1 0 0 0 0 0 0 1 0 0 0 0 0 0 0 0 0 0 0 0
 0 1 1 0]
2025-12-21 21:35:21,210 - [DEBUG] - y_rrl_: (1447,) [0 0 0 0 0 1 0 0 0 0 0 0 0 0 0 0 0 0 0 0 0 0 0 0 1 0 0 0 0 0 0 0 0 0 0 0 0
 0 0 0 0]
2025-12-21 21:35:21,210 - [DEBUG] - y_rrl: (1447, 2) [[  9.852162   -9.358644 ]
 [  2.3493197  -1.8573244]
 [  7.927072   -7.435305 ]
 [  7.927072   -7.435305 ]
 [  9.852162   -9.358644 ]
 [ -0.5476838   1.0389199]
 [ 11.464365  -10.970871 ]
 [  9.539273   -9.047533 ]
 [ 11.464365  -10.970871 ]
 [  5.3806763  -4.887413 ]
 [  1.9646952  -1.4761522]
 [  9.539273   -9.047533 ]
 [ 10.544223  -10.050685 ]
 [  8.932021   -8.4384575]
 [ 10.544223  -10.050685 ]
 [  9.05838    -8.570081 ]
 [  7.927072   -7.435305 ]
 [  3.576897   -3.08838  ]
 [  4.012079   -3.5263708]
 [  7.4180856  -6.9238663]
 [ 10.670583  -10.182308 ]
 [  8.932021   -8.4384575]
 [  9.05838    -8.570081 ]
 [  9.852162   -9.358644 ]
 [ -1.457852    1.9453415]
 [  3.4757004  -2.9856532]
 [  6.2557936  -5.7614865]
 [ 10.544223  -10.050685 ]
 [  8.529278   -8.037063 ]
 [  9.539273   -9.047533 ]
 [ 11.464365  -10.970871 ]
 [  8.338226   -7.8440533]
 [  1.9646952  -1.4761522]
 [  1.9646952  -1.4761522]
 [ 11.464365  -10.970871 ]
 [  9.539273   -9.047533 ]
 [  9.05838    -8.570081 ]
 [  8.932021   -8.4384575]
 [  1.4836495  -0.9944633]
 [  2.5784543  -2.0878987]
 [  7.927072   -7.435305 ]]
2025-12-21 21:35:21,212 - [INFO] - ------------------------------------------------------------
2025-12-21 21:35:21,213 - [INFO] - On Validation Set:
	Accuracy of RRL  Model: 0.9060124395300622
	F1 Score of RRL  Model: 0.7001072830565918
2025-12-21 21:35:21,218 - [INFO] - On Validation Set:
Performance of  RRL Model: 
[[1255   31]
 [ 105   56]]
              precision    recall  f1-score   support

           0       0.92      0.98      0.95      1286
           1       0.64      0.35      0.45       161

    accuracy                           0.91      1447
   macro avg       0.78      0.66      0.70      1447
weighted avg       0.89      0.91      0.89      1447

2025-12-21 21:35:21,219 - [INFO] - ------------------------------------------------------------
2025-12-21 21:35:21,979 - [INFO] - epoch: 24, loss_rrl: 110.26437355205417
2025-12-21 21:35:22,756 - [DEBUG] - y_true: (1447,) [0 0 0 0 0 1 0 0 0 0 0 0 0 0 0 0 0 1 0 0 0 0 0 0 1 0 0 0 0 0 0 0 0 0 0 0 0
 0 1 1 0]
2025-12-21 21:35:22,903 - [DEBUG] - y_rrl_: (1447,) [0 1 0 0 0 1 0 0 0 0 0 0 0 0 0 0 0 0 0 0 0 0 0 0 1 0 0 0 0 0 0 0 0 1 0 0 0
 0 1 0 0]
2025-12-21 21:35:22,904 - [DEBUG] - y_rrl: (1447, 2) [[ 10.50682    -10.032284  ]
 [ -0.9863324    1.4605738 ]
 [  7.1757693   -6.702263  ]
 [  7.1757693   -6.702263  ]
 [ 10.50682    -10.032284  ]
 [ -1.5070106    1.979374  ]
 [ 10.50682    -10.032284  ]
 [  7.1757693   -6.702263  ]
 [ 10.50682    -10.032284  ]
 [  2.988708    -2.5137913 ]
 [  1.4655155   -0.9938284 ]
 [  6.506221    -6.031005  ]
 [  9.610411    -9.135831  ]
 [  9.610411    -9.135831  ]
 [  9.610411    -9.135831  ]
 [  9.653175    -9.1835785 ]
 [  8.583151    -8.110296  ]
 [  1.4655155   -0.9938284 ]
 [  4.650874    -4.183677  ]
 [  5.0988398   -4.622972  ]
 [  9.653175    -9.1835785 ]
 [  9.610411    -9.135831  ]
 [  9.653175    -9.1835785 ]
 [  9.610411    -9.135831  ]
 [ -1.5070106    1.979374  ]
 [  1.4655155   -0.9938284 ]
 [  5.2659492   -4.7906995 ]
 [  8.20303     -7.7277985 ]
 [  6.506221    -6.031005  ]
 [  8.583151    -8.110296  ]
 [ 10.50682    -10.032284  ]
 [  6.506221    -6.031005  ]
 [  1.4655155   -0.9938284 ]
 [  0.05813438   0.41420433]
 [ 10.50682    -10.032284  ]
 [  7.1757693   -6.702263  ]
 [  9.653175    -9.1835785 ]
 [  8.20303     -7.7277985 ]
 [ -1.5070106    1.979374  ]
 [  1.5971789   -1.1254522 ]
 [  7.1757693   -6.702263  ]]
2025-12-21 21:35:22,906 - [INFO] - ------------------------------------------------------------
2025-12-21 21:35:22,906 - [INFO] - On Validation Set:
	Accuracy of RRL  Model: 0.8997926744989634
	F1 Score of RRL  Model: 0.7431598868417413
2025-12-21 21:35:22,912 - [INFO] - On Validation Set:
Performance of  RRL Model: 
[[1216   70]
 [  75   86]]
              precision    recall  f1-score   support

           0       0.94      0.95      0.94      1286
           1       0.55      0.53      0.54       161

    accuracy                           0.90      1447
   macro avg       0.75      0.74      0.74      1447
weighted avg       0.90      0.90      0.90      1447

2025-12-21 21:35:22,912 - [INFO] - ------------------------------------------------------------
2025-12-21 21:35:23,459 - [INFO] - epoch: 25, loss_rrl: 111.41152123734355
2025-12-21 21:35:24,450 - [DEBUG] - y_true: (1447,) [0 0 0 0 0 1 0 0 0 0 0 0 0 0 0 0 0 1 0 0 0 0 0 0 1 0 0 0 0 0 0 0 0 0 0 0 0
 0 1 1 0]
2025-12-21 21:35:24,598 - [DEBUG] - y_rrl_: (1447,) [0 1 0 0 0 1 0 0 0 0 0 0 0 0 0 0 0 0 0 0 0 0 0 0 1 1 0 0 0 0 0 0 0 0 0 0 0
 0 1 0 0]
2025-12-21 21:35:24,598 - [DEBUG] - y_rrl: (1447, 2) [[ 10.7312     -10.275077  ]
 [ -0.17684665   0.62741977]
 [  7.2742925   -6.81976   ]
 [  7.2742925   -6.81976   ]
 [ 10.7312     -10.275077  ]
 [ -3.1218636    3.5730762 ]
 [ 10.7312     -10.275077  ]
 [  8.819148    -8.364637  ]
 [ 10.7312     -10.275077  ]
 [  4.6391006   -4.183288  ]
 [  1.6874045   -1.2340162 ]
 [  5.8674498   -5.415365  ]
 [  7.0783296   -6.6296535 ]
 [ 10.7312     -10.275077  ]
 [ 10.7312     -10.275077  ]
 [  9.804832    -9.353382  ]
 [  8.819148    -8.364637  ]
 [  1.6874045   -1.2340162 ]
 [  5.924487    -5.477073  ]
 [  7.6560693   -7.1993527 ]
 [  9.804832    -9.353382  ]
 [ 10.7312     -10.275077  ]
 [  9.804832    -9.353382  ]
 [ 10.7312     -10.275077  ]
 [ -3.1218636    3.5730762 ]
 [ -0.17684665   0.62741977]
 [  5.8674498   -5.415365  ]
 [ 10.7312     -10.275077  ]
 [  7.6560693   -7.1993527 ]
 [  9.6814      -9.226931  ]
 [ 10.7312     -10.275077  ]
 [  6.793817    -6.3370595 ]
 [  1.6874045   -1.2340162 ]
 [  1.6874045   -1.2340162 ]
 [ 10.7312     -10.275077  ]
 [  8.819148    -8.364637  ]
 [  9.804832    -9.353382  ]
 [ 10.7312     -10.275077  ]
 [ -1.2576123    1.7116404 ]
 [  1.8175181   -1.364084  ]
 [  8.819148    -8.364637  ]]
2025-12-21 21:35:24,600 - [INFO] - ------------------------------------------------------------
2025-12-21 21:35:24,600 - [INFO] - On Validation Set:
	Accuracy of RRL  Model: 0.89426399447132
	F1 Score of RRL  Model: 0.7129671765790364
2025-12-21 21:35:24,606 - [INFO] - On Validation Set:
Performance of  RRL Model: 
[[1222   64]
 [  89   72]]
              precision    recall  f1-score   support

           0       0.93      0.95      0.94      1286
           1       0.53      0.45      0.48       161

    accuracy                           0.89      1447
   macro avg       0.73      0.70      0.71      1447
weighted avg       0.89      0.89      0.89      1447

2025-12-21 21:35:24,606 - [INFO] - ------------------------------------------------------------
2025-12-21 21:35:24,944 - [INFO] - epoch: 26, loss_rrl: 112.27500256337225
2025-12-21 21:35:26,145 - [DEBUG] - y_true: (1447,) [0 0 0 0 0 1 0 0 0 0 0 0 0 0 0 0 0 1 0 0 0 0 0 0 1 0 0 0 0 0 0 0 0 0 0 0 0
 0 1 1 0]
2025-12-21 21:35:26,294 - [DEBUG] - y_rrl_: (1447,) [0 1 0 0 0 1 0 0 0 0 0 0 0 0 0 0 0 0 0 0 0 0 0 0 1 0 0 0 0 0 0 0 0 0 0 0 0
 0 1 0 0]
2025-12-21 21:35:26,294 - [DEBUG] - y_rrl: (1447, 2) [[ 10.568731  -10.1304245]
 [ -0.752715    1.1907996]
 [  5.711417   -5.274054 ]
 [  5.711417   -5.274054 ]
 [ 10.568731  -10.1304245]
 [ -1.4032933   1.8395914]
 [ 10.568731  -10.1304245]
 [  7.292119   -6.854778 ]
 [ 10.568731  -10.1304245]
 [  4.924884   -4.4858723]
 [  3.3012416  -2.8650887]
 [  6.642126   -6.2032247]
 [  9.722042   -9.283699 ]
 [  9.722042   -9.283699 ]
 [  9.722042   -9.283699 ]
 [  9.595081   -9.161194 ]
 [  8.651213   -8.214455 ]
 [  3.3012416  -2.8650887]
 [  6.7362704  -6.3045816]
 [  5.2830324  -4.843548 ]
 [  9.595081   -9.161194 ]
 [  9.722042   -9.283699 ]
 [  9.595081   -9.161194 ]
 [  9.722042   -9.283699 ]
 [ -1.4032933   1.8395914]
 [  3.3012416  -2.8650887]
 [  5.3289413  -4.890099 ]
 [  8.362948   -7.9240217]
 [  6.642126   -6.2032247]
 [  8.651213   -8.214455 ]
 [ 10.568731  -10.1304245]
 [  6.642126   -6.2032247]
 [  3.3012416  -2.8650887]
 [  1.9421476  -1.5054115]
 [ 10.568731  -10.1304245]
 [  7.292119   -6.854778 ]
 [  9.595081   -9.161194 ]
 [  8.362948   -7.9240217]
 [ -1.4032933   1.8395914]
 [  1.6766229  -1.240883 ]
 [  7.292119   -6.854778 ]]
2025-12-21 21:35:26,297 - [INFO] - ------------------------------------------------------------
2025-12-21 21:35:26,297 - [INFO] - On Validation Set:
	Accuracy of RRL  Model: 0.9053213545266068
	F1 Score of RRL  Model: 0.7474897238855495
2025-12-21 21:35:26,303 - [INFO] - On Validation Set:
Performance of  RRL Model: 
[[1227   59]
 [  78   83]]
              precision    recall  f1-score   support

           0       0.94      0.95      0.95      1286
           1       0.58      0.52      0.55       161

    accuracy                           0.91      1447
   macro avg       0.76      0.73      0.75      1447
weighted avg       0.90      0.91      0.90      1447

2025-12-21 21:35:26,303 - [INFO] - ------------------------------------------------------------
2025-12-21 21:35:26,422 - [INFO] - epoch: 27, loss_rrl: 111.95451346412301
2025-12-21 21:35:27,730 - [INFO] - epoch: 28, loss_rrl: 112.28724956139922
2025-12-21 21:35:27,840 - [DEBUG] - y_true: (1447,) [0 0 0 0 0 1 0 0 0 0 0 0 0 0 0 0 0 1 0 0 0 0 0 0 1 0 0 0 0 0 0 0 0 0 0 0 0
 0 1 1 0]
2025-12-21 21:35:27,992 - [DEBUG] - y_rrl_: (1447,) [0 1 0 0 0 1 0 0 0 0 0 0 0 0 0 0 0 0 0 0 0 0 0 0 1 0 0 0 0 0 0 0 0 0 0 0 0
 0 1 1 0]
2025-12-21 21:35:27,992 - [DEBUG] - y_rrl: (1447, 2) [[ 9.778498   -9.357383  ]
 [-2.9030738   3.319281  ]
 [ 6.2639856  -5.8443313 ]
 [ 7.322377   -6.9012036 ]
 [ 9.778498   -9.357383  ]
 [-1.2497475   1.6731117 ]
 [ 9.778498   -9.357383  ]
 [ 7.866163   -7.4465294 ]
 [ 9.778498   -9.357383  ]
 [ 5.4342766  -5.013094  ]
 [ 3.4098852  -2.9924889 ]
 [ 5.841772   -5.425924  ]
 [ 7.967667   -7.5461183 ]
 [ 8.924555   -8.503401  ]
 [ 8.924555   -8.503401  ]
 [ 7.7541075  -7.336777  ]
 [ 7.866163   -7.4465294 ]
 [ 3.4098852  -2.9924889 ]
 [ 3.7240071  -3.3089778 ]
 [ 7.8992143  -7.476417  ]
 [ 8.710995   -8.294061  ]
 [ 8.924555   -8.503401  ]
 [ 8.710995   -8.294061  ]
 [ 9.778498   -9.357383  ]
 [-4.2636194   4.680377  ]
 [ 1.8498714  -1.4266285 ]
 [ 3.4098852  -2.9924889 ]
 [ 8.924555   -8.503401  ]
 [ 6.9092755  -6.4892464 ]
 [ 8.924555   -8.503401  ]
 [ 9.778498   -9.357383  ]
 [ 7.8992143  -7.476417  ]
 [ 3.4098852  -2.9924889 ]
 [ 3.4098852  -2.9924889 ]
 [ 9.778498   -9.357383  ]
 [ 8.924555   -8.503401  ]
 [ 9.778498   -9.357383  ]
 [ 8.924555   -8.503401  ]
 [-0.43796712  0.85546833]
 [-0.23351936  0.65257746]
 [ 7.866163   -7.4465294 ]]
2025-12-21 21:35:27,994 - [INFO] - ------------------------------------------------------------
2025-12-21 21:35:27,994 - [INFO] - On Validation Set:
	Accuracy of RRL  Model: 0.9067035245335177
	F1 Score of RRL  Model: 0.7436730162854139
2025-12-21 21:35:28,000 - [INFO] - On Validation Set:
Performance of  RRL Model: 
[[1233   53]
 [  82   79]]
              precision    recall  f1-score   support

           0       0.94      0.96      0.95      1286
           1       0.60      0.49      0.54       161

    accuracy                           0.91      1447
   macro avg       0.77      0.72      0.74      1447
weighted avg       0.90      0.91      0.90      1447

2025-12-21 21:35:28,000 - [INFO] - ------------------------------------------------------------
2025-12-21 21:35:29,237 - [INFO] - epoch: 29, loss_rrl: 111.61896016448736
2025-12-21 21:35:29,560 - [DEBUG] - y_true: (1447,) [0 0 0 0 0 1 0 0 0 0 0 0 0 0 0 0 0 1 0 0 0 0 0 0 1 0 0 0 0 0 0 0 0 0 0 0 0
 0 1 1 0]
2025-12-21 21:35:29,713 - [DEBUG] - y_rrl_: (1447,) [0 0 0 0 0 1 0 0 0 0 0 0 0 0 0 0 0 0 0 0 0 0 0 0 1 0 0 0 0 0 0 0 0 0 0 0 0
 0 0 0 0]
2025-12-21 21:35:29,714 - [DEBUG] - y_rrl: (1447, 2) [[ 11.580996   -11.176384  ]
 [  3.3297284   -2.9254177 ]
 [  8.100954    -7.6977463 ]
 [  8.100954    -7.6977463 ]
 [ 11.580996   -11.176384  ]
 [ -0.52991825   0.9326636 ]
 [ 11.580996   -11.176384  ]
 [ 10.715475   -10.310829  ]
 [ 11.580996   -11.176384  ]
 [  6.5144477   -6.1087685 ]
 [  4.4450946   -4.042995  ]
 [  9.749716    -9.344692  ]
 [ 10.715475   -10.310829  ]
 [ 10.715475   -10.310829  ]
 [ 10.715475   -10.310829  ]
 [ 10.477402   -10.07675   ]
 [ 10.715475   -10.310829  ]
 [  4.4450946   -4.042995  ]
 [  5.5571322   -5.15825   ]
 [  7.7111363   -7.3060055 ]
 [ 10.477402   -10.07675   ]
 [ 10.715475   -10.310829  ]
 [ 10.477402   -10.07675   ]
 [ 10.715475   -10.310829  ]
 [ -0.52991825   0.9326636 ]
 [  2.406516    -2.0043092 ]
 [  6.2435126   -5.8385115 ]
 [ 10.715475   -10.310829  ]
 [  8.70899     -8.305425  ]
 [  9.674751    -9.271562  ]
 [ 11.580996   -11.176384  ]
 [  7.7111363   -7.3060055 ]
 [  3.4043708   -3.0037274 ]
 [  3.4043708   -3.0037274 ]
 [ 11.580996   -11.176384  ]
 [ 10.715475   -10.310829  ]
 [ 10.477402   -10.07675   ]
 [ 10.715475   -10.310829  ]
 [  1.5086607   -1.106023  ]
 [  2.474421    -2.0721607 ]
 [ 10.715475   -10.310829  ]]
2025-12-21 21:35:29,716 - [INFO] - ------------------------------------------------------------
2025-12-21 21:35:29,716 - [INFO] - On Validation Set:
	Accuracy of RRL  Model: 0.9039391845196959
	F1 Score of RRL  Model: 0.6781176734174582
2025-12-21 21:35:29,722 - [INFO] - On Validation Set:
Performance of  RRL Model: 
[[1260   26]
 [ 113   48]]
              precision    recall  f1-score   support

           0       0.92      0.98      0.95      1286
           1       0.65      0.30      0.41       161

    accuracy                           0.90      1447
   macro avg       0.78      0.64      0.68      1447
weighted avg       0.89      0.90      0.89      1447

2025-12-21 21:35:29,722 - [INFO] - ------------------------------------------------------------
2025-12-21 21:35:30,970 - [INFO] - epoch: 30, loss_rrl: 111.81815846636891
2025-12-21 21:35:31,544 - [DEBUG] - y_true: (1447,) [0 0 0 0 0 1 0 0 0 0 0 0 0 0 0 0 0 1 0 0 0 0 0 0 1 0 0 0 0 0 0 0 0 0 0 0 0
 0 1 1 0]
2025-12-21 21:35:31,704 - [DEBUG] - y_rrl_: (1447,) [0 0 0 0 0 0 0 0 0 0 0 0 0 0 0 0 0 0 0 0 0 0 0 0 1 0 0 0 0 0 0 0 0 0 0 0 0
 0 0 0 0]
2025-12-21 21:35:31,705 - [DEBUG] - y_rrl: (1447, 2) [[ 12.605277   -12.216559  ]
 [  3.5237563   -3.1360517 ]
 [  9.084472    -8.697098  ]
 [ 10.111577    -9.722807  ]
 [ 12.605277   -12.216559  ]
 [  0.3602825    0.02664885]
 [ 12.605277   -12.216559  ]
 [ 10.679348   -10.291993  ]
 [ 12.605277   -12.216559  ]
 [  6.4046493   -6.016336  ]
 [  3.3380997   -2.9516773 ]
 [  9.686165    -9.29732   ]
 [ 11.706453   -11.317702  ]
 [ 11.706453   -11.317702  ]
 [ 11.706453   -11.317702  ]
 [ 12.605277   -12.216559  ]
 [ 10.679348   -10.291993  ]
 [  3.3380997   -2.9516773 ]
 [  7.7402315   -7.353159  ]
 [  9.756224    -9.365623  ]
 [ 12.605277   -12.216559  ]
 [ 11.706453   -11.317702  ]
 [ 11.488956   -11.10398   ]
 [ 12.605277   -12.216559  ]
 [ -0.5703815    0.95485353]
 [  4.2951455   -3.9090843 ]
 [  7.1859007   -6.7968526 ]
 [ 11.706453   -11.317702  ]
 [  8.729118    -8.339913  ]
 [ 11.706453   -11.317702  ]
 [ 12.605277   -12.216559  ]
 [  9.756224    -9.365623  ]
 [  3.3380997   -2.9516773 ]
 [  3.3380997   -2.9516773 ]
 [ 12.605277   -12.216559  ]
 [ 11.706453   -11.317702  ]
 [ 11.488956   -11.10398   ]
 [ 11.706453   -11.317702  ]
 [  1.2591063   -0.8722079 ]
 [  3.3376172   -2.95114   ]
 [ 10.679348   -10.291993  ]]
2025-12-21 21:35:31,707 - [INFO] - ------------------------------------------------------------
2025-12-21 21:35:31,707 - [INFO] - On Validation Set:
	Accuracy of RRL  Model: 0.899101589495508
	F1 Score of RRL  Model: 0.6079027468448404
2025-12-21 21:35:31,713 - [INFO] - On Validation Set:
Performance of  RRL Model: 
[[1274   12]
 [ 134   27]]
              precision    recall  f1-score   support

           0       0.90      0.99      0.95      1286
           1       0.69      0.17      0.27       161

    accuracy                           0.90      1447
   macro avg       0.80      0.58      0.61      1447
weighted avg       0.88      0.90      0.87      1447

2025-12-21 21:35:31,713 - [INFO] - ------------------------------------------------------------
2025-12-21 21:35:32,556 - [INFO] - epoch: 31, loss_rrl: 111.08763854205608
2025-12-21 21:35:33,355 - [DEBUG] - y_true: (1447,) [0 0 0 0 0 1 0 0 0 0 0 0 0 0 0 0 0 1 0 0 0 0 0 0 1 0 0 0 0 0 0 0 0 0 0 0 0
 0 1 1 0]
2025-12-21 21:35:33,515 - [DEBUG] - y_rrl_: (1447,) [0 0 0 0 0 1 0 0 0 0 0 0 0 0 0 0 0 0 0 0 0 0 0 0 1 0 0 0 0 0 0 0 0 0 0 0 0
 0 1 0 0]
2025-12-21 21:35:33,516 - [DEBUG] - y_rrl: (1447, 2) [[  9.441717   -9.068342 ]
 [  2.7192566  -2.3461668]
 [  6.565339   -6.192926 ]
 [  8.144024   -7.771628 ]
 [  9.441717   -9.068342 ]
 [ -1.2666061   1.6382393]
 [ 11.020401  -10.647043 ]
 [  8.144024   -7.771628 ]
 [ 11.020401  -10.647043 ]
 [  5.5633936  -5.1897674]
 [  1.8174427  -1.4459218]
 [  7.1385145  -6.7647033]
 [ 10.11242    -9.739031 ]
 [  8.533735   -8.16033  ]
 [ 10.11242    -9.739031 ]
 [  8.533735   -8.16033  ]
 [  6.565339   -6.192926 ]
 [  3.3961272  -3.0246232]
 [  3.7212021  -3.349326 ]
 [  7.1385145  -6.7647033]
 [ 11.020401  -10.647043 ]
 [  8.533735   -8.16033  ]
 [  8.27996    -7.910123 ]
 [  8.533735   -8.16033  ]
 [ -3.1052337   3.4749153]
 [  3.3961272  -3.0246232]
 [  5.5633936  -5.1897674]
 [ 10.11242    -9.739031 ]
 [  7.1385145  -6.7647033]
 [  8.144024   -7.771628 ]
 [ 11.020401  -10.647043 ]
 [  7.1385145  -6.7647033]
 [  1.8174427  -1.4459218]
 [  1.8174427  -1.4459218]
 [ 11.020401  -10.647043 ]
 [  8.144024   -7.771628 ]
 [  8.27996    -7.910123 ]
 [  8.533735   -8.16033  ]
 [ -1.2666061   1.6382393]
 [  1.7072995  -1.3360887]
 [  6.565339   -6.192926 ]]
2025-12-21 21:35:33,518 - [INFO] - ------------------------------------------------------------
2025-12-21 21:35:33,518 - [INFO] - On Validation Set:
	Accuracy of RRL  Model: 0.9039391845196959
	F1 Score of RRL  Model: 0.7496206335513056
2025-12-21 21:35:33,524 - [INFO] - On Validation Set:
Performance of  RRL Model: 
[[1222   64]
 [  75   86]]
              precision    recall  f1-score   support

           0       0.94      0.95      0.95      1286
           1       0.57      0.53      0.55       161

    accuracy                           0.90      1447
   macro avg       0.76      0.74      0.75      1447
weighted avg       0.90      0.90      0.90      1447

2025-12-21 21:35:33,524 - [INFO] - ------------------------------------------------------------
2025-12-21 21:35:34,141 - [INFO] - epoch: 32, loss_rrl: 111.62381317093968
2025-12-21 21:35:35,166 - [DEBUG] - y_true: (1447,) [0 0 0 0 0 1 0 0 0 0 0 0 0 0 0 0 0 1 0 0 0 0 0 0 1 0 0 0 0 0 0 0 0 0 0 0 0
 0 1 1 0]
2025-12-21 21:35:35,326 - [DEBUG] - y_rrl_: (1447,) [0 0 0 0 0 1 0 0 0 0 0 0 0 0 0 0 0 0 0 0 0 0 0 0 1 0 0 0 0 0 0 0 0 0 0 0 0
 0 0 0 0]
2025-12-21 21:35:35,327 - [DEBUG] - y_rrl: (1447, 2) [[ 12.497821   -12.139363  ]
 [  0.71917826  -0.36495247]
 [  8.23382     -7.875843  ]
 [  9.618889    -9.261352  ]
 [ 11.112752   -10.753856  ]
 [ -0.35751      0.7158435 ]
 [ 12.497821   -12.139363  ]
 [  9.618889    -9.261352  ]
 [ 12.497821   -12.139363  ]
 [  5.394765    -5.036417  ]
 [  3.148743    -2.792386  ]
 [  6.8927674   -6.5371118 ]
 [  8.429716    -8.072605  ]
 [ 10.195682    -9.836753  ]
 [  8.968473    -8.608848  ]
 [ 12.497821   -12.139363  ]
 [  9.618889    -9.261352  ]
 [  3.148743    -2.792386  ]
 [  7.737323    -7.3802867 ]
 [  8.586217    -8.227332  ]
 [ 12.497821   -12.139363  ]
 [ 10.195682    -9.836753  ]
 [  9.899403    -9.543844  ]
 [ 12.497821   -12.139363  ]
 [ -0.6658909    1.0205559 ]
 [  2.1160278   -1.7580403 ]
 [  7.372867    -7.017321  ]
 [ 11.58075    -11.222261  ]
 [  7.2011476   -6.8418236 ]
 [ 10.523858   -10.16665   ]
 [ 12.497821   -12.139363  ]
 [  7.2011476   -6.8418236 ]
 [  3.148743    -2.792386  ]
 [  1.7636738   -1.4068776 ]
 [ 11.112752   -10.753856  ]
 [ 10.523858   -10.16665   ]
 [ 11.112752   -10.753856  ]
 [ 11.58075    -11.222261  ]
 [  1.1121774   -0.75539577]
 [  3.1896381   -2.8332229 ]
 [  9.618889    -9.261352  ]]
2025-12-21 21:35:35,329 - [INFO] - ------------------------------------------------------------
2025-12-21 21:35:35,329 - [INFO] - On Validation Set:
	Accuracy of RRL  Model: 0.9046302695231514
	F1 Score of RRL  Model: 0.6740990990990992
2025-12-21 21:35:35,335 - [INFO] - On Validation Set:
Performance of  RRL Model: 
[[1263   23]
 [ 115   46]]
              precision    recall  f1-score   support

           0       0.92      0.98      0.95      1286
           1       0.67      0.29      0.40       161

    accuracy                           0.90      1447
   macro avg       0.79      0.63      0.67      1447
weighted avg       0.89      0.90      0.89      1447

2025-12-21 21:35:35,335 - [INFO] - ------------------------------------------------------------
2025-12-21 21:35:35,722 - [INFO] - epoch: 33, loss_rrl: 112.38293163850904
2025-12-21 21:35:36,990 - [DEBUG] - y_true: (1447,) [0 0 0 0 0 1 0 0 0 0 0 0 0 0 0 0 0 1 0 0 0 0 0 0 1 0 0 0 0 0 0 0 0 0 0 0 0
 0 1 1 0]
2025-12-21 21:35:37,150 - [DEBUG] - y_rrl_: (1447,) [0 1 0 0 0 1 0 0 0 0 0 0 0 0 0 0 0 0 0 0 0 0 0 0 1 0 0 0 0 0 0 0 0 0 0 0 0
 0 0 0 0]
2025-12-21 21:35:37,150 - [DEBUG] - y_rrl: (1447, 2) [[ 11.024956   -10.680901  ]
 [ -1.721393     2.065334  ]
 [  6.0809994   -5.73771   ]
 [  6.0809994   -5.73771   ]
 [ 11.024956   -10.680901  ]
 [  0.04716391   0.29847082]
 [ 11.024956   -10.680901  ]
 [  8.753219    -8.408721  ]
 [ 11.024956   -10.680901  ]
 [  6.130928    -5.785373  ]
 [  5.332059    -4.9897513 ]
 [  9.218128    -8.873729  ]
 [ 10.093786    -9.749702  ]
 [ 10.093786    -9.749702  ]
 [  7.4714966   -7.1263547 ]
 [ 11.024956   -10.680901  ]
 [ 10.093786    -9.749702  ]
 [  5.332059    -4.9897513 ]
 [  7.3341775   -6.992726  ]
 [  5.8187323   -5.4738626 ]
 [ 11.024956   -10.680901  ]
 [ 10.093786    -9.749702  ]
 [  9.761177    -9.420271  ]
 [ 11.024956   -10.680901  ]
 [ -1.2166141    1.5591016 ]
 [  4.53701     -4.191498  ]
 [  5.5492744   -5.2050433 ]
 [  8.753219    -8.408721  ]
 [  8.171565    -7.82839   ]
 [  9.047224    -8.704364  ]
 [ 11.024956   -10.680901  ]
 [  7.159301    -6.814844  ]
 [  4.2854958   -3.9444132 ]
 [  2.9449277   -2.603432  ]
 [ 11.024956   -10.680901  ]
 [  8.753219    -8.408721  ]
 [ 11.024956   -10.680901  ]
 [  8.753219    -8.408721  ]
 [  1.7733825   -1.4309804 ]
 [  1.7178718   -1.3757558 ]
 [  8.753219    -8.408721  ]]
2025-12-21 21:35:37,153 - [INFO] - ------------------------------------------------------------
2025-12-21 21:35:37,153 - [INFO] - On Validation Set:
	Accuracy of RRL  Model: 0.899101589495508
	F1 Score of RRL  Model: 0.6780563479872236
2025-12-21 21:35:37,159 - [INFO] - On Validation Set:
Performance of  RRL Model: 
[[1250   36]
 [ 110   51]]
              precision    recall  f1-score   support

           0       0.92      0.97      0.94      1286
           1       0.59      0.32      0.41       161

    accuracy                           0.90      1447
   macro avg       0.75      0.64      0.68      1447
weighted avg       0.88      0.90      0.89      1447

2025-12-21 21:35:37,159 - [INFO] - ------------------------------------------------------------
2025-12-21 21:35:37,321 - [INFO] - epoch: 34, loss_rrl: 112.80591234378517
2025-12-21 21:35:38,741 - [INFO] - epoch: 35, loss_rrl: 112.47819169983268
2025-12-21 21:35:38,825 - [DEBUG] - y_true: (1447,) [0 0 0 0 0 1 0 0 0 0 0 0 0 0 0 0 0 1 0 0 0 0 0 0 1 0 0 0 0 0 0 0 0 0 0 0 0
 0 1 1 0]
2025-12-21 21:35:38,984 - [DEBUG] - y_rrl_: (1447,) [0 0 0 0 0 0 0 0 0 0 0 0 0 0 0 0 0 0 0 0 0 0 0 0 1 0 0 0 0 0 0 0 0 0 0 0 0
 0 0 0 0]
2025-12-21 21:35:38,984 - [DEBUG] - y_rrl: (1447, 2) [[ 11.485583   -11.155464  ]
 [  0.2979275    0.02902159]
 [  8.824745    -8.495784  ]
 [  8.824745    -8.495784  ]
 [ 11.485583   -11.155464  ]
 [  0.54148245  -0.20988837]
 [ 11.485583   -11.155464  ]
 [ 10.492716   -10.163769  ]
 [ 11.485583   -11.155464  ]
 [  6.318216    -5.9885755 ]
 [  3.2339494   -2.9069407 ]
 [  7.408449    -7.0821342 ]
 [  9.67557     -9.34512   ]
 [  9.67557     -9.34512   ]
 [  9.67557     -9.34512   ]
 [  9.67557     -9.34512   ]
 [ 10.492716   -10.163769  ]
 [  3.2339494   -2.9069407 ]
 [  5.915483    -5.586565  ]
 [  7.7085643   -7.3780675 ]
 [ 11.485583   -11.155464  ]
 [  9.67557     -9.34512   ]
 [ 10.211329    -9.884172  ]
 [ 10.607437   -10.277016  ]
 [ -0.7327706    1.0614028 ]
 [  1.8660936   -1.5348896 ]
 [  5.7259846   -5.397518  ]
 [  9.67557     -9.34512   ]
 [  8.682703    -8.353426  ]
 [ 10.492716   -10.163769  ]
 [ 11.485583   -11.155464  ]
 [  7.7085643   -7.3780675 ]
 [  3.2339494   -2.9069407 ]
 [  3.2339494   -2.9069407 ]
 [ 11.485583   -11.155464  ]
 [ 10.492716   -10.163769  ]
 [ 11.485583   -11.155464  ]
 [  9.67557     -9.34512   ]
 [  1.1732349   -0.8458494 ]
 [  1.2342343   -0.9056492 ]
 [ 10.492716   -10.163769  ]]
2025-12-21 21:35:38,987 - [INFO] - ------------------------------------------------------------
2025-12-21 21:35:38,987 - [INFO] - On Validation Set:
	Accuracy of RRL  Model: 0.9018659295093296
	F1 Score of RRL  Model: 0.60005839302398
2025-12-21 21:35:38,992 - [INFO] - On Validation Set:
Performance of  RRL Model: 
[[1281    5]
 [ 137   24]]
              precision    recall  f1-score   support

           0       0.90      1.00      0.95      1286
           1       0.83      0.15      0.25       161

    accuracy                           0.90      1447
   macro avg       0.87      0.57      0.60      1447
weighted avg       0.89      0.90      0.87      1447

2025-12-21 21:35:38,993 - [INFO] - ------------------------------------------------------------
2025-12-21 21:35:40,345 - [INFO] - epoch: 36, loss_rrl: 110.68800380267203
2025-12-21 21:35:40,663 - [DEBUG] - y_true: (1447,) [0 0 0 0 0 1 0 0 0 0 0 0 0 0 0 0 0 1 0 0 0 0 0 0 1 0 0 0 0 0 0 0 0 0 0 0 0
 0 1 1 0]
2025-12-21 21:35:40,823 - [DEBUG] - y_rrl_: (1447,) [0 0 0 0 0 1 0 0 0 0 0 0 0 0 0 0 0 0 0 0 0 0 0 0 1 0 0 0 0 0 0 0 0 0 0 0 0
 0 0 0 0]
2025-12-21 21:35:40,823 - [DEBUG] - y_rrl: (1447, 2) [[ 10.6219425 -10.305317 ]
 [  2.6743052  -2.3606923]
 [  7.4092836  -7.0931206]
 [ 10.328917  -10.013136 ]
 [  9.316291   -8.999296 ]
 [ -1.7052219   2.0189505]
 [ 12.235924  -11.9193125]
 [ 11.375882  -11.058984 ]
 [ 12.235924  -11.9193125]
 [  8.668836   -8.351032 ]
 [  4.852165   -4.537107 ]
 [  7.8675413  -7.553034 ]
 [  6.940895   -6.6281466]
 [  9.316291   -8.999296 ]
 [ 12.235924  -11.9193125]
 [  9.712711   -9.39606  ]
 [  9.761901   -9.444988 ]
 [  6.4661455  -6.1511025]
 [  5.06083    -4.7453218]
 [  9.3707285  -9.053789 ]
 [ 12.235924  -11.9193125]
 [  9.316291   -8.999296 ]
 [  8.022832   -7.708623 ]
 [ 10.6219425 -10.305317 ]
 [ -1.7052219   2.0189505]
 [  1.3686533  -1.0546718]
 [  6.4661455  -6.1511025]
 [ 12.235924  -11.9193125]
 [  9.023265   -8.707116 ]
 [ 10.328917  -10.013136 ]
 [ 12.235924  -11.9193125]
 [  7.1558466  -6.8385124]
 [  3.805199   -3.4912593]
 [  2.4995472  -2.185239 ]
 [ 10.930272  -10.613292 ]
 [ 11.375882  -11.058984 ]
 [  8.022832   -7.708623 ]
 [ 10.6219425 -10.305317 ]
 [  2.0866196  -1.7714599]
 [  2.9466603  -2.631788 ]
 [  9.761901   -9.444988 ]]
2025-12-21 21:35:40,825 - [INFO] - ------------------------------------------------------------
2025-12-21 21:35:40,825 - [INFO] - On Validation Set:
	Accuracy of RRL  Model: 0.9053213545266068
	F1 Score of RRL  Model: 0.6967937119250422
2025-12-21 21:35:40,831 - [INFO] - On Validation Set:
Performance of  RRL Model: 
[[1255   31]
 [ 106   55]]
              precision    recall  f1-score   support

           0       0.92      0.98      0.95      1286
           1       0.64      0.34      0.45       161

    accuracy                           0.91      1447
   macro avg       0.78      0.66      0.70      1447
weighted avg       0.89      0.91      0.89      1447

2025-12-21 21:35:40,831 - [INFO] - ------------------------------------------------------------
2025-12-21 21:35:41,945 - [INFO] - epoch: 37, loss_rrl: 111.63553613983095
2025-12-21 21:35:42,495 - [DEBUG] - y_true: (1447,) [0 0 0 0 0 1 0 0 0 0 0 0 0 0 0 0 0 1 0 0 0 0 0 0 1 0 0 0 0 0 0 0 0 0 0 0 0
 0 1 1 0]
2025-12-21 21:35:42,655 - [DEBUG] - y_rrl_: (1447,) [0 0 0 0 0 1 0 0 0 0 0 0 0 0 0 0 0 0 0 0 0 0 0 0 1 0 0 0 0 0 0 0 0 0 0 0 0
 0 1 0 0]
2025-12-21 21:35:42,655 - [DEBUG] - y_rrl: (1447, 2) [[ 10.556601   -10.252982  ]
 [  3.1540127   -2.8508675 ]
 [  7.7134056   -7.4105563 ]
 [  8.561816    -8.259241  ]
 [ 10.556601   -10.252982  ]
 [ -1.6444588    1.9467423 ]
 [ 10.556601   -10.252982  ]
 [  7.7134056   -7.4105563 ]
 [ 10.556601   -10.252982  ]
 [  3.5517497   -3.248315  ]
 [  1.2720587   -0.9701393 ]
 [  7.614444    -7.310765  ]
 [  9.67324     -9.3695965 ]
 [  9.67324     -9.3695965 ]
 [  9.67324     -9.3695965 ]
 [  8.824829    -8.520912  ]
 [  7.7134056   -7.4105563 ]
 [  1.2720587   -0.9701393 ]
 [  5.027468    -4.7248864 ]
 [  7.614444    -7.310765  ]
 [ 10.556601   -10.252982  ]
 [  9.67324     -9.3695965 ]
 [  9.224282    -8.923283  ]
 [  9.67324     -9.3695965 ]
 [ -0.7960479    1.0980577 ]
 [  2.1204696   -1.8188238 ]
 [  7.8774567   -7.572437  ]
 [  9.67324     -9.3695965 ]
 [  6.766033    -6.4620805 ]
 [  8.561816    -8.259241  ]
 [ 10.556601   -10.252982  ]
 [  7.614444    -7.310765  ]
 [  1.2720587   -0.9701393 ]
 [  1.2720587   -0.9701393 ]
 [ 10.556601   -10.252982  ]
 [  8.561816    -8.259241  ]
 [  9.224282    -8.923283  ]
 [  9.67324     -9.3695965 ]
 [ -1.6444588    1.9467423 ]
 [  0.41433695  -0.11208968]
 [  7.7134056   -7.4105563 ]]
2025-12-21 21:35:42,658 - [INFO] - ------------------------------------------------------------
2025-12-21 21:35:42,658 - [INFO] - On Validation Set:
	Accuracy of RRL  Model: 0.9053213545266068
	F1 Score of RRL  Model: 0.7265325716745137
2025-12-21 21:35:42,664 - [INFO] - On Validation Set:
Performance of  RRL Model: 
[[1240   46]
 [  91   70]]
              precision    recall  f1-score   support

           0       0.93      0.96      0.95      1286
           1       0.60      0.43      0.51       161

    accuracy                           0.91      1447
   macro avg       0.77      0.70      0.73      1447
weighted avg       0.90      0.91      0.90      1447

2025-12-21 21:35:42,664 - [INFO] - ------------------------------------------------------------
2025-12-21 21:35:43,557 - [INFO] - epoch: 38, loss_rrl: 111.42277276143432
2025-12-21 21:35:44,331 - [DEBUG] - y_true: (1447,) [0 0 0 0 0 1 0 0 0 0 0 0 0 0 0 0 0 1 0 0 0 0 0 0 1 0 0 0 0 0 0 0 0 0 0 0 0
 0 1 1 0]
2025-12-21 21:35:44,492 - [DEBUG] - y_rrl_: (1447,) [0 0 0 0 0 0 0 0 0 0 0 0 0 0 0 0 0 0 0 0 0 0 0 0 1 0 0 0 0 0 0 0 0 0 0 0 0
 0 1 0 0]
2025-12-21 21:35:44,492 - [DEBUG] - y_rrl: (1447, 2) [[ 10.977294   -10.686114  ]
 [  1.4963962   -1.2050642 ]
 [  6.9001036   -6.6093216 ]
 [  6.9001036   -6.6093216 ]
 [ 10.977294   -10.686114  ]
 [  0.15377845   0.13860662]
 [ 10.977294   -10.686114  ]
 [  6.9001036   -6.6093216 ]
 [ 10.977294   -10.686114  ]
 [  2.7371      -2.4457777 ]
 [  1.741652    -1.4520735 ]
 [  7.2153916   -6.923892  ]
 [ 10.115408    -9.824205  ]
 [ 10.115408    -9.824205  ]
 [ 10.115408    -9.824205  ]
 [ 10.115408    -9.824205  ]
 [  8.19051     -7.9000607 ]
 [  1.741652    -1.4520735 ]
 [  5.519012    -5.22879   ]
 [  5.924985    -5.633152  ]
 [ 10.977294   -10.686114  ]
 [ 10.115408    -9.824205  ]
 [  9.666558    -9.377838  ]
 [ 10.115408    -9.824205  ]
 [ -2.8533373    3.1419847 ]
 [  3.0523882   -2.760349  ]
 [  8.280827    -7.988311  ]
 [  8.825002    -8.533466  ]
 [  7.2153916   -6.923892  ]
 [  8.19051     -7.9000607 ]
 [ 10.977294   -10.686114  ]
 [  7.2153916   -6.923892  ]
 [  1.741652    -1.4520735 ]
 [  0.4512455   -0.16133349]
 [ 10.977294   -10.686114  ]
 [  6.9001036   -6.6093216 ]
 [ 10.977294   -10.686114  ]
 [  8.825002    -8.533466  ]
 [ -1.1569577    1.4468822 ]
 [  1.7430587   -1.453431  ]
 [  6.9001036   -6.6093216 ]]
2025-12-21 21:35:44,494 - [INFO] - ------------------------------------------------------------
2025-12-21 21:35:44,494 - [INFO] - On Validation Set:
	Accuracy of RRL  Model: 0.8970283344851416
	F1 Score of RRL  Model: 0.6840819675734287
2025-12-21 21:35:44,500 - [INFO] - On Validation Set:
Performance of  RRL Model: 
[[1243   43]
 [ 106   55]]
              precision    recall  f1-score   support

           0       0.92      0.97      0.94      1286
           1       0.56      0.34      0.42       161

    accuracy                           0.90      1447
   macro avg       0.74      0.65      0.68      1447
weighted avg       0.88      0.90      0.89      1447

2025-12-21 21:35:44,500 - [INFO] - ------------------------------------------------------------
2025-12-21 21:35:45,157 - [INFO] - epoch: 39, loss_rrl: 110.83715118467808
2025-12-21 21:35:46,159 - [DEBUG] - y_true: (1447,) [0 0 0 0 0 1 0 0 0 0 0 0 0 0 0 0 0 1 0 0 0 0 0 0 1 0 0 0 0 0 0 0 0 0 0 0 0
 0 1 1 0]
2025-12-21 21:35:46,322 - [DEBUG] - y_rrl_: (1447,) [0 1 0 0 0 1 0 0 0 0 0 0 0 0 0 0 0 0 0 0 0 0 0 0 1 0 0 0 0 0 0 0 0 0 0 0 0
 0 0 0 0]
2025-12-21 21:35:46,322 - [DEBUG] - y_rrl: (1447, 2) [[ 11.097889   -10.816891  ]
 [ -1.2989973    1.577826  ]
 [  8.043281    -7.761688  ]
 [  8.043281    -7.761688  ]
 [  9.799327    -9.518009  ]
 [ -1.0275894    1.3074003 ]
 [ 11.097889   -10.816891  ]
 [  8.043281    -7.761688  ]
 [ 11.097889   -10.816891  ]
 [  5.3565435   -5.0742207 ]
 [  2.902739    -2.6222844 ]
 [  5.6892724   -5.409004  ]
 [  5.939009    -5.6612115 ]
 [  8.93956     -8.658221  ]
 [  7.5513854   -7.2696347 ]
 [ 10.238122    -9.957103  ]
 [  9.341844    -9.06057   ]
 [  4.301097    -4.0204177 ]
 [  5.614073    -5.333972  ]
 [  5.985276    -5.703649  ]
 [ 11.097889   -10.816891  ]
 [  8.93956     -8.658221  ]
 [  8.468541    -8.189557  ]
 [ 11.097889   -10.816891  ]
 [ -1.0275894    1.3074003 ]
 [  0.29798734  -0.01917071]
 [  6.987835    -6.7078857 ]
 [  8.93956     -8.658221  ]
 [  5.985276    -5.703649  ]
 [  9.341844    -9.06057   ]
 [ 11.097889   -10.816891  ]
 [  5.985276    -5.703649  ]
 [  3.2663157   -2.9866111 ]
 [  1.9677528   -1.6877295 ]
 [  9.799327    -9.518009  ]
 [  8.043281    -7.761688  ]
 [  8.468541    -8.189557  ]
 [  8.93956     -8.658221  ]
 [  0.8669584   -0.58619434]
 [  1.9266949   -1.6471719 ]
 [  8.043281    -7.761688  ]]
2025-12-21 21:35:46,325 - [INFO] - ------------------------------------------------------------
2025-12-21 21:35:46,325 - [INFO] - On Validation Set:
	Accuracy of RRL  Model: 0.9039391845196959
	F1 Score of RRL  Model: 0.6989806532140628
2025-12-21 21:35:46,331 - [INFO] - On Validation Set:
Performance of  RRL Model: 
[[1251   35]
 [ 104   57]]
              precision    recall  f1-score   support

           0       0.92      0.97      0.95      1286
           1       0.62      0.35      0.45       161

    accuracy                           0.90      1447
   macro avg       0.77      0.66      0.70      1447
weighted avg       0.89      0.90      0.89      1447

2025-12-21 21:35:46,331 - [INFO] - ------------------------------------------------------------
2025-12-21 21:35:46,753 - [INFO] - epoch: 40, loss_rrl: 110.0610800664872
2025-12-21 21:35:47,985 - [DEBUG] - y_true: (1447,) [0 0 0 0 0 1 0 0 0 0 0 0 0 0 0 0 0 1 0 0 0 0 0 0 1 0 0 0 0 0 0 0 0 0 0 0 0
 0 1 1 0]
2025-12-21 21:35:48,149 - [DEBUG] - y_rrl_: (1447,) [0 1 0 0 0 0 0 0 0 0 0 0 0 0 0 0 0 0 0 0 0 0 0 0 1 0 0 0 0 0 0 0 0 0 0 0 0
 0 1 1 0]
2025-12-21 21:35:48,150 - [DEBUG] - y_rrl: (1447, 2) [[10.048296   -9.776032  ]
 [-0.9634351   1.2358633 ]
 [ 5.3802075  -5.107361  ]
 [ 5.3802075  -5.107361  ]
 [10.048296   -9.776032  ]
 [ 0.33420074 -0.05990229]
 [10.048296   -9.776032  ]
 [ 6.996208   -6.723373  ]
 [10.048296   -9.776032  ]
 [ 2.982181   -2.708869  ]
 [ 1.9116105  -1.6398551 ]
 [ 7.2366753  -6.96317   ]
 [ 8.268656   -7.9961247 ]
 [ 8.268656   -7.9961247 ]
 [ 8.268656   -7.9961247 ]
 [ 9.134262   -8.861753  ]
 [ 8.268656   -7.9961247 ]
 [ 1.9116105  -1.6398551 ]
 [ 7.463463   -7.1920996 ]
 [ 4.990122   -4.717249  ]
 [10.048296   -9.776032  ]
 [ 8.268656   -7.9961247 ]
 [ 8.737258   -8.46722   ]
 [ 9.134262   -8.861753  ]
 [-3.6217437   3.8917322 ]
 [ 3.222649   -2.948666  ]
 [ 4.569919   -4.295724  ]
 [ 6.996208   -6.723373  ]
 [ 7.2366753  -6.96317   ]
 [ 8.268656   -7.9961247 ]
 [10.048296   -9.776032  ]
 [ 7.2366753  -6.96317   ]
 [ 0.9375041  -0.6666854 ]
 [ 0.6391631  -0.36710337]
 [10.048296   -9.776032  ]
 [ 6.996208   -6.723373  ]
 [10.048296   -9.776032  ]
 [ 6.996208   -6.723373  ]
 [-0.11123109  0.38328072]
 [ 0.05514222  0.21595432]
 [ 6.996208   -6.723373  ]]
2025-12-21 21:35:48,152 - [INFO] - ------------------------------------------------------------
2025-12-21 21:35:48,152 - [INFO] - On Validation Set:
	Accuracy of RRL  Model: 0.9039391845196959
	F1 Score of RRL  Model: 0.7151594972561515
2025-12-21 21:35:48,158 - [INFO] - On Validation Set:
Performance of  RRL Model: 
[[1243   43]
 [  96   65]]
              precision    recall  f1-score   support

           0       0.93      0.97      0.95      1286
           1       0.60      0.40      0.48       161

    accuracy                           0.90      1447
   macro avg       0.77      0.69      0.72      1447
weighted avg       0.89      0.90      0.90      1447

2025-12-21 21:35:48,158 - [INFO] - ------------------------------------------------------------
2025-12-21 21:35:48,352 - [INFO] - epoch: 41, loss_rrl: 109.78662890382111
2025-12-21 21:35:49,762 - [INFO] - epoch: 42, loss_rrl: 108.6748591773212
2025-12-21 21:35:49,815 - [DEBUG] - y_true: (1447,) [0 0 0 0 0 1 0 0 0 0 0 0 0 0 0 0 0 1 0 0 0 0 0 0 1 0 0 0 0 0 0 0 0 0 0 0 0
 0 1 1 0]
2025-12-21 21:35:49,978 - [DEBUG] - y_rrl_: (1447,) [0 1 0 0 0 0 0 0 0 0 0 0 0 0 0 0 0 0 0 0 0 0 0 0 1 0 0 0 0 0 0 0 0 0 0 0 0
 0 0 0 0]
2025-12-21 21:35:49,978 - [DEBUG] - y_rrl: (1447, 2) [[10.187383   -9.923614  ]
 [-0.53865093  0.8004482 ]
 [ 6.436762   -6.172452  ]
 [ 6.436762   -6.172452  ]
 [ 8.582343   -8.318563  ]
 [ 0.5482844  -0.2825682 ]
 [10.187383   -9.923614  ]
 [ 8.0418005  -7.777502  ]
 [10.187383   -9.923614  ]
 [ 4.078791   -3.8140452 ]
 [ 1.5190127  -1.2566504 ]
 [ 7.08706    -6.825158  ]
 [ 8.416281   -8.152254  ]
 [ 6.8112416  -6.5472045 ]
 [ 5.768514   -5.5038385 ]
 [ 8.416281   -8.152254  ]
 [ 7.679028   -7.4150105 ]
 [ 3.1240513  -2.8617005 ]
 [ 5.6663623  -5.402485  ]
 [ 5.1305714  -4.8662133 ]
 [10.187383   -9.923614  ]
 [ 8.416281   -8.152254  ]
 [ 8.858162   -8.596517  ]
 [ 7.679028   -7.4150105 ]
 [-1.7666963   2.0293903 ]
 [ 3.3955894  -3.1301763 ]
 [ 4.4392934  -4.176742  ]
 [ 7.1740146  -6.909696  ]
 [ 8.416281   -8.152254  ]
 [ 9.284067   -9.020061  ]
 [10.187383   -9.923614  ]
 [ 7.358598   -7.0936337 ]
 [ 2.138291   -1.8768384 ]
 [ 1.8817849  -1.6191423 ]
 [10.187383   -9.923614  ]
 [ 8.0418005  -7.777502  ]
 [10.187383   -9.923614  ]
 [ 7.1740146  -6.909696  ]
 [ 1.1445327  -0.8818984 ]
 [ 0.27674618 -0.01409223]
 [ 8.0418005  -7.777502  ]]
2025-12-21 21:35:49,980 - [INFO] - ------------------------------------------------------------
2025-12-21 21:35:49,981 - [INFO] - On Validation Set:
	Accuracy of RRL  Model: 0.8997926744989634
	F1 Score of RRL  Model: 0.6693457516803378
2025-12-21 21:35:49,986 - [INFO] - On Validation Set:
Performance of  RRL Model: 
[[1255   31]
 [ 114   47]]
              precision    recall  f1-score   support

           0       0.92      0.98      0.95      1286
           1       0.60      0.29      0.39       161

    accuracy                           0.90      1447
   macro avg       0.76      0.63      0.67      1447
weighted avg       0.88      0.90      0.88      1447

2025-12-21 21:35:49,987 - [INFO] - ------------------------------------------------------------
2025-12-21 21:35:51,370 - [INFO] - epoch: 43, loss_rrl: 108.3487039487809
2025-12-21 21:35:51,652 - [DEBUG] - y_true: (1447,) [0 0 0 0 0 1 0 0 0 0 0 0 0 0 0 0 0 1 0 0 0 0 0 0 1 0 0 0 0 0 0 0 0 0 0 0 0
 0 1 1 0]
2025-12-21 21:35:51,813 - [DEBUG] - y_rrl_: (1447,) [0 1 0 0 0 1 0 0 0 0 0 0 0 0 0 0 0 0 0 0 0 0 0 0 1 1 0 0 0 0 0 0 1 1 0 0 0
 0 1 1 0]
2025-12-21 21:35:51,813 - [DEBUG] - y_rrl: (1447, 2) [[ 9.113855   -8.858255  ]
 [-0.40705812  0.6605174 ]
 [ 5.348222   -5.0921025 ]
 [ 6.609911   -6.35407   ]
 [ 6.2746997  -6.018811  ]
 [-1.531155    1.7877673 ]
 [ 9.113855   -8.858255  ]
 [ 8.187378   -7.931546  ]
 [ 9.113855   -8.858255  ]
 [ 3.9681354  -3.7116754 ]
 [ 0.6878469  -0.43248513]
 [ 3.6453996  -3.390389  ]
 [ 6.956528   -6.7006307 ]
 [ 6.2746997  -6.018811  ]
 [ 6.4720793  -6.215861  ]
 [ 9.113855   -8.858255  ]
 [ 6.609911   -6.35407   ]
 [ 0.6878469  -0.43248513]
 [ 4.461685   -4.206842  ]
 [ 6.1601696  -5.9042945 ]
 [ 9.113855   -8.858255  ]
 [ 7.8521657  -7.5962877 ]
 [ 6.520836   -6.2669806 ]
 [ 7.536389   -7.2807784 ]
 [-2.8624852   3.1170745 ]
 [-0.21639846  0.47320214]
 [ 2.2653131  -2.0099618 ]
 [ 9.113855   -8.858255  ]
 [ 4.8984804  -4.642327  ]
 [ 8.187378   -7.931546  ]
 [ 9.113855   -8.858255  ]
 [ 4.002843   -3.7466693 ]
 [-0.28603944  0.54054165]
 [-1.5477284   1.8025092 ]
 [ 7.8521657  -7.5962877 ]
 [ 8.187378   -7.931546  ]
 [ 7.8521657  -7.5962877 ]
 [ 9.113855   -8.858255  ]
 [-1.8885988   2.1440477 ]
 [ 0.09119952  0.16311304]
 [ 8.187378   -7.931546  ]]
2025-12-21 21:35:51,815 - [INFO] - ------------------------------------------------------------
2025-12-21 21:35:51,815 - [INFO] - On Validation Set:
	Accuracy of RRL  Model: 0.8845888044229441
	F1 Score of RRL  Model: 0.7464825820800789
2025-12-21 21:35:51,821 - [INFO] - On Validation Set:
Performance of  RRL Model: 
[[1174  112]
 [  55  106]]
              precision    recall  f1-score   support

           0       0.96      0.91      0.93      1286
           1       0.49      0.66      0.56       161

    accuracy                           0.88      1447
   macro avg       0.72      0.79      0.75      1447
weighted avg       0.90      0.88      0.89      1447

2025-12-21 21:35:51,821 - [INFO] - ------------------------------------------------------------
2025-12-21 21:35:53,225 - [INFO] - epoch: 44, loss_rrl: 109.53613662533462
2025-12-21 21:35:53,843 - [DEBUG] - y_true: (1447,) [0 0 0 0 0 1 0 0 0 0 0 0 0 0 0 0 0 1 0 0 0 0 0 0 1 0 0 0 0 0 0 0 0 0 0 0 0
 0 1 1 0]
2025-12-21 21:35:54,004 - [DEBUG] - y_rrl_: (1447,) [0 0 0 0 0 1 0 0 0 0 0 0 0 0 0 0 0 0 0 0 0 0 0 0 1 0 0 0 0 0 0 0 0 0 0 0 0
 0 0 0 0]
2025-12-21 21:35:54,004 - [DEBUG] - y_rrl: (1447, 2) [[ 9.955031   -9.70727   ]
 [ 1.8122935  -1.5646331 ]
 [ 5.650326   -5.403131  ]
 [ 5.650326   -5.403131  ]
 [ 9.955031   -9.70727   ]
 [-0.6854076   0.93414474]
 [ 9.955031   -9.70727   ]
 [ 8.095873   -7.8478675 ]
 [ 9.955031   -9.70727   ]
 [ 5.4663444  -5.217755  ]
 [ 3.1484792  -2.9009464 ]
 [ 7.0669055  -6.818027  ]
 [ 9.047826   -8.800045  ]
 [ 9.955031   -9.70727   ]
 [ 7.3255033  -7.0771565 ]
 [ 9.955031   -9.70727   ]
 [ 8.095873   -7.8478675 ]
 [ 3.1484792  -2.9009464 ]
 [ 5.3490276  -5.10197   ]
 [ 7.0193524  -6.771315  ]
 [ 9.955031   -9.70727   ]
 [ 9.955031   -9.70727   ]
 [ 8.666134   -8.420301  ]
 [ 9.955031   -9.70727   ]
 [-1.9743043   2.2211134 ]
 [ 3.4826183  -3.2339783 ]
 [ 8.095873   -7.8478675 ]
 [ 9.955031   -9.70727   ]
 [ 7.0193524  -6.771315  ]
 [ 8.04832    -7.8011556 ]
 [ 9.955031   -9.70727   ]
 [ 6.112147   -5.8640904 ]
 [ 2.193721   -1.9470104 ]
 [ 2.193721   -1.9470104 ]
 [ 9.955031   -9.70727   ]
 [ 8.095873   -7.8478675 ]
 [ 9.955031   -9.70727   ]
 [ 9.955031   -9.70727   ]
 [ 1.1765561  -0.9270154 ]
 [ 0.9613757  -0.71484035]
 [ 8.095873   -7.8478675 ]]
2025-12-21 21:35:54,006 - [INFO] - ------------------------------------------------------------
2025-12-21 21:35:54,006 - [INFO] - On Validation Set:
	Accuracy of RRL  Model: 0.899101589495508
	F1 Score of RRL  Model: 0.6915162665732142
2025-12-21 21:35:54,012 - [INFO] - On Validation Set:
Performance of  RRL Model: 
[[1244   42]
 [ 104   57]]
              precision    recall  f1-score   support

           0       0.92      0.97      0.94      1286
           1       0.58      0.35      0.44       161

    accuracy                           0.90      1447
   macro avg       0.75      0.66      0.69      1447
weighted avg       0.88      0.90      0.89      1447

2025-12-21 21:35:54,012 - [INFO] - ------------------------------------------------------------
2025-12-21 21:35:55,131 - [INFO] - epoch: 45, loss_rrl: 108.54799349792302
2025-12-21 21:35:56,188 - [DEBUG] - y_true: (1447,) [0 0 0 0 0 1 0 0 0 0 0 0 0 0 0 0 0 1 0 0 0 0 0 0 1 0 0 0 0 0 0 0 0 0 0 0 0
 0 1 1 0]
2025-12-21 21:35:56,451 - [DEBUG] - y_rrl_: (1447,) [0 0 0 0 0 1 0 0 0 0 0 0 0 0 0 0 0 0 0 0 0 0 0 0 1 0 0 0 0 0 0 0 0 0 0 0 0
 0 0 0 0]
2025-12-21 21:35:56,452 - [DEBUG] - y_rrl: (1447, 2) [[ 11.216281   -10.976051  ]
 [  0.4164093   -0.17809354]
 [  9.311123    -9.071463  ]
 [  9.311123    -9.071463  ]
 [ 11.216281   -10.976051  ]
 [ -0.0890951    0.33011976]
 [ 11.216281   -10.976051  ]
 [ 10.253416   -10.012968  ]
 [ 11.216281   -10.976051  ]
 [  6.201315    -5.9603043 ]
 [  2.9953582   -2.7553241 ]
 [  7.0474586   -6.807988  ]
 [  8.667889    -8.428573  ]
 [ 11.216281   -10.976051  ]
 [ 11.216281   -10.976051  ]
 [ 10.304544   -10.064297  ]
 [ 10.253416   -10.012968  ]
 [  2.9953582   -2.7553241 ]
 [  6.668269    -6.4278913 ]
 [  8.274369    -8.033864  ]
 [ 11.216281   -10.976051  ]
 [ 11.216281   -10.976051  ]
 [  9.958815    -9.720423  ]
 [ 11.216281   -10.976051  ]
 [ -2.2888544    2.5272534 ]
 [  2.6161685   -2.3752272 ]
 [  7.0474586   -6.807988  ]
 [ 11.216281   -10.976051  ]
 [  9.216661    -8.97537   ]
 [  9.311123    -9.071463  ]
 [ 11.216281   -10.976051  ]
 [  8.304925    -8.063616  ]
 [  2.0530655   -1.8138182 ]
 [  2.9953582   -2.7553241 ]
 [ 11.216281   -10.976051  ]
 [ 10.253416   -10.012968  ]
 [ 11.216281   -10.976051  ]
 [ 11.216281   -10.976051  ]
 [  0.29009455  -0.04997687]
 [  2.2897136   -2.050658  ]
 [ 10.253416   -10.012968  ]]
2025-12-21 21:35:56,455 - [INFO] - ------------------------------------------------------------
2025-12-21 21:35:56,455 - [INFO] - On Validation Set:
	Accuracy of RRL  Model: 0.9039391845196959
	F1 Score of RRL  Model: 0.6781176734174582
2025-12-21 21:35:56,464 - [INFO] - On Validation Set:
Performance of  RRL Model: 
[[1260   26]
 [ 113   48]]
              precision    recall  f1-score   support

           0       0.92      0.98      0.95      1286
           1       0.65      0.30      0.41       161

    accuracy                           0.90      1447
   macro avg       0.78      0.64      0.68      1447
weighted avg       0.89      0.90      0.89      1447

2025-12-21 21:35:56,464 - [INFO] - ------------------------------------------------------------
2025-12-21 21:35:57,446 - [INFO] - epoch: 46, loss_rrl: 108.60910295881331
2025-12-21 21:35:58,912 - [DEBUG] - y_true: (1447,) [0 0 0 0 0 1 0 0 0 0 0 0 0 0 0 0 0 1 0 0 0 0 0 0 1 0 0 0 0 0 0 0 0 0 0 0 0
 0 1 1 0]
2025-12-21 21:35:59,064 - [DEBUG] - y_rrl_: (1447,) [0 1 0 0 0 1 0 0 0 0 0 0 0 0 0 0 0 0 0 0 0 0 0 0 1 0 0 0 0 0 0 0 0 0 0 0 0
 0 0 0 0]
2025-12-21 21:35:59,065 - [DEBUG] - y_rrl: (1447, 2) [[ 10.44362    -10.210678  ]
 [ -1.5128348    1.744212  ]
 [  6.3157587   -6.0830927 ]
 [  6.3157587   -6.0830927 ]
 [  9.150416    -8.917226  ]
 [ -1.7287167    1.9616808 ]
 [ 10.44362    -10.210678  ]
 [  7.2629576   -7.0295386 ]
 [ 10.44362    -10.210678  ]
 [  4.659392    -4.425448  ]
 [  2.1727657   -1.9401753 ]
 [  4.9519196   -4.719439  ]
 [  6.6255307   -6.3932085 ]
 [  8.226824    -7.9936166 ]
 [  6.9164624   -6.6829786 ]
 [  9.520028    -9.287068  ]
 [  8.556162    -8.322991  ]
 [  3.6415572   -3.4088013 ]
 [  4.949541    -4.717195  ]
 [  5.257631    -5.0241504 ]
 [ 10.44362    -10.210678  ]
 [  8.226824    -7.9936166 ]
 [  7.897506    -7.6660686 ]
 [ 10.44362    -10.210678  ]
 [ -2.9816265    3.212838  ]
 [  1.0527716   -0.8196512 ]
 [  3.6415572   -3.4088013 ]
 [  8.226824    -7.9936166 ]
 [  5.257631    -5.0241504 ]
 [  7.6089625   -7.3765454 ]
 [ 10.44362    -10.210678  ]
 [  5.257631    -5.0241504 ]
 [  2.6943583   -2.4623551 ]
 [  1.4011549   -1.168902  ]
 [  9.150416    -8.917226  ]
 [  7.2629576   -7.0295386 ]
 [  9.150416    -8.917226  ]
 [  8.226824    -7.9936166 ]
 [  0.49045795  -0.25762576]
 [  1.5888606   -1.3570368 ]
 [  7.2629576   -7.0295386 ]]
2025-12-21 21:35:59,067 - [INFO] - ------------------------------------------------------------
2025-12-21 21:35:59,067 - [INFO] - On Validation Set:
	Accuracy of RRL  Model: 0.9046302695231514
	F1 Score of RRL  Model: 0.7521226836679974
2025-12-21 21:35:59,073 - [INFO] - On Validation Set:
Performance of  RRL Model: 
[[1222   64]
 [  74   87]]
              precision    recall  f1-score   support

           0       0.94      0.95      0.95      1286
           1       0.58      0.54      0.56       161

    accuracy                           0.90      1447
   macro avg       0.76      0.75      0.75      1447
weighted avg       0.90      0.90      0.90      1447

2025-12-21 21:35:59,073 - [INFO] - ------------------------------------------------------------
2025-12-21 21:35:59,525 - [INFO] - epoch: 47, loss_rrl: 109.18834779970348
2025-12-21 21:36:00,703 - [DEBUG] - y_true: (1447,) [0 0 0 0 0 1 0 0 0 0 0 0 0 0 0 0 0 1 0 0 0 0 0 0 1 0 0 0 0 0 0 0 0 0 0 0 0
 0 1 1 0]
2025-12-21 21:36:00,854 - [DEBUG] - y_rrl_: (1447,) [0 0 0 0 0 0 0 0 0 0 0 0 0 0 0 0 0 0 0 0 0 0 0 0 1 0 0 0 0 0 0 0 0 0 0 0 0
 0 0 0 0]
2025-12-21 21:36:00,855 - [DEBUG] - y_rrl: (1447, 2) [[ 9.677966   -9.452108  ]
 [ 0.39981958 -0.1740043 ]
 [ 5.6608524  -5.435483  ]
 [ 5.6608524  -5.435483  ]
 [ 8.409544   -8.183678  ]
 [ 0.19836482  0.02909293]
 [ 9.677966   -9.452108  ]
 [ 7.841549   -7.61547   ]
 [ 9.677966   -9.452108  ]
 [ 3.9724932  -3.745904  ]
 [ 2.704358   -2.4794393 ]
 [ 7.841549   -7.61547   ]
 [ 8.776078   -8.550205  ]
 [ 7.5076575  -7.281775  ]
 [ 6.175444   -5.949071  ]
 [ 9.677966   -9.452108  ]
 [ 6.5731277  -6.347039  ]
 [ 2.704358   -2.4794393 ]
 [ 6.0830374  -5.8570294 ]
 [ 5.86207    -5.635923  ]
 [ 9.677966   -9.452108  ]
 [ 8.776078   -8.550205  ]
 [ 8.409831   -8.185644  ]
 [ 8.409544   -8.183678  ]
 [-3.57524     3.799467  ]
 [ 2.9052892  -2.677913  ]
 [ 5.2409143  -5.0143347 ]
 [ 8.776078   -8.550205  ]
 [ 7.841549   -7.61547   ]
 [ 6.9292736  -6.7039137 ]
 [ 9.677966   -9.452108  ]
 [ 6.7743454  -6.547479  ]
 [ 1.7920828  -1.567883  ]
 [ 2.704358   -2.4794393 ]
 [ 9.677966   -9.452108  ]
 [ 7.841549   -7.61547   ]
 [ 9.677966   -9.452108  ]
 [ 8.776078   -8.550205  ]
 [ 0.8993206  -0.674336  ]
 [ 0.93196344 -0.7071684 ]
 [ 7.841549   -7.61547   ]]
2025-12-21 21:36:00,857 - [INFO] - ------------------------------------------------------------
2025-12-21 21:36:00,857 - [INFO] - On Validation Set:
	Accuracy of RRL  Model: 0.9004837595024188
	F1 Score of RRL  Model: 0.6847685325264751
2025-12-21 21:36:00,863 - [INFO] - On Validation Set:
Performance of  RRL Model: 
[[1250   36]
 [ 108   53]]
              precision    recall  f1-score   support

           0       0.92      0.97      0.95      1286
           1       0.60      0.33      0.42       161

    accuracy                           0.90      1447
   macro avg       0.76      0.65      0.68      1447
weighted avg       0.88      0.90      0.89      1447

2025-12-21 21:36:00,863 - [INFO] - ------------------------------------------------------------
2025-12-21 21:36:01,089 - [INFO] - epoch: 48, loss_rrl: 110.06703476980329
2025-12-21 21:36:02,489 - [INFO] - epoch: 49, loss_rrl: 107.95526844076812
2025-12-21 21:36:02,507 - [DEBUG] - y_true: (1447,) [0 0 0 0 0 1 0 0 0 0 0 0 0 0 0 0 0 1 0 0 0 0 0 0 1 0 0 0 0 0 0 0 0 0 0 0 0
 0 1 1 0]
2025-12-21 21:36:02,659 - [DEBUG] - y_rrl_: (1447,) [0 1 0 0 0 1 0 0 0 0 0 0 0 0 0 0 0 0 0 0 0 0 0 0 1 0 0 0 0 0 0 0 0 0 0 0 0
 0 1 0 0]
2025-12-21 21:36:02,659 - [DEBUG] - y_rrl: (1447, 2) [[ 9.311492   -9.092504  ]
 [ 0.03380575  0.1853775 ]
 [ 5.8778896  -5.65846   ]
 [ 5.8778896  -5.65846   ]
 [ 8.059319   -7.8403215 ]
 [-0.15895283  0.3794813 ]
 [ 9.311492   -9.092504  ]
 [ 7.130062   -6.9106417 ]
 [ 9.311492   -9.092504  ]
 [ 4.530349   -4.3104553 ]
 [ 1.2618264  -1.0429668 ]
 [ 6.4227724  -6.2028046 ]
 [ 8.437019   -8.218016  ]
 [ 7.184848   -6.9658337 ]
 [ 5.837307   -5.6178284 ]
 [ 9.311492   -9.092504  ]
 [ 7.130415   -6.9112177 ]
 [ 2.5139992  -2.2951486 ]
 [ 5.690599   -5.4714494 ]
 [ 4.2401643  -4.020653  ]
 [ 9.311492   -9.092504  ]
 [ 8.437019   -8.218016  ]
 [ 8.002433   -7.7850347 ]
 [ 7.184848   -6.9658337 ]
 [-4.0047383   4.222187  ]
 [ 3.8230581  -3.6026175 ]
 [ 3.8230581  -3.6026175 ]
 [ 7.184494   -6.9652576 ]
 [ 6.4227724  -6.2028046 ]
 [ 8.382587   -8.1634    ]
 [ 9.311492   -9.092504  ]
 [ 6.4227724  -6.2028046 ]
 [ 1.5839171  -1.3657546 ]
 [ 1.2614735  -1.042391  ]
 [ 9.311492   -9.092504  ]
 [ 7.130062   -6.9106417 ]
 [ 9.311492   -9.092504  ]
 [ 7.184494   -6.9652576 ]
 [-1.4680116   1.6869496 ]
 [ 0.5462368  -0.3282611 ]
 [ 7.130062   -6.9106417 ]]
2025-12-21 21:36:02,661 - [INFO] - ------------------------------------------------------------
2025-12-21 21:36:02,661 - [INFO] - On Validation Set:
	Accuracy of RRL  Model: 0.9032480995162405
	F1 Score of RRL  Model: 0.7567132631983475
2025-12-21 21:36:02,668 - [INFO] - On Validation Set:
Performance of  RRL Model: 
[[1215   71]
 [  69   92]]
              precision    recall  f1-score   support

           0       0.95      0.94      0.95      1286
           1       0.56      0.57      0.57       161

    accuracy                           0.90      1447
   macro avg       0.76      0.76      0.76      1447
weighted avg       0.90      0.90      0.90      1447

2025-12-21 21:36:02,668 - [INFO] - ------------------------------------------------------------
2025-12-21 21:36:04,098 - [INFO] - epoch: 50, loss_rrl: 110.58358066901565
2025-12-21 21:36:04,349 - [DEBUG] - y_true: (1447,) [0 0 0 0 0 1 0 0 0 0 0 0 0 0 0 0 0 1 0 0 0 0 0 0 1 0 0 0 0 0 0 0 0 0 0 0 0
 0 1 1 0]
2025-12-21 21:36:04,500 - [DEBUG] - y_rrl_: (1447,) [0 1 0 0 0 1 0 0 0 0 0 0 0 0 0 0 0 0 0 0 0 0 0 0 1 0 0 0 0 0 0 0 0 0 0 0 0
 0 0 0 0]
2025-12-21 21:36:04,501 - [DEBUG] - y_rrl: (1447, 2) [[10.182162   -9.969839  ]
 [-0.44132212  0.6521143 ]
 [ 8.04468    -7.832157  ]
 [ 8.04468    -7.832157  ]
 [10.182162   -9.969839  ]
 [-0.9364445   1.1494845 ]
 [10.182162   -9.969839  ]
 [ 9.257606   -9.045091  ]
 [10.182162   -9.969839  ]
 [ 5.4019527  -5.18898   ]
 [ 3.030354   -2.8175125 ]
 [ 7.0748425  -6.863826  ]
 [ 7.6953015  -7.4837255 ]
 [10.182162   -9.969839  ]
 [10.182162   -9.969839  ]
 [10.182162   -9.969839  ]
 [ 9.257606   -9.045091  ]
 [ 3.2191904  -3.0077155 ]
 [ 6.564947   -6.3524575 ]
 [ 7.2070394  -6.9944463 ]
 [10.182162   -9.969839  ]
 [10.182162   -9.969839  ]
 [ 8.876311   -8.665503  ]
 [10.182162   -9.969839  ]
 [-3.2101505   3.4210176 ]
 [ 1.8323833  -1.6194191 ]
 [ 7.0748425  -6.863826  ]
 [10.182162   -9.969839  ]
 [ 9.257606   -9.045091  ]
 [ 9.257606   -9.045091  ]
 [10.182162   -9.969839  ]
 [ 7.2979817  -7.084715  ]
 [ 3.5571852  -3.3448553 ]
 [ 3.2191904  -3.0077155 ]
 [10.182162   -9.969839  ]
 [ 9.257606   -9.045091  ]
 [10.182162   -9.969839  ]
 [10.182162   -9.969839  ]
 [ 1.3272744  -1.1157401 ]
 [ 1.3749179  -1.1635606 ]
 [ 9.257606   -9.045091  ]]
2025-12-21 21:36:04,503 - [INFO] - ------------------------------------------------------------
2025-12-21 21:36:04,503 - [INFO] - On Validation Set:
	Accuracy of RRL  Model: 0.9039391845196959
	F1 Score of RRL  Model: 0.6968116938225155
2025-12-21 21:36:04,509 - [INFO] - On Validation Set:
Performance of  RRL Model: 
[[1252   34]
 [ 105   56]]
              precision    recall  f1-score   support

           0       0.92      0.97      0.95      1286
           1       0.62      0.35      0.45       161

    accuracy                           0.90      1447
   macro avg       0.77      0.66      0.70      1447
weighted avg       0.89      0.90      0.89      1447

2025-12-21 21:36:04,509 - [INFO] - ------------------------------------------------------------
2025-12-21 21:36:05,709 - [INFO] - epoch: 51, loss_rrl: 109.69375460222363
2025-12-21 21:36:06,198 - [DEBUG] - y_true: (1447,) [0 0 0 0 0 1 0 0 0 0 0 0 0 0 0 0 0 1 0 0 0 0 0 0 1 0 0 0 0 0 0 0 0 0 0 0 0
 0 1 1 0]
2025-12-21 21:36:06,349 - [DEBUG] - y_rrl_: (1447,) [0 0 0 0 0 0 0 0 0 0 0 0 0 0 0 0 0 0 0 0 0 0 0 0 1 0 0 0 0 0 0 0 0 0 0 0 0
 0 0 0 0]
2025-12-21 21:36:06,350 - [DEBUG] - y_rrl: (1447, 2) [[ 1.0725911e+01 -1.0520112e+01]
 [ 2.7130353e+00 -2.5072517e+00]
 [ 6.7565970e+00 -6.5512190e+00]
 [ 6.7565970e+00 -6.5512190e+00]
 [ 1.0725911e+01 -1.0520112e+01]
 [ 2.1484137e-01 -8.2476884e-03]
 [ 1.0725911e+01 -1.0520112e+01]
 [ 8.9446726e+00 -8.7386732e+00]
 [ 1.0725911e+01 -1.0520112e+01]
 [ 6.2949805e+00 -6.0885544e+00]
 [ 3.5107782e+00 -3.3059318e+00]
 [ 8.9446726e+00 -8.7386732e+00]
 [ 8.9446726e+00 -8.7386732e+00]
 [ 9.7859077e+00 -9.5799227e+00]
 [ 9.7859077e+00 -9.5799227e+00]
 [ 8.9446726e+00 -8.7386732e+00]
 [ 8.9446726e+00 -8.7386732e+00]
 [ 5.0422812e+00 -4.8372936e+00]
 [ 5.3627281e+00 -5.1573710e+00]
 [ 7.7624631e+00 -7.5563955e+00]
 [ 1.0725911e+01 -1.0520112e+01]
 [ 9.7859077e+00 -9.5799227e+00]
 [ 9.4732122e+00 -9.2688522e+00]
 [ 9.7859077e+00 -9.5799227e+00]
 [-2.5963588e+00  2.8007867e+00]
 [ 4.2715359e+00 -4.0650263e+00]
 [ 6.2949805e+00 -6.0885544e+00]
 [ 9.7859077e+00 -9.5799227e+00]
 [ 8.8076401e+00 -8.6022854e+00]
 [ 8.8076401e+00 -8.6022854e+00]
 [ 1.0725911e+01 -1.0520112e+01]
 [ 6.9212284e+00 -6.7151451e+00]
 [ 4.0640144e+00 -3.8596563e+00]
 [ 4.0640144e+00 -3.8596563e+00]
 [ 1.0725911e+01 -1.0520112e+01]
 [ 8.9446726e+00 -8.7386732e+00]
 [ 1.0725911e+01 -1.0520112e+01]
 [ 9.7859077e+00 -9.5799227e+00]
 [ 1.8268216e+00 -1.6217661e+00]
 [ 9.8558664e-01 -7.8051573e-01]
 [ 8.9446726e+00 -8.7386732e+00]]
2025-12-21 21:36:06,352 - [INFO] - ------------------------------------------------------------
2025-12-21 21:36:06,352 - [INFO] - On Validation Set:
	Accuracy of RRL  Model: 0.9018659295093296
	F1 Score of RRL  Model: 0.6592290138116783
2025-12-21 21:36:06,358 - [INFO] - On Validation Set:
Performance of  RRL Model: 
[[1263   23]
 [ 119   42]]
              precision    recall  f1-score   support

           0       0.91      0.98      0.95      1286
           1       0.65      0.26      0.37       161

    accuracy                           0.90      1447
   macro avg       0.78      0.62      0.66      1447
weighted avg       0.88      0.90      0.88      1447

2025-12-21 21:36:06,358 - [INFO] - ------------------------------------------------------------
2025-12-21 21:36:07,311 - [INFO] - epoch: 52, loss_rrl: 109.19965532794595
2025-12-21 21:36:08,025 - [DEBUG] - y_true: (1447,) [0 0 0 0 0 1 0 0 0 0 0 0 0 0 0 0 0 1 0 0 0 0 0 0 1 0 0 0 0 0 0 0 0 0 0 0 0
 0 1 1 0]
2025-12-21 21:36:08,176 - [DEBUG] - y_rrl_: (1447,) [0 0 0 0 0 1 0 0 0 0 0 0 0 0 0 0 0 0 0 0 0 0 0 0 1 1 0 0 0 0 0 0 1 0 0 0 0
 0 1 0 0]
2025-12-21 21:36:08,177 - [DEBUG] - y_rrl: (1447, 2) [[ 9.684933   -9.485483  ]
 [ 0.47020406 -0.27212545]
 [ 5.8048186  -5.6057673 ]
 [ 5.8048186  -5.6057673 ]
 [ 9.684933   -9.485483  ]
 [-2.6372848   2.8360443 ]
 [ 9.684933   -9.485483  ]
 [ 7.926126   -7.7264805 ]
 [ 9.684933   -9.485483  ]
 [ 2.5560446  -2.3561213 ]
 [ 0.25257105 -0.05332831]
 [ 5.6226535  -5.4236875 ]
 [ 6.0296626  -5.832259  ]
 [ 8.856139   -8.656675  ]
 [ 8.856139   -8.656675  ]
 [ 8.856139   -8.656675  ]
 [ 7.926126   -7.7264805 ]
 [ 0.25257105 -0.05332831]
 [ 5.3479843  -5.1483397 ]
 [ 5.9503937  -5.750661  ]
 [ 9.684933   -9.485483  ]
 [ 8.856139   -8.656675  ]
 [ 8.409029   -8.210949  ]
 [ 8.856139   -8.656675  ]
 [-3.5854478   3.7836053 ]
 [-1.2980016   1.4965538 ]
 [ 2.96894    -2.7695684 ]
 [ 8.856139   -8.656675  ]
 [ 6.898557   -6.698222  ]
 [ 6.9779634  -6.778919  ]
 [ 9.684933   -9.485483  ]
 [ 7.926126   -7.7264805 ]
 [-0.695592    0.89423287]
 [ 0.25257105 -0.05332831]
 [ 9.684933   -9.485483  ]
 [ 7.926126   -7.7264805 ]
 [ 8.409029   -8.210949  ]
 [ 8.856139   -8.656675  ]
 [-1.0867119   1.2861621 ]
 [ 0.8708709  -0.67229116]
 [ 7.926126   -7.7264805 ]]
2025-12-21 21:36:08,179 - [INFO] - ------------------------------------------------------------
2025-12-21 21:36:08,179 - [INFO] - On Validation Set:
	Accuracy of RRL  Model: 0.8963372494816862
	F1 Score of RRL  Model: 0.7350360365639284
2025-12-21 21:36:08,185 - [INFO] - On Validation Set:
Performance of  RRL Model: 
[[1213   73]
 [  77   84]]
              precision    recall  f1-score   support

           0       0.94      0.94      0.94      1286
           1       0.54      0.52      0.53       161

    accuracy                           0.90      1447
   macro avg       0.74      0.73      0.74      1447
weighted avg       0.90      0.90      0.90      1447

2025-12-21 21:36:08,185 - [INFO] - ------------------------------------------------------------
2025-12-21 21:36:08,901 - [INFO] - epoch: 53, loss_rrl: 108.72234251908958
2025-12-21 21:36:09,789 - [DEBUG] - y_true: (1447,) [0 0 0 0 0 1 0 0 0 0 0 0 0 0 0 0 0 1 0 0 0 0 0 0 1 0 0 0 0 0 0 0 0 0 0 0 0
 0 1 1 0]
2025-12-21 21:36:09,940 - [DEBUG] - y_rrl_: (1447,) [0 1 0 0 0 1 0 0 0 0 0 0 0 0 0 0 0 0 0 0 0 0 0 0 1 0 0 0 0 0 0 0 0 0 0 0 0
 0 0 0 0]
2025-12-21 21:36:09,941 - [DEBUG] - y_rrl: (1447, 2) [[10.128861   -9.935613  ]
 [-0.42189458  0.6140503 ]
 [ 6.066007   -5.872944  ]
 [ 6.066007   -5.872944  ]
 [10.128861   -9.935613  ]
 [-0.8311409   1.0250509 ]
 [10.128861   -9.935613  ]
 [ 7.037441   -6.8438015 ]
 [10.128861   -9.935613  ]
 [ 3.2922792  -3.0982456 ]
 [ 0.80617815 -0.613112  ]
 [ 6.077768   -5.884966  ]
 [ 7.776856   -7.5842514 ]
 [ 9.322945   -9.129683  ]
 [ 6.697617   -6.5039663 ]
 [ 9.322945   -9.129683  ]
 [ 8.394253   -8.200813  ]
 [ 2.332607   -2.1394098 ]
 [ 5.7972617  -5.603815  ]
 [ 5.0151057  -4.821377  ]
 [10.128861   -9.935613  ]
 [ 9.322945   -9.129683  ]
 [ 8.863278   -8.671332  ]
 [10.128861   -9.935613  ]
 [-3.0681562   3.2601886 ]
 [ 2.0521004  -1.8582592 ]
 [ 6.077768   -5.884966  ]
 [ 7.9661326  -7.7726707 ]
 [ 7.343351   -7.149246  ]
 [ 7.4228196  -7.2299557 ]
 [10.128861   -9.935613  ]
 [ 7.343351   -7.149246  ]
 [ 1.361174   -1.1685524 ]
 [ 0.9757949  -0.78239805]
 [10.128861   -9.935613  ]
 [ 7.037441   -6.8438015 ]
 [10.128861   -9.935613  ]
 [ 7.9661326  -7.7726707 ]
 [ 0.25528282 -0.06203079]
 [ 1.4289602  -1.2365363 ]
 [ 7.037441   -6.8438015 ]]
2025-12-21 21:36:09,943 - [INFO] - ------------------------------------------------------------
2025-12-21 21:36:09,943 - [INFO] - On Validation Set:
	Accuracy of RRL  Model: 0.9067035245335177
	F1 Score of RRL  Model: 0.7305247969055426
2025-12-21 21:36:09,949 - [INFO] - On Validation Set:
Performance of  RRL Model: 
[[1241   45]
 [  90   71]]
              precision    recall  f1-score   support

           0       0.93      0.97      0.95      1286
           1       0.61      0.44      0.51       161

    accuracy                           0.91      1447
   macro avg       0.77      0.70      0.73      1447
weighted avg       0.90      0.91      0.90      1447

2025-12-21 21:36:09,949 - [INFO] - ------------------------------------------------------------
2025-12-21 21:36:10,409 - [INFO] - epoch: 54, loss_rrl: 107.57238866016269
2025-12-21 21:36:11,519 - [DEBUG] - y_true: (1447,) [0 0 0 0 0 1 0 0 0 0 0 0 0 0 0 0 0 1 0 0 0 0 0 0 1 0 0 0 0 0 0 0 0 0 0 0 0
 0 1 1 0]
2025-12-21 21:36:11,670 - [DEBUG] - y_rrl_: (1447,) [0 1 0 0 0 1 0 0 0 0 0 0 0 0 0 0 0 0 0 0 0 0 0 0 1 0 0 0 0 0 0 0 0 0 0 0 0
 0 1 0 0]
2025-12-21 21:36:11,671 - [DEBUG] - y_rrl: (1447, 2) [[ 9.115553   -8.928285  ]
 [-1.6106361   1.7965639 ]
 [ 6.2669263  -6.080188  ]
 [ 6.2669263  -6.080188  ]
 [ 9.115553   -8.928285  ]
 [-0.20254108  0.39108363]
 [ 9.115553   -8.928285  ]
 [ 8.318036   -8.130754  ]
 [ 9.115553   -8.928285  ]
 [ 5.689327   -5.501677  ]
 [ 0.9237463  -0.73664254]
 [ 5.093876   -4.9070168 ]
 [ 8.318036   -8.130754  ]
 [ 8.318036   -8.130754  ]
 [ 8.318036   -8.130754  ]
 [ 8.318036   -8.130754  ]
 [ 8.318036   -8.130754  ]
 [ 2.4651675  -2.2779384 ]
 [ 5.8380632  -5.6512375 ]
 [ 5.421888   -5.2343407 ]
 [ 9.115553   -8.928285  ]
 [ 8.318036   -8.130754  ]
 [ 7.8224797  -7.636451  ]
 [ 8.318036   -8.130754  ]
 [-4.0299964   4.216124  ]
 [ 3.7582402  -3.5697732 ]
 [ 2.4651675  -2.2779384 ]
 [ 8.318036   -8.130754  ]
 [ 6.386948   -6.1988516 ]
 [ 7.3529744  -7.166244  ]
 [ 9.115553   -8.928285  ]
 [ 6.386948   -6.1988516 ]
 [ 2.4651675  -2.2779384 ]
 [ 2.4651675  -2.2779384 ]
 [ 9.115553   -8.928285  ]
 [ 8.318036   -8.130754  ]
 [ 9.115553   -8.928285  ]
 [ 8.318036   -8.130754  ]
 [-1.4956139   1.6829176 ]
 [ 0.43547288 -0.24898604]
 [ 8.318036   -8.130754  ]]
2025-12-21 21:36:11,673 - [INFO] - ------------------------------------------------------------
2025-12-21 21:36:11,673 - [INFO] - On Validation Set:
	Accuracy of RRL  Model: 0.9018659295093296
	F1 Score of RRL  Model: 0.7449378339192436
2025-12-21 21:36:11,679 - [INFO] - On Validation Set:
Performance of  RRL Model: 
[[1220   66]
 [  76   85]]
              precision    recall  f1-score   support

           0       0.94      0.95      0.95      1286
           1       0.56      0.53      0.54       161

    accuracy                           0.90      1447
   macro avg       0.75      0.74      0.74      1447
weighted avg       0.90      0.90      0.90      1447

2025-12-21 21:36:11,679 - [INFO] - ------------------------------------------------------------
2025-12-21 21:36:11,925 - [INFO] - epoch: 55, loss_rrl: 109.54088912345469
2025-12-21 21:36:13,256 - [DEBUG] - y_true: (1447,) [0 0 0 0 0 1 0 0 0 0 0 0 0 0 0 0 0 1 0 0 0 0 0 0 1 0 0 0 0 0 0 0 0 0 0 0 0
 0 1 1 0]
2025-12-21 21:36:13,408 - [DEBUG] - y_rrl_: (1447,) [0 0 0 0 0 0 0 0 0 0 0 0 0 0 0 0 0 0 0 0 0 0 0 0 1 0 0 0 0 0 0 0 0 0 0 0 0
 0 1 0 0]
2025-12-21 21:36:13,409 - [DEBUG] - y_rrl: (1447, 2) [[ 9.973821   -9.792336  ]
 [ 0.73694164 -0.55524343]
 [ 5.9148865  -5.7330327 ]
 [ 5.9148865  -5.7330327 ]
 [ 9.973821   -9.792336  ]
 [ 0.73788244 -0.55517703]
 [ 9.973821   -9.792336  ]
 [ 6.992538   -6.8106914 ]
 [ 9.973821   -9.792336  ]
 [ 4.361109   -4.1789117 ]
 [ 1.8067877  -1.6254518 ]
 [ 7.275425   -7.09314   ]
 [ 9.200053   -9.018557  ]
 [ 9.200053   -9.018557  ]
 [ 9.200053   -9.018557  ]
 [ 9.200053   -9.018557  ]
 [ 8.29379    -8.112126  ]
 [ 3.3339982  -3.1525412 ]
 [ 5.6604114  -5.4787245 ]
 [ 4.983384   -4.8014383 ]
 [ 9.973821   -9.792336  ]
 [ 9.200053   -9.018557  ]
 [ 8.663823   -8.483517  ]
 [ 9.200053   -9.018557  ]
 [-3.1779187   3.358324  ]
 [ 4.643996   -4.4613605 ]
 [ 4.643996   -4.4613605 ]
 [ 7.8988013  -7.717122  ]
 [ 7.275425   -7.09314   ]
 [ 8.29379    -8.112126  ]
 [ 9.973821   -9.792336  ]
 [ 7.275425   -7.09314   ]
 [ 3.3339982  -3.1525412 ]
 [ 2.032747   -1.8511052 ]
 [ 9.973821   -9.792336  ]
 [ 6.992538   -6.8106914 ]
 [ 9.973821   -9.792336  ]
 [ 7.8988013  -7.717122  ]
 [-0.5721153   0.75364274]
 [ 1.3525126  -1.1717751 ]
 [ 6.992538   -6.8106914 ]]
2025-12-21 21:36:13,411 - [INFO] - ------------------------------------------------------------
2025-12-21 21:36:13,411 - [INFO] - On Validation Set:
	Accuracy of RRL  Model: 0.9067035245335177
	F1 Score of RRL  Model: 0.7196078572094993
2025-12-21 21:36:13,417 - [INFO] - On Validation Set:
Performance of  RRL Model: 
[[1247   39]
 [  96   65]]
              precision    recall  f1-score   support

           0       0.93      0.97      0.95      1286
           1       0.62      0.40      0.49       161

    accuracy                           0.91      1447
   macro avg       0.78      0.69      0.72      1447
weighted avg       0.89      0.91      0.90      1447

2025-12-21 21:36:13,417 - [INFO] - ------------------------------------------------------------
2025-12-21 21:36:13,446 - [INFO] - epoch: 56, loss_rrl: 108.99828877486289
2025-12-21 21:36:14,785 - [INFO] - epoch: 57, loss_rrl: 109.78480264171958
2025-12-21 21:36:14,989 - [DEBUG] - y_true: (1447,) [0 0 0 0 0 1 0 0 0 0 0 0 0 0 0 0 0 1 0 0 0 0 0 0 1 0 0 0 0 0 0 0 0 0 0 0 0
 0 1 1 0]
2025-12-21 21:36:15,141 - [DEBUG] - y_rrl_: (1447,) [0 1 0 0 0 0 0 0 0 0 0 0 0 0 0 0 0 0 0 0 0 0 0 0 1 0 0 0 0 0 0 0 0 0 0 0 0
 0 0 0 0]
2025-12-21 21:36:15,141 - [DEBUG] - y_rrl: (1447, 2) [[10.086325   -9.910543  ]
 [-0.8156204   0.99020225]
 [ 8.216901   -8.0411005 ]
 [ 8.216901   -8.0411005 ]
 [10.086325   -9.910543  ]
 [ 0.82916945 -0.65221035]
 [10.086325   -9.910543  ]
 [ 9.304471   -9.128677  ]
 [10.086325   -9.910543  ]
 [ 6.6486526  -6.4725256 ]
 [ 4.205944   -4.0297713 ]
 [ 7.056307   -6.881473  ]
 [ 7.651765   -7.476541  ]
 [ 9.304471   -9.128677  ]
 [ 9.304471   -9.128677  ]
 [ 9.304471   -9.128677  ]
 [ 9.304471   -9.128677  ]
 [ 4.4004884  -4.225322  ]
 [ 5.7358227  -5.559837  ]
 [ 7.3819466  -7.206494  ]
 [10.086325   -9.910543  ]
 [ 9.304471   -9.128677  ]
 [ 8.744084   -8.569425  ]
 [10.086325   -9.910543  ]
 [-1.5296707   1.7050074 ]
 [ 3.0800047  -2.903685  ]
 [ 4.4004884  -4.225322  ]
 [ 9.304471   -9.128677  ]
 [ 8.398547   -8.222592  ]
 [ 9.304471   -9.128677  ]
 [10.086325   -9.910543  ]
 [ 7.388529   -7.2119727 ]
 [ 4.7261286  -4.5503426 ]
 [ 4.4004884  -4.225322  ]
 [10.086325   -9.910543  ]
 [ 9.304471   -9.128677  ]
 [10.086325   -9.910543  ]
 [ 9.304471   -9.128677  ]
 [ 2.6210418  -2.4446957 ]
 [ 1.4028714  -1.2277948 ]
 [ 9.304471   -9.128677  ]]
2025-12-21 21:36:15,143 - [INFO] - ------------------------------------------------------------
2025-12-21 21:36:15,143 - [INFO] - On Validation Set:
	Accuracy of RRL  Model: 0.9067035245335177
	F1 Score of RRL  Model: 0.677333835473209
2025-12-21 21:36:15,149 - [INFO] - On Validation Set:
Performance of  RRL Model: 
[[1266   20]
 [ 115   46]]
              precision    recall  f1-score   support

           0       0.92      0.98      0.95      1286
           1       0.70      0.29      0.41       161

    accuracy                           0.91      1447
   macro avg       0.81      0.64      0.68      1447
weighted avg       0.89      0.91      0.89      1447

2025-12-21 21:36:15,149 - [INFO] - ------------------------------------------------------------
2025-12-21 21:36:16,298 - [INFO] - epoch: 58, loss_rrl: 109.6551512312144
2025-12-21 21:36:16,721 - [DEBUG] - y_true: (1447,) [0 0 0 0 0 1 0 0 0 0 0 0 0 0 0 0 0 1 0 0 0 0 0 0 1 0 0 0 0 0 0 0 0 0 0 0 0
 0 1 1 0]
2025-12-21 21:36:16,874 - [DEBUG] - y_rrl_: (1447,) [0 1 0 0 0 1 0 0 0 0 0 0 0 0 0 0 0 0 0 0 0 0 0 0 1 0 0 0 0 0 0 0 0 0 0 0 0
 0 1 1 0]
2025-12-21 21:36:16,876 - [DEBUG] - y_rrl: (1447, 2) [[ 8.760222   -8.589947  ]
 [-0.5486355   0.71788657]
 [ 4.9565077  -4.786536  ]
 [ 4.9565077  -4.786536  ]
 [ 8.760222   -8.589947  ]
 [-0.53174126  0.70314395]
 [ 8.760222   -8.589947  ]
 [ 7.0506134  -6.880171  ]
 [ 8.760222   -8.589947  ]
 [ 4.393037   -4.22228   ]
 [ 2.0841022  -1.9138314 ]
 [ 4.7416787  -4.5717225 ]
 [ 7.9622765  -7.7919893 ]
 [ 7.9622765  -7.7919893 ]
 [ 7.9622765  -7.7919893 ]
 [ 7.9622765  -7.7919893 ]
 [ 7.0506134  -6.880171  ]
 [ 2.0841022  -1.9138314 ]
 [ 4.4356446  -4.265164  ]
 [ 5.0471005  -4.8765554 ]
 [ 8.760222   -8.589947  ]
 [ 7.9622765  -7.7919893 ]
 [ 7.44416    -7.2749505 ]
 [ 7.9622765  -7.7919893 ]
 [-2.8584442   3.0283039 ]
 [ 3.4001646  -3.2288277 ]
 [ 4.7416787  -4.5717225 ]
 [ 7.9622765  -7.7919893 ]
 [ 6.057741   -5.8867188 ]
 [ 6.039973   -5.8700075 ]
 [ 8.760222   -8.589947  ]
 [ 6.057741   -5.8867188 ]
 [ 1.0734613  -0.9036684 ]
 [ 2.0841022  -1.9138314 ]
 [ 8.760222   -8.589947  ]
 [ 7.0506134  -6.880171  ]
 [ 8.760222   -8.589947  ]
 [ 7.9622765  -7.7919893 ]
 [-0.53174126  0.70314395]
 [ 0.05673161  0.11287044]
 [ 7.0506134  -6.880171  ]]
2025-12-21 21:36:16,878 - [INFO] - ------------------------------------------------------------
2025-12-21 21:36:16,878 - [INFO] - On Validation Set:
	Accuracy of RRL  Model: 0.9087767795438839
	F1 Score of RRL  Model: 0.7668317121762569
2025-12-21 21:36:16,884 - [INFO] - On Validation Set:
Performance of  RRL Model: 
[[1222   64]
 [  68   93]]
              precision    recall  f1-score   support

           0       0.95      0.95      0.95      1286
           1       0.59      0.58      0.58       161

    accuracy                           0.91      1447
   macro avg       0.77      0.76      0.77      1447
weighted avg       0.91      0.91      0.91      1447

2025-12-21 21:36:16,884 - [INFO] - ------------------------------------------------------------
2025-12-21 21:36:18,044 - [INFO] - epoch: 59, loss_rrl: 109.35876110941172
2025-12-21 21:36:18,756 - [DEBUG] - y_true: (1447,) [0 0 0 0 0 1 0 0 0 0 0 0 0 0 0 0 0 1 0 0 0 0 0 0 1 0 0 0 0 0 0 0 0 0 0 0 0
 0 1 1 0]
2025-12-21 21:36:18,914 - [DEBUG] - y_rrl_: (1447,) [0 0 0 0 0 0 0 0 0 0 0 0 0 0 0 0 0 0 0 0 0 0 0 0 1 0 0 0 0 0 0 0 0 0 0 0 0
 0 0 0 0]
2025-12-21 21:36:18,914 - [DEBUG] - y_rrl: (1447, 2) [[ 9.9102907e+00 -9.7448397e+00]
 [ 3.0254641e+00 -2.8599727e+00]
 [ 7.2168975e+00 -7.0517411e+00]
 [ 7.2168975e+00 -7.0517411e+00]
 [ 9.9102907e+00 -9.7448397e+00]
 [ 1.7277314e-01 -6.7594536e-03]
 [ 1.0973123e+01 -1.0807677e+01]
 [ 9.2805891e+00 -9.1149817e+00]
 [ 1.0973123e+01 -1.0807677e+01]
 [ 6.6396542e+00 -6.4737463e+00]
 [ 3.2414701e+00 -3.0760095e+00]
 [ 8.2727356e+00 -8.1065645e+00]
 [ 8.5455589e+00 -8.3806238e+00]
 [ 9.0882025e+00 -8.9227400e+00]
 [ 1.0151034e+01 -9.9855776e+00]
 [ 9.0882025e+00 -8.9227400e+00]
 [ 8.2177582e+00 -8.0521441e+00]
 [ 4.3043017e+00 -4.1388469e+00]
 [ 5.6044288e+00 -5.4387717e+00]
 [ 7.2718749e+00 -7.1061611e+00]
 [ 1.0973123e+01 -1.0807677e+01]
 [ 9.0882025e+00 -8.9227400e+00]
 [ 8.5827923e+00 -8.4183588e+00]
 [ 9.0882025e+00 -8.9227400e+00]
 [-2.1555867e+00  2.3201244e+00]
 [ 4.0263247e+00 -3.8603747e+00]
 [ 5.6318002e+00 -5.4653282e+00]
 [ 1.0151034e+01 -9.9855776e+00]
 [ 8.2727356e+00 -8.1065645e+00]
 [ 8.2797289e+00 -8.1145792e+00]
 [ 1.0973123e+01 -1.0807677e+01]
 [ 8.2727356e+00 -8.1065645e+00]
 [ 2.2406094e+00 -2.0756071e+00]
 [ 3.2414701e+00 -3.0760095e+00]
 [ 1.0973123e+01 -1.0807677e+01]
 [ 9.2805891e+00 -9.1149817e+00]
 [ 9.9102907e+00 -9.7448397e+00]
 [ 9.0882025e+00 -8.9227400e+00]
 [ 1.7782483e+00 -1.6117135e+00]
 [ 2.3290474e+00 -2.1642461e+00]
 [ 8.2177582e+00 -8.0521441e+00]]
2025-12-21 21:36:18,917 - [INFO] - ------------------------------------------------------------
2025-12-21 21:36:18,917 - [INFO] - On Validation Set:
	Accuracy of RRL  Model: 0.9004837595024188
	F1 Score of RRL  Model: 0.6236997226074896
2025-12-21 21:36:18,923 - [INFO] - On Validation Set:
Performance of  RRL Model: 
[[1272   14]
 [ 130   31]]
              precision    recall  f1-score   support

           0       0.91      0.99      0.95      1286
           1       0.69      0.19      0.30       161

    accuracy                           0.90      1447
   macro avg       0.80      0.59      0.62      1447
weighted avg       0.88      0.90      0.87      1447

2025-12-21 21:36:18,923 - [INFO] - ------------------------------------------------------------
2025-12-21 21:36:19,696 - [INFO] - epoch: 60, loss_rrl: 109.9462694209069
2025-12-21 21:36:20,631 - [DEBUG] - y_true: (1447,) [0 0 0 0 0 1 0 0 0 0 0 0 0 0 0 0 0 1 0 0 0 0 0 0 1 0 0 0 0 0 0 0 0 0 0 0 0
 0 1 1 0]
2025-12-21 21:36:20,790 - [DEBUG] - y_rrl_: (1447,) [0 1 0 0 0 0 0 0 0 0 0 0 0 0 0 0 0 0 0 0 0 0 0 0 1 0 0 0 0 0 0 0 0 0 0 0 0
 0 0 0 0]
2025-12-21 21:36:20,791 - [DEBUG] - y_rrl: (1447, 2) [[ 1.0413372e+01 -1.0251854e+01]
 [ 6.7030578e-03  1.5404715e-01]
 [ 6.5247250e+00 -6.3633289e+00]
 [ 6.5247250e+00 -6.3633289e+00]
 [ 1.0413372e+01 -1.0251854e+01]
 [ 2.1330981e-01 -5.1180556e-02]
 [ 1.0413372e+01 -1.0251854e+01]
 [ 7.5490999e+00 -7.3872628e+00]
 [ 1.0413372e+01 -1.0251854e+01]
 [ 3.8675780e+00 -3.7054522e+00]
 [ 2.7120347e+00 -2.5504951e+00]
 [ 6.3935566e+00 -6.2323055e+00]
 [ 8.0203400e+00 -7.8593140e+00]
 [ 8.4021168e+00 -8.2404280e+00]
 [ 9.5767555e+00 -9.4152269e+00]
 [ 9.5767555e+00 -9.4152269e+00]
 [ 8.7237396e+00 -8.5620623e+00]
 [ 1.5373955e+00 -1.3756956e+00]
 [ 3.9350626e+00 -3.7736204e+00]
 [ 5.4914784e+00 -5.3295336e+00]
 [ 9.2387333e+00 -9.0770550e+00]
 [ 9.5767555e+00 -9.4152269e+00]
 [ 9.1164360e+00 -8.9558926e+00]
 [ 8.4021168e+00 -8.2404280e+00]
 [-1.0836260e+00  1.2447807e+00]
 [ 1.4281803e+00 -1.2666093e+00]
 [ 7.4268031e+00 -7.2661009e+00]
 [ 8.4021168e+00 -8.2404280e+00]
 [ 6.6661181e+00 -6.5043330e+00]
 [ 7.6993642e+00 -7.5381284e+00]
 [ 9.2387333e+00 -9.0770550e+00]
 [ 5.4914784e+00 -5.3295336e+00]
 [ 1.6876599e+00 -1.5265613e+00]
 [ 5.1302058e-01 -3.5176182e-01]
 [ 1.0413372e+01 -1.0251854e+01]
 [ 7.5490999e+00 -7.3872628e+00]
 [ 1.0413372e+01 -1.0251854e+01]
 [ 8.4021168e+00 -8.2404280e+00]
 [ 1.2376847e+00 -1.0751144e+00]
 [ 1.8270111e+00 -1.6661139e+00]
 [ 7.5490999e+00 -7.3872628e+00]]
2025-12-21 21:36:20,793 - [INFO] - ------------------------------------------------------------
2025-12-21 21:36:20,793 - [INFO] - On Validation Set:
	Accuracy of RRL  Model: 0.9011748445058743
	F1 Score of RRL  Model: 0.646787009772543
2025-12-21 21:36:20,799 - [INFO] - On Validation Set:
Performance of  RRL Model: 
[[1266   20]
 [ 123   38]]
              precision    recall  f1-score   support

           0       0.91      0.98      0.95      1286
           1       0.66      0.24      0.35       161

    accuracy                           0.90      1447
   macro avg       0.78      0.61      0.65      1447
weighted avg       0.88      0.90      0.88      1447

2025-12-21 21:36:20,799 - [INFO] - ------------------------------------------------------------
2025-12-21 21:36:21,353 - [INFO] - epoch: 61, loss_rrl: 109.19433307647705
2025-12-21 21:36:22,508 - [DEBUG] - y_true: (1447,) [0 0 0 0 0 1 0 0 0 0 0 0 0 0 0 0 0 1 0 0 0 0 0 0 1 0 0 0 0 0 0 0 0 0 0 0 0
 0 1 1 0]
2025-12-21 21:36:22,668 - [DEBUG] - y_rrl_: (1447,) [0 1 0 0 0 0 0 0 0 0 0 0 0 0 0 0 0 0 0 0 0 0 0 0 1 0 0 0 0 0 0 0 0 0 0 0 0
 0 1 0 0]
2025-12-21 21:36:22,668 - [DEBUG] - y_rrl: (1447, 2) [[ 9.506728   -9.349008  ]
 [-1.200843    1.3575777 ]
 [ 4.6696463  -4.5120373 ]
 [ 5.808395   -5.650941  ]
 [ 8.36798    -8.210105  ]
 [ 0.44436395 -0.2856196 ]
 [ 9.506728   -9.349008  ]
 [ 7.8437533  -7.6858783 ]
 [ 9.506728   -9.349008  ]
 [ 5.2368526  -5.078703  ]
 [ 1.3334004  -1.1757536 ]
 [ 4.3866997  -4.2290707 ]
 [ 7.544868   -7.386982  ]
 [ 7.544868   -7.386982  ]
 [ 8.683616   -8.525886  ]
 [ 8.683616   -8.525886  ]
 [ 7.8437533  -7.6858783 ]
 [ 2.9185472  -2.760799  ]
 [ 6.301943   -6.1445527 ]
 [ 5.825653   -5.6676702 ]
 [ 9.506728   -9.349008  ]
 [ 7.544868   -7.386982  ]
 [ 7.075342   -6.9184027 ]
 [ 8.683616   -8.525886  ]
 [-1.8407067   1.998087  ]
 [ 3.072436   -2.9135969 ]
 [ 5.5254483  -5.3679743 ]
 [ 8.683616   -8.525886  ]
 [ 5.679337   -5.520772  ]
 [ 6.8513207  -6.693872  ]
 [ 9.506728   -9.349008  ]
 [ 5.679337   -5.520772  ]
 [ 2.9185472  -2.760799  ]
 [ 1.7797986  -1.6218953 ]
 [ 8.36798    -8.210105  ]
 [ 7.8437533  -7.6858783 ]
 [ 8.36798    -8.210105  ]
 [ 8.683616   -8.525886  ]
 [-0.8482742   1.0060815 ]
 [ 1.0172559  -0.86012864]
 [ 7.8437533  -7.6858783 ]]
2025-12-21 21:36:22,670 - [INFO] - ------------------------------------------------------------
2025-12-21 21:36:22,670 - [INFO] - On Validation Set:
	Accuracy of RRL  Model: 0.9039391845196959
	F1 Score of RRL  Model: 0.7112999418675585
2025-12-21 21:36:22,676 - [INFO] - On Validation Set:
Performance of  RRL Model: 
[[1245   41]
 [  98   63]]
              precision    recall  f1-score   support

           0       0.93      0.97      0.95      1286
           1       0.61      0.39      0.48       161

    accuracy                           0.90      1447
   macro avg       0.77      0.68      0.71      1447
weighted avg       0.89      0.90      0.89      1447

2025-12-21 21:36:22,676 - [INFO] - ------------------------------------------------------------
2025-12-21 21:36:22,973 - [INFO] - epoch: 62, loss_rrl: 111.12901698611677
2025-12-21 21:36:24,355 - [DEBUG] - y_true: (1447,) [0 0 0 0 0 1 0 0 0 0 0 0 0 0 0 0 0 1 0 0 0 0 0 0 1 0 0 0 0 0 0 0 0 0 0 0 0
 0 1 1 0]
2025-12-21 21:36:24,514 - [DEBUG] - y_rrl_: (1447,) [0 1 0 0 0 1 0 0 0 0 0 0 0 0 0 0 0 0 0 0 0 0 0 0 1 0 0 0 0 0 0 0 0 0 0 0 0
 0 1 0 0]
2025-12-21 21:36:24,515 - [DEBUG] - y_rrl: (1447, 2) [[ 8.5771103e+00 -8.4230919e+00]
 [-1.3530298e+00  1.5060952e+00]
 [ 3.1961188e+00 -3.0418918e+00]
 [ 4.3078828e+00 -4.1538038e+00]
 [ 5.8836923e+00 -5.7296228e+00]
 [-4.3733928e-01  5.9235114e-01]
 [ 8.5771103e+00 -8.4230919e+00]
 [ 5.3580861e+00 -5.2040124e+00]
 [ 8.5771103e+00 -8.4230919e+00]
 [ 4.3542080e+00 -4.1997733e+00]
 [ 1.7246279e+00 -1.5697697e+00]
 [ 4.2744951e+00 -4.1205654e+00]
 [ 5.8836923e+00 -5.7296228e+00]
 [ 6.6700339e+00 -6.5158572e+00]
 [ 8.5771103e+00 -8.4230919e+00]
 [ 7.7817979e+00 -7.6277695e+00]
 [ 6.9397397e+00 -6.7855687e+00]
 [ 2.0054154e+00 -1.8513606e+00]
 [ 3.7970061e+00 -3.6434007e+00]
 [ 3.2991376e+00 -3.1449559e+00]
 [ 8.5771103e+00 -8.4230919e+00]
 [ 6.6700339e+00 -6.5158572e+00]
 [ 4.5828252e+00 -4.4296575e+00]
 [ 8.5771103e+00 -8.4230919e+00]
 [-3.5149970e+00  3.6682160e+00]
 [ 1.4081758e+00 -1.2531796e+00]
 [ 2.0054154e+00 -1.8513606e+00]
 [ 6.9954562e+00 -6.8415351e+00]
 [ 3.1983962e+00 -3.0436528e+00]
 [ 7.7350516e+00 -7.5808907e+00]
 [ 8.5771103e+00 -8.4230919e+00]
 [ 3.1983962e+00 -3.0436528e+00]
 [ 3.3062818e+00 -3.1513259e+00]
 [ 8.9365172e-01 -7.3944825e-01]
 [ 7.4653459e+00 -7.3111792e+00]
 [ 6.1533980e+00 -5.9993343e+00]
 [ 5.8836923e+00 -5.7296228e+00]
 [ 6.9954562e+00 -6.8415351e+00]
 [-1.7382061e+00  1.8923169e+00]
 [ 1.5177794e-01  1.6684365e-03]
 [ 5.3580861e+00 -5.2040124e+00]]
2025-12-21 21:36:24,517 - [INFO] - ------------------------------------------------------------
2025-12-21 21:36:24,517 - [INFO] - On Validation Set:
	Accuracy of RRL  Model: 0.8908085694540429
	F1 Score of RRL  Model: 0.7339974496444395
2025-12-21 21:36:24,523 - [INFO] - On Validation Set:
Performance of  RRL Model: 
[[1200   86]
 [  72   89]]
              precision    recall  f1-score   support

           0       0.94      0.93      0.94      1286
           1       0.51      0.55      0.53       161

    accuracy                           0.89      1447
   macro avg       0.73      0.74      0.73      1447
weighted avg       0.90      0.89      0.89      1447

2025-12-21 21:36:24,523 - [INFO] - ------------------------------------------------------------
2025-12-21 21:36:24,587 - [INFO] - epoch: 63, loss_rrl: 110.16540259495378
2025-12-21 21:36:26,058 - [INFO] - epoch: 64, loss_rrl: 110.30568649619818
2025-12-21 21:36:26,245 - [DEBUG] - y_true: (1447,) [0 0 0 0 0 1 0 0 0 0 0 0 0 0 0 0 0 1 0 0 0 0 0 0 1 0 0 0 0 0 0 0 0 0 0 0 0
 0 1 1 0]
2025-12-21 21:36:26,405 - [DEBUG] - y_rrl_: (1447,) [0 1 0 0 0 1 0 0 0 0 0 0 0 0 0 0 0 0 0 0 0 0 0 0 1 0 0 0 0 0 0 0 0 0 0 0 0
 0 0 0 0]
2025-12-21 21:36:26,405 - [DEBUG] - y_rrl: (1447, 2) [[ 8.972389   -8.821987  ]
 [-2.8818476   3.0314915 ]
 [ 5.0235977  -4.873434  ]
 [ 5.0235977  -4.873434  ]
 [ 7.930485   -7.780077  ]
 [-1.060066    1.2110366 ]
 [ 8.972389   -8.821987  ]
 [ 7.0962687  -6.945712  ]
 [ 8.972389   -8.821987  ]
 [ 4.495116   -4.3443055 ]
 [ 2.660161   -2.5088406 ]
 [ 5.003262   -4.853071  ]
 [ 8.1799     -8.029488  ]
 [ 7.137995   -6.9875774 ]
 [ 8.1799     -8.029488  ]
 [ 8.1799     -8.029488  ]
 [ 7.137995   -6.9875774 ]
 [ 2.4021099  -2.2516644 ]
 [ 3.7087212  -3.5585122 ]
 [ 4.188821   -4.038015  ]
 [ 8.972389   -8.821987  ]
 [ 8.1799     -8.029488  ]
 [ 7.672433   -7.5229006 ]
 [ 7.137995   -6.9875774 ]
 [-2.3600216   2.5101237 ]
 [ 2.6713002  -2.520384  ]
 [ 5.003262   -4.853071  ]
 [ 7.0962687  -6.945712  ]
 [ 5.2724524  -5.121791  ]
 [ 7.1491346  -6.999121  ]
 [ 8.972389   -8.821987  ]
 [ 5.2724524  -5.121791  ]
 [ 2.6713002  -2.520384  ]
 [ 0.28771213 -0.13752133]
 [ 8.972389   -8.821987  ]
 [ 7.0962687  -6.945712  ]
 [ 8.972389   -8.821987  ]
 [ 7.0962687  -6.945712  ]
 [ 0.8154503  -0.66421944]
 [ 0.5474265  -0.39757368]
 [ 7.0962687  -6.945712  ]]
2025-12-21 21:36:26,408 - [INFO] - ------------------------------------------------------------
2025-12-21 21:36:26,408 - [INFO] - On Validation Set:
	Accuracy of RRL  Model: 0.8977194194885971
	F1 Score of RRL  Model: 0.7385688894097426
2025-12-21 21:36:26,414 - [INFO] - On Validation Set:
Performance of  RRL Model: 
[[1214   72]
 [  76   85]]
              precision    recall  f1-score   support

           0       0.94      0.94      0.94      1286
           1       0.54      0.53      0.53       161

    accuracy                           0.90      1447
   macro avg       0.74      0.74      0.74      1447
weighted avg       0.90      0.90      0.90      1447

2025-12-21 21:36:26,414 - [INFO] - ------------------------------------------------------------
2025-12-21 21:36:27,677 - [INFO] - epoch: 65, loss_rrl: 110.58568064309657
2025-12-21 21:36:28,110 - [DEBUG] - y_true: (1447,) [0 0 0 0 0 1 0 0 0 0 0 0 0 0 0 0 0 1 0 0 0 0 0 0 1 0 0 0 0 0 0 0 0 0 0 0 0
 0 1 1 0]
2025-12-21 21:36:28,271 - [DEBUG] - y_rrl_: (1447,) [0 0 0 0 0 1 0 0 0 0 0 0 0 0 0 0 0 0 0 0 0 0 0 0 1 0 0 0 0 0 0 0 0 0 0 0 0
 0 0 0 0]
2025-12-21 21:36:28,271 - [DEBUG] - y_rrl: (1447, 2) [[ 10.258064  -10.111212 ]
 [  2.4181304  -2.2712142]
 [  7.38837    -7.2418876]
 [  7.38837    -7.2418876]
 [ 10.258064  -10.111212 ]
 [ -0.3164112   0.4637678]
 [ 10.258064  -10.111212 ]
 [  9.457028   -9.310165 ]
 [ 10.258064  -10.111212 ]
 [  5.8020797  -5.654968 ]
 [  2.6581974  -2.5112927]
 [  7.586427   -7.438932 ]
 [  7.917027   -7.7706017]
 [  9.457028   -9.310165 ]
 [  9.457028   -9.310165 ]
 [  9.457028   -9.310165 ]
 [  9.457028   -9.310165 ]
 [  2.6581974  -2.5112927]
 [  6.046427   -5.899369 ]
 [  6.5654244  -6.4183145]
 [ 10.258064  -10.111212 ]
 [  9.457028   -9.310165 ]
 [  8.984781   -8.838769 ]
 [  9.457028   -9.310165 ]
 [ -2.6106963   2.7568276]
 [  2.3914795  -2.2441719]
 [  4.979134   -4.8313947]
 [  9.457028   -9.310165 ]
 [  7.586427   -7.438932 ]
 [  8.436025   -8.289548 ]
 [ 10.258064  -10.111212 ]
 [  7.586427   -7.438932 ]
 [  2.6581974  -2.5112927]
 [  2.6581974  -2.5112927]
 [ 10.258064  -10.111212 ]
 [  9.457028   -9.310165 ]
 [ 10.258064  -10.111212 ]
 [  9.457028   -9.310165 ]
 [  1.2235893  -1.0757955]
 [  1.8209074  -1.6745862]
 [  9.457028   -9.310165 ]]
2025-12-21 21:36:28,273 - [INFO] - ------------------------------------------------------------
2025-12-21 21:36:28,273 - [INFO] - On Validation Set:
	Accuracy of RRL  Model: 0.902557014512785
	F1 Score of RRL  Model: 0.6784672481857079
2025-12-21 21:36:28,279 - [INFO] - On Validation Set:
Performance of  RRL Model: 
[[1257   29]
 [ 112   49]]
              precision    recall  f1-score   support

           0       0.92      0.98      0.95      1286
           1       0.63      0.30      0.41       161

    accuracy                           0.90      1447
   macro avg       0.77      0.64      0.68      1447
weighted avg       0.89      0.90      0.89      1447

2025-12-21 21:36:28,279 - [INFO] - ------------------------------------------------------------
2025-12-21 21:36:29,316 - [INFO] - epoch: 66, loss_rrl: 109.50331592932343
2025-12-21 21:36:29,976 - [DEBUG] - y_true: (1447,) [0 0 0 0 0 1 0 0 0 0 0 0 0 0 0 0 0 1 0 0 0 0 0 0 1 0 0 0 0 0 0 0 0 0 0 0 0
 0 1 1 0]
2025-12-21 21:36:30,137 - [DEBUG] - y_rrl_: (1447,) [0 0 0 0 0 1 0 0 0 0 0 0 0 0 0 0 0 0 0 0 0 0 0 0 1 0 0 0 0 0 0 0 0 0 0 0 0
 0 0 0 0]
2025-12-21 21:36:30,137 - [DEBUG] - y_rrl: (1447, 2) [[ 8.197192   -8.053827  ]
 [ 1.476363   -1.3329359 ]
 [ 5.539764   -5.39663   ]
 [ 5.539764   -5.39663   ]
 [ 8.197192   -8.053827  ]
 [-1.2597905   1.4036443 ]
 [ 9.223451   -9.0800905 ]
 [ 7.5468698  -7.4033685 ]
 [ 9.223451   -9.0800905 ]
 [ 4.971979   -4.8282413 ]
 [ 2.9588478  -2.8146198 ]
 [ 6.5599966  -6.4160104 ]
 [ 6.89739    -6.7544436 ]
 [ 7.3990264  -7.255652  ]
 [ 8.425285   -8.281915  ]
 [ 7.3990264  -7.255652  ]
 [ 6.520612   -6.377105  ]
 [ 2.7176423  -2.574228  ]
 [ 4.0058436  -3.8622754 ]
 [ 5.579149   -5.435535  ]
 [ 9.223451   -9.0800905 ]
 [ 7.3990264  -7.255652  ]
 [ 6.929728   -6.787173  ]
 [ 7.3990264  -7.255652  ]
 [-3.508102    3.650774  ]
 [ 2.4572108  -2.3134115 ]
 [ 3.985106   -3.840883  ]
 [ 8.425285   -8.281915  ]
 [ 6.5599966  -6.4160104 ]
 [ 6.566022   -6.422893  ]
 [ 9.223451   -9.0800905 ]
 [ 6.5599966  -6.4160104 ]
 [ 1.9780002  -1.8341446 ]
 [ 1.6913842  -1.5479648 ]
 [ 9.223451   -9.0800905 ]
 [ 7.5468698  -7.4033685 ]
 [ 8.197192   -8.053827  ]
 [ 7.3990264  -7.255652  ]
 [ 0.2681046  -0.12382738]
 [ 0.8659287  -0.72307795]
 [ 6.520612   -6.377105  ]]
2025-12-21 21:36:30,140 - [INFO] - ------------------------------------------------------------
2025-12-21 21:36:30,140 - [INFO] - On Validation Set:
	Accuracy of RRL  Model: 0.9115411195577056
	F1 Score of RRL  Model: 0.7368223619147218
2025-12-21 21:36:30,146 - [INFO] - On Validation Set:
Performance of  RRL Model: 
[[1249   37]
 [  91   70]]
              precision    recall  f1-score   support

           0       0.93      0.97      0.95      1286
           1       0.65      0.43      0.52       161

    accuracy                           0.91      1447
   macro avg       0.79      0.70      0.74      1447
weighted avg       0.90      0.91      0.90      1447

2025-12-21 21:36:30,146 - [INFO] - ------------------------------------------------------------
2025-12-21 21:36:30,965 - [INFO] - epoch: 67, loss_rrl: 110.76347608678043
2025-12-21 21:36:31,862 - [DEBUG] - y_true: (1447,) [0 0 0 0 0 1 0 0 0 0 0 0 0 0 0 0 0 1 0 0 0 0 0 0 1 0 0 0 0 0 0 0 0 0 0 0 0
 0 1 1 0]
2025-12-21 21:36:32,022 - [DEBUG] - y_rrl_: (1447,) [0 0 0 0 0 1 0 0 0 0 0 0 0 0 0 0 0 0 0 0 0 0 0 0 1 0 0 0 0 0 0 0 0 0 0 0 0
 0 1 0 0]
2025-12-21 21:36:32,023 - [DEBUG] - y_rrl: (1447, 2) [[10.016377   -9.876437  ]
 [ 1.8506414  -1.7114191 ]
 [ 7.36843    -7.228711  ]
 [ 7.36843    -7.228711  ]
 [10.016377   -9.876437  ]
 [-0.13272008  0.27277237]
 [10.016377   -9.876437  ]
 [ 8.3568945  -8.216817  ]
 [10.016377   -9.876437  ]
 [ 4.778207   -4.6378984 ]
 [ 2.5444906  -2.4044862 ]
 [ 6.9098763  -6.7701125 ]
 [ 7.2826095  -7.143857  ]
 [ 9.229679   -9.08973   ]
 [10.016377   -9.876437  ]
 [ 9.229679   -9.08973   ]
 [ 8.3568945  -8.216817  ]
 [ 2.5444906  -2.4044862 ]
 [ 5.8733864  -5.733243  ]
 [ 6.3767023  -6.2365084 ]
 [10.016377   -9.876437  ]
 [ 9.229679   -9.08973   ]
 [ 8.774389   -8.635228  ]
 [10.016377   -9.876437  ]
 [-0.33448586  0.47416985]
 [ 1.8394095  -1.6998231 ]
 [ 7.114906   -6.975607  ]
 [10.016377   -9.876437  ]
 [ 7.365166   -7.224614  ]
 [ 8.155129   -8.015419  ]
 [10.016377   -9.876437  ]
 [ 7.365166   -7.224614  ]
 [ 2.5444906  -2.4044862 ]
 [ 2.5444906  -2.4044862 ]
 [10.016377   -9.876437  ]
 [ 9.143594   -9.003524  ]
 [ 8.774389   -8.635228  ]
 [10.016377   -9.876437  ]
 [-0.13272008  0.27277237]
 [ 1.7317924  -1.5923436 ]
 [ 8.3568945  -8.216817  ]]
2025-12-21 21:36:32,025 - [INFO] - ------------------------------------------------------------
2025-12-21 21:36:32,025 - [INFO] - On Validation Set:
	Accuracy of RRL  Model: 0.9004837595024188
	F1 Score of RRL  Model: 0.6544294224569132
2025-12-21 21:36:32,031 - [INFO] - On Validation Set:
Performance of  RRL Model: 
[[1262   24]
 [ 120   41]]
              precision    recall  f1-score   support

           0       0.91      0.98      0.95      1286
           1       0.63      0.25      0.36       161

    accuracy                           0.90      1447
   macro avg       0.77      0.62      0.65      1447
weighted avg       0.88      0.90      0.88      1447

2025-12-21 21:36:32,031 - [INFO] - ------------------------------------------------------------
2025-12-21 21:36:32,610 - [INFO] - epoch: 68, loss_rrl: 110.53287557326257
2025-12-21 21:36:33,760 - [DEBUG] - y_true: (1447,) [0 0 0 0 0 1 0 0 0 0 0 0 0 0 0 0 0 1 0 0 0 0 0 0 1 0 0 0 0 0 0 0 0 0 0 0 0
 0 1 1 0]
2025-12-21 21:36:33,920 - [DEBUG] - y_rrl_: (1447,) [0 0 0 0 0 1 0 0 0 0 0 0 0 0 0 0 0 0 0 0 0 0 0 0 1 0 0 0 0 0 0 0 0 0 0 0 0
 0 1 0 0]
2025-12-21 21:36:33,920 - [DEBUG] - y_rrl: (1447, 2) [[ 9.651653   -9.515045  ]
 [ 1.7505126  -1.6137127 ]
 [ 6.0132623  -5.8763866 ]
 [ 6.0132623  -5.8763866 ]
 [ 9.651653   -9.515045  ]
 [-0.12973678  0.2668638 ]
 [ 9.651653   -9.515045  ]
 [ 6.9792924  -6.8424206 ]
 [ 9.651653   -9.515045  ]
 [ 4.4255834  -4.288494  ]
 [ 1.5992935  -1.462701  ]
 [ 7.7758117  -7.638615  ]
 [ 9.651653   -9.515045  ]
 [ 8.881755   -8.745137  ]
 [ 9.651653   -9.515045  ]
 [ 8.881755   -8.745137  ]
 [ 8.00668    -7.8699346 ]
 [ 3.2259355  -3.0892608 ]
 [ 5.5624747  -5.4264727 ]
 [ 6.017409   -5.8808846 ]
 [ 9.651653   -9.515045  ]
 [ 8.881755   -8.745137  ]
 [ 8.425384   -8.289525  ]
 [ 9.651653   -9.515045  ]
 [-0.5861073   0.7224758 ]
 [ 4.26022    -4.1231523 ]
 [ 7.0059133  -6.868707  ]
 [ 8.624267   -8.487531  ]
 [ 7.0447955  -6.908398  ]
 [ 8.776578   -8.639842  ]
 [ 9.651653   -9.515045  ]
 [ 6.0440297  -5.9071712 ]
 [ 2.2640522  -2.1277244 ]
 [ 1.2366656  -1.1002107 ]
 [ 9.651653   -9.515045  ]
 [ 7.749191   -7.612328  ]
 [ 9.651653   -9.515045  ]
 [ 8.624267   -8.487531  ]
 [-0.3941224   0.530847  ]
 [ 1.4817178  -1.3455828 ]
 [ 6.9792924  -6.8424206 ]]
2025-12-21 21:36:33,922 - [INFO] - ------------------------------------------------------------
2025-12-21 21:36:33,922 - [INFO] - On Validation Set:
	Accuracy of RRL  Model: 0.9032480995162405
	F1 Score of RRL  Model: 0.6843486281988955
2025-12-21 21:36:33,928 - [INFO] - On Validation Set:
Performance of  RRL Model: 
[[1256   30]
 [ 110   51]]
              precision    recall  f1-score   support

           0       0.92      0.98      0.95      1286
           1       0.63      0.32      0.42       161

    accuracy                           0.90      1447
   macro avg       0.77      0.65      0.68      1447
weighted avg       0.89      0.90      0.89      1447

2025-12-21 21:36:33,928 - [INFO] - ------------------------------------------------------------
2025-12-21 21:36:34,270 - [INFO] - epoch: 69, loss_rrl: 110.24298003688455
2025-12-21 21:36:35,680 - [DEBUG] - y_true: (1447,) [0 0 0 0 0 1 0 0 0 0 0 0 0 0 0 0 0 1 0 0 0 0 0 0 1 0 0 0 0 0 0 0 0 0 0 0 0
 0 1 1 0]
2025-12-21 21:36:35,898 - [DEBUG] - y_rrl_: (1447,) [0 0 0 0 0 0 0 0 0 0 0 0 0 0 0 0 0 0 0 0 0 0 0 0 1 0 0 0 0 0 0 0 0 0 0 0 0
 0 1 0 0]
2025-12-21 21:36:35,900 - [DEBUG] - y_rrl: (1447, 2) [[ 9.289415   -9.156092  ]
 [ 0.62421274 -0.49068972]
 [ 4.6854095  -4.55216   ]
 [ 4.6854095  -4.55216   ]
 [ 8.256016   -8.122568  ]
 [ 0.49750984 -0.3633428 ]
 [ 9.289415   -9.156092  ]
 [ 6.6259513  -6.492369  ]
 [ 9.289415   -9.156092  ]
 [ 3.1350262  -3.0012302 ]
 [ 1.9320315  -1.7986345 ]
 [ 5.6151686  -5.4811354 ]
 [ 7.4963713  -7.362914  ]
 [ 7.4963713  -7.362914  ]
 [ 8.529771   -8.396439  ]
 [ 8.529771   -8.396439  ]
 [ 7.659351   -7.525893  ]
 [ 1.9320315  -1.7986345 ]
 [ 6.1480308  -6.0149555 ]
 [ 4.6505423  -4.516846  ]
 [ 9.289415   -9.156092  ]
 [ 7.4963713  -7.362914  ]
 [ 7.0304046  -6.8976817 ]
 [ 8.529771   -8.396439  ]
 [-3.2040482   3.3367698 ]
 [ 2.1242437  -1.9899964 ]
 [ 4.1335583  -3.9994404 ]
 [ 7.4963713  -7.362914  ]
 [ 5.6151686  -5.4811354 ]
 [ 6.6947246  -6.561604  ]
 [ 9.289415   -9.156092  ]
 [ 5.6151686  -5.4811354 ]
 [ 1.9320315  -1.7986345 ]
 [ 0.89863217 -0.7651108 ]
 [ 8.256016   -8.122568  ]
 [ 6.6259513  -6.492369  ]
 [ 8.256016   -8.122568  ]
 [ 7.4963713  -7.362914  ]
 [-0.72810185  0.8615429 ]
 [ 1.1531004  -1.0202354 ]
 [ 6.6259513  -6.492369  ]]
2025-12-21 21:36:35,905 - [INFO] - ------------------------------------------------------------
2025-12-21 21:36:35,905 - [INFO] - On Validation Set:
	Accuracy of RRL  Model: 0.9087767795438839
	F1 Score of RRL  Model: 0.7339332478965844
2025-12-21 21:36:35,921 - [INFO] - On Validation Set:
Performance of  RRL Model: 
[[1244   42]
 [  90   71]]
              precision    recall  f1-score   support

           0       0.93      0.97      0.95      1286
           1       0.63      0.44      0.52       161

    accuracy                           0.91      1447
   macro avg       0.78      0.70      0.73      1447
weighted avg       0.90      0.91      0.90      1447

2025-12-21 21:36:35,921 - [INFO] - ------------------------------------------------------------
2025-12-21 21:36:36,103 - [INFO] - epoch: 70, loss_rrl: 108.68680569902062
2025-12-21 21:36:37,662 - [INFO] - epoch: 71, loss_rrl: 109.36157542839646
2025-12-21 21:36:37,830 - [DEBUG] - y_true: (1447,) [0 0 0 0 0 1 0 0 0 0 0 0 0 0 0 0 0 1 0 0 0 0 0 0 1 0 0 0 0 0 0 0 0 0 0 0 0
 0 1 1 0]
2025-12-21 21:36:37,981 - [DEBUG] - y_rrl_: (1447,) [0 0 0 0 0 1 0 0 0 0 0 0 0 0 0 0 0 0 0 0 0 0 0 0 1 0 0 0 0 0 0 0 0 0 0 0 0
 0 0 1 0]
2025-12-21 21:36:37,981 - [DEBUG] - y_rrl: (1447, 2) [[ 8.5757675  -8.445667  ]
 [ 0.9398652  -0.8096888 ]
 [ 4.9821405  -4.85223   ]
 [ 4.9821405  -4.85223   ]
 [ 7.6054115  -7.475306  ]
 [-1.165125    1.2957186 ]
 [ 8.5757675  -8.445667  ]
 [ 6.9336424  -6.8034096 ]
 [ 8.5757675  -8.445667  ]
 [ 4.4269547  -4.296522  ]
 [ 0.8410334  -0.71023417]
 [ 5.9544373  -5.823765  ]
 [ 6.9336424  -6.8034096 ]
 [ 5.9632854  -5.833049  ]
 [ 6.9336424  -6.8034096 ]
 [ 6.9336424  -6.8034096 ]
 [ 5.9632854  -5.833049  ]
 [ 2.2101579  -2.0799859 ]
 [ 3.4465523  -3.3165762 ]
 [ 4.9732914  -4.8429456 ]
 [ 8.5757675  -8.445667  ]
 [ 6.9336424  -6.8034096 ]
 [ 7.338176   -7.2087755 ]
 [ 6.83792    -6.707806  ]
 [-2.4027178   2.5326104 ]
 [ 2.4666042  -2.3360581 ]
 [ 6.9336424  -6.8034096 ]
 [ 6.9336424  -6.8034096 ]
 [ 4.9732914  -4.8429456 ]
 [ 5.9524965  -5.8225904 ]
 [ 8.5757675  -8.445667  ]
 [ 4.9732914  -4.8429456 ]
 [ 2.4666042  -2.3360581 ]
 [ 1.2290124  -1.0991666 ]
 [ 8.5757675  -8.445667  ]
 [ 6.9336424  -6.8034096 ]
 [ 8.5757675  -8.445667  ]
 [ 6.9336424  -6.8034096 ]
 [ 0.6906548  -0.5598575 ]
 [-0.4423674   0.5721463 ]
 [ 6.9336424  -6.8034096 ]]
2025-12-21 21:36:37,983 - [INFO] - ------------------------------------------------------------
2025-12-21 21:36:37,983 - [INFO] - On Validation Set:
	Accuracy of RRL  Model: 0.902557014512785
	F1 Score of RRL  Model: 0.7416218680546321
2025-12-21 21:36:37,990 - [INFO] - On Validation Set:
Performance of  RRL Model: 
[[1224   62]
 [  79   82]]
              precision    recall  f1-score   support

           0       0.94      0.95      0.95      1286
           1       0.57      0.51      0.54       161

    accuracy                           0.90      1447
   macro avg       0.75      0.73      0.74      1447
weighted avg       0.90      0.90      0.90      1447

2025-12-21 21:36:37,990 - [INFO] - ------------------------------------------------------------
2025-12-21 21:36:39,371 - [INFO] - epoch: 72, loss_rrl: 107.69569271244109
2025-12-21 21:36:39,753 - [DEBUG] - y_true: (1447,) [0 0 0 0 0 1 0 0 0 0 0 0 0 0 0 0 0 1 0 0 0 0 0 0 1 0 0 0 0 0 0 0 0 0 0 0 0
 0 1 1 0]
2025-12-21 21:36:39,904 - [DEBUG] - y_rrl_: (1447,) [0 0 0 0 0 1 0 0 0 0 0 0 0 0 0 0 0 0 0 0 0 0 0 0 1 0 0 0 0 0 0 0 0 0 0 0 0
 0 0 0 0]
2025-12-21 21:36:39,904 - [DEBUG] - y_rrl: (1447, 2) [[ 9.36579   -9.23883  ]
 [ 1.7580032 -1.6309628]
 [ 6.6203427 -6.493685 ]
 [ 6.6203427 -6.493685 ]
 [ 9.36579   -9.23883  ]
 [-0.6344282  0.7615075]
 [ 9.36579   -9.23883  ]
 [ 8.591736  -8.4647665]
 [ 9.36579   -9.23883  ]
 [ 6.0889773 -5.9618134]
 [ 4.263543  -4.13583  ]
 [ 6.7663016 -6.6387835]
 [ 7.083177  -6.9565644]
 [ 8.591736  -8.4647665]
 [ 8.591736  -8.4647665]
 [ 8.591736  -8.4647665]
 [ 8.591736  -8.4647665]
 [ 3.0397916 -2.9127567]
 [ 5.2577424 -5.1305814]
 [ 5.769321  -5.6421194]
 [ 9.36579   -9.23883  ]
 [ 8.591736  -8.4647665]
 [ 8.142039  -8.015757 ]
 [ 8.591736  -8.4647665]
 [-1.6314083  1.7581722]
 [ 1.5312325 -1.4045544]
 [ 4.263543  -4.13583  ]
 [ 8.591736  -8.4647665]
 [ 6.7663016 -6.6387835]
 [ 7.5947566 -7.4681025]
 [ 9.36579   -9.23883  ]
 [ 6.7663016 -6.6387835]
 [ 4.263543  -4.13583  ]
 [ 3.0397916 -2.9127567]
 [ 9.36579   -9.23883  ]
 [ 8.591736  -8.4647665]
 [ 8.142039  -8.015757 ]
 [ 8.591736  -8.4647665]
 [ 0.5893237 -0.4615661]
 [ 1.1910065 -1.0644759]
 [ 8.591736  -8.4647665]]
2025-12-21 21:36:39,906 - [INFO] - ------------------------------------------------------------
2025-12-21 21:36:39,907 - [INFO] - On Validation Set:
	Accuracy of RRL  Model: 0.9101589495507948
	F1 Score of RRL  Model: 0.6977861319966583
2025-12-21 21:36:39,912 - [INFO] - On Validation Set:
Performance of  RRL Model: 
[[1265   21]
 [ 109   52]]
              precision    recall  f1-score   support

           0       0.92      0.98      0.95      1286
           1       0.71      0.32      0.44       161

    accuracy                           0.91      1447
   macro avg       0.82      0.65      0.70      1447
weighted avg       0.90      0.91      0.89      1447

2025-12-21 21:36:39,913 - [INFO] - ------------------------------------------------------------
2025-12-21 21:36:40,962 - [INFO] - epoch: 73, loss_rrl: 108.57168774865568
2025-12-21 21:36:41,574 - [DEBUG] - y_true: (1447,) [0 0 0 0 0 1 0 0 0 0 0 0 0 0 0 0 0 1 0 0 0 0 0 0 1 0 0 0 0 0 0 0 0 0 0 0 0
 0 1 1 0]
2025-12-21 21:36:41,724 - [DEBUG] - y_rrl_: (1447,) [0 0 0 0 0 1 0 0 0 0 0 0 0 0 0 0 0 0 0 0 0 0 0 0 1 1 0 0 0 0 0 0 0 0 0 0 0
 0 0 0 0]
2025-12-21 21:36:41,725 - [DEBUG] - y_rrl: (1447, 2) [[ 8.7509079e+00 -8.6269722e+00]
 [ 2.1745601e+00 -2.0505464e+00]
 [ 6.1183753e+00 -5.9946203e+00]
 [ 6.1183753e+00 -5.9946203e+00]
 [ 8.7509079e+00 -8.6269722e+00]
 [-1.1916761e+00  1.3154237e+00]
 [ 9.7221861e+00 -9.5982533e+00]
 [ 8.0641842e+00 -7.9401264e+00]
 [ 9.7221861e+00 -9.5982533e+00]
 [ 4.6097989e+00 -4.4855504e+00]
 [ 4.6097989e+00 -4.4855504e+00]
 [ 8.0641842e+00 -7.9401264e+00]
 [ 7.4296203e+00 -7.3060255e+00]
 [ 7.9598575e+00 -7.8359132e+00]
 [ 8.9311352e+00 -8.8071947e+00]
 [ 7.9598575e+00 -7.8359132e+00]
 [ 7.0929065e+00 -6.9688454e+00]
 [ 3.4073250e+00 -3.2837317e+00]
 [ 3.6863897e+00 -3.5625601e+00]
 [ 6.1591811e+00 -6.0350103e+00]
 [ 9.7221861e+00 -9.5982533e+00]
 [ 7.9598575e+00 -7.8359132e+00]
 [ 7.5484333e+00 -7.4251533e+00]
 [ 7.9598575e+00 -7.8359132e+00]
 [-1.1916761e+00  1.3154237e+00]
 [ 8.0831908e-04  1.2255388e-01]
 [ 5.5810771e+00 -5.4568315e+00]
 [ 8.9311352e+00 -8.8071947e+00]
 [ 7.0896525e+00 -6.9659014e+00]
 [ 7.0896525e+00 -6.9659014e+00]
 [ 9.7221861e+00 -9.5982533e+00]
 [ 6.1591811e+00 -6.0350103e+00]
 [ 3.6352684e+00 -3.5113256e+00]
 [ 2.4327943e+00 -2.3095064e+00]
 [ 9.7221861e+00 -9.5982533e+00]
 [ 8.0641842e+00 -7.9401264e+00]
 [ 7.5484333e+00 -7.4251533e+00]
 [ 7.9598575e+00 -7.8359132e+00]
 [ 1.9158007e+00 -1.7915107e+00]
 [ 1.5802773e+00 -1.4567602e+00]
 [ 7.0929065e+00 -6.9688454e+00]]
2025-12-21 21:36:41,727 - [INFO] - ------------------------------------------------------------
2025-12-21 21:36:41,727 - [INFO] - On Validation Set:
	Accuracy of RRL  Model: 0.9039391845196959
	F1 Score of RRL  Model: 0.7132443410335482
2025-12-21 21:36:41,733 - [INFO] - On Validation Set:
Performance of  RRL Model: 
[[1244   42]
 [  97   64]]
              precision    recall  f1-score   support

           0       0.93      0.97      0.95      1286
           1       0.60      0.40      0.48       161

    accuracy                           0.90      1447
   macro avg       0.77      0.68      0.71      1447
weighted avg       0.89      0.90      0.90      1447

2025-12-21 21:36:41,733 - [INFO] - ------------------------------------------------------------
2025-12-21 21:36:42,558 - [INFO] - epoch: 74, loss_rrl: 108.94969331473112
2025-12-21 21:36:43,401 - [DEBUG] - y_true: (1447,) [0 0 0 0 0 1 0 0 0 0 0 0 0 0 0 0 0 1 0 0 0 0 0 0 1 0 0 0 0 0 0 0 0 0 0 0 0
 0 1 1 0]
2025-12-21 21:36:43,551 - [DEBUG] - y_rrl_: (1447,) [0 0 0 0 0 1 0 0 0 0 0 0 0 0 0 0 0 0 0 0 0 0 0 0 1 0 0 0 0 0 0 0 0 0 0 0 0
 0 1 0 0]
2025-12-21 21:36:43,552 - [DEBUG] - y_rrl: (1447, 2) [[ 8.77332    -8.652332  ]
 [ 0.25773627 -0.13655216]
 [ 5.1296115  -5.008685  ]
 [ 5.1296115  -5.008685  ]
 [ 8.77332    -8.652332  ]
 [-1.1515814   1.2726908 ]
 [ 8.77332    -8.652332  ]
 [ 6.0851774  -5.9639554 ]
 [ 8.77332    -8.652332  ]
 [ 2.6118052  -2.4903986 ]
 [ 1.544839   -1.4237685 ]
 [ 6.1858196  -6.0642996 ]
 [ 7.96337    -7.842374  ]
 [ 7.96337    -7.842374  ]
 [ 7.96337    -7.842374  ]
 [ 7.96337    -7.842374  ]
 [ 7.096976   -6.9758654 ]
 [ 1.544839   -1.4237685 ]
 [ 4.716026   -4.5948377 ]
 [ 4.2184553  -4.0971193 ]
 [ 8.77332    -8.652332  ]
 [ 7.96337    -7.842374  ]
 [ 7.605713   -7.4853587 ]
 [ 7.96337    -7.842374  ]
 [-2.1071472   2.2279608 ]
 [ 1.544839   -1.4237685 ]
 [ 4.606051   -4.4847593 ]
 [ 6.9515715  -6.8304634 ]
 [ 6.1858196  -6.0642996 ]
 [ 6.1414104  -6.0205956 ]
 [ 8.77332    -8.652332  ]
 [ 6.1858196  -6.0642996 ]
 [ 1.544839   -1.4237685 ]
 [ 0.5330405  -0.4118586 ]
 [ 8.77332    -8.652332  ]
 [ 6.0851774  -5.9639554 ]
 [ 7.605713   -7.4853587 ]
 [ 6.9515715  -6.8304634 ]
 [-1.1515814   1.2726908 ]
 [ 0.62596875 -0.50538325]
 [ 6.0851774  -5.9639554 ]]
2025-12-21 21:36:43,554 - [INFO] - ------------------------------------------------------------
2025-12-21 21:36:43,554 - [INFO] - On Validation Set:
	Accuracy of RRL  Model: 0.9080856945404284
	F1 Score of RRL  Model: 0.7562816202217453
2025-12-21 21:36:43,560 - [INFO] - On Validation Set:
Performance of  RRL Model: 
[[1228   58]
 [  75   86]]
              precision    recall  f1-score   support

           0       0.94      0.95      0.95      1286
           1       0.60      0.53      0.56       161

    accuracy                           0.91      1447
   macro avg       0.77      0.74      0.76      1447
weighted avg       0.90      0.91      0.91      1447

2025-12-21 21:36:43,560 - [INFO] - ------------------------------------------------------------
2025-12-21 21:36:44,148 - [INFO] - epoch: 75, loss_rrl: 108.32206414453685
2025-12-21 21:36:45,222 - [DEBUG] - y_true: (1447,) [0 0 0 0 0 1 0 0 0 0 0 0 0 0 0 0 0 1 0 0 0 0 0 0 1 0 0 0 0 0 0 0 0 0 0 0 0
 0 1 1 0]
2025-12-21 21:36:45,371 - [DEBUG] - y_rrl_: (1447,) [0 1 0 0 0 1 0 0 0 0 0 0 0 0 0 0 0 0 0 0 0 0 0 0 1 0 0 0 0 0 0 0 0 0 0 0 0
 0 1 0 0]
2025-12-21 21:36:45,372 - [DEBUG] - y_rrl: (1447, 2) [[ 8.708142   -8.590041  ]
 [-0.41237834  0.53049344]
 [ 6.0825586  -5.964624  ]
 [ 6.0825586  -5.964624  ]
 [ 8.708142   -8.590041  ]
 [-2.093411    2.2113435 ]
 [ 8.708142   -8.590041  ]
 [ 7.0375257  -6.919304  ]
 [ 8.708142   -8.590041  ]
 [ 3.590319   -3.4719203 ]
 [ 1.5523448  -1.4341621 ]
 [ 6.1574388  -6.038818  ]
 [ 7.8981977  -7.780088  ]
 [ 7.8981977  -7.780088  ]
 [ 7.8981977  -7.780088  ]
 [ 7.8981977  -7.780088  ]
 [ 7.0375257  -6.919304  ]
 [ 1.5523448  -1.4341621 ]
 [ 4.6245413  -4.506928  ]
 [ 6.0825586  -5.964624  ]
 [ 8.708142   -8.590041  ]
 [ 7.8981977  -7.780088  ]
 [ 7.5502553  -7.432769  ]
 [ 7.8981977  -7.780088  ]
 [-3.5514283   3.6690392 ]
 [ 0.597378   -0.47948217]
 [ 6.1574388  -6.038818  ]
 [ 7.8981977  -7.780088  ]
 [ 6.0825586  -5.964624  ]
 [ 6.0825586  -5.964624  ]
 [ 8.708142   -8.590041  ]
 [ 5.2024717  -5.084138  ]
 [ 0.597378   -0.47948217]
 [ 0.597378   -0.47948217]
 [ 8.708142   -8.590041  ]
 [ 7.0375257  -6.919304  ]
 [ 7.5502553  -7.432769  ]
 [ 7.8981977  -7.780088  ]
 [-1.1384443   1.2566636 ]
 [ 0.60231453 -0.48460668]
 [ 7.0375257  -6.919304  ]]
2025-12-21 21:36:45,374 - [INFO] - ------------------------------------------------------------
2025-12-21 21:36:45,374 - [INFO] - On Validation Set:
	Accuracy of RRL  Model: 0.9032480995162405
	F1 Score of RRL  Model: 0.747103765105363
2025-12-21 21:36:45,380 - [INFO] - On Validation Set:
Performance of  RRL Model: 
[[1222   64]
 [  76   85]]
              precision    recall  f1-score   support

           0       0.94      0.95      0.95      1286
           1       0.57      0.53      0.55       161

    accuracy                           0.90      1447
   macro avg       0.76      0.74      0.75      1447
weighted avg       0.90      0.90      0.90      1447

2025-12-21 21:36:45,380 - [INFO] - ------------------------------------------------------------
2025-12-21 21:36:45,739 - [INFO] - epoch: 76, loss_rrl: 108.11163152195513
2025-12-21 21:36:47,045 - [DEBUG] - y_true: (1447,) [0 0 0 0 0 1 0 0 0 0 0 0 0 0 0 0 0 1 0 0 0 0 0 0 1 0 0 0 0 0 0 0 0 0 0 0 0
 0 1 1 0]
2025-12-21 21:36:47,195 - [DEBUG] - y_rrl_: (1447,) [0 0 0 0 0 1 0 0 0 0 0 0 0 0 0 0 0 0 0 0 0 0 0 0 1 0 0 0 0 0 0 0 0 1 0 0 0
 0 1 0 0]
2025-12-21 21:36:47,196 - [DEBUG] - y_rrl: (1447, 2) [[ 8.830759   -8.715477  ]
 [ 0.44155648 -0.32608545]
 [ 6.0310364  -5.9156384 ]
 [ 6.0310364  -5.9156384 ]
 [ 7.176335   -7.0611205 ]
 [-0.73114645  0.8468647 ]
 [ 8.830759   -8.715477  ]
 [ 7.031413   -6.916019  ]
 [ 8.830759   -8.715477  ]
 [ 3.609723   -3.4941587 ]
 [ 0.05968209  0.05561522]
 [ 6.2998033  -6.184014  ]
 [ 8.027563   -7.912273  ]
 [ 6.3731394  -6.257917  ]
 [ 8.027563   -7.912273  ]
 [ 8.027563   -7.912273  ]
 [ 6.3731394  -6.257917  ]
 [ 1.714106   -1.598741  ]
 [ 4.7284656  -4.6136546 ]
 [ 4.344968   -4.2293525 ]
 [ 8.830759   -8.715477  ]
 [ 8.027563   -7.912273  ]
 [ 7.666752   -7.552065  ]
 [ 6.3731394  -6.257917  ]
 [-1.8951533   2.0102766 ]
 [ 1.9194283  -1.8037456 ]
 [ 6.2998033  -6.184014  ]
 [ 7.031413   -6.916019  ]
 [ 5.3411183  -5.2256064 ]
 [ 8.027563   -7.912273  ]
 [ 8.830759   -8.715477  ]
 [ 5.3411183  -5.2256064 ]
 [ 0.75542104 -0.6403336 ]
 [-0.24072944  0.35592023]
 [ 8.830759   -8.715477  ]
 [ 7.031413   -6.916019  ]
 [ 8.830759   -8.715477  ]
 [ 7.031413   -6.916019  ]
 [-0.07815312  0.193445  ]
 [ 0.7912917  -0.67639035]
 [ 7.031413   -6.916019  ]]
2025-12-21 21:36:47,198 - [INFO] - ------------------------------------------------------------
2025-12-21 21:36:47,198 - [INFO] - On Validation Set:
	Accuracy of RRL  Model: 0.8970283344851416
	F1 Score of RRL  Model: 0.7187927560143732
2025-12-21 21:36:47,204 - [INFO] - On Validation Set:
Performance of  RRL Model: 
[[1225   61]
 [  88   73]]
              precision    recall  f1-score   support

           0       0.93      0.95      0.94      1286
           1       0.54      0.45      0.49       161

    accuracy                           0.90      1447
   macro avg       0.74      0.70      0.72      1447
weighted avg       0.89      0.90      0.89      1447

2025-12-21 21:36:47,204 - [INFO] - ------------------------------------------------------------
2025-12-21 21:36:47,333 - [INFO] - epoch: 77, loss_rrl: 108.95440875180066
2025-12-21 21:36:48,756 - [INFO] - epoch: 78, loss_rrl: 109.54290935024619
2025-12-21 21:36:48,874 - [DEBUG] - y_true: (1447,) [0 0 0 0 0 1 0 0 0 0 0 0 0 0 0 0 0 1 0 0 0 0 0 0 1 0 0 0 0 0 0 0 0 0 0 0 0
 0 1 1 0]
2025-12-21 21:36:49,025 - [DEBUG] - y_rrl_: (1447,) [0 0 0 0 0 1 0 0 0 0 0 0 0 0 0 0 0 0 0 0 0 0 0 0 1 0 0 0 0 0 0 0 0 0 0 0 0
 0 0 0 0]
2025-12-21 21:36:49,025 - [DEBUG] - y_rrl: (1447, 2) [[ 8.773629   -8.6610775 ]
 [ 0.15798722 -0.04592843]
 [ 5.97101    -5.858718  ]
 [ 5.97101    -5.858718  ]
 [ 8.773629   -8.6610775 ]
 [-0.81553566  0.9285099 ]
 [ 8.773629   -8.6610775 ]
 [ 7.966914   -7.854356  ]
 [ 8.773629   -8.6610775 ]
 [ 5.545537   -5.4328184 ]
 [ 3.0284133  -2.9156535 ]
 [ 5.918099   -5.806009  ]
 [ 7.966914   -7.854356  ]
 [ 7.966914   -7.854356  ]
 [ 7.966914   -7.854356  ]
 [ 7.966914   -7.854356  ]
 [ 7.966914   -7.854356  ]
 [ 3.4967215  -3.3844721 ]
 [ 3.766631   -3.654156  ]
 [ 6.136978   -6.024309  ]
 [ 8.773629   -8.6610775 ]
 [ 7.966914   -7.854356  ]
 [ 7.586363   -7.4743867 ]
 [ 7.966914   -7.854356  ]
 [-3.5116007   3.6236982 ]
 [ 2.854052   -2.741117  ]
 [ 3.4967215  -3.3844721 ]
 [ 7.966914   -7.854356  ]
 [ 6.128435   -6.01604   ]
 [ 6.9899836  -6.877695  ]
 [ 8.773629   -8.6610775 ]
 [ 6.136978   -6.024309  ]
 [ 3.707058   -3.594503  ]
 [ 2.5197914  -2.407812  ]
 [ 8.773629   -8.6610775 ]
 [ 7.966914   -7.854356  ]
 [ 8.773629   -8.6610775 ]
 [ 7.966914   -7.854356  ]
 [ 1.875949   -1.7631916 ]
 [ 0.6886823  -0.5765009 ]
 [ 7.966914   -7.854356  ]]
2025-12-21 21:36:49,027 - [INFO] - ------------------------------------------------------------
2025-12-21 21:36:49,027 - [INFO] - On Validation Set:
	Accuracy of RRL  Model: 0.9094678645473393
	F1 Score of RRL  Model: 0.7385092473676007
2025-12-21 21:36:49,033 - [INFO] - On Validation Set:
Performance of  RRL Model: 
[[1243   43]
 [  88   73]]
              precision    recall  f1-score   support

           0       0.93      0.97      0.95      1286
           1       0.63      0.45      0.53       161

    accuracy                           0.91      1447
   macro avg       0.78      0.71      0.74      1447
weighted avg       0.90      0.91      0.90      1447

2025-12-21 21:36:49,033 - [INFO] - ------------------------------------------------------------
2025-12-21 21:36:50,360 - [INFO] - epoch: 79, loss_rrl: 109.16830033995211
2025-12-21 21:36:50,711 - [DEBUG] - y_true: (1447,) [0 0 0 0 0 1 0 0 0 0 0 0 0 0 0 0 0 1 0 0 0 0 0 0 1 0 0 0 0 0 0 0 0 0 0 0 0
 0 1 1 0]
2025-12-21 21:36:50,867 - [DEBUG] - y_rrl_: (1447,) [0 0 0 0 0 0 0 0 0 0 0 0 0 0 0 0 0 0 0 0 0 0 0 0 1 0 0 0 0 0 0 0 0 0 0 0 0
 0 1 0 0]
2025-12-21 21:36:50,867 - [DEBUG] - y_rrl: (1447, 2) [[ 7.836304   -7.7263236 ]
 [ 0.458021   -0.34786287]
 [ 6.048514   -5.9384284 ]
 [ 6.048514   -5.9384284 ]
 [ 7.836304   -7.7263236 ]
 [ 0.26246297 -0.15181255]
 [ 8.869563   -8.759584  ]
 [ 7.081772   -6.97169   ]
 [ 8.869563   -8.759584  ]
 [ 4.6588416  -4.548607  ]
 [ 2.9039881  -2.7933707 ]
 [ 6.3601756  -6.2497163 ]
 [ 6.551185   -6.441491  ]
 [ 6.048514   -5.9384284 ]
 [ 8.065095   -7.95511   ]
 [ 7.0318365  -6.921849  ]
 [ 7.0318365  -6.921849  ]
 [ 1.7702681  -1.6601156 ]
 [ 2.8296862  -2.7194152 ]
 [ 4.39486    -4.2845654 ]
 [ 7.88624    -7.776165  ]
 [ 7.0318365  -6.921849  ]
 [ 6.652649   -6.543227  ]
 [ 6.048514   -5.9384284 ]
 [-1.9031844   2.0130146 ]
 [ 2.4233365  -2.3130136 ]
 [ 3.9372458  -3.8266325 ]
 [ 7.081772   -6.97169   ]
 [ 6.3601756  -6.2497163 ]
 [ 8.065095   -7.95511   ]
 [ 7.88624    -7.776165  ]
 [ 5.376853   -5.266296  ]
 [ 1.9219949  -1.8116403 ]
 [ 0.73701024 -0.62685394]
 [ 8.869563   -8.759584  ]
 [ 7.081772   -6.97169   ]
 [ 7.836304   -7.7263236 ]
 [ 6.048514   -5.9384284 ]
 [-0.9211913   1.0312842 ]
 [ 0.7837275  -0.6741103 ]
 [ 6.048514   -5.9384284 ]]
2025-12-21 21:36:50,869 - [INFO] - ------------------------------------------------------------
2025-12-21 21:36:50,869 - [INFO] - On Validation Set:
	Accuracy of RRL  Model: 0.9080856945404284
	F1 Score of RRL  Model: 0.7218727283500469
2025-12-21 21:36:50,875 - [INFO] - On Validation Set:
Performance of  RRL Model: 
[[1249   37]
 [  96   65]]
              precision    recall  f1-score   support

           0       0.93      0.97      0.95      1286
           1       0.64      0.40      0.49       161

    accuracy                           0.91      1447
   macro avg       0.78      0.69      0.72      1447
weighted avg       0.90      0.91      0.90      1447

2025-12-21 21:36:50,875 - [INFO] - ------------------------------------------------------------
2025-12-21 21:36:51,977 - [INFO] - epoch: 80, loss_rrl: 108.7376944553107
2025-12-21 21:36:52,559 - [DEBUG] - y_true: (1447,) [0 0 0 0 0 1 0 0 0 0 0 0 0 0 0 0 0 1 0 0 0 0 0 0 1 0 0 0 0 0 0 0 0 0 0 0 0
 0 1 1 0]
2025-12-21 21:36:52,710 - [DEBUG] - y_rrl_: (1447,) [0 0 0 0 0 0 0 0 0 0 0 0 0 0 0 0 0 0 0 0 0 0 0 0 1 0 0 0 0 0 0 0 0 0 0 0 0
 0 0 0 0]
2025-12-21 21:36:52,710 - [DEBUG] - y_rrl: (1447, 2) [[ 8.863779   -8.755804  ]
 [ 2.2504275  -2.1423714 ]
 [ 5.1849194  -5.0770855 ]
 [ 6.047396   -5.939665  ]
 [ 8.863779   -8.755804  ]
 [ 0.2616939  -0.1530569 ]
 [ 8.863779   -8.755804  ]
 [ 7.1909833  -7.082898  ]
 [ 8.863779   -8.755804  ]
 [ 3.7442183  -3.6359782 ]
 [ 2.8989336  -2.790328  ]
 [ 7.156018   -7.047574  ]
 [ 8.863779   -8.755804  ]
 [ 8.05346    -7.9454775 ]
 [ 8.863779   -8.755804  ]
 [ 8.05346    -7.9454775 ]
 [ 7.1909833  -7.082898  ]
 [ 1.7117153  -1.603654  ]
 [ 4.8385944  -4.7304263 ]
 [ 6.229283   -6.12119   ]
 [ 8.863779   -8.755804  ]
 [ 8.05346    -7.9454775 ]
 [ 7.6765614  -7.569129  ]
 [ 8.863779   -8.755804  ]
 [-2.601202    2.7087498 ]
 [ 3.7092528  -3.6006541 ]
 [ 3.926105   -3.8175035 ]
 [ 8.863779   -8.755804  ]
 [ 6.345699   -6.2372475 ]
 [ 7.8848867  -7.7771664 ]
 [ 8.863779   -8.755804  ]
 [ 7.208175   -7.099827  ]
 [ 1.9200408  -1.811691  ]
 [ 1.7117153  -1.603654  ]
 [ 8.863779   -8.755804  ]
 [ 8.863779   -8.755804  ]
 [ 8.863779   -8.755804  ]
 [ 8.863779   -8.755804  ]
 [ 1.1241705  -1.0156362 ]
 [ 0.782237   -0.67461187]
 [ 7.1909833  -7.082898  ]]
2025-12-21 21:36:52,713 - [INFO] - ------------------------------------------------------------
2025-12-21 21:36:52,713 - [INFO] - On Validation Set:
	Accuracy of RRL  Model: 0.907394609536973
	F1 Score of RRL  Model: 0.6978765441332286
2025-12-21 21:36:52,719 - [INFO] - On Validation Set:
Performance of  RRL Model: 
[[1259   27]
 [ 107   54]]
              precision    recall  f1-score   support

           0       0.92      0.98      0.95      1286
           1       0.67      0.34      0.45       161

    accuracy                           0.91      1447
   macro avg       0.79      0.66      0.70      1447
weighted avg       0.89      0.91      0.89      1447

2025-12-21 21:36:52,719 - [INFO] - ------------------------------------------------------------
2025-12-21 21:36:53,588 - [INFO] - epoch: 81, loss_rrl: 108.08137945644557
2025-12-21 21:36:54,565 - [DEBUG] - y_true: (1447,) [0 0 0 0 0 1 0 0 0 0 0 0 0 0 0 0 0 1 0 0 0 0 0 0 1 0 0 0 0 0 0 0 0 0 0 0 0
 0 1 1 0]
2025-12-21 21:36:54,717 - [DEBUG] - y_rrl_: (1447,) [0 0 0 0 0 0 0 0 0 0 0 0 0 0 0 0 0 0 0 0 0 0 0 0 1 0 0 0 0 0 0 0 0 0 0 0 0
 0 1 0 0]
2025-12-21 21:36:54,717 - [DEBUG] - y_rrl: (1447, 2) [[ 7.9598727  -7.8538604 ]
 [ 1.601574   -1.4954779 ]
 [ 5.3502254  -5.244354  ]
 [ 5.3502254  -5.244354  ]
 [ 7.9598727  -7.8538604 ]
 [ 0.43358797 -0.32693213]
 [ 8.964406   -8.8583975 ]
 [ 7.3140097  -7.207893  ]
 [ 8.964406   -8.8583975 ]
 [ 3.89023    -3.783966  ]
 [ 1.845118   -1.739022  ]
 [ 6.4526253  -6.346149  ]
 [ 8.161086   -8.05507   ]
 [ 7.156553   -7.050534  ]
 [ 8.161086   -8.05507   ]
 [ 7.156553   -7.050534  ]
 [ 6.309476   -6.2033553 ]
 [ 1.845118   -1.739022  ]
 [ 3.975536   -3.8693316 ]
 [ 5.493375   -5.3871474 ]
 [ 8.964406   -8.8583975 ]
 [ 7.156553   -7.050534  ]
 [ 6.776145   -6.67066   ]
 [ 7.156553   -7.050534  ]
 [-3.1819453   3.2875497 ]
 [ 3.0288455  -2.9222221 ]
 [ 4.03338    -3.9267597 ]
 [ 8.161086   -8.05507   ]
 [ 6.4526253  -6.346149  ]
 [ 6.354759   -6.2488914 ]
 [ 8.964406   -8.8583975 ]
 [ 6.4526253  -6.346149  ]
 [ 1.845118   -1.739022  ]
 [ 1.845118   -1.739022  ]
 [ 8.964406   -8.8583975 ]
 [ 7.3140097  -7.207893  ]
 [ 7.9598727  -7.8538604 ]
 [ 7.156553   -7.050534  ]
 [-0.75013983  0.8562677 ]
 [ 0.95832145 -0.8526539 ]
 [ 6.309476   -6.2033553 ]]
2025-12-21 21:36:54,719 - [INFO] - ------------------------------------------------------------
2025-12-21 21:36:54,719 - [INFO] - On Validation Set:
	Accuracy of RRL  Model: 0.9046302695231514
	F1 Score of RRL  Model: 0.7289026098856342
2025-12-21 21:36:54,725 - [INFO] - On Validation Set:
Performance of  RRL Model: 
[[1237   49]
 [  89   72]]
              precision    recall  f1-score   support

           0       0.93      0.96      0.95      1286
           1       0.60      0.45      0.51       161

    accuracy                           0.90      1447
   macro avg       0.76      0.70      0.73      1447
weighted avg       0.90      0.90      0.90      1447

2025-12-21 21:36:54,725 - [INFO] - ------------------------------------------------------------
2025-12-21 21:36:55,366 - [INFO] - epoch: 82, loss_rrl: 109.02117838151753
2025-12-21 21:36:56,365 - [DEBUG] - y_true: (1447,) [0 0 0 0 0 1 0 0 0 0 0 0 0 0 0 0 0 1 0 0 0 0 0 0 1 0 0 0 0 0 0 0 0 0 0 0 0
 0 1 1 0]
2025-12-21 21:36:56,514 - [DEBUG] - y_rrl_: (1447,) [0 0 0 0 0 0 0 0 0 0 0 0 0 0 0 0 0 0 0 0 0 0 0 0 1 0 0 0 0 0 0 0 0 0 0 0 0
 0 0 0 0]
2025-12-21 21:36:56,515 - [DEBUG] - y_rrl: (1447, 2) [[ 9.713457   -9.609386  ]
 [ 0.8032598  -0.69915897]
 [ 6.1805162  -6.076489  ]
 [ 7.141554   -7.0376186 ]
 [ 8.752419   -8.648256  ]
 [ 0.08406993  0.0201236 ]
 [ 9.713457   -9.609386  ]
 [ 8.098568   -7.99439   ]
 [ 9.713457   -9.609386  ]
 [ 5.692933   -5.588614  ]
 [ 3.6316118  -3.5274532 ]
 [ 6.255993   -6.1513696 ]
 [ 7.972982   -7.8688116 ]
 [ 8.752419   -8.648256  ]
 [ 9.713457   -9.609386  ]
 [ 9.713457   -9.609386  ]
 [ 8.098568   -7.99439   ]
 [ 3.6316118  -3.5274532 ]
 [ 6.540045   -6.435789  ]
 [ 7.0394545  -6.9351726 ]
 [ 9.713457   -9.609386  ]
 [ 8.752419   -8.648256  ]
 [ 7.572636   -7.468986  ]
 [ 9.713457   -9.609386  ]
 [-0.8729437   0.9768948 ]
 [ 2.6705742  -2.5663238 ]
 [ 7.2170305  -7.112499  ]
 [ 9.713457   -9.609386  ]
 [ 7.035431   -6.9308143 ]
 [ 7.920992   -7.817063  ]
 [ 9.713457   -9.609386  ]
 [ 6.255993   -6.1513696 ]
 [ 3.6316118  -3.5274532 ]
 [ 2.6705742  -2.5663238 ]
 [ 8.752419   -8.648256  ]
 [ 8.098568   -7.99439   ]
 [ 7.572636   -7.468986  ]
 [ 9.713457   -9.609386  ]
 [ 0.9195214  -0.8154279 ]
 [ 1.8010585  -1.6973186 ]
 [ 8.098568   -7.99439   ]]
2025-12-21 21:36:56,517 - [INFO] - ------------------------------------------------------------
2025-12-21 21:36:56,517 - [INFO] - On Validation Set:
	Accuracy of RRL  Model: 0.8970283344851416
	F1 Score of RRL  Model: 0.5979843559168756
2025-12-21 21:36:56,523 - [INFO] - On Validation Set:
Performance of  RRL Model: 
[[1273   13]
 [ 136   25]]
              precision    recall  f1-score   support

           0       0.90      0.99      0.94      1286
           1       0.66      0.16      0.25       161

    accuracy                           0.90      1447
   macro avg       0.78      0.57      0.60      1447
weighted avg       0.88      0.90      0.87      1447

2025-12-21 21:36:56,523 - [INFO] - ------------------------------------------------------------
2025-12-21 21:36:56,892 - [INFO] - epoch: 83, loss_rrl: 108.32789106667042
2025-12-21 21:36:58,096 - [DEBUG] - y_true: (1447,) [0 0 0 0 0 1 0 0 0 0 0 0 0 0 0 0 0 1 0 0 0 0 0 0 1 0 0 0 0 0 0 0 0 0 0 0 0
 0 1 1 0]
2025-12-21 21:36:58,246 - [DEBUG] - y_rrl_: (1447,) [0 0 0 0 0 1 0 0 0 0 0 0 0 0 0 0 0 0 0 0 0 0 0 0 1 0 0 0 0 0 0 0 0 0 0 0 0
 0 0 0 0]
2025-12-21 21:36:58,247 - [DEBUG] - y_rrl: (1447, 2) [[ 9.116497   -9.0143385 ]
 [ 0.8787321  -0.77639145]
 [ 5.6084905  -5.5061316 ]
 [ 5.6084905  -5.5061316 ]
 [ 9.116497   -9.0143385 ]
 [-0.2044437   0.30699044]
 [ 9.116497   -9.0143385 ]
 [ 6.5966306  -6.4942756 ]
 [ 9.116497   -9.0143385 ]
 [ 3.2136786  -3.111183  ]
 [ 2.079866   -1.9776118 ]
 [ 6.631914   -6.529303  ]
 [ 8.363667   -8.2615    ]
 [ 8.363667   -8.2615    ]
 [ 5.9688544  -5.866552  ]
 [ 9.116497   -9.0143385 ]
 [ 7.536631   -7.434367  ]
 [ 2.079866   -1.9776118 ]
 [ 4.966375   -4.8642697 ]
 [ 4.7367926  -4.6343274 ]
 [ 9.116497   -9.0143385 ]
 [ 8.363667   -8.2615    ]
 [ 7.9474006  -7.84574   ]
 [ 8.363667   -8.2615    ]
 [-1.37354     1.4755888 ]
 [ 2.2938416  -2.1913257 ]
 [ 4.237102   -4.134354  ]
 [ 7.4236655  -7.321409  ]
 [ 5.6767936  -5.5744185 ]
 [ 7.536631   -7.434367  ]
 [ 9.116497   -9.0143385 ]
 [ 5.6767936  -5.5744185 ]
 [ 1.124745   -1.022727  ]
 [ 0.18474436 -0.0826357 ]
 [ 9.116497   -9.0143385 ]
 [ 6.5966306  -6.4942756 ]
 [ 9.116497   -9.0143385 ]
 [ 7.4236655  -7.321409  ]
 [ 0.4086154  -0.3064292 ]
 [ 1.3133328  -1.2114933 ]
 [ 6.5966306  -6.4942756 ]]
2025-12-21 21:36:58,249 - [INFO] - ------------------------------------------------------------
2025-12-21 21:36:58,249 - [INFO] - On Validation Set:
	Accuracy of RRL  Model: 0.9046302695231514
	F1 Score of RRL  Model: 0.7322842035265349
2025-12-21 21:36:58,255 - [INFO] - On Validation Set:
Performance of  RRL Model: 
[[1235   51]
 [  87   74]]
              precision    recall  f1-score   support

           0       0.93      0.96      0.95      1286
           1       0.59      0.46      0.52       161

    accuracy                           0.90      1447
   macro avg       0.76      0.71      0.73      1447
weighted avg       0.90      0.90      0.90      1447

2025-12-21 21:36:58,255 - [INFO] - ------------------------------------------------------------
2025-12-21 21:36:58,408 - [INFO] - epoch: 84, loss_rrl: 109.81847280822694
2025-12-21 21:36:59,744 - [INFO] - epoch: 85, loss_rrl: 108.02867657318711
2025-12-21 21:36:59,824 - [DEBUG] - y_true: (1447,) [0 0 0 0 0 1 0 0 0 0 0 0 0 0 0 0 0 1 0 0 0 0 0 0 1 0 0 0 0 0 0 0 0 0 0 0 0
 0 1 1 0]
2025-12-21 21:36:59,974 - [DEBUG] - y_rrl_: (1447,) [0 0 0 0 0 0 0 0 0 0 0 0 0 0 0 0 0 0 0 0 0 0 0 0 1 0 0 0 0 0 0 0 0 0 0 0 0
 0 0 0 0]
2025-12-21 21:36:59,975 - [DEBUG] - y_rrl: (1447, 2) [[ 8.98856    -8.888274  ]
 [ 0.5103276  -0.41043627]
 [ 7.2591834  -7.1588864 ]
 [ 7.2591834  -7.1588864 ]
 [ 8.98856    -8.888274  ]
 [ 0.62182224 -0.5209254 ]
 [ 8.98856    -8.888274  ]
 [ 8.257362   -8.157071  ]
 [ 8.98856    -8.888274  ]
 [ 5.8598046  -5.759378  ]
 [ 4.1079526  -4.007088  ]
 [ 5.333096   -5.232852  ]
 [ 7.4275002  -7.3271093 ]
 [ 7.4275002  -7.3271093 ]
 [ 7.4275002  -7.3271093 ]
 [ 7.4275002  -7.3271093 ]
 [ 8.257362   -8.157071  ]
 [ 2.9355378  -2.8351595 ]
 [ 5.019295   -4.9188213 ]
 [ 5.5665164  -5.466016  ]
 [ 8.98856    -8.888274  ]
 [ 7.4275002  -7.3271093 ]
 [ 7.8161454  -7.7163453 ]
 [ 8.257362   -8.157071  ]
 [-1.4895866   1.5897675 ]
 [ 4.1079526  -4.007088  ]
 [ 5.333096   -5.232852  ]
 [ 7.4275002  -7.3271093 ]
 [ 6.505511   -6.4047804 ]
 [ 8.257362   -8.157071  ]
 [ 8.98856    -8.888274  ]
 [ 6.505511   -6.4047804 ]
 [ 3.1689572  -3.0683236 ]
 [ 2.9355378  -2.8351595 ]
 [ 8.98856    -8.888274  ]
 [ 8.257362   -8.157071  ]
 [ 8.98856    -8.888274  ]
 [ 7.4275002  -7.3271093 ]
 [ 1.4516857  -1.3508865 ]
 [ 0.37139714 -0.27132595]
 [ 8.257362   -8.157071  ]]
2025-12-21 21:36:59,977 - [INFO] - ------------------------------------------------------------
2025-12-21 21:36:59,977 - [INFO] - On Validation Set:
	Accuracy of RRL  Model: 0.9053213545266068
	F1 Score of RRL  Model: 0.6671792865741153
2025-12-21 21:36:59,983 - [INFO] - On Validation Set:
Performance of  RRL Model: 
[[1267   19]
 [ 118   43]]
              precision    recall  f1-score   support

           0       0.91      0.99      0.95      1286
           1       0.69      0.27      0.39       161

    accuracy                           0.91      1447
   macro avg       0.80      0.63      0.67      1447
weighted avg       0.89      0.91      0.89      1447

2025-12-21 21:36:59,983 - [INFO] - ------------------------------------------------------------
2025-12-21 21:37:01,246 - [INFO] - epoch: 86, loss_rrl: 107.90349483676255
2025-12-21 21:37:01,542 - [DEBUG] - y_true: (1447,) [0 0 0 0 0 1 0 0 0 0 0 0 0 0 0 0 0 1 0 0 0 0 0 0 1 0 0 0 0 0 0 0 0 0 0 0 0
 0 1 1 0]
2025-12-21 21:37:01,693 - [DEBUG] - y_rrl_: (1447,) [0 0 0 0 0 0 0 0 0 0 0 0 0 0 0 0 0 0 0 0 0 0 0 0 1 0 0 0 0 0 0 0 0 0 0 0 0
 0 1 0 0]
2025-12-21 21:37:01,693 - [DEBUG] - y_rrl: (1447, 2) [[ 9.202526   -9.104079  ]
 [ 0.9388869  -0.8402635 ]
 [ 6.5307536  -6.432212  ]
 [ 6.5307536  -6.432212  ]
 [ 9.202526   -9.104079  ]
 [ 0.85447747 -0.755432  ]
 [ 9.202526   -9.104079  ]
 [ 7.527889   -7.42935   ]
 [ 9.202526   -9.104079  ]
 [ 4.130666   -4.0319924 ]
 [ 3.3395422  -3.2405252 ]
 [ 6.7367644  -6.637882  ]
 [ 8.49269    -8.394237  ]
 [ 7.527889   -7.42935   ]
 [ 8.49269    -8.394237  ]
 [ 8.49269    -8.394237  ]
 [ 8.49269    -8.394237  ]
 [ 1.2108978  -1.1122674 ]
 [ 4.2829757  -4.1842594 ]
 [ 4.8279614  -4.7292175 ]
 [ 8.237725   -8.139192  ]
 [ 8.49269    -8.394237  ]
 [ 8.038684   -7.9407096 ]
 [ 7.527889   -7.42935   ]
 [-1.2533666   1.3517156 ]
 [ 3.3395422  -3.2405252 ]
 [ 4.336677   -4.2376633 ]
 [ 7.527889   -7.42935   ]
 [ 6.7367644  -6.637882  ]
 [ 8.49269    -8.394237  ]
 [ 8.237725   -8.139192  ]
 [ 5.7719626  -5.6729946 ]
 [ 3.3395422  -3.2405252 ]
 [ 1.2108978  -1.1122674 ]
 [ 9.202526   -9.104079  ]
 [ 7.527889   -7.42935   ]
 [ 9.202526   -9.104079  ]
 [ 7.527889   -7.42935   ]
 [-0.30936527  0.4079382 ]
 [ 1.4465604  -1.3484168 ]
 [ 7.527889   -7.42935   ]]
2025-12-21 21:37:01,695 - [INFO] - ------------------------------------------------------------
2025-12-21 21:37:01,695 - [INFO] - On Validation Set:
	Accuracy of RRL  Model: 0.9129232895646164
	F1 Score of RRL  Model: 0.715913765379006
2025-12-21 21:37:01,701 - [INFO] - On Validation Set:
Performance of  RRL Model: 
[[1263   23]
 [ 103   58]]
              precision    recall  f1-score   support

           0       0.92      0.98      0.95      1286
           1       0.72      0.36      0.48       161

    accuracy                           0.91      1447
   macro avg       0.82      0.67      0.72      1447
weighted avg       0.90      0.91      0.90      1447

2025-12-21 21:37:01,701 - [INFO] - ------------------------------------------------------------
2025-12-21 21:37:02,767 - [INFO] - epoch: 87, loss_rrl: 109.68768434040248
2025-12-21 21:37:03,284 - [DEBUG] - y_true: (1447,) [0 0 0 0 0 1 0 0 0 0 0 0 0 0 0 0 0 1 0 0 0 0 0 0 1 0 0 0 0 0 0 0 0 0 0 0 0
 0 1 1 0]
2025-12-21 21:37:03,435 - [DEBUG] - y_rrl_: (1447,) [0 0 0 0 0 1 0 0 0 0 0 0 0 0 0 0 0 0 0 0 0 0 0 0 1 0 0 0 0 0 0 0 0 0 0 0 0
 0 0 0 0]
2025-12-21 21:37:03,435 - [DEBUG] - y_rrl: (1447, 2) [[ 8.728037   -8.631383  ]
 [ 2.151233   -2.0544958 ]
 [ 5.2734656  -5.1769266 ]
 [ 6.0929494  -5.996505  ]
 [ 8.728037   -8.631383  ]
 [-0.56914824  0.66617006]
 [ 8.728037   -8.631383  ]
 [ 7.214705   -7.11795   ]
 [ 8.728037   -8.631383  ]
 [ 4.8078337  -4.7109513 ]
 [ 2.3529081  -2.255755  ]
 [ 6.979572   -6.8824964 ]
 [ 7.908553   -7.811805  ]
 [ 8.034189   -7.937528  ]
 [ 8.728037   -8.631383  ]
 [ 7.214705   -7.11795   ]
 [ 7.214705   -7.11795   ]
 [ 2.7174368  -2.620687  ]
 [ 3.8642569  -3.7676399 ]
 [ 6.1619945  -6.065225  ]
 [ 8.728037   -8.631383  ]
 [ 8.034189   -7.937528  ]
 [ 7.566621   -7.4704266 ]
 [ 8.728037   -8.631383  ]
 [-1.0367163   1.1332717 ]
 [ 3.6294866  -3.5325034 ]
 [ 6.285724   -6.188642  ]
 [ 8.728037   -8.631383  ]
 [ 5.3425107  -5.2456474 ]
 [ 7.784823   -7.6883883 ]
 [ 8.728037   -8.631383  ]
 [ 6.1619945  -6.065225  ]
 [ 2.9356391  -2.8386486 ]
 [ 1.7742232  -1.6776924 ]
 [ 8.728037   -8.631383  ]
 [ 8.728037   -8.631383  ]
 [ 8.728037   -8.631383  ]
 [ 8.728037   -8.631383  ]
 [ 0.37406546 -0.27682444]
 [ 0.14163056 -0.04517631]
 [ 7.214705   -7.11795   ]]
2025-12-21 21:37:03,437 - [INFO] - ------------------------------------------------------------
2025-12-21 21:37:03,437 - [INFO] - On Validation Set:
	Accuracy of RRL  Model: 0.9039391845196959
	F1 Score of RRL  Model: 0.7093256333883948
2025-12-21 21:37:03,443 - [INFO] - On Validation Set:
Performance of  RRL Model: 
[[1246   40]
 [  99   62]]
              precision    recall  f1-score   support

           0       0.93      0.97      0.95      1286
           1       0.61      0.39      0.47       161

    accuracy                           0.90      1447
   macro avg       0.77      0.68      0.71      1447
weighted avg       0.89      0.90      0.89      1447

2025-12-21 21:37:03,443 - [INFO] - ------------------------------------------------------------
2025-12-21 21:37:04,274 - [INFO] - epoch: 88, loss_rrl: 108.24338769167662
2025-12-21 21:37:05,005 - [DEBUG] - y_true: (1447,) [0 0 0 0 0 1 0 0 0 0 0 0 0 0 0 0 0 1 0 0 0 0 0 0 1 0 0 0 0 0 0 0 0 0 0 0 0
 0 1 1 0]
2025-12-21 21:37:05,156 - [DEBUG] - y_rrl_: (1447,) [0 0 0 0 0 1 0 0 0 0 0 0 0 0 0 0 0 0 0 0 0 0 0 0 1 0 0 0 0 0 0 0 0 0 0 0 0
 0 1 0 0]
2025-12-21 21:37:05,157 - [DEBUG] - y_rrl: (1447, 2) [[ 9.259145   -9.164247  ]
 [ 0.22550972 -0.13049549]
 [ 4.349293   -4.2544794 ]
 [ 4.349293   -4.2544794 ]
 [ 7.751736   -7.6568923 ]
 [ 0.02477988  0.07048317]
 [ 9.259145   -9.164247  ]
 [ 5.268763   -5.173736  ]
 [ 9.259145   -9.164247  ]
 [ 3.396498   -3.3012886 ]
 [ 2.2907946  -2.1957924 ]
 [ 7.5038714  -7.4085565 ]
 [ 7.751736   -7.6568923 ]
 [ 9.259145   -9.164247  ]
 [ 9.259145   -9.164247  ]
 [ 8.572649   -8.477744  ]
 [ 7.762214   -7.6672153 ]
 [ 2.2907946  -2.1957924 ]
 [ 2.9263334  -2.8315203 ]
 [ 4.0909495  -3.9958215 ]
 [ 9.259145   -9.164247  ]
 [ 9.259145   -9.164247  ]
 [ 6.6048293  -6.5104327 ]
 [ 9.259145   -9.164247  ]
 [-1.8997937   1.9943643 ]
 [ 1.697318   -1.6021444 ]
 [ 6.8173757  -6.722054  ]
 [ 6.765694   -6.6707673 ]
 [ 5.076992   -4.981946  ]
 [ 7.52924    -7.434461  ]
 [ 9.259145   -9.164247  ]
 [ 4.3904963  -4.2954435 ]
 [ 1.3713244  -1.276536  ]
 [ 0.38528213 -0.29041094]
 [ 9.259145   -9.164247  ]
 [ 5.955259   -5.860238  ]
 [ 7.751736   -7.6568923 ]
 [ 6.765694   -6.6707673 ]
 [-0.20265697  0.2976865 ]
 [ 1.5526174  -1.4580035 ]
 [ 5.268763   -5.173736  ]]
2025-12-21 21:37:05,159 - [INFO] - ------------------------------------------------------------
2025-12-21 21:37:05,159 - [INFO] - On Validation Set:
	Accuracy of RRL  Model: 0.9011748445058743
	F1 Score of RRL  Model: 0.7069626482563286
2025-12-21 21:37:05,165 - [INFO] - On Validation Set:
Performance of  RRL Model: 
[[1241   45]
 [  98   63]]
              precision    recall  f1-score   support

           0       0.93      0.97      0.95      1286
           1       0.58      0.39      0.47       161

    accuracy                           0.90      1447
   macro avg       0.76      0.68      0.71      1447
weighted avg       0.89      0.90      0.89      1447

2025-12-21 21:37:05,165 - [INFO] - ------------------------------------------------------------
2025-12-21 21:37:05,785 - [INFO] - epoch: 89, loss_rrl: 108.13289216533303
2025-12-21 21:37:06,740 - [DEBUG] - y_true: (1447,) [0 0 0 0 0 1 0 0 0 0 0 0 0 0 0 0 0 1 0 0 0 0 0 0 1 0 0 0 0 0 0 0 0 0 0 0 0
 0 1 1 0]
2025-12-21 21:37:06,892 - [DEBUG] - y_rrl_: (1447,) [0 1 0 0 0 1 0 0 0 0 0 0 0 0 0 0 0 0 0 0 0 0 0 0 1 1 0 0 0 0 0 0 0 0 0 0 0
 0 0 0 0]
2025-12-21 21:37:06,892 - [DEBUG] - y_rrl: (1447, 2) [[ 9.136104   -9.042908  ]
 [-0.17651565  0.26945016]
 [ 6.5633235  -6.47025   ]
 [ 6.5633235  -6.47025   ]
 [ 8.148981   -8.055704  ]
 [-2.6328022   2.7256858 ]
 [ 9.136104   -9.042908  ]
 [ 7.477918   -7.3846364 ]
 [ 9.136104   -9.042908  ]
 [ 5.092515   -4.9991117 ]
 [ 1.692628   -1.5993878 ]
 [ 4.5813823  -4.488128  ]
 [ 4.8852673  -4.7926545 ]
 [ 8.148981   -8.055704  ]
 [ 6.7506995  -6.6573834 ]
 [ 8.465041   -8.37184   ]
 [ 8.465041   -8.37184   ]
 [ 2.1959796  -2.1026037 ]
 [ 4.2879333  -4.195     ]
 [ 5.4726005  -5.379125  ]
 [ 8.148981   -8.055704  ]
 [ 8.148981   -8.055704  ]
 [ 7.01423    -6.92139   ]
 [ 8.148981   -8.055704  ]
 [-2.6328022   2.7256858 ]
 [-0.17651565  0.26945016]
 [ 5.5685043  -5.475332  ]
 [ 8.148981   -8.055704  ]
 [ 5.4726005  -5.379125  ]
 [ 8.221508   -8.128522  ]
 [ 8.148981   -8.055704  ]
 [ 4.8015385  -4.7080564 ]
 [ 2.2685072  -2.175421  ]
 [ 1.2813847  -1.1882175 ]
 [ 8.148981   -8.055704  ]
 [ 7.477918   -7.3846364 ]
 [ 7.01423    -6.92139   ]
 [ 8.148981   -8.055704  ]
 [ 1.691933   -1.5982636 ]
 [ 1.5014778  -1.4085618 ]
 [ 7.477918   -7.3846364 ]]
2025-12-21 21:37:06,894 - [INFO] - ------------------------------------------------------------
2025-12-21 21:37:06,895 - [INFO] - On Validation Set:
	Accuracy of RRL  Model: 0.8956461644782309
	F1 Score of RRL  Model: 0.7167192396302908
2025-12-21 21:37:06,901 - [INFO] - On Validation Set:
Performance of  RRL Model: 
[[1223   63]
 [  88   73]]
              precision    recall  f1-score   support

           0       0.93      0.95      0.94      1286
           1       0.54      0.45      0.49       161

    accuracy                           0.90      1447
   macro avg       0.73      0.70      0.72      1447
weighted avg       0.89      0.90      0.89      1447

2025-12-21 21:37:06,901 - [INFO] - ------------------------------------------------------------
2025-12-21 21:37:07,304 - [INFO] - epoch: 90, loss_rrl: 109.48909382335842
2025-12-21 21:37:08,490 - [DEBUG] - y_true: (1447,) [0 0 0 0 0 1 0 0 0 0 0 0 0 0 0 0 0 1 0 0 0 0 0 0 1 0 0 0 0 0 0 0 0 0 0 0 0
 0 1 1 0]
2025-12-21 21:37:08,642 - [DEBUG] - y_rrl_: (1447,) [0 0 0 0 0 0 0 0 0 0 0 0 0 0 0 0 0 0 0 0 0 0 0 0 1 0 0 0 0 0 0 0 0 0 0 0 0
 0 0 0 0]
2025-12-21 21:37:08,642 - [DEBUG] - y_rrl: (1447, 2) [[ 8.933129   -8.841613  ]
 [ 0.81652343 -0.72483075]
 [ 6.3636656  -6.272061  ]
 [ 6.3636656  -6.272061  ]
 [ 8.933129   -8.841613  ]
 [ 0.75469685 -0.66262376]
 [ 8.933129   -8.841613  ]
 [ 7.325939   -7.2343373 ]
 [ 8.933129   -8.841613  ]
 [ 3.9914556  -3.8997307 ]
 [ 1.7062976  -1.6143042 ]
 [ 6.512274   -6.420351  ]
 [ 7.467211   -7.3755984 ]
 [ 7.467211   -7.3755984 ]
 [ 7.467211   -7.3755984 ]
 [ 7.467211   -7.3755984 ]
 [ 8.27754    -8.186018  ]
 [ 2.0364356  -1.9448134 ]
 [ 6.001426   -5.9100394 ]
 [ 4.654518   -4.5627203 ]
 [ 8.933129   -8.841613  ]
 [ 7.467211   -7.3755984 ]
 [ 7.791774   -7.700681  ]
 [ 8.27754    -8.186018  ]
 [-1.2928143   1.3842579 ]
 [ 3.1777909  -3.0857446 ]
 [ 4.1400642  -4.0480213 ]
 [ 6.5156097  -6.4239182 ]
 [ 6.512274   -6.420351  ]
 [ 8.27754    -8.186018  ]
 [ 8.933129   -8.841613  ]
 [ 6.512274   -6.420351  ]
 [ 3.1777909  -3.0857446 ]
 [ 1.0848348  -0.99313295]
 [ 8.933129   -8.841613  ]
 [ 7.325939   -7.2343373 ]
 [ 8.933129   -8.841613  ]
 [ 6.5156097  -6.4239182 ]
 [ 0.42367035 -0.33211198]
 [ 0.56827754 -0.47693983]
 [ 7.325939   -7.2343373 ]]
2025-12-21 21:37:08,645 - [INFO] - ------------------------------------------------------------
2025-12-21 21:37:08,645 - [INFO] - On Validation Set:
	Accuracy of RRL  Model: 0.9060124395300622
	F1 Score of RRL  Model: 0.6736277878759735
2025-12-21 21:37:08,651 - [INFO] - On Validation Set:
Performance of  RRL Model: 
[[1266   20]
 [ 116   45]]
              precision    recall  f1-score   support

           0       0.92      0.98      0.95      1286
           1       0.69      0.28      0.40       161

    accuracy                           0.91      1447
   macro avg       0.80      0.63      0.67      1447
weighted avg       0.89      0.91      0.89      1447

2025-12-21 21:37:08,651 - [INFO] - ------------------------------------------------------------
2025-12-21 21:37:08,835 - [INFO] - epoch: 91, loss_rrl: 109.45609009452164
2025-12-21 21:37:10,163 - [INFO] - epoch: 92, loss_rrl: 108.5060858912766
2025-12-21 21:37:10,212 - [DEBUG] - y_true: (1447,) [0 0 0 0 0 1 0 0 0 0 0 0 0 0 0 0 0 1 0 0 0 0 0 0 1 0 0 0 0 0 0 0 0 0 0 0 0
 0 1 1 0]
2025-12-21 21:37:10,363 - [DEBUG] - y_rrl_: (1447,) [0 1 0 0 0 0 0 0 0 0 0 0 0 0 0 0 0 0 0 0 0 0 0 0 1 0 0 0 0 0 0 0 0 0 0 0 0
 0 0 0 0]
2025-12-21 21:37:10,364 - [DEBUG] - y_rrl: (1447, 2) [[ 9.041354   -8.951499  ]
 [-0.21778971  0.30740547]
 [ 6.4899144  -6.3999715 ]
 [ 6.4899144  -6.3999715 ]
 [ 7.5872145  -7.4974113 ]
 [ 0.9067057  -0.81630456]
 [ 9.041354   -8.951499  ]
 [ 7.4530845  -7.3631454 ]
 [ 9.041354   -8.951499  ]
 [ 5.0939007  -5.0038443 ]
 [ 1.6754506  -1.585545  ]
 [ 5.488775   -5.3989334 ]
 [ 7.5945845  -7.5046353 ]
 [ 5.1920004  -5.1020246 ]
 [ 7.5945845  -7.5046353 ]
 [ 7.5945845  -7.5046353 ]
 [ 6.947389   -6.8575797 ]
 [ 2.1811461  -2.09111   ]
 [ 4.203054   -4.1129394 ]
 [ 4.764411   -4.674278  ]
 [ 8.09291    -8.002976  ]
 [ 7.5945845  -7.5046353 ]
 [ 7.8984847  -7.809044  ]
 [ 5.9989448  -5.909057  ]
 [-1.154953    1.2447394 ]
 [ 4.27246    -4.1820884 ]
 [ 5.488775   -5.3989334 ]
 [ 6.64614    -6.556113  ]
 [ 6.6316442  -6.541389  ]
 [ 8.401528   -8.311667  ]
 [ 8.09291    -8.002976  ]
 [ 5.6832004  -5.5928664 ]
 [ 3.12959    -3.0396326 ]
 [ 2.1811461  -2.09111   ]
 [ 9.041354   -8.951499  ]
 [ 7.4530845  -7.3631454 ]
 [ 9.041354   -8.951499  ]
 [ 6.64614    -6.556113  ]
 [ 1.71365    -1.6233367 ]
 [ 0.72677654 -0.63709533]
 [ 7.4530845  -7.3631454 ]]
2025-12-21 21:37:10,366 - [INFO] - ------------------------------------------------------------
2025-12-21 21:37:10,366 - [INFO] - On Validation Set:
	Accuracy of RRL  Model: 0.9046302695231514
	F1 Score of RRL  Model: 0.6865015071590053
2025-12-21 21:37:10,372 - [INFO] - On Validation Set:
Performance of  RRL Model: 
[[1258   28]
 [ 110   51]]
              precision    recall  f1-score   support

           0       0.92      0.98      0.95      1286
           1       0.65      0.32      0.42       161

    accuracy                           0.90      1447
   macro avg       0.78      0.65      0.69      1447
weighted avg       0.89      0.90      0.89      1447

2025-12-21 21:37:10,372 - [INFO] - ------------------------------------------------------------
2025-12-21 21:37:11,683 - [INFO] - epoch: 93, loss_rrl: 109.39364395104349
2025-12-21 21:37:11,951 - [DEBUG] - y_true: (1447,) [0 0 0 0 0 1 0 0 0 0 0 0 0 0 0 0 0 1 0 0 0 0 0 0 1 0 0 0 0 0 0 0 0 0 0 0 0
 0 1 1 0]
2025-12-21 21:37:12,103 - [DEBUG] - y_rrl_: (1447,) [0 1 0 0 0 1 0 0 0 0 0 0 0 0 0 0 0 0 0 0 0 0 0 0 1 0 0 0 0 0 0 0 0 0 0 0 0
 0 1 0 0]
2025-12-21 21:37:12,103 - [DEBUG] - y_rrl: (1447, 2) [[ 7.8609176e+00 -7.7727160e+00]
 [-4.4557968e-01  5.3347552e-01]
 [ 5.3029385e+00 -5.2146516e+00]
 [ 6.2593226e+00 -6.1711121e+00]
 [ 5.4503446e+00 -5.3621173e+00]
 [-1.1920391e+00  1.2805799e+00]
 [ 7.8609176e+00 -7.7727160e+00]
 [ 7.2232194e+00 -7.1350126e+00]
 [ 7.8609176e+00 -7.7727160e+00]
 [ 4.8553672e+00 -4.7670465e+00]
 [ 1.6319150e+00 -1.5432583e+00]
 [ 3.3601136e+00 -3.2718444e+00]
 [ 6.2668357e+00 -6.1785517e+00]
 [ 5.4503446e+00 -5.3621173e+00]
 [ 7.8609176e+00 -7.7727160e+00]
 [ 7.2232194e+00 -7.1350126e+00]
 [ 5.7690306e+00 -5.6808748e+00]
 [ 1.9486450e+00 -1.8603398e+00]
 [ 3.0597315e+00 -2.9715469e+00]
 [ 5.1879802e+00 -5.0995879e+00]
 [ 7.8609176e+00 -7.7727160e+00]
 [ 6.9045339e+00 -6.8162551e+00]
 [ 5.7670746e+00 -5.6791987e+00]
 [ 6.4067283e+00 -6.3185782e+00]
 [-2.3294990e+00  2.4176364e+00]
 [ 1.2260469e+00 -1.1374578e+00]
 [ 1.9486450e+00 -1.8603398e+00]
 [ 7.8609176e+00 -7.7727160e+00]
 [ 4.2315965e+00 -4.1431274e+00]
 [ 7.8609176e+00 -7.7727160e+00]
 [ 7.8609176e+00 -7.7727160e+00]
 [ 3.5938993e+00 -3.5054235e+00]
 [ 2.1824307e+00 -2.0939186e+00]
 [ 8.8588066e-02 -4.0128827e-04]
 [ 6.9045339e+00 -6.8162551e+00]
 [ 7.2232194e+00 -7.1350126e+00]
 [ 6.9045339e+00 -6.8162551e+00]
 [ 7.8609176e+00 -7.7727160e+00]
 [-1.4258258e+00  1.5141588e+00]
 [ 3.4343740e-01 -2.5549152e-01]
 [ 7.2232194e+00 -7.1350126e+00]]
2025-12-21 21:37:12,106 - [INFO] - ------------------------------------------------------------
2025-12-21 21:37:12,106 - [INFO] - On Validation Set:
	Accuracy of RRL  Model: 0.9011748445058743
	F1 Score of RRL  Model: 0.7560909196997005
2025-12-21 21:37:12,112 - [INFO] - On Validation Set:
Performance of  RRL Model: 
[[1210   76]
 [  67   94]]
              precision    recall  f1-score   support

           0       0.95      0.94      0.94      1286
           1       0.55      0.58      0.57       161

    accuracy                           0.90      1447
   macro avg       0.75      0.76      0.76      1447
weighted avg       0.90      0.90      0.90      1447

2025-12-21 21:37:12,112 - [INFO] - ------------------------------------------------------------
2025-12-21 21:37:13,422 - [INFO] - epoch: 94, loss_rrl: 110.316455129534
2025-12-21 21:37:13,903 - [DEBUG] - y_true: (1447,) [0 0 0 0 0 1 0 0 0 0 0 0 0 0 0 0 0 1 0 0 0 0 0 0 1 0 0 0 0 0 0 0 0 0 0 0 0
 0 1 1 0]
2025-12-21 21:37:14,050 - [DEBUG] - y_rrl_: (1447,) [0 0 0 0 0 1 0 0 0 0 0 0 0 0 0 0 0 0 0 0 0 0 0 0 1 0 0 0 0 0 0 0 0 0 0 0 0
 0 0 0 0]
2025-12-21 21:37:14,051 - [DEBUG] - y_rrl: (1447, 2) [[ 8.426155   -8.339562  ]
 [ 1.9381307  -1.8514462 ]
 [ 5.7743335  -5.6878443 ]
 [ 5.7743335  -5.6878443 ]
 [ 8.426155   -8.339562  ]
 [-0.59012824  0.67705333]
 [ 8.426155   -8.339562  ]
 [ 7.0103645  -6.923681  ]
 [ 8.426155   -8.339562  ]
 [ 4.6314836  -4.5446877 ]
 [ 1.1207656  -1.0341197 ]
 [ 6.6827064  -6.595733  ]
 [ 7.6216373  -7.5349593 ]
 [ 7.6216373  -7.5349593 ]
 [ 7.6216373  -7.5349593 ]
 [ 7.0103645  -6.923681  ]
 [ 7.0103645  -6.923681  ]
 [ 2.5851715  -2.4984744 ]
 [ 3.705739   -3.6191602 ]
 [ 5.797563   -5.7107816 ]
 [ 8.426155   -8.339562  ]
 [ 7.6216373  -7.5349593 ]
 [ 7.3187737  -7.232575  ]
 [ 7.6216373  -7.5349593 ]
 [-1.6975087   1.7840399 ]
 [ 2.8074086  -2.72051   ]
 [ 5.242756   -5.1559663 ]
 [ 7.6216373  -7.5349593 ]
 [ 5.797563   -5.7107816 ]
 [ 6.736494   -6.6500077 ]
 [ 8.426155   -8.339562  ]
 [ 6.1252213  -6.038729  ]
 [ 1.7000281  -1.6135231 ]
 [ 1.7000281  -1.6135231 ]
 [ 8.426155   -8.339562  ]
 [ 7.0103645  -6.923681  ]
 [ 8.426155   -8.339562  ]
 [ 7.6216373  -7.5349593 ]
 [ 0.29501522 -0.20789836]
 [ 0.12656589 -0.04013793]
 [ 7.0103645  -6.923681  ]]
2025-12-21 21:37:14,053 - [INFO] - ------------------------------------------------------------
2025-12-21 21:37:14,053 - [INFO] - On Validation Set:
	Accuracy of RRL  Model: 0.9094678645473393
	F1 Score of RRL  Model: 0.7333311762397074
2025-12-21 21:37:14,059 - [INFO] - On Validation Set:
Performance of  RRL Model: 
[[1246   40]
 [  91   70]]
              precision    recall  f1-score   support

           0       0.93      0.97      0.95      1286
           1       0.64      0.43      0.52       161

    accuracy                           0.91      1447
   macro avg       0.78      0.70      0.73      1447
weighted avg       0.90      0.91      0.90      1447

2025-12-21 21:37:14,059 - [INFO] - ------------------------------------------------------------
2025-12-21 21:37:14,913 - [INFO] - epoch: 95, loss_rrl: 110.73322679288685
2025-12-21 21:37:15,609 - [DEBUG] - y_true: (1447,) [0 0 0 0 0 1 0 0 0 0 0 0 0 0 0 0 0 1 0 0 0 0 0 0 1 0 0 0 0 0 0 0 0 0 0 0 0
 0 1 1 0]
2025-12-21 21:37:15,760 - [DEBUG] - y_rrl_: (1447,) [0 0 0 0 0 0 0 0 0 0 0 0 0 0 0 0 0 0 0 0 0 0 0 0 1 0 0 0 0 0 0 0 0 0 0 0 0
 0 1 0 0]
2025-12-21 21:37:15,761 - [DEBUG] - y_rrl: (1447, 2) [[ 8.171013   -8.086006  ]
 [ 0.985461   -0.9007469 ]
 [ 5.9094963  -5.824589  ]
 [ 6.853146   -6.7682414 ]
 [ 8.171013   -8.086006  ]
 [ 0.14004886 -0.05471759]
 [ 9.114662   -9.029659  ]
 [ 7.713903   -7.6288104 ]
 [ 9.114662   -9.029659  ]
 [ 4.378613   -4.2934093 ]
 [ 2.3671832  -2.282075  ]
 [ 5.7024727  -5.617476  ]
 [ 8.521778   -8.4367695 ]
 [ 8.171013   -8.086006  ]
 [ 9.114662   -9.029659  ]
 [ 7.5781283  -7.493118  ]
 [ 6.7702527  -6.685158  ]
 [ 2.3671832  -2.282075  ]
 [ 3.4994957  -3.4145012 ]
 [ 6.5006447  -6.4154553 ]
 [ 9.114662   -9.029659  ]
 [ 8.171013   -8.086006  ]
 [ 7.104968   -7.020348  ]
 [ 8.171013   -8.086006  ]
 [-2.3906107   2.475353  ]
 [ 2.5724711  -2.4871647 ]
 [ 5.7024727  -5.617476  ]
 [ 9.114662   -9.029659  ]
 [ 6.5006447  -6.4154553 ]
 [ 7.44603    -7.361131  ]
 [ 9.114662   -9.029659  ]
 [ 5.9077606  -5.8225656 ]
 [ 1.5064265  -1.421506  ]
 [ 1.5064265  -1.421506  ]
 [ 9.114662   -9.029659  ]
 [ 7.713903   -7.6288104 ]
 [ 8.171013   -8.086006  ]
 [ 8.171013   -8.086006  ]
 [-0.0652391   0.15037243]
 [ 1.6880218  -1.6032634 ]
 [ 6.7702527  -6.685158  ]]
2025-12-21 21:37:15,763 - [INFO] - ------------------------------------------------------------
2025-12-21 21:37:15,763 - [INFO] - On Validation Set:
	Accuracy of RRL  Model: 0.899101589495508
	F1 Score of RRL  Model: 0.6915162665732142
2025-12-21 21:37:15,769 - [INFO] - On Validation Set:
Performance of  RRL Model: 
[[1244   42]
 [ 104   57]]
              precision    recall  f1-score   support

           0       0.92      0.97      0.94      1286
           1       0.58      0.35      0.44       161

    accuracy                           0.90      1447
   macro avg       0.75      0.66      0.69      1447
weighted avg       0.88      0.90      0.89      1447

2025-12-21 21:37:15,769 - [INFO] - ------------------------------------------------------------
2025-12-21 21:37:16,424 - [INFO] - epoch: 96, loss_rrl: 109.04670097492635
2025-12-21 21:37:17,341 - [DEBUG] - y_true: (1447,) [0 0 0 0 0 1 0 0 0 0 0 0 0 0 0 0 0 1 0 0 0 0 0 0 1 0 0 0 0 0 0 0 0 0 0 0 0
 0 1 1 0]
2025-12-21 21:37:17,494 - [DEBUG] - y_rrl_: (1447,) [0 1 0 0 0 0 0 0 0 0 0 0 0 0 0 0 0 0 0 0 0 0 0 0 1 0 0 0 0 0 0 0 0 0 0 0 0
 0 0 0 0]
2025-12-21 21:37:17,494 - [DEBUG] - y_rrl: (1447, 2) [[ 8.682038   -8.5986185 ]
 [-0.3966652   0.4798785 ]
 [ 5.448202   -5.3648067 ]
 [ 5.448202   -5.3648067 ]
 [ 7.7137365  -7.6302457 ]
 [ 0.5978988  -0.51397276]
 [ 8.682038   -8.5986185 ]
 [ 6.3143797  -6.230799  ]
 [ 8.682038   -8.5986185 ]
 [ 3.9414225  -3.857736  ]
 [ 2.8904135  -2.8068888 ]
 [ 4.2950687  -4.2115793 ]
 [ 7.140313   -7.0568166 ]
 [ 7.140313   -7.0568166 ]
 [ 5.7356577  -5.652127  ]
 [ 8.108615   -8.025189  ]
 [ 7.2826805  -7.1991725 ]
 [ 1.9221121  -1.838516  ]
 [ 4.8617787  -4.778398  ]
 [ 4.4791     -4.3954186 ]
 [ 7.7137365  -7.6302457 ]
 [ 7.140313   -7.0568166 ]
 [ 6.663529   -6.580413  ]
 [ 7.140313   -7.0568166 ]
 [-2.7710865   2.8542545 ]
 [ 2.97232    -2.8883483 ]
 [ 2.8904135  -2.8068888 ]
 [ 7.140313   -7.0568166 ]
 [ 5.345277   -5.261412  ]
 [ 6.416504   -6.33318   ]
 [ 7.7137365  -7.6302457 ]
 [ 5.345277   -5.261412  ]
 [ 2.8904135  -2.8068888 ]
 [ 1.9221121  -1.838516  ]
 [ 7.7137365  -7.6302457 ]
 [ 6.3143797  -6.230799  ]
 [ 7.7137365  -7.6302457 ]
 [ 7.140313   -7.0568166 ]
 [ 1.423833   -1.3399895 ]
 [ 1.3427277  -1.2595445 ]
 [ 6.3143797  -6.230799  ]]
2025-12-21 21:37:17,496 - [INFO] - ------------------------------------------------------------
2025-12-21 21:37:17,496 - [INFO] - On Validation Set:
	Accuracy of RRL  Model: 0.8997926744989634
	F1 Score of RRL  Model: 0.6967785384267429
2025-12-21 21:37:17,502 - [INFO] - On Validation Set:
Performance of  RRL Model: 
[[1243   43]
 [ 102   59]]
              precision    recall  f1-score   support

           0       0.92      0.97      0.94      1286
           1       0.58      0.37      0.45       161

    accuracy                           0.90      1447
   macro avg       0.75      0.67      0.70      1447
weighted avg       0.89      0.90      0.89      1447

2025-12-21 21:37:17,502 - [INFO] - ------------------------------------------------------------
2025-12-21 21:37:17,945 - [INFO] - epoch: 97, loss_rrl: 110.1593311112374
2025-12-21 21:37:19,143 - [DEBUG] - y_true: (1447,) [0 0 0 0 0 1 0 0 0 0 0 0 0 0 0 0 0 1 0 0 0 0 0 0 1 0 0 0 0 0 0 0 0 0 0 0 0
 0 1 1 0]
2025-12-21 21:37:19,294 - [DEBUG] - y_rrl_: (1447,) [0 1 0 0 0 0 0 0 0 0 0 0 0 0 0 0 0 0 0 0 0 0 0 0 1 0 0 0 0 0 0 0 0 0 0 0 0
 0 0 0 0]
2025-12-21 21:37:19,294 - [DEBUG] - y_rrl: (1447, 2) [[ 8.396747   -8.314878  ]
 [-0.98833394  1.0703243 ]
 [ 4.3039875  -4.2221375 ]
 [ 4.3039875  -4.2221375 ]
 [ 8.396747   -8.314878  ]
 [ 0.3714682  -0.28910103]
 [ 8.396747   -8.314878  ]
 [ 6.077709   -5.9956822 ]
 [ 8.396747   -8.314878  ]
 [ 2.7738142  -2.6916816 ]
 [ 2.6727915  -2.5910966 ]
 [ 7.028985   -6.9470286 ]
 [ 7.028985   -6.9470286 ]
 [ 7.5724697  -7.4905195 ]
 [ 7.5724697  -7.4905195 ]
 [ 7.028985   -6.9470286 ]
 [ 7.028985   -6.9470286 ]
 [ 2.6727915  -2.5910966 ]
 [ 5.5747848  -5.4930234 ]
 [ 5.7815323  -5.699691  ]
 [ 8.396747   -8.314878  ]
 [ 7.5724697  -7.4905195 ]
 [ 7.344448   -7.262947  ]
 [ 8.396747   -8.314878  ]
 [-2.9746919   3.056318  ]
 [ 2.750473   -2.6681297 ]
 [ 4.659149   -4.5770903 ]
 [ 6.621195   -6.539173  ]
 [ 7.5724697  -7.4905195 ]
 [ 6.732808   -6.651037  ]
 [ 8.396747   -8.314878  ]
 [ 5.00207    -4.9201994 ]
 [ 2.6727915  -2.5910966 ]
 [ 1.7215161  -1.6397504 ]
 [ 8.396747   -8.314878  ]
 [ 6.077709   -5.9956822 ]
 [ 8.396747   -8.314878  ]
 [ 6.621195   -6.539173  ]
 [ 1.1180632  -1.0364265 ]
 [ 0.29378644 -0.21206811]
 [ 6.077709   -5.9956822 ]]
2025-12-21 21:37:19,296 - [INFO] - ------------------------------------------------------------
2025-12-21 21:37:19,296 - [INFO] - On Validation Set:
	Accuracy of RRL  Model: 0.9004837595024188
	F1 Score of RRL  Model: 0.6703705578616989
2025-12-21 21:37:19,302 - [INFO] - On Validation Set:
Performance of  RRL Model: 
[[1256   30]
 [ 114   47]]
              precision    recall  f1-score   support

           0       0.92      0.98      0.95      1286
           1       0.61      0.29      0.39       161

    accuracy                           0.90      1447
   macro avg       0.76      0.63      0.67      1447
weighted avg       0.88      0.90      0.88      1447

2025-12-21 21:37:19,302 - [INFO] - ------------------------------------------------------------
2025-12-21 21:37:19,519 - [INFO] - epoch: 98, loss_rrl: 110.44345701299608
2025-12-21 21:37:20,860 - [INFO] - epoch: 99, loss_rrl: 109.92637885548174
