2025-12-21 18:20:05,168 - [DEBUG] - y_true: (1447,) [0 0 0 0 0 1 0 0 0 0 0 0 0 0 0 0 0 1 0 0 0 0 0 0 1 0 0 0 0 0 0 0 0 0 0 0 0
 0 1 1 0]
2025-12-21 18:20:05,483 - [DEBUG] - y_rrl_: (1447,) [0 0 0 0 0 0 0 0 0 0 0 0 0 0 0 0 0 0 0 0 0 0 0 0 0 0 0 0 0 0 0 0 0 0 0 0 0
 0 0 0 0]
2025-12-21 18:20:05,483 - [DEBUG] - y_rrl: (1447, 2) [[ 0.41271517 -0.79263645]
 [ 0.41271517 -0.79263645]
 [ 0.41271517 -0.79263645]
 [ 0.41271517 -0.79263645]
 [ 0.41271517 -0.79263645]
 [ 0.41271517 -0.79263645]
 [ 0.41271517 -0.79263645]
 [ 0.41271517 -0.79263645]
 [ 0.41271517 -0.79263645]
 [ 0.41271517 -0.79263645]
 [ 0.41271517 -0.79263645]
 [ 0.41271517 -0.79263645]
 [ 0.41271517 -0.79263645]
 [ 0.41271517 -0.79263645]
 [ 0.41271517 -0.79263645]
 [ 0.41271517 -0.79263645]
 [ 0.41271517 -0.79263645]
 [ 0.41271517 -0.79263645]
 [ 0.41271517 -0.79263645]
 [ 0.41271517 -0.79263645]
 [ 0.41271517 -0.79263645]
 [ 0.41271517 -0.79263645]
 [ 0.41271517 -0.79263645]
 [ 0.41271517 -0.79263645]
 [ 0.41271517 -0.79263645]
 [ 0.41271517 -0.79263645]
 [ 0.41271517 -0.79263645]
 [ 0.41271517 -0.79263645]
 [ 0.41271517 -0.79263645]
 [ 0.41271517 -0.79263645]
 [ 0.41271517 -0.79263645]
 [ 0.41271517 -0.79263645]
 [ 0.41271517 -0.79263645]
 [ 0.41271517 -0.79263645]
 [ 0.41271517 -0.79263645]
 [ 0.41271517 -0.79263645]
 [ 0.41271517 -0.79263645]
 [ 0.41271517 -0.79263645]
 [ 0.41271517 -0.79263645]
 [ 0.41271517 -0.79263645]
 [ 0.41271517 -0.79263645]]
2025-12-21 18:20:05,486 - [INFO] - ------------------------------------------------------------
2025-12-21 18:20:05,486 - [INFO] - On Validation Set:
	Accuracy of RRL  Model: 0.8887353144436766
	F1 Score of RRL  Model: 0.47054518843761434
2025-12-21 18:20:05,492 - [INFO] - On Validation Set:
Performance of  RRL Model: 
[[1286    0]
 [ 161    0]]
              precision    recall  f1-score   support

           0       0.89      1.00      0.94      1286
           1       0.00      0.00      0.00       161

    accuracy                           0.89      1447
   macro avg       0.44      0.50      0.47      1447
weighted avg       0.79      0.89      0.84      1447

2025-12-21 18:20:05,492 - [INFO] - ------------------------------------------------------------
2025-12-21 18:20:08,074 - [INFO] - epoch: 0, loss_rrl: 192.27271546423435
2025-12-21 18:20:08,466 - [DEBUG] - y_true: (1447,) [0 0 0 0 0 1 0 0 0 0 0 0 0 0 0 0 0 1 0 0 0 0 0 0 1 0 0 0 0 0 0 0 0 0 0 0 0
 0 1 1 0]
2025-12-21 18:20:08,779 - [DEBUG] - y_rrl_: (1447,) [0 0 0 0 0 0 0 0 0 0 0 0 0 0 0 0 0 0 0 0 0 0 0 0 0 0 0 0 0 0 0 0 0 0 0 0 0
 0 0 0 0]
2025-12-21 18:20:08,780 - [DEBUG] - y_rrl: (1447, 2) [[ 0.85036516 -0.90555644]
 [ 0.85036516 -0.90555644]
 [ 0.85036516 -0.90555644]
 [ 0.85036516 -0.90555644]
 [ 0.85036516 -0.90555644]
 [ 0.85036516 -0.90555644]
 [ 0.85036516 -0.90555644]
 [ 0.85036516 -0.90555644]
 [ 0.85036516 -0.90555644]
 [ 0.85036516 -0.90555644]
 [ 0.85036516 -0.90555644]
 [ 0.85036516 -0.90555644]
 [ 0.85036516 -0.90555644]
 [ 0.85036516 -0.90555644]
 [ 0.85036516 -0.90555644]
 [ 0.85036516 -0.90555644]
 [ 0.85036516 -0.90555644]
 [ 0.85036516 -0.90555644]
 [ 0.85036516 -0.90555644]
 [ 0.85036516 -0.90555644]
 [ 0.85036516 -0.90555644]
 [ 0.85036516 -0.90555644]
 [ 0.85036516 -0.90555644]
 [ 0.85036516 -0.90555644]
 [ 0.85036516 -0.90555644]
 [ 0.85036516 -0.90555644]
 [ 0.85036516 -0.90555644]
 [ 0.85036516 -0.90555644]
 [ 0.85036516 -0.90555644]
 [ 0.85036516 -0.90555644]
 [ 0.85036516 -0.90555644]
 [ 0.85036516 -0.90555644]
 [ 0.85036516 -0.90555644]
 [ 0.85036516 -0.90555644]
 [ 0.85036516 -0.90555644]
 [ 0.85036516 -0.90555644]
 [ 0.85036516 -0.90555644]
 [ 0.85036516 -0.90555644]
 [ 0.85036516 -0.90555644]
 [ 0.85036516 -0.90555644]
 [ 0.85036516 -0.90555644]]
2025-12-21 18:20:08,782 - [INFO] - ------------------------------------------------------------
2025-12-21 18:20:08,782 - [INFO] - On Validation Set:
	Accuracy of RRL  Model: 0.8887353144436766
	F1 Score of RRL  Model: 0.47054518843761434
2025-12-21 18:20:08,787 - [INFO] - On Validation Set:
Performance of  RRL Model: 
[[1286    0]
 [ 161    0]]
              precision    recall  f1-score   support

           0       0.89      1.00      0.94      1286
           1       0.00      0.00      0.00       161

    accuracy                           0.89      1447
   macro avg       0.44      0.50      0.47      1447
weighted avg       0.79      0.89      0.84      1447

2025-12-21 18:20:08,787 - [INFO] - ------------------------------------------------------------
2025-12-21 18:20:10,698 - [INFO] - epoch: 1, loss_rrl: 162.34326726943254
2025-12-21 18:20:11,464 - [DEBUG] - y_true: (1447,) [0 0 0 0 0 1 0 0 0 0 0 0 0 0 0 0 0 1 0 0 0 0 0 0 1 0 0 0 0 0 0 0 0 0 0 0 0
 0 1 1 0]
2025-12-21 18:20:11,778 - [DEBUG] - y_rrl_: (1447,) [0 0 0 0 0 0 0 0 0 0 0 0 0 0 0 0 0 0 0 0 0 0 0 0 0 0 0 0 0 0 0 0 0 0 0 0 0
 0 0 0 0]
2025-12-21 18:20:11,778 - [DEBUG] - y_rrl: (1447, 2) [[ 0.88813245 -0.94324744]
 [ 0.88813245 -0.94324744]
 [ 0.88813245 -0.94324744]
 [ 0.88813245 -0.94324744]
 [ 0.88813245 -0.94324744]
 [ 0.88813245 -0.94324744]
 [ 0.88813245 -0.94324744]
 [ 0.88813245 -0.94324744]
 [ 0.88813245 -0.94324744]
 [ 0.88813245 -0.94324744]
 [ 0.88813245 -0.94324744]
 [ 0.88813245 -0.94324744]
 [ 0.88813245 -0.94324744]
 [ 0.88813245 -0.94324744]
 [ 0.88813245 -0.94324744]
 [ 0.88813245 -0.94324744]
 [ 0.88813245 -0.94324744]
 [ 0.88813245 -0.94324744]
 [ 0.88813245 -0.94324744]
 [ 0.88813245 -0.94324744]
 [ 0.88813245 -0.94324744]
 [ 0.88813245 -0.94324744]
 [ 0.88813245 -0.94324744]
 [ 0.88813245 -0.94324744]
 [ 0.88813245 -0.94324744]
 [ 0.88813245 -0.94324744]
 [ 0.88813245 -0.94324744]
 [ 0.88813245 -0.94324744]
 [ 0.88813245 -0.94324744]
 [ 0.88813245 -0.94324744]
 [ 0.88813245 -0.94324744]
 [ 0.88813245 -0.94324744]
 [ 0.88813245 -0.94324744]
 [ 0.88813245 -0.94324744]
 [ 0.88813245 -0.94324744]
 [ 0.88813245 -0.94324744]
 [ 0.88813245 -0.94324744]
 [ 0.88813245 -0.94324744]
 [ 0.88813245 -0.94324744]
 [ 0.88813245 -0.94324744]
 [ 0.88813245 -0.94324744]]
2025-12-21 18:20:11,780 - [INFO] - ------------------------------------------------------------
2025-12-21 18:20:11,780 - [INFO] - On Validation Set:
	Accuracy of RRL  Model: 0.8887353144436766
	F1 Score of RRL  Model: 0.47054518843761434
2025-12-21 18:20:11,786 - [INFO] - On Validation Set:
Performance of  RRL Model: 
[[1286    0]
 [ 161    0]]
              precision    recall  f1-score   support

           0       0.89      1.00      0.94      1286
           1       0.00      0.00      0.00       161

    accuracy                           0.89      1447
   macro avg       0.44      0.50      0.47      1447
weighted avg       0.79      0.89      0.84      1447

2025-12-21 18:20:11,786 - [INFO] - ------------------------------------------------------------
2025-12-21 18:20:13,496 - [INFO] - epoch: 2, loss_rrl: 162.28267189860344
2025-12-21 18:20:14,635 - [DEBUG] - y_true: (1447,) [0 0 0 0 0 1 0 0 0 0 0 0 0 0 0 0 0 1 0 0 0 0 0 0 1 0 0 0 0 0 0 0 0 0 0 0 0
 0 1 1 0]
2025-12-21 18:20:14,950 - [DEBUG] - y_rrl_: (1447,) [0 0 0 0 0 0 0 0 0 0 0 0 0 0 0 0 0 0 0 0 0 0 0 0 0 0 0 0 0 0 0 0 0 0 0 0 0
 0 0 0 0]
2025-12-21 18:20:14,950 - [DEBUG] - y_rrl: (1447, 2) [[ 0.936476  -0.9914985]
 [ 0.936476  -0.9914985]
 [ 0.936476  -0.9914985]
 [ 0.936476  -0.9914985]
 [ 0.936476  -0.9914985]
 [ 0.936476  -0.9914985]
 [ 0.936476  -0.9914985]
 [ 0.936476  -0.9914985]
 [ 0.936476  -0.9914985]
 [ 0.936476  -0.9914985]
 [ 0.936476  -0.9914985]
 [ 0.936476  -0.9914985]
 [ 0.936476  -0.9914985]
 [ 0.936476  -0.9914985]
 [ 0.936476  -0.9914985]
 [ 0.936476  -0.9914985]
 [ 0.936476  -0.9914985]
 [ 0.936476  -0.9914985]
 [ 0.936476  -0.9914985]
 [ 0.936476  -0.9914985]
 [ 0.936476  -0.9914985]
 [ 0.936476  -0.9914985]
 [ 0.936476  -0.9914985]
 [ 0.936476  -0.9914985]
 [ 0.936476  -0.9914985]
 [ 0.936476  -0.9914985]
 [ 0.936476  -0.9914985]
 [ 0.936476  -0.9914985]
 [ 0.936476  -0.9914985]
 [ 0.936476  -0.9914985]
 [ 0.936476  -0.9914985]
 [ 0.936476  -0.9914985]
 [ 0.936476  -0.9914985]
 [ 0.936476  -0.9914985]
 [ 0.936476  -0.9914985]
 [ 0.936476  -0.9914985]
 [ 0.936476  -0.9914985]
 [ 0.936476  -0.9914985]
 [ 0.936476  -0.9914985]
 [ 0.936476  -0.9914985]
 [ 0.936476  -0.9914985]]
2025-12-21 18:20:14,952 - [INFO] - ------------------------------------------------------------
2025-12-21 18:20:14,952 - [INFO] - On Validation Set:
	Accuracy of RRL  Model: 0.8887353144436766
	F1 Score of RRL  Model: 0.47054518843761434
2025-12-21 18:20:14,957 - [INFO] - On Validation Set:
Performance of  RRL Model: 
[[1286    0]
 [ 161    0]]
              precision    recall  f1-score   support

           0       0.89      1.00      0.94      1286
           1       0.00      0.00      0.00       161

    accuracy                           0.89      1447
   macro avg       0.44      0.50      0.47      1447
weighted avg       0.79      0.89      0.84      1447

2025-12-21 18:20:14,958 - [INFO] - ------------------------------------------------------------
2025-12-21 18:20:16,119 - [INFO] - epoch: 3, loss_rrl: 162.2658595368266
2025-12-21 18:20:17,634 - [DEBUG] - y_true: (1447,) [0 0 0 0 0 1 0 0 0 0 0 0 0 0 0 0 0 1 0 0 0 0 0 0 1 0 0 0 0 0 0 0 0 0 0 0 0
 0 1 1 0]
2025-12-21 18:20:17,948 - [DEBUG] - y_rrl_: (1447,) [0 0 0 0 0 0 0 0 0 0 0 0 0 0 0 0 0 0 0 0 0 0 0 0 0 0 0 0 0 0 0 0 0 0 0 0 0
 0 0 0 0]
2025-12-21 18:20:17,949 - [DEBUG] - y_rrl: (1447, 2) [[ 0.9707435 -1.0256673]
 [ 0.9707435 -1.0256673]
 [ 0.9707435 -1.0256673]
 [ 0.9707435 -1.0256673]
 [ 0.9707435 -1.0256673]
 [ 0.9707435 -1.0256673]
 [ 0.9707435 -1.0256673]
 [ 0.9707435 -1.0256673]
 [ 0.9707435 -1.0256673]
 [ 0.9707435 -1.0256673]
 [ 0.9707435 -1.0256673]
 [ 0.9707435 -1.0256673]
 [ 0.9707435 -1.0256673]
 [ 0.9707435 -1.0256673]
 [ 0.9707435 -1.0256673]
 [ 0.9707435 -1.0256673]
 [ 0.9707435 -1.0256673]
 [ 0.9707435 -1.0256673]
 [ 0.9707435 -1.0256673]
 [ 0.9707435 -1.0256673]
 [ 0.9707435 -1.0256673]
 [ 0.9707435 -1.0256673]
 [ 0.9707435 -1.0256673]
 [ 0.9707435 -1.0256673]
 [ 0.9707435 -1.0256673]
 [ 0.9707435 -1.0256673]
 [ 0.9707435 -1.0256673]
 [ 0.9707435 -1.0256673]
 [ 0.9707435 -1.0256673]
 [ 0.9707435 -1.0256673]
 [ 0.9707435 -1.0256673]
 [ 0.9707435 -1.0256673]
 [ 0.9707435 -1.0256673]
 [ 0.9707435 -1.0256673]
 [ 0.9707435 -1.0256673]
 [ 0.9707435 -1.0256673]
 [ 0.9707435 -1.0256673]
 [ 0.9707435 -1.0256673]
 [ 0.9707435 -1.0256673]
 [ 0.9707435 -1.0256673]
 [ 0.9707435 -1.0256673]]
2025-12-21 18:20:17,951 - [INFO] - ------------------------------------------------------------
2025-12-21 18:20:17,951 - [INFO] - On Validation Set:
	Accuracy of RRL  Model: 0.8887353144436766
	F1 Score of RRL  Model: 0.47054518843761434
2025-12-21 18:20:17,956 - [INFO] - On Validation Set:
Performance of  RRL Model: 
[[1286    0]
 [ 161    0]]
              precision    recall  f1-score   support

           0       0.89      1.00      0.94      1286
           1       0.00      0.00      0.00       161

    accuracy                           0.89      1447
   macro avg       0.44      0.50      0.47      1447
weighted avg       0.79      0.89      0.84      1447

2025-12-21 18:20:17,956 - [INFO] - ------------------------------------------------------------
2025-12-21 18:20:18,754 - [INFO] - epoch: 4, loss_rrl: 162.26103813946247
2025-12-21 18:20:20,708 - [DEBUG] - y_true: (1447,) [0 0 0 0 0 1 0 0 0 0 0 0 0 0 0 0 0 1 0 0 0 0 0 0 1 0 0 0 0 0 0 0 0 0 0 0 0
 0 1 1 0]
2025-12-21 18:20:21,022 - [DEBUG] - y_rrl_: (1447,) [0 0 0 0 0 0 0 0 0 0 0 0 0 0 0 0 0 0 0 0 0 0 0 0 0 0 0 0 0 0 0 0 0 0 0 0 0
 0 0 0 0]
2025-12-21 18:20:21,023 - [DEBUG] - y_rrl: (1447, 2) [[ 0.97410613 -1.0289283 ]
 [ 0.97410613 -1.0289283 ]
 [ 0.97410613 -1.0289283 ]
 [ 0.97410613 -1.0289283 ]
 [ 0.97410613 -1.0289283 ]
 [ 0.97410613 -1.0289283 ]
 [ 0.97410613 -1.0289283 ]
 [ 0.97410613 -1.0289283 ]
 [ 0.97410613 -1.0289283 ]
 [ 0.97410613 -1.0289283 ]
 [ 0.97410613 -1.0289283 ]
 [ 0.97410613 -1.0289283 ]
 [ 0.97410613 -1.0289283 ]
 [ 0.97410613 -1.0289283 ]
 [ 0.97410613 -1.0289283 ]
 [ 0.97410613 -1.0289283 ]
 [ 0.97410613 -1.0289283 ]
 [ 0.97410613 -1.0289283 ]
 [ 0.97410613 -1.0289283 ]
 [ 0.97410613 -1.0289283 ]
 [ 0.97410613 -1.0289283 ]
 [ 0.97410613 -1.0289283 ]
 [ 0.97410613 -1.0289283 ]
 [ 0.97410613 -1.0289283 ]
 [ 0.97410613 -1.0289283 ]
 [ 0.97410613 -1.0289283 ]
 [ 0.97410613 -1.0289283 ]
 [ 0.97410613 -1.0289283 ]
 [ 0.97410613 -1.0289283 ]
 [ 0.97410613 -1.0289283 ]
 [ 0.97410613 -1.0289283 ]
 [ 0.97410613 -1.0289283 ]
 [ 0.97410613 -1.0289283 ]
 [ 0.97410613 -1.0289283 ]
 [ 0.97410613 -1.0289283 ]
 [ 0.97410613 -1.0289283 ]
 [ 0.97410613 -1.0289283 ]
 [ 0.97410613 -1.0289283 ]
 [ 0.97410613 -1.0289283 ]
 [ 0.97410613 -1.0289283 ]
 [ 0.97410613 -1.0289283 ]]
2025-12-21 18:20:21,025 - [INFO] - ------------------------------------------------------------
2025-12-21 18:20:21,025 - [INFO] - On Validation Set:
	Accuracy of RRL  Model: 0.8887353144436766
	F1 Score of RRL  Model: 0.47054518843761434
2025-12-21 18:20:21,030 - [INFO] - On Validation Set:
Performance of  RRL Model: 
[[1286    0]
 [ 161    0]]
              precision    recall  f1-score   support

           0       0.89      1.00      0.94      1286
           1       0.00      0.00      0.00       161

    accuracy                           0.89      1447
   macro avg       0.44      0.50      0.47      1447
weighted avg       0.79      0.89      0.84      1447

2025-12-21 18:20:21,030 - [INFO] - ------------------------------------------------------------
2025-12-21 18:20:21,451 - [INFO] - epoch: 5, loss_rrl: 162.26183988153934
2025-12-21 18:20:24,310 - [DEBUG] - y_true: (1447,) [0 0 0 0 0 1 0 0 0 0 0 0 0 0 0 0 0 1 0 0 0 0 0 0 1 0 0 0 0 0 0 0 0 0 0 0 0
 0 1 1 0]
2025-12-21 18:20:24,624 - [DEBUG] - y_rrl_: (1447,) [0 0 0 0 0 0 0 0 0 0 0 0 0 0 0 0 0 0 0 0 0 0 0 0 0 0 0 0 0 0 0 0 0 0 0 0 0
 0 0 0 0]
2025-12-21 18:20:24,625 - [DEBUG] - y_rrl: (1447, 2) [[ 0.926599  -0.9813158]
 [ 0.926599  -0.9813158]
 [ 0.926599  -0.9813158]
 [ 0.926599  -0.9813158]
 [ 0.926599  -0.9813158]
 [ 0.926599  -0.9813158]
 [ 0.926599  -0.9813158]
 [ 0.926599  -0.9813158]
 [ 0.926599  -0.9813158]
 [ 0.926599  -0.9813158]
 [ 0.926599  -0.9813158]
 [ 0.926599  -0.9813158]
 [ 0.926599  -0.9813158]
 [ 0.926599  -0.9813158]
 [ 0.926599  -0.9813158]
 [ 0.926599  -0.9813158]
 [ 0.926599  -0.9813158]
 [ 0.926599  -0.9813158]
 [ 0.926599  -0.9813158]
 [ 0.926599  -0.9813158]
 [ 0.926599  -0.9813158]
 [ 0.926599  -0.9813158]
 [ 0.926599  -0.9813158]
 [ 0.926599  -0.9813158]
 [ 0.926599  -0.9813158]
 [ 0.926599  -0.9813158]
 [ 0.926599  -0.9813158]
 [ 0.926599  -0.9813158]
 [ 0.926599  -0.9813158]
 [ 0.926599  -0.9813158]
 [ 0.926599  -0.9813158]
 [ 0.926599  -0.9813158]
 [ 0.926599  -0.9813158]
 [ 0.926599  -0.9813158]
 [ 0.926599  -0.9813158]
 [ 0.926599  -0.9813158]
 [ 0.926599  -0.9813158]
 [ 0.926599  -0.9813158]
 [ 0.926599  -0.9813158]
 [ 0.926599  -0.9813158]
 [ 0.926599  -0.9813158]]
2025-12-21 18:20:24,627 - [INFO] - ------------------------------------------------------------
2025-12-21 18:20:24,627 - [INFO] - On Validation Set:
	Accuracy of RRL  Model: 0.8887353144436766
	F1 Score of RRL  Model: 0.47054518843761434
2025-12-21 18:20:24,632 - [INFO] - On Validation Set:
Performance of  RRL Model: 
[[1286    0]
 [ 161    0]]
              precision    recall  f1-score   support

           0       0.89      1.00      0.94      1286
           1       0.00      0.00      0.00       161

    accuracy                           0.89      1447
   macro avg       0.44      0.50      0.47      1447
weighted avg       0.79      0.89      0.84      1447

2025-12-21 18:20:24,632 - [INFO] - ------------------------------------------------------------
2025-12-21 18:20:24,688 - [INFO] - epoch: 6, loss_rrl: 162.26611445844173
2025-12-21 18:20:27,309 - [INFO] - epoch: 7, loss_rrl: 162.2724896967411
2025-12-21 18:20:27,665 - [DEBUG] - y_true: (1447,) [0 0 0 0 0 1 0 0 0 0 0 0 0 0 0 0 0 1 0 0 0 0 0 0 1 0 0 0 0 0 0 0 0 0 0 0 0
 0 1 1 0]
2025-12-21 18:20:27,983 - [DEBUG] - y_rrl_: (1447,) [0 0 0 0 0 0 0 0 0 0 0 0 0 0 0 0 0 0 0 0 0 0 0 0 0 0 0 0 0 0 0 0 0 0 0 0 0
 0 0 0 0]
2025-12-21 18:20:27,984 - [DEBUG] - y_rrl: (1447, 2) [[ 0.90654147 -0.9611503 ]
 [ 0.90654147 -0.9611503 ]
 [ 0.90654147 -0.9611503 ]
 [ 0.90654147 -0.9611503 ]
 [ 0.90654147 -0.9611503 ]
 [ 0.90654147 -0.9611503 ]
 [ 0.90654147 -0.9611503 ]
 [ 0.90654147 -0.9611503 ]
 [ 0.90654147 -0.9611503 ]
 [ 0.90654147 -0.9611503 ]
 [ 0.90654147 -0.9611503 ]
 [ 0.90654147 -0.9611503 ]
 [ 0.90654147 -0.9611503 ]
 [ 0.90654147 -0.9611503 ]
 [ 0.90654147 -0.9611503 ]
 [ 0.90654147 -0.9611503 ]
 [ 0.90654147 -0.9611503 ]
 [ 0.90654147 -0.9611503 ]
 [ 0.90654147 -0.9611503 ]
 [ 0.90654147 -0.9611503 ]
 [ 0.90654147 -0.9611503 ]
 [ 0.90654147 -0.9611503 ]
 [ 0.90654147 -0.9611503 ]
 [ 0.90654147 -0.9611503 ]
 [ 0.90654147 -0.9611503 ]
 [ 0.90654147 -0.9611503 ]
 [ 0.90654147 -0.9611503 ]
 [ 0.90654147 -0.9611503 ]
 [ 0.90654147 -0.9611503 ]
 [ 0.90654147 -0.9611503 ]
 [ 0.90654147 -0.9611503 ]
 [ 0.90654147 -0.9611503 ]
 [ 0.90654147 -0.9611503 ]
 [ 0.90654147 -0.9611503 ]
 [ 0.90654147 -0.9611503 ]
 [ 0.90654147 -0.9611503 ]
 [ 0.90654147 -0.9611503 ]
 [ 0.90654147 -0.9611503 ]
 [ 0.90654147 -0.9611503 ]
 [ 0.90654147 -0.9611503 ]
 [ 0.90654147 -0.9611503 ]]
2025-12-21 18:20:27,986 - [INFO] - ------------------------------------------------------------
2025-12-21 18:20:27,986 - [INFO] - On Validation Set:
	Accuracy of RRL  Model: 0.8887353144436766
	F1 Score of RRL  Model: 0.47054518843761434
2025-12-21 18:20:27,991 - [INFO] - On Validation Set:
Performance of  RRL Model: 
[[1286    0]
 [ 161    0]]
              precision    recall  f1-score   support

           0       0.89      1.00      0.94      1286
           1       0.00      0.00      0.00       161

    accuracy                           0.89      1447
   macro avg       0.44      0.50      0.47      1447
weighted avg       0.79      0.89      0.84      1447

2025-12-21 18:20:27,991 - [INFO] - ------------------------------------------------------------
2025-12-21 18:20:30,015 - [INFO] - epoch: 8, loss_rrl: 162.27949299663305
2025-12-21 18:20:30,855 - [DEBUG] - y_true: (1447,) [0 0 0 0 0 1 0 0 0 0 0 0 0 0 0 0 0 1 0 0 0 0 0 0 1 0 0 0 0 0 0 0 0 0 0 0 0
 0 1 1 0]
2025-12-21 18:20:31,171 - [DEBUG] - y_rrl_: (1447,) [0 0 0 0 0 0 0 0 0 0 0 0 0 0 0 0 0 0 0 0 0 0 0 0 0 0 0 0 0 0 0 0 0 0 0 0 0
 0 0 0 0]
2025-12-21 18:20:31,172 - [DEBUG] - y_rrl: (1447, 2) [[ 1.0089906 -1.063492 ]
 [ 1.0089906 -1.063492 ]
 [ 1.0089906 -1.063492 ]
 [ 1.0089906 -1.063492 ]
 [ 1.0089906 -1.063492 ]
 [ 1.0089906 -1.063492 ]
 [ 1.0089906 -1.063492 ]
 [ 1.0089906 -1.063492 ]
 [ 1.0089906 -1.063492 ]
 [ 1.0089906 -1.063492 ]
 [ 1.0089906 -1.063492 ]
 [ 1.0089906 -1.063492 ]
 [ 1.0089906 -1.063492 ]
 [ 1.0089906 -1.063492 ]
 [ 1.0089906 -1.063492 ]
 [ 1.0089906 -1.063492 ]
 [ 1.0089906 -1.063492 ]
 [ 1.0089906 -1.063492 ]
 [ 1.0089906 -1.063492 ]
 [ 1.0089906 -1.063492 ]
 [ 1.0089906 -1.063492 ]
 [ 1.0089906 -1.063492 ]
 [ 1.0089906 -1.063492 ]
 [ 1.0089906 -1.063492 ]
 [ 1.0089906 -1.063492 ]
 [ 1.0089906 -1.063492 ]
 [ 1.0089906 -1.063492 ]
 [ 1.0089906 -1.063492 ]
 [ 1.0089906 -1.063492 ]
 [ 1.0089906 -1.063492 ]
 [ 1.0089906 -1.063492 ]
 [ 1.0089906 -1.063492 ]
 [ 1.0089906 -1.063492 ]
 [ 1.0089906 -1.063492 ]
 [ 1.0089906 -1.063492 ]
 [ 1.0089906 -1.063492 ]
 [ 1.0089906 -1.063492 ]
 [ 1.0089906 -1.063492 ]
 [ 1.0089906 -1.063492 ]
 [ 1.0089906 -1.063492 ]
 [ 1.0089906 -1.063492 ]]
2025-12-21 18:20:31,174 - [INFO] - ------------------------------------------------------------
2025-12-21 18:20:31,174 - [INFO] - On Validation Set:
	Accuracy of RRL  Model: 0.8887353144436766
	F1 Score of RRL  Model: 0.47054518843761434
2025-12-21 18:20:31,179 - [INFO] - On Validation Set:
Performance of  RRL Model: 
[[1286    0]
 [ 161    0]]
              precision    recall  f1-score   support

           0       0.89      1.00      0.94      1286
           1       0.00      0.00      0.00       161

    accuracy                           0.89      1447
   macro avg       0.44      0.50      0.47      1447
weighted avg       0.79      0.89      0.84      1447

2025-12-21 18:20:31,179 - [INFO] - ------------------------------------------------------------
2025-12-21 18:20:32,817 - [INFO] - epoch: 9, loss_rrl: 162.28725610673428
2025-12-21 18:20:33,934 - [DEBUG] - y_true: (1447,) [0 0 0 0 0 1 0 0 0 0 0 0 0 0 0 0 0 1 0 0 0 0 0 0 1 0 0 0 0 0 0 0 0 0 0 0 0
 0 1 1 0]
2025-12-21 18:20:34,248 - [DEBUG] - y_rrl_: (1447,) [0 0 0 0 0 0 0 0 0 0 0 0 0 0 0 0 0 0 0 0 0 0 0 0 0 0 0 0 0 0 0 0 0 0 0 0 0
 0 0 0 0]
2025-12-21 18:20:34,249 - [DEBUG] - y_rrl: (1447, 2) [[ 1.0772636 -1.1316566]
 [ 1.0772636 -1.1316566]
 [ 1.0772636 -1.1316566]
 [ 1.0772636 -1.1316566]
 [ 1.0772636 -1.1316566]
 [ 1.0772636 -1.1316566]
 [ 1.0772636 -1.1316566]
 [ 1.0772636 -1.1316566]
 [ 1.0772636 -1.1316566]
 [ 1.0772636 -1.1316566]
 [ 1.0772636 -1.1316566]
 [ 1.0772636 -1.1316566]
 [ 1.0772636 -1.1316566]
 [ 1.0772636 -1.1316566]
 [ 1.0772636 -1.1316566]
 [ 1.0772636 -1.1316566]
 [ 1.0772636 -1.1316566]
 [ 1.0772636 -1.1316566]
 [ 1.0772636 -1.1316566]
 [ 1.0772636 -1.1316566]
 [ 1.0772636 -1.1316566]
 [ 1.0772636 -1.1316566]
 [ 1.0772636 -1.1316566]
 [ 1.0772636 -1.1316566]
 [ 1.0772636 -1.1316566]
 [ 1.0772636 -1.1316566]
 [ 1.0772636 -1.1316566]
 [ 1.0772636 -1.1316566]
 [ 1.0772636 -1.1316566]
 [ 1.0772636 -1.1316566]
 [ 1.0772636 -1.1316566]
 [ 1.0772636 -1.1316566]
 [ 1.0772636 -1.1316566]
 [ 1.0772636 -1.1316566]
 [ 1.0772636 -1.1316566]
 [ 1.0772636 -1.1316566]
 [ 1.0772636 -1.1316566]
 [ 1.0772636 -1.1316566]
 [ 1.0772636 -1.1316566]
 [ 1.0772636 -1.1316566]
 [ 1.0772636 -1.1316566]]
2025-12-21 18:20:34,251 - [INFO] - ------------------------------------------------------------
2025-12-21 18:20:34,251 - [INFO] - On Validation Set:
	Accuracy of RRL  Model: 0.8887353144436766
	F1 Score of RRL  Model: 0.47054518843761434
2025-12-21 18:20:34,256 - [INFO] - On Validation Set:
Performance of  RRL Model: 
[[1286    0]
 [ 161    0]]
              precision    recall  f1-score   support

           0       0.89      1.00      0.94      1286
           1       0.00      0.00      0.00       161

    accuracy                           0.89      1447
   macro avg       0.44      0.50      0.47      1447
weighted avg       0.79      0.89      0.84      1447

2025-12-21 18:20:34,256 - [INFO] - ------------------------------------------------------------
2025-12-21 18:20:35,518 - [INFO] - epoch: 10, loss_rrl: 162.29565746337175
2025-12-21 18:20:37,022 - [DEBUG] - y_true: (1447,) [0 0 0 0 0 1 0 0 0 0 0 0 0 0 0 0 0 1 0 0 0 0 0 0 1 0 0 0 0 0 0 0 0 0 0 0 0
 0 1 1 0]
2025-12-21 18:20:37,338 - [DEBUG] - y_rrl_: (1447,) [0 0 0 0 0 0 0 0 0 0 0 0 0 0 0 0 0 0 0 0 0 0 0 0 0 0 0 0 0 0 0 0 0 0 0 0 0
 0 0 0 0]
2025-12-21 18:20:37,339 - [DEBUG] - y_rrl: (1447, 2) [[ 1.0189248 -1.0732089]
 [ 1.0189248 -1.0732089]
 [ 1.0189248 -1.0732089]
 [ 1.0189248 -1.0732089]
 [ 1.0189248 -1.0732089]
 [ 1.0189248 -1.0732089]
 [ 1.0189248 -1.0732089]
 [ 1.0189248 -1.0732089]
 [ 1.0189248 -1.0732089]
 [ 1.0189248 -1.0732089]
 [ 1.0189248 -1.0732089]
 [ 1.0189248 -1.0732089]
 [ 1.0189248 -1.0732089]
 [ 1.0189248 -1.0732089]
 [ 1.0189248 -1.0732089]
 [ 1.0189248 -1.0732089]
 [ 1.0189248 -1.0732089]
 [ 1.0189248 -1.0732089]
 [ 1.0189248 -1.0732089]
 [ 1.0189248 -1.0732089]
 [ 1.0189248 -1.0732089]
 [ 1.0189248 -1.0732089]
 [ 1.0189248 -1.0732089]
 [ 1.0189248 -1.0732089]
 [ 1.0189248 -1.0732089]
 [ 1.0189248 -1.0732089]
 [ 1.0189248 -1.0732089]
 [ 1.0189248 -1.0732089]
 [ 1.0189248 -1.0732089]
 [ 1.0189248 -1.0732089]
 [ 1.0189248 -1.0732089]
 [ 1.0189248 -1.0732089]
 [ 1.0189248 -1.0732089]
 [ 1.0189248 -1.0732089]
 [ 1.0189248 -1.0732089]
 [ 1.0189248 -1.0732089]
 [ 1.0189248 -1.0732089]
 [ 1.0189248 -1.0732089]
 [ 1.0189248 -1.0732089]
 [ 1.0189248 -1.0732089]
 [ 1.0189248 -1.0732089]]
2025-12-21 18:20:37,341 - [INFO] - ------------------------------------------------------------
2025-12-21 18:20:37,341 - [INFO] - On Validation Set:
	Accuracy of RRL  Model: 0.8887353144436766
	F1 Score of RRL  Model: 0.47054518843761434
2025-12-21 18:20:37,346 - [INFO] - On Validation Set:
Performance of  RRL Model: 
[[1286    0]
 [ 161    0]]
              precision    recall  f1-score   support

           0       0.89      1.00      0.94      1286
           1       0.00      0.00      0.00       161

    accuracy                           0.89      1447
   macro avg       0.44      0.50      0.47      1447
weighted avg       0.79      0.89      0.84      1447

2025-12-21 18:20:37,346 - [INFO] - ------------------------------------------------------------
2025-12-21 18:20:38,239 - [INFO] - epoch: 11, loss_rrl: 162.30426494032145
2025-12-21 18:20:40,097 - [DEBUG] - y_true: (1447,) [0 0 0 0 0 1 0 0 0 0 0 0 0 0 0 0 0 1 0 0 0 0 0 0 1 0 0 0 0 0 0 0 0 0 0 0 0
 0 1 1 0]
2025-12-21 18:20:40,463 - [DEBUG] - y_rrl_: (1447,) [0 0 0 0 0 0 0 0 0 0 0 0 0 0 0 0 0 0 0 0 0 0 0 0 0 0 0 0 0 0 0 0 0 0 0 0 0
 0 0 0 0]
2025-12-21 18:20:40,464 - [DEBUG] - y_rrl: (1447, 2) [[ 1.0077045 -1.0618782]
 [ 1.0077045 -1.0618782]
 [ 1.0077045 -1.0618782]
 [ 1.0077045 -1.0618782]
 [ 1.0077045 -1.0618782]
 [ 1.0077045 -1.0618782]
 [ 1.0077045 -1.0618782]
 [ 1.0077045 -1.0618782]
 [ 1.0077045 -1.0618782]
 [ 1.0077045 -1.0618782]
 [ 1.0077045 -1.0618782]
 [ 1.0077045 -1.0618782]
 [ 1.0077045 -1.0618782]
 [ 1.0077045 -1.0618782]
 [ 1.0077045 -1.0618782]
 [ 1.0077045 -1.0618782]
 [ 1.0077045 -1.0618782]
 [ 1.0077045 -1.0618782]
 [ 1.0077045 -1.0618782]
 [ 1.0077045 -1.0618782]
 [ 1.0077045 -1.0618782]
 [ 1.0077045 -1.0618782]
 [ 1.0077045 -1.0618782]
 [ 1.0077045 -1.0618782]
 [ 1.0077045 -1.0618782]
 [ 1.0077045 -1.0618782]
 [ 1.0077045 -1.0618782]
 [ 1.0077045 -1.0618782]
 [ 1.0077045 -1.0618782]
 [ 1.0077045 -1.0618782]
 [ 1.0077045 -1.0618782]
 [ 1.0077045 -1.0618782]
 [ 1.0077045 -1.0618782]
 [ 1.0077045 -1.0618782]
 [ 1.0077045 -1.0618782]
 [ 1.0077045 -1.0618782]
 [ 1.0077045 -1.0618782]
 [ 1.0077045 -1.0618782]
 [ 1.0077045 -1.0618782]
 [ 1.0077045 -1.0618782]
 [ 1.0077045 -1.0618782]]
2025-12-21 18:20:40,466 - [INFO] - ------------------------------------------------------------
2025-12-21 18:20:40,466 - [INFO] - On Validation Set:
	Accuracy of RRL  Model: 0.8887353144436766
	F1 Score of RRL  Model: 0.47054518843761434
2025-12-21 18:20:40,471 - [INFO] - On Validation Set:
Performance of  RRL Model: 
[[1286    0]
 [ 161    0]]
              precision    recall  f1-score   support

           0       0.89      1.00      0.94      1286
           1       0.00      0.00      0.00       161

    accuracy                           0.89      1447
   macro avg       0.44      0.50      0.47      1447
weighted avg       0.79      0.89      0.84      1447

2025-12-21 18:20:40,471 - [INFO] - ------------------------------------------------------------
2025-12-21 18:20:40,940 - [INFO] - epoch: 12, loss_rrl: 162.31254186481237
2025-12-21 18:20:43,119 - [DEBUG] - y_true: (1447,) [0 0 0 0 0 1 0 0 0 0 0 0 0 0 0 0 0 1 0 0 0 0 0 0 1 0 0 0 0 0 0 0 0 0 0 0 0
 0 1 1 0]
2025-12-21 18:20:43,439 - [DEBUG] - y_rrl_: (1447,) [0 0 0 0 0 0 0 0 0 0 0 0 0 0 0 0 0 0 0 0 0 0 0 0 0 0 0 0 0 0 0 0 0 0 0 0 0
 0 0 0 0]
2025-12-21 18:20:43,440 - [DEBUG] - y_rrl: (1447, 2) [[ 0.9346585 -0.9887226]
 [ 0.9346585 -0.9887226]
 [ 0.9346585 -0.9887226]
 [ 0.9346585 -0.9887226]
 [ 0.9346585 -0.9887226]
 [ 0.9346585 -0.9887226]
 [ 0.9346585 -0.9887226]
 [ 0.9346585 -0.9887226]
 [ 0.9346585 -0.9887226]
 [ 0.9346585 -0.9887226]
 [ 0.9346585 -0.9887226]
 [ 0.9346585 -0.9887226]
 [ 0.9346585 -0.9887226]
 [ 0.9346585 -0.9887226]
 [ 0.9346585 -0.9887226]
 [ 0.9346585 -0.9887226]
 [ 0.9346585 -0.9887226]
 [ 0.9346585 -0.9887226]
 [ 0.9346585 -0.9887226]
 [ 0.9346585 -0.9887226]
 [ 0.9346585 -0.9887226]
 [ 0.9346585 -0.9887226]
 [ 0.9346585 -0.9887226]
 [ 0.9346585 -0.9887226]
 [ 0.9346585 -0.9887226]
 [ 0.9346585 -0.9887226]
 [ 0.9346585 -0.9887226]
 [ 0.9346585 -0.9887226]
 [ 0.9346585 -0.9887226]
 [ 0.9346585 -0.9887226]
 [ 0.9346585 -0.9887226]
 [ 0.9346585 -0.9887226]
 [ 0.9346585 -0.9887226]
 [ 0.9346585 -0.9887226]
 [ 0.9346585 -0.9887226]
 [ 0.9346585 -0.9887226]
 [ 0.9346585 -0.9887226]
 [ 0.9346585 -0.9887226]
 [ 0.9346585 -0.9887226]
 [ 0.9346585 -0.9887226]
 [ 0.9346585 -0.9887226]]
2025-12-21 18:20:43,441 - [INFO] - ------------------------------------------------------------
2025-12-21 18:20:43,442 - [INFO] - On Validation Set:
	Accuracy of RRL  Model: 0.8887353144436766
	F1 Score of RRL  Model: 0.47054518843761434
2025-12-21 18:20:43,447 - [INFO] - On Validation Set:
Performance of  RRL Model: 
[[1286    0]
 [ 161    0]]
              precision    recall  f1-score   support

           0       0.89      1.00      0.94      1286
           1       0.00      0.00      0.00       161

    accuracy                           0.89      1447
   macro avg       0.44      0.50      0.47      1447
weighted avg       0.79      0.89      0.84      1447

2025-12-21 18:20:43,447 - [INFO] - ------------------------------------------------------------
2025-12-21 18:20:43,550 - [INFO] - epoch: 13, loss_rrl: 162.31991452723742
2025-12-21 18:20:46,313 - [INFO] - epoch: 14, loss_rrl: 162.32588082551956
2025-12-21 18:20:46,627 - [DEBUG] - y_true: (1447,) [0 0 0 0 0 1 0 0 0 0 0 0 0 0 0 0 0 1 0 0 0 0 0 0 1 0 0 0 0 0 0 0 0 0 0 0 0
 0 1 1 0]
2025-12-21 18:20:46,965 - [DEBUG] - y_rrl_: (1447,) [0 0 0 0 0 0 0 0 0 0 0 0 0 0 0 0 0 0 0 0 0 0 0 0 0 0 0 0 0 0 0 0 0 0 0 0 0
 0 0 0 0]
2025-12-21 18:20:46,966 - [DEBUG] - y_rrl: (1447, 2) [[ 0.97904813 -1.0330012 ]
 [ 0.97904813 -1.0330012 ]
 [ 0.97904813 -1.0330012 ]
 [ 0.97904813 -1.0330012 ]
 [ 0.97904813 -1.0330012 ]
 [ 0.97904813 -1.0330012 ]
 [ 0.97904813 -1.0330012 ]
 [ 0.97904813 -1.0330012 ]
 [ 0.97904813 -1.0330012 ]
 [ 0.97904813 -1.0330012 ]
 [ 0.97904813 -1.0330012 ]
 [ 0.97904813 -1.0330012 ]
 [ 0.97904813 -1.0330012 ]
 [ 0.97904813 -1.0330012 ]
 [ 0.97904813 -1.0330012 ]
 [ 0.97904813 -1.0330012 ]
 [ 0.97904813 -1.0330012 ]
 [ 0.97904813 -1.0330012 ]
 [ 0.97904813 -1.0330012 ]
 [ 0.97904813 -1.0330012 ]
 [ 0.97904813 -1.0330012 ]
 [ 0.97904813 -1.0330012 ]
 [ 0.97904813 -1.0330012 ]
 [ 0.97904813 -1.0330012 ]
 [ 0.97904813 -1.0330012 ]
 [ 0.97904813 -1.0330012 ]
 [ 0.97904813 -1.0330012 ]
 [ 0.97904813 -1.0330012 ]
 [ 0.97904813 -1.0330012 ]
 [ 0.97904813 -1.0330012 ]
 [ 0.97904813 -1.0330012 ]
 [ 0.97904813 -1.0330012 ]
 [ 0.97904813 -1.0330012 ]
 [ 0.97904813 -1.0330012 ]
 [ 0.97904813 -1.0330012 ]
 [ 0.97904813 -1.0330012 ]
 [ 0.97904813 -1.0330012 ]
 [ 0.97904813 -1.0330012 ]
 [ 0.97904813 -1.0330012 ]
 [ 0.97904813 -1.0330012 ]
 [ 0.97904813 -1.0330012 ]]
2025-12-21 18:20:46,968 - [INFO] - ------------------------------------------------------------
2025-12-21 18:20:46,968 - [INFO] - On Validation Set:
	Accuracy of RRL  Model: 0.8887353144436766
	F1 Score of RRL  Model: 0.47054518843761434
2025-12-21 18:20:46,973 - [INFO] - On Validation Set:
Performance of  RRL Model: 
[[1286    0]
 [ 161    0]]
              precision    recall  f1-score   support

           0       0.89      1.00      0.94      1286
           1       0.00      0.00      0.00       161

    accuracy                           0.89      1447
   macro avg       0.44      0.50      0.47      1447
weighted avg       0.79      0.89      0.84      1447

2025-12-21 18:20:46,973 - [INFO] - ------------------------------------------------------------
2025-12-21 18:20:49,227 - [INFO] - epoch: 15, loss_rrl: 162.3300600349903
2025-12-21 18:20:49,970 - [DEBUG] - y_true: (1447,) [0 0 0 0 0 1 0 0 0 0 0 0 0 0 0 0 0 1 0 0 0 0 0 0 1 0 0 0 0 0 0 0 0 0 0 0 0
 0 1 1 0]
2025-12-21 18:20:50,307 - [DEBUG] - y_rrl_: (1447,) [0 0 0 0 0 0 0 0 0 0 0 0 0 0 0 0 0 0 0 0 0 0 0 0 0 0 0 0 0 0 0 0 0 0 0 0 0
 0 0 0 0]
2025-12-21 18:20:50,308 - [DEBUG] - y_rrl: (1447, 2) [[ 1.0784212 -1.1322637]
 [ 1.0784212 -1.1322637]
 [ 1.0784212 -1.1322637]
 [ 1.0784212 -1.1322637]
 [ 1.0784212 -1.1322637]
 [ 1.0784212 -1.1322637]
 [ 1.0784212 -1.1322637]
 [ 1.0784212 -1.1322637]
 [ 1.0784212 -1.1322637]
 [ 1.0784212 -1.1322637]
 [ 1.0784212 -1.1322637]
 [ 1.0784212 -1.1322637]
 [ 1.0784212 -1.1322637]
 [ 1.0784212 -1.1322637]
 [ 1.0784212 -1.1322637]
 [ 1.0784212 -1.1322637]
 [ 1.0784212 -1.1322637]
 [ 1.0784212 -1.1322637]
 [ 1.0784212 -1.1322637]
 [ 1.0784212 -1.1322637]
 [ 1.0784212 -1.1322637]
 [ 1.0784212 -1.1322637]
 [ 1.0784212 -1.1322637]
 [ 1.0784212 -1.1322637]
 [ 1.0784212 -1.1322637]
 [ 1.0784212 -1.1322637]
 [ 1.0784212 -1.1322637]
 [ 1.0784212 -1.1322637]
 [ 1.0784212 -1.1322637]
 [ 1.0784212 -1.1322637]
 [ 1.0784212 -1.1322637]
 [ 1.0784212 -1.1322637]
 [ 1.0784212 -1.1322637]
 [ 1.0784212 -1.1322637]
 [ 1.0784212 -1.1322637]
 [ 1.0784212 -1.1322637]
 [ 1.0784212 -1.1322637]
 [ 1.0784212 -1.1322637]
 [ 1.0784212 -1.1322637]
 [ 1.0784212 -1.1322637]
 [ 1.0784212 -1.1322637]]
2025-12-21 18:20:50,310 - [INFO] - ------------------------------------------------------------
2025-12-21 18:20:50,310 - [INFO] - On Validation Set:
	Accuracy of RRL  Model: 0.8887353144436766
	F1 Score of RRL  Model: 0.47054518843761434
2025-12-21 18:20:50,315 - [INFO] - On Validation Set:
Performance of  RRL Model: 
[[1286    0]
 [ 161    0]]
              precision    recall  f1-score   support

           0       0.89      1.00      0.94      1286
           1       0.00      0.00      0.00       161

    accuracy                           0.89      1447
   macro avg       0.44      0.50      0.47      1447
weighted avg       0.79      0.89      0.84      1447

2025-12-21 18:20:50,315 - [INFO] - ------------------------------------------------------------
2025-12-21 18:20:52,170 - [INFO] - epoch: 16, loss_rrl: 162.3323582187295
2025-12-21 18:20:53,311 - [DEBUG] - y_true: (1447,) [0 0 0 0 0 1 0 0 0 0 0 0 0 0 0 0 0 1 0 0 0 0 0 0 1 0 0 0 0 0 0 0 0 0 0 0 0
 0 1 1 0]
2025-12-21 18:20:53,652 - [DEBUG] - y_rrl_: (1447,) [0 0 0 0 0 0 0 0 0 0 0 0 0 0 0 0 0 0 0 0 0 0 0 0 0 0 0 0 0 0 0 0 0 0 0 0 0
 0 0 0 0]
2025-12-21 18:20:53,652 - [DEBUG] - y_rrl: (1447, 2) [[ 1.1128129 -1.1665434]
 [ 1.1128129 -1.1665434]
 [ 1.1128129 -1.1665434]
 [ 1.1128129 -1.1665434]
 [ 1.1128129 -1.1665434]
 [ 1.1128129 -1.1665434]
 [ 1.1128129 -1.1665434]
 [ 1.1128129 -1.1665434]
 [ 1.1128129 -1.1665434]
 [ 1.1128129 -1.1665434]
 [ 1.1128129 -1.1665434]
 [ 1.1128129 -1.1665434]
 [ 1.1128129 -1.1665434]
 [ 1.1128129 -1.1665434]
 [ 1.1128129 -1.1665434]
 [ 1.1128129 -1.1665434]
 [ 1.1128129 -1.1665434]
 [ 1.1128129 -1.1665434]
 [ 1.1128129 -1.1665434]
 [ 1.1128129 -1.1665434]
 [ 1.1128129 -1.1665434]
 [ 1.1128129 -1.1665434]
 [ 1.1128129 -1.1665434]
 [ 1.1128129 -1.1665434]
 [ 1.1128129 -1.1665434]
 [ 1.1128129 -1.1665434]
 [ 1.1128129 -1.1665434]
 [ 1.1128129 -1.1665434]
 [ 1.1128129 -1.1665434]
 [ 1.1128129 -1.1665434]
 [ 1.1128129 -1.1665434]
 [ 1.1128129 -1.1665434]
 [ 1.1128129 -1.1665434]
 [ 1.1128129 -1.1665434]
 [ 1.1128129 -1.1665434]
 [ 1.1128129 -1.1665434]
 [ 1.1128129 -1.1665434]
 [ 1.1128129 -1.1665434]
 [ 1.1128129 -1.1665434]
 [ 1.1128129 -1.1665434]
 [ 1.1128129 -1.1665434]]
2025-12-21 18:20:53,654 - [INFO] - ------------------------------------------------------------
2025-12-21 18:20:53,654 - [INFO] - On Validation Set:
	Accuracy of RRL  Model: 0.8887353144436766
	F1 Score of RRL  Model: 0.47054518843761434
2025-12-21 18:20:53,659 - [INFO] - On Validation Set:
Performance of  RRL Model: 
[[1286    0]
 [ 161    0]]
              precision    recall  f1-score   support

           0       0.89      1.00      0.94      1286
           1       0.00      0.00      0.00       161

    accuracy                           0.89      1447
   macro avg       0.44      0.50      0.47      1447
weighted avg       0.79      0.89      0.84      1447

2025-12-21 18:20:53,660 - [INFO] - ------------------------------------------------------------
2025-12-21 18:20:55,075 - [INFO] - epoch: 17, loss_rrl: 162.3329354301095
2025-12-21 18:20:56,630 - [DEBUG] - y_true: (1447,) [0 0 0 0 0 1 0 0 0 0 0 0 0 0 0 0 0 1 0 0 0 0 0 0 1 0 0 0 0 0 0 0 0 0 0 0 0
 0 1 1 0]
2025-12-21 18:20:56,969 - [DEBUG] - y_rrl_: (1447,) [0 0 0 0 0 0 0 0 0 0 0 0 0 0 0 0 0 0 0 0 0 0 0 0 0 0 0 0 0 0 0 0 0 0 0 0 0
 0 0 0 0]
2025-12-21 18:20:56,970 - [DEBUG] - y_rrl: (1447, 2) [[ 1.0404801 -1.0940976]
 [ 1.0404801 -1.0940976]
 [ 1.0404801 -1.0940976]
 [ 1.0404801 -1.0940976]
 [ 1.0404801 -1.0940976]
 [ 1.0404801 -1.0940976]
 [ 1.0404801 -1.0940976]
 [ 1.0404801 -1.0940976]
 [ 1.0404801 -1.0940976]
 [ 1.0404801 -1.0940976]
 [ 1.0404801 -1.0940976]
 [ 1.0404801 -1.0940976]
 [ 1.0404801 -1.0940976]
 [ 1.0404801 -1.0940976]
 [ 1.0404801 -1.0940976]
 [ 1.0404801 -1.0940976]
 [ 1.0404801 -1.0940976]
 [ 1.0404801 -1.0940976]
 [ 1.0404801 -1.0940976]
 [ 1.0404801 -1.0940976]
 [ 1.0404801 -1.0940976]
 [ 1.0404801 -1.0940976]
 [ 1.0404801 -1.0940976]
 [ 1.0404801 -1.0940976]
 [ 1.0404801 -1.0940976]
 [ 1.0404801 -1.0940976]
 [ 1.0404801 -1.0940976]
 [ 1.0404801 -1.0940976]
 [ 1.0404801 -1.0940976]
 [ 1.0404801 -1.0940976]
 [ 1.0404801 -1.0940976]
 [ 1.0404801 -1.0940976]
 [ 1.0404801 -1.0940976]
 [ 1.0404801 -1.0940976]
 [ 1.0404801 -1.0940976]
 [ 1.0404801 -1.0940976]
 [ 1.0404801 -1.0940976]
 [ 1.0404801 -1.0940976]
 [ 1.0404801 -1.0940976]
 [ 1.0404801 -1.0940976]
 [ 1.0404801 -1.0940976]]
2025-12-21 18:20:56,972 - [INFO] - ------------------------------------------------------------
2025-12-21 18:20:56,972 - [INFO] - On Validation Set:
	Accuracy of RRL  Model: 0.8887353144436766
	F1 Score of RRL  Model: 0.47054518843761434
2025-12-21 18:20:56,977 - [INFO] - On Validation Set:
Performance of  RRL Model: 
[[1286    0]
 [ 161    0]]
              precision    recall  f1-score   support

           0       0.89      1.00      0.94      1286
           1       0.00      0.00      0.00       161

    accuracy                           0.89      1447
   macro avg       0.44      0.50      0.47      1447
weighted avg       0.79      0.89      0.84      1447

2025-12-21 18:20:56,977 - [INFO] - ------------------------------------------------------------
2025-12-21 18:20:57,978 - [INFO] - epoch: 18, loss_rrl: 162.3321938738227
2025-12-21 18:20:59,961 - [DEBUG] - y_true: (1447,) [0 0 0 0 0 1 0 0 0 0 0 0 0 0 0 0 0 1 0 0 0 0 0 0 1 0 0 0 0 0 0 0 0 0 0 0 0
 0 1 1 0]
2025-12-21 18:21:00,303 - [DEBUG] - y_rrl_: (1447,) [0 0 0 0 0 0 0 0 0 0 0 0 0 0 0 0 0 0 0 0 0 0 0 0 0 0 0 0 0 0 0 0 0 0 0 0 0
 0 0 0 0]
2025-12-21 18:21:00,303 - [DEBUG] - y_rrl: (1447, 2) [[ 1.0607142 -1.1142191]
 [ 1.0607142 -1.1142191]
 [ 1.0607142 -1.1142191]
 [ 1.0607142 -1.1142191]
 [ 1.0607142 -1.1142191]
 [ 1.0607142 -1.1142191]
 [ 1.0607142 -1.1142191]
 [ 1.0607142 -1.1142191]
 [ 1.0607142 -1.1142191]
 [ 1.0607142 -1.1142191]
 [ 1.0607142 -1.1142191]
 [ 1.0607142 -1.1142191]
 [ 1.0607142 -1.1142191]
 [ 1.0607142 -1.1142191]
 [ 1.0607142 -1.1142191]
 [ 1.0607142 -1.1142191]
 [ 1.0607142 -1.1142191]
 [ 1.0607142 -1.1142191]
 [ 1.0607142 -1.1142191]
 [ 1.0607142 -1.1142191]
 [ 1.0607142 -1.1142191]
 [ 1.0607142 -1.1142191]
 [ 1.0607142 -1.1142191]
 [ 1.0607142 -1.1142191]
 [ 1.0607142 -1.1142191]
 [ 1.0607142 -1.1142191]
 [ 1.0607142 -1.1142191]
 [ 1.0607142 -1.1142191]
 [ 1.0607142 -1.1142191]
 [ 1.0607142 -1.1142191]
 [ 1.0607142 -1.1142191]
 [ 1.0607142 -1.1142191]
 [ 1.0607142 -1.1142191]
 [ 1.0607142 -1.1142191]
 [ 1.0607142 -1.1142191]
 [ 1.0607142 -1.1142191]
 [ 1.0607142 -1.1142191]
 [ 1.0607142 -1.1142191]
 [ 1.0607142 -1.1142191]
 [ 1.0607142 -1.1142191]
 [ 1.0607142 -1.1142191]]
2025-12-21 18:21:00,305 - [INFO] - ------------------------------------------------------------
2025-12-21 18:21:00,305 - [INFO] - On Validation Set:
	Accuracy of RRL  Model: 0.8887353144436766
	F1 Score of RRL  Model: 0.47054518843761434
2025-12-21 18:21:00,311 - [INFO] - On Validation Set:
Performance of  RRL Model: 
[[1286    0]
 [ 161    0]]
              precision    recall  f1-score   support

           0       0.89      1.00      0.94      1286
           1       0.00      0.00      0.00       161

    accuracy                           0.89      1447
   macro avg       0.44      0.50      0.47      1447
weighted avg       0.79      0.89      0.84      1447

2025-12-21 18:21:00,311 - [INFO] - ------------------------------------------------------------
2025-12-21 18:21:00,899 - [INFO] - epoch: 19, loss_rrl: 162.3306203186512
2025-12-21 18:21:03,284 - [DEBUG] - y_true: (1447,) [0 0 0 0 0 1 0 0 0 0 0 0 0 0 0 0 0 1 0 0 0 0 0 0 1 0 0 0 0 0 0 0 0 0 0 0 0
 0 1 1 0]
2025-12-21 18:21:03,627 - [DEBUG] - y_rrl_: (1447,) [0 0 0 0 0 0 0 0 0 0 0 0 0 0 0 0 0 0 0 0 0 0 0 0 0 0 0 0 0 0 0 0 0 0 0 0 0
 0 0 0 0]
2025-12-21 18:21:03,627 - [DEBUG] - y_rrl: (1447, 2) [[ 0.99331164 -1.0467033 ]
 [ 0.99331164 -1.0467033 ]
 [ 0.99331164 -1.0467033 ]
 [ 0.99331164 -1.0467033 ]
 [ 0.99331164 -1.0467033 ]
 [ 0.99331164 -1.0467033 ]
 [ 0.99331164 -1.0467033 ]
 [ 0.99331164 -1.0467033 ]
 [ 0.99331164 -1.0467033 ]
 [ 0.99331164 -1.0467033 ]
 [ 0.99331164 -1.0467033 ]
 [ 0.99331164 -1.0467033 ]
 [ 0.99331164 -1.0467033 ]
 [ 0.99331164 -1.0467033 ]
 [ 0.99331164 -1.0467033 ]
 [ 0.99331164 -1.0467033 ]
 [ 0.99331164 -1.0467033 ]
 [ 0.99331164 -1.0467033 ]
 [ 0.99331164 -1.0467033 ]
 [ 0.99331164 -1.0467033 ]
 [ 0.99331164 -1.0467033 ]
 [ 0.99331164 -1.0467033 ]
 [ 0.99331164 -1.0467033 ]
 [ 0.99331164 -1.0467033 ]
 [ 0.99331164 -1.0467033 ]
 [ 0.99331164 -1.0467033 ]
 [ 0.99331164 -1.0467033 ]
 [ 0.99331164 -1.0467033 ]
 [ 0.99331164 -1.0467033 ]
 [ 0.99331164 -1.0467033 ]
 [ 0.99331164 -1.0467033 ]
 [ 0.99331164 -1.0467033 ]
 [ 0.99331164 -1.0467033 ]
 [ 0.99331164 -1.0467033 ]
 [ 0.99331164 -1.0467033 ]
 [ 0.99331164 -1.0467033 ]
 [ 0.99331164 -1.0467033 ]
 [ 0.99331164 -1.0467033 ]
 [ 0.99331164 -1.0467033 ]
 [ 0.99331164 -1.0467033 ]
 [ 0.99331164 -1.0467033 ]]
2025-12-21 18:21:03,629 - [INFO] - ------------------------------------------------------------
2025-12-21 18:21:03,629 - [INFO] - On Validation Set:
	Accuracy of RRL  Model: 0.8887353144436766
	F1 Score of RRL  Model: 0.47054518843761434
2025-12-21 18:21:03,635 - [INFO] - On Validation Set:
Performance of  RRL Model: 
[[1286    0]
 [ 161    0]]
              precision    recall  f1-score   support

           0       0.89      1.00      0.94      1286
           1       0.00      0.00      0.00       161

    accuracy                           0.89      1447
   macro avg       0.44      0.50      0.47      1447
weighted avg       0.79      0.89      0.84      1447

2025-12-21 18:21:03,635 - [INFO] - ------------------------------------------------------------
2025-12-21 18:21:03,809 - [INFO] - epoch: 20, loss_rrl: 162.3285889774561
2025-12-21 18:21:06,349 - [INFO] - epoch: 21, loss_rrl: 162.32632905244827
2025-12-21 18:21:06,607 - [DEBUG] - y_true: (1447,) [0 0 0 0 0 1 0 0 0 0 0 0 0 0 0 0 0 1 0 0 0 0 0 0 1 0 0 0 0 0 0 0 0 0 0 0 0
 0 1 1 0]
2025-12-21 18:21:06,948 - [DEBUG] - y_rrl_: (1447,) [0 0 0 0 0 0 0 0 0 0 0 0 0 0 0 0 0 0 0 0 0 0 0 0 0 0 0 0 0 0 0 0 0 0 0 0 0
 0 0 0 0]
2025-12-21 18:21:06,948 - [DEBUG] - y_rrl: (1447, 2) [[ 1.115383  -1.1686621]
 [ 1.115383  -1.1686621]
 [ 1.115383  -1.1686621]
 [ 1.115383  -1.1686621]
 [ 1.115383  -1.1686621]
 [ 1.115383  -1.1686621]
 [ 1.115383  -1.1686621]
 [ 1.115383  -1.1686621]
 [ 1.115383  -1.1686621]
 [ 1.115383  -1.1686621]
 [ 1.115383  -1.1686621]
 [ 1.115383  -1.1686621]
 [ 1.115383  -1.1686621]
 [ 1.115383  -1.1686621]
 [ 1.115383  -1.1686621]
 [ 1.115383  -1.1686621]
 [ 1.115383  -1.1686621]
 [ 1.115383  -1.1686621]
 [ 1.115383  -1.1686621]
 [ 1.115383  -1.1686621]
 [ 1.115383  -1.1686621]
 [ 1.115383  -1.1686621]
 [ 1.115383  -1.1686621]
 [ 1.115383  -1.1686621]
 [ 1.115383  -1.1686621]
 [ 1.115383  -1.1686621]
 [ 1.115383  -1.1686621]
 [ 1.115383  -1.1686621]
 [ 1.115383  -1.1686621]
 [ 1.115383  -1.1686621]
 [ 1.115383  -1.1686621]
 [ 1.115383  -1.1686621]
 [ 1.115383  -1.1686621]
 [ 1.115383  -1.1686621]
 [ 1.115383  -1.1686621]
 [ 1.115383  -1.1686621]
 [ 1.115383  -1.1686621]
 [ 1.115383  -1.1686621]
 [ 1.115383  -1.1686621]
 [ 1.115383  -1.1686621]
 [ 1.115383  -1.1686621]]
2025-12-21 18:21:06,950 - [INFO] - ------------------------------------------------------------
2025-12-21 18:21:06,950 - [INFO] - On Validation Set:
	Accuracy of RRL  Model: 0.8887353144436766
	F1 Score of RRL  Model: 0.47054518843761434
2025-12-21 18:21:06,956 - [INFO] - On Validation Set:
Performance of  RRL Model: 
[[1286    0]
 [ 161    0]]
              precision    recall  f1-score   support

           0       0.89      1.00      0.94      1286
           1       0.00      0.00      0.00       161

    accuracy                           0.89      1447
   macro avg       0.44      0.50      0.47      1447
weighted avg       0.79      0.89      0.84      1447

2025-12-21 18:21:06,956 - [INFO] - ------------------------------------------------------------
2025-12-21 18:21:09,261 - [INFO] - epoch: 22, loss_rrl: 162.3240104392171
2025-12-21 18:21:09,932 - [DEBUG] - y_true: (1447,) [0 0 0 0 0 1 0 0 0 0 0 0 0 0 0 0 0 1 0 0 0 0 0 0 1 0 0 0 0 0 0 0 0 0 0 0 0
 0 1 1 0]
2025-12-21 18:21:10,275 - [DEBUG] - y_rrl_: (1447,) [0 0 0 0 0 0 0 0 0 0 0 0 0 0 0 0 0 0 0 0 0 0 0 0 0 0 0 0 0 0 0 0 0 0 0 0 0
 0 0 0 0]
2025-12-21 18:21:10,276 - [DEBUG] - y_rrl: (1447, 2) [[ 1.0865594 -1.1397254]
 [ 1.0865594 -1.1397254]
 [ 1.0865594 -1.1397254]
 [ 1.0865594 -1.1397254]
 [ 1.0865594 -1.1397254]
 [ 1.0865594 -1.1397254]
 [ 1.0865594 -1.1397254]
 [ 1.0865594 -1.1397254]
 [ 1.0865594 -1.1397254]
 [ 1.0865594 -1.1397254]
 [ 1.0865594 -1.1397254]
 [ 1.0865594 -1.1397254]
 [ 1.0865594 -1.1397254]
 [ 1.0865594 -1.1397254]
 [ 1.0865594 -1.1397254]
 [ 1.0865594 -1.1397254]
 [ 1.0865594 -1.1397254]
 [ 1.0865594 -1.1397254]
 [ 1.0865594 -1.1397254]
 [ 1.0865594 -1.1397254]
 [ 1.0865594 -1.1397254]
 [ 1.0865594 -1.1397254]
 [ 1.0865594 -1.1397254]
 [ 1.0865594 -1.1397254]
 [ 1.0865594 -1.1397254]
 [ 1.0865594 -1.1397254]
 [ 1.0865594 -1.1397254]
 [ 1.0865594 -1.1397254]
 [ 1.0865594 -1.1397254]
 [ 1.0865594 -1.1397254]
 [ 1.0865594 -1.1397254]
 [ 1.0865594 -1.1397254]
 [ 1.0865594 -1.1397254]
 [ 1.0865594 -1.1397254]
 [ 1.0865594 -1.1397254]
 [ 1.0865594 -1.1397254]
 [ 1.0865594 -1.1397254]
 [ 1.0865594 -1.1397254]
 [ 1.0865594 -1.1397254]
 [ 1.0865594 -1.1397254]
 [ 1.0865594 -1.1397254]]
2025-12-21 18:21:10,278 - [INFO] - ------------------------------------------------------------
2025-12-21 18:21:10,278 - [INFO] - On Validation Set:
	Accuracy of RRL  Model: 0.8887353144436766
	F1 Score of RRL  Model: 0.47054518843761434
2025-12-21 18:21:10,283 - [INFO] - On Validation Set:
Performance of  RRL Model: 
[[1286    0]
 [ 161    0]]
              precision    recall  f1-score   support

           0       0.89      1.00      0.94      1286
           1       0.00      0.00      0.00       161

    accuracy                           0.89      1447
   macro avg       0.44      0.50      0.47      1447
weighted avg       0.79      0.89      0.84      1447

2025-12-21 18:21:10,283 - [INFO] - ------------------------------------------------------------
2025-12-21 18:21:12,173 - [INFO] - epoch: 23, loss_rrl: 162.32172747701406
2025-12-21 18:21:13,392 - [DEBUG] - y_true: (1447,) [0 0 0 0 0 1 0 0 0 0 0 0 0 0 0 0 0 1 0 0 0 0 0 0 1 0 0 0 0 0 0 0 0 0 0 0 0
 0 1 1 0]
2025-12-21 18:21:13,706 - [DEBUG] - y_rrl_: (1447,) [0 0 0 0 0 0 0 0 0 0 0 0 0 0 0 0 0 0 0 0 0 0 0 0 0 0 0 0 0 0 0 0 0 0 0 0 0
 0 0 0 0]
2025-12-21 18:21:13,706 - [DEBUG] - y_rrl: (1447, 2) [[ 1.1380749 -1.1911274]
 [ 1.1380749 -1.1911274]
 [ 1.1380749 -1.1911274]
 [ 1.1380749 -1.1911274]
 [ 1.1380749 -1.1911274]
 [ 1.1380749 -1.1911274]
 [ 1.1380749 -1.1911274]
 [ 1.1380749 -1.1911274]
 [ 1.1380749 -1.1911274]
 [ 1.1380749 -1.1911274]
 [ 1.1380749 -1.1911274]
 [ 1.1380749 -1.1911274]
 [ 1.1380749 -1.1911274]
 [ 1.1380749 -1.1911274]
 [ 1.1380749 -1.1911274]
 [ 1.1380749 -1.1911274]
 [ 1.1380749 -1.1911274]
 [ 1.1380749 -1.1911274]
 [ 1.1380749 -1.1911274]
 [ 1.1380749 -1.1911274]
 [ 1.1380749 -1.1911274]
 [ 1.1380749 -1.1911274]
 [ 1.1380749 -1.1911274]
 [ 1.1380749 -1.1911274]
 [ 1.1380749 -1.1911274]
 [ 1.1380749 -1.1911274]
 [ 1.1380749 -1.1911274]
 [ 1.1380749 -1.1911274]
 [ 1.1380749 -1.1911274]
 [ 1.1380749 -1.1911274]
 [ 1.1380749 -1.1911274]
 [ 1.1380749 -1.1911274]
 [ 1.1380749 -1.1911274]
 [ 1.1380749 -1.1911274]
 [ 1.1380749 -1.1911274]
 [ 1.1380749 -1.1911274]
 [ 1.1380749 -1.1911274]
 [ 1.1380749 -1.1911274]
 [ 1.1380749 -1.1911274]
 [ 1.1380749 -1.1911274]
 [ 1.1380749 -1.1911274]]
2025-12-21 18:21:13,708 - [INFO] - ------------------------------------------------------------
2025-12-21 18:21:13,708 - [INFO] - On Validation Set:
	Accuracy of RRL  Model: 0.8887353144436766
	F1 Score of RRL  Model: 0.47054518843761434
2025-12-21 18:21:13,714 - [INFO] - On Validation Set:
Performance of  RRL Model: 
[[1286    0]
 [ 161    0]]
              precision    recall  f1-score   support

           0       0.89      1.00      0.94      1286
           1       0.00      0.00      0.00       161

    accuracy                           0.89      1447
   macro avg       0.44      0.50      0.47      1447
weighted avg       0.79      0.89      0.84      1447

2025-12-21 18:21:13,714 - [INFO] - ------------------------------------------------------------
2025-12-21 18:21:15,033 - [INFO] - epoch: 24, loss_rrl: 162.31949844956398
2025-12-21 18:21:16,375 - [DEBUG] - y_true: (1447,) [0 0 0 0 0 1 0 0 0 0 0 0 0 0 0 0 0 1 0 0 0 0 0 0 1 0 0 0 0 0 0 0 0 0 0 0 0
 0 1 1 0]
2025-12-21 18:21:16,687 - [DEBUG] - y_rrl_: (1447,) [0 0 0 0 0 0 0 0 0 0 0 0 0 0 0 0 0 0 0 0 0 0 0 0 0 0 0 0 0 0 0 0 0 0 0 0 0
 0 0 0 0]
2025-12-21 18:21:16,687 - [DEBUG] - y_rrl: (1447, 2) [[ 1.0897033 -1.1426414]
 [ 1.0897033 -1.1426414]
 [ 1.0897033 -1.1426414]
 [ 1.0897033 -1.1426414]
 [ 1.0897033 -1.1426414]
 [ 1.0897033 -1.1426414]
 [ 1.0897033 -1.1426414]
 [ 1.0897033 -1.1426414]
 [ 1.0897033 -1.1426414]
 [ 1.0897033 -1.1426414]
 [ 1.0897033 -1.1426414]
 [ 1.0897033 -1.1426414]
 [ 1.0897033 -1.1426414]
 [ 1.0897033 -1.1426414]
 [ 1.0897033 -1.1426414]
 [ 1.0897033 -1.1426414]
 [ 1.0897033 -1.1426414]
 [ 1.0897033 -1.1426414]
 [ 1.0897033 -1.1426414]
 [ 1.0897033 -1.1426414]
 [ 1.0897033 -1.1426414]
 [ 1.0897033 -1.1426414]
 [ 1.0897033 -1.1426414]
 [ 1.0897033 -1.1426414]
 [ 1.0897033 -1.1426414]
 [ 1.0897033 -1.1426414]
 [ 1.0897033 -1.1426414]
 [ 1.0897033 -1.1426414]
 [ 1.0897033 -1.1426414]
 [ 1.0897033 -1.1426414]
 [ 1.0897033 -1.1426414]
 [ 1.0897033 -1.1426414]
 [ 1.0897033 -1.1426414]
 [ 1.0897033 -1.1426414]
 [ 1.0897033 -1.1426414]
 [ 1.0897033 -1.1426414]
 [ 1.0897033 -1.1426414]
 [ 1.0897033 -1.1426414]
 [ 1.0897033 -1.1426414]
 [ 1.0897033 -1.1426414]
 [ 1.0897033 -1.1426414]]
2025-12-21 18:21:16,689 - [INFO] - ------------------------------------------------------------
2025-12-21 18:21:16,689 - [INFO] - On Validation Set:
	Accuracy of RRL  Model: 0.8887353144436766
	F1 Score of RRL  Model: 0.47054518843761434
2025-12-21 18:21:16,695 - [INFO] - On Validation Set:
Performance of  RRL Model: 
[[1286    0]
 [ 161    0]]
              precision    recall  f1-score   support

           0       0.89      1.00      0.94      1286
           1       0.00      0.00      0.00       161

    accuracy                           0.89      1447
   macro avg       0.44      0.50      0.47      1447
weighted avg       0.79      0.89      0.84      1447

2025-12-21 18:21:16,695 - [INFO] - ------------------------------------------------------------
2025-12-21 18:21:17,638 - [INFO] - epoch: 25, loss_rrl: 162.3173203021288
2025-12-21 18:21:19,449 - [DEBUG] - y_true: (1447,) [0 0 0 0 0 1 0 0 0 0 0 0 0 0 0 0 0 1 0 0 0 0 0 0 1 0 0 0 0 0 0 0 0 0 0 0 0
 0 1 1 0]
2025-12-21 18:21:19,762 - [DEBUG] - y_rrl_: (1447,) [0 0 0 0 0 0 0 0 0 0 0 0 0 0 0 0 0 0 0 0 0 0 0 0 0 0 0 0 0 0 0 0 0 0 0 0 0
 0 0 0 0]
2025-12-21 18:21:19,763 - [DEBUG] - y_rrl: (1447, 2) [[ 1.1079448 -1.1607704]
 [ 1.1079448 -1.1607704]
 [ 1.1079448 -1.1607704]
 [ 1.1079448 -1.1607704]
 [ 1.1079448 -1.1607704]
 [ 1.1079448 -1.1607704]
 [ 1.1079448 -1.1607704]
 [ 1.1079448 -1.1607704]
 [ 1.1079448 -1.1607704]
 [ 1.1079448 -1.1607704]
 [ 1.1079448 -1.1607704]
 [ 1.1079448 -1.1607704]
 [ 1.1079448 -1.1607704]
 [ 1.1079448 -1.1607704]
 [ 1.1079448 -1.1607704]
 [ 1.1079448 -1.1607704]
 [ 1.1079448 -1.1607704]
 [ 1.1079448 -1.1607704]
 [ 1.1079448 -1.1607704]
 [ 1.1079448 -1.1607704]
 [ 1.1079448 -1.1607704]
 [ 1.1079448 -1.1607704]
 [ 1.1079448 -1.1607704]
 [ 1.1079448 -1.1607704]
 [ 1.1079448 -1.1607704]
 [ 1.1079448 -1.1607704]
 [ 1.1079448 -1.1607704]
 [ 1.1079448 -1.1607704]
 [ 1.1079448 -1.1607704]
 [ 1.1079448 -1.1607704]
 [ 1.1079448 -1.1607704]
 [ 1.1079448 -1.1607704]
 [ 1.1079448 -1.1607704]
 [ 1.1079448 -1.1607704]
 [ 1.1079448 -1.1607704]
 [ 1.1079448 -1.1607704]
 [ 1.1079448 -1.1607704]
 [ 1.1079448 -1.1607704]
 [ 1.1079448 -1.1607704]
 [ 1.1079448 -1.1607704]
 [ 1.1079448 -1.1607704]]
2025-12-21 18:21:19,765 - [INFO] - ------------------------------------------------------------
2025-12-21 18:21:19,765 - [INFO] - On Validation Set:
	Accuracy of RRL  Model: 0.8887353144436766
	F1 Score of RRL  Model: 0.47054518843761434
2025-12-21 18:21:19,770 - [INFO] - On Validation Set:
Performance of  RRL Model: 
[[1286    0]
 [ 161    0]]
              precision    recall  f1-score   support

           0       0.89      1.00      0.94      1286
           1       0.00      0.00      0.00       161

    accuracy                           0.89      1447
   macro avg       0.44      0.50      0.47      1447
weighted avg       0.79      0.89      0.84      1447

2025-12-21 18:21:19,770 - [INFO] - ------------------------------------------------------------
2025-12-21 18:21:20,350 - [INFO] - epoch: 26, loss_rrl: 162.31518740952015
2025-12-21 18:21:22,449 - [DEBUG] - y_true: (1447,) [0 0 0 0 0 1 0 0 0 0 0 0 0 0 0 0 0 1 0 0 0 0 0 0 1 0 0 0 0 0 0 0 0 0 0 0 0
 0 1 1 0]
2025-12-21 18:21:22,761 - [DEBUG] - y_rrl_: (1447,) [0 0 0 0 0 0 0 0 0 0 0 0 0 0 0 0 0 0 0 0 0 0 0 0 0 0 0 0 0 0 0 0 0 0 0 0 0
 0 0 0 0]
2025-12-21 18:21:22,762 - [DEBUG] - y_rrl: (1447, 2) [[ 1.0750632 -1.1277744]
 [ 1.0750632 -1.1277744]
 [ 1.0750632 -1.1277744]
 [ 1.0750632 -1.1277744]
 [ 1.0750632 -1.1277744]
 [ 1.0750632 -1.1277744]
 [ 1.0750632 -1.1277744]
 [ 1.0750632 -1.1277744]
 [ 1.0750632 -1.1277744]
 [ 1.0750632 -1.1277744]
 [ 1.0750632 -1.1277744]
 [ 1.0750632 -1.1277744]
 [ 1.0750632 -1.1277744]
 [ 1.0750632 -1.1277744]
 [ 1.0750632 -1.1277744]
 [ 1.0750632 -1.1277744]
 [ 1.0750632 -1.1277744]
 [ 1.0750632 -1.1277744]
 [ 1.0750632 -1.1277744]
 [ 1.0750632 -1.1277744]
 [ 1.0750632 -1.1277744]
 [ 1.0750632 -1.1277744]
 [ 1.0750632 -1.1277744]
 [ 1.0750632 -1.1277744]
 [ 1.0750632 -1.1277744]
 [ 1.0750632 -1.1277744]
 [ 1.0750632 -1.1277744]
 [ 1.0750632 -1.1277744]
 [ 1.0750632 -1.1277744]
 [ 1.0750632 -1.1277744]
 [ 1.0750632 -1.1277744]
 [ 1.0750632 -1.1277744]
 [ 1.0750632 -1.1277744]
 [ 1.0750632 -1.1277744]
 [ 1.0750632 -1.1277744]
 [ 1.0750632 -1.1277744]
 [ 1.0750632 -1.1277744]
 [ 1.0750632 -1.1277744]
 [ 1.0750632 -1.1277744]
 [ 1.0750632 -1.1277744]
 [ 1.0750632 -1.1277744]]
2025-12-21 18:21:22,764 - [INFO] - ------------------------------------------------------------
2025-12-21 18:21:22,764 - [INFO] - On Validation Set:
	Accuracy of RRL  Model: 0.8887353144436766
	F1 Score of RRL  Model: 0.47054518843761434
2025-12-21 18:21:22,769 - [INFO] - On Validation Set:
Performance of  RRL Model: 
[[1286    0]
 [ 161    0]]
              precision    recall  f1-score   support

           0       0.89      1.00      0.94      1286
           1       0.00      0.00      0.00       161

    accuracy                           0.89      1447
   macro avg       0.44      0.50      0.47      1447
weighted avg       0.79      0.89      0.84      1447

2025-12-21 18:21:22,770 - [INFO] - ------------------------------------------------------------
2025-12-21 18:21:22,986 - [INFO] - epoch: 27, loss_rrl: 162.31309373676777
2025-12-21 18:21:25,413 - [INFO] - epoch: 28, loss_rrl: 162.3110352382064
2025-12-21 18:21:25,606 - [DEBUG] - y_true: (1447,) [0 0 0 0 0 1 0 0 0 0 0 0 0 0 0 0 0 1 0 0 0 0 0 0 1 0 0 0 0 0 0 0 0 0 0 0 0
 0 1 1 0]
2025-12-21 18:21:25,918 - [DEBUG] - y_rrl_: (1447,) [0 0 0 0 0 0 0 0 0 0 0 0 0 0 0 0 0 0 0 0 0 0 0 0 0 0 0 0 0 0 0 0 0 0 0 0 0
 0 0 0 0]
2025-12-21 18:21:25,918 - [DEBUG] - y_rrl: (1447, 2) [[ 1.1123857 -1.1649839]
 [ 1.1123857 -1.1649839]
 [ 1.1123857 -1.1649839]
 [ 1.1123857 -1.1649839]
 [ 1.1123857 -1.1649839]
 [ 1.1123857 -1.1649839]
 [ 1.1123857 -1.1649839]
 [ 1.1123857 -1.1649839]
 [ 1.1123857 -1.1649839]
 [ 1.1123857 -1.1649839]
 [ 1.1123857 -1.1649839]
 [ 1.1123857 -1.1649839]
 [ 1.1123857 -1.1649839]
 [ 1.1123857 -1.1649839]
 [ 1.1123857 -1.1649839]
 [ 1.1123857 -1.1649839]
 [ 1.1123857 -1.1649839]
 [ 1.1123857 -1.1649839]
 [ 1.1123857 -1.1649839]
 [ 1.1123857 -1.1649839]
 [ 1.1123857 -1.1649839]
 [ 1.1123857 -1.1649839]
 [ 1.1123857 -1.1649839]
 [ 1.1123857 -1.1649839]
 [ 1.1123857 -1.1649839]
 [ 1.1123857 -1.1649839]
 [ 1.1123857 -1.1649839]
 [ 1.1123857 -1.1649839]
 [ 1.1123857 -1.1649839]
 [ 1.1123857 -1.1649839]
 [ 1.1123857 -1.1649839]
 [ 1.1123857 -1.1649839]
 [ 1.1123857 -1.1649839]
 [ 1.1123857 -1.1649839]
 [ 1.1123857 -1.1649839]
 [ 1.1123857 -1.1649839]
 [ 1.1123857 -1.1649839]
 [ 1.1123857 -1.1649839]
 [ 1.1123857 -1.1649839]
 [ 1.1123857 -1.1649839]
 [ 1.1123857 -1.1649839]]
2025-12-21 18:21:25,920 - [INFO] - ------------------------------------------------------------
2025-12-21 18:21:25,920 - [INFO] - On Validation Set:
	Accuracy of RRL  Model: 0.8887353144436766
	F1 Score of RRL  Model: 0.47054518843761434
2025-12-21 18:21:25,926 - [INFO] - On Validation Set:
Performance of  RRL Model: 
[[1286    0]
 [ 161    0]]
              precision    recall  f1-score   support

           0       0.89      1.00      0.94      1286
           1       0.00      0.00      0.00       161

    accuracy                           0.89      1447
   macro avg       0.44      0.50      0.47      1447
weighted avg       0.79      0.89      0.84      1447

2025-12-21 18:21:25,926 - [INFO] - ------------------------------------------------------------
2025-12-21 18:21:28,169 - [INFO] - epoch: 29, loss_rrl: 162.30901135504246
2025-12-21 18:21:28,720 - [DEBUG] - y_true: (1447,) [0 0 0 0 0 1 0 0 0 0 0 0 0 0 0 0 0 1 0 0 0 0 0 0 1 0 0 0 0 0 0 0 0 0 0 0 0
 0 1 1 0]
2025-12-21 18:21:29,038 - [DEBUG] - y_rrl_: (1447,) [0 0 0 0 0 0 0 0 0 0 0 0 0 0 0 0 0 0 0 0 0 0 0 0 0 0 0 0 0 0 0 0 0 0 0 0 0
 0 0 0 0]
2025-12-21 18:21:29,039 - [DEBUG] - y_rrl: (1447, 2) [[ 1.1124269 -1.1649112]
 [ 1.1124269 -1.1649112]
 [ 1.1124269 -1.1649112]
 [ 1.1124269 -1.1649112]
 [ 1.1124269 -1.1649112]
 [ 1.1124269 -1.1649112]
 [ 1.1124269 -1.1649112]
 [ 1.1124269 -1.1649112]
 [ 1.1124269 -1.1649112]
 [ 1.1124269 -1.1649112]
 [ 1.1124269 -1.1649112]
 [ 1.1124269 -1.1649112]
 [ 1.1124269 -1.1649112]
 [ 1.1124269 -1.1649112]
 [ 1.1124269 -1.1649112]
 [ 1.1124269 -1.1649112]
 [ 1.1124269 -1.1649112]
 [ 1.1124269 -1.1649112]
 [ 1.1124269 -1.1649112]
 [ 1.1124269 -1.1649112]
 [ 1.1124269 -1.1649112]
 [ 1.1124269 -1.1649112]
 [ 1.1124269 -1.1649112]
 [ 1.1124269 -1.1649112]
 [ 1.1124269 -1.1649112]
 [ 1.1124269 -1.1649112]
 [ 1.1124269 -1.1649112]
 [ 1.1124269 -1.1649112]
 [ 1.1124269 -1.1649112]
 [ 1.1124269 -1.1649112]
 [ 1.1124269 -1.1649112]
 [ 1.1124269 -1.1649112]
 [ 1.1124269 -1.1649112]
 [ 1.1124269 -1.1649112]
 [ 1.1124269 -1.1649112]
 [ 1.1124269 -1.1649112]
 [ 1.1124269 -1.1649112]
 [ 1.1124269 -1.1649112]
 [ 1.1124269 -1.1649112]
 [ 1.1124269 -1.1649112]
 [ 1.1124269 -1.1649112]]
2025-12-21 18:21:29,041 - [INFO] - ------------------------------------------------------------
2025-12-21 18:21:29,041 - [INFO] - On Validation Set:
	Accuracy of RRL  Model: 0.8887353144436766
	F1 Score of RRL  Model: 0.47054518843761434
2025-12-21 18:21:29,046 - [INFO] - On Validation Set:
Performance of  RRL Model: 
[[1286    0]
 [ 161    0]]
              precision    recall  f1-score   support

           0       0.89      1.00      0.94      1286
           1       0.00      0.00      0.00       161

    accuracy                           0.89      1447
   macro avg       0.44      0.50      0.47      1447
weighted avg       0.79      0.89      0.84      1447

2025-12-21 18:21:29,046 - [INFO] - ------------------------------------------------------------
2025-12-21 18:21:30,848 - [INFO] - epoch: 30, loss_rrl: 162.3070236593485
2025-12-21 18:21:32,119 - [DEBUG] - y_true: (1447,) [0 0 0 0 0 1 0 0 0 0 0 0 0 0 0 0 0 1 0 0 0 0 0 0 1 0 0 0 0 0 0 0 0 0 0 0 0
 0 1 1 0]
2025-12-21 18:21:32,444 - [DEBUG] - y_rrl_: (1447,) [0 0 0 0 0 0 0 0 0 0 0 0 0 0 0 0 0 0 0 0 0 0 0 0 0 0 0 0 0 0 0 0 0 0 0 0 0
 0 0 0 0]
2025-12-21 18:21:32,444 - [DEBUG] - y_rrl: (1447, 2) [[ 1.1266353 -1.1790036]
 [ 1.1266353 -1.1790036]
 [ 1.1266353 -1.1790036]
 [ 1.1266353 -1.1790036]
 [ 1.1266353 -1.1790036]
 [ 1.1266353 -1.1790036]
 [ 1.1266353 -1.1790036]
 [ 1.1266353 -1.1790036]
 [ 1.1266353 -1.1790036]
 [ 1.1266353 -1.1790036]
 [ 1.1266353 -1.1790036]
 [ 1.1266353 -1.1790036]
 [ 1.1266353 -1.1790036]
 [ 1.1266353 -1.1790036]
 [ 1.1266353 -1.1790036]
 [ 1.1266353 -1.1790036]
 [ 1.1266353 -1.1790036]
 [ 1.1266353 -1.1790036]
 [ 1.1266353 -1.1790036]
 [ 1.1266353 -1.1790036]
 [ 1.1266353 -1.1790036]
 [ 1.1266353 -1.1790036]
 [ 1.1266353 -1.1790036]
 [ 1.1266353 -1.1790036]
 [ 1.1266353 -1.1790036]
 [ 1.1266353 -1.1790036]
 [ 1.1266353 -1.1790036]
 [ 1.1266353 -1.1790036]
 [ 1.1266353 -1.1790036]
 [ 1.1266353 -1.1790036]
 [ 1.1266353 -1.1790036]
 [ 1.1266353 -1.1790036]
 [ 1.1266353 -1.1790036]
 [ 1.1266353 -1.1790036]
 [ 1.1266353 -1.1790036]
 [ 1.1266353 -1.1790036]
 [ 1.1266353 -1.1790036]
 [ 1.1266353 -1.1790036]
 [ 1.1266353 -1.1790036]
 [ 1.1266353 -1.1790036]
 [ 1.1266353 -1.1790036]]
2025-12-21 18:21:32,446 - [INFO] - ------------------------------------------------------------
2025-12-21 18:21:32,446 - [INFO] - On Validation Set:
	Accuracy of RRL  Model: 0.8887353144436766
	F1 Score of RRL  Model: 0.47054518843761434
2025-12-21 18:21:32,452 - [INFO] - On Validation Set:
Performance of  RRL Model: 
[[1286    0]
 [ 161    0]]
              precision    recall  f1-score   support

           0       0.89      1.00      0.94      1286
           1       0.00      0.00      0.00       161

    accuracy                           0.89      1447
   macro avg       0.44      0.50      0.47      1447
weighted avg       0.79      0.89      0.84      1447

2025-12-21 18:21:32,452 - [INFO] - ------------------------------------------------------------
2025-12-21 18:21:33,857 - [INFO] - epoch: 31, loss_rrl: 162.3050665333867
2025-12-21 18:21:35,243 - [DEBUG] - y_true: (1447,) [0 0 0 0 0 1 0 0 0 0 0 0 0 0 0 0 0 1 0 0 0 0 0 0 1 0 0 0 0 0 0 0 0 0 0 0 0
 0 1 1 0]
2025-12-21 18:21:35,563 - [DEBUG] - y_rrl_: (1447,) [0 0 0 0 0 0 0 0 0 0 0 0 0 0 0 0 0 0 0 0 0 0 0 0 0 0 0 0 0 0 0 0 0 0 0 0 0
 0 0 0 0]
2025-12-21 18:21:35,563 - [DEBUG] - y_rrl: (1447, 2) [[ 1.1944227 -1.2466751]
 [ 1.1944227 -1.2466751]
 [ 1.1944227 -1.2466751]
 [ 1.1944227 -1.2466751]
 [ 1.1944227 -1.2466751]
 [ 1.1944227 -1.2466751]
 [ 1.1944227 -1.2466751]
 [ 1.1944227 -1.2466751]
 [ 1.1944227 -1.2466751]
 [ 1.1944227 -1.2466751]
 [ 1.1944227 -1.2466751]
 [ 1.1944227 -1.2466751]
 [ 1.1944227 -1.2466751]
 [ 1.1944227 -1.2466751]
 [ 1.1944227 -1.2466751]
 [ 1.1944227 -1.2466751]
 [ 1.1944227 -1.2466751]
 [ 1.1944227 -1.2466751]
 [ 1.1944227 -1.2466751]
 [ 1.1944227 -1.2466751]
 [ 1.1944227 -1.2466751]
 [ 1.1944227 -1.2466751]
 [ 1.1944227 -1.2466751]
 [ 1.1944227 -1.2466751]
 [ 1.1944227 -1.2466751]
 [ 1.1944227 -1.2466751]
 [ 1.1944227 -1.2466751]
 [ 1.1944227 -1.2466751]
 [ 1.1944227 -1.2466751]
 [ 1.1944227 -1.2466751]
 [ 1.1944227 -1.2466751]
 [ 1.1944227 -1.2466751]
 [ 1.1944227 -1.2466751]
 [ 1.1944227 -1.2466751]
 [ 1.1944227 -1.2466751]
 [ 1.1944227 -1.2466751]
 [ 1.1944227 -1.2466751]
 [ 1.1944227 -1.2466751]
 [ 1.1944227 -1.2466751]
 [ 1.1944227 -1.2466751]
 [ 1.1944227 -1.2466751]]
2025-12-21 18:21:35,565 - [INFO] - ------------------------------------------------------------
2025-12-21 18:21:35,565 - [INFO] - On Validation Set:
	Accuracy of RRL  Model: 0.8887353144436766
	F1 Score of RRL  Model: 0.47054518843761434
2025-12-21 18:21:35,571 - [INFO] - On Validation Set:
Performance of  RRL Model: 
[[1286    0]
 [ 161    0]]
              precision    recall  f1-score   support

           0       0.89      1.00      0.94      1286
           1       0.00      0.00      0.00       161

    accuracy                           0.89      1447
   macro avg       0.44      0.50      0.47      1447
weighted avg       0.79      0.89      0.84      1447

2025-12-21 18:21:35,571 - [INFO] - ------------------------------------------------------------
2025-12-21 18:21:36,603 - [INFO] - epoch: 32, loss_rrl: 162.30313735455275
2025-12-21 18:21:38,328 - [DEBUG] - y_true: (1447,) [0 0 0 0 0 1 0 0 0 0 0 0 0 0 0 0 0 1 0 0 0 0 0 0 1 0 0 0 0 0 0 0 0 0 0 0 0
 0 1 1 0]
2025-12-21 18:21:38,653 - [DEBUG] - y_rrl_: (1447,) [0 0 0 0 0 0 0 0 0 0 0 0 0 0 0 0 0 0 0 0 0 0 0 0 0 0 0 0 0 0 0 0 0 0 0 0 0
 0 0 0 0]
2025-12-21 18:21:38,653 - [DEBUG] - y_rrl: (1447, 2) [[ 1.0900989 -1.142235 ]
 [ 1.0900989 -1.142235 ]
 [ 1.0900989 -1.142235 ]
 [ 1.0900989 -1.142235 ]
 [ 1.0900989 -1.142235 ]
 [ 1.0900989 -1.142235 ]
 [ 1.0900989 -1.142235 ]
 [ 1.0900989 -1.142235 ]
 [ 1.0900989 -1.142235 ]
 [ 1.0900989 -1.142235 ]
 [ 1.0900989 -1.142235 ]
 [ 1.0900989 -1.142235 ]
 [ 1.0900989 -1.142235 ]
 [ 1.0900989 -1.142235 ]
 [ 1.0900989 -1.142235 ]
 [ 1.0900989 -1.142235 ]
 [ 1.0900989 -1.142235 ]
 [ 1.0900989 -1.142235 ]
 [ 1.0900989 -1.142235 ]
 [ 1.0900989 -1.142235 ]
 [ 1.0900989 -1.142235 ]
 [ 1.0900989 -1.142235 ]
 [ 1.0900989 -1.142235 ]
 [ 1.0900989 -1.142235 ]
 [ 1.0900989 -1.142235 ]
 [ 1.0900989 -1.142235 ]
 [ 1.0900989 -1.142235 ]
 [ 1.0900989 -1.142235 ]
 [ 1.0900989 -1.142235 ]
 [ 1.0900989 -1.142235 ]
 [ 1.0900989 -1.142235 ]
 [ 1.0900989 -1.142235 ]
 [ 1.0900989 -1.142235 ]
 [ 1.0900989 -1.142235 ]
 [ 1.0900989 -1.142235 ]
 [ 1.0900989 -1.142235 ]
 [ 1.0900989 -1.142235 ]
 [ 1.0900989 -1.142235 ]
 [ 1.0900989 -1.142235 ]
 [ 1.0900989 -1.142235 ]
 [ 1.0900989 -1.142235 ]]
2025-12-21 18:21:38,655 - [INFO] - ------------------------------------------------------------
2025-12-21 18:21:38,655 - [INFO] - On Validation Set:
	Accuracy of RRL  Model: 0.8887353144436766
	F1 Score of RRL  Model: 0.47054518843761434
2025-12-21 18:21:38,661 - [INFO] - On Validation Set:
Performance of  RRL Model: 
[[1286    0]
 [ 161    0]]
              precision    recall  f1-score   support

           0       0.89      1.00      0.94      1286
           1       0.00      0.00      0.00       161

    accuracy                           0.89      1447
   macro avg       0.44      0.50      0.47      1447
weighted avg       0.79      0.89      0.84      1447

2025-12-21 18:21:38,661 - [INFO] - ------------------------------------------------------------
2025-12-21 18:21:39,310 - [INFO] - epoch: 33, loss_rrl: 162.3012346252799
2025-12-21 18:21:41,426 - [DEBUG] - y_true: (1447,) [0 0 0 0 0 1 0 0 0 0 0 0 0 0 0 0 0 1 0 0 0 0 0 0 1 0 0 0 0 0 0 0 0 0 0 0 0
 0 1 1 0]
2025-12-21 18:21:41,744 - [DEBUG] - y_rrl_: (1447,) [0 0 0 0 0 0 0 0 0 0 0 0 0 0 0 0 0 0 0 0 0 0 0 0 0 0 0 0 0 0 0 0 0 0 0 0 0
 0 0 0 0]
2025-12-21 18:21:41,744 - [DEBUG] - y_rrl: (1447, 2) [[ 1.1184433 -1.1704634]
 [ 1.1184433 -1.1704634]
 [ 1.1184433 -1.1704634]
 [ 1.1184433 -1.1704634]
 [ 1.1184433 -1.1704634]
 [ 1.1184433 -1.1704634]
 [ 1.1184433 -1.1704634]
 [ 1.1184433 -1.1704634]
 [ 1.1184433 -1.1704634]
 [ 1.1184433 -1.1704634]
 [ 1.1184433 -1.1704634]
 [ 1.1184433 -1.1704634]
 [ 1.1184433 -1.1704634]
 [ 1.1184433 -1.1704634]
 [ 1.1184433 -1.1704634]
 [ 1.1184433 -1.1704634]
 [ 1.1184433 -1.1704634]
 [ 1.1184433 -1.1704634]
 [ 1.1184433 -1.1704634]
 [ 1.1184433 -1.1704634]
 [ 1.1184433 -1.1704634]
 [ 1.1184433 -1.1704634]
 [ 1.1184433 -1.1704634]
 [ 1.1184433 -1.1704634]
 [ 1.1184433 -1.1704634]
 [ 1.1184433 -1.1704634]
 [ 1.1184433 -1.1704634]
 [ 1.1184433 -1.1704634]
 [ 1.1184433 -1.1704634]
 [ 1.1184433 -1.1704634]
 [ 1.1184433 -1.1704634]
 [ 1.1184433 -1.1704634]
 [ 1.1184433 -1.1704634]
 [ 1.1184433 -1.1704634]
 [ 1.1184433 -1.1704634]
 [ 1.1184433 -1.1704634]
 [ 1.1184433 -1.1704634]
 [ 1.1184433 -1.1704634]
 [ 1.1184433 -1.1704634]
 [ 1.1184433 -1.1704634]
 [ 1.1184433 -1.1704634]]
2025-12-21 18:21:41,746 - [INFO] - ------------------------------------------------------------
2025-12-21 18:21:41,746 - [INFO] - On Validation Set:
	Accuracy of RRL  Model: 0.8887353144436766
	F1 Score of RRL  Model: 0.47054518843761434
2025-12-21 18:21:41,752 - [INFO] - On Validation Set:
Performance of  RRL Model: 
[[1286    0]
 [ 161    0]]
              precision    recall  f1-score   support

           0       0.89      1.00      0.94      1286
           1       0.00      0.00      0.00       161

    accuracy                           0.89      1447
   macro avg       0.44      0.50      0.47      1447
weighted avg       0.79      0.89      0.84      1447

2025-12-21 18:21:41,752 - [INFO] - ------------------------------------------------------------
2025-12-21 18:21:42,018 - [INFO] - epoch: 34, loss_rrl: 162.2993624806404
2025-12-21 18:21:44,344 - [INFO] - epoch: 35, loss_rrl: 162.2975169941783
2025-12-21 18:21:44,475 - [DEBUG] - y_true: (1447,) [0 0 0 0 0 1 0 0 0 0 0 0 0 0 0 0 0 1 0 0 0 0 0 0 1 0 0 0 0 0 0 0 0 0 0 0 0
 0 1 1 0]
2025-12-21 18:21:44,805 - [DEBUG] - y_rrl_: (1447,) [0 0 0 0 0 0 0 0 0 0 0 0 0 0 0 0 0 0 0 0 0 0 0 0 0 0 0 0 0 0 0 0 0 0 0 0 0
 0 0 0 0]
2025-12-21 18:21:44,806 - [DEBUG] - y_rrl: (1447, 2) [[ 1.1483256 -1.2002299]
 [ 1.1483256 -1.2002299]
 [ 1.1483256 -1.2002299]
 [ 1.1483256 -1.2002299]
 [ 1.1483256 -1.2002299]
 [ 1.1483256 -1.2002299]
 [ 1.1483256 -1.2002299]
 [ 1.1483256 -1.2002299]
 [ 1.1483256 -1.2002299]
 [ 1.1483256 -1.2002299]
 [ 1.1483256 -1.2002299]
 [ 1.1483256 -1.2002299]
 [ 1.1483256 -1.2002299]
 [ 1.1483256 -1.2002299]
 [ 1.1483256 -1.2002299]
 [ 1.1483256 -1.2002299]
 [ 1.1483256 -1.2002299]
 [ 1.1483256 -1.2002299]
 [ 1.1483256 -1.2002299]
 [ 1.1483256 -1.2002299]
 [ 1.1483256 -1.2002299]
 [ 1.1483256 -1.2002299]
 [ 1.1483256 -1.2002299]
 [ 1.1483256 -1.2002299]
 [ 1.1483256 -1.2002299]
 [ 1.1483256 -1.2002299]
 [ 1.1483256 -1.2002299]
 [ 1.1483256 -1.2002299]
 [ 1.1483256 -1.2002299]
 [ 1.1483256 -1.2002299]
 [ 1.1483256 -1.2002299]
 [ 1.1483256 -1.2002299]
 [ 1.1483256 -1.2002299]
 [ 1.1483256 -1.2002299]
 [ 1.1483256 -1.2002299]
 [ 1.1483256 -1.2002299]
 [ 1.1483256 -1.2002299]
 [ 1.1483256 -1.2002299]
 [ 1.1483256 -1.2002299]
 [ 1.1483256 -1.2002299]
 [ 1.1483256 -1.2002299]]
2025-12-21 18:21:44,807 - [INFO] - ------------------------------------------------------------
2025-12-21 18:21:44,808 - [INFO] - On Validation Set:
	Accuracy of RRL  Model: 0.8887353144436766
	F1 Score of RRL  Model: 0.47054518843761434
2025-12-21 18:21:44,813 - [INFO] - On Validation Set:
Performance of  RRL Model: 
[[1286    0]
 [ 161    0]]
              precision    recall  f1-score   support

           0       0.89      1.00      0.94      1286
           1       0.00      0.00      0.00       161

    accuracy                           0.89      1447
   macro avg       0.44      0.50      0.47      1447
weighted avg       0.79      0.89      0.84      1447

2025-12-21 18:21:44,813 - [INFO] - ------------------------------------------------------------
2025-12-21 18:21:47,053 - [INFO] - epoch: 36, loss_rrl: 162.2956976071
2025-12-21 18:21:47,560 - [DEBUG] - y_true: (1447,) [0 0 0 0 0 1 0 0 0 0 0 0 0 0 0 0 0 1 0 0 0 0 0 0 1 0 0 0 0 0 0 0 0 0 0 0 0
 0 1 1 0]
2025-12-21 18:21:47,882 - [DEBUG] - y_rrl_: (1447,) [0 0 0 0 0 0 0 0 0 0 0 0 0 0 0 0 0 0 0 0 0 0 0 0 0 0 0 0 0 0 0 0 0 0 0 0 0
 0 0 0 0]
2025-12-21 18:21:47,883 - [DEBUG] - y_rrl: (1447, 2) [[ 1.1652162 -1.217005 ]
 [ 1.1652162 -1.217005 ]
 [ 1.1652162 -1.217005 ]
 [ 1.1652162 -1.217005 ]
 [ 1.1652162 -1.217005 ]
 [ 1.1652162 -1.217005 ]
 [ 1.1652162 -1.217005 ]
 [ 1.1652162 -1.217005 ]
 [ 1.1652162 -1.217005 ]
 [ 1.1652162 -1.217005 ]
 [ 1.1652162 -1.217005 ]
 [ 1.1652162 -1.217005 ]
 [ 1.1652162 -1.217005 ]
 [ 1.1652162 -1.217005 ]
 [ 1.1652162 -1.217005 ]
 [ 1.1652162 -1.217005 ]
 [ 1.1652162 -1.217005 ]
 [ 1.1652162 -1.217005 ]
 [ 1.1652162 -1.217005 ]
 [ 1.1652162 -1.217005 ]
 [ 1.1652162 -1.217005 ]
 [ 1.1652162 -1.217005 ]
 [ 1.1652162 -1.217005 ]
 [ 1.1652162 -1.217005 ]
 [ 1.1652162 -1.217005 ]
 [ 1.1652162 -1.217005 ]
 [ 1.1652162 -1.217005 ]
 [ 1.1652162 -1.217005 ]
 [ 1.1652162 -1.217005 ]
 [ 1.1652162 -1.217005 ]
 [ 1.1652162 -1.217005 ]
 [ 1.1652162 -1.217005 ]
 [ 1.1652162 -1.217005 ]
 [ 1.1652162 -1.217005 ]
 [ 1.1652162 -1.217005 ]
 [ 1.1652162 -1.217005 ]
 [ 1.1652162 -1.217005 ]
 [ 1.1652162 -1.217005 ]
 [ 1.1652162 -1.217005 ]
 [ 1.1652162 -1.217005 ]
 [ 1.1652162 -1.217005 ]]
2025-12-21 18:21:47,885 - [INFO] - ------------------------------------------------------------
2025-12-21 18:21:47,885 - [INFO] - On Validation Set:
	Accuracy of RRL  Model: 0.8887353144436766
	F1 Score of RRL  Model: 0.47054518843761434
2025-12-21 18:21:47,890 - [INFO] - On Validation Set:
Performance of  RRL Model: 
[[1286    0]
 [ 161    0]]
              precision    recall  f1-score   support

           0       0.89      1.00      0.94      1286
           1       0.00      0.00      0.00       161

    accuracy                           0.89      1447
   macro avg       0.44      0.50      0.47      1447
weighted avg       0.79      0.89      0.84      1447

2025-12-21 18:21:47,890 - [INFO] - ------------------------------------------------------------
2025-12-21 18:21:49,717 - [INFO] - epoch: 37, loss_rrl: 162.2939048036933
2025-12-21 18:21:50,876 - [DEBUG] - y_true: (1447,) [0 0 0 0 0 1 0 0 0 0 0 0 0 0 0 0 0 1 0 0 0 0 0 0 1 0 0 0 0 0 0 0 0 0 0 0 0
 0 1 1 0]
2025-12-21 18:21:51,217 - [DEBUG] - y_rrl_: (1447,) [0 0 0 0 0 0 0 0 0 0 0 0 0 0 0 0 0 0 0 0 0 0 0 0 0 0 0 0 0 0 0 0 0 0 0 0 0
 0 0 0 0]
2025-12-21 18:21:51,217 - [DEBUG] - y_rrl: (1447, 2) [[ 1.1917502 -1.243424 ]
 [ 1.1917502 -1.243424 ]
 [ 1.1917502 -1.243424 ]
 [ 1.1917502 -1.243424 ]
 [ 1.1917502 -1.243424 ]
 [ 1.1917502 -1.243424 ]
 [ 1.1917502 -1.243424 ]
 [ 1.1917502 -1.243424 ]
 [ 1.1917502 -1.243424 ]
 [ 1.1917502 -1.243424 ]
 [ 1.1917502 -1.243424 ]
 [ 1.1917502 -1.243424 ]
 [ 1.1917502 -1.243424 ]
 [ 1.1917502 -1.243424 ]
 [ 1.1917502 -1.243424 ]
 [ 1.1917502 -1.243424 ]
 [ 1.1917502 -1.243424 ]
 [ 1.1917502 -1.243424 ]
 [ 1.1917502 -1.243424 ]
 [ 1.1917502 -1.243424 ]
 [ 1.1917502 -1.243424 ]
 [ 1.1917502 -1.243424 ]
 [ 1.1917502 -1.243424 ]
 [ 1.1917502 -1.243424 ]
 [ 1.1917502 -1.243424 ]
 [ 1.1917502 -1.243424 ]
 [ 1.1917502 -1.243424 ]
 [ 1.1917502 -1.243424 ]
 [ 1.1917502 -1.243424 ]
 [ 1.1917502 -1.243424 ]
 [ 1.1917502 -1.243424 ]
 [ 1.1917502 -1.243424 ]
 [ 1.1917502 -1.243424 ]
 [ 1.1917502 -1.243424 ]
 [ 1.1917502 -1.243424 ]
 [ 1.1917502 -1.243424 ]
 [ 1.1917502 -1.243424 ]
 [ 1.1917502 -1.243424 ]
 [ 1.1917502 -1.243424 ]
 [ 1.1917502 -1.243424 ]
 [ 1.1917502 -1.243424 ]]
2025-12-21 18:21:51,219 - [INFO] - ------------------------------------------------------------
2025-12-21 18:21:51,219 - [INFO] - On Validation Set:
	Accuracy of RRL  Model: 0.8887353144436766
	F1 Score of RRL  Model: 0.47054518843761434
2025-12-21 18:21:51,225 - [INFO] - On Validation Set:
Performance of  RRL Model: 
[[1286    0]
 [ 161    0]]
              precision    recall  f1-score   support

           0       0.89      1.00      0.94      1286
           1       0.00      0.00      0.00       161

    accuracy                           0.89      1447
   macro avg       0.44      0.50      0.47      1447
weighted avg       0.79      0.89      0.84      1447

2025-12-21 18:21:51,225 - [INFO] - ------------------------------------------------------------
2025-12-21 18:21:52,750 - [INFO] - epoch: 38, loss_rrl: 162.29213574528694
2025-12-21 18:21:54,089 - [DEBUG] - y_true: (1447,) [0 0 0 0 0 1 0 0 0 0 0 0 0 0 0 0 0 1 0 0 0 0 0 0 1 0 0 0 0 0 0 0 0 0 0 0 0
 0 1 1 0]
2025-12-21 18:21:54,429 - [DEBUG] - y_rrl_: (1447,) [0 0 0 0 0 0 0 0 0 0 0 0 0 0 0 0 0 0 0 0 0 0 0 0 0 0 0 0 0 0 0 0 0 0 0 0 0
 0 0 0 0]
2025-12-21 18:21:54,430 - [DEBUG] - y_rrl: (1447, 2) [[ 1.1799104 -1.2314677]
 [ 1.1799104 -1.2314677]
 [ 1.1799104 -1.2314677]
 [ 1.1799104 -1.2314677]
 [ 1.1799104 -1.2314677]
 [ 1.1799104 -1.2314677]
 [ 1.1799104 -1.2314677]
 [ 1.1799104 -1.2314677]
 [ 1.1799104 -1.2314677]
 [ 1.1799104 -1.2314677]
 [ 1.1799104 -1.2314677]
 [ 1.1799104 -1.2314677]
 [ 1.1799104 -1.2314677]
 [ 1.1799104 -1.2314677]
 [ 1.1799104 -1.2314677]
 [ 1.1799104 -1.2314677]
 [ 1.1799104 -1.2314677]
 [ 1.1799104 -1.2314677]
 [ 1.1799104 -1.2314677]
 [ 1.1799104 -1.2314677]
 [ 1.1799104 -1.2314677]
 [ 1.1799104 -1.2314677]
 [ 1.1799104 -1.2314677]
 [ 1.1799104 -1.2314677]
 [ 1.1799104 -1.2314677]
 [ 1.1799104 -1.2314677]
 [ 1.1799104 -1.2314677]
 [ 1.1799104 -1.2314677]
 [ 1.1799104 -1.2314677]
 [ 1.1799104 -1.2314677]
 [ 1.1799104 -1.2314677]
 [ 1.1799104 -1.2314677]
 [ 1.1799104 -1.2314677]
 [ 1.1799104 -1.2314677]
 [ 1.1799104 -1.2314677]
 [ 1.1799104 -1.2314677]
 [ 1.1799104 -1.2314677]
 [ 1.1799104 -1.2314677]
 [ 1.1799104 -1.2314677]
 [ 1.1799104 -1.2314677]
 [ 1.1799104 -1.2314677]]
2025-12-21 18:21:54,432 - [INFO] - ------------------------------------------------------------
2025-12-21 18:21:54,432 - [INFO] - On Validation Set:
	Accuracy of RRL  Model: 0.8887353144436766
	F1 Score of RRL  Model: 0.47054518843761434
2025-12-21 18:21:54,437 - [INFO] - On Validation Set:
Performance of  RRL Model: 
[[1286    0]
 [ 161    0]]
              precision    recall  f1-score   support

           0       0.89      1.00      0.94      1286
           1       0.00      0.00      0.00       161

    accuracy                           0.89      1447
   macro avg       0.44      0.50      0.47      1447
weighted avg       0.79      0.89      0.84      1447

2025-12-21 18:21:54,438 - [INFO] - ------------------------------------------------------------
2025-12-21 18:21:55,590 - [INFO] - epoch: 39, loss_rrl: 162.29039389640093
2025-12-21 18:21:57,326 - [DEBUG] - y_true: (1447,) [0 0 0 0 0 1 0 0 0 0 0 0 0 0 0 0 0 1 0 0 0 0 0 0 1 0 0 0 0 0 0 0 0 0 0 0 0
 0 1 1 0]
2025-12-21 18:21:57,666 - [DEBUG] - y_rrl_: (1447,) [0 0 0 0 0 0 0 0 0 0 0 0 0 0 0 0 0 0 0 0 0 0 0 0 0 0 0 0 0 0 0 0 0 0 0 0 0
 0 0 0 0]
2025-12-21 18:21:57,666 - [DEBUG] - y_rrl: (1447, 2) [[ 1.167136  -1.2185756]
 [ 1.167136  -1.2185756]
 [ 1.167136  -1.2185756]
 [ 1.167136  -1.2185756]
 [ 1.167136  -1.2185756]
 [ 1.167136  -1.2185756]
 [ 1.167136  -1.2185756]
 [ 1.167136  -1.2185756]
 [ 1.167136  -1.2185756]
 [ 1.167136  -1.2185756]
 [ 1.167136  -1.2185756]
 [ 1.167136  -1.2185756]
 [ 1.167136  -1.2185756]
 [ 1.167136  -1.2185756]
 [ 1.167136  -1.2185756]
 [ 1.167136  -1.2185756]
 [ 1.167136  -1.2185756]
 [ 1.167136  -1.2185756]
 [ 1.167136  -1.2185756]
 [ 1.167136  -1.2185756]
 [ 1.167136  -1.2185756]
 [ 1.167136  -1.2185756]
 [ 1.167136  -1.2185756]
 [ 1.167136  -1.2185756]
 [ 1.167136  -1.2185756]
 [ 1.167136  -1.2185756]
 [ 1.167136  -1.2185756]
 [ 1.167136  -1.2185756]
 [ 1.167136  -1.2185756]
 [ 1.167136  -1.2185756]
 [ 1.167136  -1.2185756]
 [ 1.167136  -1.2185756]
 [ 1.167136  -1.2185756]
 [ 1.167136  -1.2185756]
 [ 1.167136  -1.2185756]
 [ 1.167136  -1.2185756]
 [ 1.167136  -1.2185756]
 [ 1.167136  -1.2185756]
 [ 1.167136  -1.2185756]
 [ 1.167136  -1.2185756]
 [ 1.167136  -1.2185756]]
2025-12-21 18:21:57,668 - [INFO] - ------------------------------------------------------------
2025-12-21 18:21:57,668 - [INFO] - On Validation Set:
	Accuracy of RRL  Model: 0.8887353144436766
	F1 Score of RRL  Model: 0.47054518843761434
2025-12-21 18:21:57,674 - [INFO] - On Validation Set:
Performance of  RRL Model: 
[[1286    0]
 [ 161    0]]
              precision    recall  f1-score   support

           0       0.89      1.00      0.94      1286
           1       0.00      0.00      0.00       161

    accuracy                           0.89      1447
   macro avg       0.44      0.50      0.47      1447
weighted avg       0.79      0.89      0.84      1447

2025-12-21 18:21:57,674 - [INFO] - ------------------------------------------------------------
2025-12-21 18:21:58,419 - [INFO] - epoch: 40, loss_rrl: 162.28867452591658
2025-12-21 18:22:00,550 - [DEBUG] - y_true: (1447,) [0 0 0 0 0 1 0 0 0 0 0 0 0 0 0 0 0 1 0 0 0 0 0 0 1 0 0 0 0 0 0 0 0 0 0 0 0
 0 1 1 0]
2025-12-21 18:22:00,889 - [DEBUG] - y_rrl_: (1447,) [0 0 0 0 0 0 0 0 0 0 0 0 0 0 0 0 0 0 0 0 0 0 0 0 0 0 0 0 0 0 0 0 0 0 0 0 0
 0 0 0 0]
2025-12-21 18:22:00,890 - [DEBUG] - y_rrl: (1447, 2) [[ 1.2112955 -1.2626182]
 [ 1.2112955 -1.2626182]
 [ 1.2112955 -1.2626182]
 [ 1.2112955 -1.2626182]
 [ 1.2112955 -1.2626182]
 [ 1.2112955 -1.2626182]
 [ 1.2112955 -1.2626182]
 [ 1.2112955 -1.2626182]
 [ 1.2112955 -1.2626182]
 [ 1.2112955 -1.2626182]
 [ 1.2112955 -1.2626182]
 [ 1.2112955 -1.2626182]
 [ 1.2112955 -1.2626182]
 [ 1.2112955 -1.2626182]
 [ 1.2112955 -1.2626182]
 [ 1.2112955 -1.2626182]
 [ 1.2112955 -1.2626182]
 [ 1.2112955 -1.2626182]
 [ 1.2112955 -1.2626182]
 [ 1.2112955 -1.2626182]
 [ 1.2112955 -1.2626182]
 [ 1.2112955 -1.2626182]
 [ 1.2112955 -1.2626182]
 [ 1.2112955 -1.2626182]
 [ 1.2112955 -1.2626182]
 [ 1.2112955 -1.2626182]
 [ 1.2112955 -1.2626182]
 [ 1.2112955 -1.2626182]
 [ 1.2112955 -1.2626182]
 [ 1.2112955 -1.2626182]
 [ 1.2112955 -1.2626182]
 [ 1.2112955 -1.2626182]
 [ 1.2112955 -1.2626182]
 [ 1.2112955 -1.2626182]
 [ 1.2112955 -1.2626182]
 [ 1.2112955 -1.2626182]
 [ 1.2112955 -1.2626182]
 [ 1.2112955 -1.2626182]
 [ 1.2112955 -1.2626182]
 [ 1.2112955 -1.2626182]
 [ 1.2112955 -1.2626182]]
2025-12-21 18:22:00,891 - [INFO] - ------------------------------------------------------------
2025-12-21 18:22:00,892 - [INFO] - On Validation Set:
	Accuracy of RRL  Model: 0.8887353144436766
	F1 Score of RRL  Model: 0.47054518843761434
2025-12-21 18:22:00,897 - [INFO] - On Validation Set:
Performance of  RRL Model: 
[[1286    0]
 [ 161    0]]
              precision    recall  f1-score   support

           0       0.89      1.00      0.94      1286
           1       0.00      0.00      0.00       161

    accuracy                           0.89      1447
   macro avg       0.44      0.50      0.47      1447
weighted avg       0.79      0.89      0.84      1447

2025-12-21 18:22:00,897 - [INFO] - ------------------------------------------------------------
2025-12-21 18:22:01,237 - [INFO] - epoch: 41, loss_rrl: 162.28697807341814
2025-12-21 18:22:03,702 - [INFO] - epoch: 42, loss_rrl: 162.28530860692263
2025-12-21 18:22:03,781 - [DEBUG] - y_true: (1447,) [0 0 0 0 0 1 0 0 0 0 0 0 0 0 0 0 0 1 0 0 0 0 0 0 1 0 0 0 0 0 0 0 0 0 0 0 0
 0 1 1 0]
2025-12-21 18:22:04,119 - [DEBUG] - y_rrl_: (1447,) [0 0 0 0 0 0 0 0 0 0 0 0 0 0 0 0 0 0 0 0 0 0 0 0 0 0 0 0 0 0 0 0 0 0 0 0 0
 0 0 0 0]
2025-12-21 18:22:04,120 - [DEBUG] - y_rrl: (1447, 2) [[ 1.2219303 -1.2731375]
 [ 1.2219303 -1.2731375]
 [ 1.2219303 -1.2731375]
 [ 1.2219303 -1.2731375]
 [ 1.2219303 -1.2731375]
 [ 1.2219303 -1.2731375]
 [ 1.2219303 -1.2731375]
 [ 1.2219303 -1.2731375]
 [ 1.2219303 -1.2731375]
 [ 1.2219303 -1.2731375]
 [ 1.2219303 -1.2731375]
 [ 1.2219303 -1.2731375]
 [ 1.2219303 -1.2731375]
 [ 1.2219303 -1.2731375]
 [ 1.2219303 -1.2731375]
 [ 1.2219303 -1.2731375]
 [ 1.2219303 -1.2731375]
 [ 1.2219303 -1.2731375]
 [ 1.2219303 -1.2731375]
 [ 1.2219303 -1.2731375]
 [ 1.2219303 -1.2731375]
 [ 1.2219303 -1.2731375]
 [ 1.2219303 -1.2731375]
 [ 1.2219303 -1.2731375]
 [ 1.2219303 -1.2731375]
 [ 1.2219303 -1.2731375]
 [ 1.2219303 -1.2731375]
 [ 1.2219303 -1.2731375]
 [ 1.2219303 -1.2731375]
 [ 1.2219303 -1.2731375]
 [ 1.2219303 -1.2731375]
 [ 1.2219303 -1.2731375]
 [ 1.2219303 -1.2731375]
 [ 1.2219303 -1.2731375]
 [ 1.2219303 -1.2731375]
 [ 1.2219303 -1.2731375]
 [ 1.2219303 -1.2731375]
 [ 1.2219303 -1.2731375]
 [ 1.2219303 -1.2731375]
 [ 1.2219303 -1.2731375]
 [ 1.2219303 -1.2731375]]
2025-12-21 18:22:04,122 - [INFO] - ------------------------------------------------------------
2025-12-21 18:22:04,122 - [INFO] - On Validation Set:
	Accuracy of RRL  Model: 0.8887353144436766
	F1 Score of RRL  Model: 0.47054518843761434
2025-12-21 18:22:04,127 - [INFO] - On Validation Set:
Performance of  RRL Model: 
[[1286    0]
 [ 161    0]]
              precision    recall  f1-score   support

           0       0.89      1.00      0.94      1286
           1       0.00      0.00      0.00       161

    accuracy                           0.89      1447
   macro avg       0.44      0.50      0.47      1447
weighted avg       0.79      0.89      0.84      1447

2025-12-21 18:22:04,127 - [INFO] - ------------------------------------------------------------
2025-12-21 18:22:06,833 - [INFO] - epoch: 43, loss_rrl: 162.28366324305534
2025-12-21 18:22:07,312 - [DEBUG] - y_true: (1447,) [0 0 0 0 0 1 0 0 0 0 0 0 0 0 0 0 0 1 0 0 0 0 0 0 1 0 0 0 0 0 0 0 0 0 0 0 0
 0 1 1 0]
2025-12-21 18:22:07,650 - [DEBUG] - y_rrl_: (1447,) [0 0 0 0 0 0 0 0 0 0 0 0 0 0 0 0 0 0 0 0 0 0 0 0 0 0 0 0 0 0 0 0 0 0 0 0 0
 0 0 0 0]
2025-12-21 18:22:07,651 - [DEBUG] - y_rrl: (1447, 2) [[ 1.1559069 -1.2069968]
 [ 1.1559069 -1.2069968]
 [ 1.1559069 -1.2069968]
 [ 1.1559069 -1.2069968]
 [ 1.1559069 -1.2069968]
 [ 1.1559069 -1.2069968]
 [ 1.1559069 -1.2069968]
 [ 1.1559069 -1.2069968]
 [ 1.1559069 -1.2069968]
 [ 1.1559069 -1.2069968]
 [ 1.1559069 -1.2069968]
 [ 1.1559069 -1.2069968]
 [ 1.1559069 -1.2069968]
 [ 1.1559069 -1.2069968]
 [ 1.1559069 -1.2069968]
 [ 1.1559069 -1.2069968]
 [ 1.1559069 -1.2069968]
 [ 1.1559069 -1.2069968]
 [ 1.1559069 -1.2069968]
 [ 1.1559069 -1.2069968]
 [ 1.1559069 -1.2069968]
 [ 1.1559069 -1.2069968]
 [ 1.1559069 -1.2069968]
 [ 1.1559069 -1.2069968]
 [ 1.1559069 -1.2069968]
 [ 1.1559069 -1.2069968]
 [ 1.1559069 -1.2069968]
 [ 1.1559069 -1.2069968]
 [ 1.1559069 -1.2069968]
 [ 1.1559069 -1.2069968]
 [ 1.1559069 -1.2069968]
 [ 1.1559069 -1.2069968]
 [ 1.1559069 -1.2069968]
 [ 1.1559069 -1.2069968]
 [ 1.1559069 -1.2069968]
 [ 1.1559069 -1.2069968]
 [ 1.1559069 -1.2069968]
 [ 1.1559069 -1.2069968]
 [ 1.1559069 -1.2069968]
 [ 1.1559069 -1.2069968]
 [ 1.1559069 -1.2069968]]
2025-12-21 18:22:07,653 - [INFO] - ------------------------------------------------------------
2025-12-21 18:22:07,653 - [INFO] - On Validation Set:
	Accuracy of RRL  Model: 0.8887353144436766
	F1 Score of RRL  Model: 0.47054518843761434
2025-12-21 18:22:07,658 - [INFO] - On Validation Set:
Performance of  RRL Model: 
[[1286    0]
 [ 161    0]]
              precision    recall  f1-score   support

           0       0.89      1.00      0.94      1286
           1       0.00      0.00      0.00       161

    accuracy                           0.89      1447
   macro avg       0.44      0.50      0.47      1447
weighted avg       0.79      0.89      0.84      1447

2025-12-21 18:22:07,658 - [INFO] - ------------------------------------------------------------
2025-12-21 18:22:09,932 - [INFO] - epoch: 44, loss_rrl: 162.2820470109582
2025-12-21 18:22:10,810 - [DEBUG] - y_true: (1447,) [0 0 0 0 0 1 0 0 0 0 0 0 0 0 0 0 0 1 0 0 0 0 0 0 1 0 0 0 0 0 0 0 0 0 0 0 0
 0 1 1 0]
2025-12-21 18:22:11,121 - [DEBUG] - y_rrl_: (1447,) [0 0 0 0 0 0 0 0 0 0 0 0 0 0 0 0 0 0 0 0 0 0 0 0 0 0 0 0 0 0 0 0 0 0 0 0 0
 0 0 0 0]
2025-12-21 18:22:11,122 - [DEBUG] - y_rrl: (1447, 2) [[ 1.2136675 -1.2646407]
 [ 1.2136675 -1.2646407]
 [ 1.2136675 -1.2646407]
 [ 1.2136675 -1.2646407]
 [ 1.2136675 -1.2646407]
 [ 1.2136675 -1.2646407]
 [ 1.2136675 -1.2646407]
 [ 1.2136675 -1.2646407]
 [ 1.2136675 -1.2646407]
 [ 1.2136675 -1.2646407]
 [ 1.2136675 -1.2646407]
 [ 1.2136675 -1.2646407]
 [ 1.2136675 -1.2646407]
 [ 1.2136675 -1.2646407]
 [ 1.2136675 -1.2646407]
 [ 1.2136675 -1.2646407]
 [ 1.2136675 -1.2646407]
 [ 1.2136675 -1.2646407]
 [ 1.2136675 -1.2646407]
 [ 1.2136675 -1.2646407]
 [ 1.2136675 -1.2646407]
 [ 1.2136675 -1.2646407]
 [ 1.2136675 -1.2646407]
 [ 1.2136675 -1.2646407]
 [ 1.2136675 -1.2646407]
 [ 1.2136675 -1.2646407]
 [ 1.2136675 -1.2646407]
 [ 1.2136675 -1.2646407]
 [ 1.2136675 -1.2646407]
 [ 1.2136675 -1.2646407]
 [ 1.2136675 -1.2646407]
 [ 1.2136675 -1.2646407]
 [ 1.2136675 -1.2646407]
 [ 1.2136675 -1.2646407]
 [ 1.2136675 -1.2646407]
 [ 1.2136675 -1.2646407]
 [ 1.2136675 -1.2646407]
 [ 1.2136675 -1.2646407]
 [ 1.2136675 -1.2646407]
 [ 1.2136675 -1.2646407]
 [ 1.2136675 -1.2646407]]
2025-12-21 18:22:11,124 - [INFO] - ------------------------------------------------------------
2025-12-21 18:22:11,124 - [INFO] - On Validation Set:
	Accuracy of RRL  Model: 0.8887353144436766
	F1 Score of RRL  Model: 0.47054518843761434
2025-12-21 18:22:11,129 - [INFO] - On Validation Set:
Performance of  RRL Model: 
[[1286    0]
 [ 161    0]]
              precision    recall  f1-score   support

           0       0.89      1.00      0.94      1286
           1       0.00      0.00      0.00       161

    accuracy                           0.89      1447
   macro avg       0.44      0.50      0.47      1447
weighted avg       0.79      0.89      0.84      1447

2025-12-21 18:22:11,129 - [INFO] - ------------------------------------------------------------
2025-12-21 18:22:12,712 - [INFO] - epoch: 45, loss_rrl: 162.28045187145472
2025-12-21 18:22:13,983 - [DEBUG] - y_true: (1447,) [0 0 0 0 0 1 0 0 0 0 0 0 0 0 0 0 0 1 0 0 0 0 0 0 1 0 0 0 0 0 0 0 0 0 0 0 0
 0 1 1 0]
2025-12-21 18:22:14,295 - [DEBUG] - y_rrl_: (1447,) [0 0 0 0 0 0 0 0 0 0 0 0 0 0 0 0 0 0 0 0 0 0 0 0 0 0 0 0 0 0 0 0 0 0 0 0 0
 0 0 0 0]
2025-12-21 18:22:14,295 - [DEBUG] - y_rrl: (1447, 2) [[ 1.2136809 -1.2645357]
 [ 1.2136809 -1.2645357]
 [ 1.2136809 -1.2645357]
 [ 1.2136809 -1.2645357]
 [ 1.2136809 -1.2645357]
 [ 1.2136809 -1.2645357]
 [ 1.2136809 -1.2645357]
 [ 1.2136809 -1.2645357]
 [ 1.2136809 -1.2645357]
 [ 1.2136809 -1.2645357]
 [ 1.2136809 -1.2645357]
 [ 1.2136809 -1.2645357]
 [ 1.2136809 -1.2645357]
 [ 1.2136809 -1.2645357]
 [ 1.2136809 -1.2645357]
 [ 1.2136809 -1.2645357]
 [ 1.2136809 -1.2645357]
 [ 1.2136809 -1.2645357]
 [ 1.2136809 -1.2645357]
 [ 1.2136809 -1.2645357]
 [ 1.2136809 -1.2645357]
 [ 1.2136809 -1.2645357]
 [ 1.2136809 -1.2645357]
 [ 1.2136809 -1.2645357]
 [ 1.2136809 -1.2645357]
 [ 1.2136809 -1.2645357]
 [ 1.2136809 -1.2645357]
 [ 1.2136809 -1.2645357]
 [ 1.2136809 -1.2645357]
 [ 1.2136809 -1.2645357]
 [ 1.2136809 -1.2645357]
 [ 1.2136809 -1.2645357]
 [ 1.2136809 -1.2645357]
 [ 1.2136809 -1.2645357]
 [ 1.2136809 -1.2645357]
 [ 1.2136809 -1.2645357]
 [ 1.2136809 -1.2645357]
 [ 1.2136809 -1.2645357]
 [ 1.2136809 -1.2645357]
 [ 1.2136809 -1.2645357]
 [ 1.2136809 -1.2645357]]
2025-12-21 18:22:14,297 - [INFO] - ------------------------------------------------------------
2025-12-21 18:22:14,297 - [INFO] - On Validation Set:
	Accuracy of RRL  Model: 0.8887353144436766
	F1 Score of RRL  Model: 0.47054518843761434
2025-12-21 18:22:14,303 - [INFO] - On Validation Set:
Performance of  RRL Model: 
[[1286    0]
 [ 161    0]]
              precision    recall  f1-score   support

           0       0.89      1.00      0.94      1286
           1       0.00      0.00      0.00       161

    accuracy                           0.89      1447
   macro avg       0.44      0.50      0.47      1447
weighted avg       0.79      0.89      0.84      1447

2025-12-21 18:22:14,303 - [INFO] - ------------------------------------------------------------
2025-12-21 18:22:15,489 - [INFO] - epoch: 46, loss_rrl: 162.27888395637274
2025-12-21 18:22:17,150 - [DEBUG] - y_true: (1447,) [0 0 0 0 0 1 0 0 0 0 0 0 0 0 0 0 0 1 0 0 0 0 0 0 1 0 0 0 0 0 0 0 0 0 0 0 0
 0 1 1 0]
2025-12-21 18:22:17,463 - [DEBUG] - y_rrl_: (1447,) [0 0 0 0 0 0 0 0 0 0 0 0 0 0 0 0 0 0 0 0 0 0 0 0 0 0 0 0 0 0 0 0 0 0 0 0 0
 0 0 0 0]
2025-12-21 18:22:17,463 - [DEBUG] - y_rrl: (1447, 2) [[ 1.2457387 -1.296476 ]
 [ 1.2457387 -1.296476 ]
 [ 1.2457387 -1.296476 ]
 [ 1.2457387 -1.296476 ]
 [ 1.2457387 -1.296476 ]
 [ 1.2457387 -1.296476 ]
 [ 1.2457387 -1.296476 ]
 [ 1.2457387 -1.296476 ]
 [ 1.2457387 -1.296476 ]
 [ 1.2457387 -1.296476 ]
 [ 1.2457387 -1.296476 ]
 [ 1.2457387 -1.296476 ]
 [ 1.2457387 -1.296476 ]
 [ 1.2457387 -1.296476 ]
 [ 1.2457387 -1.296476 ]
 [ 1.2457387 -1.296476 ]
 [ 1.2457387 -1.296476 ]
 [ 1.2457387 -1.296476 ]
 [ 1.2457387 -1.296476 ]
 [ 1.2457387 -1.296476 ]
 [ 1.2457387 -1.296476 ]
 [ 1.2457387 -1.296476 ]
 [ 1.2457387 -1.296476 ]
 [ 1.2457387 -1.296476 ]
 [ 1.2457387 -1.296476 ]
 [ 1.2457387 -1.296476 ]
 [ 1.2457387 -1.296476 ]
 [ 1.2457387 -1.296476 ]
 [ 1.2457387 -1.296476 ]
 [ 1.2457387 -1.296476 ]
 [ 1.2457387 -1.296476 ]
 [ 1.2457387 -1.296476 ]
 [ 1.2457387 -1.296476 ]
 [ 1.2457387 -1.296476 ]
 [ 1.2457387 -1.296476 ]
 [ 1.2457387 -1.296476 ]
 [ 1.2457387 -1.296476 ]
 [ 1.2457387 -1.296476 ]
 [ 1.2457387 -1.296476 ]
 [ 1.2457387 -1.296476 ]
 [ 1.2457387 -1.296476 ]]
2025-12-21 18:22:17,465 - [INFO] - ------------------------------------------------------------
2025-12-21 18:22:17,465 - [INFO] - On Validation Set:
	Accuracy of RRL  Model: 0.8887353144436766
	F1 Score of RRL  Model: 0.47054518843761434
2025-12-21 18:22:17,471 - [INFO] - On Validation Set:
Performance of  RRL Model: 
[[1286    0]
 [ 161    0]]
              precision    recall  f1-score   support

           0       0.89      1.00      0.94      1286
           1       0.00      0.00      0.00       161

    accuracy                           0.89      1447
   macro avg       0.44      0.50      0.47      1447
weighted avg       0.79      0.89      0.84      1447

2025-12-21 18:22:17,471 - [INFO] - ------------------------------------------------------------
2025-12-21 18:22:18,279 - [INFO] - epoch: 47, loss_rrl: 162.27735862135887
2025-12-21 18:22:20,354 - [DEBUG] - y_true: (1447,) [0 0 0 0 0 1 0 0 0 0 0 0 0 0 0 0 0 1 0 0 0 0 0 0 1 0 0 0 0 0 0 0 0 0 0 0 0
 0 1 1 0]
2025-12-21 18:22:20,663 - [DEBUG] - y_rrl_: (1447,) [0 0 0 0 0 0 0 0 0 0 0 0 0 0 0 0 0 0 0 0 0 0 0 0 0 0 0 0 0 0 0 0 0 0 0 0 0
 0 0 0 0]
2025-12-21 18:22:20,664 - [DEBUG] - y_rrl: (1447, 2) [[ 1.2668536 -1.317475 ]
 [ 1.2668536 -1.317475 ]
 [ 1.2668536 -1.317475 ]
 [ 1.2668536 -1.317475 ]
 [ 1.2668536 -1.317475 ]
 [ 1.2668536 -1.317475 ]
 [ 1.2668536 -1.317475 ]
 [ 1.2668536 -1.317475 ]
 [ 1.2668536 -1.317475 ]
 [ 1.2668536 -1.317475 ]
 [ 1.2668536 -1.317475 ]
 [ 1.2668536 -1.317475 ]
 [ 1.2668536 -1.317475 ]
 [ 1.2668536 -1.317475 ]
 [ 1.2668536 -1.317475 ]
 [ 1.2668536 -1.317475 ]
 [ 1.2668536 -1.317475 ]
 [ 1.2668536 -1.317475 ]
 [ 1.2668536 -1.317475 ]
 [ 1.2668536 -1.317475 ]
 [ 1.2668536 -1.317475 ]
 [ 1.2668536 -1.317475 ]
 [ 1.2668536 -1.317475 ]
 [ 1.2668536 -1.317475 ]
 [ 1.2668536 -1.317475 ]
 [ 1.2668536 -1.317475 ]
 [ 1.2668536 -1.317475 ]
 [ 1.2668536 -1.317475 ]
 [ 1.2668536 -1.317475 ]
 [ 1.2668536 -1.317475 ]
 [ 1.2668536 -1.317475 ]
 [ 1.2668536 -1.317475 ]
 [ 1.2668536 -1.317475 ]
 [ 1.2668536 -1.317475 ]
 [ 1.2668536 -1.317475 ]
 [ 1.2668536 -1.317475 ]
 [ 1.2668536 -1.317475 ]
 [ 1.2668536 -1.317475 ]
 [ 1.2668536 -1.317475 ]
 [ 1.2668536 -1.317475 ]
 [ 1.2668536 -1.317475 ]]
2025-12-21 18:22:20,666 - [INFO] - ------------------------------------------------------------
2025-12-21 18:22:20,666 - [INFO] - On Validation Set:
	Accuracy of RRL  Model: 0.8887353144436766
	F1 Score of RRL  Model: 0.47054518843761434
2025-12-21 18:22:20,671 - [INFO] - On Validation Set:
Performance of  RRL Model: 
[[1286    0]
 [ 161    0]]
              precision    recall  f1-score   support

           0       0.89      1.00      0.94      1286
           1       0.00      0.00      0.00       161

    accuracy                           0.89      1447
   macro avg       0.44      0.50      0.47      1447
weighted avg       0.79      0.89      0.84      1447

2025-12-21 18:22:20,672 - [INFO] - ------------------------------------------------------------
2025-12-21 18:22:21,079 - [INFO] - epoch: 48, loss_rrl: 162.27587208896875
2025-12-21 18:22:23,584 - [INFO] - epoch: 49, loss_rrl: 162.2744353786111
2025-12-21 18:22:23,605 - [DEBUG] - y_true: (1447,) [0 0 0 0 0 1 0 0 0 0 0 0 0 0 0 0 0 1 0 0 0 0 0 0 1 0 0 0 0 0 0 0 0 0 0 0 0
 0 1 1 0]
2025-12-21 18:22:23,914 - [DEBUG] - y_rrl_: (1447,) [0 0 0 0 0 0 0 0 0 0 0 0 0 0 0 0 0 0 0 0 0 0 0 0 0 0 0 0 0 0 0 0 0 0 0 0 0
 0 0 0 0]
2025-12-21 18:22:23,914 - [DEBUG] - y_rrl: (1447, 2) [[ 1.2574997 -1.3080049]
 [ 1.2574997 -1.3080049]
 [ 1.2574997 -1.3080049]
 [ 1.2574997 -1.3080049]
 [ 1.2574997 -1.3080049]
 [ 1.2574997 -1.3080049]
 [ 1.2574997 -1.3080049]
 [ 1.2574997 -1.3080049]
 [ 1.2574997 -1.3080049]
 [ 1.2574997 -1.3080049]
 [ 1.2574997 -1.3080049]
 [ 1.2574997 -1.3080049]
 [ 1.2574997 -1.3080049]
 [ 1.2574997 -1.3080049]
 [ 1.2574997 -1.3080049]
 [ 1.2574997 -1.3080049]
 [ 1.2574997 -1.3080049]
 [ 1.2574997 -1.3080049]
 [ 1.2574997 -1.3080049]
 [ 1.2574997 -1.3080049]
 [ 1.2574997 -1.3080049]
 [ 1.2574997 -1.3080049]
 [ 1.2574997 -1.3080049]
 [ 1.2574997 -1.3080049]
 [ 1.2574997 -1.3080049]
 [ 1.2574997 -1.3080049]
 [ 1.2574997 -1.3080049]
 [ 1.2574997 -1.3080049]
 [ 1.2574997 -1.3080049]
 [ 1.2574997 -1.3080049]
 [ 1.2574997 -1.3080049]
 [ 1.2574997 -1.3080049]
 [ 1.2574997 -1.3080049]
 [ 1.2574997 -1.3080049]
 [ 1.2574997 -1.3080049]
 [ 1.2574997 -1.3080049]
 [ 1.2574997 -1.3080049]
 [ 1.2574997 -1.3080049]
 [ 1.2574997 -1.3080049]
 [ 1.2574997 -1.3080049]
 [ 1.2574997 -1.3080049]]
2025-12-21 18:22:23,916 - [INFO] - ------------------------------------------------------------
2025-12-21 18:22:23,916 - [INFO] - On Validation Set:
	Accuracy of RRL  Model: 0.8887353144436766
	F1 Score of RRL  Model: 0.47054518843761434
2025-12-21 18:22:23,921 - [INFO] - On Validation Set:
Performance of  RRL Model: 
[[1286    0]
 [ 161    0]]
              precision    recall  f1-score   support

           0       0.89      1.00      0.94      1286
           1       0.00      0.00      0.00       161

    accuracy                           0.89      1447
   macro avg       0.44      0.50      0.47      1447
weighted avg       0.79      0.89      0.84      1447

2025-12-21 18:22:23,922 - [INFO] - ------------------------------------------------------------
2025-12-21 18:22:26,373 - [INFO] - epoch: 50, loss_rrl: 162.27304991334677
2025-12-21 18:22:26,793 - [DEBUG] - y_true: (1447,) [0 0 0 0 0 1 0 0 0 0 0 0 0 0 0 0 0 1 0 0 0 0 0 0 1 0 0 0 0 0 0 0 0 0 0 0 0
 0 1 1 0]
2025-12-21 18:22:27,374 - [DEBUG] - y_rrl_: (1447,) [0 0 0 0 0 0 0 0 0 0 0 0 0 0 0 0 0 0 0 0 0 0 0 0 0 0 0 0 0 0 0 0 0 0 0 0 0
 0 0 0 0]
2025-12-21 18:22:27,375 - [DEBUG] - y_rrl: (1447, 2) [[ 1.170774  -1.2211622]
 [ 1.170774  -1.2211622]
 [ 1.170774  -1.2211622]
 [ 1.170774  -1.2211622]
 [ 1.170774  -1.2211622]
 [ 1.170774  -1.2211622]
 [ 1.170774  -1.2211622]
 [ 1.170774  -1.2211622]
 [ 1.170774  -1.2211622]
 [ 1.170774  -1.2211622]
 [ 1.170774  -1.2211622]
 [ 1.170774  -1.2211622]
 [ 1.170774  -1.2211622]
 [ 1.170774  -1.2211622]
 [ 1.170774  -1.2211622]
 [ 1.170774  -1.2211622]
 [ 1.170774  -1.2211622]
 [ 1.170774  -1.2211622]
 [ 1.170774  -1.2211622]
 [ 1.170774  -1.2211622]
 [ 1.170774  -1.2211622]
 [ 1.170774  -1.2211622]
 [ 1.170774  -1.2211622]
 [ 1.170774  -1.2211622]
 [ 1.170774  -1.2211622]
 [ 1.170774  -1.2211622]
 [ 1.170774  -1.2211622]
 [ 1.170774  -1.2211622]
 [ 1.170774  -1.2211622]
 [ 1.170774  -1.2211622]
 [ 1.170774  -1.2211622]
 [ 1.170774  -1.2211622]
 [ 1.170774  -1.2211622]
 [ 1.170774  -1.2211622]
 [ 1.170774  -1.2211622]
 [ 1.170774  -1.2211622]
 [ 1.170774  -1.2211622]
 [ 1.170774  -1.2211622]
 [ 1.170774  -1.2211622]
 [ 1.170774  -1.2211622]
 [ 1.170774  -1.2211622]]
2025-12-21 18:22:27,377 - [INFO] - ------------------------------------------------------------
2025-12-21 18:22:27,377 - [INFO] - On Validation Set:
	Accuracy of RRL  Model: 0.8887353144436766
	F1 Score of RRL  Model: 0.47054518843761434
2025-12-21 18:22:27,382 - [INFO] - On Validation Set:
Performance of  RRL Model: 
[[1286    0]
 [ 161    0]]
              precision    recall  f1-score   support

           0       0.89      1.00      0.94      1286
           1       0.00      0.00      0.00       161

    accuracy                           0.89      1447
   macro avg       0.44      0.50      0.47      1447
weighted avg       0.79      0.89      0.84      1447

2025-12-21 18:22:27,382 - [INFO] - ------------------------------------------------------------
2025-12-21 18:22:29,420 - [INFO] - epoch: 51, loss_rrl: 162.27169557660818
2025-12-21 18:22:30,265 - [DEBUG] - y_true: (1447,) [0 0 0 0 0 1 0 0 0 0 0 0 0 0 0 0 0 1 0 0 0 0 0 0 1 0 0 0 0 0 0 0 0 0 0 0 0
 0 1 1 0]
2025-12-21 18:22:30,639 - [DEBUG] - y_rrl_: (1447,) [0 0 0 0 0 0 0 0 0 0 0 0 0 0 0 0 0 0 0 0 0 0 0 0 0 0 0 0 0 0 0 0 0 0 0 0 0
 0 0 0 0]
2025-12-21 18:22:30,639 - [DEBUG] - y_rrl: (1447, 2) [[ 1.2405505 -1.2908226]
 [ 1.2405505 -1.2908226]
 [ 1.2405505 -1.2908226]
 [ 1.2405505 -1.2908226]
 [ 1.2405505 -1.2908226]
 [ 1.2405505 -1.2908226]
 [ 1.2405505 -1.2908226]
 [ 1.2405505 -1.2908226]
 [ 1.2405505 -1.2908226]
 [ 1.2405505 -1.2908226]
 [ 1.2405505 -1.2908226]
 [ 1.2405505 -1.2908226]
 [ 1.2405505 -1.2908226]
 [ 1.2405505 -1.2908226]
 [ 1.2405505 -1.2908226]
 [ 1.2405505 -1.2908226]
 [ 1.2405505 -1.2908226]
 [ 1.2405505 -1.2908226]
 [ 1.2405505 -1.2908226]
 [ 1.2405505 -1.2908226]
 [ 1.2405505 -1.2908226]
 [ 1.2405505 -1.2908226]
 [ 1.2405505 -1.2908226]
 [ 1.2405505 -1.2908226]
 [ 1.2405505 -1.2908226]
 [ 1.2405505 -1.2908226]
 [ 1.2405505 -1.2908226]
 [ 1.2405505 -1.2908226]
 [ 1.2405505 -1.2908226]
 [ 1.2405505 -1.2908226]
 [ 1.2405505 -1.2908226]
 [ 1.2405505 -1.2908226]
 [ 1.2405505 -1.2908226]
 [ 1.2405505 -1.2908226]
 [ 1.2405505 -1.2908226]
 [ 1.2405505 -1.2908226]
 [ 1.2405505 -1.2908226]
 [ 1.2405505 -1.2908226]
 [ 1.2405505 -1.2908226]
 [ 1.2405505 -1.2908226]
 [ 1.2405505 -1.2908226]]
2025-12-21 18:22:30,641 - [INFO] - ------------------------------------------------------------
2025-12-21 18:22:30,642 - [INFO] - On Validation Set:
	Accuracy of RRL  Model: 0.8887353144436766
	F1 Score of RRL  Model: 0.47054518843761434
2025-12-21 18:22:30,647 - [INFO] - On Validation Set:
Performance of  RRL Model: 
[[1286    0]
 [ 161    0]]
              precision    recall  f1-score   support

           0       0.89      1.00      0.94      1286
           1       0.00      0.00      0.00       161

    accuracy                           0.89      1447
   macro avg       0.44      0.50      0.47      1447
weighted avg       0.79      0.89      0.84      1447

2025-12-21 18:22:30,647 - [INFO] - ------------------------------------------------------------
2025-12-21 18:22:32,290 - [INFO] - epoch: 52, loss_rrl: 162.2703484147787
2025-12-21 18:22:33,499 - [DEBUG] - y_true: (1447,) [0 0 0 0 0 1 0 0 0 0 0 0 0 0 0 0 0 1 0 0 0 0 0 0 1 0 0 0 0 0 0 0 0 0 0 0 0
 0 1 1 0]
2025-12-21 18:22:33,810 - [DEBUG] - y_rrl_: (1447,) [0 0 0 0 0 0 0 0 0 0 0 0 0 0 0 0 0 0 0 0 0 0 0 0 0 0 0 0 0 0 0 0 0 0 0 0 0
 0 0 0 0]
2025-12-21 18:22:33,811 - [DEBUG] - y_rrl: (1447, 2) [[ 1.3079876 -1.3581437]
 [ 1.3079876 -1.3581437]
 [ 1.3079876 -1.3581437]
 [ 1.3079876 -1.3581437]
 [ 1.3079876 -1.3581437]
 [ 1.3079876 -1.3581437]
 [ 1.3079876 -1.3581437]
 [ 1.3079876 -1.3581437]
 [ 1.3079876 -1.3581437]
 [ 1.3079876 -1.3581437]
 [ 1.3079876 -1.3581437]
 [ 1.3079876 -1.3581437]
 [ 1.3079876 -1.3581437]
 [ 1.3079876 -1.3581437]
 [ 1.3079876 -1.3581437]
 [ 1.3079876 -1.3581437]
 [ 1.3079876 -1.3581437]
 [ 1.3079876 -1.3581437]
 [ 1.3079876 -1.3581437]
 [ 1.3079876 -1.3581437]
 [ 1.3079876 -1.3581437]
 [ 1.3079876 -1.3581437]
 [ 1.3079876 -1.3581437]
 [ 1.3079876 -1.3581437]
 [ 1.3079876 -1.3581437]
 [ 1.3079876 -1.3581437]
 [ 1.3079876 -1.3581437]
 [ 1.3079876 -1.3581437]
 [ 1.3079876 -1.3581437]
 [ 1.3079876 -1.3581437]
 [ 1.3079876 -1.3581437]
 [ 1.3079876 -1.3581437]
 [ 1.3079876 -1.3581437]
 [ 1.3079876 -1.3581437]
 [ 1.3079876 -1.3581437]
 [ 1.3079876 -1.3581437]
 [ 1.3079876 -1.3581437]
 [ 1.3079876 -1.3581437]
 [ 1.3079876 -1.3581437]
 [ 1.3079876 -1.3581437]
 [ 1.3079876 -1.3581437]]
2025-12-21 18:22:33,813 - [INFO] - ------------------------------------------------------------
2025-12-21 18:22:33,813 - [INFO] - On Validation Set:
	Accuracy of RRL  Model: 0.8887353144436766
	F1 Score of RRL  Model: 0.47054518843761434
2025-12-21 18:22:33,818 - [INFO] - On Validation Set:
Performance of  RRL Model: 
[[1286    0]
 [ 161    0]]
              precision    recall  f1-score   support

           0       0.89      1.00      0.94      1286
           1       0.00      0.00      0.00       161

    accuracy                           0.89      1447
   macro avg       0.44      0.50      0.47      1447
weighted avg       0.79      0.89      0.84      1447

2025-12-21 18:22:33,818 - [INFO] - ------------------------------------------------------------
2025-12-21 18:22:35,060 - [INFO] - epoch: 53, loss_rrl: 162.26900379359722
2025-12-21 18:22:36,669 - [DEBUG] - y_true: (1447,) [0 0 0 0 0 1 0 0 0 0 0 0 0 0 0 0 0 1 0 0 0 0 0 0 1 0 0 0 0 0 0 0 0 0 0 0 0
 0 1 1 0]
2025-12-21 18:22:36,982 - [DEBUG] - y_rrl_: (1447,) [0 0 0 0 0 0 0 0 0 0 0 0 0 0 0 0 0 0 0 0 0 0 0 0 0 0 0 0 0 0 0 0 0 0 0 0 0
 0 0 0 0]
2025-12-21 18:22:36,982 - [DEBUG] - y_rrl: (1447, 2) [[ 1.3171616 -1.367201 ]
 [ 1.3171616 -1.367201 ]
 [ 1.3171616 -1.367201 ]
 [ 1.3171616 -1.367201 ]
 [ 1.3171616 -1.367201 ]
 [ 1.3171616 -1.367201 ]
 [ 1.3171616 -1.367201 ]
 [ 1.3171616 -1.367201 ]
 [ 1.3171616 -1.367201 ]
 [ 1.3171616 -1.367201 ]
 [ 1.3171616 -1.367201 ]
 [ 1.3171616 -1.367201 ]
 [ 1.3171616 -1.367201 ]
 [ 1.3171616 -1.367201 ]
 [ 1.3171616 -1.367201 ]
 [ 1.3171616 -1.367201 ]
 [ 1.3171616 -1.367201 ]
 [ 1.3171616 -1.367201 ]
 [ 1.3171616 -1.367201 ]
 [ 1.3171616 -1.367201 ]
 [ 1.3171616 -1.367201 ]
 [ 1.3171616 -1.367201 ]
 [ 1.3171616 -1.367201 ]
 [ 1.3171616 -1.367201 ]
 [ 1.3171616 -1.367201 ]
 [ 1.3171616 -1.367201 ]
 [ 1.3171616 -1.367201 ]
 [ 1.3171616 -1.367201 ]
 [ 1.3171616 -1.367201 ]
 [ 1.3171616 -1.367201 ]
 [ 1.3171616 -1.367201 ]
 [ 1.3171616 -1.367201 ]
 [ 1.3171616 -1.367201 ]
 [ 1.3171616 -1.367201 ]
 [ 1.3171616 -1.367201 ]
 [ 1.3171616 -1.367201 ]
 [ 1.3171616 -1.367201 ]
 [ 1.3171616 -1.367201 ]
 [ 1.3171616 -1.367201 ]
 [ 1.3171616 -1.367201 ]
 [ 1.3171616 -1.367201 ]]
2025-12-21 18:22:36,984 - [INFO] - ------------------------------------------------------------
2025-12-21 18:22:36,984 - [INFO] - On Validation Set:
	Accuracy of RRL  Model: 0.8887353144436766
	F1 Score of RRL  Model: 0.47054518843761434
2025-12-21 18:22:36,990 - [INFO] - On Validation Set:
Performance of  RRL Model: 
[[1286    0]
 [ 161    0]]
              precision    recall  f1-score   support

           0       0.89      1.00      0.94      1286
           1       0.00      0.00      0.00       161

    accuracy                           0.89      1447
   macro avg       0.44      0.50      0.47      1447
weighted avg       0.79      0.89      0.84      1447

2025-12-21 18:22:36,990 - [INFO] - ------------------------------------------------------------
2025-12-21 18:22:37,842 - [INFO] - epoch: 54, loss_rrl: 162.26765885949135
2025-12-21 18:22:39,966 - [DEBUG] - y_true: (1447,) [0 0 0 0 0 1 0 0 0 0 0 0 0 0 0 0 0 1 0 0 0 0 0 0 1 0 0 0 0 0 0 0 0 0 0 0 0
 0 1 1 0]
2025-12-21 18:22:40,279 - [DEBUG] - y_rrl_: (1447,) [0 0 0 0 0 0 0 0 0 0 0 0 0 0 0 0 0 0 0 0 0 0 0 0 0 0 0 0 0 0 0 0 0 0 0 0 0
 0 0 0 0]
2025-12-21 18:22:40,280 - [DEBUG] - y_rrl: (1447, 2) [[ 1.3238702 -1.3737911]
 [ 1.3238702 -1.3737911]
 [ 1.3238702 -1.3737911]
 [ 1.3238702 -1.3737911]
 [ 1.3238702 -1.3737911]
 [ 1.3238702 -1.3737911]
 [ 1.3238702 -1.3737911]
 [ 1.3238702 -1.3737911]
 [ 1.3238702 -1.3737911]
 [ 1.3238702 -1.3737911]
 [ 1.3238702 -1.3737911]
 [ 1.3238702 -1.3737911]
 [ 1.3238702 -1.3737911]
 [ 1.3238702 -1.3737911]
 [ 1.3238702 -1.3737911]
 [ 1.3238702 -1.3737911]
 [ 1.3238702 -1.3737911]
 [ 1.3238702 -1.3737911]
 [ 1.3238702 -1.3737911]
 [ 1.3238702 -1.3737911]
 [ 1.3238702 -1.3737911]
 [ 1.3238702 -1.3737911]
 [ 1.3238702 -1.3737911]
 [ 1.3238702 -1.3737911]
 [ 1.3238702 -1.3737911]
 [ 1.3238702 -1.3737911]
 [ 1.3238702 -1.3737911]
 [ 1.3238702 -1.3737911]
 [ 1.3238702 -1.3737911]
 [ 1.3238702 -1.3737911]
 [ 1.3238702 -1.3737911]
 [ 1.3238702 -1.3737911]
 [ 1.3238702 -1.3737911]
 [ 1.3238702 -1.3737911]
 [ 1.3238702 -1.3737911]
 [ 1.3238702 -1.3737911]
 [ 1.3238702 -1.3737911]
 [ 1.3238702 -1.3737911]
 [ 1.3238702 -1.3737911]
 [ 1.3238702 -1.3737911]
 [ 1.3238702 -1.3737911]]
2025-12-21 18:22:40,282 - [INFO] - ------------------------------------------------------------
2025-12-21 18:22:40,282 - [INFO] - On Validation Set:
	Accuracy of RRL  Model: 0.8887353144436766
	F1 Score of RRL  Model: 0.47054518843761434
2025-12-21 18:22:40,287 - [INFO] - On Validation Set:
Performance of  RRL Model: 
[[1286    0]
 [ 161    0]]
              precision    recall  f1-score   support

           0       0.89      1.00      0.94      1286
           1       0.00      0.00      0.00       161

    accuracy                           0.89      1447
   macro avg       0.44      0.50      0.47      1447
weighted avg       0.79      0.89      0.84      1447

2025-12-21 18:22:40,287 - [INFO] - ------------------------------------------------------------
2025-12-21 18:22:40,763 - [INFO] - epoch: 55, loss_rrl: 162.266315869987
2025-12-21 18:22:43,305 - [DEBUG] - y_true: (1447,) [0 0 0 0 0 1 0 0 0 0 0 0 0 0 0 0 0 1 0 0 0 0 0 0 1 0 0 0 0 0 0 0 0 0 0 0 0
 0 1 1 0]
2025-12-21 18:22:43,621 - [DEBUG] - y_rrl_: (1447,) [0 0 0 0 0 0 0 0 0 0 0 0 0 0 0 0 0 0 0 0 0 0 0 0 0 0 0 0 0 0 0 0 0 0 0 0 0
 0 0 0 0]
2025-12-21 18:22:43,622 - [DEBUG] - y_rrl: (1447, 2) [[ 1.2491331 -1.2989378]
 [ 1.2491331 -1.2989378]
 [ 1.2491331 -1.2989378]
 [ 1.2491331 -1.2989378]
 [ 1.2491331 -1.2989378]
 [ 1.2491331 -1.2989378]
 [ 1.2491331 -1.2989378]
 [ 1.2491331 -1.2989378]
 [ 1.2491331 -1.2989378]
 [ 1.2491331 -1.2989378]
 [ 1.2491331 -1.2989378]
 [ 1.2491331 -1.2989378]
 [ 1.2491331 -1.2989378]
 [ 1.2491331 -1.2989378]
 [ 1.2491331 -1.2989378]
 [ 1.2491331 -1.2989378]
 [ 1.2491331 -1.2989378]
 [ 1.2491331 -1.2989378]
 [ 1.2491331 -1.2989378]
 [ 1.2491331 -1.2989378]
 [ 1.2491331 -1.2989378]
 [ 1.2491331 -1.2989378]
 [ 1.2491331 -1.2989378]
 [ 1.2491331 -1.2989378]
 [ 1.2491331 -1.2989378]
 [ 1.2491331 -1.2989378]
 [ 1.2491331 -1.2989378]
 [ 1.2491331 -1.2989378]
 [ 1.2491331 -1.2989378]
 [ 1.2491331 -1.2989378]
 [ 1.2491331 -1.2989378]
 [ 1.2491331 -1.2989378]
 [ 1.2491331 -1.2989378]
 [ 1.2491331 -1.2989378]
 [ 1.2491331 -1.2989378]
 [ 1.2491331 -1.2989378]
 [ 1.2491331 -1.2989378]
 [ 1.2491331 -1.2989378]
 [ 1.2491331 -1.2989378]
 [ 1.2491331 -1.2989378]
 [ 1.2491331 -1.2989378]]
2025-12-21 18:22:43,624 - [INFO] - ------------------------------------------------------------
2025-12-21 18:22:43,624 - [INFO] - On Validation Set:
	Accuracy of RRL  Model: 0.8887353144436766
	F1 Score of RRL  Model: 0.47054518843761434
2025-12-21 18:22:43,629 - [INFO] - On Validation Set:
Performance of  RRL Model: 
[[1286    0]
 [ 161    0]]
              precision    recall  f1-score   support

           0       0.89      1.00      0.94      1286
           1       0.00      0.00      0.00       161

    accuracy                           0.89      1447
   macro avg       0.44      0.50      0.47      1447
weighted avg       0.79      0.89      0.84      1447

2025-12-21 18:22:43,629 - [INFO] - ------------------------------------------------------------
2025-12-21 18:22:43,685 - [INFO] - epoch: 56, loss_rrl: 162.26498132944107
2025-12-21 18:22:46,529 - [INFO] - epoch: 57, loss_rrl: 162.2636586278677
2025-12-21 18:22:46,893 - [DEBUG] - y_true: (1447,) [0 0 0 0 0 1 0 0 0 0 0 0 0 0 0 0 0 1 0 0 0 0 0 0 1 0 0 0 0 0 0 0 0 0 0 0 0
 0 1 1 0]
2025-12-21 18:22:47,230 - [DEBUG] - y_rrl_: (1447,) [0 0 0 0 0 0 0 0 0 0 0 0 0 0 0 0 0 0 0 0 0 0 0 0 0 0 0 0 0 0 0 0 0 0 0 0 0
 0 0 0 0]
2025-12-21 18:22:47,230 - [DEBUG] - y_rrl: (1447, 2) [[ 1.2440655 -1.2937533]
 [ 1.2440655 -1.2937533]
 [ 1.2440655 -1.2937533]
 [ 1.2440655 -1.2937533]
 [ 1.2440655 -1.2937533]
 [ 1.2440655 -1.2937533]
 [ 1.2440655 -1.2937533]
 [ 1.2440655 -1.2937533]
 [ 1.2440655 -1.2937533]
 [ 1.2440655 -1.2937533]
 [ 1.2440655 -1.2937533]
 [ 1.2440655 -1.2937533]
 [ 1.2440655 -1.2937533]
 [ 1.2440655 -1.2937533]
 [ 1.2440655 -1.2937533]
 [ 1.2440655 -1.2937533]
 [ 1.2440655 -1.2937533]
 [ 1.2440655 -1.2937533]
 [ 1.2440655 -1.2937533]
 [ 1.2440655 -1.2937533]
 [ 1.2440655 -1.2937533]
 [ 1.2440655 -1.2937533]
 [ 1.2440655 -1.2937533]
 [ 1.2440655 -1.2937533]
 [ 1.2440655 -1.2937533]
 [ 1.2440655 -1.2937533]
 [ 1.2440655 -1.2937533]
 [ 1.2440655 -1.2937533]
 [ 1.2440655 -1.2937533]
 [ 1.2440655 -1.2937533]
 [ 1.2440655 -1.2937533]
 [ 1.2440655 -1.2937533]
 [ 1.2440655 -1.2937533]
 [ 1.2440655 -1.2937533]
 [ 1.2440655 -1.2937533]
 [ 1.2440655 -1.2937533]
 [ 1.2440655 -1.2937533]
 [ 1.2440655 -1.2937533]
 [ 1.2440655 -1.2937533]
 [ 1.2440655 -1.2937533]
 [ 1.2440655 -1.2937533]]
2025-12-21 18:22:47,232 - [INFO] - ------------------------------------------------------------
2025-12-21 18:22:47,232 - [INFO] - On Validation Set:
	Accuracy of RRL  Model: 0.8887353144436766
	F1 Score of RRL  Model: 0.47054518843761434
2025-12-21 18:22:47,237 - [INFO] - On Validation Set:
Performance of  RRL Model: 
[[1286    0]
 [ 161    0]]
              precision    recall  f1-score   support

           0       0.89      1.00      0.94      1286
           1       0.00      0.00      0.00       161

    accuracy                           0.89      1447
   macro avg       0.44      0.50      0.47      1447
weighted avg       0.79      0.89      0.84      1447

2025-12-21 18:22:47,238 - [INFO] - ------------------------------------------------------------
2025-12-21 18:22:49,383 - [INFO] - epoch: 58, loss_rrl: 162.26235204190016
2025-12-21 18:22:50,139 - [DEBUG] - y_true: (1447,) [0 0 0 0 0 1 0 0 0 0 0 0 0 0 0 0 0 1 0 0 0 0 0 0 1 0 0 0 0 0 0 0 0 0 0 0 0
 0 1 1 0]
2025-12-21 18:22:50,476 - [DEBUG] - y_rrl_: (1447,) [0 0 0 0 0 0 0 0 0 0 0 0 0 0 0 0 0 0 0 0 0 0 0 0 0 0 0 0 0 0 0 0 0 0 0 0 0
 0 0 0 0]
2025-12-21 18:22:50,477 - [DEBUG] - y_rrl: (1447, 2) [[ 1.3655167 -1.41509  ]
 [ 1.3655167 -1.41509  ]
 [ 1.3655167 -1.41509  ]
 [ 1.3655167 -1.41509  ]
 [ 1.3655167 -1.41509  ]
 [ 1.3655167 -1.41509  ]
 [ 1.3655167 -1.41509  ]
 [ 1.3655167 -1.41509  ]
 [ 1.3655167 -1.41509  ]
 [ 1.3655167 -1.41509  ]
 [ 1.3655167 -1.41509  ]
 [ 1.3655167 -1.41509  ]
 [ 1.3655167 -1.41509  ]
 [ 1.3655167 -1.41509  ]
 [ 1.3655167 -1.41509  ]
 [ 1.3655167 -1.41509  ]
 [ 1.3655167 -1.41509  ]
 [ 1.3655167 -1.41509  ]
 [ 1.3655167 -1.41509  ]
 [ 1.3655167 -1.41509  ]
 [ 1.3655167 -1.41509  ]
 [ 1.3655167 -1.41509  ]
 [ 1.3655167 -1.41509  ]
 [ 1.3655167 -1.41509  ]
 [ 1.3655167 -1.41509  ]
 [ 1.3655167 -1.41509  ]
 [ 1.3655167 -1.41509  ]
 [ 1.3655167 -1.41509  ]
 [ 1.3655167 -1.41509  ]
 [ 1.3655167 -1.41509  ]
 [ 1.3655167 -1.41509  ]
 [ 1.3655167 -1.41509  ]
 [ 1.3655167 -1.41509  ]
 [ 1.3655167 -1.41509  ]
 [ 1.3655167 -1.41509  ]
 [ 1.3655167 -1.41509  ]
 [ 1.3655167 -1.41509  ]
 [ 1.3655167 -1.41509  ]
 [ 1.3655167 -1.41509  ]
 [ 1.3655167 -1.41509  ]
 [ 1.3655167 -1.41509  ]]
2025-12-21 18:22:50,479 - [INFO] - ------------------------------------------------------------
2025-12-21 18:22:50,479 - [INFO] - On Validation Set:
	Accuracy of RRL  Model: 0.8887353144436766
	F1 Score of RRL  Model: 0.47054518843761434
2025-12-21 18:22:50,484 - [INFO] - On Validation Set:
Performance of  RRL Model: 
[[1286    0]
 [ 161    0]]
              precision    recall  f1-score   support

           0       0.89      1.00      0.94      1286
           1       0.00      0.00      0.00       161

    accuracy                           0.89      1447
   macro avg       0.44      0.50      0.47      1447
weighted avg       0.79      0.89      0.84      1447

2025-12-21 18:22:50,484 - [INFO] - ------------------------------------------------------------
2025-12-21 18:22:52,186 - [INFO] - epoch: 59, loss_rrl: 162.26105451583862
2025-12-21 18:22:53,341 - [DEBUG] - y_true: (1447,) [0 0 0 0 0 1 0 0 0 0 0 0 0 0 0 0 0 1 0 0 0 0 0 0 1 0 0 0 0 0 0 0 0 0 0 0 0
 0 1 1 0]
2025-12-21 18:22:53,678 - [DEBUG] - y_rrl_: (1447,) [0 0 0 0 0 0 0 0 0 0 0 0 0 0 0 0 0 0 0 0 0 0 0 0 0 0 0 0 0 0 0 0 0 0 0 0 0
 0 0 0 0]
2025-12-21 18:22:53,678 - [DEBUG] - y_rrl: (1447, 2) [[ 1.4476675 -1.4971238]
 [ 1.4476675 -1.4971238]
 [ 1.4476675 -1.4971238]
 [ 1.4476675 -1.4971238]
 [ 1.4476675 -1.4971238]
 [ 1.4476675 -1.4971238]
 [ 1.4476675 -1.4971238]
 [ 1.4476675 -1.4971238]
 [ 1.4476675 -1.4971238]
 [ 1.4476675 -1.4971238]
 [ 1.4476675 -1.4971238]
 [ 1.4476675 -1.4971238]
 [ 1.4476675 -1.4971238]
 [ 1.4476675 -1.4971238]
 [ 1.4476675 -1.4971238]
 [ 1.4476675 -1.4971238]
 [ 1.4476675 -1.4971238]
 [ 1.4476675 -1.4971238]
 [ 1.4476675 -1.4971238]
 [ 1.4476675 -1.4971238]
 [ 1.4476675 -1.4971238]
 [ 1.4476675 -1.4971238]
 [ 1.4476675 -1.4971238]
 [ 1.4476675 -1.4971238]
 [ 1.4476675 -1.4971238]
 [ 1.4476675 -1.4971238]
 [ 1.4476675 -1.4971238]
 [ 1.4476675 -1.4971238]
 [ 1.4476675 -1.4971238]
 [ 1.4476675 -1.4971238]
 [ 1.4476675 -1.4971238]
 [ 1.4476675 -1.4971238]
 [ 1.4476675 -1.4971238]
 [ 1.4476675 -1.4971238]
 [ 1.4476675 -1.4971238]
 [ 1.4476675 -1.4971238]
 [ 1.4476675 -1.4971238]
 [ 1.4476675 -1.4971238]
 [ 1.4476675 -1.4971238]
 [ 1.4476675 -1.4971238]
 [ 1.4476675 -1.4971238]]
2025-12-21 18:22:53,680 - [INFO] - ------------------------------------------------------------
2025-12-21 18:22:53,680 - [INFO] - On Validation Set:
	Accuracy of RRL  Model: 0.8887353144436766
	F1 Score of RRL  Model: 0.47054518843761434
2025-12-21 18:22:53,686 - [INFO] - On Validation Set:
Performance of  RRL Model: 
[[1286    0]
 [ 161    0]]
              precision    recall  f1-score   support

           0       0.89      1.00      0.94      1286
           1       0.00      0.00      0.00       161

    accuracy                           0.89      1447
   macro avg       0.44      0.50      0.47      1447
weighted avg       0.79      0.89      0.84      1447

2025-12-21 18:22:53,686 - [INFO] - ------------------------------------------------------------
2025-12-21 18:22:54,989 - [INFO] - epoch: 60, loss_rrl: 162.25976813584566
2025-12-21 18:22:56,566 - [DEBUG] - y_true: (1447,) [0 0 0 0 0 1 0 0 0 0 0 0 0 0 0 0 0 1 0 0 0 0 0 0 1 0 0 0 0 0 0 0 0 0 0 0 0
 0 1 1 0]
2025-12-21 18:22:56,904 - [DEBUG] - y_rrl_: (1447,) [0 0 0 0 0 0 0 0 0 0 0 0 0 0 0 0 0 0 0 0 0 0 0 0 0 0 0 0 0 0 0 0 0 0 0 0 0
 0 0 0 0]
2025-12-21 18:22:56,904 - [DEBUG] - y_rrl: (1447, 2) [[ 1.3607589 -1.4100976]
 [ 1.3607589 -1.4100976]
 [ 1.3607589 -1.4100976]
 [ 1.3607589 -1.4100976]
 [ 1.3607589 -1.4100976]
 [ 1.3607589 -1.4100976]
 [ 1.3607589 -1.4100976]
 [ 1.3607589 -1.4100976]
 [ 1.3607589 -1.4100976]
 [ 1.3607589 -1.4100976]
 [ 1.3607589 -1.4100976]
 [ 1.3607589 -1.4100976]
 [ 1.3607589 -1.4100976]
 [ 1.3607589 -1.4100976]
 [ 1.3607589 -1.4100976]
 [ 1.3607589 -1.4100976]
 [ 1.3607589 -1.4100976]
 [ 1.3607589 -1.4100976]
 [ 1.3607589 -1.4100976]
 [ 1.3607589 -1.4100976]
 [ 1.3607589 -1.4100976]
 [ 1.3607589 -1.4100976]
 [ 1.3607589 -1.4100976]
 [ 1.3607589 -1.4100976]
 [ 1.3607589 -1.4100976]
 [ 1.3607589 -1.4100976]
 [ 1.3607589 -1.4100976]
 [ 1.3607589 -1.4100976]
 [ 1.3607589 -1.4100976]
 [ 1.3607589 -1.4100976]
 [ 1.3607589 -1.4100976]
 [ 1.3607589 -1.4100976]
 [ 1.3607589 -1.4100976]
 [ 1.3607589 -1.4100976]
 [ 1.3607589 -1.4100976]
 [ 1.3607589 -1.4100976]
 [ 1.3607589 -1.4100976]
 [ 1.3607589 -1.4100976]
 [ 1.3607589 -1.4100976]
 [ 1.3607589 -1.4100976]
 [ 1.3607589 -1.4100976]]
2025-12-21 18:22:56,906 - [INFO] - ------------------------------------------------------------
2025-12-21 18:22:56,906 - [INFO] - On Validation Set:
	Accuracy of RRL  Model: 0.8887353144436766
	F1 Score of RRL  Model: 0.47054518843761434
2025-12-21 18:22:56,912 - [INFO] - On Validation Set:
Performance of  RRL Model: 
[[1286    0]
 [ 161    0]]
              precision    recall  f1-score   support

           0       0.89      1.00      0.94      1286
           1       0.00      0.00      0.00       161

    accuracy                           0.89      1447
   macro avg       0.44      0.50      0.47      1447
weighted avg       0.79      0.89      0.84      1447

2025-12-21 18:22:56,912 - [INFO] - ------------------------------------------------------------
2025-12-21 18:22:57,817 - [INFO] - epoch: 61, loss_rrl: 162.2584974169731
2025-12-21 18:22:59,759 - [DEBUG] - y_true: (1447,) [0 0 0 0 0 1 0 0 0 0 0 0 0 0 0 0 0 1 0 0 0 0 0 0 1 0 0 0 0 0 0 0 0 0 0 0 0
 0 1 1 0]
2025-12-21 18:23:00,091 - [DEBUG] - y_rrl_: (1447,) [0 0 0 0 0 0 0 0 0 0 0 0 0 0 0 0 0 0 0 0 0 0 0 0 0 0 0 0 0 0 0 0 0 0 0 0 0
 0 0 0 0]
2025-12-21 18:23:00,092 - [DEBUG] - y_rrl: (1447, 2) [[ 1.3544686 -1.4036908]
 [ 1.3544686 -1.4036908]
 [ 1.3544686 -1.4036908]
 [ 1.3544686 -1.4036908]
 [ 1.3544686 -1.4036908]
 [ 1.3544686 -1.4036908]
 [ 1.3544686 -1.4036908]
 [ 1.3544686 -1.4036908]
 [ 1.3544686 -1.4036908]
 [ 1.3544686 -1.4036908]
 [ 1.3544686 -1.4036908]
 [ 1.3544686 -1.4036908]
 [ 1.3544686 -1.4036908]
 [ 1.3544686 -1.4036908]
 [ 1.3544686 -1.4036908]
 [ 1.3544686 -1.4036908]
 [ 1.3544686 -1.4036908]
 [ 1.3544686 -1.4036908]
 [ 1.3544686 -1.4036908]
 [ 1.3544686 -1.4036908]
 [ 1.3544686 -1.4036908]
 [ 1.3544686 -1.4036908]
 [ 1.3544686 -1.4036908]
 [ 1.3544686 -1.4036908]
 [ 1.3544686 -1.4036908]
 [ 1.3544686 -1.4036908]
 [ 1.3544686 -1.4036908]
 [ 1.3544686 -1.4036908]
 [ 1.3544686 -1.4036908]
 [ 1.3544686 -1.4036908]
 [ 1.3544686 -1.4036908]
 [ 1.3544686 -1.4036908]
 [ 1.3544686 -1.4036908]
 [ 1.3544686 -1.4036908]
 [ 1.3544686 -1.4036908]
 [ 1.3544686 -1.4036908]
 [ 1.3544686 -1.4036908]
 [ 1.3544686 -1.4036908]
 [ 1.3544686 -1.4036908]
 [ 1.3544686 -1.4036908]
 [ 1.3544686 -1.4036908]]
2025-12-21 18:23:00,094 - [INFO] - ------------------------------------------------------------
2025-12-21 18:23:00,094 - [INFO] - On Validation Set:
	Accuracy of RRL  Model: 0.8887353144436766
	F1 Score of RRL  Model: 0.47054518843761434
2025-12-21 18:23:00,099 - [INFO] - On Validation Set:
Performance of  RRL Model: 
[[1286    0]
 [ 161    0]]
              precision    recall  f1-score   support

           0       0.89      1.00      0.94      1286
           1       0.00      0.00      0.00       161

    accuracy                           0.89      1447
   macro avg       0.44      0.50      0.47      1447
weighted avg       0.79      0.89      0.84      1447

2025-12-21 18:23:00,099 - [INFO] - ------------------------------------------------------------
2025-12-21 18:23:00,604 - [INFO] - epoch: 62, loss_rrl: 162.25723654031754
2025-12-21 18:23:02,954 - [DEBUG] - y_true: (1447,) [0 0 0 0 0 1 0 0 0 0 0 0 0 0 0 0 0 1 0 0 0 0 0 0 1 0 0 0 0 0 0 0 0 0 0 0 0
 0 1 1 0]
2025-12-21 18:23:03,292 - [DEBUG] - y_rrl_: (1447,) [0 0 0 0 0 0 0 0 0 0 0 0 0 0 0 0 0 0 0 0 0 0 0 0 0 0 0 0 0 0 0 0 0 0 0 0 0
 0 0 0 0]
2025-12-21 18:23:03,293 - [DEBUG] - y_rrl: (1447, 2) [[ 1.2570057 -1.3061109]
 [ 1.2570057 -1.3061109]
 [ 1.2570057 -1.3061109]
 [ 1.2570057 -1.3061109]
 [ 1.2570057 -1.3061109]
 [ 1.2570057 -1.3061109]
 [ 1.2570057 -1.3061109]
 [ 1.2570057 -1.3061109]
 [ 1.2570057 -1.3061109]
 [ 1.2570057 -1.3061109]
 [ 1.2570057 -1.3061109]
 [ 1.2570057 -1.3061109]
 [ 1.2570057 -1.3061109]
 [ 1.2570057 -1.3061109]
 [ 1.2570057 -1.3061109]
 [ 1.2570057 -1.3061109]
 [ 1.2570057 -1.3061109]
 [ 1.2570057 -1.3061109]
 [ 1.2570057 -1.3061109]
 [ 1.2570057 -1.3061109]
 [ 1.2570057 -1.3061109]
 [ 1.2570057 -1.3061109]
 [ 1.2570057 -1.3061109]
 [ 1.2570057 -1.3061109]
 [ 1.2570057 -1.3061109]
 [ 1.2570057 -1.3061109]
 [ 1.2570057 -1.3061109]
 [ 1.2570057 -1.3061109]
 [ 1.2570057 -1.3061109]
 [ 1.2570057 -1.3061109]
 [ 1.2570057 -1.3061109]
 [ 1.2570057 -1.3061109]
 [ 1.2570057 -1.3061109]
 [ 1.2570057 -1.3061109]
 [ 1.2570057 -1.3061109]
 [ 1.2570057 -1.3061109]
 [ 1.2570057 -1.3061109]
 [ 1.2570057 -1.3061109]
 [ 1.2570057 -1.3061109]
 [ 1.2570057 -1.3061109]
 [ 1.2570057 -1.3061109]]
2025-12-21 18:23:03,295 - [INFO] - ------------------------------------------------------------
2025-12-21 18:23:03,295 - [INFO] - On Validation Set:
	Accuracy of RRL  Model: 0.8887353144436766
	F1 Score of RRL  Model: 0.47054518843761434
2025-12-21 18:23:03,300 - [INFO] - On Validation Set:
Performance of  RRL Model: 
[[1286    0]
 [ 161    0]]
              precision    recall  f1-score   support

           0       0.89      1.00      0.94      1286
           1       0.00      0.00      0.00       161

    accuracy                           0.89      1447
   macro avg       0.44      0.50      0.47      1447
weighted avg       0.79      0.89      0.84      1447

2025-12-21 18:23:03,300 - [INFO] - ------------------------------------------------------------
2025-12-21 18:23:03,411 - [INFO] - epoch: 63, loss_rrl: 162.25598797947168
2025-12-21 18:23:06,156 - [INFO] - epoch: 64, loss_rrl: 162.25475344061852
2025-12-21 18:23:06,462 - [DEBUG] - y_true: (1447,) [0 0 0 0 0 1 0 0 0 0 0 0 0 0 0 0 0 1 0 0 0 0 0 0 1 0 0 0 0 0 0 0 0 0 0 0 0
 0 1 1 0]
2025-12-21 18:23:06,798 - [DEBUG] - y_rrl_: (1447,) [0 0 0 0 0 0 0 0 0 0 0 0 0 0 0 0 0 0 0 0 0 0 0 0 0 0 0 0 0 0 0 0 0 0 0 0 0
 0 0 0 0]
2025-12-21 18:23:06,798 - [DEBUG] - y_rrl: (1447, 2) [[ 1.3276827 -1.3766706]
 [ 1.3276827 -1.3766706]
 [ 1.3276827 -1.3766706]
 [ 1.3276827 -1.3766706]
 [ 1.3276827 -1.3766706]
 [ 1.3276827 -1.3766706]
 [ 1.3276827 -1.3766706]
 [ 1.3276827 -1.3766706]
 [ 1.3276827 -1.3766706]
 [ 1.3276827 -1.3766706]
 [ 1.3276827 -1.3766706]
 [ 1.3276827 -1.3766706]
 [ 1.3276827 -1.3766706]
 [ 1.3276827 -1.3766706]
 [ 1.3276827 -1.3766706]
 [ 1.3276827 -1.3766706]
 [ 1.3276827 -1.3766706]
 [ 1.3276827 -1.3766706]
 [ 1.3276827 -1.3766706]
 [ 1.3276827 -1.3766706]
 [ 1.3276827 -1.3766706]
 [ 1.3276827 -1.3766706]
 [ 1.3276827 -1.3766706]
 [ 1.3276827 -1.3766706]
 [ 1.3276827 -1.3766706]
 [ 1.3276827 -1.3766706]
 [ 1.3276827 -1.3766706]
 [ 1.3276827 -1.3766706]
 [ 1.3276827 -1.3766706]
 [ 1.3276827 -1.3766706]
 [ 1.3276827 -1.3766706]
 [ 1.3276827 -1.3766706]
 [ 1.3276827 -1.3766706]
 [ 1.3276827 -1.3766706]
 [ 1.3276827 -1.3766706]
 [ 1.3276827 -1.3766706]
 [ 1.3276827 -1.3766706]
 [ 1.3276827 -1.3766706]
 [ 1.3276827 -1.3766706]
 [ 1.3276827 -1.3766706]
 [ 1.3276827 -1.3766706]]
2025-12-21 18:23:06,800 - [INFO] - ------------------------------------------------------------
2025-12-21 18:23:06,800 - [INFO] - On Validation Set:
	Accuracy of RRL  Model: 0.8887353144436766
	F1 Score of RRL  Model: 0.47054518843761434
2025-12-21 18:23:06,806 - [INFO] - On Validation Set:
Performance of  RRL Model: 
[[1286    0]
 [ 161    0]]
              precision    recall  f1-score   support

           0       0.89      1.00      0.94      1286
           1       0.00      0.00      0.00       161

    accuracy                           0.89      1447
   macro avg       0.44      0.50      0.47      1447
weighted avg       0.79      0.89      0.84      1447

2025-12-21 18:23:06,806 - [INFO] - ------------------------------------------------------------
2025-12-21 18:23:09,011 - [INFO] - epoch: 65, loss_rrl: 162.25352676957846
2025-12-21 18:23:09,729 - [DEBUG] - y_true: (1447,) [0 0 0 0 0 1 0 0 0 0 0 0 0 0 0 0 0 1 0 0 0 0 0 0 1 0 0 0 0 0 0 0 0 0 0 0 0
 0 1 1 0]
2025-12-21 18:23:10,067 - [DEBUG] - y_rrl_: (1447,) [0 0 0 0 0 0 0 0 0 0 0 0 0 0 0 0 0 0 0 0 0 0 0 0 0 0 0 0 0 0 0 0 0 0 0 0 0
 0 0 0 0]
2025-12-21 18:23:10,068 - [DEBUG] - y_rrl: (1447, 2) [[ 1.4240052 -1.4728767]
 [ 1.4240052 -1.4728767]
 [ 1.4240052 -1.4728767]
 [ 1.4240052 -1.4728767]
 [ 1.4240052 -1.4728767]
 [ 1.4240052 -1.4728767]
 [ 1.4240052 -1.4728767]
 [ 1.4240052 -1.4728767]
 [ 1.4240052 -1.4728767]
 [ 1.4240052 -1.4728767]
 [ 1.4240052 -1.4728767]
 [ 1.4240052 -1.4728767]
 [ 1.4240052 -1.4728767]
 [ 1.4240052 -1.4728767]
 [ 1.4240052 -1.4728767]
 [ 1.4240052 -1.4728767]
 [ 1.4240052 -1.4728767]
 [ 1.4240052 -1.4728767]
 [ 1.4240052 -1.4728767]
 [ 1.4240052 -1.4728767]
 [ 1.4240052 -1.4728767]
 [ 1.4240052 -1.4728767]
 [ 1.4240052 -1.4728767]
 [ 1.4240052 -1.4728767]
 [ 1.4240052 -1.4728767]
 [ 1.4240052 -1.4728767]
 [ 1.4240052 -1.4728767]
 [ 1.4240052 -1.4728767]
 [ 1.4240052 -1.4728767]
 [ 1.4240052 -1.4728767]
 [ 1.4240052 -1.4728767]
 [ 1.4240052 -1.4728767]
 [ 1.4240052 -1.4728767]
 [ 1.4240052 -1.4728767]
 [ 1.4240052 -1.4728767]
 [ 1.4240052 -1.4728767]
 [ 1.4240052 -1.4728767]
 [ 1.4240052 -1.4728767]
 [ 1.4240052 -1.4728767]
 [ 1.4240052 -1.4728767]
 [ 1.4240052 -1.4728767]]
2025-12-21 18:23:10,070 - [INFO] - ------------------------------------------------------------
2025-12-21 18:23:10,070 - [INFO] - On Validation Set:
	Accuracy of RRL  Model: 0.8887353144436766
	F1 Score of RRL  Model: 0.47054518843761434
2025-12-21 18:23:10,075 - [INFO] - On Validation Set:
Performance of  RRL Model: 
[[1286    0]
 [ 161    0]]
              precision    recall  f1-score   support

           0       0.89      1.00      0.94      1286
           1       0.00      0.00      0.00       161

    accuracy                           0.89      1447
   macro avg       0.44      0.50      0.47      1447
weighted avg       0.79      0.89      0.84      1447

2025-12-21 18:23:10,075 - [INFO] - ------------------------------------------------------------
2025-12-21 18:23:11,824 - [INFO] - epoch: 66, loss_rrl: 162.25231052935123
2025-12-21 18:23:12,922 - [DEBUG] - y_true: (1447,) [0 0 0 0 0 1 0 0 0 0 0 0 0 0 0 0 0 1 0 0 0 0 0 0 1 0 0 0 0 0 0 0 0 0 0 0 0
 0 1 1 0]
2025-12-21 18:23:13,260 - [DEBUG] - y_rrl_: (1447,) [0 0 0 0 0 0 0 0 0 0 0 0 0 0 0 0 0 0 0 0 0 0 0 0 0 0 0 0 0 0 0 0 0 0 0 0 0
 0 0 0 0]
2025-12-21 18:23:13,261 - [DEBUG] - y_rrl: (1447, 2) [[ 1.4695168 -1.518272 ]
 [ 1.4695168 -1.518272 ]
 [ 1.4695168 -1.518272 ]
 [ 1.4695168 -1.518272 ]
 [ 1.4695168 -1.518272 ]
 [ 1.4695168 -1.518272 ]
 [ 1.4695168 -1.518272 ]
 [ 1.4695168 -1.518272 ]
 [ 1.4695168 -1.518272 ]
 [ 1.4695168 -1.518272 ]
 [ 1.4695168 -1.518272 ]
 [ 1.4695168 -1.518272 ]
 [ 1.4695168 -1.518272 ]
 [ 1.4695168 -1.518272 ]
 [ 1.4695168 -1.518272 ]
 [ 1.4695168 -1.518272 ]
 [ 1.4695168 -1.518272 ]
 [ 1.4695168 -1.518272 ]
 [ 1.4695168 -1.518272 ]
 [ 1.4695168 -1.518272 ]
 [ 1.4695168 -1.518272 ]
 [ 1.4695168 -1.518272 ]
 [ 1.4695168 -1.518272 ]
 [ 1.4695168 -1.518272 ]
 [ 1.4695168 -1.518272 ]
 [ 1.4695168 -1.518272 ]
 [ 1.4695168 -1.518272 ]
 [ 1.4695168 -1.518272 ]
 [ 1.4695168 -1.518272 ]
 [ 1.4695168 -1.518272 ]
 [ 1.4695168 -1.518272 ]
 [ 1.4695168 -1.518272 ]
 [ 1.4695168 -1.518272 ]
 [ 1.4695168 -1.518272 ]
 [ 1.4695168 -1.518272 ]
 [ 1.4695168 -1.518272 ]
 [ 1.4695168 -1.518272 ]
 [ 1.4695168 -1.518272 ]
 [ 1.4695168 -1.518272 ]
 [ 1.4695168 -1.518272 ]
 [ 1.4695168 -1.518272 ]]
2025-12-21 18:23:13,262 - [INFO] - ------------------------------------------------------------
2025-12-21 18:23:13,263 - [INFO] - On Validation Set:
	Accuracy of RRL  Model: 0.8887353144436766
	F1 Score of RRL  Model: 0.47054518843761434
2025-12-21 18:23:13,268 - [INFO] - On Validation Set:
Performance of  RRL Model: 
[[1286    0]
 [ 161    0]]
              precision    recall  f1-score   support

           0       0.89      1.00      0.94      1286
           1       0.00      0.00      0.00       161

    accuracy                           0.89      1447
   macro avg       0.44      0.50      0.47      1447
weighted avg       0.79      0.89      0.84      1447

2025-12-21 18:23:13,268 - [INFO] - ------------------------------------------------------------
2025-12-21 18:23:14,967 - [INFO] - epoch: 67, loss_rrl: 162.2511067017913
2025-12-21 18:23:16,404 - [DEBUG] - y_true: (1447,) [0 0 0 0 0 1 0 0 0 0 0 0 0 0 0 0 0 1 0 0 0 0 0 0 1 0 0 0 0 0 0 0 0 0 0 0 0
 0 1 1 0]
2025-12-21 18:23:16,715 - [DEBUG] - y_rrl_: (1447,) [0 0 0 0 0 0 0 0 0 0 0 0 0 0 0 0 0 0 0 0 0 0 0 0 0 0 0 0 0 0 0 0 0 0 0 0 0
 0 0 0 0]
2025-12-21 18:23:16,716 - [DEBUG] - y_rrl: (1447, 2) [[ 1.3887327 -1.4373735]
 [ 1.3887327 -1.4373735]
 [ 1.3887327 -1.4373735]
 [ 1.3887327 -1.4373735]
 [ 1.3887327 -1.4373735]
 [ 1.3887327 -1.4373735]
 [ 1.3887327 -1.4373735]
 [ 1.3887327 -1.4373735]
 [ 1.3887327 -1.4373735]
 [ 1.3887327 -1.4373735]
 [ 1.3887327 -1.4373735]
 [ 1.3887327 -1.4373735]
 [ 1.3887327 -1.4373735]
 [ 1.3887327 -1.4373735]
 [ 1.3887327 -1.4373735]
 [ 1.3887327 -1.4373735]
 [ 1.3887327 -1.4373735]
 [ 1.3887327 -1.4373735]
 [ 1.3887327 -1.4373735]
 [ 1.3887327 -1.4373735]
 [ 1.3887327 -1.4373735]
 [ 1.3887327 -1.4373735]
 [ 1.3887327 -1.4373735]
 [ 1.3887327 -1.4373735]
 [ 1.3887327 -1.4373735]
 [ 1.3887327 -1.4373735]
 [ 1.3887327 -1.4373735]
 [ 1.3887327 -1.4373735]
 [ 1.3887327 -1.4373735]
 [ 1.3887327 -1.4373735]
 [ 1.3887327 -1.4373735]
 [ 1.3887327 -1.4373735]
 [ 1.3887327 -1.4373735]
 [ 1.3887327 -1.4373735]
 [ 1.3887327 -1.4373735]
 [ 1.3887327 -1.4373735]
 [ 1.3887327 -1.4373735]
 [ 1.3887327 -1.4373735]
 [ 1.3887327 -1.4373735]
 [ 1.3887327 -1.4373735]
 [ 1.3887327 -1.4373735]]
2025-12-21 18:23:16,718 - [INFO] - ------------------------------------------------------------
2025-12-21 18:23:16,718 - [INFO] - On Validation Set:
	Accuracy of RRL  Model: 0.8887353144436766
	F1 Score of RRL  Model: 0.47054518843761434
2025-12-21 18:23:16,723 - [INFO] - On Validation Set:
Performance of  RRL Model: 
[[1286    0]
 [ 161    0]]
              precision    recall  f1-score   support

           0       0.89      1.00      0.94      1286
           1       0.00      0.00      0.00       161

    accuracy                           0.89      1447
   macro avg       0.44      0.50      0.47      1447
weighted avg       0.79      0.89      0.84      1447

2025-12-21 18:23:16,724 - [INFO] - ------------------------------------------------------------
2025-12-21 18:23:17,622 - [INFO] - epoch: 68, loss_rrl: 162.24991410970688
2025-12-21 18:23:19,399 - [DEBUG] - y_true: (1447,) [0 0 0 0 0 1 0 0 0 0 0 0 0 0 0 0 0 1 0 0 0 0 0 0 1 0 0 0 0 0 0 0 0 0 0 0 0
 0 1 1 0]
2025-12-21 18:23:19,714 - [DEBUG] - y_rrl_: (1447,) [0 0 0 0 0 0 0 0 0 0 0 0 0 0 0 0 0 0 0 0 0 0 0 0 0 0 0 0 0 0 0 0 0 0 0 0 0
 0 0 0 0]
2025-12-21 18:23:19,714 - [DEBUG] - y_rrl: (1447, 2) [[ 1.3966026 -1.4451276]
 [ 1.3966026 -1.4451276]
 [ 1.3966026 -1.4451276]
 [ 1.3966026 -1.4451276]
 [ 1.3966026 -1.4451276]
 [ 1.3966026 -1.4451276]
 [ 1.3966026 -1.4451276]
 [ 1.3966026 -1.4451276]
 [ 1.3966026 -1.4451276]
 [ 1.3966026 -1.4451276]
 [ 1.3966026 -1.4451276]
 [ 1.3966026 -1.4451276]
 [ 1.3966026 -1.4451276]
 [ 1.3966026 -1.4451276]
 [ 1.3966026 -1.4451276]
 [ 1.3966026 -1.4451276]
 [ 1.3966026 -1.4451276]
 [ 1.3966026 -1.4451276]
 [ 1.3966026 -1.4451276]
 [ 1.3966026 -1.4451276]
 [ 1.3966026 -1.4451276]
 [ 1.3966026 -1.4451276]
 [ 1.3966026 -1.4451276]
 [ 1.3966026 -1.4451276]
 [ 1.3966026 -1.4451276]
 [ 1.3966026 -1.4451276]
 [ 1.3966026 -1.4451276]
 [ 1.3966026 -1.4451276]
 [ 1.3966026 -1.4451276]
 [ 1.3966026 -1.4451276]
 [ 1.3966026 -1.4451276]
 [ 1.3966026 -1.4451276]
 [ 1.3966026 -1.4451276]
 [ 1.3966026 -1.4451276]
 [ 1.3966026 -1.4451276]
 [ 1.3966026 -1.4451276]
 [ 1.3966026 -1.4451276]
 [ 1.3966026 -1.4451276]
 [ 1.3966026 -1.4451276]
 [ 1.3966026 -1.4451276]
 [ 1.3966026 -1.4451276]]
2025-12-21 18:23:19,717 - [INFO] - ------------------------------------------------------------
2025-12-21 18:23:19,717 - [INFO] - On Validation Set:
	Accuracy of RRL  Model: 0.8887353144436766
	F1 Score of RRL  Model: 0.47054518843761434
2025-12-21 18:23:19,723 - [INFO] - On Validation Set:
Performance of  RRL Model: 
[[1286    0]
 [ 161    0]]
              precision    recall  f1-score   support

           0       0.89      1.00      0.94      1286
           1       0.00      0.00      0.00       161

    accuracy                           0.89      1447
   macro avg       0.44      0.50      0.47      1447
weighted avg       0.79      0.89      0.84      1447

2025-12-21 18:23:19,723 - [INFO] - ------------------------------------------------------------
2025-12-21 18:23:20,262 - [INFO] - epoch: 69, loss_rrl: 162.24873334169388
2025-12-21 18:23:22,455 - [DEBUG] - y_true: (1447,) [0 0 0 0 0 1 0 0 0 0 0 0 0 0 0 0 0 1 0 0 0 0 0 0 1 0 0 0 0 0 0 0 0 0 0 0 0
 0 1 1 0]
2025-12-21 18:23:22,771 - [DEBUG] - y_rrl_: (1447,) [0 0 0 0 0 0 0 0 0 0 0 0 0 0 0 0 0 0 0 0 0 0 0 0 0 0 0 0 0 0 0 0 0 0 0 0 0
 0 0 0 0]
2025-12-21 18:23:22,772 - [DEBUG] - y_rrl: (1447, 2) [[ 1.3189689 -1.3673781]
 [ 1.3189689 -1.3673781]
 [ 1.3189689 -1.3673781]
 [ 1.3189689 -1.3673781]
 [ 1.3189689 -1.3673781]
 [ 1.3189689 -1.3673781]
 [ 1.3189689 -1.3673781]
 [ 1.3189689 -1.3673781]
 [ 1.3189689 -1.3673781]
 [ 1.3189689 -1.3673781]
 [ 1.3189689 -1.3673781]
 [ 1.3189689 -1.3673781]
 [ 1.3189689 -1.3673781]
 [ 1.3189689 -1.3673781]
 [ 1.3189689 -1.3673781]
 [ 1.3189689 -1.3673781]
 [ 1.3189689 -1.3673781]
 [ 1.3189689 -1.3673781]
 [ 1.3189689 -1.3673781]
 [ 1.3189689 -1.3673781]
 [ 1.3189689 -1.3673781]
 [ 1.3189689 -1.3673781]
 [ 1.3189689 -1.3673781]
 [ 1.3189689 -1.3673781]
 [ 1.3189689 -1.3673781]
 [ 1.3189689 -1.3673781]
 [ 1.3189689 -1.3673781]
 [ 1.3189689 -1.3673781]
 [ 1.3189689 -1.3673781]
 [ 1.3189689 -1.3673781]
 [ 1.3189689 -1.3673781]
 [ 1.3189689 -1.3673781]
 [ 1.3189689 -1.3673781]
 [ 1.3189689 -1.3673781]
 [ 1.3189689 -1.3673781]
 [ 1.3189689 -1.3673781]
 [ 1.3189689 -1.3673781]
 [ 1.3189689 -1.3673781]
 [ 1.3189689 -1.3673781]
 [ 1.3189689 -1.3673781]
 [ 1.3189689 -1.3673781]]
2025-12-21 18:23:22,773 - [INFO] - ------------------------------------------------------------
2025-12-21 18:23:22,774 - [INFO] - On Validation Set:
	Accuracy of RRL  Model: 0.8887353144436766
	F1 Score of RRL  Model: 0.47054518843761434
2025-12-21 18:23:22,779 - [INFO] - On Validation Set:
Performance of  RRL Model: 
[[1286    0]
 [ 161    0]]
              precision    recall  f1-score   support

           0       0.89      1.00      0.94      1286
           1       0.00      0.00      0.00       161

    accuracy                           0.89      1447
   macro avg       0.44      0.50      0.47      1447
weighted avg       0.79      0.89      0.84      1447

2025-12-21 18:23:22,779 - [INFO] - ------------------------------------------------------------
2025-12-21 18:23:22,935 - [INFO] - epoch: 70, loss_rrl: 162.24755645543337
2025-12-21 18:23:25,218 - [INFO] - epoch: 71, loss_rrl: 162.24639666825533
2025-12-21 18:23:25,451 - [DEBUG] - y_true: (1447,) [0 0 0 0 0 1 0 0 0 0 0 0 0 0 0 0 0 1 0 0 0 0 0 0 1 0 0 0 0 0 0 0 0 0 0 0 0
 0 1 1 0]
2025-12-21 18:23:25,766 - [DEBUG] - y_rrl_: (1447,) [0 0 0 0 0 0 0 0 0 0 0 0 0 0 0 0 0 0 0 0 0 0 0 0 0 0 0 0 0 0 0 0 0 0 0 0 0
 0 0 0 0]
2025-12-21 18:23:25,766 - [DEBUG] - y_rrl: (1447, 2) [[ 1.4542646 -1.5025597]
 [ 1.4542646 -1.5025597]
 [ 1.4542646 -1.5025597]
 [ 1.4542646 -1.5025597]
 [ 1.4542646 -1.5025597]
 [ 1.4542646 -1.5025597]
 [ 1.4542646 -1.5025597]
 [ 1.4542646 -1.5025597]
 [ 1.4542646 -1.5025597]
 [ 1.4542646 -1.5025597]
 [ 1.4542646 -1.5025597]
 [ 1.4542646 -1.5025597]
 [ 1.4542646 -1.5025597]
 [ 1.4542646 -1.5025597]
 [ 1.4542646 -1.5025597]
 [ 1.4542646 -1.5025597]
 [ 1.4542646 -1.5025597]
 [ 1.4542646 -1.5025597]
 [ 1.4542646 -1.5025597]
 [ 1.4542646 -1.5025597]
 [ 1.4542646 -1.5025597]
 [ 1.4542646 -1.5025597]
 [ 1.4542646 -1.5025597]
 [ 1.4542646 -1.5025597]
 [ 1.4542646 -1.5025597]
 [ 1.4542646 -1.5025597]
 [ 1.4542646 -1.5025597]
 [ 1.4542646 -1.5025597]
 [ 1.4542646 -1.5025597]
 [ 1.4542646 -1.5025597]
 [ 1.4542646 -1.5025597]
 [ 1.4542646 -1.5025597]
 [ 1.4542646 -1.5025597]
 [ 1.4542646 -1.5025597]
 [ 1.4542646 -1.5025597]
 [ 1.4542646 -1.5025597]
 [ 1.4542646 -1.5025597]
 [ 1.4542646 -1.5025597]
 [ 1.4542646 -1.5025597]
 [ 1.4542646 -1.5025597]
 [ 1.4542646 -1.5025597]]
2025-12-21 18:23:25,768 - [INFO] - ------------------------------------------------------------
2025-12-21 18:23:25,768 - [INFO] - On Validation Set:
	Accuracy of RRL  Model: 0.8887353144436766
	F1 Score of RRL  Model: 0.47054518843761434
2025-12-21 18:23:25,774 - [INFO] - On Validation Set:
Performance of  RRL Model: 
[[1286    0]
 [ 161    0]]
              precision    recall  f1-score   support

           0       0.89      1.00      0.94      1286
           1       0.00      0.00      0.00       161

    accuracy                           0.89      1447
   macro avg       0.44      0.50      0.47      1447
weighted avg       0.79      0.89      0.84      1447

2025-12-21 18:23:25,774 - [INFO] - ------------------------------------------------------------
2025-12-21 18:23:27,837 - [INFO] - epoch: 72, loss_rrl: 162.2452449798584
2025-12-21 18:23:28,441 - [DEBUG] - y_true: (1447,) [0 0 0 0 0 1 0 0 0 0 0 0 0 0 0 0 0 1 0 0 0 0 0 0 1 0 0 0 0 0 0 0 0 0 0 0 0
 0 1 1 0]
2025-12-21 18:23:28,756 - [DEBUG] - y_rrl_: (1447,) [0 0 0 0 0 0 0 0 0 0 0 0 0 0 0 0 0 0 0 0 0 0 0 0 0 0 0 0 0 0 0 0 0 0 0 0 0
 0 0 0 0]
2025-12-21 18:23:28,757 - [DEBUG] - y_rrl: (1447, 2) [[ 1.4272125 -1.4753927]
 [ 1.4272125 -1.4753927]
 [ 1.4272125 -1.4753927]
 [ 1.4272125 -1.4753927]
 [ 1.4272125 -1.4753927]
 [ 1.4272125 -1.4753927]
 [ 1.4272125 -1.4753927]
 [ 1.4272125 -1.4753927]
 [ 1.4272125 -1.4753927]
 [ 1.4272125 -1.4753927]
 [ 1.4272125 -1.4753927]
 [ 1.4272125 -1.4753927]
 [ 1.4272125 -1.4753927]
 [ 1.4272125 -1.4753927]
 [ 1.4272125 -1.4753927]
 [ 1.4272125 -1.4753927]
 [ 1.4272125 -1.4753927]
 [ 1.4272125 -1.4753927]
 [ 1.4272125 -1.4753927]
 [ 1.4272125 -1.4753927]
 [ 1.4272125 -1.4753927]
 [ 1.4272125 -1.4753927]
 [ 1.4272125 -1.4753927]
 [ 1.4272125 -1.4753927]
 [ 1.4272125 -1.4753927]
 [ 1.4272125 -1.4753927]
 [ 1.4272125 -1.4753927]
 [ 1.4272125 -1.4753927]
 [ 1.4272125 -1.4753927]
 [ 1.4272125 -1.4753927]
 [ 1.4272125 -1.4753927]
 [ 1.4272125 -1.4753927]
 [ 1.4272125 -1.4753927]
 [ 1.4272125 -1.4753927]
 [ 1.4272125 -1.4753927]
 [ 1.4272125 -1.4753927]
 [ 1.4272125 -1.4753927]
 [ 1.4272125 -1.4753927]
 [ 1.4272125 -1.4753927]
 [ 1.4272125 -1.4753927]
 [ 1.4272125 -1.4753927]]
2025-12-21 18:23:28,759 - [INFO] - ------------------------------------------------------------
2025-12-21 18:23:28,759 - [INFO] - On Validation Set:
	Accuracy of RRL  Model: 0.8887353144436766
	F1 Score of RRL  Model: 0.47054518843761434
2025-12-21 18:23:28,764 - [INFO] - On Validation Set:
Performance of  RRL Model: 
[[1286    0]
 [ 161    0]]
              precision    recall  f1-score   support

           0       0.89      1.00      0.94      1286
           1       0.00      0.00      0.00       161

    accuracy                           0.89      1447
   macro avg       0.44      0.50      0.47      1447
weighted avg       0.79      0.89      0.84      1447

2025-12-21 18:23:28,764 - [INFO] - ------------------------------------------------------------
2025-12-21 18:23:30,549 - [INFO] - epoch: 73, loss_rrl: 162.24410105496645
2025-12-21 18:23:31,544 - [DEBUG] - y_true: (1447,) [0 0 0 0 0 1 0 0 0 0 0 0 0 0 0 0 0 1 0 0 0 0 0 0 1 0 0 0 0 0 0 0 0 0 0 0 0
 0 1 1 0]
2025-12-21 18:23:31,860 - [DEBUG] - y_rrl_: (1447,) [0 0 0 0 0 0 0 0 0 0 0 0 0 0 0 0 0 0 0 0 0 0 0 0 0 0 0 0 0 0 0 0 0 0 0 0 0
 0 0 0 0]
2025-12-21 18:23:31,860 - [DEBUG] - y_rrl: (1447, 2) [[ 1.4802265 -1.5282905]
 [ 1.4802265 -1.5282905]
 [ 1.4802265 -1.5282905]
 [ 1.4802265 -1.5282905]
 [ 1.4802265 -1.5282905]
 [ 1.4802265 -1.5282905]
 [ 1.4802265 -1.5282905]
 [ 1.4802265 -1.5282905]
 [ 1.4802265 -1.5282905]
 [ 1.4802265 -1.5282905]
 [ 1.4802265 -1.5282905]
 [ 1.4802265 -1.5282905]
 [ 1.4802265 -1.5282905]
 [ 1.4802265 -1.5282905]
 [ 1.4802265 -1.5282905]
 [ 1.4802265 -1.5282905]
 [ 1.4802265 -1.5282905]
 [ 1.4802265 -1.5282905]
 [ 1.4802265 -1.5282905]
 [ 1.4802265 -1.5282905]
 [ 1.4802265 -1.5282905]
 [ 1.4802265 -1.5282905]
 [ 1.4802265 -1.5282905]
 [ 1.4802265 -1.5282905]
 [ 1.4802265 -1.5282905]
 [ 1.4802265 -1.5282905]
 [ 1.4802265 -1.5282905]
 [ 1.4802265 -1.5282905]
 [ 1.4802265 -1.5282905]
 [ 1.4802265 -1.5282905]
 [ 1.4802265 -1.5282905]
 [ 1.4802265 -1.5282905]
 [ 1.4802265 -1.5282905]
 [ 1.4802265 -1.5282905]
 [ 1.4802265 -1.5282905]
 [ 1.4802265 -1.5282905]
 [ 1.4802265 -1.5282905]
 [ 1.4802265 -1.5282905]
 [ 1.4802265 -1.5282905]
 [ 1.4802265 -1.5282905]
 [ 1.4802265 -1.5282905]]
2025-12-21 18:23:31,862 - [INFO] - ------------------------------------------------------------
2025-12-21 18:23:31,863 - [INFO] - On Validation Set:
	Accuracy of RRL  Model: 0.8887353144436766
	F1 Score of RRL  Model: 0.47054518843761434
2025-12-21 18:23:31,868 - [INFO] - On Validation Set:
Performance of  RRL Model: 
[[1286    0]
 [ 161    0]]
              precision    recall  f1-score   support

           0       0.89      1.00      0.94      1286
           1       0.00      0.00      0.00       161

    accuracy                           0.89      1447
   macro avg       0.44      0.50      0.47      1447
weighted avg       0.79      0.89      0.84      1447

2025-12-21 18:23:31,868 - [INFO] - ------------------------------------------------------------
2025-12-21 18:23:33,470 - [INFO] - epoch: 74, loss_rrl: 162.24296732991934
2025-12-21 18:23:34,840 - [DEBUG] - y_true: (1447,) [0 0 0 0 0 1 0 0 0 0 0 0 0 0 0 0 0 1 0 0 0 0 0 0 1 0 0 0 0 0 0 0 0 0 0 0 0
 0 1 1 0]
2025-12-21 18:23:35,152 - [DEBUG] - y_rrl_: (1447,) [0 0 0 0 0 0 0 0 0 0 0 0 0 0 0 0 0 0 0 0 0 0 0 0 0 0 0 0 0 0 0 0 0 0 0 0 0
 0 0 0 0]
2025-12-21 18:23:35,153 - [DEBUG] - y_rrl: (1447, 2) [[ 1.4361438 -1.4840938]
 [ 1.4361438 -1.4840938]
 [ 1.4361438 -1.4840938]
 [ 1.4361438 -1.4840938]
 [ 1.4361438 -1.4840938]
 [ 1.4361438 -1.4840938]
 [ 1.4361438 -1.4840938]
 [ 1.4361438 -1.4840938]
 [ 1.4361438 -1.4840938]
 [ 1.4361438 -1.4840938]
 [ 1.4361438 -1.4840938]
 [ 1.4361438 -1.4840938]
 [ 1.4361438 -1.4840938]
 [ 1.4361438 -1.4840938]
 [ 1.4361438 -1.4840938]
 [ 1.4361438 -1.4840938]
 [ 1.4361438 -1.4840938]
 [ 1.4361438 -1.4840938]
 [ 1.4361438 -1.4840938]
 [ 1.4361438 -1.4840938]
 [ 1.4361438 -1.4840938]
 [ 1.4361438 -1.4840938]
 [ 1.4361438 -1.4840938]
 [ 1.4361438 -1.4840938]
 [ 1.4361438 -1.4840938]
 [ 1.4361438 -1.4840938]
 [ 1.4361438 -1.4840938]
 [ 1.4361438 -1.4840938]
 [ 1.4361438 -1.4840938]
 [ 1.4361438 -1.4840938]
 [ 1.4361438 -1.4840938]
 [ 1.4361438 -1.4840938]
 [ 1.4361438 -1.4840938]
 [ 1.4361438 -1.4840938]
 [ 1.4361438 -1.4840938]
 [ 1.4361438 -1.4840938]
 [ 1.4361438 -1.4840938]
 [ 1.4361438 -1.4840938]
 [ 1.4361438 -1.4840938]
 [ 1.4361438 -1.4840938]
 [ 1.4361438 -1.4840938]]
2025-12-21 18:23:35,155 - [INFO] - ------------------------------------------------------------
2025-12-21 18:23:35,155 - [INFO] - On Validation Set:
	Accuracy of RRL  Model: 0.8887353144436766
	F1 Score of RRL  Model: 0.47054518843761434
2025-12-21 18:23:35,160 - [INFO] - On Validation Set:
Performance of  RRL Model: 
[[1286    0]
 [ 161    0]]
              precision    recall  f1-score   support

           0       0.89      1.00      0.94      1286
           1       0.00      0.00      0.00       161

    accuracy                           0.89      1447
   macro avg       0.44      0.50      0.47      1447
weighted avg       0.79      0.89      0.84      1447

2025-12-21 18:23:35,160 - [INFO] - ------------------------------------------------------------
2025-12-21 18:23:36,105 - [INFO] - epoch: 75, loss_rrl: 162.24184381961823
2025-12-21 18:23:37,864 - [DEBUG] - y_true: (1447,) [0 0 0 0 0 1 0 0 0 0 0 0 0 0 0 0 0 1 0 0 0 0 0 0 1 0 0 0 0 0 0 0 0 0 0 0 0
 0 1 1 0]
2025-12-21 18:23:38,176 - [DEBUG] - y_rrl_: (1447,) [0 0 0 0 0 0 0 0 0 0 0 0 0 0 0 0 0 0 0 0 0 0 0 0 0 0 0 0 0 0 0 0 0 0 0 0 0
 0 0 0 0]
2025-12-21 18:23:38,177 - [DEBUG] - y_rrl: (1447, 2) [[ 1.430258  -1.4780916]
 [ 1.430258  -1.4780916]
 [ 1.430258  -1.4780916]
 [ 1.430258  -1.4780916]
 [ 1.430258  -1.4780916]
 [ 1.430258  -1.4780916]
 [ 1.430258  -1.4780916]
 [ 1.430258  -1.4780916]
 [ 1.430258  -1.4780916]
 [ 1.430258  -1.4780916]
 [ 1.430258  -1.4780916]
 [ 1.430258  -1.4780916]
 [ 1.430258  -1.4780916]
 [ 1.430258  -1.4780916]
 [ 1.430258  -1.4780916]
 [ 1.430258  -1.4780916]
 [ 1.430258  -1.4780916]
 [ 1.430258  -1.4780916]
 [ 1.430258  -1.4780916]
 [ 1.430258  -1.4780916]
 [ 1.430258  -1.4780916]
 [ 1.430258  -1.4780916]
 [ 1.430258  -1.4780916]
 [ 1.430258  -1.4780916]
 [ 1.430258  -1.4780916]
 [ 1.430258  -1.4780916]
 [ 1.430258  -1.4780916]
 [ 1.430258  -1.4780916]
 [ 1.430258  -1.4780916]
 [ 1.430258  -1.4780916]
 [ 1.430258  -1.4780916]
 [ 1.430258  -1.4780916]
 [ 1.430258  -1.4780916]
 [ 1.430258  -1.4780916]
 [ 1.430258  -1.4780916]
 [ 1.430258  -1.4780916]
 [ 1.430258  -1.4780916]
 [ 1.430258  -1.4780916]
 [ 1.430258  -1.4780916]
 [ 1.430258  -1.4780916]
 [ 1.430258  -1.4780916]]
2025-12-21 18:23:38,179 - [INFO] - ------------------------------------------------------------
2025-12-21 18:23:38,179 - [INFO] - On Validation Set:
	Accuracy of RRL  Model: 0.8887353144436766
	F1 Score of RRL  Model: 0.47054518843761434
2025-12-21 18:23:38,184 - [INFO] - On Validation Set:
Performance of  RRL Model: 
[[1286    0]
 [ 161    0]]
              precision    recall  f1-score   support

           0       0.89      1.00      0.94      1286
           1       0.00      0.00      0.00       161

    accuracy                           0.89      1447
   macro avg       0.44      0.50      0.47      1447
weighted avg       0.79      0.89      0.84      1447

2025-12-21 18:23:38,184 - [INFO] - ------------------------------------------------------------
2025-12-21 18:23:38,801 - [INFO] - epoch: 76, loss_rrl: 162.24072739481926
2025-12-21 18:23:40,870 - [DEBUG] - y_true: (1447,) [0 0 0 0 0 1 0 0 0 0 0 0 0 0 0 0 0 1 0 0 0 0 0 0 1 0 0 0 0 0 0 0 0 0 0 0 0
 0 1 1 0]
2025-12-21 18:23:41,183 - [DEBUG] - y_rrl_: (1447,) [0 0 0 0 0 0 0 0 0 0 0 0 0 0 0 0 0 0 0 0 0 0 0 0 0 0 0 0 0 0 0 0 0 0 0 0 0
 0 0 0 0]
2025-12-21 18:23:41,183 - [DEBUG] - y_rrl: (1447, 2) [[ 1.4033458 -1.4510624]
 [ 1.4033458 -1.4510624]
 [ 1.4033458 -1.4510624]
 [ 1.4033458 -1.4510624]
 [ 1.4033458 -1.4510624]
 [ 1.4033458 -1.4510624]
 [ 1.4033458 -1.4510624]
 [ 1.4033458 -1.4510624]
 [ 1.4033458 -1.4510624]
 [ 1.4033458 -1.4510624]
 [ 1.4033458 -1.4510624]
 [ 1.4033458 -1.4510624]
 [ 1.4033458 -1.4510624]
 [ 1.4033458 -1.4510624]
 [ 1.4033458 -1.4510624]
 [ 1.4033458 -1.4510624]
 [ 1.4033458 -1.4510624]
 [ 1.4033458 -1.4510624]
 [ 1.4033458 -1.4510624]
 [ 1.4033458 -1.4510624]
 [ 1.4033458 -1.4510624]
 [ 1.4033458 -1.4510624]
 [ 1.4033458 -1.4510624]
 [ 1.4033458 -1.4510624]
 [ 1.4033458 -1.4510624]
 [ 1.4033458 -1.4510624]
 [ 1.4033458 -1.4510624]
 [ 1.4033458 -1.4510624]
 [ 1.4033458 -1.4510624]
 [ 1.4033458 -1.4510624]
 [ 1.4033458 -1.4510624]
 [ 1.4033458 -1.4510624]
 [ 1.4033458 -1.4510624]
 [ 1.4033458 -1.4510624]
 [ 1.4033458 -1.4510624]
 [ 1.4033458 -1.4510624]
 [ 1.4033458 -1.4510624]
 [ 1.4033458 -1.4510624]
 [ 1.4033458 -1.4510624]
 [ 1.4033458 -1.4510624]
 [ 1.4033458 -1.4510624]]
2025-12-21 18:23:41,185 - [INFO] - ------------------------------------------------------------
2025-12-21 18:23:41,185 - [INFO] - On Validation Set:
	Accuracy of RRL  Model: 0.8887353144436766
	F1 Score of RRL  Model: 0.47054518843761434
2025-12-21 18:23:41,191 - [INFO] - On Validation Set:
Performance of  RRL Model: 
[[1286    0]
 [ 161    0]]
              precision    recall  f1-score   support

           0       0.89      1.00      0.94      1286
           1       0.00      0.00      0.00       161

    accuracy                           0.89      1447
   macro avg       0.44      0.50      0.47      1447
weighted avg       0.79      0.89      0.84      1447

2025-12-21 18:23:41,191 - [INFO] - ------------------------------------------------------------
2025-12-21 18:23:41,397 - [INFO] - epoch: 77, loss_rrl: 162.2396230623126
2025-12-21 18:23:43,656 - [INFO] - epoch: 78, loss_rrl: 162.23852566629648
2025-12-21 18:23:43,834 - [DEBUG] - y_true: (1447,) [0 0 0 0 0 1 0 0 0 0 0 0 0 0 0 0 0 1 0 0 0 0 0 0 1 0 0 0 0 0 0 0 0 0 0 0 0
 0 1 1 0]
2025-12-21 18:23:44,146 - [DEBUG] - y_rrl_: (1447,) [0 0 0 0 0 0 0 0 0 0 0 0 0 0 0 0 0 0 0 0 0 0 0 0 0 0 0 0 0 0 0 0 0 0 0 0 0
 0 0 0 0]
2025-12-21 18:23:44,147 - [DEBUG] - y_rrl: (1447, 2) [[ 1.4491601 -1.4967623]
 [ 1.4491601 -1.4967623]
 [ 1.4491601 -1.4967623]
 [ 1.4491601 -1.4967623]
 [ 1.4491601 -1.4967623]
 [ 1.4491601 -1.4967623]
 [ 1.4491601 -1.4967623]
 [ 1.4491601 -1.4967623]
 [ 1.4491601 -1.4967623]
 [ 1.4491601 -1.4967623]
 [ 1.4491601 -1.4967623]
 [ 1.4491601 -1.4967623]
 [ 1.4491601 -1.4967623]
 [ 1.4491601 -1.4967623]
 [ 1.4491601 -1.4967623]
 [ 1.4491601 -1.4967623]
 [ 1.4491601 -1.4967623]
 [ 1.4491601 -1.4967623]
 [ 1.4491601 -1.4967623]
 [ 1.4491601 -1.4967623]
 [ 1.4491601 -1.4967623]
 [ 1.4491601 -1.4967623]
 [ 1.4491601 -1.4967623]
 [ 1.4491601 -1.4967623]
 [ 1.4491601 -1.4967623]
 [ 1.4491601 -1.4967623]
 [ 1.4491601 -1.4967623]
 [ 1.4491601 -1.4967623]
 [ 1.4491601 -1.4967623]
 [ 1.4491601 -1.4967623]
 [ 1.4491601 -1.4967623]
 [ 1.4491601 -1.4967623]
 [ 1.4491601 -1.4967623]
 [ 1.4491601 -1.4967623]
 [ 1.4491601 -1.4967623]
 [ 1.4491601 -1.4967623]
 [ 1.4491601 -1.4967623]
 [ 1.4491601 -1.4967623]
 [ 1.4491601 -1.4967623]
 [ 1.4491601 -1.4967623]
 [ 1.4491601 -1.4967623]]
2025-12-21 18:23:44,149 - [INFO] - ------------------------------------------------------------
2025-12-21 18:23:44,149 - [INFO] - On Validation Set:
	Accuracy of RRL  Model: 0.8887353144436766
	F1 Score of RRL  Model: 0.47054518843761434
2025-12-21 18:23:44,154 - [INFO] - On Validation Set:
Performance of  RRL Model: 
[[1286    0]
 [ 161    0]]
              precision    recall  f1-score   support

           0       0.89      1.00      0.94      1286
           1       0.00      0.00      0.00       161

    accuracy                           0.89      1447
   macro avg       0.44      0.50      0.47      1447
weighted avg       0.79      0.89      0.84      1447

2025-12-21 18:23:44,154 - [INFO] - ------------------------------------------------------------
2025-12-21 18:23:46,236 - [INFO] - epoch: 79, loss_rrl: 162.2374340891838
2025-12-21 18:23:46,777 - [DEBUG] - y_true: (1447,) [0 0 0 0 0 1 0 0 0 0 0 0 0 0 0 0 0 1 0 0 0 0 0 0 1 0 0 0 0 0 0 0 0 0 0 0 0
 0 1 1 0]
2025-12-21 18:23:47,085 - [DEBUG] - y_rrl_: (1447,) [0 0 0 0 0 0 0 0 0 0 0 0 0 0 0 0 0 0 0 0 0 0 0 0 0 0 0 0 0 0 0 0 0 0 0 0 0
 0 0 0 0]
2025-12-21 18:23:47,086 - [DEBUG] - y_rrl: (1447, 2) [[ 1.4436026 -1.4910917]
 [ 1.4436026 -1.4910917]
 [ 1.4436026 -1.4910917]
 [ 1.4436026 -1.4910917]
 [ 1.4436026 -1.4910917]
 [ 1.4436026 -1.4910917]
 [ 1.4436026 -1.4910917]
 [ 1.4436026 -1.4910917]
 [ 1.4436026 -1.4910917]
 [ 1.4436026 -1.4910917]
 [ 1.4436026 -1.4910917]
 [ 1.4436026 -1.4910917]
 [ 1.4436026 -1.4910917]
 [ 1.4436026 -1.4910917]
 [ 1.4436026 -1.4910917]
 [ 1.4436026 -1.4910917]
 [ 1.4436026 -1.4910917]
 [ 1.4436026 -1.4910917]
 [ 1.4436026 -1.4910917]
 [ 1.4436026 -1.4910917]
 [ 1.4436026 -1.4910917]
 [ 1.4436026 -1.4910917]
 [ 1.4436026 -1.4910917]
 [ 1.4436026 -1.4910917]
 [ 1.4436026 -1.4910917]
 [ 1.4436026 -1.4910917]
 [ 1.4436026 -1.4910917]
 [ 1.4436026 -1.4910917]
 [ 1.4436026 -1.4910917]
 [ 1.4436026 -1.4910917]
 [ 1.4436026 -1.4910917]
 [ 1.4436026 -1.4910917]
 [ 1.4436026 -1.4910917]
 [ 1.4436026 -1.4910917]
 [ 1.4436026 -1.4910917]
 [ 1.4436026 -1.4910917]
 [ 1.4436026 -1.4910917]
 [ 1.4436026 -1.4910917]
 [ 1.4436026 -1.4910917]
 [ 1.4436026 -1.4910917]
 [ 1.4436026 -1.4910917]]
2025-12-21 18:23:47,088 - [INFO] - ------------------------------------------------------------
2025-12-21 18:23:47,088 - [INFO] - On Validation Set:
	Accuracy of RRL  Model: 0.8887353144436766
	F1 Score of RRL  Model: 0.47054518843761434
2025-12-21 18:23:47,093 - [INFO] - On Validation Set:
Performance of  RRL Model: 
[[1286    0]
 [ 161    0]]
              precision    recall  f1-score   support

           0       0.89      1.00      0.94      1286
           1       0.00      0.00      0.00       161

    accuracy                           0.89      1447
   macro avg       0.44      0.50      0.47      1447
weighted avg       0.79      0.89      0.84      1447

2025-12-21 18:23:47,093 - [INFO] - ------------------------------------------------------------
2025-12-21 18:23:48,830 - [INFO] - epoch: 80, loss_rrl: 162.23635226488113
2025-12-21 18:23:49,748 - [DEBUG] - y_true: (1447,) [0 0 0 0 0 1 0 0 0 0 0 0 0 0 0 0 0 1 0 0 0 0 0 0 1 0 0 0 0 0 0 0 0 0 0 0 0
 0 1 1 0]
2025-12-21 18:23:50,056 - [DEBUG] - y_rrl_: (1447,) [0 0 0 0 0 0 0 0 0 0 0 0 0 0 0 0 0 0 0 0 0 0 0 0 0 0 0 0 0 0 0 0 0 0 0 0 0
 0 0 0 0]
2025-12-21 18:23:50,057 - [DEBUG] - y_rrl: (1447, 2) [[ 1.4598405 -1.507216 ]
 [ 1.4598405 -1.507216 ]
 [ 1.4598405 -1.507216 ]
 [ 1.4598405 -1.507216 ]
 [ 1.4598405 -1.507216 ]
 [ 1.4598405 -1.507216 ]
 [ 1.4598405 -1.507216 ]
 [ 1.4598405 -1.507216 ]
 [ 1.4598405 -1.507216 ]
 [ 1.4598405 -1.507216 ]
 [ 1.4598405 -1.507216 ]
 [ 1.4598405 -1.507216 ]
 [ 1.4598405 -1.507216 ]
 [ 1.4598405 -1.507216 ]
 [ 1.4598405 -1.507216 ]
 [ 1.4598405 -1.507216 ]
 [ 1.4598405 -1.507216 ]
 [ 1.4598405 -1.507216 ]
 [ 1.4598405 -1.507216 ]
 [ 1.4598405 -1.507216 ]
 [ 1.4598405 -1.507216 ]
 [ 1.4598405 -1.507216 ]
 [ 1.4598405 -1.507216 ]
 [ 1.4598405 -1.507216 ]
 [ 1.4598405 -1.507216 ]
 [ 1.4598405 -1.507216 ]
 [ 1.4598405 -1.507216 ]
 [ 1.4598405 -1.507216 ]
 [ 1.4598405 -1.507216 ]
 [ 1.4598405 -1.507216 ]
 [ 1.4598405 -1.507216 ]
 [ 1.4598405 -1.507216 ]
 [ 1.4598405 -1.507216 ]
 [ 1.4598405 -1.507216 ]
 [ 1.4598405 -1.507216 ]
 [ 1.4598405 -1.507216 ]
 [ 1.4598405 -1.507216 ]
 [ 1.4598405 -1.507216 ]
 [ 1.4598405 -1.507216 ]
 [ 1.4598405 -1.507216 ]
 [ 1.4598405 -1.507216 ]]
2025-12-21 18:23:50,059 - [INFO] - ------------------------------------------------------------
2025-12-21 18:23:50,059 - [INFO] - On Validation Set:
	Accuracy of RRL  Model: 0.8887353144436766
	F1 Score of RRL  Model: 0.47054518843761434
2025-12-21 18:23:50,064 - [INFO] - On Validation Set:
Performance of  RRL Model: 
[[1286    0]
 [ 161    0]]
              precision    recall  f1-score   support

           0       0.89      1.00      0.94      1286
           1       0.00      0.00      0.00       161

    accuracy                           0.89      1447
   macro avg       0.44      0.50      0.47      1447
weighted avg       0.79      0.89      0.84      1447

2025-12-21 18:23:50,064 - [INFO] - ------------------------------------------------------------
2025-12-21 18:23:51,423 - [INFO] - epoch: 81, loss_rrl: 162.23528315126896
2025-12-21 18:23:53,177 - [DEBUG] - y_true: (1447,) [0 0 0 0 0 1 0 0 0 0 0 0 0 0 0 0 0 1 0 0 0 0 0 0 1 0 0 0 0 0 0 0 0 0 0 0 0
 0 1 1 0]
2025-12-21 18:23:53,514 - [DEBUG] - y_rrl_: (1447,) [0 0 0 0 0 0 0 0 0 0 0 0 0 0 0 0 0 0 0 0 0 0 0 0 0 0 0 0 0 0 0 0 0 0 0 0 0
 0 0 0 0]
2025-12-21 18:23:53,514 - [DEBUG] - y_rrl: (1447, 2) [[ 1.5228825 -1.5701456]
 [ 1.5228825 -1.5701456]
 [ 1.5228825 -1.5701456]
 [ 1.5228825 -1.5701456]
 [ 1.5228825 -1.5701456]
 [ 1.5228825 -1.5701456]
 [ 1.5228825 -1.5701456]
 [ 1.5228825 -1.5701456]
 [ 1.5228825 -1.5701456]
 [ 1.5228825 -1.5701456]
 [ 1.5228825 -1.5701456]
 [ 1.5228825 -1.5701456]
 [ 1.5228825 -1.5701456]
 [ 1.5228825 -1.5701456]
 [ 1.5228825 -1.5701456]
 [ 1.5228825 -1.5701456]
 [ 1.5228825 -1.5701456]
 [ 1.5228825 -1.5701456]
 [ 1.5228825 -1.5701456]
 [ 1.5228825 -1.5701456]
 [ 1.5228825 -1.5701456]
 [ 1.5228825 -1.5701456]
 [ 1.5228825 -1.5701456]
 [ 1.5228825 -1.5701456]
 [ 1.5228825 -1.5701456]
 [ 1.5228825 -1.5701456]
 [ 1.5228825 -1.5701456]
 [ 1.5228825 -1.5701456]
 [ 1.5228825 -1.5701456]
 [ 1.5228825 -1.5701456]
 [ 1.5228825 -1.5701456]
 [ 1.5228825 -1.5701456]
 [ 1.5228825 -1.5701456]
 [ 1.5228825 -1.5701456]
 [ 1.5228825 -1.5701456]
 [ 1.5228825 -1.5701456]
 [ 1.5228825 -1.5701456]
 [ 1.5228825 -1.5701456]
 [ 1.5228825 -1.5701456]
 [ 1.5228825 -1.5701456]
 [ 1.5228825 -1.5701456]]
2025-12-21 18:23:53,516 - [INFO] - ------------------------------------------------------------
2025-12-21 18:23:53,516 - [INFO] - On Validation Set:
	Accuracy of RRL  Model: 0.8887353144436766
	F1 Score of RRL  Model: 0.47054518843761434
2025-12-21 18:23:53,522 - [INFO] - On Validation Set:
Performance of  RRL Model: 
[[1286    0]
 [ 161    0]]
              precision    recall  f1-score   support

           0       0.89      1.00      0.94      1286
           1       0.00      0.00      0.00       161

    accuracy                           0.89      1447
   macro avg       0.44      0.50      0.47      1447
weighted avg       0.79      0.89      0.84      1447

2025-12-21 18:23:53,522 - [INFO] - ------------------------------------------------------------
2025-12-21 18:23:54,633 - [INFO] - epoch: 82, loss_rrl: 162.2342162579298
2025-12-21 18:23:56,461 - [DEBUG] - y_true: (1447,) [0 0 0 0 0 1 0 0 0 0 0 0 0 0 0 0 0 1 0 0 0 0 0 0 1 0 0 0 0 0 0 0 0 0 0 0 0
 0 1 1 0]
2025-12-21 18:23:56,797 - [DEBUG] - y_rrl_: (1447,) [0 0 0 0 0 0 0 0 0 0 0 0 0 0 0 0 0 0 0 0 0 0 0 0 0 0 0 0 0 0 0 0 0 0 0 0 0
 0 0 0 0]
2025-12-21 18:23:56,798 - [DEBUG] - y_rrl: (1447, 2) [[ 1.4155148 -1.4626647]
 [ 1.4155148 -1.4626647]
 [ 1.4155148 -1.4626647]
 [ 1.4155148 -1.4626647]
 [ 1.4155148 -1.4626647]
 [ 1.4155148 -1.4626647]
 [ 1.4155148 -1.4626647]
 [ 1.4155148 -1.4626647]
 [ 1.4155148 -1.4626647]
 [ 1.4155148 -1.4626647]
 [ 1.4155148 -1.4626647]
 [ 1.4155148 -1.4626647]
 [ 1.4155148 -1.4626647]
 [ 1.4155148 -1.4626647]
 [ 1.4155148 -1.4626647]
 [ 1.4155148 -1.4626647]
 [ 1.4155148 -1.4626647]
 [ 1.4155148 -1.4626647]
 [ 1.4155148 -1.4626647]
 [ 1.4155148 -1.4626647]
 [ 1.4155148 -1.4626647]
 [ 1.4155148 -1.4626647]
 [ 1.4155148 -1.4626647]
 [ 1.4155148 -1.4626647]
 [ 1.4155148 -1.4626647]
 [ 1.4155148 -1.4626647]
 [ 1.4155148 -1.4626647]
 [ 1.4155148 -1.4626647]
 [ 1.4155148 -1.4626647]
 [ 1.4155148 -1.4626647]
 [ 1.4155148 -1.4626647]
 [ 1.4155148 -1.4626647]
 [ 1.4155148 -1.4626647]
 [ 1.4155148 -1.4626647]
 [ 1.4155148 -1.4626647]
 [ 1.4155148 -1.4626647]
 [ 1.4155148 -1.4626647]
 [ 1.4155148 -1.4626647]
 [ 1.4155148 -1.4626647]
 [ 1.4155148 -1.4626647]
 [ 1.4155148 -1.4626647]]
2025-12-21 18:23:56,800 - [INFO] - ------------------------------------------------------------
2025-12-21 18:23:56,800 - [INFO] - On Validation Set:
	Accuracy of RRL  Model: 0.8887353144436766
	F1 Score of RRL  Model: 0.47054518843761434
2025-12-21 18:23:56,805 - [INFO] - On Validation Set:
Performance of  RRL Model: 
[[1286    0]
 [ 161    0]]
              precision    recall  f1-score   support

           0       0.89      1.00      0.94      1286
           1       0.00      0.00      0.00       161

    accuracy                           0.89      1447
   macro avg       0.44      0.50      0.47      1447
weighted avg       0.79      0.89      0.84      1447

2025-12-21 18:23:56,805 - [INFO] - ------------------------------------------------------------
2025-12-21 18:23:57,465 - [INFO] - epoch: 83, loss_rrl: 162.2331578731537
2025-12-21 18:23:59,563 - [DEBUG] - y_true: (1447,) [0 0 0 0 0 1 0 0 0 0 0 0 0 0 0 0 0 1 0 0 0 0 0 0 1 0 0 0 0 0 0 0 0 0 0 0 0
 0 1 1 0]
2025-12-21 18:23:59,878 - [DEBUG] - y_rrl_: (1447,) [0 0 0 0 0 0 0 0 0 0 0 0 0 0 0 0 0 0 0 0 0 0 0 0 0 0 0 0 0 0 0 0 0 0 0 0 0
 0 0 0 0]
2025-12-21 18:23:59,879 - [DEBUG] - y_rrl: (1447, 2) [[ 1.4530035 -1.5000402]
 [ 1.4530035 -1.5000402]
 [ 1.4530035 -1.5000402]
 [ 1.4530035 -1.5000402]
 [ 1.4530035 -1.5000402]
 [ 1.4530035 -1.5000402]
 [ 1.4530035 -1.5000402]
 [ 1.4530035 -1.5000402]
 [ 1.4530035 -1.5000402]
 [ 1.4530035 -1.5000402]
 [ 1.4530035 -1.5000402]
 [ 1.4530035 -1.5000402]
 [ 1.4530035 -1.5000402]
 [ 1.4530035 -1.5000402]
 [ 1.4530035 -1.5000402]
 [ 1.4530035 -1.5000402]
 [ 1.4530035 -1.5000402]
 [ 1.4530035 -1.5000402]
 [ 1.4530035 -1.5000402]
 [ 1.4530035 -1.5000402]
 [ 1.4530035 -1.5000402]
 [ 1.4530035 -1.5000402]
 [ 1.4530035 -1.5000402]
 [ 1.4530035 -1.5000402]
 [ 1.4530035 -1.5000402]
 [ 1.4530035 -1.5000402]
 [ 1.4530035 -1.5000402]
 [ 1.4530035 -1.5000402]
 [ 1.4530035 -1.5000402]
 [ 1.4530035 -1.5000402]
 [ 1.4530035 -1.5000402]
 [ 1.4530035 -1.5000402]
 [ 1.4530035 -1.5000402]
 [ 1.4530035 -1.5000402]
 [ 1.4530035 -1.5000402]
 [ 1.4530035 -1.5000402]
 [ 1.4530035 -1.5000402]
 [ 1.4530035 -1.5000402]
 [ 1.4530035 -1.5000402]
 [ 1.4530035 -1.5000402]
 [ 1.4530035 -1.5000402]]
2025-12-21 18:23:59,880 - [INFO] - ------------------------------------------------------------
2025-12-21 18:23:59,881 - [INFO] - On Validation Set:
	Accuracy of RRL  Model: 0.8887353144436766
	F1 Score of RRL  Model: 0.47054518843761434
2025-12-21 18:23:59,886 - [INFO] - On Validation Set:
Performance of  RRL Model: 
[[1286    0]
 [ 161    0]]
              precision    recall  f1-score   support

           0       0.89      1.00      0.94      1286
           1       0.00      0.00      0.00       161

    accuracy                           0.89      1447
   macro avg       0.44      0.50      0.47      1447
weighted avg       0.79      0.89      0.84      1447

2025-12-21 18:23:59,886 - [INFO] - ------------------------------------------------------------
2025-12-21 18:24:00,151 - [INFO] - epoch: 84, loss_rrl: 162.23210871219635
2025-12-21 18:24:02,465 - [INFO] - epoch: 85, loss_rrl: 162.23106679320335
2025-12-21 18:24:02,596 - [DEBUG] - y_true: (1447,) [0 0 0 0 0 1 0 0 0 0 0 0 0 0 0 0 0 1 0 0 0 0 0 0 1 0 0 0 0 0 0 0 0 0 0 0 0
 0 1 1 0]
2025-12-21 18:24:02,912 - [DEBUG] - y_rrl_: (1447,) [0 0 0 0 0 0 0 0 0 0 0 0 0 0 0 0 0 0 0 0 0 0 0 0 0 0 0 0 0 0 0 0 0 0 0 0 0
 0 0 0 0]
2025-12-21 18:24:02,912 - [DEBUG] - y_rrl: (1447, 2) [[ 1.4875584 -1.5344816]
 [ 1.4875584 -1.5344816]
 [ 1.4875584 -1.5344816]
 [ 1.4875584 -1.5344816]
 [ 1.4875584 -1.5344816]
 [ 1.4875584 -1.5344816]
 [ 1.4875584 -1.5344816]
 [ 1.4875584 -1.5344816]
 [ 1.4875584 -1.5344816]
 [ 1.4875584 -1.5344816]
 [ 1.4875584 -1.5344816]
 [ 1.4875584 -1.5344816]
 [ 1.4875584 -1.5344816]
 [ 1.4875584 -1.5344816]
 [ 1.4875584 -1.5344816]
 [ 1.4875584 -1.5344816]
 [ 1.4875584 -1.5344816]
 [ 1.4875584 -1.5344816]
 [ 1.4875584 -1.5344816]
 [ 1.4875584 -1.5344816]
 [ 1.4875584 -1.5344816]
 [ 1.4875584 -1.5344816]
 [ 1.4875584 -1.5344816]
 [ 1.4875584 -1.5344816]
 [ 1.4875584 -1.5344816]
 [ 1.4875584 -1.5344816]
 [ 1.4875584 -1.5344816]
 [ 1.4875584 -1.5344816]
 [ 1.4875584 -1.5344816]
 [ 1.4875584 -1.5344816]
 [ 1.4875584 -1.5344816]
 [ 1.4875584 -1.5344816]
 [ 1.4875584 -1.5344816]
 [ 1.4875584 -1.5344816]
 [ 1.4875584 -1.5344816]
 [ 1.4875584 -1.5344816]
 [ 1.4875584 -1.5344816]
 [ 1.4875584 -1.5344816]
 [ 1.4875584 -1.5344816]
 [ 1.4875584 -1.5344816]
 [ 1.4875584 -1.5344816]]
2025-12-21 18:24:02,914 - [INFO] - ------------------------------------------------------------
2025-12-21 18:24:02,914 - [INFO] - On Validation Set:
	Accuracy of RRL  Model: 0.8887353144436766
	F1 Score of RRL  Model: 0.47054518843761434
2025-12-21 18:24:02,920 - [INFO] - On Validation Set:
Performance of  RRL Model: 
[[1286    0]
 [ 161    0]]
              precision    recall  f1-score   support

           0       0.89      1.00      0.94      1286
           1       0.00      0.00      0.00       161

    accuracy                           0.89      1447
   macro avg       0.44      0.50      0.47      1447
weighted avg       0.79      0.89      0.84      1447

2025-12-21 18:24:02,920 - [INFO] - ------------------------------------------------------------
2025-12-21 18:24:05,117 - [INFO] - epoch: 86, loss_rrl: 162.2300335392356
2025-12-21 18:24:05,615 - [DEBUG] - y_true: (1447,) [0 0 0 0 0 1 0 0 0 0 0 0 0 0 0 0 0 1 0 0 0 0 0 0 1 0 0 0 0 0 0 0 0 0 0 0 0
 0 1 1 0]
2025-12-21 18:24:05,930 - [DEBUG] - y_rrl_: (1447,) [0 0 0 0 0 0 0 0 0 0 0 0 0 0 0 0 0 0 0 0 0 0 0 0 0 0 0 0 0 0 0 0 0 0 0 0 0
 0 0 0 0]
2025-12-21 18:24:05,930 - [DEBUG] - y_rrl: (1447, 2) [[ 1.4802313 -1.5270439]
 [ 1.4802313 -1.5270439]
 [ 1.4802313 -1.5270439]
 [ 1.4802313 -1.5270439]
 [ 1.4802313 -1.5270439]
 [ 1.4802313 -1.5270439]
 [ 1.4802313 -1.5270439]
 [ 1.4802313 -1.5270439]
 [ 1.4802313 -1.5270439]
 [ 1.4802313 -1.5270439]
 [ 1.4802313 -1.5270439]
 [ 1.4802313 -1.5270439]
 [ 1.4802313 -1.5270439]
 [ 1.4802313 -1.5270439]
 [ 1.4802313 -1.5270439]
 [ 1.4802313 -1.5270439]
 [ 1.4802313 -1.5270439]
 [ 1.4802313 -1.5270439]
 [ 1.4802313 -1.5270439]
 [ 1.4802313 -1.5270439]
 [ 1.4802313 -1.5270439]
 [ 1.4802313 -1.5270439]
 [ 1.4802313 -1.5270439]
 [ 1.4802313 -1.5270439]
 [ 1.4802313 -1.5270439]
 [ 1.4802313 -1.5270439]
 [ 1.4802313 -1.5270439]
 [ 1.4802313 -1.5270439]
 [ 1.4802313 -1.5270439]
 [ 1.4802313 -1.5270439]
 [ 1.4802313 -1.5270439]
 [ 1.4802313 -1.5270439]
 [ 1.4802313 -1.5270439]
 [ 1.4802313 -1.5270439]
 [ 1.4802313 -1.5270439]
 [ 1.4802313 -1.5270439]
 [ 1.4802313 -1.5270439]
 [ 1.4802313 -1.5270439]
 [ 1.4802313 -1.5270439]
 [ 1.4802313 -1.5270439]
 [ 1.4802313 -1.5270439]]
2025-12-21 18:24:05,932 - [INFO] - ------------------------------------------------------------
2025-12-21 18:24:05,932 - [INFO] - On Validation Set:
	Accuracy of RRL  Model: 0.8887353144436766
	F1 Score of RRL  Model: 0.47054518843761434
2025-12-21 18:24:05,938 - [INFO] - On Validation Set:
Performance of  RRL Model: 
[[1286    0]
 [ 161    0]]
              precision    recall  f1-score   support

           0       0.89      1.00      0.94      1286
           1       0.00      0.00      0.00       161

    accuracy                           0.89      1447
   macro avg       0.44      0.50      0.47      1447
weighted avg       0.79      0.89      0.84      1447

2025-12-21 18:24:05,938 - [INFO] - ------------------------------------------------------------
2025-12-21 18:24:07,941 - [INFO] - epoch: 87, loss_rrl: 162.22900861501694
2025-12-21 18:24:08,817 - [DEBUG] - y_true: (1447,) [0 0 0 0 0 1 0 0 0 0 0 0 0 0 0 0 0 1 0 0 0 0 0 0 1 0 0 0 0 0 0 0 0 0 0 0 0
 0 1 1 0]
2025-12-21 18:24:09,132 - [DEBUG] - y_rrl_: (1447,) [0 0 0 0 0 0 0 0 0 0 0 0 0 0 0 0 0 0 0 0 0 0 0 0 0 0 0 0 0 0 0 0 0 0 0 0 0
 0 0 0 0]
2025-12-21 18:24:09,132 - [DEBUG] - y_rrl: (1447, 2) [[ 1.5169804 -1.5636833]
 [ 1.5169804 -1.5636833]
 [ 1.5169804 -1.5636833]
 [ 1.5169804 -1.5636833]
 [ 1.5169804 -1.5636833]
 [ 1.5169804 -1.5636833]
 [ 1.5169804 -1.5636833]
 [ 1.5169804 -1.5636833]
 [ 1.5169804 -1.5636833]
 [ 1.5169804 -1.5636833]
 [ 1.5169804 -1.5636833]
 [ 1.5169804 -1.5636833]
 [ 1.5169804 -1.5636833]
 [ 1.5169804 -1.5636833]
 [ 1.5169804 -1.5636833]
 [ 1.5169804 -1.5636833]
 [ 1.5169804 -1.5636833]
 [ 1.5169804 -1.5636833]
 [ 1.5169804 -1.5636833]
 [ 1.5169804 -1.5636833]
 [ 1.5169804 -1.5636833]
 [ 1.5169804 -1.5636833]
 [ 1.5169804 -1.5636833]
 [ 1.5169804 -1.5636833]
 [ 1.5169804 -1.5636833]
 [ 1.5169804 -1.5636833]
 [ 1.5169804 -1.5636833]
 [ 1.5169804 -1.5636833]
 [ 1.5169804 -1.5636833]
 [ 1.5169804 -1.5636833]
 [ 1.5169804 -1.5636833]
 [ 1.5169804 -1.5636833]
 [ 1.5169804 -1.5636833]
 [ 1.5169804 -1.5636833]
 [ 1.5169804 -1.5636833]
 [ 1.5169804 -1.5636833]
 [ 1.5169804 -1.5636833]
 [ 1.5169804 -1.5636833]
 [ 1.5169804 -1.5636833]
 [ 1.5169804 -1.5636833]
 [ 1.5169804 -1.5636833]]
2025-12-21 18:24:09,134 - [INFO] - ------------------------------------------------------------
2025-12-21 18:24:09,134 - [INFO] - On Validation Set:
	Accuracy of RRL  Model: 0.8887353144436766
	F1 Score of RRL  Model: 0.47054518843761434
2025-12-21 18:24:09,140 - [INFO] - On Validation Set:
Performance of  RRL Model: 
[[1286    0]
 [ 161    0]]
              precision    recall  f1-score   support

           0       0.89      1.00      0.94      1286
           1       0.00      0.00      0.00       161

    accuracy                           0.89      1447
   macro avg       0.44      0.50      0.47      1447
weighted avg       0.79      0.89      0.84      1447

2025-12-21 18:24:09,140 - [INFO] - ------------------------------------------------------------
2025-12-21 18:24:10,885 - [INFO] - epoch: 88, loss_rrl: 162.22799172997475
2025-12-21 18:24:12,220 - [DEBUG] - y_true: (1447,) [0 0 0 0 0 1 0 0 0 0 0 0 0 0 0 0 0 1 0 0 0 0 0 0 1 0 0 0 0 0 0 0 0 0 0 0 0
 0 1 1 0]
2025-12-21 18:24:12,563 - [DEBUG] - y_rrl_: (1447,) [0 0 0 0 0 0 0 0 0 0 0 0 0 0 0 0 0 0 0 0 0 0 0 0 0 0 0 0 0 0 0 0 0 0 0 0 0
 0 0 0 0]
2025-12-21 18:24:12,563 - [DEBUG] - y_rrl: (1447, 2) [[ 1.5048269 -1.5514169]
 [ 1.5048269 -1.5514169]
 [ 1.5048269 -1.5514169]
 [ 1.5048269 -1.5514169]
 [ 1.5048269 -1.5514169]
 [ 1.5048269 -1.5514169]
 [ 1.5048269 -1.5514169]
 [ 1.5048269 -1.5514169]
 [ 1.5048269 -1.5514169]
 [ 1.5048269 -1.5514169]
 [ 1.5048269 -1.5514169]
 [ 1.5048269 -1.5514169]
 [ 1.5048269 -1.5514169]
 [ 1.5048269 -1.5514169]
 [ 1.5048269 -1.5514169]
 [ 1.5048269 -1.5514169]
 [ 1.5048269 -1.5514169]
 [ 1.5048269 -1.5514169]
 [ 1.5048269 -1.5514169]
 [ 1.5048269 -1.5514169]
 [ 1.5048269 -1.5514169]
 [ 1.5048269 -1.5514169]
 [ 1.5048269 -1.5514169]
 [ 1.5048269 -1.5514169]
 [ 1.5048269 -1.5514169]
 [ 1.5048269 -1.5514169]
 [ 1.5048269 -1.5514169]
 [ 1.5048269 -1.5514169]
 [ 1.5048269 -1.5514169]
 [ 1.5048269 -1.5514169]
 [ 1.5048269 -1.5514169]
 [ 1.5048269 -1.5514169]
 [ 1.5048269 -1.5514169]
 [ 1.5048269 -1.5514169]
 [ 1.5048269 -1.5514169]
 [ 1.5048269 -1.5514169]
 [ 1.5048269 -1.5514169]
 [ 1.5048269 -1.5514169]
 [ 1.5048269 -1.5514169]
 [ 1.5048269 -1.5514169]
 [ 1.5048269 -1.5514169]]
2025-12-21 18:24:12,565 - [INFO] - ------------------------------------------------------------
2025-12-21 18:24:12,565 - [INFO] - On Validation Set:
	Accuracy of RRL  Model: 0.8887353144436766
	F1 Score of RRL  Model: 0.47054518843761434
2025-12-21 18:24:12,571 - [INFO] - On Validation Set:
Performance of  RRL Model: 
[[1286    0]
 [ 161    0]]
              precision    recall  f1-score   support

           0       0.89      1.00      0.94      1286
           1       0.00      0.00      0.00       161

    accuracy                           0.89      1447
   macro avg       0.44      0.50      0.47      1447
weighted avg       0.79      0.89      0.84      1447

2025-12-21 18:24:12,571 - [INFO] - ------------------------------------------------------------
2025-12-21 18:24:13,704 - [INFO] - epoch: 89, loss_rrl: 162.22697937488556
2025-12-21 18:24:15,450 - [DEBUG] - y_true: (1447,) [0 0 0 0 0 1 0 0 0 0 0 0 0 0 0 0 0 1 0 0 0 0 0 0 1 0 0 0 0 0 0 0 0 0 0 0 0
 0 1 1 0]
2025-12-21 18:24:15,792 - [DEBUG] - y_rrl_: (1447,) [0 0 0 0 0 0 0 0 0 0 0 0 0 0 0 0 0 0 0 0 0 0 0 0 0 0 0 0 0 0 0 0 0 0 0 0 0
 0 0 0 0]
2025-12-21 18:24:15,793 - [DEBUG] - y_rrl: (1447, 2) [[ 1.4995698 -1.5460485]
 [ 1.4995698 -1.5460485]
 [ 1.4995698 -1.5460485]
 [ 1.4995698 -1.5460485]
 [ 1.4995698 -1.5460485]
 [ 1.4995698 -1.5460485]
 [ 1.4995698 -1.5460485]
 [ 1.4995698 -1.5460485]
 [ 1.4995698 -1.5460485]
 [ 1.4995698 -1.5460485]
 [ 1.4995698 -1.5460485]
 [ 1.4995698 -1.5460485]
 [ 1.4995698 -1.5460485]
 [ 1.4995698 -1.5460485]
 [ 1.4995698 -1.5460485]
 [ 1.4995698 -1.5460485]
 [ 1.4995698 -1.5460485]
 [ 1.4995698 -1.5460485]
 [ 1.4995698 -1.5460485]
 [ 1.4995698 -1.5460485]
 [ 1.4995698 -1.5460485]
 [ 1.4995698 -1.5460485]
 [ 1.4995698 -1.5460485]
 [ 1.4995698 -1.5460485]
 [ 1.4995698 -1.5460485]
 [ 1.4995698 -1.5460485]
 [ 1.4995698 -1.5460485]
 [ 1.4995698 -1.5460485]
 [ 1.4995698 -1.5460485]
 [ 1.4995698 -1.5460485]
 [ 1.4995698 -1.5460485]
 [ 1.4995698 -1.5460485]
 [ 1.4995698 -1.5460485]
 [ 1.4995698 -1.5460485]
 [ 1.4995698 -1.5460485]
 [ 1.4995698 -1.5460485]
 [ 1.4995698 -1.5460485]
 [ 1.4995698 -1.5460485]
 [ 1.4995698 -1.5460485]
 [ 1.4995698 -1.5460485]
 [ 1.4995698 -1.5460485]]
2025-12-21 18:24:15,795 - [INFO] - ------------------------------------------------------------
2025-12-21 18:24:15,795 - [INFO] - On Validation Set:
	Accuracy of RRL  Model: 0.8887353144436766
	F1 Score of RRL  Model: 0.47054518843761434
2025-12-21 18:24:15,800 - [INFO] - On Validation Set:
Performance of  RRL Model: 
[[1286    0]
 [ 161    0]]
              precision    recall  f1-score   support

           0       0.89      1.00      0.94      1286
           1       0.00      0.00      0.00       161

    accuracy                           0.89      1447
   macro avg       0.44      0.50      0.47      1447
weighted avg       0.79      0.89      0.84      1447

2025-12-21 18:24:15,800 - [INFO] - ------------------------------------------------------------
2025-12-21 18:24:16,533 - [INFO] - epoch: 90, loss_rrl: 162.2259745374322
2025-12-21 18:24:18,691 - [DEBUG] - y_true: (1447,) [0 0 0 0 0 1 0 0 0 0 0 0 0 0 0 0 0 1 0 0 0 0 0 0 1 0 0 0 0 0 0 0 0 0 0 0 0
 0 1 1 0]
2025-12-21 18:24:19,043 - [DEBUG] - y_rrl_: (1447,) [0 0 0 0 0 0 0 0 0 0 0 0 0 0 0 0 0 0 0 0 0 0 0 0 0 0 0 0 0 0 0 0 0 0 0 0 0
 0 0 0 0]
2025-12-21 18:24:19,044 - [DEBUG] - y_rrl: (1447, 2) [[ 1.5478365 -1.5942054]
 [ 1.5478365 -1.5942054]
 [ 1.5478365 -1.5942054]
 [ 1.5478365 -1.5942054]
 [ 1.5478365 -1.5942054]
 [ 1.5478365 -1.5942054]
 [ 1.5478365 -1.5942054]
 [ 1.5478365 -1.5942054]
 [ 1.5478365 -1.5942054]
 [ 1.5478365 -1.5942054]
 [ 1.5478365 -1.5942054]
 [ 1.5478365 -1.5942054]
 [ 1.5478365 -1.5942054]
 [ 1.5478365 -1.5942054]
 [ 1.5478365 -1.5942054]
 [ 1.5478365 -1.5942054]
 [ 1.5478365 -1.5942054]
 [ 1.5478365 -1.5942054]
 [ 1.5478365 -1.5942054]
 [ 1.5478365 -1.5942054]
 [ 1.5478365 -1.5942054]
 [ 1.5478365 -1.5942054]
 [ 1.5478365 -1.5942054]
 [ 1.5478365 -1.5942054]
 [ 1.5478365 -1.5942054]
 [ 1.5478365 -1.5942054]
 [ 1.5478365 -1.5942054]
 [ 1.5478365 -1.5942054]
 [ 1.5478365 -1.5942054]
 [ 1.5478365 -1.5942054]
 [ 1.5478365 -1.5942054]
 [ 1.5478365 -1.5942054]
 [ 1.5478365 -1.5942054]
 [ 1.5478365 -1.5942054]
 [ 1.5478365 -1.5942054]
 [ 1.5478365 -1.5942054]
 [ 1.5478365 -1.5942054]
 [ 1.5478365 -1.5942054]
 [ 1.5478365 -1.5942054]
 [ 1.5478365 -1.5942054]
 [ 1.5478365 -1.5942054]]
2025-12-21 18:24:19,045 - [INFO] - ------------------------------------------------------------
2025-12-21 18:24:19,046 - [INFO] - On Validation Set:
	Accuracy of RRL  Model: 0.8887353144436766
	F1 Score of RRL  Model: 0.47054518843761434
2025-12-21 18:24:19,051 - [INFO] - On Validation Set:
Performance of  RRL Model: 
[[1286    0]
 [ 161    0]]
              precision    recall  f1-score   support

           0       0.89      1.00      0.94      1286
           1       0.00      0.00      0.00       161

    accuracy                           0.89      1447
   macro avg       0.44      0.50      0.47      1447
weighted avg       0.79      0.89      0.84      1447

2025-12-21 18:24:19,051 - [INFO] - ------------------------------------------------------------
2025-12-21 18:24:19,393 - [INFO] - epoch: 91, loss_rrl: 162.22497851401567
2025-12-21 18:24:21,875 - [INFO] - epoch: 92, loss_rrl: 162.22398920357227
2025-12-21 18:24:21,953 - [DEBUG] - y_true: (1447,) [0 0 0 0 0 1 0 0 0 0 0 0 0 0 0 0 0 1 0 0 0 0 0 0 1 0 0 0 0 0 0 0 0 0 0 0 0
 0 1 1 0]
2025-12-21 18:24:22,294 - [DEBUG] - y_rrl_: (1447,) [0 0 0 0 0 0 0 0 0 0 0 0 0 0 0 0 0 0 0 0 0 0 0 0 0 0 0 0 0 0 0 0 0 0 0 0 0
 0 0 0 0]
2025-12-21 18:24:22,295 - [DEBUG] - y_rrl: (1447, 2) [[ 1.5522861 -1.5985439]
 [ 1.5522861 -1.5985439]
 [ 1.5522861 -1.5985439]
 [ 1.5522861 -1.5985439]
 [ 1.5522861 -1.5985439]
 [ 1.5522861 -1.5985439]
 [ 1.5522861 -1.5985439]
 [ 1.5522861 -1.5985439]
 [ 1.5522861 -1.5985439]
 [ 1.5522861 -1.5985439]
 [ 1.5522861 -1.5985439]
 [ 1.5522861 -1.5985439]
 [ 1.5522861 -1.5985439]
 [ 1.5522861 -1.5985439]
 [ 1.5522861 -1.5985439]
 [ 1.5522861 -1.5985439]
 [ 1.5522861 -1.5985439]
 [ 1.5522861 -1.5985439]
 [ 1.5522861 -1.5985439]
 [ 1.5522861 -1.5985439]
 [ 1.5522861 -1.5985439]
 [ 1.5522861 -1.5985439]
 [ 1.5522861 -1.5985439]
 [ 1.5522861 -1.5985439]
 [ 1.5522861 -1.5985439]
 [ 1.5522861 -1.5985439]
 [ 1.5522861 -1.5985439]
 [ 1.5522861 -1.5985439]
 [ 1.5522861 -1.5985439]
 [ 1.5522861 -1.5985439]
 [ 1.5522861 -1.5985439]
 [ 1.5522861 -1.5985439]
 [ 1.5522861 -1.5985439]
 [ 1.5522861 -1.5985439]
 [ 1.5522861 -1.5985439]
 [ 1.5522861 -1.5985439]
 [ 1.5522861 -1.5985439]
 [ 1.5522861 -1.5985439]
 [ 1.5522861 -1.5985439]
 [ 1.5522861 -1.5985439]
 [ 1.5522861 -1.5985439]]
2025-12-21 18:24:22,297 - [INFO] - ------------------------------------------------------------
2025-12-21 18:24:22,297 - [INFO] - On Validation Set:
	Accuracy of RRL  Model: 0.8887353144436766
	F1 Score of RRL  Model: 0.47054518843761434
2025-12-21 18:24:22,302 - [INFO] - On Validation Set:
Performance of  RRL Model: 
[[1286    0]
 [ 161    0]]
              precision    recall  f1-score   support

           0       0.89      1.00      0.94      1286
           1       0.00      0.00      0.00       161

    accuracy                           0.89      1447
   macro avg       0.44      0.50      0.47      1447
weighted avg       0.79      0.89      0.84      1447

2025-12-21 18:24:22,302 - [INFO] - ------------------------------------------------------------
2025-12-21 18:24:24,806 - [INFO] - epoch: 93, loss_rrl: 162.22301104664803
2025-12-21 18:24:25,397 - [DEBUG] - y_true: (1447,) [0 0 0 0 0 1 0 0 0 0 0 0 0 0 0 0 0 1 0 0 0 0 0 0 1 0 0 0 0 0 0 0 0 0 0 0 0
 0 1 1 0]
2025-12-21 18:24:25,740 - [DEBUG] - y_rrl_: (1447,) [0 0 0 0 0 0 0 0 0 0 0 0 0 0 0 0 0 0 0 0 0 0 0 0 0 0 0 0 0 0 0 0 0 0 0 0 0
 0 0 0 0]
2025-12-21 18:24:25,740 - [DEBUG] - y_rrl: (1447, 2) [[ 1.4615647 -1.5077116]
 [ 1.4615647 -1.5077116]
 [ 1.4615647 -1.5077116]
 [ 1.4615647 -1.5077116]
 [ 1.4615647 -1.5077116]
 [ 1.4615647 -1.5077116]
 [ 1.4615647 -1.5077116]
 [ 1.4615647 -1.5077116]
 [ 1.4615647 -1.5077116]
 [ 1.4615647 -1.5077116]
 [ 1.4615647 -1.5077116]
 [ 1.4615647 -1.5077116]
 [ 1.4615647 -1.5077116]
 [ 1.4615647 -1.5077116]
 [ 1.4615647 -1.5077116]
 [ 1.4615647 -1.5077116]
 [ 1.4615647 -1.5077116]
 [ 1.4615647 -1.5077116]
 [ 1.4615647 -1.5077116]
 [ 1.4615647 -1.5077116]
 [ 1.4615647 -1.5077116]
 [ 1.4615647 -1.5077116]
 [ 1.4615647 -1.5077116]
 [ 1.4615647 -1.5077116]
 [ 1.4615647 -1.5077116]
 [ 1.4615647 -1.5077116]
 [ 1.4615647 -1.5077116]
 [ 1.4615647 -1.5077116]
 [ 1.4615647 -1.5077116]
 [ 1.4615647 -1.5077116]
 [ 1.4615647 -1.5077116]
 [ 1.4615647 -1.5077116]
 [ 1.4615647 -1.5077116]
 [ 1.4615647 -1.5077116]
 [ 1.4615647 -1.5077116]
 [ 1.4615647 -1.5077116]
 [ 1.4615647 -1.5077116]
 [ 1.4615647 -1.5077116]
 [ 1.4615647 -1.5077116]
 [ 1.4615647 -1.5077116]
 [ 1.4615647 -1.5077116]]
2025-12-21 18:24:25,742 - [INFO] - ------------------------------------------------------------
2025-12-21 18:24:25,742 - [INFO] - On Validation Set:
	Accuracy of RRL  Model: 0.8887353144436766
	F1 Score of RRL  Model: 0.47054518843761434
2025-12-21 18:24:25,748 - [INFO] - On Validation Set:
Performance of  RRL Model: 
[[1286    0]
 [ 161    0]]
              precision    recall  f1-score   support

           0       0.89      1.00      0.94      1286
           1       0.00      0.00      0.00       161

    accuracy                           0.89      1447
   macro avg       0.44      0.50      0.47      1447
weighted avg       0.79      0.89      0.84      1447

2025-12-21 18:24:25,748 - [INFO] - ------------------------------------------------------------
2025-12-21 18:24:27,866 - [INFO] - epoch: 94, loss_rrl: 162.2220430970192
2025-12-21 18:24:28,824 - [DEBUG] - y_true: (1447,) [0 0 0 0 0 1 0 0 0 0 0 0 0 0 0 0 0 1 0 0 0 0 0 0 1 0 0 0 0 0 0 0 0 0 0 0 0
 0 1 1 0]
2025-12-21 18:24:29,337 - [DEBUG] - y_rrl_: (1447,) [0 0 0 0 0 0 0 0 0 0 0 0 0 0 0 0 0 0 0 0 0 0 0 0 0 0 0 0 0 0 0 0 0 0 0 0 0
 0 0 0 0]
2025-12-21 18:24:29,337 - [DEBUG] - y_rrl: (1447, 2) [[ 1.540659  -1.5866948]
 [ 1.540659  -1.5866948]
 [ 1.540659  -1.5866948]
 [ 1.540659  -1.5866948]
 [ 1.540659  -1.5866948]
 [ 1.540659  -1.5866948]
 [ 1.540659  -1.5866948]
 [ 1.540659  -1.5866948]
 [ 1.540659  -1.5866948]
 [ 1.540659  -1.5866948]
 [ 1.540659  -1.5866948]
 [ 1.540659  -1.5866948]
 [ 1.540659  -1.5866948]
 [ 1.540659  -1.5866948]
 [ 1.540659  -1.5866948]
 [ 1.540659  -1.5866948]
 [ 1.540659  -1.5866948]
 [ 1.540659  -1.5866948]
 [ 1.540659  -1.5866948]
 [ 1.540659  -1.5866948]
 [ 1.540659  -1.5866948]
 [ 1.540659  -1.5866948]
 [ 1.540659  -1.5866948]
 [ 1.540659  -1.5866948]
 [ 1.540659  -1.5866948]
 [ 1.540659  -1.5866948]
 [ 1.540659  -1.5866948]
 [ 1.540659  -1.5866948]
 [ 1.540659  -1.5866948]
 [ 1.540659  -1.5866948]
 [ 1.540659  -1.5866948]
 [ 1.540659  -1.5866948]
 [ 1.540659  -1.5866948]
 [ 1.540659  -1.5866948]
 [ 1.540659  -1.5866948]
 [ 1.540659  -1.5866948]
 [ 1.540659  -1.5866948]
 [ 1.540659  -1.5866948]
 [ 1.540659  -1.5866948]
 [ 1.540659  -1.5866948]
 [ 1.540659  -1.5866948]]
2025-12-21 18:24:29,339 - [INFO] - ------------------------------------------------------------
2025-12-21 18:24:29,339 - [INFO] - On Validation Set:
	Accuracy of RRL  Model: 0.8887353144436766
	F1 Score of RRL  Model: 0.47054518843761434
2025-12-21 18:24:29,345 - [INFO] - On Validation Set:
Performance of  RRL Model: 
[[1286    0]
 [ 161    0]]
              precision    recall  f1-score   support

           0       0.89      1.00      0.94      1286
           1       0.00      0.00      0.00       161

    accuracy                           0.89      1447
   macro avg       0.44      0.50      0.47      1447
weighted avg       0.79      0.89      0.84      1447

2025-12-21 18:24:29,345 - [INFO] - ------------------------------------------------------------
2025-12-21 18:24:30,884 - [INFO] - epoch: 95, loss_rrl: 162.22108241170645
2025-12-21 18:24:32,063 - [DEBUG] - y_true: (1447,) [0 0 0 0 0 1 0 0 0 0 0 0 0 0 0 0 0 1 0 0 0 0 0 0 1 0 0 0 0 0 0 0 0 0 0 0 0
 0 1 1 0]
2025-12-21 18:24:32,373 - [DEBUG] - y_rrl_: (1447,) [0 0 0 0 0 0 0 0 0 0 0 0 0 0 0 0 0 0 0 0 0 0 0 0 0 0 0 0 0 0 0 0 0 0 0 0 0
 0 0 0 0]
2025-12-21 18:24:32,374 - [DEBUG] - y_rrl: (1447, 2) [[ 1.5533365 -1.599262 ]
 [ 1.5533365 -1.599262 ]
 [ 1.5533365 -1.599262 ]
 [ 1.5533365 -1.599262 ]
 [ 1.5533365 -1.599262 ]
 [ 1.5533365 -1.599262 ]
 [ 1.5533365 -1.599262 ]
 [ 1.5533365 -1.599262 ]
 [ 1.5533365 -1.599262 ]
 [ 1.5533365 -1.599262 ]
 [ 1.5533365 -1.599262 ]
 [ 1.5533365 -1.599262 ]
 [ 1.5533365 -1.599262 ]
 [ 1.5533365 -1.599262 ]
 [ 1.5533365 -1.599262 ]
 [ 1.5533365 -1.599262 ]
 [ 1.5533365 -1.599262 ]
 [ 1.5533365 -1.599262 ]
 [ 1.5533365 -1.599262 ]
 [ 1.5533365 -1.599262 ]
 [ 1.5533365 -1.599262 ]
 [ 1.5533365 -1.599262 ]
 [ 1.5533365 -1.599262 ]
 [ 1.5533365 -1.599262 ]
 [ 1.5533365 -1.599262 ]
 [ 1.5533365 -1.599262 ]
 [ 1.5533365 -1.599262 ]
 [ 1.5533365 -1.599262 ]
 [ 1.5533365 -1.599262 ]
 [ 1.5533365 -1.599262 ]
 [ 1.5533365 -1.599262 ]
 [ 1.5533365 -1.599262 ]
 [ 1.5533365 -1.599262 ]
 [ 1.5533365 -1.599262 ]
 [ 1.5533365 -1.599262 ]
 [ 1.5533365 -1.599262 ]
 [ 1.5533365 -1.599262 ]
 [ 1.5533365 -1.599262 ]
 [ 1.5533365 -1.599262 ]
 [ 1.5533365 -1.599262 ]
 [ 1.5533365 -1.599262 ]]
2025-12-21 18:24:32,376 - [INFO] - ------------------------------------------------------------
2025-12-21 18:24:32,376 - [INFO] - On Validation Set:
	Accuracy of RRL  Model: 0.8887353144436766
	F1 Score of RRL  Model: 0.47054518843761434
2025-12-21 18:24:32,381 - [INFO] - On Validation Set:
Performance of  RRL Model: 
[[1286    0]
 [ 161    0]]
              precision    recall  f1-score   support

           0       0.89      1.00      0.94      1286
           1       0.00      0.00      0.00       161

    accuracy                           0.89      1447
   macro avg       0.44      0.50      0.47      1447
weighted avg       0.79      0.89      0.84      1447

2025-12-21 18:24:32,381 - [INFO] - ------------------------------------------------------------
2025-12-21 18:24:33,478 - [INFO] - epoch: 96, loss_rrl: 162.22014126181602
2025-12-21 18:24:35,051 - [DEBUG] - y_true: (1447,) [0 0 0 0 0 1 0 0 0 0 0 0 0 0 0 0 0 1 0 0 0 0 0 0 1 0 0 0 0 0 0 0 0 0 0 0 0
 0 1 1 0]
2025-12-21 18:24:35,361 - [DEBUG] - y_rrl_: (1447,) [0 0 0 0 0 0 0 0 0 0 0 0 0 0 0 0 0 0 0 0 0 0 0 0 0 0 0 0 0 0 0 0 0 0 0 0 0
 0 0 0 0]
2025-12-21 18:24:35,362 - [DEBUG] - y_rrl: (1447, 2) [[ 1.5779924 -1.6238078]
 [ 1.5779924 -1.6238078]
 [ 1.5779924 -1.6238078]
 [ 1.5779924 -1.6238078]
 [ 1.5779924 -1.6238078]
 [ 1.5779924 -1.6238078]
 [ 1.5779924 -1.6238078]
 [ 1.5779924 -1.6238078]
 [ 1.5779924 -1.6238078]
 [ 1.5779924 -1.6238078]
 [ 1.5779924 -1.6238078]
 [ 1.5779924 -1.6238078]
 [ 1.5779924 -1.6238078]
 [ 1.5779924 -1.6238078]
 [ 1.5779924 -1.6238078]
 [ 1.5779924 -1.6238078]
 [ 1.5779924 -1.6238078]
 [ 1.5779924 -1.6238078]
 [ 1.5779924 -1.6238078]
 [ 1.5779924 -1.6238078]
 [ 1.5779924 -1.6238078]
 [ 1.5779924 -1.6238078]
 [ 1.5779924 -1.6238078]
 [ 1.5779924 -1.6238078]
 [ 1.5779924 -1.6238078]
 [ 1.5779924 -1.6238078]
 [ 1.5779924 -1.6238078]
 [ 1.5779924 -1.6238078]
 [ 1.5779924 -1.6238078]
 [ 1.5779924 -1.6238078]
 [ 1.5779924 -1.6238078]
 [ 1.5779924 -1.6238078]
 [ 1.5779924 -1.6238078]
 [ 1.5779924 -1.6238078]
 [ 1.5779924 -1.6238078]
 [ 1.5779924 -1.6238078]
 [ 1.5779924 -1.6238078]
 [ 1.5779924 -1.6238078]
 [ 1.5779924 -1.6238078]
 [ 1.5779924 -1.6238078]
 [ 1.5779924 -1.6238078]]
2025-12-21 18:24:35,364 - [INFO] - ------------------------------------------------------------
2025-12-21 18:24:35,364 - [INFO] - On Validation Set:
	Accuracy of RRL  Model: 0.8887353144436766
	F1 Score of RRL  Model: 0.47054518843761434
2025-12-21 18:24:35,369 - [INFO] - On Validation Set:
Performance of  RRL Model: 
[[1286    0]
 [ 161    0]]
              precision    recall  f1-score   support

           0       0.89      1.00      0.94      1286
           1       0.00      0.00      0.00       161

    accuracy                           0.89      1447
   macro avg       0.44      0.50      0.47      1447
weighted avg       0.79      0.89      0.84      1447

2025-12-21 18:24:35,369 - [INFO] - ------------------------------------------------------------
2025-12-21 18:24:36,156 - [INFO] - epoch: 97, loss_rrl: 162.21922585368156
2025-12-21 18:24:38,121 - [DEBUG] - y_true: (1447,) [0 0 0 0 0 1 0 0 0 0 0 0 0 0 0 0 0 1 0 0 0 0 0 0 1 0 0 0 0 0 0 0 0 0 0 0 0
 0 1 1 0]
2025-12-21 18:24:38,433 - [DEBUG] - y_rrl_: (1447,) [0 0 0 0 0 0 0 0 0 0 0 0 0 0 0 0 0 0 0 0 0 0 0 0 0 0 0 0 0 0 0 0 0 0 0 0 0
 0 0 0 0]
2025-12-21 18:24:38,434 - [DEBUG] - y_rrl: (1447, 2) [[ 1.6015813 -1.6472864]
 [ 1.6015813 -1.6472864]
 [ 1.6015813 -1.6472864]
 [ 1.6015813 -1.6472864]
 [ 1.6015813 -1.6472864]
 [ 1.6015813 -1.6472864]
 [ 1.6015813 -1.6472864]
 [ 1.6015813 -1.6472864]
 [ 1.6015813 -1.6472864]
 [ 1.6015813 -1.6472864]
 [ 1.6015813 -1.6472864]
 [ 1.6015813 -1.6472864]
 [ 1.6015813 -1.6472864]
 [ 1.6015813 -1.6472864]
 [ 1.6015813 -1.6472864]
 [ 1.6015813 -1.6472864]
 [ 1.6015813 -1.6472864]
 [ 1.6015813 -1.6472864]
 [ 1.6015813 -1.6472864]
 [ 1.6015813 -1.6472864]
 [ 1.6015813 -1.6472864]
 [ 1.6015813 -1.6472864]
 [ 1.6015813 -1.6472864]
 [ 1.6015813 -1.6472864]
 [ 1.6015813 -1.6472864]
 [ 1.6015813 -1.6472864]
 [ 1.6015813 -1.6472864]
 [ 1.6015813 -1.6472864]
 [ 1.6015813 -1.6472864]
 [ 1.6015813 -1.6472864]
 [ 1.6015813 -1.6472864]
 [ 1.6015813 -1.6472864]
 [ 1.6015813 -1.6472864]
 [ 1.6015813 -1.6472864]
 [ 1.6015813 -1.6472864]
 [ 1.6015813 -1.6472864]
 [ 1.6015813 -1.6472864]
 [ 1.6015813 -1.6472864]
 [ 1.6015813 -1.6472864]
 [ 1.6015813 -1.6472864]
 [ 1.6015813 -1.6472864]]
2025-12-21 18:24:38,436 - [INFO] - ------------------------------------------------------------
2025-12-21 18:24:38,436 - [INFO] - On Validation Set:
	Accuracy of RRL  Model: 0.8887353144436766
	F1 Score of RRL  Model: 0.47054518843761434
2025-12-21 18:24:38,441 - [INFO] - On Validation Set:
Performance of  RRL Model: 
[[1286    0]
 [ 161    0]]
              precision    recall  f1-score   support

           0       0.89      1.00      0.94      1286
           1       0.00      0.00      0.00       161

    accuracy                           0.89      1447
   macro avg       0.44      0.50      0.47      1447
weighted avg       0.79      0.89      0.84      1447

2025-12-21 18:24:38,442 - [INFO] - ------------------------------------------------------------
2025-12-21 18:24:38,808 - [INFO] - epoch: 98, loss_rrl: 162.21833976358175
2025-12-21 18:24:41,073 - [INFO] - epoch: 99, loss_rrl: 162.21749667078257
