2025-12-21 20:55:07,595 - [DEBUG] - y_true: (1447,) [0 0 0 0 0 1 0 0 0 0 0 0 0 0 0 0 0 1 0 0 0 0 0 0 1 0 0 0 0 0 0 0 0 0 0 0 0
 0 1 1 0]
2025-12-21 20:55:07,752 - [DEBUG] - y_rrl_: (1447,) [0 0 0 0 0 0 0 0 0 0 0 0 0 0 0 0 0 0 0 0 0 0 0 0 0 0 0 0 0 0 0 0 0 0 0 0 0
 0 0 0 0]
2025-12-21 20:55:07,753 - [DEBUG] - y_rrl: (1447, 2) [[0.8229138  0.03250638]
 [0.8229138  0.03250638]
 [0.8229138  0.03250638]
 [0.8229138  0.03250638]
 [0.8229138  0.03250638]
 [0.8229138  0.03250638]
 [0.8229138  0.03250638]
 [0.8229138  0.03250638]
 [0.8229138  0.03250638]
 [0.8229138  0.03250638]
 [0.8229138  0.03250638]
 [0.8229138  0.03250638]
 [0.8229138  0.03250638]
 [0.8229138  0.03250638]
 [0.8229138  0.03250638]
 [0.8229138  0.03250638]
 [0.8229138  0.03250638]
 [0.8229138  0.03250638]
 [0.8229138  0.03250638]
 [0.8229138  0.03250638]
 [0.8229138  0.03250638]
 [0.8229138  0.03250638]
 [0.8229138  0.03250638]
 [0.8229138  0.03250638]
 [0.8229138  0.03250638]
 [0.8229138  0.03250638]
 [0.8229138  0.03250638]
 [0.8229138  0.03250638]
 [0.8229138  0.03250638]
 [0.8229138  0.03250638]
 [0.8229138  0.03250638]
 [0.8229138  0.03250638]
 [0.8229138  0.03250638]
 [0.8229138  0.03250638]
 [0.8229138  0.03250638]
 [0.8229138  0.03250638]
 [0.8229138  0.03250638]
 [0.8229138  0.03250638]
 [0.8229138  0.03250638]
 [0.8229138  0.03250638]
 [0.8229138  0.03250638]]
2025-12-21 20:55:07,755 - [INFO] - ------------------------------------------------------------
2025-12-21 20:55:07,756 - [INFO] - On Validation Set:
	Accuracy of RRL  Model: 0.8887353144436766
	F1 Score of RRL  Model: 0.47054518843761434
2025-12-21 20:55:07,762 - [INFO] - On Validation Set:
Performance of  RRL Model: 
[[1286    0]
 [ 161    0]]
              precision    recall  f1-score   support

           0       0.89      1.00      0.94      1286
           1       0.00      0.00      0.00       161

    accuracy                           0.89      1447
   macro avg       0.44      0.50      0.47      1447
weighted avg       0.79      0.89      0.84      1447

2025-12-21 20:55:07,762 - [INFO] - ------------------------------------------------------------
2025-12-21 20:55:09,126 - [INFO] - epoch: 0, loss_rrl: 169.13526443764567
2025-12-21 20:55:09,363 - [DEBUG] - y_true: (1447,) [0 0 0 0 0 1 0 0 0 0 0 0 0 0 0 0 0 1 0 0 0 0 0 0 1 0 0 0 0 0 0 0 0 0 0 0 0
 0 1 1 0]
2025-12-21 20:55:09,518 - [DEBUG] - y_rrl_: (1447,) [0 0 0 0 0 1 0 0 0 0 1 0 0 0 0 0 0 1 0 0 0 0 0 0 1 1 0 0 0 0 0 0 1 1 0 0 0
 0 1 0 0]
2025-12-21 20:55:09,519 - [DEBUG] - y_rrl: (1447, 2) [[ 1.7013345  -0.83036   ]
 [ 1.5755837  -0.7424575 ]
 [ 2.0119154  -1.1184691 ]
 [ 2.0119154  -1.1184691 ]
 [ 1.7013345  -0.83036   ]
 [ 0.40734333  0.47061014]
 [ 1.7013345  -0.83036   ]
 [ 2.0119154  -1.1184691 ]
 [ 2.0443     -1.1817032 ]
 [ 1.0736032  -0.1539837 ]
 [ 0.40734333  0.47061014]
 [ 1.3456557  -0.49387515]
 [ 1.7013345  -0.83036   ]
 [ 1.7013345  -0.83036   ]
 [ 1.7013345  -0.83036   ]
 [ 1.7013345  -0.83036   ]
 [ 1.4160197  -0.4761147 ]
 [ 0.40734333  0.47061014]
 [ 1.1302412  -0.2576082 ]
 [ 1.3456557  -0.49387515]
 [ 1.7013345  -0.83036   ]
 [ 1.7013345  -0.83036   ]
 [ 1.7013345  -0.83036   ]
 [ 1.7013345  -0.83036   ]
 [ 0.0907221   0.6611501 ]
 [ 0.40734333  0.47061014]
 [ 1.5755837  -0.7424575 ]
 [ 1.7013345  -0.83036   ]
 [ 1.5755837  -0.7424575 ]
 [ 2.0119154  -1.1184691 ]
 [ 1.7013345  -0.83036   ]
 [ 1.3456557  -0.49387515]
 [ 0.40734333  0.47061014]
 [ 0.40734333  0.47061014]
 [ 1.7013345  -0.83036   ]
 [ 2.0119154  -1.1184691 ]
 [ 1.7013345  -0.83036   ]
 [ 1.7013345  -0.83036   ]
 [ 0.40734333  0.47061014]
 [ 0.446401    0.32466543]
 [ 2.0119154  -1.1184691 ]]
2025-12-21 20:55:09,521 - [INFO] - ------------------------------------------------------------
2025-12-21 20:55:09,521 - [INFO] - On Validation Set:
	Accuracy of RRL  Model: 0.8825155494125777
	F1 Score of RRL  Model: 0.7250844896645448
2025-12-21 20:55:09,527 - [INFO] - On Validation Set:
Performance of  RRL Model: 
[[1186  100]
 [  70   91]]
              precision    recall  f1-score   support

           0       0.94      0.92      0.93      1286
           1       0.48      0.57      0.52       161

    accuracy                           0.88      1447
   macro avg       0.71      0.74      0.73      1447
weighted avg       0.89      0.88      0.89      1447

2025-12-21 20:55:09,527 - [INFO] - ------------------------------------------------------------
2025-12-21 20:55:10,634 - [INFO] - epoch: 1, loss_rrl: 118.95887003839016
2025-12-21 20:55:11,089 - [DEBUG] - y_true: (1447,) [0 0 0 0 0 1 0 0 0 0 0 0 0 0 0 0 0 1 0 0 0 0 0 0 1 0 0 0 0 0 0 0 0 0 0 0 0
 0 1 1 0]
2025-12-21 20:55:11,244 - [DEBUG] - y_rrl_: (1447,) [0 1 0 0 0 1 0 0 0 0 0 0 0 0 0 0 0 0 0 0 0 0 0 0 1 1 0 0 0 0 0 0 0 0 0 0 0
 0 0 0 0]
2025-12-21 20:55:11,244 - [DEBUG] - y_rrl: (1447, 2) [[ 2.1095302  -1.2346607 ]
 [ 0.4138728   0.47999233]
 [ 1.7544097  -0.9127278 ]
 [ 1.7544097  -0.9127278 ]
 [ 2.1095302  -1.2346607 ]
 [ 0.4138728   0.47999233]
 [ 2.2455525  -1.3528527 ]
 [ 1.7544097  -0.9127278 ]
 [ 2.2455525  -1.3528527 ]
 [ 0.8979613  -0.01009017]
 [ 0.75949246  0.21935181]
 [ 1.6159407  -0.68328595]
 [ 1.5822302  -0.75312006]
 [ 2.0663188  -1.2432023 ]
 [ 2.0663188  -1.2432023 ]
 [ 1.9278498  -1.0137604 ]
 [ 1.7544097  -0.9127278 ]
 [ 0.75949246  0.21935181]
 [ 1.270321   -0.4226454 ]
 [ 1.7544097  -0.9127278 ]
 [ 2.2455525  -1.3528527 ]
 [ 2.0663188  -1.2432023 ]
 [ 2.2455525  -1.3528527 ]
 [ 2.0663188  -1.2432023 ]
 [ 0.22072956  0.7041335 ]
 [ 0.4138728   0.47999233]
 [ 1.6159407  -0.68328595]
 [ 2.0663188  -1.2432023 ]
 [ 1.6159407  -0.68328595]
 [ 1.7544097  -0.9127278 ]
 [ 2.2455525  -1.3528527 ]
 [ 1.7544097  -0.9127278 ]
 [ 0.75949246  0.21935181]
 [ 0.75949246  0.21935181]
 [ 2.1095302  -1.2346607 ]
 [ 1.7544097  -0.9127278 ]
 [ 2.2455525  -1.3528527 ]
 [ 2.0663188  -1.2432023 ]
 [ 0.8979613  -0.01009017]
 [ 0.8782584   0.11301829]
 [ 1.7544097  -0.9127278 ]]
2025-12-21 20:55:11,246 - [INFO] - ------------------------------------------------------------
2025-12-21 20:55:11,247 - [INFO] - On Validation Set:
	Accuracy of RRL  Model: 0.8908085694540429
	F1 Score of RRL  Model: 0.6815261603610632
2025-12-21 20:55:11,252 - [INFO] - On Validation Set:
Performance of  RRL Model: 
[[1231   55]
 [ 103   58]]
              precision    recall  f1-score   support

           0       0.92      0.96      0.94      1286
           1       0.51      0.36      0.42       161

    accuracy                           0.89      1447
   macro avg       0.72      0.66      0.68      1447
weighted avg       0.88      0.89      0.88      1447

2025-12-21 20:55:11,253 - [INFO] - ------------------------------------------------------------
2025-12-21 20:55:12,145 - [INFO] - epoch: 2, loss_rrl: 113.36264956183732
2025-12-21 20:55:12,886 - [DEBUG] - y_true: (1447,) [0 0 0 0 0 1 0 0 0 0 0 0 0 0 0 0 0 1 0 0 0 0 0 0 1 0 0 0 0 0 0 0 0 0 0 0 0
 0 1 1 0]
2025-12-21 20:55:13,041 - [DEBUG] - y_rrl_: (1447,) [0 1 0 0 0 1 0 0 0 0 0 0 0 0 0 0 0 0 0 0 0 0 0 0 1 1 0 0 0 0 0 0 0 0 0 0 0
 0 0 0 0]
2025-12-21 20:55:13,042 - [DEBUG] - y_rrl: (1447, 2) [[ 2.110262   -1.357625  ]
 [ 0.43852478  0.45128122]
 [ 1.9968011  -1.1588866 ]
 [ 1.9968011  -1.1588866 ]
 [ 2.110262   -1.357625  ]
 [ 0.43852478  0.45128122]
 [ 2.3187547  -1.4993179 ]
 [ 1.9968011  -1.1588866 ]
 [ 2.3187547  -1.4993179 ]
 [ 1.0461612  -0.16235666]
 [ 0.64708275  0.26046306]
 [ 1.597723   -0.736067  ]
 [ 1.711118   -0.8856801 ]
 [ 2.3187547  -1.4993179 ]
 [ 2.1101966  -1.3084997 ]
 [ 1.9196758  -1.076498  ]
 [ 1.9968011  -1.1588866 ]
 [ 0.64708275  0.26046306]
 [ 1.3891649  -0.5452488 ]
 [ 1.463845   -0.65570086]
 [ 2.1101966  -1.3084997 ]
 [ 2.3187547  -1.4993179 ]
 [ 2.1101966  -1.3084997 ]
 [ 2.1101966  -1.3084997 ]
 [ 0.1868448   0.7338134 ]
 [ 0.43852478  0.45128122]
 [ 1.597723   -0.736067  ]
 [ 2.1101966  -1.3084997 ]
 [ 1.2733245  -0.4236994 ]
 [ 1.788243   -0.96806854]
 [ 2.110262   -1.357625  ]
 [ 1.788243   -0.96806854]
 [ 0.64708275  0.26046306]
 [ 0.64708275  0.26046306]
 [ 2.110262   -1.357625  ]
 [ 1.9968011  -1.1588866 ]
 [ 2.110262   -1.357625  ]
 [ 2.1101966  -1.3084997 ]
 [ 0.64708275  0.26046306]
 [ 0.7173559   0.20256402]
 [ 1.9968011  -1.1588866 ]]
2025-12-21 20:55:13,044 - [INFO] - ------------------------------------------------------------
2025-12-21 20:55:13,044 - [INFO] - On Validation Set:
	Accuracy of RRL  Model: 0.8921907394609537
	F1 Score of RRL  Model: 0.7064633917982648
2025-12-21 20:55:13,050 - [INFO] - On Validation Set:
Performance of  RRL Model: 
[[1221   65]
 [  91   70]]
              precision    recall  f1-score   support

           0       0.93      0.95      0.94      1286
           1       0.52      0.43      0.47       161

    accuracy                           0.89      1447
   macro avg       0.72      0.69      0.71      1447
weighted avg       0.88      0.89      0.89      1447

2025-12-21 20:55:13,050 - [INFO] - ------------------------------------------------------------
2025-12-21 20:55:13,726 - [INFO] - epoch: 3, loss_rrl: 113.66672777198255
2025-12-21 20:55:14,611 - [DEBUG] - y_true: (1447,) [0 0 0 0 0 1 0 0 0 0 0 0 0 0 0 0 0 1 0 0 0 0 0 0 1 0 0 0 0 0 0 0 0 0 0 0 0
 0 1 1 0]
2025-12-21 20:55:14,766 - [DEBUG] - y_rrl_: (1447,) [0 0 0 0 0 1 0 0 0 0 0 0 0 0 0 0 0 0 0 0 0 0 0 0 1 1 0 0 0 0 0 0 0 0 0 0 0
 0 0 0 0]
2025-12-21 20:55:14,767 - [DEBUG] - y_rrl: (1447, 2) [[ 2.081655   -1.263253  ]
 [ 0.6944063   0.15259805]
 [ 1.7613025  -0.92702645]
 [ 1.7613025  -0.92702645]
 [ 2.081655   -1.263253  ]
 [ 0.33328086  0.53211737]
 [ 2.2981353  -1.413273  ]
 [ 1.7613025  -0.92702645]
 [ 2.2981353  -1.413273  ]
 [ 1.050154   -0.19075902]
 [ 0.59847677  0.28456628]
 [ 1.3096254  -0.4517011 ]
 [ 1.5812619  -0.6903965 ]
 [ 2.0629385  -1.0879676 ]
 [ 1.4196737  -0.42528135]
 [ 1.8464577  -0.9379476 ]
 [ 1.383234   -0.5118912 ]
 [ 0.59847677  0.28456628]
 [ 1.405555   -0.5836695 ]
 [ 1.2609096  -0.3541699 ]
 [ 2.0329394  -1.1657219 ]
 [ 2.0629385  -1.0879676 ]
 [ 2.0329394  -1.1657219 ]
 [ 2.0329394  -1.1657219 ]
 [ 0.08745036  0.79840964]
 [ 0.33328086  0.53211737]
 [ 1.6707509  -0.83122057]
 [ 1.7977426  -0.8404165 ]
 [ 1.6707509  -0.83122057]
 [ 1.4961066  -0.67947537]
 [ 2.081655   -1.263253  ]
 [ 1.2609096  -0.3541699 ]
 [ 0.59847677  0.28456628]
 [ 0.59847677  0.28456628]
 [ 2.081655   -1.263253  ]
 [ 2.1224287  -1.3065457 ]
 [ 2.081655   -1.263253  ]
 [ 1.7977426  -0.8404165 ]
 [ 0.8336737  -0.04073898]
 [ 0.88947856  0.06461211]
 [ 1.7613025  -0.92702645]]
2025-12-21 20:55:14,769 - [INFO] - ------------------------------------------------------------
2025-12-21 20:55:14,769 - [INFO] - On Validation Set:
	Accuracy of RRL  Model: 0.89426399447132
	F1 Score of RRL  Model: 0.6733243914423448
2025-12-21 20:55:14,775 - [INFO] - On Validation Set:
Performance of  RRL Model: 
[[1242   44]
 [ 109   52]]
              precision    recall  f1-score   support

           0       0.92      0.97      0.94      1286
           1       0.54      0.32      0.40       161

    accuracy                           0.89      1447
   macro avg       0.73      0.64      0.67      1447
weighted avg       0.88      0.89      0.88      1447

2025-12-21 20:55:14,775 - [INFO] - ------------------------------------------------------------
2025-12-21 20:55:15,233 - [INFO] - epoch: 4, loss_rrl: 114.72896292805672
2025-12-21 20:55:16,329 - [DEBUG] - y_true: (1447,) [0 0 0 0 0 1 0 0 0 0 0 0 0 0 0 0 0 1 0 0 0 0 0 0 1 0 0 0 0 0 0 0 0 0 0 0 0
 0 1 1 0]
2025-12-21 20:55:16,484 - [DEBUG] - y_rrl_: (1447,) [0 1 0 0 0 1 0 0 0 0 1 0 0 0 0 0 0 1 0 0 0 0 0 0 1 1 0 0 0 0 0 0 1 1 0 0 0
 0 0 0 0]
2025-12-21 20:55:16,485 - [DEBUG] - y_rrl: (1447, 2) [[ 2.0629914  -1.3167382 ]
 [ 0.29013643  0.57149076]
 [ 1.4418056  -0.57431537]
 [ 1.4418056  -0.57431537]
 [ 2.0629914  -1.3167382 ]
 [ 0.41384068  0.48566252]
 [ 2.0629914  -1.3167382 ]
 [ 1.8778195  -1.0471257 ]
 [ 2.2459695  -1.4335855 ]
 [ 0.85572255  0.02024043]
 [ 0.41384068  0.48566252]
 [ 1.4359379  -0.5817036 ]
 [ 1.8040876  -0.96816355]
 [ 1.8040876  -0.96816355]
 [ 1.8040876  -0.96816355]
 [ 1.8040876  -0.96816355]
 [ 1.8778195  -1.0471257 ]
 [ 0.41384068  0.48566252]
 [ 1.4652021  -0.6468193 ]
 [ 1.4359379  -0.5817036 ]
 [ 2.0629914  -1.3167382 ]
 [ 1.8040876  -0.96816355]
 [ 2.0629914  -1.3167382 ]
 [ 2.0629914  -1.3167382 ]
 [-0.18393692  1.0964853 ]
 [ 0.41384068  0.48566252]
 [ 0.6290222   0.2501464 ]
 [ 1.8040876  -0.96816355]
 [ 1.4359379  -0.5817036 ]
 [ 1.8778195  -1.0471257 ]
 [ 2.0629914  -1.3167382 ]
 [ 1.4359379  -0.5817036 ]
 [ 0.41384068  0.48566252]
 [ 0.41384068  0.48566252]
 [ 2.0629914  -1.3167382 ]
 [ 1.8778195  -1.0471257 ]
 [ 2.0629914  -1.3167382 ]
 [ 1.8040876  -0.96816355]
 [ 0.6727444   0.13708754]
 [ 0.52309877  0.38868085]
 [ 1.8778195  -1.0471257 ]]
2025-12-21 20:55:16,487 - [INFO] - ------------------------------------------------------------
2025-12-21 20:55:16,487 - [INFO] - On Validation Set:
	Accuracy of RRL  Model: 0.8804422944022114
	F1 Score of RRL  Model: 0.7262385814724857
2025-12-21 20:55:16,492 - [INFO] - On Validation Set:
Performance of  RRL Model: 
[[1180  106]
 [  67   94]]
              precision    recall  f1-score   support

           0       0.95      0.92      0.93      1286
           1       0.47      0.58      0.52       161

    accuracy                           0.88      1447
   macro avg       0.71      0.75      0.73      1447
weighted avg       0.89      0.88      0.89      1447

2025-12-21 20:55:16,492 - [INFO] - ------------------------------------------------------------
2025-12-21 20:55:16,741 - [INFO] - epoch: 5, loss_rrl: 112.63839356787503
2025-12-21 20:55:18,285 - [DEBUG] - y_true: (1447,) [0 0 0 0 0 1 0 0 0 0 0 0 0 0 0 0 0 1 0 0 0 0 0 0 1 0 0 0 0 0 0 0 0 0 0 0 0
 0 1 1 0]
2025-12-21 20:55:18,443 - [DEBUG] - y_rrl_: (1447,) [0 1 0 0 0 0 0 0 0 0 0 0 0 0 0 0 0 0 0 0 0 0 0 0 1 0 0 0 0 0 0 0 0 0 0 0 0
 0 0 0 0]
2025-12-21 20:55:18,443 - [DEBUG] - y_rrl: (1447, 2) [[ 2.2154992  -1.4723892 ]
 [ 0.26787654  0.5900011 ]
 [ 2.0385025  -1.2113516 ]
 [ 2.0385025  -1.2113516 ]
 [ 2.2154992  -1.4723892 ]
 [ 0.6717668   0.20354106]
 [ 2.2154992  -1.4723892 ]
 [ 2.0385025  -1.2113516 ]
 [ 2.4031925  -1.5942683 ]
 [ 1.1271769  -0.2752869 ]
 [ 0.6717668   0.20354106]
 [ 1.5830927  -0.7325239 ]
 [ 1.9477828  -1.1154401 ]
 [ 2.2154992  -1.4723892 ]
 [ 1.7046394  -0.9250164 ]
 [ 1.9477828  -1.1154401 ]
 [ 2.0385025  -1.2113516 ]
 [ 0.6717668   0.20354106]
 [ 1.5438927  -0.7289802 ]
 [ 1.4503436  -0.7007812 ]
 [ 2.2154992  -1.4723892 ]
 [ 2.2154992  -1.4723892 ]
 [ 2.2154992  -1.4723892 ]
 [ 2.2154992  -1.4723892 ]
 [-0.1439403   1.0524935 ]
 [ 0.6717668   0.20354106]
 [ 1.5830927  -0.7325239 ]
 [ 2.2154992  -1.4723892 ]
 [ 1.1826271  -0.34383202]
 [ 2.0385025  -1.2113516 ]
 [ 2.2154992  -1.4723892 ]
 [ 2.2154992  -1.4723892 ]
 [ 0.6717668   0.20354106]
 [ 0.6717668   0.20354106]
 [ 2.2154992  -1.4723892 ]
 [ 2.0385025  -1.2113516 ]
 [ 2.2154992  -1.4723892 ]
 [ 2.2154992  -1.4723892 ]
 [ 0.6717668   0.20354106]
 [ 0.6246403   0.28311664]
 [ 2.0385025  -1.2113516 ]]
2025-12-21 20:55:18,445 - [INFO] - ------------------------------------------------------------
2025-12-21 20:55:18,445 - [INFO] - On Validation Set:
	Accuracy of RRL  Model: 0.9046302695231514
	F1 Score of RRL  Model: 0.68885793351034
2025-12-21 20:55:18,451 - [INFO] - On Validation Set:
Performance of  RRL Model: 
[[1257   29]
 [ 109   52]]
              precision    recall  f1-score   support

           0       0.92      0.98      0.95      1286
           1       0.64      0.32      0.43       161

    accuracy                           0.90      1447
   macro avg       0.78      0.65      0.69      1447
weighted avg       0.89      0.90      0.89      1447

2025-12-21 20:55:18,451 - [INFO] - ------------------------------------------------------------
2025-12-21 20:55:18,481 - [INFO] - epoch: 6, loss_rrl: 112.54206039942801
2025-12-21 20:55:19,886 - [INFO] - epoch: 7, loss_rrl: 112.68299205414951
2025-12-21 20:55:20,091 - [DEBUG] - y_true: (1447,) [0 0 0 0 0 1 0 0 0 0 0 0 0 0 0 0 0 1 0 0 0 0 0 0 1 0 0 0 0 0 0 0 0 0 0 0 0
 0 1 1 0]
2025-12-21 20:55:20,247 - [DEBUG] - y_rrl_: (1447,) [0 1 0 0 0 1 0 0 0 0 0 0 0 0 0 0 0 0 0 0 0 0 0 0 1 1 0 0 0 0 0 0 0 0 0 0 0
 0 0 0 0]
2025-12-21 20:55:20,247 - [DEBUG] - y_rrl: (1447, 2) [[ 2.3008735  -1.5609561 ]
 [ 0.25761753  0.59645945]
 [ 1.5876501  -0.72786   ]
 [ 1.5876501  -0.72786   ]
 [ 2.3008735  -1.5609561 ]
 [ 0.25761753  0.59645945]
 [ 2.3008735  -1.5609561 ]
 [ 2.1546075  -1.3310417 ]
 [ 2.5175397  -1.7121156 ]
 [ 1.1846056  -0.33649763]
 [ 0.67980677  0.1915835 ]
 [ 1.6498082  -0.80296063]
 [ 1.878684   -1.1560801 ]
 [ 2.3008735  -1.5609561 ]
 [ 2.3008735  -1.5609561 ]
 [ 2.3008735  -1.5609561 ]
 [ 1.7515627  -0.93967956]
 [ 0.67980677  0.1915835 ]
 [ 1.5905513  -0.7791587 ]
 [ 1.937941   -1.1798822 ]
 [ 2.3008735  -1.5609561 ]
 [ 2.3008735  -1.5609561 ]
 [ 2.3008735  -1.5609561 ]
 [ 2.3008735  -1.5609561 ]
 [ 0.01611241  0.8580762 ]
 [ 0.25761753  0.59645945]
 [ 1.2467637  -0.4115983 ]
 [ 2.3008735  -1.5609561 ]
 [ 1.937941   -1.1798822 ]
 [ 2.1546075  -1.3310417 ]
 [ 2.3008735  -1.5609561 ]
 [ 2.0127404  -1.1840347 ]
 [ 0.67980677  0.1915835 ]
 [ 0.67980677  0.1915835 ]
 [ 2.3008735  -1.5609561 ]
 [ 2.1546075  -1.3310417 ]
 [ 2.3008735  -1.5609561 ]
 [ 2.3008735  -1.5609561 ]
 [ 0.96793956 -0.18533804]
 [ 1.0893667  -0.30479547]
 [ 2.1546075  -1.3310417 ]]
2025-12-21 20:55:20,249 - [INFO] - ------------------------------------------------------------
2025-12-21 20:55:20,250 - [INFO] - On Validation Set:
	Accuracy of RRL  Model: 0.899101589495508
	F1 Score of RRL  Model: 0.6732725023198267
2025-12-21 20:55:20,255 - [INFO] - On Validation Set:
Performance of  RRL Model: 
[[1252   34]
 [ 112   49]]
              precision    recall  f1-score   support

           0       0.92      0.97      0.94      1286
           1       0.59      0.30      0.40       161

    accuracy                           0.90      1447
   macro avg       0.75      0.64      0.67      1447
weighted avg       0.88      0.90      0.88      1447

2025-12-21 20:55:20,256 - [INFO] - ------------------------------------------------------------
2025-12-21 20:55:21,632 - [INFO] - epoch: 8, loss_rrl: 113.1075893715024
2025-12-21 20:55:22,059 - [DEBUG] - y_true: (1447,) [0 0 0 0 0 1 0 0 0 0 0 0 0 0 0 0 0 1 0 0 0 0 0 0 1 0 0 0 0 0 0 0 0 0 0 0 0
 0 1 1 0]
2025-12-21 20:55:22,215 - [DEBUG] - y_rrl_: (1447,) [0 0 0 0 0 1 0 0 0 0 1 0 0 0 0 0 0 1 0 0 0 0 0 0 1 1 0 0 0 0 0 0 1 1 0 0 0
 0 0 0 0]
2025-12-21 20:55:22,215 - [DEBUG] - y_rrl: (1447, 2) [[ 2.3909674  -1.5890983 ]
 [ 0.5061027   0.35569835]
 [ 1.4244167  -0.5685596 ]
 [ 1.4244167  -0.5685596 ]
 [ 2.3909674  -1.5890983 ]
 [ 0.2555108   0.6319041 ]
 [ 2.3909674  -1.5890983 ]
 [ 2.0305429  -1.2106181 ]
 [ 2.3909674  -1.5890983 ]
 [ 0.76244485  0.10183453]
 [ 0.2555108   0.6319041 ]
 [ 1.5236086  -0.68054885]
 [ 1.8840333  -1.059029  ]
 [ 2.152578   -1.4159108 ]
 [ 1.5464522  -0.77385247]
 [ 1.8840333  -1.059029  ]
 [ 2.0305429  -1.2106181 ]
 [ 0.2555108   0.6319041 ]
 [ 1.4726533  -0.6648405 ]
 [ 1.7921537  -1.0374309 ]
 [ 2.3909674  -1.5890983 ]
 [ 2.152578   -1.4159108 ]
 [ 2.3909674  -1.5890983 ]
 [ 2.152578   -1.4159108 ]
 [ 0.2555108   0.6319041 ]
 [ 0.2555108   0.6319041 ]
 [ 1.5236086  -0.68054885]
 [ 2.152578   -1.4159108 ]
 [ 1.7921537  -1.0374309 ]
 [ 2.0305429  -1.2106181 ]
 [ 2.3909674  -1.5890983 ]
 [ 1.5236086  -0.68054885]
 [ 0.2555108   0.6319041 ]
 [ 0.2555108   0.6319041 ]
 [ 2.3909674  -1.5890983 ]
 [ 2.0305429  -1.2106181 ]
 [ 2.3909674  -1.5890983 ]
 [ 2.152578   -1.4159108 ]
 [ 0.5240559   0.27502203]
 [ 0.6159354   0.25342375]
 [ 2.0305429  -1.2106181 ]]
2025-12-21 20:55:22,217 - [INFO] - ------------------------------------------------------------
2025-12-21 20:55:22,217 - [INFO] - On Validation Set:
	Accuracy of RRL  Model: 0.8880442294402211
	F1 Score of RRL  Model: 0.705690481212523
2025-12-21 20:55:22,223 - [INFO] - On Validation Set:
Performance of  RRL Model: 
[[1212   74]
 [  88   73]]
              precision    recall  f1-score   support

           0       0.93      0.94      0.94      1286
           1       0.50      0.45      0.47       161

    accuracy                           0.89      1447
   macro avg       0.71      0.70      0.71      1447
weighted avg       0.88      0.89      0.89      1447

2025-12-21 20:55:22,223 - [INFO] - ------------------------------------------------------------
2025-12-21 20:55:23,154 - [INFO] - epoch: 9, loss_rrl: 112.72589741274714
2025-12-21 20:55:23,844 - [DEBUG] - y_true: (1447,) [0 0 0 0 0 1 0 0 0 0 0 0 0 0 0 0 0 1 0 0 0 0 0 0 1 0 0 0 0 0 0 0 0 0 0 0 0
 0 1 1 0]
2025-12-21 20:55:24,000 - [DEBUG] - y_rrl_: (1447,) [0 0 0 0 0 0 0 0 0 0 0 0 0 0 0 0 0 0 0 0 0 0 0 0 1 0 0 0 0 0 0 0 0 0 0 0 0
 0 0 0 0]
2025-12-21 20:55:24,000 - [DEBUG] - y_rrl: (1447, 2) [[ 2.505163   -1.7718056 ]
 [ 0.81027424  0.01803771]
 [ 2.39593    -1.5797082 ]
 [ 2.39593    -1.5797082 ]
 [ 2.505163   -1.7718056 ]
 [ 0.45064965  0.39563125]
 [ 2.505163   -1.7718056 ]
 [ 2.39593    -1.5797082 ]
 [ 2.7555547  -1.9573015 ]
 [ 1.3633761  -0.5230107 ]
 [ 0.8698003  -0.00645447]
 [ 1.9023547  -1.063152  ]
 [ 1.8428286  -1.0386597 ]
 [ 2.505163   -1.7718056 ]
 [ 2.505163   -1.7718056 ]
 [ 2.261979   -1.4407455 ]
 [ 2.39593    -1.5797082 ]
 [ 0.8698003  -0.00645447]
 [ 1.4832039  -0.6610663 ]
 [ 1.7286608  -0.98882824]
 [ 2.505163   -1.7718056 ]
 [ 2.505163   -1.7718056 ]
 [ 2.505163   -1.7718056 ]
 [ 2.505163   -1.7718056 ]
 [ 0.2002849   0.6659082 ]
 [ 0.45064965  0.39563125]
 [ 1.8451017  -1.0353616 ]
 [ 2.505163   -1.7718056 ]
 [ 2.0882852  -1.3664216 ]
 [ 2.39593    -1.5797082 ]
 [ 2.505163   -1.7718056 ]
 [ 2.505163   -1.7718056 ]
 [ 0.8698003  -0.00645447]
 [ 0.8698003  -0.00645447]
 [ 2.505163   -1.7718056 ]
 [ 2.7555547  -1.9573015 ]
 [ 2.505163   -1.7718056 ]
 [ 2.505163   -1.7718056 ]
 [ 0.8698003  -0.00645447]
 [ 0.9790606  -0.1137709 ]
 [ 2.39593    -1.5797082 ]]
2025-12-21 20:55:24,002 - [INFO] - ------------------------------------------------------------
2025-12-21 20:55:24,002 - [INFO] - On Validation Set:
	Accuracy of RRL  Model: 0.8956461644782309
	F1 Score of RRL  Model: 0.5408038669678978
2025-12-21 20:55:24,008 - [INFO] - On Validation Set:
Performance of  RRL Model: 
[[1284    2]
 [ 149   12]]
              precision    recall  f1-score   support

           0       0.90      1.00      0.94      1286
           1       0.86      0.07      0.14       161

    accuracy                           0.90      1447
   macro avg       0.88      0.54      0.54      1447
weighted avg       0.89      0.90      0.85      1447

2025-12-21 20:55:24,008 - [INFO] - ------------------------------------------------------------
2025-12-21 20:55:24,864 - [INFO] - epoch: 10, loss_rrl: 112.95050749368966
2025-12-21 20:55:25,852 - [DEBUG] - y_true: (1447,) [0 0 0 0 0 1 0 0 0 0 0 0 0 0 0 0 0 1 0 0 0 0 0 0 1 0 0 0 0 0 0 0 0 0 0 0 0
 0 1 1 0]
2025-12-21 20:55:26,008 - [DEBUG] - y_rrl_: (1447,) [0 0 0 0 0 1 0 0 0 0 0 0 0 0 0 0 0 0 0 0 0 0 0 0 1 1 0 0 0 0 0 0 0 0 0 0 0
 0 0 0 0]
2025-12-21 20:55:26,009 - [DEBUG] - y_rrl: (1447, 2) [[ 2.6426911  -1.8481028 ]
 [ 0.6869502   0.16673784]
 [ 2.00962    -1.261738  ]
 [ 2.00962    -1.261738  ]
 [ 2.6426911  -1.8481028 ]
 [ 0.25716522  0.5851249 ]
 [ 2.6426911  -1.8481028 ]
 [ 2.00962    -1.261738  ]
 [ 2.6426911  -1.8481028 ]
 [ 0.9322915  -0.16047202]
 [ 0.6829412   0.17628355]
 [ 1.7602698  -0.9249825 ]
 [ 1.940863   -1.2277968 ]
 [ 2.3666394  -1.6366382 ]
 [ 2.3666394  -1.6366382 ]
 [ 2.3666394  -1.6366382 ]
 [ 2.00962    -1.261738  ]
 [ 0.6829412   0.17628355]
 [ 1.691513   -0.8910416 ]
 [ 1.7602698  -0.9249825 ]
 [ 2.6426911  -1.8481028 ]
 [ 2.3666394  -1.6366382 ]
 [ 2.6426911  -1.8481028 ]
 [ 2.3666394  -1.6366382 ]
 [ 0.02246825  0.8396339 ]
 [ 0.25716522  0.5851249 ]
 [ 1.7602698  -0.9249825 ]
 [ 2.3666394  -1.6366382 ]
 [ 1.7602698  -0.9249825 ]
 [ 2.00962    -1.261738  ]
 [ 2.6426911  -1.8481028 ]
 [ 1.7602698  -0.9249825 ]
 [ 0.6829412   0.17628355]
 [ 0.6829412   0.17628355]
 [ 2.6426911  -1.8481028 ]
 [ 2.00962    -1.261738  ]
 [ 2.6426911  -1.8481028 ]
 [ 2.3666394  -1.6366382 ]
 [ 0.6829412   0.17628355]
 [ 1.0546138  -0.28086343]
 [ 2.00962    -1.261738  ]]
2025-12-21 20:55:26,011 - [INFO] - ------------------------------------------------------------
2025-12-21 20:55:26,011 - [INFO] - On Validation Set:
	Accuracy of RRL  Model: 0.8963372494816862
	F1 Score of RRL  Model: 0.6976514180643004
2025-12-21 20:55:26,017 - [INFO] - On Validation Set:
Performance of  RRL Model: 
[[1235   51]
 [  99   62]]
              precision    recall  f1-score   support

           0       0.93      0.96      0.94      1286
           1       0.55      0.39      0.45       161

    accuracy                           0.90      1447
   macro avg       0.74      0.67      0.70      1447
weighted avg       0.88      0.90      0.89      1447

2025-12-21 20:55:26,017 - [INFO] - ------------------------------------------------------------
2025-12-21 20:55:26,534 - [INFO] - epoch: 11, loss_rrl: 113.51529396884143
2025-12-21 20:55:27,680 - [DEBUG] - y_true: (1447,) [0 0 0 0 0 1 0 0 0 0 0 0 0 0 0 0 0 1 0 0 0 0 0 0 1 0 0 0 0 0 0 0 0 0 0 0 0
 0 1 1 0]
2025-12-21 20:55:27,839 - [DEBUG] - y_rrl_: (1447,) [0 0 0 0 0 0 0 0 0 0 0 0 0 0 0 0 0 0 0 0 0 0 0 0 1 0 0 0 0 0 0 0 0 0 0 0 0
 0 0 0 0]
2025-12-21 20:55:27,839 - [DEBUG] - y_rrl: (1447, 2) [[ 2.717924   -1.9270827 ]
 [ 0.67686075  0.14355986]
 [ 1.684744   -0.84108347]
 [ 1.684744   -0.84108347]
 [ 2.717924   -1.9270827 ]
 [ 0.7209684   0.1340444 ]
 [ 2.717924   -1.9270827 ]
 [ 2.3556037  -1.5469712 ]
 [ 2.717924   -1.9270827 ]
 [ 1.2543856  -0.42202657]
 [ 0.7209684   0.1340444 ]
 [ 1.8221867  -0.9909004 ]
 [ 2.4439678  -1.7173983 ]
 [ 2.4439678  -1.7173983 ]
 [ 2.4439678  -1.7173983 ]
 [ 2.4439678  -1.7173983 ]
 [ 2.3556037  -1.5469712 ]
 [ 0.7209684   0.1340444 ]
 [ 1.7780789  -0.981385  ]
 [ 1.3918284  -0.57184345]
 [ 2.717924   -1.9270827 ]
 [ 2.4439678  -1.7173983 ]
 [ 2.717924   -1.9270827 ]
 [ 2.4439678  -1.7173983 ]
 [ 0.06744784  0.79047376]
 [ 0.7209684   0.1340444 ]
 [ 1.7541486  -0.9519547 ]
 [ 2.4439678  -1.7173983 ]
 [ 1.7541486  -0.9519547 ]
 [ 2.3556037  -1.5469712 ]
 [ 2.717924   -1.9270827 ]
 [ 1.8221867  -0.9909004 ]
 [ 0.7209684   0.1340444 ]
 [ 0.7209684   0.1340444 ]
 [ 2.717924   -1.9270827 ]
 [ 2.717924   -1.9270827 ]
 [ 2.717924   -1.9270827 ]
 [ 2.4439678  -1.7173983 ]
 [ 0.98042965 -0.21234189]
 [ 1.0956572  -0.3256507 ]
 [ 2.3556037  -1.5469712 ]]
2025-12-21 20:55:27,841 - [INFO] - ------------------------------------------------------------
2025-12-21 20:55:27,841 - [INFO] - On Validation Set:
	Accuracy of RRL  Model: 0.8956461644782309
	F1 Score of RRL  Model: 0.6140399531542289
2025-12-21 20:55:27,847 - [INFO] - On Validation Set:
Performance of  RRL Model: 
[[1266   20]
 [ 131   30]]
              precision    recall  f1-score   support

           0       0.91      0.98      0.94      1286
           1       0.60      0.19      0.28       161

    accuracy                           0.90      1447
   macro avg       0.75      0.59      0.61      1447
weighted avg       0.87      0.90      0.87      1447

2025-12-21 20:55:27,847 - [INFO] - ------------------------------------------------------------
2025-12-21 20:55:28,142 - [INFO] - epoch: 12, loss_rrl: 112.76782147958875
2025-12-21 20:55:29,486 - [DEBUG] - y_true: (1447,) [0 0 0 0 0 1 0 0 0 0 0 0 0 0 0 0 0 1 0 0 0 0 0 0 1 0 0 0 0 0 0 0 0 0 0 0 0
 0 1 1 0]
2025-12-21 20:55:29,646 - [DEBUG] - y_rrl_: (1447,) [0 0 0 0 0 0 0 0 0 0 0 0 0 0 0 0 0 0 0 0 0 0 0 0 1 0 0 0 0 0 0 0 0 0 0 0 0
 0 0 0 0]
2025-12-21 20:55:29,647 - [DEBUG] - y_rrl: (1447, 2) [[ 2.4012492  -1.678166  ]
 [ 0.56865495  0.24771339]
 [ 1.5962847  -0.7568471 ]
 [ 1.5962847  -0.7568471 ]
 [ 1.7184441  -0.96064794]
 [ 0.6109579   0.23977506]
 [ 2.649192   -1.862166  ]
 [ 2.2790897  -1.4743649 ]
 [ 2.649192   -1.862166  ]
 [ 1.1362069  -0.3079716 ]
 [ 0.8589011   0.05577485]
 [ 2.001784   -1.1106182 ]
 [ 2.4012492  -1.678166  ]
 [ 1.9663875  -1.1446482 ]
 [ 2.4012492  -1.678166  ]
 [ 2.649192   -1.862166  ]
 [ 1.5962847  -0.7568471 ]
 [ 0.8589011   0.05577485]
 [ 1.7115382  -0.91867965]
 [ 1.5710685  -0.8414891 ]
 [ 2.4012492  -1.678166  ]
 [ 2.649192   -1.862166  ]
 [ 2.4012492  -1.678166  ]
 [ 1.7184441  -0.96064794]
 [ 0.3687909   0.5015488 ]
 [ 0.6109579   0.23977506]
 [ 1.9118088  -1.0495442 ]
 [ 2.4012492  -1.678166  ]
 [ 1.9118088  -1.0495442 ]
 [ 2.2790897  -1.4743649 ]
 [ 2.649192   -1.862166  ]
 [ 2.0311465  -1.2903646 ]
 [ 0.8589011   0.05577485]
 [ 0.8589011   0.05577485]
 [ 2.4012492  -1.678166  ]
 [ 2.649192   -1.862166  ]
 [ 2.649192   -1.862166  ]
 [ 2.4012492  -1.678166  ]
 [ 0.8589011   0.05577485]
 [ 1.2641425  -0.4339993 ]
 [ 2.2790897  -1.4743649 ]]
2025-12-21 20:55:29,651 - [INFO] - ------------------------------------------------------------
2025-12-21 20:55:29,651 - [INFO] - On Validation Set:
	Accuracy of RRL  Model: 0.8977194194885971
	F1 Score of RRL  Model: 0.6783401223219543
2025-12-21 20:55:29,657 - [INFO] - On Validation Set:
Performance of  RRL Model: 
[[1247   39]
 [ 109   52]]
              precision    recall  f1-score   support

           0       0.92      0.97      0.94      1286
           1       0.57      0.32      0.41       161

    accuracy                           0.90      1447
   macro avg       0.75      0.65      0.68      1447
weighted avg       0.88      0.90      0.88      1447

2025-12-21 20:55:29,657 - [INFO] - ------------------------------------------------------------
2025-12-21 20:55:29,719 - [INFO] - epoch: 13, loss_rrl: 112.6192180160433
2025-12-21 20:55:31,120 - [INFO] - epoch: 14, loss_rrl: 114.87658531777561
2025-12-21 20:55:31,293 - [DEBUG] - y_true: (1447,) [0 0 0 0 0 1 0 0 0 0 0 0 0 0 0 0 0 1 0 0 0 0 0 0 1 0 0 0 0 0 0 0 0 0 0 0 0
 0 1 1 0]
2025-12-21 20:55:31,451 - [DEBUG] - y_rrl_: (1447,) [0 1 0 0 0 1 0 0 0 0 1 0 0 0 0 0 0 1 0 0 0 0 0 0 1 1 0 0 0 0 0 0 1 1 0 0 0
 0 0 0 0]
2025-12-21 20:55:31,452 - [DEBUG] - y_rrl: (1447, 2) [[ 2.4206831  -1.7011248 ]
 [ 0.14672157  0.6831521 ]
 [ 2.277532   -1.4767678 ]
 [ 2.277532   -1.4767678 ]
 [ 2.4206831  -1.7011248 ]
 [ 0.33535993  0.5305469 ]
 [ 2.4206831  -1.7011248 ]
 [ 2.277532   -1.4767678 ]
 [ 2.649689   -1.8665297 ]
 [ 0.8726545  -0.02909782]
 [ 0.33535993  0.5305469 ]
 [ 1.7402376  -0.9171232 ]
 [ 2.1123943  -1.3068852 ]
 [ 2.4206831  -1.7011248 ]
 [ 2.4206831  -1.7011248 ]
 [ 2.1123943  -1.3068852 ]
 [ 1.5569352  -0.7477697 ]
 [ 0.33535993  0.5305469 ]
 [ 1.6822904  -0.8933126 ]
 [ 1.569395   -0.8433322 ]
 [ 2.4206831  -1.7011248 ]
 [ 2.4206831  -1.7011248 ]
 [ 2.4206831  -1.7011248 ]
 [ 2.4206831  -1.7011248 ]
 [-0.09474392  0.94411945]
 [ 0.33535993  0.5305469 ]
 [ 1.2611061  -0.4490922 ]
 [ 2.4206831  -1.7011248 ]
 [ 1.569395   -0.8433322 ]
 [ 2.277532   -1.4767678 ]
 [ 2.4206831  -1.7011248 ]
 [ 2.1123943  -1.3068852 ]
 [ 0.33535993  0.5305469 ]
 [ 0.33535993  0.5305469 ]
 [ 2.4206831  -1.7011248 ]
 [ 2.277532   -1.4767678 ]
 [ 2.4206831  -1.7011248 ]
 [ 2.4206831  -1.7011248 ]
 [ 0.6436487   0.13630705]
 [ 0.70751673  0.14078473]
 [ 2.277532   -1.4767678 ]]
2025-12-21 20:55:31,454 - [INFO] - ------------------------------------------------------------
2025-12-21 20:55:31,454 - [INFO] - On Validation Set:
	Accuracy of RRL  Model: 0.8887353144436766
	F1 Score of RRL  Model: 0.7116220401483933
2025-12-21 20:55:31,459 - [INFO] - On Validation Set:
Performance of  RRL Model: 
[[1210   76]
 [  85   76]]
              precision    recall  f1-score   support

           0       0.93      0.94      0.94      1286
           1       0.50      0.47      0.49       161

    accuracy                           0.89      1447
   macro avg       0.72      0.71      0.71      1447
weighted avg       0.89      0.89      0.89      1447

2025-12-21 20:55:31,459 - [INFO] - ------------------------------------------------------------
2025-12-21 20:55:32,636 - [INFO] - epoch: 15, loss_rrl: 111.86860955879092
2025-12-21 20:55:33,027 - [DEBUG] - y_true: (1447,) [0 0 0 0 0 1 0 0 0 0 0 0 0 0 0 0 0 1 0 0 0 0 0 0 1 0 0 0 0 0 0 0 0 0 0 0 0
 0 1 1 0]
2025-12-21 20:55:33,183 - [DEBUG] - y_rrl_: (1447,) [0 0 0 0 0 1 0 0 0 0 0 0 0 0 0 0 0 0 0 0 0 0 0 0 1 1 0 0 0 0 0 0 0 0 0 0 0
 0 0 0 0]
2025-12-21 20:55:33,184 - [DEBUG] - y_rrl: (1447, 2) [[ 2.7473145  -1.9652762 ]
 [ 0.74618816  0.0904295 ]
 [ 2.42815    -1.6314131 ]
 [ 2.42815    -1.6314131 ]
 [ 2.7473145  -1.9652762 ]
 [ 0.23144433  0.59417635]
 [ 2.7473145  -1.9652762 ]
 [ 2.42815    -1.6314131 ]
 [ 2.953584   -2.108297  ]
 [ 1.2323799  -0.41257328]
 [ 0.6848817   0.15713474]
 [ 1.8806518  -1.0617051 ]
 [ 2.2938771  -1.5282348 ]
 [ 2.7473145  -1.9652762 ]
 [ 2.0662882  -1.2501831 ]
 [ 2.7473145  -1.9652762 ]
 [ 2.42815    -1.6314131 ]
 [ 0.6848817   0.15713474]
 [ 1.8194656  -1.0344253 ]
 [ 2.2218807  -1.4883924 ]
 [ 2.7473145  -1.9652762 ]
 [ 2.7473145  -1.9652762 ]
 [ 2.7473145  -1.9652762 ]
 [ 2.7473145  -1.9652762 ]
 [ 0.23716584  0.57561636]
 [ 0.23144433  0.59417635]
 [ 1.365908   -0.5579586 ]
 [ 2.7473145  -1.9652762 ]
 [ 2.2218807  -1.4883924 ]
 [ 2.42815    -1.6314131 ]
 [ 2.7473145  -1.9652762 ]
 [ 1.8806518  -1.0617051 ]
 [ 0.6848817   0.15713474]
 [ 0.6848817   0.15713474]
 [ 2.7473145  -1.9652762 ]
 [ 2.42815    -1.6314131 ]
 [ 2.7473145  -1.9652762 ]
 [ 2.7473145  -1.9652762 ]
 [ 1.0261102  -0.26955226]
 [ 1.1038287  -0.32795507]
 [ 2.42815    -1.6314131 ]]
2025-12-21 20:55:33,186 - [INFO] - ------------------------------------------------------------
2025-12-21 20:55:33,186 - [INFO] - On Validation Set:
	Accuracy of RRL  Model: 0.899101589495508
	F1 Score of RRL  Model: 0.6977861319966583
2025-12-21 20:55:33,192 - [INFO] - On Validation Set:
Performance of  RRL Model: 
[[1241   45]
 [ 101   60]]
              precision    recall  f1-score   support

           0       0.92      0.97      0.94      1286
           1       0.57      0.37      0.45       161

    accuracy                           0.90      1447
   macro avg       0.75      0.67      0.70      1447
weighted avg       0.89      0.90      0.89      1447

2025-12-21 20:55:33,192 - [INFO] - ------------------------------------------------------------
2025-12-21 20:55:34,152 - [INFO] - epoch: 16, loss_rrl: 112.84598187357187
2025-12-21 20:55:34,791 - [DEBUG] - y_true: (1447,) [0 0 0 0 0 1 0 0 0 0 0 0 0 0 0 0 0 1 0 0 0 0 0 0 1 0 0 0 0 0 0 0 0 0 0 0 0
 0 1 1 0]
2025-12-21 20:55:34,947 - [DEBUG] - y_rrl_: (1447,) [0 0 0 0 0 1 0 0 0 0 1 0 0 0 0 0 0 1 0 0 0 0 0 0 1 1 0 0 0 0 0 0 1 1 0 0 0
 0 1 0 0]
2025-12-21 20:55:34,947 - [DEBUG] - y_rrl: (1447, 2) [[ 2.5169916  -1.8046674 ]
 [ 0.5010728   0.30279058]
 [ 2.3120866  -1.519456  ]
 [ 2.441917   -1.58355   ]
 [ 2.5169916  -1.8046674 ]
 [ 0.32839853  0.52842027]
 [ 2.5169916  -1.8046674 ]
 [ 2.3120866  -1.519456  ]
 [ 2.8476334  -2.0066798 ]
 [ 1.0111626  -0.11066847]
 [ 0.32839853  0.52842027]
 [ 1.8889829  -1.008555  ]
 [ 2.5169916  -1.8046674 ]
 [ 2.5169916  -1.8046674 ]
 [ 2.5169916  -1.8046674 ]
 [ 2.5169916  -1.8046674 ]
 [ 1.5513579  -0.7503351 ]
 [ 0.32839853  0.52842027]
 [ 1.3052102  -0.506777  ]
 [ 1.7012774  -0.91669464]
 [ 2.646822   -1.8687614 ]
 [ 2.5169916  -1.8046674 ]
 [ 2.5169916  -1.8046674 ]
 [ 2.5169916  -1.8046674 ]
 [-0.1255439   0.9661043 ]
 [ 0.32839853  0.52842027]
 [ 1.754871   -0.90274787]
 [ 2.646822   -1.8687614 ]
 [ 2.1069937  -1.3398243 ]
 [ 2.3120866  -1.519456  ]
 [ 2.646822   -1.8687614 ]
 [ 2.2946992  -1.4316847 ]
 [ 0.32839853  0.52842027]
 [ 0.32839853  0.52842027]
 [ 2.5169916  -1.8046674 ]
 [ 2.8476334  -2.0066798 ]
 [ 2.5169916  -1.8046674 ]
 [ 2.5169916  -1.8046674 ]
 [ 0.32839853  0.52842027]
 [ 1.0862371  -0.33178544]
 [ 2.3120866  -1.519456  ]]
2025-12-21 20:55:34,949 - [INFO] - ------------------------------------------------------------
2025-12-21 20:55:34,949 - [INFO] - On Validation Set:
	Accuracy of RRL  Model: 0.8790601243953006
	F1 Score of RRL  Model: 0.7061362942710359
2025-12-21 20:55:34,955 - [INFO] - On Validation Set:
Performance of  RRL Model: 
[[1191   95]
 [  80   81]]
              precision    recall  f1-score   support

           0       0.94      0.93      0.93      1286
           1       0.46      0.50      0.48       161

    accuracy                           0.88      1447
   macro avg       0.70      0.71      0.71      1447
weighted avg       0.88      0.88      0.88      1447

2025-12-21 20:55:34,955 - [INFO] - ------------------------------------------------------------
2025-12-21 20:55:35,756 - [INFO] - epoch: 17, loss_rrl: 113.08121367916465
2025-12-21 20:55:36,594 - [DEBUG] - y_true: (1447,) [0 0 0 0 0 1 0 0 0 0 0 0 0 0 0 0 0 1 0 0 0 0 0 0 1 0 0 0 0 0 0 0 0 0 0 0 0
 0 1 1 0]
2025-12-21 20:55:36,750 - [DEBUG] - y_rrl_: (1447,) [0 0 0 0 0 1 0 0 0 0 0 0 0 0 0 0 0 0 0 0 0 0 0 0 1 1 0 0 0 0 0 0 0 0 0 0 0
 0 0 0 0]
2025-12-21 20:55:36,751 - [DEBUG] - y_rrl: (1447, 2) [[ 2.6741972  -1.9655889 ]
 [ 1.0577288  -0.28963327]
 [ 2.3751261  -1.6288998 ]
 [ 2.3751261  -1.6288998 ]
 [ 2.6741972  -1.9655889 ]
 [ 0.11940061  0.6552228 ]
 [ 2.6741972  -1.9655889 ]
 [ 2.3751261  -1.6288998 ]
 [ 2.8764174  -2.1052735 ]
 [ 1.1338806  -0.36504194]
 [ 0.660241    0.17273405]
 [ 1.9014863  -1.0911239 ]
 [ 2.2286632  -1.5361744 ]
 [ 2.5788908  -1.9125147 ]
 [ 2.6741972  -1.9655889 ]
 [ 2.6741972  -1.9655889 ]
 [ 2.4704325  -1.681974  ]
 [ 0.5649346   0.22580832]
 [ 1.7666305  -1.0319338 ]
 [ 1.80618    -1.0380497 ]
 [ 2.5788908  -1.9125147 ]
 [ 2.6741972  -1.9655889 ]
 [ 2.6741972  -1.9655889 ]
 [ 2.5788908  -1.9125147 ]
 [-0.08843467  0.88223016]
 [ 0.21470693  0.60214853]
 [ 1.7751268  -0.9928652 ]
 [ 2.5788908  -1.9125147 ]
 [ 2.3074708  -1.5144225 ]
 [ 2.4704325  -1.681974  ]
 [ 2.5788908  -1.9125147 ]
 [ 2.2121644  -1.4613483 ]
 [ 0.660241    0.17273405]
 [ 0.5649346   0.22580832]
 [ 2.6741972  -1.9655889 ]
 [ 2.781111   -2.0521991 ]
 [ 2.6741972  -1.9655889 ]
 [ 2.5788908  -1.9125147 ]
 [ 0.5649346   0.22580832]
 [ 1.2251163  -0.47472325]
 [ 2.3751261  -1.6288998 ]]
2025-12-21 20:55:36,753 - [INFO] - ------------------------------------------------------------
2025-12-21 20:55:36,753 - [INFO] - On Validation Set:
	Accuracy of RRL  Model: 0.899101589495508
	F1 Score of RRL  Model: 0.6871712708491281
2025-12-21 20:55:36,759 - [INFO] - On Validation Set:
Performance of  RRL Model: 
[[1246   40]
 [ 106   55]]
              precision    recall  f1-score   support

           0       0.92      0.97      0.94      1286
           1       0.58      0.34      0.43       161

    accuracy                           0.90      1447
   macro avg       0.75      0.66      0.69      1447
weighted avg       0.88      0.90      0.89      1447

2025-12-21 20:55:36,759 - [INFO] - ------------------------------------------------------------
2025-12-21 20:55:37,289 - [INFO] - epoch: 18, loss_rrl: 112.20153875462711
2025-12-21 20:55:38,345 - [DEBUG] - y_true: (1447,) [0 0 0 0 0 1 0 0 0 0 0 0 0 0 0 0 0 1 0 0 0 0 0 0 1 0 0 0 0 0 0 0 0 0 0 0 0
 0 1 1 0]
2025-12-21 20:55:38,501 - [DEBUG] - y_rrl_: (1447,) [0 1 0 0 0 1 0 0 0 0 0 0 0 0 0 0 0 1 0 0 0 0 0 0 1 0 0 0 0 0 0 0 0 1 0 0 0
 0 1 0 0]
2025-12-21 20:55:38,502 - [DEBUG] - y_rrl: (1447, 2) [[ 2.5781558  -1.8733418 ]
 [-0.07127777  0.8416225 ]
 [ 2.2262108  -1.484008  ]
 [ 2.341675   -1.534413  ]
 [ 2.5781558  -1.8733418 ]
 [ 0.38406238  0.40226018]
 [ 2.5781558  -1.8733418 ]
 [ 2.2262108  -1.484008  ]
 [ 2.8962905  -2.0642433 ]
 [ 1.0772173  -0.24757817]
 [ 0.5284714   0.29985088]
 [ 1.9083921  -1.0373889 ]
 [ 2.2031353  -1.4144047 ]
 [ 2.4337468  -1.7709324 ]
 [ 2.5781558  -1.8733418 ]
 [ 2.2031353  -1.4144047 ]
 [ 2.3706198  -1.5864173 ]
 [ 0.38406238  0.40226018]
 [ 1.6033856  -0.87263346]
 [ 1.6204567  -0.88605195]
 [ 2.549211   -1.8213373 ]
 [ 2.5781558  -1.8733418 ]
 [ 2.5781558  -1.8733418 ]
 [ 2.4337468  -1.7709324 ]
 [-0.27813745  1.0675395 ]
 [ 0.5284714   0.29985088]
 [ 1.9083921  -1.0373889 ]
 [ 2.549211   -1.8213373 ]
 [ 1.7648658  -0.98846126]
 [ 2.3706198  -1.5864173 ]
 [ 2.549211   -1.8213373 ]
 [ 1.763983   -0.9349796 ]
 [ 0.5284714   0.29985088]
 [ 0.38406238  0.40226018]
 [ 2.5781558  -1.8733418 ]
 [ 2.341675   -1.534413  ]
 [ 2.5781558  -1.8733418 ]
 [ 2.4337468  -1.7709324 ]
 [ 0.38406238  0.40226018]
 [ 0.73181856  0.09834696]
 [ 2.2262108  -1.484008  ]]
2025-12-21 20:55:38,504 - [INFO] - ------------------------------------------------------------
2025-12-21 20:55:38,504 - [INFO] - On Validation Set:
	Accuracy of RRL  Model: 0.9032480995162405
	F1 Score of RRL  Model: 0.7102058799967956
2025-12-21 20:55:38,510 - [INFO] - On Validation Set:
Performance of  RRL Model: 
[[1244   42]
 [  98   63]]
              precision    recall  f1-score   support

           0       0.93      0.97      0.95      1286
           1       0.60      0.39      0.47       161

    accuracy                           0.90      1447
   macro avg       0.76      0.68      0.71      1447
weighted avg       0.89      0.90      0.89      1447

2025-12-21 20:55:38,510 - [INFO] - ------------------------------------------------------------
2025-12-21 20:55:38,822 - [INFO] - epoch: 19, loss_rrl: 111.46270994283259
2025-12-21 20:55:40,092 - [DEBUG] - y_true: (1447,) [0 0 0 0 0 1 0 0 0 0 0 0 0 0 0 0 0 1 0 0 0 0 0 0 1 0 0 0 0 0 0 0 0 0 0 0 0
 0 1 1 0]
2025-12-21 20:55:40,250 - [DEBUG] - y_rrl_: (1447,) [0 0 0 0 0 0 0 0 0 0 0 0 0 0 0 0 0 0 0 0 0 0 0 0 1 0 0 0 0 0 0 0 0 0 0 0 0
 0 0 0 0]
2025-12-21 20:55:40,251 - [DEBUG] - y_rrl: (1447, 2) [[ 2.7748246  -2.07389   ]
 [ 1.1542622  -0.3530579 ]
 [ 1.8276628  -1.0150911 ]
 [ 1.9293162  -1.0520376 ]
 [ 2.0291686  -1.2955177 ]
 [ 1.0140592  -0.16096966]
 [ 2.7748246  -2.07389   ]
 [ 2.573319   -1.7934636 ]
 [ 3.0880008  -2.2605493 ]
 [ 1.7141     -0.81788135]
 [ 1.0140592  -0.16096966]
 [ 2.076585   -1.2104445 ]
 [ 2.38796    -1.6036382 ]
 [ 1.6423038  -0.825266  ]
 [ 2.38796    -1.6036382 ]
 [ 2.38796    -1.6036382 ]
 [ 1.6124467  -0.7809348 ]
 [ 1.0140592  -0.16096966]
 [ 1.684702   -0.89727366]
 [ 2.076585   -1.2104445 ]
 [ 2.8764782  -2.110836  ]
 [ 2.38796    -1.6036382 ]
 [ 2.7748246  -2.07389   ]
 [ 1.6423038  -0.825266  ]
 [ 0.24993107  0.5449059 ]
 [ 1.0140592  -0.16096966]
 [ 1.9772114  -1.1387594 ]
 [ 2.4896135  -1.6405845 ]
 [ 2.4896135  -1.6405845 ]
 [ 2.573319   -1.7934636 ]
 [ 2.8764782  -2.110836  ]
 [ 2.076585   -1.2104445 ]
 [ 1.0140592  -0.16096966]
 [ 1.0140592  -0.16096966]
 [ 2.7748246  -2.07389   ]
 [ 3.0880008  -2.2605493 ]
 [ 2.7748246  -2.07389   ]
 [ 2.38796    -1.6036382 ]
 [ 1.0140592  -0.16096966]
 [ 0.66295964  0.11476582]
 [ 2.573319   -1.7934636 ]]
2025-12-21 20:55:40,253 - [INFO] - ------------------------------------------------------------
2025-12-21 20:55:40,253 - [INFO] - On Validation Set:
	Accuracy of RRL  Model: 0.9053213545266068
	F1 Score of RRL  Model: 0.6558261065826367
2025-12-21 20:55:40,259 - [INFO] - On Validation Set:
Performance of  RRL Model: 
[[1271   15]
 [ 122   39]]
              precision    recall  f1-score   support

           0       0.91      0.99      0.95      1286
           1       0.72      0.24      0.36       161

    accuracy                           0.91      1447
   macro avg       0.82      0.62      0.66      1447
weighted avg       0.89      0.91      0.88      1447

2025-12-21 20:55:40,259 - [INFO] - ------------------------------------------------------------
2025-12-21 20:55:40,352 - [INFO] - epoch: 20, loss_rrl: 111.30619109608233
2025-12-21 20:55:41,698 - [INFO] - epoch: 21, loss_rrl: 112.15526236966252
2025-12-21 20:55:41,841 - [DEBUG] - y_true: (1447,) [0 0 0 0 0 1 0 0 0 0 0 0 0 0 0 0 0 1 0 0 0 0 0 0 1 0 0 0 0 0 0 0 0 0 0 0 0
 0 1 1 0]
2025-12-21 20:55:41,997 - [DEBUG] - y_rrl_: (1447,) [0 1 0 0 0 1 0 0 0 0 0 0 0 0 0 0 0 1 0 0 0 0 0 0 1 0 0 0 0 0 0 0 0 1 0 0 0
 0 0 0 0]
2025-12-21 20:55:41,998 - [DEBUG] - y_rrl: (1447, 2) [[ 2.6734269  -1.9764242 ]
 [-0.0796941   0.8412746 ]
 [ 2.3445318  -1.610572  ]
 [ 2.3445318  -1.610572  ]
 [ 2.6734269  -1.9764242 ]
 [ 0.25591055  0.54017574]
 [ 2.6734269  -1.9764242 ]
 [ 2.3445318  -1.610572  ]
 [ 2.9130929  -2.1546469 ]
 [ 0.8930325  -0.11835714]
 [ 0.42591587  0.41166452]
 [ 1.8774154  -1.0805504 ]
 [ 2.2759712  -1.4961139 ]
 [ 2.5034215  -1.847913  ]
 [ 2.6734269  -1.9764242 ]
 [ 2.2759712  -1.4961139 ]
 [ 2.3187819  -1.5245085 ]
 [ 0.25591055  0.54017574]
 [ 1.3788505  -0.6373545 ]
 [ 1.5870888  -0.9250455 ]
 [ 2.5034215  -1.847913  ]
 [ 2.6734269  -1.9764242 ]
 [ 2.6734269  -1.9764242 ]
 [ 2.5034215  -1.847913  ]
 [-0.2754495   1.0558493 ]
 [ 0.42591587  0.41166452]
 [ 1.3596382  -0.573247  ]
 [ 2.5034215  -1.847913  ]
 [ 1.7570941  -1.0535567 ]
 [ 2.514537   -1.7390832 ]
 [ 2.5034215  -1.847913  ]
 [ 2.1059659  -1.3676027 ]
 [ 0.42591587  0.41166452]
 [ 0.25591055  0.54017574]
 [ 2.6734269  -1.9764242 ]
 [ 2.3445318  -1.610572  ]
 [ 2.6734269  -1.9764242 ]
 [ 2.5034215  -1.847913  ]
 [ 0.65336645  0.05986565]
 [ 0.6544665   0.12461225]
 [ 2.3445318  -1.610572  ]]
2025-12-21 20:55:42,000 - [INFO] - ------------------------------------------------------------
2025-12-21 20:55:42,000 - [INFO] - On Validation Set:
	Accuracy of RRL  Model: 0.8928818244644091
	F1 Score of RRL  Model: 0.703903637489389
2025-12-21 20:55:42,006 - [INFO] - On Validation Set:
Performance of  RRL Model: 
[[1224   62]
 [  93   68]]
              precision    recall  f1-score   support

           0       0.93      0.95      0.94      1286
           1       0.52      0.42      0.47       161

    accuracy                           0.89      1447
   macro avg       0.73      0.69      0.70      1447
weighted avg       0.88      0.89      0.89      1447

2025-12-21 20:55:42,006 - [INFO] - ------------------------------------------------------------
2025-12-21 20:55:43,225 - [INFO] - epoch: 22, loss_rrl: 112.22718084976077
2025-12-21 20:55:43,593 - [DEBUG] - y_true: (1447,) [0 0 0 0 0 1 0 0 0 0 0 0 0 0 0 0 0 1 0 0 0 0 0 0 1 0 0 0 0 0 0 0 0 0 0 0 0
 0 1 1 0]
2025-12-21 20:55:43,753 - [DEBUG] - y_rrl_: (1447,) [0 0 0 0 0 1 0 0 0 0 0 0 0 0 0 0 0 0 0 0 0 0 0 0 1 1 0 0 0 0 0 0 0 0 0 0 0
 0 0 0 0]
2025-12-21 20:55:43,754 - [DEBUG] - y_rrl: (1447, 2) [[ 3.2748866  -2.520829  ]
 [ 1.0792197  -0.32865617]
 [ 2.5719738  -1.7665659 ]
 [ 2.6313004  -1.9015641 ]
 [ 3.2155604  -2.3858306 ]
 [ 0.087794    0.7449754 ]
 [ 3.2748866  -2.520829  ]
 [ 2.7569296  -1.9641377 ]
 [ 3.400516   -2.5834024 ]
 [ 1.4645541  -0.6501039 ]
 [ 1.0514604  -0.17454611]
 [ 2.2845097  -1.3535815 ]
 [ 2.3068104  -1.4103032 ]
 [ 2.5584822  -1.687659  ]
 [ 2.881328   -2.0449545 ]
 [ 2.881328   -2.0449545 ]
 [ 3.020449   -2.1864347 ]
 [ 0.78794116  0.04775083]
 [ 1.8195634  -1.1010244 ]
 [ 1.9546871  -1.2037094 ]
 [ 3.0113673  -2.298532  ]
 [ 2.8220015  -1.909956  ]
 [ 3.2155604  -2.3858306 ]
 [ 3.0113673  -2.298532  ]
 [ 0.40011585  0.46688774]
 [ 0.35131332  0.52267843]
 [ 2.0462422  -1.2813085 ]
 [ 2.6178088  -1.8226575 ]
 [ 2.5389476  -1.6879758 ]
 [ 2.8948197  -2.123861  ]
 [ 3.1369967  -2.3611054 ]
 [ 2.2754283  -1.4656788 ]
 [ 0.92583114 -0.11197257]
 [ 0.60298544  0.24532266]
 [ 3.2155604  -2.3858306 ]
 [ 3.1369967  -2.3611054 ]
 [ 3.2155604  -2.3858306 ]
 [ 2.6178088  -1.8226575 ]
 [ 1.1815001  -0.42812344]
 [ 1.2481931  -0.3496323 ]
 [ 2.7569296  -1.9641377 ]]
2025-12-21 20:55:43,756 - [INFO] - ------------------------------------------------------------
2025-12-21 20:55:43,756 - [INFO] - On Validation Set:
	Accuracy of RRL  Model: 0.902557014512785
	F1 Score of RRL  Model: 0.6656857042201594
2025-12-21 20:55:43,762 - [INFO] - On Validation Set:
Performance of  RRL Model: 
[[1262   24]
 [ 117   44]]
              precision    recall  f1-score   support

           0       0.92      0.98      0.95      1286
           1       0.65      0.27      0.38       161

    accuracy                           0.90      1447
   macro avg       0.78      0.63      0.67      1447
weighted avg       0.89      0.90      0.88      1447

2025-12-21 20:55:43,762 - [INFO] - ------------------------------------------------------------
2025-12-21 20:55:44,771 - [INFO] - epoch: 23, loss_rrl: 110.71929529495537
2025-12-21 20:55:45,355 - [DEBUG] - y_true: (1447,) [0 0 0 0 0 1 0 0 0 0 0 0 0 0 0 0 0 1 0 0 0 0 0 0 1 0 0 0 0 0 0 0 0 0 0 0 0
 0 1 1 0]
2025-12-21 20:55:45,512 - [DEBUG] - y_rrl_: (1447,) [0 1 0 0 0 0 0 0 0 0 0 0 0 0 0 0 0 0 0 0 0 0 0 0 1 0 0 0 0 0 0 0 0 0 0 0 0
 0 0 0 0]
2025-12-21 20:55:45,513 - [DEBUG] - y_rrl: (1447, 2) [[ 3.1806648  -2.4310837 ]
 [ 0.26401934  0.529452  ]
 [ 2.479561   -1.7541271 ]
 [ 2.8669636  -2.1583192 ]
 [ 3.1806648  -2.4310837 ]
 [ 1.096831   -0.22727126]
 [ 3.1806648  -2.4310837 ]
 [ 2.7932622  -2.0268917 ]
 [ 3.1806648  -2.4310837 ]
 [ 1.8702558  -1.0992522 ]
 [ 1.096831   -0.22727126]
 [ 2.477596   -1.7069461 ]
 [ 2.7946427  -1.9632955 ]
 [ 2.7946427  -1.9632955 ]
 [ 2.7946427  -1.9632955 ]
 [ 2.7946427  -1.9632955 ]
 [ 2.7932622  -2.0268917 ]
 [ 1.096831   -0.22727126]
 [ 1.9618307  -1.2065719 ]
 [ 1.9148842  -1.1544907 ]
 [ 3.1806648  -2.4310837 ]
 [ 2.7946427  -1.9632955 ]
 [ 3.1806648  -2.4310837 ]
 [ 3.1806648  -2.4310837 ]
 [ 0.26736492  0.5458672 ]
 [ 1.096831   -0.22727126]
 [ 1.9148842  -1.1544907 ]
 [ 2.7946427  -1.9632955 ]
 [ 1.9148842  -1.1544907 ]
 [ 2.7932622  -2.0268917 ]
 [ 3.1806648  -2.4310837 ]
 [ 2.477596   -1.7069461 ]
 [ 1.096831   -0.22727126]
 [ 1.096831   -0.22727126]
 [ 3.1806648  -2.4310837 ]
 [ 3.1806648  -2.4310837 ]
 [ 3.1806648  -2.4310837 ]
 [ 2.7946427  -1.9632955 ]
 [ 1.4828528  -0.69506   ]
 [ 1.1705327  -0.35869908]
 [ 2.7932622  -2.0268917 ]]
2025-12-21 20:55:45,515 - [INFO] - ------------------------------------------------------------
2025-12-21 20:55:45,515 - [INFO] - On Validation Set:
	Accuracy of RRL  Model: 0.8956461644782309
	F1 Score of RRL  Model: 0.584847189367382
2025-12-21 20:55:45,521 - [INFO] - On Validation Set:
Performance of  RRL Model: 
[[1274   12]
 [ 139   22]]
              precision    recall  f1-score   support

           0       0.90      0.99      0.94      1286
           1       0.65      0.14      0.23       161

    accuracy                           0.90      1447
   macro avg       0.77      0.56      0.58      1447
weighted avg       0.87      0.90      0.86      1447

2025-12-21 20:55:45,521 - [INFO] - ------------------------------------------------------------
2025-12-21 20:55:46,482 - [INFO] - epoch: 24, loss_rrl: 112.20688526518643
2025-12-21 20:55:47,441 - [DEBUG] - y_true: (1447,) [0 0 0 0 0 1 0 0 0 0 0 0 0 0 0 0 0 1 0 0 0 0 0 0 1 0 0 0 0 0 0 0 0 0 0 0 0
 0 1 1 0]
2025-12-21 20:55:47,598 - [DEBUG] - y_rrl_: (1447,) [0 1 0 0 0 1 0 0 0 0 0 0 0 0 0 0 0 1 0 0 0 0 0 0 1 1 0 0 0 0 0 0 0 1 0 0 0
 0 1 0 0]
2025-12-21 20:55:47,598 - [DEBUG] - y_rrl: (1447, 2) [[ 3.089527   -2.3444664 ]
 [ 0.1382281   0.59303313]
 [ 2.3405519  -1.619462  ]
 [ 2.3405519  -1.619462  ]
 [ 3.089527   -2.3444664 ]
 [-0.2561518   1.0040895 ]
 [ 3.089527   -2.3444664 ]
 [ 2.3405519  -1.619462  ]
 [ 3.089527   -2.3444664 ]
 [ 0.95611113 -0.21383123]
 [ 0.60528815  0.19853835]
 [ 1.9897286  -1.2070923 ]
 [ 2.1907666  -1.3797383 ]
 [ 2.343017   -1.5573924 ]
 [ 1.9118416  -1.0542334 ]
 [ 2.697612   -1.8713409 ]
 [ 2.6951468  -1.9334105 ]
 [ 0.25069326  0.5124869 ]
 [ 1.5226684  -0.8125977 ]
 [ 1.0364631  -0.30462056]
 [ 2.734932   -2.0305178 ]
 [ 2.697612   -1.8713409 ]
 [ 3.089527   -2.3444664 ]
 [ 2.343017   -1.5573924 ]
 [-0.2561518   1.0040895 ]
 [ 0.09844305  0.6901409 ]
 [ 1.7854378  -1.0296253 ]
 [ 2.343017   -1.5573924 ]
 [ 1.7854378  -1.0296253 ]
 [ 2.6951468  -1.9334105 ]
 [ 2.734932   -2.0305178 ]
 [ 2.0295138  -1.3042002 ]
 [ 0.60528815  0.19853835]
 [ 0.25069326  0.5124869 ]
 [ 3.089527   -2.3444664 ]
 [ 2.734932   -2.0305178 ]
 [ 3.089527   -2.3444664 ]
 [ 2.343017   -1.5573924 ]
 [ 0.25069326  0.5124869 ]
 [ 0.9585764  -0.15176152]
 [ 2.3405519  -1.619462  ]]
2025-12-21 20:55:47,601 - [INFO] - ------------------------------------------------------------
2025-12-21 20:55:47,601 - [INFO] - On Validation Set:
	Accuracy of RRL  Model: 0.8997926744989634
	F1 Score of RRL  Model: 0.7373257466213468
2025-12-21 20:55:47,607 - [INFO] - On Validation Set:
Performance of  RRL Model: 
[[1220   66]
 [  79   82]]
              precision    recall  f1-score   support

           0       0.94      0.95      0.94      1286
           1       0.55      0.51      0.53       161

    accuracy                           0.90      1447
   macro avg       0.75      0.73      0.74      1447
weighted avg       0.90      0.90      0.90      1447

2025-12-21 20:55:47,607 - [INFO] - ------------------------------------------------------------
2025-12-21 20:55:48,322 - [INFO] - epoch: 25, loss_rrl: 110.64428782090545
2025-12-21 20:55:49,542 - [DEBUG] - y_true: (1447,) [0 0 0 0 0 1 0 0 0 0 0 0 0 0 0 0 0 1 0 0 0 0 0 0 1 0 0 0 0 0 0 0 0 0 0 0 0
 0 1 1 0]
2025-12-21 20:55:49,694 - [DEBUG] - y_rrl_: (1447,) [0 0 0 0 0 0 0 0 0 0 0 0 0 0 0 0 0 0 0 0 0 0 0 0 1 0 0 0 0 0 0 0 0 0 0 0 0
 0 0 0 0]
2025-12-21 20:55:49,695 - [DEBUG] - y_rrl: (1447, 2) [[ 3.1857069  -2.4452102 ]
 [ 0.5605763   0.2065126 ]
 [ 2.4352014  -1.7184966 ]
 [ 2.4352014  -1.7184966 ]
 [ 3.1857069  -2.4452102 ]
 [ 0.6677406   0.1310021 ]
 [ 3.1857069  -2.4452102 ]
 [ 2.789913   -2.0328557 ]
 [ 3.1857069  -2.4452102 ]
 [ 1.3985965  -0.62058276]
 [ 0.6677406   0.1310021 ]
 [ 2.4301918  -1.7330546 ]
 [ 3.1857069  -2.4452102 ]
 [ 3.1857069  -2.4452102 ]
 [ 3.1857069  -2.4452102 ]
 [ 2.814572   -1.9934266 ]
 [ 2.789913   -2.0328557 ]
 [ 0.6677406   0.1310021 ]
 [ 1.9518926  -1.2057602 ]
 [ 2.4301918  -1.7330546 ]
 [ 3.1857069  -2.4452102 ]
 [ 3.1857069  -2.4452102 ]
 [ 3.1857069  -2.4452102 ]
 [ 3.1857069  -2.4452102 ]
 [-0.18992904  0.9332269 ]
 [ 0.6677406   0.1310021 ]
 [ 2.454851   -1.6936257 ]
 [ 3.1857069  -2.4452102 ]
 [ 2.8259857  -2.1454098 ]
 [ 2.789913   -2.0328557 ]
 [ 3.1857069  -2.4452102 ]
 [ 2.454851   -1.6936257 ]
 [ 0.6677406   0.1310021 ]
 [ 0.6677406   0.1310021 ]
 [ 3.1857069  -2.4452102 ]
 [ 3.1857069  -2.4452102 ]
 [ 3.1857069  -2.4452102 ]
 [ 3.1857069  -2.4452102 ]
 [ 0.6677406   0.1310021 ]
 [ 1.0685441  -0.26679468]
 [ 2.789913   -2.0328557 ]]
2025-12-21 20:55:49,697 - [INFO] - ------------------------------------------------------------
2025-12-21 20:55:49,697 - [INFO] - On Validation Set:
	Accuracy of RRL  Model: 0.9060124395300622
	F1 Score of RRL  Model: 0.6709604066345639
2025-12-21 20:55:49,703 - [INFO] - On Validation Set:
Performance of  RRL Model: 
[[1267   19]
 [ 117   44]]
              precision    recall  f1-score   support

           0       0.92      0.99      0.95      1286
           1       0.70      0.27      0.39       161

    accuracy                           0.91      1447
   macro avg       0.81      0.63      0.67      1447
weighted avg       0.89      0.91      0.89      1447

2025-12-21 20:55:49,703 - [INFO] - ------------------------------------------------------------
2025-12-21 20:55:50,121 - [INFO] - epoch: 26, loss_rrl: 112.23220866918564
2025-12-21 20:55:51,513 - [DEBUG] - y_true: (1447,) [0 0 0 0 0 1 0 0 0 0 0 0 0 0 0 0 0 1 0 0 0 0 0 0 1 0 0 0 0 0 0 0 0 0 0 0 0
 0 1 1 0]
2025-12-21 20:55:51,668 - [DEBUG] - y_rrl_: (1447,) [0 1 0 0 0 0 0 0 0 0 0 0 0 0 0 0 0 0 0 0 0 0 0 0 1 0 0 0 0 0 0 0 0 0 0 0 0
 0 0 0 0]
2025-12-21 20:55:51,668 - [DEBUG] - y_rrl: (1447, 2) [[ 3.1555703  -2.4196994 ]
 [ 0.07216004  0.7064869 ]
 [ 2.387929   -1.6756659 ]
 [ 2.387929   -1.6756659 ]
 [ 3.1555703  -2.4196994 ]
 [ 0.4868962   0.3249055 ]
 [ 3.1555703  -2.4196994 ]
 [ 2.757724   -2.005408  ]
 [ 3.1555703  -2.4196994 ]
 [ 1.257516   -0.4662601 ]
 [ 0.4868962   0.3249055 ]
 [ 1.9871043  -1.2142425 ]
 [ 2.8100145  -1.9940689 ]
 [ 3.1555703  -2.4196994 ]
 [ 1.8204151  -1.0688251 ]
 [ 2.8100145  -1.9940689 ]
 [ 2.643545   -1.8730149 ]
 [ 0.4868962   0.3249055 ]
 [ 1.7418562  -0.98216635]
 [ 1.8037452  -1.1258987 ]
 [ 2.6266549  -1.9057245 ]
 [ 3.1555703  -2.4196994 ]
 [ 2.6266549  -1.9057245 ]
 [ 2.6266549  -1.9057245 ]
 [ 0.11710101  0.65464765]
 [ 0.4868962   0.3249055 ]
 [ 2.3849509  -1.6285342 ]
 [ 2.6266549  -1.9057245 ]
 [ 2.3326604  -1.6398735 ]
 [ 2.757724   -2.005408  ]
 [ 3.1555703  -2.4196994 ]
 [ 1.4581889  -0.70026785]
 [ 0.4868962   0.3249055 ]
 [ 0.4868962   0.3249055 ]
 [ 3.1555703  -2.4196994 ]
 [ 2.757724   -2.005408  ]
 [ 3.1555703  -2.4196994 ]
 [ 2.6266549  -1.9057245 ]
 [ 0.8324524  -0.10072552]
 [ 1.0541902  -0.2575716 ]
 [ 2.757724   -2.005408  ]]
2025-12-21 20:55:51,670 - [INFO] - ------------------------------------------------------------
2025-12-21 20:55:51,671 - [INFO] - On Validation Set:
	Accuracy of RRL  Model: 0.8921907394609537
	F1 Score of RRL  Model: 0.6792522535835672
2025-12-21 20:55:51,676 - [INFO] - On Validation Set:
Performance of  RRL Model: 
[[1235   51]
 [ 105   56]]
              precision    recall  f1-score   support

           0       0.92      0.96      0.94      1286
           1       0.52      0.35      0.42       161

    accuracy                           0.89      1447
   macro avg       0.72      0.65      0.68      1447
weighted avg       0.88      0.89      0.88      1447

2025-12-21 20:55:51,677 - [INFO] - ------------------------------------------------------------
2025-12-21 20:55:51,805 - [INFO] - epoch: 27, loss_rrl: 111.83051971718669
2025-12-21 20:55:53,201 - [INFO] - epoch: 28, loss_rrl: 112.74865594133735
2025-12-21 20:55:53,317 - [DEBUG] - y_true: (1447,) [0 0 0 0 0 1 0 0 0 0 0 0 0 0 0 0 0 1 0 0 0 0 0 0 1 0 0 0 0 0 0 0 0 0 0 0 0
 0 1 1 0]
2025-12-21 20:55:53,472 - [DEBUG] - y_rrl_: (1447,) [0 0 0 0 0 0 0 0 0 0 0 0 0 0 0 0 0 0 0 0 0 0 0 0 1 0 0 0 0 0 0 0 0 0 0 0 0
 0 0 0 0]
2025-12-21 20:55:53,473 - [DEBUG] - y_rrl: (1447, 2) [[ 3.1956577  -2.4644876 ]
 [ 0.48669192  0.2705312 ]
 [ 2.4034483  -1.6957014 ]
 [ 2.7997608  -2.1083407 ]
 [ 3.1956577  -2.4644876 ]
 [ 0.62297964  0.16535732]
 [ 3.1956577  -2.4644876 ]
 [ 2.7993453  -2.0518484 ]
 [ 3.1956577  -2.4644876 ]
 [ 1.8041053  -1.0524433 ]
 [ 1.0753918  -0.22792207]
 [ 3.1956577  -2.4644876 ]
 [ 3.1956577  -2.4644876 ]
 [ 3.1956577  -2.4644876 ]
 [ 3.1956577  -2.4644876 ]
 [ 2.8632572  -2.0526052 ]
 [ 2.7993453  -2.0518484 ]
 [ 1.0753918  -0.22792207]
 [ 1.8782444  -1.1415126 ]
 [ 2.1632493  -1.501039  ]
 [ 3.1956577  -2.4644876 ]
 [ 3.1956577  -2.4644876 ]
 [ 3.1956577  -2.4644876 ]
 [ 3.1956577  -2.4644876 ]
 [ 0.22708279  0.52150416]
 [ 0.62297964  0.16535732]
 [ 2.28326    -1.4824362 ]
 [ 3.1956577  -2.4644876 ]
 [ 2.6156611  -1.8943183 ]
 [ 2.7993453  -2.0518484 ]
 [ 3.1956577  -2.4644876 ]
 [ 2.4108453  -1.6593256 ]
 [ 1.0753918  -0.22792207]
 [ 1.0753918  -0.22792207]
 [ 3.1956577  -2.4644876 ]
 [ 3.1956577  -2.4644876 ]
 [ 3.1956577  -2.4644876 ]
 [ 3.1956577  -2.4644876 ]
 [ 1.4077926  -0.6398043 ]
 [ 1.0758075  -0.2844143 ]
 [ 2.7993453  -2.0518484 ]]
2025-12-21 20:55:53,475 - [INFO] - ------------------------------------------------------------
2025-12-21 20:55:53,475 - [INFO] - On Validation Set:
	Accuracy of RRL  Model: 0.8977194194885971
	F1 Score of RRL  Model: 0.587196212681964
2025-12-21 20:55:53,481 - [INFO] - On Validation Set:
Performance of  RRL Model: 
[[1277    9]
 [ 139   22]]
              precision    recall  f1-score   support

           0       0.90      0.99      0.95      1286
           1       0.71      0.14      0.23       161

    accuracy                           0.90      1447
   macro avg       0.81      0.56      0.59      1447
weighted avg       0.88      0.90      0.87      1447

2025-12-21 20:55:53,481 - [INFO] - ------------------------------------------------------------
2025-12-21 20:55:54,779 - [INFO] - epoch: 29, loss_rrl: 112.68110670149326
2025-12-21 20:55:55,128 - [DEBUG] - y_true: (1447,) [0 0 0 0 0 1 0 0 0 0 0 0 0 0 0 0 0 1 0 0 0 0 0 0 1 0 0 0 0 0 0 0 0 0 0 0 0
 0 1 1 0]
2025-12-21 20:55:55,281 - [DEBUG] - y_rrl_: (1447,) [0 0 0 0 0 1 0 0 0 0 0 0 0 0 0 0 0 1 0 0 0 0 0 0 1 1 0 0 0 0 0 0 0 1 0 0 0
 0 1 0 0]
2025-12-21 20:55:55,282 - [DEBUG] - y_rrl: (1447, 2) [[ 3.1700926  -2.4436417 ]
 [ 0.62311584  0.09937275]
 [ 2.2632802  -1.6213446 ]
 [ 2.3799498  -1.676737  ]
 [ 3.053423   -2.388249  ]
 [-0.49378902  1.1614885 ]
 [ 3.1700926  -2.4436417 ]
 [ 2.3799498  -1.676737  ]
 [ 3.1700926  -2.4436417 ]
 [ 0.9536554  -0.23018576]
 [ 0.5460765   0.236982  ]
 [ 1.8557009  -1.1541768 ]
 [ 2.1820383  -1.4526237 ]
 [ 2.6578178  -2.03209   ]
 [ 3.1700926  -2.4436417 ]
 [ 2.8262987  -2.0209713 ]
 [ 2.775555   -2.0328958 ]
 [ 0.15047145  0.59314084]
 [ 1.4437124  -0.7512008 ]
 [ 1.9205593  -1.2760806 ]
 [ 2.7744875  -2.0874827 ]
 [ 3.053423   -2.388249  ]
 [ 3.053423   -2.388249  ]
 [ 2.7744875  -2.0874827 ]
 [ 0.03380185  0.64853334]
 [-0.09818403  0.8053297 ]
 [ 0.94061416 -0.17376335]
 [ 2.7744875  -2.0874827 ]
 [ 2.5940328  -1.9875923 ]
 [ 2.775555   -2.0328958 ]
 [ 2.7744875  -2.0874827 ]
 [ 1.8546337  -1.2087636 ]
 [ 0.5460765   0.236982  ]
 [ 0.03380185  0.64853334]
 [ 3.053423   -2.388249  ]
 [ 2.7744875  -2.0874827 ]
 [ 3.053423   -2.388249  ]
 [ 2.7744875  -2.0874827 ]
 [ 0.15047145  0.59314084]
 [ 1.0043995  -0.21826108]
 [ 2.3799498  -1.676737  ]]
2025-12-21 20:55:55,284 - [INFO] - ------------------------------------------------------------
2025-12-21 20:55:55,284 - [INFO] - On Validation Set:
	Accuracy of RRL  Model: 0.8963372494816862
	F1 Score of RRL  Model: 0.7177532613444854
2025-12-21 20:55:55,290 - [INFO] - On Validation Set:
Performance of  RRL Model: 
[[1224   62]
 [  88   73]]
              precision    recall  f1-score   support

           0       0.93      0.95      0.94      1286
           1       0.54      0.45      0.49       161

    accuracy                           0.90      1447
   macro avg       0.74      0.70      0.72      1447
weighted avg       0.89      0.90      0.89      1447

2025-12-21 20:55:55,290 - [INFO] - ------------------------------------------------------------
2025-12-21 20:55:56,356 - [INFO] - epoch: 30, loss_rrl: 112.10025018453598
2025-12-21 20:55:56,926 - [DEBUG] - y_true: (1447,) [0 0 0 0 0 1 0 0 0 0 0 0 0 0 0 0 0 1 0 0 0 0 0 0 1 0 0 0 0 0 0 0 0 0 0 0 0
 0 1 1 0]
2025-12-21 20:55:57,081 - [DEBUG] - y_rrl_: (1447,) [0 0 0 0 0 1 0 0 0 0 1 0 0 0 0 0 0 0 0 0 0 0 0 0 1 0 0 0 0 0 0 0 0 0 0 0 0
 0 0 0 0]
2025-12-21 20:55:57,081 - [DEBUG] - y_rrl: (1447, 2) [[ 3.301054   -2.5793808 ]
 [ 0.51499796  0.23214749]
 [ 2.370393   -1.7326782 ]
 [ 2.479751   -1.7811294 ]
 [ 2.792594   -2.1709673 ]
 [ 0.11509027  0.5625828 ]
 [ 3.301054   -2.5793808 ]
 [ 2.8788533  -2.1410916 ]
 [ 3.301054   -2.5793808 ]
 [ 1.4038278  -0.64604056]
 [ 0.22444832  0.5141315 ]
 [ 2.3262377  -1.7077117 ]
 [ 3.1916962  -2.5309296 ]
 [ 2.4555745  -1.7556859 ]
 [ 3.301054   -2.5793808 ]
 [ 2.9640346  -2.1640995 ]
 [ 2.479751   -1.7811294 ]
 [ 0.6235504   0.15416922]
 [ 1.9900242  -1.2629036 ]
 [ 1.4641986  -0.7161135 ]
 [ 3.301054   -2.5793808 ]
 [ 2.4555745  -1.7556859 ]
 [ 3.1916962  -2.5309296 ]
 [ 2.901952   -2.2194185 ]
 [-0.41566324  1.0788503 ]
 [ 0.5141924   0.20262052]
 [ 1.8863997  -1.1544027 ]
 [ 3.301054   -2.5793808 ]
 [ 1.7770417  -1.1059514 ]
 [ 2.8788533  -2.1410916 ]
 [ 3.301054   -2.5793808 ]
 [ 2.4114194  -1.7307197 ]
 [ 0.6235504   0.15416922]
 [ 0.5141924   0.20262052]
 [ 3.1916962  -2.5309296 ]
 [ 3.301054   -2.5793808 ]
 [ 3.1916962  -2.5309296 ]
 [ 2.5649326  -1.8041372 ]
 [ 0.96056986 -0.26111203]
 [ 1.0899075  -0.3090862 ]
 [ 2.8788533  -2.1410916 ]]
2025-12-21 20:55:57,083 - [INFO] - ------------------------------------------------------------
2025-12-21 20:55:57,084 - [INFO] - On Validation Set:
	Accuracy of RRL  Model: 0.9011748445058743
	F1 Score of RRL  Model: 0.7009609034139602
2025-12-21 20:55:57,089 - [INFO] - On Validation Set:
Performance of  RRL Model: 
[[1244   42]
 [ 101   60]]
              precision    recall  f1-score   support

           0       0.92      0.97      0.95      1286
           1       0.59      0.37      0.46       161

    accuracy                           0.90      1447
   macro avg       0.76      0.67      0.70      1447
weighted avg       0.89      0.90      0.89      1447

2025-12-21 20:55:57,089 - [INFO] - ------------------------------------------------------------
2025-12-21 20:55:58,011 - [INFO] - epoch: 31, loss_rrl: 111.80832015536726
2025-12-21 20:55:58,940 - [DEBUG] - y_true: (1447,) [0 0 0 0 0 1 0 0 0 0 0 0 0 0 0 0 0 1 0 0 0 0 0 0 1 0 0 0 0 0 0 0 0 0 0 0 0
 0 1 1 0]
2025-12-21 20:55:59,093 - [DEBUG] - y_rrl_: (1447,) [0 1 0 0 0 1 0 0 0 0 0 0 0 0 0 0 0 0 0 0 0 0 0 0 1 0 0 0 0 0 0 0 0 0 0 0 0
 0 0 0 0]
2025-12-21 20:55:59,094 - [DEBUG] - y_rrl: (1447, 2) [[ 3.3822348  -2.6653833 ]
 [ 0.14523119  0.6127701 ]
 [ 2.5590096  -1.8650258 ]
 [ 2.5590096  -1.8650258 ]
 [ 2.9834642  -2.3054473 ]
 [ 0.2673672   0.4661373 ]
 [ 3.3822348  -2.6653833 ]
 [ 2.9577801  -2.2249615 ]
 [ 3.3822348  -2.6653833 ]
 [ 1.4380358  -0.68541867]
 [ 0.6126543   0.04320924]
 [ 2.5311694  -1.8562698 ]
 [ 3.0369475  -2.2424562 ]
 [ 2.9834642  -2.3054473 ]
 [ 1.9916711  -1.2598608 ]
 [ 3.0369475  -2.2424562 ]
 [ 2.5590096  -1.8650258 ]
 [ 1.011425   -0.31672674]
 [ 2.0894299  -1.3671954 ]
 [ 1.360175   -0.70911235]
 [ 2.8613281  -2.1588147 ]
 [ 2.9834642  -2.3054473 ]
 [ 2.8613281  -2.1588147 ]
 [ 2.4625576  -1.7988789 ]
 [-0.25353947  0.9727061 ]
 [ 0.66613793  0.10620126]
 [ 2.6103365  -1.8737642 ]
 [ 2.8613281  -2.1588147 ]
 [ 1.8810817  -1.2156813 ]
 [ 2.9577801  -2.2249615 ]
 [ 3.3822348  -2.6653833 ]
 [ 2.0894299  -1.3671954 ]
 [ 0.66613793  0.10620126]
 [ 0.66613793  0.10620126]
 [ 3.3822348  -2.6653833 ]
 [ 2.9577801  -2.2249615 ]
 [ 3.3822348  -2.6653833 ]
 [ 2.4625576  -1.7988789 ]
 [ 1.011425   -0.31672674]
 [ 1.4637196  -0.7659051 ]
 [ 2.9577801  -2.2249615 ]]
2025-12-21 20:55:59,096 - [INFO] - ------------------------------------------------------------
2025-12-21 20:55:59,096 - [INFO] - On Validation Set:
	Accuracy of RRL  Model: 0.9032480995162405
	F1 Score of RRL  Model: 0.6890121091543242
2025-12-21 20:55:59,102 - [INFO] - On Validation Set:
Performance of  RRL Model: 
[[1254   32]
 [ 108   53]]
              precision    recall  f1-score   support

           0       0.92      0.98      0.95      1286
           1       0.62      0.33      0.43       161

    accuracy                           0.90      1447
   macro avg       0.77      0.65      0.69      1447
weighted avg       0.89      0.90      0.89      1447

2025-12-21 20:55:59,102 - [INFO] - ------------------------------------------------------------
2025-12-21 20:55:59,819 - [INFO] - epoch: 32, loss_rrl: 111.12870869226754
2025-12-21 20:56:01,008 - [DEBUG] - y_true: (1447,) [0 0 0 0 0 1 0 0 0 0 0 0 0 0 0 0 0 1 0 0 0 0 0 0 1 0 0 0 0 0 0 0 0 0 0 0 0
 0 1 1 0]
2025-12-21 20:56:01,161 - [DEBUG] - y_rrl_: (1447,) [0 0 0 0 0 1 0 0 0 0 1 0 0 0 0 0 0 0 0 0 0 0 0 0 1 0 0 0 0 0 0 0 0 0 0 0 0
 0 0 0 0]
2025-12-21 20:56:01,162 - [DEBUG] - y_rrl: (1447, 2) [[ 3.2399092  -2.5279129 ]
 [ 0.44562018  0.29127017]
 [ 2.4136474  -1.7243297 ]
 [ 2.4136474  -1.7243297 ]
 [ 2.8360558  -2.162586  ]
 [ 0.10481799  0.6235874 ]
 [ 3.2399092  -2.5279129 ]
 [ 2.8175008  -2.0896564 ]
 [ 3.2399092  -2.5279129 ]
 [ 1.29164    -0.54422116]
 [ 0.10481799  0.6235874 ]
 [ 2.3751478  -1.7048099 ]
 [ 3.2399092  -2.5279129 ]
 [ 2.8360558  -2.162586  ]
 [ 1.8776352  -1.1508722 ]
 [ 2.8992932  -2.1102774 ]
 [ 2.4136474  -1.7243297 ]
 [ 0.50867146  0.25826052]
 [ 1.9714807  -1.254165  ]
 [ 2.3320408  -1.6183904 ]
 [ 2.7544494  -2.0566463 ]
 [ 2.8360558  -2.162586  ]
 [ 2.7544494  -2.0566463 ]
 [ 2.350596   -1.6913198 ]
 [-0.3806417   1.0948536 ]
 [ 0.50867146  0.25826052]
 [ 1.8078942  -1.0857707 ]
 [ 2.7544494  -2.0566463 ]
 [ 2.7975566  -2.1430664 ]
 [ 2.8175008  -2.0896564 ]
 [ 3.2399092  -2.5279129 ]
 [ 1.9914249  -1.200755  ]
 [ 0.50867146  0.25826052]
 [ 0.50867146  0.25826052]
 [ 3.2399092  -2.5279129 ]
 [ 3.2399092  -2.5279129 ]
 [ 3.2399092  -2.5279129 ]
 [ 2.350596   -1.6913198 ]
 [ 0.84928745 -0.1593748 ]
 [ 0.96957904 -0.19951558]
 [ 2.8175008  -2.0896564 ]]
2025-12-21 20:56:01,164 - [INFO] - ------------------------------------------------------------
2025-12-21 20:56:01,164 - [INFO] - On Validation Set:
	Accuracy of RRL  Model: 0.8984105044920525
	F1 Score of RRL  Model: 0.6861351996210763
2025-12-21 20:56:01,170 - [INFO] - On Validation Set:
Performance of  RRL Model: 
[[1245   41]
 [ 106   55]]
              precision    recall  f1-score   support

           0       0.92      0.97      0.94      1286
           1       0.57      0.34      0.43       161

    accuracy                           0.90      1447
   macro avg       0.75      0.65      0.69      1447
weighted avg       0.88      0.90      0.89      1447

2025-12-21 20:56:01,170 - [INFO] - ------------------------------------------------------------
2025-12-21 20:56:01,617 - [INFO] - epoch: 33, loss_rrl: 112.10454343818128
2025-12-21 20:56:03,082 - [DEBUG] - y_true: (1447,) [0 0 0 0 0 1 0 0 0 0 0 0 0 0 0 0 0 1 0 0 0 0 0 0 1 0 0 0 0 0 0 0 0 0 0 0 0
 0 1 1 0]
2025-12-21 20:56:03,235 - [DEBUG] - y_rrl_: (1447,) [0 1 0 0 0 1 0 0 0 0 0 0 0 0 0 0 0 0 0 0 0 0 0 0 1 0 0 0 0 0 0 0 0 1 0 0 0
 0 0 0 0]
2025-12-21 20:56:03,236 - [DEBUG] - y_rrl: (1447, 2) [[ 3.4231772  -2.716081  ]
 [-0.24257523  0.95179117]
 [ 2.593244   -1.9086342 ]
 [ 2.593244   -1.9086342 ]
 [ 3.4231772  -2.716081  ]
 [ 0.26347893  0.45978713]
 [ 3.4231772  -2.716081  ]
 [ 2.593244   -1.9086342 ]
 [ 3.4231772  -2.716081  ]
 [ 1.0645792  -0.36061954]
 [ 1.038142   -0.3530533 ]
 [ 2.5668068  -1.9010677 ]
 [ 3.0634298  -2.279941  ]
 [ 3.008262   -2.33938   ]
 [ 2.0279462  -1.3062766 ]
 [ 3.0634298  -2.279941  ]
 [ 2.3686714  -1.6551201 ]
 [ 0.62322676  0.02364761]
 [ 1.7011077  -1.0269688 ]
 [ 1.6458375  -1.0323629 ]
 [ 2.5022078  -1.847376  ]
 [ 3.4231772  -2.716081  ]
 [ 2.9171228  -2.224077  ]
 [ 2.5022078  -1.847376  ]
 [ 0.26347893  0.45978713]
 [ 0.6783942   0.08308624]
 [ 1.5675712  -0.8347138 ]
 [ 2.5022078  -1.847376  ]
 [ 2.5668068  -1.9010677 ]
 [ 3.0081592  -2.285335  ]
 [ 3.008262   -2.33938   ]
 [ 1.2860899  -0.59622335]
 [ 0.6783942   0.08308624]
 [ 0.26347893  0.45978713]
 [ 3.4231772  -2.716081  ]
 [ 2.593244   -1.9086342 ]
 [ 3.4231772  -2.716081  ]
 [ 2.5022078  -1.847376  ]
 [ 0.62322676  0.02364761]
 [ 1.4795972  -0.7913649 ]
 [ 2.593244   -1.9086342 ]]
2025-12-21 20:56:03,238 - [INFO] - ------------------------------------------------------------
2025-12-21 20:56:03,238 - [INFO] - On Validation Set:
	Accuracy of RRL  Model: 0.8956461644782309
	F1 Score of RRL  Model: 0.6884884568062286
2025-12-21 20:56:03,244 - [INFO] - On Validation Set:
Performance of  RRL Model: 
[[1238   48]
 [ 103   58]]
              precision    recall  f1-score   support

           0       0.92      0.96      0.94      1286
           1       0.55      0.36      0.43       161

    accuracy                           0.90      1447
   macro avg       0.74      0.66      0.69      1447
weighted avg       0.88      0.90      0.89      1447

2025-12-21 20:56:03,244 - [INFO] - ------------------------------------------------------------
2025-12-21 20:56:03,428 - [INFO] - epoch: 34, loss_rrl: 112.69296973571181
2025-12-21 20:56:05,195 - [INFO] - epoch: 35, loss_rrl: 112.98882499150932
2025-12-21 20:56:05,281 - [DEBUG] - y_true: (1447,) [0 0 0 0 0 1 0 0 0 0 0 0 0 0 0 0 0 1 0 0 0 0 0 0 1 0 0 0 0 0 0 0 0 0 0 0 0
 0 1 1 0]
2025-12-21 20:56:05,443 - [DEBUG] - y_rrl_: (1447,) [0 0 0 0 0 0 0 0 0 0 0 0 0 0 0 0 0 0 0 0 0 0 0 0 1 0 0 0 0 0 0 0 0 0 0 0 0
 0 0 0 0]
2025-12-21 20:56:05,443 - [DEBUG] - y_rrl: (1447, 2) [[ 2.889851   -2.24434   ]
 [ 1.0875125  -0.35185367]
 [ 2.4765902  -1.7967165 ]
 [ 2.4765902  -1.7967165 ]
 [ 2.889851   -2.24434   ]
 [ 0.51884955  0.23715924]
 [ 3.3132186  -2.6110506 ]
 [ 2.8816175  -2.163844  ]
 [ 3.3132186  -2.6110506 ]
 [ 1.3067284  -0.5698294 ]
 [ 0.51884955  0.23715924]
 [ 2.4582496  -1.7971331 ]
 [ 2.889851   -2.24434   ]
 [ 3.3132186  -2.6110506 ]
 [ 3.3132186  -2.6110506 ]
 [ 2.52534    -1.8040622 ]
 [ 2.8816175  -2.163844  ]
 [ 0.51884955  0.23715924]
 [ 1.9967     -1.2893271 ]
 [ 2.352977   -1.6491089 ]
 [ 2.784578   -2.0963154 ]
 [ 3.3132186  -2.6110506 ]
 [ 2.784578   -2.0963154 ]
 [ 2.784578   -2.0963154 ]
 [-0.41481838  1.1190218 ]
 [ 0.51884955  0.23715924]
 [ 1.8596377  -1.1475208 ]
 [ 2.784578   -2.0963154 ]
 [ 2.889851   -2.24434   ]
 [ 2.8816175  -2.163844  ]
 [ 2.889851   -2.24434   ]
 [ 1.9884665  -1.2088315 ]
 [ 0.51884955  0.23715924]
 [ 0.51884955  0.23715924]
 [ 2.889851   -2.24434   ]
 [ 3.3132186  -2.6110506 ]
 [ 2.889851   -2.24434   ]
 [ 2.784578   -2.0963154 ]
 [ 0.88336056 -0.20311831]
 [ 0.54542345  0.15707998]
 [ 2.8816175  -2.163844  ]]
2025-12-21 20:56:05,446 - [INFO] - ------------------------------------------------------------
2025-12-21 20:56:05,446 - [INFO] - On Validation Set:
	Accuracy of RRL  Model: 0.9039391845196959
	F1 Score of RRL  Model: 0.6595196137679797
2025-12-21 20:56:05,452 - [INFO] - On Validation Set:
Performance of  RRL Model: 
[[1267   19]
 [ 120   41]]
              precision    recall  f1-score   support

           0       0.91      0.99      0.95      1286
           1       0.68      0.25      0.37       161

    accuracy                           0.90      1447
   macro avg       0.80      0.62      0.66      1447
weighted avg       0.89      0.90      0.88      1447

2025-12-21 20:56:05,452 - [INFO] - ------------------------------------------------------------
2025-12-21 20:56:06,853 - [INFO] - epoch: 36, loss_rrl: 112.43080127611756
2025-12-21 20:56:07,177 - [DEBUG] - y_true: (1447,) [0 0 0 0 0 1 0 0 0 0 0 0 0 0 0 0 0 1 0 0 0 0 0 0 1 0 0 0 0 0 0 0 0 0 0 0 0
 0 1 1 0]
2025-12-21 20:56:07,338 - [DEBUG] - y_rrl_: (1447,) [0 0 0 0 0 0 0 0 0 0 0 0 0 0 0 0 0 0 0 0 0 0 0 0 0 0 0 0 0 0 0 0 0 0 0 0 0
 0 0 0 0]
2025-12-21 20:56:07,338 - [DEBUG] - y_rrl: (1447, 2) [[ 3.5609686  -2.8637807 ]
 [ 0.8855725  -0.19285876]
 [ 2.9653914  -2.3497553 ]
 [ 3.1377213  -2.4781156 ]
 [ 2.9653914  -2.3497553 ]
 [ 0.54183847  0.18331385]
 [ 3.5609686  -2.8637807 ]
 [ 3.1377213  -2.4781156 ]
 [ 3.5609686  -2.8637807 ]
 [ 1.5309727  -0.85246843]
 [ 1.0985167  -0.40453023]
 [ 2.5738688  -1.9613837 ]
 [ 3.0042903  -2.275937  ]
 [ 2.9653914  -2.3497553 ]
 [ 3.5609686  -2.8637807 ]
 [ 3.1766207  -2.4042976 ]
 [ 2.4576247  -1.8070683 ]
 [ 1.0985167  -0.40453023]
 [ 1.8122249  -1.1474584 ]
 [ 2.7052653  -2.0301774 ]
 [ 3.1377213  -2.4781156 ]
 [ 2.9653914  -2.3497553 ]
 [ 3.3886387  -2.7354205 ]
 [ 3.1377213  -2.4781156 ]
 [ 0.54183847  0.18331385]
 [ 0.9650858  -0.20235136]
 [ 1.1875588  -0.45255208]
 [ 3.1377213  -2.4781156 ]
 [ 3.006325   -2.4093225 ]
 [ 3.5609686  -2.8637807 ]
 [ 3.1377213  -2.4781156 ]
 [ 2.581043   -1.8902718 ]
 [ 1.1374159  -0.33071178]
 [ 0.54183847  0.18331385]
 [ 3.3886387  -2.7354205 ]
 [ 3.1377213  -2.4781156 ]
 [ 3.3886387  -2.7354205 ]
 [ 3.1377213  -2.4781156 ]
 [ 1.0985167  -0.40453023]
 [ 1.5309727  -0.85246843]
 [ 3.1377213  -2.4781156 ]]
2025-12-21 20:56:07,340 - [INFO] - ------------------------------------------------------------
2025-12-21 20:56:07,340 - [INFO] - On Validation Set:
	Accuracy of RRL  Model: 0.8984105044920525
	F1 Score of RRL  Model: 0.6275144338616555
2025-12-21 20:56:07,347 - [INFO] - On Validation Set:
Performance of  RRL Model: 
[[1267   19]
 [ 128   33]]
              precision    recall  f1-score   support

           0       0.91      0.99      0.95      1286
           1       0.63      0.20      0.31       161

    accuracy                           0.90      1447
   macro avg       0.77      0.60      0.63      1447
weighted avg       0.88      0.90      0.87      1447

2025-12-21 20:56:07,347 - [INFO] - ------------------------------------------------------------
2025-12-21 20:56:08,521 - [INFO] - epoch: 37, loss_rrl: 113.1126003395766
2025-12-21 20:56:09,037 - [DEBUG] - y_true: (1447,) [0 0 0 0 0 1 0 0 0 0 0 0 0 0 0 0 0 1 0 0 0 0 0 0 1 0 0 0 0 0 0 0 0 0 0 0 0
 0 1 1 0]
2025-12-21 20:56:09,197 - [DEBUG] - y_rrl_: (1447,) [0 0 0 0 0 0 0 0 0 0 0 0 0 0 0 0 0 0 0 0 0 0 0 0 1 0 0 0 0 0 0 0 0 0 0 0 0
 0 0 0 0]
2025-12-21 20:56:09,197 - [DEBUG] - y_rrl: (1447, 2) [[ 3.380558   -2.6883786 ]
 [ 1.1456361  -0.4207165 ]
 [ 2.3772106  -1.7506146 ]
 [ 2.5130434  -1.8427713 ]
 [ 3.2447252  -2.5962217 ]
 [ 0.40493733  0.29633954]
 [ 3.380558   -2.6883786 ]
 [ 2.936008   -2.2284725 ]
 [ 3.380558   -2.6883786 ]
 [ 1.2788286  -0.5526175 ]
 [ 0.5407702   0.2041829 ]
 [ 2.0621166  -1.3795154 ]
 [ 2.860835   -2.1378274 ]
 [ 3.2447252  -2.5962217 ]
 [ 2.4430914  -1.7233005 ]
 [ 2.9966679  -2.229984  ]
 [ 2.936008   -2.2284725 ]
 [ 0.5407702   0.2041829 ]
 [ 2.0831027  -1.3857946 ]
 [ 2.58184    -1.9300668 ]
 [ 3.380558   -2.6883786 ]
 [ 3.2447252  -2.5962217 ]
 [ 3.2447252  -2.5962217 ]
 [ 3.380558   -2.6883786 ]
 [-0.5774236   1.2278244 ]
 [ 0.40493733  0.29633954]
 [ 1.9227868  -1.2208014 ]
 [ 3.380558   -2.6883786 ]
 [ 2.8905573  -2.2978158 ]
 [ 2.936008   -2.2284725 ]
 [ 3.380558   -2.6883786 ]
 [ 2.5066667  -1.8394217 ]
 [ 0.5407702   0.2041829 ]
 [ 0.40493733  0.29633954]
 [ 3.2447252  -2.5962217 ]
 [ 3.380558   -2.6883786 ]
 [ 3.2447252  -2.5962217 ]
 [ 3.380558   -2.6883786 ]
 [ 0.92466056 -0.25421166]
 [ 0.91652393 -0.168428  ]
 [ 2.936008   -2.2284725 ]]
2025-12-21 20:56:09,200 - [INFO] - ------------------------------------------------------------
2025-12-21 20:56:09,200 - [INFO] - On Validation Set:
	Accuracy of RRL  Model: 0.9067035245335177
	F1 Score of RRL  Model: 0.6873804741824234
2025-12-21 20:56:09,206 - [INFO] - On Validation Set:
Performance of  RRL Model: 
[[1262   24]
 [ 111   50]]
              precision    recall  f1-score   support

           0       0.92      0.98      0.95      1286
           1       0.68      0.31      0.43       161

    accuracy                           0.91      1447
   macro avg       0.80      0.65      0.69      1447
weighted avg       0.89      0.91      0.89      1447

2025-12-21 20:56:09,206 - [INFO] - ------------------------------------------------------------
2025-12-21 20:56:10,055 - [INFO] - epoch: 38, loss_rrl: 112.44761489331722
2025-12-21 20:56:10,793 - [DEBUG] - y_true: (1447,) [0 0 0 0 0 1 0 0 0 0 0 0 0 0 0 0 0 1 0 0 0 0 0 0 1 0 0 0 0 0 0 0 0 0 0 0 0
 0 1 1 0]
2025-12-21 20:56:10,953 - [DEBUG] - y_rrl_: (1447,) [0 1 0 0 0 1 0 0 0 0 0 0 0 0 0 0 0 0 0 0 0 0 0 0 1 0 0 0 0 0 0 0 0 1 0 0 0
 0 0 0 0]
2025-12-21 20:56:10,953 - [DEBUG] - y_rrl: (1447, 2) [[ 3.5120296  -2.8249083 ]
 [ 0.08959708  0.58414316]
 [ 2.641116   -1.9757074 ]
 [ 2.641116   -1.9757074 ]
 [ 3.5120296  -2.8249083 ]
 [ 0.20464708  0.49778548]
 [ 3.5120296  -2.8249083 ]
 [ 2.641116   -1.9757074 ]
 [ 3.5120296  -2.8249083 ]
 [ 0.94966775 -0.26580694]
 [ 1.0140849  -0.3485821 ]
 [ 2.7055333  -2.0584824 ]
 [ 3.1173325  -2.3563395 ]
 [ 3.097289   -2.4471092 ]
 [ 3.5120296  -2.8249083 ]
 [ 3.1173325  -2.3563395 ]
 [ 3.0558565  -2.3535063 ]
 [ 0.5993444   0.02921688]
 [ 1.7810454  -1.1257573 ]
 [ 1.5464681  -0.9451802 ]
 [ 3.097289   -2.4471092 ]
 [ 3.5120296  -2.8249083 ]
 [ 3.5120296  -2.8249083 ]
 [ 3.097289   -2.4471092 ]
 [-0.36657625  1.0555447 ]
 [ 0.6193876   0.11998649]
 [ 2.7670095  -2.0613153 ]
 [ 3.097289   -2.4471092 ]
 [ 2.417382   -1.7943808 ]
 [ 3.0558565  -2.3535063 ]
 [ 3.097289   -2.4471092 ]
 [ 2.352269   -1.6835165 ]
 [ 0.6193876   0.11998649]
 [ 0.20464708  0.49778548]
 [ 3.5120296  -2.8249083 ]
 [ 3.097289   -2.4471092 ]
 [ 3.5120296  -2.8249083 ]
 [ 3.097289   -2.4471092 ]
 [ 0.5993444   0.02921688]
 [ 1.4058411  -0.7372084 ]
 [ 2.641116   -1.9757074 ]]
2025-12-21 20:56:10,955 - [INFO] - ------------------------------------------------------------
2025-12-21 20:56:10,955 - [INFO] - On Validation Set:
	Accuracy of RRL  Model: 0.9080856945404284
	F1 Score of RRL  Model: 0.709898958837371
2025-12-21 20:56:10,962 - [INFO] - On Validation Set:
Performance of  RRL Model: 
[[1255   31]
 [ 102   59]]
              precision    recall  f1-score   support

           0       0.92      0.98      0.95      1286
           1       0.66      0.37      0.47       161

    accuracy                           0.91      1447
   macro avg       0.79      0.67      0.71      1447
weighted avg       0.89      0.91      0.90      1447

2025-12-21 20:56:10,962 - [INFO] - ------------------------------------------------------------
2025-12-21 20:56:11,582 - [INFO] - epoch: 39, loss_rrl: 112.11087159253657
2025-12-21 20:56:12,539 - [DEBUG] - y_true: (1447,) [0 0 0 0 0 1 0 0 0 0 0 0 0 0 0 0 0 1 0 0 0 0 0 0 1 0 0 0 0 0 0 0 0 0 0 0 0
 0 1 1 0]
2025-12-21 20:56:12,698 - [DEBUG] - y_rrl_: (1447,) [0 0 0 0 0 1 0 0 0 0 1 0 0 0 0 0 0 1 0 0 0 0 0 0 1 0 0 0 0 0 0 0 1 1 0 0 0
 0 1 0 0]
2025-12-21 20:56:12,699 - [DEBUG] - y_rrl: (1447, 2) [[ 3.0085692  -2.3631122 ]
 [ 0.76539695 -0.0879078 ]
 [ 2.544149   -1.8835931 ]
 [ 2.544149   -1.8835931 ]
 [ 3.0085692  -2.3631122 ]
 [ 0.11968113  0.57751447]
 [ 3.4144485  -2.7323747 ]
 [ 2.544149   -1.8835931 ]
 [ 3.4144485  -2.7323747 ]
 [ 0.86536235 -0.1865761 ]
 [ 0.11968113  0.57751447]
 [ 2.204347   -1.4887655 ]
 [ 3.0174403  -2.2621245 ]
 [ 3.0085692  -2.3631122 ]
 [ 2.4570014  -1.7479892 ]
 [ 2.611561   -1.8928621 ]
 [ 2.544149   -1.8835931 ]
 [ 0.11968113  0.57751447]
 [ 1.7228432  -1.0722939 ]
 [ 2.544149   -1.8835931 ]
 [ 3.0085692  -2.3631122 ]
 [ 3.0085692  -2.3631122 ]
 [ 3.0085692  -2.3631122 ]
 [ 3.0085692  -2.3631122 ]
 [-0.42036295  1.1042427 ]
 [ 0.5255605   0.20825207]
 [ 1.9474267  -1.2556531 ]
 [ 3.0085692  -2.3631122 ]
 [ 3.065775   -2.4385347 ]
 [ 2.9500282  -2.2528555 ]
 [ 3.0085692  -2.3631122 ]
 [ 2.611561   -1.8928621 ]
 [ 0.11968113  0.57751447]
 [ 0.11968113  0.57751447]
 [ 3.4144485  -2.7323747 ]
 [ 3.0085692  -2.3631122 ]
 [ 3.0085692  -2.3631122 ]
 [ 3.0085692  -2.3631122 ]
 [ 0.11968113  0.57751447]
 [ 0.93277436 -0.19584498]
 [ 2.544149   -1.8835931 ]]
2025-12-21 20:56:12,701 - [INFO] - ------------------------------------------------------------
2025-12-21 20:56:12,701 - [INFO] - On Validation Set:
	Accuracy of RRL  Model: 0.8984105044920525
	F1 Score of RRL  Model: 0.7258569025847237
2025-12-21 20:56:12,707 - [INFO] - On Validation Set:
Performance of  RRL Model: 
[[1224   62]
 [  85   76]]
              precision    recall  f1-score   support

           0       0.94      0.95      0.94      1286
           1       0.55      0.47      0.51       161

    accuracy                           0.90      1447
   macro avg       0.74      0.71      0.73      1447
weighted avg       0.89      0.90      0.89      1447

2025-12-21 20:56:12,707 - [INFO] - ------------------------------------------------------------
2025-12-21 20:56:13,111 - [INFO] - epoch: 40, loss_rrl: 112.67461640946567
2025-12-21 20:56:14,285 - [DEBUG] - y_true: (1447,) [0 0 0 0 0 1 0 0 0 0 0 0 0 0 0 0 0 1 0 0 0 0 0 0 1 0 0 0 0 0 0 0 0 0 0 0 0
 0 1 1 0]
2025-12-21 20:56:14,447 - [DEBUG] - y_rrl_: (1447,) [0 0 0 0 0 1 0 0 0 0 0 0 0 0 0 0 0 1 0 0 0 0 0 0 1 0 0 0 0 0 0 0 0 1 0 0 0
 0 0 0 0]
2025-12-21 20:56:14,447 - [DEBUG] - y_rrl: (1447, 2) [[ 3.442944   -2.765899  ]
 [ 0.35914707  0.35906172]
 [ 3.0156872  -2.3749382 ]
 [ 3.0156872  -2.3749382 ]
 [ 3.442944   -2.765899  ]
 [ 0.13098784  0.56098986]
 [ 3.442944   -2.765899  ]
 [ 3.0156872  -2.3749382 ]
 [ 3.442944   -2.765899  ]
 [ 1.3427081  -0.68395114]
 [ 0.55824465  0.17002921]
 [ 2.5800354  -1.8153974 ]
 [ 3.0339267  -2.2842598 ]
 [ 3.0156872  -2.3749382 ]
 [ 3.442944   -2.765899  ]
 [ 3.442944   -2.765899  ]
 [ 3.442944   -2.765899  ]
 [ 0.13098784  0.56098986]
 [ 2.0923321  -1.5191243 ]
 [ 1.5040199  -0.91126925]
 [ 3.0156872  -2.3749382 ]
 [ 3.442944   -2.765899  ]
 [ 3.442944   -2.765899  ]
 [ 3.0156872  -2.3749382 ]
 [-0.09474356  0.82792354]
 [ 0.9070566  -0.12441064]
 [ 1.9761496  -1.2894529 ]
 [ 3.0156872  -2.3749382 ]
 [ 2.3851674  -1.7710913 ]
 [ 3.442944   -2.765899  ]
 [ 3.0156872  -2.3749382 ]
 [ 1.8039665  -1.1299967 ]
 [ 0.55824465  0.17002921]
 [ 0.13098784  0.56098986]
 [ 3.442944   -2.765899  ]
 [ 3.0156872  -2.3749382 ]
 [ 3.442944   -2.765899  ]
 [ 3.0156872  -2.3749382 ]
 [ 0.9938963  -0.38951093]
 [ 0.9336905  -0.20231202]
 [ 3.0156872  -2.3749382 ]]
2025-12-21 20:56:14,449 - [INFO] - ------------------------------------------------------------
2025-12-21 20:56:14,449 - [INFO] - On Validation Set:
	Accuracy of RRL  Model: 0.8977194194885971
	F1 Score of RRL  Model: 0.6894417503886401
2025-12-21 20:56:14,456 - [INFO] - On Validation Set:
Performance of  RRL Model: 
[[1242   44]
 [ 104   57]]
              precision    recall  f1-score   support

           0       0.92      0.97      0.94      1286
           1       0.56      0.35      0.44       161

    accuracy                           0.90      1447
   macro avg       0.74      0.66      0.69      1447
weighted avg       0.88      0.90      0.89      1447

2025-12-21 20:56:14,456 - [INFO] - ------------------------------------------------------------
2025-12-21 20:56:14,642 - [INFO] - epoch: 41, loss_rrl: 112.04823693819344
2025-12-21 20:56:15,988 - [INFO] - epoch: 42, loss_rrl: 112.13874088414013
2025-12-21 20:56:16,038 - [DEBUG] - y_true: (1447,) [0 0 0 0 0 1 0 0 0 0 0 0 0 0 0 0 0 1 0 0 0 0 0 0 1 0 0 0 0 0 0 0 0 0 0 0 0
 0 1 1 0]
2025-12-21 20:56:16,198 - [DEBUG] - y_rrl_: (1447,) [0 0 0 0 0 0 0 0 0 0 0 0 0 0 0 0 0 0 0 0 0 0 0 0 1 0 0 0 0 0 0 0 0 0 0 0 0
 0 0 0 0]
2025-12-21 20:56:16,199 - [DEBUG] - y_rrl: (1447, 2) [[ 3.2801042  -2.6081026 ]
 [ 0.9324457  -0.22910248]
 [ 2.856428   -2.2204018 ]
 [ 2.856428   -2.2204018 ]
 [ 3.2801042  -2.6081026 ]
 [ 0.39466873  0.32805273]
 [ 3.2801042  -2.6081026 ]
 [ 3.2801042  -2.6081026 ]
 [ 3.2801042  -2.6081026 ]
 [ 1.5974927  -0.90770906]
 [ 0.80434257 -0.15362614]
 [ 2.486954   -1.8540194 ]
 [ 2.8704305  -2.1264234 ]
 [ 3.2801042  -2.6081026 ]
 [ 2.3000083  -1.6017361 ]
 [ 2.8704305  -2.1264234 ]
 [ 2.5775886  -1.9140751 ]
 [ 0.80434257 -0.15362614]
 [ 1.9125407  -1.2354686 ]
 [ 1.8788488  -1.258939  ]
 [ 2.6719997  -2.0130224 ]
 [ 3.2801042  -2.6081026 ]
 [ 2.6719997  -2.0130224 ]
 [ 3.2801042  -2.6081026 ]
 [-0.6371121   1.310834  ]
 [ 0.39466873  0.32805273]
 [ 2.5206459  -1.830549  ]
 [ 3.2801042  -2.6081026 ]
 [ 2.9303198  -2.3122282 ]
 [ 3.2801042  -2.6081026 ]
 [ 3.2801042  -2.6081026 ]
 [ 1.9125407  -1.2354686 ]
 [ 0.39466873  0.32805273]
 [ 0.39466873  0.32805273]
 [ 3.2801042  -2.6081026 ]
 [ 3.2801042  -2.6081026 ]
 [ 3.2801042  -2.6081026 ]
 [ 2.6719997  -2.0130224 ]
 [ 1.2477086  -0.61183465]
 [ 1.1738164  -0.5200082 ]
 [ 3.2801042  -2.6081026 ]]
2025-12-21 20:56:16,201 - [INFO] - ------------------------------------------------------------
2025-12-21 20:56:16,201 - [INFO] - On Validation Set:
	Accuracy of RRL  Model: 0.8956461644782309
	F1 Score of RRL  Model: 0.6729933714771474
2025-12-21 20:56:16,207 - [INFO] - On Validation Set:
Performance of  RRL Model: 
[[1245   41]
 [ 110   51]]
              precision    recall  f1-score   support

           0       0.92      0.97      0.94      1286
           1       0.55      0.32      0.40       161

    accuracy                           0.90      1447
   macro avg       0.74      0.64      0.67      1447
weighted avg       0.88      0.90      0.88      1447

2025-12-21 20:56:16,207 - [INFO] - ------------------------------------------------------------
2025-12-21 20:56:17,522 - [INFO] - epoch: 43, loss_rrl: 111.74634081684053
2025-12-21 20:56:17,804 - [DEBUG] - y_true: (1447,) [0 0 0 0 0 1 0 0 0 0 0 0 0 0 0 0 0 1 0 0 0 0 0 0 1 0 0 0 0 0 0 0 0 0 0 0 0
 0 1 1 0]
2025-12-21 20:56:17,964 - [DEBUG] - y_rrl_: (1447,) [0 0 0 0 0 1 0 0 0 0 0 0 0 0 0 0 0 0 0 0 0 0 0 0 1 1 0 0 0 0 0 0 0 0 0 0 0
 0 0 0 0]
2025-12-21 20:56:17,965 - [DEBUG] - y_rrl: (1447, 2) [[ 3.3787944  -2.7118685 ]
 [ 0.960993   -0.26306474]
 [ 2.9358146  -2.304543  ]
 [ 2.9358146  -2.304543  ]
 [ 2.9358146  -2.304543  ]
 [-0.6362111   1.3048186 ]
 [ 3.3787944  -2.7118685 ]
 [ 3.3787944  -2.7118685 ]
 [ 3.3787944  -2.7118685 ]
 [ 1.6629351  -0.97844946]
 [ 0.40503943  0.20505641]
 [ 3.0157235  -2.4022458 ]
 [ 2.3375435  -1.6121063 ]
 [ 2.9358146  -2.304543  ]
 [ 2.3653147  -1.6724495 ]
 [ 2.9517272  -2.2134092 ]
 [ 2.2334352  -1.6105429 ]
 [ 0.84801936 -0.20226909]
 [ 1.9744729  -1.3024837 ]
 [ 3.0157235  -2.4022458 ]
 [ 3.3787944  -2.7118685 ]
 [ 2.9358146  -2.304543  ]
 [ 3.3787944  -2.7118685 ]
 [ 2.9358146  -2.304543  ]
 [-0.02202767  0.7035154 ]
 [-0.1932312   0.8974931 ]
 [ 1.8862768  -1.2097867 ]
 [ 3.3787944  -2.7118685 ]
 [ 3.0157235  -2.4022458 ]
 [ 3.3787944  -2.7118685 ]
 [ 3.3787944  -2.7118685 ]
 [ 2.5886567  -1.9037868 ]
 [ 0.42095226  0.2961899 ]
 [ 0.42095226  0.2961899 ]
 [ 3.3787944  -2.7118685 ]
 [ 3.3787944  -2.7118685 ]
 [ 3.3787944  -2.7118685 ]
 [ 2.9358146  -2.304543  ]
 [ 0.84801936 -0.20226909]
 [ 1.2199552  -0.57112396]
 [ 3.3787944  -2.7118685 ]]
2025-12-21 20:56:17,967 - [INFO] - ------------------------------------------------------------
2025-12-21 20:56:17,967 - [INFO] - On Validation Set:
	Accuracy of RRL  Model: 0.8963372494816862
	F1 Score of RRL  Model: 0.7071798607738384
2025-12-21 20:56:17,973 - [INFO] - On Validation Set:
Performance of  RRL Model: 
[[1230   56]
 [  94   67]]
              precision    recall  f1-score   support

           0       0.93      0.96      0.94      1286
           1       0.54      0.42      0.47       161

    accuracy                           0.90      1447
   macro avg       0.74      0.69      0.71      1447
weighted avg       0.89      0.90      0.89      1447

2025-12-21 20:56:17,973 - [INFO] - ------------------------------------------------------------
2025-12-21 20:56:19,078 - [INFO] - epoch: 44, loss_rrl: 112.75541852042079
2025-12-21 20:56:19,568 - [DEBUG] - y_true: (1447,) [0 0 0 0 0 1 0 0 0 0 0 0 0 0 0 0 0 1 0 0 0 0 0 0 1 0 0 0 0 0 0 0 0 0 0 0 0
 0 1 1 0]
2025-12-21 20:56:19,729 - [DEBUG] - y_rrl_: (1447,) [0 0 0 0 0 0 0 0 0 0 0 0 0 0 0 0 0 0 0 0 0 0 0 0 1 0 0 0 0 0 0 0 0 0 0 0 0
 0 0 0 0]
2025-12-21 20:56:19,729 - [DEBUG] - y_rrl: (1447, 2) [[ 3.4222362  -2.7604175 ]
 [ 0.5720578   0.13500862]
 [ 2.5321524  -1.8910846 ]
 [ 2.5321524  -1.8910846 ]
 [ 3.4222362  -2.7604175 ]
 [ 0.8236831  -0.05916648]
 [ 3.4222362  -2.7604175 ]
 [ 2.9776974  -2.301296  ]
 [ 3.4222362  -2.7604175 ]
 [ 1.2377206  -0.5439826 ]
 [ 0.8236831  -0.05916648]
 [ 2.2150874  -1.5208907 ]
 [ 3.0081985  -2.2756014 ]
 [ 3.4222362  -2.7604175 ]
 [ 3.4222362  -2.7604175 ]
 [ 3.0081985  -2.2756014 ]
 [ 2.9776974  -2.301296  ]
 [ 0.8236831  -0.05916648]
 [ 2.054122   -1.3872458 ]
 [ 2.9776974  -2.301296  ]
 [ 3.4222362  -2.7604175 ]
 [ 3.4222362  -2.7604175 ]
 [ 3.4222362  -2.7604175 ]
 [ 3.4222362  -2.7604175 ]
 [-0.227366    0.94381154]
 [ 0.8236831  -0.05916648]
 [ 1.9571743  -1.2858312 ]
 [ 3.4222362  -2.7604175 ]
 [ 2.6291246  -2.0057068 ]
 [ 2.9776974  -2.301296  ]
 [ 3.4222362  -2.7604175 ]
 [ 3.0081985  -2.2756014 ]
 [ 0.8236831  -0.05916648]
 [ 0.8236831  -0.05916648]
 [ 3.4222362  -2.7604175 ]
 [ 2.9776974  -2.301296  ]
 [ 3.4222362  -2.7604175 ]
 [ 3.4222362  -2.7604175 ]
 [ 1.2377206  -0.5439826 ]
 [ 0.82267696 -0.10807624]
 [ 2.9776974  -2.301296  ]]
2025-12-21 20:56:19,731 - [INFO] - ------------------------------------------------------------
2025-12-21 20:56:19,731 - [INFO] - On Validation Set:
	Accuracy of RRL  Model: 0.9039391845196959
	F1 Score of RRL  Model: 0.6537616046575281
2025-12-21 20:56:19,737 - [INFO] - On Validation Set:
Performance of  RRL Model: 
[[1269   17]
 [ 122   39]]
              precision    recall  f1-score   support

           0       0.91      0.99      0.95      1286
           1       0.70      0.24      0.36       161

    accuracy                           0.90      1447
   macro avg       0.80      0.61      0.65      1447
weighted avg       0.89      0.90      0.88      1447

2025-12-21 20:56:19,737 - [INFO] - ------------------------------------------------------------
2025-12-21 20:56:20,627 - [INFO] - epoch: 45, loss_rrl: 112.23712078854442
2025-12-21 20:56:21,361 - [DEBUG] - y_true: (1447,) [0 0 0 0 0 1 0 0 0 0 0 0 0 0 0 0 0 1 0 0 0 0 0 0 1 0 0 0 0 0 0 0 0 0 0 0 0
 0 1 1 0]
2025-12-21 20:56:21,521 - [DEBUG] - y_rrl_: (1447,) [0 0 0 0 0 1 0 0 0 0 1 0 0 0 0 0 0 0 0 0 0 0 0 0 1 1 0 0 0 0 0 0 0 0 0 0 0
 0 0 0 0]
2025-12-21 20:56:21,522 - [DEBUG] - y_rrl: (1447, 2) [[ 3.7009037  -3.044218  ]
 [ 0.5797357   0.09911606]
 [ 2.810781   -2.1746547 ]
 [ 2.810781   -2.1746547 ]
 [ 3.2544868  -2.6328135 ]
 [-0.31038752  0.9686794 ]
 [ 3.7009037  -3.044218  ]
 [ 3.257198   -2.5860593 ]
 [ 3.7009037  -3.044218  ]
 [ 1.4985272  -0.8102768 ]
 [ 0.29295388  0.37793398]
 [ 2.4980419  -1.809253  ]
 [ 3.2760656  -2.5492165 ]
 [ 3.2544868  -2.6328135 ]
 [ 3.7009037  -3.044218  ]
 [ 3.2760656  -2.5492165 ]
 [ 2.810781   -2.1746547 ]
 [ 0.7393709  -0.03347071]
 [ 2.3384063  -1.6766665 ]
 [ 2.215434   -1.6049712 ]
 [ 3.7009037  -3.044218  ]
 [ 3.2544868  -2.6328135 ]
 [ 3.7009037  -3.044218  ]
 [ 3.2544868  -2.6328135 ]
 [-0.31038752  0.9686794 ]
 [ 0.13602945  0.5572748 ]
 [ 2.9417474  -2.267412  ]
 [ 3.7009037  -3.044218  ]
 [ 2.6591399  -2.06313   ]
 [ 3.257198   -2.5860593 ]
 [ 3.7009037  -3.044218  ]
 [ 2.4980419  -1.809253  ]
 [ 0.7393709  -0.03347071]
 [ 0.7393709  -0.03347071]
 [ 3.7009037  -3.044218  ]
 [ 3.7009037  -3.044218  ]
 [ 3.7009037  -3.044218  ]
 [ 3.2544868  -2.6328135 ]
 [ 0.7393709  -0.03347071]
 [ 1.0709783  -0.36202943]
 [ 3.257198   -2.5860593 ]]
2025-12-21 20:56:21,524 - [INFO] - ------------------------------------------------------------
2025-12-21 20:56:21,524 - [INFO] - On Validation Set:
	Accuracy of RRL  Model: 0.899101589495508
	F1 Score of RRL  Model: 0.7095048731656877
2025-12-21 20:56:21,530 - [INFO] - On Validation Set:
Performance of  RRL Model: 
[[1235   51]
 [  95   66]]
              precision    recall  f1-score   support

           0       0.93      0.96      0.94      1286
           1       0.56      0.41      0.47       161

    accuracy                           0.90      1447
   macro avg       0.75      0.69      0.71      1447
weighted avg       0.89      0.90      0.89      1447

2025-12-21 20:56:21,530 - [INFO] - ------------------------------------------------------------
2025-12-21 20:56:22,208 - [INFO] - epoch: 46, loss_rrl: 113.35186546295881
2025-12-21 20:56:23,359 - [DEBUG] - y_true: (1447,) [0 0 0 0 0 1 0 0 0 0 0 0 0 0 0 0 0 1 0 0 0 0 0 0 1 0 0 0 0 0 0 0 0 0 0 0 0
 0 1 1 0]
2025-12-21 20:56:23,517 - [DEBUG] - y_rrl_: (1447,) [0 1 0 0 0 1 0 0 0 0 0 0 0 0 0 0 0 0 0 0 0 0 0 0 1 0 0 0 0 0 0 0 0 0 0 0 0
 0 0 0 0]
2025-12-21 20:56:23,517 - [DEBUG] - y_rrl: (1447, 2) [[ 3.6249962  -2.9734612 ]
 [ 0.28209212  0.37906617]
 [ 2.7275288  -2.0963626 ]
 [ 2.7275288  -2.0963626 ]
 [ 3.6249962  -2.9734612 ]
 [-0.03668109  0.74182814]
 [ 3.6249962  -2.9734612 ]
 [ 2.7275288  -2.0963626 ]
 [ 3.6249962  -2.9734612 ]
 [ 0.99145126 -0.34339797]
 [ 1.0109897  -0.2586976 ]
 [ 2.3836248  -1.7002615 ]
 [ 3.1973376  -2.4762552 ]
 [ 3.1777995  -2.5609558 ]
 [ 2.571134   -1.8946589 ]
 [ 3.1973376  -2.4762552 ]
 [ 3.1747255  -2.508868  ]
 [ 0.56379294  0.15380779]
 [ 1.7862245  -1.1643285 ]
 [ 2.3640864  -1.7849618 ]
 [ 3.1777995  -2.5609558 ]
 [ 3.6249962  -2.9734612 ]
 [ 3.6249962  -2.9734612 ]
 [ 3.1777995  -2.5609558 ]
 [-0.03668109  0.74182814]
 [ 0.41051558  0.3293227 ]
 [ 1.7014086  -1.026099  ]
 [ 3.1777995  -2.5609558 ]
 [ 2.811283   -2.1974673 ]
 [ 3.1747255  -2.508868  ]
 [ 3.1777995  -2.5609558 ]
 [ 2.3866985  -1.7523488 ]
 [ 1.0109897  -0.2586976 ]
 [ 0.56379294  0.15380779]
 [ 3.6249962  -2.9734612 ]
 [ 2.7275288  -2.0963626 ]
 [ 3.6249962  -2.9734612 ]
 [ 3.1777995  -2.5609558 ]
 [ 0.56379294  0.15380779]
 [ 1.0140634  -0.31078523]
 [ 2.7275288  -2.0963626 ]]
2025-12-21 20:56:23,519 - [INFO] - ------------------------------------------------------------
2025-12-21 20:56:23,519 - [INFO] - On Validation Set:
	Accuracy of RRL  Model: 0.9067035245335177
	F1 Score of RRL  Model: 0.6897852817730095
2025-12-21 20:56:23,525 - [INFO] - On Validation Set:
Performance of  RRL Model: 
[[1261   25]
 [ 110   51]]
              precision    recall  f1-score   support

           0       0.92      0.98      0.95      1286
           1       0.67      0.32      0.43       161

    accuracy                           0.91      1447
   macro avg       0.80      0.65      0.69      1447
weighted avg       0.89      0.91      0.89      1447

2025-12-21 20:56:23,525 - [INFO] - ------------------------------------------------------------
2025-12-21 20:56:23,966 - [INFO] - epoch: 47, loss_rrl: 111.58599127456546
2025-12-21 20:56:25,149 - [DEBUG] - y_true: (1447,) [0 0 0 0 0 1 0 0 0 0 0 0 0 0 0 0 0 1 0 0 0 0 0 0 1 0 0 0 0 0 0 0 0 0 0 0 0
 0 1 1 0]
2025-12-21 20:56:25,302 - [DEBUG] - y_rrl_: (1447,) [0 0 0 0 0 0 0 0 0 0 0 0 0 0 0 0 0 0 0 0 0 0 0 0 1 0 0 0 0 0 0 0 0 0 0 0 0
 0 0 0 0]
2025-12-21 20:56:25,302 - [DEBUG] - y_rrl: (1447, 2) [[ 3.3286893  -2.682281  ]
 [ 0.8510861  -0.17502014]
 [ 2.4281092  -1.8018792 ]
 [ 2.8891382  -2.2771018 ]
 [ 3.3286893  -2.682281  ]
 [ 0.35028324  0.3443418 ]
 [ 3.3286893  -2.682281  ]
 [ 2.8676603  -2.2070584 ]
 [ 3.3286893  -2.682281  ]
 [ 1.6188833  -0.95581484]
 [ 0.35028324  0.3443418 ]
 [ 2.5211182  -1.8573477 ]
 [ 2.9028847  -2.1875405 ]
 [ 3.3286893  -2.682281  ]
 [ 2.277597   -1.6065814 ]
 [ 3.3286893  -2.682281  ]
 [ 2.2089462  -1.5562918 ]
 [ 0.35028324  0.3443418 ]
 [ 1.6692691  -1.0946946 ]
 [ 2.946923   -2.3520887 ]
 [ 3.3286893  -2.682281  ]
 [ 3.3286893  -2.682281  ]
 [ 3.3286893  -2.682281  ]
 [ 3.3286893  -2.682281  ]
 [-0.7082079   1.3561486 ]
 [ 0.35028324  0.3443418 ]
 [ 1.8624045  -1.2065811 ]
 [ 3.3286893  -2.682281  ]
 [ 2.946923   -2.3520887 ]
 [ 2.8676603  -2.2070584 ]
 [ 3.3286893  -2.682281  ]
 [ 2.5211182  -1.8573477 ]
 [ 0.35028324  0.3443418 ]
 [ 0.35028324  0.3443418 ]
 [ 3.3286893  -2.682281  ]
 [ 3.3286893  -2.682281  ]
 [ 3.3286893  -2.682281  ]
 [ 3.3286893  -2.682281  ]
 [ 0.7760877  -0.15039892]
 [ 0.7535276  -0.0558944 ]
 [ 2.8676603  -2.2070584 ]]
2025-12-21 20:56:25,304 - [INFO] - ------------------------------------------------------------
2025-12-21 20:56:25,304 - [INFO] - On Validation Set:
	Accuracy of RRL  Model: 0.8984105044920525
	F1 Score of RRL  Model: 0.6839132469964113
2025-12-21 20:56:25,310 - [INFO] - On Validation Set:
Performance of  RRL Model: 
[[1246   40]
 [ 107   54]]
              precision    recall  f1-score   support

           0       0.92      0.97      0.94      1286
           1       0.57      0.34      0.42       161

    accuracy                           0.90      1447
   macro avg       0.75      0.65      0.68      1447
weighted avg       0.88      0.90      0.89      1447

2025-12-21 20:56:25,310 - [INFO] - ------------------------------------------------------------
2025-12-21 20:56:25,526 - [INFO] - epoch: 48, loss_rrl: 111.84625144302845
2025-12-21 20:56:26,843 - [INFO] - epoch: 49, loss_rrl: 111.71060993336141
2025-12-21 20:56:26,861 - [DEBUG] - y_true: (1447,) [0 0 0 0 0 1 0 0 0 0 0 0 0 0 0 0 0 1 0 0 0 0 0 0 1 0 0 0 0 0 0 0 0 0 0 0 0
 0 1 1 0]
2025-12-21 20:56:27,014 - [DEBUG] - y_rrl_: (1447,) [0 1 0 0 0 1 0 0 0 0 0 0 0 0 0 0 0 0 0 0 0 0 0 0 1 1 0 0 0 0 0 0 1 1 0 0 0
 0 0 0 0]
2025-12-21 20:56:27,015 - [DEBUG] - y_rrl: (1447, 2) [[ 3.225918   -2.5846279 ]
 [ 0.04786882  0.6149107 ]
 [ 2.332584   -1.7112817 ]
 [ 2.332584   -1.7112817 ]
 [ 3.225918   -2.5846279 ]
 [ 0.24747148  0.44154122]
 [ 3.225918   -2.5846279 ]
 [ 2.7711632  -2.1158087 ]
 [ 3.225918   -2.5846279 ]
 [ 1.0744964  -0.40270314]
 [ 0.6734324  -0.05274923]
 [ 2.3700995  -1.7658548 ]
 [ 2.7999575  -2.0903375 ]
 [ 2.7999575  -2.0903375 ]
 [ 1.7440281  -1.0101275 ]
 [ 2.7999575  -2.0903375 ]
 [ 2.1304257  -1.482913  ]
 [ 0.6734324  -0.05274923]
 [ 1.744536   -1.0981947 ]
 [ 1.3034009  -0.63866854]
 [ 3.225918   -2.5846279 ]
 [ 2.7999575  -2.0903375 ]
 [ 3.225918   -2.5846279 ]
 [ 2.7999575  -2.0903375 ]
 [-0.19110796  0.8460681 ]
 [ 0.24747148  0.44154122]
 [ 2.398893   -1.7403834 ]
 [ 2.7999575  -2.0903375 ]
 [ 1.7581556  -1.1074877 ]
 [ 2.7711632  -2.1158087 ]
 [ 3.225918   -2.5846279 ]
 [ 2.398893   -1.7403834 ]
 [ 0.24747148  0.44154122]
 [ 0.24747148  0.44154122]
 [ 3.225918   -2.5846279 ]
 [ 3.225918   -2.5846279 ]
 [ 3.225918   -2.5846279 ]
 [ 2.7999575  -2.0903375 ]
 [ 0.6734324  -0.05274923]
 [ 1.0906717  -0.46699554]
 [ 2.7711632  -2.1158087 ]]
2025-12-21 20:56:27,017 - [INFO] - ------------------------------------------------------------
2025-12-21 20:56:27,017 - [INFO] - On Validation Set:
	Accuracy of RRL  Model: 0.8956461644782309
	F1 Score of RRL  Model: 0.7502871451543041
2025-12-21 20:56:27,023 - [INFO] - On Validation Set:
Performance of  RRL Model: 
[[1200   86]
 [  65   96]]
              precision    recall  f1-score   support

           0       0.95      0.93      0.94      1286
           1       0.53      0.60      0.56       161

    accuracy                           0.90      1447
   macro avg       0.74      0.76      0.75      1447
weighted avg       0.90      0.90      0.90      1447

2025-12-21 20:56:27,023 - [INFO] - ------------------------------------------------------------
2025-12-21 20:56:28,383 - [INFO] - epoch: 50, loss_rrl: 112.80723235942423
2025-12-21 20:56:28,621 - [DEBUG] - y_true: (1447,) [0 0 0 0 0 1 0 0 0 0 0 0 0 0 0 0 0 1 0 0 0 0 0 0 1 0 0 0 0 0 0 0 0 0 0 0 0
 0 1 1 0]
2025-12-21 20:56:28,778 - [DEBUG] - y_rrl_: (1447,) [0 1 0 0 0 1 0 0 0 0 0 0 0 0 0 0 0 0 0 0 0 0 0 0 1 0 0 0 0 0 0 0 0 0 0 0 0
 0 0 0 0]
2025-12-21 20:56:28,778 - [DEBUG] - y_rrl: (1447, 2) [[ 3.3891752  -2.752976  ]
 [ 0.32800063  0.3511393 ]
 [ 2.9526806  -2.3502164 ]
 [ 2.9526806  -2.3502164 ]
 [ 2.9526806  -2.3502164 ]
 [-0.08657159  0.73626316]
 [ 3.3891752  -2.752976  ]
 [ 3.3891752  -2.752976  ]
 [ 3.3891752  -2.752976  ]
 [ 1.6519728  -0.9995574 ]
 [ 0.35224456  0.22972208]
 [ 2.5259416  -1.9264551 ]
 [ 2.9503589  -2.246434  ]
 [ 2.9526806  -2.3502164 ]
 [ 3.3891752  -2.752976  ]
 [ 3.3891752  -2.752976  ]
 [ 2.2937584  -1.6990308 ]
 [ 0.7887392  -0.17303747]
 [ 2.3043115  -1.7307854 ]
 [ 2.5259416  -1.9264551 ]
 [ 3.3891752  -2.752976  ]
 [ 2.9526806  -2.3502164 ]
 [ 3.3891752  -2.752976  ]
 [ 2.9526806  -2.3502164 ]
 [-0.08657159  0.73626316]
 [ 0.34992304  0.3335036 ]
 [ 0.34992304  0.3335036 ]
 [ 3.3891752  -2.752976  ]
 [ 2.5259416  -1.9264551 ]
 [ 3.3891752  -2.752976  ]
 [ 3.3891752  -2.752976  ]
 [ 2.54634    -1.8930646 ]
 [ 0.34992304  0.3335036 ]
 [ 0.34992304  0.3335036 ]
 [ 3.3891752  -2.752976  ]
 [ 3.3891752  -2.752976  ]
 [ 3.3891752  -2.752976  ]
 [ 2.9526806  -2.3502164 ]
 [ 0.7887392  -0.17303747]
 [ 1.2154782  -0.5967978 ]
 [ 3.3891752  -2.752976  ]]
2025-12-21 20:56:28,781 - [INFO] - ------------------------------------------------------------
2025-12-21 20:56:28,781 - [INFO] - On Validation Set:
	Accuracy of RRL  Model: 0.8832066344160332
	F1 Score of RRL  Model: 0.6955819213681342
2025-12-21 20:56:28,787 - [INFO] - On Validation Set:
Performance of  RRL Model: 
[[1207   79]
 [  90   71]]
              precision    recall  f1-score   support

           0       0.93      0.94      0.93      1286
           1       0.47      0.44      0.46       161

    accuracy                           0.88      1447
   macro avg       0.70      0.69      0.70      1447
weighted avg       0.88      0.88      0.88      1447

2025-12-21 20:56:28,787 - [INFO] - ------------------------------------------------------------
2025-12-21 20:56:29,943 - [INFO] - epoch: 51, loss_rrl: 113.78337579220533
2025-12-21 20:56:30,417 - [DEBUG] - y_true: (1447,) [0 0 0 0 0 1 0 0 0 0 0 0 0 0 0 0 0 1 0 0 0 0 0 0 1 0 0 0 0 0 0 0 0 0 0 0 0
 0 1 1 0]
2025-12-21 20:56:30,578 - [DEBUG] - y_rrl_: (1447,) [0 0 0 0 0 0 0 0 0 0 0 0 0 0 0 0 0 0 0 0 0 0 0 0 1 0 0 0 0 0 0 0 0 0 0 0 0
 0 0 0 0]
2025-12-21 20:56:30,578 - [DEBUG] - y_rrl: (1447, 2) [[ 3.4161272  -2.7850142 ]
 [ 0.8269767  -0.16718943]
 [ 2.5112715  -1.8997697 ]
 [ 2.5112715  -1.8997697 ]
 [ 3.4161272  -2.7850142 ]
 [ 0.7585854  -0.03055701]
 [ 3.4161272  -2.7850142 ]
 [ 2.955967   -2.3110452 ]
 [ 3.4161272  -2.7850142 ]
 [ 1.1905485  -0.52963406]
 [ 0.7585854  -0.03055701]
 [ 2.1135802  -1.4517359 ]
 [ 2.9841642  -2.2859364 ]
 [ 3.4161272  -2.7850142 ]
 [ 2.3406978  -1.6859547 ]
 [ 2.9841642  -2.2859364 ]
 [ 2.955967   -2.3110452 ]
 [ 0.7585854  -0.03055701]
 [ 1.9024065  -1.2662479 ]
 [ 2.955967   -2.3110452 ]
 [ 3.4161272  -2.7850142 ]
 [ 3.4161272  -2.7850142 ]
 [ 3.4161272  -2.7850142 ]
 [ 3.4161272  -2.7850142 ]
 [ 0.31389004  0.38071844]
 [ 0.7585854  -0.03055701]
 [ 0.80832213 -0.14429295]
 [ 3.4161272  -2.7850142 ]
 [ 3.005704   -2.4247816 ]
 [ 2.955967   -2.3110452 ]
 [ 3.4161272  -2.7850142 ]
 [ 2.9841642  -2.2859364 ]
 [ 0.7585854  -0.03055701]
 [ 0.7585854  -0.03055701]
 [ 3.4161272  -2.7850142 ]
 [ 3.4161272  -2.7850142 ]
 [ 3.4161272  -2.7850142 ]
 [ 3.4161272  -2.7850142 ]
 [ 0.7585854  -0.03055701]
 [ 0.7740504  -0.09324951]
 [ 2.955967   -2.3110452 ]]
2025-12-21 20:56:30,580 - [INFO] - ------------------------------------------------------------
2025-12-21 20:56:30,580 - [INFO] - On Validation Set:
	Accuracy of RRL  Model: 0.89426399447132
	F1 Score of RRL  Model: 0.6372334237282581
2025-12-21 20:56:30,586 - [INFO] - On Validation Set:
Performance of  RRL Model: 
[[1256   30]
 [ 123   38]]
              precision    recall  f1-score   support

           0       0.91      0.98      0.94      1286
           1       0.56      0.24      0.33       161

    accuracy                           0.89      1447
   macro avg       0.73      0.61      0.64      1447
weighted avg       0.87      0.89      0.87      1447

2025-12-21 20:56:30,586 - [INFO] - ------------------------------------------------------------
2025-12-21 20:56:31,519 - [INFO] - epoch: 52, loss_rrl: 113.73614522442222
2025-12-21 20:56:32,217 - [DEBUG] - y_true: (1447,) [0 0 0 0 0 1 0 0 0 0 0 0 0 0 0 0 0 1 0 0 0 0 0 0 1 0 0 0 0 0 0 0 0 0 0 0 0
 0 1 1 0]
2025-12-21 20:56:32,374 - [DEBUG] - y_rrl_: (1447,) [0 1 0 0 0 1 0 0 0 0 1 0 0 0 0 0 0 1 0 0 0 0 0 0 1 1 0 0 0 0 0 0 0 1 0 0 0
 0 1 0 0]
2025-12-21 20:56:32,375 - [DEBUG] - y_rrl: (1447, 2) [[ 3.8000636  -3.1740446 ]
 [ 0.05327981  0.5604365 ]
 [ 2.8003693  -2.2381134 ]
 [ 2.8870268  -2.2804337 ]
 [ 3.2566905  -2.7081137 ]
 [-0.4896989   1.072757  ]
 [ 3.8000636  -3.1740446 ]
 [ 2.8870268  -2.2804337 ]
 [ 3.8000636  -3.1740446 ]
 [ 1.1049551  -0.48259032]
 [ 0.25092572  0.38820136]
 [ 2.4030561  -1.7909323 ]
 [ 3.2897935  -2.6416082 ]
 [ 3.2566905  -2.7081137 ]
 [ 3.8000636  -3.1740446 ]
 [ 3.376451   -2.6839285 ]
 [ 2.8870268  -2.2804337 ]
 [ 0.25092572  0.38820136]
 [ 1.8353516  -1.2374067 ]
 [ 1.7328888  -1.1835715 ]
 [ 3.343348   -2.750434  ]
 [ 3.2566905  -2.7081137 ]
 [ 3.713406   -3.1317244 ]
 [ 3.343348   -2.750434  ]
 [-0.4896989   1.072757  ]
 [-0.03298327  0.6491463 ]
 [ 2.9460344  -2.3032532 ]
 [ 3.343348   -2.750434  ]
 [ 2.5592685  -2.0348623 ]
 [ 3.3437424  -2.7040443 ]
 [ 3.343348   -2.750434  ]
 [ 2.4026613  -1.837322  ]
 [ 0.70764136 -0.03540938]
 [ 0.16426845  0.4305216 ]
 [ 3.713406   -3.1317244 ]
 [ 3.343348   -2.750434  ]
 [ 3.713406   -3.1317244 ]
 [ 3.343348   -2.750434  ]
 [ 0.25092572  0.38820136]
 [ 1.1376638  -0.46247447]
 [ 2.8870268  -2.2804337 ]]
2025-12-21 20:56:32,377 - [INFO] - ------------------------------------------------------------
2025-12-21 20:56:32,377 - [INFO] - On Validation Set:
	Accuracy of RRL  Model: 0.8997926744989634
	F1 Score of RRL  Model: 0.7263419437723766
2025-12-21 20:56:32,383 - [INFO] - On Validation Set:
Performance of  RRL Model: 
[[1227   59]
 [  86   75]]
              precision    recall  f1-score   support

           0       0.93      0.95      0.94      1286
           1       0.56      0.47      0.51       161

    accuracy                           0.90      1447
   macro avg       0.75      0.71      0.73      1447
weighted avg       0.89      0.90      0.90      1447

2025-12-21 20:56:32,383 - [INFO] - ------------------------------------------------------------
2025-12-21 20:56:33,088 - [INFO] - epoch: 53, loss_rrl: 113.25110171921551
2025-12-21 20:56:33,994 - [DEBUG] - y_true: (1447,) [0 0 0 0 0 1 0 0 0 0 0 0 0 0 0 0 0 1 0 0 0 0 0 0 1 0 0 0 0 0 0 0 0 0 0 0 0
 0 1 1 0]
2025-12-21 20:56:34,151 - [DEBUG] - y_rrl_: (1447,) [0 0 0 0 0 0 0 0 0 0 0 0 0 0 0 0 0 0 0 0 0 0 0 0 0 0 0 0 0 0 0 0 0 0 0 0 0
 0 0 0 0]
2025-12-21 20:56:34,151 - [DEBUG] - y_rrl: (1447, 2) [[ 3.7816446  -3.1607347 ]
 [ 0.7710412  -0.15491775]
 [ 2.857061   -2.25539   ]
 [ 2.857061   -2.25539   ]
 [ 3.7816446  -3.1607347 ]
 [ 0.6193778   0.06373812]
 [ 3.7816446  -3.1607347 ]
 [ 2.857061   -2.25539   ]
 [ 3.7816446  -3.1607347 ]
 [ 1.0464121  -0.4291925 ]
 [ 1.0751107  -0.35920578]
 [ 2.4374077  -1.7863452 ]
 [ 3.3546102  -2.667804  ]
 [ 2.8988771  -2.2448602 ]
 [ 2.305733   -1.595943  ]
 [ 3.3546102  -2.667804  ]
 [ 2.5510228  -1.9239974 ]
 [ 0.6193778   0.06373812]
 [ 1.8199182  -1.2267789 ]
 [ 2.4300263  -1.7624593 ]
 [ 3.3259115  -2.7377908 ]
 [ 3.3546102  -2.667804  ]
 [ 3.7816446  -3.1607347 ]
 [ 2.8988771  -2.2448602 ]
 [ 0.6193778   0.06373812]
 [ 1.0751107  -0.35920578]
 [ 2.906258   -2.2687461 ]
 [ 2.8988771  -2.2448602 ]
 [ 2.906258   -2.2687461 ]
 [ 3.312794   -2.6783338 ]
 [ 3.3259115  -2.7377908 ]
 [ 2.4300263  -1.7624593 ]
 [ 1.0751107  -0.35920578]
 [ 0.6193778   0.06373812]
 [ 3.7816446  -3.1607347 ]
 [ 3.3259115  -2.7377908 ]
 [ 3.7816446  -3.1607347 ]
 [ 2.8988771  -2.2448602 ]
 [ 0.6193778   0.06373812]
 [ 1.0882285  -0.418663  ]
 [ 2.857061   -2.25539   ]]
2025-12-21 20:56:34,153 - [INFO] - ------------------------------------------------------------
2025-12-21 20:56:34,154 - [INFO] - On Validation Set:
	Accuracy of RRL  Model: 0.889426399447132
	F1 Score of RRL  Model: 0.6064459101108315
2025-12-21 20:56:34,159 - [INFO] - On Validation Set:
Performance of  RRL Model: 
[[1257   29]
 [ 131   30]]
              precision    recall  f1-score   support

           0       0.91      0.98      0.94      1286
           1       0.51      0.19      0.27       161

    accuracy                           0.89      1447
   macro avg       0.71      0.58      0.61      1447
weighted avg       0.86      0.89      0.87      1447

2025-12-21 20:56:34,160 - [INFO] - ------------------------------------------------------------
2025-12-21 20:56:34,626 - [INFO] - epoch: 54, loss_rrl: 111.30508219078183
2025-12-21 20:56:35,759 - [DEBUG] - y_true: (1447,) [0 0 0 0 0 1 0 0 0 0 0 0 0 0 0 0 0 1 0 0 0 0 0 0 1 0 0 0 0 0 0 0 0 0 0 0 0
 0 1 1 0]
2025-12-21 20:56:35,917 - [DEBUG] - y_rrl_: (1447,) [0 1 0 0 0 1 0 0 0 0 1 0 0 0 0 0 0 1 0 0 0 0 0 0 1 1 0 0 0 0 0 0 1 1 0 0 0
 0 0 0 0]
2025-12-21 20:56:35,917 - [DEBUG] - y_rrl: (1447, 2) [[ 3.4476254  -2.831866  ]
 [-0.322206    0.9717264 ]
 [ 2.9075131  -2.3635757 ]
 [ 2.983667   -2.4003794 ]
 [ 3.3714716  -2.7950623 ]
 [ 0.22520243  0.39640158]
 [ 3.4476254  -2.831866  ]
 [ 3.4476254  -2.831866  ]
 [ 3.4476254  -2.831866  ]
 [ 1.6603675  -1.0292805 ]
 [ 0.30135608  0.35959798]
 [ 2.0124602  -1.4061847 ]
 [ 2.9278483  -2.2861495 ]
 [ 3.3714716  -2.7950623 ]
 [ 3.4476254  -2.831866  ]
 [ 3.004002   -2.3229532 ]
 [ 3.4476254  -2.831866  ]
 [ 0.30135608  0.35959798]
 [ 1.9487778  -1.3280067 ]
 [ 2.5322368  -1.9519018 ]
 [ 3.4476254  -2.831866  ]
 [ 3.3714716  -2.7950623 ]
 [ 3.3714716  -2.7950623 ]
 [ 3.4476254  -2.831866  ]
 [-0.8623182   1.4400169 ]
 [ 0.22520243  0.39640158]
 [ 1.0621955  -0.393905  ]
 [ 3.4476254  -2.831866  ]
 [ 2.4560833  -1.9150982 ]
 [ 3.4476254  -2.831866  ]
 [ 3.4476254  -2.831866  ]
 [ 2.0124602  -1.4061847 ]
 [ 0.30135608  0.35959798]
 [ 0.22520243  0.39640158]
 [ 3.3714716  -2.7950623 ]
 [ 3.4476254  -2.831866  ]
 [ 3.3714716  -2.7950623 ]
 [ 3.4476254  -2.831866  ]
 [ 0.7850823  -0.13754898]
 [ 0.75278586 -0.0888804 ]
 [ 3.4476254  -2.831866  ]]
2025-12-21 20:56:35,919 - [INFO] - ------------------------------------------------------------
2025-12-21 20:56:35,919 - [INFO] - On Validation Set:
	Accuracy of RRL  Model: 0.8735314443676572
	F1 Score of RRL  Model: 0.698886178723114
2025-12-21 20:56:35,925 - [INFO] - On Validation Set:
Performance of  RRL Model: 
[[1183  103]
 [  80   81]]
              precision    recall  f1-score   support

           0       0.94      0.92      0.93      1286
           1       0.44      0.50      0.47       161

    accuracy                           0.87      1447
   macro avg       0.69      0.71      0.70      1447
weighted avg       0.88      0.87      0.88      1447

2025-12-21 20:56:35,925 - [INFO] - ------------------------------------------------------------
2025-12-21 20:56:36,183 - [INFO] - epoch: 55, loss_rrl: 112.24952291883528
2025-12-21 20:56:37,554 - [DEBUG] - y_true: (1447,) [0 0 0 0 0 1 0 0 0 0 0 0 0 0 0 0 0 1 0 0 0 0 0 0 1 0 0 0 0 0 0 0 0 0 0 0 0
 0 1 1 0]
2025-12-21 20:56:37,714 - [DEBUG] - y_rrl_: (1447,) [0 1 0 0 0 0 0 0 0 0 0 0 0 0 0 0 0 0 0 0 0 0 0 0 1 0 0 0 0 0 0 0 0 0 0 0 0
 0 0 0 0]
2025-12-21 20:56:37,714 - [DEBUG] - y_rrl: (1447, 2) [[ 3.5108433  -2.9002438 ]
 [-0.20779343  0.85180426]
 [ 3.0264366  -2.4479957 ]
 [ 3.0264366  -2.4479957 ]
 [ 3.5108433  -2.9002438 ]
 [ 0.40217414  0.25312158]
 [ 3.5108433  -2.9002438 ]
 [ 3.5108433  -2.9002438 ]
 [ 3.5108433  -2.9002438 ]
 [ 1.7097898  -1.0840814 ]
 [ 0.8366147  -0.24600987]
 [ 3.0945146  -2.532309  ]
 [ 3.0764027  -2.401112  ]
 [ 3.5108433  -2.9002438 ]
 [ 2.489104   -1.856157  ]
 [ 3.0764027  -2.401112  ]
 [ 3.5108433  -2.9002438 ]
 [ 0.8366147  -0.24600987]
 [ 2.0501065  -1.4344951 ]
 [ 3.0945146  -2.532309  ]
 [ 3.5108433  -2.9002438 ]
 [ 3.5108433  -2.9002438 ]
 [ 3.5108433  -2.9002438 ]
 [ 3.5108433  -2.9002438 ]
 [-0.08223247  0.7053697 ]
 [ 0.40217414  0.25312158]
 [ 2.660074   -2.0331779 ]
 [ 3.5108433  -2.9002438 ]
 [ 3.0945146  -2.532309  ]
 [ 3.5108433  -2.9002438 ]
 [ 3.5108433  -2.9002438 ]
 [ 2.660074   -2.0331779 ]
 [ 0.40217414  0.25312158]
 [ 0.40217414  0.25312158]
 [ 3.5108433  -2.9002438 ]
 [ 3.5108433  -2.9002438 ]
 [ 3.5108433  -2.9002438 ]
 [ 3.5108433  -2.9002438 ]
 [ 0.8366147  -0.24600987]
 [ 1.2253832  -0.6318333 ]
 [ 3.5108433  -2.9002438 ]]
2025-12-21 20:56:37,716 - [INFO] - ------------------------------------------------------------
2025-12-21 20:56:37,717 - [INFO] - On Validation Set:
	Accuracy of RRL  Model: 0.9011748445058743
	F1 Score of RRL  Model: 0.6835146044181099
2025-12-21 20:56:37,722 - [INFO] - On Validation Set:
Performance of  RRL Model: 
[[1252   34]
 [ 109   52]]
              precision    recall  f1-score   support

           0       0.92      0.97      0.95      1286
           1       0.60      0.32      0.42       161

    accuracy                           0.90      1447
   macro avg       0.76      0.65      0.68      1447
weighted avg       0.88      0.90      0.89      1447

2025-12-21 20:56:37,722 - [INFO] - ------------------------------------------------------------
2025-12-21 20:56:37,754 - [INFO] - epoch: 56, loss_rrl: 113.66290099360049
2025-12-21 20:56:39,137 - [INFO] - epoch: 57, loss_rrl: 113.71890566125512
2025-12-21 20:56:39,347 - [DEBUG] - y_true: (1447,) [0 0 0 0 0 1 0 0 0 0 0 0 0 0 0 0 0 1 0 0 0 0 0 0 1 0 0 0 0 0 0 0 0 0 0 0 0
 0 1 1 0]
2025-12-21 20:56:39,505 - [DEBUG] - y_rrl_: (1447,) [0 1 0 0 0 0 0 0 0 0 0 0 0 0 0 0 0 0 0 0 0 0 0 0 1 0 0 0 0 0 0 0 0 0 0 0 0
 0 0 0 0]
2025-12-21 20:56:39,506 - [DEBUG] - y_rrl: (1447, 2) [[ 3.6390972  -3.0336475 ]
 [-0.12092918  0.7594442 ]
 [ 3.1368315  -2.5632272 ]
 [ 3.1368315  -2.5632272 ]
 [ 3.6390972  -3.0336475 ]
 [ 0.88832855 -0.19073373]
 [ 3.6390972  -3.0336475 ]
 [ 3.6390972  -3.0336475 ]
 [ 3.6390972  -3.0336475 ]
 [ 1.7810912  -1.16075   ]
 [ 1.329769   -0.696266  ]
 [ 2.7829869  -2.2123137 ]
 [ 3.1976566  -2.5281155 ]
 [ 3.6390972  -3.0336475 ]
 [ 3.6390972  -3.0336475 ]
 [ 3.1976566  -2.5281155 ]
 [ 2.8238702  -2.225563  ]
 [ 1.329769   -0.696266  ]
 [ 2.1883988  -1.5779371 ]
 [ 2.7829869  -2.2123137 ]
 [ 3.6390972  -3.0336475 ]
 [ 3.6390972  -3.0336475 ]
 [ 3.6390972  -3.0336475 ]
 [ 3.6390972  -3.0336475 ]
 [-0.21840723  0.8730149 ]
 [ 0.88832855 -0.19073373]
 [ 2.3415465  -1.7067816 ]
 [ 3.6390972  -3.0336475 ]
 [ 2.7829869  -2.2123137 ]
 [ 3.6390972  -3.0336475 ]
 [ 3.6390972  -3.0336475 ]
 [ 2.7928689  -2.1712656 ]
 [ 0.88832855 -0.19073373]
 [ 0.88832855 -0.19073373]
 [ 3.6390972  -3.0336475 ]
 [ 3.6390972  -3.0336475 ]
 [ 3.6390972  -3.0336475 ]
 [ 3.6390972  -3.0336475 ]
 [ 1.329769   -0.696266  ]
 [ 1.2788255  -0.6903298 ]
 [ 3.6390972  -3.0336475 ]]
2025-12-21 20:56:39,508 - [INFO] - ------------------------------------------------------------
2025-12-21 20:56:39,508 - [INFO] - On Validation Set:
	Accuracy of RRL  Model: 0.9011748445058743
	F1 Score of RRL  Model: 0.6739064999330229
2025-12-21 20:56:39,514 - [INFO] - On Validation Set:
Performance of  RRL Model: 
[[1256   30]
 [ 113   48]]
              precision    recall  f1-score   support

           0       0.92      0.98      0.95      1286
           1       0.62      0.30      0.40       161

    accuracy                           0.90      1447
   macro avg       0.77      0.64      0.67      1447
weighted avg       0.88      0.90      0.89      1447

2025-12-21 20:56:39,514 - [INFO] - ------------------------------------------------------------
2025-12-21 20:56:40,701 - [INFO] - epoch: 58, loss_rrl: 113.49734080955386
2025-12-21 20:56:41,137 - [DEBUG] - y_true: (1447,) [0 0 0 0 0 1 0 0 0 0 0 0 0 0 0 0 0 1 0 0 0 0 0 0 1 0 0 0 0 0 0 0 0 0 0 0 0
 0 1 1 0]
2025-12-21 20:56:41,294 - [DEBUG] - y_rrl_: (1447,) [0 0 0 0 0 0 0 0 0 0 0 0 0 0 0 0 0 0 0 0 0 0 0 0 1 0 0 0 0 0 0 0 0 0 0 0 0
 0 0 0 0]
2025-12-21 20:56:41,295 - [DEBUG] - y_rrl: (1447, 2) [[ 3.638362   -3.038046  ]
 [ 0.67623544 -0.03614643]
 [ 2.6688392  -2.087023  ]
 [ 2.6688392  -2.087023  ]
 [ 3.638362   -3.038046  ]
 [ 0.46301278  0.18103054]
 [ 3.638362   -3.038046  ]
 [ 3.1693344  -2.5559843 ]
 [ 3.638362   -3.038046  ]
 [ 1.2779537  -0.64993256]
 [ 0.46301278  0.18103054]
 [ 2.3543942  -1.7250212 ]
 [ 3.2022705  -2.5384598 ]
 [ 3.638362   -3.038046  ]
 [ 2.579524   -1.9574901 ]
 [ 3.2022705  -2.5384598 ]
 [ 3.1693344  -2.5559843 ]
 [ 0.46301278  0.18103054]
 [ 2.2041016  -1.5987638 ]
 [ 3.1693344  -2.5559843 ]
 [ 3.638362   -3.038046  ]
 [ 3.638362   -3.038046  ]
 [ 3.638362   -3.038046  ]
 [ 3.638362   -3.038046  ]
 [-0.03748235  0.6499918 ]
 [ 0.46301278  0.18103054]
 [ 2.8234215  -2.2070827 ]
 [ 3.638362   -3.038046  ]
 [ 2.7904859  -2.2246075 ]
 [ 3.1693344  -2.5559843 ]
 [ 3.638362   -3.038046  ]
 [ 3.2022705  -2.5384598 ]
 [ 0.46301278  0.18103054]
 [ 0.46301278  0.18103054]
 [ 3.638362   -3.038046  ]
 [ 3.1693344  -2.5559843 ]
 [ 3.638362   -3.038046  ]
 [ 3.638362   -3.038046  ]
 [ 0.46301278  0.18103054]
 [ 0.8103943  -0.16344641]
 [ 3.1693344  -2.5559843 ]]
2025-12-21 20:56:41,297 - [INFO] - ------------------------------------------------------------
2025-12-21 20:56:41,297 - [INFO] - On Validation Set:
	Accuracy of RRL  Model: 0.9032480995162405
	F1 Score of RRL  Model: 0.6640286051664434
2025-12-21 20:56:41,306 - [INFO] - On Validation Set:
Performance of  RRL Model: 
[[1264   22]
 [ 118   43]]
              precision    recall  f1-score   support

           0       0.91      0.98      0.95      1286
           1       0.66      0.27      0.38       161

    accuracy                           0.90      1447
   macro avg       0.79      0.62      0.66      1447
weighted avg       0.89      0.90      0.88      1447

2025-12-21 20:56:41,306 - [INFO] - ------------------------------------------------------------
2025-12-21 20:56:42,407 - [INFO] - epoch: 59, loss_rrl: 112.27173150517046
2025-12-21 20:56:43,038 - [DEBUG] - y_true: (1447,) [0 0 0 0 0 1 0 0 0 0 0 0 0 0 0 0 0 1 0 0 0 0 0 0 1 0 0 0 0 0 0 0 0 0 0 0 0
 0 1 1 0]
2025-12-21 20:56:43,192 - [DEBUG] - y_rrl_: (1447,) [0 0 0 0 0 0 0 0 0 0 0 0 0 0 0 0 0 0 0 0 0 0 0 0 1 0 0 0 0 0 0 0 0 0 0 0 0
 0 0 0 0]
2025-12-21 20:56:43,193 - [DEBUG] - y_rrl: (1447, 2) [[ 3.8721793  -3.2769935 ]
 [ 0.53960097  0.07507502]
 [ 3.393741   -2.8297734 ]
 [ 3.393741   -2.8297734 ]
 [ 3.8721793  -3.2769935 ]
 [ 0.39265195  0.28193447]
 [ 3.8721793  -3.2769935 ]
 [ 3.8721793  -3.2769935 ]
 [ 3.8721793  -3.2769935 ]
 [ 1.9725002  -1.3628595 ]
 [ 1.470642   -0.84809387]
 [ 3.0154128  -2.4543214 ]
 [ 3.4348147  -2.7767303 ]
 [ 3.8721793  -3.2769935 ]
 [ 3.8721793  -3.2769935 ]
 [ 3.4348147  -2.7767303 ]
 [ 3.025441   -2.4372056 ]
 [ 1.470642   -0.84809387]
 [ 2.4392805  -1.8390586 ]
 [ 2.1686745  -1.6145339 ]
 [ 3.8721793  -3.2769935 ]
 [ 3.8721793  -3.2769935 ]
 [ 3.8721793  -3.2769935 ]
 [ 3.8721793  -3.2769935 ]
 [-0.08578633  0.72915465]
 [ 0.39265195  0.28193447]
 [ 2.026965   -1.3944778 ]
 [ 3.8721793  -3.2769935 ]
 [ 2.6705322  -2.1292994 ]
 [ 3.8721793  -3.2769935 ]
 [ 3.8721793  -3.2769935 ]
 [ 3.0799057  -2.4688237 ]
 [ 1.0332773  -0.34783074]
 [ 1.0332773  -0.34783074]
 [ 3.8721793  -3.2769935 ]
 [ 3.8721793  -3.2769935 ]
 [ 3.8721793  -3.2769935 ]
 [ 3.8721793  -3.2769935 ]
 [ 1.470642   -0.84809387]
 [ 1.4940617  -0.91563934]
 [ 3.8721793  -3.2769935 ]]
2025-12-21 20:56:43,195 - [INFO] - ------------------------------------------------------------
2025-12-21 20:56:43,195 - [INFO] - On Validation Set:
	Accuracy of RRL  Model: 0.89426399447132
	F1 Score of RRL  Model: 0.6054796717542968
2025-12-21 20:56:43,201 - [INFO] - On Validation Set:
Performance of  RRL Model: 
[[1266   20]
 [ 133   28]]
              precision    recall  f1-score   support

           0       0.90      0.98      0.94      1286
           1       0.58      0.17      0.27       161

    accuracy                           0.89      1447
   macro avg       0.74      0.58      0.61      1447
weighted avg       0.87      0.89      0.87      1447

2025-12-21 20:56:43,201 - [INFO] - ------------------------------------------------------------
2025-12-21 20:56:43,902 - [INFO] - epoch: 60, loss_rrl: 114.06546705588698
2025-12-21 20:56:44,748 - [DEBUG] - y_true: (1447,) [0 0 0 0 0 1 0 0 0 0 0 0 0 0 0 0 0 1 0 0 0 0 0 0 1 0 0 0 0 0 0 0 0 0 0 0 0
 0 1 1 0]
2025-12-21 20:56:44,902 - [DEBUG] - y_rrl_: (1447,) [0 0 0 0 0 1 0 0 0 0 0 0 0 0 0 0 0 0 0 0 0 0 0 0 1 1 0 0 0 0 0 0 0 0 0 0 0
 0 0 0 0]
2025-12-21 20:56:44,903 - [DEBUG] - y_rrl: (1447, 2) [[ 4.095845   -3.5057964 ]
 [ 0.67049223 -0.07242103]
 [ 3.1325672  -2.5606399 ]
 [ 3.1325672  -2.5606399 ]
 [ 3.6241884  -3.0650423 ]
 [ 0.14402732  0.49371544]
 [ 4.095845   -3.5057964 ]
 [ 3.1325672  -2.5606399 ]
 [ 4.095845   -3.5057964 ]
 [ 1.1937293  -0.6075666 ]
 [ 1.2368903  -0.5575237 ]
 [ 2.3640187  -1.776319  ]
 [ 2.5744867  -1.96376   ]
 [ 3.1956923  -2.574245  ]
 [ 3.6673496  -3.0149992 ]
 [ 3.6673496  -3.0149992 ]
 [ 3.6042244  -3.001394  ]
 [ 0.7652331  -0.11676943]
 [ 2.234435   -1.670237  ]
 [ 2.3640187  -1.776319  ]
 [ 3.6241884  -3.0650423 ]
 [ 3.1956923  -2.574245  ]
 [ 3.6241884  -3.0650423 ]
 [ 3.1956923  -2.574245  ]
 [ 0.14402732  0.49371544]
 [ 0.14402732  0.49371544]
 [ 3.327298   -2.721476  ]
 [ 3.1956923  -2.574245  ]
 [ 2.3640187  -1.776319  ]
 [ 3.6042244  -3.001394  ]
 [ 3.6241884  -3.0650423 ]
 [ 2.3640187  -1.776319  ]
 [ 1.2368903  -0.5575237 ]
 [ 0.7652331  -0.11676943]
 [ 3.6241884  -3.0650423 ]
 [ 3.1325672  -2.5606399 ]
 [ 3.6241884  -3.0650423 ]
 [ 3.1956923  -2.574245  ]
 [ 0.7652331  -0.11676943]
 [ 1.2568543  -0.6211721 ]
 [ 3.1325672  -2.5606399 ]]
2025-12-21 20:56:44,905 - [INFO] - ------------------------------------------------------------
2025-12-21 20:56:44,905 - [INFO] - On Validation Set:
	Accuracy of RRL  Model: 0.8956461644782309
	F1 Score of RRL  Model: 0.6530190929461068
2025-12-21 20:56:44,911 - [INFO] - On Validation Set:
Performance of  RRL Model: 
[[1253   33]
 [ 118   43]]
              precision    recall  f1-score   support

           0       0.91      0.97      0.94      1286
           1       0.57      0.27      0.36       161

    accuracy                           0.90      1447
   macro avg       0.74      0.62      0.65      1447
weighted avg       0.88      0.90      0.88      1447

2025-12-21 20:56:44,911 - [INFO] - ------------------------------------------------------------
2025-12-21 20:56:45,402 - [INFO] - epoch: 61, loss_rrl: 113.0163549054414
2025-12-21 20:56:46,475 - [DEBUG] - y_true: (1447,) [0 0 0 0 0 1 0 0 0 0 0 0 0 0 0 0 0 1 0 0 0 0 0 0 1 0 0 0 0 0 0 0 0 0 0 0 0
 0 1 1 0]
2025-12-21 20:56:46,629 - [DEBUG] - y_rrl_: (1447,) [0 0 0 0 0 0 0 0 0 0 0 0 0 0 0 0 0 0 0 0 0 0 0 0 1 0 0 0 0 0 0 0 0 0 0 0 0
 0 0 0 0]
2025-12-21 20:56:46,630 - [DEBUG] - y_rrl: (1447, 2) [[ 3.905972   -3.321021  ]
 [ 0.57371676  0.03032045]
 [ 3.4382625  -2.8839035 ]
 [ 3.4382625  -2.8839035 ]
 [ 3.905972   -3.321021  ]
 [ 0.7124955  -0.08521833]
 [ 3.905972   -3.321021  ]
 [ 3.905972   -3.321021  ]
 [ 3.905972   -3.321021  ]
 [ 1.9766593  -1.3776889 ]
 [ 0.7124955  -0.08521833]
 [ 2.641809   -2.0285506 ]
 [ 3.4715466  -2.8248858 ]
 [ 3.4715466  -2.8248858 ]
 [ 3.4715466  -2.8248858 ]
 [ 3.905972   -3.321021  ]
 [ 3.905972   -3.321021  ]
 [ 0.7124955  -0.08521833]
 [ 2.9374557  -2.4091473 ]
 [ 1.765404   -1.1589098 ]
 [ 3.905972   -3.321021  ]
 [ 3.4715466  -2.8248858 ]
 [ 3.905972   -3.321021  ]
 [ 3.4715466  -2.8248858 ]
 [-0.38689998  0.9730007 ]
 [ 0.7124955  -0.08521833]
 [ 3.1347156  -2.534114  ]
 [ 3.4715466  -2.8248858 ]
 [ 2.2583117  -1.6644729 ]
 [ 3.905972   -3.321021  ]
 [ 3.905972   -3.321021  ]
 [ 3.1347156  -2.534114  ]
 [ 0.7124955  -0.08521833]
 [ 0.7124955  -0.08521833]
 [ 3.905972   -3.321021  ]
 [ 3.905972   -3.321021  ]
 [ 3.905972   -3.321021  ]
 [ 3.4715466  -2.8248858 ]
 [ 0.7124955  -0.08521833]
 [ 1.0745239  -0.44443598]
 [ 3.905972   -3.321021  ]]
2025-12-21 20:56:46,632 - [INFO] - ------------------------------------------------------------
2025-12-21 20:56:46,632 - [INFO] - On Validation Set:
	Accuracy of RRL  Model: 0.899101589495508
	F1 Score of RRL  Model: 0.649629831102148
2025-12-21 20:56:46,638 - [INFO] - On Validation Set:
Performance of  RRL Model: 
[[1261   25]
 [ 121   40]]
              precision    recall  f1-score   support

           0       0.91      0.98      0.95      1286
           1       0.62      0.25      0.35       161

    accuracy                           0.90      1447
   macro avg       0.76      0.61      0.65      1447
weighted avg       0.88      0.90      0.88      1447

2025-12-21 20:56:46,638 - [INFO] - ------------------------------------------------------------
2025-12-21 20:56:46,913 - [INFO] - epoch: 62, loss_rrl: 113.67079192213714
2025-12-21 20:56:48,232 - [DEBUG] - y_true: (1447,) [0 0 0 0 0 1 0 0 0 0 0 0 0 0 0 0 0 1 0 0 0 0 0 0 1 0 0 0 0 0 0 0 0 0 0 0 0
 0 1 1 0]
2025-12-21 20:56:48,388 - [DEBUG] - y_rrl_: (1447,) [0 0 0 0 0 0 0 0 0 0 0 0 0 0 0 0 0 0 0 0 0 0 0 0 1 0 0 0 0 0 0 0 0 0 0 0 0
 0 0 0 0]
2025-12-21 20:56:48,389 - [DEBUG] - y_rrl: (1447, 2) [[ 3.5416799  -2.9618084 ]
 [ 0.6029409   0.01500618]
 [ 3.050959   -2.5013707 ]
 [ 3.050959   -2.5013707 ]
 [ 3.5416799  -2.9618084 ]
 [ 0.36685294  0.25487232]
 [ 3.5416799  -2.9618084 ]
 [ 3.5416799  -2.9618084 ]
 [ 3.5416799  -2.9618084 ]
 [ 1.6379789  -1.0443052 ]
 [ 0.71136945 -0.0440459 ]
 [ 3.1098475  -2.4688592 ]
 [ 3.1098475  -2.4688592 ]
 [ 3.5416799  -2.9618084 ]
 [ 3.5416799  -2.9618084 ]
 [ 3.1098475  -2.4688592 ]
 [ 3.5416799  -2.9618084 ]
 [ 0.71136945 -0.0440459 ]
 [ 2.133385   -1.548445  ]
 [ 3.1971633  -2.6628902 ]
 [ 3.5416799  -2.9618084 ]
 [ 3.5416799  -2.9618084 ]
 [ 3.5416799  -2.9618084 ]
 [ 3.5416799  -2.9618084 ]
 [-0.12386771  0.7153101 ]
 [ 0.36685294  0.25487232]
 [ 2.074181   -1.4127178 ]
 [ 3.5416799  -2.9618084 ]
 [ 3.5416799  -2.9618084 ]
 [ 3.5416799  -2.9618084 ]
 [ 3.5416799  -2.9618084 ]
 [ 2.7653313  -2.1699407 ]
 [ 0.71136945 -0.0440459 ]
 [ 0.71136945 -0.0440459 ]
 [ 3.5416799  -2.9618084 ]
 [ 3.5416799  -2.9618084 ]
 [ 3.5416799  -2.9618084 ]
 [ 3.5416799  -2.9618084 ]
 [ 0.71136945 -0.0440459 ]
 [ 0.7154261  -0.09091803]
 [ 3.5416799  -2.9618084 ]]
2025-12-21 20:56:48,391 - [INFO] - ------------------------------------------------------------
2025-12-21 20:56:48,391 - [INFO] - On Validation Set:
	Accuracy of RRL  Model: 0.899101589495508
	F1 Score of RRL  Model: 0.6936384834914964
2025-12-21 20:56:48,397 - [INFO] - On Validation Set:
Performance of  RRL Model: 
[[1243   43]
 [ 103   58]]
              precision    recall  f1-score   support

           0       0.92      0.97      0.94      1286
           1       0.57      0.36      0.44       161

    accuracy                           0.90      1447
   macro avg       0.75      0.66      0.69      1447
weighted avg       0.88      0.90      0.89      1447

2025-12-21 20:56:48,397 - [INFO] - ------------------------------------------------------------
2025-12-21 20:56:48,458 - [INFO] - epoch: 63, loss_rrl: 113.79130228795111
2025-12-21 20:56:49,798 - [INFO] - epoch: 64, loss_rrl: 113.22756504267454
2025-12-21 20:56:49,972 - [DEBUG] - y_true: (1447,) [0 0 0 0 0 1 0 0 0 0 0 0 0 0 0 0 0 1 0 0 0 0 0 0 1 0 0 0 0 0 0 0 0 0 0 0 0
 0 1 1 0]
2025-12-21 20:56:50,127 - [DEBUG] - y_rrl_: (1447,) [0 1 0 0 0 0 0 0 0 0 0 0 0 0 0 0 0 0 0 0 0 0 0 0 1 0 0 0 0 0 0 0 0 0 0 0 0
 0 0 0 0]
2025-12-21 20:56:50,127 - [DEBUG] - y_rrl: (1447, 2) [[ 3.5837553  -3.008974  ]
 [-0.2557412   0.861586  ]
 [ 2.5854445  -2.0282297 ]
 [ 2.5854445  -2.0282297 ]
 [ 3.5837553  -3.008974  ]
 [ 0.38392317  0.2322399 ]
 [ 3.5837553  -3.008974  ]
 [ 3.0935931  -2.5064018 ]
 [ 3.5837553  -3.008974  ]
 [ 1.1719131  -0.57113343]
 [ 0.828918   -0.27328208]
 [ 2.7505975  -2.2085502 ]
 [ 3.1387603  -2.5034525 ]
 [ 3.5837553  -3.008974  ]
 [ 3.5837553  -3.008974  ]
 [ 3.1387603  -2.5034525 ]
 [ 2.2228606  -1.6422502 ]
 [ 0.828918   -0.27328208]
 [ 2.1561015  -1.576255  ]
 [ 2.7505975  -2.2085502 ]
 [ 3.5837553  -3.008974  ]
 [ 3.5837553  -3.008974  ]
 [ 3.5837553  -3.008974  ]
 [ 3.5837553  -3.008974  ]
 [-0.76388985  1.3397578 ]
 [ 0.38392317  0.2322399 ]
 [ 2.3056028  -1.7030284 ]
 [ 3.5837553  -3.008974  ]
 [ 2.7505975  -2.2085502 ]
 [ 3.0935931  -2.5064018 ]
 [ 3.5837553  -3.008974  ]
 [ 2.7957654  -2.2056012 ]
 [ 0.38392317  0.2322399 ]
 [ 0.38392317  0.2322399 ]
 [ 3.5837553  -3.008974  ]
 [ 3.0935931  -2.5064018 ]
 [ 3.5837553  -3.008974  ]
 [ 3.5837553  -3.008974  ]
 [ 0.828918   -0.27328208]
 [ 1.1539268  -0.5955339 ]
 [ 3.0935931  -2.5064018 ]]
2025-12-21 20:56:50,129 - [INFO] - ------------------------------------------------------------
2025-12-21 20:56:50,129 - [INFO] - On Validation Set:
	Accuracy of RRL  Model: 0.8963372494816862
	F1 Score of RRL  Model: 0.6873919806429312
2025-12-21 20:56:50,135 - [INFO] - On Validation Set:
Performance of  RRL Model: 
[[1240   46]
 [ 104   57]]
              precision    recall  f1-score   support

           0       0.92      0.96      0.94      1286
           1       0.55      0.35      0.43       161

    accuracy                           0.90      1447
   macro avg       0.74      0.66      0.69      1447
weighted avg       0.88      0.90      0.89      1447

2025-12-21 20:56:50,135 - [INFO] - ------------------------------------------------------------
2025-12-21 20:56:51,316 - [INFO] - epoch: 65, loss_rrl: 112.1764727756381
2025-12-21 20:56:51,706 - [DEBUG] - y_true: (1447,) [0 0 0 0 0 1 0 0 0 0 0 0 0 0 0 0 0 1 0 0 0 0 0 0 1 0 0 0 0 0 0 0 0 0 0 0 0
 0 1 1 0]
2025-12-21 20:56:51,861 - [DEBUG] - y_rrl_: (1447,) [0 0 0 0 0 1 0 0 0 0 0 0 0 0 0 0 0 0 0 0 0 0 0 0 1 0 0 0 0 0 0 0 0 0 0 0 0
 0 0 0 0]
2025-12-21 20:56:51,862 - [DEBUG] - y_rrl: (1447, 2) [[ 3.793919   -3.224236  ]
 [ 0.8474264  -0.24052972]
 [ 2.7677107  -2.2154105 ]
 [ 2.7677107  -2.2154105 ]
 [ 3.2653327  -2.725321  ]
 [ 0.02709033  0.5538318 ]
 [ 3.793919   -3.224236  ]
 [ 3.296297   -2.7143254 ]
 [ 3.793919   -3.224236  ]
 [ 1.3455405  -0.7501917 ]
 [ 0.8169539  -0.25127673]
 [ 3.296297   -2.7143254 ]
 [ 3.3563695  -2.7267454 ]
 [ 3.2653327  -2.725321  ]
 [ 2.740686   -2.1511354 ]
 [ 3.3563695  -2.7267454 ]
 [ 2.7677107  -2.2154105 ]
 [ 1.3455405  -0.7501917 ]
 [ 2.3982823  -1.8235412 ]
 [ 2.9439836  -2.406708  ]
 [ 3.793919   -3.224236  ]
 [ 3.2653327  -2.725321  ]
 [ 3.793919   -3.224236  ]
 [ 3.2653327  -2.725321  ]
 [ 0.02709033  0.5538318 ]
 [ 0.5556768   0.0549168 ]
 [ 3.3563695  -2.7267454 ]
 [ 3.793919   -3.224236  ]
 [ 3.296297   -2.7143254 ]
 [ 3.296297   -2.7143254 ]
 [ 3.793919   -3.224236  ]
 [ 3.004056   -2.419128  ]
 [ 0.90799105 -0.25270098]
 [ 0.90799105 -0.25270098]
 [ 3.793919   -3.224236  ]
 [ 3.296297   -2.7143254 ]
 [ 3.793919   -3.224236  ]
 [ 3.2653327  -2.725321  ]
 [ 1.3455405  -0.7501917 ]
 [ 1.3145764  -0.7611872 ]
 [ 3.296297   -2.7143254 ]]
2025-12-21 20:56:51,864 - [INFO] - ------------------------------------------------------------
2025-12-21 20:56:51,864 - [INFO] - On Validation Set:
	Accuracy of RRL  Model: 0.9004837595024188
	F1 Score of RRL  Model: 0.6626078395813363
2025-12-21 20:56:51,870 - [INFO] - On Validation Set:
Performance of  RRL Model: 
[[1259   27]
 [ 117   44]]
              precision    recall  f1-score   support

           0       0.91      0.98      0.95      1286
           1       0.62      0.27      0.38       161

    accuracy                           0.90      1447
   macro avg       0.77      0.63      0.66      1447
weighted avg       0.88      0.90      0.88      1447

2025-12-21 20:56:51,870 - [INFO] - ------------------------------------------------------------
2025-12-21 20:56:52,834 - [INFO] - epoch: 66, loss_rrl: 111.21222498267889
2025-12-21 20:56:53,443 - [DEBUG] - y_true: (1447,) [0 0 0 0 0 1 0 0 0 0 0 0 0 0 0 0 0 1 0 0 0 0 0 0 1 0 0 0 0 0 0 0 0 0 0 0 0
 0 1 1 0]
2025-12-21 20:56:53,598 - [DEBUG] - y_rrl_: (1447,) [0 1 0 0 0 1 0 0 0 0 0 0 0 0 0 0 0 0 0 0 0 0 0 0 1 0 0 0 0 0 0 0 0 0 0 0 0
 0 0 0 0]
2025-12-21 20:56:53,599 - [DEBUG] - y_rrl: (1447, 2) [[ 3.4553595  -2.920134  ]
 [ 0.11824299  0.43519732]
 [ 2.9475162  -2.4001226 ]
 [ 2.9475162  -2.4001226 ]
 [ 3.4553595  -2.920134  ]
 [ 0.21020739  0.36545777]
 [ 3.9957483  -3.431157  ]
 [ 2.9475162  -2.4001226 ]
 [ 3.9957483  -3.431157  ]
 [ 1.014508   -0.45394772]
 [ 1.014508   -0.45394772]
 [ 3.487905   -2.9111457 ]
 [ 3.5749369  -2.9509873 ]
 [ 3.034548   -2.4399643 ]
 [ 3.5749369  -2.9509873 ]
 [ 3.034548   -2.4399643 ]
 [ 2.0438766  -1.502882  ]
 [ 1.014508   -0.45394772]
 [ 2.051251   -1.5109777 ]
 [ 1.2395759  -0.6834762 ]
 [ 3.4553595  -2.920134  ]
 [ 3.034548   -2.4399643 ]
 [ 3.4553595  -2.920134  ]
 [ 3.034548   -2.4399643 ]
 [-0.3896003   0.95520854]
 [ 0.7505961  -0.14556535]
 [ 3.5749369  -2.9509873 ]
 [ 3.034548   -2.4399643 ]
 [ 2.671297   -2.0537462 ]
 [ 3.487905   -2.9111457 ]
 [ 3.4553595  -2.920134  ]
 [ 2.6510587  -2.1007285 ]
 [ 0.5936966   0.02622182]
 [ 0.5936966   0.02622182]
 [ 3.9957483  -3.431157  ]
 [ 3.4553595  -2.920134  ]
 [ 3.4553595  -2.920134  ]
 [ 3.034548   -2.4399643 ]
 [ 1.014508   -0.45394772]
 [ 1.5223513  -0.97395897]
 [ 2.9475162  -2.4001226 ]]
2025-12-21 20:56:53,601 - [INFO] - ------------------------------------------------------------
2025-12-21 20:56:53,601 - [INFO] - On Validation Set:
	Accuracy of RRL  Model: 0.8880442294402211
	F1 Score of RRL  Model: 0.6857249345746278
2025-12-21 20:56:53,607 - [INFO] - On Validation Set:
Performance of  RRL Model: 
[[1223   63]
 [  99   62]]
              precision    recall  f1-score   support

           0       0.93      0.95      0.94      1286
           1       0.50      0.39      0.43       161

    accuracy                           0.89      1447
   macro avg       0.71      0.67      0.69      1447
weighted avg       0.88      0.89      0.88      1447

2025-12-21 20:56:53,607 - [INFO] - ------------------------------------------------------------
2025-12-21 20:56:54,349 - [INFO] - epoch: 67, loss_rrl: 112.19411334954202
2025-12-21 20:56:55,176 - [DEBUG] - y_true: (1447,) [0 0 0 0 0 1 0 0 0 0 0 0 0 0 0 0 0 1 0 0 0 0 0 0 1 0 0 0 0 0 0 0 0 0 0 0 0
 0 1 1 0]
2025-12-21 20:56:55,334 - [DEBUG] - y_rrl_: (1447,) [0 0 0 0 0 1 0 0 0 0 0 0 0 0 0 0 0 0 0 0 0 0 0 0 1 1 0 0 0 0 0 0 0 1 0 0 0
 0 0 0 0]
2025-12-21 20:56:55,335 - [DEBUG] - y_rrl: (1447, 2) [[ 4.1015725  -3.542096  ]
 [ 1.7116586  -1.1278741 ]
 [ 3.0557032  -2.5132363 ]
 [ 3.0557032  -2.5132363 ]
 [ 3.578086   -3.0476668 ]
 [-0.24536067  0.80582845]
 [ 4.1015725  -3.542096  ]
 [ 3.5791895  -3.0076654 ]
 [ 4.1015725  -3.542096  ]
 [ 1.6170243  -1.0325425 ]
 [ 0.8079499  -0.20849854]
 [ 2.2466285  -1.6891923 ]
 [ 2.6151168  -2.0358484 ]
 [ 3.1449409  -2.5557463 ]
 [ 3.6684272  -3.0501754 ]
 [ 3.6684272  -3.0501754 ]
 [ 3.5791895  -3.0076654 ]
 [ 0.8079499  -0.20849854]
 [ 2.7626736  -2.198154  ]
 [ 2.770115   -2.1836214 ]
 [ 4.1015725  -3.542096  ]
 [ 3.1449409  -2.5557463 ]
 [ 3.578086   -3.0476668 ]
 [ 3.6684272  -3.0501754 ]
 [-0.24536067  0.80582845]
 [-0.24536067  0.80582845]
 [ 3.2924976  -2.718052  ]
 [ 3.6684272  -3.0501754 ]
 [ 2.7690113  -2.2236228 ]
 [ 3.5791895  -3.0076654 ]
 [ 4.1015725  -3.542096  ]
 [ 2.2466285  -1.6891923 ]
 [ 0.8079499  -0.20849854]
 [ 0.2844634   0.28593054]
 [ 3.578086   -3.0476668 ]
 [ 4.1015725  -3.542096  ]
 [ 3.578086   -3.0476668 ]
 [ 3.6684272  -3.0501754 ]
 [ 0.8079499  -0.20849854]
 [ 1.1827755  -0.58062315]
 [ 3.5791895  -3.0076654 ]]
2025-12-21 20:56:55,337 - [INFO] - ------------------------------------------------------------
2025-12-21 20:56:55,337 - [INFO] - On Validation Set:
	Accuracy of RRL  Model: 0.8908085694540429
	F1 Score of RRL  Model: 0.6773007000903343
2025-12-21 20:56:55,343 - [INFO] - On Validation Set:
Performance of  RRL Model: 
[[1233   53]
 [ 105   56]]
              precision    recall  f1-score   support

           0       0.92      0.96      0.94      1286
           1       0.51      0.35      0.41       161

    accuracy                           0.89      1447
   macro avg       0.72      0.65      0.68      1447
weighted avg       0.88      0.89      0.88      1447

2025-12-21 20:56:55,343 - [INFO] - ------------------------------------------------------------
2025-12-21 20:56:55,870 - [INFO] - epoch: 68, loss_rrl: 112.40986154228449
2025-12-21 20:56:56,916 - [DEBUG] - y_true: (1447,) [0 0 0 0 0 1 0 0 0 0 0 0 0 0 0 0 0 1 0 0 0 0 0 0 1 0 0 0 0 0 0 0 0 0 0 0 0
 0 1 1 0]
2025-12-21 20:56:57,070 - [DEBUG] - y_rrl_: (1447,) [0 1 0 0 0 1 0 0 0 0 1 0 0 0 0 0 0 0 0 0 0 0 0 0 1 0 0 0 0 0 0 0 0 0 0 0 0
 0 0 0 0]
2025-12-21 20:56:57,071 - [DEBUG] - y_rrl: (1447, 2) [[ 3.821522   -3.2671165 ]
 [-0.02755989  0.6116819 ]
 [ 2.7989378  -2.261358  ]
 [ 2.7989378  -2.261358  ]
 [ 3.305302   -2.7796507 ]
 [ 0.00788588  0.55727965]
 [ 3.821522   -3.2671165 ]
 [ 3.315158   -2.748824  ]
 [ 3.821522   -3.2671165 ]
 [ 1.3559723  -0.7768884 ]
 [ 0.00788588  0.55727965]
 [ 2.4832914  -1.9021214 ]
 [ 3.3910325  -2.7784305 ]
 [ 3.305302   -2.7796507 ]
 [ 3.821522   -3.2671165 ]
 [ 3.3910325  -2.7784305 ]
 [ 2.7989378  -2.261358  ]
 [ 0.5241059   0.0698138 ]
 [ 2.43799    -1.8785464 ]
 [ 2.0019295  -1.4851744 ]
 [ 3.821522   -3.2671165 ]
 [ 3.305302   -2.7796507 ]
 [ 3.821522   -3.2671165 ]
 [ 3.305302   -2.7796507 ]
 [-0.5437799   1.0991477 ]
 [ 0.5241059   0.0698138 ]
 [ 2.4832914  -1.9021214 ]
 [ 3.821522   -3.2671165 ]
 [ 2.0019295  -1.4851744 ]
 [ 3.315158   -2.748824  ]
 [ 3.821522   -3.2671165 ]
 [ 2.9896555  -2.4204144 ]
 [ 0.5241059   0.0698138 ]
 [ 0.5241059   0.0698138 ]
 [ 3.821522   -3.2671165 ]
 [ 3.315158   -2.748824  ]
 [ 3.821522   -3.2671165 ]
 [ 3.305302   -2.7796507 ]
 [ 0.5241059   0.0698138 ]
 [ 0.91562694 -0.31902924]
 [ 3.315158   -2.748824  ]]
2025-12-21 20:56:57,073 - [INFO] - ------------------------------------------------------------
2025-12-21 20:56:57,073 - [INFO] - On Validation Set:
	Accuracy of RRL  Model: 0.899101589495508
	F1 Score of RRL  Model: 0.6893607886038278
2025-12-21 20:56:57,079 - [INFO] - On Validation Set:
Performance of  RRL Model: 
[[1245   41]
 [ 105   56]]
              precision    recall  f1-score   support

           0       0.92      0.97      0.94      1286
           1       0.58      0.35      0.43       161

    accuracy                           0.90      1447
   macro avg       0.75      0.66      0.69      1447
weighted avg       0.88      0.90      0.89      1447

2025-12-21 20:56:57,079 - [INFO] - ------------------------------------------------------------
2025-12-21 20:56:57,391 - [INFO] - epoch: 69, loss_rrl: 110.90126242861152
2025-12-21 20:56:58,771 - [DEBUG] - y_true: (1447,) [0 0 0 0 0 1 0 0 0 0 0 0 0 0 0 0 0 1 0 0 0 0 0 0 1 0 0 0 0 0 0 0 0 0 0 0 0
 0 1 1 0]
2025-12-21 20:56:58,926 - [DEBUG] - y_rrl_: (1447,) [0 0 0 0 0 0 0 0 0 0 0 0 0 0 0 0 0 0 0 0 0 0 0 0 1 0 0 0 0 0 0 0 0 0 0 0 0
 0 0 0 0]
2025-12-21 20:56:58,926 - [DEBUG] - y_rrl: (1447, 2) [[ 3.6623785  -3.1129818 ]
 [ 1.2066703  -0.6335728 ]
 [ 2.6383543  -2.105601  ]
 [ 2.6383543  -2.105601  ]
 [ 3.6623785  -3.1129818 ]
 [ 0.40048766  0.18796225]
 [ 3.6623785  -3.1129818 ]
 [ 3.157572   -2.596365  ]
 [ 3.6623785  -3.1129818 ]
 [ 1.2251091  -0.6513579 ]
 [ 0.40048766  0.18796225]
 [ 2.3329513  -1.7570457 ]
 [ 3.2524736  -2.6454587 ]
 [ 3.2524736  -2.6454587 ]
 [ 3.2524736  -2.6454587 ]
 [ 3.6623785  -3.1129818 ]
 [ 3.157572   -2.596365  ]
 [ 0.40048766  0.18796225]
 [ 2.656974   -2.1601696 ]
 [ 2.3329513  -1.7570457 ]
 [ 3.6623785  -3.1129818 ]
 [ 3.2524736  -2.6454587 ]
 [ 3.6623785  -3.1129818 ]
 [ 3.2524736  -2.6454587 ]
 [-0.1187301   0.6787263 ]
 [ 0.40048766  0.18796225]
 [ 2.8377569  -2.273662  ]
 [ 3.2524736  -2.6454587 ]
 [ 2.8377569  -2.273662  ]
 [ 3.157572   -2.596365  ]
 [ 3.6623785  -3.1129818 ]
 [ 2.3329513  -1.7570457 ]
 [ 0.40048766  0.18796225]
 [ 0.40048766  0.18796225]
 [ 3.6623785  -3.1129818 ]
 [ 3.6623785  -3.1129818 ]
 [ 3.6623785  -3.1129818 ]
 [ 3.2524736  -2.6454587 ]
 [ 0.40048766  0.18796225]
 [ 0.80079275 -0.20968723]
 [ 3.157572   -2.596365  ]]
2025-12-21 20:56:58,928 - [INFO] - ------------------------------------------------------------
2025-12-21 20:56:58,928 - [INFO] - On Validation Set:
	Accuracy of RRL  Model: 0.9011748445058743
	F1 Score of RRL  Model: 0.6903182259684243
2025-12-21 20:56:58,934 - [INFO] - On Validation Set:
Performance of  RRL Model: 
[[1249   37]
 [ 106   55]]
              precision    recall  f1-score   support

           0       0.92      0.97      0.95      1286
           1       0.60      0.34      0.43       161

    accuracy                           0.90      1447
   macro avg       0.76      0.66      0.69      1447
weighted avg       0.89      0.90      0.89      1447

2025-12-21 20:56:58,934 - [INFO] - ------------------------------------------------------------
2025-12-21 20:56:59,034 - [INFO] - epoch: 70, loss_rrl: 113.20975837670267
2025-12-21 20:57:00,630 - [INFO] - epoch: 71, loss_rrl: 113.29202852584422
2025-12-21 20:57:00,804 - [DEBUG] - y_true: (1447,) [0 0 0 0 0 1 0 0 0 0 0 0 0 0 0 0 0 1 0 0 0 0 0 0 1 0 0 0 0 0 0 0 0 0 0 0 0
 0 1 1 0]
2025-12-21 20:57:01,006 - [DEBUG] - y_rrl_: (1447,) [0 0 0 0 0 0 0 0 0 0 1 0 0 0 0 0 0 1 0 0 0 0 0 0 1 0 0 0 0 0 0 0 1 1 0 0 0
 0 0 1 0]
2025-12-21 20:57:01,006 - [DEBUG] - y_rrl: (1447, 2) [[ 3.6920722  -3.1476898 ]
 [ 0.2822817   0.27945986]
 [ 2.6849213  -2.1569996 ]
 [ 2.6849213  -2.1569996 ]
 [ 3.6920722  -3.1476898 ]
 [ 0.4097608   0.17322057]
 [ 3.6920722  -3.1476898 ]
 [ 3.2114165  -2.6553416 ]
 [ 3.6920722  -3.1476898 ]
 [ 1.255994   -0.68757856]
 [-0.19837412  0.7718081 ]
 [ 1.7570487  -1.195955  ]
 [ 3.2522085  -2.6507845 ]
 [ 3.6920722  -3.1476898 ]
 [ 3.6920722  -3.1476898 ]
 [ 2.6440735  -2.0521972 ]
 [ 3.2114165  -2.6553416 ]
 [-0.19837412  0.7718081 ]
 [ 2.2377045  -1.6883037 ]
 [ 1.9018263  -1.3942705 ]
 [ 3.6920722  -3.1476898 ]
 [ 3.6920722  -3.1476898 ]
 [ 3.6920722  -3.1476898 ]
 [ 3.6920722  -3.1476898 ]
 [-0.7248694   1.2701501 ]
 [ 0.4097608   0.17322057]
 [ 1.1855034  -0.6177179 ]
 [ 3.6920722  -3.1476898 ]
 [ 1.7743472  -1.2880312 ]
 [ 3.2114165  -2.6553416 ]
 [ 3.6920722  -3.1476898 ]
 [ 2.8458393  -2.2868915 ]
 [-0.19837412  0.7718081 ]
 [-0.19837412  0.7718081 ]
 [ 3.6920722  -3.1476898 ]
 [ 3.6920722  -3.1476898 ]
 [ 3.6920722  -3.1476898 ]
 [ 3.6920722  -3.1476898 ]
 [ 0.89041656 -0.31912786]
 [ 0.16215539  0.41390815]
 [ 3.2114165  -2.6553416 ]]
2025-12-21 20:57:01,009 - [INFO] - ------------------------------------------------------------
2025-12-21 20:57:01,009 - [INFO] - On Validation Set:
	Accuracy of RRL  Model: 0.889426399447132
	F1 Score of RRL  Model: 0.6774948459352538
2025-12-21 20:57:01,017 - [INFO] - On Validation Set:
Performance of  RRL Model: 
[[1230   56]
 [ 104   57]]
              precision    recall  f1-score   support

           0       0.92      0.96      0.94      1286
           1       0.50      0.35      0.42       161

    accuracy                           0.89      1447
   macro avg       0.71      0.66      0.68      1447
weighted avg       0.88      0.89      0.88      1447

2025-12-21 20:57:01,017 - [INFO] - ------------------------------------------------------------
2025-12-21 20:57:02,315 - [INFO] - epoch: 72, loss_rrl: 111.93724358081818
2025-12-21 20:57:02,693 - [DEBUG] - y_true: (1447,) [0 0 0 0 0 1 0 0 0 0 0 0 0 0 0 0 0 1 0 0 0 0 0 0 1 0 0 0 0 0 0 0 0 0 0 0 0
 0 1 1 0]
2025-12-21 20:57:02,849 - [DEBUG] - y_rrl_: (1447,) [0 0 0 0 0 0 0 0 0 0 0 0 0 0 0 0 0 0 0 0 0 0 0 0 0 0 0 0 0 0 0 0 0 0 0 0 0
 0 0 0 0]
2025-12-21 20:57:02,849 - [DEBUG] - y_rrl: (1447, 2) [[ 3.982454   -3.4430792 ]
 [ 1.5054654  -0.9429867 ]
 [ 3.4637027  -2.9521809 ]
 [ 3.4637027  -2.9521809 ]
 [ 3.982454   -3.4430792 ]
 [ 1.0674713  -0.4479181 ]
 [ 3.982454   -3.4430792 ]
 [ 3.982454   -3.4430792 ]
 [ 3.982454   -3.4430792 ]
 [ 1.9886619  -1.437146  ]
 [ 1.4930532  -0.9299628 ]
 [ 3.486846   -2.9358957 ]
 [ 3.5568724  -2.9610345 ]
 [ 3.982454   -3.4430792 ]
 [ 3.982454   -3.4430792 ]
 [ 3.5568724  -2.9610345 ]
 [ 3.982454   -3.4430792 ]
 [ 1.4930532  -0.9299628 ]
 [ 2.5720773  -2.027696  ]
 [ 3.0772295  -2.568312  ]
 [ 3.982454   -3.4430792 ]
 [ 3.982454   -3.4430792 ]
 [ 3.982454   -3.4430792 ]
 [ 3.982454   -3.4430792 ]
 [ 0.5487196   0.04298035]
 [ 1.0674713  -0.4479181 ]
 [ 2.4902606  -1.876325  ]
 [ 3.982454   -3.4430792 ]
 [ 3.982454   -3.4430792 ]
 [ 3.982454   -3.4430792 ]
 [ 3.982454   -3.4430792 ]
 [ 3.147256   -2.5934503 ]
 [ 1.0674713  -0.4479181 ]
 [ 1.0674713  -0.4479181 ]
 [ 3.982454   -3.4430792 ]
 [ 3.982454   -3.4430792 ]
 [ 3.982454   -3.4430792 ]
 [ 3.982454   -3.4430792 ]
 [ 1.4930532  -0.9299628 ]
 [ 1.46991    -0.94624746]
 [ 3.982454   -3.4430792 ]]
2025-12-21 20:57:02,851 - [INFO] - ------------------------------------------------------------
2025-12-21 20:57:02,851 - [INFO] - On Validation Set:
	Accuracy of RRL  Model: 0.8984105044920525
	F1 Score of RRL  Model: 0.5839392072294105
2025-12-21 20:57:02,857 - [INFO] - On Validation Set:
Performance of  RRL Model: 
[[1279    7]
 [ 140   21]]
              precision    recall  f1-score   support

           0       0.90      0.99      0.95      1286
           1       0.75      0.13      0.22       161

    accuracy                           0.90      1447
   macro avg       0.83      0.56      0.58      1447
weighted avg       0.88      0.90      0.87      1447

2025-12-21 20:57:02,857 - [INFO] - ------------------------------------------------------------
2025-12-21 20:57:03,907 - [INFO] - epoch: 73, loss_rrl: 111.79971190728247
2025-12-21 20:57:04,515 - [DEBUG] - y_true: (1447,) [0 0 0 0 0 1 0 0 0 0 0 0 0 0 0 0 0 1 0 0 0 0 0 0 1 0 0 0 0 0 0 0 0 0 0 0 0
 0 1 1 0]
2025-12-21 20:57:04,670 - [DEBUG] - y_rrl_: (1447,) [0 0 0 0 0 0 0 0 0 0 0 0 0 0 0 0 0 0 0 0 0 0 0 0 0 0 0 0 0 0 0 0 0 0 0 0 0
 0 0 0 0]
2025-12-21 20:57:04,671 - [DEBUG] - y_rrl: (1447, 2) [[ 3.6120791  -3.1052341 ]
 [ 0.7064866  -0.155148  ]
 [ 3.0993145  -2.5810113 ]
 [ 3.0993145  -2.5810113 ]
 [ 3.6120791  -3.1052341 ]
 [ 1.0878069  -0.557563  ]
 [ 4.148864   -3.6144624 ]
 [ 3.636099   -3.0902395 ]
 [ 4.148864   -3.6144624 ]
 [ 1.6245917  -1.0667913 ]
 [ 1.0878069  -0.557563  ]
 [ 3.636099   -3.0902395 ]
 [ 3.7109845  -3.1206927 ]
 [ 3.1741996  -2.6114645 ]
 [ 3.7109845  -3.1206927 ]
 [ 3.1741996  -2.6114645 ]
 [ 2.1567373  -1.6443063 ]
 [ 1.6245917  -1.0667913 ]
 [ 2.181209   -1.6693684 ]
 [ 1.8699486  -1.3156627 ]
 [ 4.148864   -3.6144624 ]
 [ 3.1741996  -2.6114645 ]
 [ 3.6120791  -3.1052341 ]
 [ 3.1741996  -2.6114645 ]
 [ 0.48051026  0.04043178]
 [ 1.6245917  -1.0667913 ]
 [ 2.6420543  -2.0339506 ]
 [ 3.7109845  -3.1206927 ]
 [ 2.768407   -2.1839879 ]
 [ 3.636099   -3.0902395 ]
 [ 4.148864   -3.6144624 ]
 [ 3.325291   -2.776591  ]
 [ 1.0878069  -0.557563  ]
 [ 1.0878069  -0.557563  ]
 [ 4.148864   -3.6144624 ]
 [ 4.148864   -3.6144624 ]
 [ 3.6120791  -3.1052341 ]
 [ 3.1741996  -2.6114645 ]
 [ 2.1373565  -1.5910144 ]
 [ 1.6005715  -1.0817862 ]
 [ 3.0993145  -2.5810113 ]]
2025-12-21 20:57:04,673 - [INFO] - ------------------------------------------------------------
2025-12-21 20:57:04,673 - [INFO] - On Validation Set:
	Accuracy of RRL  Model: 0.8873531444367657
	F1 Score of RRL  Model: 0.5833676315505915
2025-12-21 20:57:04,679 - [INFO] - On Validation Set:
Performance of  RRL Model: 
[[1260   26]
 [ 137   24]]
              precision    recall  f1-score   support

           0       0.90      0.98      0.94      1286
           1       0.48      0.15      0.23       161

    accuracy                           0.89      1447
   macro avg       0.69      0.56      0.58      1447
weighted avg       0.85      0.89      0.86      1447

2025-12-21 20:57:04,679 - [INFO] - ------------------------------------------------------------
2025-12-21 20:57:05,495 - [INFO] - epoch: 74, loss_rrl: 110.58579826913774
2025-12-21 20:57:06,337 - [DEBUG] - y_true: (1447,) [0 0 0 0 0 1 0 0 0 0 0 0 0 0 0 0 0 1 0 0 0 0 0 0 1 0 0 0 0 0 0 0 0 0 0 0 0
 0 1 1 0]
2025-12-21 20:57:06,495 - [DEBUG] - y_rrl_: (1447,) [0 0 0 0 0 1 0 0 0 0 0 0 0 0 0 0 0 1 0 0 0 0 0 0 1 1 0 0 0 0 0 0 0 1 0 0 0
 0 1 0 0]
2025-12-21 20:57:06,496 - [DEBUG] - y_rrl: (1447, 2) [[ 3.9691586  -3.4396975 ]
 [ 0.98418105 -0.45946142]
 [ 2.9263563  -2.4128141 ]
 [ 2.9263563  -2.4128141 ]
 [ 3.9691586  -3.4396975 ]
 [-0.47326538  1.003543  ]
 [ 3.9691586  -3.4396975 ]
 [ 2.9263563  -2.4128141 ]
 [ 3.9691586  -3.4396975 ]
 [ 0.9169021  -0.3916143 ]
 [ 0.6312067  -0.06448665]
 [ 2.6406612  -2.0856862 ]
 [ 2.9545503  -2.3789463 ]
 [ 3.015719   -2.4581976 ]
 [ 3.5373707  -2.952587  ]
 [ 3.5373707  -2.952587  ]
 [ 3.448008   -2.9072034 ]
 [ 0.10955501  0.42990264]
 [ 2.0573392  -1.5501506 ]
 [ 2.1190095  -1.5912969 ]
 [ 3.4475071  -2.9453082 ]
 [ 3.5373707  -2.952587  ]
 [ 3.9691586  -3.4396975 ]
 [ 3.015719   -2.4581976 ]
 [-0.47326538  1.003543  ]
 [ 0.0483863   0.5091536 ]
 [ 2.088653   -1.527491  ]
 [ 3.015719   -2.4581976 ]
 [ 3.1618116  -2.6181808 ]
 [ 3.448008   -2.9072034 ]
 [ 3.4475071  -2.9453082 ]
 [ 2.6401598  -2.1237915 ]
 [ 0.6312067  -0.06448665]
 [ 0.10955501  0.42990264]
 [ 3.9691586  -3.4396975 ]
 [ 3.4475071  -2.9453082 ]
 [ 3.9691586  -3.4396975 ]
 [ 3.015719   -2.4581976 ]
 [ 0.10955501  0.42990264]
 [ 1.0062646  -0.43699768]
 [ 2.9263563  -2.4128141 ]]
2025-12-21 20:57:06,498 - [INFO] - ------------------------------------------------------------
2025-12-21 20:57:06,498 - [INFO] - On Validation Set:
	Accuracy of RRL  Model: 0.9018659295093296
	F1 Score of RRL  Model: 0.7328064207394461
2025-12-21 20:57:06,504 - [INFO] - On Validation Set:
Performance of  RRL Model: 
[[1228   58]
 [  84   77]]
              precision    recall  f1-score   support

           0       0.94      0.95      0.95      1286
           1       0.57      0.48      0.52       161

    accuracy                           0.90      1447
   macro avg       0.75      0.72      0.73      1447
weighted avg       0.90      0.90      0.90      1447

2025-12-21 20:57:06,504 - [INFO] - ------------------------------------------------------------
2025-12-21 20:57:07,091 - [INFO] - epoch: 75, loss_rrl: 111.6125583294779
2025-12-21 20:57:08,170 - [DEBUG] - y_true: (1447,) [0 0 0 0 0 1 0 0 0 0 0 0 0 0 0 0 0 1 0 0 0 0 0 0 1 0 0 0 0 0 0 0 0 0 0 0 0
 0 1 1 0]
2025-12-21 20:57:08,327 - [DEBUG] - y_rrl_: (1447,) [0 0 0 0 0 1 0 0 0 0 1 0 0 0 0 0 0 0 0 0 0 0 0 0 1 0 0 0 0 0 0 0 0 0 0 0 0
 0 0 0 0]
2025-12-21 20:57:08,328 - [DEBUG] - y_rrl: (1447, 2) [[ 3.9598224  -3.4353004 ]
 [ 0.51283616  0.02822552]
 [ 2.9391458  -2.4303672 ]
 [ 2.9391458  -2.4303672 ]
 [ 3.4513128  -2.953761  ]
 [ 0.08210908  0.45226744]
 [ 3.9598224  -3.4353004 ]
 [ 3.4476552  -2.9119065 ]
 [ 3.9598224  -3.4353004 ]
 [ 1.4321784  -0.88487726]
 [ 0.08210908  0.45226744]
 [ 2.606095   -2.056301  ]
 [ 3.5187004  -2.9394186 ]
 [ 3.4513128  -2.953761  ]
 [ 2.8710566  -2.32928   ]
 [ 3.5187004  -2.9394186 ]
 [ 2.9391458  -2.4303672 ]
 [ 0.59061843 -0.02927186]
 [ 2.528313   -1.9988042 ]
 [ 3.047217   -2.5521834 ]
 [ 3.9598224  -3.4353004 ]
 [ 3.4513128  -2.953761  ]
 [ 3.9598224  -3.4353004 ]
 [ 3.4513128  -2.953761  ]
 [-0.5078404   1.0331585 ]
 [ 0.59061843 -0.02927186]
 [ 3.1182623  -2.579695  ]
 [ 3.9598224  -3.4353004 ]
 [ 3.559384   -3.0755768 ]
 [ 3.4476552  -2.9119065 ]
 [ 3.9598224  -3.4353004 ]
 [ 2.606095   -2.056301  ]
 [ 0.59061843 -0.02927186]
 [ 0.59061843 -0.02927186]
 [ 3.9598224  -3.4353004 ]
 [ 3.9598224  -3.4353004 ]
 [ 3.9598224  -3.4353004 ]
 [ 3.4513128  -2.953761  ]
 [ 0.59061843 -0.02927186]
 [ 0.9947142  -0.43084976]
 [ 3.4476552  -2.9119065 ]]
2025-12-21 20:57:08,330 - [INFO] - ------------------------------------------------------------
2025-12-21 20:57:08,330 - [INFO] - On Validation Set:
	Accuracy of RRL  Model: 0.8984105044920525
	F1 Score of RRL  Model: 0.6746618660801549
2025-12-21 20:57:08,336 - [INFO] - On Validation Set:
Performance of  RRL Model: 
[[1250   36]
 [ 111   50]]
              precision    recall  f1-score   support

           0       0.92      0.97      0.94      1286
           1       0.58      0.31      0.40       161

    accuracy                           0.90      1447
   macro avg       0.75      0.64      0.67      1447
weighted avg       0.88      0.90      0.88      1447

2025-12-21 20:57:08,336 - [INFO] - ------------------------------------------------------------
2025-12-21 20:57:08,700 - [INFO] - epoch: 76, loss_rrl: 111.82497326657176
2025-12-21 20:57:10,010 - [DEBUG] - y_true: (1447,) [0 0 0 0 0 1 0 0 0 0 0 0 0 0 0 0 0 1 0 0 0 0 0 0 1 0 0 0 0 0 0 0 0 0 0 0 0
 0 1 1 0]
2025-12-21 20:57:10,169 - [DEBUG] - y_rrl_: (1447,) [0 0 0 0 0 0 0 0 0 0 0 0 0 0 0 0 0 0 0 0 0 0 0 0 1 0 0 0 0 0 0 0 0 0 0 0 0
 0 0 0 0]
2025-12-21 20:57:10,169 - [DEBUG] - y_rrl: (1447, 2) [[ 3.9747765  -3.4551778 ]
 [ 0.9132589  -0.36058378]
 [ 3.4536147  -2.9606957 ]
 [ 3.4536147  -2.9606957 ]
 [ 3.9747765  -3.4551778 ]
 [ 0.60620475 -0.05021189]
 [ 3.9747765  -3.4551778 ]
 [ 3.9747765  -3.4551778 ]
 [ 3.9747765  -3.4551778 ]
 [ 1.9805714  -1.4496075 ]
 [ 1.0367056  -0.44042903]
 [ 3.0309107  -2.4459991 ]
 [ 3.532385   -2.9585848 ]
 [ 3.9747765  -3.4551778 ]
 [ 3.9747765  -3.4551778 ]
 [ 3.532385   -2.9585848 ]
 [ 3.0654118  -2.5514314 ]
 [ 1.0367056  -0.44042903]
 [ 1.5902089  -1.0712466 ]
 [ 3.0428011  -2.552375  ]
 [ 3.9747765  -3.4551778 ]
 [ 3.9747765  -3.4551778 ]
 [ 3.9747765  -3.4551778 ]
 [ 3.9747765  -3.4551778 ]
 [ 0.08504279  0.4442702 ]
 [ 0.60620475 -0.05021189]
 [ 3.0309107  -2.4459991 ]
 [ 3.9747765  -3.4551778 ]
 [ 3.4733021  -2.9425921 ]
 [ 3.9747765  -3.4551778 ]
 [ 3.9747765  -3.4551778 ]
 [ 2.6004102  -2.055782  ]
 [ 1.0367056  -0.44042903]
 [ 1.0367056  -0.44042903]
 [ 3.9747765  -3.4551778 ]
 [ 3.9747765  -3.4551778 ]
 [ 3.9747765  -3.4551778 ]
 [ 3.9747765  -3.4551778 ]
 [ 1.0367056  -0.44042903]
 [ 1.0170183  -0.4585325 ]
 [ 3.9747765  -3.4551778 ]]
2025-12-21 20:57:10,172 - [INFO] - ------------------------------------------------------------
2025-12-21 20:57:10,172 - [INFO] - On Validation Set:
	Accuracy of RRL  Model: 0.902557014512785
	F1 Score of RRL  Model: 0.6709310933803001
2025-12-21 20:57:10,178 - [INFO] - On Validation Set:
Performance of  RRL Model: 
[[1260   26]
 [ 115   46]]
              precision    recall  f1-score   support

           0       0.92      0.98      0.95      1286
           1       0.64      0.29      0.39       161

    accuracy                           0.90      1447
   macro avg       0.78      0.63      0.67      1447
weighted avg       0.89      0.90      0.89      1447

2025-12-21 20:57:10,178 - [INFO] - ------------------------------------------------------------
2025-12-21 20:57:10,308 - [INFO] - epoch: 77, loss_rrl: 112.8531878516078
2025-12-21 20:57:11,731 - [INFO] - epoch: 78, loss_rrl: 111.78518430516124
2025-12-21 20:57:11,849 - [DEBUG] - y_true: (1447,) [0 0 0 0 0 1 0 0 0 0 0 0 0 0 0 0 0 1 0 0 0 0 0 0 1 0 0 0 0 0 0 0 0 0 0 0 0
 0 1 1 0]
2025-12-21 20:57:12,007 - [DEBUG] - y_rrl_: (1447,) [0 0 0 0 0 0 0 0 0 0 0 0 0 0 0 0 0 0 0 0 0 0 0 0 1 0 0 0 0 0 0 0 0 0 0 0 0
 0 0 0 0]
2025-12-21 20:57:12,008 - [DEBUG] - y_rrl: (1447, 2) [[ 3.8631582  -3.3484678 ]
 [ 0.37335873  0.15748984]
 [ 2.8149283  -2.315632  ]
 [ 3.3168921  -2.828593  ]
 [ 3.8631582  -3.3484678 ]
 [ 0.4905357   0.06012231]
 [ 3.8631582  -3.3484678 ]
 [ 3.3611944  -2.835507  ]
 [ 3.8631582  -3.3484678 ]
 [ 1.8630437  -1.3371733 ]
 [ 0.91764396 -0.32713038]
 [ 3.4197228  -2.8513856 ]
 [ 3.4197228  -2.8513856 ]
 [ 3.8631582  -3.3484678 ]
 [ 3.8631582  -3.3484678 ]
 [ 3.4197228  -2.8513856 ]
 [ 3.3611944  -2.835507  ]
 [ 0.91764396 -0.32713038]
 [ 2.3734732  -1.8538036 ]
 [ 2.9643319  -2.455177  ]
 [ 3.8631582  -3.3484678 ]
 [ 3.8631582  -3.3484678 ]
 [ 3.8631582  -3.3484678 ]
 [ 3.8631582  -3.3484678 ]
 [-0.6748715   1.1903254 ]
 [ 0.4905357   0.06012231]
 [ 2.3184342  -1.7333814 ]
 [ 3.8631582  -3.3484678 ]
 [ 2.9643319  -2.455177  ]
 [ 3.3611944  -2.835507  ]
 [ 3.8631582  -3.3484678 ]
 [ 3.4197228  -2.8513856 ]
 [ 0.91764396 -0.32713038]
 [ 0.91764396 -0.32713038]
 [ 3.8631582  -3.3484678 ]
 [ 3.8631582  -3.3484678 ]
 [ 3.8631582  -3.3484678 ]
 [ 3.8631582  -3.3484678 ]
 [ 0.91764396 -0.32713038]
 [ 0.8733421  -0.32021683]
 [ 3.3611944  -2.835507  ]]
2025-12-21 20:57:12,010 - [INFO] - ------------------------------------------------------------
2025-12-21 20:57:12,010 - [INFO] - On Validation Set:
	Accuracy of RRL  Model: 0.8997926744989634
	F1 Score of RRL  Model: 0.6506140460430456
2025-12-21 20:57:12,016 - [INFO] - On Validation Set:
Performance of  RRL Model: 
[[1262   24]
 [ 121   40]]
              precision    recall  f1-score   support

           0       0.91      0.98      0.95      1286
           1       0.62      0.25      0.36       161

    accuracy                           0.90      1447
   macro avg       0.77      0.61      0.65      1447
weighted avg       0.88      0.90      0.88      1447

2025-12-21 20:57:12,016 - [INFO] - ------------------------------------------------------------
2025-12-21 20:57:13,337 - [INFO] - epoch: 79, loss_rrl: 111.48911140486598
2025-12-21 20:57:13,690 - [DEBUG] - y_true: (1447,) [0 0 0 0 0 1 0 0 0 0 0 0 0 0 0 0 0 1 0 0 0 0 0 0 1 0 0 0 0 0 0 0 0 0 0 0 0
 0 1 1 0]
2025-12-21 20:57:13,850 - [DEBUG] - y_rrl_: (1447,) [0 0 0 0 0 1 0 0 0 0 0 0 0 0 0 0 0 0 0 0 0 0 0 0 1 0 0 0 0 0 0 0 0 1 0 0 0
 0 0 0 0]
2025-12-21 20:57:13,851 - [DEBUG] - y_rrl: (1447, 2) [[ 3.84579    -3.3359678 ]
 [ 0.70948786 -0.20433661]
 [ 3.3162572  -2.8325405 ]
 [ 3.3162572  -2.8325405 ]
 [ 3.84579    -3.3359678 ]
 [-0.10739791  0.6266658 ]
 [ 3.84579    -3.3359678 ]
 [ 3.3162572  -2.8325405 ]
 [ 3.84579    -3.3359678 ]
 [ 1.3143657  -0.8196524 ]
 [ 0.8778853  -0.38561204]
 [ 2.8797765  -2.3985002 ]
 [ 3.390039   -2.8271177 ]
 [ 3.3162572  -2.8325405 ]
 [ 3.84579    -3.3359678 ]
 [ 3.390039   -2.8271177 ]
 [ 2.948163   -2.443797  ]
 [ 0.34835273  0.11781532]
 [ 1.8137527  -1.325054  ]
 [ 2.3502438  -1.895073  ]
 [ 3.3162572  -2.8325405 ]
 [ 3.84579    -3.3359678 ]
 [ 3.84579    -3.3359678 ]
 [ 3.3162572  -2.8325405 ]
 [-0.10739791  0.6266658 ]
 [ 0.42213464  0.12323838]
 [ 1.8400664  -1.3001211 ]
 [ 3.3162572  -2.8325405 ]
 [ 3.400082   -2.9296887 ]
 [ 3.84579    -3.3359678 ]
 [ 3.3162572  -2.8325405 ]
 [ 2.4147987  -1.9174111 ]
 [ 0.42213464  0.12323838]
 [-0.10739791  0.6266658 ]
 [ 3.84579    -3.3359678 ]
 [ 3.3162572  -2.8325405 ]
 [ 3.84579    -3.3359678 ]
 [ 3.3162572  -2.8325405 ]
 [ 0.34835273  0.11781532]
 [ 1.3143657  -0.8196524 ]
 [ 3.3162572  -2.8325405 ]]
2025-12-21 20:57:13,853 - [INFO] - ------------------------------------------------------------
2025-12-21 20:57:13,853 - [INFO] - On Validation Set:
	Accuracy of RRL  Model: 0.9053213545266068
	F1 Score of RRL  Model: 0.6725535959987381
2025-12-21 20:57:13,859 - [INFO] - On Validation Set:
Performance of  RRL Model: 
[[1265   21]
 [ 116   45]]
              precision    recall  f1-score   support

           0       0.92      0.98      0.95      1286
           1       0.68      0.28      0.40       161

    accuracy                           0.91      1447
   macro avg       0.80      0.63      0.67      1447
weighted avg       0.89      0.91      0.89      1447

2025-12-21 20:57:13,859 - [INFO] - ------------------------------------------------------------
2025-12-21 20:57:14,989 - [INFO] - epoch: 80, loss_rrl: 112.63004134595394
2025-12-21 20:57:15,570 - [DEBUG] - y_true: (1447,) [0 0 0 0 0 1 0 0 0 0 0 0 0 0 0 0 0 1 0 0 0 0 0 0 1 0 0 0 0 0 0 0 0 0 0 0 0
 0 1 1 0]
2025-12-21 20:57:15,726 - [DEBUG] - y_rrl_: (1447,) [0 0 0 0 0 1 0 0 0 0 0 0 0 0 0 0 0 0 0 0 0 0 0 0 1 1 0 0 0 0 0 0 0 0 0 0 0
 0 0 0 0]
2025-12-21 20:57:15,726 - [DEBUG] - y_rrl: (1447, 2) [[ 4.059122   -3.5541224 ]
 [ 0.5403339  -0.01952521]
 [ 2.9848201  -2.4948726 ]
 [ 2.9848201  -2.4948726 ]
 [ 3.5235217  -3.0443444 ]
 [ 0.08111553  0.43320668]
 [ 4.059122   -3.5541224 ]
 [ 3.5204206  -3.0046506 ]
 [ 4.059122   -3.5541224 ]
 [ 1.5062551  -0.97966206]
 [ 1.0430664  -0.46391568]
 [ 2.5216315  -1.9791263 ]
 [ 3.060333   -2.5285983 ]
 [ 3.060333   -2.5285983 ]
 [ 3.5959334  -3.0383763 ]
 [ 3.5959334  -3.0383763 ]
 [ 2.6259246  -2.1155279 ]
 [ 1.0430664  -0.46391568]
 [ 2.5544991  -2.0445135 ]
 [ 1.7363851  -1.2124368 ]
 [ 4.059122   -3.5541224 ]
 [ 3.060333   -2.5285983 ]
 [ 3.5235217  -3.0443444 ]
 [ 3.5959334  -3.0383763 ]
 [-0.53396815  1.0397246 ]
 [ 0.08111553  0.43320668]
 [ 2.4762647  -1.9025105 ]
 [ 3.5959334  -3.0383763 ]
 [ 2.1658368  -1.6394753 ]
 [ 3.5204206  -3.0046506 ]
 [ 4.059122   -3.5541224 ]
 [ 2.6339824  -2.1412535 ]
 [ 1.0430664  -0.46391568]
 [ 0.5074659   0.04586221]
 [ 3.5235217  -3.0443444 ]
 [ 4.059122   -3.5541224 ]
 [ 3.5235217  -3.0443444 ]
 [ 3.5959334  -3.0383763 ]
 [ 1.5817682  -1.0133877 ]
 [ 1.0461676  -0.5036098 ]
 [ 3.5204206  -3.0046506 ]]
2025-12-21 20:57:15,729 - [INFO] - ------------------------------------------------------------
2025-12-21 20:57:15,729 - [INFO] - On Validation Set:
	Accuracy of RRL  Model: 0.89426399447132
	F1 Score of RRL  Model: 0.6756009465686885
2025-12-21 20:57:15,735 - [INFO] - On Validation Set:
Performance of  RRL Model: 
[[1241   45]
 [ 108   53]]
              precision    recall  f1-score   support

           0       0.92      0.97      0.94      1286
           1       0.54      0.33      0.41       161

    accuracy                           0.89      1447
   macro avg       0.73      0.65      0.68      1447
weighted avg       0.88      0.89      0.88      1447

2025-12-21 20:57:15,735 - [INFO] - ------------------------------------------------------------
2025-12-21 20:57:16,595 - [INFO] - epoch: 81, loss_rrl: 112.51471121609211
2025-12-21 20:57:17,410 - [DEBUG] - y_true: (1447,) [0 0 0 0 0 1 0 0 0 0 0 0 0 0 0 0 0 1 0 0 0 0 0 0 1 0 0 0 0 0 0 0 0 0 0 0 0
 0 1 1 0]
2025-12-21 20:57:17,584 - [DEBUG] - y_rrl_: (1447,) [0 0 0 0 0 1 0 0 0 0 0 0 0 0 0 0 0 0 0 0 0 0 0 0 1 0 0 0 0 0 0 0 1 1 0 0 0
 0 0 0 0]
2025-12-21 20:57:17,584 - [DEBUG] - y_rrl: (1447, 2) [[ 3.5099187  -3.0352798 ]
 [ 0.3810465   0.12517148]
 [ 2.9839897  -2.498693  ]
 [ 2.9839897  -2.498693  ]
 [ 3.5099187  -3.0352798 ]
 [ 0.08125373  0.42811602]
 [ 4.042863   -3.5426853 ]
 [ 2.9839897  -2.498693  ]
 [ 4.042863   -3.5426853 ]
 [ 0.95510846 -0.45916075]
 [ 0.53674686 -0.07938825]
 [ 3.0985727  -2.6263256 ]
 [ 3.58737    -3.0351813 ]
 [ 3.5099187  -3.0352798 ]
 [ 4.042863   -3.5426853 ]
 [ 3.0544255  -2.5277758 ]
 [ 2.9839897  -2.498693  ]
 [ 0.53674686 -0.07938825]
 [ 2.0409417  -1.561326  ]
 [ 2.5656283  -2.11892   ]
 [ 3.5099187  -3.0352798 ]
 [ 3.5099187  -3.0352798 ]
 [ 3.5099187  -3.0352798 ]
 [ 3.5099187  -3.0352798 ]
 [ 0.08125373  0.42811602]
 [ 0.6141982  -0.07928945]
 [ 3.1690083  -2.6554086 ]
 [ 3.5099187  -3.0352798 ]
 [ 3.0985727  -2.6263256 ]
 [ 3.5169342  -3.0060985 ]
 [ 3.5099187  -3.0352798 ]
 [ 2.6360638  -2.148003  ]
 [ 0.08125373  0.42811602]
 [ 0.08125373  0.42811602]
 [ 4.042863   -3.5426853 ]
 [ 2.9839897  -2.498693  ]
 [ 3.5099187  -3.0352798 ]
 [ 3.5099187  -3.0352798 ]
 [ 0.53674686 -0.07938825]
 [ 1.4810371  -0.99574775]
 [ 2.9839897  -2.498693  ]]
2025-12-21 20:57:17,586 - [INFO] - ------------------------------------------------------------
2025-12-21 20:57:17,586 - [INFO] - On Validation Set:
	Accuracy of RRL  Model: 0.9046302695231514
	F1 Score of RRL  Model: 0.6911753789050418
2025-12-21 20:57:17,592 - [INFO] - On Validation Set:
Performance of  RRL Model: 
[[1256   30]
 [ 108   53]]
              precision    recall  f1-score   support

           0       0.92      0.98      0.95      1286
           1       0.64      0.33      0.43       161

    accuracy                           0.90      1447
   macro avg       0.78      0.65      0.69      1447
weighted avg       0.89      0.90      0.89      1447

2025-12-21 20:57:17,592 - [INFO] - ------------------------------------------------------------
2025-12-21 20:57:18,236 - [INFO] - epoch: 82, loss_rrl: 112.76537355594337
2025-12-21 20:57:19,423 - [DEBUG] - y_true: (1447,) [0 0 0 0 0 1 0 0 0 0 0 0 0 0 0 0 0 1 0 0 0 0 0 0 1 0 0 0 0 0 0 0 0 0 0 0 0
 0 1 1 0]
2025-12-21 20:57:19,579 - [DEBUG] - y_rrl_: (1447,) [0 0 0 0 0 0 0 0 0 0 0 0 0 0 0 0 0 0 0 0 0 0 0 0 1 0 0 0 0 0 0 0 0 0 0 0 0
 0 0 0 0]
2025-12-21 20:57:19,579 - [DEBUG] - y_rrl: (1447, 2) [[ 4.0053225  -3.5099297 ]
 [ 0.4637841   0.04704877]
 [ 2.9625793  -2.4818954 ]
 [ 2.9625793  -2.4818954 ]
 [ 4.0053225  -3.5099297 ]
 [ 0.5370886  -0.00738279]
 [ 4.0053225  -3.5099297 ]
 [ 3.479771   -2.9738312 ]
 [ 4.0053225  -3.5099297 ]
 [ 1.4414179  -0.9249995 ]
 [ 0.5370886  -0.00738279]
 [ 2.575442   -2.056215  ]
 [ 3.5462973  -2.999436  ]
 [ 4.0053225  -3.5099297 ]
 [ 2.8622181  -2.3511326 ]
 [ 3.5462973  -2.999436  ]
 [ 3.479771   -2.9738312 ]
 [ 0.5370886  -0.00738279]
 [ 2.5021374  -2.0017834 ]
 [ 3.479771   -2.9738312 ]
 [ 4.0053225  -3.5099297 ]
 [ 4.0053225  -3.5099297 ]
 [ 4.0053225  -3.5099297 ]
 [ 4.0053225  -3.5099297 ]
 [-0.57895905  1.0750823 ]
 [ 0.5370886  -0.00738279]
 [ 1.9578894  -1.4335161 ]
 [ 4.0053225  -3.5099297 ]
 [ 3.5600183  -3.1028066 ]
 [ 3.479771   -2.9738312 ]
 [ 4.0053225  -3.5099297 ]
 [ 3.5462973  -2.999436  ]
 [ 0.5370886  -0.00738279]
 [ 0.5370886  -0.00738279]
 [ 4.0053225  -3.5099297 ]
 [ 4.0053225  -3.5099297 ]
 [ 4.0053225  -3.5099297 ]
 [ 4.0053225  -3.5099297 ]
 [ 0.5370886  -0.00738279]
 [ 0.99075234 -0.45866838]
 [ 3.479771   -2.9738312 ]]
2025-12-21 20:57:19,581 - [INFO] - ------------------------------------------------------------
2025-12-21 20:57:19,581 - [INFO] - On Validation Set:
	Accuracy of RRL  Model: 0.9060124395300622
	F1 Score of RRL  Model: 0.6538910697451915
2025-12-21 20:57:19,587 - [INFO] - On Validation Set:
Performance of  RRL Model: 
[[1273   13]
 [ 123   38]]
              precision    recall  f1-score   support

           0       0.91      0.99      0.95      1286
           1       0.75      0.24      0.36       161

    accuracy                           0.91      1447
   macro avg       0.83      0.61      0.65      1447
weighted avg       0.89      0.91      0.88      1447

2025-12-21 20:57:19,587 - [INFO] - ------------------------------------------------------------
2025-12-21 20:57:19,978 - [INFO] - epoch: 83, loss_rrl: 113.31435355171561
2025-12-21 20:57:21,243 - [DEBUG] - y_true: (1447,) [0 0 0 0 0 1 0 0 0 0 0 0 0 0 0 0 0 1 0 0 0 0 0 0 1 0 0 0 0 0 0 0 0 0 0 0 0
 0 1 1 0]
2025-12-21 20:57:21,398 - [DEBUG] - y_rrl_: (1447,) [0 0 0 0 0 0 0 0 0 0 0 0 0 0 0 0 0 0 0 0 0 0 0 0 1 0 0 0 0 0 0 0 0 0 0 0 0
 0 0 0 0]
2025-12-21 20:57:21,399 - [DEBUG] - y_rrl: (1447, 2) [[ 3.783291   -3.2926364 ]
 [ 0.7102162  -0.2552353 ]
 [ 3.2772586  -2.8115828 ]
 [ 3.2772586  -2.8115828 ]
 [ 3.783291   -3.2926364 ]
 [ 0.32745638  0.19710593]
 [ 3.783291   -3.2926364 ]
 [ 3.783291   -3.2926364 ]
 [ 3.783291   -3.2926364 ]
 [ 1.7586739  -1.2577088 ]
 [ 0.7763115  -0.21397443]
 [ 3.2580712  -2.7569768 ]
 [ 3.783291   -3.2926364 ]
 [ 3.783291   -3.2926364 ]
 [ 2.6504877  -2.144387  ]
 [ 3.3261492  -2.7845619 ]
 [ 2.8914776  -2.4059582 ]
 [ 0.7763115  -0.21397443]
 [ 1.3858783  -0.8954099 ]
 [ 1.9174023  -1.459218  ]
 [ 3.783291   -3.2926364 ]
 [ 3.783291   -3.2926364 ]
 [ 3.783291   -3.2926364 ]
 [ 3.783291   -3.2926364 ]
 [-0.32103625  0.761478  ]
 [ 0.78459835 -0.3109687 ]
 [ 3.3261492  -2.7845619 ]
 [ 3.783291   -3.2926364 ]
 [ 2.8914776  -2.4059582 ]
 [ 3.783291   -3.2926364 ]
 [ 3.783291   -3.2926364 ]
 [ 2.3520744  -1.8378217 ]
 [ 0.7763115  -0.21397443]
 [ 0.7763115  -0.21397443]
 [ 3.783291   -3.2926364 ]
 [ 3.783291   -3.2926364 ]
 [ 3.783291   -3.2926364 ]
 [ 3.783291   -3.2926364 ]
 [ 1.3015318  -0.74963415]
 [ 0.7954993  -0.26858056]
 [ 3.783291   -3.2926364 ]]
2025-12-21 20:57:21,401 - [INFO] - ------------------------------------------------------------
2025-12-21 20:57:21,401 - [INFO] - On Validation Set:
	Accuracy of RRL  Model: 0.8956461644782309
	F1 Score of RRL  Model: 0.6729933714771474
2025-12-21 20:57:21,407 - [INFO] - On Validation Set:
Performance of  RRL Model: 
[[1245   41]
 [ 110   51]]
              precision    recall  f1-score   support

           0       0.92      0.97      0.94      1286
           1       0.55      0.32      0.40       161

    accuracy                           0.90      1447
   macro avg       0.74      0.64      0.67      1447
weighted avg       0.88      0.90      0.88      1447

2025-12-21 20:57:21,407 - [INFO] - ------------------------------------------------------------
2025-12-21 20:57:21,568 - [INFO] - epoch: 84, loss_rrl: 112.09625723585486
2025-12-21 20:57:22,979 - [INFO] - epoch: 85, loss_rrl: 112.05157836899161
2025-12-21 20:57:23,063 - [DEBUG] - y_true: (1447,) [0 0 0 0 0 1 0 0 0 0 0 0 0 0 0 0 0 1 0 0 0 0 0 0 1 0 0 0 0 0 0 0 0 0 0 0 0
 0 1 1 0]
2025-12-21 20:57:23,218 - [DEBUG] - y_rrl_: (1447,) [0 0 0 0 0 0 0 0 0 0 0 0 0 0 0 0 0 0 0 0 0 0 0 0 1 0 0 0 0 0 0 0 1 1 0 0 0
 0 0 0 0]
2025-12-21 20:57:23,219 - [DEBUG] - y_rrl: (1447, 2) [[ 3.8364065  -3.3504932 ]
 [ 1.1423583  -0.63630486]
 [ 3.311927   -2.8507173 ]
 [ 3.311927   -2.8507173 ]
 [ 3.8364065  -3.3504932 ]
 [ 0.37719753  0.14222044]
 [ 3.8364065  -3.3504932 ]
 [ 3.8364065  -3.3504932 ]
 [ 3.8364065  -3.3504932 ]
 [ 1.8078908  -1.3118358 ]
 [ 0.6495832  -0.15128726]
 [ 3.3192542  -2.8230088 ]
 [ 3.3694947  -2.833184  ]
 [ 3.8364065  -3.3504932 ]
 [ 3.8364065  -3.3504932 ]
 [ 2.7283392  -2.2001197 ]
 [ 3.8364065  -3.3504932 ]
 [ 0.6495832  -0.15128726]
 [ 2.281709   -1.7908561 ]
 [ 2.8726244  -2.4137454 ]
 [ 3.8364065  -3.3504932 ]
 [ 3.8364065  -3.3504932 ]
 [ 3.8364065  -3.3504932 ]
 [ 3.8364065  -3.3504932 ]
 [-0.7884373   1.2750604 ]
 [ 0.37719753  0.14222044]
 [ 2.2301438  -1.6786315 ]
 [ 3.8364065  -3.3504932 ]
 [ 3.195251   -2.717429  ]
 [ 3.8364065  -3.3504932 ]
 [ 3.8364065  -3.3504932 ]
 [ 2.9228647  -2.4239206 ]
 [ 0.18267149  0.36602175]
 [ 0.18267149  0.36602175]
 [ 3.8364065  -3.3504932 ]
 [ 3.8364065  -3.3504932 ]
 [ 3.8364065  -3.3504932 ]
 [ 3.8364065  -3.3504932 ]
 [ 1.2907387  -0.7843514 ]
 [ 0.6422561  -0.17899588]
 [ 3.8364065  -3.3504932 ]]
2025-12-21 20:57:23,221 - [INFO] - ------------------------------------------------------------
2025-12-21 20:57:23,221 - [INFO] - On Validation Set:
	Accuracy of RRL  Model: 0.8997926744989634
	F1 Score of RRL  Model: 0.656201610722859
2025-12-21 20:57:23,227 - [INFO] - On Validation Set:
Performance of  RRL Model: 
[[1260   26]
 [ 119   42]]
              precision    recall  f1-score   support

           0       0.91      0.98      0.95      1286
           1       0.62      0.26      0.37       161

    accuracy                           0.90      1447
   macro avg       0.77      0.62      0.66      1447
weighted avg       0.88      0.90      0.88      1447

2025-12-21 20:57:23,227 - [INFO] - ------------------------------------------------------------
2025-12-21 20:57:24,574 - [INFO] - epoch: 86, loss_rrl: 110.79707522317767
2025-12-21 20:57:24,889 - [DEBUG] - y_true: (1447,) [0 0 0 0 0 1 0 0 0 0 0 0 0 0 0 0 0 1 0 0 0 0 0 0 1 0 0 0 0 0 0 0 0 0 0 0 0
 0 1 1 0]
2025-12-21 20:57:25,046 - [DEBUG] - y_rrl_: (1447,) [0 0 0 0 0 1 0 0 0 0 0 0 0 0 0 0 0 0 0 0 0 0 0 0 1 0 0 0 0 0 0 0 0 0 0 0 0
 0 0 0 0]
2025-12-21 20:57:25,047 - [DEBUG] - y_rrl: (1447, 2) [[ 3.9286976  -3.4474936 ]
 [ 0.714602   -0.23793331]
 [ 3.3837543  -2.9269812 ]
 [ 3.3837543  -2.9269812 ]
 [ 3.3837543  -2.9269812 ]
 [-0.05476944  0.5446507 ]
 [ 3.9286976  -3.4474936 ]
 [ 3.3837543  -2.9269812 ]
 [ 3.9286976  -3.4474936 ]
 [ 1.374527   -0.9077779 ]
 [ 0.8672598  -0.39028668]
 [ 3.4214306  -2.9300022 ]
 [ 3.4599767  -2.9289026 ]
 [ 3.3837543  -2.9269812 ]
 [ 2.8184023  -2.3222384 ]
 [ 3.4599767  -2.9289026 ]
 [ 3.3837543  -2.9269812 ]
 [ 0.8672598  -0.39028668]
 [ 1.824897   -1.3631883 ]
 [ 2.4231787  -1.9931438 ]
 [ 3.3837543  -2.9269812 ]
 [ 3.3837543  -2.9269812 ]
 [ 3.9286976  -3.4474936 ]
 [ 3.3837543  -2.9269812 ]
 [-0.05476944  0.5446507 ]
 [ 0.49017388  0.02413836]
 [ 2.3496816  -1.803648  ]
 [ 3.3837543  -2.9269812 ]
 [ 3.9286976  -3.4474936 ]
 [ 3.9286976  -3.4474936 ]
 [ 3.3837543  -2.9269812 ]
 [ 2.4617248  -1.992044  ]
 [ 0.9434823  -0.39220825]
 [ 0.39853898  0.1283041 ]
 [ 3.9286976  -3.4474936 ]
 [ 3.3837543  -2.9269812 ]
 [ 3.9286976  -3.4474936 ]
 [ 3.3837543  -2.9269812 ]
 [ 0.8672598  -0.39028668]
 [ 1.374527   -0.9077779 ]
 [ 3.3837543  -2.9269812 ]]
2025-12-21 20:57:25,049 - [INFO] - ------------------------------------------------------------
2025-12-21 20:57:25,049 - [INFO] - On Validation Set:
	Accuracy of RRL  Model: 0.902557014512785
	F1 Score of RRL  Model: 0.6784672481857079
2025-12-21 20:57:25,055 - [INFO] - On Validation Set:
Performance of  RRL Model: 
[[1257   29]
 [ 112   49]]
              precision    recall  f1-score   support

           0       0.92      0.98      0.95      1286
           1       0.63      0.30      0.41       161

    accuracy                           0.90      1447
   macro avg       0.77      0.64      0.68      1447
weighted avg       0.89      0.90      0.89      1447

2025-12-21 20:57:25,055 - [INFO] - ------------------------------------------------------------
2025-12-21 20:57:26,204 - [INFO] - epoch: 87, loss_rrl: 112.4513676147908
2025-12-21 20:57:26,748 - [DEBUG] - y_true: (1447,) [0 0 0 0 0 1 0 0 0 0 0 0 0 0 0 0 0 1 0 0 0 0 0 0 1 0 0 0 0 0 0 0 0 0 0 0 0
 0 1 1 0]
2025-12-21 20:57:26,903 - [DEBUG] - y_rrl_: (1447,) [0 0 0 0 0 0 0 0 0 0 0 0 0 0 0 0 0 0 0 0 0 0 0 0 1 0 0 0 0 0 0 0 0 0 0 0 0
 0 0 0 0]
2025-12-21 20:57:26,903 - [DEBUG] - y_rrl: (1447, 2) [[ 3.86443    -3.3879168 ]
 [ 1.1962516  -0.70008695]
 [ 2.804329   -2.3418603 ]
 [ 2.804329   -2.3418603 ]
 [ 3.86443    -3.3879168 ]
 [ 0.38430765  0.12491755]
 [ 3.86443    -3.3879168 ]
 [ 3.3410797  -2.8544495 ]
 [ 3.86443    -3.3879168 ]
 [ 1.3213961  -0.8249571 ]
 [ 0.38430765  0.12491755]
 [ 2.4039917  -1.9045751 ]
 [ 3.3820434  -2.8561823 ]
 [ 3.3820434  -2.8561823 ]
 [ 2.2887447  -1.7481642 ]
 [ 3.3820434  -2.8561823 ]
 [ 3.3410797  -2.8544495 ]
 [ 0.38430765  0.12491755]
 [ 2.2895498  -1.8081056 ]
 [ 2.4039917  -1.9045751 ]
 [ 3.86443    -3.3879168 ]
 [ 3.3820434  -2.8561823 ]
 [ 3.86443    -3.3879168 ]
 [ 3.3820434  -2.8561823 ]
 [-0.79023486  1.2674435 ]
 [ 0.38430765  0.12491755]
 [ 2.9273417  -2.4380424 ]
 [ 3.3820434  -2.8561823 ]
 [ 2.9273417  -2.4380424 ]
 [ 3.3410797  -2.8544495 ]
 [ 3.86443    -3.3879168 ]
 [ 2.9273417  -2.4380424 ]
 [ 0.38430765  0.12491755]
 [ 0.38430765  0.12491755]
 [ 3.86443    -3.3879168 ]
 [ 3.86443    -3.3879168 ]
 [ 3.86443    -3.3879168 ]
 [ 3.3820434  -2.8561823 ]
 [ 0.38430765  0.12491755]
 [ 0.825609   -0.31410053]
 [ 3.3410797  -2.8544495 ]]
2025-12-21 20:57:26,905 - [INFO] - ------------------------------------------------------------
2025-12-21 20:57:26,905 - [INFO] - On Validation Set:
	Accuracy of RRL  Model: 0.9039391845196959
	F1 Score of RRL  Model: 0.6650713958619541
2025-12-21 20:57:26,911 - [INFO] - On Validation Set:
Performance of  RRL Model: 
[[1265   21]
 [ 118   43]]
              precision    recall  f1-score   support

           0       0.91      0.98      0.95      1286
           1       0.67      0.27      0.38       161

    accuracy                           0.90      1447
   macro avg       0.79      0.63      0.67      1447
weighted avg       0.89      0.90      0.88      1447

2025-12-21 20:57:26,911 - [INFO] - ------------------------------------------------------------
2025-12-21 20:57:27,804 - [INFO] - epoch: 88, loss_rrl: 111.92343215458095
2025-12-21 20:57:28,577 - [DEBUG] - y_true: (1447,) [0 0 0 0 0 1 0 0 0 0 0 0 0 0 0 0 0 1 0 0 0 0 0 0 1 0 0 0 0 0 0 0 0 0 0 0 0
 0 1 1 0]
2025-12-21 20:57:28,731 - [DEBUG] - y_rrl_: (1447,) [0 0 0 0 0 1 0 0 0 0 0 0 0 0 0 0 0 0 0 0 0 0 0 0 1 0 0 0 0 0 0 0 0 1 0 0 0
 0 0 0 0]
2025-12-21 20:57:28,732 - [DEBUG] - y_rrl: (1447, 2) [[ 4.0751505  -3.6032963 ]
 [ 0.8966781  -0.42931056]
 [ 3.0107734  -2.5528035 ]
 [ 3.0107734  -2.5528035 ]
 [ 4.0751505  -3.6032963 ]
 [ 0.05339675  0.4268816 ]
 [ 4.0751505  -3.6032963 ]
 [ 3.0107734  -2.5528035 ]
 [ 4.0751505  -3.6032963 ]
 [ 0.99598    -0.5283663 ]
 [ 1.0609831  -0.6056392 ]
 [ 3.075776   -2.6300764 ]
 [ 3.593707   -3.0730238 ]
 [ 3.5490077  -3.101048  ]
 [ 4.0751505  -3.6032963 ]
 [ 3.593707   -3.0730238 ]
 [ 3.5369163  -3.0550518 ]
 [ 0.5348402  -0.10339085]
 [ 1.9909984  -1.5381136 ]
 [ 2.5496333  -2.1278281 ]
 [ 3.5490077  -3.101048  ]
 [ 4.0751505  -3.6032963 ]
 [ 4.0751505  -3.6032963 ]
 [ 3.5490077  -3.101048  ]
 [-0.5620289   1.0345683 ]
 [ 0.57953954 -0.07536672]
 [ 3.132567   -2.6480484 ]
 [ 3.5490077  -3.101048  ]
 [ 3.6140108  -3.178321  ]
 [ 3.5369163  -3.0550518 ]
 [ 3.5490077  -3.101048  ]
 [ 2.606424   -2.1458    ]
 [ 0.57953954 -0.07536672]
 [ 0.05339675  0.4268816 ]
 [ 4.0751505  -3.6032963 ]
 [ 3.5490077  -3.101048  ]
 [ 4.0751505  -3.6032963 ]
 [ 3.5490077  -3.101048  ]
 [ 0.5348402  -0.10339085]
 [ 1.5342139  -1.0766106 ]
 [ 3.0107734  -2.5528035 ]]
2025-12-21 20:57:28,734 - [INFO] - ------------------------------------------------------------
2025-12-21 20:57:28,734 - [INFO] - On Validation Set:
	Accuracy of RRL  Model: 0.9080856945404284
	F1 Score of RRL  Model: 0.7119742940825206
2025-12-21 20:57:28,740 - [INFO] - On Validation Set:
Performance of  RRL Model: 
[[1254   32]
 [ 101   60]]
              precision    recall  f1-score   support

           0       0.93      0.98      0.95      1286
           1       0.65      0.37      0.47       161

    accuracy                           0.91      1447
   macro avg       0.79      0.67      0.71      1447
weighted avg       0.90      0.91      0.90      1447

2025-12-21 20:57:28,740 - [INFO] - ------------------------------------------------------------
2025-12-21 20:57:29,390 - [INFO] - epoch: 89, loss_rrl: 112.16872930340469
2025-12-21 20:57:30,445 - [DEBUG] - y_true: (1447,) [0 0 0 0 0 1 0 0 0 0 0 0 0 0 0 0 0 1 0 0 0 0 0 0 1 0 0 0 0 0 0 0 0 0 0 0 0
 0 1 1 0]
2025-12-21 20:57:30,602 - [DEBUG] - y_rrl_: (1447,) [0 0 0 0 0 1 0 0 0 0 0 0 0 0 0 0 0 0 0 0 0 0 0 0 1 1 0 0 0 0 0 0 0 0 0 0 0
 0 0 0 0]
2025-12-21 20:57:30,602 - [DEBUG] - y_rrl: (1447, 2) [[ 3.9317274  -3.4645097 ]
 [ 0.37608162  0.10553963]
 [ 2.4900067  -2.0511856 ]
 [ 3.410315   -2.9667275 ]
 [ 3.011419   -2.5489678 ]
 [-0.17038497  0.66191006]
 [ 3.9317274  -3.4645097 ]
 [ 3.9317274  -3.4645097 ]
 [ 3.9317274  -3.4645097 ]
 [ 1.9146501  -1.4379491 ]
 [ 0.4362842   0.06286687]
 [ 1.5330541  -1.048152  ]
 [ 2.5442154  -2.0334494 ]
 [ 3.011419   -2.5489678 ]
 [ 2.8349583  -2.353491  ]
 [ 3.4645233  -2.948991  ]
 [ 3.9317274  -3.4645097 ]
 [ 0.4362842   0.06286687]
 [ 2.3931599  -1.921021  ]
 [ 3.385261   -2.908139  ]
 [ 3.9317274  -3.4645097 ]
 [ 3.011419   -2.5489678 ]
 [ 3.011419   -2.5489678 ]
 [ 3.9317274  -3.4645097 ]
 [-0.6917973   1.1596923 ]
 [-0.17038497  0.66191006]
 [ 2.9998286  -2.5200644 ]
 [ 3.9317274  -3.4645097 ]
 [ 2.5467248  -2.1200411 ]
 [ 3.9317274  -3.4645097 ]
 [ 3.9317274  -3.4645097 ]
 [ 2.5442154  -2.0334494 ]
 [ 0.4362842   0.06286687]
 [ 0.4362842   0.06286687]
 [ 3.011419   -2.5489678 ]
 [ 3.9317274  -3.4645097 ]
 [ 3.011419   -2.5489678 ]
 [ 3.9317274  -3.4645097 ]
 [ 0.9034886  -0.45265183]
 [ 0.92603344 -0.42464846]
 [ 3.9317274  -3.4645097 ]]
2025-12-21 20:57:30,604 - [INFO] - ------------------------------------------------------------
2025-12-21 20:57:30,604 - [INFO] - On Validation Set:
	Accuracy of RRL  Model: 0.9039391845196959
	F1 Score of RRL  Model: 0.690090215021456
2025-12-21 20:57:30,610 - [INFO] - On Validation Set:
Performance of  RRL Model: 
[[1255   31]
 [ 108   53]]
              precision    recall  f1-score   support

           0       0.92      0.98      0.95      1286
           1       0.63      0.33      0.43       161

    accuracy                           0.90      1447
   macro avg       0.78      0.65      0.69      1447
weighted avg       0.89      0.90      0.89      1447

2025-12-21 20:57:30,610 - [INFO] - ------------------------------------------------------------
2025-12-21 20:57:31,059 - [INFO] - epoch: 90, loss_rrl: 113.10502357967198
2025-12-21 20:57:32,294 - [DEBUG] - y_true: (1447,) [0 0 0 0 0 1 0 0 0 0 0 0 0 0 0 0 0 1 0 0 0 0 0 0 1 0 0 0 0 0 0 0 0 0 0 0 0
 0 1 1 0]
2025-12-21 20:57:32,450 - [DEBUG] - y_rrl_: (1447,) [0 0 0 0 0 0 0 0 0 0 0 0 0 0 0 0 0 0 0 0 0 0 0 0 1 0 0 0 0 0 0 0 0 0 0 0 0
 0 0 0 0]
2025-12-21 20:57:32,450 - [DEBUG] - y_rrl: (1447, 2) [[ 3.922309   -3.4596975 ]
 [ 0.8253908  -0.39634696]
 [ 3.4216986  -2.9824564 ]
 [ 3.4216986  -2.9824564 ]
 [ 3.922309   -3.4596975 ]
 [ 0.4123261   0.08183497]
 [ 3.922309   -3.4596975 ]
 [ 3.922309   -3.4596975 ]
 [ 3.922309   -3.4596975 ]
 [ 1.8912176  -1.4192847 ]
 [ 0.8659304  -0.33639482]
 [ 3.38408    -2.911669  ]
 [ 3.922309   -3.4596975 ]
 [ 3.4352503  -2.9248362 ]
 [ 3.922309   -3.4596975 ]
 [ 3.922309   -3.4596975 ]
 [ 3.922309   -3.4596975 ]
 [ 0.8659304  -0.33639482]
 [ 2.8564818  -2.43676   ]
 [ 1.3338233  -0.8349675 ]
 [ 3.922309   -3.4596975 ]
 [ 3.4352503  -2.9248362 ]
 [ 3.922309   -3.4596975 ]
 [ 3.922309   -3.4596975 ]
 [-0.21344861  0.62892264]
 [ 0.8993847  -0.45302632]
 [ 2.3256562  -1.801226  ]
 [ 3.922309   -3.4596975 ]
 [ 2.3256562  -1.801226  ]
 [ 3.922309   -3.4596975 ]
 [ 3.922309   -3.4596975 ]
 [ 2.443417   -1.9585786 ]
 [ 0.8659304  -0.33639482]
 [ 0.8659304  -0.33639482]
 [ 3.922309   -3.4596975 ]
 [ 3.922309   -3.4596975 ]
 [ 3.922309   -3.4596975 ]
 [ 3.922309   -3.4596975 ]
 [ 1.4041592  -0.8844234 ]
 [ 0.9035488  -0.40718225]
 [ 3.922309   -3.4596975 ]]
2025-12-21 20:57:32,452 - [INFO] - ------------------------------------------------------------
2025-12-21 20:57:32,452 - [INFO] - On Validation Set:
	Accuracy of RRL  Model: 0.8977194194885971
	F1 Score of RRL  Model: 0.6476816572564194
2025-12-21 20:57:32,458 - [INFO] - On Validation Set:
Performance of  RRL Model: 
[[1259   27]
 [ 121   40]]
              precision    recall  f1-score   support

           0       0.91      0.98      0.94      1286
           1       0.60      0.25      0.35       161

    accuracy                           0.90      1447
   macro avg       0.75      0.61      0.65      1447
weighted avg       0.88      0.90      0.88      1447

2025-12-21 20:57:32,458 - [INFO] - ------------------------------------------------------------
2025-12-21 20:57:32,657 - [INFO] - epoch: 91, loss_rrl: 112.28827353566885
2025-12-21 20:57:34,074 - [INFO] - epoch: 92, loss_rrl: 112.711072454229
2025-12-21 20:57:34,125 - [DEBUG] - y_true: (1447,) [0 0 0 0 0 1 0 0 0 0 0 0 0 0 0 0 0 1 0 0 0 0 0 0 1 0 0 0 0 0 0 0 0 0 0 0 0
 0 1 1 0]
2025-12-21 20:57:34,279 - [DEBUG] - y_rrl_: (1447,) [0 0 0 0 0 0 0 0 0 0 0 0 0 0 0 0 0 0 0 0 0 0 0 0 1 0 0 0 0 0 0 0 0 0 0 0 0
 0 0 0 0]
2025-12-21 20:57:34,280 - [DEBUG] - y_rrl: (1447, 2) [[ 3.8231199  -3.3650274 ]
 [ 1.1422982  -0.66551757]
 [ 3.3077269  -2.8727512 ]
 [ 3.3077269  -2.8727512 ]
 [ 3.8231199  -3.3650274 ]
 [ 0.3327389   0.15652   ]
 [ 3.8231199  -3.3650274 ]
 [ 3.8231199  -3.3650274 ]
 [ 3.8231199  -3.3650274 ]
 [ 1.7990615  -1.3318036 ]
 [ 1.269464   -0.79250956]
 [ 3.2935221  -2.8257332 ]
 [ 3.3495972  -2.8442068 ]
 [ 3.8231199  -3.3650274 ]
 [ 2.7173946  -2.2455108 ]
 [ 3.3495972  -2.8442068 ]
 [ 2.9047873  -2.4513197 ]
 [ 1.269464   -0.79250956]
 [ 2.2480242  -1.785034  ]
 [ 1.7245946  -1.278008  ]
 [ 3.8231199  -3.3650274 ]
 [ 3.8231199  -3.3650274 ]
 [ 3.8231199  -3.3650274 ]
 [ 3.8231199  -3.3650274 ]
 [-0.18265425  0.64879614]
 [ 0.3327389   0.15652   ]
 [ 3.3495972  -2.8442068 ]
 [ 3.8231199  -3.3650274 ]
 [ 2.7173946  -2.2455108 ]
 [ 3.8231199  -3.3650274 ]
 [ 3.8231199  -3.3650274 ]
 [ 2.8863952  -2.4159977 ]
 [ 0.7959412  -0.271689  ]
 [ 0.7959412  -0.271689  ]
 [ 3.8231199  -3.3650274 ]
 [ 3.8231199  -3.3650274 ]
 [ 3.8231199  -3.3650274 ]
 [ 3.8231199  -3.3650274 ]
 [ 1.7990615  -1.3318036 ]
 [ 1.2836685  -0.83952737]
 [ 3.8231199  -3.3650274 ]]
2025-12-21 20:57:34,282 - [INFO] - ------------------------------------------------------------
2025-12-21 20:57:34,282 - [INFO] - On Validation Set:
	Accuracy of RRL  Model: 0.8935729094678645
	F1 Score of RRL  Model: 0.6676837270341207
2025-12-21 20:57:34,288 - [INFO] - On Validation Set:
Performance of  RRL Model: 
[[1243   43]
 [ 111   50]]
              precision    recall  f1-score   support

           0       0.92      0.97      0.94      1286
           1       0.54      0.31      0.39       161

    accuracy                           0.89      1447
   macro avg       0.73      0.64      0.67      1447
weighted avg       0.88      0.89      0.88      1447

2025-12-21 20:57:34,288 - [INFO] - ------------------------------------------------------------
2025-12-21 20:57:35,691 - [INFO] - epoch: 93, loss_rrl: 112.98344780132174
2025-12-21 20:57:35,973 - [DEBUG] - y_true: (1447,) [0 0 0 0 0 1 0 0 0 0 0 0 0 0 0 0 0 1 0 0 0 0 0 0 1 0 0 0 0 0 0 0 0 0 0 0 0
 0 1 1 0]
2025-12-21 20:57:36,127 - [DEBUG] - y_rrl_: (1447,) [0 0 0 0 0 1 0 0 0 0 1 0 0 0 0 0 0 1 0 0 0 0 0 0 1 1 0 0 0 0 0 0 1 1 0 0 0
 0 1 0 0]
2025-12-21 20:57:36,127 - [DEBUG] - y_rrl: (1447, 2) [[ 3.7382393  -3.2846458 ]
 [ 0.49925062 -0.05007455]
 [ 2.2668056  -1.8406364 ]
 [ 3.1835258  -2.7528002 ]
 [ 2.2668056  -1.8406364 ]
 [-0.3206      0.7821135 ]
 [ 3.7382393  -3.2846458 ]
 [ 3.1835258  -2.7528002 ]
 [ 3.7382393  -3.2846458 ]
 [ 1.1562818  -0.716545  ]
 [-0.46684465  0.8742604 ]
 [ 1.1983926  -0.7816761 ]
 [ 2.3330941  -1.8372588 ]
 [ 2.2668056  -1.8406364 ]
 [ 3.7382393  -3.2846458 ]
 [ 2.6151447  -2.1220524 ]
 [ 3.1835258  -2.7528002 ]
 [-0.46684465  0.8742604 ]
 [ 1.6097744  -1.174166  ]
 [ 2.195069   -1.7893645 ]
 [ 3.1835258  -2.7528002 ]
 [ 2.2668056  -1.8406364 ]
 [ 2.8215191  -2.372482  ]
 [ 3.1835258  -2.7528002 ]
 [-0.9552696   1.4094836 ]
 [ 0.23411354  0.25026792]
 [ 2.164488   -1.7060115 ]
 [ 3.1835258  -2.7528002 ]
 [ 1.7361926  -1.3290709 ]
 [ 3.7382393  -3.2846458 ]
 [ 3.1835258  -2.7528002 ]
 [ 1.3277234  -0.8893722 ]
 [-0.4005561   0.8776379 ]
 [-0.9552696   1.4094836 ]
 [ 2.8215191  -2.372482  ]
 [ 3.1835258  -2.7528002 ]
 [ 2.8215191  -2.372482  ]
 [ 3.1835258  -2.7528002 ]
 [-0.46684465  0.8742604 ]
 [ 0.5216123  -0.08917484]
 [ 3.1835258  -2.7528002 ]]
2025-12-21 20:57:36,129 - [INFO] - ------------------------------------------------------------
2025-12-21 20:57:36,129 - [INFO] - On Validation Set:
	Accuracy of RRL  Model: 0.8790601243953006
	F1 Score of RRL  Model: 0.7319306603149398
2025-12-21 20:57:36,135 - [INFO] - On Validation Set:
Performance of  RRL Model: 
[[1172  114]
 [  61  100]]
              precision    recall  f1-score   support

           0       0.95      0.91      0.93      1286
           1       0.47      0.62      0.53       161

    accuracy                           0.88      1447
   macro avg       0.71      0.77      0.73      1447
weighted avg       0.90      0.88      0.89      1447

2025-12-21 20:57:36,135 - [INFO] - ------------------------------------------------------------
2025-12-21 20:57:37,291 - [INFO] - epoch: 94, loss_rrl: 112.99850011058152
2025-12-21 20:57:37,815 - [DEBUG] - y_true: (1447,) [0 0 0 0 0 1 0 0 0 0 0 0 0 0 0 0 0 1 0 0 0 0 0 0 1 0 0 0 0 0 0 0 0 0 0 0 0
 0 1 1 0]
2025-12-21 20:57:37,999 - [DEBUG] - y_rrl_: (1447,) [0 0 0 0 0 0 0 0 0 0 0 0 0 0 0 0 0 0 0 0 0 0 0 0 1 0 0 0 0 0 0 0 0 0 0 0 0
 0 0 0 0]
2025-12-21 20:57:38,000 - [DEBUG] - y_rrl: (1447, 2) [[ 3.8955538  -3.4464238 ]
 [ 0.6936212  -0.21678181]
 [ 2.7917235  -2.3557203 ]
 [ 2.7917235  -2.3557203 ]
 [ 3.8955538  -3.4464238 ]
 [ 0.37410292  0.10544084]
 [ 3.8955538  -3.4464238 ]
 [ 3.344714   -2.8860896 ]
 [ 3.8955538  -3.4464238 ]
 [ 1.303573   -0.83609277]
 [ 0.8039187  -0.2901346 ]
 [ 2.8450592  -2.3401313 ]
 [ 3.3958995  -2.9004655 ]
 [ 3.8955538  -3.4464238 ]
 [ 3.8955538  -3.4464238 ]
 [ 3.3958995  -2.9004655 ]
 [ 3.344714   -2.8860896 ]
 [ 0.8039187  -0.2901346 ]
 [ 2.3477051  -1.893706  ]
 [ 3.344714   -2.8860896 ]
 [ 3.8955538  -3.4464238 ]
 [ 3.8955538  -3.4464238 ]
 [ 3.8955538  -3.4464238 ]
 [ 3.8955538  -3.4464238 ]
 [-0.1788874   0.63581014]
 [ 0.37410292  0.10544084]
 [ 3.3958995  -2.9004655 ]
 [ 3.8955538  -3.4464238 ]
 [ 3.344714   -2.8860896 ]
 [ 3.344714   -2.8860896 ]
 [ 3.8955538  -3.4464238 ]
 [ 3.3958995  -2.9004655 ]
 [ 0.8039187  -0.2901346 ]
 [ 0.8039187  -0.2901346 ]
 [ 3.8955538  -3.4464238 ]
 [ 3.344714   -2.8860896 ]
 [ 3.8955538  -3.4464238 ]
 [ 3.8955538  -3.4464238 ]
 [ 1.303573   -0.83609277]
 [ 0.8017685  -0.32009935]
 [ 3.344714   -2.8860896 ]]
2025-12-21 20:57:38,002 - [INFO] - ------------------------------------------------------------
2025-12-21 20:57:38,002 - [INFO] - On Validation Set:
	Accuracy of RRL  Model: 0.9011748445058743
	F1 Score of RRL  Model: 0.6246297018567062
2025-12-21 20:57:38,008 - [INFO] - On Validation Set:
Performance of  RRL Model: 
[[1273   13]
 [ 130   31]]
              precision    recall  f1-score   support

           0       0.91      0.99      0.95      1286
           1       0.70      0.19      0.30       161

    accuracy                           0.90      1447
   macro avg       0.81      0.59      0.62      1447
weighted avg       0.88      0.90      0.88      1447

2025-12-21 20:57:38,008 - [INFO] - ------------------------------------------------------------
2025-12-21 20:57:38,939 - [INFO] - epoch: 95, loss_rrl: 113.148507097736
2025-12-21 20:57:39,693 - [DEBUG] - y_true: (1447,) [0 0 0 0 0 1 0 0 0 0 0 0 0 0 0 0 0 1 0 0 0 0 0 0 1 0 0 0 0 0 0 0 0 0 0 0 0
 0 1 1 0]
2025-12-21 20:57:39,848 - [DEBUG] - y_rrl_: (1447,) [0 1 0 0 0 1 0 0 0 0 1 0 0 0 0 0 0 1 0 0 0 0 0 0 1 0 0 0 0 0 0 0 0 1 0 0 0
 0 1 0 0]
2025-12-21 20:57:39,849 - [DEBUG] - y_rrl: (1447, 2) [[ 4.168398   -3.7237096 ]
 [ 0.03417818  0.4016977 ]
 [ 3.05529    -2.6235843 ]
 [ 3.05529    -2.6235843 ]
 [ 3.6174622  -3.1951504 ]
 [ 0.07377099  0.37859005]
 [ 4.168398   -3.7237096 ]
 [ 3.05529    -2.6235843 ]
 [ 4.168398   -3.7237096 ]
 [ 1.0060711  -0.56566125]
 [ 0.07377099  0.37859005]
 [ 2.6739252  -2.2078922 ]
 [ 3.663745   -3.1732397 ]
 [ 3.6174622  -3.1951504 ]
 [ 4.168398   -3.7237096 ]
 [ 3.663745   -3.1732397 ]
 [ 3.05529    -2.6235843 ]
 [ 0.07377099  0.37859005]
 [ 2.083397   -1.6562257 ]
 [ 2.6276424  -2.229803  ]
 [ 3.6174622  -3.1951504 ]
 [ 3.6174622  -3.1951504 ]
 [ 4.168398   -3.7237096 ]
 [ 3.6174622  -3.1951504 ]
 [-0.5279939   0.9732636 ]
 [ 0.6247065  -0.14996925]
 [ 3.2360976  -2.7794585 ]
 [ 3.6174622  -3.1951504 ]
 [ 3.74075    -3.3299284 ]
 [ 3.6062255  -3.1521435 ]
 [ 3.6174622  -3.1951504 ]
 [ 2.685162   -2.2508993 ]
 [ 0.6247065  -0.14996925]
 [ 0.07377099  0.37859005]
 [ 4.168398   -3.7237096 ]
 [ 3.6174622  -3.1951504 ]
 [ 4.168398   -3.7237096 ]
 [ 3.6174622  -3.1951504 ]
 [ 0.07377099  0.37859005]
 [ 1.0635906  -0.58675724]
 [ 3.05529    -2.6235843 ]]
2025-12-21 20:57:39,851 - [INFO] - ------------------------------------------------------------
2025-12-21 20:57:39,851 - [INFO] - On Validation Set:
	Accuracy of RRL  Model: 0.9018659295093296
	F1 Score of RRL  Model: 0.7210447145200004
2025-12-21 20:57:39,857 - [INFO] - On Validation Set:
Performance of  RRL Model: 
[[1235   51]
 [  91   70]]
              precision    recall  f1-score   support

           0       0.93      0.96      0.95      1286
           1       0.58      0.43      0.50       161

    accuracy                           0.90      1447
   macro avg       0.75      0.70      0.72      1447
weighted avg       0.89      0.90      0.90      1447

2025-12-21 20:57:39,857 - [INFO] - ------------------------------------------------------------
2025-12-21 20:57:40,575 - [INFO] - epoch: 96, loss_rrl: 112.1165548209101
2025-12-21 20:57:41,546 - [DEBUG] - y_true: (1447,) [0 0 0 0 0 1 0 0 0 0 0 0 0 0 0 0 0 1 0 0 0 0 0 0 1 0 0 0 0 0 0 0 0 0 0 0 0
 0 1 1 0]
2025-12-21 20:57:41,701 - [DEBUG] - y_rrl_: (1447,) [0 1 0 0 0 1 0 0 0 0 0 0 0 0 0 0 0 0 0 0 0 0 0 0 1 1 0 0 0 0 0 0 0 0 0 0 0
 0 0 0 0]
2025-12-21 20:57:41,701 - [DEBUG] - y_rrl: (1447, 2) [[ 4.1285563  -3.6882834 ]
 [-0.01184878  0.47482046]
 [ 3.0445156  -2.6170828 ]
 [ 3.0445156  -2.6170828 ]
 [ 4.1285563  -3.6882834 ]
 [-0.01184878  0.47482046]
 [ 4.1285563  -3.6882834 ]
 [ 3.5749044  -3.1253378 ]
 [ 4.1285563  -3.6882834 ]
 [ 1.5346742  -1.0765496 ]
 [ 1.0997463  -0.67511934]
 [ 3.1399765  -2.7239075 ]
 [ 3.016961   -2.5383434 ]
 [ 4.1285563  -3.6882834 ]
 [ 3.0351186  -2.5819323 ]
 [ 3.6192555  -3.133648  ]
 [ 3.5749044  -3.1253378 ]
 [ 1.0997463  -0.67511934]
 [ 2.5820332  -2.1369133 ]
 [ 3.1399765  -2.7239075 ]
 [ 4.1285563  -3.6882834 ]
 [ 4.1285563  -3.6882834 ]
 [ 4.1285563  -3.6882834 ]
 [ 4.1285563  -3.6882834 ]
 [-0.5422375   0.98307544]
 [-0.01184878  0.47482046]
 [ 1.5372386  -1.062921  ]
 [ 4.1285563  -3.6882834 ]
 [ 3.1399765  -2.7239075 ]
 [ 3.5749044  -3.1253378 ]
 [ 4.1285563  -3.6882834 ]
 [ 3.1843276  -2.7322178 ]
 [ 0.59044576 -0.12048401]
 [ 0.59044576 -0.12048401]
 [ 4.1285563  -3.6882834 ]
 [ 3.5749044  -3.1253378 ]
 [ 4.1285563  -3.6882834 ]
 [ 4.1285563  -3.6882834 ]
 [ 1.0997463  -0.67511934]
 [ 1.5579371  -1.13124   ]
 [ 3.5749044  -3.1253378 ]]
2025-12-21 20:57:41,703 - [INFO] - ------------------------------------------------------------
2025-12-21 20:57:41,703 - [INFO] - On Validation Set:
	Accuracy of RRL  Model: 0.9004837595024188
	F1 Score of RRL  Model: 0.6998963014172139
2025-12-21 20:57:41,709 - [INFO] - On Validation Set:
Performance of  RRL Model: 
[[1243   43]
 [ 101   60]]
              precision    recall  f1-score   support

           0       0.92      0.97      0.95      1286
           1       0.58      0.37      0.45       161

    accuracy                           0.90      1447
   macro avg       0.75      0.67      0.70      1447
weighted avg       0.89      0.90      0.89      1447

2025-12-21 20:57:41,709 - [INFO] - ------------------------------------------------------------
2025-12-21 20:57:42,166 - [INFO] - epoch: 97, loss_rrl: 112.5316610634327
2025-12-21 20:57:43,403 - [DEBUG] - y_true: (1447,) [0 0 0 0 0 1 0 0 0 0 0 0 0 0 0 0 0 1 0 0 0 0 0 0 1 0 0 0 0 0 0 0 0 0 0 0 0
 0 1 1 0]
2025-12-21 20:57:43,558 - [DEBUG] - y_rrl_: (1447,) [0 1 0 0 0 0 0 0 0 0 0 0 0 0 0 0 0 0 0 0 0 0 0 0 1 0 0 0 0 0 0 0 0 0 0 0 0
 0 0 0 0]
2025-12-21 20:57:43,558 - [DEBUG] - y_rrl: (1447, 2) [[ 3.7833507  -3.3474643 ]
 [ 0.16810909  0.28101498]
 [ 2.6982386  -2.2750509 ]
 [ 2.6982386  -2.2750509 ]
 [ 3.7833507  -3.3474643 ]
 [ 0.23537931  0.22982866]
 [ 3.7833507  -3.3474643 ]
 [ 3.2238584  -2.7787783 ]
 [ 3.7833507  -3.3474643 ]
 [ 1.191626   -0.73813456]
 [ 0.68548834 -0.18714446]
 [ 2.7177205  -2.227788  ]
 [ 3.2772129  -2.7964742 ]
 [ 3.7833507  -3.3474643 ]
 [ 2.690528   -2.24194   ]
 [ 3.7833507  -3.3474643 ]
 [ 2.2844481  -1.8436586 ]
 [ 0.68548834 -0.18714446]
 [ 1.7670692  -1.3754989 ]
 [ 2.773749   -2.3618052 ]
 [ 3.7833507  -3.3474643 ]
 [ 3.7833507  -3.3474643 ]
 [ 3.7833507  -3.3474643 ]
 [ 3.7833507  -3.3474643 ]
 [-0.91700256  1.3534286 ]
 [ 0.23537931  0.22982866]
 [ 2.18439    -1.69095   ]
 [ 3.7833507  -3.3474643 ]
 [ 3.7833507  -3.3474643 ]
 [ 3.2238584  -2.7787783 ]
 [ 3.7833507  -3.3474643 ]
 [ 2.2676115  -1.8108152 ]
 [ 0.68548834 -0.18714446]
 [ 0.68548834 -0.18714446]
 [ 3.7833507  -3.3474643 ]
 [ 3.7833507  -3.3474643 ]
 [ 3.7833507  -3.3474643 ]
 [ 3.7833507  -3.3474643 ]
 [ 0.68548834 -0.18714446]
 [ 0.7193605  -0.2521029 ]
 [ 3.2238584  -2.7787783 ]]
2025-12-21 20:57:43,560 - [INFO] - ------------------------------------------------------------
2025-12-21 20:57:43,560 - [INFO] - On Validation Set:
	Accuracy of RRL  Model: 0.8970283344851416
	F1 Score of RRL  Model: 0.6946673747565941
2025-12-21 20:57:43,566 - [INFO] - On Validation Set:
Performance of  RRL Model: 
[[1238   48]
 [ 101   60]]
              precision    recall  f1-score   support

           0       0.92      0.96      0.94      1286
           1       0.56      0.37      0.45       161

    accuracy                           0.90      1447
   macro avg       0.74      0.67      0.69      1447
weighted avg       0.88      0.90      0.89      1447

2025-12-21 20:57:43,566 - [INFO] - ------------------------------------------------------------
2025-12-21 20:57:43,802 - [INFO] - epoch: 98, loss_rrl: 113.18867633119226
2025-12-21 20:57:45,278 - [INFO] - epoch: 99, loss_rrl: 113.16187949851155
