2025-12-21 17:07:05,286 - [DEBUG] - y_true: (1447,) [0 0 0 0 0 1 0 0 0 0 0 0 0 0 0 0 0 1 0 0 0 0 0 0 1 0 0 0 0 0 0 0 0 0 0 0 0
 0 1 1 0]
2025-12-21 17:07:05,569 - [DEBUG] - y_rrl_: (1447,) [0 0 0 0 0 0 0 0 0 0 0 0 0 0 0 0 0 0 0 0 0 0 0 0 0 0 0 0 0 0 0 0 0 0 0 0 0
 0 0 0 0]
2025-12-21 17:07:05,570 - [DEBUG] - y_rrl: (1447, 2) [[ 0.6737649 -0.4525903]
 [ 0.6737649 -0.4525903]
 [ 0.6737649 -0.4525903]
 [ 0.6737649 -0.4525903]
 [ 0.6737649 -0.4525903]
 [ 0.6737649 -0.4525903]
 [ 0.6737649 -0.4525903]
 [ 0.6737649 -0.4525903]
 [ 0.6737649 -0.4525903]
 [ 0.6737649 -0.4525903]
 [ 0.6737649 -0.4525903]
 [ 0.6737649 -0.4525903]
 [ 0.6737649 -0.4525903]
 [ 0.6737649 -0.4525903]
 [ 0.6737649 -0.4525903]
 [ 0.6737649 -0.4525903]
 [ 0.6737649 -0.4525903]
 [ 0.6737649 -0.4525903]
 [ 0.6737649 -0.4525903]
 [ 0.6737649 -0.4525903]
 [ 0.6737649 -0.4525903]
 [ 0.6737649 -0.4525903]
 [ 0.6737649 -0.4525903]
 [ 0.6737649 -0.4525903]
 [ 0.6737649 -0.4525903]
 [ 0.6737649 -0.4525903]
 [ 0.6737649 -0.4525903]
 [ 0.6737649 -0.4525903]
 [ 0.6737649 -0.4525903]
 [ 0.6737649 -0.4525903]
 [ 0.6737649 -0.4525903]
 [ 0.6737649 -0.4525903]
 [ 0.6737649 -0.4525903]
 [ 0.6737649 -0.4525903]
 [ 0.6737649 -0.4525903]
 [ 0.6737649 -0.4525903]
 [ 0.6737649 -0.4525903]
 [ 0.6737649 -0.4525903]
 [ 0.6737649 -0.4525903]
 [ 0.6737649 -0.4525903]
 [ 0.6737649 -0.4525903]]
2025-12-21 17:07:05,572 - [INFO] - ------------------------------------------------------------
2025-12-21 17:07:05,572 - [INFO] - On Validation Set:
	Accuracy of RRL  Model: 0.8887353144436766
	F1 Score of RRL  Model: 0.47054518843761434
2025-12-21 17:07:05,579 - [INFO] - On Validation Set:
Performance of  RRL Model: 
[[1286    0]
 [ 161    0]]
              precision    recall  f1-score   support

           0       0.89      1.00      0.94      1286
           1       0.00      0.00      0.00       161

    accuracy                           0.89      1447
   macro avg       0.44      0.50      0.47      1447
weighted avg       0.79      0.89      0.84      1447

2025-12-21 17:07:05,579 - [INFO] - ------------------------------------------------------------
2025-12-21 17:07:07,234 - [DEBUG] - y_true: (1447,) [0 0 0 0 0 1 0 0 0 0 0 0 0 0 0 0 0 1 0 0 0 0 0 0 1 0 0 0 0 0 0 0 0 0 0 0 0
 0 1 1 0]
2025-12-21 17:07:07,517 - [DEBUG] - y_rrl_: (1447,) [0 0 0 0 0 1 0 0 0 0 1 0 0 0 0 0 0 0 0 0 0 0 0 0 1 1 0 0 0 0 0 0 1 0 0 0 0
 0 0 0 0]
2025-12-21 17:07:07,518 - [DEBUG] - y_rrl: (1447, 2) [[ 1.0707412  -0.98865694]
 [ 1.0707412  -0.98865694]
 [ 1.5971341  -1.4716245 ]
 [ 1.5971341  -1.4716245 ]
 [ 1.0707412  -0.98865694]
 [-0.1223543   0.241902  ]
 [ 1.5971341  -1.4716245 ]
 [ 1.5971341  -1.4716245 ]
 [ 1.5971341  -1.4716245 ]
 [ 0.4040387  -0.24106568]
 [-0.01903993  0.10918903]
 [ 1.3528798  -1.2034107 ]
 [ 1.0707412  -0.98865694]
 [ 1.5971341  -1.4716245 ]
 [ 1.3149954  -1.2568706 ]
 [ 1.3528798  -1.2034107 ]
 [ 1.5971341  -1.4716245 ]
 [ 0.15978438  0.02714806]
 [ 1.0707412  -0.98865694]
 [ 1.3149954  -1.2568706 ]
 [ 1.3149954  -1.2568706 ]
 [ 1.5971341  -1.4716245 ]
 [ 1.3149954  -1.2568706 ]
 [ 1.3149954  -1.2568706 ]
 [-0.3011786   0.32394296]
 [-0.1223543   0.241902  ]
 [ 1.3528798  -1.2034107 ]
 [ 1.3149954  -1.2568706 ]
 [ 1.3528798  -1.2034107 ]
 [ 1.5971341  -1.4716245 ]
 [ 1.3528798  -1.2034107 ]
 [ 1.3149954  -1.2568706 ]
 [-0.01903993  0.10918903]
 [ 0.15978438  0.02714806]
 [ 1.0707412  -0.98865694]
 [ 1.5971341  -1.4716245 ]
 [ 1.3528798  -1.2034107 ]
 [ 1.3149954  -1.2568706 ]
 [ 0.15978438  0.02714806]
 [ 0.44465223 -0.39290124]
 [ 1.5971341  -1.4716245 ]]
2025-12-21 17:07:07,520 - [INFO] - ------------------------------------------------------------
2025-12-21 17:07:07,520 - [INFO] - On Validation Set:
	Accuracy of RRL  Model: 0.8832066344160332
	F1 Score of RRL  Model: 0.6391622362990605
2025-12-21 17:07:07,526 - [INFO] - On Validation Set:
Performance of  RRL Model: 
[[1234   52]
 [ 117   44]]
              precision    recall  f1-score   support

           0       0.91      0.96      0.94      1286
           1       0.46      0.27      0.34       161

    accuracy                           0.88      1447
   macro avg       0.69      0.62      0.64      1447
weighted avg       0.86      0.88      0.87      1447

2025-12-21 17:07:07,526 - [INFO] - ------------------------------------------------------------
2025-12-21 17:07:08,693 - [INFO] - epoch: 0, loss_rrl: 257.60505803860724
2025-12-21 17:07:09,167 - [DEBUG] - y_true: (1447,) [0 0 0 0 0 1 0 0 0 0 0 0 0 0 0 0 0 1 0 0 0 0 0 0 1 0 0 0 0 0 0 0 0 0 0 0 0
 0 1 1 0]
2025-12-21 17:07:09,456 - [DEBUG] - y_rrl_: (1447,) [0 0 0 0 0 1 0 0 0 0 0 0 0 0 0 0 0 0 0 0 0 0 0 0 1 1 0 0 0 0 0 0 0 0 0 0 0
 0 0 0 0]
2025-12-21 17:07:09,457 - [DEBUG] - y_rrl: (1447, 2) [[ 1.011311   -0.80053335]
 [ 0.2843675  -0.14616883]
 [ 1.5689298  -1.4020557 ]
 [ 1.5689298  -1.4020557 ]
 [ 1.011311   -0.80053335]
 [-0.30417097  0.34013623]
 [ 1.3839123  -1.096854  ]
 [ 1.5689298  -1.4020557 ]
 [ 1.7082878  -1.4449995 ]
 [ 0.3928057  -0.30432984]
 [ 0.06843016  0.04381564]
 [ 1.3839123  -1.096854  ]
 [ 1.011311   -0.80053335]
 [ 1.2445543  -1.0539103 ]
 [ 1.011311   -0.80053335]
 [ 1.7082878  -1.4449995 ]
 [ 1.7082878  -1.4449995 ]
 [ 0.06843016  0.04381564]
 [ 1.1963286  -1.1057352 ]
 [ 0.8719531  -0.75758964]
 [ 1.1963286  -1.1057352 ]
 [ 1.3839123  -1.096854  ]
 [ 1.011311   -0.80053335]
 [ 0.8719531  -0.75758964]
 [-0.57551366  0.47351712]
 [-0.16481301  0.2971925 ]
 [ 1.3839123  -1.096854  ]
 [ 0.8719531  -0.75758964]
 [ 1.3839123  -1.096854  ]
 [ 1.6896058  -1.435513  ]
 [ 1.2445543  -1.0539103 ]
 [ 0.8719531  -0.75758964]
 [ 0.06843016  0.04381564]
 [ 0.06843016  0.04381564]
 [ 1.011311   -0.80053335]
 [ 1.5689298  -1.4020557 ]
 [ 1.3839123  -1.096854  ]
 [ 0.8719531  -0.75758964]
 [ 0.06843016  0.04381564]
 [ 0.07489169 -0.02312557]
 [ 1.5689298  -1.4020557 ]]
2025-12-21 17:07:09,459 - [INFO] - ------------------------------------------------------------
2025-12-21 17:07:09,459 - [INFO] - On Validation Set:
	Accuracy of RRL  Model: 0.8921907394609537
	F1 Score of RRL  Model: 0.6935420807402821
2025-12-21 17:07:09,465 - [INFO] - On Validation Set:
Performance of  RRL Model: 
[[1228   58]
 [  98   63]]
              precision    recall  f1-score   support

           0       0.93      0.95      0.94      1286
           1       0.52      0.39      0.45       161

    accuracy                           0.89      1447
   macro avg       0.72      0.67      0.69      1447
weighted avg       0.88      0.89      0.89      1447

2025-12-21 17:07:09,465 - [INFO] - ------------------------------------------------------------
2025-12-21 17:07:11,089 - [DEBUG] - y_true: (1447,) [0 0 0 0 0 1 0 0 0 0 0 0 0 0 0 0 0 1 0 0 0 0 0 0 1 0 0 0 0 0 0 0 0 0 0 0 0
 0 1 1 0]
2025-12-21 17:07:11,388 - [DEBUG] - y_rrl_: (1447,) [0 0 0 0 0 0 0 0 0 0 0 0 0 0 0 0 0 0 0 0 0 0 0 0 1 0 0 0 0 0 0 0 0 0 0 0 0
 0 0 0 0]
2025-12-21 17:07:11,388 - [DEBUG] - y_rrl: (1447, 2) [[ 1.3960508  -1.2003839 ]
 [ 0.3103639  -0.16337052]
 [ 1.5311744  -1.3647628 ]
 [ 1.5311744  -1.3647628 ]
 [ 1.3960508  -1.2003839 ]
 [ 0.04836704 -0.0267783 ]
 [ 1.698709   -1.4362624 ]
 [ 1.5311744  -1.3647628 ]
 [ 1.698709   -1.4362624 ]
 [ 0.35102534 -0.26265675]
 [ 0.25545114 -0.04742593]
 [ 1.4356002  -1.1495318 ]
 [ 1.3960508  -1.2003839 ]
 [ 1.5311744  -1.3647628 ]
 [ 1.3960508  -1.2003839 ]
 [ 1.698709   -1.4362624 ]
 [ 1.698709   -1.4362624 ]
 [ 0.08791648  0.02407377]
 [ 1.2285162  -1.1288843 ]
 [ 1.2285162  -1.1288843 ]
 [ 1.2285162  -1.1288843 ]
 [ 1.698709   -1.4362624 ]
 [ 1.3960508  -1.2003839 ]
 [ 1.2285162  -1.1288843 ]
 [-0.59980345  0.50785005]
 [ 0.21590169 -0.09827801]
 [ 1.4356002  -1.1495318 ]
 [ 1.2285162  -1.1288843 ]
 [ 1.698709   -1.4362624 ]
 [ 1.698709   -1.4362624 ]
 [ 1.2680656  -1.0780321 ]
 [ 1.2285162  -1.1288843 ]
 [ 0.25545114 -0.04742593]
 [ 0.08791648  0.02407377]
 [ 1.3960508  -1.2003839 ]
 [ 1.5311744  -1.3647628 ]
 [ 1.698709   -1.4362624 ]
 [ 1.2285162  -1.1288843 ]
 [ 0.08791648  0.02407377]
 [ 0.39549512 -0.22285068]
 [ 1.5311744  -1.3647628 ]]
2025-12-21 17:07:11,390 - [INFO] - ------------------------------------------------------------
2025-12-21 17:07:11,390 - [INFO] - On Validation Set:
	Accuracy of RRL  Model: 0.9046302695231514
	F1 Score of RRL  Model: 0.6223846840441143
2025-12-21 17:07:11,397 - [INFO] - On Validation Set:
Performance of  RRL Model: 
[[1280    6]
 [ 132   29]]
              precision    recall  f1-score   support

           0       0.91      1.00      0.95      1286
           1       0.83      0.18      0.30       161

    accuracy                           0.90      1447
   macro avg       0.87      0.59      0.62      1447
weighted avg       0.90      0.90      0.88      1447

2025-12-21 17:07:11,397 - [INFO] - ------------------------------------------------------------
2025-12-21 17:07:12,098 - [INFO] - epoch: 1, loss_rrl: 226.59907818958163
2025-12-21 17:07:13,098 - [DEBUG] - y_true: (1447,) [0 0 0 0 0 1 0 0 0 0 0 0 0 0 0 0 0 1 0 0 0 0 0 0 1 0 0 0 0 0 0 0 0 0 0 0 0
 0 1 1 0]
2025-12-21 17:07:13,411 - [DEBUG] - y_rrl_: (1447,) [0 0 0 0 0 0 0 0 0 0 0 0 0 0 0 0 0 1 0 0 0 0 0 0 1 0 0 0 0 0 0 0 0 1 0 0 0
 0 0 0 0]
2025-12-21 17:07:13,411 - [DEBUG] - y_rrl: (1447, 2) [[ 1.3969929  -1.201833  ]
 [ 0.22715935 -0.0805276 ]
 [ 1.5174795  -1.3515252 ]
 [ 1.5174795  -1.3515252 ]
 [ 1.3969929  -1.201833  ]
 [ 0.13629827 -0.11454716]
 [ 1.6497742  -1.388139  ]
 [ 1.5174795  -1.3515252 ]
 [ 1.6497742  -1.388139  ]
 [ 0.3890795  -0.3008532 ]
 [ 0.18740606  0.02000628]
 [ 1.3158062  -1.0306659 ]
 [ 1.3969929  -1.201833  ]
 [ 1.5174795  -1.3515252 ]
 [ 1.3969929  -1.201833  ]
 [ 1.6497742  -1.388139  ]
 [ 1.6497742  -1.388139  ]
 [ 0.05511153  0.05661998]
 [ 1.2646984  -1.1652192 ]
 [ 1.2646984  -1.1652192 ]
 [ 1.2646984  -1.1652192 ]
 [ 1.6497742  -1.388139  ]
 [ 1.3969929  -1.201833  ]
 [ 1.2646984  -1.1652192 ]
 [-0.6826438   0.5916889 ]
 [ 0.2685928  -0.15116087]
 [ 1.3158062  -1.0306659 ]
 [ 1.2646984  -1.1652192 ]
 [ 1.6497742  -1.388139  ]
 [ 1.6497742  -1.388139  ]
 [ 1.1835116  -0.99405205]
 [ 1.2646984  -1.1652192 ]
 [ 0.18740606  0.02000628]
 [ 0.05511153  0.05661998]
 [ 1.3969929  -1.201833  ]
 [ 1.5174795  -1.3515252 ]
 [ 1.6497742  -1.388139  ]
 [ 1.2646984  -1.1652192 ]
 [ 0.3890795  -0.3008532 ]
 [ 0.1272611   0.04531554]
 [ 1.5174795  -1.3515252 ]]
2025-12-21 17:07:13,414 - [INFO] - ------------------------------------------------------------
2025-12-21 17:07:13,414 - [INFO] - On Validation Set:
	Accuracy of RRL  Model: 0.8997926744989634
	F1 Score of RRL  Model: 0.64184696795118
2025-12-21 17:07:13,420 - [INFO] - On Validation Set:
Performance of  RRL Model: 
[[1265   21]
 [ 124   37]]
              precision    recall  f1-score   support

           0       0.91      0.98      0.95      1286
           1       0.64      0.23      0.34       161

    accuracy                           0.90      1447
   macro avg       0.77      0.61      0.64      1447
weighted avg       0.88      0.90      0.88      1447

2025-12-21 17:07:13,420 - [INFO] - ------------------------------------------------------------
2025-12-21 17:07:15,043 - [DEBUG] - y_true: (1447,) [0 0 0 0 0 1 0 0 0 0 0 0 0 0 0 0 0 1 0 0 0 0 0 0 1 0 0 0 0 0 0 0 0 0 0 0 0
 0 1 1 0]
2025-12-21 17:07:15,353 - [DEBUG] - y_rrl_: (1447,) [0 0 0 0 0 0 0 0 0 0 1 0 0 0 0 0 0 1 0 0 0 0 0 0 1 0 0 0 0 0 0 0 1 1 0 0 0
 0 1 1 0]
2025-12-21 17:07:15,354 - [DEBUG] - y_rrl: (1447, 2) [[ 1.4435545  -1.2488738 ]
 [ 0.4567012  -0.21505874]
 [ 1.0472265  -0.7628102 ]
 [ 1.0472265  -0.7628102 ]
 [ 0.4567012  -0.21505874]
 [ 0.34322113 -0.22597608]
 [ 1.4435545  -1.2488738 ]
 [ 1.7201078  -1.459252  ]
 [ 1.7201078  -1.459252  ]
 [ 0.61977446 -0.43635416]
 [ 0.02924904  0.11139727]
 [ 0.4567012  -0.21505874]
 [ 0.7706733  -0.55243206]
 [ 0.4567012  -0.21505874]
 [ 1.1295824  -0.9115006 ]
 [ 1.4435545  -1.2488738 ]
 [ 1.7201078  -1.459252  ]
 [ 0.02924904  0.11139727]
 [ 1.4435545  -1.2488738 ]
 [ 1.1295824  -0.9115006 ]
 [ 1.4435545  -1.2488738 ]
 [ 0.4567012  -0.21505874]
 [ 0.4567012  -0.21505874]
 [ 1.1295824  -0.9115006 ]
 [-0.511567    0.51707065]
 [ 0.34322113 -0.22597608]
 [ 1.1295824  -0.9115006 ]
 [ 1.1295824  -0.9115006 ]
 [ 0.4567012  -0.21505874]
 [ 1.7201078  -1.459252  ]
 [ 1.1295824  -0.9115006 ]
 [ 0.4567012  -0.21505874]
 [ 0.02924904  0.11139727]
 [ 0.02924904  0.11139727]
 [ 0.7706733  -0.55243206]
 [ 1.7201078  -1.459252  ]
 [ 0.7706733  -0.55243206]
 [ 1.1295824  -0.9115006 ]
 [ 0.02924904  0.11139727]
 [-0.2534354   0.335577  ]
 [ 1.7201078  -1.459252  ]]
2025-12-21 17:07:15,356 - [INFO] - ------------------------------------------------------------
2025-12-21 17:07:15,356 - [INFO] - On Validation Set:
	Accuracy of RRL  Model: 0.8859709744298548
	F1 Score of RRL  Model: 0.7027870829925571
2025-12-21 17:07:15,362 - [INFO] - On Validation Set:
Performance of  RRL Model: 
[[1209   77]
 [  88   73]]
              precision    recall  f1-score   support

           0       0.93      0.94      0.94      1286
           1       0.49      0.45      0.47       161

    accuracy                           0.89      1447
   macro avg       0.71      0.70      0.70      1447
weighted avg       0.88      0.89      0.88      1447

2025-12-21 17:07:15,362 - [INFO] - ------------------------------------------------------------
2025-12-21 17:07:15,608 - [INFO] - epoch: 2, loss_rrl: 225.05758704431355
2025-12-21 17:07:16,993 - [DEBUG] - y_true: (1447,) [0 0 0 0 0 1 0 0 0 0 0 0 0 0 0 0 0 1 0 0 0 0 0 0 1 0 0 0 0 0 0 0 0 0 0 0 0
 0 1 1 0]
2025-12-21 17:07:17,306 - [DEBUG] - y_rrl_: (1447,) [0 0 0 0 0 0 0 0 0 0 0 0 0 0 0 0 0 0 0 0 0 0 0 0 1 0 0 0 0 0 0 0 0 0 0 0 0
 0 0 0 0]
2025-12-21 17:07:17,307 - [DEBUG] - y_rrl: (1447, 2) [[ 1.4382945  -1.2440755 ]
 [ 0.3002305  -0.15426187]
 [ 1.5577204  -1.3926514 ]
 [ 1.5577204  -1.3926514 ]
 [ 1.4382945  -1.2440755 ]
 [ 0.21005465 -0.18800847]
 [ 1.6921701  -1.4320744 ]
 [ 1.5577204  -1.3926514 ]
 [ 1.6921701  -1.4320744 ]
 [ 0.4639302  -0.37600732]
 [ 0.2887454  -0.08249459]
 [ 1.3825357  -1.0991386 ]
 [ 1.4382945  -1.2440755 ]
 [ 1.5577204  -1.3926514 ]
 [ 1.4382945  -1.2440755 ]
 [ 1.3825357  -1.0991386 ]
 [ 1.6921701  -1.4320744 ]
 [ 0.15429579 -0.04307154]
 [ 0.9942104  -0.8717168 ]
 [ 1.3038449  -1.2046525 ]
 [ 1.3038449  -1.2046525 ]
 [ 1.6921701  -1.4320744 ]
 [ 1.4382945  -1.2440755 ]
 [ 1.3038449  -1.2046525 ]
 [-0.69347537  0.6048378 ]
 [ 0.3445043  -0.22743152]
 [ 1.6921701  -1.4320744 ]
 [ 1.3038449  -1.2046525 ]
 [ 1.6921701  -1.4320744 ]
 [ 1.6921701  -1.4320744 ]
 [ 1.248086   -1.0597156 ]
 [ 1.3038449  -1.2046525 ]
 [ 0.2887454  -0.08249459]
 [ 0.15429579 -0.04307154]
 [ 1.4382945  -1.2440755 ]
 [ 1.5577204  -1.3926514 ]
 [ 1.6921701  -1.4320744 ]
 [ 1.3038449  -1.2046525 ]
 [ 0.15429579 -0.04307154]
 [ 0.09466012  0.07822692]
 [ 1.5577204  -1.3926514 ]]
2025-12-21 17:07:17,309 - [INFO] - ------------------------------------------------------------
2025-12-21 17:07:17,309 - [INFO] - On Validation Set:
	Accuracy of RRL  Model: 0.9032480995162405
	F1 Score of RRL  Model: 0.6437113953259325
2025-12-21 17:07:17,315 - [INFO] - On Validation Set:
Performance of  RRL Model: 
[[1271   15]
 [ 125   36]]
              precision    recall  f1-score   support

           0       0.91      0.99      0.95      1286
           1       0.71      0.22      0.34       161

    accuracy                           0.90      1447
   macro avg       0.81      0.61      0.64      1447
weighted avg       0.89      0.90      0.88      1447

2025-12-21 17:07:17,315 - [INFO] - ------------------------------------------------------------
2025-12-21 17:07:18,746 - [INFO] - epoch: 3, loss_rrl: 222.57353229261935
2025-12-21 17:07:18,977 - [DEBUG] - y_true: (1447,) [0 0 0 0 0 1 0 0 0 0 0 0 0 0 0 0 0 1 0 0 0 0 0 0 1 0 0 0 0 0 0 0 0 0 0 0 0
 0 1 1 0]
2025-12-21 17:07:19,292 - [DEBUG] - y_rrl_: (1447,) [0 0 0 0 0 0 0 0 0 0 0 0 0 0 0 0 0 0 0 0 0 0 0 0 1 0 0 0 0 0 0 0 0 0 0 0 0
 0 0 0 0]
2025-12-21 17:07:19,293 - [DEBUG] - y_rrl: (1447, 2) [[ 1.2327969  -1.0216312 ]
 [ 0.2238952   0.03386297]
 [ 1.7277672  -1.4684404 ]
 [ 1.7277672  -1.4684404 ]
 [ 1.2327969  -1.0216312 ]
 [ 0.30261523 -0.18572134]
 [ 1.7277672  -1.4684404 ]
 [ 1.7277672  -1.4684404 ]
 [ 1.7277672  -1.4684404 ]
 [ 0.53916913 -0.35669705]
 [ 0.21994482 -0.01427036]
 [ 1.408543   -1.1260138 ]
 [ 1.2327969  -1.0216312 ]
 [ 1.7277672  -1.4684404 ]
 [ 1.2327969  -1.0216312 ]
 [ 1.408543   -1.1260138 ]
 [ 1.7277672  -1.4684404 ]
 [ 0.21994482 -0.01427036]
 [ 0.91357267 -0.6792046 ]
 [ 1.2327969  -1.0216312 ]
 [ 1.2327969  -1.0216312 ]
 [ 1.7277672  -1.4684404 ]
 [ 1.2327969  -1.0216312 ]
 [ 1.2327969  -1.0216312 ]
 [-0.63095367  0.63827056]
 [ 0.30261523 -0.18572134]
 [ 1.408543   -1.1260138 ]
 [ 1.2327969  -1.0216312 ]
 [ 1.7277672  -1.4684404 ]
 [ 1.4693508  -1.1926069 ]
 [ 1.408543   -1.1260138 ]
 [ 1.2327969  -1.0216312 ]
 [ 0.21994482 -0.01427036]
 [ 0.21994482 -0.01427036]
 [ 1.2327969  -1.0216312 ]
 [ 1.7277672  -1.4684404 ]
 [ 1.7277672  -1.4684404 ]
 [ 1.2327969  -1.0216312 ]
 [ 0.53916913 -0.35669705]
 [ 0.1045209   0.06861902]
 [ 1.7277672  -1.4684404 ]]
2025-12-21 17:07:19,295 - [INFO] - ------------------------------------------------------------
2025-12-21 17:07:19,295 - [INFO] - On Validation Set:
	Accuracy of RRL  Model: 0.9046302695231514
	F1 Score of RRL  Model: 0.6605595974705922
2025-12-21 17:07:19,301 - [INFO] - On Validation Set:
Performance of  RRL Model: 
[[1268   18]
 [ 120   41]]
              precision    recall  f1-score   support

           0       0.91      0.99      0.95      1286
           1       0.69      0.25      0.37       161

    accuracy                           0.90      1447
   macro avg       0.80      0.62      0.66      1447
weighted avg       0.89      0.90      0.88      1447

2025-12-21 17:07:19,301 - [INFO] - ------------------------------------------------------------
2025-12-21 17:07:20,962 - [DEBUG] - y_true: (1447,) [0 0 0 0 0 1 0 0 0 0 0 0 0 0 0 0 0 1 0 0 0 0 0 0 1 0 0 0 0 0 0 0 0 0 0 0 0
 0 1 1 0]
2025-12-21 17:07:21,275 - [DEBUG] - y_rrl_: (1447,) [0 0 0 0 0 1 0 0 0 0 0 0 0 0 0 0 0 0 0 0 0 0 0 0 1 1 0 0 0 0 0 0 0 0 0 0 0
 0 0 0 0]
2025-12-21 17:07:21,276 - [DEBUG] - y_rrl: (1447, 2) [[ 1.0818994e+00 -8.8949883e-01]
 [ 2.4756245e-01 -1.2624228e-01]
 [ 1.5534478e+00 -1.3892739e+00]
 [ 1.5534478e+00 -1.3892739e+00]
 [ 1.0818994e+00 -8.8949883e-01]
 [-1.0482411e-01  1.5026337e-01]
 [ 1.7049161e+00 -1.4463563e+00]
 [ 1.5534478e+00 -1.3892739e+00]
 [ 1.7049161e+00 -1.4463563e+00]
 [ 3.8866735e-01 -3.0105534e-01]
 [ 2.6240128e-01 -5.7298280e-02]
 [ 1.4271818e+00 -1.1455168e+00]
 [ 1.0818994e+00 -8.8949883e-01]
 [ 1.5534478e+00 -1.3892739e+00]
 [ 1.3596337e+00 -1.1903384e+00]
 [ 1.7049161e+00 -1.4463563e+00]
 [ 1.7049161e+00 -1.4463563e+00]
 [ 1.1093308e-01 -2.1580607e-04]
 [ 1.2081655e+00 -1.1332560e+00]
 [ 1.2081655e+00 -1.1332560e+00]
 [ 1.2081655e+00 -1.1332560e+00]
 [ 1.7049161e+00 -1.4463563e+00]
 [ 1.3596337e+00 -1.1903384e+00]
 [ 1.2081655e+00 -1.1332560e+00]
 [-7.3234636e-01  6.4625859e-01]
 [ 4.6644077e-02  9.3180887e-02]
 [ 1.4271818e+00 -1.1455168e+00]
 [ 1.2081655e+00 -1.1332560e+00]
 [ 1.7049161e+00 -1.4463563e+00]
 [ 1.5753909e+00 -1.3408176e+00]
 [ 1.2757136e+00 -1.0884343e+00]
 [ 1.2081655e+00 -1.1332560e+00]
 [ 2.6240128e-01 -5.7298280e-02]
 [ 1.1093308e-01 -2.1580607e-04]
 [ 1.0818994e+00 -8.8949883e-01]
 [ 1.5534478e+00 -1.3892739e+00]
 [ 1.4271818e+00 -1.1455168e+00]
 [ 1.2081655e+00 -1.1332560e+00]
 [ 1.1093308e-01 -2.1580607e-04]
 [ 1.1679079e-01  5.6652628e-02]
 [ 1.5534478e+00 -1.3892739e+00]]
2025-12-21 17:07:21,278 - [INFO] - ------------------------------------------------------------
2025-12-21 17:07:21,278 - [INFO] - On Validation Set:
	Accuracy of RRL  Model: 0.9018659295093296
	F1 Score of RRL  Model: 0.6868767220149709
2025-12-21 17:07:21,284 - [INFO] - On Validation Set:
Performance of  RRL Model: 
[[1252   34]
 [ 108   53]]
              precision    recall  f1-score   support

           0       0.92      0.97      0.95      1286
           1       0.61      0.33      0.43       161

    accuracy                           0.90      1447
   macro avg       0.76      0.65      0.69      1447
weighted avg       0.89      0.90      0.89      1447

2025-12-21 17:07:21,284 - [INFO] - ------------------------------------------------------------
2025-12-21 17:07:22,231 - [INFO] - epoch: 4, loss_rrl: 222.83179045841098
2025-12-21 17:07:22,917 - [DEBUG] - y_true: (1447,) [0 0 0 0 0 1 0 0 0 0 0 0 0 0 0 0 0 1 0 0 0 0 0 0 1 0 0 0 0 0 0 0 0 0 0 0 0
 0 1 1 0]
2025-12-21 17:07:23,228 - [DEBUG] - y_rrl_: (1447,) [0 0 0 0 0 1 0 0 0 0 1 0 0 0 0 0 0 1 0 0 0 0 0 0 1 1 0 0 0 0 0 0 1 1 0 0 0
 0 1 1 0]
2025-12-21 17:07:23,229 - [DEBUG] - y_rrl: (1447, 2) [[ 0.9718707  -0.63971907]
 [ 0.1610745   0.10023625]
 [ 1.603845   -1.2999333 ]
 [ 1.603845   -1.2999333 ]
 [ 1.2924467  -0.98330283]
 [-0.15965994  0.34536022]
 [ 1.5364918  -1.2034956 ]
 [ 1.6624633  -1.4987634 ]
 [ 1.8000067  -1.5422468 ]
 [ 0.42443126 -0.3369748 ]
 [ 0.03650193  0.1030467 ]
 [ 1.2745341  -1.0587419 ]
 [ 0.9718707  -0.63971907]
 [ 1.3989483  -1.1600121 ]
 [ 1.2924467  -0.98330283]
 [ 1.5364918  -1.2034956 ]
 [ 1.8000067  -1.5422468 ]
 [-0.10104142  0.14653014]
 [ 1.1549034  -0.9398194 ]
 [ 1.1549034  -0.9398194 ]
 [ 1.1549034  -0.9398194 ]
 [ 1.5364918  -1.2034956 ]
 [ 1.2924467  -0.98330283]
 [ 1.1549034  -0.9398194 ]
 [-0.80726826  0.86271167]
 [-0.02211656  0.30187678]
 [ 1.5364918  -1.2034956 ]
 [ 1.1549034  -0.9398194 ]
 [ 1.2159157  -0.8599119 ]
 [ 1.4973434  -1.123224  ]
 [ 1.1369908  -1.0152586 ]
 [ 1.1549034  -0.9398194 ]
 [-0.02211656  0.30187678]
 [-0.15965994  0.34536022]
 [ 0.9718707  -0.63971907]
 [ 1.6624633  -1.4987634 ]
 [ 1.2159157  -0.8599119 ]
 [ 1.1549034  -0.9398194 ]
 [-0.10104142  0.14653014]
 [-0.04632692  0.1550814 ]
 [ 1.6624633  -1.4987634 ]]
2025-12-21 17:07:23,231 - [INFO] - ------------------------------------------------------------
2025-12-21 17:07:23,231 - [INFO] - On Validation Set:
	Accuracy of RRL  Model: 0.8963372494816862
	F1 Score of RRL  Model: 0.7143267033788551
2025-12-21 17:07:23,236 - [INFO] - On Validation Set:
Performance of  RRL Model: 
[[1226   60]
 [  90   71]]
              precision    recall  f1-score   support

           0       0.93      0.95      0.94      1286
           1       0.54      0.44      0.49       161

    accuracy                           0.90      1447
   macro avg       0.74      0.70      0.71      1447
weighted avg       0.89      0.90      0.89      1447

2025-12-21 17:07:23,237 - [INFO] - ------------------------------------------------------------
2025-12-21 17:07:24,867 - [DEBUG] - y_true: (1447,) [0 0 0 0 0 1 0 0 0 0 0 0 0 0 0 0 0 1 0 0 0 0 0 0 1 0 0 0 0 0 0 0 0 0 0 0 0
 0 1 1 0]
2025-12-21 17:07:25,183 - [DEBUG] - y_rrl_: (1447,) [0 0 0 0 0 0 0 0 0 0 1 0 0 0 0 0 0 1 0 0 0 0 0 0 1 0 0 0 0 0 0 0 1 1 0 0 0
 0 1 1 0]
2025-12-21 17:07:25,183 - [DEBUG] - y_rrl: (1447, 2) [[ 1.3213555  -1.0130113 ]
 [ 0.35058564  0.00380298]
 [ 1.7201513  -1.323437  ]
 [ 1.7201513  -1.323437  ]
 [ 1.0134405  -0.68218553]
 [ 0.31424695 -0.05808738]
 [ 1.5205786  -1.1885254 ]
 [ 1.7795541  -1.5225706 ]
 [ 1.7795541  -1.5225706 ]
 [ 0.57322246 -0.39213255]
 [ 0.06573491  0.07360479]
 [ 1.2720666  -1.0568333 ]
 [ 1.3213555  -1.0130113 ]
 [ 1.5205786  -1.1885254 ]
 [ 1.3213555  -1.0130113 ]
 [ 1.5205786  -1.1885254 ]
 [ 1.7795541  -1.5225706 ]
 [ 0.06573491  0.07360479]
 [ 1.3213555  -1.0130113 ]
 [ 1.3213555  -1.0130113 ]
 [ 1.3213555  -1.0130113 ]
 [ 1.5205786  -1.1885254 ]
 [ 1.3213555  -1.0130113 ]
 [ 1.3213555  -1.0130113 ]
 [-0.6522889   0.8023857 ]
 [ 0.31424695 -0.05808738]
 [ 1.2126638  -0.85769963]
 [ 1.3213555  -1.0130113 ]
 [ 1.5205786  -1.1885254 ]
 [ 1.520928   -1.1479229 ]
 [ 1.2720666  -1.0568333 ]
 [ 1.3213555  -1.0130113 ]
 [ 0.00633208  0.27273852]
 [ 0.00633208  0.27273852]
 [ 1.3213555  -1.0130113 ]
 [ 1.7795541  -1.5225706 ]
 [ 1.5205786  -1.1885254 ]
 [ 1.3213555  -1.0130113 ]
 [ 0.06573491  0.07360479]
 [-0.04940929  0.15880236]
 [ 1.7795541  -1.5225706 ]]
2025-12-21 17:07:25,185 - [INFO] - ------------------------------------------------------------
2025-12-21 17:07:25,185 - [INFO] - On Validation Set:
	Accuracy of RRL  Model: 0.8963372494816862
	F1 Score of RRL  Model: 0.7015461025674873
2025-12-21 17:07:25,191 - [INFO] - On Validation Set:
Performance of  RRL Model: 
[[1233   53]
 [  97   64]]
              precision    recall  f1-score   support

           0       0.93      0.96      0.94      1286
           1       0.55      0.40      0.46       161

    accuracy                           0.90      1447
   macro avg       0.74      0.68      0.70      1447
weighted avg       0.88      0.90      0.89      1447

2025-12-21 17:07:25,191 - [INFO] - ------------------------------------------------------------
2025-12-21 17:07:25,683 - [INFO] - epoch: 5, loss_rrl: 222.23746640514582
2025-12-21 17:07:26,819 - [DEBUG] - y_true: (1447,) [0 0 0 0 0 1 0 0 0 0 0 0 0 0 0 0 0 1 0 0 0 0 0 0 1 0 0 0 0 0 0 0 0 0 0 0 0
 0 1 1 0]
2025-12-21 17:07:27,130 - [DEBUG] - y_rrl_: (1447,) [0 0 0 0 0 0 0 0 0 0 0 0 0 0 0 0 0 0 0 0 0 0 0 0 1 0 0 0 0 0 0 0 0 0 0 0 0
 0 0 0 0]
2025-12-21 17:07:27,131 - [DEBUG] - y_rrl: (1447, 2) [[ 1.4622004  -1.0793941 ]
 [ 0.46492398 -0.03625645]
 [ 1.935369   -1.4646508 ]
 [ 1.935369   -1.4646508 ]
 [ 1.4622004  -1.0793941 ]
 [ 0.4462574  -0.11542182]
 [ 1.935369   -1.4646508 ]
 [ 1.9611477  -1.7048328 ]
 [ 1.9611477  -1.7048328 ]
 [ 0.64942026 -0.46864074]
 [ 0.30065408 -0.09706042]
 [ 1.6123815  -1.3332524 ]
 [ 1.4622004  -1.0793941 ]
 [ 1.935369   -1.4646508 ]
 [ 1.4622004  -1.0793941 ]
 [ 1.935369   -1.4646508 ]
 [ 1.9611477  -1.7048328 ]
 [ 0.30065408 -0.09706042]
 [ 1.4622004  -1.0793941 ]
 [ 1.4622004  -1.0793941 ]
 [ 1.4622004  -1.0793941 ]
 [ 1.935369   -1.4646508 ]
 [ 1.4622004  -1.0793941 ]
 [ 1.4622004  -1.0793941 ]
 [-0.59428275  0.8202675 ]
 [ 0.4462574  -0.11542182]
 [ 1.5866028  -1.0930705 ]
 [ 1.4622004  -1.0793941 ]
 [ 1.935369   -1.4646508 ]
 [ 1.6395845  -1.192431  ]
 [ 1.6123815  -1.3332524 ]
 [ 1.4622004  -1.0793941 ]
 [ 0.27487543  0.14312162]
 [ 0.27487543  0.14312162]
 [ 1.4622004  -1.0793941 ]
 [ 1.9611477  -1.7048328 ]
 [ 1.935369   -1.4646508 ]
 [ 1.4622004  -1.0793941 ]
 [ 0.64942026 -0.46864074]
 [ 0.27209726 -0.09758625]
 [ 1.9611477  -1.7048328 ]]
2025-12-21 17:07:27,133 - [INFO] - ------------------------------------------------------------
2025-12-21 17:07:27,133 - [INFO] - On Validation Set:
	Accuracy of RRL  Model: 0.9060124395300622
	F1 Score of RRL  Model: 0.6568698563258474
2025-12-21 17:07:27,139 - [INFO] - On Validation Set:
Performance of  RRL Model: 
[[1272   14]
 [ 122   39]]
              precision    recall  f1-score   support

           0       0.91      0.99      0.95      1286
           1       0.74      0.24      0.36       161

    accuracy                           0.91      1447
   macro avg       0.82      0.62      0.66      1447
weighted avg       0.89      0.91      0.88      1447

2025-12-21 17:07:27,139 - [INFO] - ------------------------------------------------------------
2025-12-21 17:07:28,772 - [DEBUG] - y_true: (1447,) [0 0 0 0 0 1 0 0 0 0 0 0 0 0 0 0 0 1 0 0 0 0 0 0 1 0 0 0 0 0 0 0 0 0 0 0 0
 0 1 1 0]
2025-12-21 17:07:29,073 - [DEBUG] - y_rrl_: (1447,) [0 0 0 0 0 0 0 0 0 0 0 0 0 0 0 0 0 0 0 0 0 0 0 0 1 0 0 0 0 0 0 0 1 1 0 0 0
 0 0 1 0]
2025-12-21 17:07:29,074 - [DEBUG] - y_rrl: (1447, 2) [[ 1.6556697  -1.0275853 ]
 [ 0.48414516  0.12559561]
 [ 1.8540633  -1.384898  ]
 [ 1.8540633  -1.384898  ]
 [ 1.4464457  -0.88238317]
 [ 0.6578945  -0.08156277]
 [ 1.9085704  -1.2570717 ]
 [ 1.9318948  -1.6761235 ]
 [ 1.9318948  -1.6761235 ]
 [ 0.68121886 -0.5006145 ]
 [ 0.1910913   0.13054182]
 [ 1.4417673  -1.0449672 ]
 [ 1.6556697  -1.0275853 ]
 [ 1.6993464  -1.1118696 ]
 [ 1.4464457  -0.88238317]
 [ 1.6993464  -1.1118696 ]
 [ 1.9318948  -1.6761235 ]
 [ 0.1910913   0.13054182]
 [ 1.4464457  -0.88238317]
 [ 1.4464457  -0.88238317]
 [ 1.4464457  -0.88238317]
 [ 1.6993464  -1.1118696 ]
 [ 1.4464457  -0.88238317]
 [ 1.4464457  -0.88238317]
 [-0.5931226   1.0017838 ]
 [ 0.6578945  -0.08156277]
 [ 1.3639358  -0.7537415 ]
 [ 1.4464457  -0.88238317]
 [ 1.6993464  -1.1118696 ]
 [ 1.6011626  -1.1554115 ]
 [ 1.4417673  -1.0449672 ]
 [ 1.4464457  -0.88238317]
 [ 0.11325985  0.4217674 ]
 [ 0.11325985  0.4217674 ]
 [ 1.6556697  -1.0275853 ]
 [ 1.9318948  -1.6761235 ]
 [ 1.9085704  -1.2570717 ]
 [ 1.4464457  -0.88238317]
 [ 0.5265019  -0.22758625]
 [ 0.10849488  0.18490006]
 [ 1.9318948  -1.6761235 ]]
2025-12-21 17:07:29,076 - [INFO] - ------------------------------------------------------------
2025-12-21 17:07:29,076 - [INFO] - On Validation Set:
	Accuracy of RRL  Model: 0.9032480995162405
	F1 Score of RRL  Model: 0.6584870798942655
2025-12-21 17:07:29,082 - [INFO] - On Validation Set:
Performance of  RRL Model: 
[[1266   20]
 [ 120   41]]
              precision    recall  f1-score   support

           0       0.91      0.98      0.95      1286
           1       0.67      0.25      0.37       161

    accuracy                           0.90      1447
   macro avg       0.79      0.62      0.66      1447
weighted avg       0.89      0.90      0.88      1447

2025-12-21 17:07:29,082 - [INFO] - ------------------------------------------------------------
2025-12-21 17:07:29,121 - [INFO] - epoch: 6, loss_rrl: 220.559424825944
2025-12-21 17:07:30,743 - [DEBUG] - y_true: (1447,) [0 0 0 0 0 1 0 0 0 0 0 0 0 0 0 0 0 1 0 0 0 0 0 0 1 0 0 0 0 0 0 0 0 0 0 0 0
 0 1 1 0]
2025-12-21 17:07:31,090 - [DEBUG] - y_rrl_: (1447,) [0 0 0 0 0 1 0 0 0 0 0 0 0 0 0 0 0 1 0 0 0 0 0 0 1 1 0 0 0 0 0 0 0 1 0 0 0
 0 1 0 0]
2025-12-21 17:07:31,090 - [DEBUG] - y_rrl: (1447, 2) [[ 1.296848   -0.8702581 ]
 [ 0.564206   -0.20744808]
 [ 1.103801   -0.7059612 ]
 [ 1.103801   -0.7059612 ]
 [ 1.6401815  -1.2362132 ]
 [-0.05425495  0.31334543]
 [ 1.836443   -1.3687712 ]
 [ 1.2141056  -1.0284818 ]
 [ 1.9467475  -1.6912918 ]
 [ 0.48534    -0.18516771]
 [ 0.26292455  0.15257595]
 [ 1.603414   -1.3253367 ]
 [ 1.296848   -0.8702581 ]
 [ 1.7155247  -1.3405597 ]
 [ 1.6401815  -1.2362132 ]
 [ 1.836443   -1.3687712 ]
 [ 1.9467475  -1.6912918 ]
 [ 0.14200647  0.18078743]
 [ 1.5192633  -1.2080017 ]
 [ 0.90753955 -0.57340324]
 [ 1.5192633  -1.2080017 ]
 [ 1.836443   -1.3687712 ]
 [ 1.6401815  -1.2362132 ]
 [ 1.5192633  -1.2080017 ]
 [-0.7872023   0.9212456 ]
 [ 0.06666315  0.28513396]
 [ 1.4931095  -1.0028161 ]
 [ 0.90753955 -0.57340324]
 [ 1.4931095  -1.0028161 ]
 [ 1.836443   -1.3687712 ]
 [ 1.482496   -1.2971252 ]
 [ 1.5192633  -1.2080017 ]
 [ 0.26292455  0.15257595]
 [ 0.14200647  0.18078743]
 [ 1.296848   -0.8702581 ]
 [ 1.2141056  -1.0284818 ]
 [ 1.4931095  -1.0028161 ]
 [ 0.90753955 -0.57340324]
 [ 0.14200647  0.18078743]
 [ 0.25874293 -0.082838  ]
 [ 1.2141056  -1.0284818 ]]
2025-12-21 17:07:31,092 - [INFO] - ------------------------------------------------------------
2025-12-21 17:07:31,092 - [INFO] - On Validation Set:
	Accuracy of RRL  Model: 0.9004837595024188
	F1 Score of RRL  Model: 0.6998963014172139
2025-12-21 17:07:31,098 - [INFO] - On Validation Set:
Performance of  RRL Model: 
[[1243   43]
 [ 101   60]]
              precision    recall  f1-score   support

           0       0.92      0.97      0.95      1286
           1       0.58      0.37      0.45       161

    accuracy                           0.90      1447
   macro avg       0.75      0.67      0.70      1447
weighted avg       0.89      0.90      0.89      1447

2025-12-21 17:07:31,098 - [INFO] - ------------------------------------------------------------
2025-12-21 17:07:32,293 - [INFO] - epoch: 7, loss_rrl: 220.74110454134643
2025-12-21 17:07:32,732 - [DEBUG] - y_true: (1447,) [0 0 0 0 0 1 0 0 0 0 0 0 0 0 0 0 0 1 0 0 0 0 0 0 1 0 0 0 0 0 0 0 0 0 0 0 0
 0 1 1 0]
2025-12-21 17:07:33,017 - [DEBUG] - y_rrl_: (1447,) [0 0 0 0 0 0 0 0 0 0 0 0 0 0 0 0 0 0 0 0 0 0 0 0 1 0 0 0 0 0 0 0 1 1 0 0 0
 0 0 0 0]
2025-12-21 17:07:33,018 - [DEBUG] - y_rrl: (1447, 2) [[ 1.2437878  -0.96506536]
 [ 0.24984246  0.0741931 ]
 [ 1.8076892  -1.341503  ]
 [ 1.8076892  -1.341503  ]
 [ 1.2437878  -0.96506536]
 [ 0.23824054 -0.01082905]
 [ 1.6543541  -1.2891175 ]
 [ 1.9798675  -1.724523  ]
 [ 1.9798675  -1.724523  ]
 [ 0.83922404 -0.658311  ]
 [ 0.31269467 -0.21020585]
 [ 1.4533381  -1.2764177 ]
 [ 1.2437878  -0.96506536]
 [ 1.6543541  -1.2891175 ]
 [ 1.2437878  -0.96506536]
 [ 1.6543541  -1.2891175 ]
 [ 1.9798675  -1.724523  ]
 [ 0.31269467 -0.21020585]
 [ 1.2437878  -0.96506536]
 [ 1.2437878  -0.96506536]
 [ 1.2437878  -0.96506536]
 [ 1.6543541  -1.2891175 ]
 [ 1.2437878  -0.96506536]
 [ 1.2437878  -0.96506536]
 [-0.8695424   0.99574745]
 [ 0.23824054 -0.01082905]
 [ 1.2811599  -0.8933978 ]
 [ 1.2437878  -0.96506536]
 [ 1.6543541  -1.2891175 ]
 [ 1.6725929  -1.2295274 ]
 [ 1.4533381  -1.2764177 ]
 [ 1.2437878  -0.96506536]
 [ 0.14051634  0.17281401]
 [ 0.14051634  0.17281401]
 [ 1.2437878  -0.96506536]
 [ 1.9798675  -1.724523  ]
 [ 1.6543541  -1.2891175 ]
 [ 1.2437878  -0.96506536]
 [ 0.6858889  -0.60592556]
 [ 0.09799841 -0.02202218]
 [ 1.9798675  -1.724523  ]]
2025-12-21 17:07:33,020 - [INFO] - ------------------------------------------------------------
2025-12-21 17:07:33,020 - [INFO] - On Validation Set:
	Accuracy of RRL  Model: 0.9053213545266068
	F1 Score of RRL  Model: 0.6725535959987381
2025-12-21 17:07:33,026 - [INFO] - On Validation Set:
Performance of  RRL Model: 
[[1265   21]
 [ 116   45]]
              precision    recall  f1-score   support

           0       0.92      0.98      0.95      1286
           1       0.68      0.28      0.40       161

    accuracy                           0.91      1447
   macro avg       0.80      0.63      0.67      1447
weighted avg       0.89      0.91      0.89      1447

2025-12-21 17:07:33,026 - [INFO] - ------------------------------------------------------------
2025-12-21 17:07:34,659 - [DEBUG] - y_true: (1447,) [0 0 0 0 0 1 0 0 0 0 0 0 0 0 0 0 0 1 0 0 0 0 0 0 1 0 0 0 0 0 0 0 0 0 0 0 0
 0 1 1 0]
2025-12-21 17:07:34,944 - [DEBUG] - y_rrl_: (1447,) [0 0 0 0 0 0 0 0 0 0 0 0 0 0 0 0 0 1 0 0 0 0 0 0 1 0 0 0 0 0 0 0 0 1 0 0 0
 0 1 0 0]
2025-12-21 17:07:34,944 - [DEBUG] - y_rrl: (1447, 2) [[ 1.36933351e+00 -1.06835377e+00]
 [ 3.68420124e-01 -1.14332549e-01]
 [ 1.72083831e+00 -1.34823143e+00]
 [ 1.72083831e+00 -1.34823143e+00]
 [ 1.36933351e+00 -1.06835377e+00]
 [ 1.29231453e-01  5.63988835e-03]
 [ 1.65851331e+00 -1.29444063e+00]
 [ 1.95175886e+00 -1.78836823e+00]
 [ 2.04818773e+00 -1.79277265e+00]
 [ 5.77165186e-01 -2.78642178e-01]
 [ 1.93442464e-01  1.18977346e-01]
 [ 1.56803608e+00 -1.39074874e+00]
 [ 1.36933351e+00 -1.06835377e+00]
 [ 1.56208420e+00 -1.29003608e+00]
 [ 1.36933351e+00 -1.06835377e+00]
 [ 1.65851331e+00 -1.29444063e+00]
 [ 2.04818773e+00 -1.79277265e+00]
 [ 9.70134735e-02  1.23381771e-01]
 [ 1.27290463e+00 -1.06394935e+00]
 [ 1.27290463e+00 -1.06394935e+00]
 [ 1.27290463e+00 -1.06394935e+00]
 [ 1.65851331e+00 -1.29444063e+00]
 [ 1.36933351e+00 -1.06835377e+00]
 [ 1.27290463e+00 -1.06394935e+00]
 [-9.15325224e-01  9.50209379e-01]
 [ 2.25660443e-01  1.23546273e-03]
 [ 1.65851331e+00 -1.29444063e+00]
 [ 1.27290463e+00 -1.06394935e+00]
 [ 1.65851331e+00 -1.29444063e+00]
 [ 1.81726718e+00 -1.35263586e+00]
 [ 1.47160721e+00 -1.38634431e+00]
 [ 1.27290463e+00 -1.06394935e+00]
 [ 1.93442464e-01  1.18977346e-01]
 [ 9.70134735e-02  1.23381771e-01]
 [ 1.36933351e+00 -1.06835377e+00]
 [ 1.95175886e+00 -1.78836823e+00]
 [ 1.65851331e+00 -1.29444063e+00]
 [ 1.27290463e+00 -1.06394935e+00]
 [ 9.70134735e-02  1.23381771e-01]
 [ 2.61790186e-01 -1.84219688e-01]
 [ 1.95175886e+00 -1.78836823e+00]]
2025-12-21 17:07:34,947 - [INFO] - ------------------------------------------------------------
2025-12-21 17:07:34,947 - [INFO] - On Validation Set:
	Accuracy of RRL  Model: 0.9053213545266068
	F1 Score of RRL  Model: 0.6802663815113554
2025-12-21 17:07:34,953 - [INFO] - On Validation Set:
Performance of  RRL Model: 
[[1262   24]
 [ 113   48]]
              precision    recall  f1-score   support

           0       0.92      0.98      0.95      1286
           1       0.67      0.30      0.41       161

    accuracy                           0.91      1447
   macro avg       0.79      0.64      0.68      1447
weighted avg       0.89      0.91      0.89      1447

2025-12-21 17:07:34,953 - [INFO] - ------------------------------------------------------------
2025-12-21 17:07:35,693 - [INFO] - epoch: 8, loss_rrl: 219.12814851105213
2025-12-21 17:07:36,585 - [DEBUG] - y_true: (1447,) [0 0 0 0 0 1 0 0 0 0 0 0 0 0 0 0 0 1 0 0 0 0 0 0 1 0 0 0 0 0 0 0 0 0 0 0 0
 0 1 1 0]
2025-12-21 17:07:36,871 - [DEBUG] - y_rrl_: (1447,) [0 0 0 0 0 1 0 0 0 0 1 0 0 0 0 0 0 1 0 0 0 0 0 0 1 0 0 0 0 0 0 0 1 1 0 0 0
 0 0 0 0]
2025-12-21 17:07:36,872 - [DEBUG] - y_rrl: (1447, 2) [[ 1.268433   -0.9683254 ]
 [ 0.27264205 -0.01927529]
 [ 1.7450751  -1.3737717 ]
 [ 1.7450751  -1.3737717 ]
 [ 1.268433   -0.9683254 ]
 [ 0.06132641  0.07334776]
 [ 1.6047002  -1.2417957 ]
 [ 2.0714912  -1.9075025 ]
 [ 2.1349223  -1.8792444 ]
 [ 0.6013998  -0.30384046]
 [ 0.11285609  0.19863965]
 [ 1.5829474  -1.4050225 ]
 [ 1.268433   -0.9683254 ]
 [ 1.541269   -1.2700537 ]
 [ 1.6047002  -1.2417957 ]
 [ 1.6047002  -1.2417957 ]
 [ 2.1349223  -1.8792444 ]
 [ 0.04942486  0.17038156]
 [ 1.2050017  -0.99658346]
 [ 1.541269   -1.2700537 ]
 [ 1.541269   -1.2700537 ]
 [ 1.6047002  -1.2417957 ]
 [ 1.6047002  -1.2417957 ]
 [ 1.541269   -1.2700537 ]
 [-1.0158308   1.0517285 ]
 [ 0.12475765  0.10160585]
 [ 1.6047002  -1.2417957 ]
 [ 1.541269   -1.2700537 ]
 [ 1.6047002  -1.2417957 ]
 [ 1.8085064  -1.3455136 ]
 [ 1.5195161  -1.4332806 ]
 [ 1.541269   -1.2700537 ]
 [ 0.11285609  0.19863965]
 [ 0.04942486  0.17038156]
 [ 1.268433   -0.9683254 ]
 [ 2.0714912  -1.9075025 ]
 [ 1.6047002  -1.2417957 ]
 [ 1.541269   -1.2700537 ]
 [ 0.39759368 -0.20012258]
 [ 0.26976824 -0.190342  ]
 [ 2.0714912  -1.9075025 ]]
2025-12-21 17:07:36,874 - [INFO] - ------------------------------------------------------------
2025-12-21 17:07:36,874 - [INFO] - On Validation Set:
	Accuracy of RRL  Model: 0.899101589495508
	F1 Score of RRL  Model: 0.6871712708491281
2025-12-21 17:07:36,880 - [INFO] - On Validation Set:
Performance of  RRL Model: 
[[1246   40]
 [ 106   55]]
              precision    recall  f1-score   support

           0       0.92      0.97      0.94      1286
           1       0.58      0.34      0.43       161

    accuracy                           0.90      1447
   macro avg       0.75      0.66      0.69      1447
weighted avg       0.88      0.90      0.89      1447

2025-12-21 17:07:36,880 - [INFO] - ------------------------------------------------------------
2025-12-21 17:07:38,556 - [DEBUG] - y_true: (1447,) [0 0 0 0 0 1 0 0 0 0 0 0 0 0 0 0 0 1 0 0 0 0 0 0 1 0 0 0 0 0 0 0 0 0 0 0 0
 0 1 1 0]
2025-12-21 17:07:38,842 - [DEBUG] - y_rrl_: (1447,) [0 0 0 0 0 0 0 0 0 0 0 0 0 0 0 0 0 0 0 0 0 0 0 0 1 0 0 0 0 0 0 0 0 0 0 0 0
 0 0 0 0]
2025-12-21 17:07:38,843 - [DEBUG] - y_rrl: (1447, 2) [[ 1.3554387  -1.0562019 ]
 [ 0.47184905 -0.12784599]
 [ 1.3754995  -0.8916968 ]
 [ 1.3754995  -0.8916968 ]
 [ 1.3554387  -1.0562019 ]
 [ 0.26210988 -0.03627934]
 [ 1.6914339  -1.3296902 ]
 [ 2.2511692  -1.9950255 ]
 [ 2.2511692  -1.9950255 ]
 [ 0.8270507  -0.43917984]
 [ 0.25939557  0.05118252]
 [ 1.6835138  -1.5046633 ]
 [ 1.3554387  -1.0562019 ]
 [ 1.6914339  -1.3296902 ]
 [ 1.3554387  -1.0562019 ]
 [ 1.6914339  -1.3296902 ]
 [ 2.2511692  -1.9950255 ]
 [ 0.25939557  0.05118252]
 [ 1.3554387  -1.0562019 ]
 [ 1.3554387  -1.0562019 ]
 [ 1.3554387  -1.0562019 ]
 [ 1.6914339  -1.3296902 ]
 [ 1.0167291  -0.6952517 ]
 [ 1.3554387  -1.0562019 ]
 [-0.81451666  0.9427663 ]
 [ 0.26210988 -0.03627934]
 [ 1.6914339  -1.3296902 ]
 [ 1.3554387  -1.0562019 ]
 [ 1.6914339  -1.3296902 ]
 [ 1.9203795  -1.4591025 ]
 [ 1.6835138  -1.5046633 ]
 [ 1.0167291  -0.6952517 ]
 [ 0.25939557  0.05118252]
 [ 0.25939557  0.05118252]
 [ 1.3554387  -1.0562019 ]
 [ 2.2511692  -1.9950255 ]
 [ 1.6914339  -1.3296902 ]
 [ 1.3554387  -1.0562019 ]
 [ 0.5981052  -0.30976766]
 [ 0.40071693 -0.31916213]
 [ 2.2511692  -1.9950255 ]]
2025-12-21 17:07:38,845 - [INFO] - ------------------------------------------------------------
2025-12-21 17:07:38,845 - [INFO] - On Validation Set:
	Accuracy of RRL  Model: 0.902557014512785
	F1 Score of RRL  Model: 0.6656857042201594
2025-12-21 17:07:38,851 - [INFO] - On Validation Set:
Performance of  RRL Model: 
[[1262   24]
 [ 117   44]]
              precision    recall  f1-score   support

           0       0.92      0.98      0.95      1286
           1       0.65      0.27      0.38       161

    accuracy                           0.90      1447
   macro avg       0.78      0.63      0.67      1447
weighted avg       0.89      0.90      0.88      1447

2025-12-21 17:07:38,851 - [INFO] - ------------------------------------------------------------
2025-12-21 17:07:39,142 - [INFO] - epoch: 9, loss_rrl: 217.11932524852455
2025-12-21 17:07:40,476 - [DEBUG] - y_true: (1447,) [0 0 0 0 0 1 0 0 0 0 0 0 0 0 0 0 0 1 0 0 0 0 0 0 1 0 0 0 0 0 0 0 0 0 0 0 0
 0 1 1 0]
2025-12-21 17:07:40,761 - [DEBUG] - y_rrl_: (1447,) [0 0 0 0 0 0 0 0 0 0 0 0 0 0 0 0 0 0 0 0 0 0 0 0 1 0 0 0 0 0 0 0 0 0 0 0 0
 0 0 0 0]
2025-12-21 17:07:40,762 - [DEBUG] - y_rrl: (1447, 2) [[ 1.672606   -1.3120077 ]
 [ 0.47365248 -0.13069186]
 [ 1.9076213  -1.4481249 ]
 [ 1.9076213  -1.4481249 ]
 [ 1.3499893  -1.0516131 ]
 [ 0.57009786 -0.2825663 ]
 [ 1.672606   -1.3120077 ]
 [ 2.2869782  -2.0301616 ]
 [ 2.2869782  -2.0301616 ]
 [ 0.805113   -0.4186836 ]
 [ 0.23764892  0.07202846]
 [ 1.7195145  -1.5394497 ]
 [ 1.672606   -1.3120077 ]
 [ 1.672606   -1.3120077 ]
 [ 1.672606   -1.3120077 ]
 [ 1.672606   -1.3120077 ]
 [ 2.2869782  -2.0301616 ]
 [ 0.23764892  0.07202846]
 [ 1.3499893  -1.0516131 ]
 [ 1.672606   -1.3120077 ]
 [ 1.672606   -1.3120077 ]
 [ 1.672606   -1.3120077 ]
 [ 1.340157   -0.95741284]
 [ 1.672606   -1.3120077 ]
 [-0.80729383  0.9362335 ]
 [ 0.57009786 -0.2825663 ]
 [ 1.340157   -0.95741284]
 [ 1.672606   -1.3120077 ]
 [ 1.672606   -1.3120077 ]
 [ 1.9076213  -1.4481249 ]
 [ 1.7195145  -1.5394497 ]
 [ 1.672606   -1.3120077 ]
 [ 0.23764892  0.07202846]
 [ 0.23764892  0.07202846]
 [ 1.672606   -1.3120077 ]
 [ 2.2869782  -2.0301616 ]
 [ 1.672606   -1.3120077 ]
 [ 1.672606   -1.3120077 ]
 [ 0.57009786 -0.2825663 ]
 [ 0.4533006  -0.3693127 ]
 [ 2.2869782  -2.0301616 ]]
2025-12-21 17:07:40,764 - [INFO] - ------------------------------------------------------------
2025-12-21 17:07:40,764 - [INFO] - On Validation Set:
	Accuracy of RRL  Model: 0.907394609536973
	F1 Score of RRL  Model: 0.655989638776524
2025-12-21 17:07:40,770 - [INFO] - On Validation Set:
Performance of  RRL Model: 
[[1275   11]
 [ 123   38]]
              precision    recall  f1-score   support

           0       0.91      0.99      0.95      1286
           1       0.78      0.24      0.36       161

    accuracy                           0.91      1447
   macro avg       0.84      0.61      0.66      1447
weighted avg       0.90      0.91      0.88      1447

2025-12-21 17:07:40,770 - [INFO] - ------------------------------------------------------------
2025-12-21 17:07:42,204 - [INFO] - epoch: 10, loss_rrl: 221.5728766201064
2025-12-21 17:07:42,393 - [DEBUG] - y_true: (1447,) [0 0 0 0 0 1 0 0 0 0 0 0 0 0 0 0 0 1 0 0 0 0 0 0 1 0 0 0 0 0 0 0 0 0 0 0 0
 0 1 1 0]
2025-12-21 17:07:42,679 - [DEBUG] - y_rrl_: (1447,) [0 0 0 0 0 0 0 0 0 0 0 0 0 0 0 0 0 0 0 0 0 0 0 0 1 0 0 0 0 0 0 0 0 0 0 0 0
 0 0 0 0]
2025-12-21 17:07:42,680 - [DEBUG] - y_rrl: (1447, 2) [[ 1.6186762  -1.2592139 ]
 [ 0.3929776  -0.05105364]
 [ 1.8924475  -1.4347886 ]
 [ 1.8924475  -1.4347886 ]
 [ 1.2625276  -0.96500593]
 [ 0.4930811  -0.20634452]
 [ 1.6186762  -1.2592139 ]
 [ 2.3190136  -2.0614333 ]
 [ 2.3190136  -2.0614333 ]
 [ 0.76685226 -0.38191918]
 [ 0.16793883  0.14084837]
 [ 1.7201     -1.5386655 ]
 [ 1.6186762  -1.2592139 ]
 [ 1.6186762  -1.2592139 ]
 [ 1.6186762  -1.2592139 ]
 [ 1.6186762  -1.2592139 ]
 [ 2.3190136  -2.0614333 ]
 [ 0.16793883  0.14084837]
 [ 1.2625276  -0.96500593]
 [ 1.6186762  -1.2592139 ]
 [ 1.6186762  -1.2592139 ]
 [ 1.6186762  -1.2592139 ]
 [ 1.2935339  -0.9120211 ]
 [ 1.6186762  -1.2592139 ]
 [-0.9208957   1.050549  ]
 [ 0.4930811  -0.20634452]
 [ 1.6186762  -1.2592139 ]
 [ 1.6186762  -1.2592139 ]
 [ 1.6186762  -1.2592139 ]
 [ 1.8924475  -1.4347886 ]
 [ 1.7201     -1.5386655 ]
 [ 1.6186762  -1.2592139 ]
 [ 0.16793883  0.14084837]
 [ 0.16793883  0.14084837]
 [ 1.6186762  -1.2592139 ]
 [ 2.3190136  -2.0614333 ]
 [ 1.6186762  -1.2592139 ]
 [ 1.6186762  -1.2592139 ]
 [ 0.4930811  -0.20634452]
 [ 0.44300646 -0.35641375]
 [ 2.3190136  -2.0614333 ]]
2025-12-21 17:07:42,682 - [INFO] - ------------------------------------------------------------
2025-12-21 17:07:42,682 - [INFO] - On Validation Set:
	Accuracy of RRL  Model: 0.9046302695231514
	F1 Score of RRL  Model: 0.648801232535562
2025-12-21 17:07:42,688 - [INFO] - On Validation Set:
Performance of  RRL Model: 
[[1272   14]
 [ 124   37]]
              precision    recall  f1-score   support

           0       0.91      0.99      0.95      1286
           1       0.73      0.23      0.35       161

    accuracy                           0.90      1447
   macro avg       0.82      0.61      0.65      1447
weighted avg       0.89      0.90      0.88      1447

2025-12-21 17:07:42,688 - [INFO] - ------------------------------------------------------------
2025-12-21 17:07:44,333 - [DEBUG] - y_true: (1447,) [0 0 0 0 0 1 0 0 0 0 0 0 0 0 0 0 0 1 0 0 0 0 0 0 1 0 0 0 0 0 0 0 0 0 0 0 0
 0 1 1 0]
2025-12-21 17:07:44,614 - [DEBUG] - y_rrl_: (1447,) [0 0 0 0 0 0 0 0 0 0 0 0 0 0 0 0 0 0 0 0 0 0 0 0 1 0 0 0 0 0 0 0 0 0 0 0 0
 0 0 0 0]
2025-12-21 17:07:44,615 - [DEBUG] - y_rrl: (1447, 2) [[ 1.6635945  -1.3052654 ]
 [ 0.53161263 -0.19073015]
 [ 1.1280437  -0.74745053]
 [ 1.1280437  -0.74745053]
 [ 1.3524203  -1.0557563 ]
 [ 0.47583523 -0.18988043]
 [ 1.6635945  -1.3052654 ]
 [ 1.5906442  -1.4072795 ]
 [ 2.3499875  -2.0914536 ]
 [ 0.47583523 -0.18988043]
 [ 0.19057828  0.1173309 ]
 [ 1.8409381  -1.6578829 ]
 [ 1.6635945  -1.3052654 ]
 [ 1.6635945  -1.3052654 ]
 [ 1.6635945  -1.3052654 ]
 [ 1.6635945  -1.3052654 ]
 [ 2.3499875  -2.0914536 ]
 [ 0.19057828  0.1173309 ]
 [ 1.3524203  -1.0557563 ]
 [ 1.1280437  -0.74745053]
 [ 1.6635945  -1.3052654 ]
 [ 1.6635945  -1.3052654 ]
 [ 1.3783375  -0.998054  ]
 [ 1.6635945  -1.3052654 ]
 [-0.81656945  0.94695204]
 [ 0.47583523 -0.18988043]
 [ 1.3783375  -0.998054  ]
 [ 1.1280437  -0.74745053]
 [ 1.6635945  -1.3052654 ]
 [ 1.887387   -1.4316247 ]
 [ 1.8409381  -1.6578829 ]
 [ 1.6635945  -1.3052654 ]
 [ 0.19057828  0.1173309 ]
 [ 0.19057828  0.1173309 ]
 [ 1.6635945  -1.3052654 ]
 [ 1.5906442  -1.4072795 ]
 [ 1.6635945  -1.3052654 ]
 [ 1.1280437  -0.74745053]
 [ 0.19057828  0.1173309 ]
 [ 1.0530715  -0.95917726]
 [ 1.5906442  -1.4072795 ]]
2025-12-21 17:07:44,617 - [INFO] - ------------------------------------------------------------
2025-12-21 17:07:44,617 - [INFO] - On Validation Set:
	Accuracy of RRL  Model: 0.9011748445058743
	F1 Score of RRL  Model: 0.6212132029223484
2025-12-21 17:07:44,623 - [INFO] - On Validation Set:
Performance of  RRL Model: 
[[1274   12]
 [ 131   30]]
              precision    recall  f1-score   support

           0       0.91      0.99      0.95      1286
           1       0.71      0.19      0.30       161

    accuracy                           0.90      1447
   macro avg       0.81      0.59      0.62      1447
weighted avg       0.89      0.90      0.87      1447

2025-12-21 17:07:44,623 - [INFO] - ------------------------------------------------------------
2025-12-21 17:07:45,610 - [INFO] - epoch: 11, loss_rrl: 221.2051925174892
2025-12-21 17:07:46,257 - [DEBUG] - y_true: (1447,) [0 0 0 0 0 1 0 0 0 0 0 0 0 0 0 0 0 1 0 0 0 0 0 0 1 0 0 0 0 0 0 0 0 0 0 0 0
 0 1 1 0]
2025-12-21 17:07:46,539 - [DEBUG] - y_rrl_: (1447,) [0 0 0 0 0 0 0 0 0 0 0 0 0 0 0 0 0 0 0 0 0 0 0 0 1 0 0 0 0 0 0 0 0 0 0 0 0
 0 0 1 0]
2025-12-21 17:07:46,539 - [DEBUG] - y_rrl: (1447, 2) [[ 1.2943926  -0.915351  ]
 [ 0.42414513 -0.08432484]
 [ 1.6240987  -1.2669147 ]
 [ 1.6240987  -1.2669147 ]
 [ 1.2480007  -0.952213  ]
 [ 0.17574304  0.13129601]
 [ 1.2943926  -0.915351  ]
 [ 2.1278608  -1.9649098 ]
 [ 2.4227765  -2.1632118 ]
 [ 0.50544906 -0.22026765]
 [ 0.17574304  0.13129601]
 [ 1.7981548  -1.6133461 ]
 [ 1.2943926  -0.915351  ]
 [ 1.6240987  -1.2669147 ]
 [ 1.6240987  -1.2669147 ]
 [ 1.6240987  -1.2669147 ]
 [ 2.4227765  -2.1632118 ]
 [ 0.17574304  0.13129601]
 [ 1.2480007  -0.952213  ]
 [ 1.6240987  -1.2669147 ]
 [ 1.6240987  -1.2669147 ]
 [ 1.6240987  -1.2669147 ]
 [ 1.2943926  -0.915351  ]
 [ 1.6240987  -1.2669147 ]
 [-0.5334768   0.7259967 ]
 [ 0.17574304  0.13129601]
 [ 1.6240987  -1.2669147 ]
 [ 1.6240987  -1.2669147 ]
 [ 1.6240987  -1.2669147 ]
 [ 1.9190141  -1.4652169 ]
 [ 1.7981548  -1.6133461 ]
 [ 1.6240987  -1.2669147 ]
 [ 0.17574304  0.13129601]
 [ 0.17574304  0.13129601]
 [ 1.2943926  -0.915351  ]
 [ 2.1278608  -1.9649098 ]
 [ 1.2943926  -0.915351  ]
 [ 1.6240987  -1.2669147 ]
 [ 0.17574304  0.13129601]
 [-0.13991374  0.31571975]
 [ 2.1278608  -1.9649098 ]]
2025-12-21 17:07:46,541 - [INFO] - ------------------------------------------------------------
2025-12-21 17:07:46,541 - [INFO] - On Validation Set:
	Accuracy of RRL  Model: 0.9032480995162405
	F1 Score of RRL  Model: 0.6308404402653255
2025-12-21 17:07:46,547 - [INFO] - On Validation Set:
Performance of  RRL Model: 
[[1275   11]
 [ 129   32]]
              precision    recall  f1-score   support

           0       0.91      0.99      0.95      1286
           1       0.74      0.20      0.31       161

    accuracy                           0.90      1447
   macro avg       0.83      0.60      0.63      1447
weighted avg       0.89      0.90      0.88      1447

2025-12-21 17:07:46,547 - [INFO] - ------------------------------------------------------------
2025-12-21 17:07:48,203 - [DEBUG] - y_true: (1447,) [0 0 0 0 0 1 0 0 0 0 0 0 0 0 0 0 0 1 0 0 0 0 0 0 1 0 0 0 0 0 0 0 0 0 0 0 0
 0 1 1 0]
2025-12-21 17:07:48,485 - [DEBUG] - y_rrl_: (1447,) [0 0 0 0 0 0 0 0 0 0 0 0 0 0 0 0 0 0 0 0 0 0 0 0 1 0 0 0 0 0 0 0 0 0 0 0 0
 0 0 1 0]
2025-12-21 17:07:48,485 - [DEBUG] - y_rrl: (1447, 2) [[ 1.6425089  -1.2864791 ]
 [ 0.50580704 -0.16706581]
 [ 1.6425089  -1.2864791 ]
 [ 1.6425089  -1.2864791 ]
 [ 1.2683659  -0.9734696 ]
 [ 0.9179995  -0.6556678 ]
 [ 1.6425089  -1.2864791 ]
 [ 2.1393242  -1.9743725 ]
 [ 2.3666184  -2.1059506 ]
 [ 0.9179995  -0.6556678 ]
 [ 0.15544063  0.15073599]
 [ 1.8453583  -1.658647  ]
 [ 1.6425089  -1.2864791 ]
 [ 1.6425089  -1.2864791 ]
 [ 1.6425089  -1.2864791 ]
 [ 1.6425089  -1.2864791 ]
 [ 2.3666184  -2.1059506 ]
 [ 0.62403363 -0.33994222]
 [ 1.2683659  -0.9734696 ]
 [ 1.6425089  -1.2864791 ]
 [ 1.6425089  -1.2864791 ]
 [ 1.6425089  -1.2864791 ]
 [ 1.6425089  -1.2864791 ]
 [ 1.6425089  -1.2864791 ]
 [-0.5555265   0.7485277 ]
 [ 0.9179995  -0.6556678 ]
 [ 1.348543   -0.9707536 ]
 [ 1.6425089  -1.2864791 ]
 [ 1.6425089  -1.2864791 ]
 [ 1.8698033  -1.4180576 ]
 [ 1.8453583  -1.658647  ]
 [ 1.6425089  -1.2864791 ]
 [ 0.62403363 -0.33994222]
 [ 0.62403363 -0.33994222]
 [ 1.6425089  -1.2864791 ]
 [ 2.1393242  -1.9743725 ]
 [ 1.6425089  -1.2864791 ]
 [ 1.6425089  -1.2864791 ]
 [ 0.62403363 -0.33994222]
 [-0.10091373  0.2772749 ]
 [ 2.1393242  -1.9743725 ]]
2025-12-21 17:07:48,488 - [INFO] - ------------------------------------------------------------
2025-12-21 17:07:48,488 - [INFO] - On Validation Set:
	Accuracy of RRL  Model: 0.9011748445058743
	F1 Score of RRL  Model: 0.6141729053430418
2025-12-21 17:07:48,494 - [INFO] - On Validation Set:
Performance of  RRL Model: 
[[1276   10]
 [ 133   28]]
              precision    recall  f1-score   support

           0       0.91      0.99      0.95      1286
           1       0.74      0.17      0.28       161

    accuracy                           0.90      1447
   macro avg       0.82      0.58      0.61      1447
weighted avg       0.89      0.90      0.87      1447

2025-12-21 17:07:48,494 - [INFO] - ------------------------------------------------------------
2025-12-21 17:07:49,021 - [INFO] - epoch: 12, loss_rrl: 219.7251455206424
2025-12-21 17:07:50,202 - [DEBUG] - y_true: (1447,) [0 0 0 0 0 1 0 0 0 0 0 0 0 0 0 0 0 1 0 0 0 0 0 0 1 0 0 0 0 0 0 0 0 0 0 0 0
 0 1 1 0]
2025-12-21 17:07:50,543 - [DEBUG] - y_rrl_: (1447,) [0 0 0 0 0 1 0 0 0 0 1 0 0 0 0 0 0 1 0 0 0 0 0 0 1 1 0 0 0 0 0 0 1 1 0 0 0
 0 0 1 0]
2025-12-21 17:07:50,544 - [DEBUG] - y_rrl: (1447, 2) [[ 1.2867243  -0.9102119 ]
 [ 0.4367352  -0.09910132]
 [ 1.6181474  -1.2632949 ]
 [ 1.6181474  -1.2632949 ]
 [ 1.2225953  -0.928615  ]
 [ 0.086101    0.21920978]
 [ 1.6181474  -1.2632949 ]
 [ 2.1310368  -1.9640644 ]
 [ 2.37416    -2.1124237 ]
 [ 0.41752407 -0.13387321]
 [ 0.086101    0.21920978]
 [ 1.7996137  -1.6109813 ]
 [ 1.2867243  -0.9102119 ]
 [ 1.6181474  -1.2632949 ]
 [ 1.6181474  -1.2632949 ]
 [ 1.6181474  -1.2632949 ]
 [ 2.37416    -2.1124237 ]
 [ 0.086101    0.21920978]
 [ 1.2225953  -0.928615  ]
 [ 1.6181474  -1.2632949 ]
 [ 1.6181474  -1.2632949 ]
 [ 1.6181474  -1.2632949 ]
 [ 1.6181474  -1.2632949 ]
 [ 1.6181474  -1.2632949 ]
 [-1.0386016   1.1712177 ]
 [ 0.086101    0.21920978]
 [ 1.2867243  -0.9102119 ]
 [ 1.6181474  -1.2632949 ]
 [ 1.6181474  -1.2632949 ]
 [ 1.8612707  -1.4116545 ]
 [ 1.7996137  -1.6109813 ]
 [ 1.6181474  -1.2632949 ]
 [ 0.086101    0.21920978]
 [ 0.086101    0.21920978]
 [ 1.2867243  -0.9102119 ]
 [ 2.1310368  -1.9640644 ]
 [ 1.2867243  -0.9102119 ]
 [ 1.6181474  -1.2632949 ]
 [ 0.41752407 -0.13387321]
 [-0.19241884  0.36934185]
 [ 2.1310368  -1.9640644 ]]
2025-12-21 17:07:50,546 - [INFO] - ------------------------------------------------------------
2025-12-21 17:07:50,546 - [INFO] - On Validation Set:
	Accuracy of RRL  Model: 0.8914996544574982
	F1 Score of RRL  Model: 0.7000830392634457
2025-12-21 17:07:50,552 - [INFO] - On Validation Set:
Performance of  RRL Model: 
[[1223   63]
 [  94   67]]
              precision    recall  f1-score   support

           0       0.93      0.95      0.94      1286
           1       0.52      0.42      0.46       161

    accuracy                           0.89      1447
   macro avg       0.72      0.68      0.70      1447
weighted avg       0.88      0.89      0.89      1447

2025-12-21 17:07:50,552 - [INFO] - ------------------------------------------------------------
2025-12-21 17:07:52,255 - [DEBUG] - y_true: (1447,) [0 0 0 0 0 1 0 0 0 0 0 0 0 0 0 0 0 1 0 0 0 0 0 0 1 0 0 0 0 0 0 0 0 0 0 0 0
 0 1 1 0]
2025-12-21 17:07:52,540 - [DEBUG] - y_rrl_: (1447,) [0 0 0 0 0 0 0 0 0 0 0 0 0 0 0 0 0 0 0 0 0 0 0 0 1 0 0 0 0 0 0 0 0 0 0 0 0
 0 0 1 0]
2025-12-21 17:07:52,540 - [DEBUG] - y_rrl: (1447, 2) [[ 1.7077192  -1.3540531 ]
 [ 0.565856   -0.22934309]
 [ 1.7077192  -1.3540531 ]
 [ 1.7077192  -1.3540531 ]
 [ 1.2909046  -0.99785143]
 [ 0.49350852 -0.2106182 ]
 [ 1.7077192  -1.3540531 ]
 [ 2.2240086  -2.055107  ]
 [ 2.384131   -2.121326  ]
 [ 0.49350852 -0.2106182 ]
 [ 0.1658601   0.1385892 ]
 [ 1.89636    -1.7058998 ]
 [ 1.7077192  -1.3540531 ]
 [ 1.7077192  -1.3540531 ]
 [ 1.7077192  -1.3540531 ]
 [ 1.7077192  -1.3540531 ]
 [ 2.384131   -2.121326  ]
 [ 0.1658601   0.1385892 ]
 [ 1.2909046  -0.99785143]
 [ 1.7077192  -1.3540531 ]
 [ 1.7077192  -1.3540531 ]
 [ 1.7077192  -1.3540531 ]
 [ 1.3800708  -1.0048456 ]
 [ 1.7077192  -1.3540531 ]
 [-0.9614953   1.0948552 ]
 [ 0.49350852 -0.2106182 ]
 [ 1.7077192  -1.3540531 ]
 [ 1.7077192  -1.3540531 ]
 [ 1.7077192  -1.3540531 ]
 [ 1.8678417  -1.4202719 ]
 [ 1.89636    -1.7058998 ]
 [ 1.7077192  -1.3540531 ]
 [ 0.1658601   0.1385892 ]
 [ 0.1658601   0.1385892 ]
 [ 1.7077192  -1.3540531 ]
 [ 2.2240086  -2.055107  ]
 [ 1.7077192  -1.3540531 ]
 [ 1.7077192  -1.3540531 ]
 [ 0.1658601   0.1385892 ]
 [-0.02476759  0.20224941]
 [ 2.2240086  -2.055107  ]]
2025-12-21 17:07:52,542 - [INFO] - ------------------------------------------------------------
2025-12-21 17:07:52,542 - [INFO] - On Validation Set:
	Accuracy of RRL  Model: 0.899101589495508
	F1 Score of RRL  Model: 0.6780563479872236
2025-12-21 17:07:52,548 - [INFO] - On Validation Set:
Performance of  RRL Model: 
[[1250   36]
 [ 110   51]]
              precision    recall  f1-score   support

           0       0.92      0.97      0.94      1286
           1       0.59      0.32      0.41       161

    accuracy                           0.90      1447
   macro avg       0.75      0.64      0.68      1447
weighted avg       0.88      0.90      0.89      1447

2025-12-21 17:07:52,548 - [INFO] - ------------------------------------------------------------
2025-12-21 17:07:52,625 - [INFO] - epoch: 13, loss_rrl: 221.8809590227902
2025-12-21 17:07:54,144 - [DEBUG] - y_true: (1447,) [0 0 0 0 0 1 0 0 0 0 0 0 0 0 0 0 0 1 0 0 0 0 0 0 1 0 0 0 0 0 0 0 0 0 0 0 0
 0 1 1 0]
2025-12-21 17:07:54,430 - [DEBUG] - y_rrl_: (1447,) [0 0 0 0 0 0 0 0 0 0 0 0 0 0 0 0 0 1 0 0 0 0 0 0 1 0 0 0 0 0 0 0 0 1 0 0 0
 0 1 1 0]
2025-12-21 17:07:54,431 - [DEBUG] - y_rrl: (1447, 2) [[ 1.871965   -1.4263654 ]
 [ 0.5134264  -0.17807396]
 [ 1.6935714  -1.3411285 ]
 [ 1.6935714  -1.3411285 ]
 [ 1.4629219  -1.077678  ]
 [ 0.45528084 -0.17314993]
 [ 1.871965   -1.4263654 ]
 [ 2.1562626  -1.9855127 ]
 [ 2.3346562  -2.0707498 ]
 [ 0.45528084 -0.17314993]
 [ 0.316989    0.07975768]
 [ 2.0179708  -1.7326052 ]
 [ 1.871965   -1.4263654 ]
 [ 1.6935714  -1.3411285 ]
 [ 1.871965   -1.4263654 ]
 [ 1.871965   -1.4263654 ]
 [ 2.3346562  -2.0707498 ]
 [ 0.13859548  0.16499458]
 [ 1.2845283  -0.99244106]
 [ 1.6935714  -1.3411285 ]
 [ 1.6935714  -1.3411285 ]
 [ 1.871965   -1.4263654 ]
 [ 1.5552797  -1.088221  ]
 [ 1.6935714  -1.3411285 ]
 [-0.9964654   1.1305674 ]
 [ 0.6336744  -0.25838685]
 [ 1.5552797  -1.088221  ]
 [ 1.6935714  -1.3411285 ]
 [ 1.871965   -1.4263654 ]
 [ 1.871965   -1.4263654 ]
 [ 1.8395773  -1.6473682 ]
 [ 1.6935714  -1.3411285 ]
 [ 0.316989    0.07975768]
 [ 0.13859548  0.16499458]
 [ 1.871965   -1.4263654 ]
 [ 2.1562626  -1.9855127 ]
 [ 1.871965   -1.4263654 ]
 [ 1.6935714  -1.3411285 ]
 [ 0.13859548  0.16499458]
 [ 0.0903327   0.18086784]
 [ 2.1562626  -1.9855127 ]]
2025-12-21 17:07:54,433 - [INFO] - ------------------------------------------------------------
2025-12-21 17:07:54,433 - [INFO] - On Validation Set:
	Accuracy of RRL  Model: 0.9039391845196959
	F1 Score of RRL  Model: 0.6946075416979829
2025-12-21 17:07:54,439 - [INFO] - On Validation Set:
Performance of  RRL Model: 
[[1253   33]
 [ 106   55]]
              precision    recall  f1-score   support

           0       0.92      0.97      0.95      1286
           1       0.62      0.34      0.44       161

    accuracy                           0.90      1447
   macro avg       0.77      0.66      0.69      1447
weighted avg       0.89      0.90      0.89      1447

2025-12-21 17:07:54,439 - [INFO] - ------------------------------------------------------------
2025-12-21 17:07:55,735 - [INFO] - epoch: 14, loss_rrl: 219.938716346398
2025-12-21 17:07:56,103 - [DEBUG] - y_true: (1447,) [0 0 0 0 0 1 0 0 0 0 0 0 0 0 0 0 0 1 0 0 0 0 0 0 1 0 0 0 0 0 0 0 0 0 0 0 0
 0 1 1 0]
2025-12-21 17:07:56,389 - [DEBUG] - y_rrl_: (1447,) [0 0 0 0 0 0 0 0 0 0 0 0 0 0 0 0 0 0 0 0 0 0 0 0 1 0 0 0 0 0 0 0 0 0 0 0 0
 0 0 0 0]
2025-12-21 17:07:56,390 - [DEBUG] - y_rrl: (1447, 2) [[ 1.9042343  -1.4604675 ]
 [ 0.5000736  -0.16590671]
 [ 1.7915877  -1.4403921 ]
 [ 1.7915877  -1.4403921 ]
 [ 1.4595634  -1.0758935 ]
 [ 0.6256531  -0.3442812 ]
 [ 1.9042343  -1.4604675 ]
 [ 2.2932112  -2.1208725 ]
 [ 2.4058578  -2.1409478 ]
 [ 0.6256531  -0.3442812 ]
 [ 0.3753841   0.01991601]
 [ 2.0429423  -1.7566752 ]
 [ 1.9042343  -1.4604675 ]
 [ 1.7915877  -1.4403921 ]
 [ 1.9042343  -1.4604675 ]
 [ 1.9042343  -1.4604675 ]
 [ 2.4058578  -2.1409478 ]
 [ 0.2627375   0.03999133]
 [ 1.3469168  -1.0558182 ]
 [ 1.7915877  -1.4403921 ]
 [ 1.7915877  -1.4403921 ]
 [ 1.9042343  -1.4604675 ]
 [ 1.5413188  -1.0761949 ]
 [ 1.7915877  -1.4403921 ]
 [-0.9085992   1.0434476 ]
 [ 0.73829967 -0.36435652]
 [ 1.5413188  -1.0761949 ]
 [ 1.7915877  -1.4403921 ]
 [ 1.9042343  -1.4604675 ]
 [ 1.9042343  -1.4604675 ]
 [ 1.9302957  -1.7365999 ]
 [ 1.7915877  -1.4403921 ]
 [ 0.3753841   0.01991601]
 [ 0.2627375   0.03999133]
 [ 1.9042343  -1.4604675 ]
 [ 2.2932112  -2.1208725 ]
 [ 1.9042343  -1.4604675 ]
 [ 1.7915877  -1.4403921 ]
 [ 0.6256531  -0.3442812 ]
 [ 0.49666947 -0.13956527]
 [ 2.2932112  -2.1208725 ]]
2025-12-21 17:07:56,392 - [INFO] - ------------------------------------------------------------
2025-12-21 17:07:56,392 - [INFO] - On Validation Set:
	Accuracy of RRL  Model: 0.8984105044920525
	F1 Score of RRL  Model: 0.6070353764042764
2025-12-21 17:07:56,398 - [INFO] - On Validation Set:
Performance of  RRL Model: 
[[1273   13]
 [ 134   27]]
              precision    recall  f1-score   support

           0       0.90      0.99      0.95      1286
           1       0.68      0.17      0.27       161

    accuracy                           0.90      1447
   macro avg       0.79      0.58      0.61      1447
weighted avg       0.88      0.90      0.87      1447

2025-12-21 17:07:56,398 - [INFO] - ------------------------------------------------------------
2025-12-21 17:07:57,936 - [DEBUG] - y_true: (1447,) [0 0 0 0 0 1 0 0 0 0 0 0 0 0 0 0 0 1 0 0 0 0 0 0 1 0 0 0 0 0 0 0 0 0 0 0 0
 0 1 1 0]
2025-12-21 17:07:58,221 - [DEBUG] - y_rrl_: (1447,) [0 0 0 0 0 0 0 0 0 0 0 0 0 0 0 0 0 0 0 0 0 0 0 0 1 0 0 0 0 0 0 0 0 0 0 0 0
 0 0 1 0]
2025-12-21 17:07:58,222 - [DEBUG] - y_rrl: (1447, 2) [[ 1.5170026  -1.0537752 ]
 [ 0.46669936 -0.13372967]
 [ 1.6944667  -1.3445308 ]
 [ 1.6944667  -1.3445308 ]
 [ 1.8489962  -1.4070237 ]
 [ 0.17805271  0.12382466]
 [ 1.8489962  -1.4070237 ]
 [ 2.141775   -1.967893  ]
 [ 2.2963045  -2.030386  ]
 [ 0.51004624 -0.22942385]
 [ 0.33258224  0.06133188]
 [ 1.9643108  -1.6771374 ]
 [ 1.5170026  -1.0537752 ]
 [ 1.6944667  -1.3445308 ]
 [ 1.8489962  -1.4070237 ]
 [ 1.8489962  -1.4070237 ]
 [ 2.2963045  -2.030386  ]
 [ 0.17805271  0.12382466]
 [ 1.6944667  -1.3445308 ]
 [ 1.6944667  -1.3445308 ]
 [ 1.6944667  -1.3445308 ]
 [ 1.8489962  -1.4070237 ]
 [ 1.5170026  -1.0537752 ]
 [ 1.6944667  -1.3445308 ]
 [-0.9041807   1.039775  ]
 [ 0.33258224  0.06133188]
 [ 1.5170026  -1.0537752 ]
 [ 1.6944667  -1.3445308 ]
 [ 1.8489962  -1.4070237 ]
 [ 1.8489962  -1.4070237 ]
 [ 1.8097812  -1.6146445 ]
 [ 1.6944667  -1.3445308 ]
 [ 0.33258224  0.06133188]
 [ 0.17805271  0.12382466]
 [ 1.5170026  -1.0537752 ]
 [ 2.141775   -1.967893  ]
 [ 1.5170026  -1.0537752 ]
 [ 1.6944667  -1.3445308 ]
 [ 0.51004624 -0.22942385]
 [ 0.07179017  0.19943398]
 [ 2.141775   -1.967893  ]]
2025-12-21 17:07:58,224 - [INFO] - ------------------------------------------------------------
2025-12-21 17:07:58,224 - [INFO] - On Validation Set:
	Accuracy of RRL  Model: 0.9046302695231514
	F1 Score of RRL  Model: 0.6425804742539665
2025-12-21 17:07:58,230 - [INFO] - On Validation Set:
Performance of  RRL Model: 
[[1274   12]
 [ 126   35]]
              precision    recall  f1-score   support

           0       0.91      0.99      0.95      1286
           1       0.74      0.22      0.34       161

    accuracy                           0.90      1447
   macro avg       0.83      0.60      0.64      1447
weighted avg       0.89      0.90      0.88      1447

2025-12-21 17:07:58,230 - [INFO] - ------------------------------------------------------------
2025-12-21 17:07:58,995 - [INFO] - epoch: 15, loss_rrl: 222.64564124774188
2025-12-21 17:07:59,826 - [DEBUG] - y_true: (1447,) [0 0 0 0 0 1 0 0 0 0 0 0 0 0 0 0 0 1 0 0 0 0 0 0 1 0 0 0 0 0 0 0 0 0 0 0 0
 0 1 1 0]
2025-12-21 17:08:00,113 - [DEBUG] - y_rrl_: (1447,) [0 0 0 0 0 0 0 0 0 0 0 0 0 0 0 0 0 0 0 0 0 0 0 0 1 0 0 0 0 0 0 0 0 0 0 0 0
 0 0 1 0]
2025-12-21 17:08:00,114 - [DEBUG] - y_rrl: (1447, 2) [[ 1.485611   -1.0242884 ]
 [ 0.425172   -0.09342751]
 [ 1.7322931  -1.3836462 ]
 [ 1.7322931  -1.3836462 ]
 [ 1.8425231  -1.4023517 ]
 [ 0.17167589  0.12934446]
 [ 1.8425231  -1.4023517 ]
 [ 2.2590096  -2.08368   ]
 [ 2.3692396  -2.1023855 ]
 [ 0.52858794 -0.24871883]
 [ 0.28190592  0.11063886]
 [ 2.0123274  -1.7243222 ]
 [ 1.485611   -1.0242884 ]
 [ 1.7322931  -1.3836462 ]
 [ 1.8425231  -1.4023517 ]
 [ 1.8425231  -1.4023517 ]
 [ 2.3692396  -2.1023855 ]
 [ 0.17167589  0.12934446]
 [ 1.341778   -1.0527121 ]
 [ 1.7322931  -1.3836462 ]
 [ 1.7322931  -1.3836462 ]
 [ 1.8425231  -1.4023517 ]
 [ 1.485611   -1.0242884 ]
 [ 1.7322931  -1.3836462 ]
 [-0.9046953   1.0410202 ]
 [ 0.28190592  0.11063886]
 [ 1.8425231  -1.4023517 ]
 [ 1.7322931  -1.3836462 ]
 [ 1.8425231  -1.4023517 ]
 [ 1.8425231  -1.4023517 ]
 [ 1.9020975  -1.7056167 ]
 [ 1.7322931  -1.3836462 ]
 [ 0.28190592  0.11063886]
 [ 0.17167589  0.12934446]
 [ 1.485611   -1.0242884 ]
 [ 2.2590096  -2.08368   ]
 [ 1.485611   -1.0242884 ]
 [ 1.7322931  -1.3836462 ]
 [ 0.52858794 -0.24871883]
 [-0.32026145  0.56986094]
 [ 2.2590096  -2.08368   ]]
2025-12-21 17:08:00,116 - [INFO] - ------------------------------------------------------------
2025-12-21 17:08:00,116 - [INFO] - On Validation Set:
	Accuracy of RRL  Model: 0.9053213545266068
	F1 Score of RRL  Model: 0.6698905124682569
2025-12-21 17:08:00,123 - [INFO] - On Validation Set:
Performance of  RRL Model: 
[[1266   20]
 [ 117   44]]
              precision    recall  f1-score   support

           0       0.92      0.98      0.95      1286
           1       0.69      0.27      0.39       161

    accuracy                           0.91      1447
   macro avg       0.80      0.63      0.67      1447
weighted avg       0.89      0.91      0.89      1447

2025-12-21 17:08:00,123 - [INFO] - ------------------------------------------------------------
2025-12-21 17:08:01,710 - [DEBUG] - y_true: (1447,) [0 0 0 0 0 1 0 0 0 0 0 0 0 0 0 0 0 1 0 0 0 0 0 0 1 0 0 0 0 0 0 0 0 0 0 0 0
 0 1 1 0]
2025-12-21 17:08:01,992 - [DEBUG] - y_rrl_: (1447,) [0 0 0 0 0 0 0 0 0 0 0 0 0 0 0 0 0 0 0 0 0 0 0 0 1 0 0 0 0 0 0 0 0 0 0 0 0
 0 0 1 0]
2025-12-21 17:08:01,993 - [DEBUG] - y_rrl: (1447, 2) [[ 1.1485522  -0.84825045]
 [ 0.2064927   0.05592426]
 [ 1.1634461  -0.7946569 ]
 [ 1.1634461  -0.7946569 ]
 [ 1.1134528  -0.8935199 ]
 [ 0.2347125   0.06545498]
 [ 1.496217   -1.2169626 ]
 [ 2.1964731  -2.0197353 ]
 [ 2.312398   -2.0446339 ]
 [ 0.58237725 -0.3032571 ]
 [ 0.2347125   0.06545498]
 [ 1.6222838  -1.4925971 ]
 [ 1.1485522  -0.84825045]
 [ 1.496217   -1.2169626 ]
 [ 1.496217   -1.2169626 ]
 [ 1.496217   -1.2169626 ]
 [ 2.312398   -2.0446339 ]
 [ 0.2347125   0.06545498]
 [ 1.1134528  -0.8935199 ]
 [ 1.496217   -1.2169626 ]
 [ 1.496217   -1.2169626 ]
 [ 1.496217   -1.2169626 ]
 [ 1.1485522  -0.84825045]
 [ 1.496217   -1.2169626 ]
 [-0.8263366   0.9633713 ]
 [ 0.2347125   0.06545498]
 [ 1.1485522  -0.84825045]
 [ 1.496217   -1.2169626 ]
 [ 1.496217   -1.2169626 ]
 [ 1.8386662  -1.4002874 ]
 [ 1.6222838  -1.4925971 ]
 [ 1.496217   -1.2169626 ]
 [ 0.2347125   0.06545498]
 [ 0.2347125   0.06545498]
 [ 1.1485522  -0.84825045]
 [ 2.1964731  -2.0197353 ]
 [ 1.1485522  -0.84825045]
 [ 1.496217   -1.2169626 ]
 [ 0.58237725 -0.3032571 ]
 [-0.44357252  0.6399286 ]
 [ 2.1964731  -2.0197353 ]]
2025-12-21 17:08:01,995 - [INFO] - ------------------------------------------------------------
2025-12-21 17:08:01,995 - [INFO] - On Validation Set:
	Accuracy of RRL  Model: 0.9053213545266068
	F1 Score of RRL  Model: 0.6802663815113554
2025-12-21 17:08:02,001 - [INFO] - On Validation Set:
Performance of  RRL Model: 
[[1262   24]
 [ 113   48]]
              precision    recall  f1-score   support

           0       0.92      0.98      0.95      1286
           1       0.67      0.30      0.41       161

    accuracy                           0.91      1447
   macro avg       0.79      0.64      0.68      1447
weighted avg       0.89      0.91      0.89      1447

2025-12-21 17:08:02,001 - [INFO] - ------------------------------------------------------------
2025-12-21 17:08:02,310 - [INFO] - epoch: 16, loss_rrl: 221.56493451446295
2025-12-21 17:08:03,532 - [DEBUG] - y_true: (1447,) [0 0 0 0 0 1 0 0 0 0 0 0 0 0 0 0 0 1 0 0 0 0 0 0 1 0 0 0 0 0 0 0 0 0 0 0 0
 0 1 1 0]
2025-12-21 17:08:03,815 - [DEBUG] - y_rrl_: (1447,) [0 0 0 0 0 0 0 0 0 0 0 0 0 0 0 0 0 0 0 0 0 0 0 0 1 0 0 0 0 0 0 0 0 0 0 0 0
 0 0 0 0]
2025-12-21 17:08:03,816 - [DEBUG] - y_rrl: (1447, 2) [[ 1.4261699  -1.0736803 ]
 [ 0.32029206 -0.09602489]
 [ 1.2460002  -0.87859046]
 [ 1.2460002  -0.87859046]
 [ 1.7816029  -1.4500576 ]
 [ 0.31940654 -0.02008544]
 [ 1.4261699  -1.0736803 ]
 [ 1.5333004  -1.3340427 ]
 [ 2.2555056  -1.98709   ]
 [ 0.67483956 -0.39646286]
 [ 0.4682096  -0.07838337]
 [ 1.7134701  -1.5291325 ]
 [ 1.4261699  -1.0736803 ]
 [ 1.6327999  -1.3917598 ]
 [ 1.7816029  -1.4500576 ]
 [ 1.7816029  -1.4500576 ]
 [ 2.2555056  -1.98709   ]
 [ 0.31940654 -0.02008544]
 [ 1.2491273  -1.0671515 ]
 [ 1.0593977  -0.7970104 ]
 [ 1.6327999  -1.3917598 ]
 [ 1.7816029  -1.4500576 ]
 [ 1.4261699  -1.0736803 ]
 [ 1.6327999  -1.3917598 ]
 [-0.75788045  0.89560497]
 [ 0.4682096  -0.07838337]
 [ 1.4261699  -1.0736803 ]
 [ 1.0593977  -0.7970104 ]
 [ 1.7816029  -1.4500576 ]
 [ 1.9682053  -1.5316378 ]
 [ 1.5646671  -1.4708346 ]
 [ 1.6327999  -1.3917598 ]
 [ 0.4682096  -0.07838337]
 [ 0.31940654 -0.02008544]
 [ 1.4261699  -1.0736803 ]
 [ 1.5333004  -1.3340427 ]
 [ 1.4261699  -1.0736803 ]
 [ 1.0593977  -0.7970104 ]
 [ 0.31940654 -0.02008544]
 [ 1.1400679  -0.93438315]
 [ 1.5333004  -1.3340427 ]]
2025-12-21 17:08:03,818 - [INFO] - ------------------------------------------------------------
2025-12-21 17:08:03,818 - [INFO] - On Validation Set:
	Accuracy of RRL  Model: 0.8997926744989634
	F1 Score of RRL  Model: 0.5895998982875138
2025-12-21 17:08:03,824 - [INFO] - On Validation Set:
Performance of  RRL Model: 
[[1280    6]
 [ 139   22]]
              precision    recall  f1-score   support

           0       0.90      1.00      0.95      1286
           1       0.79      0.14      0.23       161

    accuracy                           0.90      1447
   macro avg       0.84      0.57      0.59      1447
weighted avg       0.89      0.90      0.87      1447

2025-12-21 17:08:03,824 - [INFO] - ------------------------------------------------------------
2025-12-21 17:08:05,211 - [INFO] - epoch: 17, loss_rrl: 220.52377991564572
2025-12-21 17:08:05,349 - [DEBUG] - y_true: (1447,) [0 0 0 0 0 1 0 0 0 0 0 0 0 0 0 0 0 1 0 0 0 0 0 0 1 0 0 0 0 0 0 0 0 0 0 0 0
 0 1 1 0]
2025-12-21 17:08:05,631 - [DEBUG] - y_rrl_: (1447,) [0 0 0 0 0 0 0 0 0 0 0 0 0 0 0 0 0 0 0 0 0 0 0 0 1 0 0 0 0 0 0 0 0 0 0 0 0
 0 0 1 0]
2025-12-21 17:08:05,632 - [DEBUG] - y_rrl: (1447, 2) [[ 1.8652924  -1.4305338 ]
 [ 0.50373685 -0.08568595]
 [ 1.8652924  -1.4305338 ]
 [ 1.8652924  -1.4305338 ]
 [ 1.8652924  -1.4305338 ]
 [ 0.62586284 -0.25819767]
 [ 1.8652924  -1.4305338 ]
 [ 2.1501045  -1.8816614 ]
 [ 2.1501045  -1.8816614 ]
 [ 0.62586284 -0.25819767]
 [ 0.27088672  0.11761869]
 [ 1.7951283  -1.5058451 ]
 [ 1.8652924  -1.4305338 ]
 [ 1.8652924  -1.4305338 ]
 [ 1.8652924  -1.4305338 ]
 [ 1.8652924  -1.4305338 ]
 [ 2.1501045  -1.8816614 ]
 [ 0.27088672  0.11761869]
 [ 1.4650971  -1.0891446 ]
 [ 1.8652924  -1.4305338 ]
 [ 1.8652924  -1.4305338 ]
 [ 1.8652924  -1.4305338 ]
 [ 1.5103164  -1.0547174 ]
 [ 1.8652924  -1.4305338 ]
 [-0.8554791   1.0839064 ]
 [ 0.62586284 -0.25819767]
 [ 1.5103164  -1.0547174 ]
 [ 1.8652924  -1.4305338 ]
 [ 1.8652924  -1.4305338 ]
 [ 1.8652924  -1.4305338 ]
 [ 1.7951283  -1.5058451 ]
 [ 1.8652924  -1.4305338 ]
 [ 0.27088672  0.11761869]
 [ 0.27088672  0.11761869]
 [ 1.8652924  -1.4305338 ]
 [ 2.1501045  -1.8816614 ]
 [ 1.8652924  -1.4305338 ]
 [ 1.8652924  -1.4305338 ]
 [ 0.62586284 -0.25819767]
 [-0.14549847  0.22913273]
 [ 2.1501045  -1.8816614 ]]
2025-12-21 17:08:05,634 - [INFO] - ------------------------------------------------------------
2025-12-21 17:08:05,634 - [INFO] - On Validation Set:
	Accuracy of RRL  Model: 0.902557014512785
	F1 Score of RRL  Model: 0.6457772337821297
2025-12-21 17:08:05,640 - [INFO] - On Validation Set:
Performance of  RRL Model: 
[[1269   17]
 [ 124   37]]
              precision    recall  f1-score   support

           0       0.91      0.99      0.95      1286
           1       0.69      0.23      0.34       161

    accuracy                           0.90      1447
   macro avg       0.80      0.61      0.65      1447
weighted avg       0.89      0.90      0.88      1447

2025-12-21 17:08:05,640 - [INFO] - ------------------------------------------------------------
2025-12-21 17:08:07,167 - [DEBUG] - y_true: (1447,) [0 0 0 0 0 1 0 0 0 0 0 0 0 0 0 0 0 1 0 0 0 0 0 0 1 0 0 0 0 0 0 0 0 0 0 0 0
 0 1 1 0]
2025-12-21 17:08:07,463 - [DEBUG] - y_rrl_: (1447,) [0 0 0 0 0 1 0 0 0 0 0 0 0 0 0 0 0 0 0 0 0 0 0 0 1 1 0 0 0 0 0 0 0 0 0 0 0
 0 0 0 0]
2025-12-21 17:08:07,463 - [DEBUG] - y_rrl: (1447, 2) [[ 1.2144284  -0.81923324]
 [ 0.5758309  -0.15946506]
 [ 1.9162055  -1.4831982 ]
 [ 1.9162055  -1.4831982 ]
 [ 1.5414249  -1.166967  ]
 [-0.0602147   0.38895345]
 [ 1.5892091  -1.1354644 ]
 [ 2.0611467  -1.7928615 ]
 [ 2.0611467  -1.7928615 ]
 [ 0.64156234 -0.27501154]
 [ 0.31456596  0.07272227]
 [ 1.7341504  -1.4451277 ]
 [ 1.2144284  -0.81923324]
 [ 1.9162055  -1.4831982 ]
 [ 1.9162055  -1.4831982 ]
 [ 1.9162055  -1.4831982 ]
 [ 2.0611467  -1.7928615 ]
 [ 0.31456596  0.07272227]
 [ 1.5414249  -1.166967  ]
 [ 1.9162055  -1.4831982 ]
 [ 1.9162055  -1.4831982 ]
 [ 1.9162055  -1.4831982 ]
 [ 1.5892091  -1.1354644 ]
 [ 1.9162055  -1.4831982 ]
 [-0.78957784  1.0182788 ]
 [-0.0602147   0.38895345]
 [ 1.5892091  -1.1354644 ]
 [ 1.9162055  -1.4831982 ]
 [ 1.9162055  -1.4831982 ]
 [ 1.9162055  -1.4831982 ]
 [ 1.7341504  -1.4451277 ]
 [ 1.9162055  -1.4831982 ]
 [ 0.31456596  0.07272227]
 [ 0.31456596  0.07272227]
 [ 1.2144284  -0.81923324]
 [ 2.0611467  -1.7928615 ]
 [ 1.5892091  -1.1354644 ]
 [ 1.9162055  -1.4831982 ]
 [ 0.31456596  0.07272227]
 [ 0.15786588 -0.05116014]
 [ 2.0611467  -1.7928615 ]]
2025-12-21 17:08:07,466 - [INFO] - ------------------------------------------------------------
2025-12-21 17:08:07,466 - [INFO] - On Validation Set:
	Accuracy of RRL  Model: 0.9080856945404284
	F1 Score of RRL  Model: 0.6943810553763723
2025-12-21 17:08:07,472 - [INFO] - On Validation Set:
Performance of  RRL Model: 
[[1262   24]
 [ 109   52]]
              precision    recall  f1-score   support

           0       0.92      0.98      0.95      1286
           1       0.68      0.32      0.44       161

    accuracy                           0.91      1447
   macro avg       0.80      0.65      0.69      1447
weighted avg       0.89      0.91      0.89      1447

2025-12-21 17:08:07,472 - [INFO] - ------------------------------------------------------------
2025-12-21 17:08:08,632 - [INFO] - epoch: 18, loss_rrl: 224.02633607853204
2025-12-21 17:08:09,191 - [DEBUG] - y_true: (1447,) [0 0 0 0 0 1 0 0 0 0 0 0 0 0 0 0 0 1 0 0 0 0 0 0 1 0 0 0 0 0 0 0 0 0 0 0 0
 0 1 1 0]
2025-12-21 17:08:09,473 - [DEBUG] - y_rrl_: (1447,) [0 0 0 0 0 0 0 0 0 0 0 0 0 0 0 0 0 0 0 0 0 0 0 0 1 0 0 0 0 0 0 0 0 0 0 0 0
 0 0 0 0]
2025-12-21 17:08:09,474 - [DEBUG] - y_rrl: (1447, 2) [[ 1.7199349  -1.4312027 ]
 [ 0.6559066  -0.40438306]
 [ 2.0852294  -1.8171308 ]
 [ 2.0852294  -1.8171308 ]
 [ 2.0852294  -1.8171308 ]
 [ 0.35474348  0.0313614 ]
 [ 2.0852294  -1.8171308 ]
 [ 2.0852294  -1.8171308 ]
 [ 2.0852294  -1.8171308 ]
 [ 0.72003806 -0.35456675]
 [ 0.35474348  0.0313614 ]
 [ 1.7199349  -1.4312027 ]
 [ 1.7199349  -1.4312027 ]
 [ 2.0852294  -1.8171308 ]
 [ 2.0852294  -1.8171308 ]
 [ 2.0852294  -1.8171308 ]
 [ 2.0852294  -1.8171308 ]
 [ 0.35474348  0.0313614 ]
 [ 1.6777726  -1.4679654 ]
 [ 2.0852294  -1.8171308 ]
 [ 2.0852294  -1.8171308 ]
 [ 2.0852294  -1.8171308 ]
 [ 1.7199349  -1.4312027 ]
 [ 2.0852294  -1.8171308 ]
 [-0.73771906  0.96674055]
 [ 0.35474348  0.0313614 ]
 [ 1.7199349  -1.4312027 ]
 [ 2.0852294  -1.8171308 ]
 [ 2.0852294  -1.8171308 ]
 [ 2.0852294  -1.8171308 ]
 [ 1.7199349  -1.4312027 ]
 [ 2.0852294  -1.8171308 ]
 [ 0.35474348  0.0313614 ]
 [ 0.35474348  0.0313614 ]
 [ 1.7199349  -1.4312027 ]
 [ 2.0852294  -1.8171308 ]
 [ 1.7199349  -1.4312027 ]
 [ 2.0852294  -1.8171308 ]
 [ 0.72003806 -0.35456675]
 [ 0.5590236  -0.37305892]
 [ 2.0852294  -1.8171308 ]]
2025-12-21 17:08:09,476 - [INFO] - ------------------------------------------------------------
2025-12-21 17:08:09,476 - [INFO] - On Validation Set:
	Accuracy of RRL  Model: 0.8970283344851416
	F1 Score of RRL  Model: 0.5782785161713073
2025-12-21 17:08:09,482 - [INFO] - On Validation Set:
Performance of  RRL Model: 
[[1278    8]
 [ 141   20]]
              precision    recall  f1-score   support

           0       0.90      0.99      0.94      1286
           1       0.71      0.12      0.21       161

    accuracy                           0.90      1447
   macro avg       0.81      0.56      0.58      1447
weighted avg       0.88      0.90      0.86      1447

2025-12-21 17:08:09,482 - [INFO] - ------------------------------------------------------------
2025-12-21 17:08:11,014 - [DEBUG] - y_true: (1447,) [0 0 0 0 0 1 0 0 0 0 0 0 0 0 0 0 0 1 0 0 0 0 0 0 1 0 0 0 0 0 0 0 0 0 0 0 0
 0 1 1 0]
2025-12-21 17:08:11,297 - [DEBUG] - y_rrl_: (1447,) [0 0 0 0 0 0 0 0 0 0 0 0 0 0 0 0 0 0 0 0 0 0 0 0 1 0 0 0 0 0 0 0 0 0 0 0 0
 0 0 0 0]
2025-12-21 17:08:11,298 - [DEBUG] - y_rrl: (1447, 2) [[ 1.6596069  -1.2509975 ]
 [ 0.2597784   0.13232371]
 [ 1.3051964  -0.8545108 ]
 [ 1.9816462  -1.5519568 ]
 [ 0.2597784   0.13232371]
 [ 0.70912933 -0.34471864]
 [ 1.9816462  -1.5519568 ]
 [ 2.1544778  -1.8866642 ]
 [ 2.1544778  -1.8866642 ]
 [ 0.70912933 -0.34471864]
 [ 0.38247296  0.00246817]
 [ 1.1513717  -0.8420315 ]
 [ 0.98315716 -0.55355155]
 [ 1.3051964  -0.8545108 ]
 [ 1.6596069  -1.2509975 ]
 [ 1.9816462  -1.5519568 ]
 [ 2.1544778  -1.8866642 ]
 [ 0.38247296  0.00246817]
 [ 1.2628845  -0.91230905]
 [ 1.6596069  -1.2509975 ]
 [ 1.6596069  -1.2509975 ]
 [ 1.3051964  -0.8545108 ]
 [ 0.6565008  -0.20636472]
 [ 1.6596069  -1.2509975 ]
 [-0.6832812   0.912634  ]
 [ 0.70912933 -0.34471864]
 [ 1.6549898  -1.20477   ]
 [ 1.6596069  -1.2509975 ]
 [ 1.3051964  -0.8545108 ]
 [ 1.6596069  -1.2509975 ]
 [ 1.8278215  -1.5394773 ]
 [ 0.6565008  -0.20636472]
 [ 0.38247296  0.00246817]
 [ 0.38247296  0.00246817]
 [ 0.98315716 -0.55355155]
 [ 2.1544778  -1.8866642 ]
 [ 1.3051964  -0.8545108 ]
 [ 1.6596069  -1.2509975 ]
 [ 0.70912933 -0.34471864]
 [ 0.26012287 -0.15028283]
 [ 2.1544778  -1.8866642 ]]
2025-12-21 17:08:11,300 - [INFO] - ------------------------------------------------------------
2025-12-21 17:08:11,300 - [INFO] - On Validation Set:
	Accuracy of RRL  Model: 0.9018659295093296
	F1 Score of RRL  Model: 0.6891467473524963
2025-12-21 17:08:11,306 - [INFO] - On Validation Set:
Performance of  RRL Model: 
[[1251   35]
 [ 107   54]]
              precision    recall  f1-score   support

           0       0.92      0.97      0.95      1286
           1       0.61      0.34      0.43       161

    accuracy                           0.90      1447
   macro avg       0.76      0.65      0.69      1447
weighted avg       0.89      0.90      0.89      1447

2025-12-21 17:08:11,306 - [INFO] - ------------------------------------------------------------
2025-12-21 17:08:11,847 - [INFO] - epoch: 19, loss_rrl: 225.0418876549229
2025-12-21 17:08:12,838 - [DEBUG] - y_true: (1447,) [0 0 0 0 0 1 0 0 0 0 0 0 0 0 0 0 0 1 0 0 0 0 0 0 1 0 0 0 0 0 0 0 0 0 0 0 0
 0 1 1 0]
2025-12-21 17:08:13,120 - [DEBUG] - y_rrl_: (1447,) [0 0 0 0 0 0 0 0 0 0 0 0 0 0 0 0 0 0 0 0 0 0 0 0 1 0 0 0 0 0 0 0 0 0 0 0 0
 0 0 1 0]
2025-12-21 17:08:13,120 - [DEBUG] - y_rrl: (1447, 2) [[ 1.6155148  -1.290913  ]
 [ 0.44035012 -0.24130997]
 [ 2.0061586  -1.8272318 ]
 [ 2.0061586  -1.8272318 ]
 [ 1.9635035  -1.6593282 ]
 [ 0.19653064  0.09856191]
 [ 1.9635035  -1.6593282 ]
 [ 2.0061586  -1.8272318 ]
 [ 2.0973122  -1.8296906 ]
 [ 0.54451936 -0.2698533 ]
 [ 0.28768426  0.09610316]
 [ 1.6155148  -1.290913  ]
 [ 1.6155148  -1.290913  ]
 [ 1.8723499  -1.6568695 ]
 [ 1.9635035  -1.6593282 ]
 [ 1.9635035  -1.6593282 ]
 [ 2.0973122  -1.8296906 ]
 [ 0.19653064  0.09856191]
 [ 1.4962935  -1.338589  ]
 [ 1.8723499  -1.6568695 ]
 [ 1.8723499  -1.6568695 ]
 [ 1.9635035  -1.6593282 ]
 [ 1.6155148  -1.290913  ]
 [ 1.8723499  -1.6568695 ]
 [-0.83724713  0.97824097]
 [ 0.28768426  0.09610316]
 [ 1.6155148  -1.290913  ]
 [ 1.8723499  -1.6568695 ]
 [ 1.9635035  -1.6593282 ]
 [ 2.0973122  -1.8296906 ]
 [ 1.5243611  -1.2884543 ]
 [ 1.8723499  -1.6568695 ]
 [ 0.28768426  0.09610316]
 [ 0.19653064  0.09856191]
 [ 1.6155148  -1.290913  ]
 [ 2.0061586  -1.8272318 ]
 [ 1.6155148  -1.290913  ]
 [ 1.8723499  -1.6568695 ]
 [ 0.54451936 -0.2698533 ]
 [-0.2542244   0.38116565]
 [ 2.0061586  -1.8272318 ]]
2025-12-21 17:08:13,123 - [INFO] - ------------------------------------------------------------
2025-12-21 17:08:13,123 - [INFO] - On Validation Set:
	Accuracy of RRL  Model: 0.9060124395300622
	F1 Score of RRL  Model: 0.6654790235942069
2025-12-21 17:08:13,129 - [INFO] - On Validation Set:
Performance of  RRL Model: 
[[1269   17]
 [ 119   42]]
              precision    recall  f1-score   support

           0       0.91      0.99      0.95      1286
           1       0.71      0.26      0.38       161

    accuracy                           0.91      1447
   macro avg       0.81      0.62      0.67      1447
weighted avg       0.89      0.91      0.89      1447

2025-12-21 17:08:13,129 - [INFO] - ------------------------------------------------------------
2025-12-21 17:08:14,662 - [DEBUG] - y_true: (1447,) [0 0 0 0 0 1 0 0 0 0 0 0 0 0 0 0 0 1 0 0 0 0 0 0 1 0 0 0 0 0 0 0 0 0 0 0 0
 0 1 1 0]
2025-12-21 17:08:14,946 - [DEBUG] - y_rrl_: (1447,) [0 0 0 0 0 0 0 0 0 0 0 0 0 0 0 0 0 0 0 0 0 0 0 0 1 0 0 0 0 0 0 0 0 0 0 0 0
 0 0 0 0]
2025-12-21 17:08:14,946 - [DEBUG] - y_rrl: (1447, 2) [[ 1.5856183  -1.2232597 ]
 [ 0.17424679  0.17173983]
 [ 2.0116189  -1.5849507 ]
 [ 2.0116189  -1.5849507 ]
 [ 1.5856183  -1.2232597 ]
 [ 0.6353928  -0.2730841 ]
 [ 1.5856183  -1.2232597 ]
 [ 2.1978662  -1.9304603 ]
 [ 2.1978662  -1.9304603 ]
 [ 0.6353928  -0.2730841 ]
 [ 0.3247276   0.05790247]
 [ 1.4612005  -1.2377827 ]
 [ 1.5856183  -1.2232597 ]
 [ 1.5856183  -1.2232597 ]
 [ 1.5856183  -1.2232597 ]
 [ 1.5856183  -1.2232597 ]
 [ 2.1978662  -1.9304603 ]
 [ 0.3247276   0.05790247]
 [ 1.5856183  -1.2232597 ]
 [ 1.5856183  -1.2232597 ]
 [ 1.5856183  -1.2232597 ]
 [ 1.5856183  -1.2232597 ]
 [ 1.2749531  -0.8922732 ]
 [ 1.5856183  -1.2232597 ]
 [-0.68987054  0.9198875 ]
 [ 0.6353928  -0.2730841 ]
 [ 1.2749531  -0.8922732 ]
 [ 1.5856183  -1.2232597 ]
 [ 1.5856183  -1.2232597 ]
 [ 2.0116189  -1.5849507 ]
 [ 1.4612005  -1.2377827 ]
 [ 1.5856183  -1.2232597 ]
 [ 0.3247276   0.05790247]
 [ 0.3247276   0.05790247]
 [ 1.5856183  -1.2232597 ]
 [ 2.1978662  -1.9304603 ]
 [ 1.5856183  -1.2232597 ]
 [ 1.5856183  -1.2232597 ]
 [ 0.3247276   0.05790247]
 [ 0.140989    0.00815345]
 [ 2.1978662  -1.9304603 ]]
2025-12-21 17:08:14,949 - [INFO] - ------------------------------------------------------------
2025-12-21 17:08:14,949 - [INFO] - On Validation Set:
	Accuracy of RRL  Model: 0.9039391845196959
	F1 Score of RRL  Model: 0.6447122747578664
2025-12-21 17:08:14,955 - [INFO] - On Validation Set:
Performance of  RRL Model: 
[[1272   14]
 [ 125   36]]
              precision    recall  f1-score   support

           0       0.91      0.99      0.95      1286
           1       0.72      0.22      0.34       161

    accuracy                           0.90      1447
   macro avg       0.82      0.61      0.64      1447
weighted avg       0.89      0.90      0.88      1447

2025-12-21 17:08:14,955 - [INFO] - ------------------------------------------------------------
2025-12-21 17:08:15,071 - [INFO] - epoch: 20, loss_rrl: 223.8767672488466
2025-12-21 17:08:16,473 - [DEBUG] - y_true: (1447,) [0 0 0 0 0 1 0 0 0 0 0 0 0 0 0 0 0 1 0 0 0 0 0 0 1 0 0 0 0 0 0 0 0 0 0 0 0
 0 1 1 0]
2025-12-21 17:08:16,754 - [DEBUG] - y_rrl_: (1447,) [0 0 0 0 0 0 0 0 0 0 0 0 0 0 0 0 0 0 0 0 0 0 0 0 1 0 0 0 0 0 0 0 0 0 0 0 0
 0 0 0 0]
2025-12-21 17:08:16,754 - [DEBUG] - y_rrl: (1447, 2) [[ 1.6358294  -1.154294  ]
 [ 0.44349873 -0.0865602 ]
 [ 1.9849846  -1.647794  ]
 [ 1.9849846  -1.647794  ]
 [ 1.5741706  -1.1701092 ]
 [ 0.30015165 -0.00674255]
 [ 1.6358294  -1.154294  ]
 [ 2.0415306  -1.8623024 ]
 [ 2.1321547  -1.8648502 ]
 [ 0.6003083  -0.32711715]
 [ 0.6909325  -0.32966483]
 [ 1.9925318  -1.689177  ]
 [ 1.6358294  -1.154294  ]
 [ 1.8453617  -1.4721209 ]
 [ 1.935986   -1.4746686 ]
 [ 1.935986   -1.4746686 ]
 [ 2.1321547  -1.8648502 ]
 [ 0.6003083  -0.32711715]
 [ 1.4835464  -1.1675614 ]
 [ 1.8453617  -1.4721209 ]
 [ 1.8453617  -1.4721209 ]
 [ 1.935986   -1.4746686 ]
 [ 1.6358294  -1.154294  ]
 [ 1.8453617  -1.4721209 ]
 [-0.68674934  0.8290205 ]
 [ 0.39077586 -0.00929026]
 [ 1.6358294  -1.154294  ]
 [ 1.8453617  -1.4721209 ]
 [ 1.935986   -1.4746686 ]
 [ 2.075609   -1.6503417 ]
 [ 1.9019077  -1.6866293 ]
 [ 1.8453617  -1.4721209 ]
 [ 0.39077586 -0.00929026]
 [ 0.30015165 -0.00674255]
 [ 1.6358294  -1.154294  ]
 [ 2.0415306  -1.8623024 ]
 [ 1.6358294  -1.154294  ]
 [ 1.8453617  -1.4721209 ]
 [ 0.6003083  -0.32711715]
 [ 0.6275553  -0.39734674]
 [ 2.0415306  -1.8623024 ]]
2025-12-21 17:08:16,756 - [INFO] - ------------------------------------------------------------
2025-12-21 17:08:16,757 - [INFO] - On Validation Set:
	Accuracy of RRL  Model: 0.9046302695231514
	F1 Score of RRL  Model: 0.6361141482615351
2025-12-21 17:08:16,762 - [INFO] - On Validation Set:
Performance of  RRL Model: 
[[1276   10]
 [ 128   33]]
              precision    recall  f1-score   support

           0       0.91      0.99      0.95      1286
           1       0.77      0.20      0.32       161

    accuracy                           0.90      1447
   macro avg       0.84      0.60      0.64      1447
weighted avg       0.89      0.90      0.88      1447

2025-12-21 17:08:16,763 - [INFO] - ------------------------------------------------------------
2025-12-21 17:08:17,965 - [INFO] - epoch: 21, loss_rrl: 224.8399821240455
2025-12-21 17:08:18,300 - [DEBUG] - y_true: (1447,) [0 0 0 0 0 1 0 0 0 0 0 0 0 0 0 0 0 1 0 0 0 0 0 0 1 0 0 0 0 0 0 0 0 0 0 0 0
 0 1 1 0]
2025-12-21 17:08:18,583 - [DEBUG] - y_rrl_: (1447,) [0 0 0 0 0 0 0 0 0 0 0 0 0 0 0 0 0 0 0 0 0 0 0 0 1 0 0 0 0 0 0 0 1 1 0 0 0
 0 0 1 0]
2025-12-21 17:08:18,583 - [DEBUG] - y_rrl: (1447, 2) [[ 1.3731247  -0.91399294]
 [ 0.2540915   0.16869481]
 [ 2.1126335  -1.6887184 ]
 [ 2.1126335  -1.6887184 ]
 [ 1.3256222  -0.9435975 ]
 [ 0.32955205  0.0507725 ]
 [ 1.8964889  -1.4368213 ]
 [ 2.263378   -1.9961536 ]
 [ 2.263378   -1.9961536 ]
 [ 0.6437197  -0.28350908]
 [ 0.28204954  0.02116792]
 [ 1.6855631  -1.4395795 ]
 [ 1.3731247  -0.91399294]
 [ 1.8964889  -1.4368213 ]
 [ 1.6872923  -1.2482744 ]
 [ 1.5348188  -1.1321443 ]
 [ 2.263378   -1.9961536 ]
 [ 0.28204954  0.02116792]
 [ 1.3256222  -0.9435975 ]
 [ 1.6872923  -1.2482744 ]
 [ 1.6872923  -1.2482744 ]
 [ 1.8964889  -1.4368213 ]
 [ 1.3731247  -0.91399294]
 [ 1.6872923  -1.2482744 ]
 [-0.6602547   0.8909187 ]
 [ 0.32955205  0.0507725 ]
 [ 1.2206511  -0.7978628 ]
 [ 1.6872923  -1.2482744 ]
 [ 1.5348188  -1.1321443 ]
 [ 1.903437   -1.5001717 ]
 [ 1.6855631  -1.4395795 ]
 [ 1.6872923  -1.2482744 ]
 [-0.0321181   0.3554495 ]
 [-0.0321181   0.3554495 ]
 [ 1.3731247  -0.91399294]
 [ 2.263378   -1.9961536 ]
 [ 1.5823213  -1.1025398 ]
 [ 1.6872923  -1.2482744 ]
 [ 0.28204954  0.02116792]
 [-0.1953428   0.24920206]
 [ 2.263378   -1.9961536 ]]
2025-12-21 17:08:18,585 - [INFO] - ------------------------------------------------------------
2025-12-21 17:08:18,585 - [INFO] - On Validation Set:
	Accuracy of RRL  Model: 0.902557014512785
	F1 Score of RRL  Model: 0.6832828049978811
2025-12-21 17:08:18,591 - [INFO] - On Validation Set:
Performance of  RRL Model: 
[[1255   31]
 [ 110   51]]
              precision    recall  f1-score   support

           0       0.92      0.98      0.95      1286
           1       0.62      0.32      0.42       161

    accuracy                           0.90      1447
   macro avg       0.77      0.65      0.68      1447
weighted avg       0.89      0.90      0.89      1447

2025-12-21 17:08:18,591 - [INFO] - ------------------------------------------------------------
2025-12-21 17:08:20,125 - [DEBUG] - y_true: (1447,) [0 0 0 0 0 1 0 0 0 0 0 0 0 0 0 0 0 1 0 0 0 0 0 0 1 0 0 0 0 0 0 0 0 0 0 0 0
 0 1 1 0]
2025-12-21 17:08:20,408 - [DEBUG] - y_rrl_: (1447,) [0 0 0 0 0 1 0 0 0 0 0 0 0 0 0 0 0 0 0 0 0 0 0 0 1 1 0 0 0 0 0 0 0 0 0 0 0
 0 0 0 0]
2025-12-21 17:08:20,408 - [DEBUG] - y_rrl: (1447, 2) [[ 1.2330518  -0.81172955]
 [ 0.48388588 -0.04200214]
 [ 2.1242924  -1.7016633 ]
 [ 2.1242924  -1.7016633 ]
 [ 1.8795931  -1.4215541 ]
 [ 0.00956035  0.31288567]
 [ 1.8795931  -1.4215541 ]
 [ 2.2457092  -1.9784107 ]
 [ 2.2457092  -1.9784107 ]
 [ 0.6561016  -0.2969388 ]
 [ 0.3575663   0.02160946]
 [ 1.7024748  -1.3797531 ]
 [ 1.2330518  -0.81172955]
 [ 1.8795931  -1.4215541 ]
 [ 1.8795931  -1.4215541 ]
 [ 1.8795931  -1.4215541 ]
 [ 2.2457092  -1.9784107 ]
 [ 0.3575663   0.02160946]
 [ 1.8795931  -1.4215541 ]
 [ 1.8795931  -1.4215541 ]
 [ 1.8795931  -1.4215541 ]
 [ 1.8795931  -1.4215541 ]
 [ 1.5810578  -1.1030058 ]
 [ 1.8795931  -1.4215541 ]
 [-0.6053914   0.8363563 ]
 [ 0.00956035  0.31288567]
 [ 1.5810578  -1.1030058 ]
 [ 1.8795931  -1.4215541 ]
 [ 1.8795931  -1.4215541 ]
 [ 2.1242924  -1.7016633 ]
 [ 1.7024748  -1.3797531 ]
 [ 1.8795931  -1.4215541 ]
 [ 0.3575663   0.02160946]
 [ 0.3575663   0.02160946]
 [ 1.2330518  -0.81172955]
 [ 2.2457092  -1.9784107 ]
 [ 1.5810578  -1.1030058 ]
 [ 1.8795931  -1.4215541 ]
 [ 0.6561016  -0.2969388 ]
 [ 0.6665738  -0.42219436]
 [ 2.2457092  -1.9784107 ]]
2025-12-21 17:08:20,410 - [INFO] - ------------------------------------------------------------
2025-12-21 17:08:20,410 - [INFO] - On Validation Set:
	Accuracy of RRL  Model: 0.8956461644782309
	F1 Score of RRL  Model: 0.6173787721980272
2025-12-21 17:08:20,416 - [INFO] - On Validation Set:
Performance of  RRL Model: 
[[1265   21]
 [ 130   31]]
              precision    recall  f1-score   support

           0       0.91      0.98      0.94      1286
           1       0.60      0.19      0.29       161

    accuracy                           0.90      1447
   macro avg       0.75      0.59      0.62      1447
weighted avg       0.87      0.90      0.87      1447

2025-12-21 17:08:20,416 - [INFO] - ------------------------------------------------------------
2025-12-21 17:08:21,190 - [INFO] - epoch: 22, loss_rrl: 223.65154538489878
2025-12-21 17:08:21,950 - [DEBUG] - y_true: (1447,) [0 0 0 0 0 1 0 0 0 0 0 0 0 0 0 0 0 1 0 0 0 0 0 0 1 0 0 0 0 0 0 0 0 0 0 0 0
 0 1 1 0]
2025-12-21 17:08:22,235 - [DEBUG] - y_rrl_: (1447,) [0 0 0 0 0 0 0 0 0 0 0 0 0 0 0 0 0 0 0 0 0 0 0 0 1 0 0 0 0 0 0 0 0 0 0 0 0
 0 0 0 0]
2025-12-21 17:08:22,235 - [DEBUG] - y_rrl: (1447, 2) [[ 1.9157388  -1.4744254 ]
 [ 0.79524267 -0.39806184]
 [ 2.390354   -2.130968  ]
 [ 2.390354   -2.130968  ]
 [ 2.2234225  -1.8020202 ]
 [ 0.26342562  0.10645479]
 [ 2.4291804  -2.1616545 ]
 [ 2.390354   -2.130968  ]
 [ 2.4291804  -2.1616545 ]
 [ 0.5711093  -0.22113994]
 [ 0.30225214  0.07576823]
 [ 2.1214967  -1.8340598 ]
 [ 1.9157388  -1.4744254 ]
 [ 2.390354   -2.130968  ]
 [ 2.2234225  -1.8020202 ]
 [ 2.4291804  -2.1616545 ]
 [ 2.4291804  -2.1616545 ]
 [ 0.26342562  0.10645479]
 [ 1.8529909  -1.496195  ]
 [ 2.184596   -1.7713336 ]
 [ 2.184596   -1.7713336 ]
 [ 2.4291804  -2.1616545 ]
 [ 1.9157388  -1.4744254 ]
 [ 2.184596   -1.7713336 ]
 [-0.70229495  0.9254092 ]
 [ 0.30225214  0.07576823]
 [ 2.1214967  -1.8340598 ]
 [ 2.184596   -1.7713336 ]
 [ 2.4291804  -2.1616545 ]
 [ 2.2234225  -1.8020202 ]
 [ 2.0826702  -1.8033735 ]
 [ 2.184596   -1.7713336 ]
 [ 0.30225214  0.07576823]
 [ 0.26342562  0.10645479]
 [ 1.9157388  -1.4744254 ]
 [ 2.390354   -2.130968  ]
 [ 2.1214967  -1.8340598 ]
 [ 2.184596   -1.7713336 ]
 [ 0.5711093  -0.22113994]
 [ 0.5445913  -0.34740007]
 [ 2.390354   -2.130968  ]]
2025-12-21 17:08:22,237 - [INFO] - ------------------------------------------------------------
2025-12-21 17:08:22,237 - [INFO] - On Validation Set:
	Accuracy of RRL  Model: 0.899101589495508
	F1 Score of RRL  Model: 0.5847250397068767
2025-12-21 17:08:22,243 - [INFO] - On Validation Set:
Performance of  RRL Model: 
[[1280    6]
 [ 140   21]]
              precision    recall  f1-score   support

           0       0.90      1.00      0.95      1286
           1       0.78      0.13      0.22       161

    accuracy                           0.90      1447
   macro avg       0.84      0.56      0.58      1447
weighted avg       0.89      0.90      0.87      1447

2025-12-21 17:08:22,243 - [INFO] - ------------------------------------------------------------
2025-12-21 17:08:23,771 - [DEBUG] - y_true: (1447,) [0 0 0 0 0 1 0 0 0 0 0 0 0 0 0 0 0 1 0 0 0 0 0 0 1 0 0 0 0 0 0 0 0 0 0 0 0
 0 1 1 0]
2025-12-21 17:08:24,054 - [DEBUG] - y_rrl_: (1447,) [0 0 0 0 0 0 0 0 0 0 0 0 0 0 0 0 0 0 0 0 0 0 0 0 1 0 0 0 0 0 0 0 0 0 0 0 0
 0 0 0 0]
2025-12-21 17:08:24,054 - [DEBUG] - y_rrl: (1447, 2) [[ 1.3999313  -0.94561565]
 [ 0.23166719  0.17872135]
 [ 2.107956   -1.695854  ]
 [ 2.107956   -1.695854  ]
 [ 1.3333526  -0.95505196]
 [ 0.31215164  0.05660124]
 [ 1.8783293  -1.4235182 ]
 [ 2.3557808  -2.0959518 ]
 [ 2.429314   -2.1613753 ]
 [ 0.6082233  -0.25928152]
 [ 0.3856846  -0.00882237]
 [ 1.8300825  -1.5077335 ]
 [ 1.3999313  -0.94561565]
 [ 1.8047965  -1.3580947 ]
 [ 1.3333526  -0.95505196]
 [ 1.8783293  -1.4235182 ]
 [ 2.429314   -2.1613753 ]
 [ 0.31215164  0.05660124]
 [ 1.6224701  -1.1960747 ]
 [ 1.2598197  -0.8896284 ]
 [ 1.6224701  -1.1960747 ]
 [ 1.8783293  -1.4235182 ]
 [ 1.0372809  -0.6391692 ]
 [ 1.2598197  -0.8896284 ]
 [-0.6612662   0.88467157]
 [ 0.3856846  -0.00882237]
 [ 1.5822576  -1.1076354 ]
 [ 1.2598197  -0.8896284 ]
 [ 1.8783293  -1.4235182 ]
 [ 1.9991627  -1.5992577 ]
 [ 1.7565496  -1.4423099 ]
 [ 1.2598197  -0.8896284 ]
 [ 0.3856846  -0.00882237]
 [ 0.31215164  0.05660124]
 [ 1.3999313  -0.94561565]
 [ 2.3557808  -2.0959518 ]
 [ 1.5822576  -1.1076354 ]
 [ 1.2598197  -0.8896284 ]
 [ 0.6082233  -0.25928152]
 [ 0.20506835 -0.04931621]
 [ 2.3557808  -2.0959518 ]]
2025-12-21 17:08:24,056 - [INFO] - ------------------------------------------------------------
2025-12-21 17:08:24,056 - [INFO] - On Validation Set:
	Accuracy of RRL  Model: 0.9053213545266068
	F1 Score of RRL  Model: 0.6827490737999408
2025-12-21 17:08:24,062 - [INFO] - On Validation Set:
Performance of  RRL Model: 
[[1261   25]
 [ 112   49]]
              precision    recall  f1-score   support

           0       0.92      0.98      0.95      1286
           1       0.66      0.30      0.42       161

    accuracy                           0.91      1447
   macro avg       0.79      0.64      0.68      1447
weighted avg       0.89      0.91      0.89      1447

2025-12-21 17:08:24,062 - [INFO] - ------------------------------------------------------------
2025-12-21 17:08:24,411 - [INFO] - epoch: 23, loss_rrl: 219.50471126288176
2025-12-21 17:08:25,588 - [DEBUG] - y_true: (1447,) [0 0 0 0 0 1 0 0 0 0 0 0 0 0 0 0 0 1 0 0 0 0 0 0 1 0 0 0 0 0 0 0 0 0 0 0 0
 0 1 1 0]
2025-12-21 17:08:25,934 - [DEBUG] - y_rrl_: (1447,) [0 0 0 0 0 0 0 0 0 0 0 0 0 0 0 0 0 0 0 0 0 0 0 0 1 0 0 0 0 0 0 0 1 1 0 0 0
 0 0 0 0]
2025-12-21 17:08:25,935 - [DEBUG] - y_rrl: (1447, 2) [[ 1.5021012e+00 -1.0291911e+00]
 [ 3.5631716e-01  7.2870761e-02]
 [ 2.1027424e+00 -1.6917845e+00]
 [ 2.1027424e+00 -1.6917845e+00]
 [ 1.7916873e+00 -1.3384877e+00]
 [ 2.6058340e-01  1.0704094e-01]
 [ 1.7916873e+00 -1.3384877e+00]
 [ 2.3561544e+00 -2.0957518e+00]
 [ 2.4340115e+00 -2.1655316e+00]
 [ 5.5016941e-01 -2.0225573e-01]
 [ 3.0009687e-01 -4.8756599e-05]
 [ 1.7171695e+00 -1.4704682e+00]
 [ 1.5021012e+00 -1.0291911e+00]
 [ 1.7138302e+00 -1.2687079e+00]
 [ 1.7916873e+00 -1.3384877e+00]
 [ 1.4637575e+00 -1.0665009e+00]
 [ 2.4340115e+00 -2.1655316e+00]
 [ 2.2223972e-01  6.9731206e-02]
 [ 1.3859005e+00 -9.9672091e-01]
 [ 1.7138302e+00 -1.2687079e+00]
 [ 1.7138302e+00 -1.2687079e+00]
 [ 1.7916873e+00 -1.3384877e+00]
 [ 1.7916873e+00 -1.3384877e+00]
 [ 1.7138302e+00 -1.2687079e+00]
 [-6.9556099e-01  9.1924417e-01]
 [ 3.3844054e-01  3.7260979e-02]
 [ 1.5021012e+00 -1.0291911e+00]
 [ 1.7138302e+00 -1.2687079e+00]
 [ 1.4637575e+00 -1.0665009e+00]
 [ 2.1805997e+00 -1.7615646e+00]
 [ 1.6393123e+00 -1.4006883e+00]
 [ 1.7138302e+00 -1.2687079e+00]
 [ 1.0510877e-02  3.0924791e-01]
 [-6.7346290e-02  3.7902787e-01]
 [ 1.5021012e+00 -1.0291911e+00]
 [ 2.3561544e+00 -2.0957518e+00]
 [ 1.5021012e+00 -1.0291911e+00]
 [ 1.7138302e+00 -1.2687079e+00]
 [ 2.2223972e-01  6.9731206e-02]
 [ 1.9192229e-01 -3.3113807e-02]
 [ 2.3561544e+00 -2.0957518e+00]]
2025-12-21 17:08:25,937 - [INFO] - ------------------------------------------------------------
2025-12-21 17:08:25,937 - [INFO] - On Validation Set:
	Accuracy of RRL  Model: 0.902557014512785
	F1 Score of RRL  Model: 0.6546206154049291
2025-12-21 17:08:25,943 - [INFO] - On Validation Set:
Performance of  RRL Model: 
[[1266   20]
 [ 121   40]]
              precision    recall  f1-score   support

           0       0.91      0.98      0.95      1286
           1       0.67      0.25      0.36       161

    accuracy                           0.90      1447
   macro avg       0.79      0.62      0.65      1447
weighted avg       0.89      0.90      0.88      1447

2025-12-21 17:08:25,943 - [INFO] - ------------------------------------------------------------
2025-12-21 17:08:27,363 - [INFO] - epoch: 24, loss_rrl: 221.79323858302087
2025-12-21 17:08:27,464 - [DEBUG] - y_true: (1447,) [0 0 0 0 0 1 0 0 0 0 0 0 0 0 0 0 0 1 0 0 0 0 0 0 1 0 0 0 0 0 0 0 0 0 0 0 0
 0 1 1 0]
2025-12-21 17:08:27,746 - [DEBUG] - y_rrl_: (1447,) [0 0 0 0 0 0 0 0 0 0 1 0 0 0 0 0 0 1 0 0 0 0 0 0 1 0 0 0 0 0 0 0 1 1 0 0 0
 0 0 1 0]
2025-12-21 17:08:27,746 - [DEBUG] - y_rrl: (1447, 2) [[ 1.9216417  -1.4700483 ]
 [ 0.48147088 -0.04573898]
 [ 2.6011713  -2.3321    ]
 [ 2.6011713  -2.3321    ]
 [ 1.9216417  -1.4700483 ]
 [ 0.732699   -0.37776852]
 [ 2.2436283  -1.9408253 ]
 [ 2.6011713  -2.3321    ]
 [ 2.6011713  -2.3321    ]
 [ 0.732699   -0.37776852]
 [ 0.0420493   0.2768098 ]
 [ 1.5529788  -1.286247  ]
 [ 1.9216417  -1.4700483 ]
 [ 1.8696162  -1.6224952 ]
 [ 1.9216417  -1.4700483 ]
 [ 1.8696162  -1.6224952 ]
 [ 2.6011713  -2.3321    ]
 [ 0.0420493   0.2768098 ]
 [ 1.5476294  -1.1517181 ]
 [ 1.5476294  -1.1517181 ]
 [ 1.5476294  -1.1517181 ]
 [ 1.8696162  -1.6224952 ]
 [ 1.230992   -0.81547004]
 [ 1.5476294  -1.1517181 ]
 [-0.5871647   0.8191677 ]
 [ 0.732699   -0.37776852]
 [ 1.926991   -1.6045772 ]
 [ 1.5476294  -1.1517181 ]
 [ 1.8696162  -1.6224952 ]
 [ 2.279184   -1.861323  ]
 [ 1.5529788  -1.286247  ]
 [ 1.5476294  -1.1517181 ]
 [ 0.0420493   0.2768098 ]
 [ 0.0420493   0.2768098 ]
 [ 1.9216417  -1.4700483 ]
 [ 2.6011713  -2.3321    ]
 [ 2.2436283  -1.9408253 ]
 [ 1.5476294  -1.1517181 ]
 [ 0.3586867  -0.0594383 ]
 [ 0.0048172   0.17518656]
 [ 2.6011713  -2.3321    ]]
2025-12-21 17:08:27,749 - [INFO] - ------------------------------------------------------------
2025-12-21 17:08:27,749 - [INFO] - On Validation Set:
	Accuracy of RRL  Model: 0.8963372494816862
	F1 Score of RRL  Model: 0.6400306483926178
2025-12-21 17:08:27,755 - [INFO] - On Validation Set:
Performance of  RRL Model: 
[[1259   27]
 [ 123   38]]
              precision    recall  f1-score   support

           0       0.91      0.98      0.94      1286
           1       0.58      0.24      0.34       161

    accuracy                           0.90      1447
   macro avg       0.75      0.61      0.64      1447
weighted avg       0.87      0.90      0.88      1447

2025-12-21 17:08:27,755 - [INFO] - ------------------------------------------------------------
2025-12-21 17:08:29,278 - [DEBUG] - y_true: (1447,) [0 0 0 0 0 1 0 0 0 0 0 0 0 0 0 0 0 1 0 0 0 0 0 0 1 0 0 0 0 0 0 0 0 0 0 0 0
 0 1 1 0]
2025-12-21 17:08:29,560 - [DEBUG] - y_rrl_: (1447,) [0 0 0 0 0 0 0 0 0 0 0 0 0 0 0 0 0 0 0 0 0 0 0 0 1 0 0 0 0 0 0 0 0 0 0 0 0
 0 0 0 0]
2025-12-21 17:08:29,560 - [DEBUG] - y_rrl: (1447, 2) [[ 1.5230409  -1.0535396 ]
 [ 0.30087543  0.125319  ]
 [ 1.8549579  -1.4463229 ]
 [ 1.8549579  -1.4463229 ]
 [ 1.4964641  -1.1018949 ]
 [ 0.19455282  0.17082196]
 [ 1.5230409  -1.0535396 ]
 [ 2.1426756  -1.881001  ]
 [ 2.2670944  -1.9974115 ]
 [ 0.48796397 -0.14210078]
 [ 0.31897146  0.0544115 ]
 [ 1.8107584  -1.4882178 ]
 [ 1.5230409  -1.0535396 ]
 [ 1.6920333  -1.250052  ]
 [ 1.816452   -1.3664625 ]
 [ 1.816452   -1.3664625 ]
 [ 2.2670944  -1.9974115 ]
 [ 0.19455282  0.17082196]
 [ 1.3720455  -0.98548454]
 [ 1.6920333  -1.250052  ]
 [ 1.6920333  -1.250052  ]
 [ 1.816452   -1.3664625 ]
 [ 1.5230409  -1.0535396 ]
 [ 1.6920333  -1.250052  ]
 [-0.7597586   0.98398584]
 [ 0.31897146  0.0544115 ]
 [ 1.5230409  -1.0535396 ]
 [ 1.6920333  -1.250052  ]
 [ 1.816452   -1.3664625 ]
 [ 1.9793767  -1.5627332 ]
 [ 1.6863397  -1.3718073 ]
 [ 1.6920333  -1.250052  ]
 [ 0.31897146  0.0544115 ]
 [ 0.19455282  0.17082196]
 [ 1.5230409  -1.0535396 ]
 [ 2.1426756  -1.881001  ]
 [ 1.5230409  -1.0535396 ]
 [ 1.6920333  -1.250052  ]
 [ 0.19455282  0.17082196]
 [ 1.0329994  -0.69033706]
 [ 2.1426756  -1.881001  ]]
2025-12-21 17:08:29,563 - [INFO] - ------------------------------------------------------------
2025-12-21 17:08:29,563 - [INFO] - On Validation Set:
	Accuracy of RRL  Model: 0.9018659295093296
	F1 Score of RRL  Model: 0.6289261153490522
2025-12-21 17:08:29,569 - [INFO] - On Validation Set:
Performance of  RRL Model: 
[[1273   13]
 [ 129   32]]
              precision    recall  f1-score   support

           0       0.91      0.99      0.95      1286
           1       0.71      0.20      0.31       161

    accuracy                           0.90      1447
   macro avg       0.81      0.59      0.63      1447
weighted avg       0.89      0.90      0.88      1447

2025-12-21 17:08:29,569 - [INFO] - ------------------------------------------------------------
2025-12-21 17:08:30,637 - [INFO] - epoch: 25, loss_rrl: 221.56273479014635
2025-12-21 17:08:31,180 - [DEBUG] - y_true: (1447,) [0 0 0 0 0 1 0 0 0 0 0 0 0 0 0 0 0 1 0 0 0 0 0 0 1 0 0 0 0 0 0 0 0 0 0 0 0
 0 1 1 0]
2025-12-21 17:08:31,461 - [DEBUG] - y_rrl_: (1447,) [0 0 0 0 0 1 0 0 0 0 1 0 0 0 0 0 0 1 0 0 0 0 0 0 1 0 0 0 0 0 0 0 1 1 0 0 0
 0 1 1 0]
2025-12-21 17:08:31,462 - [DEBUG] - y_rrl: (1447, 2) [[ 1.5005114  -1.2594966 ]
 [ 0.28586477 -0.08794598]
 [ 2.2249756  -1.9626853 ]
 [ 2.2249756  -1.9626853 ]
 [ 1.8441799  -1.6225765 ]
 [ 0.07825466  0.0922337 ]
 [ 1.8559659  -1.7600459 ]
 [ 2.2249756  -1.9626853 ]
 [ 2.3211145  -2.050852  ]
 [ 0.5434035  -0.1985725 ]
 [-0.16583838  0.28914255]
 [ 1.8559659  -1.7600459 ]
 [ 1.5005114  -1.2594966 ]
 [ 1.7632632  -1.7498835 ]
 [ 1.8441799  -1.6225765 ]
 [ 1.8594022  -1.8380502 ]
 [ 2.3211145  -2.050852  ]
 [ 0.07825466  0.0922337 ]
 [ 1.4078088  -1.2493342 ]
 [ 1.4078088  -1.2493342 ]
 [ 1.4078088  -1.2493342 ]
 [ 1.8594022  -1.8380502 ]
 [ 1.1602793  -0.9744211 ]
 [ 1.4078088  -1.2493342 ]
 [-0.5486051   0.6344997 ]
 [ 0.17439367  0.00406705]
 [ 1.8559659  -1.7600459 ]
 [ 1.4078088  -1.2493342 ]
 [ 1.8594022  -1.8380502 ]
 [ 1.9656601  -1.5503027 ]
 [ 1.4195948  -1.3868036 ]
 [ 1.4078088  -1.2493342 ]
 [-0.16583838  0.28914255]
 [-0.26197737  0.3773092 ]
 [ 1.5005114  -1.2594966 ]
 [ 2.2249756  -1.9626853 ]
 [ 1.8559659  -1.7600459 ]
 [ 1.4078088  -1.2493342 ]
 [-0.26197737  0.3773092 ]
 [-0.2914033   0.15199967]
 [ 2.2249756  -1.9626853 ]]
2025-12-21 17:08:31,464 - [INFO] - ------------------------------------------------------------
2025-12-21 17:08:31,464 - [INFO] - On Validation Set:
	Accuracy of RRL  Model: 0.899101589495508
	F1 Score of RRL  Model: 0.7018095076784101
2025-12-21 17:08:31,470 - [INFO] - On Validation Set:
Performance of  RRL Model: 
[[1239   47]
 [  99   62]]
              precision    recall  f1-score   support

           0       0.93      0.96      0.94      1286
           1       0.57      0.39      0.46       161

    accuracy                           0.90      1447
   macro avg       0.75      0.67      0.70      1447
weighted avg       0.89      0.90      0.89      1447

2025-12-21 17:08:31,470 - [INFO] - ------------------------------------------------------------
2025-12-21 17:08:32,988 - [DEBUG] - y_true: (1447,) [0 0 0 0 0 1 0 0 0 0 0 0 0 0 0 0 0 1 0 0 0 0 0 0 1 0 0 0 0 0 0 0 0 0 0 0 0
 0 1 1 0]
2025-12-21 17:08:33,266 - [DEBUG] - y_rrl_: (1447,) [0 0 0 0 0 0 0 0 0 0 0 0 0 0 0 0 0 0 0 0 0 0 0 0 1 0 0 0 0 0 0 0 0 0 0 0 0
 0 0 0 0]
2025-12-21 17:08:33,267 - [DEBUG] - y_rrl: (1447, 2) [[ 1.6237484  -1.1984515 ]
 [ 0.48412895 -0.0937802 ]
 [ 2.4213371  -2.1506784 ]
 [ 2.4213371  -2.1506784 ]
 [ 1.2779807  -0.90757704]
 [ 0.3224277   0.04067369]
 [ 1.9764436  -1.6944095 ]
 [ 2.4213371  -2.1506784 ]
 [ 2.4213371  -2.1506784 ]
 [ 0.76732093 -0.4155953 ]
 [ 0.3224277   0.04067369]
 [ 1.9764436  -1.6944095 ]
 [ 1.6237484  -1.1984515 ]
 [ 2.2997692  -2.0370479 ]
 [ 1.9470738  -1.5410899 ]
 [ 2.2997692  -2.0370479 ]
 [ 2.4213371  -2.1506784 ]
 [ 0.3224277   0.04067369]
 [ 1.6013061  -1.2502154 ]
 [ 1.9470738  -1.5410899 ]
 [ 1.9470738  -1.5410899 ]
 [ 2.2997692  -2.0370479 ]
 [ 1.6237484  -1.1984515 ]
 [ 1.9470738  -1.5410899 ]
 [-0.6259002   0.85064536]
 [ 0.3224277   0.04067369]
 [ 1.9764436  -1.6944095 ]
 [ 1.9470738  -1.5410899 ]
 [ 2.2997692  -2.0370479 ]
 [ 2.0686417  -1.6547204 ]
 [ 1.9764436  -1.6944095 ]
 [ 1.6237484  -1.1984515 ]
 [ 0.3224277   0.04067369]
 [ 0.3224277   0.04067369]
 [ 1.6237484  -1.1984515 ]
 [ 2.4213371  -2.1506784 ]
 [ 1.9764436  -1.6944095 ]
 [ 1.9470738  -1.5410899 ]
 [ 0.3224277   0.04067369]
 [ 0.39012754 -0.2667749 ]
 [ 2.4213371  -2.1506784 ]]
2025-12-21 17:08:33,269 - [INFO] - ------------------------------------------------------------
2025-12-21 17:08:33,269 - [INFO] - On Validation Set:
	Accuracy of RRL  Model: 0.9039391845196959
	F1 Score of RRL  Model: 0.6730358138544394
2025-12-21 17:08:33,275 - [INFO] - On Validation Set:
Performance of  RRL Model: 
[[1262   24]
 [ 115   46]]
              precision    recall  f1-score   support

           0       0.92      0.98      0.95      1286
           1       0.66      0.29      0.40       161

    accuracy                           0.90      1447
   macro avg       0.79      0.63      0.67      1447
weighted avg       0.89      0.90      0.89      1447

2025-12-21 17:08:33,275 - [INFO] - ------------------------------------------------------------
2025-12-21 17:08:33,846 - [INFO] - epoch: 26, loss_rrl: 220.46386150550097
2025-12-21 17:08:34,778 - [DEBUG] - y_true: (1447,) [0 0 0 0 0 1 0 0 0 0 0 0 0 0 0 0 0 1 0 0 0 0 0 0 1 0 0 0 0 0 0 0 0 0 0 0 0
 0 1 1 0]
2025-12-21 17:08:35,056 - [DEBUG] - y_rrl_: (1447,) [0 0 0 0 0 0 0 0 0 0 0 0 0 0 0 0 0 0 0 0 0 0 0 0 1 0 0 0 0 0 0 0 0 0 0 0 0
 0 0 1 0]
2025-12-21 17:08:35,057 - [DEBUG] - y_rrl: (1447, 2) [[ 1.7896322  -1.3851345 ]
 [ 0.34879115  0.04014628]
 [ 1.7896322  -1.3851345 ]
 [ 1.7896322  -1.3851345 ]
 [ 1.7896322  -1.3851345 ]
 [ 0.5134795  -0.17073132]
 [ 1.7896322  -1.3851345 ]
 [ 2.1314533  -1.8683459 ]
 [ 2.2824175  -2.0114136 ]
 [ 0.5134795  -0.17073132]
 [ 0.18679917  0.17516299]
 [ 1.8047729  -1.5224515 ]
 [ 1.7896322  -1.3851345 ]
 [ 1.7896322  -1.3851345 ]
 [ 1.7896322  -1.3851345 ]
 [ 1.7896322  -1.3851345 ]
 [ 2.2824175  -2.0114136 ]
 [ 0.18679917  0.17516299]
 [ 1.4778112  -1.1279444 ]
 [ 1.7896322  -1.3851345 ]
 [ 1.7896322  -1.3851345 ]
 [ 1.7896322  -1.3851345 ]
 [ 1.7896322  -1.3851345 ]
 [ 1.7896322  -1.3851345 ]
 [-0.7748033   0.9997935 ]
 [ 0.5134795  -0.17073132]
 [ 1.4629519  -1.0392401 ]
 [ 1.7896322  -1.3851345 ]
 [ 1.7896322  -1.3851345 ]
 [ 1.9405966  -1.5282022 ]
 [ 1.8047729  -1.5224515 ]
 [ 1.7896322  -1.3851345 ]
 [ 0.18679917  0.17516299]
 [ 0.18679917  0.17516299]
 [ 1.7896322  -1.3851345 ]
 [ 2.1314533  -1.8683459 ]
 [ 1.7896322  -1.3851345 ]
 [ 1.7896322  -1.3851345 ]
 [ 0.5134795  -0.17073132]
 [-0.00740355  0.11306246]
 [ 2.1314533  -1.8683459 ]]
2025-12-21 17:08:35,059 - [INFO] - ------------------------------------------------------------
2025-12-21 17:08:35,059 - [INFO] - On Validation Set:
	Accuracy of RRL  Model: 0.9032480995162405
	F1 Score of RRL  Model: 0.6467777932766076
2025-12-21 17:08:35,065 - [INFO] - On Validation Set:
Performance of  RRL Model: 
[[1270   16]
 [ 124   37]]
              precision    recall  f1-score   support

           0       0.91      0.99      0.95      1286
           1       0.70      0.23      0.35       161

    accuracy                           0.90      1447
   macro avg       0.80      0.61      0.65      1447
weighted avg       0.89      0.90      0.88      1447

2025-12-21 17:08:35,065 - [INFO] - ------------------------------------------------------------
2025-12-21 17:08:36,564 - [DEBUG] - y_true: (1447,) [0 0 0 0 0 1 0 0 0 0 0 0 0 0 0 0 0 1 0 0 0 0 0 0 1 0 0 0 0 0 0 0 0 0 0 0 0
 0 1 1 0]
2025-12-21 17:08:36,842 - [DEBUG] - y_rrl_: (1447,) [0 0 0 0 0 0 0 0 0 0 0 0 0 0 0 0 0 0 0 0 0 0 0 0 1 0 0 0 0 0 0 0 0 0 0 0 0
 0 0 0 0]
2025-12-21 17:08:36,843 - [DEBUG] - y_rrl: (1447, 2) [[ 1.9208014  -1.5178239 ]
 [ 0.467718   -0.08022347]
 [ 1.9208014  -1.5178239 ]
 [ 1.9208014  -1.5178239 ]
 [ 1.9208014  -1.5178239 ]
 [ 0.657269   -0.31555745]
 [ 1.9208014  -1.5178239 ]
 [ 2.2624054  -1.9990388 ]
 [ 2.4556663  -2.1844504 ]
 [ 0.657269   -0.31555745]
 [ 0.33890706  0.0219219 ]
 [ 1.9440434  -1.6615595 ]
 [ 1.9208014  -1.5178239 ]
 [ 1.9208014  -1.5178239 ]
 [ 1.9208014  -1.5178239 ]
 [ 1.9208014  -1.5178239 ]
 [ 2.4556663  -2.1844504 ]
 [ 0.33890706  0.0219219 ]
 [ 1.9208014  -1.5178239 ]
 [ 1.5680599  -1.2194511 ]
 [ 1.9208014  -1.5178239 ]
 [ 1.9208014  -1.5178239 ]
 [ 1.5680599  -1.2194511 ]
 [ 1.5680599  -1.2194511 ]
 [-0.27753848  0.55712247]
 [ 0.657269   -0.31555745]
 [ 1.6024395  -1.1803446 ]
 [ 1.5680599  -1.2194511 ]
 [ 1.9208014  -1.5178239 ]
 [ 2.1140623  -1.7032354 ]
 [ 1.9440434  -1.6615595 ]
 [ 1.5680599  -1.2194511 ]
 [ 0.33890706  0.0219219 ]
 [ 0.33890706  0.0219219 ]
 [ 1.9208014  -1.5178239 ]
 [ 2.2624054  -1.9990388 ]
 [ 1.9208014  -1.5178239 ]
 [ 1.5680599  -1.2194511 ]
 [ 0.657269   -0.31555745]
 [ 0.9615126  -0.753137  ]
 [ 2.2624054  -1.9990388 ]]
2025-12-21 17:08:36,845 - [INFO] - ------------------------------------------------------------
2025-12-21 17:08:36,845 - [INFO] - On Validation Set:
	Accuracy of RRL  Model: 0.899101589495508
	F1 Score of RRL  Model: 0.580569717761789
2025-12-21 17:08:36,851 - [INFO] - On Validation Set:
Performance of  RRL Model: 
[[1281    5]
 [ 141   20]]
              precision    recall  f1-score   support

           0       0.90      1.00      0.95      1286
           1       0.80      0.12      0.22       161

    accuracy                           0.90      1447
   macro avg       0.85      0.56      0.58      1447
weighted avg       0.89      0.90      0.86      1447

2025-12-21 17:08:36,851 - [INFO] - ------------------------------------------------------------
2025-12-21 17:08:37,004 - [INFO] - epoch: 27, loss_rrl: 223.21327177155763
2025-12-21 17:08:38,374 - [DEBUG] - y_true: (1447,) [0 0 0 0 0 1 0 0 0 0 0 0 0 0 0 0 0 1 0 0 0 0 0 0 1 0 0 0 0 0 0 0 0 0 0 0 0
 0 1 1 0]
2025-12-21 17:08:38,654 - [DEBUG] - y_rrl_: (1447,) [0 0 0 0 0 0 0 0 0 0 0 0 0 0 0 0 0 0 0 0 0 0 0 0 1 0 0 0 0 0 0 0 0 0 0 0 0
 0 0 0 0]
2025-12-21 17:08:38,654 - [DEBUG] - y_rrl: (1447, 2) [[ 1.5865841  -1.166122  ]
 [ 0.4624191  -0.07638478]
 [ 2.2178826  -1.9542608 ]
 [ 2.2178826  -1.9542608 ]
 [ 1.9003911  -1.4989502 ]
 [ 0.2818497   0.07785344]
 [ 1.9040756  -1.6214325 ]
 [ 2.2178826  -1.9542608 ]
 [ 2.4246933  -2.1532784 ]
 [ 0.59565675 -0.25497487]
 [ 0.2818497   0.07785344]
 [ 1.9040756  -1.6214325 ]
 [ 1.5865841  -1.166122  ]
 [ 2.2178826  -1.9542608 ]
 [ 1.9003911  -1.4989502 ]
 [ 2.2178826  -1.9542608 ]
 [ 2.4246933  -2.1532784 ]
 [ 0.2818497   0.07785344]
 [ 1.5914438  -1.2441112 ]
 [ 1.5914438  -1.2441112 ]
 [ 1.5914438  -1.2441112 ]
 [ 2.2178826  -1.9542608 ]
 [ 1.2776368  -0.9112829 ]
 [ 1.5914438  -1.2441112 ]
 [-0.6207659   0.84621716]
 [ 0.2818497   0.07785344]
 [ 1.9040756  -1.6214325 ]
 [ 1.5914438  -1.2441112 ]
 [ 2.2178826  -1.9542608 ]
 [ 2.1072018  -1.6979678 ]
 [ 1.9040756  -1.6214325 ]
 [ 1.5914438  -1.2441112 ]
 [ 0.2818497   0.07785344]
 [ 0.2818497   0.07785344]
 [ 1.5865841  -1.166122  ]
 [ 2.2178826  -1.9542608 ]
 [ 1.9040756  -1.6214325 ]
 [ 1.5914438  -1.2441112 ]
 [ 0.2818497   0.07785344]
 [ 0.286343   -0.15736917]
 [ 2.2178826  -1.9542608 ]]
2025-12-21 17:08:38,656 - [INFO] - ------------------------------------------------------------
2025-12-21 17:08:38,656 - [INFO] - On Validation Set:
	Accuracy of RRL  Model: 0.9046302695231514
	F1 Score of RRL  Model: 0.6518238248012275
2025-12-21 17:08:38,662 - [INFO] - On Validation Set:
Performance of  RRL Model: 
[[1271   15]
 [ 123   38]]
              precision    recall  f1-score   support

           0       0.91      0.99      0.95      1286
           1       0.72      0.24      0.36       161

    accuracy                           0.90      1447
   macro avg       0.81      0.61      0.65      1447
weighted avg       0.89      0.90      0.88      1447

2025-12-21 17:08:38,662 - [INFO] - ------------------------------------------------------------
2025-12-21 17:08:39,871 - [INFO] - epoch: 28, loss_rrl: 221.48432324733585
2025-12-21 17:08:40,157 - [DEBUG] - y_true: (1447,) [0 0 0 0 0 1 0 0 0 0 0 0 0 0 0 0 0 1 0 0 0 0 0 0 1 0 0 0 0 0 0 0 0 0 0 0 0
 0 1 1 0]
2025-12-21 17:08:40,434 - [DEBUG] - y_rrl_: (1447,) [0 0 0 0 0 0 0 0 0 0 0 0 0 0 0 0 0 0 0 0 0 0 0 0 1 0 0 0 0 0 0 0 0 0 0 0 0
 0 0 0 0]
2025-12-21 17:08:40,434 - [DEBUG] - y_rrl: (1447, 2) [[ 1.3463379  -1.0200536 ]
 [ 0.21455142  0.07747617]
 [ 1.0965481  -0.6770731 ]
 [ 1.0965481  -0.6770731 ]
 [ 1.692335   -1.3849757 ]
 [ 0.2569127   0.10166147]
 [ 1.692335   -1.3849757 ]
 [ 2.2614334  -1.9975941 ]
 [ 2.4992986  -2.2277286 ]
 [ 0.6029098  -0.26326057]
 [ 0.6029098  -0.26326057]
 [ 2.0590436  -1.8877282 ]
 [ 1.3463379  -1.0200536 ]
 [ 1.692335   -1.3849757 ]
 [ 1.692335   -1.3849757 ]
 [ 1.692335   -1.3849757 ]
 [ 2.4992986  -2.2277286 ]
 [ 0.6029098  -0.26326057]
 [ 1.3587248  -1.1052142 ]
 [ 1.692335   -1.3849757 ]
 [ 1.692335   -1.3849757 ]
 [ 1.692335   -1.3849757 ]
 [ 1.692335   -1.3849757 ]
 [ 1.692335   -1.3849757 ]
 [-0.69585216  0.92153454]
 [ 0.2569127   0.10166147]
 [ 1.3463379  -1.0200536 ]
 [ 1.692335   -1.3849757 ]
 [ 1.692335   -1.3849757 ]
 [ 2.1325898  -1.7249761 ]
 [ 2.0590436  -1.8877282 ]
 [ 1.692335   -1.3849757 ]
 [ 0.2569127   0.10166147]
 [ 0.2569127   0.10166147]
 [ 1.3463379  -1.0200536 ]
 [ 2.2614334  -1.9975941 ]
 [ 1.3463379  -1.0200536 ]
 [ 1.692335   -1.3849757 ]
 [ 0.6029098  -0.26326057]
 [ 0.43641707 -0.34389114]
 [ 2.2614334  -1.9975941 ]]
2025-12-21 17:08:40,436 - [INFO] - ------------------------------------------------------------
2025-12-21 17:08:40,436 - [INFO] - On Validation Set:
	Accuracy of RRL  Model: 0.902557014512785
	F1 Score of RRL  Model: 0.6457772337821297
2025-12-21 17:08:40,442 - [INFO] - On Validation Set:
Performance of  RRL Model: 
[[1269   17]
 [ 124   37]]
              precision    recall  f1-score   support

           0       0.91      0.99      0.95      1286
           1       0.69      0.23      0.34       161

    accuracy                           0.90      1447
   macro avg       0.80      0.61      0.65      1447
weighted avg       0.89      0.90      0.88      1447

2025-12-21 17:08:40,442 - [INFO] - ------------------------------------------------------------
2025-12-21 17:08:41,943 - [DEBUG] - y_true: (1447,) [0 0 0 0 0 1 0 0 0 0 0 0 0 0 0 0 0 1 0 0 0 0 0 0 1 0 0 0 0 0 0 0 0 0 0 0 0
 0 1 1 0]
2025-12-21 17:08:42,229 - [DEBUG] - y_rrl_: (1447,) [0 0 0 0 0 0 0 0 0 0 0 0 0 0 0 0 0 0 0 0 0 0 0 0 1 0 0 0 0 0 0 0 0 0 0 0 0
 0 0 0 0]
2025-12-21 17:08:42,230 - [DEBUG] - y_rrl: (1447, 2) [[ 1.6103     -1.1931715 ]
 [ 0.4781154  -0.09507439]
 [ 1.9212418  -1.5229434 ]
 [ 1.9212418  -1.5229434 ]
 [ 1.5934446  -1.2487382 ]
 [ 0.27360645  0.08385265]
 [ 1.9212418  -1.5229434 ]
 [ 2.2208717  -1.9568735 ]
 [ 2.4276552  -2.1559947 ]
 [ 0.58454823 -0.2459192 ]
 [ 0.27360645  0.08385265]
 [ 1.9099299  -1.6271017 ]
 [ 1.6103     -1.1931715 ]
 [ 1.9212418  -1.5229434 ]
 [ 1.9212418  -1.5229434 ]
 [ 1.9212418  -1.5229434 ]
 [ 2.4276552  -2.1559947 ]
 [ 0.27360645  0.08385265]
 [ 1.9212418  -1.5229434 ]
 [ 1.9212418  -1.5229434 ]
 [ 1.9212418  -1.5229434 ]
 [ 1.9212418  -1.5229434 ]
 [ 1.6103     -1.1931715 ]
 [ 1.9212418  -1.5229434 ]
 [-0.65922225  0.885123  ]
 [ 0.27360645  0.08385265]
 [ 1.6103     -1.1931715 ]
 [ 1.9212418  -1.5229434 ]
 [ 1.9212418  -1.5229434 ]
 [ 2.1280253  -1.7220646 ]
 [ 1.9099299  -1.6271017 ]
 [ 1.9212418  -1.5229434 ]
 [ 0.27360645  0.08385265]
 [ 0.27360645  0.08385265]
 [ 1.6103     -1.1931715 ]
 [ 2.2208717  -1.9568735 ]
 [ 1.6103     -1.1931715 ]
 [ 1.9212418  -1.5229434 ]
 [ 0.58454823 -0.2459192 ]
 [ 0.90458167 -0.69405746]
 [ 2.2208717  -1.9568735 ]]
2025-12-21 17:08:42,232 - [INFO] - ------------------------------------------------------------
2025-12-21 17:08:42,232 - [INFO] - On Validation Set:
	Accuracy of RRL  Model: 0.9004837595024188
	F1 Score of RRL  Model: 0.6132739420935411
2025-12-21 17:08:42,238 - [INFO] - On Validation Set:
Performance of  RRL Model: 
[[1275   11]
 [ 133   28]]
              precision    recall  f1-score   support

           0       0.91      0.99      0.95      1286
           1       0.72      0.17      0.28       161

    accuracy                           0.90      1447
   macro avg       0.81      0.58      0.61      1447
weighted avg       0.88      0.90      0.87      1447

2025-12-21 17:08:42,238 - [INFO] - ------------------------------------------------------------
2025-12-21 17:08:43,048 - [INFO] - epoch: 29, loss_rrl: 221.82844282779843
2025-12-21 17:08:43,762 - [DEBUG] - y_true: (1447,) [0 0 0 0 0 1 0 0 0 0 0 0 0 0 0 0 0 1 0 0 0 0 0 0 1 0 0 0 0 0 0 0 0 0 0 0 0
 0 1 1 0]
2025-12-21 17:08:44,050 - [DEBUG] - y_rrl_: (1447,) [0 0 0 0 0 0 0 0 0 0 0 0 0 0 0 0 0 0 0 0 0 0 0 0 1 0 0 0 0 0 0 0 0 0 0 0 0
 0 0 1 0]
2025-12-21 17:08:44,051 - [DEBUG] - y_rrl: (1447, 2) [[ 1.5247395  -1.109296  ]
 [ 0.36766618  0.01385757]
 [ 2.208909   -1.9447663 ]
 [ 2.208909   -1.9447663 ]
 [ 1.8558984  -1.4591887 ]
 [ 0.22157246  0.13476673]
 [ 2.208909   -1.9447663 ]
 [ 2.208909   -1.9447663 ]
 [ 2.4656167  -2.193882  ]
 [ 0.5527315  -0.21512604]
 [ 0.22157246  0.13476673]
 [ 1.8777499  -1.5948735 ]
 [ 1.5247395  -1.109296  ]
 [ 2.208909   -1.9447663 ]
 [ 1.8558984  -1.4591887 ]
 [ 2.208909   -1.9447663 ]
 [ 2.4656167  -2.193882  ]
 [ 0.22157246  0.13476673]
 [ 1.5106993  -1.1673263 ]
 [ 1.8558984  -1.4591887 ]
 [ 1.8558984  -1.4591887 ]
 [ 2.208909   -1.9447663 ]
 [ 1.5247395  -1.109296  ]
 [ 1.8558984  -1.4591887 ]
 [-0.39581746  0.6752652 ]
 [ 0.22157246  0.13476673]
 [ 1.8777499  -1.5948735 ]
 [ 1.8558984  -1.4591887 ]
 [ 2.208909   -1.9447663 ]
 [ 2.1126058  -1.7083044 ]
 [ 1.8777499  -1.5948735 ]
 [ 1.8558984  -1.4591887 ]
 [ 0.22157246  0.13476673]
 [ 0.22157246  0.13476673]
 [ 1.5247395  -1.109296  ]
 [ 2.208909   -1.9447663 ]
 [ 1.8777499  -1.5948735 ]
 [ 1.8558984  -1.4591887 ]
 [ 0.5527315  -0.21512604]
 [ 0.01463404  0.1005393 ]
 [ 2.208909   -1.9447663 ]]
2025-12-21 17:08:44,053 - [INFO] - ------------------------------------------------------------
2025-12-21 17:08:44,053 - [INFO] - On Validation Set:
	Accuracy of RRL  Model: 0.9039391845196959
	F1 Score of RRL  Model: 0.6508016701823832
2025-12-21 17:08:44,059 - [INFO] - On Validation Set:
Performance of  RRL Model: 
[[1270   16]
 [ 123   38]]
              precision    recall  f1-score   support

           0       0.91      0.99      0.95      1286
           1       0.70      0.24      0.35       161

    accuracy                           0.90      1447
   macro avg       0.81      0.61      0.65      1447
weighted avg       0.89      0.90      0.88      1447

2025-12-21 17:08:44,059 - [INFO] - ------------------------------------------------------------
2025-12-21 17:08:45,650 - [DEBUG] - y_true: (1447,) [0 0 0 0 0 1 0 0 0 0 0 0 0 0 0 0 0 1 0 0 0 0 0 0 1 0 0 0 0 0 0 0 0 0 0 0 0
 0 1 1 0]
2025-12-21 17:08:45,940 - [DEBUG] - y_rrl_: (1447,) [0 1 0 0 0 0 0 0 0 0 0 0 0 0 0 0 0 0 0 0 0 0 0 0 1 0 0 0 0 0 0 0 0 0 0 0 0
 0 0 0 0]
2025-12-21 17:08:45,941 - [DEBUG] - y_rrl: (1447, 2) [[ 1.5174087e+00 -1.2317003e+00]
 [-1.8317401e-03  2.7242622e-01]
 [ 1.9793314e+00 -1.5842038e+00]
 [ 1.9793314e+00 -1.5842038e+00]
 [ 1.1362305e+00 -9.0360355e-01]
 [ 6.4301366e-01 -3.0643076e-01]
 [ 1.7772537e+00 -1.4725050e+00]
 [ 2.3116834e+00 -2.0474181e+00]
 [ 2.5144885e+00 -2.2427008e+00]
 [ 6.4301366e-01 -3.0643076e-01]
 [ 3.1206608e-01  4.3155134e-02]
 [ 1.7786582e+00 -1.5861335e+00]
 [ 1.5174087e+00 -1.2317003e+00]
 [ 1.7772537e+00 -1.4725050e+00]
 [ 1.5174087e+00 -1.2317003e+00]
 [ 1.7772537e+00 -1.4725050e+00]
 [ 2.5144885e+00 -2.2427008e+00]
 [ 3.1206608e-01  4.3155134e-02]
 [ 1.5174087e+00 -1.2317003e+00]
 [ 1.5174087e+00 -1.2317003e+00]
 [ 1.5174087e+00 -1.2317003e+00]
 [ 1.7772537e+00 -1.4725050e+00]
 [ 1.5174087e+00 -1.2317003e+00]
 [ 1.5174087e+00 -1.2317003e+00]
 [-6.5635419e-01  8.8266492e-01]
 [ 6.4301366e-01 -3.0643076e-01]
 [ 1.4463061e+00 -1.1229191e+00]
 [ 1.5174087e+00 -1.2317003e+00]
 [ 1.7772537e+00 -1.4725050e+00]
 [ 1.9222914e+00 -1.5386816e+00]
 [ 1.7786582e+00 -1.5861335e+00]
 [ 1.5174087e+00 -1.2317003e+00]
 [ 3.1206608e-01  4.3155134e-02]
 [ 3.1206608e-01  4.3155134e-02]
 [ 1.5174087e+00 -1.2317003e+00]
 [ 2.3116834e+00 -2.0474181e+00]
 [ 1.7772537e+00 -1.4725050e+00]
 [ 1.5174087e+00 -1.2317003e+00]
 [ 6.4301366e-01 -3.0643076e-01]
 [ 3.8430136e-01 -2.4827647e-01]
 [ 2.3116834e+00 -2.0474181e+00]]
2025-12-21 17:08:45,943 - [INFO] - ------------------------------------------------------------
2025-12-21 17:08:45,943 - [INFO] - On Validation Set:
	Accuracy of RRL  Model: 0.8970283344851416
	F1 Score of RRL  Model: 0.6522605171181894
2025-12-21 17:08:45,949 - [INFO] - On Validation Set:
Performance of  RRL Model: 
[[1256   30]
 [ 119   42]]
              precision    recall  f1-score   support

           0       0.91      0.98      0.94      1286
           1       0.58      0.26      0.36       161

    accuracy                           0.90      1447
   macro avg       0.75      0.62      0.65      1447
weighted avg       0.88      0.90      0.88      1447

2025-12-21 17:08:45,949 - [INFO] - ------------------------------------------------------------
2025-12-21 17:08:46,334 - [INFO] - epoch: 30, loss_rrl: 222.4354656552896
2025-12-21 17:08:47,479 - [DEBUG] - y_true: (1447,) [0 0 0 0 0 1 0 0 0 0 0 0 0 0 0 0 0 1 0 0 0 0 0 0 1 0 0 0 0 0 0 0 0 0 0 0 0
 0 1 1 0]
2025-12-21 17:08:47,767 - [DEBUG] - y_rrl_: (1447,) [0 1 0 0 0 0 0 0 0 0 0 0 0 0 0 0 0 0 0 0 0 0 0 0 1 0 0 0 0 0 0 0 0 0 0 0 0
 0 0 0 0]
2025-12-21 17:08:47,767 - [DEBUG] - y_rrl: (1447, 2) [[ 1.4984694  -1.1372112 ]
 [ 0.15182897  0.1683912 ]
 [ 1.9043508  -1.5108012 ]
 [ 1.9043508  -1.5108012 ]
 [ 1.8321841  -1.4894676 ]
 [ 0.29148296  0.0626255 ]
 [ 1.8321841  -1.4894676 ]
 [ 2.2194538  -1.9549979 ]
 [ 2.394483   -2.1225767 ]
 [ 0.6251977  -0.2896309 ]
 [ 0.80022657 -0.45720983]
 [ 2.1472874  -1.9336642 ]
 [ 1.4984694  -1.1372112 ]
 [ 1.6571553  -1.3218887 ]
 [ 1.8321841  -1.4894676 ]
 [ 1.8321841  -1.4894676 ]
 [ 2.394483   -2.1225767 ]
 [ 0.6251977  -0.2896309 ]
 [ 1.3005337  -1.0180962 ]
 [ 1.6571553  -1.3218887 ]
 [ 1.6571553  -1.3218887 ]
 [ 1.8321841  -1.4894676 ]
 [ 1.4984694  -1.1372112 ]
 [ 1.6571553  -1.3218887 ]
 [-0.6805489   0.90705204]
 [ 0.46651182 -0.10495344]
 [ 1.4984694  -1.1372112 ]
 [ 1.6571553  -1.3218887 ]
 [ 1.8321841  -1.4894676 ]
 [ 2.0793796  -1.6783801 ]
 [ 1.9722584  -1.7660853 ]
 [ 1.6571553  -1.3218887 ]
 [ 0.46651182 -0.10495344]
 [ 0.29148296  0.0626255 ]
 [ 1.4984694  -1.1372112 ]
 [ 2.2194538  -1.9549979 ]
 [ 1.4984694  -1.1372112 ]
 [ 1.6571553  -1.3218887 ]
 [ 0.6251977  -0.2896309 ]
 [ 1.3322974  -1.0994332 ]
 [ 2.2194538  -1.9549979 ]]
2025-12-21 17:08:47,769 - [INFO] - ------------------------------------------------------------
2025-12-21 17:08:47,769 - [INFO] - On Validation Set:
	Accuracy of RRL  Model: 0.9004837595024188
	F1 Score of RRL  Model: 0.6487295678912446
2025-12-21 17:08:47,775 - [INFO] - On Validation Set:
Performance of  RRL Model: 
[[1264   22]
 [ 122   39]]
              precision    recall  f1-score   support

           0       0.91      0.98      0.95      1286
           1       0.64      0.24      0.35       161

    accuracy                           0.90      1447
   macro avg       0.78      0.61      0.65      1447
weighted avg       0.88      0.90      0.88      1447

2025-12-21 17:08:47,775 - [INFO] - ------------------------------------------------------------
2025-12-21 17:08:49,248 - [INFO] - epoch: 31, loss_rrl: 222.37081457208842
2025-12-21 17:08:49,310 - [DEBUG] - y_true: (1447,) [0 0 0 0 0 1 0 0 0 0 0 0 0 0 0 0 0 1 0 0 0 0 0 0 1 0 0 0 0 0 0 0 0 0 0 0 0
 0 1 1 0]
2025-12-21 17:08:49,595 - [DEBUG] - y_rrl_: (1447,) [0 0 0 0 0 0 0 0 0 0 0 0 0 0 0 0 0 0 0 0 0 0 0 0 1 0 0 0 0 0 0 0 0 0 0 0 0
 0 0 0 0]
2025-12-21 17:08:49,596 - [DEBUG] - y_rrl: (1447, 2) [[ 1.7290112  -1.4259917 ]
 [ 0.17322092  0.11482093]
 [ 1.9195943  -1.5276048 ]
 [ 1.9195943  -1.5276048 ]
 [ 1.3337946  -1.083352  ]
 [ 0.6256025  -0.29104832]
 [ 1.7290112  -1.4259917 ]
 [ 2.3083966  -2.043754  ]
 [ 2.487644   -2.2156165 ]
 [ 0.6256025  -0.29104832]
 [ 0.28306007  0.06993899]
 [ 1.7752709  -1.5811535 ]
 [ 1.7290112  -1.4259917 ]
 [ 1.7290112  -1.4259917 ]
 [ 1.3337946  -1.083352  ]
 [ 1.7290112  -1.4259917 ]
 [ 2.487644   -2.2156165 ]
 [ 0.28306007  0.06993899]
 [ 1.3337946  -1.083352  ]
 [ 1.3337946  -1.083352  ]
 [ 1.3337946  -1.083352  ]
 [ 1.7290112  -1.4259917 ]
 [ 0.99125224 -0.72236466]
 [ 1.3337946  -1.083352  ]
 [-0.74328154  0.96997607]
 [ 0.6256025  -0.29104832]
 [ 1.3864688  -1.0650043 ]
 [ 1.3337946  -1.083352  ]
 [ 1.7290112  -1.4259917 ]
 [ 2.098842   -1.6994674 ]
 [ 1.7752709  -1.5811535 ]
 [ 1.3337946  -1.083352  ]
 [ 0.28306007  0.06993899]
 [ 0.28306007  0.06993899]
 [ 1.7290112  -1.4259917 ]
 [ 2.3083966  -2.043754  ]
 [ 1.7290112  -1.4259917 ]
 [ 1.3337946  -1.083352  ]
 [ 0.6256025  -0.29104832]
 [ 0.07867815  0.04202279]
 [ 2.3083966  -2.043754  ]]
2025-12-21 17:08:49,598 - [INFO] - ------------------------------------------------------------
2025-12-21 17:08:49,598 - [INFO] - On Validation Set:
	Accuracy of RRL  Model: 0.9039391845196959
	F1 Score of RRL  Model: 0.6595196137679797
2025-12-21 17:08:49,604 - [INFO] - On Validation Set:
Performance of  RRL Model: 
[[1267   19]
 [ 120   41]]
              precision    recall  f1-score   support

           0       0.91      0.99      0.95      1286
           1       0.68      0.25      0.37       161

    accuracy                           0.90      1447
   macro avg       0.80      0.62      0.66      1447
weighted avg       0.89      0.90      0.88      1447

2025-12-21 17:08:49,604 - [INFO] - ------------------------------------------------------------
2025-12-21 17:08:51,133 - [DEBUG] - y_true: (1447,) [0 0 0 0 0 1 0 0 0 0 0 0 0 0 0 0 0 1 0 0 0 0 0 0 1 0 0 0 0 0 0 0 0 0 0 0 0
 0 1 1 0]
2025-12-21 17:08:51,421 - [DEBUG] - y_rrl_: (1447,) [0 0 0 0 0 0 0 0 0 0 0 0 0 0 0 0 0 0 0 0 0 0 0 0 1 0 0 0 0 0 0 0 0 0 0 0 0
 0 0 0 0]
2025-12-21 17:08:51,422 - [DEBUG] - y_rrl: (1447, 2) [[ 1.7739005  -1.3578099 ]
 [ 0.4551692  -0.07965824]
 [ 1.9338493  -1.5434264 ]
 [ 1.9338493  -1.5434264 ]
 [ 1.7477019  -1.4022878 ]
 [ 0.25922266  0.09267774]
 [ 1.7739005  -1.3578099 ]
 [ 2.3009734  -2.0361545 ]
 [ 2.4525154  -2.1803768 ]
 [ 0.5707133  -0.23716113]
 [ 0.7222551  -0.3813835 ]
 [ 2.4525154  -2.1803768 ]
 [ 1.7739005  -1.3578099 ]
 [ 1.9338493  -1.5434264 ]
 [ 2.085391   -1.6876488 ]
 [ 2.085391   -1.6876488 ]
 [ 2.4525154  -2.1803768 ]
 [ 0.5707133  -0.23716113]
 [ 1.5961602  -1.2580655 ]
 [ 1.9338493  -1.5434264 ]
 [ 1.9338493  -1.5434264 ]
 [ 2.085391   -1.6876488 ]
 [ 1.7739005  -1.3578099 ]
 [ 1.9338493  -1.5434264 ]
 [-0.69470435  0.92157865]
 [ 0.41076443 -0.05154464]
 [ 1.7739005  -1.3578099 ]
 [ 1.9338493  -1.5434264 ]
 [ 2.085391   -1.6876488 ]
 [ 2.085391   -1.6876488 ]
 [ 2.3009734  -2.0361545 ]
 [ 1.9338493  -1.5434264 ]
 [ 0.41076443 -0.05154464]
 [ 0.25922266  0.09267774]
 [ 1.7739005  -1.3578099 ]
 [ 2.3009734  -2.0361545 ]
 [ 1.7739005  -1.3578099 ]
 [ 1.9338493  -1.5434264 ]
 [ 0.5707133  -0.23716113]
 [ 1.4337547  -1.2308035 ]
 [ 2.3009734  -2.0361545 ]]
2025-12-21 17:08:51,424 - [INFO] - ------------------------------------------------------------
2025-12-21 17:08:51,424 - [INFO] - On Validation Set:
	Accuracy of RRL  Model: 0.9011748445058743
	F1 Score of RRL  Model: 0.6105448994841044
2025-12-21 17:08:51,430 - [INFO] - On Validation Set:
Performance of  RRL Model: 
[[1277    9]
 [ 134   27]]
              precision    recall  f1-score   support

           0       0.91      0.99      0.95      1286
           1       0.75      0.17      0.27       161

    accuracy                           0.90      1447
   macro avg       0.83      0.58      0.61      1447
weighted avg       0.89      0.90      0.87      1447

2025-12-21 17:08:51,430 - [INFO] - ------------------------------------------------------------
2025-12-21 17:08:52,475 - [INFO] - epoch: 32, loss_rrl: 221.05575020052493
2025-12-21 17:08:52,963 - [DEBUG] - y_true: (1447,) [0 0 0 0 0 1 0 0 0 0 0 0 0 0 0 0 0 1 0 0 0 0 0 0 1 0 0 0 0 0 0 0 0 0 0 0 0
 0 1 1 0]
2025-12-21 17:08:53,250 - [DEBUG] - y_rrl_: (1447,) [0 0 0 0 0 0 0 0 0 0 0 0 0 0 0 0 0 0 0 0 0 0 0 0 1 0 0 0 0 0 0 0 0 0 0 0 0
 0 0 0 0]
2025-12-21 17:08:53,251 - [DEBUG] - y_rrl: (1447, 2) [[ 1.9655164  -1.5766815 ]
 [ 0.4224785  -0.04849109]
 [ 1.5511962  -1.2672384 ]
 [ 2.3683028  -2.103327  ]
 [ 1.1484097  -0.7405931 ]
 [ 0.6174449  -0.2849015 ]
 [ 2.3683028  -2.103327  ]
 [ 2.3683028  -2.103327  ]
 [ 2.5539737  -2.2817402 ]
 [ 0.6174449  -0.2849015 ]
 [ 0.2613805   0.08941308]
 [ 1.1951319  -0.89292383]
 [ 1.1484097  -0.7405931 ]
 [ 1.5511962  -1.2672384 ]
 [ 1.9655164  -1.5766815 ]
 [ 2.3683028  -2.103327  ]
 [ 2.5539737  -2.2817402 ]
 [ 0.2613805   0.08941308]
 [ 1.5956496  -1.2588941 ]
 [ 1.9655164  -1.5766815 ]
 [ 1.9655164  -1.5766815 ]
 [ 1.5511962  -1.2672384 ]
 [ 0.79234535 -0.36627856]
 [ 1.9655164  -1.5766815 ]
 [-0.73993     0.96697164]
 [ 0.6174449  -0.2849015 ]
 [ 2.0122385  -1.7290124 ]
 [ 1.9655164  -1.5766815 ]
 [ 1.5511962  -1.2672384 ]
 [ 2.1511872  -1.7550946 ]
 [ 2.0122385  -1.7290124 ]
 [ 1.1484097  -0.7405931 ]
 [ 0.2613805   0.08941308]
 [ 0.2613805   0.08941308]
 [ 1.1484097  -0.7405931 ]
 [ 2.3683028  -2.103327  ]
 [ 1.5511962  -1.2672384 ]
 [ 1.9655164  -1.5766815 ]
 [ 0.2613805   0.08941308]
 [ 0.07743032  0.04693177]
 [ 2.3683028  -2.103327  ]]
2025-12-21 17:08:53,253 - [INFO] - ------------------------------------------------------------
2025-12-21 17:08:53,253 - [INFO] - On Validation Set:
	Accuracy of RRL  Model: 0.9032480995162405
	F1 Score of RRL  Model: 0.6467777932766076
2025-12-21 17:08:53,259 - [INFO] - On Validation Set:
Performance of  RRL Model: 
[[1270   16]
 [ 124   37]]
              precision    recall  f1-score   support

           0       0.91      0.99      0.95      1286
           1       0.70      0.23      0.35       161

    accuracy                           0.90      1447
   macro avg       0.80      0.61      0.65      1447
weighted avg       0.89      0.90      0.88      1447

2025-12-21 17:08:53,259 - [INFO] - ------------------------------------------------------------
2025-12-21 17:08:54,950 - [DEBUG] - y_true: (1447,) [0 0 0 0 0 1 0 0 0 0 0 0 0 0 0 0 0 1 0 0 0 0 0 0 1 0 0 0 0 0 0 0 0 0 0 0 0
 0 1 1 0]
2025-12-21 17:08:55,234 - [DEBUG] - y_rrl_: (1447,) [0 0 0 0 0 0 0 0 0 0 0 0 0 0 0 0 0 0 0 0 0 0 0 0 1 0 0 0 0 0 0 0 0 0 0 0 0
 0 0 0 0]
2025-12-21 17:08:55,235 - [DEBUG] - y_rrl: (1447, 2) [[ 1.6490606  -1.2437012 ]
 [ 0.46847457 -0.09604873]
 [ 1.166021   -0.75991803]
 [ 1.166021   -0.75991803]
 [ 1.979468   -1.5922613 ]
 [ 0.27639914  0.07329099]
 [ 1.6490606  -1.2437012 ]
 [ 1.5641686  -1.2801831 ]
 [ 2.5285387  -2.2562525 ]
 [ 0.6068065  -0.27526915]
 [ 0.27639914  0.07329099]
 [ 2.047208   -1.7639662 ]
 [ 1.6490606  -1.2437012 ]
 [ 1.979468   -1.5922613 ]
 [ 1.979468   -1.5922613 ]
 [ 1.979468   -1.5922613 ]
 [ 2.5285387  -2.2562525 ]
 [ 0.27639914  0.07329099]
 [ 1.612329   -1.2769521 ]
 [ 1.166021   -0.75991803]
 [ 1.979468   -1.5922613 ]
 [ 1.979468   -1.5922613 ]
 [ 1.6490606  -1.2437012 ]
 [ 1.979468   -1.5922613 ]
 [-0.6916586   0.9188457 ]
 [ 0.27639914  0.07329099]
 [ 1.6490606  -1.2437012 ]
 [ 1.166021   -0.75991803]
 [ 1.979468   -1.5922613 ]
 [ 2.1303914  -1.7359874 ]
 [ 2.047208   -1.7639662 ]
 [ 1.979468   -1.5922613 ]
 [ 0.27639914  0.07329099]
 [ 0.27639914  0.07329099]
 [ 1.6490606  -1.2437012 ]
 [ 1.5641686  -1.2801831 ]
 [ 1.6490606  -1.2437012 ]
 [ 1.166021   -0.75991803]
 [ 0.27639914  0.07329099]
 [ 0.13624914 -0.01008643]
 [ 1.5641686  -1.2801831 ]]
2025-12-21 17:08:55,237 - [INFO] - ------------------------------------------------------------
2025-12-21 17:08:55,237 - [INFO] - On Validation Set:
	Accuracy of RRL  Model: 0.9039391845196959
	F1 Score of RRL  Model: 0.662320590027752
2025-12-21 17:08:55,243 - [INFO] - On Validation Set:
Performance of  RRL Model: 
[[1266   20]
 [ 119   42]]
              precision    recall  f1-score   support

           0       0.91      0.98      0.95      1286
           1       0.68      0.26      0.38       161

    accuracy                           0.90      1447
   macro avg       0.80      0.62      0.66      1447
weighted avg       0.89      0.90      0.88      1447

2025-12-21 17:08:55,243 - [INFO] - ------------------------------------------------------------
2025-12-21 17:08:55,854 - [INFO] - epoch: 33, loss_rrl: 221.81418194435537
2025-12-21 17:08:56,753 - [DEBUG] - y_true: (1447,) [0 0 0 0 0 1 0 0 0 0 0 0 0 0 0 0 0 1 0 0 0 0 0 0 1 0 0 0 0 0 0 0 0 0 0 0 0
 0 1 1 0]
2025-12-21 17:08:57,033 - [DEBUG] - y_rrl_: (1447,) [0 0 0 0 0 0 0 0 0 0 0 0 0 0 0 0 0 0 0 0 0 0 0 0 1 0 0 0 0 0 0 0 0 0 0 0 0
 0 0 0 0]
2025-12-21 17:08:57,034 - [DEBUG] - y_rrl: (1447, 2) [[ 2.030274   -1.6375499 ]
 [ 0.3429476   0.02792497]
 [ 1.8789359  -1.4933473 ]
 [ 1.8789359  -1.4933473 ]
 [ 2.030274   -1.6375499 ]
 [ 0.5383533  -0.2078241 ]
 [ 2.030274   -1.6375499 ]
 [ 2.2602558  -1.9950337 ]
 [ 2.411594   -2.1392362 ]
 [ 0.5383533  -0.2078241 ]
 [ 0.33197296  0.02374656]
 [ 2.0538754  -1.763463  ]
 [ 2.030274   -1.6375499 ]
 [ 1.8789359  -1.4933473 ]
 [ 2.030274   -1.6375499 ]
 [ 2.030274   -1.6375499 ]
 [ 2.411594   -2.1392362 ]
 [ 0.18063506  0.16794915]
 [ 1.507192   -1.1731846 ]
 [ 1.8789359  -1.4933473 ]
 [ 1.8789359  -1.4933473 ]
 [ 2.030274   -1.6375499 ]
 [ 2.030274   -1.6375499 ]
 [ 1.8789359  -1.4933473 ]
 [-0.8399923   1.0673149 ]
 [ 0.6896912  -0.3520267 ]
 [ 1.6725556  -1.2617767 ]
 [ 1.8789359  -1.4933473 ]
 [ 2.030274   -1.6375499 ]
 [ 2.030274   -1.6375499 ]
 [ 1.9025376  -1.6192605 ]
 [ 1.8789359  -1.4933473 ]
 [ 0.33197296  0.02374656]
 [ 0.18063506  0.16794915]
 [ 2.030274   -1.6375499 ]
 [ 2.2602558  -1.9950337 ]
 [ 2.030274   -1.6375499 ]
 [ 1.8789359  -1.4933473 ]
 [ 0.5383533  -0.2078241 ]
 [ 0.7599147  -0.5551355 ]
 [ 2.2602558  -1.9950337 ]]
2025-12-21 17:08:57,036 - [INFO] - ------------------------------------------------------------
2025-12-21 17:08:57,036 - [INFO] - On Validation Set:
	Accuracy of RRL  Model: 0.9011748445058743
	F1 Score of RRL  Model: 0.637650095525284
2025-12-21 17:08:57,042 - [INFO] - On Validation Set:
Performance of  RRL Model: 
[[1269   17]
 [ 126   35]]
              precision    recall  f1-score   support

           0       0.91      0.99      0.95      1286
           1       0.67      0.22      0.33       161

    accuracy                           0.90      1447
   macro avg       0.79      0.60      0.64      1447
weighted avg       0.88      0.90      0.88      1447

2025-12-21 17:08:57,042 - [INFO] - ------------------------------------------------------------
2025-12-21 17:08:58,603 - [DEBUG] - y_true: (1447,) [0 0 0 0 0 1 0 0 0 0 0 0 0 0 0 0 0 1 0 0 0 0 0 0 1 0 0 0 0 0 0 0 0 0 0 0 0
 0 1 1 0]
2025-12-21 17:08:58,884 - [DEBUG] - y_rrl_: (1447,) [0 1 0 0 0 0 0 0 0 0 0 0 0 0 0 0 0 0 0 0 0 0 0 0 1 0 0 0 0 0 0 0 0 0 0 0 0
 0 0 0 0]
2025-12-21 17:08:58,884 - [DEBUG] - y_rrl: (1447, 2) [[ 1.8306978  -1.2601986 ]
 [ 0.27401948  0.28183028]
 [ 2.4510195  -2.1856725 ]
 [ 2.4510195  -2.1856725 ]
 [ 1.8306978  -1.2601986 ]
 [ 0.73852926 -0.1676681 ]
 [ 2.2514112  -1.7995548 ]
 [ 2.4510195  -2.1856725 ]
 [ 2.5429032  -2.270476  ]
 [ 0.67777014 -0.3482433 ]
 [ 0.38602585  0.202793  ]
 [ 1.8989075  -1.4290938 ]
 [ 1.8306978  -1.2601986 ]
 [ 2.2514112  -1.7995548 ]
 [ 1.8306978  -1.2601986 ]
 [ 2.2514112  -1.7995548 ]
 [ 2.5429032  -2.270476  ]
 [ 0.38602585  0.202793  ]
 [ 1.8306978  -1.2601986 ]
 [ 1.8306978  -1.2601986 ]
 [ 1.8306978  -1.2601986 ]
 [ 2.2514112  -1.7995548 ]
 [ 1.4781944  -0.88973755]
 [ 1.8306978  -1.2601986 ]
 [-0.65562236  1.1244199 ]
 [ 0.73852926 -0.1676681 ]
 [ 1.8989075  -1.4290938 ]
 [ 1.8306978  -1.2601986 ]
 [ 2.2514112  -1.7995548 ]
 [ 2.12219    -1.7311201 ]
 [ 1.8989075  -1.4290938 ]
 [ 1.8306978  -1.2601986 ]
 [ 0.38602585  0.202793  ]
 [ 0.38602585  0.202793  ]
 [ 1.8306978  -1.2601986 ]
 [ 2.4510195  -2.1856725 ]
 [ 2.2514112  -1.7995548 ]
 [ 1.8306978  -1.2601986 ]
 [ 0.38602585  0.202793  ]
 [ 0.47947246 -0.05962408]
 [ 2.4510195  -2.1856725 ]]
2025-12-21 17:08:58,886 - [INFO] - ------------------------------------------------------------
2025-12-21 17:08:58,886 - [INFO] - On Validation Set:
	Accuracy of RRL  Model: 0.9004837595024188
	F1 Score of RRL  Model: 0.6652400231347599
2025-12-21 17:08:58,892 - [INFO] - On Validation Set:
Performance of  RRL Model: 
[[1258   28]
 [ 116   45]]
              precision    recall  f1-score   support

           0       0.92      0.98      0.95      1286
           1       0.62      0.28      0.38       161

    accuracy                           0.90      1447
   macro avg       0.77      0.63      0.67      1447
weighted avg       0.88      0.90      0.88      1447

2025-12-21 17:08:58,892 - [INFO] - ------------------------------------------------------------
2025-12-21 17:08:59,083 - [INFO] - epoch: 34, loss_rrl: 224.4579807491973
2025-12-21 17:09:00,396 - [DEBUG] - y_true: (1447,) [0 0 0 0 0 1 0 0 0 0 0 0 0 0 0 0 0 1 0 0 0 0 0 0 1 0 0 0 0 0 0 0 0 0 0 0 0
 0 1 1 0]
2025-12-21 17:09:00,676 - [DEBUG] - y_rrl_: (1447,) [0 0 0 0 0 0 0 0 0 0 1 0 0 0 0 0 0 1 0 0 0 0 0 0 1 0 0 0 0 0 0 0 1 1 0 0 0
 0 1 1 0]
2025-12-21 17:09:00,676 - [DEBUG] - y_rrl: (1447, 2) [[ 1.8206557  -1.4133723 ]
 [ 0.5064056  -0.13859414]
 [ 2.3514786  -2.0859916 ]
 [ 2.3514786  -2.0859916 ]
 [ 2.1445062  -1.7550837 ]
 [ 0.30995077  0.03643303]
 [ 2.1728146  -1.8824397 ]
 [ 2.3514786  -2.0859916 ]
 [ 2.4966652  -2.2241514 ]
 [ 0.63380134 -0.30527842]
 [ 0.07869008  0.22363712]
 [ 1.7963674  -1.557076  ]
 [ 1.8206557  -1.4133723 ]
 [ 2.3514786  -2.0859916 ]
 [ 2.1445062  -1.7550837 ]
 [ 2.120218   -1.8987874 ]
 [ 2.4966652  -2.2241514 ]
 [-0.06649643  0.3617968 ]
 [ 1.6228726  -1.2915602 ]
 [ 1.9993198  -1.6169239 ]
 [ 1.9993198  -1.6169239 ]
 [ 2.4966652  -2.2241514 ]
 [ 1.8206557  -1.4133723 ]
 [ 1.9993198  -1.6169239 ]
 [-0.6938137   0.92140156]
 [ 0.45513728 -0.10172667]
 [ 2.1728146  -1.8824397 ]
 [ 1.9993198  -1.6169239 ]
 [ 2.120218   -1.8987874 ]
 [ 2.1445062  -1.7550837 ]
 [ 1.6511809  -1.4189163 ]
 [ 1.9993198  -1.6169239 ]
 [ 0.07869008  0.22363712]
 [-0.06649643  0.3617968 ]
 [ 1.8206557  -1.4133723 ]
 [ 2.3514786  -2.0859916 ]
 [ 2.1728146  -1.8824397 ]
 [ 1.9993198  -1.6169239 ]
 [-0.06649643  0.3617968 ]
 [-0.15332073  0.24078877]
 [ 2.3514786  -2.0859916 ]]
2025-12-21 17:09:00,678 - [INFO] - ------------------------------------------------------------
2025-12-21 17:09:00,679 - [INFO] - On Validation Set:
	Accuracy of RRL  Model: 0.9004837595024188
	F1 Score of RRL  Model: 0.6978352165943525
2025-12-21 17:09:00,684 - [INFO] - On Validation Set:
Performance of  RRL Model: 
[[1244   42]
 [ 102   59]]
              precision    recall  f1-score   support

           0       0.92      0.97      0.95      1286
           1       0.58      0.37      0.45       161

    accuracy                           0.90      1447
   macro avg       0.75      0.67      0.70      1447
weighted avg       0.89      0.90      0.89      1447

2025-12-21 17:09:00,685 - [INFO] - ------------------------------------------------------------
2025-12-21 17:09:01,946 - [INFO] - epoch: 35, loss_rrl: 222.09094609785825
2025-12-21 17:09:02,198 - [DEBUG] - y_true: (1447,) [0 0 0 0 0 1 0 0 0 0 0 0 0 0 0 0 0 1 0 0 0 0 0 0 1 0 0 0 0 0 0 0 0 0 0 0 0
 0 1 1 0]
2025-12-21 17:09:02,479 - [DEBUG] - y_rrl_: (1447,) [0 0 0 0 0 0 0 0 0 0 0 0 0 0 0 0 0 0 0 0 0 0 0 0 1 0 0 0 0 0 0 0 0 0 0 0 0
 0 0 0 0]
2025-12-21 17:09:02,480 - [DEBUG] - y_rrl: (1447, 2) [[ 1.4952719  -1.1734697 ]
 [ 0.19326282  0.08928023]
 [ 1.9663112  -1.585531  ]
 [ 1.9663112  -1.585531  ]
 [ 1.4500208  -1.196816  ]
 [ 0.26345623  0.08181296]
 [ 1.855957   -1.5519183 ]
 [ 2.3697782  -2.10426   ]
 [ 2.4761958  -2.2037003 ]
 [ 0.62414116 -0.2966357 ]
 [ 0.36987394 -0.01762713]
 [ 1.8987391  -1.6921986 ]
 [ 1.4952719  -1.1734697 ]
 [ 1.7495391  -1.4524782 ]
 [ 1.855957   -1.5519183 ]
 [ 1.855957   -1.5519183 ]
 [ 2.4761958  -2.2037003 ]
 [ 0.26345623  0.08181296]
 [ 1.3436031  -1.0973759 ]
 [ 1.7495391  -1.4524782 ]
 [ 1.7495391  -1.4524782 ]
 [ 1.855957   -1.5519183 ]
 [ 1.855957   -1.5519183 ]
 [ 1.7495391  -1.4524782 ]
 [-0.7969075   1.0246    ]
 [ 0.36987394 -0.01762713]
 [ 1.4952719  -1.1734697 ]
 [ 1.7495391  -1.4524782 ]
 [ 1.855957   -1.5519183 ]
 [ 2.0727289  -1.6849711 ]
 [ 1.7923214  -1.5927585 ]
 [ 1.7495391  -1.4524782 ]
 [ 0.36987394 -0.01762713]
 [ 0.26345623  0.08181296]
 [ 1.4952719  -1.1734697 ]
 [ 2.3697782  -2.10426   ]
 [ 1.4952719  -1.1734697 ]
 [ 1.7495391  -1.4524782 ]
 [ 0.62414116 -0.2966357 ]
 [ 0.13527715  0.00490151]
 [ 2.3697782  -2.10426   ]]
2025-12-21 17:09:02,482 - [INFO] - ------------------------------------------------------------
2025-12-21 17:09:02,482 - [INFO] - On Validation Set:
	Accuracy of RRL  Model: 0.9053213545266068
	F1 Score of RRL  Model: 0.6698905124682569
2025-12-21 17:09:02,488 - [INFO] - On Validation Set:
Performance of  RRL Model: 
[[1266   20]
 [ 117   44]]
              precision    recall  f1-score   support

           0       0.92      0.98      0.95      1286
           1       0.69      0.27      0.39       161

    accuracy                           0.91      1447
   macro avg       0.80      0.63      0.67      1447
weighted avg       0.89      0.91      0.89      1447

2025-12-21 17:09:02,488 - [INFO] - ------------------------------------------------------------
2025-12-21 17:09:03,999 - [DEBUG] - y_true: (1447,) [0 0 0 0 0 1 0 0 0 0 0 0 0 0 0 0 0 1 0 0 0 0 0 0 1 0 0 0 0 0 0 0 0 0 0 0 0
 0 1 1 0]
2025-12-21 17:09:04,279 - [DEBUG] - y_rrl_: (1447,) [0 0 0 0 0 0 0 0 0 0 0 0 0 0 0 0 0 0 0 0 0 0 0 0 1 0 0 0 0 0 0 0 0 0 0 0 0
 0 0 0 0]
2025-12-21 17:09:04,280 - [DEBUG] - y_rrl: (1447, 2) [[ 1.4165531  -1.1026908 ]
 [ 0.24772933  0.03401111]
 [ 1.1199551  -0.7223735 ]
 [ 1.1199551  -0.7223735 ]
 [ 1.3789041  -1.1332991 ]
 [ 0.22361583  0.12053411]
 [ 1.4165531  -1.1026908 ]
 [ 1.4890908  -1.2052172 ]
 [ 2.4213607  -2.1490257 ]
 [ 0.54662675 -0.2201456 ]
 [ 0.22361583  0.12053411]
 [ 1.785689   -1.5855345 ]
 [ 1.4165531  -1.1026908 ]
 [ 1.7395641  -1.4433705 ]
 [ 1.7395641  -1.4433705 ]
 [ 1.7395641  -1.4433705 ]
 [ 2.4213607  -2.1490257 ]
 [ 0.22361583  0.12053411]
 [ 1.7395641  -1.4433705 ]
 [ 0.9314003  -0.61674   ]
 [ 1.7395641  -1.4433705 ]
 [ 1.7395641  -1.4433705 ]
 [ 1.4165531  -1.1026908 ]
 [ 1.7395641  -1.4433705 ]
 [-0.7460333   0.97381043]
 [ 0.22361583  0.12053411]
 [ 1.4165531  -1.1026908 ]
 [ 0.9314003  -0.61674   ]
 [ 1.7395641  -1.4433705 ]
 [ 2.052225   -1.6661817 ]
 [ 1.785689   -1.5855345 ]
 [ 1.7395641  -1.4433705 ]
 [ 0.22361583  0.12053411]
 [ 0.22361583  0.12053411]
 [ 1.4165531  -1.1026908 ]
 [ 1.4890908  -1.2052172 ]
 [ 1.4165531  -1.1026908 ]
 [ 0.9314003  -0.61674   ]
 [ 0.22361583  0.12053411]
 [ 0.6582353  -0.4576884 ]
 [ 1.4890908  -1.2052172 ]]
2025-12-21 17:09:04,282 - [INFO] - ------------------------------------------------------------
2025-12-21 17:09:04,282 - [INFO] - On Validation Set:
	Accuracy of RRL  Model: 0.8997926744989634
	F1 Score of RRL  Model: 0.6193797676169398
2025-12-21 17:09:04,288 - [INFO] - On Validation Set:
Performance of  RRL Model: 
[[1272   14]
 [ 131   30]]
              precision    recall  f1-score   support

           0       0.91      0.99      0.95      1286
           1       0.68      0.19      0.29       161

    accuracy                           0.90      1447
   macro avg       0.79      0.59      0.62      1447
weighted avg       0.88      0.90      0.87      1447

2025-12-21 17:09:04,288 - [INFO] - ------------------------------------------------------------
2025-12-21 17:09:05,131 - [INFO] - epoch: 36, loss_rrl: 222.45705789607018
2025-12-21 17:09:05,810 - [DEBUG] - y_true: (1447,) [0 0 0 0 0 1 0 0 0 0 0 0 0 0 0 0 0 1 0 0 0 0 0 0 1 0 0 0 0 0 0 0 0 0 0 0 0
 0 1 1 0]
2025-12-21 17:09:06,091 - [DEBUG] - y_rrl_: (1447,) [0 0 0 0 0 0 0 0 0 0 0 0 0 0 0 0 0 0 0 0 0 0 0 0 1 0 0 0 0 0 0 0 0 0 0 0 0
 0 0 0 0]
2025-12-21 17:09:06,091 - [DEBUG] - y_rrl: (1447, 2) [[ 1.4320118  -1.1921872 ]
 [ 0.17069808  0.03028597]
 [ 2.41606    -2.1508148 ]
 [ 2.41606    -2.1508148 ]
 [ 1.7659656  -1.5437135 ]
 [ 0.2105183   0.05256058]
 [ 2.1768322  -2.06675   ]
 [ 2.41606    -2.1508148 ]
 [ 2.5033522  -2.231227  ]
 [ 0.6373528  -0.311911  ]
 [ 0.6317642  -0.37937772]
 [ 2.1768322  -2.06675   ]
 [ 1.4320118  -1.1921872 ]
 [ 2.08954    -1.9863379 ]
 [ 1.7659656  -1.5437135 ]
 [ 2.1768322  -2.06675   ]
 [ 2.5033522  -2.231227  ]
 [ 0.54447204 -0.29896557]
 [ 1.3042659  -1.1392354 ]
 [ 1.6786734  -1.4633012 ]
 [ 1.6786734  -1.4633012 ]
 [ 2.1768322  -2.06675   ]
 [ 1.4320118  -1.1921872 ]
 [ 1.6786734  -1.4633012 ]
 [-0.39280477  0.59105504]
 [ 0.29781047 -0.02785157]
 [ 1.8428783  -1.7152239 ]
 [ 1.6786734  -1.4633012 ]
 [ 2.1768322  -2.06675   ]
 [ 2.092486   -1.7081904 ]
 [ 2.08954    -1.9863379 ]
 [ 1.6786734  -1.4633012 ]
 [ 0.29781047 -0.02785157]
 [ 0.2105183   0.05256058]
 [ 1.4320118  -1.1921872 ]
 [ 2.41606    -2.1508148 ]
 [ 1.8428783  -1.7152239 ]
 [ 1.6786734  -1.4633012 ]
 [ 0.54447204 -0.29896557]
 [ 0.46687242 -0.42121363]
 [ 2.41606    -2.1508148 ]]
2025-12-21 17:09:06,094 - [INFO] - ------------------------------------------------------------
2025-12-21 17:09:06,094 - [INFO] - On Validation Set:
	Accuracy of RRL  Model: 0.9018659295093296
	F1 Score of RRL  Model: 0.64777978908682
2025-12-21 17:09:06,100 - [INFO] - On Validation Set:
Performance of  RRL Model: 
[[1267   19]
 [ 123   38]]
              precision    recall  f1-score   support

           0       0.91      0.99      0.95      1286
           1       0.67      0.24      0.35       161

    accuracy                           0.90      1447
   macro avg       0.79      0.61      0.65      1447
weighted avg       0.88      0.90      0.88      1447

2025-12-21 17:09:06,100 - [INFO] - ------------------------------------------------------------
2025-12-21 17:09:07,607 - [DEBUG] - y_true: (1447,) [0 0 0 0 0 1 0 0 0 0 0 0 0 0 0 0 0 1 0 0 0 0 0 0 1 0 0 0 0 0 0 0 0 0 0 0 0
 0 1 1 0]
2025-12-21 17:09:07,889 - [DEBUG] - y_rrl_: (1447,) [0 1 0 0 0 0 0 0 0 0 0 0 0 0 0 0 0 0 0 0 0 0 0 0 1 0 0 0 0 0 0 0 0 0 0 0 0
 0 0 0 0]
2025-12-21 17:09:07,889 - [DEBUG] - y_rrl: (1447, 2) [[ 1.6179582  -1.3565761 ]
 [ 0.10468027  0.14238316]
 [ 1.143707   -0.7497653 ]
 [ 1.143707   -0.7497653 ]
 [ 1.2446641  -1.0333741 ]
 [ 0.50921035 -0.24740973]
 [ 1.6179582  -1.3565761 ]
 [ 2.3323936  -2.0674844 ]
 [ 2.4472044  -2.1754613 ]
 [ 0.57371217 -0.249342  ]
 [ 0.188921    0.09035811]
 [ 1.6666608  -1.4985381 ]
 [ 1.6179582  -1.3565761 ]
 [ 1.6179582  -1.3565761 ]
 [ 1.6179582  -1.3565761 ]
 [ 1.6179582  -1.3565761 ]
 [ 2.4472044  -2.1754613 ]
 [ 0.188921    0.09035811]
 [ 1.6179582  -1.3565761 ]
 [ 1.6179582  -1.3565761 ]
 [ 1.6179582  -1.3565761 ]
 [ 1.6179582  -1.3565761 ]
 [ 1.6179582  -1.3565761 ]
 [ 1.6179582  -1.3565761 ]
 [-0.77911365  0.94441843]
 [ 0.50921035 -0.24740973]
 [ 1.2976688  -1.0188082 ]
 [ 1.6179582  -1.3565761 ]
 [ 1.6179582  -1.3565761 ]
 [ 2.0782123  -1.6957316 ]
 [ 1.6666608  -1.4985381 ]
 [ 1.6179582  -1.3565761 ]
 [ 0.188921    0.09035811]
 [ 0.188921    0.09035811]
 [ 1.6179582  -1.3565761 ]
 [ 2.3323936  -2.0674844 ]
 [ 1.6179582  -1.3565761 ]
 [ 1.6179582  -1.3565761 ]
 [ 0.50921035 -0.24740973]
 [ 0.25222585 -0.1296905 ]
 [ 2.3323936  -2.0674844 ]]
2025-12-21 17:09:07,892 - [INFO] - ------------------------------------------------------------
2025-12-21 17:09:07,892 - [INFO] - On Validation Set:
	Accuracy of RRL  Model: 0.89426399447132
	F1 Score of RRL  Model: 0.6613827585732225
2025-12-21 17:09:07,897 - [INFO] - On Validation Set:
Performance of  RRL Model: 
[[1247   39]
 [ 114   47]]
              precision    recall  f1-score   support

           0       0.92      0.97      0.94      1286
           1       0.55      0.29      0.38       161

    accuracy                           0.89      1447
   macro avg       0.73      0.63      0.66      1447
weighted avg       0.88      0.89      0.88      1447

2025-12-21 17:09:07,898 - [INFO] - ------------------------------------------------------------
2025-12-21 17:09:08,337 - [INFO] - epoch: 37, loss_rrl: 224.00396591424942
2025-12-21 17:09:09,451 - [DEBUG] - y_true: (1447,) [0 0 0 0 0 1 0 0 0 0 0 0 0 0 0 0 0 1 0 0 0 0 0 0 1 0 0 0 0 0 0 0 0 0 0 0 0
 0 1 1 0]
2025-12-21 17:09:09,733 - [DEBUG] - y_rrl_: (1447,) [0 0 0 0 0 0 0 0 0 0 0 0 0 0 0 0 0 0 0 0 0 0 0 0 1 0 0 0 0 0 0 0 0 0 0 0 0
 0 0 0 0]
2025-12-21 17:09:09,734 - [DEBUG] - y_rrl: (1447, 2) [[ 1.9580834  -1.6578733 ]
 [ 0.37030572 -0.09113026]
 [ 2.4337273  -2.1693106 ]
 [ 2.4337273  -2.1693106 ]
 [ 1.612504   -1.3621374 ]
 [ 0.6830475  -0.35979167]
 [ 2.322081   -2.1312394 ]
 [ 2.4337273  -2.1693106 ]
 [ 2.5506713  -2.2794695 ]
 [ 0.6830475  -0.35979167]
 [ 0.7999915  -0.46995062]
 [ 2.322081   -2.1312394 ]
 [ 1.9580834  -1.6578733 ]
 [ 2.205137   -2.0210805 ]
 [ 1.9580834  -1.6578733 ]
 [ 2.322081   -2.1312394 ]
 [ 2.5506713  -2.2794695 ]
 [ 0.6830475  -0.35979167]
 [ 1.4955602  -1.2519785 ]
 [ 1.8411396  -1.5477142 ]
 [ 1.8411396  -1.5477142 ]
 [ 2.322081   -2.1312394 ]
 [ 1.9580834  -1.6578733 ]
 [ 1.8411396  -1.5477142 ]
 [-0.6097953   0.83763623]
 [ 0.7999915  -0.46995062]
 [ 1.9995811  -1.7913545 ]
 [ 1.8411396  -1.5477142 ]
 [ 2.322081   -2.1312394 ]
 [ 2.1866736  -1.8061031 ]
 [ 2.205137   -2.0210805 ]
 [ 1.8411396  -1.5477142 ]
 [ 0.4774915  -0.13006559]
 [ 0.36054748 -0.01990664]
 [ 1.9580834  -1.6578733 ]
 [ 2.4337273  -2.1693106 ]
 [ 2.322081   -2.1312394 ]
 [ 1.8411396  -1.5477142 ]
 [ 0.6830475  -0.35979167]
 [ 0.5949168  -0.46660033]
 [ 2.4337273  -2.1693106 ]]
2025-12-21 17:09:09,736 - [INFO] - ------------------------------------------------------------
2025-12-21 17:09:09,736 - [INFO] - On Validation Set:
	Accuracy of RRL  Model: 0.9039391845196959
	F1 Score of RRL  Model: 0.6566670934152691
2025-12-21 17:09:09,742 - [INFO] - On Validation Set:
Performance of  RRL Model: 
[[1268   18]
 [ 121   40]]
              precision    recall  f1-score   support

           0       0.91      0.99      0.95      1286
           1       0.69      0.25      0.37       161

    accuracy                           0.90      1447
   macro avg       0.80      0.62      0.66      1447
weighted avg       0.89      0.90      0.88      1447

2025-12-21 17:09:09,742 - [INFO] - ------------------------------------------------------------
2025-12-21 17:09:11,274 - [DEBUG] - y_true: (1447,) [0 0 0 0 0 1 0 0 0 0 0 0 0 0 0 0 0 1 0 0 0 0 0 0 1 0 0 0 0 0 0 0 0 0 0 0 0
 0 1 1 0]
2025-12-21 17:09:11,556 - [DEBUG] - y_rrl_: (1447,) [0 1 0 0 0 0 0 0 0 0 0 0 0 0 0 0 0 0 0 0 0 0 0 0 1 0 0 0 0 0 0 0 1 1 0 0 0
 0 0 1 0]
2025-12-21 17:09:11,556 - [DEBUG] - y_rrl: (1447, 2) [[ 1.7717009  -1.235923  ]
 [ 0.2506647   0.27093622]
 [ 2.055693   -1.6837888 ]
 [ 2.055693   -1.6837888 ]
 [ 1.7717009  -1.235923  ]
 [ 0.6527842  -0.11656159]
 [ 1.7717009  -1.235923  ]
 [ 2.4160068  -2.1521628 ]
 [ 2.5315702  -2.2609885 ]
 [ 0.63010335 -0.30796003]
 [ 0.2830453   0.20358485]
 [ 1.7622757  -1.3841505 ]
 [ 1.7717009  -1.235923  ]
 [ 1.7717009  -1.235923  ]
 [ 1.7717009  -1.235923  ]
 [ 1.4019618  -0.9157766 ]
 [ 2.5315702  -2.2609885 ]
 [ 0.2830453   0.20358485]
 [ 1.4019618  -0.9157766 ]
 [ 1.7717009  -1.235923  ]
 [ 1.7717009  -1.235923  ]
 [ 1.7717009  -1.235923  ]
 [ 1.4515815  -0.8985112 ]
 [ 1.7717009  -1.235923  ]
 [-0.67081183  1.1126832 ]
 [ 0.6527842  -0.11656159]
 [ 1.4515815  -0.8985112 ]
 [ 1.7717009  -1.235923  ]
 [ 1.4019618  -0.9157766 ]
 [ 2.1712563  -1.7926145 ]
 [ 1.7622757  -1.3841505 ]
 [ 1.7717009  -1.235923  ]
 [-0.03707403  0.5409968 ]
 [-0.03707403  0.5409968 ]
 [ 1.7717009  -1.235923  ]
 [ 2.4160068  -2.1521628 ]
 [ 1.7717009  -1.235923  ]
 [ 1.7717009  -1.235923  ]
 [ 0.2830453   0.20358485]
 [ 0.00962126  0.30689725]
 [ 2.4160068  -2.1521628 ]]
2025-12-21 17:09:11,558 - [INFO] - ------------------------------------------------------------
2025-12-21 17:09:11,559 - [INFO] - On Validation Set:
	Accuracy of RRL  Model: 0.8963372494816862
	F1 Score of RRL  Model: 0.6915887053688147
2025-12-21 17:09:11,564 - [INFO] - On Validation Set:
Performance of  RRL Model: 
[[1238   48]
 [ 102   59]]
              precision    recall  f1-score   support

           0       0.92      0.96      0.94      1286
           1       0.55      0.37      0.44       161

    accuracy                           0.90      1447
   macro avg       0.74      0.66      0.69      1447
weighted avg       0.88      0.90      0.89      1447

2025-12-21 17:09:11,565 - [INFO] - ------------------------------------------------------------
2025-12-21 17:09:11,566 - [INFO] - epoch: 38, loss_rrl: 224.57200002577156
2025-12-21 17:09:13,218 - [DEBUG] - y_true: (1447,) [0 0 0 0 0 1 0 0 0 0 0 0 0 0 0 0 0 1 0 0 0 0 0 0 1 0 0 0 0 0 0 0 0 0 0 0 0
 0 1 1 0]
2025-12-21 17:09:13,512 - [DEBUG] - y_rrl_: (1447,) [0 0 0 0 0 1 0 0 0 0 1 0 0 0 0 0 0 1 0 0 0 0 0 0 1 0 0 0 0 0 0 0 1 1 0 0 0
 0 1 0 0]
2025-12-21 17:09:13,513 - [DEBUG] - y_rrl: (1447, 2) [[ 1.618614   -1.1530012 ]
 [ 0.3109271   0.11669099]
 [ 2.0123236  -1.6422092 ]
 [ 2.0123236  -1.6422092 ]
 [ 1.6019657  -1.2028955 ]
 [ 0.24124923  0.24720097]
 [ 1.618614   -1.1530012 ]
 [ 2.339571   -2.0762472 ]
 [ 2.4935553  -2.223541  ]
 [ 0.52784634 -0.2066704 ]
 [ 0.0925554   0.35324413]
 [ 1.643183   -1.3337021 ]
 [ 1.618614   -1.1530012 ]
 [ 1.7506595  -1.3089387 ]
 [ 1.9046438  -1.4562325 ]
 [ 1.6019657  -1.2028955 ]
 [ 2.4935553  -2.223541  ]
 [-0.0614289   0.500538  ]
 [ 1.4479814  -1.0556016 ]
 [ 1.7506595  -1.3089387 ]
 [ 1.7506595  -1.3089387 ]
 [ 1.9046438  -1.4562325 ]
 [ 1.618614   -1.1530012 ]
 [ 1.7506595  -1.3089387 ]
 [-0.68028873  1.0582327 ]
 [ 0.39523354  0.0999071 ]
 [ 1.3159357  -0.89966416]
 [ 1.7506595  -1.3089387 ]
 [ 1.6019657  -1.2028955 ]
 [ 2.166308   -1.7895032 ]
 [ 1.4891987  -1.1864083 ]
 [ 1.7506595  -1.3089387 ]
 [ 0.0925554   0.35324413]
 [-0.0614289   0.500538  ]
 [ 1.618614   -1.1530012 ]
 [ 2.339571   -2.0762472 ]
 [ 1.618614   -1.1530012 ]
 [ 1.7506595  -1.3089387 ]
 [-0.0614289   0.500538  ]
 [ 0.17329884  0.093054  ]
 [ 2.339571   -2.0762472 ]]
2025-12-21 17:09:13,515 - [INFO] - ------------------------------------------------------------
2025-12-21 17:09:13,515 - [INFO] - On Validation Set:
	Accuracy of RRL  Model: 0.9046302695231514
	F1 Score of RRL  Model: 0.7181487127371273
2025-12-21 17:09:13,521 - [INFO] - On Validation Set:
Performance of  RRL Model: 
[[1243   43]
 [  95   66]]
              precision    recall  f1-score   support

           0       0.93      0.97      0.95      1286
           1       0.61      0.41      0.49       161

    accuracy                           0.90      1447
   macro avg       0.77      0.69      0.72      1447
weighted avg       0.89      0.90      0.90      1447

2025-12-21 17:09:13,521 - [INFO] - ------------------------------------------------------------
2025-12-21 17:09:14,628 - [INFO] - epoch: 39, loss_rrl: 223.86454581096768
2025-12-21 17:09:15,090 - [DEBUG] - y_true: (1447,) [0 0 0 0 0 1 0 0 0 0 0 0 0 0 0 0 0 1 0 0 0 0 0 0 1 0 0 0 0 0 0 0 0 0 0 0 0
 0 1 1 0]
2025-12-21 17:09:15,388 - [DEBUG] - y_rrl_: (1447,) [0 1 0 0 0 1 0 0 0 0 1 0 0 0 0 0 0 1 0 0 0 0 0 0 1 1 0 0 0 0 0 0 1 1 0 0 0
 0 0 1 0]
2025-12-21 17:09:15,388 - [DEBUG] - y_rrl: (1447, 2) [[ 1.3344171  -0.84815824]
 [ 0.15367416  0.30144376]
 [ 1.5738479  -1.2929178 ]
 [ 1.5738479  -1.2929178 ]
 [ 1.3195986  -0.8995406 ]
 [ 0.21747264  0.2692563 ]
 [ 2.0146616  -1.6510246 ]
 [ 2.415103   -2.1521232 ]
 [ 2.4900131  -2.2203882 ]
 [ 0.6192138  -0.29886222]
 [ 0.21747264  0.2692563 ]
 [ 1.6899923  -1.3092455 ]
 [ 1.3344171  -0.84815824]
 [ 2.0146616  -1.6510246 ]
 [ 1.6590863  -1.1899374 ]
 [ 2.0146616  -1.6510246 ]
 [ 2.4900131  -2.2203882 ]
 [ 0.21747264  0.2692563 ]
 [ 1.6590863  -1.1899374 ]
 [ 1.6590863  -1.1899374 ]
 [ 1.6590863  -1.1899374 ]
 [ 2.0146616  -1.6510246 ]
 [ 1.3344171  -0.84815824]
 [ 1.6590863  -1.1899374 ]
 [-0.76088786  1.138235  ]
 [ 0.21747264  0.2692563 ]
 [ 1.6899923  -1.3092455 ]
 [ 1.6590863  -1.1899374 ]
 [ 2.0146616  -1.6510246 ]
 [ 2.134438   -1.7593008 ]
 [ 1.6899923  -1.3092455 ]
 [ 1.6590863  -1.1899374 ]
 [ 0.21747264  0.2692563 ]
 [ 0.21747264  0.2692563 ]
 [ 1.3344171  -0.84815824]
 [ 2.415103   -2.1521232 ]
 [ 1.6899923  -1.3092455 ]
 [ 1.6590863  -1.1899374 ]
 [ 0.54214185 -0.0725228 ]
 [-0.06582481  0.386751  ]
 [ 2.415103   -2.1521232 ]]
2025-12-21 17:09:15,390 - [INFO] - ------------------------------------------------------------
2025-12-21 17:09:15,390 - [INFO] - On Validation Set:
	Accuracy of RRL  Model: 0.8832066344160332
	F1 Score of RRL  Model: 0.7219222087661543
2025-12-21 17:09:15,396 - [INFO] - On Validation Set:
Performance of  RRL Model: 
[[1190   96]
 [  73   88]]
              precision    recall  f1-score   support

           0       0.94      0.93      0.93      1286
           1       0.48      0.55      0.51       161

    accuracy                           0.88      1447
   macro avg       0.71      0.74      0.72      1447
weighted avg       0.89      0.88      0.89      1447

2025-12-21 17:09:15,396 - [INFO] - ------------------------------------------------------------
2025-12-21 17:09:16,964 - [DEBUG] - y_true: (1447,) [0 0 0 0 0 1 0 0 0 0 0 0 0 0 0 0 0 1 0 0 0 0 0 0 1 0 0 0 0 0 0 0 0 0 0 0 0
 0 1 1 0]
2025-12-21 17:09:17,261 - [DEBUG] - y_rrl_: (1447,) [0 0 0 0 0 1 0 0 0 0 0 0 0 0 0 0 0 0 0 0 0 0 0 0 1 0 0 0 0 0 0 0 0 1 0 0 0
 0 0 0 0]
2025-12-21 17:09:17,261 - [DEBUG] - y_rrl: (1447, 2) [[ 1.8288178  -1.2898365 ]
 [ 0.53124833 -0.02984998]
 [ 2.0946736  -1.7276195 ]
 [ 2.0946736  -1.7276195 ]
 [ 1.7928483  -1.3197337 ]
 [ 0.23945636  0.245585  ]
 [ 1.8288178  -1.2898365 ]
 [ 2.434627   -2.1718435 ]
 [ 2.5605836  -2.2911997 ]
 [ 0.63126886 -0.3115542 ]
 [ 0.6514898  -0.1768682 ]
 [ 2.454848   -2.0371575 ]
 [ 1.8288178  -1.2898365 ]
 [ 1.9889381  -1.4735774 ]
 [ 2.1148946  -1.5929335 ]
 [ 2.1148946  -1.5929335 ]
 [ 2.5605836  -2.2911997 ]
 [ 0.5255331  -0.05751204]
 [ 1.9889381  -1.4735774 ]
 [ 1.9889381  -1.4735774 ]
 [ 1.9889381  -1.4735774 ]
 [ 2.1148946  -1.5929335 ]
 [ 1.8288178  -1.2898365 ]
 [ 1.9889381  -1.4735774 ]
 [-0.7012424   1.0780059 ]
 [ 0.36541304  0.12622884]
 [ 1.8288178  -1.2898365 ]
 [ 1.9889381  -1.4735774 ]
 [ 2.1148946  -1.5929335 ]
 [ 2.2206304  -1.8469757 ]
 [ 2.3288913  -1.9178013 ]
 [ 1.9889381  -1.4735774 ]
 [ 0.36541304  0.12622884]
 [ 0.23945636  0.245585  ]
 [ 1.8288178  -1.2898365 ]
 [ 2.434627   -2.1718435 ]
 [ 1.8288178  -1.2898365 ]
 [ 1.9889381  -1.4735774 ]
 [ 0.5255331  -0.05751204]
 [ 0.75104314 -0.45148137]
 [ 2.434627   -2.1718435 ]]
2025-12-21 17:09:17,263 - [INFO] - ------------------------------------------------------------
2025-12-21 17:09:17,263 - [INFO] - On Validation Set:
	Accuracy of RRL  Model: 0.9046302695231514
	F1 Score of RRL  Model: 0.68885793351034
2025-12-21 17:09:17,269 - [INFO] - On Validation Set:
Performance of  RRL Model: 
[[1257   29]
 [ 109   52]]
              precision    recall  f1-score   support

           0       0.92      0.98      0.95      1286
           1       0.64      0.32      0.43       161

    accuracy                           0.90      1447
   macro avg       0.78      0.65      0.69      1447
weighted avg       0.89      0.90      0.89      1447

2025-12-21 17:09:17,269 - [INFO] - ------------------------------------------------------------
2025-12-21 17:09:17,956 - [INFO] - epoch: 40, loss_rrl: 224.1490294067189
2025-12-21 17:09:18,864 - [DEBUG] - y_true: (1447,) [0 0 0 0 0 1 0 0 0 0 0 0 0 0 0 0 0 1 0 0 0 0 0 0 1 0 0 0 0 0 0 0 0 0 0 0 0
 0 1 1 0]
2025-12-21 17:09:19,161 - [DEBUG] - y_rrl_: (1447,) [0 0 0 0 0 0 0 0 0 0 0 0 0 0 0 0 0 0 0 0 0 0 0 0 1 0 0 0 0 0 0 0 0 1 0 0 0
 0 0 0 0]
2025-12-21 17:09:19,162 - [DEBUG] - y_rrl: (1447, 2) [[ 2.02868    -1.5091133 ]
 [ 0.4662111   0.032902  ]
 [ 2.0862155  -1.7204039 ]
 [ 2.0862155  -1.7204039 ]
 [ 2.02868    -1.5091133 ]
 [ 0.49021387 -0.02378938]
 [ 2.02868    -1.5091133 ]
 [ 2.4480715  -2.1852663 ]
 [ 2.5500665  -2.2807035 ]
 [ 0.64974433 -0.33051714]
 [ 0.59220886 -0.11922643]
 [ 2.3905363  -1.9739757 ]
 [ 2.02868    -1.5091133 ]
 [ 1.9266851  -1.4136763 ]
 [ 2.02868    -1.5091133 ]
 [ 2.02868    -1.5091133 ]
 [ 2.5500665  -2.2807035 ]
 [ 0.49021387 -0.02378938]
 [ 1.5890701  -1.1246657 ]
 [ 1.9266851  -1.4136763 ]
 [ 1.9266851  -1.4136763 ]
 [ 2.02868    -1.5091133 ]
 [ 2.02868    -1.5091133 ]
 [ 1.9266851  -1.4136763 ]
 [-0.44893852  0.873714  ]
 [ 0.59220886 -0.11922643]
 [ 1.7475402  -1.2110431 ]
 [ 1.9266851  -1.4136763 ]
 [ 2.02868    -1.5091133 ]
 [ 2.1882105  -1.8158412 ]
 [ 2.288541   -1.8785386 ]
 [ 1.9266851  -1.4136763 ]
 [ 0.31106898  0.17884386]
 [ 0.20907402  0.2742809 ]
 [ 2.02868    -1.5091133 ]
 [ 2.4480715  -2.1852663 ]
 [ 2.02868    -1.5091133 ]
 [ 1.9266851  -1.4136763 ]
 [ 0.49021387 -0.02378938]
 [ 0.63507867 -0.33496913]
 [ 2.4480715  -2.1852663 ]]
2025-12-21 17:09:19,164 - [INFO] - ------------------------------------------------------------
2025-12-21 17:09:19,164 - [INFO] - On Validation Set:
	Accuracy of RRL  Model: 0.9067035245335177
	F1 Score of RRL  Model: 0.6849340255768831
2025-12-21 17:09:19,170 - [INFO] - On Validation Set:
Performance of  RRL Model: 
[[1263   23]
 [ 112   49]]
              precision    recall  f1-score   support

           0       0.92      0.98      0.95      1286
           1       0.68      0.30      0.42       161

    accuracy                           0.91      1447
   macro avg       0.80      0.64      0.68      1447
weighted avg       0.89      0.91      0.89      1447

2025-12-21 17:09:19,170 - [INFO] - ------------------------------------------------------------
2025-12-21 17:09:20,767 - [DEBUG] - y_true: (1447,) [0 0 0 0 0 1 0 0 0 0 0 0 0 0 0 0 0 1 0 0 0 0 0 0 1 0 0 0 0 0 0 0 0 0 0 0 0
 0 1 1 0]
2025-12-21 17:09:21,069 - [DEBUG] - y_rrl_: (1447,) [0 0 0 0 0 0 0 0 0 0 0 0 0 0 0 0 0 0 0 0 0 0 0 0 1 0 0 0 0 0 0 0 0 0 0 0 0
 0 0 0 0]
2025-12-21 17:09:21,070 - [DEBUG] - y_rrl: (1447, 2) [[ 1.9186492  -1.4762149 ]
 [ 0.3195948   0.10249203]
 [ 1.7455184  -1.4647877 ]
 [ 1.7455184  -1.4647877 ]
 [ 1.9186492  -1.4762149 ]
 [ 0.5956056  -0.13077736]
 [ 2.2659779  -1.9252884 ]
 [ 2.577073   -2.3140352 ]
 [ 2.7156506  -2.446096  ]
 [ 0.80491716 -0.48603782]
 [ 0.4697261   0.01845965]
 [ 2.0015209  -1.6439905 ]
 [ 1.9186492  -1.4762149 ]
 [ 2.1274004  -1.7932277 ]
 [ 1.9186492  -1.4762149 ]
 [ 2.2659779  -1.9252884 ]
 [ 2.7156506  -2.446096  ]
 [ 0.3311486   0.15052047]
 [ 1.7800717  -1.3441541 ]
 [ 1.7800717  -1.3441541 ]
 [ 1.7800717  -1.3441541 ]
 [ 2.2659779  -1.9252884 ]
 [ 1.6541922  -1.1949172 ]
 [ 1.7800717  -1.3441541 ]
 [-0.66947687  1.0450482 ]
 [ 0.7341831  -0.26283818]
 [ 2.0015209  -1.6439905 ]
 [ 1.7800717  -1.3441541 ]
 [ 2.2659779  -1.9252884 ]
 [ 2.368322   -1.9970224 ]
 [ 1.8629434  -1.5119298 ]
 [ 1.7800717  -1.3441541 ]
 [ 0.4697261   0.01845965]
 [ 0.3311486   0.15052047]
 [ 1.9186492  -1.4762149 ]
 [ 2.577073   -2.3140352 ]
 [ 2.2659779  -1.9252884 ]
 [ 1.7800717  -1.3441541 ]
 [ 0.3311486   0.15052047]
 [ 0.26054987  0.0397484 ]
 [ 2.577073   -2.3140352 ]]
2025-12-21 17:09:21,072 - [INFO] - ------------------------------------------------------------
2025-12-21 17:09:21,072 - [INFO] - On Validation Set:
	Accuracy of RRL  Model: 0.9032480995162405
	F1 Score of RRL  Model: 0.6795269312544294
2025-12-21 17:09:21,078 - [INFO] - On Validation Set:
Performance of  RRL Model: 
[[1258   28]
 [ 112   49]]
              precision    recall  f1-score   support

           0       0.92      0.98      0.95      1286
           1       0.64      0.30      0.41       161

    accuracy                           0.90      1447
   macro avg       0.78      0.64      0.68      1447
weighted avg       0.89      0.90      0.89      1447

2025-12-21 17:09:21,078 - [INFO] - ------------------------------------------------------------
2025-12-21 17:09:21,321 - [INFO] - epoch: 41, loss_rrl: 222.86480976920575
2025-12-21 17:09:22,676 - [DEBUG] - y_true: (1447,) [0 0 0 0 0 1 0 0 0 0 0 0 0 0 0 0 0 1 0 0 0 0 0 0 1 0 0 0 0 0 0 0 0 0 0 0 0
 0 1 1 0]
2025-12-21 17:09:22,982 - [DEBUG] - y_rrl_: (1447,) [0 0 0 0 0 0 0 0 0 0 0 0 0 0 0 0 0 0 0 0 0 0 0 0 1 0 0 0 0 0 0 0 0 0 0 0 0
 0 0 0 0]
2025-12-21 17:09:22,983 - [DEBUG] - y_rrl: (1447, 2) [[ 1.8668504  -1.3351121 ]
 [ 0.5280572  -0.0333153 ]
 [ 2.1831512  -1.8192308 ]
 [ 2.1831512  -1.8192308 ]
 [ 2.1173823  -1.6023958 ]
 [ 0.2841495   0.19584113]
 [ 2.1173823  -1.6023958 ]
 [ 2.5138786  -2.2504308 ]
 [ 2.671251   -2.4013267 ]
 [ 0.75782317 -0.43917346]
 [ 0.4415222   0.0449453 ]
 [ 2.1975777  -1.7663119 ]
 [ 1.8668504  -1.3351121 ]
 [ 1.9600096  -1.4514997 ]
 [ 2.1173823  -1.6023958 ]
 [ 2.1173823  -1.6023958 ]
 [ 2.671251   -2.4013267 ]
 [ 0.2841495   0.19584113]
 [ 1.6098685  -1.1494863 ]
 [ 1.9600096  -1.4514997 ]
 [ 1.9600096  -1.4514997 ]
 [ 2.1173823  -1.6023958 ]
 [ 2.1173823  -1.6023958 ]
 [ 1.9600096  -1.4514997 ]
 [-0.711271    1.0862324 ]
 [ 0.4415222   0.0449453 ]
 [ 1.8668504  -1.3351121 ]
 [ 1.9600096  -1.4514997 ]
 [ 2.1173823  -1.6023958 ]
 [ 2.3405237  -1.9701266 ]
 [ 2.040205   -1.615416  ]
 [ 1.9600096  -1.4514997 ]
 [ 0.4415222   0.0449453 ]
 [ 0.2841495   0.19584113]
 [ 1.8668504  -1.3351121 ]
 [ 2.5138786  -2.2504308 ]
 [ 1.8668504  -1.3351121 ]
 [ 1.9600096  -1.4514997 ]
 [ 0.2841495   0.19584113]
 [ 0.47560003 -0.15765357]
 [ 2.5138786  -2.2504308 ]]
2025-12-21 17:09:22,985 - [INFO] - ------------------------------------------------------------
2025-12-21 17:09:22,985 - [INFO] - On Validation Set:
	Accuracy of RRL  Model: 0.907394609536973
	F1 Score of RRL  Model: 0.6810090680564878
2025-12-21 17:09:22,991 - [INFO] - On Validation Set:
Performance of  RRL Model: 
[[1266   20]
 [ 114   47]]
              precision    recall  f1-score   support

           0       0.92      0.98      0.95      1286
           1       0.70      0.29      0.41       161

    accuracy                           0.91      1447
   macro avg       0.81      0.64      0.68      1447
weighted avg       0.89      0.91      0.89      1447

2025-12-21 17:09:22,991 - [INFO] - ------------------------------------------------------------
2025-12-21 17:09:24,372 - [INFO] - epoch: 42, loss_rrl: 222.26256955880672
2025-12-21 17:09:24,596 - [DEBUG] - y_true: (1447,) [0 0 0 0 0 1 0 0 0 0 0 0 0 0 0 0 0 1 0 0 0 0 0 0 1 0 0 0 0 0 0 0 0 0 0 0 0
 0 1 1 0]
2025-12-21 17:09:24,901 - [DEBUG] - y_rrl_: (1447,) [0 0 0 0 0 0 0 0 0 0 0 0 0 0 0 0 0 0 0 0 0 0 0 0 1 0 0 0 0 0 0 0 0 0 0 0 0
 0 0 0 0]
2025-12-21 17:09:24,901 - [DEBUG] - y_rrl: (1447, 2) [[ 1.8501996  -1.4107201 ]
 [ 0.22476605  0.19456781]
 [ 2.5640018  -2.2999718 ]
 [ 2.5640018  -2.2999718 ]
 [ 1.8501996  -1.4107201 ]
 [ 0.52282184 -0.06117813]
 [ 2.2263386  -1.8860195 ]
 [ 2.5640018  -2.2999718 ]
 [ 2.705835   -2.435367  ]
 [ 0.52282184 -0.06117813]
 [ 0.6646552  -0.19657324]
 [ 2.2263386  -1.8860195 ]
 [ 1.8501996  -1.4107201 ]
 [ 2.0845053  -1.7506243 ]
 [ 1.8501996  -1.4107201 ]
 [ 2.2263386  -1.8860195 ]
 [ 2.705835   -2.435367  ]
 [ 0.52282184 -0.06117813]
 [ 1.3243046  -0.939155  ]
 [ 1.7083663  -1.2753251 ]
 [ 1.7083663  -1.2753251 ]
 [ 2.2263386  -1.8860195 ]
 [ 1.8501996  -1.4107201 ]
 [ 1.7083663  -1.2753251 ]
 [-0.7955823   1.1699171 ]
 [ 0.6646552  -0.19657324]
 [ 1.957551   -1.60057   ]
 [ 1.7083663  -1.2753251 ]
 [ 2.2263386  -1.8860195 ]
 [ 2.329696   -1.9600676 ]
 [ 2.0845053  -1.7506243 ]
 [ 1.7083663  -1.2753251 ]
 [ 0.39586753  0.08887629]
 [ 0.25403413  0.2242714 ]
 [ 1.8501996  -1.4107201 ]
 [ 2.5640018  -2.2999718 ]
 [ 2.2263386  -1.8860195 ]
 [ 1.7083663  -1.2753251 ]
 [ 0.52282184 -0.06117813]
 [ 0.45038763 -0.1656274 ]
 [ 2.5640018  -2.2999718 ]]
2025-12-21 17:09:24,903 - [INFO] - ------------------------------------------------------------
2025-12-21 17:09:24,903 - [INFO] - On Validation Set:
	Accuracy of RRL  Model: 0.902557014512785
	F1 Score of RRL  Model: 0.6457772337821297
2025-12-21 17:09:24,909 - [INFO] - On Validation Set:
Performance of  RRL Model: 
[[1269   17]
 [ 124   37]]
              precision    recall  f1-score   support

           0       0.91      0.99      0.95      1286
           1       0.69      0.23      0.34       161

    accuracy                           0.90      1447
   macro avg       0.80      0.61      0.65      1447
weighted avg       0.89      0.90      0.88      1447

2025-12-21 17:09:24,909 - [INFO] - ------------------------------------------------------------
2025-12-21 17:09:26,503 - [DEBUG] - y_true: (1447,) [0 0 0 0 0 1 0 0 0 0 0 0 0 0 0 0 0 1 0 0 0 0 0 0 1 0 0 0 0 0 0 0 0 0 0 0 0
 0 1 1 0]
2025-12-21 17:09:26,801 - [DEBUG] - y_rrl_: (1447,) [0 0 0 0 0 1 0 0 0 0 0 0 0 0 0 0 0 0 0 0 0 0 0 0 1 0 0 0 0 0 0 0 0 1 0 0 0
 0 0 0 0]
2025-12-21 17:09:26,802 - [DEBUG] - y_rrl: (1447, 2) [[ 1.7592304  -1.2320923 ]
 [ 0.43556035  0.05495715]
 [ 2.1029885  -1.740386  ]
 [ 2.1029885  -1.740386  ]
 [ 1.6662867  -1.2033815 ]
 [ 0.23327643  0.24336004]
 [ 1.7592304  -1.2320923 ]
 [ 2.4419234  -2.1772006 ]
 [ 2.6120727  -2.3409498 ]
 [ 0.74718404 -0.42868268]
 [ 0.6397601  -0.17329726]
 [ 2.3344994  -1.9218152 ]
 [ 1.7592304  -1.2320923 ]
 [ 1.8254151  -1.3212514 ]
 [ 1.9955647  -1.4850004 ]
 [ 1.9955647  -1.4850004 ]
 [ 2.6120727  -2.3409498 ]
 [ 0.46961072 -0.00954816]
 [ 1.8254151  -1.3212514 ]
 [ 1.8254151  -1.3212514 ]
 [ 1.8254151  -1.3212514 ]
 [ 1.9955647  -1.4850004 ]
 [ 1.7592304  -1.2320923 ]
 [ 1.8254151  -1.3212514 ]
 [-0.7594388   1.1331468 ]
 [ 0.40342578  0.07961094]
 [ 1.7592304  -1.2320923 ]
 [ 1.8254151  -1.3212514 ]
 [ 1.9955647  -1.4850004 ]
 [ 2.2731378  -1.904135  ]
 [ 2.16435    -1.7580659 ]
 [ 1.8254151  -1.3212514 ]
 [ 0.40342578  0.07961094]
 [ 0.23327643  0.24336004]
 [ 1.7592304  -1.2320923 ]
 [ 2.4419234  -2.1772006 ]
 [ 1.7592304  -1.2320923 ]
 [ 1.8254151  -1.3212514 ]
 [ 0.46961072 -0.00954816]
 [ 1.3299012  -0.9723316 ]
 [ 2.4419234  -2.1772006 ]]
2025-12-21 17:09:26,803 - [INFO] - ------------------------------------------------------------
2025-12-21 17:09:26,804 - [INFO] - On Validation Set:
	Accuracy of RRL  Model: 0.9018659295093296
	F1 Score of RRL  Model: 0.653608323892755
2025-12-21 17:09:26,809 - [INFO] - On Validation Set:
Performance of  RRL Model: 
[[1265   21]
 [ 121   40]]
              precision    recall  f1-score   support

           0       0.91      0.98      0.95      1286
           1       0.66      0.25      0.36       161

    accuracy                           0.90      1447
   macro avg       0.78      0.62      0.65      1447
weighted avg       0.88      0.90      0.88      1447

2025-12-21 17:09:26,809 - [INFO] - ------------------------------------------------------------
2025-12-21 17:09:27,746 - [INFO] - epoch: 43, loss_rrl: 223.74453695118427
2025-12-21 17:09:28,438 - [DEBUG] - y_true: (1447,) [0 0 0 0 0 1 0 0 0 0 0 0 0 0 0 0 0 1 0 0 0 0 0 0 1 0 0 0 0 0 0 0 0 0 0 0 0
 0 1 1 0]
2025-12-21 17:09:28,736 - [DEBUG] - y_rrl_: (1447,) [0 0 0 0 0 0 0 0 0 0 0 0 0 0 0 0 0 0 0 0 0 0 0 0 1 0 0 0 0 0 0 0 0 0 0 0 0
 0 0 0 0]
2025-12-21 17:09:28,736 - [DEBUG] - y_rrl: (1447, 2) [[ 1.7312567  -1.2063813 ]
 [ 0.44972622  0.03871632]
 [ 2.2041218  -1.8419285 ]
 [ 2.2041218  -1.8419285 ]
 [ 2.019412   -1.5110211 ]
 [ 0.32666838  0.14828914]
 [ 1.7312567  -1.2063813 ]
 [ 2.5905197  -2.3248994 ]
 [ 2.7064278  -2.4344463 ]
 [ 0.6148236  -0.15635064]
 [ 0.44257683  0.03874224]
 [ 2.1176548  -1.6893523 ]
 [ 1.7312567  -1.2063813 ]
 [ 1.9035037  -1.4014742 ]
 [ 2.019412   -1.5110211 ]
 [ 2.019412   -1.5110211 ]
 [ 2.7064278  -2.4344463 ]
 [ 0.32666838  0.14828914]
 [ 1.544863   -1.0902587 ]
 [ 1.9035037  -1.4014742 ]
 [ 1.9035037  -1.4014742 ]
 [ 2.019412   -1.5110211 ]
 [ 1.7312567  -1.2063813 ]
 [ 1.9035037  -1.4014742 ]
 [-0.3608775   0.78137445]
 [ 0.44257683  0.03874224]
 [ 1.7312567  -1.2063813 ]
 [ 1.9035037  -1.4014742 ]
 [ 2.019412   -1.5110211 ]
 [ 2.3200302  -1.9514754 ]
 [ 2.0017462  -1.5798054 ]
 [ 1.9035037  -1.4014742 ]
 [ 0.44257683  0.03874224]
 [ 0.32666838  0.14828914]
 [ 1.7312567  -1.2063813 ]
 [ 2.5905197  -2.3248994 ]
 [ 1.7312567  -1.2063813 ]
 [ 1.9035037  -1.4014742 ]
 [ 0.32666838  0.14828914]
 [ 0.17096639  0.13155872]
 [ 2.5905197  -2.3248994 ]]
2025-12-21 17:09:28,738 - [INFO] - ------------------------------------------------------------
2025-12-21 17:09:28,738 - [INFO] - On Validation Set:
	Accuracy of RRL  Model: 0.9060124395300622
	F1 Score of RRL  Model: 0.6682445918972865
2025-12-21 17:09:28,744 - [INFO] - On Validation Set:
Performance of  RRL Model: 
[[1268   18]
 [ 118   43]]
              precision    recall  f1-score   support

           0       0.91      0.99      0.95      1286
           1       0.70      0.27      0.39       161

    accuracy                           0.91      1447
   macro avg       0.81      0.63      0.67      1447
weighted avg       0.89      0.91      0.89      1447

2025-12-21 17:09:28,744 - [INFO] - ------------------------------------------------------------
2025-12-21 17:09:30,378 - [DEBUG] - y_true: (1447,) [0 0 0 0 0 1 0 0 0 0 0 0 0 0 0 0 0 1 0 0 0 0 0 0 1 0 0 0 0 0 0 0 0 0 0 0 0
 0 1 1 0]
2025-12-21 17:09:30,678 - [DEBUG] - y_rrl_: (1447,) [0 0 0 0 0 0 0 0 0 0 0 0 0 0 0 0 0 0 0 0 0 0 0 0 1 0 0 0 0 0 0 0 0 0 0 0 0
 0 0 0 0]
2025-12-21 17:09:30,678 - [DEBUG] - y_rrl: (1447, 2) [[ 1.9935246  -1.4935846 ]
 [ 0.55780363 -0.07138938]
 [ 2.3138423  -1.9518247 ]
 [ 2.3138423  -1.9518247 ]
 [ 1.6496141  -1.1968653 ]
 [ 0.61545527 -0.15856358]
 [ 1.9935246  -1.4935846 ]
 [ 2.6773047  -2.410582  ]
 [ 2.805747   -2.5327017 ]
 [ 0.61545527 -0.15856358]
 [ 0.61545527 -0.15856358]
 [ 2.3569868  -1.952342  ]
 [ 1.9935246  -1.4935846 ]
 [ 1.9935246  -1.4935846 ]
 [ 1.9935246  -1.4935846 ]
 [ 1.9935246  -1.4935846 ]
 [ 2.805747   -2.5327017 ]
 [ 0.61545527 -0.15856358]
 [ 1.6496141  -1.1968653 ]
 [ 1.9935246  -1.4935846 ]
 [ 1.9935246  -1.4935846 ]
 [ 1.9935246  -1.4935846 ]
 [ 1.7178488  -1.2015128 ]
 [ 1.9935246  -1.4935846 ]
 [-0.67407256  1.0465093 ]
 [ 0.61545527 -0.15856358]
 [ 1.7178488  -1.2015128 ]
 [ 1.9935246  -1.4935846 ]
 [ 1.9935246  -1.4935846 ]
 [ 2.4422843  -2.0739443 ]
 [ 2.3569868  -1.952342  ]
 [ 1.9935246  -1.4935846 ]
 [ 0.33977965  0.13350815]
 [ 0.33977965  0.13350815]
 [ 1.9935246  -1.4935846 ]
 [ 2.6773047  -2.410582  ]
 [ 1.9935246  -1.4935846 ]
 [ 1.9935246  -1.4935846 ]
 [ 0.61545527 -0.15856358]
 [ 0.65851665 -0.36146227]
 [ 2.6773047  -2.410582  ]]
2025-12-21 17:09:30,680 - [INFO] - ------------------------------------------------------------
2025-12-21 17:09:30,680 - [INFO] - On Validation Set:
	Accuracy of RRL  Model: 0.9046302695231514
	F1 Score of RRL  Model: 0.648801232535562
2025-12-21 17:09:30,686 - [INFO] - On Validation Set:
Performance of  RRL Model: 
[[1272   14]
 [ 124   37]]
              precision    recall  f1-score   support

           0       0.91      0.99      0.95      1286
           1       0.73      0.23      0.35       161

    accuracy                           0.90      1447
   macro avg       0.82      0.61      0.65      1447
weighted avg       0.89      0.90      0.88      1447

2025-12-21 17:09:30,686 - [INFO] - ------------------------------------------------------------
2025-12-21 17:09:31,276 - [INFO] - epoch: 44, loss_rrl: 224.58657146058977
2025-12-21 17:09:32,346 - [DEBUG] - y_true: (1447,) [0 0 0 0 0 1 0 0 0 0 0 0 0 0 0 0 0 1 0 0 0 0 0 0 1 0 0 0 0 0 0 0 0 0 0 0 0
 0 1 1 0]
2025-12-21 17:09:32,629 - [DEBUG] - y_rrl_: (1447,) [0 0 0 0 0 0 0 0 0 0 0 0 0 0 0 0 0 0 0 0 0 0 0 0 1 0 0 0 0 0 0 0 0 0 0 0 0
 0 0 0 0]
2025-12-21 17:09:32,629 - [DEBUG] - y_rrl: (1447, 2) [[ 2.1477032  -1.6435535 ]
 [ 0.5832763  -0.09887028]
 [ 2.7457404  -2.4778576 ]
 [ 2.7457404  -2.4778576 ]
 [ 1.8105339  -1.3533404 ]
 [ 0.6664214  -0.21110559]
 [ 2.5139961  -2.1038728 ]
 [ 2.7457404  -2.4778576 ]
 [ 2.87061    -2.596445  ]
 [ 0.6664214  -0.21110559]
 [ 0.79129106 -0.32969284]
 [ 2.5139961  -2.1038728 ]
 [ 2.1477032  -1.6435535 ]
 [ 2.3891265  -1.9852855 ]
 [ 2.1477032  -1.6435535 ]
 [ 2.5139961  -2.1038728 ]
 [ 2.87061    -2.596445  ]
 [ 0.6664214  -0.21110559]
 [ 2.0228336  -1.5249662 ]
 [ 2.0228336  -1.5249662 ]
 [ 2.0228336  -1.5249662 ]
 [ 2.5139961  -2.1038728 ]
 [ 2.1477032  -1.6435535 ]
 [ 2.0228336  -1.5249662 ]
 [-0.68590796  1.0577066 ]
 [ 0.79129106 -0.32969284]
 [ 2.209483   -1.7830508 ]
 [ 2.0228336  -1.5249662 ]
 [ 2.5139961  -2.1038728 ]
 [ 2.5043173  -2.1361258 ]
 [ 2.3891265  -1.9852855 ]
 [ 2.0228336  -1.5249662 ]
 [ 0.4867778  -0.00887093]
 [ 0.36190814  0.10971633]
 [ 2.1477032  -1.6435535 ]
 [ 2.7457404  -2.4778576 ]
 [ 2.5139961  -2.1038728 ]
 [ 2.0228336  -1.5249662 ]
 [ 0.6664214  -0.21110559]
 [ 1.2367275  -0.8966009 ]
 [ 2.7457404  -2.4778576 ]]
2025-12-21 17:09:32,631 - [INFO] - ------------------------------------------------------------
2025-12-21 17:09:32,631 - [INFO] - On Validation Set:
	Accuracy of RRL  Model: 0.899101589495508
	F1 Score of RRL  Model: 0.5927746422403158
2025-12-21 17:09:32,637 - [INFO] - On Validation Set:
Performance of  RRL Model: 
[[1278    8]
 [ 138   23]]
              precision    recall  f1-score   support

           0       0.90      0.99      0.95      1286
           1       0.74      0.14      0.24       161

    accuracy                           0.90      1447
   macro avg       0.82      0.57      0.59      1447
weighted avg       0.88      0.90      0.87      1447

2025-12-21 17:09:32,637 - [INFO] - ------------------------------------------------------------
2025-12-21 17:09:34,240 - [DEBUG] - y_true: (1447,) [0 0 0 0 0 1 0 0 0 0 0 0 0 0 0 0 0 1 0 0 0 0 0 0 1 0 0 0 0 0 0 0 0 0 0 0 0
 0 1 1 0]
2025-12-21 17:09:34,530 - [DEBUG] - y_rrl_: (1447,) [0 0 0 0 0 0 0 0 0 0 0 0 0 0 0 0 0 0 0 0 0 0 0 0 1 0 0 0 0 0 0 0 0 0 0 0 0
 0 0 0 0]
2025-12-21 17:09:34,531 - [DEBUG] - y_rrl: (1447, 2) [[ 2.0947568  -1.5927038 ]
 [ 0.49092123 -0.00850567]
 [ 2.3097692  -1.9478126 ]
 [ 2.3097692  -1.9478126 ]
 [ 2.0947568  -1.5927038 ]
 [ 0.5934787  -0.13974053]
 [ 2.0947568  -1.5927038 ]
 [ 2.6797945  -2.4106195 ]
 [ 2.8123493  -2.5369313 ]
 [ 0.94104564 -0.621161  ]
 [ 0.41970044  0.05650264]
 [ 2.1584492  -1.7329557 ]
 [ 2.0947568  -1.5927038 ]
 [ 1.9622023  -1.466392  ]
 [ 2.0947568  -1.5927038 ]
 [ 2.0947568  -1.5927038 ]
 [ 2.8123493  -2.5369313 ]
 [ 0.28714567  0.18281448]
 [ 1.6110847  -1.1619935 ]
 [ 1.9622023  -1.466392  ]
 [ 1.9622023  -1.466392  ]
 [ 2.0947568  -1.5927038 ]
 [ 1.788424   -1.2701489 ]
 [ 1.9622023  -1.466392  ]
 [-0.76937044  1.1405244 ]
 [ 0.72603345 -0.26605237]
 [ 1.788424   -1.2701489 ]
 [ 1.9622023  -1.466392  ]
 [ 2.0947568  -1.5927038 ]
 [ 2.442324   -2.0741243 ]
 [ 2.0258944  -1.6066439 ]
 [ 1.9622023  -1.466392  ]
 [ 0.41970044  0.05650264]
 [ 0.28714567  0.18281448]
 [ 2.0947568  -1.5927038 ]
 [ 2.6797945  -2.4106195 ]
 [ 2.0947568  -1.5927038 ]
 [ 1.9622023  -1.466392  ]
 [ 0.28714567  0.18281448]
 [ 0.16941893  0.13462389]
 [ 2.6797945  -2.4106195 ]]
2025-12-21 17:09:34,533 - [INFO] - ------------------------------------------------------------
2025-12-21 17:09:34,533 - [INFO] - On Validation Set:
	Accuracy of RRL  Model: 0.9060124395300622
	F1 Score of RRL  Model: 0.6626623332099121
2025-12-21 17:09:34,539 - [INFO] - On Validation Set:
Performance of  RRL Model: 
[[1270   16]
 [ 120   41]]
              precision    recall  f1-score   support

           0       0.91      0.99      0.95      1286
           1       0.72      0.25      0.38       161

    accuracy                           0.91      1447
   macro avg       0.82      0.62      0.66      1447
weighted avg       0.89      0.91      0.89      1447

2025-12-21 17:09:34,539 - [INFO] - ------------------------------------------------------------
2025-12-21 17:09:34,581 - [INFO] - epoch: 45, loss_rrl: 225.80132159683853
2025-12-21 17:09:36,079 - [DEBUG] - y_true: (1447,) [0 0 0 0 0 1 0 0 0 0 0 0 0 0 0 0 0 1 0 0 0 0 0 0 1 0 0 0 0 0 0 0 0 0 0 0 0
 0 1 1 0]
2025-12-21 17:09:36,367 - [DEBUG] - y_rrl_: (1447,) [0 0 0 0 0 0 0 0 0 0 0 0 0 0 0 0 0 0 0 0 0 0 0 0 1 0 0 0 0 0 0 0 0 0 0 0 0
 0 0 0 0]
2025-12-21 17:09:36,367 - [DEBUG] - y_rrl: (1447, 2) [[ 1.8280544  -1.3745492 ]
 [ 0.5556289  -0.07517007]
 [ 2.3750782  -2.0130193 ]
 [ 2.3750782  -2.0130193 ]
 [ 1.8280544  -1.3745492 ]
 [ 0.29948083  0.10620365]
 [ 2.1345387  -1.6345497 ]
 [ 2.729081   -2.458586  ]
 [ 2.8833923  -2.6066954 ]
 [ 0.605965   -0.15379694]
 [ 0.7602763  -0.3019062 ]
 [ 2.4885414  -2.0801163 ]
 [ 1.8280544  -1.3745492 ]
 [ 1.9802272  -1.4864404 ]
 [ 2.1345387  -1.6345497 ]
 [ 2.1345387  -1.6345497 ]
 [ 2.8833923  -2.6066954 ]
 [ 0.605965   -0.15379694]
 [ 1.673743   -1.2264398 ]
 [ 1.9802272  -1.4864404 ]
 [ 1.9802272  -1.4864404 ]
 [ 2.1345387  -1.6345497 ]
 [ 1.8301508  -1.3140255 ]
 [ 1.9802272  -1.4864404 ]
 [-0.71126556  1.0817723 ]
 [ 0.45379215 -0.04190561]
 [ 1.8301508  -1.3140255 ]
 [ 1.9802272  -1.4864404 ]
 [ 2.1345387  -1.6345497 ]
 [ 2.5293896  -2.1611288 ]
 [ 2.33423    -1.932007  ]
 [ 1.9802272  -1.4864404 ]
 [ 0.45588848  0.01861802]
 [ 0.30157715  0.16672727]
 [ 1.8280544  -1.3745492 ]
 [ 2.729081   -2.458586  ]
 [ 2.1345387  -1.6345497 ]
 [ 1.9802272  -1.4864404 ]
 [ 0.605965   -0.15379694]
 [ 0.75844455 -0.4536473 ]
 [ 2.729081   -2.458586  ]]
2025-12-21 17:09:36,369 - [INFO] - ------------------------------------------------------------
2025-12-21 17:09:36,370 - [INFO] - On Validation Set:
	Accuracy of RRL  Model: 0.907394609536973
	F1 Score of RRL  Model: 0.6703984497178215
2025-12-21 17:09:36,376 - [INFO] - On Validation Set:
Performance of  RRL Model: 
[[1270   16]
 [ 118   43]]
              precision    recall  f1-score   support

           0       0.91      0.99      0.95      1286
           1       0.73      0.27      0.39       161

    accuracy                           0.91      1447
   macro avg       0.82      0.63      0.67      1447
weighted avg       0.89      0.91      0.89      1447

2025-12-21 17:09:36,376 - [INFO] - ------------------------------------------------------------
2025-12-21 17:09:37,502 - [INFO] - epoch: 46, loss_rrl: 224.7994429813698
2025-12-21 17:09:37,924 - [DEBUG] - y_true: (1447,) [0 0 0 0 0 1 0 0 0 0 0 0 0 0 0 0 0 1 0 0 0 0 0 0 1 0 0 0 0 0 0 0 0 0 0 0 0
 0 1 1 0]
2025-12-21 17:09:38,212 - [DEBUG] - y_rrl_: (1447,) [0 0 0 0 0 0 0 0 0 0 0 0 0 0 0 0 0 0 0 0 0 0 0 0 1 0 0 0 0 0 0 0 0 0 0 0 0
 0 0 0 0]
2025-12-21 17:09:38,212 - [DEBUG] - y_rrl: (1447, 2) [[ 1.5443418  -1.0718412 ]
 [ 0.39123437  0.11425227]
 [ 2.7001097  -2.428249  ]
 [ 2.7001097  -2.428249  ]
 [ 1.5443418  -1.0718412 ]
 [ 0.2599667   0.14436874]
 [ 2.2600226  -1.8316233 ]
 [ 2.7001097  -2.428249  ]
 [ 2.7840042  -2.5059814 ]
 [ 0.99780345 -0.6767868 ]
 [ 0.6109035  -0.1603249 ]
 [ 2.2600226  -1.8316233 ]
 [ 1.5443418  -1.0718412 ]
 [ 2.2600226  -1.8316233 ]
 [ 1.8952786  -1.3765349 ]
 [ 2.2600226  -1.8316233 ]
 [ 2.7840042  -2.5059814 ]
 [ 0.6109035  -0.1603249 ]
 [ 1.8952786  -1.3765349 ]
 [ 1.8952786  -1.3765349 ]
 [ 1.8952786  -1.3765349 ]
 [ 2.2600226  -1.8316233 ]
 [ 1.5468909  -1.0120969 ]
 [ 1.8952786  -1.3765349 ]
 [-0.7986587   1.1684983 ]
 [ 0.2599667   0.14436874]
 [ 1.9116349  -1.4671853 ]
 [ 1.8952786  -1.3765349 ]
 [ 2.2600226  -1.8316233 ]
 [ 2.4192603  -2.0508928 ]
 [ 2.2600226  -1.8316233 ]
 [ 1.8952786  -1.3765349 ]
 [ 0.26251578  0.20411307]
 [ 0.26251578  0.20411307]
 [ 1.5443418  -1.0718412 ]
 [ 2.7001097  -2.428249  ]
 [ 2.2600226  -1.8316233 ]
 [ 1.8952786  -1.3765349 ]
 [ 0.6109035  -0.1603249 ]
 [ 0.26540965  0.04427817]
 [ 2.7001097  -2.428249  ]]
2025-12-21 17:09:38,215 - [INFO] - ------------------------------------------------------------
2025-12-21 17:09:38,215 - [INFO] - On Validation Set:
	Accuracy of RRL  Model: 0.9053213545266068
	F1 Score of RRL  Model: 0.6777403345184043
2025-12-21 17:09:38,221 - [INFO] - On Validation Set:
Performance of  RRL Model: 
[[1263   23]
 [ 114   47]]
              precision    recall  f1-score   support

           0       0.92      0.98      0.95      1286
           1       0.67      0.29      0.41       161

    accuracy                           0.91      1447
   macro avg       0.79      0.64      0.68      1447
weighted avg       0.89      0.91      0.89      1447

2025-12-21 17:09:38,221 - [INFO] - ------------------------------------------------------------
2025-12-21 17:09:39,818 - [DEBUG] - y_true: (1447,) [0 0 0 0 0 1 0 0 0 0 0 0 0 0 0 0 0 1 0 0 0 0 0 0 1 0 0 0 0 0 0 0 0 0 0 0 0
 0 1 1 0]
2025-12-21 17:09:40,107 - [DEBUG] - y_rrl_: (1447,) [0 0 0 0 0 0 0 0 0 0 0 0 0 0 0 0 0 0 0 0 0 0 0 0 1 0 0 0 0 0 0 0 0 1 0 0 0
 0 0 0 0]
2025-12-21 17:09:40,107 - [DEBUG] - y_rrl: (1447, 2) [[ 1.7394612  -1.2895503 ]
 [ 0.46881258  0.00779572]
 [ 2.2779744  -1.9155422 ]
 [ 2.2779744  -1.9155422 ]
 [ 2.05624    -1.5603256 ]
 [ 0.20633033  0.19667652]
 [ 2.05624    -1.5603256 ]
 [ 2.6433296  -2.3700554 ]
 [ 2.7834659  -2.5040703 ]
 [ 0.52310914 -0.0740988 ]
 [ 0.6632456  -0.20811352]
 [ 2.421595   -2.014839  ]
 [ 1.7394612  -1.2895503 ]
 [ 1.9161035  -1.4263109 ]
 [ 2.05624    -1.5603256 ]
 [ 2.05624    -1.5603256 ]
 [ 2.7834659  -2.5040703 ]
 [ 0.52310914 -0.0740988 ]
 [ 1.9161035  -1.4263109 ]
 [ 1.9161035  -1.4263109 ]
 [ 1.9161035  -1.4263109 ]
 [ 2.05624    -1.5603256 ]
 [ 1.7425277  -1.2306474 ]
 [ 1.9161035  -1.4263109 ]
 [-0.8087529   1.1779367 ]
 [ 0.3464668   0.0626618 ]
 [ 1.7425277  -1.2306474 ]
 [ 1.9161035  -1.4263109 ]
 [ 2.05624    -1.5603256 ]
 [ 2.4181108  -2.049557  ]
 [ 2.2814586  -1.8808243 ]
 [ 1.9161035  -1.4263109 ]
 [ 0.34953335  0.12156466]
 [ 0.20939687  0.25557938]
 [ 1.7394612  -1.2895503 ]
 [ 2.6433296  -2.3700554 ]
 [ 2.05624    -1.5603256 ]
 [ 1.9161035  -1.4263109 ]
 [ 0.52310914 -0.0740988 ]
 [ 1.3867434  -1.03133   ]
 [ 2.6433296  -2.3700554 ]]
2025-12-21 17:09:40,110 - [INFO] - ------------------------------------------------------------
2025-12-21 17:09:40,110 - [INFO] - On Validation Set:
	Accuracy of RRL  Model: 0.8977194194885971
	F1 Score of RRL  Model: 0.6025315515961396
2025-12-21 17:09:40,116 - [INFO] - On Validation Set:
Performance of  RRL Model: 
[[1273   13]
 [ 135   26]]
              precision    recall  f1-score   support

           0       0.90      0.99      0.95      1286
           1       0.67      0.16      0.26       161

    accuracy                           0.90      1447
   macro avg       0.79      0.58      0.60      1447
weighted avg       0.88      0.90      0.87      1447

2025-12-21 17:09:40,116 - [INFO] - ------------------------------------------------------------
2025-12-21 17:09:40,900 - [INFO] - epoch: 47, loss_rrl: 223.07907747570425
2025-12-21 17:09:41,829 - [DEBUG] - y_true: (1447,) [0 0 0 0 0 1 0 0 0 0 0 0 0 0 0 0 0 1 0 0 0 0 0 0 1 0 0 0 0 0 0 0 0 0 0 0 0
 0 1 1 0]
2025-12-21 17:09:42,116 - [DEBUG] - y_rrl_: (1447,) [0 0 0 0 0 0 0 0 0 0 0 0 0 0 0 0 0 1 0 0 0 0 0 0 1 0 0 0 0 0 0 0 0 1 0 0 0
 0 0 0 0]
2025-12-21 17:09:42,117 - [DEBUG] - y_rrl: (1447, 2) [[ 1.500009   -1.1195244 ]
 [ 0.24527356  0.16178241]
 [ 1.5047346  -1.1254046 ]
 [ 1.5047346  -1.1254046 ]
 [ 1.8244747  -1.3982291 ]
 [ 0.20638493  0.19528416]
 [ 1.8244747  -1.3982291 ]
 [ 2.6820588  -2.4074426 ]
 [ 2.7977881  -2.5170898 ]
 [ 0.5308507  -0.0834206 ]
 [ 0.3043442   0.16505066]
 [ 1.8627927  -1.5086076 ]
 [ 1.500009   -1.1195244 ]
 [ 1.7087454  -1.2885818 ]
 [ 1.8244747  -1.3982291 ]
 [ 1.8244747  -1.3982291 ]
 [ 2.7977881  -2.5170898 ]
 [ 0.18861496  0.27469778]
 [ 1.3842796  -1.0098772 ]
 [ 1.7087454  -1.2885818 ]
 [ 1.7087454  -1.2885818 ]
 [ 1.8244747  -1.3982291 ]
 [ 1.482239   -1.0401107 ]
 [ 1.7087454  -1.2885818 ]
 [-0.86063576  1.2291449 ]
 [ 0.32211417  0.085637  ]
 [ 1.482239   -1.0401107 ]
 [ 1.7087454  -1.2885818 ]
 [ 1.8244747  -1.3982291 ]
 [ 2.4172342  -2.048593  ]
 [ 1.7470635  -1.3989605 ]
 [ 1.7087454  -1.2885818 ]
 [ 0.3043442   0.16505066]
 [ 0.18861496  0.27469778]
 [ 1.500009   -1.1195244 ]
 [ 2.6820588  -2.4074426 ]
 [ 1.8244747  -1.3982291 ]
 [ 1.7087454  -1.2885818 ]
 [ 0.5308507  -0.0834206 ]
 [ 0.3412374  -0.01932397]
 [ 2.6820588  -2.4074426 ]]
2025-12-21 17:09:42,119 - [INFO] - ------------------------------------------------------------
2025-12-21 17:09:42,119 - [INFO] - On Validation Set:
	Accuracy of RRL  Model: 0.9032480995162405
	F1 Score of RRL  Model: 0.6693758976367672
2025-12-21 17:09:42,125 - [INFO] - On Validation Set:
Performance of  RRL Model: 
[[1262   24]
 [ 116   45]]
              precision    recall  f1-score   support

           0       0.92      0.98      0.95      1286
           1       0.65      0.28      0.39       161

    accuracy                           0.90      1447
   macro avg       0.78      0.63      0.67      1447
weighted avg       0.89      0.90      0.89      1447

2025-12-21 17:09:42,125 - [INFO] - ------------------------------------------------------------
2025-12-21 17:09:43,839 - [DEBUG] - y_true: (1447,) [0 0 0 0 0 1 0 0 0 0 0 0 0 0 0 0 0 1 0 0 0 0 0 0 1 0 0 0 0 0 0 0 0 0 0 0 0
 0 1 1 0]
2025-12-21 17:09:44,128 - [DEBUG] - y_rrl_: (1447,) [0 0 0 0 0 0 0 0 0 0 0 0 0 0 0 0 0 0 0 0 0 0 0 0 1 0 0 0 0 0 0 0 0 0 0 0 0
 0 0 0 0]
2025-12-21 17:09:44,129 - [DEBUG] - y_rrl: (1447, 2) [[ 2.0050979  -1.5803292 ]
 [ 0.38777882  0.0179171 ]
 [ 1.9620757  -1.6694165 ]
 [ 1.9620757  -1.6694165 ]
 [ 2.0050979  -1.5803292 ]
 [ 0.6606282  -0.21477816]
 [ 2.3500936  -2.0120687 ]
 [ 2.7620716  -2.4861004 ]
 [ 2.9051692  -2.6231546 ]
 [ 1.0139291  -0.6911416 ]
 [ 0.8037258  -0.3518323 ]
 [ 2.3500936  -2.0120687 ]
 [ 2.0050979  -1.5803292 ]
 [ 2.206996   -1.8750148 ]
 [ 2.0050979  -1.5803292 ]
 [ 2.3500936  -2.0120687 ]
 [ 2.9051692  -2.6231546 ]
 [ 0.6606282  -0.21477816]
 [ 1.8620005  -1.4432751 ]
 [ 1.8620005  -1.4432751 ]
 [ 1.8620005  -1.4432751 ]
 [ 2.3500936  -2.0120687 ]
 [ 1.6630414  -1.2224748 ]
 [ 1.8620005  -1.4432751 ]
 [-0.706783    1.0746114 ]
 [ 0.8037258  -0.3518323 ]
 [ 2.0080369  -1.6542144 ]
 [ 1.8620005  -1.4432751 ]
 [ 2.3500936  -2.0120687 ]
 [ 2.5601737  -2.1914153 ]
 [ 2.206996   -1.8750148 ]
 [ 1.8620005  -1.4432751 ]
 [ 0.46166924  0.00602216]
 [ 0.31857163  0.1430763 ]
 [ 2.0050979  -1.5803292 ]
 [ 2.7620716  -2.4861004 ]
 [ 2.3500936  -2.0120687 ]
 [ 1.8620005  -1.4432751 ]
 [ 0.6606282  -0.21477816]
 [ 0.54717606 -0.2568384 ]
 [ 2.7620716  -2.4861004 ]]
2025-12-21 17:09:44,131 - [INFO] - ------------------------------------------------------------
2025-12-21 17:09:44,131 - [INFO] - On Validation Set:
	Accuracy of RRL  Model: 0.902557014512785
	F1 Score of RRL  Model: 0.6298796360964726
2025-12-21 17:09:44,137 - [INFO] - On Validation Set:
Performance of  RRL Model: 
[[1274   12]
 [ 129   32]]
              precision    recall  f1-score   support

           0       0.91      0.99      0.95      1286
           1       0.73      0.20      0.31       161

    accuracy                           0.90      1447
   macro avg       0.82      0.59      0.63      1447
weighted avg       0.89      0.90      0.88      1447

2025-12-21 17:09:44,137 - [INFO] - ------------------------------------------------------------
2025-12-21 17:09:44,441 - [INFO] - epoch: 48, loss_rrl: 223.98937747441232
2025-12-21 17:09:45,853 - [DEBUG] - y_true: (1447,) [0 0 0 0 0 1 0 0 0 0 0 0 0 0 0 0 0 1 0 0 0 0 0 0 1 0 0 0 0 0 0 0 0 0 0 0 0
 0 1 1 0]
2025-12-21 17:09:46,140 - [DEBUG] - y_rrl_: (1447,) [0 0 0 0 0 0 0 0 0 0 0 0 0 0 0 0 0 0 0 0 0 0 0 0 1 0 0 0 0 0 0 0 0 0 0 0 0
 0 0 0 0]
2025-12-21 17:09:46,140 - [DEBUG] - y_rrl: (1447, 2) [[ 1.7275867  -1.3495543 ]
 [ 0.42979807 -0.02544966]
 [ 2.479782   -2.117025  ]
 [ 2.479782   -2.117025  ]
 [ 2.0437036  -1.6203977 ]
 [ 0.41744268 -0.01843354]
 [ 2.0437036  -1.6203977 ]
 [ 2.8284373  -2.5512474 ]
 [ 2.9793754  -2.6961815 ]
 [ 0.73355937 -0.28927687]
 [ 0.52436125 -0.05836001]
 [ 2.0322218  -1.6787692 ]
 [ 1.7275867  -1.3495543 ]
 [ 1.892765   -1.4754635 ]
 [ 2.0437036  -1.6203977 ]
 [ 2.0437036  -1.6203977 ]
 [ 2.9793754  -2.6961815 ]
 [ 0.3734229   0.08657405]
 [ 1.5766484  -1.2046201 ]
 [ 1.892765   -1.4754635 ]
 [ 1.892765   -1.4754635 ]
 [ 2.0437036  -1.6203977 ]
 [ 1.6835669  -1.2445467 ]
 [ 1.892765   -1.4754635 ]
 [-0.6630008   1.0301479 ]
 [ 0.5683811  -0.1633676 ]
 [ 1.6835669  -1.2445467 ]
 [ 1.892765   -1.4754635 ]
 [ 2.0437036  -1.6203977 ]
 [ 2.6307201  -2.261959  ]
 [ 1.8812835  -1.533835  ]
 [ 1.892765   -1.4754635 ]
 [ 0.52436125 -0.05836001]
 [ 0.3734229   0.08657405]
 [ 1.7275867  -1.3495543 ]
 [ 2.8284373  -2.5512474 ]
 [ 2.0437036  -1.6203977 ]
 [ 1.892765   -1.4754635 ]
 [ 0.3734229   0.08657405]
 [ 1.2455082  -0.87544954]
 [ 2.8284373  -2.5512474 ]]
2025-12-21 17:09:46,142 - [INFO] - ------------------------------------------------------------
2025-12-21 17:09:46,143 - [INFO] - On Validation Set:
	Accuracy of RRL  Model: 0.8997926744989634
	F1 Score of RRL  Model: 0.6050979750013645
2025-12-21 17:09:46,148 - [INFO] - On Validation Set:
Performance of  RRL Model: 
[[1276   10]
 [ 135   26]]
              precision    recall  f1-score   support

           0       0.90      0.99      0.95      1286
           1       0.72      0.16      0.26       161

    accuracy                           0.90      1447
   macro avg       0.81      0.58      0.61      1447
weighted avg       0.88      0.90      0.87      1447

2025-12-21 17:09:46,149 - [INFO] - ------------------------------------------------------------
2025-12-21 17:09:47,656 - [INFO] - epoch: 49, loss_rrl: 223.24261431675404
2025-12-21 17:09:47,847 - [DEBUG] - y_true: (1447,) [0 0 0 0 0 1 0 0 0 0 0 0 0 0 0 0 0 1 0 0 0 0 0 0 1 0 0 0 0 0 0 0 0 0 0 0 0
 0 1 1 0]
2025-12-21 17:09:48,131 - [DEBUG] - y_rrl_: (1447,) [0 0 0 0 0 0 0 0 0 0 0 0 0 0 0 0 0 0 0 0 0 0 0 0 1 0 0 0 0 0 0 0 0 0 0 0 0
 0 0 0 0]
2025-12-21 17:09:48,131 - [DEBUG] - y_rrl: (1447, 2) [[ 2.0844865  -1.5967834 ]
 [ 0.44495103  0.02391037]
 [ 1.9012195  -1.6062523 ]
 [ 1.9012195  -1.6062523 ]
 [ 2.0844865  -1.5967834 ]
 [ 0.6061094  -0.16339993]
 [ 2.4689822  -2.065679  ]
 [ 2.7148068  -2.4363635 ]
 [ 2.831443   -2.547033  ]
 [ 0.96857    -0.6447538 ]
 [ 0.72274554 -0.27406973]
 [ 2.4689822  -2.065679  ]
 [ 2.0844865  -1.5967834 ]
 [ 2.3523462  -1.9550093 ]
 [ 2.0844865  -1.5967834 ]
 [ 2.4689822  -2.065679  ]
 [ 2.831443   -2.547033  ]
 [ 0.6061094  -0.16339993]
 [ 1.6230066  -1.1863005 ]
 [ 1.9678503  -1.4861137 ]
 [ 1.9678503  -1.4861137 ]
 [ 2.4689822  -2.065679  ]
 [ 1.720018   -1.2166835 ]
 [ 1.9678503  -1.4861137 ]
 [-0.8304807   1.1969352 ]
 [ 0.72274554 -0.27406973]
 [ 2.104514   -1.6855792 ]
 [ 1.9678503  -1.4861137 ]
 [ 2.4689822  -2.065679  ]
 [ 2.4469473  -2.0781372 ]
 [ 2.3523462  -1.9550093 ]
 [ 1.9678503  -1.4861137 ]
 [ 0.3582771   0.1060302 ]
 [ 0.24164099  0.21669999]
 [ 2.0844865  -1.5967834 ]
 [ 2.7148068  -2.4363635 ]
 [ 2.4689822  -2.065679  ]
 [ 1.9678503  -1.4861137 ]
 [ 0.6061094  -0.16339993]
 [ 0.4523919  -0.16117436]
 [ 2.7148068  -2.4363635 ]]
2025-12-21 17:09:48,134 - [INFO] - ------------------------------------------------------------
2025-12-21 17:09:48,134 - [INFO] - On Validation Set:
	Accuracy of RRL  Model: 0.9004837595024188
	F1 Score of RRL  Model: 0.6270404948737041
2025-12-21 17:09:48,140 - [INFO] - On Validation Set:
Performance of  RRL Model: 
[[1271   15]
 [ 129   32]]
              precision    recall  f1-score   support

           0       0.91      0.99      0.95      1286
           1       0.68      0.20      0.31       161

    accuracy                           0.90      1447
   macro avg       0.79      0.59      0.63      1447
weighted avg       0.88      0.90      0.88      1447

2025-12-21 17:09:48,140 - [INFO] - ------------------------------------------------------------
2025-12-21 17:09:49,835 - [DEBUG] - y_true: (1447,) [0 0 0 0 0 1 0 0 0 0 0 0 0 0 0 0 0 1 0 0 0 0 0 0 1 0 0 0 0 0 0 0 0 0 0 0 0
 0 1 1 0]
2025-12-21 17:09:50,117 - [DEBUG] - y_rrl_: (1447,) [0 0 0 0 0 0 0 0 0 0 0 0 0 0 0 0 0 0 0 0 0 0 0 0 1 0 0 0 0 0 0 0 0 1 0 0 0
 0 0 0 0]
2025-12-21 17:09:50,117 - [DEBUG] - y_rrl: (1447, 2) [[ 1.7473487  -1.3064635 ]
 [ 0.46321476  0.00373358]
 [ 1.845704   -1.5496094 ]
 [ 1.845704   -1.5496094 ]
 [ 1.7473487  -1.3064635 ]
 [ 0.23616937  0.16019541]
 [ 2.4187589  -2.0163558 ]
 [ 1.845704   -1.5496094 ]
 [ 2.805509   -2.5199285 ]
 [ 0.5349359  -0.09378153]
 [ 0.68356633 -0.23648357]
 [ 2.4187589  -2.0163558 ]
 [ 1.7473487  -1.3064635 ]
 [ 2.2701283  -1.8736537 ]
 [ 2.0461154  -1.5604405 ]
 [ 2.4187589  -2.0163558 ]
 [ 2.805509   -2.5199285 ]
 [ 0.5349359  -0.09378153]
 [ 1.5987183  -1.1637615 ]
 [ 1.08631    -0.5901214 ]
 [ 1.8974849  -1.4177384 ]
 [ 2.4187589  -2.0163558 ]
 [ 1.7217865  -1.2205625 ]
 [ 1.8974849  -1.4177384 ]
 [-0.7943078   1.160073  ]
 [ 0.38479978  0.01749337]
 [ 2.09443    -1.6764777 ]
 [ 1.08631    -0.5901214 ]
 [ 2.4187589  -2.0163558 ]
 [ 2.4328656  -2.064013  ]
 [ 2.2701283  -1.8736537 ]
 [ 1.8974849  -1.4177384 ]
 [ 0.35923758  0.10339445]
 [ 0.21060717  0.24609649]
 [ 1.7473487  -1.3064635 ]
 [ 1.845704   -1.5496094 ]
 [ 2.4187589  -2.0163558 ]
 [ 1.08631    -0.5901214 ]
 [ 0.5349359  -0.09378153]
 [ 0.7406213  -0.43321627]
 [ 1.845704   -1.5496094 ]]
2025-12-21 17:09:50,119 - [INFO] - ------------------------------------------------------------
2025-12-21 17:09:50,120 - [INFO] - On Validation Set:
	Accuracy of RRL  Model: 0.9039391845196959
	F1 Score of RRL  Model: 0.6537616046575281
2025-12-21 17:09:50,125 - [INFO] - On Validation Set:
Performance of  RRL Model: 
[[1269   17]
 [ 122   39]]
              precision    recall  f1-score   support

           0       0.91      0.99      0.95      1286
           1       0.70      0.24      0.36       161

    accuracy                           0.90      1447
   macro avg       0.80      0.61      0.65      1447
weighted avg       0.89      0.90      0.88      1447

2025-12-21 17:09:50,125 - [INFO] - ------------------------------------------------------------
2025-12-21 17:09:51,060 - [INFO] - epoch: 50, loss_rrl: 223.27212771214545
2025-12-21 17:09:51,656 - [DEBUG] - y_true: (1447,) [0 0 0 0 0 1 0 0 0 0 0 0 0 0 0 0 0 1 0 0 0 0 0 0 1 0 0 0 0 0 0 0 0 0 0 0 0
 0 1 1 0]
2025-12-21 17:09:51,937 - [DEBUG] - y_rrl_: (1447,) [0 0 0 0 0 0 0 0 0 0 1 0 0 0 0 0 0 1 0 0 0 0 0 0 1 0 0 0 0 0 0 0 1 1 0 0 0
 0 1 0 0]
2025-12-21 17:09:51,938 - [DEBUG] - y_rrl: (1447, 2) [[ 1.5505829  -1.1762065 ]
 [ 0.2761685   0.12414491]
 [ 2.259245   -1.8962837 ]
 [ 2.259245   -1.8962837 ]
 [ 1.857269   -1.4383459 ]
 [ 0.30597898  0.08906728]
 [ 1.857269   -1.4383459 ]
 [ 2.6408148  -2.3599982 ]
 [ 2.7414658  -2.4547586 ]
 [ 0.6126652  -0.17307216]
 [ 0.03296438  0.3834387 ]
 [ 1.5584873  -1.2507889 ]
 [ 1.5505829  -1.1762065 ]
 [ 1.7566183  -1.3435855 ]
 [ 1.857269   -1.4383459 ]
 [ 1.5505829  -1.1762065 ]
 [ 2.7414658  -2.4547586 ]
 [-0.06768653  0.47819918]
 [ 1.4499321  -1.0814459 ]
 [ 1.7566183  -1.3435855 ]
 [ 1.7566183  -1.3435855 ]
 [ 1.857269   -1.4383459 ]
 [ 1.4836036  -1.049214  ]
 [ 1.7566183  -1.3435855 ]
 [-0.78258896  1.1476552 ]
 [ 0.4066299  -0.0056932 ]
 [ 1.4836036  -1.049214  ]
 [ 1.7566183  -1.3435855 ]
 [ 1.5505829  -1.1762065 ]
 [ 2.3598957  -1.9910442 ]
 [ 1.4578364  -1.1560285 ]
 [ 1.7566183  -1.3435855 ]
 [ 0.03296438  0.3834387 ]
 [-0.06768653  0.47819918]
 [ 1.5505829  -1.1762065 ]
 [ 2.6408148  -2.3599982 ]
 [ 1.5505829  -1.1762065 ]
 [ 1.7566183  -1.3435855 ]
 [-0.06768653  0.47819918]
 [ 0.75838923 -0.43433   ]
 [ 2.6408148  -2.3599982 ]]
2025-12-21 17:09:51,940 - [INFO] - ------------------------------------------------------------
2025-12-21 17:09:51,940 - [INFO] - On Validation Set:
	Accuracy of RRL  Model: 0.8928818244644091
	F1 Score of RRL  Model: 0.6353996485427202
2025-12-21 17:09:51,946 - [INFO] - On Validation Set:
Performance of  RRL Model: 
[[1254   32]
 [ 123   38]]
              precision    recall  f1-score   support

           0       0.91      0.98      0.94      1286
           1       0.54      0.24      0.33       161

    accuracy                           0.89      1447
   macro avg       0.73      0.61      0.64      1447
weighted avg       0.87      0.89      0.87      1447

2025-12-21 17:09:51,946 - [INFO] - ------------------------------------------------------------
2025-12-21 17:09:53,458 - [DEBUG] - y_true: (1447,) [0 0 0 0 0 1 0 0 0 0 0 0 0 0 0 0 0 1 0 0 0 0 0 0 1 0 0 0 0 0 0 0 0 0 0 0 0
 0 1 1 0]
2025-12-21 17:09:53,739 - [DEBUG] - y_rrl_: (1447,) [0 0 0 0 0 0 0 0 0 0 0 0 0 0 0 0 0 0 0 0 0 0 0 0 1 0 0 0 0 0 0 0 0 0 0 0 0
 0 0 0 0]
2025-12-21 17:09:53,740 - [DEBUG] - y_rrl: (1447, 2) [[ 1.6859661  -1.2544496 ]
 [ 0.520792   -0.05761048]
 [ 1.5936629  -1.2143034 ]
 [ 1.5936629  -1.2143034 ]
 [ 1.6859661  -1.2544496 ]
 [ 0.29693595  0.09680119]
 [ 1.996496   -1.5206755 ]
 [ 2.796799   -2.5147712 ]
 [ 2.9226592  -2.6347787 ]
 [ 1.0238721  -0.6985719 ]
 [ 0.26153114  0.19189504]
 [ 2.0344582  -1.6243044 ]
 [ 1.6859661  -1.2544496 ]
 [ 1.996496   -1.5206755 ]
 [ 1.996496   -1.5206755 ]
 [ 1.996496   -1.5206755 ]
 [ 2.9226592  -2.6347787 ]
 [ 0.26153114  0.19189504]
 [ 1.6859661  -1.2544496 ]
 [ 1.996496   -1.5206755 ]
 [ 1.996496   -1.5206755 ]
 [ 1.996496   -1.5206755 ]
 [ 1.6505613  -1.1593558 ]
 [ 1.996496   -1.5206755 ]
 [-0.75543094  1.1198001 ]
 [ 0.29693595  0.09680119]
 [ 1.6505613  -1.1593558 ]
 [ 1.996496   -1.5206755 ]
 [ 1.996496   -1.5206755 ]
 [ 2.5387623  -2.16983   ]
 [ 2.0344582  -1.6243044 ]
 [ 1.996496   -1.5206755 ]
 [ 0.26153114  0.19189504]
 [ 0.26153114  0.19189504]
 [ 1.6859661  -1.2544496 ]
 [ 2.796799   -2.5147712 ]
 [ 1.996496   -1.5206755 ]
 [ 1.996496   -1.5206755 ]
 [ 0.60746574 -0.16942468]
 [ 0.32846642 -0.01098719]
 [ 2.796799   -2.5147712 ]]
2025-12-21 17:09:53,742 - [INFO] - ------------------------------------------------------------
2025-12-21 17:09:53,742 - [INFO] - On Validation Set:
	Accuracy of RRL  Model: 0.9067035245335177
	F1 Score of RRL  Model: 0.6665471770579952
2025-12-21 17:09:53,748 - [INFO] - On Validation Set:
Performance of  RRL Model: 
[[1270   16]
 [ 119   42]]
              precision    recall  f1-score   support

           0       0.91      0.99      0.95      1286
           1       0.72      0.26      0.38       161

    accuracy                           0.91      1447
   macro avg       0.82      0.62      0.67      1447
weighted avg       0.89      0.91      0.89      1447

2025-12-21 17:09:53,748 - [INFO] - ------------------------------------------------------------
2025-12-21 17:09:54,247 - [INFO] - epoch: 51, loss_rrl: 225.2699789442122
2025-12-21 17:09:55,261 - [DEBUG] - y_true: (1447,) [0 0 0 0 0 1 0 0 0 0 0 0 0 0 0 0 0 1 0 0 0 0 0 0 1 0 0 0 0 0 0 0 0 0 0 0 0
 0 1 1 0]
2025-12-21 17:09:55,542 - [DEBUG] - y_rrl_: (1447,) [0 0 0 0 0 0 0 0 0 0 0 0 0 0 0 0 0 0 0 0 0 0 0 0 1 0 0 0 0 0 0 0 0 1 0 0 0
 0 0 0 0]
2025-12-21 17:09:55,543 - [DEBUG] - y_rrl: (1447, 2) [[ 1.7321905  -1.2965431 ]
 [ 0.41780668  0.04352731]
 [ 1.8852926  -1.5859568 ]
 [ 2.711881   -2.4287436 ]
 [ 1.196773   -0.70086455]
 [ 0.2950924   0.0973354 ]
 [ 2.3945262  -1.9947996 ]
 [ 2.711881   -2.4287436 ]
 [ 2.8378952  -2.5489428 ]
 [ 0.5862632  -0.14977258]
 [ 0.71227765 -0.2699721 ]
 [ 1.5679381  -1.152013  ]
 [ 0.90560234 -0.45375657]
 [ 1.4419236  -1.0318135 ]
 [ 2.0233612  -1.5436511 ]
 [ 2.3945262  -1.9947996 ]
 [ 2.8378952  -2.5489428 ]
 [ 0.5862632  -0.14977258]
 [ 1.606176   -1.1763438 ]
 [ 1.8973467  -1.4234517 ]
 [ 1.8973467  -1.4234517 ]
 [ 1.5679381  -1.152013  ]
 [ 1.196773   -0.70086455]
 [ 1.8973467  -1.4234517 ]
 [-0.8057239   1.1693785 ]
 [ 0.4211069  -0.0228641 ]
 [ 2.0327451  -1.6177151 ]
 [ 1.8973467  -1.4234517 ]
 [ 1.5679381  -1.152013  ]
 [ 2.46673    -2.0977945 ]
 [ 2.2685118  -1.8746002 ]
 [ 1.0707586  -0.5806651 ]
 [ 0.3504965   0.10711235]
 [ 0.224482    0.22731185]
 [ 0.90560234 -0.45375657]
 [ 2.711881   -2.4287436 ]
 [ 1.5679381  -1.152013  ]
 [ 1.8973467  -1.4234517 ]
 [ 0.5862632  -0.14977258]
 [ 0.40868455 -0.11603826]
 [ 2.711881   -2.4287436 ]]
2025-12-21 17:09:55,545 - [INFO] - ------------------------------------------------------------
2025-12-21 17:09:55,545 - [INFO] - On Validation Set:
	Accuracy of RRL  Model: 0.9039391845196959
	F1 Score of RRL  Model: 0.6781176734174582
2025-12-21 17:09:55,551 - [INFO] - On Validation Set:
Performance of  RRL Model: 
[[1260   26]
 [ 113   48]]
              precision    recall  f1-score   support

           0       0.92      0.98      0.95      1286
           1       0.65      0.30      0.41       161

    accuracy                           0.90      1447
   macro avg       0.78      0.64      0.68      1447
weighted avg       0.89      0.90      0.89      1447

2025-12-21 17:09:55,551 - [INFO] - ------------------------------------------------------------
2025-12-21 17:09:57,054 - [DEBUG] - y_true: (1447,) [0 0 0 0 0 1 0 0 0 0 0 0 0 0 0 0 0 1 0 0 0 0 0 0 1 0 0 0 0 0 0 0 0 0 0 0 0
 0 1 1 0]
2025-12-21 17:09:57,333 - [DEBUG] - y_rrl_: (1447,) [0 0 0 0 0 0 0 0 0 0 1 0 0 0 0 0 0 1 0 0 0 0 0 0 1 0 0 0 0 0 0 0 1 1 0 0 0
 0 1 0 0]
2025-12-21 17:09:57,333 - [DEBUG] - y_rrl: (1447, 2) [[ 1.8755416  -1.4035252 ]
 [ 0.38796028  0.07157633]
 [ 2.3212545  -1.9579937 ]
 [ 2.3212545  -1.9579937 ]
 [ 1.8755416  -1.4035252 ]
 [ 0.5550536  -0.12012121]
 [ 1.8755416  -1.4035252 ]
 [ 2.719917   -2.4355912 ]
 [ 2.8607872  -2.570683  ]
 [ 0.5550536  -0.12012121]
 [ 0.1969518   0.25320247]
 [ 1.9161022  -1.5077993 ]
 [ 1.8755416  -1.4035252 ]
 [ 1.8755416  -1.4035252 ]
 [ 1.8755416  -1.4035252 ]
 [ 1.8755416  -1.4035252 ]
 [ 2.8607872  -2.570683  ]
 [ 0.1969518   0.25320247]
 [ 1.5736959  -1.1454984 ]
 [ 1.8755416  -1.4035252 ]
 [ 1.8755416  -1.4035252 ]
 [ 1.8755416  -1.4035252 ]
 [ 1.5174397  -1.0302016 ]
 [ 1.8755416  -1.4035252 ]
 [-0.8223798   1.1853055 ]
 [ 0.5550536  -0.12012121]
 [ 1.5174397  -1.0302016 ]
 [ 1.8755416  -1.4035252 ]
 [ 1.8755416  -1.4035252 ]
 [ 2.4621246  -2.0930855 ]
 [ 1.9161022  -1.5077993 ]
 [ 1.8755416  -1.4035252 ]
 [ 0.1969518   0.25320247]
 [ 0.1969518   0.25320247]
 [ 1.8755416  -1.4035252 ]
 [ 2.719917   -2.4355912 ]
 [ 1.8755416  -1.4035252 ]
 [ 1.8755416  -1.4035252 ]
 [ 0.1969518   0.25320247]
 [ 0.37098253  0.010028  ]
 [ 2.719917   -2.4355912 ]]
2025-12-21 17:09:57,335 - [INFO] - ------------------------------------------------------------
2025-12-21 17:09:57,335 - [INFO] - On Validation Set:
	Accuracy of RRL  Model: 0.8970283344851416
	F1 Score of RRL  Model: 0.6818649302281657
2025-12-21 17:09:57,342 - [INFO] - On Validation Set:
Performance of  RRL Model: 
[[1244   42]
 [ 107   54]]
              precision    recall  f1-score   support

           0       0.92      0.97      0.94      1286
           1       0.56      0.34      0.42       161

    accuracy                           0.90      1447
   macro avg       0.74      0.65      0.68      1447
weighted avg       0.88      0.90      0.89      1447

2025-12-21 17:09:57,342 - [INFO] - ------------------------------------------------------------
2025-12-21 17:09:57,420 - [INFO] - epoch: 52, loss_rrl: 222.90724416449666
2025-12-21 17:09:58,871 - [DEBUG] - y_true: (1447,) [0 0 0 0 0 1 0 0 0 0 0 0 0 0 0 0 0 1 0 0 0 0 0 0 1 0 0 0 0 0 0 0 0 0 0 0 0
 0 1 1 0]
2025-12-21 17:09:59,148 - [DEBUG] - y_rrl_: (1447,) [0 0 0 0 0 0 0 0 0 0 0 0 0 0 0 0 0 0 0 0 0 0 0 0 1 0 0 0 0 0 0 0 0 1 0 0 0
 0 0 0 0]
2025-12-21 17:09:59,149 - [DEBUG] - y_rrl: (1447, 2) [[ 1.8239558  -1.3915896 ]
 [ 0.46697554 -0.00917307]
 [ 2.4177208  -2.0543275 ]
 [ 2.4177208  -2.0543275 ]
 [ 1.8239558  -1.3915896 ]
 [ 0.31893188  0.07088438]
 [ 2.0820022  -1.6060567 ]
 [ 2.7739544  -2.4884877 ]
 [ 2.9366186  -2.6454105 ]
 [ 0.57697845 -0.14358252]
 [ 0.7396425  -0.30050546]
 [ 2.4382358  -2.040217  ]
 [ 1.8239558  -1.3915896 ]
 [ 1.9193382  -1.4491336 ]
 [ 2.0820022  -1.6060567 ]
 [ 2.0820022  -1.6060567 ]
 [ 2.9366186  -2.6454105 ]
 [ 0.57697845 -0.14358252]
 [ 1.6612916  -1.2346668 ]
 [ 1.9193382  -1.4491336 ]
 [ 1.9193382  -1.4491336 ]
 [ 2.0820022  -1.6060567 ]
 [ 1.727525   -1.2364388 ]
 [ 1.9193382  -1.4491336 ]
 [-0.76015675  1.1223571 ]
 [ 0.4815959  -0.08603856]
 [ 1.727525   -1.2364388 ]
 [ 1.9193382  -1.4491336 ]
 [ 2.0820022  -1.6060567 ]
 [ 2.580385   -2.2112505 ]
 [ 2.2755718  -1.8832939 ]
 [ 1.9193382  -1.4491336 ]
 [ 0.38516524  0.06911242]
 [ 0.22250122  0.22603536]
 [ 1.8239558  -1.3915896 ]
 [ 2.7739544  -2.4884877 ]
 [ 2.0820022  -1.6060567 ]
 [ 1.9193382  -1.4491336 ]
 [ 0.57697845 -0.14358252]
 [ 0.8737855  -0.50248617]
 [ 2.7739544  -2.4884877 ]]
2025-12-21 17:09:59,151 - [INFO] - ------------------------------------------------------------
2025-12-21 17:09:59,151 - [INFO] - On Validation Set:
	Accuracy of RRL  Model: 0.9067035245335177
	F1 Score of RRL  Model: 0.6637252994875273
2025-12-21 17:09:59,157 - [INFO] - On Validation Set:
Performance of  RRL Model: 
[[1271   15]
 [ 120   41]]
              precision    recall  f1-score   support

           0       0.91      0.99      0.95      1286
           1       0.73      0.25      0.38       161

    accuracy                           0.91      1447
   macro avg       0.82      0.62      0.66      1447
weighted avg       0.89      0.91      0.89      1447

2025-12-21 17:09:59,157 - [INFO] - ------------------------------------------------------------
2025-12-21 17:10:00,302 - [INFO] - epoch: 53, loss_rrl: 223.5040894439444
2025-12-21 17:10:00,665 - [DEBUG] - y_true: (1447,) [0 0 0 0 0 1 0 0 0 0 0 0 0 0 0 0 0 1 0 0 0 0 0 0 1 0 0 0 0 0 0 0 0 0 0 0 0
 0 1 1 0]
2025-12-21 17:10:00,944 - [DEBUG] - y_rrl_: (1447,) [0 0 0 0 0 0 0 0 0 0 0 0 0 0 0 0 0 0 0 0 0 0 0 0 1 0 0 0 0 0 0 0 0 0 0 0 0
 0 0 0 0]
2025-12-21 17:10:00,945 - [DEBUG] - y_rrl: (1447, 2) [[ 1.6509826  -1.1950588 ]
 [ 0.31163967  0.16959623]
 [ 2.772979   -2.4863875 ]
 [ 2.772979   -2.4863875 ]
 [ 1.6509826  -1.1950588 ]
 [ 0.3195896   0.0689202 ]
 [ 2.3414826  -1.9191525 ]
 [ 2.772979   -2.4863875 ]
 [ 2.8874857  -2.5951903 ]
 [ 1.088043   -0.76107585]
 [ 0.74218893 -0.30463728]
 [ 2.3414826  -1.9191525 ]
 [ 1.6509826  -1.1950588 ]
 [ 2.2269757  -1.8103497 ]
 [ 1.959075   -1.4598136 ]
 [ 2.3414826  -1.9191525 ]
 [ 2.8874857  -2.5951903 ]
 [ 0.62768185 -0.1958346 ]
 [ 1.5364754  -1.0862563 ]
 [ 1.8445678  -1.351011  ]
 [ 1.8445678  -1.351011  ]
 [ 2.3414826  -1.9191525 ]
 [ 1.5723174  -1.0579963 ]
 [ 1.8445678  -1.351011  ]
 [-0.8048157   1.1662767 ]
 [ 0.4340967  -0.03988248]
 [ 1.954725   -1.5173352 ]
 [ 1.8445678  -1.351011  ]
 [ 2.3414826  -1.9191525 ]
 [ 2.505078   -2.1358514 ]
 [ 2.2269757  -1.8103497 ]
 [ 1.8445678  -1.351011  ]
 [ 0.35543138  0.09718004]
 [ 0.2409243   0.20598271]
 [ 1.6509826  -1.1950588 ]
 [ 2.772979   -2.4863875 ]
 [ 2.3414826  -1.9191525 ]
 [ 1.8445678  -1.351011  ]
 [ 0.62768185 -0.1958346 ]
 [ 1.2857304  -0.86267465]
 [ 2.772979   -2.4863875 ]]
2025-12-21 17:10:00,947 - [INFO] - ------------------------------------------------------------
2025-12-21 17:10:00,947 - [INFO] - On Validation Set:
	Accuracy of RRL  Model: 0.9011748445058743
	F1 Score of RRL  Model: 0.6437979098275289
2025-12-21 17:10:00,953 - [INFO] - On Validation Set:
Performance of  RRL Model: 
[[1267   19]
 [ 124   37]]
              precision    recall  f1-score   support

           0       0.91      0.99      0.95      1286
           1       0.66      0.23      0.34       161

    accuracy                           0.90      1447
   macro avg       0.79      0.61      0.64      1447
weighted avg       0.88      0.90      0.88      1447

2025-12-21 17:10:00,953 - [INFO] - ------------------------------------------------------------
2025-12-21 17:10:02,446 - [DEBUG] - y_true: (1447,) [0 0 0 0 0 1 0 0 0 0 0 0 0 0 0 0 0 1 0 0 0 0 0 0 1 0 0 0 0 0 0 0 0 0 0 0 0
 0 1 1 0]
2025-12-21 17:10:02,724 - [DEBUG] - y_rrl_: (1447,) [0 0 0 0 0 0 0 0 0 0 0 0 0 0 0 0 0 1 0 0 0 0 0 0 1 0 0 0 0 0 0 0 0 1 0 0 0
 0 0 0 0]
2025-12-21 17:10:02,724 - [DEBUG] - y_rrl: (1447, 2) [[ 1.6909341  -1.2617347 ]
 [ 0.36226562  0.09212345]
 [ 2.2842789  -1.92062   ]
 [ 2.2842789  -1.92062   ]
 [ 1.6909341  -1.2617347 ]
 [ 0.19953     0.18768635]
 [ 1.9658813  -1.4935851 ]
 [ 2.6471992  -2.3595018 ]
 [ 2.7922418  -2.4988773 ]
 [ 0.47447732 -0.04416397]
 [ 0.28078932  0.17017037]
 [ 1.990071   -1.578757  ]
 [ 1.6909341  -1.2617347 ]
 [ 1.8208387  -1.3542097 ]
 [ 1.9658813  -1.4935851 ]
 [ 1.9658813  -1.4935851 ]
 [ 2.7922418  -2.4988773 ]
 [ 0.13574666  0.309546  ]
 [ 1.8208387  -1.3542097 ]
 [ 1.8208387  -1.3542097 ]
 [ 1.8208387  -1.3542097 ]
 [ 1.9658813  -1.4935851 ]
 [ 1.6271507  -1.1398752 ]
 [ 1.8208387  -1.3542097 ]
 [-0.8660177   1.2267389 ]
 [ 0.34457266  0.04831073]
 [ 1.6271507  -1.1398752 ]
 [ 1.8208387  -1.3542097 ]
 [ 1.9658813  -1.4935851 ]
 [ 2.4293215  -2.0599954 ]
 [ 1.8450284  -1.4393814 ]
 [ 1.8208387  -1.3542097 ]
 [ 0.28078932  0.17017037]
 [ 0.13574666  0.309546  ]
 [ 1.6909341  -1.2617347 ]
 [ 2.6471992  -2.3595018 ]
 [ 1.9658813  -1.4935851 ]
 [ 1.8208387  -1.3542097 ]
 [ 0.47447732 -0.04416397]
 [ 0.19721124  0.17337155]
 [ 2.6471992  -2.3595018 ]]
2025-12-21 17:10:02,727 - [INFO] - ------------------------------------------------------------
2025-12-21 17:10:02,727 - [INFO] - On Validation Set:
	Accuracy of RRL  Model: 0.902557014512785
	F1 Score of RRL  Model: 0.6832828049978811
2025-12-21 17:10:02,733 - [INFO] - On Validation Set:
Performance of  RRL Model: 
[[1255   31]
 [ 110   51]]
              precision    recall  f1-score   support

           0       0.92      0.98      0.95      1286
           1       0.62      0.32      0.42       161

    accuracy                           0.90      1447
   macro avg       0.77      0.65      0.68      1447
weighted avg       0.89      0.90      0.89      1447

2025-12-21 17:10:02,733 - [INFO] - ------------------------------------------------------------
2025-12-21 17:10:03,453 - [INFO] - epoch: 54, loss_rrl: 222.15947399940342
2025-12-21 17:10:04,230 - [DEBUG] - y_true: (1447,) [0 0 0 0 0 1 0 0 0 0 0 0 0 0 0 0 0 1 0 0 0 0 0 0 1 0 0 0 0 0 0 0 0 0 0 0 0
 0 1 1 0]
2025-12-21 17:10:04,509 - [DEBUG] - y_rrl_: (1447,) [0 0 0 0 0 0 0 0 0 0 0 0 0 0 0 0 0 1 0 0 0 0 0 0 1 0 0 0 0 0 0 0 0 1 0 0 0
 0 0 0 0]
2025-12-21 17:10:04,510 - [DEBUG] - y_rrl: (1447, 2) [[ 1.702228   -1.2745976 ]
 [ 0.36101216  0.09168464]
 [ 2.7223148  -2.433597  ]
 [ 2.7223148  -2.433597  ]
 [ 1.966908   -1.4964218 ]
 [ 0.2812122   0.10470602]
 [ 2.365304   -1.9698122 ]
 [ 2.7223148  -2.433597  ]
 [ 2.8403149  -2.5459664 ]
 [ 0.54589236 -0.11711815]
 [ 0.28863725  0.16066685]
 [ 1.9900492  -1.5796579 ]
 [ 1.702228   -1.2745976 ]
 [ 2.2473044  -1.8574429 ]
 [ 1.966908   -1.4964218 ]
 [ 2.365304   -1.9698122 ]
 [ 2.8403149  -2.5459664 ]
 [ 0.17063746  0.27303612]
 [ 1.5842282  -1.1622285 ]
 [ 1.8489082  -1.3840525 ]
 [ 1.8489082  -1.3840525 ]
 [ 2.365304   -1.9698122 ]
 [ 1.966908   -1.4964218 ]
 [ 1.8489082  -1.3840525 ]
 [-0.83207524  1.1920458 ]
 [ 0.399212   -0.00766328]
 [ 2.365304   -1.9698122 ]
 [ 1.8489082  -1.3840525 ]
 [ 2.365304   -1.9698122 ]
 [ 2.4419188  -2.072576  ]
 [ 1.8720495  -1.4672886 ]
 [ 1.8489082  -1.3840525 ]
 [ 0.28863725  0.16066685]
 [ 0.17063746  0.27303612]
 [ 1.702228   -1.2745976 ]
 [ 2.7223148  -2.433597  ]
 [ 2.365304   -1.9698122 ]
 [ 1.8489082  -1.3840525 ]
 [ 0.54589236 -0.11711815]
 [ 0.19269088  0.1776134 ]
 [ 2.7223148  -2.433597  ]]
2025-12-21 17:10:04,512 - [INFO] - ------------------------------------------------------------
2025-12-21 17:10:04,512 - [INFO] - On Validation Set:
	Accuracy of RRL  Model: 0.902557014512785
	F1 Score of RRL  Model: 0.6709310933803001
2025-12-21 17:10:04,518 - [INFO] - On Validation Set:
Performance of  RRL Model: 
[[1260   26]
 [ 115   46]]
              precision    recall  f1-score   support

           0       0.92      0.98      0.95      1286
           1       0.64      0.29      0.39       161

    accuracy                           0.90      1447
   macro avg       0.78      0.63      0.67      1447
weighted avg       0.89      0.90      0.89      1447

2025-12-21 17:10:04,518 - [INFO] - ------------------------------------------------------------
2025-12-21 17:10:06,016 - [DEBUG] - y_true: (1447,) [0 0 0 0 0 1 0 0 0 0 0 0 0 0 0 0 0 1 0 0 0 0 0 0 1 0 0 0 0 0 0 0 0 0 0 0 0
 0 1 1 0]
2025-12-21 17:10:06,294 - [DEBUG] - y_rrl_: (1447,) [0 0 0 0 0 0 0 0 0 0 0 0 0 0 0 0 0 1 0 0 0 0 0 0 1 0 0 0 0 0 0 0 0 1 0 0 0
 0 0 1 0]
2025-12-21 17:10:06,294 - [DEBUG] - y_rrl: (1447, 2) [[ 1.849354   -1.4420129 ]
 [ 0.21383631  0.17583296]
 [ 1.5200455  -1.140518  ]
 [ 1.5200455  -1.140518  ]
 [ 1.569088   -1.2043622 ]
 [ 0.553727   -0.12648821]
 [ 1.849354   -1.4420129 ]
 [ 2.7267106  -2.4369469 ]
 [ 2.868067   -2.5727088 ]
 [ 0.553727   -0.12648821]
 [ 0.32871845  0.1189349 ]
 [ 1.8421242  -1.494009  ]
 [ 1.849354   -1.4420129 ]
 [ 1.7079976  -1.3062509 ]
 [ 1.849354   -1.4420129 ]
 [ 1.849354   -1.4420129 ]
 [ 2.868067   -2.5727088 ]
 [ 0.18736193  0.25469694]
 [ 1.4277315  -1.0686    ]
 [ 1.7079976  -1.3062509 ]
 [ 1.7079976  -1.3062509 ]
 [ 1.849354   -1.4420129 ]
 [ 1.4829888  -1.0608277 ]
 [ 1.7079976  -1.3062509 ]
 [-0.7969367   1.1561549 ]
 [ 0.6950835  -0.26225024]
 [ 1.4829888  -1.0608277 ]
 [ 1.7079976  -1.3062509 ]
 [ 1.849354   -1.4420129 ]
 [ 2.508932   -2.1395278 ]
 [ 1.7007675  -1.358247  ]
 [ 1.7079976  -1.3062509 ]
 [ 0.32871845  0.1189349 ]
 [ 0.18736193  0.25469694]
 [ 1.849354   -1.4420129 ]
 [ 2.7267106  -2.4369469 ]
 [ 1.849354   -1.4420129 ]
 [ 1.7079976  -1.3062509 ]
 [ 0.553727   -0.12648821]
 [ 0.07493582  0.23373142]
 [ 2.7267106  -2.4369469 ]]
2025-12-21 17:10:06,296 - [INFO] - ------------------------------------------------------------
2025-12-21 17:10:06,296 - [INFO] - On Validation Set:
	Accuracy of RRL  Model: 0.8997926744989634
	F1 Score of RRL  Model: 0.6882137470372764
2025-12-21 17:10:06,302 - [INFO] - On Validation Set:
Performance of  RRL Model: 
[[1247   39]
 [ 106   55]]
              precision    recall  f1-score   support

           0       0.92      0.97      0.95      1286
           1       0.59      0.34      0.43       161

    accuracy                           0.90      1447
   macro avg       0.75      0.66      0.69      1447
weighted avg       0.88      0.90      0.89      1447

2025-12-21 17:10:06,302 - [INFO] - ------------------------------------------------------------
2025-12-21 17:10:06,606 - [INFO] - epoch: 55, loss_rrl: 223.5122741824016
2025-12-21 17:10:07,951 - [DEBUG] - y_true: (1447,) [0 0 0 0 0 1 0 0 0 0 0 0 0 0 0 0 0 1 0 0 0 0 0 0 1 0 0 0 0 0 0 0 0 0 0 0 0
 0 1 1 0]
2025-12-21 17:10:08,248 - [DEBUG] - y_rrl_: (1447,) [0 0 0 0 0 0 0 0 0 0 0 0 0 0 0 0 0 0 0 0 0 0 0 0 1 0 0 0 0 0 0 0 0 0 0 0 0
 0 0 0 0]
2025-12-21 17:10:08,249 - [DEBUG] - y_rrl: (1447, 2) [[ 1.9173822  -1.4928706 ]
 [ 0.5572489  -0.10791427]
 [ 2.901819   -2.6111374 ]
 [ 2.901819   -2.6111374 ]
 [ 1.9173822  -1.4928706 ]
 [ 0.462354   -0.07901683]
 [ 2.5509503  -2.1571798 ]
 [ 2.901819   -2.6111374 ]
 [ 3.0478222  -2.7515826 ]
 [ 0.7161201  -0.29040763]
 [ 0.86212355 -0.4308529 ]
 [ 2.5509503  -2.1571798 ]
 [ 1.9173822  -1.4928706 ]
 [ 2.4049468  -2.0167346 ]
 [ 2.1711485  -1.7042613 ]
 [ 2.5509503  -2.1571798 ]
 [ 3.0478222  -2.7515826 ]
 [ 0.7161201  -0.29040763]
 [ 1.771379   -1.3524253 ]
 [ 2.025145   -1.5638161 ]
 [ 2.025145   -1.5638161 ]
 [ 2.5509503  -2.1571798 ]
 [ 1.7855816  -1.3039521 ]
 [ 2.025145   -1.5638161 ]
 [-0.64647937  1.0049489 ]
 [ 0.6083574  -0.21946213]
 [ 2.5509503  -2.1571798 ]
 [ 2.025145   -1.5638161 ]
 [ 2.5509503  -2.1571798 ]
 [ 2.6680207  -2.2986639 ]
 [ 2.4049468  -2.0167346 ]
 [ 2.025145   -1.5638161 ]
 [ 0.47655657 -0.03054367]
 [ 0.33055314  0.10990161]
 [ 1.9173822  -1.4928706 ]
 [ 2.901819   -2.6111374 ]
 [ 2.5509503  -2.1571798 ]
 [ 2.025145   -1.5638161 ]
 [ 0.7161201  -0.29040763]
 [ 1.4945621  -1.099996  ]
 [ 2.901819   -2.6111374 ]]
2025-12-21 17:10:08,251 - [INFO] - ------------------------------------------------------------
2025-12-21 17:10:08,251 - [INFO] - On Validation Set:
	Accuracy of RRL  Model: 0.8949550794747754
	F1 Score of RRL  Model: 0.5633328568478899
2025-12-21 17:10:08,257 - [INFO] - On Validation Set:
Performance of  RRL Model: 
[[1278    8]
 [ 144   17]]
              precision    recall  f1-score   support

           0       0.90      0.99      0.94      1286
           1       0.68      0.11      0.18       161

    accuracy                           0.89      1447
   macro avg       0.79      0.55      0.56      1447
weighted avg       0.87      0.89      0.86      1447

2025-12-21 17:10:08,257 - [INFO] - ------------------------------------------------------------
2025-12-21 17:10:09,768 - [INFO] - epoch: 56, loss_rrl: 223.7429413869977
2025-12-21 17:10:09,913 - [DEBUG] - y_true: (1447,) [0 0 0 0 0 1 0 0 0 0 0 0 0 0 0 0 0 1 0 0 0 0 0 0 1 0 0 0 0 0 0 0 0 0 0 0 0
 0 1 1 0]
2025-12-21 17:10:10,210 - [DEBUG] - y_rrl_: (1447,) [0 0 0 0 0 0 0 0 0 0 1 0 0 0 0 0 0 1 0 0 0 0 0 0 1 0 0 0 0 0 0 0 1 1 0 0 0
 0 0 0 0]
2025-12-21 17:10:10,211 - [DEBUG] - y_rrl: (1447, 2) [[ 1.9467382  -1.4871798 ]
 [ 0.4195252   0.02812645]
 [ 2.7999835  -2.508377  ]
 [ 2.7999835  -2.508377  ]
 [ 1.9467382  -1.4871798 ]
 [ 0.5901228  -0.16594586]
 [ 2.3393254  -1.9519656 ]
 [ 2.7999835  -2.508377  ]
 [ 2.9319696  -2.634841  ]
 [ 1.0507807  -0.7223573 ]
 [ 0.2167592   0.22208232]
 [ 1.9659618  -1.5639374 ]
 [ 1.9467382  -1.4871798 ]
 [ 2.3393254  -1.9519656 ]
 [ 1.9467382  -1.4871798 ]
 [ 2.3393254  -1.9519656 ]
 [ 2.9319696  -2.634841  ]
 [ 0.2167592   0.22208232]
 [ 1.6426841  -1.2252579 ]
 [ 1.9467382  -1.4871798 ]
 [ 1.9467382  -1.4871798 ]
 [ 2.3393254  -1.9519656 ]
 [ 1.5733746  -1.0991516 ]
 [ 1.9467382  -1.4871798 ]
 [-0.80579627  1.1635056 ]
 [ 0.5901228  -0.16594586]
 [ 2.3393254  -1.9519656 ]
 [ 1.9467382  -1.4871798 ]
 [ 2.3393254  -1.9519656 ]
 [ 2.5393825  -2.170055  ]
 [ 1.9659618  -1.5639374 ]
 [ 1.9467382  -1.4871798 ]
 [ 0.2167592   0.22208232]
 [ 0.2167592   0.22208232]
 [ 1.9467382  -1.4871798 ]
 [ 2.7999835  -2.508377  ]
 [ 2.3393254  -1.9519656 ]
 [ 1.9467382  -1.4871798 ]
 [ 0.5901228  -0.16594586]
 [ 0.39766532 -0.01907986]
 [ 2.7999835  -2.508377  ]]
2025-12-21 17:10:10,213 - [INFO] - ------------------------------------------------------------
2025-12-21 17:10:10,213 - [INFO] - On Validation Set:
	Accuracy of RRL  Model: 0.8956461644782309
	F1 Score of RRL  Model: 0.6419754704769083
2025-12-21 17:10:10,219 - [INFO] - On Validation Set:
Performance of  RRL Model: 
[[1257   29]
 [ 122   39]]
              precision    recall  f1-score   support

           0       0.91      0.98      0.94      1286
           1       0.57      0.24      0.34       161

    accuracy                           0.90      1447
   macro avg       0.74      0.61      0.64      1447
weighted avg       0.87      0.90      0.88      1447

2025-12-21 17:10:10,219 - [INFO] - ------------------------------------------------------------
2025-12-21 17:10:11,840 - [DEBUG] - y_true: (1447,) [0 0 0 0 0 1 0 0 0 0 0 0 0 0 0 0 0 1 0 0 0 0 0 0 1 0 0 0 0 0 0 0 0 0 0 0 0
 0 1 1 0]
2025-12-21 17:10:12,137 - [DEBUG] - y_rrl_: (1447,) [0 0 0 0 0 0 0 0 0 0 0 0 0 0 0 0 0 1 0 0 0 0 0 0 1 0 0 0 0 0 0 0 0 1 0 0 0
 0 1 0 0]
2025-12-21 17:10:12,137 - [DEBUG] - y_rrl: (1447, 2) [[ 1.7829343  -1.3615465 ]
 [ 0.4220344   0.0239372 ]
 [ 1.5056452  -1.126373  ]
 [ 1.5056452  -1.126373  ]
 [ 1.7829343  -1.3615465 ]
 [ 0.2553524   0.1254035 ]
 [ 2.042533   -1.579252  ]
 [ 1.8966442  -1.5886683 ]
 [ 2.9190228  -2.6210434 ]
 [ 1.0004417  -0.671798  ]
 [ 0.33536553  0.10735616]
 [ 2.0950103  -1.6884388 ]
 [ 1.7829343  -1.3615465 ]
 [ 1.8835965  -1.4258015 ]
 [ 2.042533   -1.579252  ]
 [ 2.042533   -1.579252  ]
 [ 2.9190228  -2.6210434 ]
 [ 0.17642927  0.2608067 ]
 [ 1.623998   -1.208096  ]
 [ 1.0201544  -0.546877  ]
 [ 1.8835965  -1.4258015 ]
 [ 2.042533   -1.579252  ]
 [ 1.7040112  -1.2261434 ]
 [ 1.8835965  -1.4258015 ]
 [-0.79191387  1.1488547 ]
 [ 0.41428867 -0.02804706]
 [ 2.042533   -1.579252  ]
 [ 1.0201544  -0.546877  ]
 [ 2.042533   -1.579252  ]
 [ 2.5280237  -2.1587481 ]
 [ 1.9360739  -1.5349882 ]
 [ 1.8835965  -1.4258015 ]
 [ 0.33536553  0.10735616]
 [ 0.17642927  0.2608067 ]
 [ 1.7829343  -1.3615465 ]
 [ 1.8966442  -1.5886683 ]
 [ 2.042533   -1.579252  ]
 [ 1.0201544  -0.546877  ]
 [ 0.17642927  0.2608067 ]
 [ 0.52282333 -0.13917176]
 [ 1.8966442  -1.5886683 ]]
2025-12-21 17:10:12,139 - [INFO] - ------------------------------------------------------------
2025-12-21 17:10:12,139 - [INFO] - On Validation Set:
	Accuracy of RRL  Model: 0.9039391845196959
	F1 Score of RRL  Model: 0.6704277509688097
2025-12-21 17:10:12,145 - [INFO] - On Validation Set:
Performance of  RRL Model: 
[[1263   23]
 [ 116   45]]
              precision    recall  f1-score   support

           0       0.92      0.98      0.95      1286
           1       0.66      0.28      0.39       161

    accuracy                           0.90      1447
   macro avg       0.79      0.63      0.67      1447
weighted avg       0.89      0.90      0.89      1447

2025-12-21 17:10:12,145 - [INFO] - ------------------------------------------------------------
2025-12-21 17:10:13,137 - [INFO] - epoch: 57, loss_rrl: 222.92145227734
2025-12-21 17:10:13,701 - [DEBUG] - y_true: (1447,) [0 0 0 0 0 1 0 0 0 0 0 0 0 0 0 0 0 1 0 0 0 0 0 0 1 0 0 0 0 0 0 0 0 0 0 0 0
 0 1 1 0]
2025-12-21 17:10:13,980 - [DEBUG] - y_rrl_: (1447,) [0 0 0 0 0 0 0 0 0 0 0 0 0 0 0 0 0 0 0 0 0 0 0 0 1 0 0 0 0 0 0 0 0 0 0 0 0
 0 0 0 0]
2025-12-21 17:10:13,981 - [DEBUG] - y_rrl: (1447, 2) [[ 1.7812508  -1.3614304 ]
 [ 0.45130205 -0.00701874]
 [ 2.831332   -2.5380065 ]
 [ 2.831332   -2.5380065 ]
 [ 1.7812508  -1.3614304 ]
 [ 0.3663972   0.01306263]
 [ 2.484258   -2.093176  ]
 [ 2.831332   -2.5380065 ]
 [ 2.942038   -2.6432626 ]
 [ 1.113363   -0.78455865]
 [ 0.7662889  -0.339728  ]
 [ 2.484258   -2.093176  ]
 [ 1.7812508  -1.3614304 ]
 [ 2.3735518  -1.9879196 ]
 [ 2.0704365  -1.6089649 ]
 [ 2.484258   -2.093176  ]
 [ 2.942038   -2.6432626 ]
 [ 0.65558285 -0.23447186]
 [ 1.6705446  -1.2561743 ]
 [ 1.9597303  -1.5037088 ]
 [ 1.9597303  -1.5037088 ]
 [ 2.484258   -2.093176  ]
 [ 1.6910316  -1.2150509 ]
 [ 1.9597303  -1.5037088 ]
 [-0.7176559   1.0738151 ]
 [ 0.47710326 -0.09219351]
 [ 2.484258   -2.093176  ]
 [ 1.9597303  -1.5037088 ]
 [ 2.484258   -2.093176  ]
 [ 2.5282164  -2.1590517 ]
 [ 2.3735518  -1.9879196 ]
 [ 1.9597303  -1.5037088 ]
 [ 0.38688403  0.0541859 ]
 [ 0.27617797  0.15944204]
 [ 1.7812508  -1.3614304 ]
 [ 2.831332   -2.5380065 ]
 [ 2.484258   -2.093176  ]
 [ 1.9597303  -1.5037088 ]
 [ 0.65558285 -0.23447186]
 [ 1.6444203  -1.2379341 ]
 [ 2.831332   -2.5380065 ]]
2025-12-21 17:10:13,983 - [INFO] - ------------------------------------------------------------
2025-12-21 17:10:13,983 - [INFO] - On Validation Set:
	Accuracy of RRL  Model: 0.8984105044920525
	F1 Score of RRL  Model: 0.5839392072294105
2025-12-21 17:10:13,989 - [INFO] - On Validation Set:
Performance of  RRL Model: 
[[1279    7]
 [ 140   21]]
              precision    recall  f1-score   support

           0       0.90      0.99      0.95      1286
           1       0.75      0.13      0.22       161

    accuracy                           0.90      1447
   macro avg       0.83      0.56      0.58      1447
weighted avg       0.88      0.90      0.87      1447

2025-12-21 17:10:13,989 - [INFO] - ------------------------------------------------------------
2025-12-21 17:10:15,517 - [DEBUG] - y_true: (1447,) [0 0 0 0 0 1 0 0 0 0 0 0 0 0 0 0 0 1 0 0 0 0 0 0 1 0 0 0 0 0 0 0 0 0 0 0 0
 0 1 1 0]
2025-12-21 17:10:15,797 - [DEBUG] - y_rrl_: (1447,) [0 0 0 0 0 0 0 0 0 0 0 0 0 0 0 0 0 0 0 0 0 0 0 0 1 0 0 0 0 0 0 0 0 0 0 0 0
 0 0 0 0]
2025-12-21 17:10:15,797 - [DEBUG] - y_rrl: (1447, 2) [[ 1.841212   -1.4229544 ]
 [ 0.48390207 -0.04130173]
 [ 1.998292   -1.6887858 ]
 [ 1.998292   -1.6887858 ]
 [ 0.974383   -0.5407998 ]
 [ 0.3119734   0.06619751]
 [ 2.5193417  -2.1291666 ]
 [ 2.865121   -2.5709405 ]
 [ 3.0085013  -2.7089067 ]
 [ 0.5900912  -0.17051041]
 [ 0.7334716  -0.30847657]
 [ 1.6525127  -1.2470121 ]
 [ 0.974383   -0.5407998 ]
 [ 1.5091324  -1.109046  ]
 [ 2.11933    -1.6596622 ]
 [ 2.5193417  -2.1291666 ]
 [ 3.0085013  -2.7089067 ]
 [ 0.5900912  -0.17051041]
 [ 1.6978317  -1.2849883 ]
 [ 1.9759495  -1.5216962 ]
 [ 1.9759495  -1.5216962 ]
 [ 1.6525127  -1.2470121 ]
 [ 1.2525009  -0.7775077 ]
 [ 1.9759495  -1.5216962 ]
 [-0.38666973  0.7276137 ]
 [ 0.45535374 -0.07176864]
 [ 2.172241   -1.7676347 ]
 [ 1.9759495  -1.5216962 ]
 [ 1.6525127  -1.2470121 ]
 [ 2.6084895  -2.2394023 ]
 [ 2.3759613  -1.9912006 ]
 [ 1.1091206  -0.6395416 ]
 [ 0.7334716  -0.30847657]
 [ 0.5900912  -0.17051041]
 [ 0.974383   -0.5407998 ]
 [ 2.865121   -2.5709405 ]
 [ 1.6525127  -1.2470121 ]
 [ 1.9759495  -1.5216962 ]
 [ 0.5900912  -0.17051041]
 [ 0.7145286  -0.36070096]
 [ 2.865121   -2.5709405 ]]
2025-12-21 17:10:15,799 - [INFO] - ------------------------------------------------------------
2025-12-21 17:10:15,799 - [INFO] - On Validation Set:
	Accuracy of RRL  Model: 0.9004837595024188
	F1 Score of RRL  Model: 0.6096574049096304
2025-12-21 17:10:15,805 - [INFO] - On Validation Set:
Performance of  RRL Model: 
[[1276   10]
 [ 134   27]]
              precision    recall  f1-score   support

           0       0.90      0.99      0.95      1286
           1       0.73      0.17      0.27       161

    accuracy                           0.90      1447
   macro avg       0.82      0.58      0.61      1447
weighted avg       0.89      0.90      0.87      1447

2025-12-21 17:10:15,805 - [INFO] - ------------------------------------------------------------
2025-12-21 17:10:16,343 - [INFO] - epoch: 58, loss_rrl: 222.4046911597252
2025-12-21 17:10:17,310 - [DEBUG] - y_true: (1447,) [0 0 0 0 0 1 0 0 0 0 0 0 0 0 0 0 0 1 0 0 0 0 0 0 1 0 0 0 0 0 0 0 0 0 0 0 0
 0 1 1 0]
2025-12-21 17:10:17,591 - [DEBUG] - y_rrl_: (1447,) [0 0 0 0 0 0 0 0 0 0 0 0 0 0 0 0 0 1 0 0 0 0 0 0 1 0 0 0 0 0 0 0 0 1 0 0 0
 0 0 0 0]
2025-12-21 17:10:17,592 - [DEBUG] - y_rrl: (1447, 2) [[ 1.7930216  -1.3763182 ]
 [ 0.42422718  0.01670036]
 [ 2.4065156  -2.04297   ]
 [ 2.4065156  -2.04297   ]
 [ 2.057701   -1.5998265 ]
 [ 0.31127998  0.0656065 ]
 [ 2.057701   -1.5998265 ]
 [ 2.7813613  -2.4864242 ]
 [ 2.9136605  -2.6133456 ]
 [ 0.5759595  -0.15790173]
 [ 0.34517518  0.09261468]
 [ 2.0694633  -1.665843  ]
 [ 1.7930216  -1.3763182 ]
 [ 1.9254018  -1.472905  ]
 [ 2.057701   -1.5998265 ]
 [ 2.057701   -1.5998265 ]
 [ 2.9136605  -2.6133456 ]
 [ 0.21287581  0.21953598]
 [ 1.6607223  -1.2493968 ]
 [ 1.9254018  -1.472905  ]
 [ 1.9254018  -1.472905  ]
 [ 2.057701   -1.5998265 ]
 [ 2.057701   -1.5998265 ]
 [ 1.9254018  -1.472905  ]
 [-0.77881026  1.1333998 ]
 [ 0.44357935 -0.06131479]
 [ 2.057701   -1.5998265 ]
 [ 1.9254018  -1.472905  ]
 [ 2.057701   -1.5998265 ]
 [ 2.5388148  -2.1698914 ]
 [ 1.9371641  -1.5389217 ]
 [ 1.9254018  -1.472905  ]
 [ 0.34517518  0.09261468]
 [ 0.21287581  0.21953598]
 [ 1.7930216  -1.3763182 ]
 [ 2.7813613  -2.4864242 ]
 [ 2.057701   -1.5998265 ]
 [ 1.9254018  -1.472905  ]
 [ 0.5759595  -0.15790173]
 [ 0.22038576  0.14748433]
 [ 2.7813613  -2.4864242 ]]
2025-12-21 17:10:17,594 - [INFO] - ------------------------------------------------------------
2025-12-21 17:10:17,594 - [INFO] - On Validation Set:
	Accuracy of RRL  Model: 0.9018659295093296
	F1 Score of RRL  Model: 0.6774145943230344
2025-12-21 17:10:17,600 - [INFO] - On Validation Set:
Performance of  RRL Model: 
[[1256   30]
 [ 112   49]]
              precision    recall  f1-score   support

           0       0.92      0.98      0.95      1286
           1       0.62      0.30      0.41       161

    accuracy                           0.90      1447
   macro avg       0.77      0.64      0.68      1447
weighted avg       0.88      0.90      0.89      1447

2025-12-21 17:10:17,600 - [INFO] - ------------------------------------------------------------
2025-12-21 17:10:19,173 - [DEBUG] - y_true: (1447,) [0 0 0 0 0 1 0 0 0 0 0 0 0 0 0 0 0 1 0 0 0 0 0 0 1 0 0 0 0 0 0 0 0 0 0 0 0
 0 1 1 0]
2025-12-21 17:10:19,455 - [DEBUG] - y_rrl_: (1447,) [0 1 0 0 0 0 0 0 0 0 0 0 0 0 0 0 0 0 0 0 0 0 0 0 1 0 0 0 0 0 0 0 0 0 0 0 0
 0 0 0 0]
2025-12-21 17:10:19,455 - [DEBUG] - y_rrl: (1447, 2) [[ 1.7052138  -1.2895954 ]
 [ 0.20095086  0.20318165]
 [ 1.568944   -1.1903112 ]
 [ 1.568944   -1.1903112 ]
 [ 1.4044544  -1.02977   ]
 [ 0.59002626 -0.17348549]
 [ 1.7052138  -1.2895954 ]
 [ 2.7961133  -2.5003886 ]
 [ 2.9360323  -2.634965  ]
 [ 0.59002626 -0.17348549]
 [ 0.59002626 -0.17348549]
 [ 2.0723653  -1.7244849 ]
 [ 1.7052138  -1.2895954 ]
 [ 1.7052138  -1.2895954 ]
 [ 1.7052138  -1.2895954 ]
 [ 1.7052138  -1.2895954 ]
 [ 2.9360323  -2.634965  ]
 [ 0.59002626 -0.17348549]
 [ 1.7052138  -1.2895954 ]
 [ 1.7052138  -1.2895954 ]
 [ 1.7052138  -1.2895954 ]
 [ 1.7052138  -1.2895954 ]
 [ 1.3617277  -0.9318316 ]
 [ 1.7052138  -1.2895954 ]
 [-0.7304369   1.0842389 ]
 [ 0.59002626 -0.17348549]
 [ 1.3617277  -0.9318316 ]
 [ 1.7052138  -1.2895954 ]
 [ 1.7052138  -1.2895954 ]
 [ 2.5688803  -2.2000756 ]
 [ 2.0723653  -1.7244849 ]
 [ 1.7052138  -1.2895954 ]
 [ 0.24654019  0.18427825]
 [ 0.24654019  0.18427825]
 [ 1.7052138  -1.2895954 ]
 [ 2.7961133  -2.5003886 ]
 [ 1.7052138  -1.2895954 ]
 [ 1.7052138  -1.2895954 ]
 [ 0.59002626 -0.17348549]
 [ 0.2809602   0.03176036]
 [ 2.7961133  -2.5003886 ]]
2025-12-21 17:10:19,458 - [INFO] - ------------------------------------------------------------
2025-12-21 17:10:19,458 - [INFO] - On Validation Set:
	Accuracy of RRL  Model: 0.8949550794747754
	F1 Score of RRL  Model: 0.6936201036384911
2025-12-21 17:10:19,464 - [INFO] - On Validation Set:
Performance of  RRL Model: 
[[1234   52]
 [ 100   61]]
              precision    recall  f1-score   support

           0       0.93      0.96      0.94      1286
           1       0.54      0.38      0.45       161

    accuracy                           0.89      1447
   macro avg       0.73      0.67      0.69      1447
weighted avg       0.88      0.89      0.89      1447

2025-12-21 17:10:19,464 - [INFO] - ------------------------------------------------------------
2025-12-21 17:10:19,582 - [INFO] - epoch: 59, loss_rrl: 223.87345568276942
2025-12-21 17:10:21,020 - [DEBUG] - y_true: (1447,) [0 0 0 0 0 1 0 0 0 0 0 0 0 0 0 0 0 1 0 0 0 0 0 0 1 0 0 0 0 0 0 0 0 0 0 0 0
 0 1 1 0]
2025-12-21 17:10:21,319 - [DEBUG] - y_rrl_: (1447,) [0 0 0 0 0 0 0 0 0 0 0 0 0 0 0 0 0 0 0 0 0 0 0 0 1 0 0 0 0 0 0 0 0 0 0 0 0
 0 0 0 0]
2025-12-21 17:10:21,320 - [DEBUG] - y_rrl: (1447, 2) [[ 1.883448   -1.4698136 ]
 [ 0.4792412  -0.04161766]
 [ 2.4979305  -2.1345952 ]
 [ 2.4979305  -2.1345952 ]
 [ 1.883448   -1.4698136 ]
 [ 0.34960413  0.02473626]
 [ 2.1494036  -1.695067  ]
 [ 2.86626    -2.5698326 ]
 [ 3.0312605  -2.729526  ]
 [ 0.61555976 -0.20051727]
 [ 0.4226154   0.0119361 ]
 [ 2.159789   -1.7581576 ]
 [ 1.883448   -1.4698136 ]
 [ 1.9844033  -1.5353736 ]
 [ 2.1494036  -1.695067  ]
 [ 2.1494036  -1.695067  ]
 [ 3.0312605  -2.729526  ]
 [ 0.2576152   0.17162958]
 [ 1.7184478  -1.31012   ]
 [ 1.9844033  -1.5353736 ]
 [ 1.9844033  -1.5353736 ]
 [ 2.1494036  -1.695067  ]
 [ 1.791459   -1.3229202 ]
 [ 1.9844033  -1.5353736 ]
 [-0.68117225  1.0342001 ]
 [ 0.51460433 -0.13495722]
 [ 2.1494036  -1.695067  ]
 [ 1.9844033  -1.5353736 ]
 [ 2.1494036  -1.695067  ]
 [ 2.6629305  -2.2942886 ]
 [ 1.9947888  -1.5984641 ]
 [ 1.9844033  -1.5353736 ]
 [ 0.4226154   0.0119361 ]
 [ 0.2576152   0.17162958]
 [ 1.883448   -1.4698136 ]
 [ 2.86626    -2.5698326 ]
 [ 2.1494036  -1.695067  ]
 [ 1.9844033  -1.5353736 ]
 [ 0.2576152   0.17162958]
 [ 0.33079207  0.03626838]
 [ 2.86626    -2.5698326 ]]
2025-12-21 17:10:21,323 - [INFO] - ------------------------------------------------------------
2025-12-21 17:10:21,323 - [INFO] - On Validation Set:
	Accuracy of RRL  Model: 0.9067035245335177
	F1 Score of RRL  Model: 0.6799118444661101
2025-12-21 17:10:21,331 - [INFO] - On Validation Set:
Performance of  RRL Model: 
[[1265   21]
 [ 114   47]]
              precision    recall  f1-score   support

           0       0.92      0.98      0.95      1286
           1       0.69      0.29      0.41       161

    accuracy                           0.91      1447
   macro avg       0.80      0.64      0.68      1447
weighted avg       0.89      0.91      0.89      1447

2025-12-21 17:10:21,331 - [INFO] - ------------------------------------------------------------
2025-12-21 17:10:22,554 - [INFO] - epoch: 60, loss_rrl: 222.71153096482158
2025-12-21 17:10:22,885 - [DEBUG] - y_true: (1447,) [0 0 0 0 0 1 0 0 0 0 0 0 0 0 0 0 0 1 0 0 0 0 0 0 1 0 0 0 0 0 0 0 0 0 0 0 0
 0 1 1 0]
2025-12-21 17:10:23,174 - [DEBUG] - y_rrl_: (1447,) [0 1 0 0 0 0 0 0 0 0 0 0 0 0 0 0 0 0 0 0 0 0 0 0 1 0 0 0 0 0 0 0 0 1 0 0 0
 0 0 0 0]
2025-12-21 17:10:23,174 - [DEBUG] - y_rrl: (1447, 2) [[ 1.5126028  -1.135225  ]
 [ 0.14859483  0.25265378]
 [ 2.7292893  -2.4321775 ]
 [ 2.7292893  -2.4321775 ]
 [ 1.5126028  -1.135225  ]
 [ 0.2647444   0.10832623]
 [ 2.2109013  -1.859127  ]
 [ 2.7292893  -2.4321775 ]
 [ 2.8468287  -2.5444448 ]
 [ 0.5714443  -0.15790609]
 [ 0.68898374 -0.27017346]
 [ 2.2109013  -1.859127  ]
 [ 1.5126028  -1.135225  ]
 [ 2.0933616  -1.7468598 ]
 [ 1.8193027  -1.4014573 ]
 [ 2.2109013  -1.859127  ]
 [ 2.8468287  -2.5444448 ]
 [ 0.5714443  -0.15790609]
 [ 1.3950633  -1.0229577 ]
 [ 1.701763   -1.28919   ]
 [ 1.701763   -1.28919   ]
 [ 2.2109013  -1.859127  ]
 [ 1.4500679  -1.0180967 ]
 [ 1.701763   -1.28919   ]
 [-0.78896964  1.1412096 ]
 [ 0.3822839  -0.00394115]
 [ 1.8416663  -1.4757664 ]
 [ 1.701763   -1.28919   ]
 [ 2.2109013  -1.859127  ]
 [ 2.4552305  -2.086775  ]
 [ 2.0933616  -1.7468598 ]
 [ 1.701763   -1.28919   ]
 [ 0.319749    0.11318719]
 [ 0.2022095   0.22545457]
 [ 1.5126028  -1.135225  ]
 [ 2.7292893  -2.4321775 ]
 [ 2.2109013  -1.859127  ]
 [ 1.701763   -1.28919   ]
 [ 0.5714443  -0.15790609]
 [ 0.3961029  -0.07832029]
 [ 2.7292893  -2.4321775 ]]
2025-12-21 17:10:23,177 - [INFO] - ------------------------------------------------------------
2025-12-21 17:10:23,177 - [INFO] - On Validation Set:
	Accuracy of RRL  Model: 0.9018659295093296
	F1 Score of RRL  Model: 0.6913803876332264
2025-12-21 17:10:23,183 - [INFO] - On Validation Set:
Performance of  RRL Model: 
[[1250   36]
 [ 106   55]]
              precision    recall  f1-score   support

           0       0.92      0.97      0.95      1286
           1       0.60      0.34      0.44       161

    accuracy                           0.90      1447
   macro avg       0.76      0.66      0.69      1447
weighted avg       0.89      0.90      0.89      1447

2025-12-21 17:10:23,183 - [INFO] - ------------------------------------------------------------
2025-12-21 17:10:24,721 - [DEBUG] - y_true: (1447,) [0 0 0 0 0 1 0 0 0 0 0 0 0 0 0 0 0 1 0 0 0 0 0 0 1 0 0 0 0 0 0 0 0 0 0 0 0
 0 1 1 0]
2025-12-21 17:10:25,003 - [DEBUG] - y_rrl_: (1447,) [0 0 0 0 0 0 0 0 0 0 0 0 0 0 0 0 0 1 0 0 0 0 0 0 1 0 0 0 0 0 0 0 0 1 0 0 0
 0 0 0 0]
2025-12-21 17:10:25,004 - [DEBUG] - y_rrl: (1447, 2) [[ 1.7809454  -1.370358  ]
 [ 0.39252496  0.04181713]
 [ 2.7506845  -2.4528964 ]
 [ 2.7506845  -2.4528964 ]
 [ 1.7809454  -1.370358  ]
 [ 0.2520863   0.11972386]
 [ 2.42818    -2.042601  ]
 [ 2.7506845  -2.4528964 ]
 [ 2.910972   -2.607947  ]
 [ 1.0128117  -0.68331844]
 [ 0.34503528  0.08629942]
 [ 2.082908   -1.6832786 ]
 [ 1.7809454  -1.370358  ]
 [ 2.2678926  -1.8875506 ]
 [ 2.058879   -1.6080542 ]
 [ 2.42818    -2.042601  ]
 [ 2.910972   -2.607947  ]
 [ 0.18474773  0.24135017]
 [ 1.8985914  -1.4530034 ]
 [ 1.8985914  -1.4530034 ]
 [ 1.8985914  -1.4530034 ]
 [ 2.42818    -2.042601  ]
 [ 1.7136068  -1.2487316 ]
 [ 1.8985914  -1.4530034 ]
 [-0.76183414  1.113287  ]
 [ 0.41237387 -0.0353269 ]
 [ 2.082908   -1.6832786 ]
 [ 1.8985914  -1.4530034 ]
 [ 2.42818    -2.042601  ]
 [ 2.5416708  -2.1734002 ]
 [ 1.9226205  -1.528228  ]
 [ 1.8985914  -1.4530034 ]
 [ 0.34503528  0.08629942]
 [ 0.18474773  0.24135017]
 [ 1.7809454  -1.370358  ]
 [ 2.7506845  -2.4528964 ]
 [ 2.42818    -2.042601  ]
 [ 1.8985914  -1.4530034 ]
 [ 0.5300198  -0.11797243]
 [ 1.2000471  -0.78547686]
 [ 2.7506845  -2.4528964 ]]
2025-12-21 17:10:25,006 - [INFO] - ------------------------------------------------------------
2025-12-21 17:10:25,006 - [INFO] - On Validation Set:
	Accuracy of RRL  Model: 0.8956461644782309
	F1 Score of RRL  Model: 0.6071674496457267
2025-12-21 17:10:25,012 - [INFO] - On Validation Set:
Performance of  RRL Model: 
[[1268   18]
 [ 133   28]]
              precision    recall  f1-score   support

           0       0.91      0.99      0.94      1286
           1       0.61      0.17      0.27       161

    accuracy                           0.90      1447
   macro avg       0.76      0.58      0.61      1447
weighted avg       0.87      0.90      0.87      1447

2025-12-21 17:10:25,012 - [INFO] - ------------------------------------------------------------
2025-12-21 17:10:25,807 - [INFO] - epoch: 61, loss_rrl: 224.78930522315204
2025-12-21 17:10:26,660 - [DEBUG] - y_true: (1447,) [0 0 0 0 0 1 0 0 0 0 0 0 0 0 0 0 0 1 0 0 0 0 0 0 1 0 0 0 0 0 0 0 0 0 0 0 0
 0 1 1 0]
2025-12-21 17:10:26,943 - [DEBUG] - y_rrl_: (1447,) [0 0 0 0 0 0 0 0 0 0 0 0 0 0 0 0 0 0 0 0 0 0 0 0 1 0 0 0 0 0 0 0 0 1 0 0 0
 0 0 0 0]
2025-12-21 17:10:26,943 - [DEBUG] - y_rrl: (1447, 2) [[ 1.7695879  -1.3605283 ]
 [ 0.39559484  0.03710184]
 [ 2.8222318  -2.5238483 ]
 [ 2.8222318  -2.5238483 ]
 [ 2.045994   -1.5969297 ]
 [ 0.2947949   0.07574585]
 [ 2.4683375  -2.083692  ]
 [ 2.8222318  -2.5238483 ]
 [ 2.9371135  -2.633528  ]
 [ 0.5712011  -0.16065559]
 [ 0.68608296 -0.2703353 ]
 [ 2.4683375  -2.083692  ]
 [ 1.7695879  -1.3605283 ]
 [ 2.353456   -1.9740123 ]
 [ 2.045994   -1.5969297 ]
 [ 2.4683375  -2.083692  ]
 [ 2.9371135  -2.633528  ]
 [ 0.5712011  -0.16065559]
 [ 1.654706   -1.2508487 ]
 [ 1.9311123  -1.48725   ]
 [ 1.9311123  -1.48725   ]
 [ 2.4683375  -2.083692  ]
 [ 1.6695161  -1.2064769 ]
 [ 1.9311123  -1.48725   ]
 [-0.7596283   1.1102747 ]
 [ 0.40967673 -0.03393385]
 [ 2.4683375  -2.083692  ]
 [ 1.9311123  -1.48725   ]
 [ 2.4683375  -2.083692  ]
 [ 2.51477    -2.1467657 ]
 [ 2.353456   -1.9740123 ]
 [ 1.9311123  -1.48725   ]
 [ 0.30960497  0.12011752]
 [ 0.19472313  0.22979721]
 [ 1.7695879  -1.3605283 ]
 [ 2.8222318  -2.5238483 ]
 [ 2.4683375  -2.083692  ]
 [ 1.9311123  -1.48725   ]
 [ 0.5712011  -0.16065559]
 [ 1.3142678  -0.92861605]
 [ 2.8222318  -2.5238483 ]]
2025-12-21 17:10:26,946 - [INFO] - ------------------------------------------------------------
2025-12-21 17:10:26,946 - [INFO] - On Validation Set:
	Accuracy of RRL  Model: 0.8984105044920525
	F1 Score of RRL  Model: 0.5839392072294105
2025-12-21 17:10:26,951 - [INFO] - On Validation Set:
Performance of  RRL Model: 
[[1279    7]
 [ 140   21]]
              precision    recall  f1-score   support

           0       0.90      0.99      0.95      1286
           1       0.75      0.13      0.22       161

    accuracy                           0.90      1447
   macro avg       0.83      0.56      0.58      1447
weighted avg       0.88      0.90      0.87      1447

2025-12-21 17:10:26,952 - [INFO] - ------------------------------------------------------------
2025-12-21 17:10:28,527 - [DEBUG] - y_true: (1447,) [0 0 0 0 0 1 0 0 0 0 0 0 0 0 0 0 0 1 0 0 0 0 0 0 1 0 0 0 0 0 0 0 0 0 0 0 0
 0 1 1 0]
2025-12-21 17:10:28,808 - [DEBUG] - y_rrl_: (1447,) [0 0 0 0 0 0 0 0 0 0 0 0 0 0 0 0 0 0 0 0 0 0 0 0 1 0 0 0 0 0 0 0 0 0 0 0 0
 0 0 0 0]
2025-12-21 17:10:28,809 - [DEBUG] - y_rrl: (1447, 2) [[ 2.0629716  -1.5926614 ]
 [ 0.3689643   0.08509654]
 [ 1.9796939  -1.6658835 ]
 [ 1.9796939  -1.6658835 ]
 [ 1.7631836  -1.332644  ]
 [ 0.59891903 -0.18986833]
 [ 2.4490561  -2.0423396 ]
 [ 2.8557992  -2.5567772 ]
 [ 3.0051942  -2.7010043 ]
 [ 1.0684919  -0.73897296]
 [ 0.37959492  0.04852372]
 [ 2.0803373  -1.6597202 ]
 [ 2.0629716  -1.5926614 ]
 [ 2.2996614  -1.8981123 ]
 [ 2.0629716  -1.5926614 ]
 [ 2.4490561  -2.0423396 ]
 [ 3.0051942  -2.7010043 ]
 [ 0.23020008  0.19275105]
 [ 1.9135768  -1.4484341 ]
 [ 1.9135768  -1.4484341 ]
 [ 1.9135768  -1.4484341 ]
 [ 2.4490561  -2.0423396 ]
 [ 1.6942527  -1.210042  ]
 [ 1.9135768  -1.4484341 ]
 [-0.7122917   1.0621369 ]
 [ 0.7483139  -0.33409566]
 [ 2.0803373  -1.6597202 ]
 [ 1.9135768  -1.4484341 ]
 [ 2.4490561  -2.0423396 ]
 [ 2.6191096  -2.251326  ]
 [ 1.9309424  -1.5154929 ]
 [ 1.9135768  -1.4484341 ]
 [ 0.37959492  0.04852372]
 [ 0.23020008  0.19275105]
 [ 2.0629716  -1.5926614 ]
 [ 2.8557992  -2.5567772 ]
 [ 2.4490561  -2.0423396 ]
 [ 1.9135768  -1.4484341 ]
 [ 0.59891903 -0.18986833]
 [ 0.2899269   0.09838104]
 [ 2.8557992  -2.5567772 ]]
2025-12-21 17:10:28,811 - [INFO] - ------------------------------------------------------------
2025-12-21 17:10:28,811 - [INFO] - On Validation Set:
	Accuracy of RRL  Model: 0.9060124395300622
	F1 Score of RRL  Model: 0.6682445918972865
2025-12-21 17:10:28,818 - [INFO] - On Validation Set:
Performance of  RRL Model: 
[[1268   18]
 [ 118   43]]
              precision    recall  f1-score   support

           0       0.91      0.99      0.95      1286
           1       0.70      0.27      0.39       161

    accuracy                           0.91      1447
   macro avg       0.81      0.63      0.67      1447
weighted avg       0.89      0.91      0.89      1447

2025-12-21 17:10:28,818 - [INFO] - ------------------------------------------------------------
2025-12-21 17:10:29,163 - [INFO] - epoch: 62, loss_rrl: 224.76675564050674
2025-12-21 17:10:30,443 - [DEBUG] - y_true: (1447,) [0 0 0 0 0 1 0 0 0 0 0 0 0 0 0 0 0 1 0 0 0 0 0 0 1 0 0 0 0 0 0 0 0 0 0 0 0
 0 1 1 0]
2025-12-21 17:10:30,745 - [DEBUG] - y_rrl_: (1447,) [0 0 0 0 0 0 0 0 0 0 0 0 0 0 0 0 0 0 0 0 0 0 0 0 1 0 0 0 0 0 0 0 0 0 0 0 0
 0 0 0 0]
2025-12-21 17:10:30,746 - [DEBUG] - y_rrl: (1447, 2) [[ 1.8797857e+00 -1.4737384e+00]
 [ 4.7764799e-01 -4.8193574e-02]
 [ 1.6273661e+00 -1.2502742e+00]
 [ 2.4985454e+00 -2.1361666e+00]
 [ 1.0086062e+00 -5.8784604e-01]
 [ 3.6988163e-01 -1.8518865e-03]
 [ 2.1579680e+00 -1.7123802e+00]
 [ 2.8641963e+00 -2.5646091e+00]
 [ 3.0178084e+00 -2.7130892e+00]
 [ 6.4806402e-01 -2.4049369e-01]
 [ 8.0167615e-01 -3.8897374e-01]
 [ 1.6524391e+00 -1.2549300e+00]
 [ 1.0086062e+00 -5.8784604e-01]
 [ 1.1331764e+00 -6.7800772e-01]
 [ 2.1579680e+00 -1.7123802e+00]
 [ 2.1579680e+00 -1.7123802e+00]
 [ 3.0178084e+00 -2.7130892e+00]
 [ 6.4806402e-01 -2.4049369e-01]
 [ 1.7261735e+00 -1.3252583e+00]
 [ 2.0043559e+00 -1.5639000e+00]
 [ 2.0043559e+00 -1.5639000e+00]
 [ 1.2867886e+00 -8.2648784e-01]
 [ 9.0944254e-01 -4.3531549e-01]
 [ 2.0043559e+00 -1.5639000e+00]
 [-6.7666185e-01  1.0257061e+00]
 [ 5.2349377e-01 -1.5033194e-01]
 [ 2.1579680e+00 -1.7123802e+00]
 [ 2.0043559e+00 -1.5639000e+00]
 [ 1.2867886e+00 -8.2648784e-01]
 [ 2.6521575e+00 -2.2846470e+00]
 [ 2.3700063e+00 -1.9923422e+00]
 [ 1.1331764e+00 -6.7800772e-01]
 [ 4.2433017e-01  2.1985769e-03]
 [ 2.7071804e-01  1.5067863e-01]
 [ 1.0086062e+00 -5.8784604e-01]
 [ 2.8641963e+00 -2.5646091e+00]
 [ 1.2867886e+00 -8.2648784e-01]
 [ 2.0043559e+00 -1.5639000e+00]
 [ 6.4806402e-01 -2.4049369e-01]
 [ 6.9995749e-01 -3.4892645e-01]
 [ 2.8641963e+00 -2.5646091e+00]]
2025-12-21 17:10:30,748 - [INFO] - ------------------------------------------------------------
2025-12-21 17:10:30,748 - [INFO] - On Validation Set:
	Accuracy of RRL  Model: 0.9067035245335177
	F1 Score of RRL  Model: 0.6799118444661101
2025-12-21 17:10:30,755 - [INFO] - On Validation Set:
Performance of  RRL Model: 
[[1265   21]
 [ 114   47]]
              precision    recall  f1-score   support

           0       0.92      0.98      0.95      1286
           1       0.69      0.29      0.41       161

    accuracy                           0.91      1447
   macro avg       0.80      0.64      0.68      1447
weighted avg       0.89      0.91      0.89      1447

2025-12-21 17:10:30,756 - [INFO] - ------------------------------------------------------------
2025-12-21 17:10:32,248 - [INFO] - epoch: 63, loss_rrl: 223.9787592133507
2025-12-21 17:10:32,345 - [DEBUG] - y_true: (1447,) [0 0 0 0 0 1 0 0 0 0 0 0 0 0 0 0 0 1 0 0 0 0 0 0 1 0 0 0 0 0 0 0 0 0 0 0 0
 0 1 1 0]
2025-12-21 17:10:32,635 - [DEBUG] - y_rrl_: (1447,) [0 0 0 0 0 0 0 0 0 0 1 0 0 0 0 0 0 1 0 0 0 0 0 0 1 0 0 0 0 0 0 0 1 1 0 0 0
 0 0 1 0]
2025-12-21 17:10:32,637 - [DEBUG] - y_rrl: (1447, 2) [[ 1.984161   -1.5454047 ]
 [ 0.4036136   0.02422181]
 [ 2.8321786  -2.5320058 ]
 [ 2.8321786  -2.5320058 ]
 [ 1.6659157  -1.2664692 ]
 [ 0.56793773 -0.16185302]
 [ 2.351282   -1.9745151 ]
 [ 2.8321786  -2.5320058 ]
 [ 2.9691758  -2.6639056 ]
 [ 0.56793773 -0.16185302]
 [-0.12666368  0.5071906 ]
 [ 1.6566803  -1.3054715 ]
 [ 1.984161   -1.5454047 ]
 [ 2.351282   -1.9745151 ]
 [ 1.984161   -1.5454047 ]
 [ 2.0330365  -1.6955796 ]
 [ 2.9691758  -2.6639056 ]
 [-0.12666368  0.5071906 ]
 [ 1.6659157  -1.2664692 ]
 [ 1.984161   -1.5454047 ]
 [ 1.984161   -1.5454047 ]
 [ 2.351282   -1.9745151 ]
 [ 1.607805   -1.1552966 ]
 [ 1.984161   -1.5454047 ]
 [-0.79117906  1.1394129 ]
 [ 0.56793773 -0.16185302]
 [ 1.6566803  -1.3054715 ]
 [ 1.984161   -1.5454047 ]
 [ 2.0330365  -1.6955796 ]
 [ 2.602055   -2.234795  ]
 [ 1.6566803  -1.3054715 ]
 [ 1.984161   -1.5454047 ]
 [-0.12666368  0.5071906 ]
 [-0.12666368  0.5071906 ]
 [ 1.984161   -1.5454047 ]
 [ 2.8321786  -2.5320058 ]
 [ 2.351282   -1.9745151 ]
 [ 1.984161   -1.5454047 ]
 [ 0.24969238  0.11708248]
 [ 0.1062189   0.22733364]
 [ 2.8321786  -2.5320058 ]]
2025-12-21 17:10:32,639 - [INFO] - ------------------------------------------------------------
2025-12-21 17:10:32,639 - [INFO] - On Validation Set:
	Accuracy of RRL  Model: 0.8977194194885971
	F1 Score of RRL  Model: 0.6663114069531182
2025-12-21 17:10:32,645 - [INFO] - On Validation Set:
Performance of  RRL Model: 
[[1252   34]
 [ 114   47]]
              precision    recall  f1-score   support

           0       0.92      0.97      0.94      1286
           1       0.58      0.29      0.39       161

    accuracy                           0.90      1447
   macro avg       0.75      0.63      0.67      1447
weighted avg       0.88      0.90      0.88      1447

2025-12-21 17:10:32,645 - [INFO] - ------------------------------------------------------------
2025-12-21 17:10:34,198 - [DEBUG] - y_true: (1447,) [0 0 0 0 0 1 0 0 0 0 0 0 0 0 0 0 0 1 0 0 0 0 0 0 1 0 0 0 0 0 0 0 0 0 0 0 0
 0 1 1 0]
2025-12-21 17:10:34,482 - [DEBUG] - y_rrl_: (1447,) [0 0 0 0 0 0 0 0 0 0 0 0 0 0 0 0 0 1 0 0 0 0 0 0 1 0 0 0 0 0 0 0 0 1 0 0 0
 0 1 0 0]
2025-12-21 17:10:34,482 - [DEBUG] - y_rrl: (1447, 2) [[ 1.8172427  -1.4142082 ]
 [ 0.39465922  0.03155208]
 [ 2.422554   -2.0606499 ]
 [ 2.422554   -2.0606499 ]
 [ 1.8172427  -1.4142082 ]
 [ 0.24078885  0.12473822]
 [ 2.080813   -1.6386974 ]
 [ 2.8067427  -2.5060594 ]
 [ 2.9709878  -2.6652412 ]
 [ 1.0103449  -0.6808853 ]
 [ 0.3106122   0.11273712]
 [ 2.10701    -1.7124369 ]
 [ 1.8172427  -1.4142082 ]
 [ 1.9165679  -1.4795153 ]
 [ 2.080813   -1.6386974 ]
 [ 2.080813   -1.6386974 ]
 [ 2.9709878  -2.6652412 ]
 [ 0.14636719  0.2719193 ]
 [ 1.6529976  -1.2550261 ]
 [ 1.9165679  -1.4795153 ]
 [ 1.9165679  -1.4795153 ]
 [ 2.080813   -1.6386974 ]
 [ 1.7228211  -1.2670271 ]
 [ 1.9165679  -1.4795153 ]
 [-0.7782526   1.1256707 ]
 [ 0.40503386 -0.03444397]
 [ 2.080813   -1.6386974 ]
 [ 1.9165679  -1.4795153 ]
 [ 2.080813   -1.6386974 ]
 [ 2.5867991  -2.219832  ]
 [ 1.9427648  -1.5532546 ]
 [ 1.9165679  -1.4795153 ]
 [ 0.3106122   0.11273712]
 [ 0.14636719  0.2719193 ]
 [ 1.8172427  -1.4142082 ]
 [ 2.8067427  -2.5060594 ]
 [ 2.080813   -1.6386974 ]
 [ 1.9165679  -1.4795153 ]
 [ 0.14636719  0.2719193 ]
 [ 0.54561406 -0.16826676]
 [ 2.8067427  -2.5060594 ]]
2025-12-21 17:10:34,484 - [INFO] - ------------------------------------------------------------
2025-12-21 17:10:34,484 - [INFO] - On Validation Set:
	Accuracy of RRL  Model: 0.9039391845196959
	F1 Score of RRL  Model: 0.6704277509688097
2025-12-21 17:10:34,490 - [INFO] - On Validation Set:
Performance of  RRL Model: 
[[1263   23]
 [ 116   45]]
              precision    recall  f1-score   support

           0       0.92      0.98      0.95      1286
           1       0.66      0.28      0.39       161

    accuracy                           0.90      1447
   macro avg       0.79      0.63      0.67      1447
weighted avg       0.89      0.90      0.89      1447

2025-12-21 17:10:34,490 - [INFO] - ------------------------------------------------------------
2025-12-21 17:10:35,521 - [INFO] - epoch: 64, loss_rrl: 224.51739856787026
2025-12-21 17:10:36,055 - [DEBUG] - y_true: (1447,) [0 0 0 0 0 1 0 0 0 0 0 0 0 0 0 0 0 1 0 0 0 0 0 0 1 0 0 0 0 0 0 0 0 0 0 0 0
 0 1 1 0]
2025-12-21 17:10:36,342 - [DEBUG] - y_rrl_: (1447,) [0 0 0 0 0 0 0 0 0 0 1 0 0 0 0 0 0 1 0 0 0 0 0 0 1 0 0 0 0 0 0 0 1 1 0 0 0
 0 1 0 0]
2025-12-21 17:10:36,343 - [DEBUG] - y_rrl: (1447, 2) [[ 1.7254112  -1.3014605 ]
 [ 0.34322247  0.10379076]
 [ 2.840483   -2.539342  ]
 [ 2.840483   -2.539342  ]
 [ 2.013644   -1.5508419 ]
 [ 0.28994662  0.07433191]
 [ 2.397855   -1.9955081 ]
 [ 2.840483   -2.539342  ]
 [ 2.9451747  -2.6390047 ]
 [ 0.57817936 -0.17504945]
 [-0.00794378  0.39085543]
 [ 1.7070402  -1.3299403 ]
 [ 1.7254112  -1.3014605 ]
 [ 2.2931633  -1.8958452 ]
 [ 2.013644   -1.5508419 ]
 [ 2.1096222  -1.7461268 ]
 [ 2.9451747  -2.6390047 ]
 [-0.11263546  0.4905184 ]
 [ 1.6207194  -1.2017976 ]
 [ 1.9089521  -1.451179  ]
 [ 1.9089521  -1.451179  ]
 [ 2.397855   -1.9955081 ]
 [ 1.6110618  -1.1346555 ]
 [ 1.9089521  -1.451179  ]
 [-0.7759938   1.1225839 ]
 [ 0.3946383  -0.02533105]
 [ 2.397855   -1.9955081 ]
 [ 1.9089521  -1.451179  ]
 [ 2.1096222  -1.7461268 ]
 [ 2.5609636  -2.1943383 ]
 [ 1.6023484  -1.2302774 ]
 [ 1.9089521  -1.451179  ]
 [-0.00794378  0.39085543]
 [-0.11263546  0.4905184 ]
 [ 1.7254112  -1.3014605 ]
 [ 2.840483   -2.539342  ]
 [ 2.1096222  -1.7461268 ]
 [ 1.9089521  -1.451179  ]
 [-0.11263546  0.4905184 ]
 [ 0.5337833  -0.15557343]
 [ 2.840483   -2.539342  ]]
2025-12-21 17:10:36,345 - [INFO] - ------------------------------------------------------------
2025-12-21 17:10:36,345 - [INFO] - On Validation Set:
	Accuracy of RRL  Model: 0.8963372494816862
	F1 Score of RRL  Model: 0.6667986883796331
2025-12-21 17:10:36,351 - [INFO] - On Validation Set:
Performance of  RRL Model: 
[[1249   37]
 [ 113   48]]
              precision    recall  f1-score   support

           0       0.92      0.97      0.94      1286
           1       0.56      0.30      0.39       161

    accuracy                           0.90      1447
   macro avg       0.74      0.63      0.67      1447
weighted avg       0.88      0.90      0.88      1447

2025-12-21 17:10:36,351 - [INFO] - ------------------------------------------------------------
2025-12-21 17:10:37,902 - [DEBUG] - y_true: (1447,) [0 0 0 0 0 1 0 0 0 0 0 0 0 0 0 0 0 1 0 0 0 0 0 0 1 0 0 0 0 0 0 0 0 0 0 0 0
 0 1 1 0]
2025-12-21 17:10:38,186 - [DEBUG] - y_rrl_: (1447,) [0 0 0 0 0 0 0 0 0 0 0 0 0 0 0 0 0 0 0 0 0 0 0 0 1 0 0 0 0 0 0 0 0 0 0 0 0
 0 0 0 0]
2025-12-21 17:10:38,187 - [DEBUG] - y_rrl: (1447, 2) [[ 1.8756585  -1.4756029 ]
 [ 0.47097418 -0.04797038]
 [ 2.916161   -2.6145315 ]
 [ 2.916161   -2.6145315 ]
 [ 1.8756585  -1.4756029 ]
 [ 0.29470548  0.06833708]
 [ 2.5462809  -2.1673012 ]
 [ 2.916161   -2.6145315 ]
 [ 3.0569816  -2.7503572 ]
 [ 1.0967246  -0.7674136 ]
 [ 0.35377723  0.06641579]
 [ 2.1732135  -1.780702  ]
 [ 1.8756585  -1.4756029 ]
 [ 2.4054601  -2.0314758 ]
 [ 2.1669767  -1.7282977 ]
 [ 2.5462809  -2.1673012 ]
 [ 3.0569816  -2.7503572 ]
 [ 0.21295658  0.20224142]
 [ 1.7348379  -1.3397775 ]
 [ 2.0261562  -1.5924723 ]
 [ 2.0261562  -1.5924723 ]
 [ 2.5462809  -2.1673012 ]
 [ 1.7939097  -1.3416985 ]
 [ 2.0261562  -1.5924723 ]
 [-0.73305     1.0788264 ]
 [ 0.43552613 -0.06748855]
 [ 2.1732135  -1.780702  ]
 [ 2.0261562  -1.5924723 ]
 [ 2.5462809  -2.1673012 ]
 [ 2.6776779  -2.3113537 ]
 [ 2.032393   -1.6448766 ]
 [ 2.0261562  -1.5924723 ]
 [ 0.35377723  0.06641579]
 [ 0.21295658  0.20224142]
 [ 1.8756585  -1.4756029 ]
 [ 2.916161   -2.6145315 ]
 [ 2.5462809  -2.1673012 ]
 [ 2.0261562  -1.5924723 ]
 [ 0.21295658  0.20224142]
 [ 0.34453624  0.01830631]
 [ 2.916161   -2.6145315 ]]
2025-12-21 17:10:38,189 - [INFO] - ------------------------------------------------------------
2025-12-21 17:10:38,189 - [INFO] - On Validation Set:
	Accuracy of RRL  Model: 0.9053213545266068
	F1 Score of RRL  Model: 0.6698905124682569
2025-12-21 17:10:38,195 - [INFO] - On Validation Set:
Performance of  RRL Model: 
[[1266   20]
 [ 117   44]]
              precision    recall  f1-score   support

           0       0.92      0.98      0.95      1286
           1       0.69      0.27      0.39       161

    accuracy                           0.91      1447
   macro avg       0.80      0.63      0.67      1447
weighted avg       0.89      0.91      0.89      1447

2025-12-21 17:10:38,195 - [INFO] - ------------------------------------------------------------
2025-12-21 17:10:38,780 - [INFO] - epoch: 65, loss_rrl: 223.05561397969723
2025-12-21 17:10:39,733 - [DEBUG] - y_true: (1447,) [0 0 0 0 0 1 0 0 0 0 0 0 0 0 0 0 0 1 0 0 0 0 0 0 1 0 0 0 0 0 0 0 0 0 0 0 0
 0 1 1 0]
2025-12-21 17:10:40,027 - [DEBUG] - y_rrl_: (1447,) [0 0 0 0 0 0 0 0 0 0 0 0 0 0 0 0 0 1 0 0 0 0 0 0 1 0 0 0 0 0 0 0 0 1 0 0 0
 0 0 0 0]
2025-12-21 17:10:40,027 - [DEBUG] - y_rrl: (1447, 2) [[ 1.8550328  -1.4564475 ]
 [ 0.43063593 -0.00921494]
 [ 2.8765154  -2.5744805 ]
 [ 2.8765154  -2.5744805 ]
 [ 1.8550328  -1.4564475 ]
 [ 0.28479108  0.07701623]
 [ 2.508803   -2.1307735 ]
 [ 2.8765154  -2.5744805 ]
 [ 3.0087776  -2.7017817 ]
 [ 0.5626215  -0.16241658]
 [ 0.30380338  0.11482242]
 [ 2.1177225  -1.7262336 ]
 [ 1.8550328  -1.4564475 ]
 [ 2.3765407  -2.0034728 ]
 [ 2.132863   -1.6958803 ]
 [ 2.508803   -2.1307735 ]
 [ 3.0087776  -2.7017817 ]
 [ 0.171541    0.24212337]
 [ 1.7227705  -1.3291465 ]
 [ 2.0006008  -1.5685794 ]
 [ 2.0006008  -1.5685794 ]
 [ 2.508803   -2.1307735 ]
 [ 1.7417827  -1.2913404 ]
 [ 2.0006008  -1.5685794 ]
 [-0.7870816   1.1320363 ]
 [ 0.41705346 -0.05028468]
 [ 2.1177225  -1.7262336 ]
 [ 2.0006008  -1.5685794 ]
 [ 2.508803   -2.1307735 ]
 [ 2.6328378  -2.2668881 ]
 [ 1.98546    -1.5989327 ]
 [ 2.0006008  -1.5685794 ]
 [ 0.30380338  0.11482242]
 [ 0.171541    0.24212337]
 [ 1.8550328  -1.4564475 ]
 [ 2.8765154  -2.5744805 ]
 [ 2.508803   -2.1307735 ]
 [ 2.0006008  -1.5685794 ]
 [ 0.5626215  -0.16241658]
 [ 0.25596827  0.10636237]
 [ 2.8765154  -2.5744805 ]]
2025-12-21 17:10:40,029 - [INFO] - ------------------------------------------------------------
2025-12-21 17:10:40,029 - [INFO] - On Validation Set:
	Accuracy of RRL  Model: 0.902557014512785
	F1 Score of RRL  Model: 0.6832828049978811
2025-12-21 17:10:40,035 - [INFO] - On Validation Set:
Performance of  RRL Model: 
[[1255   31]
 [ 110   51]]
              precision    recall  f1-score   support

           0       0.92      0.98      0.95      1286
           1       0.62      0.32      0.42       161

    accuracy                           0.90      1447
   macro avg       0.77      0.65      0.68      1447
weighted avg       0.89      0.90      0.89      1447

2025-12-21 17:10:40,035 - [INFO] - ------------------------------------------------------------
2025-12-21 17:10:41,562 - [DEBUG] - y_true: (1447,) [0 0 0 0 0 1 0 0 0 0 0 0 0 0 0 0 0 1 0 0 0 0 0 0 1 0 0 0 0 0 0 0 0 0 0 0 0
 0 1 1 0]
2025-12-21 17:10:41,848 - [DEBUG] - y_rrl_: (1447,) [0 0 0 0 0 0 0 0 0 0 0 0 0 0 0 0 0 0 0 0 0 0 0 0 1 0 0 0 0 0 0 0 0 0 0 0 0
 0 0 0 0]
2025-12-21 17:10:41,849 - [DEBUG] - y_rrl: (1447, 2) [[ 2.0181103  -1.587739  ]
 [ 0.45810655 -0.03825748]
 [ 2.8899527  -2.5874968 ]
 [ 2.8899527  -2.5874968 ]
 [ 2.0181103  -1.587739  ]
 [ 0.62423587 -0.22548595]
 [ 2.3805573  -2.0083997 ]
 [ 2.8899527  -2.5874968 ]
 [ 3.041958   -2.7345734 ]
 [ 1.1336311  -0.8045829 ]
 [ 0.62423587 -0.22548595]
 [ 2.3805573  -2.0083997 ]
 [ 2.0181103  -1.587739  ]
 [ 2.3805573  -2.0083997 ]
 [ 2.0181103  -1.587739  ]
 [ 2.3805573  -2.0083997 ]
 [ 3.041958   -2.7345734 ]
 [ 0.62423587 -0.22548595]
 [ 2.0181103  -1.587739  ]
 [ 2.0181103  -1.587739  ]
 [ 2.0181103  -1.587739  ]
 [ 2.3805573  -2.0083997 ]
 [ 1.6440878  -1.2003291 ]
 [ 2.0181103  -1.587739  ]
 [-0.7063601   1.0504935 ]
 [ 0.62423587 -0.22548595]
 [ 2.3805573  -2.0083997 ]
 [ 2.0181103  -1.587739  ]
 [ 2.3805573  -2.0083997 ]
 [ 2.679511   -2.3139129 ]
 [ 2.3805573  -2.0083997 ]
 [ 2.0181103  -1.587739  ]
 [ 0.2502134   0.16192403]
 [ 0.2502134   0.16192403]
 [ 2.0181103  -1.587739  ]
 [ 2.8899527  -2.5874968 ]
 [ 2.3805573  -2.0083997 ]
 [ 2.0181103  -1.587739  ]
 [ 0.62423587 -0.22548595]
 [ 0.59858966 -0.2550836 ]
 [ 2.8899527  -2.5874968 ]]
2025-12-21 17:10:41,851 - [INFO] - ------------------------------------------------------------
2025-12-21 17:10:41,851 - [INFO] - On Validation Set:
	Accuracy of RRL  Model: 0.9004837595024188
	F1 Score of RRL  Model: 0.6132739420935411
2025-12-21 17:10:41,857 - [INFO] - On Validation Set:
Performance of  RRL Model: 
[[1275   11]
 [ 133   28]]
              precision    recall  f1-score   support

           0       0.91      0.99      0.95      1286
           1       0.72      0.17      0.28       161

    accuracy                           0.90      1447
   macro avg       0.81      0.58      0.61      1447
weighted avg       0.88      0.90      0.87      1447

2025-12-21 17:10:41,857 - [INFO] - ------------------------------------------------------------
2025-12-21 17:10:42,015 - [INFO] - epoch: 66, loss_rrl: 223.63417585846037
2025-12-21 17:10:43,405 - [DEBUG] - y_true: (1447,) [0 0 0 0 0 1 0 0 0 0 0 0 0 0 0 0 0 1 0 0 0 0 0 0 1 0 0 0 0 0 0 0 0 0 0 0 0
 0 1 1 0]
2025-12-21 17:10:43,688 - [DEBUG] - y_rrl_: (1447,) [0 0 0 0 0 0 0 0 0 0 0 0 0 0 0 0 0 0 0 0 0 0 0 0 1 0 0 0 0 0 0 0 0 0 0 0 0
 0 0 0 0]
2025-12-21 17:10:43,689 - [DEBUG] - y_rrl: (1447, 2) [[ 1.924029   -1.5283698 ]
 [ 0.47997013 -0.06170046]
 [ 2.5917706  -2.2314792 ]
 [ 2.5917706  -2.2314792 ]
 [ 1.924029   -1.5283698 ]
 [ 0.36076155 -0.02323493]
 [ 2.1959634  -1.7623521 ]
 [ 2.954877   -2.6520734 ]
 [ 3.1204672  -2.8127682 ]
 [ 0.6326959  -0.25721732]
 [ 0.42096695 -0.02727687]
 [ 2.1817505  -1.7923111 ]
 [ 1.924029   -1.5283698 ]
 [ 2.030373   -1.6016573 ]
 [ 2.1959634  -1.7623521 ]
 [ 2.1959634  -1.7623521 ]
 [ 3.1204672  -2.8127682 ]
 [ 0.2553768   0.13341796]
 [ 1.7584388  -1.3676748 ]
 [ 2.030373   -1.6016573 ]
 [ 2.030373   -1.6016573 ]
 [ 2.1959634  -1.7623521 ]
 [ 1.8186443  -1.3717169 ]
 [ 2.030373   -1.6016573 ]
 [-0.6741704   0.9956603 ]
 [ 0.5263517  -0.18392977]
 [ 2.1959634  -1.7623521 ]
 [ 2.030373   -1.6016573 ]
 [ 2.1959634  -1.7623521 ]
 [ 2.757361   -2.392174  ]
 [ 2.0161602  -1.631616  ]
 [ 2.030373   -1.6016573 ]
 [ 0.42096695 -0.02727687]
 [ 0.2553768   0.13341796]
 [ 1.924029   -1.5283698 ]
 [ 2.954877   -2.6520734 ]
 [ 2.1959634  -1.7623521 ]
 [ 2.030373   -1.6016573 ]
 [ 0.2553768   0.13341796]
 [ 0.35190955  0.00938404]
 [ 2.954877   -2.6520734 ]]
2025-12-21 17:10:43,691 - [INFO] - ------------------------------------------------------------
2025-12-21 17:10:43,691 - [INFO] - On Validation Set:
	Accuracy of RRL  Model: 0.907394609536973
	F1 Score of RRL  Model: 0.6703984497178215
2025-12-21 17:10:43,697 - [INFO] - On Validation Set:
Performance of  RRL Model: 
[[1270   16]
 [ 118   43]]
              precision    recall  f1-score   support

           0       0.91      0.99      0.95      1286
           1       0.73      0.27      0.39       161

    accuracy                           0.91      1447
   macro avg       0.82      0.63      0.67      1447
weighted avg       0.89      0.91      0.89      1447

2025-12-21 17:10:43,697 - [INFO] - ------------------------------------------------------------
2025-12-21 17:10:44,915 - [INFO] - epoch: 67, loss_rrl: 224.25868953950703
2025-12-21 17:10:45,200 - [DEBUG] - y_true: (1447,) [0 0 0 0 0 1 0 0 0 0 0 0 0 0 0 0 0 1 0 0 0 0 0 0 1 0 0 0 0 0 0 0 0 0 0 0 0
 0 1 1 0]
2025-12-21 17:10:45,479 - [DEBUG] - y_rrl_: (1447,) [0 1 0 0 0 0 0 0 0 0 0 0 0 0 0 0 0 0 0 0 0 0 0 0 1 0 0 0 0 0 0 0 0 0 0 0 0
 0 0 0 0]
2025-12-21 17:10:45,480 - [DEBUG] - y_rrl: (1447, 2) [[ 1.8347412  -1.4157189 ]
 [ 0.13320777  0.2705808 ]
 [ 1.3094143  -0.94829476]
 [ 1.3094143  -0.94829476]
 [ 1.5294449  -1.1481543 ]
 [ 0.5800346  -0.20588106]
 [ 1.8347412  -1.4157189 ]
 [ 2.6141343  -2.3238854 ]
 [ 2.7349648  -2.4398532 ]
 [ 0.5800346  -0.20588106]
 [ 0.70086503 -0.32184857]
 [ 2.2338157  -1.8715482 ]
 [ 1.8347412  -1.4157189 ]
 [ 1.9763676  -1.5493264 ]
 [ 2.097198   -1.665294  ]
 [ 1.8347412  -1.4157189 ]
 [ 2.7349648  -2.4398532 ]
 [ 0.5800346  -0.20588106]
 [ 1.4086145  -1.0321867 ]
 [ 1.9763676  -1.5493264 ]
 [ 1.7139107  -1.2997514 ]
 [ 2.097198   -1.665294  ]
 [ 1.4649796  -1.032713  ]
 [ 1.9763676  -1.5493264 ]
 [-0.76319313  1.0839834 ]
 [ 0.70086503 -0.32184857]
 [ 1.4649796  -1.032713  ]
 [ 1.9763676  -1.5493264 ]
 [ 2.097198   -1.665294  ]
 [ 2.5983467  -2.2335992 ]
 [ 2.1129854  -1.7555807 ]
 [ 1.7139107  -1.2997514 ]
 [ 0.33110347  0.06115729]
 [ 0.210273    0.1771248 ]
 [ 1.8347412  -1.4157189 ]
 [ 2.6141343  -2.3238854 ]
 [ 1.8347412  -1.4157189 ]
 [ 1.9763676  -1.5493264 ]
 [ 0.5800346  -0.20588106]
 [ 0.6600008  -0.31249267]
 [ 2.6141343  -2.3238854 ]]
2025-12-21 17:10:45,482 - [INFO] - ------------------------------------------------------------
2025-12-21 17:10:45,482 - [INFO] - On Validation Set:
	Accuracy of RRL  Model: 0.902557014512785
	F1 Score of RRL  Model: 0.6856310814246424
2025-12-21 17:10:45,488 - [INFO] - On Validation Set:
Performance of  RRL Model: 
[[1254   32]
 [ 109   52]]
              precision    recall  f1-score   support

           0       0.92      0.98      0.95      1286
           1       0.62      0.32      0.42       161

    accuracy                           0.90      1447
   macro avg       0.77      0.65      0.69      1447
weighted avg       0.89      0.90      0.89      1447

2025-12-21 17:10:45,488 - [INFO] - ------------------------------------------------------------
2025-12-21 17:10:47,006 - [DEBUG] - y_true: (1447,) [0 0 0 0 0 1 0 0 0 0 0 0 0 0 0 0 0 1 0 0 0 0 0 0 1 0 0 0 0 0 0 0 0 0 0 0 0
 0 1 1 0]
2025-12-21 17:10:47,296 - [DEBUG] - y_rrl_: (1447,) [0 1 0 0 0 0 0 0 0 0 0 0 0 0 0 0 0 0 0 0 0 0 0 0 1 0 0 0 0 0 0 0 0 1 0 0 0
 0 0 0 0]
2025-12-21 17:10:47,297 - [DEBUG] - y_rrl: (1447, 2) [[ 1.5074829  -1.1275738 ]
 [ 0.08739051  0.31490576]
 [ 2.1426208  -1.7959309 ]
 [ 2.1426208  -1.7959309 ]
 [ 1.5074829  -1.1275738 ]
 [ 0.19824043  0.13708103]
 [ 1.7809479  -1.3635232 ]
 [ 2.52664    -2.2359836 ]
 [ 2.6853971  -2.3899102 ]
 [ 0.4717054  -0.09886831]
 [ 0.6304623  -0.2527948 ]
 [ 2.1649668  -1.803576  ]
 [ 1.5074829  -1.1275738 ]
 [ 1.8801672  -1.4547915 ]
 [ 2.0389242  -1.6087182 ]
 [ 1.7809479  -1.3635232 ]
 [ 2.6853971  -2.3899102 ]
 [ 0.4717054  -0.09886831]
 [ 1.6221911  -1.2095966 ]
 [ 1.8801672  -1.4547915 ]
 [ 1.6221911  -1.2095966 ]
 [ 2.0389242  -1.6087182 ]
 [ 1.4364654  -1.0058674 ]
 [ 1.8801672  -1.4547915 ]
 [-0.78238094  1.1024704 ]
 [ 0.35699728 -0.01684546]
 [ 1.4364654  -1.0058674 ]
 [ 1.8801672  -1.4547915 ]
 [ 2.0389242  -1.6087182 ]
 [ 2.5593543  -2.1950524 ]
 [ 2.0062099  -1.6496494 ]
 [ 1.6221911  -1.2095966 ]
 [ 0.28597972  0.10486102]
 [ 0.12722287  0.2587875 ]
 [ 1.5074829  -1.1275738 ]
 [ 2.52664    -2.2359836 ]
 [ 1.7809479  -1.3635232 ]
 [ 1.8801672  -1.4547915 ]
 [ 0.4717054  -0.09886831]
 [ 1.2481138  -0.8726785 ]
 [ 2.52664    -2.2359836 ]]
2025-12-21 17:10:47,299 - [INFO] - ------------------------------------------------------------
2025-12-21 17:10:47,299 - [INFO] - On Validation Set:
	Accuracy of RRL  Model: 0.9018659295093296
	F1 Score of RRL  Model: 0.6619648333135916
2025-12-21 17:10:47,305 - [INFO] - On Validation Set:
Performance of  RRL Model: 
[[1262   24]
 [ 118   43]]
              precision    recall  f1-score   support

           0       0.91      0.98      0.95      1286
           1       0.64      0.27      0.38       161

    accuracy                           0.90      1447
   macro avg       0.78      0.62      0.66      1447
weighted avg       0.88      0.90      0.88      1447

2025-12-21 17:10:47,305 - [INFO] - ------------------------------------------------------------
2025-12-21 17:10:48,132 - [INFO] - epoch: 68, loss_rrl: 222.5623066658154
2025-12-21 17:10:48,846 - [DEBUG] - y_true: (1447,) [0 0 0 0 0 1 0 0 0 0 0 0 0 0 0 0 0 1 0 0 0 0 0 0 1 0 0 0 0 0 0 0 0 0 0 0 0
 0 1 1 0]
2025-12-21 17:10:49,126 - [DEBUG] - y_rrl_: (1447,) [0 0 0 0 0 0 0 0 0 0 0 0 0 0 0 0 0 1 0 0 0 0 0 0 1 0 0 0 0 0 0 0 0 1 0 0 0
 0 0 0 0]
2025-12-21 17:10:49,126 - [DEBUG] - y_rrl: (1447, 2) [[ 1.7551945  -1.3639942 ]
 [ 0.35250393  0.06097293]
 [ 2.8398085  -2.5361214 ]
 [ 2.8398085  -2.5361214 ]
 [ 2.0358946  -1.6073947 ]
 [ 0.2498619   0.08435026]
 [ 2.4424126  -2.069227  ]
 [ 2.8398085  -2.5361214 ]
 [ 2.960228   -2.651743  ]
 [ 0.530562   -0.15905026]
 [ 0.2906694   0.09874254]
 [ 2.0821006  -1.6958125 ]
 [ 1.7551945  -1.3639942 ]
 [ 2.321993   -1.9536053 ]
 [ 2.0358946  -1.6073947 ]
 [ 2.4424126  -2.069227  ]
 [ 2.960228   -2.651743  ]
 [ 0.17024994  0.21436423]
 [ 1.6347752  -1.2483726 ]
 [ 1.9154752  -1.491773  ]
 [ 1.9154752  -1.491773  ]
 [ 2.4424126  -2.069227  ]
 [ 1.6755826  -1.2339802 ]
 [ 1.9154752  -1.491773  ]
 [-0.77564096  1.0950164 ]
 [ 0.37028137 -0.03127143]
 [ 2.4424126  -2.069227  ]
 [ 1.9154752  -1.491773  ]
 [ 2.4424126  -2.069227  ]
 [ 2.55371    -2.189911  ]
 [ 1.9616811  -1.5801908 ]
 [ 1.9154752  -1.491773  ]
 [ 0.2906694   0.09874254]
 [ 0.17024994  0.21436423]
 [ 1.7551945  -1.3639942 ]
 [ 2.8398085  -2.5361214 ]
 [ 2.4424126  -2.069227  ]
 [ 1.9154752  -1.491773  ]
 [ 0.530562   -0.15905026]
 [ 0.902495   -0.5149159 ]
 [ 2.8398085  -2.5361214 ]]
2025-12-21 17:10:49,128 - [INFO] - ------------------------------------------------------------
2025-12-21 17:10:49,129 - [INFO] - On Validation Set:
	Accuracy of RRL  Model: 0.8997926744989634
	F1 Score of RRL  Model: 0.6325822646934698
2025-12-21 17:10:49,135 - [INFO] - On Validation Set:
Performance of  RRL Model: 
[[1268   18]
 [ 127   34]]
              precision    recall  f1-score   support

           0       0.91      0.99      0.95      1286
           1       0.65      0.21      0.32       161

    accuracy                           0.90      1447
   macro avg       0.78      0.60      0.63      1447
weighted avg       0.88      0.90      0.88      1447

2025-12-21 17:10:49,135 - [INFO] - ------------------------------------------------------------
2025-12-21 17:10:50,648 - [DEBUG] - y_true: (1447,) [0 0 0 0 0 1 0 0 0 0 0 0 0 0 0 0 0 1 0 0 0 0 0 0 1 0 0 0 0 0 0 0 0 0 0 0 0
 0 1 1 0]
2025-12-21 17:10:50,933 - [DEBUG] - y_rrl_: (1447,) [0 0 0 0 0 0 0 0 0 0 0 0 0 0 0 0 0 0 0 0 0 0 0 0 1 0 0 0 0 0 0 0 0 0 0 0 0
 0 0 0 0]
2025-12-21 17:10:50,934 - [DEBUG] - y_rrl: (1447, 2) [[ 2.0137634  -1.5917227 ]
 [ 0.44849968 -0.03661045]
 [ 2.015075   -1.6972136 ]
 [ 2.015075   -1.6972136 ]
 [ 1.7250718  -1.3401157 ]
 [ 0.5980178  -0.22782308]
 [ 2.3942652  -2.0268354 ]
 [ 2.9340115  -2.6300504 ]
 [ 3.0817142  -2.7729876 ]
 [ 0.5980178  -0.22782308]
 [ 0.24038205  0.14284515]
 [ 2.0366292  -1.6561673 ]
 [ 2.0137634  -1.5917227 ]
 [ 2.3942652  -2.0268354 ]
 [ 2.0137634  -1.5917227 ]
 [ 2.3942652  -2.0268354 ]
 [ 3.0817142  -2.7729876 ]
 [ 0.24038205  0.14284515]
 [ 2.0137634  -1.5917227 ]
 [ 2.0137634  -1.5917227 ]
 [ 2.0137634  -1.5917227 ]
 [ 2.3942652  -2.0268354 ]
 [ 1.6561276  -1.2210546 ]
 [ 2.0137634  -1.5917227 ]
 [-0.6594248   0.9780867 ]
 [ 0.5980178  -0.22782308]
 [ 2.0366292  -1.6561673 ]
 [ 2.0137634  -1.5917227 ]
 [ 2.3942652  -2.0268354 ]
 [ 2.7012124  -2.337875  ]
 [ 2.0366292  -1.6561673 ]
 [ 2.0137634  -1.5917227 ]
 [ 0.24038205  0.14284515]
 [ 0.24038205  0.14284515]
 [ 2.0137634  -1.5917227 ]
 [ 2.9340115  -2.6300504 ]
 [ 2.3942652  -2.0268354 ]
 [ 2.0137634  -1.5917227 ]
 [ 0.5980178  -0.22782308]
 [ 0.25774154  0.09655833]
 [ 2.9340115  -2.6300504 ]]
2025-12-21 17:10:50,936 - [INFO] - ------------------------------------------------------------
2025-12-21 17:10:50,936 - [INFO] - On Validation Set:
	Accuracy of RRL  Model: 0.902557014512785
	F1 Score of RRL  Model: 0.6331828503314402
2025-12-21 17:10:50,942 - [INFO] - On Validation Set:
Performance of  RRL Model: 
[[1273   13]
 [ 128   33]]
              precision    recall  f1-score   support

           0       0.91      0.99      0.95      1286
           1       0.72      0.20      0.32       161

    accuracy                           0.90      1447
   macro avg       0.81      0.60      0.63      1447
weighted avg       0.89      0.90      0.88      1447

2025-12-21 17:10:50,942 - [INFO] - ------------------------------------------------------------
2025-12-21 17:10:51,326 - [INFO] - epoch: 69, loss_rrl: 225.7943423241377
2025-12-21 17:10:52,441 - [DEBUG] - y_true: (1447,) [0 0 0 0 0 1 0 0 0 0 0 0 0 0 0 0 0 1 0 0 0 0 0 0 1 0 0 0 0 0 0 0 0 0 0 0 0
 0 1 1 0]
2025-12-21 17:10:52,720 - [DEBUG] - y_rrl_: (1447,) [0 0 0 0 0 0 0 0 0 0 0 0 0 0 0 0 0 0 0 0 0 0 0 0 1 0 0 0 0 0 0 0 0 0 0 0 0
 0 0 0 0]
2025-12-21 17:10:52,720 - [DEBUG] - y_rrl: (1447, 2) [[ 2.235469   -1.8103505 ]
 [ 0.5302328  -0.11992767]
 [ 2.6443534  -2.28627   ]
 [ 2.6443534  -2.28627   ]
 [ 2.235469   -1.8103505 ]
 [ 0.70707166 -0.3381869 ]
 [ 2.235469   -1.8103505 ]
 [ 3.003622   -2.699467  ]
 [ 3.1476521  -2.838764  ]
 [ 0.70707166 -0.3381869 ]
 [ 0.8511018  -0.47748387]
 [ 2.594738   -2.2235477 ]
 [ 2.235469   -1.8103505 ]
 [ 2.091439   -1.6710535 ]
 [ 2.235469   -1.8103505 ]
 [ 2.235469   -1.8103505 ]
 [ 3.1476521  -2.838764  ]
 [ 0.70707166 -0.3381869 ]
 [ 1.805331   -1.4218178 ]
 [ 2.091439   -1.6710535 ]
 [ 2.091439   -1.6710535 ]
 [ 2.235469   -1.8103505 ]
 [ 1.8666894  -1.4286084 ]
 [ 2.091439   -1.6710535 ]
 [-0.61871195  0.93665445]
 [ 0.8511018  -0.47748387]
 [ 2.235469   -1.8103505 ]
 [ 2.091439   -1.6710535 ]
 [ 2.235469   -1.8103505 ]
 [ 2.7883835  -2.425567  ]
 [ 2.450708   -2.0842507 ]
 [ 2.091439   -1.6710535 ]
 [ 0.4823222  -0.09574173]
 [ 0.33829203  0.04355523]
 [ 2.235469   -1.8103505 ]
 [ 3.003622   -2.699467  ]
 [ 2.235469   -1.8103505 ]
 [ 2.091439   -1.6710535 ]
 [ 0.70707166 -0.3381869 ]
 [ 1.4257531  -1.0532154 ]
 [ 3.003622   -2.699467  ]]
2025-12-21 17:10:52,722 - [INFO] - ------------------------------------------------------------
2025-12-21 17:10:52,722 - [INFO] - On Validation Set:
	Accuracy of RRL  Model: 0.8949550794747754
	F1 Score of RRL  Model: 0.5676589454482552
2025-12-21 17:10:52,728 - [INFO] - On Validation Set:
Performance of  RRL Model: 
[[1277    9]
 [ 143   18]]
              precision    recall  f1-score   support

           0       0.90      0.99      0.94      1286
           1       0.67      0.11      0.19       161

    accuracy                           0.89      1447
   macro avg       0.78      0.55      0.57      1447
weighted avg       0.87      0.89      0.86      1447

2025-12-21 17:10:52,728 - [INFO] - ------------------------------------------------------------
2025-12-21 17:10:54,204 - [INFO] - epoch: 70, loss_rrl: 223.09661499597132
2025-12-21 17:10:54,294 - [DEBUG] - y_true: (1447,) [0 0 0 0 0 1 0 0 0 0 0 0 0 0 0 0 0 1 0 0 0 0 0 0 1 0 0 0 0 0 0 0 0 0 0 0 0
 0 1 1 0]
2025-12-21 17:10:54,574 - [DEBUG] - y_rrl_: (1447,) [0 0 0 0 0 0 0 0 0 0 0 0 0 0 0 0 0 0 0 0 0 0 0 0 1 0 0 0 0 0 0 0 0 0 0 0 0
 0 0 0 0]
2025-12-21 17:10:54,574 - [DEBUG] - y_rrl: (1447, 2) [[ 2.1079118  -1.6844834 ]
 [ 0.36892888  0.03978875]
 [ 2.9022214  -2.5978494 ]
 [ 2.9022214  -2.5978494 ]
 [ 1.7905337  -1.4037651 ]
 [ 0.556244   -0.18867669]
 [ 2.500476   -2.1302836 ]
 [ 2.9022214  -2.5978494 ]
 [ 3.0381846  -2.729111  ]
 [ 1.0939527  -0.78750396]
 [ 0.692207   -0.31993827]
 [ 2.500476   -2.1302836 ]
 [ 2.1079118  -1.6844834 ]
 [ 2.3645127  -1.9990219 ]
 [ 2.1079118  -1.6844834 ]
 [ 2.500476   -2.1302836 ]
 [ 3.0381846  -2.729111  ]
 [ 0.556244   -0.18867669]
 [ 1.6545707  -1.2725036 ]
 [ 1.9719489  -1.5532218 ]
 [ 1.9719489  -1.5532218 ]
 [ 2.500476   -2.1302836 ]
 [ 1.7491368  -1.3128154 ]
 [ 1.9719489  -1.5532218 ]
 [-0.7810329   1.0982434 ]
 [ 0.692207   -0.31993827]
 [ 2.1417007  -1.7586154 ]
 [ 1.9719489  -1.5532218 ]
 [ 2.500476   -2.1302836 ]
 [ 2.6456206  -2.283311  ]
 [ 2.3645127  -1.9990219 ]
 [ 1.9719489  -1.5532218 ]
 [ 0.33343196  0.05172977]
 [ 0.19746897  0.18299136]
 [ 2.1079118  -1.6844834 ]
 [ 2.9022214  -2.5978494 ]
 [ 2.500476   -2.1302836 ]
 [ 1.9719489  -1.5532218 ]
 [ 0.556244   -0.18867669]
 [ 0.6705227  -0.3255467 ]
 [ 2.9022214  -2.5978494 ]]
2025-12-21 17:10:54,577 - [INFO] - ------------------------------------------------------------
2025-12-21 17:10:54,577 - [INFO] - On Validation Set:
	Accuracy of RRL  Model: 0.907394609536973
	F1 Score of RRL  Model: 0.673123347898797
2025-12-21 17:10:54,583 - [INFO] - On Validation Set:
Performance of  RRL Model: 
[[1269   17]
 [ 117   44]]
              precision    recall  f1-score   support

           0       0.92      0.99      0.95      1286
           1       0.72      0.27      0.40       161

    accuracy                           0.91      1447
   macro avg       0.82      0.63      0.67      1447
weighted avg       0.89      0.91      0.89      1447

2025-12-21 17:10:54,583 - [INFO] - ------------------------------------------------------------
2025-12-21 17:10:56,088 - [DEBUG] - y_true: (1447,) [0 0 0 0 0 1 0 0 0 0 0 0 0 0 0 0 0 1 0 0 0 0 0 0 1 0 0 0 0 0 0 0 0 0 0 0 0
 0 1 1 0]
2025-12-21 17:10:56,367 - [DEBUG] - y_rrl_: (1447,) [0 0 0 0 0 0 0 0 0 0 0 0 0 0 0 0 0 0 0 0 0 0 0 0 1 0 0 0 0 0 0 0 0 0 0 0 0
 0 0 0 0]
2025-12-21 17:10:56,368 - [DEBUG] - y_rrl: (1447, 2) [[ 1.8698666  -1.4845754 ]
 [ 0.42720497 -0.02007267]
 [ 2.5468369  -2.1897426 ]
 [ 2.5468369  -2.1897426 ]
 [ 1.8698666  -1.4845754 ]
 [ 0.27949056  0.05031267]
 [ 2.1479318  -1.7261912 ]
 [ 2.9415424  -2.6370025 ]
 [ 3.10817    -2.7989612 ]
 [ 0.5575558  -0.19130298]
 [ 0.7241837  -0.35326198]
 [ 2.5426373  -2.173451  ]
 [ 1.8698666  -1.4845754 ]
 [ 1.9813039  -1.5642321 ]
 [ 2.1479318  -1.7261912 ]
 [ 2.1479318  -1.7261912 ]
 [ 3.10817    -2.7989612 ]
 [ 0.5575558  -0.19130298]
 [ 1.7032387  -1.3226165 ]
 [ 1.9813039  -1.5642321 ]
 [ 1.9813039  -1.5642321 ]
 [ 2.1479318  -1.7261912 ]
 [ 1.8034861  -1.3689213 ]
 [ 1.9813039  -1.5642321 ]
 [-0.7115045   1.0279753 ]
 [ 0.44611838 -0.11164632]
 [ 2.1479318  -1.7261912 ]
 [ 1.9813039  -1.5642321 ]
 [ 2.1479318  -1.7261912 ]
 [ 2.7134647  -2.3517017 ]
 [ 2.3760095  -2.0114918 ]
 [ 1.9813039  -1.5642321 ]
 [ 0.37973797  0.00400791]
 [ 0.21311015  0.1659669 ]
 [ 1.8698666  -1.4845754 ]
 [ 2.9415424  -2.6370025 ]
 [ 2.1479318  -1.7261912 ]
 [ 1.9813039  -1.5642321 ]
 [ 0.5575558  -0.19130298]
 [ 1.3755243  -1.0049369 ]
 [ 2.9415424  -2.6370025 ]]
2025-12-21 17:10:56,370 - [INFO] - ------------------------------------------------------------
2025-12-21 17:10:56,370 - [INFO] - On Validation Set:
	Accuracy of RRL  Model: 0.9011748445058743
	F1 Score of RRL  Model: 0.6312653141232971
2025-12-21 17:10:56,376 - [INFO] - On Validation Set:
Performance of  RRL Model: 
[[1271   15]
 [ 128   33]]
              precision    recall  f1-score   support

           0       0.91      0.99      0.95      1286
           1       0.69      0.20      0.32       161

    accuracy                           0.90      1447
   macro avg       0.80      0.60      0.63      1447
weighted avg       0.88      0.90      0.88      1447

2025-12-21 17:10:56,376 - [INFO] - ------------------------------------------------------------
2025-12-21 17:10:57,435 - [INFO] - epoch: 71, loss_rrl: 222.7131599392742
2025-12-21 17:10:57,936 - [DEBUG] - y_true: (1447,) [0 0 0 0 0 1 0 0 0 0 0 0 0 0 0 0 0 1 0 0 0 0 0 0 1 0 0 0 0 0 0 0 0 0 0 0 0
 0 1 1 0]
2025-12-21 17:10:58,220 - [DEBUG] - y_rrl_: (1447,) [0 0 0 0 0 0 0 0 0 0 0 0 0 0 0 0 0 0 0 0 0 0 0 0 1 0 0 0 0 0 0 0 1 1 0 0 0
 0 0 0 0]
2025-12-21 17:10:58,220 - [DEBUG] - y_rrl: (1447, 2) [[ 1.9190516  -1.5036412 ]
 [ 0.31547838  0.09006366]
 [ 1.9765761  -1.6582338 ]
 [ 2.8959842  -2.5912561 ]
 [ 0.99964356 -0.57061875]
 [ 0.532462   -0.16753143]
 [ 2.3460171  -1.9824703 ]
 [ 2.8959842  -2.5912561 ]
 [ 3.0058064  -2.6964417 ]
 [ 0.532462   -0.16753143]
 [ 0.532462   -0.16753143]
 [ 1.426609   -1.0494479 ]
 [ 0.99964356 -0.57061875]
 [ 1.426609   -1.0494479 ]
 [ 1.9190516  -1.5036412 ]
 [ 2.3460171  -1.9824703 ]
 [ 3.0058064  -2.6964417 ]
 [ 0.532462   -0.16753143]
 [ 1.9190516  -1.5036412 ]
 [ 1.9190516  -1.5036412 ]
 [ 1.9190516  -1.5036412 ]
 [ 1.426609   -1.0494479 ]
 [ 0.6231122  -0.18133232]
 [ 1.9190516  -1.5036412 ]
 [-0.8214316   1.1371496 ]
 [ 0.532462   -0.16753143]
 [ 1.9694858  -1.5931839 ]
 [ 1.9190516  -1.5036412 ]
 [ 1.426609   -1.0494479 ]
 [ 2.578841   -2.2176125 ]
 [ 2.3460171  -1.9824703 ]
 [ 0.99964356 -0.57061875]
 [ 0.15593064  0.221755  ]
 [ 0.15593064  0.221755  ]
 [ 0.99964356 -0.57061875]
 [ 2.8959842  -2.5912561 ]
 [ 1.426609   -1.0494479 ]
 [ 1.9190516  -1.5036412 ]
 [ 0.532462   -0.16753143]
 [ 0.5368     -0.19755453]
 [ 2.8959842  -2.5912561 ]]
2025-12-21 17:10:58,222 - [INFO] - ------------------------------------------------------------
2025-12-21 17:10:58,222 - [INFO] - On Validation Set:
	Accuracy of RRL  Model: 0.9046302695231514
	F1 Score of RRL  Model: 0.6934547933092624
2025-12-21 17:10:58,229 - [INFO] - On Validation Set:
Performance of  RRL Model: 
[[1255   31]
 [ 107   54]]
              precision    recall  f1-score   support

           0       0.92      0.98      0.95      1286
           1       0.64      0.34      0.44       161

    accuracy                           0.90      1447
   macro avg       0.78      0.66      0.69      1447
weighted avg       0.89      0.90      0.89      1447

2025-12-21 17:10:58,229 - [INFO] - ------------------------------------------------------------
2025-12-21 17:10:59,801 - [DEBUG] - y_true: (1447,) [0 0 0 0 0 1 0 0 0 0 0 0 0 0 0 0 0 1 0 0 0 0 0 0 1 0 0 0 0 0 0 0 0 0 0 0 0
 0 1 1 0]
2025-12-21 17:11:00,083 - [DEBUG] - y_rrl_: (1447,) [0 0 0 0 0 0 0 0 0 0 0 0 0 0 0 0 0 1 0 0 0 0 0 0 1 0 0 0 0 0 0 0 0 1 0 0 0
 0 1 0 0]
2025-12-21 17:11:00,084 - [DEBUG] - y_rrl: (1447, 2) [[ 1.7889302e+00 -1.4065881e+00]
 [ 3.8322198e-01  2.0744473e-02]
 [ 1.9859147e+00 -1.6674386e+00]
 [ 1.9859147e+00 -1.6674386e+00]
 [ 1.7889302e+00 -1.4065881e+00]
 [ 2.1015170e-01  1.1744213e-01]
 [ 2.4961791e+00 -2.1289895e+00]
 [ 2.9176016e+00 -2.6126688e+00]
 [ 3.0582888e+00 -2.7487507e+00]
 [ 5.0497931e-01 -1.4135584e-01]
 [ 3.1233230e-01  6.8582773e-02]
 [ 2.1628449e+00 -1.7829690e+00]
 [ 1.7889302e+00 -1.4065881e+00]
 [ 2.3554919e+00 -1.9929076e+00]
 [ 2.0837579e+00 -1.6653861e+00]
 [ 2.4961791e+00 -2.1289895e+00]
 [ 3.0582888e+00 -2.7487507e+00]
 [ 1.7164505e-01  2.0466477e-01]
 [ 1.6482430e+00 -1.2705061e+00]
 [ 1.9430707e+00 -1.5293040e+00]
 [ 1.9430707e+00 -1.5293040e+00]
 [ 2.4961791e+00 -2.1289895e+00]
 [ 1.7504236e+00 -1.3193655e+00]
 [ 1.9430707e+00 -1.5293040e+00]
 [-7.7322805e-01  1.0881931e+00]
 [ 3.5083896e-01 -1.8639863e-02]
 [ 2.1628449e+00 -1.7829690e+00]
 [ 1.9430707e+00 -1.5293040e+00]
 [ 2.4961791e+00 -2.1289895e+00]
 [ 2.6458673e+00 -2.2851472e+00]
 [ 2.0221577e+00 -1.6468871e+00]
 [ 1.9430707e+00 -1.5293040e+00]
 [ 3.1233230e-01  6.8582773e-02]
 [ 1.7164505e-01  2.0466477e-01]
 [ 1.7889302e+00 -1.4065881e+00]
 [ 2.9176016e+00 -2.6126688e+00]
 [ 2.4961791e+00 -2.1289895e+00]
 [ 1.9430707e+00 -1.5293040e+00]
 [ 1.7164505e-01  2.0466477e-01]
 [ 3.5585657e-01  1.6129017e-04]
 [ 2.9176016e+00 -2.6126688e+00]]
2025-12-21 17:11:00,086 - [INFO] - ------------------------------------------------------------
2025-12-21 17:11:00,086 - [INFO] - On Validation Set:
	Accuracy of RRL  Model: 0.9011748445058743
	F1 Score of RRL  Model: 0.6787903625155816
2025-12-21 17:11:00,092 - [INFO] - On Validation Set:
Performance of  RRL Model: 
[[1254   32]
 [ 111   50]]
              precision    recall  f1-score   support

           0       0.92      0.98      0.95      1286
           1       0.61      0.31      0.41       161

    accuracy                           0.90      1447
   macro avg       0.76      0.64      0.68      1447
weighted avg       0.88      0.90      0.89      1447

2025-12-21 17:11:00,092 - [INFO] - ------------------------------------------------------------
2025-12-21 17:11:00,715 - [INFO] - epoch: 72, loss_rrl: 225.64105462189764
2025-12-21 17:11:01,614 - [DEBUG] - y_true: (1447,) [0 0 0 0 0 1 0 0 0 0 0 0 0 0 0 0 0 1 0 0 0 0 0 0 1 0 0 0 0 0 0 0 0 0 0 0 0
 0 1 1 0]
2025-12-21 17:11:01,897 - [DEBUG] - y_rrl_: (1447,) [0 0 0 0 0 0 0 0 0 0 0 0 0 0 0 0 0 0 0 0 0 0 0 0 1 0 0 0 0 0 0 0 0 0 0 0 0
 0 0 0 0]
2025-12-21 17:11:01,898 - [DEBUG] - y_rrl: (1447, 2) [[ 1.8222470e+00 -1.4413712e+00]
 [ 4.0047157e-01  1.9210279e-03]
 [ 2.9778938e+00 -2.6728301e+00]
 [ 2.9778938e+00 -2.6728301e+00]
 [ 2.1165090e+00 -1.6998106e+00]
 [ 3.0099183e-01  2.5505662e-02]
 [ 2.5298872e+00 -2.1636968e+00]
 [ 2.9778938e+00 -2.6728301e+00]
 [ 3.1038251e+00 -2.7941875e+00]
 [ 5.9525383e-01 -2.3293376e-01]
 [ 7.2118509e-01 -3.5429132e-01]
 [ 2.5298872e+00 -2.1636968e+00]
 [ 1.8222470e+00 -1.4413712e+00]
 [ 2.4039559e+00 -2.0423393e+00]
 [ 2.1165090e+00 -1.6998106e+00]
 [ 2.5298872e+00 -2.1636968e+00]
 [ 3.1038251e+00 -2.7941875e+00]
 [ 5.9525383e-01 -2.3293376e-01]
 [ 1.6963159e+00 -1.3200139e+00]
 [ 1.9905779e+00 -1.5784533e+00]
 [ 1.9905779e+00 -1.5784533e+00]
 [ 2.5298872e+00 -2.1636968e+00]
 [ 2.1165090e+00 -1.6998106e+00]
 [ 1.9905779e+00 -1.5784533e+00]
 [-7.7295709e-01  1.0871658e+00]
 [ 4.2692304e-01 -9.5851898e-02]
 [ 2.1559243e+00 -1.7771165e+00]
 [ 1.9905779e+00 -1.5784533e+00]
 [ 2.5298872e+00 -2.1636968e+00]
 [ 2.6904473e+00 -2.3303015e+00]
 [ 2.4039559e+00 -2.0423393e+00]
 [ 1.9905779e+00 -1.5784533e+00]
 [ 3.4722218e-01  3.2289058e-02]
 [ 2.2129098e-01  1.5364662e-01]
 [ 1.8222470e+00 -1.4413712e+00]
 [ 2.9778938e+00 -2.6728301e+00]
 [ 2.5298872e+00 -2.1636968e+00]
 [ 1.9905779e+00 -1.5784533e+00]
 [ 5.9525383e-01 -2.3293376e-01]
 [ 1.3889960e+00 -1.0213183e+00]
 [ 2.9778938e+00 -2.6728301e+00]]
2025-12-21 17:11:01,900 - [INFO] - ------------------------------------------------------------
2025-12-21 17:11:01,900 - [INFO] - On Validation Set:
	Accuracy of RRL  Model: 0.9011748445058743
	F1 Score of RRL  Model: 0.6212132029223484
2025-12-21 17:11:01,906 - [INFO] - On Validation Set:
Performance of  RRL Model: 
[[1274   12]
 [ 131   30]]
              precision    recall  f1-score   support

           0       0.91      0.99      0.95      1286
           1       0.71      0.19      0.30       161

    accuracy                           0.90      1447
   macro avg       0.81      0.59      0.62      1447
weighted avg       0.89      0.90      0.87      1447

2025-12-21 17:11:01,906 - [INFO] - ------------------------------------------------------------
2025-12-21 17:11:03,447 - [DEBUG] - y_true: (1447,) [0 0 0 0 0 1 0 0 0 0 0 0 0 0 0 0 0 1 0 0 0 0 0 0 1 0 0 0 0 0 0 0 0 0 0 0 0
 0 1 1 0]
2025-12-21 17:11:03,728 - [DEBUG] - y_rrl_: (1447,) [0 0 0 0 0 0 0 0 0 0 0 0 0 0 0 0 0 0 0 0 0 0 0 0 1 0 0 0 0 0 0 0 0 0 0 0 0
 0 0 0 0]
2025-12-21 17:11:03,729 - [DEBUG] - y_rrl: (1447, 2) [[ 2.0071979  -1.5967017 ]
 [ 0.43763793 -0.03680536]
 [ 2.0596056  -1.7409762 ]
 [ 2.0596056  -1.7409762 ]
 [ 2.0071979  -1.5967017 ]
 [ 0.5952387  -0.23421398]
 [ 2.3952398  -2.0345876 ]
 [ 2.0596056  -1.7409762 ]
 [ 3.1022878  -2.7925189 ]
 [ 0.5952387  -0.23421398]
 [ 0.5952387  -0.23421398]
 [ 2.3952398  -2.0345876 ]
 [ 2.0071979  -1.5967017 ]
 [ 2.3952398  -2.0345876 ]
 [ 2.0071979  -1.5967017 ]
 [ 2.3952398  -2.0345876 ]
 [ 3.1022878  -2.7925189 ]
 [ 0.5952387  -0.23421398]
 [ 2.0071979  -1.5967017 ]
 [ 2.0071979  -1.5967017 ]
 [ 2.0071979  -1.5967017 ]
 [ 2.3952398  -2.0345876 ]
 [ 1.6516808  -1.228636  ]
 [ 2.0071979  -1.5967017 ]
 [-0.7322062   1.0456595 ]
 [ 0.5952387  -0.23421398]
 [ 2.3952398  -2.0345876 ]
 [ 2.0071979  -1.5967017 ]
 [ 2.3952398  -2.0345876 ]
 [ 2.7142458  -2.354633  ]
 [ 2.3952398  -2.0345876 ]
 [ 2.0071979  -1.5967017 ]
 [ 0.23972175  0.13385174]
 [ 0.23972175  0.13385174]
 [ 2.0071979  -1.5967017 ]
 [ 2.9725366  -2.6673105 ]
 [ 2.3952398  -2.0345876 ]
 [ 2.0071979  -1.5967017 ]
 [ 0.5952387  -0.23421398]
 [ 0.59985983 -0.2621958 ]
 [ 2.9725366  -2.6673105 ]]
2025-12-21 17:11:03,731 - [INFO] - ------------------------------------------------------------
2025-12-21 17:11:03,731 - [INFO] - On Validation Set:
	Accuracy of RRL  Model: 0.9011748445058743
	F1 Score of RRL  Model: 0.6212132029223484
2025-12-21 17:11:03,737 - [INFO] - On Validation Set:
Performance of  RRL Model: 
[[1274   12]
 [ 131   30]]
              precision    recall  f1-score   support

           0       0.91      0.99      0.95      1286
           1       0.71      0.19      0.30       161

    accuracy                           0.90      1447
   macro avg       0.81      0.59      0.62      1447
weighted avg       0.89      0.90      0.87      1447

2025-12-21 17:11:03,737 - [INFO] - ------------------------------------------------------------
2025-12-21 17:11:03,937 - [INFO] - epoch: 73, loss_rrl: 224.03105599666014
2025-12-21 17:11:05,242 - [DEBUG] - y_true: (1447,) [0 0 0 0 0 1 0 0 0 0 0 0 0 0 0 0 0 1 0 0 0 0 0 0 1 0 0 0 0 0 0 0 0 0 0 0 0
 0 1 1 0]
2025-12-21 17:11:05,524 - [DEBUG] - y_rrl_: (1447,) [0 0 0 0 0 0 0 0 0 0 1 0 0 0 0 0 0 1 0 0 0 0 0 0 1 0 0 0 0 0 0 0 1 1 0 0 0
 0 1 1 0]
2025-12-21 17:11:05,524 - [DEBUG] - y_rrl: (1447, 2) [[ 1.8972085  -1.519235  ]
 [ 0.45144552 -0.05217049]
 [ 2.6326542  -2.278142  ]
 [ 2.6326542  -2.278142  ]
 [ 1.8972085  -1.519235  ]
 [ 0.33307675 -0.00875324]
 [ 2.1811662  -1.7677805 ]
 [ 3.015223   -2.709908  ]
 [ 3.1772966  -2.8674698 ]
 [ 0.6170347  -0.2572988 ]
 [ 0.12672603  0.21459019]
 [ 1.9113525  -1.5700957 ]
 [ 1.8972085  -1.519235  ]
 [ 2.0190926  -1.6102188 ]
 [ 2.1811662  -1.7677805 ]
 [ 1.8972085  -1.519235  ]
 [ 3.1772966  -2.8674698 ]
 [-0.03534788  0.372152  ]
 [ 1.7351345  -1.3616732 ]
 [ 2.0190926  -1.6102188 ]
 [ 2.0190926  -1.6102188 ]
 [ 2.1811662  -1.7677805 ]
 [ 2.1811662  -1.7677805 ]
 [ 2.0190926  -1.6102188 ]
 [-0.7370956   1.0497922 ]
 [ 0.49515066 -0.16631505]
 [ 1.8972085  -1.519235  ]
 [ 2.0190926  -1.6102188 ]
 [ 1.8972085  -1.519235  ]
 [ 2.7947278  -2.4357038 ]
 [ 1.7492784  -1.412534  ]
 [ 2.0190926  -1.6102188 ]
 [ 0.12672603  0.21459019]
 [-0.03534788  0.372152  ]
 [ 1.8972085  -1.519235  ]
 [ 3.015223   -2.709908  ]
 [ 1.8972085  -1.519235  ]
 [ 2.0190926  -1.6102188 ]
 [-0.03534788  0.372152  ]
 [ 0.07774943  0.24094382]
 [ 3.015223   -2.709908  ]]
2025-12-21 17:11:05,527 - [INFO] - ------------------------------------------------------------
2025-12-21 17:11:05,527 - [INFO] - On Validation Set:
	Accuracy of RRL  Model: 0.9011748445058743
	F1 Score of RRL  Model: 0.6925142470781416
2025-12-21 17:11:05,534 - [INFO] - On Validation Set:
Performance of  RRL Model: 
[[1248   38]
 [ 105   56]]
              precision    recall  f1-score   support

           0       0.92      0.97      0.95      1286
           1       0.60      0.35      0.44       161

    accuracy                           0.90      1447
   macro avg       0.76      0.66      0.69      1447
weighted avg       0.89      0.90      0.89      1447

2025-12-21 17:11:05,534 - [INFO] - ------------------------------------------------------------
2025-12-21 17:11:06,804 - [INFO] - epoch: 74, loss_rrl: 222.63662454858422
2025-12-21 17:11:07,054 - [DEBUG] - y_true: (1447,) [0 0 0 0 0 1 0 0 0 0 0 0 0 0 0 0 0 1 0 0 0 0 0 0 1 0 0 0 0 0 0 0 0 0 0 0 0
 0 1 1 0]
2025-12-21 17:11:07,334 - [DEBUG] - y_rrl_: (1447,) [0 1 0 0 0 0 0 0 0 0 0 0 0 0 0 0 0 0 0 0 0 0 0 0 1 0 0 0 0 0 0 0 0 0 0 0 0
 0 0 0 0]
2025-12-21 17:11:07,335 - [DEBUG] - y_rrl: (1447, 2) [[ 1.9151573  -1.5151155 ]
 [ 0.17334867  0.21267763]
 [ 2.72494    -2.4312425 ]
 [ 2.72494    -2.4312425 ]
 [ 1.5937569  -1.2289233 ]
 [ 0.57192767 -0.21348533]
 [ 2.3165448  -1.9650555 ]
 [ 2.72494    -2.4312425 ]
 [ 2.857201   -2.5590217 ]
 [ 1.1125841  -0.8074517 ]
 [ 0.33359975  0.04173681]
 [ 1.9459555  -1.5820541 ]
 [ 1.9151573  -1.5151155 ]
 [ 2.3861551  -2.0274563 ]
 [ 2.1170287  -1.7052956 ]
 [ 2.3165448  -1.9650555 ]
 [ 2.857201   -2.5590217 ]
 [ 0.2013385   0.169516  ]
 [ 1.4614956  -1.1011441 ]
 [ 1.9847677  -1.5775164 ]
 [ 1.782896   -1.3873364 ]
 [ 2.5184162  -2.1552355 ]
 [ 1.5445681  -1.1321142 ]
 [ 1.9847677  -1.5775164 ]
 [-0.82033944  1.1322671 ]
 [ 0.70418894 -0.34126452]
 [ 1.9459555  -1.5820541 ]
 [ 1.9847677  -1.5775164 ]
 [ 2.5184162  -2.1552355 ]
 [ 2.6576853  -2.2992616 ]
 [ 1.8136944  -1.4542749 ]
 [ 1.782896   -1.3873364 ]
 [ 0.33359975  0.04173681]
 [ 0.2013385   0.169516  ]
 [ 1.9151573  -1.5151155 ]
 [ 2.72494    -2.4312425 ]
 [ 2.3165448  -1.9650555 ]
 [ 1.9847677  -1.5775164 ]
 [ 0.57192767 -0.21348533]
 [ 0.3281201   0.02532527]
 [ 2.72494    -2.4312425 ]]
2025-12-21 17:11:07,337 - [INFO] - ------------------------------------------------------------
2025-12-21 17:11:07,337 - [INFO] - On Validation Set:
	Accuracy of RRL  Model: 0.9060124395300622
	F1 Score of RRL  Model: 0.6933672388217842
2025-12-21 17:11:07,343 - [INFO] - On Validation Set:
Performance of  RRL Model: 
[[1258   28]
 [ 108   53]]
              precision    recall  f1-score   support

           0       0.92      0.98      0.95      1286
           1       0.65      0.33      0.44       161

    accuracy                           0.91      1447
   macro avg       0.79      0.65      0.69      1447
weighted avg       0.89      0.91      0.89      1447

2025-12-21 17:11:07,343 - [INFO] - ------------------------------------------------------------
2025-12-21 17:11:08,905 - [DEBUG] - y_true: (1447,) [0 0 0 0 0 1 0 0 0 0 0 0 0 0 0 0 0 1 0 0 0 0 0 0 1 0 0 0 0 0 0 0 0 0 0 0 0
 0 1 1 0]
2025-12-21 17:11:09,188 - [DEBUG] - y_rrl_: (1447,) [0 0 0 0 0 0 0 0 0 0 0 0 0 0 0 0 0 0 0 0 0 0 0 0 1 0 0 0 0 0 0 0 0 1 0 0 0
 0 0 0 0]
2025-12-21 17:11:09,188 - [DEBUG] - y_rrl: (1447, 2) [[ 1.771525   -1.3964356 ]
 [ 0.34755462  0.04862171]
 [ 2.4905605  -2.1371918 ]
 [ 2.4905605  -2.1371918 ]
 [ 1.771525   -1.3964356 ]
 [ 0.19927883  0.12288046]
 [ 2.0732143  -1.663119  ]
 [ 2.8805141  -2.5750666 ]
 [ 3.0377088  -2.7278094 ]
 [ 0.5009681  -0.1438027 ]
 [ 0.65816265 -0.2965458 ]
 [ 2.4631677  -2.1009936 ]
 [ 1.771525   -1.3964356 ]
 [ 1.9160197  -1.5103757 ]
 [ 2.0732143  -1.663119  ]
 [ 2.0732143  -1.663119  ]
 [ 3.0377088  -2.7278094 ]
 [ 0.5009681  -0.1438027 ]
 [ 1.6143304  -1.2436926 ]
 [ 1.9160197  -1.5103757 ]
 [ 1.9160197  -1.5103757 ]
 [ 2.0732143  -1.663119  ]
 [ 1.7338489  -1.3114094 ]
 [ 1.9160197  -1.5103757 ]
 [-0.82328296  1.1344491 ]
 [ 0.35647342 -0.02986264]
 [ 1.7338489  -1.3114094 ]
 [ 1.9160197  -1.5103757 ]
 [ 2.0732143  -1.663119  ]
 [ 2.6477551  -2.2899346 ]
 [ 2.305973   -1.9482507 ]
 [ 1.9160197  -1.5103757 ]
 [ 0.31879726  0.05516374]
 [ 0.16160268  0.20790684]
 [ 1.771525   -1.3964356 ]
 [ 2.8805141  -2.5750666 ]
 [ 2.0732143  -1.663119  ]
 [ 1.9160197  -1.5103757 ]
 [ 0.5009681  -0.1438027 ]
 [ 1.3414638  -0.9776903 ]
 [ 2.8805141  -2.5750666 ]]
2025-12-21 17:11:09,191 - [INFO] - ------------------------------------------------------------
2025-12-21 17:11:09,191 - [INFO] - On Validation Set:
	Accuracy of RRL  Model: 0.9011748445058743
	F1 Score of RRL  Model: 0.6437979098275289
2025-12-21 17:11:09,197 - [INFO] - On Validation Set:
Performance of  RRL Model: 
[[1267   19]
 [ 124   37]]
              precision    recall  f1-score   support

           0       0.91      0.99      0.95      1286
           1       0.66      0.23      0.34       161

    accuracy                           0.90      1447
   macro avg       0.79      0.61      0.64      1447
weighted avg       0.88      0.90      0.88      1447

2025-12-21 17:11:09,197 - [INFO] - ------------------------------------------------------------
2025-12-21 17:11:10,043 - [INFO] - epoch: 75, loss_rrl: 223.07184502715245
2025-12-21 17:11:10,726 - [DEBUG] - y_true: (1447,) [0 0 0 0 0 1 0 0 0 0 0 0 0 0 0 0 0 1 0 0 0 0 0 0 1 0 0 0 0 0 0 0 0 0 0 0 0
 0 1 1 0]
2025-12-21 17:11:11,009 - [DEBUG] - y_rrl_: (1447,) [0 0 0 0 0 0 0 0 0 0 0 0 0 0 0 0 0 0 0 0 0 0 0 0 1 0 0 0 0 0 0 0 0 0 0 0 0
 0 0 0 0]
2025-12-21 17:11:11,010 - [DEBUG] - y_rrl: (1447, 2) [[ 1.7759566  -1.4023018 ]
 [ 0.36763018  0.02700531]
 [ 2.4990542  -2.1463037 ]
 [ 2.4990542  -2.1463037 ]
 [ 2.089394   -1.6809347 ]
 [ 0.25785527  0.06322595]
 [ 2.089394   -1.6809347 ]
 [ 2.0066638  -1.6880766 ]
 [ 3.0523105  -2.7424278 ]
 [ 0.5712929  -0.21540695]
 [ 0.33982816  0.03275576]
 [ 2.1487558  -1.7753096 ]
 [ 1.7759566  -1.4023018 ]
 [ 1.9581792  -1.5541413 ]
 [ 2.089394   -1.6809347 ]
 [ 2.089394   -1.6809347 ]
 [ 3.0523105  -2.7424278 ]
 [ 0.20861328  0.15954909]
 [ 1.6447418  -1.2755084 ]
 [ 1.9581792  -1.5541413 ]
 [ 1.9581792  -1.5541413 ]
 [ 2.089394   -1.6809347 ]
 [ 1.7267146  -1.3059787 ]
 [ 1.9581792  -1.5541413 ]
 [-0.8009953   1.1113918 ]
 [ 0.38907015 -0.06356737]
 [ 1.7267146  -1.3059787 ]
 [ 1.9581792  -1.5541413 ]
 [ 2.089394   -1.6809347 ]
 [ 2.6302693  -2.2730968 ]
 [ 2.017541   -1.6485162 ]
 [ 1.9581792  -1.5541413 ]
 [ 0.33982816  0.03275576]
 [ 0.20861328  0.15954909]
 [ 1.7759566  -1.4023018 ]
 [ 2.9210958  -2.6156344 ]
 [ 2.089394   -1.6809347 ]
 [ 1.9581792  -1.5541413 ]
 [ 0.5712929  -0.21540695]
 [ 0.35664216 -0.00452903]
 [ 2.9210958  -2.6156344 ]]
2025-12-21 17:11:11,012 - [INFO] - ------------------------------------------------------------
2025-12-21 17:11:11,012 - [INFO] - On Validation Set:
	Accuracy of RRL  Model: 0.907394609536973
	F1 Score of RRL  Model: 0.6757992241840556
2025-12-21 17:11:11,018 - [INFO] - On Validation Set:
Performance of  RRL Model: 
[[1268   18]
 [ 116   45]]
              precision    recall  f1-score   support

           0       0.92      0.99      0.95      1286
           1       0.71      0.28      0.40       161

    accuracy                           0.91      1447
   macro avg       0.82      0.63      0.68      1447
weighted avg       0.89      0.91      0.89      1447

2025-12-21 17:11:11,018 - [INFO] - ------------------------------------------------------------
2025-12-21 17:11:12,618 - [DEBUG] - y_true: (1447,) [0 0 0 0 0 1 0 0 0 0 0 0 0 0 0 0 0 1 0 0 0 0 0 0 1 0 0 0 0 0 0 0 0 0 0 0 0
 0 1 1 0]
2025-12-21 17:11:12,984 - [DEBUG] - y_rrl_: (1447,) [0 0 0 0 0 0 0 0 0 0 0 0 0 0 0 0 0 0 0 0 0 0 0 0 1 0 0 0 0 0 0 0 0 0 0 0 0
 0 0 0 0]
2025-12-21 17:11:12,985 - [DEBUG] - y_rrl: (1447, 2) [[ 2.0105243  -1.6080859 ]
 [ 0.4132577  -0.02015692]
 [ 2.0530713  -1.7345104 ]
 [ 2.0530713  -1.7345104 ]
 [ 1.6861746  -1.3183403 ]
 [ 0.57753587 -0.2229256 ]
 [ 2.4236004  -2.0678108 ]
 [ 2.9783301  -2.672826  ]
 [ 3.1251564  -2.8152604 ]
 [ 0.57753587 -0.2229256 ]
 [ 0.2298778   0.13694194]
 [ 2.0759423  -1.7079432 ]
 [ 2.0105243  -1.6080859 ]
 [ 2.4236004  -2.0678108 ]
 [ 2.0105243  -1.6080859 ]
 [ 2.4236004  -2.0678108 ]
 [ 3.1251564  -2.8152604 ]
 [ 0.2298778   0.13694194]
 [ 1.6861746  -1.3183403 ]
 [ 2.0105243  -1.6080859 ]
 [ 2.0105243  -1.6080859 ]
 [ 2.4236004  -2.0678108 ]
 [ 1.6628662  -1.2482183 ]
 [ 2.0105243  -1.6080859 ]
 [-0.7659434   1.0755668 ]
 [ 0.57753587 -0.2229256 ]
 [ 2.0759423  -1.7079432 ]
 [ 2.0105243  -1.6080859 ]
 [ 2.4236004  -2.0678108 ]
 [ 2.7120805  -2.3555353 ]
 [ 2.0759423  -1.7079432 ]
 [ 2.0105243  -1.6080859 ]
 [ 0.2298778   0.13694194]
 [ 0.2298778   0.13694194]
 [ 2.0105243  -1.6080859 ]
 [ 2.9783301  -2.672826  ]
 [ 2.4236004  -2.0678108 ]
 [ 2.0105243  -1.6080859 ]
 [ 0.57753587 -0.2229256 ]
 [ 0.3009642   0.04609784]
 [ 2.9783301  -2.672826  ]]
2025-12-21 17:11:12,987 - [INFO] - ------------------------------------------------------------
2025-12-21 17:11:12,987 - [INFO] - On Validation Set:
	Accuracy of RRL  Model: 0.9046302695231514
	F1 Score of RRL  Model: 0.648801232535562
2025-12-21 17:11:12,993 - [INFO] - On Validation Set:
Performance of  RRL Model: 
[[1272   14]
 [ 124   37]]
              precision    recall  f1-score   support

           0       0.91      0.99      0.95      1286
           1       0.73      0.23      0.35       161

    accuracy                           0.90      1447
   macro avg       0.82      0.61      0.65      1447
weighted avg       0.89      0.90      0.88      1447

2025-12-21 17:11:12,993 - [INFO] - ------------------------------------------------------------
2025-12-21 17:11:13,459 - [INFO] - epoch: 76, loss_rrl: 225.00944297295064
2025-12-21 17:11:14,691 - [DEBUG] - y_true: (1447,) [0 0 0 0 0 1 0 0 0 0 0 0 0 0 0 0 0 1 0 0 0 0 0 0 1 0 0 0 0 0 0 0 0 0 0 0 0
 0 1 1 0]
2025-12-21 17:11:14,993 - [DEBUG] - y_rrl_: (1447,) [0 0 0 0 0 0 0 0 0 0 0 0 0 0 0 0 0 0 0 0 0 0 0 0 1 0 0 0 0 0 0 0 0 0 0 0 0
 0 0 0 0]
2025-12-21 17:11:14,994 - [DEBUG] - y_rrl: (1447, 2) [[ 2.211185   -1.8059747 ]
 [ 0.4791593  -0.0875881 ]
 [ 3.0453622  -2.7398639 ]
 [ 3.0453622  -2.7398639 ]
 [ 1.8854306  -1.514627  ]
 [ 0.674016   -0.32067162]
 [ 2.6349292  -2.2757215 ]
 [ 3.0453622  -2.7398639 ]
 [ 3.184424   -2.8745635 ]
 [ 0.674016   -0.32067162]
 [ 0.8130777  -0.45537123]
 [ 2.6349292  -2.2757215 ]
 [ 2.211185   -1.8059747 ]
 [ 2.4958675  -2.141022  ]
 [ 2.211185   -1.8059747 ]
 [ 2.6349292  -2.2757215 ]
 [ 3.184424   -2.8745635 ]
 [ 0.674016   -0.32067162]
 [ 1.7463689  -1.3799275 ]
 [ 2.072123   -1.6712753 ]
 [ 2.072123   -1.6712753 ]
 [ 2.6349292  -2.2757215 ]
 [ 1.85011    -1.4327581 ]
 [ 2.072123   -1.6712753 ]
 [-0.36975384  0.6664629 ]
 [ 0.8130777  -0.45537123]
 [ 2.2738543  -1.9025049 ]
 [ 2.072123   -1.6712753 ]
 [ 2.6349292  -2.2757215 ]
 [ 2.7606797  -2.4048169 ]
 [ 2.4958675  -2.141022  ]
 [ 2.072123   -1.6712753 ]
 [ 0.8130777  -0.45537123]
 [ 0.674016   -0.32067162]
 [ 2.211185   -1.8059747 ]
 [ 3.0453622  -2.7398639 ]
 [ 2.6349292  -2.2757215 ]
 [ 2.072123   -1.6712753 ]
 [ 0.674016   -0.32067162]
 [ 0.8193986  -0.48073697]
 [ 3.0453622  -2.7398639 ]]
2025-12-21 17:11:14,996 - [INFO] - ------------------------------------------------------------
2025-12-21 17:11:14,996 - [INFO] - On Validation Set:
	Accuracy of RRL  Model: 0.8984105044920525
	F1 Score of RRL  Model: 0.5919588408054587
2025-12-21 17:11:15,002 - [INFO] - On Validation Set:
Performance of  RRL Model: 
[[1277    9]
 [ 138   23]]
              precision    recall  f1-score   support

           0       0.90      0.99      0.95      1286
           1       0.72      0.14      0.24       161

    accuracy                           0.90      1447
   macro avg       0.81      0.57      0.59      1447
weighted avg       0.88      0.90      0.87      1447

2025-12-21 17:11:15,002 - [INFO] - ------------------------------------------------------------
2025-12-21 17:11:16,681 - [DEBUG] - y_true: (1447,) [0 0 0 0 0 1 0 0 0 0 0 0 0 0 0 0 0 1 0 0 0 0 0 0 1 0 0 0 0 0 0 0 0 0 0 0 0
 0 1 1 0]
2025-12-21 17:11:16,983 - [DEBUG] - y_rrl_: (1447,) [0 1 0 0 0 0 0 0 0 0 0 0 0 0 0 0 0 0 0 0 0 0 0 0 1 0 0 0 0 0 0 0 0 1 0 0 0
 0 0 0 0]
2025-12-21 17:11:16,984 - [DEBUG] - y_rrl: (1447, 2) [[ 1.7480264  -1.3933203 ]
 [ 0.00792679  0.33323365]
 [ 2.475462   -2.1245816 ]
 [ 2.475462   -2.1245816 ]
 [ 1.42009    -1.099592  ]
 [ 0.5063585  -0.15427524]
 [ 1.7480264  -1.3933203 ]
 [ 2.9226818  -2.6171594 ]
 [ 3.0653002  -2.755445  ]
 [ 1.0528004  -0.74910325]
 [ 0.64897704 -0.29256064]
 [ 2.1952462  -1.8858984 ]
 [ 1.7480264  -1.3933203 ]
 [ 1.6054078  -1.2550349 ]
 [ 1.7480264  -1.3933203 ]
 [ 1.7480264  -1.3933203 ]
 [ 3.0653002  -2.755445  ]
 [ 0.5063585  -0.15427524]
 [ 1.2774714  -0.96130663]
 [ 1.6054078  -1.2550349 ]
 [ 1.6054078  -1.2550349 ]
 [ 1.7480264  -1.3933203 ]
 [ 1.3964332  -1.0296533 ]
 [ 1.6054078  -1.2550349 ]
 [-0.8932136   1.2012942 ]
 [ 0.64897704 -0.29256064]
 [ 1.3964332  -1.0296533 ]
 [ 1.6054078  -1.2550349 ]
 [ 1.7480264  -1.3933203 ]
 [ 2.6180804  -2.262867  ]
 [ 2.0526278  -1.747613  ]
 [ 1.6054078  -1.2550349 ]
 [ 0.29738384  0.07110649]
 [ 0.15476531  0.20939189]
 [ 1.7480264  -1.3933203 ]
 [ 2.9226818  -2.6171594 ]
 [ 1.7480264  -1.3933203 ]
 [ 1.6054078  -1.2550349 ]
 [ 0.5063585  -0.15427524]
 [ 0.37615427 -0.08696467]
 [ 2.9226818  -2.6171594 ]]
2025-12-21 17:11:16,986 - [INFO] - ------------------------------------------------------------
2025-12-21 17:11:16,986 - [INFO] - On Validation Set:
	Accuracy of RRL  Model: 0.8984105044920525
	F1 Score of RRL  Model: 0.6925961734395255
2025-12-21 17:11:16,992 - [INFO] - On Validation Set:
Performance of  RRL Model: 
[[1242   44]
 [ 103   58]]
              precision    recall  f1-score   support

           0       0.92      0.97      0.94      1286
           1       0.57      0.36      0.44       161

    accuracy                           0.90      1447
   macro avg       0.75      0.66      0.69      1447
weighted avg       0.88      0.90      0.89      1447

2025-12-21 17:11:16,992 - [INFO] - ------------------------------------------------------------
2025-12-21 17:11:16,998 - [INFO] - epoch: 77, loss_rrl: 223.95582841150463
2025-12-21 17:11:18,793 - [DEBUG] - y_true: (1447,) [0 0 0 0 0 1 0 0 0 0 0 0 0 0 0 0 0 1 0 0 0 0 0 0 1 0 0 0 0 0 0 0 0 0 0 0 0
 0 1 1 0]
2025-12-21 17:11:19,113 - [DEBUG] - y_rrl_: (1447,) [0 0 0 0 0 0 0 0 0 0 0 0 0 0 0 0 0 0 0 0 0 0 0 0 1 0 0 0 0 0 0 0 0 0 0 0 0
 0 0 0 0]
2025-12-21 17:11:19,114 - [DEBUG] - y_rrl: (1447, 2) [[ 1.8513463  -1.4833627 ]
 [ 0.41702032 -0.02848083]
 [ 2.5326798  -2.182448  ]
 [ 2.5326798  -2.182448  ]
 [ 1.8513463  -1.4833627 ]
 [ 0.24127278  0.0755426 ]
 [ 2.1399646  -1.7379692 ]
 [ 2.9785829  -2.6730757 ]
 [ 3.1425743  -2.832764  ]
 [ 0.52989125 -0.17906395]
 [ 0.34971544  0.01742208]
 [ 2.2417     -1.8724227 ]
 [ 1.8513463  -1.4833627 ]
 [ 1.9759729  -1.5782812 ]
 [ 2.1399646  -1.7379692 ]
 [ 2.1399646  -1.7379692 ]
 [ 3.1425743  -2.832764  ]
 [ 0.18572366  0.1771102 ]
 [ 1.6873543  -1.3236744 ]
 [ 1.9759729  -1.5782812 ]
 [ 1.9759729  -1.5782812 ]
 [ 2.1399646  -1.7379692 ]
 [ 1.7957971  -1.3817952 ]
 [ 1.9759729  -1.5782812 ]
 [-0.8134199   1.1207259 ]
 [ 0.40526456 -0.08414552]
 [ 1.7957971  -1.3817952 ]
 [ 1.9759729  -1.5782812 ]
 [ 2.1399646  -1.7379692 ]
 [ 2.6966715  -2.3421361 ]
 [ 2.0777082  -1.7127347 ]
 [ 1.9759729  -1.5782812 ]
 [ 0.34971544  0.01742208]
 [ 0.18572366  0.1771102 ]
 [ 1.8513463  -1.4833627 ]
 [ 2.9785829  -2.6730757 ]
 [ 2.1399646  -1.7379692 ]
 [ 1.9759729  -1.5782812 ]
 [ 0.18572366  0.1771102 ]
 [ 0.42570034 -0.07620227]
 [ 2.9785829  -2.6730757 ]]
2025-12-21 17:11:19,116 - [INFO] - ------------------------------------------------------------
2025-12-21 17:11:19,116 - [INFO] - On Validation Set:
	Accuracy of RRL  Model: 0.9087767795438839
	F1 Score of RRL  Model: 0.6832269705855036
2025-12-21 17:11:19,122 - [INFO] - On Validation Set:
Performance of  RRL Model: 
[[1268   18]
 [ 114   47]]
              precision    recall  f1-score   support

           0       0.92      0.99      0.95      1286
           1       0.72      0.29      0.42       161

    accuracy                           0.91      1447
   macro avg       0.82      0.64      0.68      1447
weighted avg       0.90      0.91      0.89      1447

2025-12-21 17:11:19,122 - [INFO] - ------------------------------------------------------------
2025-12-21 17:11:20,393 - [INFO] - epoch: 78, loss_rrl: 222.0970206707716
2025-12-21 17:11:20,883 - [DEBUG] - y_true: (1447,) [0 0 0 0 0 1 0 0 0 0 0 0 0 0 0 0 0 1 0 0 0 0 0 0 1 0 0 0 0 0 0 0 0 0 0 0 0
 0 1 1 0]
2025-12-21 17:11:21,190 - [DEBUG] - y_rrl_: (1447,) [0 0 0 0 0 1 0 0 0 0 1 0 0 0 0 0 0 1 0 0 0 0 0 0 1 1 0 0 0 0 0 0 1 1 0 0 0
 0 1 1 0]
2025-12-21 17:11:21,190 - [DEBUG] - y_rrl: (1447, 2) [[ 1.5356026  -1.1732986 ]
 [ 0.2348882   0.15214175]
 [ 1.8977203  -1.5794773 ]
 [ 1.8977203  -1.5794773 ]
 [ 1.5356026  -1.1732986 ]
 [ 0.13141903  0.18433732]
 [ 2.3155456  -1.9635139 ]
 [ 2.825257   -2.5198007 ]
 [ 2.9339497  -2.6242185 ]
 [ 0.44838303 -0.09881121]
 [ 0.07520559  0.28630573]
 [ 1.9423683  -1.578397  ]
 [ 1.5356026  -1.1732986 ]
 [ 2.3155456  -1.9635139 ]
 [ 1.8525665  -1.4564471 ]
 [ 2.3155456  -1.9635139 ]
 [ 2.9339497  -2.6242185 ]
 [ 0.07520559  0.28630573]
 [ 1.8525665  -1.4564471 ]
 [ 1.8525665  -1.4564471 ]
 [ 1.8525665  -1.4564471 ]
 [ 2.3155456  -1.9635139 ]
 [ 1.479389   -1.0713303 ]
 [ 1.8525665  -1.4564471 ]
 [-0.9639606   1.2704878 ]
 [ 0.13141903  0.18433732]
 [ 1.9423683  -1.578397  ]
 [ 1.8525665  -1.4564471 ]
 [ 2.3155456  -1.9635139 ]
 [ 2.4709706  -2.1171517 ]
 [ 1.9423683  -1.578397  ]
 [ 1.8525665  -1.4564471 ]
 [ 0.07520559  0.28630573]
 [ 0.07520559  0.28630573]
 [ 1.5356026  -1.1732986 ]
 [ 2.825257   -2.5198007 ]
 [ 2.3155456  -1.9635139 ]
 [ 1.8525665  -1.4564471 ]
 [ 0.07520559  0.28630573]
 [ 0.12014487  0.22442219]
 [ 2.825257   -2.5198007 ]]
2025-12-21 17:11:21,192 - [INFO] - ------------------------------------------------------------
2025-12-21 17:11:21,192 - [INFO] - On Validation Set:
	Accuracy of RRL  Model: 0.8873531444367657
	F1 Score of RRL  Model: 0.7159782908434515
2025-12-21 17:11:21,198 - [INFO] - On Validation Set:
Performance of  RRL Model: 
[[1204   82]
 [  81   80]]
              precision    recall  f1-score   support

           0       0.94      0.94      0.94      1286
           1       0.49      0.50      0.50       161

    accuracy                           0.89      1447
   macro avg       0.72      0.72      0.72      1447
weighted avg       0.89      0.89      0.89      1447

2025-12-21 17:11:21,198 - [INFO] - ------------------------------------------------------------
2025-12-21 17:11:22,858 - [DEBUG] - y_true: (1447,) [0 0 0 0 0 1 0 0 0 0 0 0 0 0 0 0 0 1 0 0 0 0 0 0 1 0 0 0 0 0 0 0 0 0 0 0 0
 0 1 1 0]
2025-12-21 17:11:23,161 - [DEBUG] - y_rrl_: (1447,) [0 0 0 0 0 0 0 0 0 0 0 0 0 0 0 0 0 0 0 0 0 0 0 0 1 0 0 0 0 0 0 0 0 1 0 0 0
 0 0 0 0]
2025-12-21 17:11:23,161 - [DEBUG] - y_rrl: (1447, 2) [[ 1.835283   -1.4700918 ]
 [ 0.40686932 -0.02133018]
 [ 1.9924169  -1.6742908 ]
 [ 1.9924169  -1.6742908 ]
 [ 1.835283   -1.4700918 ]
 [ 0.22054863  0.09416625]
 [ 2.5719821  -2.2166338 ]
 [ 2.9322872  -2.6268816 ]
 [ 3.0791833  -2.7695317 ]
 [ 0.5170744  -0.16873819]
 [ 0.66397035 -0.3113883 ]
 [ 2.5719821  -2.2166338 ]
 [ 1.835283   -1.4700918 ]
 [ 2.4250863  -2.0739837 ]
 [ 2.1318088  -1.7329962 ]
 [ 2.5719821  -2.2166338 ]
 [ 3.0791833  -2.7695317 ]
 [ 0.5170744  -0.16873819]
 [ 1.9849129  -1.5903462 ]
 [ 1.9849129  -1.5903462 ]
 [ 1.9849129  -1.5903462 ]
 [ 2.5719821  -2.2166338 ]
 [ 1.7901614  -1.3794752 ]
 [ 1.9849129  -1.5903462 ]
 [-0.7987325   1.1044935 ]
 [ 0.3674446  -0.04848388]
 [ 2.2303348  -1.8631128 ]
 [ 1.9849129  -1.5903462 ]
 [ 2.5719821  -2.2166338 ]
 [ 2.6390097  -2.285894  ]
 [ 2.4250863  -2.0739837 ]
 [ 1.9849129  -1.5903462 ]
 [ 0.322323    0.04213271]
 [ 0.17542702  0.18478283]
 [ 1.835283   -1.4700918 ]
 [ 2.9322872  -2.6268816 ]
 [ 2.5719821  -2.2166338 ]
 [ 1.9849129  -1.5903462 ]
 [ 0.5170744  -0.16873819]
 [ 0.7740656  -0.43775302]
 [ 2.9322872  -2.6268816 ]]
2025-12-21 17:11:23,163 - [INFO] - ------------------------------------------------------------
2025-12-21 17:11:23,163 - [INFO] - On Validation Set:
	Accuracy of RRL  Model: 0.902557014512785
	F1 Score of RRL  Model: 0.6457772337821297
2025-12-21 17:11:23,169 - [INFO] - On Validation Set:
Performance of  RRL Model: 
[[1269   17]
 [ 124   37]]
              precision    recall  f1-score   support

           0       0.91      0.99      0.95      1286
           1       0.69      0.23      0.34       161

    accuracy                           0.90      1447
   macro avg       0.80      0.61      0.65      1447
weighted avg       0.89      0.90      0.88      1447

2025-12-21 17:11:23,169 - [INFO] - ------------------------------------------------------------
2025-12-21 17:11:23,890 - [INFO] - epoch: 79, loss_rrl: 223.50990571733564
2025-12-21 17:11:24,832 - [DEBUG] - y_true: (1447,) [0 0 0 0 0 1 0 0 0 0 0 0 0 0 0 0 0 1 0 0 0 0 0 0 1 0 0 0 0 0 0 0 0 0 0 0 0
 0 1 1 0]
2025-12-21 17:11:25,136 - [DEBUG] - y_rrl_: (1447,) [0 1 0 0 0 0 0 0 0 0 0 0 0 0 0 0 0 0 0 0 0 0 0 0 1 0 0 0 0 0 0 0 0 1 0 0 0
 0 0 0 0]
2025-12-21 17:11:25,137 - [DEBUG] - y_rrl: (1447, 2) [[ 1.5962324  -1.2432687 ]
 [ 0.1655764   0.20763126]
 [ 2.727764   -2.4333239 ]
 [ 2.727764   -2.4333239 ]
 [ 1.888978   -1.5025878 ]
 [ 0.22242394  0.09124336]
 [ 2.3233006  -1.9797721 ]
 [ 2.727764   -2.4333239 ]
 [ 2.8502905  -2.5516334 ]
 [ 0.5151695  -0.16807568]
 [ 0.63769615 -0.28638512]
 [ 2.3233006  -1.9797721 ]
 [ 1.5962324  -1.2432687 ]
 [ 2.3808165  -2.0306704 ]
 [ 2.0690205  -1.6717954 ]
 [ 2.3233006  -1.9797721 ]
 [ 2.8502905  -2.5516334 ]
 [ 0.5151695  -0.16807568]
 [ 1.4737058  -1.1249592 ]
 [ 1.9464939  -1.5534861 ]
 [ 1.7664514  -1.3842783 ]
 [ 2.503343   -2.14898   ]
 [ 1.888978   -1.5025878 ]
 [ 1.9464939  -1.5534861 ]
 [-0.86258775  1.1675714 ]
 [ 0.3449506  -0.02706608]
 [ 1.9533668  -1.5980308 ]
 [ 1.9464939  -1.5534861 ]
 [ 2.503343   -2.14898   ]
 [ 2.5960107  -2.2436566 ]
 [ 2.200774   -1.8614628 ]
 [ 1.7664514  -1.3842783 ]
 [ 0.26776236  0.09535623]
 [ 0.14523572  0.21366566]
 [ 1.5962324  -1.2432687 ]
 [ 2.727764   -2.4333239 ]
 [ 2.3233006  -1.9797721 ]
 [ 1.9464939  -1.5534861 ]
 [ 0.5151695  -0.16807568]
 [ 0.67002726 -0.33433634]
 [ 2.727764   -2.4333239 ]]
2025-12-21 17:11:25,139 - [INFO] - ------------------------------------------------------------
2025-12-21 17:11:25,139 - [INFO] - On Validation Set:
	Accuracy of RRL  Model: 0.9053213545266068
	F1 Score of RRL  Model: 0.6827490737999408
2025-12-21 17:11:25,145 - [INFO] - On Validation Set:
Performance of  RRL Model: 
[[1261   25]
 [ 112   49]]
              precision    recall  f1-score   support

           0       0.92      0.98      0.95      1286
           1       0.66      0.30      0.42       161

    accuracy                           0.91      1447
   macro avg       0.79      0.64      0.68      1447
weighted avg       0.89      0.91      0.89      1447

2025-12-21 17:11:25,145 - [INFO] - ------------------------------------------------------------
2025-12-21 17:11:26,863 - [DEBUG] - y_true: (1447,) [0 0 0 0 0 1 0 0 0 0 0 0 0 0 0 0 0 1 0 0 0 0 0 0 1 0 0 0 0 0 0 0 0 0 0 0 0
 0 1 1 0]
2025-12-21 17:11:27,165 - [DEBUG] - y_rrl_: (1447,) [0 0 0 0 0 0 0 0 0 0 0 0 0 0 0 0 0 0 0 0 0 0 0 0 1 0 0 0 0 0 0 0 0 0 0 0 0
 0 0 0 0]
2025-12-21 17:11:27,165 - [DEBUG] - y_rrl: (1447, 2) [[ 2.1779592  -1.7823205 ]
 [ 0.4389502  -0.05640298]
 [ 2.0012162  -1.6834773 ]
 [ 2.0012162  -1.6834773 ]
 [ 2.1779592  -1.7823205 ]
 [ 0.58416736 -0.2383179 ]
 [ 2.5741775  -2.220805  ]
 [ 2.933832   -2.6286798 ]
 [ 3.0885377  -2.779196  ]
 [ 0.58416736 -0.2383179 ]
 [ 0.3965923  -0.03481194]
 [ 2.2318969  -1.8667825 ]
 [ 2.1779592  -1.7823205 ]
 [ 2.419472   -2.0702887 ]
 [ 2.1779592  -1.7823205 ]
 [ 2.5741775  -2.220805  ]
 [ 3.0885377  -2.779196  ]
 [ 0.24188665  0.11570445]
 [ 2.0232534  -1.631804  ]
 [ 2.0232534  -1.631804  ]
 [ 2.0232534  -1.631804  ]
 [ 2.5741775  -2.220805  ]
 [ 1.8356785  -1.4282981 ]
 [ 2.0232534  -1.631804  ]
 [-0.7540022   1.0582021 ]
 [ 0.738873   -0.3888343 ]
 [ 2.5741775  -2.220805  ]
 [ 2.0232534  -1.631804  ]
 [ 2.5741775  -2.220805  ]
 [ 2.6923192  -2.3407116 ]
 [ 2.0771914  -1.7162662 ]
 [ 2.0232534  -1.631804  ]
 [ 0.3965923  -0.03481194]
 [ 0.24188665  0.11570445]
 [ 2.1779592  -1.7823205 ]
 [ 2.933832   -2.6286798 ]
 [ 2.5741775  -2.220805  ]
 [ 2.0232534  -1.631804  ]
 [ 0.24188665  0.11570445]
 [ 0.4308577  -0.08405927]
 [ 2.933832   -2.6286798 ]]
2025-12-21 17:11:27,167 - [INFO] - ------------------------------------------------------------
2025-12-21 17:11:27,167 - [INFO] - On Validation Set:
	Accuracy of RRL  Model: 0.902557014512785
	F1 Score of RRL  Model: 0.6331828503314402
2025-12-21 17:11:27,173 - [INFO] - On Validation Set:
Performance of  RRL Model: 
[[1273   13]
 [ 128   33]]
              precision    recall  f1-score   support

           0       0.91      0.99      0.95      1286
           1       0.72      0.20      0.32       161

    accuracy                           0.90      1447
   macro avg       0.81      0.60      0.63      1447
weighted avg       0.89      0.90      0.88      1447

2025-12-21 17:11:27,173 - [INFO] - ------------------------------------------------------------
2025-12-21 17:11:27,449 - [INFO] - epoch: 80, loss_rrl: 221.70969171077013
2025-12-21 17:11:29,114 - [DEBUG] - y_true: (1447,) [0 0 0 0 0 1 0 0 0 0 0 0 0 0 0 0 0 1 0 0 0 0 0 0 1 0 0 0 0 0 0 0 0 0 0 0 0
 0 1 1 0]
2025-12-21 17:11:29,412 - [DEBUG] - y_rrl_: (1447,) [0 0 0 0 0 0 0 0 0 0 0 0 0 0 0 0 0 0 0 0 0 0 0 0 1 0 0 0 0 0 0 0 0 0 0 0 0
 0 0 0 0]
2025-12-21 17:11:29,413 - [DEBUG] - y_rrl: (1447, 2) [[ 1.9118571  -1.5508344 ]
 [ 0.4403798  -0.05932146]
 [ 2.590888   -2.2442293 ]
 [ 2.590888   -2.2442293 ]
 [ 1.9118571  -1.5508344 ]
 [ 0.3184423  -0.00686604]
 [ 2.208351   -1.8142905 ]
 [ 3.000756   -2.6957884 ]
 [ 3.1618903  -2.8527617 ]
 [ 0.614936   -0.2703223 ]
 [ 0.40667903 -0.04622754]
 [ 2.2488272  -1.8847818 ]
 [ 1.9118571  -1.5508344 ]
 [ 2.0472164  -1.6573174 ]
 [ 2.208351   -1.8142905 ]
 [ 2.208351   -1.8142905 ]
 [ 3.1618903  -2.8527617 ]
 [ 0.24554473  0.11074558]
 [ 1.7507226  -1.393861  ]
 [ 2.0472164  -1.6573174 ]
 [ 2.0472164  -1.6573174 ]
 [ 2.208351   -1.8142905 ]
 [ 1.8389595  -1.4332228 ]
 [ 2.0472164  -1.6573174 ]
 [-0.7592221   1.0626409 ]
 [ 0.47957662 -0.16383916]
 [ 2.208351   -1.8142905 ]
 [ 2.0472164  -1.6573174 ]
 [ 2.208351   -1.8142905 ]
 [ 2.7520223  -2.4012022 ]
 [ 2.087693   -1.7278087 ]
 [ 2.0472164  -1.6573174 ]
 [ 0.40667903 -0.04622754]
 [ 0.24554473  0.11074558]
 [ 1.9118571  -1.5508344 ]
 [ 3.000756   -2.6957884 ]
 [ 2.208351   -1.8142905 ]
 [ 2.0472164  -1.6573174 ]
 [ 0.24554473  0.11074558]
 [ 0.396522   -0.05044037]
 [ 3.000756   -2.6957884 ]]
2025-12-21 17:11:29,415 - [INFO] - ------------------------------------------------------------
2025-12-21 17:11:29,415 - [INFO] - On Validation Set:
	Accuracy of RRL  Model: 0.9080856945404284
	F1 Score of RRL  Model: 0.6742166088571317
2025-12-21 17:11:29,421 - [INFO] - On Validation Set:
Performance of  RRL Model: 
[[1270   16]
 [ 117   44]]
              precision    recall  f1-score   support

           0       0.92      0.99      0.95      1286
           1       0.73      0.27      0.40       161

    accuracy                           0.91      1447
   macro avg       0.82      0.63      0.67      1447
weighted avg       0.90      0.91      0.89      1447

2025-12-21 17:11:29,421 - [INFO] - ------------------------------------------------------------
2025-12-21 17:11:31,084 - [INFO] - epoch: 81, loss_rrl: 222.41087462194264
2025-12-21 17:11:31,307 - [DEBUG] - y_true: (1447,) [0 0 0 0 0 1 0 0 0 0 0 0 0 0 0 0 0 1 0 0 0 0 0 0 1 0 0 0 0 0 0 0 0 0 0 0 0
 0 1 1 0]
2025-12-21 17:11:31,588 - [DEBUG] - y_rrl_: (1447,) [0 1 0 0 0 0 0 0 0 0 0 0 0 0 0 0 0 0 0 0 0 0 0 0 1 0 0 0 0 0 0 0 0 0 0 0 0
 0 0 0 0]
2025-12-21 17:11:31,589 - [DEBUG] - y_rrl: (1447, 2) [[ 1.945221   -1.5633001 ]
 [ 0.17303333  0.19597664]
 [ 2.7617228  -2.467507  ]
 [ 2.7617228  -2.467507  ]
 [ 1.6143038  -1.2652261 ]
 [ 0.57133377 -0.22796193]
 [ 2.386793   -2.0459914 ]
 [ 2.7617228  -2.467507  ]
 [ 2.8891265  -2.5907779 ]
 [ 0.57133377 -0.22796193]
 [ 0.6987375  -0.35123262]
 [ 2.386793   -2.0459914 ]
 [ 1.945221   -1.5633001 ]
 [ 2.4668508  -2.1196232 ]
 [ 2.1526823  -1.7602025 ]
 [ 2.386793   -2.0459914 ]
 [ 2.8891265  -2.5907779 ]
 [ 0.57133377 -0.22796193]
 [ 1.4869001  -1.1419554 ]
 [ 2.0252788  -1.6369319 ]
 [ 1.8178172  -1.4400294 ]
 [ 2.5942545  -2.2428937 ]
 [ 1.5766292  -1.1830964 ]
 [ 2.0252788  -1.6369319 ]
 [-0.82576513  1.1283944 ]
 [ 0.6987375  -0.35123262]
 [ 2.018201   -1.6657876 ]
 [ 2.0252788  -1.6369319 ]
 [ 2.5942545  -2.2428937 ]
 [ 2.655016   -2.3049889 ]
 [ 2.2593892  -1.9227206 ]
 [ 1.8178172  -1.4400294 ]
 [ 0.33014575  0.02897114]
 [ 0.20274204  0.15224183]
 [ 1.945221   -1.5633001 ]
 [ 2.7617228  -2.467507  ]
 [ 2.386793   -2.0459914 ]
 [ 2.0252788  -1.6369319 ]
 [ 0.57133377 -0.22796193]
 [ 0.74392736 -0.4101846 ]
 [ 2.7617228  -2.467507  ]]
2025-12-21 17:11:31,591 - [INFO] - ------------------------------------------------------------
2025-12-21 17:11:31,591 - [INFO] - On Validation Set:
	Accuracy of RRL  Model: 0.9053213545266068
	F1 Score of RRL  Model: 0.6875887446910778
2025-12-21 17:11:31,597 - [INFO] - On Validation Set:
Performance of  RRL Model: 
[[1259   27]
 [ 110   51]]
              precision    recall  f1-score   support

           0       0.92      0.98      0.95      1286
           1       0.65      0.32      0.43       161

    accuracy                           0.91      1447
   macro avg       0.79      0.65      0.69      1447
weighted avg       0.89      0.91      0.89      1447

2025-12-21 17:11:31,597 - [INFO] - ------------------------------------------------------------
2025-12-21 17:11:33,208 - [DEBUG] - y_true: (1447,) [0 0 0 0 0 1 0 0 0 0 0 0 0 0 0 0 0 1 0 0 0 0 0 0 1 0 0 0 0 0 0 0 0 0 0 0 0
 0 1 1 0]
2025-12-21 17:11:33,490 - [DEBUG] - y_rrl_: (1447,) [0 0 0 0 0 0 0 0 0 0 0 0 0 0 0 0 0 0 0 0 0 0 0 0 1 0 0 0 0 0 0 0 0 1 0 0 0
 0 0 0 0]
2025-12-21 17:11:33,491 - [DEBUG] - y_rrl: (1447, 2) [[ 1.830181   -1.4719148 ]
 [ 0.38139686 -0.0033004 ]
 [ 1.9324776  -1.6155177 ]
 [ 1.9324776  -1.6155177 ]
 [ 1.830181   -1.4719148 ]
 [ 0.22844821  0.0810473 ]
 [ 2.5205579  -2.1702101 ]
 [ 2.8783464  -2.5737734 ]
 [ 3.0337648  -2.725087  ]
 [ 0.5147629  -0.17261618]
 [ 0.67018116 -0.32392997]
 [ 2.5205579  -2.1702101 ]
 [ 1.830181   -1.4719148 ]
 [ 2.3651395  -2.0188963 ]
 [ 2.1164958  -1.7255782 ]
 [ 2.5205579  -2.1702101 ]
 [ 3.0337648  -2.725087  ]
 [ 0.5147629  -0.17261618]
 [ 1.6747627  -1.3206011 ]
 [ 1.9610775  -1.5742645 ]
 [ 1.9610775  -1.5742645 ]
 [ 2.5205579  -2.1702101 ]
 [ 1.7689986  -1.3665329 ]
 [ 1.9610775  -1.5742645 ]
 [-0.79710126  1.0989512 ]
 [ 0.38386646 -0.07026649]
 [ 2.1730607  -1.8111647 ]
 [ 1.9610775  -1.5742645 ]
 [ 2.5205579  -2.1702101 ]
 [ 2.6297028  -2.2804554 ]
 [ 2.3651395  -2.0188963 ]
 [ 1.9610775  -1.5742645 ]
 [ 0.32268405  0.03511527]
 [ 0.1672658   0.18642905]
 [ 1.830181   -1.4719148 ]
 [ 2.8783464  -2.5737734 ]
 [ 2.5205579  -2.1702101 ]
 [ 1.9610775  -1.5742645 ]
 [ 0.5147629  -0.17261618]
 [ 1.37522    -1.0229552 ]
 [ 2.8783464  -2.5737734 ]]
2025-12-21 17:11:33,493 - [INFO] - ------------------------------------------------------------
2025-12-21 17:11:33,493 - [INFO] - On Validation Set:
	Accuracy of RRL  Model: 0.9018659295093296
	F1 Score of RRL  Model: 0.6447839736674689
2025-12-21 17:11:33,499 - [INFO] - On Validation Set:
Performance of  RRL Model: 
[[1268   18]
 [ 124   37]]
              precision    recall  f1-score   support

           0       0.91      0.99      0.95      1286
           1       0.67      0.23      0.34       161

    accuracy                           0.90      1447
   macro avg       0.79      0.61      0.64      1447
weighted avg       0.88      0.90      0.88      1447

2025-12-21 17:11:33,499 - [INFO] - ------------------------------------------------------------
2025-12-21 17:11:34,439 - [INFO] - epoch: 82, loss_rrl: 224.36074013635516
2025-12-21 17:11:35,147 - [DEBUG] - y_true: (1447,) [0 0 0 0 0 1 0 0 0 0 0 0 0 0 0 0 0 1 0 0 0 0 0 0 1 0 0 0 0 0 0 0 0 0 0 0 0
 0 1 1 0]
2025-12-21 17:11:35,429 - [DEBUG] - y_rrl_: (1447,) [0 0 0 0 0 0 0 0 0 0 0 0 0 0 0 0 0 0 0 0 0 0 0 0 1 0 0 0 0 0 0 0 0 0 0 0 0
 0 0 0 0]
2025-12-21 17:11:35,430 - [DEBUG] - y_rrl: (1447, 2) [[ 1.8114412  -1.4545434 ]
 [ 0.35395786  0.02266902]
 [ 2.4840739  -2.13971   ]
 [ 2.4840739  -2.13971   ]
 [ 1.8114412  -1.4545434 ]
 [ 0.29595768  0.01250187]
 [ 2.0924084  -1.7030505 ]
 [ 2.8933768  -2.589046  ]
 [ 3.0275686  -2.7191606 ]
 [ 0.5769249  -0.2360053 ]
 [ 0.7111165  -0.36611998]
 [ 2.5017114  -2.1523862 ]
 [ 1.8114412  -1.4545434 ]
 [ 1.958217   -1.5729358 ]
 [ 2.0924084  -1.7030505 ]
 [ 2.0924084  -1.7030505 ]
 [ 3.0275686  -2.7191606 ]
 [ 0.5769249  -0.2360053 ]
 [ 1.6772497  -1.3244287 ]
 [ 1.958217   -1.5729358 ]
 [ 1.958217   -1.5729358 ]
 [ 2.0924084  -1.7030505 ]
 [ 1.7001009  -1.2992582 ]
 [ 1.958217   -1.5729358 ]
 [-0.79544616  1.0965124 ]
 [ 0.43014923 -0.11761281]
 [ 1.7001009  -1.2992582 ]
 [ 1.958217   -1.5729358 ]
 [ 2.0924084  -1.7030505 ]
 [ 2.6182656  -2.2698245 ]
 [ 2.3675199  -2.0222716 ]
 [ 1.958217   -1.5729358 ]
 [ 0.31880897  0.03767231]
 [ 0.18461743  0.16778699]
 [ 1.8114412  -1.4545434 ]
 [ 2.8933768  -2.589046  ]
 [ 2.0924084  -1.7030505 ]
 [ 1.958217   -1.5729358 ]
 [ 0.5769249  -0.2360053 ]
 [ 0.68069315 -0.348307  ]
 [ 2.8933768  -2.589046  ]]
2025-12-21 17:11:35,432 - [INFO] - ------------------------------------------------------------
2025-12-21 17:11:35,432 - [INFO] - On Validation Set:
	Accuracy of RRL  Model: 0.9067035245335177
	F1 Score of RRL  Model: 0.6799118444661101
2025-12-21 17:11:35,438 - [INFO] - On Validation Set:
Performance of  RRL Model: 
[[1265   21]
 [ 114   47]]
              precision    recall  f1-score   support

           0       0.92      0.98      0.95      1286
           1       0.69      0.29      0.41       161

    accuracy                           0.91      1447
   macro avg       0.80      0.64      0.68      1447
weighted avg       0.89      0.91      0.89      1447

2025-12-21 17:11:35,438 - [INFO] - ------------------------------------------------------------
2025-12-21 17:11:37,075 - [DEBUG] - y_true: (1447,) [0 0 0 0 0 1 0 0 0 0 0 0 0 0 0 0 0 1 0 0 0 0 0 0 1 0 0 0 0 0 0 0 0 0 0 0 0
 0 1 1 0]
2025-12-21 17:11:37,357 - [DEBUG] - y_rrl_: (1447,) [0 0 0 0 0 0 0 0 0 0 0 0 0 0 0 0 0 0 0 0 0 0 0 0 1 0 0 0 0 0 0 0 0 0 0 0 0
 0 0 0 0]
2025-12-21 17:11:37,358 - [DEBUG] - y_rrl: (1447, 2) [[ 2.0967388  -1.712981  ]
 [ 0.48300198 -0.10783511]
 [ 2.6636722  -2.3200445 ]
 [ 2.6636722  -2.3200445 ]
 [ 1.792236   -1.4407468 ]
 [ 0.6327704  -0.29307148]
 [ 2.0967388  -1.712981  ]
 [ 3.0681803  -2.7640617 ]
 [ 3.211109   -2.902941  ]
 [ 0.6327704  -0.29307148]
 [ 0.6327704  -0.29307148]
 [ 2.5012467  -2.156998  ]
 [ 2.0967388  -1.712981  ]
 [ 2.0967388  -1.712981  ]
 [ 2.0967388  -1.712981  ]
 [ 2.0967388  -1.712981  ]
 [ 3.211109   -2.902941  ]
 [ 0.6327704  -0.29307148]
 [ 1.792236   -1.4407468 ]
 [ 2.0967388  -1.712981  ]
 [ 2.0967388  -1.712981  ]
 [ 2.0967388  -1.712981  ]
 [ 2.0967388  -1.712981  ]
 [ 2.0967388  -1.712981  ]
 [-0.7142072   1.0144932 ]
 [ 0.6327704  -0.29307148]
 [ 1.7292185  -1.334039  ]
 [ 2.0967388  -1.712981  ]
 [ 2.0967388  -1.712981  ]
 [ 2.8066008  -2.4589238 ]
 [ 2.5012467  -2.156998  ]
 [ 2.0967388  -1.712981  ]
 [ 0.26525006  0.08587053]
 [ 0.26525006  0.08587053]
 [ 2.0967388  -1.712981  ]
 [ 3.0681803  -2.7640617 ]
 [ 2.0967388  -1.712981  ]
 [ 2.0967388  -1.712981  ]
 [ 0.6327704  -0.29307148]
 [ 0.67407095 -0.3464274 ]
 [ 3.0681803  -2.7640617 ]]
2025-12-21 17:11:37,360 - [INFO] - ------------------------------------------------------------
2025-12-21 17:11:37,360 - [INFO] - On Validation Set:
	Accuracy of RRL  Model: 0.9046302695231514
	F1 Score of RRL  Model: 0.648801232535562
2025-12-21 17:11:37,366 - [INFO] - On Validation Set:
Performance of  RRL Model: 
[[1272   14]
 [ 124   37]]
              precision    recall  f1-score   support

           0       0.91      0.99      0.95      1286
           1       0.73      0.23      0.35       161

    accuracy                           0.90      1447
   macro avg       0.82      0.61      0.65      1447
weighted avg       0.89      0.90      0.88      1447

2025-12-21 17:11:37,366 - [INFO] - ------------------------------------------------------------
2025-12-21 17:11:37,873 - [INFO] - epoch: 83, loss_rrl: 222.03510580863804
2025-12-21 17:11:39,015 - [DEBUG] - y_true: (1447,) [0 0 0 0 0 1 0 0 0 0 0 0 0 0 0 0 0 1 0 0 0 0 0 0 1 0 0 0 0 0 0 0 0 0 0 0 0
 0 1 1 0]
2025-12-21 17:11:39,302 - [DEBUG] - y_rrl_: (1447,) [0 0 0 0 0 0 0 0 0 0 0 0 0 0 0 0 0 0 0 0 0 0 0 0 1 0 0 0 0 0 0 0 0 0 0 0 0
 0 0 0 0]
2025-12-21 17:11:39,303 - [DEBUG] - y_rrl: (1447, 2) [[ 1.9185039  -1.5643247 ]
 [ 0.44908598 -0.07537928]
 [ 3.0709028  -2.7670228 ]
 [ 3.0709028  -2.7670228 ]
 [ 1.9185039  -1.5643247 ]
 [ 0.32952058 -0.02311957]
 [ 2.6153612  -2.2680936 ]
 [ 3.0709028  -2.7670228 ]
 [ 3.218128   -2.9102266 ]
 [ 0.6322154  -0.29373607]
 [ 0.7794405  -0.4369397 ]
 [ 2.6153612  -2.2680936 ]
 [ 1.9185039  -1.5643247 ]
 [ 2.4681363  -2.1248899 ]
 [ 2.2211988  -1.8349413 ]
 [ 2.6153612  -2.2680936 ]
 [ 3.218128   -2.9102266 ]
 [ 0.6322154  -0.29373607]
 [ 1.771279   -1.4211209 ]
 [ 2.073974   -1.6917374 ]
 [ 2.073974   -1.6917374 ]
 [ 2.6153612  -2.2680936 ]
 [ 1.8292091  -1.4315934 ]
 [ 2.073974   -1.6917374 ]
 [-0.7891791   1.0886788 ]
 [ 0.47674567 -0.16632318]
 [ 2.2233715  -1.8647457 ]
 [ 2.073974   -1.6917374 ]
 [ 2.6153612  -2.2680936 ]
 [ 2.8239655  -2.4770744 ]
 [ 2.4681363  -2.1248899 ]
 [ 2.073974   -1.6917374 ]
 [ 0.38745087 -0.03359187]
 [ 0.24022579  0.10961175]
 [ 1.9185039  -1.5643247 ]
 [ 3.0709028  -2.7670228 ]
 [ 2.6153612  -2.2680936 ]
 [ 2.073974   -1.6917374 ]
 [ 0.6322154  -0.29373607]
 [ 0.7449055  -0.41391394]
 [ 3.0709028  -2.7670228 ]]
2025-12-21 17:11:39,305 - [INFO] - ------------------------------------------------------------
2025-12-21 17:11:39,305 - [INFO] - On Validation Set:
	Accuracy of RRL  Model: 0.9046302695231514
	F1 Score of RRL  Model: 0.648801232535562
2025-12-21 17:11:39,311 - [INFO] - On Validation Set:
Performance of  RRL Model: 
[[1272   14]
 [ 124   37]]
              precision    recall  f1-score   support

           0       0.91      0.99      0.95      1286
           1       0.73      0.23      0.35       161

    accuracy                           0.90      1447
   macro avg       0.82      0.61      0.65      1447
weighted avg       0.89      0.90      0.88      1447

2025-12-21 17:11:39,311 - [INFO] - ------------------------------------------------------------
2025-12-21 17:11:40,958 - [DEBUG] - y_true: (1447,) [0 0 0 0 0 1 0 0 0 0 0 0 0 0 0 0 0 1 0 0 0 0 0 0 1 0 0 0 0 0 0 0 0 0 0 0 0
 0 1 1 0]
2025-12-21 17:11:41,245 - [DEBUG] - y_rrl_: (1447,) [0 0 0 0 0 0 0 0 0 0 0 0 0 0 0 0 0 1 0 0 0 0 0 0 1 0 0 0 0 0 0 0 0 1 0 0 0
 0 0 0 0]
2025-12-21 17:11:41,246 - [DEBUG] - y_rrl: (1447, 2) [[ 2.1545386e+00 -1.7698302e+00]
 [ 3.6303654e-01  9.2092752e-03]
 [ 2.5862610e+00 -2.2441425e+00]
 [ 2.5862610e+00 -2.2441425e+00]
 [ 1.8235995e+00 -1.4707787e+00]
 [ 5.4422438e-01 -2.0696837e-01]
 [ 2.1545386e+00 -1.7698302e+00]
 [ 2.9779592e+00 -2.6743093e+00]
 [ 3.1316242e+00 -2.8239803e+00]
 [ 1.1296121e+00 -8.3095181e-01]
 [ 3.2390469e-01  2.8640091e-02]
 [ 2.1722519e+00 -1.8147173e+00]
 [ 2.1545386e+00 -1.7698302e+00]
 [ 2.0008733e+00 -1.6201591e+00]
 [ 2.1545386e+00 -1.7698302e+00]
 [ 2.1545386e+00 -1.7698302e+00]
 [ 3.1316242e+00 -2.8239803e+00]
 [ 1.7023945e-01  1.7831117e-01]
 [ 1.6699342e+00 -1.3211076e+00]
 [ 2.0008733e+00 -1.6201591e+00]
 [ 2.0008733e+00 -1.6201591e+00]
 [ 2.1545386e+00 -1.7698302e+00]
 [ 1.7805537e+00 -1.3845507e+00]
 [ 2.0008733e+00 -1.6201591e+00]
 [-8.6684799e-01  1.1655507e+00]
 [ 6.9788957e-01 -3.5663944e-01]
 [ 1.7805537e+00 -1.3845507e+00]
 [ 2.0008733e+00 -1.6201591e+00]
 [ 2.1545386e+00 -1.7698302e+00]
 [ 2.7399263e+00 -2.3938141e+00]
 [ 2.0185866e+00 -1.6650462e+00]
 [ 2.0008733e+00 -1.6201591e+00]
 [ 3.2390469e-01  2.8640091e-02]
 [ 1.7023945e-01  1.7831117e-01]
 [ 2.1545386e+00 -1.7698302e+00]
 [ 2.9779592e+00 -2.6743093e+00]
 [ 2.1545386e+00 -1.7698302e+00]
 [ 2.0008733e+00 -1.6201591e+00]
 [ 5.4422438e-01 -2.0696837e-01]
 [ 3.4148908e-01  9.0479851e-05]
 [ 2.9779592e+00 -2.6743093e+00]]
2025-12-21 17:11:41,248 - [INFO] - ------------------------------------------------------------
2025-12-21 17:11:41,248 - [INFO] - On Validation Set:
	Accuracy of RRL  Model: 0.9032480995162405
	F1 Score of RRL  Model: 0.6819580507410199
2025-12-21 17:11:41,254 - [INFO] - On Validation Set:
Performance of  RRL Model: 
[[1257   29]
 [ 111   50]]
              precision    recall  f1-score   support

           0       0.92      0.98      0.95      1286
           1       0.63      0.31      0.42       161

    accuracy                           0.90      1447
   macro avg       0.78      0.64      0.68      1447
weighted avg       0.89      0.90      0.89      1447

2025-12-21 17:11:41,254 - [INFO] - ------------------------------------------------------------
2025-12-21 17:11:41,301 - [INFO] - epoch: 84, loss_rrl: 221.07873920630664
2025-12-21 17:11:42,893 - [DEBUG] - y_true: (1447,) [0 0 0 0 0 1 0 0 0 0 0 0 0 0 0 0 0 1 0 0 0 0 0 0 1 0 0 0 0 0 0 0 0 0 0 0 0
 0 1 1 0]
2025-12-21 17:11:43,181 - [DEBUG] - y_rrl_: (1447,) [0 0 0 0 0 0 0 0 0 0 0 0 0 0 0 0 0 0 0 0 0 0 0 0 1 0 0 0 0 0 0 0 0 0 0 0 0
 0 0 0 0]
2025-12-21 17:11:43,182 - [DEBUG] - y_rrl: (1447, 2) [[ 1.9115189  -1.5600581 ]
 [ 0.44804412 -0.0772582 ]
 [ 2.6436975  -2.302354  ]
 [ 2.6436975  -2.302354  ]
 [ 1.9115189  -1.5600581 ]
 [ 0.26849627  0.03583845]
 [ 2.2178497  -1.8346901 ]
 [ 3.0528388  -2.749448  ]
 [ 3.2233841  -2.9160273 ]
 [ 0.57482696 -0.23879358]
 [ 0.7453725  -0.40537307]
 [ 2.6269908  -2.2817843 ]
 [ 1.9115189  -1.5600581 ]
 [ 2.0473042  -1.6681106 ]
 [ 2.2178497  -1.8346901 ]
 [ 2.2178497  -1.8346901 ]
 [ 3.2233841  -2.9160273 ]
 [ 0.57482696 -0.23879358]
 [ 1.7409735  -1.3934785 ]
 [ 2.0473042  -1.6681106 ]
 [ 2.0473042  -1.6681106 ]
 [ 2.2178497  -1.8346901 ]
 [ 1.8556939  -1.4613026 ]
 [ 2.0473042  -1.6681106 ]
 [-0.8147172   1.1126174 ]
 [ 0.4390418  -0.13074103]
 [ 1.8556939  -1.4613026 ]
 [ 2.0473042  -1.6681106 ]
 [ 2.2178497  -1.8346901 ]
 [ 2.8142428  -2.4689333 ]
 [ 2.4564455  -2.1152043 ]
 [ 2.0473042  -1.6681106 ]
 [ 0.3832168  -0.03198561]
 [ 0.21267128  0.13459387]
 [ 1.9115189  -1.5600581 ]
 [ 3.0528388  -2.749448  ]
 [ 2.2178497  -1.8346901 ]
 [ 2.0473042  -1.6681106 ]
 [ 0.57482696 -0.23879358]
 [ 0.7981058  -0.46853676]
 [ 3.0528388  -2.749448  ]]
2025-12-21 17:11:43,184 - [INFO] - ------------------------------------------------------------
2025-12-21 17:11:43,184 - [INFO] - On Validation Set:
	Accuracy of RRL  Model: 0.9080856945404284
	F1 Score of RRL  Model: 0.6742166088571317
2025-12-21 17:11:43,190 - [INFO] - On Validation Set:
Performance of  RRL Model: 
[[1270   16]
 [ 117   44]]
              precision    recall  f1-score   support

           0       0.92      0.99      0.95      1286
           1       0.73      0.27      0.40       161

    accuracy                           0.91      1447
   macro avg       0.82      0.63      0.67      1447
weighted avg       0.90      0.91      0.89      1447

2025-12-21 17:11:43,190 - [INFO] - ------------------------------------------------------------
2025-12-21 17:11:44,428 - [INFO] - epoch: 85, loss_rrl: 222.35928583703935
2025-12-21 17:11:44,851 - [DEBUG] - y_true: (1447,) [0 0 0 0 0 1 0 0 0 0 0 0 0 0 0 0 0 1 0 0 0 0 0 0 1 0 0 0 0 0 0 0 0 0 0 0 0
 0 1 1 0]
2025-12-21 17:11:45,133 - [DEBUG] - y_rrl_: (1447,) [0 0 0 0 0 0 0 0 0 0 0 0 0 0 0 0 0 0 0 0 0 0 0 0 1 0 0 0 0 0 0 0 1 1 0 0 0
 0 0 0 0]
2025-12-21 17:11:45,134 - [DEBUG] - y_rrl: (1447, 2) [[ 1.6892717e+00 -1.3431022e+00]
 [ 3.7203750e-01 -2.7039051e-03]
 [ 2.9945767e+00 -2.6914680e+00]
 [ 2.9945767e+00 -2.6914680e+00]
 [ 1.6892717e+00 -1.3431022e+00]
 [ 2.2295749e-01  8.0347061e-02]
 [ 2.4444790e+00 -2.1042304e+00]
 [ 2.9945767e+00 -2.6914680e+00]
 [ 3.1098206e+00 -2.8027735e+00]
 [ 1.1121199e+00 -8.1444359e-01]
 [ 5.6202233e-01 -2.2720617e-01]
 [ 2.4444790e+00 -2.1042304e+00]
 [ 1.6892717e+00 -1.3431022e+00]
 [ 2.4444790e+00 -2.1042304e+00]
 [ 2.0283365e+00 -1.6506554e+00]
 [ 2.4444790e+00 -2.1042304e+00]
 [ 3.1098206e+00 -2.8027735e+00]
 [ 5.6202233e-01 -2.2720617e-01]
 [ 2.0283365e+00 -1.6506554e+00]
 [ 2.0283365e+00 -1.6506554e+00]
 [ 2.0283365e+00 -1.6506554e+00]
 [ 2.4444790e+00 -2.1042304e+00]
 [ 1.6347623e+00 -1.2459130e+00]
 [ 2.0283365e+00 -1.6506554e+00]
 [-8.9319205e-01  1.1902897e+00]
 [ 2.2295749e-01  8.0347061e-02]
 [ 2.0509048e+00 -1.6994879e+00]
 [ 2.0283365e+00 -1.6506554e+00]
 [ 2.4444790e+00 -2.1042304e+00]
 [ 2.6936781e+00 -2.3491983e+00]
 [ 2.4444790e+00 -2.1042304e+00]
 [ 2.0283365e+00 -1.6506554e+00]
 [ 1.6844815e-01  1.7753625e-01]
 [ 1.6844815e-01  1.7753625e-01]
 [ 1.6892717e+00 -1.3431022e+00]
 [ 2.9945767e+00 -2.6914680e+00]
 [ 2.4444790e+00 -2.1042304e+00]
 [ 2.0283365e+00 -1.6506554e+00]
 [ 5.6202233e-01 -2.2720617e-01]
 [ 2.5558957e-01  2.4418831e-02]
 [ 2.9945767e+00 -2.6914680e+00]]
2025-12-21 17:11:45,136 - [INFO] - ------------------------------------------------------------
2025-12-21 17:11:45,136 - [INFO] - On Validation Set:
	Accuracy of RRL  Model: 0.9018659295093296
	F1 Score of RRL  Model: 0.6724407289793524
2025-12-21 17:11:45,142 - [INFO] - On Validation Set:
Performance of  RRL Model: 
[[1258   28]
 [ 114   47]]
              precision    recall  f1-score   support

           0       0.92      0.98      0.95      1286
           1       0.63      0.29      0.40       161

    accuracy                           0.90      1447
   macro avg       0.77      0.64      0.67      1447
weighted avg       0.88      0.90      0.89      1447

2025-12-21 17:11:45,142 - [INFO] - ------------------------------------------------------------
2025-12-21 17:11:46,748 - [DEBUG] - y_true: (1447,) [0 0 0 0 0 1 0 0 0 0 0 0 0 0 0 0 0 1 0 0 0 0 0 0 1 0 0 0 0 0 0 0 0 0 0 0 0
 0 1 1 0]
2025-12-21 17:11:47,030 - [DEBUG] - y_rrl_: (1447,) [0 0 0 0 0 0 0 0 0 0 0 0 0 0 0 0 0 0 0 0 0 0 0 0 1 0 0 0 0 0 0 0 0 1 0 0 0
 0 0 0 0]
2025-12-21 17:11:47,031 - [DEBUG] - y_rrl: (1447, 2) [[ 1.8299165  -1.4811512 ]
 [ 0.3743989  -0.00650626]
 [ 2.5231907  -2.1834474 ]
 [ 2.5231907  -2.1834474 ]
 [ 1.8299165  -1.4811512 ]
 [ 0.19749188  0.10479701]
 [ 2.1422226  -1.7621298 ]
 [ 2.9438086  -2.6409874 ]
 [ 3.103018   -2.7962859 ]
 [ 0.509798   -0.1761815 ]
 [ 0.66900766 -0.3314799 ]
 [ 2.5628407  -2.21967   ]
 [ 1.8299165  -1.4811512 ]
 [ 1.9830129  -1.6068313 ]
 [ 2.1422226  -1.7621298 ]
 [ 2.1422226  -1.7621298 ]
 [ 3.103018   -2.7962859 ]
 [ 0.509798   -0.1761815 ]
 [ 1.9830129  -1.6068313 ]
 [ 1.9830129  -1.6068313 ]
 [ 1.9830129  -1.6068313 ]
 [ 2.1422226  -1.7621298 ]
 [ 1.7892637  -1.3980644 ]
 [ 1.9830129  -1.6068313 ]
 [-0.848805    1.1451107 ]
 [ 0.35670158 -0.05050141]
 [ 1.7892637  -1.3980644 ]
 [ 1.9830129  -1.6068313 ]
 [ 2.1422226  -1.7621298 ]
 [ 2.6824002  -2.3387456 ]
 [ 2.403631   -2.0643716 ]
 [ 1.9830129  -1.6068313 ]
 [ 0.31604862  0.03258544]
 [ 0.15683892  0.18788385]
 [ 1.8299165  -1.4811512 ]
 [ 2.9438086  -2.6409874 ]
 [ 2.1422226  -1.7621298 ]
 [ 1.9830129  -1.6068313 ]
 [ 0.509798   -0.1761815 ]
 [ 1.4719846  -1.1267371 ]
 [ 2.9438086  -2.6409874 ]]
2025-12-21 17:11:47,033 - [INFO] - ------------------------------------------------------------
2025-12-21 17:11:47,033 - [INFO] - On Validation Set:
	Accuracy of RRL  Model: 0.8997926744989634
	F1 Score of RRL  Model: 0.6159154854807029
2025-12-21 17:11:47,039 - [INFO] - On Validation Set:
Performance of  RRL Model: 
[[1273   13]
 [ 132   29]]
              precision    recall  f1-score   support

           0       0.91      0.99      0.95      1286
           1       0.69      0.18      0.29       161

    accuracy                           0.90      1447
   macro avg       0.80      0.59      0.62      1447
weighted avg       0.88      0.90      0.87      1447

2025-12-21 17:11:47,039 - [INFO] - ------------------------------------------------------------
2025-12-21 17:11:47,778 - [INFO] - epoch: 86, loss_rrl: 223.5224719736725
2025-12-21 17:11:48,651 - [DEBUG] - y_true: (1447,) [0 0 0 0 0 1 0 0 0 0 0 0 0 0 0 0 0 1 0 0 0 0 0 0 1 0 0 0 0 0 0 0 0 0 0 0 0
 0 1 1 0]
2025-12-21 17:11:48,934 - [DEBUG] - y_rrl_: (1447,) [0 1 0 0 0 1 0 0 0 0 0 0 0 0 0 0 0 1 0 0 0 0 0 0 1 0 0 0 0 0 0 0 0 1 0 0 0
 0 0 0 0]
2025-12-21 17:11:48,934 - [DEBUG] - y_rrl: (1447, 2) [[ 1.5668479  -1.2291973 ]
 [ 0.10820356  0.24847561]
 [ 2.2818213  -1.9526829 ]
 [ 2.2818213  -1.9526829 ]
 [ 1.8718113  -1.5030172 ]
 [ 0.14529967  0.15596923]
 [ 1.8718113  -1.5030172 ]
 [ 2.721705   -2.428978  ]
 [ 2.8632853  -2.5666738 ]
 [ 0.45026302 -0.11785075]
 [ 0.2149851   0.13235575]
 [ 1.934837   -1.5914098 ]
 [ 1.5668479  -1.2291973 ]
 [ 1.8868313  -1.512155  ]
 [ 2.0284116  -1.649851  ]
 [ 1.8718113  -1.5030172 ]
 [ 2.8632853  -2.5666738 ]
 [ 0.07340482  0.27005172]
 [ 1.4252676  -1.0915014 ]
 [ 1.8868313  -1.512155  ]
 [ 1.730231   -1.3653213 ]
 [ 2.0284116  -1.649851  ]
 [ 1.8718113  -1.5030172 ]
 [ 1.8868313  -1.512155  ]
 [-0.6504502   0.9770986 ]
 [ 0.28687996  0.01827326]
 [ 1.8718113  -1.5030172 ]
 [ 1.8868313  -1.512155  ]
 [ 2.0284116  -1.649851  ]
 [ 2.5800016  -2.2372127 ]
 [ 1.7932566  -1.4537139 ]
 [ 1.730231   -1.3653213 ]
 [ 0.2149851   0.13235575]
 [ 0.07340482  0.27005172]
 [ 1.5668479  -1.2291973 ]
 [ 2.721705   -2.428978  ]
 [ 1.8718113  -1.5030172 ]
 [ 1.8868313  -1.512155  ]
 [ 0.45026302 -0.11785075]
 [ 0.27077606  0.06771147]
 [ 2.721705   -2.428978  ]]
2025-12-21 17:11:48,936 - [INFO] - ------------------------------------------------------------
2025-12-21 17:11:48,937 - [INFO] - On Validation Set:
	Accuracy of RRL  Model: 0.9018659295093296
	F1 Score of RRL  Model: 0.7080373077491446
2025-12-21 17:11:48,943 - [INFO] - On Validation Set:
Performance of  RRL Model: 
[[1242   44]
 [  98   63]]
              precision    recall  f1-score   support

           0       0.93      0.97      0.95      1286
           1       0.59      0.39      0.47       161

    accuracy                           0.90      1447
   macro avg       0.76      0.68      0.71      1447
weighted avg       0.89      0.90      0.89      1447

2025-12-21 17:11:48,943 - [INFO] - ------------------------------------------------------------
2025-12-21 17:11:50,636 - [DEBUG] - y_true: (1447,) [0 0 0 0 0 1 0 0 0 0 0 0 0 0 0 0 0 1 0 0 0 0 0 0 1 0 0 0 0 0 0 0 0 0 0 0 0
 0 1 1 0]
2025-12-21 17:11:50,935 - [DEBUG] - y_rrl_: (1447,) [0 0 0 0 0 0 0 0 0 0 0 0 0 0 0 0 0 0 0 0 0 0 0 0 1 0 0 0 0 0 0 0 0 0 0 0 0
 0 0 0 0]
2025-12-21 17:11:50,936 - [DEBUG] - y_rrl: (1447, 2) [[ 2.1663713  -1.7893374 ]
 [ 0.3927961  -0.02779257]
 [ 2.5670023  -2.2289162 ]
 [ 2.5670023  -2.2289162 ]
 [ 1.8481224  -1.5020479 ]
 [ 0.5695454  -0.23833358]
 [ 2.1663713  -1.7893374 ]
 [ 2.9827976  -2.6806211 ]
 [ 3.1336365  -2.8276017 ]
 [ 1.121015   -0.8248929 ]
 [ 0.72038406 -0.38531417]
 [ 2.5821667  -2.2410426 ]
 [ 2.1663713  -1.7893374 ]
 [ 2.0155325  -1.6423568 ]
 [ 2.1663713  -1.7893374 ]
 [ 2.1663713  -1.7893374 ]
 [ 3.1336365  -2.8276017 ]
 [ 0.5695454  -0.23833358]
 [ 2.0155325  -1.6423568 ]
 [ 2.0155325  -1.6423568 ]
 [ 2.0155325  -1.6423568 ]
 [ 2.1663713  -1.7893374 ]
 [ 1.8048937  -1.4168775 ]
 [ 2.0155325  -1.6423568 ]
 [-0.42449522  0.7082163 ]
 [ 0.72038406 -0.38531417]
 [ 2.1663713  -1.7893374 ]
 [ 2.0155325  -1.6423568 ]
 [ 2.1663713  -1.7893374 ]
 [ 2.7178411  -2.3758967 ]
 [ 2.4313278  -2.0940619 ]
 [ 2.0155325  -1.6423568 ]
 [ 0.72038406 -0.38531417]
 [ 0.5695454  -0.23833358]
 [ 2.1663713  -1.7893374 ]
 [ 2.9827976  -2.6806211 ]
 [ 2.1663713  -1.7893374 ]
 [ 2.0155325  -1.6423568 ]
 [ 0.5695454  -0.23833358]
 [ 0.8244796  -0.49776125]
 [ 2.9827976  -2.6806211 ]]
2025-12-21 17:11:50,938 - [INFO] - ------------------------------------------------------------
2025-12-21 17:11:50,938 - [INFO] - On Validation Set:
	Accuracy of RRL  Model: 0.8977194194885971
	F1 Score of RRL  Model: 0.587196212681964
2025-12-21 17:11:50,944 - [INFO] - On Validation Set:
Performance of  RRL Model: 
[[1277    9]
 [ 139   22]]
              precision    recall  f1-score   support

           0       0.90      0.99      0.95      1286
           1       0.71      0.14      0.23       161

    accuracy                           0.90      1447
   macro avg       0.81      0.56      0.59      1447
weighted avg       0.88      0.90      0.87      1447

2025-12-21 17:11:50,944 - [INFO] - ------------------------------------------------------------
2025-12-21 17:11:51,233 - [INFO] - epoch: 87, loss_rrl: 223.54233418311924
2025-12-21 17:11:52,525 - [DEBUG] - y_true: (1447,) [0 0 0 0 0 1 0 0 0 0 0 0 0 0 0 0 0 1 0 0 0 0 0 0 1 0 0 0 0 0 0 0 0 0 0 0 0
 0 1 1 0]
2025-12-21 17:11:52,824 - [DEBUG] - y_rrl_: (1447,) [0 0 0 0 0 0 0 0 0 0 0 0 0 0 0 0 0 0 0 0 0 0 0 0 1 0 0 0 0 0 0 0 0 0 0 0 0
 0 0 0 0]
2025-12-21 17:11:52,824 - [DEBUG] - y_rrl: (1447, 2) [[ 2.248097   -1.8725829 ]
 [ 0.4696529  -0.10608611]
 [ 2.6381245  -2.3008926 ]
 [ 2.6381245  -2.3008926 ]
 [ 1.941248   -1.5965109 ]
 [ 0.6644564  -0.3344395 ]
 [ 2.248097   -1.8725829 ]
 [ 3.0642366  -2.762418  ]
 [ 3.2325153  -2.9268649 ]
 [ 0.6644564  -0.3344395 ]
 [ 0.46041524 -0.11564556]
 [ 2.3018894  -1.9508678 ]
 [ 2.248097   -1.8725829 ]
 [ 2.0798182  -1.7081358 ]
 [ 2.248097   -1.8725829 ]
 [ 2.248097   -1.8725829 ]
 [ 3.2325153  -2.9268649 ]
 [ 0.2921366   0.04880127]
 [ 1.7729695  -1.432064  ]
 [ 2.0798182  -1.7081358 ]
 [ 2.0798182  -1.7081358 ]
 [ 2.248097   -1.8725829 ]
 [ 1.8757771  -1.4893421 ]
 [ 2.0798182  -1.7081358 ]
 [-0.6990349   0.9929383 ]
 [ 0.83273506 -0.49888632]
 [ 2.248097   -1.8725829 ]
 [ 2.0798182  -1.7081358 ]
 [ 2.248097   -1.8725829 ]
 [ 2.8064032  -2.4653394 ]
 [ 2.1336107  -1.786421  ]
 [ 2.0798182  -1.7081358 ]
 [ 0.46041524 -0.11564556]
 [ 0.2921366   0.04880127]
 [ 2.248097   -1.8725829 ]
 [ 3.0642366  -2.762418  ]
 [ 2.248097   -1.8725829 ]
 [ 2.0798182  -1.7081358 ]
 [ 0.2921366   0.04880127]
 [ 1.2337129  -0.88054264]
 [ 3.0642366  -2.762418  ]]
2025-12-21 17:11:52,826 - [INFO] - ------------------------------------------------------------
2025-12-21 17:11:52,826 - [INFO] - On Validation Set:
	Accuracy of RRL  Model: 0.899101589495508
	F1 Score of RRL  Model: 0.60049394109015
2025-12-21 17:11:52,832 - [INFO] - On Validation Set:
Performance of  RRL Model: 
[[1276   10]
 [ 136   25]]
              precision    recall  f1-score   support

           0       0.90      0.99      0.95      1286
           1       0.71      0.16      0.26       161

    accuracy                           0.90      1447
   macro avg       0.81      0.57      0.60      1447
weighted avg       0.88      0.90      0.87      1447

2025-12-21 17:11:52,832 - [INFO] - ------------------------------------------------------------
2025-12-21 17:11:54,233 - [INFO] - epoch: 88, loss_rrl: 221.4609485687688
2025-12-21 17:11:54,412 - [DEBUG] - y_true: (1447,) [0 0 0 0 0 1 0 0 0 0 0 0 0 0 0 0 0 1 0 0 0 0 0 0 1 0 0 0 0 0 0 0 0 0 0 0 0
 0 1 1 0]
2025-12-21 17:11:54,708 - [DEBUG] - y_rrl_: (1447,) [0 0 0 0 0 0 0 0 0 0 0 0 0 0 0 0 0 0 0 0 0 0 0 0 1 0 0 0 0 0 0 0 0 0 0 0 0
 0 0 0 0]
2025-12-21 17:11:54,708 - [DEBUG] - y_rrl: (1447, 2) [[ 2.1511555  -1.7771597 ]
 [ 0.367062   -0.00492954]
 [ 2.0353746  -1.7222466 ]
 [ 2.0353746  -1.7222466 ]
 [ 2.1511555  -1.7771597 ]
 [ 0.54858035 -0.2197594 ]
 [ 2.604595   -2.2655141 ]
 [ 2.9873152  -2.6858652 ]
 [ 3.12265    -2.8173938 ]
 [ 0.54858035 -0.2197594 ]
 [ 0.68391496 -0.35128796]
 [ 2.604595   -2.2655141 ]
 [ 2.1511555  -1.7771597 ]
 [ 2.4692605  -2.1339858 ]
 [ 2.1511555  -1.7771597 ]
 [ 2.604595   -2.2655141 ]
 [ 3.12265    -2.8173938 ]
 [ 0.54858035 -0.2197594 ]
 [ 1.690008   -1.3504128 ]
 [ 2.015821   -1.6456311 ]
 [ 2.015821   -1.6456311 ]
 [ 2.604595   -2.2655141 ]
 [ 1.7801499  -1.3952951 ]
 [ 2.015821   -1.6456311 ]
 [-0.8522315   1.1453276 ]
 [ 0.68391496 -0.35128796]
 [ 2.2335894  -1.8836496 ]
 [ 2.015821   -1.6456311 ]
 [ 2.604595   -2.2655141 ]
 [ 2.6692104  -2.3290393 ]
 [ 2.4692605  -2.1339858 ]
 [ 2.015821   -1.6456311 ]
 [ 0.31290945  0.03057674]
 [ 0.17757484  0.16210529]
 [ 2.1511555  -1.7771597 ]
 [ 2.9873152  -2.6858652 ]
 [ 2.604595   -2.2655141 ]
 [ 2.015821   -1.6456311 ]
 [ 0.54858035 -0.2197594 ]
 [ 0.79687804 -0.47161537]
 [ 2.9873152  -2.6858652 ]]
2025-12-21 17:11:54,710 - [INFO] - ------------------------------------------------------------
2025-12-21 17:11:54,710 - [INFO] - On Validation Set:
	Accuracy of RRL  Model: 0.9018659295093296
	F1 Score of RRL  Model: 0.6255667322691159
2025-12-21 17:11:54,716 - [INFO] - On Validation Set:
Performance of  RRL Model: 
[[1274   12]
 [ 130   31]]
              precision    recall  f1-score   support

           0       0.91      0.99      0.95      1286
           1       0.72      0.19      0.30       161

    accuracy                           0.90      1447
   macro avg       0.81      0.59      0.63      1447
weighted avg       0.89      0.90      0.88      1447

2025-12-21 17:11:54,716 - [INFO] - ------------------------------------------------------------
2025-12-21 17:11:56,296 - [DEBUG] - y_true: (1447,) [0 0 0 0 0 1 0 0 0 0 0 0 0 0 0 0 0 1 0 0 0 0 0 0 1 0 0 0 0 0 0 0 0 0 0 0 0
 0 1 1 0]
2025-12-21 17:11:56,595 - [DEBUG] - y_rrl_: (1447,) [0 0 0 0 0 0 0 0 0 0 0 0 0 0 0 0 0 0 0 0 0 0 0 0 1 0 0 0 0 0 0 0 0 1 0 0 0
 0 0 0 0]
2025-12-21 17:11:56,595 - [DEBUG] - y_rrl: (1447, 2) [[ 1.8292742  -1.4872035 ]
 [ 0.35647696  0.00422707]
 [ 1.9416106  -1.628933  ]
 [ 1.9416106  -1.628933  ]
 [ 1.8292742  -1.4872035 ]
 [ 0.19231242  0.10490841]
 [ 2.5716166  -2.2335603 ]
 [ 1.9416106  -1.628933  ]
 [ 3.08046    -2.7756183 ]
 [ 0.47446805 -0.14683315]
 [ 0.65006584 -0.31865087]
 [ 2.5716166  -2.2335603 ]
 [ 1.8292742  -1.4872035 ]
 [ 2.396019   -2.0617425 ]
 [ 2.1114297  -1.738945  ]
 [ 2.5716166  -2.2335603 ]
 [ 3.08046    -2.7756183 ]
 [ 0.47446805 -0.14683315]
 [ 1.935832   -1.5671271 ]
 [ 0.97258013 -0.5922599 ]
 [ 1.935832   -1.5671271 ]
 [ 2.5716166  -2.2335603 ]
 [ 1.7774823  -1.3941996 ]
 [ 1.935832   -1.5671271 ]
 [-0.8226861   1.114978  ]
 [ 0.3679102  -0.06690931]
 [ 2.5716166  -2.2335603 ]
 [ 0.97258013 -0.5922599 ]
 [ 2.5716166  -2.2335603 ]
 [ 2.620273   -2.281003  ]
 [ 2.396019   -2.0617425 ]
 [ 1.935832   -1.5671271 ]
 [ 0.3161183   0.02609456]
 [ 0.14052051  0.19791228]
 [ 1.8292742  -1.4872035 ]
 [ 1.9416106  -1.628933  ]
 [ 2.5716166  -2.2335603 ]
 [ 0.97258013 -0.5922599 ]
 [ 0.47446805 -0.14683315]
 [ 1.4625245  -1.1222728 ]
 [ 1.9416106  -1.628933  ]]
2025-12-21 17:11:56,597 - [INFO] - ------------------------------------------------------------
2025-12-21 17:11:56,597 - [INFO] - On Validation Set:
	Accuracy of RRL  Model: 0.8963372494816862
	F1 Score of RRL  Model: 0.5647160275950586
2025-12-21 17:11:56,603 - [INFO] - On Validation Set:
Performance of  RRL Model: 
[[1280    6]
 [ 144   17]]
              precision    recall  f1-score   support

           0       0.90      1.00      0.94      1286
           1       0.74      0.11      0.18       161

    accuracy                           0.90      1447
   macro avg       0.82      0.55      0.56      1447
weighted avg       0.88      0.90      0.86      1447

2025-12-21 17:11:56,603 - [INFO] - ------------------------------------------------------------
2025-12-21 17:11:57,573 - [INFO] - epoch: 89, loss_rrl: 221.67865959182382
2025-12-21 17:11:58,200 - [DEBUG] - y_true: (1447,) [0 0 0 0 0 1 0 0 0 0 0 0 0 0 0 0 0 1 0 0 0 0 0 0 1 0 0 0 0 0 0 0 0 0 0 0 0
 0 1 1 0]
2025-12-21 17:11:58,497 - [DEBUG] - y_rrl_: (1447,) [0 0 0 0 0 0 0 0 0 0 1 0 0 0 0 0 0 1 0 0 0 0 0 0 1 0 0 0 0 0 0 0 1 1 0 0 0
 0 1 1 0]
2025-12-21 17:11:58,498 - [DEBUG] - y_rrl: (1447, 2) [[ 1.624909   -1.2935022 ]
 [ 0.18024808  0.16969392]
 [ 2.3176966  -1.9924425 ]
 [ 2.3176966  -1.9924425 ]
 [ 1.9234426  -1.5618026 ]
 [ 0.2501534   0.04605946]
 [ 1.9234426  -1.5618026 ]
 [ 2.7656374  -2.4743307 ]
 [ 2.8944001  -2.5993392 ]
 [ 0.548687   -0.22224101]
 [ 0.00345105  0.30725208]
 [ 1.6973851  -1.3891895 ]
 [ 1.624909   -1.2935022 ]
 [ 1.9675837  -1.600362  ]
 [ 2.0963464  -1.7253703 ]
 [ 1.624909   -1.2935022 ]
 [ 2.8944001  -2.5993392 ]
 [-0.1253115   0.43226066]
 [ 1.4961464  -1.1684935 ]
 [ 1.9675837  -1.600362  ]
 [ 1.7946801  -1.436794  ]
 [ 2.0963464  -1.7253703 ]
 [ 1.5479777  -1.1756014 ]
 [ 1.9675837  -1.600362  ]
 [-0.8274822   1.1189638 ]
 [ 0.37891594 -0.07894912]
 [ 1.9234426  -1.5618026 ]
 [ 1.9675837  -1.600362  ]
 [ 1.7978127  -1.45707   ]
 [ 2.6193626  -2.2810185 ]
 [ 1.5686225  -1.2641809 ]
 [ 1.7946801  -1.436794  ]
 [ 0.00345105  0.30725208]
 [-0.1253115   0.43226066]
 [ 1.624909   -1.2935022 ]
 [ 2.7656374  -2.4743307 ]
 [ 1.624909   -1.2935022 ]
 [ 1.9675837  -1.600362  ]
 [-0.1253115   0.43226066]
 [-0.25077873  0.51206684]
 [ 2.7656374  -2.4743307 ]]
2025-12-21 17:11:58,500 - [INFO] - ------------------------------------------------------------
2025-12-21 17:11:58,500 - [INFO] - On Validation Set:
	Accuracy of RRL  Model: 0.899101589495508
	F1 Score of RRL  Model: 0.6998130065589796
2025-12-21 17:11:58,506 - [INFO] - On Validation Set:
Performance of  RRL Model: 
[[1240   46]
 [ 100   61]]
              precision    recall  f1-score   support

           0       0.93      0.96      0.94      1286
           1       0.57      0.38      0.46       161

    accuracy                           0.90      1447
   macro avg       0.75      0.67      0.70      1447
weighted avg       0.89      0.90      0.89      1447

2025-12-21 17:11:58,506 - [INFO] - ------------------------------------------------------------
2025-12-21 17:12:00,081 - [DEBUG] - y_true: (1447,) [0 0 0 0 0 1 0 0 0 0 0 0 0 0 0 0 0 1 0 0 0 0 0 0 1 0 0 0 0 0 0 0 0 0 0 0 0
 0 1 1 0]
2025-12-21 17:12:00,377 - [DEBUG] - y_rrl_: (1447,) [0 0 0 0 0 0 0 0 0 0 0 0 0 0 0 0 0 0 0 0 0 0 0 0 1 0 0 0 0 0 0 0 0 0 0 0 0
 0 0 0 0]
2025-12-21 17:12:00,377 - [DEBUG] - y_rrl: (1447, 2) [[ 2.1790614  -1.8095796 ]
 [ 0.393973   -0.03610635]
 [ 2.9985795  -2.6983418 ]
 [ 2.9985795  -2.6983418 ]
 [ 1.8734517  -1.5340233 ]
 [ 0.55080694 -0.22553599]
 [ 2.6088707  -2.2728703 ]
 [ 2.9985795  -2.6983418 ]
 [ 3.146976   -2.84301   ]
 [ 1.0889121  -0.79567575]
 [ 0.3434884  -0.00381321]
 [ 2.2531557  -1.9064791 ]
 [ 2.1790614  -1.8095796 ]
 [ 2.460474   -2.1282017 ]
 [ 2.1790614  -1.8095796 ]
 [ 2.6088707  -2.2728703 ]
 [ 3.146976   -2.84301   ]
 [ 0.19509178  0.14085531]
 [ 1.725055   -1.389355  ]
 [ 2.0306647  -1.664911  ]
 [ 2.0306647  -1.664911  ]
 [ 2.6088707  -2.2728703 ]
 [ 1.8233461  -1.4431882 ]
 [ 2.0306647  -1.664911  ]
 [-0.77320784  1.06389   ]
 [ 0.69920355 -0.3702045 ]
 [ 2.2531557  -1.9064791 ]
 [ 2.0306647  -1.664911  ]
 [ 2.6088707  -2.2728703 ]
 [ 2.7171664  -2.3797193 ]
 [ 2.104759   -1.7618105 ]
 [ 2.0306647  -1.664911  ]
 [ 0.3434884  -0.00381321]
 [ 0.19509178  0.14085531]
 [ 2.1790614  -1.8095796 ]
 [ 2.9985795  -2.6983418 ]
 [ 2.6088707  -2.2728703 ]
 [ 2.0306647  -1.664911  ]
 [ 0.55080694 -0.22553599]
 [ 0.43784678 -0.10414284]
 [ 2.9985795  -2.6983418 ]]
2025-12-21 17:12:00,379 - [INFO] - ------------------------------------------------------------
2025-12-21 17:12:00,379 - [INFO] - On Validation Set:
	Accuracy of RRL  Model: 0.9046302695231514
	F1 Score of RRL  Model: 0.648801232535562
2025-12-21 17:12:00,385 - [INFO] - On Validation Set:
Performance of  RRL Model: 
[[1272   14]
 [ 124   37]]
              precision    recall  f1-score   support

           0       0.91      0.99      0.95      1286
           1       0.73      0.23      0.35       161

    accuracy                           0.90      1447
   macro avg       0.82      0.61      0.65      1447
weighted avg       0.89      0.90      0.88      1447

2025-12-21 17:12:00,385 - [INFO] - ------------------------------------------------------------
2025-12-21 17:12:00,917 - [INFO] - epoch: 90, loss_rrl: 222.62390572298318
2025-12-21 17:12:01,978 - [DEBUG] - y_true: (1447,) [0 0 0 0 0 1 0 0 0 0 0 0 0 0 0 0 0 1 0 0 0 0 0 0 1 0 0 0 0 0 0 0 0 0 0 0 0
 0 1 1 0]
2025-12-21 17:12:02,274 - [DEBUG] - y_rrl_: (1447,) [0 0 0 0 0 0 0 0 0 0 0 0 0 0 0 0 0 0 0 0 0 0 0 0 1 0 0 0 0 0 0 0 0 0 0 0 0
 0 0 0 0]
2025-12-21 17:12:02,275 - [DEBUG] - y_rrl: (1447, 2) [[ 1.8327435  -1.4946305 ]
 [ 0.36455697 -0.00810158]
 [ 1.6100073  -1.2657586 ]
 [ 2.5689812  -2.2361612 ]
 [ 0.8737695  -0.52422786]
 [ 0.22902331  0.06519744]
 [ 2.1450338  -1.7770448 ]
 [ 3.0157118  -2.715911  ]
 [ 3.1572227  -2.85372   ]
 [ 0.5413134  -0.21721685]
 [ 0.6828245  -0.35502583]
 [ 1.6327902  -1.2863916 ]
 [ 0.8737695  -0.52422786]
 [ 1.0445486  -0.6688332 ]
 [ 2.1450338  -1.7770448 ]
 [ 2.1450338  -1.7770448 ]
 [ 3.1572227  -2.85372   ]
 [ 0.5413134  -0.21721685]
 [ 1.6912326  -1.3568215 ]
 [ 2.0035229  -1.6392359 ]
 [ 2.0035229  -1.6392359 ]
 [ 1.1860596  -0.8066421 ]
 [ 1.1860596  -0.8066421 ]
 [ 2.0035229  -1.6392359 ]
 [-0.84886634  1.1387435 ]
 [ 0.37053442 -0.07261154]
 [ 1.7773321  -1.3987274 ]
 [ 2.0035229  -1.6392359 ]
 [ 1.1860596  -0.8066421 ]
 [ 2.7104926  -2.3739703 ]
 [ 2.4502535  -2.1189857 ]
 [ 1.0445486  -0.6688332 ]
 [ 0.3151229   0.0232915 ]
 [ 0.17361179  0.16110048]
 [ 0.8737695  -0.52422786]
 [ 3.0157118  -2.715911  ]
 [ 1.1860596  -0.8066421 ]
 [ 2.0035229  -1.6392359 ]
 [ 0.5413134  -0.21721685]
 [ 0.41936707 -0.13954672]
 [ 3.0157118  -2.715911  ]]
2025-12-21 17:12:02,277 - [INFO] - ------------------------------------------------------------
2025-12-21 17:12:02,277 - [INFO] - On Validation Set:
	Accuracy of RRL  Model: 0.9039391845196959
	F1 Score of RRL  Model: 0.6805937345662838
2025-12-21 17:12:02,283 - [INFO] - On Validation Set:
Performance of  RRL Model: 
[[1259   27]
 [ 112   49]]
              precision    recall  f1-score   support

           0       0.92      0.98      0.95      1286
           1       0.64      0.30      0.41       161

    accuracy                           0.90      1447
   macro avg       0.78      0.64      0.68      1447
weighted avg       0.89      0.90      0.89      1447

2025-12-21 17:12:02,283 - [INFO] - ------------------------------------------------------------
2025-12-21 17:12:03,856 - [DEBUG] - y_true: (1447,) [0 0 0 0 0 1 0 0 0 0 0 0 0 0 0 0 0 1 0 0 0 0 0 0 1 0 0 0 0 0 0 0 0 0 0 0 0
 0 1 1 0]
2025-12-21 17:12:04,151 - [DEBUG] - y_rrl_: (1447,) [0 0 0 0 0 0 0 0 0 0 0 0 0 0 0 0 0 0 0 0 0 0 0 0 1 0 0 0 0 0 0 0 1 1 0 0 0
 0 0 0 0]
2025-12-21 17:12:04,152 - [DEBUG] - y_rrl: (1447, 2) [[ 1.9730477  -1.6102152 ]
 [ 0.34453338  0.01052287]
 [ 2.4981377  -2.1661966 ]
 [ 2.4981377  -2.1661966 ]
 [ 1.9730477  -1.6102152 ]
 [ 0.51254    -0.18961167]
 [ 1.9730477  -1.6102152 ]
 [ 2.9573486  -2.6579628 ]
 [ 3.115988   -2.8129253 ]
 [ 1.0376302  -0.74559325]
 [ 0.51254    -0.18961167]
 [ 2.4322584  -2.101981  ]
 [ 1.9730477  -1.6102152 ]
 [ 1.9730477  -1.6102152 ]
 [ 1.9730477  -1.6102152 ]
 [ 1.9730477  -1.6102152 ]
 [ 3.115988   -2.8129253 ]
 [ 0.51254    -0.18961167]
 [ 1.6535783  -1.3204445 ]
 [ 1.9730477  -1.6102152 ]
 [ 1.9730477  -1.6102152 ]
 [ 1.9730477  -1.6102152 ]
 [ 1.6192973  -1.2459087 ]
 [ 1.9730477  -1.6102152 ]
 [-0.8480332   1.1371074 ]
 [ 0.51254    -0.18961167]
 [ 1.6192973  -1.2459087 ]
 [ 1.9730477  -1.6102152 ]
 [ 1.9730477  -1.6102152 ]
 [ 2.6567771  -2.3211591 ]
 [ 2.4322584  -2.101981  ]
 [ 1.9730477  -1.6102152 ]
 [ 0.15878946  0.17469469]
 [ 0.15878946  0.17469469]
 [ 1.9730477  -1.6102152 ]
 [ 2.9573486  -2.6579628 ]
 [ 1.9730477  -1.6102152 ]
 [ 1.9730477  -1.6102152 ]
 [ 0.51254    -0.18961167]
 [ 0.61198276 -0.29413623]
 [ 2.9573486  -2.6579628 ]]
2025-12-21 17:12:04,154 - [INFO] - ------------------------------------------------------------
2025-12-21 17:12:04,154 - [INFO] - On Validation Set:
	Accuracy of RRL  Model: 0.9053213545266068
	F1 Score of RRL  Model: 0.6851895081696466
2025-12-21 17:12:04,160 - [INFO] - On Validation Set:
Performance of  RRL Model: 
[[1260   26]
 [ 111   50]]
              precision    recall  f1-score   support

           0       0.92      0.98      0.95      1286
           1       0.66      0.31      0.42       161

    accuracy                           0.91      1447
   macro avg       0.79      0.65      0.69      1447
weighted avg       0.89      0.91      0.89      1447

2025-12-21 17:12:04,160 - [INFO] - ------------------------------------------------------------
2025-12-21 17:12:04,246 - [INFO] - epoch: 91, loss_rrl: 223.3607426499948
2025-12-21 17:12:05,750 - [DEBUG] - y_true: (1447,) [0 0 0 0 0 1 0 0 0 0 0 0 0 0 0 0 0 1 0 0 0 0 0 0 1 0 0 0 0 0 0 0 0 0 0 0 0
 0 1 1 0]
2025-12-21 17:12:06,046 - [DEBUG] - y_rrl_: (1447,) [0 0 0 0 0 0 0 0 0 0 0 0 0 0 0 0 0 0 0 0 0 0 0 0 1 0 0 0 0 0 0 0 0 0 0 0 0
 0 0 0 0]
2025-12-21 17:12:06,046 - [DEBUG] - y_rrl: (1447, 2) [[ 1.9130791  -1.5775702 ]
 [ 0.4209688  -0.06730917]
 [ 2.5803263  -2.2492814 ]
 [ 2.5803263  -2.2492814 ]
 [ 1.9130791  -1.5775702 ]
 [ 0.2590036   0.03323841]
 [ 2.2153587  -1.8503256 ]
 [ 3.0340915  -2.7351422 ]
 [ 3.2158914  -2.9132915 ]
 [ 0.56128335 -0.239517  ]
 [ 0.74308324 -0.4176661 ]
 [ 2.6691236  -2.3361862 ]
 [ 1.9130791  -1.5775702 ]
 [ 2.0335588  -1.6721765 ]
 [ 2.2153587  -1.8503256 ]
 [ 2.2153587  -1.8503256 ]
 [ 3.2158914  -2.9132915 ]
 [ 0.56128335 -0.239517  ]
 [ 1.7312793  -1.3994211 ]
 [ 2.0335588  -1.6721765 ]
 [ 2.0335588  -1.6721765 ]
 [ 2.2153587  -1.8503256 ]
 [ 1.863561   -1.4880317 ]
 [ 2.0335588  -1.6721765 ]
 [-0.7821593   1.0704314 ]
 [ 0.4408035  -0.1449107 ]
 [ 2.2153587  -1.8503256 ]
 [ 2.0335588  -1.6721765 ]
 [ 2.2153587  -1.8503256 ]
 [ 2.7621264  -2.4274306 ]
 [ 2.4873238  -2.1580372 ]
 [ 2.0335588  -1.6721765 ]
 [ 0.39128548 -0.05537224]
 [ 0.20948559  0.12277687]
 [ 1.9130791  -1.5775702 ]
 [ 3.0340915  -2.7351422 ]
 [ 2.2153587  -1.8503256 ]
 [ 2.0335588  -1.6721765 ]
 [ 0.56128335 -0.239517  ]
 [ 0.8381225  -0.51735044]
 [ 3.0340915  -2.7351422 ]]
2025-12-21 17:12:06,049 - [INFO] - ------------------------------------------------------------
2025-12-21 17:12:06,049 - [INFO] - On Validation Set:
	Accuracy of RRL  Model: 0.9067035245335177
	F1 Score of RRL  Model: 0.6637252994875273
2025-12-21 17:12:06,054 - [INFO] - On Validation Set:
Performance of  RRL Model: 
[[1271   15]
 [ 120   41]]
              precision    recall  f1-score   support

           0       0.91      0.99      0.95      1286
           1       0.73      0.25      0.38       161

    accuracy                           0.91      1447
   macro avg       0.82      0.62      0.66      1447
weighted avg       0.89      0.91      0.89      1447

2025-12-21 17:12:06,054 - [INFO] - ------------------------------------------------------------
2025-12-21 17:12:07,268 - [INFO] - epoch: 92, loss_rrl: 222.27751093916595
2025-12-21 17:12:07,709 - [DEBUG] - y_true: (1447,) [0 0 0 0 0 1 0 0 0 0 0 0 0 0 0 0 0 1 0 0 0 0 0 0 1 0 0 0 0 0 0 0 0 0 0 0 0
 0 1 1 0]
2025-12-21 17:12:08,014 - [DEBUG] - y_rrl_: (1447,) [0 0 0 0 0 0 0 0 0 0 0 0 0 0 0 0 0 0 0 0 0 0 0 0 1 0 0 0 0 0 0 0 0 0 0 0 0
 0 0 0 0]
2025-12-21 17:12:08,014 - [DEBUG] - y_rrl: (1447, 2) [[ 2.1828785e+00 -1.8193243e+00]
 [ 3.6002928e-01 -7.7698231e-03]
 [ 3.0292840e+00 -2.7307992e+00]
 [ 3.0292840e+00 -2.7307992e+00]
 [ 1.8447495e+00 -1.5105445e+00]
 [ 5.8288181e-01 -2.6228264e-01]
 [ 2.6471126e+00 -2.3152041e+00]
 [ 3.0292840e+00 -2.7307992e+00]
 [ 3.1644626e+00 -2.8623524e+00]
 [ 1.1002319e+00 -8.0943084e-01]
 [ 7.1806043e-01 -3.9383581e-01]
 [ 2.6471126e+00 -2.3152041e+00]
 [ 2.1828785e+00 -1.8193243e+00]
 [ 2.5119340e+00 -2.1836510e+00]
 [ 2.1828785e+00 -1.8193243e+00]
 [ 2.6471126e+00 -2.3152041e+00]
 [ 3.1644626e+00 -2.8623524e+00]
 [ 5.8288181e-01 -2.6228264e-01]
 [ 1.7095706e+00 -1.3789912e+00]
 [ 2.0476999e+00 -1.6877711e+00]
 [ 2.0476999e+00 -1.6877711e+00]
 [ 2.6471126e+00 -2.3152041e+00]
 [ 1.7994494e+00 -1.4254593e+00]
 [ 2.0476999e+00 -1.6877711e+00]
 [-8.4964424e-01  1.1371050e+00]
 [ 7.1806043e-01 -3.9383581e-01]
 [ 2.2636836e+00 -1.9213392e+00]
 [ 2.0476999e+00 -1.6877711e+00]
 [ 2.6471126e+00 -2.3152041e+00]
 [ 2.7002282e+00 -2.3664725e+00]
 [ 2.5119340e+00 -2.1836510e+00]
 [ 2.0476999e+00 -1.6877711e+00]
 [ 3.3463141e-01  2.9236078e-05]
 [ 1.9945282e-01  1.3158241e-01]
 [ 2.1828785e+00 -1.8193243e+00]
 [ 3.0292840e+00 -2.7307992e+00]
 [ 2.6471126e+00 -2.3152041e+00]
 [ 2.0476999e+00 -1.6877711e+00]
 [ 5.8288181e-01 -2.6228264e-01]
 [ 7.8348559e-01 -4.6348169e-01]
 [ 3.0292840e+00 -2.7307992e+00]]
2025-12-21 17:12:08,016 - [INFO] - ------------------------------------------------------------
2025-12-21 17:12:08,016 - [INFO] - On Validation Set:
	Accuracy of RRL  Model: 0.9039391845196959
	F1 Score of RRL  Model: 0.6415795710708971
2025-12-21 17:12:08,022 - [INFO] - On Validation Set:
Performance of  RRL Model: 
[[1273   13]
 [ 126   35]]
              precision    recall  f1-score   support

           0       0.91      0.99      0.95      1286
           1       0.73      0.22      0.33       161

    accuracy                           0.90      1447
   macro avg       0.82      0.60      0.64      1447
weighted avg       0.89      0.90      0.88      1447

2025-12-21 17:12:08,022 - [INFO] - ------------------------------------------------------------
2025-12-21 17:12:09,715 - [DEBUG] - y_true: (1447,) [0 0 0 0 0 1 0 0 0 0 0 0 0 0 0 0 0 1 0 0 0 0 0 0 1 0 0 0 0 0 0 0 0 0 0 0 0
 0 1 1 0]
2025-12-21 17:12:10,013 - [DEBUG] - y_rrl_: (1447,) [0 1 0 0 0 0 0 0 0 0 0 0 0 0 0 0 0 1 0 0 0 0 0 0 1 0 0 0 0 0 0 0 0 1 0 0 0
 0 0 0 0]
2025-12-21 17:12:10,014 - [DEBUG] - y_rrl: (1447, 2) [[ 1.6191608  -1.29509   ]
 [ 0.12674588  0.21528515]
 [ 2.2611175  -1.9407314 ]
 [ 2.2611175  -1.9407314 ]
 [ 1.6191608  -1.29509   ]
 [ 0.15223297  0.1380369 ]
 [ 1.919893   -1.5666463 ]
 [ 2.7058227  -2.4166458 ]
 [ 2.8739643  -2.5811872 ]
 [ 0.4529652  -0.13351947]
 [ 0.2729918   0.06043079]
 [ 2.0164838  -1.684069  ]
 [ 1.6191608  -1.29509   ]
 [ 1.9288507  -1.5703601 ]
 [ 2.096992   -1.7349015 ]
 [ 1.919893   -1.5666463 ]
 [ 2.8739643  -2.5811872 ]
 [ 0.10485038  0.22497228]
 [ 1.7517517  -1.4021049 ]
 [ 1.9288507  -1.5703601 ]
 [ 1.7517517  -1.4021049 ]
 [ 2.096992   -1.7349015 ]
 [ 1.5717782  -1.2081546 ]
 [ 1.9288507  -1.5703601 ]
 [-0.8743197   1.160979  ]
 [ 0.3203744  -0.02650458]
 [ 1.5717782  -1.2081546 ]
 [ 1.9288507  -1.5703601 ]
 [ 2.096992   -1.7349015 ]
 [ 2.6063578  -2.273528  ]
 [ 1.8483424  -1.5195276 ]
 [ 1.7517517  -1.4021049 ]
 [ 0.2729918   0.06043079]
 [ 0.10485038  0.22497228]
 [ 1.6191608  -1.29509   ]
 [ 2.7058227  -2.4166458 ]
 [ 1.919893   -1.5666463 ]
 [ 1.9288507  -1.5703601 ]
 [ 0.4529652  -0.13351947]
 [ 0.36188743 -0.03227672]
 [ 2.7058227  -2.4166458 ]]
2025-12-21 17:12:10,016 - [INFO] - ------------------------------------------------------------
2025-12-21 17:12:10,016 - [INFO] - On Validation Set:
	Accuracy of RRL  Model: 0.9018659295093296
	F1 Score of RRL  Model: 0.6891467473524963
2025-12-21 17:12:10,022 - [INFO] - On Validation Set:
Performance of  RRL Model: 
[[1251   35]
 [ 107   54]]
              precision    recall  f1-score   support

           0       0.92      0.97      0.95      1286
           1       0.61      0.34      0.43       161

    accuracy                           0.90      1447
   macro avg       0.76      0.65      0.69      1447
weighted avg       0.89      0.90      0.89      1447

2025-12-21 17:12:10,022 - [INFO] - ------------------------------------------------------------
2025-12-21 17:12:10,849 - [INFO] - epoch: 93, loss_rrl: 222.18730705417693
2025-12-21 17:12:11,733 - [DEBUG] - y_true: (1447,) [0 0 0 0 0 1 0 0 0 0 0 0 0 0 0 0 0 1 0 0 0 0 0 0 1 0 0 0 0 0 0 0 0 0 0 0 0
 0 1 1 0]
2025-12-21 17:12:12,032 - [DEBUG] - y_rrl_: (1447,) [0 0 0 0 0 0 0 0 0 0 0 0 0 0 0 0 0 1 0 0 0 0 0 0 1 0 0 0 0 0 0 0 0 1 0 0 0
 0 0 0 0]
2025-12-21 17:12:12,033 - [DEBUG] - y_rrl: (1447, 2) [[ 1.7803133  -1.4486854 ]
 [ 0.30349922  0.04599455]
 [ 2.9360607  -2.6385221 ]
 [ 2.9360607  -2.6385221 ]
 [ 2.0790265  -1.7183967 ]
 [ 0.20140672  0.08788338]
 [ 2.550685   -2.2208264 ]
 [ 2.9360607  -2.6385221 ]
 [ 3.0686538  -2.7675407 ]
 [ 0.50011986 -0.18182802]
 [ 0.25736284  0.074821  ]
 [ 2.175335   -1.835159  ]
 [ 1.7803133  -1.4486854 ]
 [ 2.418092   -2.091808  ]
 [ 2.0790265  -1.7183967 ]
 [ 2.550685   -2.2208264 ]
 [ 3.0686538  -2.7675407 ]
 [ 0.12476987  0.20383948]
 [ 1.6477203  -1.3196669 ]
 [ 1.9464335  -1.5893784 ]
 [ 1.9464335  -1.5893784 ]
 [ 2.550685   -2.2208264 ]
 [ 2.0790265  -1.7183967 ]
 [ 1.9464335  -1.5893784 ]
 [-0.86604995  1.1519045 ]
 [ 0.3339997  -0.0411351 ]
 [ 2.550685   -2.2208264 ]
 [ 1.9464335  -1.5893784 ]
 [ 2.550685   -2.2208264 ]
 [ 2.596995   -2.2651107 ]
 [ 2.042742   -1.7061405 ]
 [ 1.9464335  -1.5893784 ]
 [ 0.25736284  0.074821  ]
 [ 0.12476987  0.20383948]
 [ 1.7803133  -1.4486854 ]
 [ 2.9360607  -2.6385221 ]
 [ 2.550685   -2.2208264 ]
 [ 1.9464335  -1.5893784 ]
 [ 0.50011986 -0.18182802]
 [ 0.31880432  0.00997615]
 [ 2.9360607  -2.6385221 ]]
2025-12-21 17:12:12,035 - [INFO] - ------------------------------------------------------------
2025-12-21 17:12:12,035 - [INFO] - On Validation Set:
	Accuracy of RRL  Model: 0.902557014512785
	F1 Score of RRL  Model: 0.6656857042201594
2025-12-21 17:12:12,041 - [INFO] - On Validation Set:
Performance of  RRL Model: 
[[1262   24]
 [ 117   44]]
              precision    recall  f1-score   support

           0       0.92      0.98      0.95      1286
           1       0.65      0.27      0.38       161

    accuracy                           0.90      1447
   macro avg       0.78      0.63      0.67      1447
weighted avg       0.89      0.90      0.88      1447

2025-12-21 17:12:12,041 - [INFO] - ------------------------------------------------------------
2025-12-21 17:12:13,740 - [DEBUG] - y_true: (1447,) [0 0 0 0 0 1 0 0 0 0 0 0 0 0 0 0 0 1 0 0 0 0 0 0 1 0 0 0 0 0 0 0 0 0 0 0 0
 0 1 1 0]
2025-12-21 17:12:14,038 - [DEBUG] - y_rrl_: (1447,) [0 1 0 0 0 0 0 0 0 0 1 0 0 0 0 0 0 1 0 0 0 0 0 0 1 0 0 0 0 0 0 0 1 1 0 0 0
 0 0 1 0]
2025-12-21 17:12:14,039 - [DEBUG] - y_rrl: (1447, 2) [[ 1.4686037  -1.1504905 ]
 [ 0.12045023  0.21898425]
 [ 1.3315185  -1.0017197 ]
 [ 1.3315185  -1.0017197 ]
 [ 1.4686037  -1.1504905 ]
 [ 0.1918514   0.09646729]
 [ 1.7711114  -1.424171  ]
 [ 2.7433622  -2.454967  ]
 [ 2.8908074  -2.5988626 ]
 [ 0.4943591  -0.17721307]
 [ 0.12922093  0.19818386]
 [ 1.8348014  -1.5079435 ]
 [ 1.4686037  -1.1504905 ]
 [ 1.9499091  -1.594281  ]
 [ 1.9499091  -1.594281  ]
 [ 1.7711114  -1.424171  ]
 [ 2.8908074  -2.5988626 ]
 [ 0.12922093  0.19818386]
 [ 1.4686037  -1.1504905 ]
 [ 1.9499091  -1.594281  ]
 [ 1.7711114  -1.424171  ]
 [ 1.9499091  -1.594281  ]
 [ 1.4059732  -1.048774  ]
 [ 1.9499091  -1.594281  ]
 [-0.83498883  1.120046  ]
 [ 0.1918514   0.09646729]
 [ 1.4059732  -1.048774  ]
 [ 1.9499091  -1.594281  ]
 [ 1.9499091  -1.594281  ]
 [ 2.6407769  -2.3098032 ]
 [ 1.8348014  -1.5079435 ]
 [ 1.7711114  -1.424171  ]
 [ 0.12922093  0.19818386]
 [ 0.12922093  0.19818386]
 [ 1.4686037  -1.1504905 ]
 [ 2.7433622  -2.454967  ]
 [ 1.7711114  -1.424171  ]
 [ 1.9499091  -1.594281  ]
 [ 0.4943591  -0.17721307]
 [-0.10365298  0.38719606]
 [ 2.7433622  -2.454967  ]]
2025-12-21 17:12:14,041 - [INFO] - ------------------------------------------------------------
2025-12-21 17:12:14,041 - [INFO] - On Validation Set:
	Accuracy of RRL  Model: 0.8728403593642018
	F1 Score of RRL  Model: 0.6713474546980694
2025-12-21 17:12:14,047 - [INFO] - On Validation Set:
Performance of  RRL Model: 
[[1198   88]
 [  96   65]]
              precision    recall  f1-score   support

           0       0.93      0.93      0.93      1286
           1       0.42      0.40      0.41       161

    accuracy                           0.87      1447
   macro avg       0.68      0.67      0.67      1447
weighted avg       0.87      0.87      0.87      1447

2025-12-21 17:12:14,047 - [INFO] - ------------------------------------------------------------
2025-12-21 17:12:14,376 - [INFO] - epoch: 94, loss_rrl: 222.49319280311465
2025-12-21 17:12:15,630 - [DEBUG] - y_true: (1447,) [0 0 0 0 0 1 0 0 0 0 0 0 0 0 0 0 0 1 0 0 0 0 0 0 1 0 0 0 0 0 0 0 0 0 0 0 0
 0 1 1 0]
2025-12-21 17:12:15,930 - [DEBUG] - y_rrl_: (1447,) [0 0 0 0 0 0 0 0 0 0 0 0 0 0 0 0 0 0 0 0 0 0 0 0 1 0 0 0 0 0 0 0 0 0 0 0 0
 0 0 0 0]
2025-12-21 17:12:15,930 - [DEBUG] - y_rrl: (1447, 2) [[ 1.7817872  -1.4613184 ]
 [ 0.29810715  0.04004008]
 [ 2.5029128  -2.1849937 ]
 [ 2.5029128  -2.1849937 ]
 [ 1.7817872  -1.4613184 ]
 [ 0.3785762  -0.09122646]
 [ 2.073499   -1.7243747 ]
 [ 2.9398     -2.6517992 ]
 [ 3.101945   -2.8104196 ]
 [ 0.67028815 -0.3542827 ]
 [ 0.8324328  -0.51290274]
 [ 2.5103862  -2.1911802 ]
 [ 1.7817872  -1.4613184 ]
 [ 2.1032226  -1.7490121 ]
 [ 2.2653673  -1.9076321 ]
 [ 2.073499   -1.7243747 ]
 [ 3.101945   -2.8104196 ]
 [ 0.67028815 -0.3542827 ]
 [ 1.6196425  -1.3026984 ]
 [ 2.1032226  -1.7490121 ]
 [ 1.9113543  -1.5657547 ]
 [ 2.2653673  -1.9076321 ]
 [ 1.703409   -1.3440838 ]
 [ 2.1032226  -1.7490121 ]
 [-0.6883139   0.9725729 ]
 [ 0.5407208  -0.24984646]
 [ 2.073499   -1.7243747 ]
 [ 2.1032226  -1.7490121 ]
 [ 2.2653673  -1.9076321 ]
 [ 2.8569257  -2.5268712 ]
 [ 2.3482416  -2.03256   ]
 [ 1.9113543  -1.5657547 ]
 [ 0.4623427  -0.13261184]
 [ 0.30019805  0.02600816]
 [ 1.7817872  -1.4613184 ]
 [ 2.9398     -2.6517992 ]
 [ 2.073499   -1.7243747 ]
 [ 2.1032226  -1.7490121 ]
 [ 0.67028815 -0.3542827 ]
 [ 1.5589411  -1.2287326 ]
 [ 2.9398     -2.6517992 ]]
2025-12-21 17:12:15,932 - [INFO] - ------------------------------------------------------------
2025-12-21 17:12:15,932 - [INFO] - On Validation Set:
	Accuracy of RRL  Model: 0.8956461644782309
	F1 Score of RRL  Model: 0.572617825113204
2025-12-21 17:12:15,938 - [INFO] - On Validation Set:
Performance of  RRL Model: 
[[1277    9]
 [ 142   19]]
              precision    recall  f1-score   support

           0       0.90      0.99      0.94      1286
           1       0.68      0.12      0.20       161

    accuracy                           0.90      1447
   macro avg       0.79      0.56      0.57      1447
weighted avg       0.88      0.90      0.86      1447

2025-12-21 17:12:15,938 - [INFO] - ------------------------------------------------------------
2025-12-21 17:12:17,382 - [INFO] - epoch: 95, loss_rrl: 221.8590369746089
2025-12-21 17:12:17,520 - [DEBUG] - y_true: (1447,) [0 0 0 0 0 1 0 0 0 0 0 0 0 0 0 0 0 1 0 0 0 0 0 0 1 0 0 0 0 0 0 0 0 0 0 0 0
 0 1 1 0]
2025-12-21 17:12:17,818 - [DEBUG] - y_rrl_: (1447,) [0 0 0 0 0 0 0 0 0 0 0 0 0 0 0 0 0 0 0 0 0 0 0 0 1 0 0 0 0 0 0 0 0 0 0 0 0
 0 0 0 0]
2025-12-21 17:12:17,818 - [DEBUG] - y_rrl: (1447, 2) [[ 2.141098   -1.7848036 ]
 [ 0.33649004  0.00890583]
 [ 3.0305657  -2.7344198 ]
 [ 3.0305657  -2.7344198 ]
 [ 1.8179553  -1.4901445 ]
 [ 0.5487015  -0.23383921]
 [ 2.6109548  -2.2841551 ]
 [ 3.0305657  -2.7344198 ]
 [ 3.1661859  -2.8665395 ]
 [ 0.5487015  -0.23383921]
 [ 0.30694848  0.02155647]
 [ 2.2335815  -1.8966396 ]
 [ 2.141098   -1.7848036 ]
 [ 2.4753346  -2.1520352 ]
 [ 2.141098   -1.7848036 ]
 [ 2.6109548  -2.2841551 ]
 [ 3.1661859  -2.8665395 ]
 [ 0.17132843  0.1536763 ]
 [ 1.6823354  -1.3580246 ]
 [ 2.0054781  -1.6526837 ]
 [ 2.0054781  -1.6526837 ]
 [ 2.6109548  -2.2841551 ]
 [ 1.7637249  -1.3972881 ]
 [ 2.0054781  -1.6526837 ]
 [-0.85174024  1.1351962 ]
 [ 0.68432164 -0.36595905]
 [ 2.2335815  -1.8966396 ]
 [ 2.0054781  -1.6526837 ]
 [ 2.6109548  -2.2841551 ]
 [ 2.696329   -2.3671877 ]
 [ 2.0979614  -1.7645197 ]
 [ 2.0054781  -1.6526837 ]
 [ 0.30694848  0.02155647]
 [ 0.17132843  0.1536763 ]
 [ 2.141098   -1.7848036 ]
 [ 3.0305657  -2.7344198 ]
 [ 2.6109548  -2.2841551 ]
 [ 2.0054781  -1.6526837 ]
 [ 0.5487015  -0.23383921]
 [ 0.3932587  -0.06697401]
 [ 3.0305657  -2.7344198 ]]
2025-12-21 17:12:17,820 - [INFO] - ------------------------------------------------------------
2025-12-21 17:12:17,820 - [INFO] - On Validation Set:
	Accuracy of RRL  Model: 0.9053213545266068
	F1 Score of RRL  Model: 0.6698905124682569
2025-12-21 17:12:17,826 - [INFO] - On Validation Set:
Performance of  RRL Model: 
[[1266   20]
 [ 117   44]]
              precision    recall  f1-score   support

           0       0.92      0.98      0.95      1286
           1       0.69      0.27      0.39       161

    accuracy                           0.91      1447
   macro avg       0.80      0.63      0.67      1447
weighted avg       0.89      0.91      0.89      1447

2025-12-21 17:12:17,826 - [INFO] - ------------------------------------------------------------
2025-12-21 17:12:19,409 - [DEBUG] - y_true: (1447,) [0 0 0 0 0 1 0 0 0 0 0 0 0 0 0 0 0 1 0 0 0 0 0 0 1 0 0 0 0 0 0 0 0 0 0 0 0
 0 1 1 0]
2025-12-21 17:12:19,709 - [DEBUG] - y_rrl_: (1447,) [0 0 0 0 0 0 0 0 0 0 0 0 0 0 0 0 0 1 0 0 0 0 0 0 1 0 0 0 0 0 0 0 0 1 0 0 0
 0 1 0 0]
2025-12-21 17:12:19,709 - [DEBUG] - y_rrl: (1447, 2) [[ 1.84556341e+00 -1.51901591e+00]
 [ 3.57638478e-01 -1.35985315e-02]
 [ 1.57629037e+00 -1.24065173e+00]
 [ 1.57629037e+00 -1.24065173e+00]
 [ 1.84556341e+00 -1.51901591e+00]
 [ 2.13198066e-01  7.22168088e-02]
 [ 2.13353252e+00 -1.77867317e+00]
 [ 2.05136180e+00 -1.74480140e+00]
 [ 3.19580555e+00 -2.89665318e+00]
 [ 1.08836865e+00 -8.01270485e-01]
 [ 3.30036610e-01 -2.75039673e-03]
 [ 2.26512241e+00 -1.92925680e+00]
 [ 1.84556341e+00 -1.51901591e+00]
 [ 1.96118140e+00 -1.60979736e+00]
 [ 2.13353252e+00 -1.77867317e+00]
 [ 2.13353252e+00 -1.77867317e+00]
 [ 3.19580555e+00 -2.89665318e+00]
 [ 1.57685518e-01  1.66125596e-01]
 [ 1.67321229e+00 -1.35014009e+00]
 [ 9.89089072e-01 -6.26821876e-01]
 [ 1.96118140e+00 -1.60979736e+00]
 [ 2.13353252e+00 -1.77867317e+00]
 [ 1.79005098e+00 -1.42510712e+00]
 [ 1.96118140e+00 -1.60979736e+00]
 [-8.21320832e-01  1.10397625e+00]
 [ 3.85549158e-01 -9.66591835e-02]
 [ 2.13353252e+00 -1.77867317e+00]
 [ 9.89089072e-01 -6.26821876e-01]
 [ 2.13353252e+00 -1.77867317e+00]
 [ 2.72073388e+00 -2.39250326e+00]
 [ 2.09277129e+00 -1.76038098e+00]
 [ 1.96118140e+00 -1.60979736e+00]
 [ 3.30036610e-01 -2.75039673e-03]
 [ 1.57685518e-01  1.66125596e-01]
 [ 1.84556341e+00 -1.51901591e+00]
 [ 2.05136180e+00 -1.74480140e+00]
 [ 2.13353252e+00 -1.77867317e+00]
 [ 9.89089072e-01 -6.26821876e-01]
 [ 1.57685518e-01  1.66125596e-01]
 [ 4.33713943e-01 -1.08267844e-01]
 [ 2.05136180e+00 -1.74480140e+00]]
2025-12-21 17:12:19,711 - [INFO] - ------------------------------------------------------------
2025-12-21 17:12:19,711 - [INFO] - On Validation Set:
	Accuracy of RRL  Model: 0.9046302695231514
	F1 Score of RRL  Model: 0.6816677506982438
2025-12-21 17:12:19,717 - [INFO] - On Validation Set:
Performance of  RRL Model: 
[[1260   26]
 [ 112   49]]
              precision    recall  f1-score   support

           0       0.92      0.98      0.95      1286
           1       0.65      0.30      0.42       161

    accuracy                           0.90      1447
   macro avg       0.79      0.64      0.68      1447
weighted avg       0.89      0.90      0.89      1447

2025-12-21 17:12:19,718 - [INFO] - ------------------------------------------------------------
2025-12-21 17:12:20,763 - [INFO] - epoch: 96, loss_rrl: 223.92138294735923
2025-12-21 17:12:21,350 - [DEBUG] - y_true: (1447,) [0 0 0 0 0 1 0 0 0 0 0 0 0 0 0 0 0 1 0 0 0 0 0 0 1 0 0 0 0 0 0 0 0 0 0 0 0
 0 1 1 0]
2025-12-21 17:12:21,650 - [DEBUG] - y_rrl_: (1447,) [0 0 0 0 0 0 0 0 0 0 0 0 0 0 0 0 0 0 0 0 0 0 0 0 1 0 0 0 0 0 0 0 0 0 0 0 0
 0 0 0 0]
2025-12-21 17:12:21,651 - [DEBUG] - y_rrl: (1447, 2) [[ 1.705489   -1.3885844 ]
 [ 0.24662569  0.08767802]
 [ 2.9452345  -2.6584167 ]
 [ 2.9452345  -2.6584167 ]
 [ 2.004887   -1.659842  ]
 [ 0.3132841  -0.02883482]
 [ 2.4986348  -2.182251  ]
 [ 2.9452345  -2.6584167 ]
 [ 3.0824916  -2.792223  ]
 [ 1.1965387  -0.91006434]
 [ 0.7499391  -0.43389845]
 [ 2.4986348  -2.182251  ]
 [ 1.705489   -1.3885844 ]
 [ 2.544066   -2.2227495 ]
 [ 2.1875753  -1.834147  ]
 [ 2.4986348  -2.182251  ]
 [ 3.0824916  -2.792223  ]
 [ 0.6126821  -0.30009246]
 [ 1.568232   -1.2547785 ]
 [ 2.0503182  -1.7003407 ]
 [ 1.86763    -1.526036  ]
 [ 2.681323   -2.3565557 ]
 [ 1.6165341  -1.2614629 ]
 [ 2.0503182  -1.7003407 ]
 [-0.77644074  1.0582881 ]
 [ 0.45054108 -0.16264081]
 [ 2.4986348  -2.182251  ]
 [ 2.0503182  -1.7003407 ]
 [ 2.681323   -2.3565557 ]
 [ 2.771432   -2.4441187 ]
 [ 2.361378   -2.048445  ]
 [ 1.86763    -1.526036  ]
 [ 0.36158612 -0.03551918]
 [ 0.22432914  0.09828681]
 [ 1.705489   -1.3885844 ]
 [ 2.9452345  -2.6584167 ]
 [ 2.4986348  -2.182251  ]
 [ 2.0503182  -1.7003407 ]
 [ 0.6126821  -0.30009246]
 [ 1.5653814  -1.2381737 ]
 [ 2.9452345  -2.6584167 ]]
2025-12-21 17:12:21,653 - [INFO] - ------------------------------------------------------------
2025-12-21 17:12:21,653 - [INFO] - On Validation Set:
	Accuracy of RRL  Model: 0.8977194194885971
	F1 Score of RRL  Model: 0.5831594518841482
2025-12-21 17:12:21,659 - [INFO] - On Validation Set:
Performance of  RRL Model: 
[[1278    8]
 [ 140   21]]
              precision    recall  f1-score   support

           0       0.90      0.99      0.95      1286
           1       0.72      0.13      0.22       161

    accuracy                           0.90      1447
   macro avg       0.81      0.56      0.58      1447
weighted avg       0.88      0.90      0.86      1447

2025-12-21 17:12:21,659 - [INFO] - ------------------------------------------------------------
2025-12-21 17:12:23,248 - [DEBUG] - y_true: (1447,) [0 0 0 0 0 1 0 0 0 0 0 0 0 0 0 0 0 1 0 0 0 0 0 0 1 0 0 0 0 0 0 0 0 0 0 0 0
 0 1 1 0]
2025-12-21 17:12:23,548 - [DEBUG] - y_rrl_: (1447,) [0 0 0 0 0 0 0 0 0 0 0 0 0 0 0 0 0 0 0 0 0 0 0 0 1 0 0 0 0 0 0 0 0 0 0 0 0
 0 0 0 0]
2025-12-21 17:12:23,549 - [DEBUG] - y_rrl: (1447, 2) [[ 1.6963868  -1.3757753 ]
 [ 0.37126583 -0.02992105]
 [ 2.0779645  -1.7724633 ]
 [ 2.0779645  -1.7724633 ]
 [ 0.7249108  -0.39353472]
 [ 0.21970662  0.06378615]
 [ 2.4421592  -2.1218302 ]
 [ 3.0494404  -2.754704  ]
 [ 3.2035103  -2.905347  ]
 [ 1.1334174  -0.8475465 ]
 [ 0.5261362  -0.21467254]
 [ 1.1170382  -0.7759758 ]
 [ 0.7249108  -0.39353472]
 [ 1.4706831  -1.1395895 ]
 [ 2.0028164  -1.6542342 ]
 [ 2.4421592  -2.1218302 ]
 [ 3.2035103  -2.905347  ]
 [ 0.5261362  -0.21467254]
 [ 1.6963868  -1.3757753 ]
 [ 2.0028164  -1.6542342 ]
 [ 2.0028164  -1.6542342 ]
 [ 1.4706831  -1.1395895 ]
 [ 0.6776954  -0.30837974]
 [ 2.0028164  -1.6542342 ]
 [-0.4554854   0.72656316]
 [ 0.21970662  0.06378615]
 [ 2.0885143  -1.7582166 ]
 [ 2.0028164  -1.6542342 ]
 [ 1.4706831  -1.1395895 ]
 [ 2.7641673  -2.4377513 ]
 [ 2.0885143  -1.7582166 ]
 [ 1.0313404  -0.6719934 ]
 [ 0.5261362  -0.21467254]
 [ 0.5261362  -0.21467254]
 [ 0.7249108  -0.39353472]
 [ 3.0494404  -2.754704  ]
 [ 1.4706831  -1.1395895 ]
 [ 2.0028164  -1.6542342 ]
 [ 0.5261362  -0.21467254]
 [ 0.26575127  0.05458859]
 [ 3.0494404  -2.754704  ]]
2025-12-21 17:12:23,551 - [INFO] - ------------------------------------------------------------
2025-12-21 17:12:23,551 - [INFO] - On Validation Set:
	Accuracy of RRL  Model: 0.9004837595024188
	F1 Score of RRL  Model: 0.6096574049096304
2025-12-21 17:12:23,557 - [INFO] - On Validation Set:
Performance of  RRL Model: 
[[1276   10]
 [ 134   27]]
              precision    recall  f1-score   support

           0       0.90      0.99      0.95      1286
           1       0.73      0.17      0.27       161

    accuracy                           0.90      1447
   macro avg       0.82      0.58      0.61      1447
weighted avg       0.89      0.90      0.87      1447

2025-12-21 17:12:23,557 - [INFO] - ------------------------------------------------------------
2025-12-21 17:12:24,126 - [INFO] - epoch: 97, loss_rrl: 223.03838308062404
2025-12-21 17:12:25,158 - [DEBUG] - y_true: (1447,) [0 0 0 0 0 1 0 0 0 0 0 0 0 0 0 0 0 1 0 0 0 0 0 0 1 0 0 0 0 0 0 0 0 0 0 0 0
 0 1 1 0]
2025-12-21 17:12:25,455 - [DEBUG] - y_rrl_: (1447,) [0 0 0 0 0 0 0 0 0 0 0 0 0 0 0 0 0 0 0 0 0 0 0 0 1 0 0 0 0 0 0 0 0 0 0 0 0
 0 0 0 0]
2025-12-21 17:12:25,456 - [DEBUG] - y_rrl: (1447, 2) [[ 1.8964629e+00 -1.5736719e+00]
 [ 4.0525368e-01 -6.5247238e-02]
 [ 2.6353233e+00 -2.3132300e+00]
 [ 2.6353233e+00 -2.3132300e+00]
 [ 2.1950424e+00 -1.8444484e+00]
 [ 2.5231931e-01  3.0218393e-02]
 [ 2.1950424e+00 -1.8444484e+00]
 [ 3.0742407e+00 -2.7800059e+00]
 [ 3.2293816e+00 -2.9317446e+00]
 [ 5.5089891e-01 -2.4055809e-01]
 [ 7.0603985e-01 -3.9229685e-01]
 [ 2.6339598e+00 -2.3112240e+00]
 [ 1.8964629e+00 -1.5736719e+00]
 [ 2.0399015e+00 -1.6927098e+00]
 [ 2.1950424e+00 -1.8444484e+00]
 [ 2.1950424e+00 -1.8444484e+00]
 [ 3.2293816e+00 -2.9317446e+00]
 [ 5.5089891e-01 -2.4055809e-01]
 [ 1.7413220e+00 -1.4219333e+00]
 [ 2.0399015e+00 -1.6927098e+00]
 [ 2.0399015e+00 -1.6927098e+00]
 [ 2.1950424e+00 -1.8444484e+00]
 [ 2.1950424e+00 -1.8444484e+00]
 [ 2.0399015e+00 -1.6927098e+00]
 [-8.6206222e-01  1.1423050e+00]
 [ 4.0746024e-01 -1.2152037e-01]
 [ 1.8149583e+00 -1.4544528e+00]
 [ 2.0399015e+00 -1.6927098e+00]
 [ 2.1950424e+00 -1.8444484e+00]
 [ 2.7904642e+00 -2.4649692e+00]
 [ 2.4788189e+00 -2.1594853e+00]
 [ 2.0399015e+00 -1.6927098e+00]
 [ 3.2595575e-01 -2.3011863e-03]
 [ 1.7081481e-01  1.4943758e-01]
 [ 1.8964629e+00 -1.5736719e+00]
 [ 3.0742407e+00 -2.7800059e+00]
 [ 2.1950424e+00 -1.8444484e+00]
 [ 2.0399015e+00 -1.6927098e+00]
 [ 5.5089891e-01 -2.4055809e-01]
 [ 4.1065991e-01 -1.3698158e-01]
 [ 3.0742407e+00 -2.7800059e+00]]
2025-12-21 17:12:25,458 - [INFO] - ------------------------------------------------------------
2025-12-21 17:12:25,458 - [INFO] - On Validation Set:
	Accuracy of RRL  Model: 0.9060124395300622
	F1 Score of RRL  Model: 0.6736277878759735
2025-12-21 17:12:25,464 - [INFO] - On Validation Set:
Performance of  RRL Model: 
[[1266   20]
 [ 116   45]]
              precision    recall  f1-score   support

           0       0.92      0.98      0.95      1286
           1       0.69      0.28      0.40       161

    accuracy                           0.91      1447
   macro avg       0.80      0.63      0.67      1447
weighted avg       0.89      0.91      0.89      1447

2025-12-21 17:12:25,464 - [INFO] - ------------------------------------------------------------
2025-12-21 17:12:27,093 - [DEBUG] - y_true: (1447,) [0 0 0 0 0 1 0 0 0 0 0 0 0 0 0 0 0 1 0 0 0 0 0 0 1 0 0 0 0 0 0 0 0 0 0 0 0
 0 1 1 0]
2025-12-21 17:12:27,375 - [DEBUG] - y_rrl_: (1447,) [0 0 0 0 0 0 0 0 0 0 0 0 0 0 0 0 0 0 0 0 0 0 0 0 1 0 0 0 0 0 0 0 0 0 0 0 0
 0 0 0 0]
2025-12-21 17:12:27,375 - [DEBUG] - y_rrl: (1447, 2) [[ 1.8363159  -1.4986657 ]
 [ 0.18625283  0.14426398]
 [ 1.44607    -1.1223748 ]
 [ 1.44607    -1.1223748 ]
 [ 1.8363159  -1.4986657 ]
 [ 0.5294728  -0.22025207]
 [ 1.8363159  -1.4986657 ]
 [ 2.8501222  -2.5645375 ]
 [ 2.9962347  -2.707272  ]
 [ 1.0974627  -0.8128449 ]
 [ 0.5294728  -0.22025207]
 [ 2.2821321  -1.9719445 ]
 [ 1.8363159  -1.4986657 ]
 [ 1.9931612  -1.6473554 ]
 [ 1.9931612  -1.6473554 ]
 [ 1.8363159  -1.4986657 ]
 [ 2.9962347  -2.707272  ]
 [ 0.5294728  -0.22025207]
 [ 1.8363159  -1.4986657 ]
 [ 1.9931612  -1.6473554 ]
 [ 1.8363159  -1.4986657 ]
 [ 1.9931612  -1.6473554 ]
 [ 1.468009   -1.1205041 ]
 [ 1.9931612  -1.6473554 ]
 [-0.8467929   1.1262325 ]
 [ 0.5294728  -0.22025207]
 [ 1.468009   -1.1205041 ]
 [ 1.9931612  -1.6473554 ]
 [ 1.9931612  -1.6473554 ]
 [ 2.7072635  -2.3826828 ]
 [ 2.2821321  -1.9719445 ]
 [ 1.8363159  -1.4986657 ]
 [ 0.16116604  0.15790954]
 [ 0.16116604  0.15790954]
 [ 1.8363159  -1.4986657 ]
 [ 2.8501222  -2.5645375 ]
 [ 1.8363159  -1.4986657 ]
 [ 1.9931612  -1.6473554 ]
 [ 0.5294728  -0.22025207]
 [ 0.6394576  -0.3306224 ]
 [ 2.8501222  -2.5645375 ]]
2025-12-21 17:12:27,378 - [INFO] - ------------------------------------------------------------
2025-12-21 17:12:27,378 - [INFO] - On Validation Set:
	Accuracy of RRL  Model: 0.9011748445058743
	F1 Score of RRL  Model: 0.6212132029223484
2025-12-21 17:12:27,383 - [INFO] - On Validation Set:
Performance of  RRL Model: 
[[1274   12]
 [ 131   30]]
              precision    recall  f1-score   support

           0       0.91      0.99      0.95      1286
           1       0.71      0.19      0.30       161

    accuracy                           0.90      1447
   macro avg       0.81      0.59      0.62      1447
weighted avg       0.89      0.90      0.87      1447

2025-12-21 17:12:27,384 - [INFO] - ------------------------------------------------------------
2025-12-21 17:12:27,504 - [INFO] - epoch: 98, loss_rrl: 223.59730203449726
2025-12-21 17:12:28,910 - [DEBUG] - y_true: (1447,) [0 0 0 0 0 1 0 0 0 0 0 0 0 0 0 0 0 1 0 0 0 0 0 0 1 0 0 0 0 0 0 0 0 0 0 0 0
 0 1 1 0]
2025-12-21 17:12:29,193 - [DEBUG] - y_rrl_: (1447,) [0 0 0 0 0 0 0 0 0 0 0 0 0 0 0 0 0 0 0 0 0 0 0 0 1 0 0 0 0 0 0 0 0 0 0 0 0
 0 0 0 0]
2025-12-21 17:12:29,194 - [DEBUG] - y_rrl: (1447, 2) [[ 1.735415   -1.423183  ]
 [ 0.22369164  0.10557556]
 [ 2.4273603  -2.115143  ]
 [ 2.4273603  -2.115143  ]
 [ 1.735415   -1.423183  ]
 [ 0.2595764   0.02106181]
 [ 2.0246553  -1.6849527 ]
 [ 2.8795326  -2.5943892 ]
 [ 3.064944   -2.776448  ]
 [ 0.5488168  -0.24070811]
 [ 0.36310858 -0.04184845]
 [ 2.105708   -1.7832806 ]
 [ 1.735415   -1.423183  ]
 [ 2.0104678  -1.6660395 ]
 [ 2.1958795  -1.8480978 ]
 [ 2.0246553  -1.6849527 ]
 [ 3.064944   -2.776448  ]
 [ 0.17769691  0.14021012]
 [ 1.5500033  -1.2411244 ]
 [ 2.0104678  -1.6660395 ]
 [ 1.8392437  -1.5028942 ]
 [ 2.1958795  -1.8480978 ]
 [ 1.6535356  -1.3040345 ]
 [ 2.0104678  -1.6660395 ]
 [-0.8169318   1.0955687 ]
 [ 0.44498807 -0.16099676]
 [ 2.0246553  -1.6849527 ]
 [ 2.0104678  -1.6660395 ]
 [ 2.1958795  -1.8480978 ]
 [ 2.7839963  -2.460347  ]
 [ 1.9202962  -1.601222  ]
 [ 1.8392437  -1.5028942 ]
 [ 0.36310858 -0.04184845]
 [ 0.17769691  0.14021012]
 [ 1.735415   -1.423183  ]
 [ 2.8795326  -2.5943892 ]
 [ 2.0246553  -1.6849527 ]
 [ 2.0104678  -1.6660395 ]
 [ 0.17769691  0.14021012]
 [ 0.44512767 -0.1239104 ]
 [ 2.8795326  -2.5943892 ]]
2025-12-21 17:12:29,196 - [INFO] - ------------------------------------------------------------
2025-12-21 17:12:29,196 - [INFO] - On Validation Set:
	Accuracy of RRL  Model: 0.907394609536973
	F1 Score of RRL  Model: 0.6703984497178215
2025-12-21 17:12:29,202 - [INFO] - On Validation Set:
Performance of  RRL Model: 
[[1270   16]
 [ 118   43]]
              precision    recall  f1-score   support

           0       0.91      0.99      0.95      1286
           1       0.73      0.27      0.39       161

    accuracy                           0.91      1447
   macro avg       0.82      0.63      0.67      1447
weighted avg       0.89      0.91      0.89      1447

2025-12-21 17:12:29,202 - [INFO] - ------------------------------------------------------------
2025-12-21 17:12:30,407 - [INFO] - epoch: 99, loss_rrl: 222.4894349919632
