2025-12-21 18:07:11,343 - [DEBUG] - y_true: (1447,) [0 0 0 0 0 1 0 0 0 0 0 0 0 0 0 0 0 1 0 0 0 0 0 0 1 0 0 0 0 0 0 0 0 0 0 0 0
 0 1 1 0]
2025-12-21 18:07:11,502 - [DEBUG] - y_rrl_: (1447,) [0 0 0 0 0 0 0 0 0 0 0 0 0 0 0 0 0 0 0 0 0 0 0 0 0 0 0 0 0 0 0 0 0 0 0 0 0
 0 0 0 0]
2025-12-21 18:07:11,503 - [DEBUG] - y_rrl: (1447, 2) [[ 1.2417283 -0.2126123]
 [ 1.2417283 -0.2126123]
 [ 1.2417283 -0.2126123]
 [ 1.2417283 -0.2126123]
 [ 1.2417283 -0.2126123]
 [ 1.2417283 -0.2126123]
 [ 1.2417283 -0.2126123]
 [ 1.2417283 -0.2126123]
 [ 1.2417283 -0.2126123]
 [ 1.2417283 -0.2126123]
 [ 1.2417283 -0.2126123]
 [ 1.2417283 -0.2126123]
 [ 1.2417283 -0.2126123]
 [ 1.2417283 -0.2126123]
 [ 1.2417283 -0.2126123]
 [ 1.2417283 -0.2126123]
 [ 1.2417283 -0.2126123]
 [ 1.2417283 -0.2126123]
 [ 1.2417283 -0.2126123]
 [ 1.2417283 -0.2126123]
 [ 1.2417283 -0.2126123]
 [ 1.2417283 -0.2126123]
 [ 1.2417283 -0.2126123]
 [ 1.2417283 -0.2126123]
 [ 1.2417283 -0.2126123]
 [ 1.2417283 -0.2126123]
 [ 1.2417283 -0.2126123]
 [ 1.2417283 -0.2126123]
 [ 1.2417283 -0.2126123]
 [ 1.2417283 -0.2126123]
 [ 1.2417283 -0.2126123]
 [ 1.2417283 -0.2126123]
 [ 1.2417283 -0.2126123]
 [ 1.2417283 -0.2126123]
 [ 1.2417283 -0.2126123]
 [ 1.2417283 -0.2126123]
 [ 1.2417283 -0.2126123]
 [ 1.2417283 -0.2126123]
 [ 1.2417283 -0.2126123]
 [ 1.2417283 -0.2126123]
 [ 1.2417283 -0.2126123]]
2025-12-21 18:07:11,505 - [INFO] - ------------------------------------------------------------
2025-12-21 18:07:11,505 - [INFO] - On Validation Set:
	Accuracy of RRL  Model: 0.8887353144436766
	F1 Score of RRL  Model: 0.47054518843761434
2025-12-21 18:07:11,511 - [INFO] - On Validation Set:
Performance of  RRL Model: 
[[1286    0]
 [ 161    0]]
              precision    recall  f1-score   support

           0       0.89      1.00      0.94      1286
           1       0.00      0.00      0.00       161

    accuracy                           0.89      1447
   macro avg       0.44      0.50      0.47      1447
weighted avg       0.79      0.89      0.84      1447

2025-12-21 18:07:11,511 - [INFO] - ------------------------------------------------------------
2025-12-21 18:07:12,829 - [INFO] - epoch: 0, loss_rrl: 157.6900566779077
2025-12-21 18:07:13,058 - [DEBUG] - y_true: (1447,) [0 0 0 0 0 1 0 0 0 0 0 0 0 0 0 0 0 1 0 0 0 0 0 0 1 0 0 0 0 0 0 0 0 0 0 0 0
 0 1 1 0]
2025-12-21 18:07:13,211 - [DEBUG] - y_rrl_: (1447,) [0 0 0 0 0 1 0 0 0 0 0 0 0 0 0 0 0 0 0 0 0 0 0 0 1 0 0 0 0 0 0 0 0 0 0 0 0
 0 1 0 0]
2025-12-21 18:07:13,212 - [DEBUG] - y_rrl: (1447, 2) [[ 2.0464432  -1.0137315 ]
 [ 1.2764013  -0.25192776]
 [ 2.0308523  -1.1007929 ]
 [ 2.0308523  -1.1007929 ]
 [ 2.0464432  -1.0137315 ]
 [ 0.07019167  1.0105863 ]
 [ 2.0308523  -1.1007929 ]
 [ 2.0308523  -1.1007929 ]
 [ 2.0308523  -1.1007929 ]
 [ 1.3282971  -0.39928737]
 [ 0.7475404   0.18117033]
 [ 1.4500959  -0.5203352 ]
 [ 1.7144994  -0.6720673 ]
 [ 1.8881938  -0.9404748 ]
 [ 1.7144994  -0.6720673 ]
 [ 1.8881938  -0.9404748 ]
 [ 2.0308523  -1.1007929 ]
 [ 0.7475404   0.18117033]
 [ 1.2764013  -0.25192776]
 [ 1.2764013  -0.25192776]
 [ 2.0464432  -1.0137315 ]
 [ 1.8881938  -0.9404748 ]
 [ 2.0464432  -1.0137315 ]
 [ 1.7144994  -0.6720673 ]
 [ 0.07019167  1.0105863 ]
 [ 0.5738458   0.44957772]
 [ 1.4500959  -0.5203352 ]
 [ 1.7144994  -0.6720673 ]
 [ 1.4500959  -0.5203352 ]
 [ 2.0464432  -1.0137315 ]
 [ 2.0308523  -1.1007929 ]
 [ 1.2764013  -0.25192776]
 [ 0.7475404   0.18117033]
 [ 0.7475404   0.18117033]
 [ 2.0464432  -1.0137315 ]
 [ 2.0308523  -1.1007929 ]
 [ 2.0308523  -1.1007929 ]
 [ 1.7144994  -0.6720673 ]
 [ 0.24388629  0.7421789 ]
 [ 0.68198436  0.32203928]
 [ 2.0308523  -1.1007929 ]]
2025-12-21 18:07:13,214 - [INFO] - ------------------------------------------------------------
2025-12-21 18:07:13,214 - [INFO] - On Validation Set:
	Accuracy of RRL  Model: 0.9101589495507948
	F1 Score of RRL  Model: 0.7524164762616743
2025-12-21 18:07:13,220 - [INFO] - On Validation Set:
Performance of  RRL Model: 
[[1236   50]
 [  80   81]]
              precision    recall  f1-score   support

           0       0.94      0.96      0.95      1286
           1       0.62      0.50      0.55       161

    accuracy                           0.91      1447
   macro avg       0.78      0.73      0.75      1447
weighted avg       0.90      0.91      0.91      1447

2025-12-21 18:07:13,220 - [INFO] - ------------------------------------------------------------
2025-12-21 18:07:14,327 - [INFO] - epoch: 1, loss_rrl: 111.85934600234032
2025-12-21 18:07:14,780 - [DEBUG] - y_true: (1447,) [0 0 0 0 0 1 0 0 0 0 0 0 0 0 0 0 0 1 0 0 0 0 0 0 1 0 0 0 0 0 0 0 0 0 0 0 0
 0 1 1 0]
2025-12-21 18:07:14,930 - [DEBUG] - y_rrl_: (1447,) [0 0 0 0 0 1 0 0 0 0 0 0 0 0 0 0 0 0 0 0 0 0 0 0 1 0 0 0 0 0 0 0 0 0 0 0 0
 0 0 0 0]
2025-12-21 18:07:14,930 - [DEBUG] - y_rrl: (1447, 2) [[ 2.3405597  -1.3127183 ]
 [ 0.5488303   0.43477994]
 [ 2.2102618  -1.1648508 ]
 [ 2.2102618  -1.1648508 ]
 [ 2.3405597  -1.3127183 ]
 [ 0.00286375  0.99791247]
 [ 2.3405597  -1.3127183 ]
 [ 2.2102618  -1.1648508 ]
 [ 2.3405597  -1.3127183 ]
 [ 1.6819607  -0.64875954]
 [ 1.1562895  -0.14095753]
 [ 1.6845907  -0.6570489 ]
 [ 1.8975768  -0.8600623 ]
 [ 2.2102618  -1.1648508 ]
 [ 2.2102618  -1.1648508 ]
 [ 2.2102618  -1.1648508 ]
 [ 2.2102618  -1.1648508 ]
 [ 1.1562895  -0.14095753]
 [ 1.3719057  -0.35226032]
 [ 1.6845907  -0.6570489 ]
 [ 2.3405597  -1.3127183 ]
 [ 2.2102618  -1.1648508 ]
 [ 2.3405597  -1.3127183 ]
 [ 2.2102618  -1.1648508 ]
 [ 0.00286375  0.99791247]
 [ 0.5832911   0.45622414]
 [ 1.3541433  -0.38101828]
 [ 2.2102618  -1.1648508 ]
 [ 1.6845907  -0.6570489 ]
 [ 2.2102618  -1.1648508 ]
 [ 2.3405597  -1.3127183 ]
 [ 1.6845907  -0.6570489 ]
 [ 1.1562895  -0.14095753]
 [ 1.1562895  -0.14095753]
 [ 2.3405597  -1.3127183 ]
 [ 2.2102618  -1.1648508 ]
 [ 2.3405597  -1.3127183 ]
 [ 2.2102618  -1.1648508 ]
 [ 0.56961733  0.45040154]
 [ 0.98873216  0.08771601]
 [ 2.2102618  -1.1648508 ]]
2025-12-21 18:07:14,932 - [INFO] - ------------------------------------------------------------
2025-12-21 18:07:14,932 - [INFO] - On Validation Set:
	Accuracy of RRL  Model: 0.9060124395300622
	F1 Score of RRL  Model: 0.7294017996611886
2025-12-21 18:07:14,938 - [INFO] - On Validation Set:
Performance of  RRL Model: 
[[1240   46]
 [  90   71]]
              precision    recall  f1-score   support

           0       0.93      0.96      0.95      1286
           1       0.61      0.44      0.51       161

    accuracy                           0.91      1447
   macro avg       0.77      0.70      0.73      1447
weighted avg       0.90      0.91      0.90      1447

2025-12-21 18:07:14,938 - [INFO] - ------------------------------------------------------------
2025-12-21 18:07:15,821 - [INFO] - epoch: 2, loss_rrl: 109.57871060073376
2025-12-21 18:07:16,481 - [DEBUG] - y_true: (1447,) [0 0 0 0 0 1 0 0 0 0 0 0 0 0 0 0 0 1 0 0 0 0 0 0 1 0 0 0 0 0 0 0 0 0 0 0 0
 0 1 1 0]
2025-12-21 18:07:16,635 - [DEBUG] - y_rrl_: (1447,) [0 0 0 0 0 1 0 0 0 0 0 0 0 0 0 0 0 0 0 0 0 0 0 0 1 0 0 0 0 0 0 0 0 0 0 0 0
 0 1 0 0]
2025-12-21 18:07:16,636 - [DEBUG] - y_rrl: (1447, 2) [[ 2.4207227  -1.3976414 ]
 [ 0.6462847   0.3465088 ]
 [ 2.232842   -1.1922766 ]
 [ 2.232842   -1.1922766 ]
 [ 2.4207227  -1.3976414 ]
 [ 0.06845126  0.97738165]
 [ 2.4207227  -1.3976414 ]
 [ 2.232842   -1.1922766 ]
 [ 2.4207227  -1.3976414 ]
 [ 1.6431648  -0.6147092 ]
 [ 1.1064264  -0.09574772]
 [ 1.6961037  -0.6733152 ]
 [ 1.6134118  -0.58718365]
 [ 2.232842   -1.1922766 ]
 [ 2.232842   -1.1922766 ]
 [ 1.9711508  -0.93707424]
 [ 2.232842   -1.1922766 ]
 [ 1.1064264  -0.09574772]
 [ 1.338365   -0.32342464]
 [ 1.9577955  -0.9285174 ]
 [ 2.4207227  -1.3976414 ]
 [ 2.232842   -1.1922766 ]
 [ 2.4207227  -1.3976414 ]
 [ 2.232842   -1.1922766 ]
 [ 0.06845126  0.97738165]
 [ 0.7486875   0.25414288]
 [ 1.3060542  -0.3373101 ]
 [ 2.232842   -1.1922766 ]
 [ 1.9577955  -0.9285174 ]
 [ 2.232842   -1.1922766 ]
 [ 2.4207227  -1.3976414 ]
 [ 1.6961037  -0.6733152 ]
 [ 1.1064264  -0.09574772]
 [ 1.1064264  -0.09574772]
 [ 2.4207227  -1.3976414 ]
 [ 2.232842   -1.1922766 ]
 [ 2.4207227  -1.3976414 ]
 [ 2.232842   -1.1922766 ]
 [ 0.42619008  0.6274912 ]
 [ 0.7012369   0.36373204]
 [ 2.232842   -1.1922766 ]]
2025-12-21 18:07:16,638 - [INFO] - ------------------------------------------------------------
2025-12-21 18:07:16,638 - [INFO] - On Validation Set:
	Accuracy of RRL  Model: 0.902557014512785
	F1 Score of RRL  Model: 0.7256097314962378
2025-12-21 18:07:16,644 - [INFO] - On Validation Set:
Performance of  RRL Model: 
[[1234   52]
 [  89   72]]
              precision    recall  f1-score   support

           0       0.93      0.96      0.95      1286
           1       0.58      0.45      0.51       161

    accuracy                           0.90      1447
   macro avg       0.76      0.70      0.73      1447
weighted avg       0.89      0.90      0.90      1447

2025-12-21 18:07:16,644 - [INFO] - ------------------------------------------------------------
2025-12-21 18:07:17,319 - [INFO] - epoch: 3, loss_rrl: 108.31214938499033
2025-12-21 18:07:18,206 - [DEBUG] - y_true: (1447,) [0 0 0 0 0 1 0 0 0 0 0 0 0 0 0 0 0 1 0 0 0 0 0 0 1 0 0 0 0 0 0 0 0 0 0 0 0
 0 1 1 0]
2025-12-21 18:07:18,358 - [DEBUG] - y_rrl_: (1447,) [0 0 0 0 0 1 0 0 0 0 0 0 0 0 0 0 0 0 0 0 0 0 0 0 1 0 0 0 0 0 0 0 0 0 0 0 0
 0 0 0 0]
2025-12-21 18:07:18,358 - [DEBUG] - y_rrl: (1447, 2) [[ 2.5012403  -1.4827914 ]
 [ 0.5479198   0.4405163 ]
 [ 2.2785451  -1.2426938 ]
 [ 2.2785451  -1.2426938 ]
 [ 2.5012403  -1.4827914 ]
 [ 0.13129964  0.8681806 ]
 [ 2.5012403  -1.4827914 ]
 [ 2.2785451  -1.2426938 ]
 [ 2.5012403  -1.4827914 ]
 [ 1.8214868  -0.8392773 ]
 [ 1.2371275  -0.2726046 ]
 [ 1.6941856  -0.6760211 ]
 [ 1.9016091  -0.8735561 ]
 [ 2.2785451  -1.2426938 ]
 [ 2.2785451  -1.2426938 ]
 [ 2.2785451  -1.2426938 ]
 [ 2.2785451  -1.2426938 ]
 [ 1.2371275  -0.2726046 ]
 [ 1.9542745  -0.92965347]
 [ 1.6941856  -0.6760211 ]
 [ 2.5012403  -1.4827914 ]
 [ 2.2785451  -1.2426938 ]
 [ 2.5012403  -1.4827914 ]
 [ 2.2785451  -1.2426938 ]
 [ 0.13129964  0.8681806 ]
 [ 0.86019135  0.0965331 ]
 [ 1.6941856  -0.6760211 ]
 [ 2.2785451  -1.2426938 ]
 [ 1.6941856  -0.6760211 ]
 [ 2.2785451  -1.2426938 ]
 [ 2.5012403  -1.4827914 ]
 [ 1.6941856  -0.6760211 ]
 [ 1.2371275  -0.2726046 ]
 [ 1.2371275  -0.2726046 ]
 [ 2.5012403  -1.4827914 ]
 [ 2.2785451  -1.2426938 ]
 [ 2.5012403  -1.4827914 ]
 [ 2.2785451  -1.2426938 ]
 [ 0.83250636  0.18600267]
 [ 1.0925951  -0.06762975]
 [ 2.2785451  -1.2426938 ]]
2025-12-21 18:07:18,360 - [INFO] - ------------------------------------------------------------
2025-12-21 18:07:18,360 - [INFO] - On Validation Set:
	Accuracy of RRL  Model: 0.9046302695231514
	F1 Score of RRL  Model: 0.68885793351034
2025-12-21 18:07:18,366 - [INFO] - On Validation Set:
Performance of  RRL Model: 
[[1257   29]
 [ 109   52]]
              precision    recall  f1-score   support

           0       0.92      0.98      0.95      1286
           1       0.64      0.32      0.43       161

    accuracy                           0.90      1447
   macro avg       0.78      0.65      0.69      1447
weighted avg       0.89      0.90      0.89      1447

2025-12-21 18:07:18,366 - [INFO] - ------------------------------------------------------------
2025-12-21 18:07:19,099 - [INFO] - epoch: 4, loss_rrl: 108.35734053142369
2025-12-21 18:07:20,276 - [DEBUG] - y_true: (1447,) [0 0 0 0 0 1 0 0 0 0 0 0 0 0 0 0 0 1 0 0 0 0 0 0 1 0 0 0 0 0 0 0 0 0 0 0 0
 0 1 1 0]
2025-12-21 18:07:20,430 - [DEBUG] - y_rrl_: (1447,) [0 1 0 0 0 1 0 0 0 0 0 0 0 0 0 0 0 0 0 0 0 0 0 0 1 0 0 0 0 0 0 0 0 0 0 0 0
 0 0 0 0]
2025-12-21 18:07:20,431 - [DEBUG] - y_rrl: (1447, 2) [[ 2.330418   -1.3164985 ]
 [ 0.30941868  0.6747793 ]
 [ 1.8191798  -0.85848665]
 [ 1.8191798  -0.85848665]
 [ 2.330418   -1.3164985 ]
 [ 0.23821457  0.76471055]
 [ 2.330418   -1.3164985 ]
 [ 2.330418   -1.3164985 ]
 [ 2.330418   -1.3164985 ]
 [ 1.5806837  -0.5955546 ]
 [ 0.77357465  0.21128075]
 [ 1.5233097  -0.5096632 ]
 [ 2.0905855  -1.0593414 ]
 [ 2.0905855  -1.0593414 ]
 [ 2.0905855  -1.0593414 ]
 [ 2.0905855  -1.0593414 ]
 [ 2.330418   -1.3164985 ]
 [ 0.77357465  0.21128075]
 [ 1.5233097  -0.5096632 ]
 [ 1.5233097  -0.5096632 ]
 [ 2.330418   -1.3164985 ]
 [ 2.0905855  -1.0593414 ]
 [ 2.330418   -1.3164985 ]
 [ 2.0905855  -1.0593414 ]
 [-0.14495118  1.1401297 ]
 [ 0.77357465  0.21128075]
 [ 1.5233097  -0.5096632 ]
 [ 2.0905855  -1.0593414 ]
 [ 1.5233097  -0.5096632 ]
 [ 2.330418   -1.3164985 ]
 [ 2.330418   -1.3164985 ]
 [ 1.5233097  -0.5096632 ]
 [ 0.77357465  0.21128075]
 [ 0.77357465  0.21128075]
 [ 2.330418   -1.3164985 ]
 [ 2.330418   -1.3164985 ]
 [ 2.330418   -1.3164985 ]
 [ 2.0905855  -1.0593414 ]
 [ 0.5773731   0.43672583]
 [ 0.80549055  0.21503238]
 [ 2.330418   -1.3164985 ]]
2025-12-21 18:07:20,433 - [INFO] - ------------------------------------------------------------
2025-12-21 18:07:20,433 - [INFO] - On Validation Set:
	Accuracy of RRL  Model: 0.902557014512785
	F1 Score of RRL  Model: 0.7416218680546321
2025-12-21 18:07:20,439 - [INFO] - On Validation Set:
Performance of  RRL Model: 
[[1224   62]
 [  79   82]]
              precision    recall  f1-score   support

           0       0.94      0.95      0.95      1286
           1       0.57      0.51      0.54       161

    accuracy                           0.90      1447
   macro avg       0.75      0.73      0.74      1447
weighted avg       0.90      0.90      0.90      1447

2025-12-21 18:07:20,439 - [INFO] - ------------------------------------------------------------
2025-12-21 18:07:20,682 - [INFO] - epoch: 5, loss_rrl: 109.15085762366652
2025-12-21 18:07:21,990 - [DEBUG] - y_true: (1447,) [0 0 0 0 0 1 0 0 0 0 0 0 0 0 0 0 0 1 0 0 0 0 0 0 1 0 0 0 0 0 0 0 0 0 0 0 0
 0 1 1 0]
2025-12-21 18:07:22,144 - [DEBUG] - y_rrl_: (1447,) [0 1 0 0 0 1 0 0 0 0 0 0 0 0 0 0 0 0 0 0 0 0 0 0 1 0 0 0 0 0 0 0 0 0 0 0 0
 0 1 0 0]
2025-12-21 18:07:22,144 - [DEBUG] - y_rrl: (1447, 2) [[ 2.5067375  -1.4973271 ]
 [ 0.3701827   0.6098092 ]
 [ 2.2761035  -1.2730855 ]
 [ 2.2761035  -1.2730855 ]
 [ 2.5067375  -1.4973271 ]
 [ 0.3457666   0.6528284 ]
 [ 2.5067375  -1.4973271 ]
 [ 2.2761035  -1.2730855 ]
 [ 2.5067375  -1.4973271 ]
 [ 1.7164811  -0.76626295]
 [ 0.90607053  0.07456978]
 [ 1.7003323  -0.69118446]
 [ 2.0348709  -1.0146066 ]
 [ 2.0348709  -1.0146066 ]
 [ 2.0348709  -1.0146066 ]
 [ 2.0348709  -1.0146066 ]
 [ 2.2761035  -1.2730855 ]
 [ 1.1407104  -0.18436196]
 [ 1.2858881  -0.2844332 ]
 [ 2.0348709  -1.0146066 ]
 [ 2.2655053  -1.2388482 ]
 [ 2.0348709  -1.0146066 ]
 [ 2.2655053  -1.2388482 ]
 [ 2.0348709  -1.0146066 ]
 [-0.06867754  1.0595796 ]
 [ 1.1407104  -0.18436196]
 [ 1.1407104  -0.18436196]
 [ 2.0348709  -1.0146066 ]
 [ 1.7003323  -0.69118446]
 [ 2.2761035  -1.2730855 ]
 [ 2.5067375  -1.4973271 ]
 [ 2.0348709  -1.0146066 ]
 [ 0.90607053  0.07456978]
 [ 1.1407104  -0.18436196]
 [ 2.5067375  -1.4973271 ]
 [ 2.2761035  -1.2730855 ]
 [ 2.2655053  -1.2388482 ]
 [ 2.0348709  -1.0146066 ]
 [ 0.3457666   0.6528284 ]
 [ 0.6803054   0.3294063 ]
 [ 2.2761035  -1.2730855 ]]
2025-12-21 18:07:22,146 - [INFO] - ------------------------------------------------------------
2025-12-21 18:07:22,147 - [INFO] - On Validation Set:
	Accuracy of RRL  Model: 0.902557014512785
	F1 Score of RRL  Model: 0.73389113153038
2025-12-21 18:07:22,153 - [INFO] - On Validation Set:
Performance of  RRL Model: 
[[1229   57]
 [  84   77]]
              precision    recall  f1-score   support

           0       0.94      0.96      0.95      1286
           1       0.57      0.48      0.52       161

    accuracy                           0.90      1447
   macro avg       0.76      0.72      0.73      1447
weighted avg       0.90      0.90      0.90      1447

2025-12-21 18:07:22,153 - [INFO] - ------------------------------------------------------------
2025-12-21 18:07:22,181 - [INFO] - epoch: 6, loss_rrl: 108.99459832534194
2025-12-21 18:07:23,496 - [INFO] - epoch: 7, loss_rrl: 108.59220807440579
2025-12-21 18:07:23,696 - [DEBUG] - y_true: (1447,) [0 0 0 0 0 1 0 0 0 0 0 0 0 0 0 0 0 1 0 0 0 0 0 0 1 0 0 0 0 0 0 0 0 0 0 0 0
 0 1 1 0]
2025-12-21 18:07:23,849 - [DEBUG] - y_rrl_: (1447,) [0 1 0 0 0 1 0 0 0 0 0 0 0 0 0 0 0 0 0 0 0 0 0 0 1 0 0 0 0 0 0 0 0 0 0 0 0
 0 0 0 0]
2025-12-21 18:07:23,850 - [DEBUG] - y_rrl: (1447, 2) [[ 2.5501828  -1.5453391 ]
 [ 0.31407997  0.6616589 ]
 [ 2.5501828  -1.5453391 ]
 [ 2.5501828  -1.5453391 ]
 [ 2.5501828  -1.5453391 ]
 [-0.17452425  1.1610975 ]
 [ 2.5501828  -1.5453391 ]
 [ 2.5501828  -1.5453391 ]
 [ 2.5501828  -1.5453391 ]
 [ 2.5501828  -1.5453391 ]
 [ 1.1337485  -0.1815176 ]
 [ 1.6808429  -0.6762527 ]
 [ 1.8511908  -0.83681774]
 [ 2.295124   -1.2731138 ]
 [ 2.295124   -1.2731138 ]
 [ 2.295124   -1.2731138 ]
 [ 2.5501828  -1.5453391 ]
 [ 1.6808429  -0.6762527 ]
 [ 2.0315797  -1.0159315 ]
 [ 1.6808429  -0.6762527 ]
 [ 2.295124   -1.2731138 ]
 [ 2.295124   -1.2731138 ]
 [ 2.295124   -1.2731138 ]
 [ 2.295124   -1.2731138 ]
 [-0.17452425  1.1610975 ]
 [ 0.6898154   0.25477844]
 [ 1.6808429  -0.6762527 ]
 [ 2.295124   -1.2731138 ]
 [ 1.6808429  -0.6762527 ]
 [ 2.5501828  -1.5453391 ]
 [ 2.5501828  -1.5453391 ]
 [ 2.0315797  -1.0159315 ]
 [ 1.6808429  -0.6762527 ]
 [ 1.6808429  -0.6762527 ]
 [ 2.5501828  -1.5453391 ]
 [ 2.5501828  -1.5453391 ]
 [ 2.295124   -1.2731138 ]
 [ 2.295124   -1.2731138 ]
 [ 0.6201459   0.3851227 ]
 [ 1.1252518  -0.10031109]
 [ 2.5501828  -1.5453391 ]]
2025-12-21 18:07:23,852 - [INFO] - ------------------------------------------------------------
2025-12-21 18:07:23,852 - [INFO] - On Validation Set:
	Accuracy of RRL  Model: 0.9060124395300622
	F1 Score of RRL  Model: 0.7276491624317711
2025-12-21 18:07:23,858 - [INFO] - On Validation Set:
Performance of  RRL Model: 
[[1241   45]
 [  91   70]]
              precision    recall  f1-score   support

           0       0.93      0.97      0.95      1286
           1       0.61      0.43      0.51       161

    accuracy                           0.91      1447
   macro avg       0.77      0.70      0.73      1447
weighted avg       0.90      0.91      0.90      1447

2025-12-21 18:07:23,858 - [INFO] - ------------------------------------------------------------
2025-12-21 18:07:25,004 - [INFO] - epoch: 8, loss_rrl: 108.58205396868289
2025-12-21 18:07:25,418 - [DEBUG] - y_true: (1447,) [0 0 0 0 0 1 0 0 0 0 0 0 0 0 0 0 0 1 0 0 0 0 0 0 1 0 0 0 0 0 0 0 0 0 0 0 0
 0 1 1 0]
2025-12-21 18:07:25,570 - [DEBUG] - y_rrl_: (1447,) [0 1 0 0 0 1 0 0 0 0 0 0 0 0 0 0 0 0 0 0 0 0 0 0 1 1 0 0 0 0 0 0 0 0 0 0 0
 0 0 0 0]
2025-12-21 18:07:25,571 - [DEBUG] - y_rrl: (1447, 2) [[ 2.6466613  -1.6463927 ]
 [ 0.46857867  0.50289506]
 [ 1.4964552  -0.5234862 ]
 [ 1.4964552  -0.5234862 ]
 [ 2.6466613  -1.6463927 ]
 [-0.0789585   1.061188  ]
 [ 2.6466613  -1.6463927 ]
 [ 2.3731115  -1.3791738 ]
 [ 2.6466613  -1.6463927 ]
 [ 1.825574   -0.82088095]
 [ 1.2181076  -0.20732884]
 [ 1.7656448  -0.76562184]
 [ 1.9667975  -0.9570257 ]
 [ 2.387208   -1.3698548 ]
 [ 2.387208   -1.3698548 ]
 [ 2.387208   -1.3698548 ]
 [ 2.3731115  -1.3791738 ]
 [ 1.2181076  -0.20732884]
 [ 1.3452345  -0.3527926 ]
 [ 1.7656448  -0.76562184]
 [ 2.6466613  -1.6463927 ]
 [ 2.387208   -1.3698548 ]
 [ 2.6466613  -1.6463927 ]
 [ 2.387208   -1.3698548 ]
 [ 0.3414518   0.64835876]
 [ 0.3252218   0.62605697]
 [ 1.7656448  -0.76562184]
 [ 2.387208   -1.3698548 ]
 [ 1.7656448  -0.76562184]
 [ 2.3731115  -1.3791738 ]
 [ 2.6466613  -1.6463927 ]
 [ 1.7656448  -0.76562184]
 [ 1.2181076  -0.20732884]
 [ 1.2181076  -0.20732884]
 [ 2.6466613  -1.6463927 ]
 [ 2.3731115  -1.3791738 ]
 [ 2.6466613  -1.6463927 ]
 [ 2.387208   -1.3698548 ]
 [ 0.6894648   0.3113448 ]
 [ 0.9630146   0.04412578]
 [ 2.3731115  -1.3791738 ]]
2025-12-21 18:07:25,573 - [INFO] - ------------------------------------------------------------
2025-12-21 18:07:25,573 - [INFO] - On Validation Set:
	Accuracy of RRL  Model: 0.9011748445058743
	F1 Score of RRL  Model: 0.7438630542932934
2025-12-21 18:07:25,579 - [INFO] - On Validation Set:
Performance of  RRL Model: 
[[1219   67]
 [  76   85]]
              precision    recall  f1-score   support

           0       0.94      0.95      0.94      1286
           1       0.56      0.53      0.54       161

    accuracy                           0.90      1447
   macro avg       0.75      0.74      0.74      1447
weighted avg       0.90      0.90      0.90      1447

2025-12-21 18:07:25,579 - [INFO] - ------------------------------------------------------------
2025-12-21 18:07:26,488 - [INFO] - epoch: 9, loss_rrl: 107.8324023373425
2025-12-21 18:07:27,114 - [DEBUG] - y_true: (1447,) [0 0 0 0 0 1 0 0 0 0 0 0 0 0 0 0 0 1 0 0 0 0 0 0 1 0 0 0 0 0 0 0 0 0 0 0 0
 0 1 1 0]
2025-12-21 18:07:27,266 - [DEBUG] - y_rrl_: (1447,) [0 0 0 0 0 0 0 0 0 0 0 0 0 0 0 0 0 0 0 0 0 0 0 0 0 0 0 0 0 0 0 0 0 0 0 0 0
 0 0 0 0]
2025-12-21 18:07:27,267 - [DEBUG] - y_rrl: (1447, 2) [[ 2.9505148e+00 -1.9548676e+00]
 [ 8.1668532e-01  1.5046680e-01]
 [ 2.2449253e+00 -1.2248248e+00]
 [ 2.2449253e+00 -1.2248248e+00]
 [ 2.5315211e+00 -1.5873623e+00]
 [ 6.1640495e-01  3.6894253e-01]
 [ 2.9505148e+00 -1.9548676e+00]
 [ 2.2449253e+00 -1.2248248e+00]
 [ 2.9505148e+00 -1.9548676e+00]
 [ 1.6283557e+00 -5.9758323e-01]
 [ 1.0376039e+00 -8.3009303e-02]
 [ 2.0731666e+00 -1.0777562e+00]
 [ 2.2750714e+00 -1.2699451e+00]
 [ 2.2723670e+00 -1.3112060e+00]
 [ 2.6913605e+00 -1.6787112e+00]
 [ 2.6913605e+00 -1.6787112e+00]
 [ 2.2471306e+00 -1.3092715e+00]
 [ 1.4565973e+00 -4.5051447e-01]
 [ 1.6568776e+00 -6.6899014e-01]
 [ 1.6519680e+00 -6.2580442e-01]
 [ 2.9505148e+00 -1.9548676e+00]
 [ 2.6913605e+00 -1.6787112e+00]
 [ 2.9505148e+00 -1.9548676e+00]
 [ 2.2723670e+00 -1.3112060e+00]
 [ 6.1640495e-01  3.6894253e-01]
 [ 6.2131464e-01  3.2575670e-01]
 [ 1.6541734e+00 -7.1025103e-01]
 [ 2.2701616e+00 -1.2267593e+00]
 [ 2.0731666e+00 -1.0777562e+00]
 [ 2.6661241e+00 -1.6767766e+00]
 [ 2.9505148e+00 -1.9548676e+00]
 [ 2.4069698e+00 -1.4006203e+00]
 [ 1.4565973e+00 -4.5051447e-01]
 [ 1.0353985e+00  1.4373288e-03]
 [ 2.9505148e+00 -1.9548676e+00]
 [ 2.2449253e+00 -1.2248248e+00]
 [ 2.9505148e+00 -1.9548676e+00]
 [ 2.2701616e+00 -1.2267593e+00]
 [ 6.1640495e-01  3.6894253e-01]
 [ 1.5045025e+00 -4.8875126e-01]
 [ 2.2449253e+00 -1.2248248e+00]]
2025-12-21 18:07:27,269 - [INFO] - ------------------------------------------------------------
2025-12-21 18:07:27,269 - [INFO] - On Validation Set:
	Accuracy of RRL  Model: 0.8970283344851416
	F1 Score of RRL  Model: 0.6123705297828694
2025-12-21 18:07:27,275 - [INFO] - On Validation Set:
Performance of  RRL Model: 
[[1269   17]
 [ 132   29]]
              precision    recall  f1-score   support

           0       0.91      0.99      0.94      1286
           1       0.63      0.18      0.28       161

    accuracy                           0.90      1447
   macro avg       0.77      0.58      0.61      1447
weighted avg       0.88      0.90      0.87      1447

2025-12-21 18:07:27,275 - [INFO] - ------------------------------------------------------------
2025-12-21 18:07:28,011 - [INFO] - epoch: 10, loss_rrl: 107.60263287089765
2025-12-21 18:07:28,876 - [DEBUG] - y_true: (1447,) [0 0 0 0 0 1 0 0 0 0 0 0 0 0 0 0 0 1 0 0 0 0 0 0 1 0 0 0 0 0 0 0 0 0 0 0 0
 0 1 1 0]
2025-12-21 18:07:29,029 - [DEBUG] - y_rrl_: (1447,) [0 0 0 0 0 1 0 0 0 0 0 0 0 0 0 0 0 0 0 0 0 0 0 0 1 1 0 0 0 0 0 0 0 0 0 0 0
 0 1 0 0]
2025-12-21 18:07:29,030 - [DEBUG] - y_rrl: (1447, 2) [[ 2.441038   -1.4331695 ]
 [ 0.5617525   0.4009815 ]
 [ 2.1388593  -1.1372595 ]
 [ 2.1388593  -1.1372595 ]
 [ 2.441038   -1.4331695 ]
 [ 0.27187288  0.7089091 ]
 [ 2.441038   -1.4331695 ]
 [ 2.1388593  -1.1372595 ]
 [ 2.441038   -1.4331695 ]
 [ 1.4460614  -0.43387645]
 [ 0.69974035  0.25049424]
 [ 1.7894883  -0.7987649 ]
 [ 2.0381193  -1.0377141 ]
 [ 2.441038   -1.4331695 ]
 [ 2.441038   -1.4331695 ]
 [ 2.441038   -1.4331695 ]
 [ 2.1388593  -1.1372595 ]
 [ 1.0966904  -0.09538181]
 [ 2.1388593  -1.1372595 ]
 [ 1.7894883  -0.7987649 ]
 [ 2.441038   -1.4331695 ]
 [ 2.441038   -1.4331695 ]
 [ 2.441038   -1.4331695 ]
 [ 2.441038   -1.4331695 ]
 [ 0.27187288  0.7089091 ]
 [ 0.29682186  0.64594966]
 [ 1.7894883  -0.7987649 ]
 [ 2.441038   -1.4331695 ]
 [ 1.7894883  -0.7987649 ]
 [ 2.1388593  -1.1372595 ]
 [ 2.441038   -1.4331695 ]
 [ 1.7894883  -0.7987649 ]
 [ 1.0966904  -0.09538181]
 [ 1.0966904  -0.09538181]
 [ 2.441038   -1.4331695 ]
 [ 2.1388593  -1.1372595 ]
 [ 2.441038   -1.4331695 ]
 [ 2.441038   -1.4331695 ]
 [ 0.27187288  0.7089091 ]
 [ 0.9234223   0.07450451]
 [ 2.1388593  -1.1372595 ]]
2025-12-21 18:07:29,032 - [INFO] - ------------------------------------------------------------
2025-12-21 18:07:29,032 - [INFO] - On Validation Set:
	Accuracy of RRL  Model: 0.9060124395300622
	F1 Score of RRL  Model: 0.7471189925469031
2025-12-21 18:07:29,038 - [INFO] - On Validation Set:
Performance of  RRL Model: 
[[1229   57]
 [  79   82]]
              precision    recall  f1-score   support

           0       0.94      0.96      0.95      1286
           1       0.59      0.51      0.55       161

    accuracy                           0.91      1447
   macro avg       0.76      0.73      0.75      1447
weighted avg       0.90      0.91      0.90      1447

2025-12-21 18:07:29,038 - [INFO] - ------------------------------------------------------------
2025-12-21 18:07:29,527 - [INFO] - epoch: 11, loss_rrl: 107.62362509220839
2025-12-21 18:07:30,691 - [DEBUG] - y_true: (1447,) [0 0 0 0 0 1 0 0 0 0 0 0 0 0 0 0 0 1 0 0 0 0 0 0 1 0 0 0 0 0 0 0 0 0 0 0 0
 0 1 1 0]
2025-12-21 18:07:30,847 - [DEBUG] - y_rrl_: (1447,) [0 0 0 0 0 1 0 0 0 0 0 0 0 0 0 0 0 0 0 0 0 0 0 0 1 0 0 0 0 0 0 0 0 0 0 0 0
 0 0 0 0]
2025-12-21 18:07:30,847 - [DEBUG] - y_rrl: (1447, 2) [[ 2.7965024  -1.8103275 ]
 [ 0.6827303   0.26864567]
 [ 2.0970654  -1.0867906 ]
 [ 2.0970654  -1.0867906 ]
 [ 2.394631   -1.4591293 ]
 [ 0.36044016  0.6156719 ]
 [ 2.7965024  -1.8103275 ]
 [ 2.4978845  -1.5179455 ]
 [ 2.7965024  -1.8103275 ]
 [ 1.7541258  -0.7636932 ]
 [ 0.7612592   0.18451683]
 [ 1.9068893  -0.92093384]
 [ 2.5565498  -1.5535455 ]
 [ 2.1546783  -1.2023474 ]
 [ 2.5565498  -1.5535455 ]
 [ 2.5565498  -1.5535455 ]
 [ 2.096013   -1.1667476 ]
 [ 1.1631306  -0.16668127]
 [ 1.9068893  -0.92093384]
 [ 1.9068893  -0.92093384]
 [ 2.7965024  -1.8103275 ]
 [ 2.5565498  -1.5535455 ]
 [ 2.7965024  -1.8103275 ]
 [ 2.1546783  -1.2023474 ]
 [-0.06524616  1.0339572 ]
 [ 1.1631306  -0.16668127]
 [ 1.9068893  -0.92093384]
 [ 2.5565498  -1.5535455 ]
 [ 1.9068893  -0.92093384]
 [ 2.4978845  -1.5179455 ]
 [ 2.7965024  -1.8103275 ]
 [ 1.9068893  -0.92093384]
 [ 1.1631306  -0.16668127]
 [ 1.1631306  -0.16668127]
 [ 2.7965024  -1.8103275 ]
 [ 2.4978845  -1.5179455 ]
 [ 2.7965024  -1.8103275 ]
 [ 2.5565498  -1.5535455 ]
 [ 0.71148264  0.2754421 ]
 [ 1.0101006  -0.01693983]
 [ 2.4978845  -1.5179455 ]]
2025-12-21 18:07:30,849 - [INFO] - ------------------------------------------------------------
2025-12-21 18:07:30,849 - [INFO] - On Validation Set:
	Accuracy of RRL  Model: 0.9060124395300622
	F1 Score of RRL  Model: 0.7294017996611886
2025-12-21 18:07:30,855 - [INFO] - On Validation Set:
Performance of  RRL Model: 
[[1240   46]
 [  90   71]]
              precision    recall  f1-score   support

           0       0.93      0.96      0.95      1286
           1       0.61      0.44      0.51       161

    accuracy                           0.91      1447
   macro avg       0.77      0.70      0.73      1447
weighted avg       0.90      0.91      0.90      1447

2025-12-21 18:07:30,855 - [INFO] - ------------------------------------------------------------
2025-12-21 18:07:31,131 - [INFO] - epoch: 12, loss_rrl: 107.11911574564874
2025-12-21 18:07:32,420 - [DEBUG] - y_true: (1447,) [0 0 0 0 0 1 0 0 0 0 0 0 0 0 0 0 0 1 0 0 0 0 0 0 1 0 0 0 0 0 0 0 0 0 0 0 0
 0 1 1 0]
2025-12-21 18:07:32,572 - [DEBUG] - y_rrl_: (1447,) [0 0 0 0 0 1 0 0 0 0 0 0 0 0 0 0 0 0 0 0 0 0 0 0 1 0 0 0 0 0 0 0 0 0 0 0 0
 0 1 0 0]
2025-12-21 18:07:32,572 - [DEBUG] - y_rrl: (1447, 2) [[ 2.5565598  -1.558502  ]
 [ 0.5858249   0.36097056]
 [ 2.101988   -1.0967536 ]
 [ 2.101988   -1.0967536 ]
 [ 2.1384     -1.1906257 ]
 [ 0.31538987  0.6559507 ]
 [ 2.5565598  -1.558502  ]
 [ 2.4935532  -1.5184383 ]
 [ 2.7897308  -1.8084121 ]
 [ 1.7198137  -0.73430043]
 [ 0.70695496  0.23426604]
 [ 1.8988544  -0.9177481 ]
 [ 2.5565598  -1.558502  ]
 [ 2.1384     -1.1906257 ]
 [ 2.5565598  -1.558502  ]
 [ 2.5565598  -1.558502  ]
 [ 2.0753934  -1.150562  ]
 [ 1.125115   -0.13361022]
 [ 1.8988544  -0.9177481 ]
 [ 1.8988544  -0.9177481 ]
 [ 2.5565598  -1.558502  ]
 [ 2.5565598  -1.558502  ]
 [ 2.5565598  -1.558502  ]
 [ 2.1384     -1.1906257 ]
 [ 0.31538987  0.6559507 ]
 [ 0.70695496  0.23426604]
 [ 1.4870677  -0.4826501 ]
 [ 2.5565598  -1.558502  ]
 [ 1.8988544  -0.9177481 ]
 [ 2.4935532  -1.5184383 ]
 [ 2.5565598  -1.558502  ]
 [ 1.8988544  -0.9177481 ]
 [ 1.125115   -0.13361022]
 [ 1.125115   -0.13361022]
 [ 2.5565598  -1.558502  ]
 [ 2.4935532  -1.5184383 ]
 [ 2.5565598  -1.558502  ]
 [ 2.5565598  -1.558502  ]
 [ 0.31538987  0.6559507 ]
 [ 0.97309524  0.01519703]
 [ 2.4935532  -1.5184383 ]]
2025-12-21 18:07:32,574 - [INFO] - ------------------------------------------------------------
2025-12-21 18:07:32,574 - [INFO] - On Validation Set:
	Accuracy of RRL  Model: 0.9060124395300622
	F1 Score of RRL  Model: 0.7529253422524884
2025-12-21 18:07:32,580 - [INFO] - On Validation Set:
Performance of  RRL Model: 
[[1225   61]
 [  75   86]]
              precision    recall  f1-score   support

           0       0.94      0.95      0.95      1286
           1       0.59      0.53      0.56       161

    accuracy                           0.91      1447
   macro avg       0.76      0.74      0.75      1447
weighted avg       0.90      0.91      0.90      1447

2025-12-21 18:07:32,580 - [INFO] - ------------------------------------------------------------
2025-12-21 18:07:32,640 - [INFO] - epoch: 13, loss_rrl: 105.68367780186236
2025-12-21 18:07:33,954 - [INFO] - epoch: 14, loss_rrl: 105.83593195304275
2025-12-21 18:07:34,125 - [DEBUG] - y_true: (1447,) [0 0 0 0 0 1 0 0 0 0 0 0 0 0 0 0 0 1 0 0 0 0 0 0 1 0 0 0 0 0 0 0 0 0 0 0 0
 0 1 1 0]
2025-12-21 18:07:34,277 - [DEBUG] - y_rrl_: (1447,) [0 1 0 0 0 1 0 0 0 0 0 0 0 0 0 0 0 0 0 0 0 0 0 0 1 0 0 0 0 0 0 0 0 0 0 0 0
 0 0 0 0]
2025-12-21 18:07:34,278 - [DEBUG] - y_rrl: (1447, 2) [[ 2.744414   -1.7680126 ]
 [ 0.02437794  1.0114349 ]
 [ 2.1153502  -1.0286282 ]
 [ 2.1153502  -1.0286282 ]
 [ 2.744414   -1.7680126 ]
 [ 0.1701396   0.8601257 ]
 [ 2.744414   -1.7680126 ]
 [ 2.1153502  -1.0286282 ]
 [ 2.744414   -1.7680126 ]
 [ 1.2943269  -0.19730632]
 [ 1.0377034  -0.05120824]
 [ 1.8587269  -0.8825301 ]
 [ 2.2442868  -1.257408  ]
 [ 2.1917467  -1.1410961 ]
 [ 2.2442868  -1.257408  ]
 [ 2.2442868  -1.257408  ]
 [ 2.5506032  -1.5575536 ]
 [ 0.9851635   0.06510362]
 [ 1.8061869  -0.76621825]
 [ 1.4234742  -0.3536047 ]
 [ 2.498063   -1.4412419 ]
 [ 2.2442868  -1.257408  ]
 [ 2.5506032  -1.5575536 ]
 [ 2.1917467  -1.1410961 ]
 [ 0.1701396   0.8601257 ]
 [ 0.60539234  0.33120033]
 [ 1.8587269  -0.8825301 ]
 [ 1.8090341  -0.7284825 ]
 [ 1.8587269  -0.8825301 ]
 [ 2.5506032  -1.5575536 ]
 [ 2.691874   -1.6517009 ]
 [ 2.1917467  -1.1410961 ]
 [ 1.0377034  -0.05120824]
 [ 0.6024508   0.47771713]
 [ 2.744414   -1.7680126 ]
 [ 2.1153502  -1.0286282 ]
 [ 2.5506032  -1.5575536 ]
 [ 1.8090341  -0.7284825 ]
 [ 0.5556995   0.485248  ]
 [ 0.60823953  0.3689362 ]
 [ 2.1153502  -1.0286282 ]]
2025-12-21 18:07:34,280 - [INFO] - ------------------------------------------------------------
2025-12-21 18:07:34,280 - [INFO] - On Validation Set:
	Accuracy of RRL  Model: 0.9011748445058743
	F1 Score of RRL  Model: 0.7301165376513783
2025-12-21 18:07:34,286 - [INFO] - On Validation Set:
Performance of  RRL Model: 
[[1228   58]
 [  85   76]]
              precision    recall  f1-score   support

           0       0.94      0.95      0.94      1286
           1       0.57      0.47      0.52       161

    accuracy                           0.90      1447
   macro avg       0.75      0.71      0.73      1447
weighted avg       0.89      0.90      0.90      1447

2025-12-21 18:07:34,286 - [INFO] - ------------------------------------------------------------
2025-12-21 18:07:35,495 - [INFO] - epoch: 15, loss_rrl: 104.99337529018521
2025-12-21 18:07:35,881 - [DEBUG] - y_true: (1447,) [0 0 0 0 0 1 0 0 0 0 0 0 0 0 0 0 0 1 0 0 0 0 0 0 1 0 0 0 0 0 0 0 0 0 0 0 0
 0 1 1 0]
2025-12-21 18:07:36,033 - [DEBUG] - y_rrl_: (1447,) [0 0 0 0 0 1 0 0 0 0 0 0 0 0 0 0 0 0 0 0 0 0 0 0 0 0 0 0 0 0 0 0 0 0 0 0 0
 0 0 0 0]
2025-12-21 18:07:36,034 - [DEBUG] - y_rrl: (1447, 2) [[ 3.0904834  -2.119024  ]
 [ 0.93849766 -0.01760149]
 [ 2.225357   -1.2137965 ]
 [ 2.225357   -1.2137965 ]
 [ 3.0904834  -2.119024  ]
 [-0.02588575  0.98028886]
 [ 3.0904834  -2.119024  ]
 [ 2.6132607  -1.6313813 ]
 [ 3.0904834  -2.119024  ]
 [ 1.7400496  -0.7479753 ]
 [ 1.3411889  -0.35973075]
 [ 2.3821924  -1.4274855 ]
 [ 2.5613298  -1.5970807 ]
 [ 2.922691   -1.9346752 ]
 [ 3.0904834  -2.119024  ]
 [ 2.922691   -1.9346752 ]
 [ 2.6132607  -1.6313813 ]
 [ 1.3411889  -0.35973075]
 [ 1.6852465  -0.7211935 ]
 [ 2.6132607  -1.6313813 ]
 [ 3.0904834  -2.119024  ]
 [ 2.922691   -1.9346752 ]
 [ 3.0904834  -2.119024  ]
 [ 3.0904834  -2.119024  ]
 [ 0.67106     0.27399668]
 [ 0.9798277  -0.0221363 ]
 [ 1.7498765  -0.75568753]
 [ 3.0904834  -2.119024  ]
 [ 2.2144     -1.2431366 ]
 [ 2.7810528  -1.8157301 ]
 [ 3.0904834  -2.119024  ]
 [ 2.6132607  -1.6313813 ]
 [ 1.3411889  -0.35973075]
 [ 1.3411889  -0.35973075]
 [ 3.0904834  -2.119024  ]
 [ 2.7810528  -1.8157301 ]
 [ 3.0904834  -2.119024  ]
 [ 3.0904834  -2.119024  ]
 [ 0.9021284   0.07010096]
 [ 1.2115589  -0.23319304]
 [ 2.6132607  -1.6313813 ]]
2025-12-21 18:07:36,036 - [INFO] - ------------------------------------------------------------
2025-12-21 18:07:36,036 - [INFO] - On Validation Set:
	Accuracy of RRL  Model: 0.9080856945404284
	F1 Score of RRL  Model: 0.6990004269808078
2025-12-21 18:07:36,042 - [INFO] - On Validation Set:
Performance of  RRL Model: 
[[1260   26]
 [ 107   54]]
              precision    recall  f1-score   support

           0       0.92      0.98      0.95      1286
           1       0.68      0.34      0.45       161

    accuracy                           0.91      1447
   macro avg       0.80      0.66      0.70      1447
weighted avg       0.89      0.91      0.89      1447

2025-12-21 18:07:36,042 - [INFO] - ------------------------------------------------------------
2025-12-21 18:07:36,989 - [INFO] - epoch: 16, loss_rrl: 106.54941619187593
2025-12-21 18:07:37,945 - [DEBUG] - y_true: (1447,) [0 0 0 0 0 1 0 0 0 0 0 0 0 0 0 0 0 1 0 0 0 0 0 0 1 0 0 0 0 0 0 0 0 0 0 0 0
 0 1 1 0]
2025-12-21 18:07:38,098 - [DEBUG] - y_rrl_: (1447,) [0 1 0 0 0 1 0 0 0 0 0 0 0 0 0 0 0 0 0 0 0 0 0 0 1 0 0 0 0 0 0 0 0 0 0 0 0
 0 1 0 0]
2025-12-21 18:07:38,099 - [DEBUG] - y_rrl: (1447, 2) [[ 2.8837252  -1.889811  ]
 [ 0.21732418  0.6978387 ]
 [ 1.9271684  -0.9404245 ]
 [ 2.0775607  -1.1182777 ]
 [ 2.8837252  -1.889811  ]
 [ 0.17417453  0.7629573 ]
 [ 3.0341177  -2.0676641 ]
 [ 2.0775607  -1.1182777 ]
 [ 3.0341177  -2.0676641 ]
 [ 1.2037181  -0.23434685]
 [ 1.1127967  -0.10898085]
 [ 2.1370318  -1.1707649 ]
 [ 2.3678358  -1.3920625 ]
 [ 2.6169338  -1.6535445 ]
 [ 2.8754952  -1.892576  ]
 [ 2.7251027  -1.7147229 ]
 [ 2.41441    -1.410133  ]
 [ 1.1550204  -0.22565569]
 [ 1.3708112  -0.43121994]
 [ 1.6497899  -0.7010564 ]
 [ 2.9259486  -2.006486  ]
 [ 2.7251027  -1.7147229 ]
 [ 2.8837252  -1.889811  ]
 [ 2.6169338  -1.6535445 ]
 [ 0.17417453  0.7629573 ]
 [ 0.7555299   0.21367942]
 [ 1.6636057  -0.6746127 ]
 [ 2.388253   -1.4228677 ]
 [ 2.1370318  -1.1707649 ]
 [ 2.5648026  -1.5879862 ]
 [ 2.9259486  -2.006486  ]
 [ 2.4566338  -1.5268079 ]
 [ 1.1127967  -0.10898085]
 [ 0.6255546   0.36072755]
 [ 3.0341177  -2.0676641 ]
 [ 2.0775607  -1.1182777 ]
 [ 2.8837252  -1.889811  ]
 [ 2.2378607  -1.2450144 ]
 [ 0.32456705  0.58510405]
 [ 1.4212233  -0.40781084]
 [ 1.9271684  -0.9404245 ]]
2025-12-21 18:07:38,101 - [INFO] - ------------------------------------------------------------
2025-12-21 18:07:38,101 - [INFO] - On Validation Set:
	Accuracy of RRL  Model: 0.9067035245335177
	F1 Score of RRL  Model: 0.73891653268004
2025-12-21 18:07:38,107 - [INFO] - On Validation Set:
Performance of  RRL Model: 
[[1236   50]
 [  85   76]]
              precision    recall  f1-score   support

           0       0.94      0.96      0.95      1286
           1       0.60      0.47      0.53       161

    accuracy                           0.91      1447
   macro avg       0.77      0.72      0.74      1447
weighted avg       0.90      0.91      0.90      1447

2025-12-21 18:07:38,107 - [INFO] - ------------------------------------------------------------
2025-12-21 18:07:38,885 - [INFO] - epoch: 17, loss_rrl: 107.37948660738766
2025-12-21 18:07:39,762 - [DEBUG] - y_true: (1447,) [0 0 0 0 0 1 0 0 0 0 0 0 0 0 0 0 0 1 0 0 0 0 0 0 1 0 0 0 0 0 0 0 0 0 0 0 0
 0 1 1 0]
2025-12-21 18:07:39,915 - [DEBUG] - y_rrl_: (1447,) [0 1 0 0 0 1 0 0 0 0 0 0 0 0 0 0 0 0 0 0 0 0 0 0 1 0 0 0 0 0 0 0 0 0 0 0 0
 0 1 0 0]
2025-12-21 18:07:39,916 - [DEBUG] - y_rrl: (1447, 2) [[ 3.018129   -2.0403783 ]
 [ 0.37083828  0.5395334 ]
 [ 2.2620068  -1.307824  ]
 [ 2.2620068  -1.307824  ]
 [ 3.018129   -2.0403783 ]
 [ 0.40629238  0.49861586]
 [ 3.018129   -2.0403783 ]
 [ 2.2620068  -1.307824  ]
 [ 3.018129   -2.0403783 ]
 [ 1.3421489  -0.377986  ]
 [ 0.86377853  0.05862986]
 [ 2.260365   -1.2991654 ]
 [ 2.5487218  -1.578051  ]
 [ 2.9194603  -1.9884368 ]
 [ 3.018129   -2.0403783 ]
 [ 3.018129   -2.0403783 ]
 [ 2.719493   -1.74781   ]
 [ 1.2418381  -0.31738573]
 [ 2.450053   -1.5261093 ]
 [ 1.802879   -0.85917926]
 [ 2.9194603  -1.9884368 ]
 [ 3.018129   -2.0403783 ]
 [ 3.018129   -2.0403783 ]
 [ 2.9194603  -1.9884368 ]
 [ 0.40629238  0.49861586]
 [ 0.87109977  0.09300016]
 [ 2.260365   -1.2991654 ]
 [ 2.5606432  -1.6003923 ]
 [ 2.260365   -1.2991654 ]
 [ 2.719493   -1.74781   ]
 [ 2.9194603  -1.9884368 ]
 [ 2.6208239  -1.6958686 ]
 [ 1.3405071  -0.3693273 ]
 [ 0.88302124  0.07065873]
 [ 3.018129   -2.0403783 ]
 [ 2.2620068  -1.307824  ]
 [ 3.018129   -2.0403783 ]
 [ 2.5606432  -1.6003923 ]
 [ 0.40629238  0.49861586]
 [ 1.2627255  -0.29453874]
 [ 2.2620068  -1.307824  ]]
2025-12-21 18:07:39,918 - [INFO] - ------------------------------------------------------------
2025-12-21 18:07:39,918 - [INFO] - On Validation Set:
	Accuracy of RRL  Model: 0.9011748445058743
	F1 Score of RRL  Model: 0.6787903625155816
2025-12-21 18:07:39,924 - [INFO] - On Validation Set:
Performance of  RRL Model: 
[[1254   32]
 [ 111   50]]
              precision    recall  f1-score   support

           0       0.92      0.98      0.95      1286
           1       0.61      0.31      0.41       161

    accuracy                           0.90      1447
   macro avg       0.76      0.64      0.68      1447
weighted avg       0.88      0.90      0.89      1447

2025-12-21 18:07:39,924 - [INFO] - ------------------------------------------------------------
2025-12-21 18:07:40,462 - [INFO] - epoch: 18, loss_rrl: 106.70648716017604
2025-12-21 18:07:41,489 - [DEBUG] - y_true: (1447,) [0 0 0 0 0 1 0 0 0 0 0 0 0 0 0 0 0 1 0 0 0 0 0 0 1 0 0 0 0 0 0 0 0 0 0 0 0
 0 1 1 0]
2025-12-21 18:07:41,641 - [DEBUG] - y_rrl_: (1447,) [0 1 0 0 0 1 0 0 0 0 0 0 0 0 0 0 0 0 0 0 0 0 0 0 1 0 0 0 0 0 0 0 0 0 0 0 0
 0 1 0 0]
2025-12-21 18:07:41,641 - [DEBUG] - y_rrl: (1447, 2) [[ 2.8305767  -1.8670233 ]
 [ 0.3984991   0.53718024]
 [ 2.339596   -1.3307621 ]
 [ 2.4307914  -1.4292921 ]
 [ 2.8305767  -1.8670233 ]
 [ 0.18723899  0.7666281 ]
 [ 2.921772   -1.9655533 ]
 [ 2.4307914  -1.4292921 ]
 [ 2.921772   -1.9655533 ]
 [ 1.527498   -0.5161249 ]
 [ 1.0073309  -0.03406684]
 [ 2.151981   -1.2122093 ]
 [ 2.4552228  -1.5060194 ]
 [ 2.6804154  -1.700578  ]
 [ 2.921772   -1.9655533 ]
 [ 2.6804154  -1.700578  ]
 [ 2.6804154  -1.700578  ]
 [ 1.0985264  -0.13259672]
 [ 2.398522   -1.4247159 ]
 [ 1.9428936  -0.9518103 ]
 [ 2.771611   -1.7991079 ]
 [ 2.6804154  -1.700578  ]
 [ 2.6804154  -1.700578  ]
 [ 2.8305767  -1.8670233 ]
 [ 0.3374003   0.6001826 ]
 [ 0.78213835  0.16049175]
 [ 2.0018196  -1.0457639 ]
 [ 2.5809526  -1.5957375 ]
 [ 2.2837133  -1.321626  ]
 [ 2.921772   -1.9655533 ]
 [ 2.921772   -1.9655533 ]
 [ 2.4897172  -1.5232457 ]
 [ 1.0073309  -0.03406684]
 [ 0.6665114   0.3357489 ]
 [ 2.921772   -1.9655533 ]
 [ 2.5809526  -1.5957375 ]
 [ 2.8305767  -1.8670233 ]
 [ 2.489757   -1.4972075 ]
 [ 0.27843443  0.6680983 ]
 [ 0.95703006  0.01328425]
 [ 2.339596   -1.3307621 ]]
2025-12-21 18:07:41,643 - [INFO] - ------------------------------------------------------------
2025-12-21 18:07:41,643 - [INFO] - On Validation Set:
	Accuracy of RRL  Model: 0.9067035245335177
	F1 Score of RRL  Model: 0.7251886167355764
2025-12-21 18:07:41,649 - [INFO] - On Validation Set:
Performance of  RRL Model: 
[[1244   42]
 [  93   68]]
              precision    recall  f1-score   support

           0       0.93      0.97      0.95      1286
           1       0.62      0.42      0.50       161

    accuracy                           0.91      1447
   macro avg       0.77      0.69      0.73      1447
weighted avg       0.90      0.91      0.90      1447

2025-12-21 18:07:41,649 - [INFO] - ------------------------------------------------------------
2025-12-21 18:07:41,949 - [INFO] - epoch: 19, loss_rrl: 106.42342414706945
2025-12-21 18:07:43,179 - [DEBUG] - y_true: (1447,) [0 0 0 0 0 1 0 0 0 0 0 0 0 0 0 0 0 1 0 0 0 0 0 0 1 0 0 0 0 0 0 0 0 0 0 0 0
 0 1 1 0]
2025-12-21 18:07:43,335 - [DEBUG] - y_rrl_: (1447,) [0 0 0 0 0 1 0 0 0 0 0 0 0 0 0 0 0 0 0 0 0 0 0 0 1 0 0 0 0 0 0 0 0 0 0 0 0
 0 1 0 0]
2025-12-21 18:07:43,335 - [DEBUG] - y_rrl: (1447, 2) [[ 2.8350823  -1.8679277 ]
 [ 1.0136833  -0.08148226]
 [ 2.3709366  -1.3677316 ]
 [ 2.3709366  -1.3677316 ]
 [ 2.8350823  -1.8679277 ]
 [ 0.20405182  0.74456763]
 [ 2.8350823  -1.8679277 ]
 [ 2.7267463  -1.7523044 ]
 [ 2.8350823  -1.8679277 ]
 [ 1.8174968  -0.83328617]
 [ 0.6681972   0.24437156]
 [ 2.0479128  -1.0970997 ]
 [ 2.55679    -1.59563   ]
 [ 2.4484541  -1.4800069 ]
 [ 2.1013627  -1.1180886 ]
 [ 2.55679    -1.59563   ]
 [ 2.8350823  -1.8679277 ]
 [ 1.0303277  -0.06245823]
 [ 1.9400522  -0.9785547 ]
 [ 1.939577   -0.98147655]
 [ 2.7267463  -1.7523044 ]
 [ 2.55679    -1.59563   ]
 [ 2.8350823  -1.8679277 ]
 [ 2.4484541  -1.4800069 ]
 [ 0.20405182  0.74456763]
 [ 1.1386635  -0.17808133]
 [ 1.5924855  -0.6195582 ]
 [ 2.4484541  -1.4800069 ]
 [ 2.0479128  -1.0970997 ]
 [ 2.8350823  -1.8679277 ]
 [ 2.7267463  -1.7523044 ]
 [ 1.939577   -0.98147655]
 [ 1.1386635  -0.17808133]
 [ 1.0303277  -0.06245823]
 [ 2.8350823  -1.8679277 ]
 [ 2.7267463  -1.7523044 ]
 [ 2.8350823  -1.8679277 ]
 [ 2.4484541  -1.4800069 ]
 [ 0.20405182  0.74456763]
 [ 0.82126474  0.13041422]
 [ 2.7267463  -1.7523044 ]]
2025-12-21 18:07:43,337 - [INFO] - ------------------------------------------------------------
2025-12-21 18:07:43,337 - [INFO] - On Validation Set:
	Accuracy of RRL  Model: 0.907394609536973
	F1 Score of RRL  Model: 0.7493588484090133
2025-12-21 18:07:43,343 - [INFO] - On Validation Set:
Performance of  RRL Model: 
[[1231   55]
 [  79   82]]
              precision    recall  f1-score   support

           0       0.94      0.96      0.95      1286
           1       0.60      0.51      0.55       161

    accuracy                           0.91      1447
   macro avg       0.77      0.73      0.75      1447
weighted avg       0.90      0.91      0.90      1447

2025-12-21 18:07:43,344 - [INFO] - ------------------------------------------------------------
2025-12-21 18:07:43,437 - [INFO] - epoch: 20, loss_rrl: 105.89323121123016
2025-12-21 18:07:44,759 - [INFO] - epoch: 21, loss_rrl: 105.83245759271085
2025-12-21 18:07:44,899 - [DEBUG] - y_true: (1447,) [0 0 0 0 0 1 0 0 0 0 0 0 0 0 0 0 0 1 0 0 0 0 0 0 1 0 0 0 0 0 0 0 0 0 0 0 0
 0 1 1 0]
2025-12-21 18:07:45,052 - [DEBUG] - y_rrl_: (1447,) [0 0 0 0 0 1 0 0 0 0 0 0 0 0 0 0 0 0 0 0 0 0 0 0 1 0 0 0 0 0 0 0 0 0 0 0 0
 0 0 0 0]
2025-12-21 18:07:45,052 - [DEBUG] - y_rrl: (1447, 2) [[ 2.916642   -1.9548842 ]
 [ 0.49776626  0.4223807 ]
 [ 2.1648982  -1.1733326 ]
 [ 2.1648982  -1.1733326 ]
 [ 2.916642   -1.9548842 ]
 [ 0.20613758  0.7371803 ]
 [ 2.916642   -1.9548842 ]
 [ 2.5288453  -1.56581   ]
 [ 2.916642   -1.9548842 ]
 [ 2.048386   -1.0975926 ]
 [ 1.6180261  -0.68474436]
 [ 2.0984852  -1.1529619 ]
 [ 2.6323218  -1.6765213 ]
 [ 2.5288453  -1.56581   ]
 [ 2.6323218  -1.6765213 ]
 [ 2.6323218  -1.6765213 ]
 [ 2.6323218  -1.6765213 ]
 [ 1.5145496  -0.57403314]
 [ 1.9950087  -1.0422506 ]
 [ 1.9950087  -1.0422506 ]
 [ 2.8131654  -1.8441728 ]
 [ 2.6323218  -1.6765213 ]
 [ 2.916642   -1.9548842 ]
 [ 2.5288453  -1.56581   ]
 [ 0.20613758  0.7371803 ]
 [ 1.1437495  -0.18856362]
 [ 1.6242087  -0.6567811 ]
 [ 2.5288453  -1.56581   ]
 [ 2.0984852  -1.1529619 ]
 [ 2.6323218  -1.6765213 ]
 [ 2.8131654  -1.8441728 ]
 [ 2.5288453  -1.56581   ]
 [ 1.6180261  -0.68474436]
 [ 1.5145496  -0.57403314]
 [ 2.916642   -1.9548842 ]
 [ 2.5288453  -1.56581   ]
 [ 2.916642   -1.9548842 ]
 [ 2.5288453  -1.56581   ]
 [ 0.73997414  0.21362078]
 [ 0.84345067  0.1029095 ]
 [ 2.5288453  -1.56581   ]]
2025-12-21 18:07:45,054 - [INFO] - ------------------------------------------------------------
2025-12-21 18:07:45,054 - [INFO] - On Validation Set:
	Accuracy of RRL  Model: 0.9087767795438839
	F1 Score of RRL  Model: 0.728598060724557
2025-12-21 18:07:45,060 - [INFO] - On Validation Set:
Performance of  RRL Model: 
[[1247   39]
 [  93   68]]
              precision    recall  f1-score   support

           0       0.93      0.97      0.95      1286
           1       0.64      0.42      0.51       161

    accuracy                           0.91      1447
   macro avg       0.78      0.70      0.73      1447
weighted avg       0.90      0.91      0.90      1447

2025-12-21 18:07:45,060 - [INFO] - ------------------------------------------------------------
2025-12-21 18:07:46,244 - [INFO] - epoch: 22, loss_rrl: 106.95329944603145
2025-12-21 18:07:46,599 - [DEBUG] - y_true: (1447,) [0 0 0 0 0 1 0 0 0 0 0 0 0 0 0 0 0 1 0 0 0 0 0 0 1 0 0 0 0 0 0 0 0 0 0 0 0
 0 1 1 0]
2025-12-21 18:07:46,751 - [DEBUG] - y_rrl_: (1447,) [0 0 0 0 0 1 0 0 0 0 0 0 0 0 0 0 0 0 0 0 0 0 0 0 1 0 0 0 0 0 0 0 0 0 0 0 0
 0 1 0 0]
2025-12-21 18:07:46,751 - [DEBUG] - y_rrl: (1447, 2) [[ 3.1322393  -2.184721  ]
 [ 0.72738683  0.18763751]
 [ 2.2907305  -1.2663537 ]
 [ 2.3375669  -1.3516645 ]
 [ 3.085403   -2.09941   ]
 [ 0.32014966  0.65632474]
 [ 3.2691493  -2.3288093 ]
 [ 2.7190998  -1.7614954 ]
 [ 3.2691493  -2.3288093 ]
 [ 1.7685909  -0.80142736]
 [ 1.2270421  -0.27008617]
 [ 2.2676244  -1.2889316 ]
 [ 2.2597609  -1.277675  ]
 [ 2.6722634  -1.6761844 ]
 [ 2.85601    -1.9055839 ]
 [ 2.7190998  -1.7614954 ]
 [ 2.7190998  -1.7614954 ]
 [ 1.2270421  -0.27008617]
 [ 1.6281387  -0.68755615]
 [ 2.1775508  -1.230154  ]
 [ 3.1322393  -2.184721  ]
 [ 2.6722634  -1.6761844 ]
 [ 3.085403   -2.09941   ]
 [ 2.7190998  -1.7614954 ]
 [ 0.32014966  0.65632474]
 [ 0.7677033   0.21373418]
 [ 1.8922323  -0.9303181 ]
 [ 2.7190998  -1.7614954 ]
 [ 2.2676244  -1.2889316 ]
 [ 2.85601    -1.9055839 ]
 [ 3.1322393  -2.184721  ]
 [ 2.1307144  -1.1448431 ]
 [ 1.2270421  -0.27008617]
 [ 1.1802056  -0.1847752 ]
 [ 3.222313   -2.2434983 ]
 [ 2.7190998  -1.7614954 ]
 [ 3.085403   -2.09941   ]
 [ 2.7190998  -1.7614954 ]
 [ 0.3669861   0.5710138 ]
 [ 0.9085351   0.03967262]
 [ 2.7190998  -1.7614954 ]]
2025-12-21 18:07:46,753 - [INFO] - ------------------------------------------------------------
2025-12-21 18:07:46,753 - [INFO] - On Validation Set:
	Accuracy of RRL  Model: 0.9129232895646164
	F1 Score of RRL  Model: 0.7540310830500243
2025-12-21 18:07:46,759 - [INFO] - On Validation Set:
Performance of  RRL Model: 
[[1242   44]
 [  82   79]]
              precision    recall  f1-score   support

           0       0.94      0.97      0.95      1286
           1       0.64      0.49      0.56       161

    accuracy                           0.91      1447
   macro avg       0.79      0.73      0.75      1447
weighted avg       0.91      0.91      0.91      1447

2025-12-21 18:07:46,760 - [INFO] - ------------------------------------------------------------
2025-12-21 18:07:47,759 - [INFO] - epoch: 23, loss_rrl: 106.77246781438589
2025-12-21 18:07:48,347 - [DEBUG] - y_true: (1447,) [0 0 0 0 0 1 0 0 0 0 0 0 0 0 0 0 0 1 0 0 0 0 0 0 1 0 0 0 0 0 0 0 0 0 0 0 0
 0 1 1 0]
2025-12-21 18:07:48,497 - [DEBUG] - y_rrl_: (1447,) [0 0 0 0 0 1 0 0 0 0 0 0 0 0 0 0 0 0 0 0 0 0 0 0 1 0 0 0 0 0 0 0 0 0 0 0 0
 0 0 0 0]
2025-12-21 18:07:48,498 - [DEBUG] - y_rrl: (1447, 2) [[ 3.0939841  -2.1518419 ]
 [ 0.86179197  0.03219584]
 [ 2.3125808  -1.332341  ]
 [ 2.3125808  -1.332341  ]
 [ 3.0939841  -2.1518419 ]
 [ 0.32160422  0.61108017]
 [ 3.2714977  -2.336474  ]
 [ 2.6890202  -1.7368485 ]
 [ 3.2714977  -2.336474  ]
 [ 1.750022   -0.788391  ]
 [ 1.1945599  -0.24306552]
 [ 2.4442165  -1.5252118 ]
 [ 2.9996786  -2.0705373 ]
 [ 2.6890202  -1.7368485 ]
 [ 2.9996786  -2.0705373 ]
 [ 2.6890202  -1.7368485 ]
 [ 2.6890202  -1.7368485 ]
 [ 1.1945599  -0.24306552]
 [ 1.598473   -0.6631843 ]
 [ 2.133558   -1.191523  ]
 [ 3.0939841  -2.1518419 ]
 [ 2.6890202  -1.7368485 ]
 [ 3.0939841  -2.1518419 ]
 [ 2.822165   -1.8859055 ]
 [ 0.45474902  0.46202326]
 [ 1.5052184  -0.57675433]
 [ 1.9377621  -0.98135597]
 [ 2.822165   -1.8859055 ]
 [ 2.3110716  -1.3761549 ]
 [ 2.9996786  -2.0705373 ]
 [ 3.0939841  -2.1518419 ]
 [ 2.6890202  -1.7368485 ]
 [ 1.1945599  -0.24306552]
 [ 1.1945599  -0.24306552]
 [ 3.2714977  -2.336474  ]
 [ 2.822165   -1.8859055 ]
 [ 3.0939841  -2.1518419 ]
 [ 2.822165   -1.8859055 ]
 [ 0.8770664   0.06575466]
 [ 1.2503756  -0.32904434]
 [ 2.6890202  -1.7368485 ]]
2025-12-21 18:07:48,500 - [INFO] - ------------------------------------------------------------
2025-12-21 18:07:48,500 - [INFO] - On Validation Set:
	Accuracy of RRL  Model: 0.907394609536973
	F1 Score of RRL  Model: 0.7023401616191388
2025-12-21 18:07:48,506 - [INFO] - On Validation Set:
Performance of  RRL Model: 
[[1257   29]
 [ 105   56]]
              precision    recall  f1-score   support

           0       0.92      0.98      0.95      1286
           1       0.66      0.35      0.46       161

    accuracy                           0.91      1447
   macro avg       0.79      0.66      0.70      1447
weighted avg       0.89      0.91      0.89      1447

2025-12-21 18:07:48,506 - [INFO] - ------------------------------------------------------------
2025-12-21 18:07:49,300 - [INFO] - epoch: 24, loss_rrl: 105.80014913342893
2025-12-21 18:07:50,090 - [DEBUG] - y_true: (1447,) [0 0 0 0 0 1 0 0 0 0 0 0 0 0 0 0 0 1 0 0 0 0 0 0 1 0 0 0 0 0 0 0 0 0 0 0 0
 0 1 1 0]
2025-12-21 18:07:50,241 - [DEBUG] - y_rrl_: (1447,) [0 1 0 0 0 1 0 0 0 0 0 0 0 0 0 0 0 0 0 0 0 0 0 0 1 0 0 0 0 0 0 0 0 0 0 0 0
 0 1 0 0]
2025-12-21 18:07:50,241 - [DEBUG] - y_rrl: (1447, 2) [[ 3.0922136  -2.1466718 ]
 [-0.28988594  1.2105904 ]
 [ 2.268657   -1.2940636 ]
 [ 2.268657   -1.2940636 ]
 [ 3.0922136  -2.1466718 ]
 [ 0.2215465   0.7058368 ]
 [ 3.0922136  -2.1466718 ]
 [ 2.268657   -1.2940636 ]
 [ 3.0922136  -2.1466718 ]
 [ 1.317809   -0.33385375]
 [ 0.7807809   0.11170565]
 [ 2.2479608  -1.3183303 ]
 [ 2.5807812  -1.6419183 ]
 [ 2.8971007  -1.9445022 ]
 [ 3.0922136  -2.1466718 ]
 [ 3.0922136  -2.1466718 ]
 [ 2.8278913  -1.8881947 ]
 [ 1.1019996  -0.15595065]
 [ 2.8971007  -1.9445022 ]
 [ 1.6887265  -0.72419906]
 [ 2.8971007  -1.9445022 ]
 [ 3.0922136  -2.1466718 ]
 [ 3.0922136  -2.1466718 ]
 [ 2.8971007  -1.9445022 ]
 [ 0.2215465   0.7058368 ]
 [ 0.78568053  0.14663328]
 [ 2.2479608  -1.3183303 ]
 [ 2.5329797  -1.5525409 ]
 [ 2.2479608  -1.3183303 ]
 [ 2.8278913  -1.8881947 ]
 [ 2.8971007  -1.9445022 ]
 [ 2.0528476  -1.1161603 ]
 [ 1.297113   -0.35812044]
 [ 0.7378787   0.23601066]
 [ 3.0922136  -2.1466718 ]
 [ 2.268657   -1.2940636 ]
 [ 3.0922136  -2.1466718 ]
 [ 2.5329797  -1.5525409 ]
 [ 0.2215465   0.7058368 ]
 [ 1.3962778  -0.47426775]
 [ 2.268657   -1.2940636 ]]
2025-12-21 18:07:50,243 - [INFO] - ------------------------------------------------------------
2025-12-21 18:07:50,243 - [INFO] - On Validation Set:
	Accuracy of RRL  Model: 0.902557014512785
	F1 Score of RRL  Model: 0.7401171610792883
2025-12-21 18:07:50,249 - [INFO] - On Validation Set:
Performance of  RRL Model: 
[[1225   61]
 [  80   81]]
              precision    recall  f1-score   support

           0       0.94      0.95      0.95      1286
           1       0.57      0.50      0.53       161

    accuracy                           0.90      1447
   macro avg       0.75      0.73      0.74      1447
weighted avg       0.90      0.90      0.90      1447

2025-12-21 18:07:50,249 - [INFO] - ------------------------------------------------------------
2025-12-21 18:07:50,789 - [INFO] - epoch: 25, loss_rrl: 107.98089432530105
2025-12-21 18:07:51,776 - [DEBUG] - y_true: (1447,) [0 0 0 0 0 1 0 0 0 0 0 0 0 0 0 0 0 1 0 0 0 0 0 0 1 0 0 0 0 0 0 0 0 0 0 0 0
 0 1 1 0]
2025-12-21 18:07:51,926 - [DEBUG] - y_rrl_: (1447,) [0 1 0 0 0 1 0 0 0 0 0 0 0 0 0 0 0 0 0 0 0 0 0 0 1 0 0 0 0 0 0 0 0 0 0 0 0
 0 1 0 0]
2025-12-21 18:07:51,927 - [DEBUG] - y_rrl: (1447, 2) [[ 2.91646    -1.9693592 ]
 [ 0.22825569  0.65257496]
 [ 2.2985263  -1.3296218 ]
 [ 2.4999914  -1.5380831 ]
 [ 2.91646    -1.9693592 ]
 [ 0.19779417  0.72425485]
 [ 3.117925   -2.1778207 ]
 [ 2.8444078  -1.9101114 ]
 [ 3.117925   -2.1778207 ]
 [ 1.8689579  -0.92539   ]
 [ 1.076238   -0.13566925]
 [ 2.051688   -1.1203908 ]
 [ 2.91646    -1.9693592 ]
 [ 2.91646    -1.9693592 ]
 [ 3.117925   -2.1778207 ]
 [ 2.91646    -1.9693592 ]
 [ 2.6429427  -1.7016499 ]
 [ 1.2777032  -0.3441307 ]
 [ 2.051688   -1.1203908 ]
 [ 2.5266707  -1.5965614 ]
 [ 3.117925   -2.1778207 ]
 [ 2.91646    -1.9693592 ]
 [ 2.91646    -1.9693592 ]
 [ 2.91646    -1.9693592 ]
 [ 0.19779417  0.72425485]
 [ 1.076238   -0.13566925]
 [ 2.253153   -1.3288522 ]
 [ 3.117925   -2.1778207 ]
 [ 2.3252056  -1.3880999 ]
 [ 3.117925   -2.1778207 ]
 [ 3.117925   -2.1778207 ]
 [ 2.051688   -1.1203908 ]
 [ 1.076238   -0.13566925]
 [ 1.076238   -0.13566925]
 [ 2.91646    -1.9693592 ]
 [ 2.8444078  -1.9101114 ]
 [ 2.91646    -1.9693592 ]
 [ 2.91646    -1.9693592 ]
 [ 0.39925933  0.5157934 ]
 [ 1.3726538  -0.45588565]
 [ 2.6429427  -1.7016499 ]]
2025-12-21 18:07:51,929 - [INFO] - ------------------------------------------------------------
2025-12-21 18:07:51,929 - [INFO] - On Validation Set:
	Accuracy of RRL  Model: 0.89426399447132
	F1 Score of RRL  Model: 0.6800490784778734
2025-12-21 18:07:51,935 - [INFO] - On Validation Set:
Performance of  RRL Model: 
[[1239   47]
 [ 106   55]]
              precision    recall  f1-score   support

           0       0.92      0.96      0.94      1286
           1       0.54      0.34      0.42       161

    accuracy                           0.89      1447
   macro avg       0.73      0.65      0.68      1447
weighted avg       0.88      0.89      0.88      1447

2025-12-21 18:07:51,935 - [INFO] - ------------------------------------------------------------
2025-12-21 18:07:52,263 - [INFO] - epoch: 26, loss_rrl: 106.63421136513352
2025-12-21 18:07:53,457 - [DEBUG] - y_true: (1447,) [0 0 0 0 0 1 0 0 0 0 0 0 0 0 0 0 0 1 0 0 0 0 0 0 1 0 0 0 0 0 0 0 0 0 0 0 0
 0 1 1 0]
2025-12-21 18:07:53,607 - [DEBUG] - y_rrl_: (1447,) [0 0 0 0 0 1 0 0 0 0 0 0 0 0 0 0 0 0 0 0 0 0 0 0 1 0 0 0 0 0 0 0 0 0 0 0 0
 0 1 0 0]
2025-12-21 18:07:53,607 - [DEBUG] - y_rrl: (1447, 2) [[ 3.1781695  -2.2591636 ]
 [ 0.953704   -0.09221864]
 [ 2.458258   -1.5020065 ]
 [ 2.458258   -1.5020065 ]
 [ 3.1781695  -2.2591636 ]
 [ 0.38286796  0.5268905 ]
 [ 3.1781695  -2.2591636 ]
 [ 2.7823656  -1.8534966 ]
 [ 3.1781695  -2.2591636 ]
 [ 1.8349392  -0.89688134]
 [ 0.70697564  0.17540057]
 [ 2.1847734  -1.2658308 ]
 [ 2.7823656  -1.8534966 ]
 [ 2.7823656  -1.8534966 ]
 [ 2.5356374  -1.5858774 ]
 [ 2.7823656  -1.8534966 ]
 [ 2.7823656  -1.8534966 ]
 [ 1.237347   -0.30921546]
 [ 2.7823656  -1.8534966 ]
 [ 2.1847734  -1.2658308 ]
 [ 3.1781695  -2.2591636 ]
 [ 2.7823656  -1.8534966 ]
 [ 3.1781695  -2.2591636 ]
 [ 2.7823656  -1.8534966 ]
 [ 0.21053785  0.7061565 ]
 [ 1.237347   -0.30921546]
 [ 1.9380451  -0.9982116 ]
 [ 2.7823656  -1.8534966 ]
 [ 2.1847734  -1.2658308 ]
 [ 2.7823656  -1.8534966 ]
 [ 3.1781695  -2.2591636 ]
 [ 2.1847734  -1.2658308 ]
 [ 1.237347   -0.30921546]
 [ 1.237347   -0.30921546]
 [ 3.1781695  -2.2591636 ]
 [ 2.7823656  -1.8534966 ]
 [ 3.1781695  -2.2591636 ]
 [ 2.7823656  -1.8534966 ]
 [ 0.38286796  0.5268905 ]
 [ 1.0548584  -0.14912853]
 [ 2.7823656  -1.8534966 ]]
2025-12-21 18:07:53,609 - [INFO] - ------------------------------------------------------------
2025-12-21 18:07:53,609 - [INFO] - On Validation Set:
	Accuracy of RRL  Model: 0.899101589495508
	F1 Score of RRL  Model: 0.7057140469159191
2025-12-21 18:07:53,615 - [INFO] - On Validation Set:
Performance of  RRL Model: 
[[1237   49]
 [  97   64]]
              precision    recall  f1-score   support

           0       0.93      0.96      0.94      1286
           1       0.57      0.40      0.47       161

    accuracy                           0.90      1447
   macro avg       0.75      0.68      0.71      1447
weighted avg       0.89      0.90      0.89      1447

2025-12-21 18:07:53,615 - [INFO] - ------------------------------------------------------------
2025-12-21 18:07:53,734 - [INFO] - epoch: 27, loss_rrl: 106.43538858182728
2025-12-21 18:07:55,067 - [INFO] - epoch: 28, loss_rrl: 107.05353735014796
2025-12-21 18:07:55,176 - [DEBUG] - y_true: (1447,) [0 0 0 0 0 1 0 0 0 0 0 0 0 0 0 0 0 1 0 0 0 0 0 0 1 0 0 0 0 0 0 0 0 0 0 0 0
 0 1 1 0]
2025-12-21 18:07:55,325 - [DEBUG] - y_rrl_: (1447,) [0 1 0 0 0 1 0 0 0 0 0 0 0 0 0 0 0 0 0 0 0 0 0 0 1 0 0 0 0 0 0 0 0 0 0 0 0
 0 0 0 0]
2025-12-21 18:07:55,326 - [DEBUG] - y_rrl: (1447, 2) [[ 2.9480624e+00 -2.0188963e+00]
 [-9.2176750e-02  9.6946639e-01]
 [ 2.3425364e+00 -1.3919506e+00]
 [ 2.3425364e+00 -1.3919506e+00]
 [ 2.9480624e+00 -2.0188963e+00]
 [ 2.2576563e-01  6.7869824e-01]
 [ 2.9480624e+00 -2.0188963e+00]
 [ 2.3425364e+00 -1.3919506e+00]
 [ 2.9480624e+00 -2.0188963e+00]
 [ 1.6279701e+00 -6.8897384e-01]
 [ 7.9095805e-01  6.5649569e-02]
 [ 2.0498619e+00 -1.1362853e+00]
 [ 2.6589661e+00 -1.7355330e+00]
 [ 2.9480624e+00 -2.0188963e+00]
 [ 2.9480624e+00 -2.0188963e+00]
 [ 2.6589661e+00 -1.7355330e+00]
 [ 2.6589661e+00 -1.7355330e+00]
 [ 1.3352954e+00 -4.3330845e-01]
 [ 1.4831570e+00 -5.7605100e-01]
 [ 2.0225289e+00 -1.0760661e+00]
 [ 2.9480624e+00 -2.0188963e+00]
 [ 2.9480624e+00 -2.0188963e+00]
 [ 2.9480624e+00 -2.0188963e+00]
 [ 2.9480624e+00 -2.0188963e+00]
 [-5.2160209e-01  1.4264724e+00]
 [ 1.3352954e+00 -4.3330845e-01]
 [ 1.8010994e+00 -8.6681896e-01]
 [ 2.6316328e+00 -1.6753138e+00]
 [ 2.3389585e+00 -1.4196484e+00]
 [ 2.9480624e+00 -2.0188963e+00]
 [ 2.9480624e+00 -2.0188963e+00]
 [ 2.0498619e+00 -1.1362853e+00]
 [ 1.3352954e+00 -4.3330845e-01]
 [ 1.0188658e+00 -8.9726001e-02]
 [ 2.9480624e+00 -2.0188963e+00]
 [ 2.3425364e+00 -1.3919506e+00]
 [ 2.9480624e+00 -2.0188963e+00]
 [ 2.6316328e+00 -1.6753138e+00]
 [ 8.3486998e-01  7.9450414e-02]
 [ 9.0297008e-01 -2.4763010e-03]
 [ 2.3425364e+00 -1.3919506e+00]]
2025-12-21 18:07:55,328 - [INFO] - ------------------------------------------------------------
2025-12-21 18:07:55,328 - [INFO] - On Validation Set:
	Accuracy of RRL  Model: 0.8997926744989634
	F1 Score of RRL  Model: 0.7028642237564171
2025-12-21 18:07:55,334 - [INFO] - On Validation Set:
Performance of  RRL Model: 
[[1240   46]
 [  99   62]]
              precision    recall  f1-score   support

           0       0.93      0.96      0.94      1286
           1       0.57      0.39      0.46       161

    accuracy                           0.90      1447
   macro avg       0.75      0.67      0.70      1447
weighted avg       0.89      0.90      0.89      1447

2025-12-21 18:07:55,334 - [INFO] - ------------------------------------------------------------
2025-12-21 18:07:56,845 - [INFO] - epoch: 29, loss_rrl: 106.4598855432123
2025-12-21 18:07:57,192 - [DEBUG] - y_true: (1447,) [0 0 0 0 0 1 0 0 0 0 0 0 0 0 0 0 0 1 0 0 0 0 0 0 1 0 0 0 0 0 0 0 0 0 0 0 0
 0 1 1 0]
2025-12-21 18:07:57,343 - [DEBUG] - y_rrl_: (1447,) [0 1 0 0 0 1 0 0 0 0 0 0 0 0 0 0 0 0 0 0 0 0 0 0 1 0 0 0 0 0 0 0 0 0 0 0 0
 0 1 0 0]
2025-12-21 18:07:57,344 - [DEBUG] - y_rrl: (1447, 2) [[ 2.7975817e+00 -1.8670424e+00]
 [ 2.1809556e-02  8.3036441e-01]
 [ 2.1749120e+00 -1.2231423e+00]
 [ 2.1749120e+00 -1.2231423e+00]
 [ 2.7975817e+00 -1.8670424e+00]
 [-5.4949647e-01  1.4491184e+00]
 [ 2.9690220e+00 -2.0453038e+00]
 [ 2.4932916e+00 -1.5684479e+00]
 [ 2.9690220e+00 -2.0453038e+00]
 [ 1.5239409e+00 -5.9005111e-01]
 [ 8.8740957e-01  3.6694277e-02]
 [ 2.0282004e+00 -1.1199640e+00]
 [ 2.1159804e+00 -1.2043595e+00]
 [ 2.4932916e+00 -1.5684479e+00]
 [ 2.6647320e+00 -1.7467097e+00]
 [ 2.4932916e+00 -1.5684479e+00]
 [ 2.4932916e+00 -1.5684479e+00]
 [ 8.8740957e-01  3.6694277e-02]
 [ 1.3080084e+00 -3.9935225e-01]
 [ 1.8567600e+00 -9.4170231e-01]
 [ 2.7975817e+00 -1.8670424e+00]
 [ 2.4932916e+00 -1.5684479e+00]
 [ 2.7975817e+00 -1.8670424e+00]
 [ 2.4932916e+00 -1.5684479e+00]
 [-5.4949647e-01  1.4491184e+00]
 [ 5.1009816e-01  4.0078270e-01]
 [ 1.7752738e+00 -8.4651554e-01]
 [ 2.4932916e+00 -1.5684479e+00]
 [ 2.0282004e+00 -1.1199640e+00]
 [ 2.6647320e+00 -1.7467097e+00]
 [ 2.7975817e+00 -1.8670424e+00]
 [ 2.4932916e+00 -1.5684479e+00]
 [ 8.8740957e-01  3.6694277e-02]
 [ 8.8740957e-01  3.6694277e-02]
 [ 2.9690220e+00 -2.0453038e+00]
 [ 2.4932916e+00 -1.5684479e+00]
 [ 2.7975817e+00 -1.8670424e+00]
 [ 2.4932916e+00 -1.5684479e+00]
 [-7.4491650e-04  9.0676844e-01]
 [ 8.8871294e-01  6.5745600e-03]
 [ 2.4932916e+00 -1.5684479e+00]]
2025-12-21 18:07:57,346 - [INFO] - ------------------------------------------------------------
2025-12-21 18:07:57,346 - [INFO] - On Validation Set:
	Accuracy of RRL  Model: 0.9053213545266068
	F1 Score of RRL  Model: 0.761282367150631
2025-12-21 18:07:57,352 - [INFO] - On Validation Set:
Performance of  RRL Model: 
[[1217   69]
 [  68   93]]
              precision    recall  f1-score   support

           0       0.95      0.95      0.95      1286
           1       0.57      0.58      0.58       161

    accuracy                           0.91      1447
   macro avg       0.76      0.76      0.76      1447
weighted avg       0.91      0.91      0.91      1447

2025-12-21 18:07:57,352 - [INFO] - ------------------------------------------------------------
2025-12-21 18:07:58,485 - [INFO] - epoch: 30, loss_rrl: 105.53634255938232
2025-12-21 18:07:59,054 - [DEBUG] - y_true: (1447,) [0 0 0 0 0 1 0 0 0 0 0 0 0 0 0 0 0 1 0 0 0 0 0 0 1 0 0 0 0 0 0 0 0 0 0 0 0
 0 1 1 0]
2025-12-21 18:07:59,206 - [DEBUG] - y_rrl_: (1447,) [0 0 0 0 0 1 0 0 0 0 0 0 0 0 0 0 0 0 0 0 0 0 0 0 1 0 0 0 0 0 0 0 0 0 0 0 0
 0 0 0 0]
2025-12-21 18:07:59,206 - [DEBUG] - y_rrl: (1447, 2) [[ 3.141354   -2.2316465 ]
 [ 0.7548001   0.09890001]
 [ 1.6427304  -0.7079802 ]
 [ 2.3710716  -1.4249595 ]
 [ 2.4130132  -1.5146669 ]
 [ 0.14165564  0.7590868 ]
 [ 3.3045707  -2.4016302 ]
 [ 2.7180126  -1.7986006 ]
 [ 3.3045707  -2.4016302 ]
 [ 1.7234682  -0.7950756 ]
 [ 1.1153888  -0.23162964]
 [ 2.1528883  -1.2516048 ]
 [ 2.1528883  -1.2516048 ]
 [ 1.9896716  -1.0816213 ]
 [ 2.615026   -1.6820385 ]
 [ 3.0199702  -2.0949001 ]
 [ 2.7180126  -1.7986006 ]
 [ 1.7234682  -0.7950756 ]
 [ 1.8548135  -0.94579417]
 [ 2.0912204  -1.1815252 ]
 [ 3.141354   -2.2316465 ]
 [ 1.9896716  -1.0816213 ]
 [ 2.4130132  -1.5146669 ]
 [ 2.7180126  -1.7986006 ]
 [ 0.14165564  0.7590868 ]
 [ 1.2598928  -0.34798387]
 [ 2.615026   -1.6820385 ]
 [ 2.7180126  -1.7986006 ]
 [ 2.1528883  -1.2516048 ]
 [ 2.8812292  -1.9685842 ]
 [ 3.141354   -2.2316465 ]
 [ 1.3628794  -0.46454588]
 [ 1.7234682  -0.7950756 ]
 [ 1.7234682  -0.7950756 ]
 [ 2.5762298  -1.6846505 ]
 [ 2.7180126  -1.7986006 ]
 [ 2.4130132  -1.5146669 ]
 [ 2.7180126  -1.7986006 ]
 [ 0.76844776  0.14201146]
 [ 1.0346512  -0.1445342 ]
 [ 2.7180126  -1.7986006 ]]
2025-12-21 18:07:59,208 - [INFO] - ------------------------------------------------------------
2025-12-21 18:07:59,208 - [INFO] - On Validation Set:
	Accuracy of RRL  Model: 0.907394609536973
	F1 Score of RRL  Model: 0.7148927785815953
2025-12-21 18:07:59,214 - [INFO] - On Validation Set:
Performance of  RRL Model: 
[[1251   35]
 [  99   62]]
              precision    recall  f1-score   support

           0       0.93      0.97      0.95      1286
           1       0.64      0.39      0.48       161

    accuracy                           0.91      1447
   macro avg       0.78      0.68      0.71      1447
weighted avg       0.89      0.91      0.90      1447

2025-12-21 18:07:59,214 - [INFO] - ------------------------------------------------------------
2025-12-21 18:08:00,051 - [INFO] - epoch: 31, loss_rrl: 105.32104586437345
2025-12-21 18:08:00,846 - [DEBUG] - y_true: (1447,) [0 0 0 0 0 1 0 0 0 0 0 0 0 0 0 0 0 1 0 0 0 0 0 0 1 0 0 0 0 0 0 0 0 0 0 0 0
 0 1 1 0]
2025-12-21 18:08:00,997 - [DEBUG] - y_rrl_: (1447,) [0 1 0 0 0 1 0 0 0 0 0 0 0 0 0 0 0 0 0 0 0 0 0 0 1 0 0 0 0 0 0 0 0 0 0 0 0
 0 1 0 0]
2025-12-21 18:08:00,998 - [DEBUG] - y_rrl: (1447, 2) [[ 3.076844   -2.1572328 ]
 [-0.06090651  0.92994606]
 [ 2.4417818  -1.5013164 ]
 [ 2.4417818  -1.5013164 ]
 [ 3.076844   -2.1572328 ]
 [ 0.1654884   0.7299827 ]
 [ 3.2505362  -2.337638  ]
 [ 2.4417818  -1.5013164 ]
 [ 3.2505362  -2.337638  ]
 [ 1.4182868  -0.46890494]
 [ 1.1388029  -0.22554259]
 [ 2.3359902  -1.4383589 ]
 [ 2.9544933  -2.0472147 ]
 [ 2.7808008  -1.86681   ]
 [ 2.9544933  -2.0472147 ]
 [ 3.076844   -2.1572328 ]
 [ 2.7808008  -1.86681   ]
 [ 1.1388029  -0.22554259]
 [ 1.9483895  -1.0446938 ]
 [ 1.8232788  -0.8924603 ]
 [ 3.076844   -2.1572328 ]
 [ 2.7808008  -1.86681   ]
 [ 3.076844   -2.1572328 ]
 [ 2.7808008  -1.86681   ]
 [-0.34446284  1.2336653 ]
 [ 1.3124952  -0.40594742]
 [ 2.0524337  -1.1346394 ]
 [ 2.4417818  -1.5013164 ]
 [ 2.3359902  -1.4383589 ]
 [ 2.9544933  -2.0472147 ]
 [ 3.076844   -2.1572328 ]
 [ 2.1622977  -1.257954  ]
 [ 1.1388029  -0.22554259]
 [ 0.79978365  0.13995098]
 [ 3.2505362  -2.337638  ]
 [ 2.4417818  -1.5013164 ]
 [ 3.076844   -2.1572328 ]
 [ 2.4417818  -1.5013164 ]
 [ 0.1654884   0.7299827 ]
 [ 1.0675479  -0.18259265]
 [ 2.4417818  -1.5013164 ]]
2025-12-21 18:08:01,000 - [INFO] - ------------------------------------------------------------
2025-12-21 18:08:01,000 - [INFO] - On Validation Set:
	Accuracy of RRL  Model: 0.9039391845196959
	F1 Score of RRL  Model: 0.7376657254093817
2025-12-21 18:08:01,006 - [INFO] - On Validation Set:
Performance of  RRL Model: 
[[1230   56]
 [  83   78]]
              precision    recall  f1-score   support

           0       0.94      0.96      0.95      1286
           1       0.58      0.48      0.53       161

    accuracy                           0.90      1447
   macro avg       0.76      0.72      0.74      1447
weighted avg       0.90      0.90      0.90      1447

2025-12-21 18:08:01,006 - [INFO] - ------------------------------------------------------------
2025-12-21 18:08:01,622 - [INFO] - epoch: 32, loss_rrl: 107.05748255550861
2025-12-21 18:08:02,639 - [DEBUG] - y_true: (1447,) [0 0 0 0 0 1 0 0 0 0 0 0 0 0 0 0 0 1 0 0 0 0 0 0 1 0 0 0 0 0 0 0 0 0 0 0 0
 0 1 1 0]
2025-12-21 18:08:02,791 - [DEBUG] - y_rrl_: (1447,) [0 1 0 0 0 1 0 0 0 0 0 0 0 0 0 0 0 0 0 0 0 0 0 0 1 0 0 0 0 0 0 0 0 0 0 0 0
 0 0 0 0]
2025-12-21 18:08:02,791 - [DEBUG] - y_rrl: (1447, 2) [[ 3.041915   -2.1277373 ]
 [ 0.23155077  0.6062372 ]
 [ 2.4038513  -1.4690082 ]
 [ 2.4038513  -1.4690082 ]
 [ 3.041915   -2.1277373 ]
 [ 0.13094941  0.75927293]
 [ 3.2144551  -2.3069353 ]
 [ 2.7404463  -1.8318514 ]
 [ 3.2144551  -2.3069353 ]
 [ 1.7364115  -0.8189658 ]
 [ 1.1291373  -0.22126816]
 [ 2.3057125  -1.413352  ]
 [ 2.9129865  -2.0110495 ]
 [ 3.041915   -2.1277373 ]
 [ 2.9269843  -1.9994832 ]
 [ 3.041915   -2.1277373 ]
 [ 2.7404463  -1.8318514 ]
 [ 1.1291373  -0.22126816]
 [ 2.5184505  -1.6104776 ]
 [ 2.4346406  -1.5300399 ]
 [ 3.041915   -2.1277373 ]
 [ 3.041915   -2.1277373 ]
 [ 3.041915   -2.1277373 ]
 [ 3.041915   -2.1277373 ]
 [ 0.13094941  0.75927293]
 [ 1.3016776  -0.40046647]
 [ 2.018242   -1.1058995 ]
 [ 3.041915   -2.1277373 ]
 [ 2.6071808  -1.7092383 ]
 [ 3.2144551  -2.3069353 ]
 [ 3.041915   -2.1277373 ]
 [ 2.7404463  -1.8318514 ]
 [ 1.1291373  -0.22126816]
 [ 1.1291373  -0.22126816]
 [ 3.2144551  -2.3069353 ]
 [ 2.7404463  -1.8318514 ]
 [ 3.041915   -2.1277373 ]
 [ 3.041915   -2.1277373 ]
 [ 0.73822355  0.16157536]
 [ 1.0256943  -0.14587714]
 [ 2.7404463  -1.8318514 ]]
2025-12-21 18:08:02,793 - [INFO] - ------------------------------------------------------------
2025-12-21 18:08:02,793 - [INFO] - On Validation Set:
	Accuracy of RRL  Model: 0.9018659295093296
	F1 Score of RRL  Model: 0.6957419209628506
2025-12-21 18:08:02,799 - [INFO] - On Validation Set:
Performance of  RRL Model: 
[[1248   38]
 [ 104   57]]
              precision    recall  f1-score   support

           0       0.92      0.97      0.95      1286
           1       0.60      0.35      0.45       161

    accuracy                           0.90      1447
   macro avg       0.76      0.66      0.70      1447
weighted avg       0.89      0.90      0.89      1447

2025-12-21 18:08:02,799 - [INFO] - ------------------------------------------------------------
2025-12-21 18:08:03,184 - [INFO] - epoch: 33, loss_rrl: 105.89667333476245
2025-12-21 18:08:04,440 - [DEBUG] - y_true: (1447,) [0 0 0 0 0 1 0 0 0 0 0 0 0 0 0 0 0 1 0 0 0 0 0 0 1 0 0 0 0 0 0 0 0 0 0 0 0
 0 1 1 0]
2025-12-21 18:08:04,592 - [DEBUG] - y_rrl_: (1447,) [0 1 0 0 0 1 0 0 0 0 1 0 0 0 0 0 0 0 0 0 0 0 0 0 1 0 0 0 0 0 0 0 0 0 0 0 0
 0 0 1 0]
2025-12-21 18:08:04,592 - [DEBUG] - y_rrl: (1447, 2) [[ 3.2314987  -2.3444963 ]
 [ 0.24319261  0.5746825 ]
 [ 2.5535011  -1.6187799 ]
 [ 2.5535011  -1.6187799 ]
 [ 3.2314987  -2.3444963 ]
 [-0.031496    0.91642356]
 [ 3.2314987  -2.3444963 ]
 [ 2.8982592  -1.9895594 ]
 [ 3.2314987  -2.3444963 ]
 [ 1.9002078  -0.98272467]
 [-0.0595474   0.9057102 ]
 [ 1.7886791  -0.9228656 ]
 [ 2.93007    -2.0486107 ]
 [ 2.8982592  -1.9895594 ]
 [ 2.9258184  -2.019019  ]
 [ 2.5254498  -1.6294934 ]
 [ 3.066349   -2.1642528 ]
 [ 0.45738816  0.43890607]
 [ 1.7568684  -0.86381435]
 [ 2.2977676  -1.3985739 ]
 [ 3.0634089  -2.1698027 ]
 [ 3.066349   -2.1642528 ]
 [ 3.2314987  -2.3444963 ]
 [ 3.0634089  -2.1698027 ]
 [ 0.13365352  0.7361802 ]
 [ 1.3315268  -0.45079044]
 [ 1.3178492  -0.4171445 ]
 [ 3.0634089  -2.1698027 ]
 [ 1.9249582  -1.0385078 ]
 [ 3.2314987  -2.3444963 ]
 [ 3.0634089  -2.1698027 ]
 [ 1.9963388  -1.1026882 ]
 [ 0.62547797  0.26421258]
 [ 0.45738816  0.43890607]
 [ 3.2314987  -2.3444963 ]
 [ 3.0634089  -2.1698027 ]
 [ 3.2314987  -2.3444963 ]
 [ 3.0634089  -2.1698027 ]
 [ 0.56899565  0.32543814]
 [ 0.33377653  0.53471994]
 [ 2.8982592  -1.9895594 ]]
2025-12-21 18:08:04,594 - [INFO] - ------------------------------------------------------------
2025-12-21 18:08:04,594 - [INFO] - On Validation Set:
	Accuracy of RRL  Model: 0.8977194194885971
	F1 Score of RRL  Model: 0.7164097674664971
2025-12-21 18:08:04,600 - [INFO] - On Validation Set:
Performance of  RRL Model: 
[[1228   58]
 [  90   71]]
              precision    recall  f1-score   support

           0       0.93      0.95      0.94      1286
           1       0.55      0.44      0.49       161

    accuracy                           0.90      1447
   macro avg       0.74      0.70      0.72      1447
weighted avg       0.89      0.90      0.89      1447

2025-12-21 18:08:04,600 - [INFO] - ------------------------------------------------------------
2025-12-21 18:08:04,769 - [INFO] - epoch: 34, loss_rrl: 105.3631427232176
2025-12-21 18:08:06,228 - [INFO] - epoch: 35, loss_rrl: 105.43941101338714
2025-12-21 18:08:06,314 - [DEBUG] - y_true: (1447,) [0 0 0 0 0 1 0 0 0 0 0 0 0 0 0 0 0 1 0 0 0 0 0 0 1 0 0 0 0 0 0 0 0 0 0 0 0
 0 1 1 0]
2025-12-21 18:08:06,465 - [DEBUG] - y_rrl_: (1447,) [0 1 0 0 0 1 0 0 0 0 0 0 0 0 0 0 0 0 0 0 0 0 0 0 1 0 0 0 0 0 0 0 0 0 0 0 0
 0 0 0 0]
2025-12-21 18:08:06,465 - [DEBUG] - y_rrl: (1447, 2) [[ 3.2080061e+00 -2.3263652e+00]
 [ 2.3078814e-01  5.9078133e-01]
 [ 2.6758494e+00 -1.7534148e+00]
 [ 2.6758494e+00 -1.7534148e+00]
 [ 2.8429623e+00 -1.9355282e+00]
 [ 1.1594443e-01  7.5710452e-01]
 [ 3.2080061e+00 -2.3263652e+00]
 [ 3.2080061e+00 -2.3263652e+00]
 [ 3.2080061e+00 -2.3263652e+00]
 [ 2.2171180e+00 -1.3267653e+00]
 [ 9.8290128e-01 -8.1692934e-02]
 [ 2.3388333e+00 -1.4721307e+00]
 [ 2.7590508e+00 -1.8679122e+00]
 [ 2.6758494e+00 -1.7534148e+00]
 [ 2.7212281e+00 -1.8049787e+00]
 [ 3.0408933e+00 -2.1442518e+00]
 [ 2.8429623e+00 -1.9355282e+00]
 [ 1.3479450e+00 -4.7253036e-01]
 [ 1.8836974e+00 -1.0025693e+00]
 [ 2.4535627e+00 -1.5663570e+00]
 [ 3.2080061e+00 -2.3263652e+00]
 [ 3.0408933e+00 -2.1442518e+00]
 [ 3.2080061e+00 -2.3263652e+00]
 [ 2.6758494e+00 -1.7534148e+00]
 [-3.1270083e-02  9.1086763e-01]
 [ 1.1808320e+00 -2.9041690e-01]
 [ 1.8520551e+00 -9.5074379e-01]
 [ 3.0408933e+00 -2.1442518e+00]
 [ 2.4535627e+00 -1.5663570e+00]
 [ 3.0408933e+00 -2.1442518e+00]
 [ 3.2080061e+00 -2.3263652e+00]
 [ 2.1717205e+00 -1.2900172e+00]
 [ 1.1808320e+00 -2.9041690e-01]
 [ 1.1808320e+00 -2.9041690e-01]
 [ 3.2080061e+00 -2.3263652e+00]
 [ 3.2080061e+00 -2.3263652e+00]
 [ 3.2080061e+00 -2.3263652e+00]
 [ 3.0408933e+00 -2.1442518e+00]
 [ 8.7038761e-01 -2.9039793e-03]
 [ 7.2317320e-01  1.5085924e-01]
 [ 3.2080061e+00 -2.3263652e+00]]
2025-12-21 18:08:06,467 - [INFO] - ------------------------------------------------------------
2025-12-21 18:08:06,467 - [INFO] - On Validation Set:
	Accuracy of RRL  Model: 0.9032480995162405
	F1 Score of RRL  Model: 0.7333715898202646
2025-12-21 18:08:06,473 - [INFO] - On Validation Set:
Performance of  RRL Model: 
[[1231   55]
 [  85   76]]
              precision    recall  f1-score   support

           0       0.94      0.96      0.95      1286
           1       0.58      0.47      0.52       161

    accuracy                           0.90      1447
   macro avg       0.76      0.71      0.73      1447
weighted avg       0.90      0.90      0.90      1447

2025-12-21 18:08:06,473 - [INFO] - ------------------------------------------------------------
2025-12-21 18:08:07,847 - [INFO] - epoch: 36, loss_rrl: 105.02133528329432
2025-12-21 18:08:08,164 - [DEBUG] - y_true: (1447,) [0 0 0 0 0 1 0 0 0 0 0 0 0 0 0 0 0 1 0 0 0 0 0 0 1 0 0 0 0 0 0 0 0 0 0 0 0
 0 1 1 0]
2025-12-21 18:08:08,314 - [DEBUG] - y_rrl_: (1447,) [0 0 0 0 0 1 0 0 0 0 0 0 0 0 0 0 0 0 0 0 0 0 0 0 1 0 0 0 0 0 0 0 0 0 0 0 0
 0 1 0 0]
2025-12-21 18:08:08,315 - [DEBUG] - y_rrl: (1447, 2) [[ 3.4218311  -2.5456147 ]
 [ 0.49875706  0.32990968]
 [ 2.6889608  -1.765784  ]
 [ 2.6889608  -1.765784  ]
 [ 3.4218311  -2.5456147 ]
 [ 0.07918669  0.7950151 ]
 [ 3.4218311  -2.5456147 ]
 [ 3.2653756  -2.3826666 ]
 [ 3.4218311  -2.5456147 ]
 [ 2.254345   -1.3629982 ]
 [ 1.536049   -0.6660202 ]
 [ 2.834069   -1.9672158 ]
 [ 3.219296   -2.328178  ]
 [ 3.0628405  -2.16523   ]
 [ 3.219296   -2.328178  ]
 [ 3.219296   -2.328178  ]
 [ 3.4218311  -2.5456147 ]
 [ 1.3795934  -0.5030722 ]
 [ 1.88655    -1.0043187 ]
 [ 2.4750783  -1.5868311 ]
 [ 3.2653756  -2.3826666 ]
 [ 3.219296   -2.328178  ]
 [ 3.4218311  -2.5456147 ]
 [ 3.0628405  -2.16523   ]
 [ 0.07918669  0.7950151 ]
 [ 1.3335139  -0.4485834 ]
 [ 2.2843041  -1.3831344 ]
 [ 3.0628405  -2.16523   ]
 [ 2.6315339  -1.749779  ]
 [ 3.219296   -2.328178  ]
 [ 3.2653756  -2.3826666 ]
 [ 2.7758512  -1.8837028 ]
 [ 1.3335139  -0.4485834 ]
 [ 1.1770583  -0.28563538]
 [ 3.4218311  -2.5456147 ]
 [ 3.2653756  -2.3826666 ]
 [ 3.4218311  -2.5456147 ]
 [ 3.0628405  -2.16523   ]
 [ 0.2817218   0.57757825]
 [ 1.2167138  -0.36746517]
 [ 3.2653756  -2.3826666 ]]
2025-12-21 18:08:08,317 - [INFO] - ------------------------------------------------------------
2025-12-21 18:08:08,317 - [INFO] - On Validation Set:
	Accuracy of RRL  Model: 0.907394609536973
	F1 Score of RRL  Model: 0.710841684562157
2025-12-21 18:08:08,323 - [INFO] - On Validation Set:
Performance of  RRL Model: 
[[1253   33]
 [ 101   60]]
              precision    recall  f1-score   support

           0       0.93      0.97      0.95      1286
           1       0.65      0.37      0.47       161

    accuracy                           0.91      1447
   macro avg       0.79      0.67      0.71      1447
weighted avg       0.89      0.91      0.90      1447

2025-12-21 18:08:08,323 - [INFO] - ------------------------------------------------------------
2025-12-21 18:08:09,410 - [INFO] - epoch: 37, loss_rrl: 105.2571461610496
2025-12-21 18:08:09,945 - [DEBUG] - y_true: (1447,) [0 0 0 0 0 1 0 0 0 0 0 0 0 0 0 0 0 1 0 0 0 0 0 0 1 0 0 0 0 0 0 0 0 0 0 0 0
 0 1 1 0]
2025-12-21 18:08:10,095 - [DEBUG] - y_rrl_: (1447,) [0 0 0 0 0 1 0 0 0 0 0 0 0 0 0 0 0 0 0 0 0 0 0 0 1 0 0 0 0 0 0 0 0 0 0 0 0
 0 0 0 0]
2025-12-21 18:08:10,096 - [DEBUG] - y_rrl: (1447, 2) [[ 3.3449244  -2.467699  ]
 [ 0.7483469   0.06055854]
 [ 2.7317529  -1.8143907 ]
 [ 2.7317529  -1.8143907 ]
 [ 3.3449244  -2.467699  ]
 [ 0.0803968   0.7883968 ]
 [ 3.5037394  -2.6329498 ]
 [ 2.8429894  -1.9563861 ]
 [ 3.5037394  -2.6329498 ]
 [ 1.8249184  -0.92975444]
 [ 1.2286052  -0.34273294]
 [ 2.9074264  -2.0459285 ]
 [ 3.5037394  -2.6329498 ]
 [ 3.12927    -2.237245  ]
 [ 3.1436744  -2.2536669 ]
 [ 3.12927    -2.237245  ]
 [ 2.8429894  -1.9563861 ]
 [ 1.2286052  -0.34273294]
 [ 1.9413897  -1.0646112 ]
 [ 2.532957   -1.6502237 ]
 [ 3.3449244  -2.467699  ]
 [ 3.12927    -2.237245  ]
 [ 3.3449244  -2.467699  ]
 [ 3.3449244  -2.467699  ]
 [ 0.29605123  0.5579428 ]
 [ 1.6030744  -0.7384377 ]
 [ 2.331707   -1.4361916 ]
 [ 3.3449244  -2.467699  ]
 [ 2.691772   -1.8154745 ]
 [ 3.5037394  -2.6329498 ]
 [ 3.3449244  -2.467699  ]
 [ 2.8429894  -1.9563861 ]
 [ 1.2286052  -0.34273294]
 [ 1.2286052  -0.34273294]
 [ 3.5037394  -2.6329498 ]
 [ 3.0586438  -2.1868398 ]
 [ 3.3449244  -2.467699  ]
 [ 3.3449244  -2.467699  ]
 [ 0.67671     0.20137525]
 [ 0.67671     0.20137525]
 [ 2.8429894  -1.9563861 ]]
2025-12-21 18:08:10,098 - [INFO] - ------------------------------------------------------------
2025-12-21 18:08:10,098 - [INFO] - On Validation Set:
	Accuracy of RRL  Model: 0.9101589495507948
	F1 Score of RRL  Model: 0.7214538713040182
2025-12-21 18:08:10,104 - [INFO] - On Validation Set:
Performance of  RRL Model: 
[[1254   32]
 [  98   63]]
              precision    recall  f1-score   support

           0       0.93      0.98      0.95      1286
           1       0.66      0.39      0.49       161

    accuracy                           0.91      1447
   macro avg       0.80      0.68      0.72      1447
weighted avg       0.90      0.91      0.90      1447

2025-12-21 18:08:10,104 - [INFO] - ------------------------------------------------------------
2025-12-21 18:08:10,967 - [INFO] - epoch: 38, loss_rrl: 104.47398866154253
2025-12-21 18:08:11,721 - [DEBUG] - y_true: (1447,) [0 0 0 0 0 1 0 0 0 0 0 0 0 0 0 0 0 1 0 0 0 0 0 0 1 0 0 0 0 0 0 0 0 0 0 0 0
 0 1 1 0]
2025-12-21 18:08:11,871 - [DEBUG] - y_rrl_: (1447,) [0 0 0 0 0 1 0 0 0 0 0 0 0 0 0 0 0 0 0 0 0 0 0 0 1 0 0 0 0 0 0 0 0 0 0 0 0
 0 1 0 0]
2025-12-21 18:08:11,871 - [DEBUG] - y_rrl: (1447, 2) [[ 3.4781895  -2.606445  ]
 [ 0.51373833  0.3154166 ]
 [ 2.8682332  -1.9566834 ]
 [ 2.8682332  -1.9566834 ]
 [ 3.4781895  -2.606445  ]
 [ 0.23071533  0.6326671 ]
 [ 3.6540935  -2.788728  ]
 [ 2.591021   -1.6848512 ]
 [ 3.6540935  -2.788728  ]
 [ 1.5926627  -0.67801195]
 [ 1.3780144  -0.49769416]
 [ 3.0568345  -2.2006893 ]
 [ 3.6540935  -2.788728  ]
 [ 3.250844   -2.3644042 ]
 [ 3.6540935  -2.788728  ]
 [ 3.250844   -2.3644042 ]
 [ 2.9736319  -2.0925717 ]
 [ 1.3780144  -0.49769416]
 [ 2.0733807  -1.2020545 ]
 [ 2.2709742  -1.3686447 ]
 [ 3.4781895  -2.606445  ]
 [ 3.250844   -2.3644042 ]
 [ 3.4781895  -2.606445  ]
 [ 3.4781895  -2.606445  ]
 [-0.12214342  0.9649375 ]
 [ 1.781264   -0.92201775]
 [ 2.8294888  -1.9586482 ]
 [ 3.0955787  -2.1987243 ]
 [ 2.8294888  -1.9586482 ]
 [ 3.6540935  -2.788728  ]
 [ 3.4781895  -2.606445  ]
 [ 2.3763728  -1.5045333 ]
 [ 1.3780144  -0.49769416]
 [ 0.99540365 -0.08997342]
 [ 3.6540935  -2.788728  ]
 [ 2.8183665  -1.9268918 ]
 [ 3.4781895  -2.606445  ]
 [ 3.0955787  -2.1987243 ]
 [ 0.23071533  0.6326671 ]
 [ 1.4638562  -0.6048922 ]
 [ 2.591021   -1.6848512 ]]
2025-12-21 18:08:11,873 - [INFO] - ------------------------------------------------------------
2025-12-21 18:08:11,873 - [INFO] - On Validation Set:
	Accuracy of RRL  Model: 0.9032480995162405
	F1 Score of RRL  Model: 0.6978942973037461
2025-12-21 18:08:11,879 - [INFO] - On Validation Set:
Performance of  RRL Model: 
[[1250   36]
 [ 104   57]]
              precision    recall  f1-score   support

           0       0.92      0.97      0.95      1286
           1       0.61      0.35      0.45       161

    accuracy                           0.90      1447
   macro avg       0.77      0.66      0.70      1447
weighted avg       0.89      0.90      0.89      1447

2025-12-21 18:08:11,879 - [INFO] - ------------------------------------------------------------
2025-12-21 18:08:12,517 - [INFO] - epoch: 39, loss_rrl: 105.79219620674849
2025-12-21 18:08:13,535 - [DEBUG] - y_true: (1447,) [0 0 0 0 0 1 0 0 0 0 0 0 0 0 0 0 0 1 0 0 0 0 0 0 1 0 0 0 0 0 0 0 0 0 0 0 0
 0 1 1 0]
2025-12-21 18:08:13,687 - [DEBUG] - y_rrl_: (1447,) [0 1 0 0 0 1 0 0 0 0 0 0 0 0 0 0 0 0 0 0 0 0 0 0 1 0 0 0 0 0 0 0 0 0 0 0 0
 0 0 0 0]
2025-12-21 18:08:13,687 - [DEBUG] - y_rrl: (1447, 2) [[ 3.249416   -2.3831682 ]
 [ 0.0069605   0.8117498 ]
 [ 2.6381521  -1.732431  ]
 [ 2.6381521  -1.732431  ]
 [ 3.249416   -2.3831682 ]
 [ 0.02330213  0.8346454 ]
 [ 3.4433603  -2.583432  ]
 [ 2.6381521  -1.732431  ]
 [ 3.4433603  -2.583432  ]
 [ 1.6745102  -0.7603935 ]
 [ 1.1718837  -0.29713783]
 [ 2.5610282  -1.7155873 ]
 [ 3.178653   -2.3240626 ]
 [ 3.0178576  -2.13702   ]
 [ 3.09581    -2.2170653 ]
 [ 3.0178576  -2.13702   ]
 [ 3.0178576  -2.13702   ]
 [ 1.1718837  -0.29713783]
 [ 3.0178576  -2.13702   ]
 [ 2.0205274  -1.1239556 ]
 [ 3.249416   -2.3831682 ]
 [ 3.0178576  -2.13702   ]
 [ 3.249416   -2.3831682 ]
 [ 3.249416   -2.3831682 ]
 [ 0.25486073  0.5884973 ]
 [ 1.5973864  -0.7435497 ]
 [ 1.9819194  -1.1030725 ]
 [ 2.8697107  -1.9785792 ]
 [ 2.5941768  -1.7288083 ]
 [ 3.4433603  -2.583432  ]
 [ 3.249416   -2.3831682 ]
 [ 2.75315    -1.8776509 ]
 [ 1.1718837  -0.29713783]
 [ 0.79217833  0.10745129]
 [ 3.4433603  -2.583432  ]
 [ 2.8697107  -1.9785792 ]
 [ 3.249416   -2.3831682 ]
 [ 2.8697107  -1.9785792 ]
 [ 0.6409268   0.22617   ]
 [ 0.6409268   0.22617   ]
 [ 2.6381521  -1.732431  ]]
2025-12-21 18:08:13,689 - [INFO] - ------------------------------------------------------------
2025-12-21 18:08:13,689 - [INFO] - On Validation Set:
	Accuracy of RRL  Model: 0.902557014512785
	F1 Score of RRL  Model: 0.7110610727562401
2025-12-21 18:08:13,695 - [INFO] - On Validation Set:
Performance of  RRL Model: 
[[1242   44]
 [  97   64]]
              precision    recall  f1-score   support

           0       0.93      0.97      0.95      1286
           1       0.59      0.40      0.48       161

    accuracy                           0.90      1447
   macro avg       0.76      0.68      0.71      1447
weighted avg       0.89      0.90      0.89      1447

2025-12-21 18:08:13,695 - [INFO] - ------------------------------------------------------------
2025-12-21 18:08:14,113 - [INFO] - epoch: 40, loss_rrl: 106.28771018795669
2025-12-21 18:08:15,512 - [DEBUG] - y_true: (1447,) [0 0 0 0 0 1 0 0 0 0 0 0 0 0 0 0 0 1 0 0 0 0 0 0 1 0 0 0 0 0 0 0 0 0 0 0 0
 0 1 1 0]
2025-12-21 18:08:15,668 - [DEBUG] - y_rrl_: (1447,) [0 1 0 0 0 1 0 0 0 0 0 0 0 0 0 0 0 0 0 0 0 0 0 0 1 0 0 0 0 0 0 0 0 0 0 0 0
 0 0 0 0]
2025-12-21 18:08:15,668 - [DEBUG] - y_rrl: (1447, 2) [[ 3.366096   -2.511625  ]
 [ 0.09003945  0.71341   ]
 [ 2.289384   -1.3948106 ]
 [ 2.289384   -1.3948106 ]
 [ 3.366096   -2.511625  ]
 [-0.08171009  0.9341964 ]
 [ 3.366096   -2.511625  ]
 [ 2.9135365  -2.0581024 ]
 [ 3.366096   -2.511625  ]
 [ 1.9267013  -1.0629592 ]
 [ 2.0981674  -1.2406844 ]
 [ 3.085003   -2.2358277 ]
 [ 2.8668313  -2.003173  ]
 [ 2.976458   -2.1012454 ]
 [ 2.7711024  -1.8835373 ]
 [ 3.1479244  -2.2789705 ]
 [ 3.085003   -2.2358277 ]
 [ 1.9267013  -1.0629592 ]
 [ 2.976458   -2.1012454 ]
 [ 2.366119   -1.4999839 ]
 [ 3.1946297  -2.3338997 ]
 [ 3.1479244  -2.2789705 ]
 [ 3.366096   -2.511625  ]
 [ 2.976458   -2.1012454 ]
 [-0.08171009  0.9341964 ]
 [ 1.2696564  -0.40676817]
 [ 2.490009   -1.6077397 ]
 [ 2.976458   -2.1012454 ]
 [ 3.1479244  -2.2789705 ]
 [ 3.1479244  -2.2789705 ]
 [ 3.1946297  -2.3338997 ]
 [ 2.695365   -1.8254478 ]
 [ 1.8799958  -1.0080298 ]
 [ 1.7085295  -0.83030456]
 [ 3.366096   -2.511625  ]
 [ 2.9135365  -2.0581024 ]
 [ 3.366096   -2.511625  ]
 [ 2.976458   -2.1012454 ]
 [ 0.7468012   0.10028005]
 [ 1.1236234  -0.29515335]
 [ 2.9135365  -2.0581024 ]]
2025-12-21 18:08:15,670 - [INFO] - ------------------------------------------------------------
2025-12-21 18:08:15,670 - [INFO] - On Validation Set:
	Accuracy of RRL  Model: 0.8997926744989634
	F1 Score of RRL  Model: 0.6693457516803378
2025-12-21 18:08:15,676 - [INFO] - On Validation Set:
Performance of  RRL Model: 
[[1255   31]
 [ 114   47]]
              precision    recall  f1-score   support

           0       0.92      0.98      0.95      1286
           1       0.60      0.29      0.39       161

    accuracy                           0.90      1447
   macro avg       0.76      0.63      0.67      1447
weighted avg       0.88      0.90      0.88      1447

2025-12-21 18:08:15,676 - [INFO] - ------------------------------------------------------------
2025-12-21 18:08:15,864 - [INFO] - epoch: 41, loss_rrl: 105.89782632701099
2025-12-21 18:08:17,216 - [INFO] - epoch: 42, loss_rrl: 105.62740606442094
2025-12-21 18:08:17,265 - [DEBUG] - y_true: (1447,) [0 0 0 0 0 1 0 0 0 0 0 0 0 0 0 0 0 1 0 0 0 0 0 0 1 0 0 0 0 0 0 0 0 0 0 0 0
 0 1 1 0]
2025-12-21 18:08:17,424 - [DEBUG] - y_rrl_: (1447,) [0 1 0 0 0 1 0 0 0 0 1 0 0 0 0 0 0 0 0 0 0 0 0 0 1 0 0 0 0 0 0 0 0 0 0 0 0
 0 0 0 0]
2025-12-21 18:08:17,424 - [DEBUG] - y_rrl: (1447, 2) [[ 3.444593   -2.5955577 ]
 [ 0.16296402  0.63553864]
 [ 2.5989008  -1.7048626 ]
 [ 2.5989008  -1.7048626 ]
 [ 3.0136442  -2.1401787 ]
 [-0.01458512  0.8616304 ]
 [ 3.444593   -2.5955577 ]
 [ 3.2673087  -2.412076  ]
 [ 3.444593   -2.5955577 ]
 [ 1.5288144  -0.7063154 ]
 [ 0.40015802  0.42631423]
 [ 3.151084   -2.3073025 ]
 [ 3.151084   -2.3073025 ]
 [ 2.83636    -1.9566967 ]
 [ 3.0554771  -2.1880376 ]
 [ 3.444593   -2.5955577 ]
 [ 3.0136442  -2.1401787 ]
 [ 0.65382284  0.15441698]
 [ 1.8058517  -0.9509569 ]
 [ 2.4483666  -1.5877645 ]
 [ 3.2673087  -2.412076  ]
 [ 3.444593   -2.5955577 ]
 [ 3.444593   -2.5955577 ]
 [ 2.83636    -1.9566967 ]
 [-0.01458512  0.8616304 ]
 [ 0.59364754  0.22276932]
 [ 1.9430263  -1.0754712 ]
 [ 3.2673087  -2.412076  ]
 [ 2.625651   -1.7712464 ]
 [ 3.2071338  -2.3437235 ]
 [ 3.2673087  -2.412076  ]
 [ 2.736341   -1.8719866 ]
 [ 0.59364754  0.22276932]
 [ 0.41636357  0.40625113]
 [ 3.444593   -2.5955577 ]
 [ 3.2673087  -2.412076  ]
 [ 3.444593   -2.5955577 ]
 [ 3.2673087  -2.412076  ]
 [ 0.8043571   0.03731898]
 [ 1.1934725  -0.37020117]
 [ 3.2673087  -2.412076  ]]
2025-12-21 18:08:17,426 - [INFO] - ------------------------------------------------------------
2025-12-21 18:08:17,427 - [INFO] - On Validation Set:
	Accuracy of RRL  Model: 0.8970283344851416
	F1 Score of RRL  Model: 0.7118412101431552
2025-12-21 18:08:17,433 - [INFO] - On Validation Set:
Performance of  RRL Model: 
[[1229   57]
 [  92   69]]
              precision    recall  f1-score   support

           0       0.93      0.96      0.94      1286
           1       0.55      0.43      0.48       161

    accuracy                           0.90      1447
   macro avg       0.74      0.69      0.71      1447
weighted avg       0.89      0.90      0.89      1447

2025-12-21 18:08:17,433 - [INFO] - ------------------------------------------------------------
2025-12-21 18:08:18,813 - [INFO] - epoch: 43, loss_rrl: 107.70877357758582
2025-12-21 18:08:19,073 - [DEBUG] - y_true: (1447,) [0 0 0 0 0 1 0 0 0 0 0 0 0 0 0 0 0 1 0 0 0 0 0 0 1 0 0 0 0 0 0 0 0 0 0 0 0
 0 1 1 0]
2025-12-21 18:08:19,225 - [DEBUG] - y_rrl_: (1447,) [0 1 0 0 0 1 0 0 0 0 1 0 0 0 0 0 0 0 0 0 0 0 0 0 1 0 0 0 0 0 0 0 0 0 0 0 0
 0 1 0 0]
2025-12-21 18:08:19,225 - [DEBUG] - y_rrl: (1447, 2) [[ 3.4025695  -2.5528789 ]
 [ 0.21689938  0.5766174 ]
 [ 2.0890508  -1.2109578 ]
 [ 2.6894138  -1.801251  ]
 [ 2.3557632  -1.4919344 ]
 [ 0.01471155  0.8268518 ]
 [ 3.5926707  -2.7491164 ]
 [ 3.4025695  -2.5528789 ]
 [ 3.5926707  -2.7491164 ]
 [ 1.6303548  -0.8131197 ]
 [ 0.2814239   0.54587513]
 [ 2.0898206  -1.2704786 ]
 [ 2.6693504  -1.841077  ]
 [ 2.3557632  -1.4919344 ]
 [ 3.5926707  -2.7491164 ]
 [ 3.4025695  -2.5528789 ]
 [ 2.9561262  -2.082228  ]
 [ 0.7278675   0.0752245 ]
 [ 2.556327   -1.7013032 ]
 [ 2.556327   -1.7013032 ]
 [ 3.4025695  -2.5528789 ]
 [ 2.8022065  -1.9625851 ]
 [ 2.8022065  -1.9625851 ]
 [ 2.9561262  -2.082228  ]
 [-0.64644796  1.482367  ]
 [ 0.6512562   0.15996347]
 [ 2.0065675  -1.1446965 ]
 [ 3.4025695  -2.5528789 ]
 [ 2.1460652  -1.3072475 ]
 [ 3.3259583  -2.4681396 ]
 [ 3.4025695  -2.5528789 ]
 [ 2.2125373  -1.3638626 ]
 [ 0.46115503  0.35620117]
 [ 0.46115503  0.35620117]
 [ 2.9923077  -2.1588228 ]
 [ 3.4025695  -2.5528789 ]
 [ 2.8022065  -1.9625851 ]
 [ 3.4025695  -2.5528789 ]
 [ 0.2814239   0.54587513]
 [ 1.277858   -0.45982236]
 [ 3.4025695  -2.5528789 ]]
2025-12-21 18:08:19,227 - [INFO] - ------------------------------------------------------------
2025-12-21 18:08:19,227 - [INFO] - On Validation Set:
	Accuracy of RRL  Model: 0.899101589495508
	F1 Score of RRL  Model: 0.7285248008224107
2025-12-21 18:08:19,233 - [INFO] - On Validation Set:
Performance of  RRL Model: 
[[1224   62]
 [  84   77]]
              precision    recall  f1-score   support

           0       0.94      0.95      0.94      1286
           1       0.55      0.48      0.51       161

    accuracy                           0.90      1447
   macro avg       0.74      0.72      0.73      1447
weighted avg       0.89      0.90      0.90      1447

2025-12-21 18:08:19,233 - [INFO] - ------------------------------------------------------------
2025-12-21 18:08:20,364 - [INFO] - epoch: 44, loss_rrl: 106.85875141248107
2025-12-21 18:08:20,836 - [DEBUG] - y_true: (1447,) [0 0 0 0 0 1 0 0 0 0 0 0 0 0 0 0 0 1 0 0 0 0 0 0 1 0 0 0 0 0 0 0 0 0 0 0 0
 0 1 1 0]
2025-12-21 18:08:20,991 - [DEBUG] - y_rrl_: (1447,) [0 0 0 0 0 1 0 0 0 0 0 0 0 0 0 0 0 0 0 0 0 0 0 0 1 0 0 0 0 0 0 0 0 0 0 0 0
 0 0 0 0]
2025-12-21 18:08:20,991 - [DEBUG] - y_rrl: (1447, 2) [[ 3.6116107  -2.773576  ]
 [ 0.44074377  0.34167683]
 [ 2.5185215  -1.6475179 ]
 [ 2.5185215  -1.6475179 ]
 [ 3.6116107  -2.773576  ]
 [ 0.15482582  0.6751408 ]
 [ 3.6116107  -2.773576  ]
 [ 2.995931   -2.1489103 ]
 [ 3.6116107  -2.773576  ]
 [ 1.9443293  -1.089278  ]
 [ 1.3897557  -0.54356277]
 [ 2.4413574  -1.6031947 ]
 [ 3.278164   -2.4452968 ]
 [ 3.6116107  -2.773576  ]
 [ 3.6116107  -2.773576  ]
 [ 3.6116107  -2.773576  ]
 [ 2.995931   -2.1489103 ]
 [ 1.3897557  -0.54356277]
 [ 2.1258452  -1.2880962 ]
 [ 2.7748044  -1.931474  ]
 [ 3.6116107  -2.773576  ]
 [ 3.6116107  -2.773576  ]
 [ 3.6116107  -2.773576  ]
 [ 3.6116107  -2.773576  ]
 [-0.03385382  0.86989486]
 [ 1.3897557  -0.54356277]
 [ 2.538463   -1.6734605 ]
 [ 3.6116107  -2.773576  ]
 [ 2.7748044  -1.931474  ]
 [ 3.3293777  -2.4771895 ]
 [ 3.6116107  -2.773576  ]
 [ 3.3293777  -2.4771895 ]
 [ 1.3897557  -0.54356277]
 [ 1.3897557  -0.54356277]
 [ 3.6116107  -2.773576  ]
 [ 2.995931   -2.1489103 ]
 [ 3.6116107  -2.773576  ]
 [ 3.6116107  -2.773576  ]
 [ 0.70939934  0.12942553]
 [ 0.80295265  0.02779322]
 [ 2.995931   -2.1489103 ]]
2025-12-21 18:08:20,993 - [INFO] - ------------------------------------------------------------
2025-12-21 18:08:20,993 - [INFO] - On Validation Set:
	Accuracy of RRL  Model: 0.9060124395300622
	F1 Score of RRL  Model: 0.6886833046471601
2025-12-21 18:08:20,999 - [INFO] - On Validation Set:
Performance of  RRL Model: 
[[1260   26]
 [ 110   51]]
              precision    recall  f1-score   support

           0       0.92      0.98      0.95      1286
           1       0.66      0.32      0.43       161

    accuracy                           0.91      1447
   macro avg       0.79      0.65      0.69      1447
weighted avg       0.89      0.91      0.89      1447

2025-12-21 18:08:20,999 - [INFO] - ------------------------------------------------------------
2025-12-21 18:08:21,874 - [INFO] - epoch: 45, loss_rrl: 108.39357941225171
2025-12-21 18:08:22,595 - [DEBUG] - y_true: (1447,) [0 0 0 0 0 1 0 0 0 0 0 0 0 0 0 0 0 1 0 0 0 0 0 0 1 0 0 0 0 0 0 0 0 0 0 0 0
 0 1 1 0]
2025-12-21 18:08:22,748 - [DEBUG] - y_rrl_: (1447,) [0 0 0 0 0 1 0 0 0 0 0 0 0 0 0 0 0 0 0 0 0 0 0 0 1 0 0 0 0 0 0 0 0 0 0 0 0
 0 1 0 0]
2025-12-21 18:08:22,748 - [DEBUG] - y_rrl: (1447, 2) [[ 3.689386   -2.8509192 ]
 [ 0.8785917  -0.09005368]
 [ 2.9280782  -2.0518117 ]
 [ 2.9280782  -2.0518117 ]
 [ 3.689386   -2.8509192 ]
 [ 0.24908575  0.58137023]
 [ 3.9034     -3.0709453 ]
 [ 3.3925605  -2.540052  ]
 [ 3.9034     -3.0709453 ]
 [ 2.3224163  -1.4619741 ]
 [ 0.8200484   0.02096914]
 [ 2.429953   -1.5977577 ]
 [ 3.2608767  -2.4339387 ]
 [ 3.689386   -2.8509192 ]
 [ 3.9034     -3.0709453 ]
 [ 3.0468626  -2.2139127 ]
 [ 3.3925605  -2.540052  ]
 [ 0.8200484   0.02096914]
 [ 2.215939   -1.3777316 ]
 [ 2.8584623  -2.014738  ]
 [ 3.689386   -2.8509192 ]
 [ 3.689386   -2.8509192 ]
 [ 3.689386   -2.8509192 ]
 [ 3.689386   -2.8509192 ]
 [ 0.24908575  0.58137023]
 [ 1.0340627  -0.19905685]
 [ 2.4822507  -1.6235043 ]
 [ 3.689386   -2.8509192 ]
 [ 3.0724764  -2.2347643 ]
 [ 3.606575   -2.7600782 ]
 [ 3.689386   -2.8509192 ]
 [ 2.8584623  -2.014738  ]
 [ 0.8200484   0.02096914]
 [ 0.8200484   0.02096914]
 [ 3.9034     -3.0709453 ]
 [ 3.3925605  -2.540052  ]
 [ 3.0468626  -2.2139127 ]
 [ 3.689386   -2.8509192 ]
 [ 0.24908575  0.58137023]
 [ 0.9192869  -0.11737138]
 [ 3.3925605  -2.540052  ]]
2025-12-21 18:08:22,750 - [INFO] - ------------------------------------------------------------
2025-12-21 18:08:22,750 - [INFO] - On Validation Set:
	Accuracy of RRL  Model: 0.9053213545266068
	F1 Score of RRL  Model: 0.6725535959987381
2025-12-21 18:08:22,756 - [INFO] - On Validation Set:
Performance of  RRL Model: 
[[1265   21]
 [ 116   45]]
              precision    recall  f1-score   support

           0       0.92      0.98      0.95      1286
           1       0.68      0.28      0.40       161

    accuracy                           0.91      1447
   macro avg       0.80      0.63      0.67      1447
weighted avg       0.89      0.91      0.89      1447

2025-12-21 18:08:22,756 - [INFO] - ------------------------------------------------------------
2025-12-21 18:08:23,414 - [INFO] - epoch: 46, loss_rrl: 107.10888506285846
2025-12-21 18:08:24,355 - [DEBUG] - y_true: (1447,) [0 0 0 0 0 1 0 0 0 0 0 0 0 0 0 0 0 1 0 0 0 0 0 0 1 0 0 0 0 0 0 0 0 0 0 0 0
 0 1 1 0]
2025-12-21 18:08:24,507 - [DEBUG] - y_rrl_: (1447,) [0 1 0 0 0 1 0 0 0 0 0 0 0 0 0 0 0 0 0 0 0 0 0 0 1 0 0 0 0 0 0 0 0 0 0 0 0
 0 1 0 0]
2025-12-21 18:08:24,508 - [DEBUG] - y_rrl: (1447, 2) [[ 3.6545935  -2.8276947 ]
 [-0.16154501  0.9634372 ]
 [ 2.289794   -1.424559  ]
 [ 2.289794   -1.424559  ]
 [ 3.6545935  -2.8276947 ]
 [-0.03931881  0.86421436]
 [ 3.6545935  -2.8276947 ]
 [ 2.6080582  -1.7567554 ]
 [ 3.6545935  -2.8276947 ]
 [ 1.539715   -0.6805769 ]
 [ 1.6972916  -0.8763467 ]
 [ 2.7656348  -1.9525251 ]
 [ 3.2961686  -2.4743478 ]
 [ 3.4274971  -2.5946481 ]
 [ 3.1690037  -2.324554  ]
 [ 3.6545935  -2.8276947 ]
 [ 3.2961686  -2.4743478 ]
 [ 1.4701953  -0.6433001 ]
 [ 1.9708835  -1.1382656 ]
 [ 2.1176853  -1.2560833 ]
 [ 3.4274971  -2.5946481 ]
 [ 3.6545935  -2.8276947 ]
 [ 3.6545935  -2.8276947 ]
 [ 3.4274971  -2.5946481 ]
 [-0.03931881  0.86421436]
 [ 1.3790272  -0.54415035]
 [ 1.961781   -1.117188  ]
 [ 2.966483   -2.1101024 ]
 [ 2.8057954  -1.9736758 ]
 [ 3.336329   -2.4954984 ]
 [ 3.4274971  -2.5946481 ]
 [ 2.578699   -1.7406292 ]
 [ 1.3790272  -0.54415035]
 [ 0.690917    0.17344211]
 [ 3.6545935  -2.8276947 ]
 [ 2.6080582  -1.7567554 ]
 [ 3.6545935  -2.8276947 ]
 [ 2.966483   -2.1101024 ]
 [ 0.2789456   0.53201807]
 [ 0.8094791   0.01019532]
 [ 2.6080582  -1.7567554 ]]
2025-12-21 18:08:24,510 - [INFO] - ------------------------------------------------------------
2025-12-21 18:08:24,510 - [INFO] - On Validation Set:
	Accuracy of RRL  Model: 0.9039391845196959
	F1 Score of RRL  Model: 0.7407762548250107
2025-12-21 18:08:24,516 - [INFO] - On Validation Set:
Performance of  RRL Model: 
[[1228   58]
 [  81   80]]
              precision    recall  f1-score   support

           0       0.94      0.95      0.95      1286
           1       0.58      0.50      0.54       161

    accuracy                           0.90      1447
   macro avg       0.76      0.73      0.74      1447
weighted avg       0.90      0.90      0.90      1447

2025-12-21 18:08:24,516 - [INFO] - ------------------------------------------------------------
2025-12-21 18:08:24,967 - [INFO] - epoch: 47, loss_rrl: 107.09192241355777
2025-12-21 18:08:26,129 - [DEBUG] - y_true: (1447,) [0 0 0 0 0 1 0 0 0 0 0 0 0 0 0 0 0 1 0 0 0 0 0 0 1 0 0 0 0 0 0 0 0 0 0 0 0
 0 1 1 0]
2025-12-21 18:08:26,280 - [DEBUG] - y_rrl_: (1447,) [0 0 0 0 0 1 0 0 0 0 0 0 0 0 0 0 0 0 0 0 0 0 0 0 1 0 0 0 0 0 0 0 0 0 0 0 0
 0 0 0 0]
2025-12-21 18:08:26,281 - [DEBUG] - y_rrl: (1447, 2) [[ 3.6041622e+00 -2.7827897e+00]
 [ 7.7090478e-01  1.5706867e-03]
 [ 2.8187842e+00 -1.9602808e+00]
 [ 2.8187842e+00 -1.9602808e+00]
 [ 3.6041622e+00 -2.7827897e+00]
 [ 7.1776628e-02  7.4169910e-01]
 [ 3.6041622e+00 -2.7827897e+00]
 [ 2.9290905e+00 -2.0989275e+00]
 [ 3.6041622e+00 -2.7827897e+00]
 [ 1.0816420e+00 -2.8283614e-01]
 [ 1.0816420e+00 -2.8283614e-01]
 [ 3.2928910e+00 -2.4576964e+00]
 [ 3.6041622e+00 -2.7827897e+00]
 [ 3.6041622e+00 -2.7827897e+00]
 [ 3.1104703e+00 -2.2717619e+00]
 [ 3.6041622e+00 -2.7827897e+00]
 [ 2.9290905e+00 -2.0989275e+00]
 [ 1.0816420e+00 -2.8283614e-01]
 [ 2.7571335e+00 -1.9305760e+00]
 [ 2.7571335e+00 -1.9305760e+00]
 [ 3.6041622e+00 -2.7827897e+00]
 [ 3.6041622e+00 -2.7827897e+00]
 [ 3.6041622e+00 -2.7827897e+00]
 [ 3.6041622e+00 -2.7827897e+00]
 [-7.4564040e-01  1.5596166e+00]
 [ 5.4588395e-01  2.4428388e-01]
 [ 2.7991991e+00 -1.9466685e+00]
 [ 3.6041622e+00 -2.7827897e+00]
 [ 3.2928910e+00 -2.4576964e+00]
 [ 3.2928910e+00 -2.4576964e+00]
 [ 3.6041622e+00 -2.7827897e+00]
 [ 2.3933325e+00 -1.5718075e+00]
 [ 1.0816420e+00 -2.8283614e-01]
 [ 1.0816420e+00 -2.8283614e-01]
 [ 3.6041622e+00 -2.7827897e+00]
 [ 2.9290905e+00 -2.0989275e+00]
 [ 3.6041622e+00 -2.7827897e+00]
 [ 3.6041622e+00 -2.7827897e+00]
 [ 9.7133535e-01 -1.4418946e-01]
 [ 1.2275525e+00 -4.3070754e-01]
 [ 2.9290905e+00 -2.0989275e+00]]
2025-12-21 18:08:26,283 - [INFO] - ------------------------------------------------------------
2025-12-21 18:08:26,283 - [INFO] - On Validation Set:
	Accuracy of RRL  Model: 0.8935729094678645
	F1 Score of RRL  Model: 0.670029970621683
2025-12-21 18:08:26,289 - [INFO] - On Validation Set:
Performance of  RRL Model: 
[[1242   44]
 [ 110   51]]
              precision    recall  f1-score   support

           0       0.92      0.97      0.94      1286
           1       0.54      0.32      0.40       161

    accuracy                           0.89      1447
   macro avg       0.73      0.64      0.67      1447
weighted avg       0.88      0.89      0.88      1447

2025-12-21 18:08:26,289 - [INFO] - ------------------------------------------------------------
2025-12-21 18:08:26,501 - [INFO] - epoch: 48, loss_rrl: 107.21803652308881
2025-12-21 18:08:27,851 - [INFO] - epoch: 49, loss_rrl: 107.91905247606337
2025-12-21 18:08:27,870 - [DEBUG] - y_true: (1447,) [0 0 0 0 0 1 0 0 0 0 0 0 0 0 0 0 0 1 0 0 0 0 0 0 1 0 0 0 0 0 0 0 0 0 0 0 0
 0 1 1 0]
2025-12-21 18:08:28,023 - [DEBUG] - y_rrl_: (1447,) [0 1 0 0 0 1 0 0 0 0 0 0 0 0 0 0 0 0 0 0 0 0 0 0 1 0 0 0 0 0 0 0 0 0 0 0 0
 0 1 0 0]
2025-12-21 18:08:28,024 - [DEBUG] - y_rrl: (1447, 2) [[ 2.8626568  -2.0563037 ]
 [ 0.05835147  0.70994467]
 [ 1.9097493  -1.0607731 ]
 [ 2.489109   -1.6306446 ]
 [ 2.8626568  -2.0563037 ]
 [-0.23360044  1.0474243 ]
 [ 3.4420168  -2.6261754 ]
 [ 3.2597008  -2.43803   ]
 [ 3.4420168  -2.6261754 ]
 [ 2.18561    -1.3563068 ]
 [ 0.7193073   0.05189323]
 [ 3.0919292  -2.2810729 ]
 [ 2.7969224  -1.9723535 ]
 [ 2.385334   -1.5594392 ]
 [ 2.6522796  -1.8056047 ]
 [ 2.5676503  -1.7475846 ]
 [ 2.8626568  -2.0563037 ]
 [ 1.2798048  -0.46405312]
 [ 1.1512531  -0.3392501 ]
 [ 2.4089766  -1.5821598 ]
 [ 3.2597008  -2.43803   ]
 [ 2.5676503  -1.7475846 ]
 [ 2.8626568  -2.0563037 ]
 [ 2.385334   -1.5594392 ]
 [-0.23360044  1.0474243 ]
 [ 1.1671144  -0.34347913]
 [ 1.7464744  -0.9133507 ]
 [ 2.964694   -2.1293106 ]
 [ 2.5912929  -1.7703052 ]
 [ 3.1470103  -2.3174562 ]
 [ 3.2597008  -2.43803   ]
 [ 2.4089766  -1.5821598 ]
 [ 1.1671144  -0.34347913]
 [ 0.9847982  -0.1553337 ]
 [ 3.4420168  -2.6261754 ]
 [ 3.2597008  -2.43803   ]
 [ 2.8626568  -2.0563037 ]
 [ 2.385334   -1.5594392 ]
 [ 0.06140622  0.73870474]
 [ 0.6171236   0.19155362]
 [ 2.6803408  -1.8681583 ]]
2025-12-21 18:08:28,026 - [INFO] - ------------------------------------------------------------
2025-12-21 18:08:28,026 - [INFO] - On Validation Set:
	Accuracy of RRL  Model: 0.8963372494816862
	F1 Score of RRL  Model: 0.7500460638444885
2025-12-21 18:08:28,032 - [INFO] - On Validation Set:
Performance of  RRL Model: 
[[1202   84]
 [  66   95]]
              precision    recall  f1-score   support

           0       0.95      0.93      0.94      1286
           1       0.53      0.59      0.56       161

    accuracy                           0.90      1447
   macro avg       0.74      0.76      0.75      1447
weighted avg       0.90      0.90      0.90      1447

2025-12-21 18:08:28,032 - [INFO] - ------------------------------------------------------------
2025-12-21 18:08:29,395 - [INFO] - epoch: 50, loss_rrl: 108.30901739187539
2025-12-21 18:08:29,631 - [DEBUG] - y_true: (1447,) [0 0 0 0 0 1 0 0 0 0 0 0 0 0 0 0 0 1 0 0 0 0 0 0 1 0 0 0 0 0 0 0 0 0 0 0 0
 0 1 1 0]
2025-12-21 18:08:29,788 - [DEBUG] - y_rrl_: (1447,) [0 1 0 0 0 1 0 0 0 0 0 0 0 0 0 0 0 0 0 0 0 0 0 0 1 0 0 0 0 0 0 0 0 0 0 0 0
 0 1 0 0]
2025-12-21 18:08:29,788 - [DEBUG] - y_rrl: (1447, 2) [[ 2.8450289  -2.0383947 ]
 [ 0.14759055  0.6156039 ]
 [ 2.0487487  -1.2056651 ]
 [ 2.6190114  -1.7665532 ]
 [ 2.3564477  -1.5269641 ]
 [-0.18648908  0.99470025]
 [ 3.5899134  -2.7796755 ]
 [ 3.4152915  -2.5992827 ]
 [ 3.5899134  -2.7796755 ]
 [ 2.3137937  -1.4902544 ]
 [ 0.87693846 -0.0439804 ]
 [ 2.6416395  -1.8448325 ]
 [ 2.914059   -2.0951583 ]
 [ 2.0487487  -1.2056651 ]
 [ 3.2822144  -2.4583764 ]
 [ 2.53733    -1.717096  ]
 [ 2.3564477  -1.5269641 ]
 [ 1.3655195  -0.5554113 ]
 [ 2.53733    -1.717096  ]
 [ 2.527474   -1.7063593 ]
 [ 3.4152915  -2.5992827 ]
 [ 2.53733    -1.717096  ]
 [ 2.8450289  -2.0383947 ]
 [ 2.0487487  -1.2056651 ]
 [-0.87222576  1.6751752 ]
 [ 1.2324423  -0.4145051 ]
 [ 2.3828237  -1.5470178 ]
 [ 3.1075926  -2.277984  ]
 [ 2.7020957  -1.8867519 ]
 [ 3.2822144  -2.4583764 ]
 [ 3.4152915  -2.5992827 ]
 [ 3.1075926  -2.277984  ]
 [ 1.0578204  -0.23411247]
 [ 1.0578204  -0.23411247]
 [ 3.5899134  -2.7796755 ]
 [ 3.4152915  -2.5992827 ]
 [ 2.8450289  -2.0383947 ]
 [ 2.53733    -1.717096  ]
 [ 0.12121004  0.6734015 ]
 [ 0.70132864  0.10177675]
 [ 2.8450289  -2.0383947 ]]
2025-12-21 18:08:29,790 - [INFO] - ------------------------------------------------------------
2025-12-21 18:08:29,790 - [INFO] - On Validation Set:
	Accuracy of RRL  Model: 0.9060124395300622
	F1 Score of RRL  Model: 0.757082901298573
2025-12-21 18:08:29,796 - [INFO] - On Validation Set:
Performance of  RRL Model: 
[[1222   64]
 [  72   89]]
              precision    recall  f1-score   support

           0       0.94      0.95      0.95      1286
           1       0.58      0.55      0.57       161

    accuracy                           0.91      1447
   macro avg       0.76      0.75      0.76      1447
weighted avg       0.90      0.91      0.90      1447

2025-12-21 18:08:29,796 - [INFO] - ------------------------------------------------------------
2025-12-21 18:08:31,042 - [INFO] - epoch: 51, loss_rrl: 108.32308489643037
2025-12-21 18:08:31,546 - [DEBUG] - y_true: (1447,) [0 0 0 0 0 1 0 0 0 0 0 0 0 0 0 0 0 1 0 0 0 0 0 0 1 0 0 0 0 0 0 0 0 0 0 0 0
 0 1 1 0]
2025-12-21 18:08:31,699 - [DEBUG] - y_rrl_: (1447,) [0 1 0 0 0 1 0 0 0 0 0 0 0 0 0 0 0 0 0 0 0 0 0 0 1 0 0 0 0 0 0 0 0 0 0 0 0
 0 1 1 0]
2025-12-21 18:08:31,700 - [DEBUG] - y_rrl: (1447, 2) [[ 3.403982   -2.593667  ]
 [ 0.36509198  0.3872592 ]
 [ 2.2019823  -1.3604547 ]
 [ 2.3826106  -1.546795  ]
 [ 3.403982   -2.593667  ]
 [-0.22023717  1.0228064 ]
 [ 3.5846102  -2.7800074 ]
 [ 2.8962953  -2.0830956 ]
 [ 3.5846102  -2.7800074 ]
 [ 1.8065324  -0.98590344]
 [ 1.0313861  -0.21346495]
 [ 2.3017771  -1.4969972 ]
 [ 2.8962953  -2.0830956 ]
 [ 3.1028268  -2.2790258 ]
 [ 3.2834547  -2.465366  ]
 [ 3.1028268  -2.2790258 ]
 [ 2.7156675  -1.8967551 ]
 [ 1.2120142  -0.3998053 ]
 [ 1.8467803  -1.0365988 ]
 [ 2.688936   -1.8792673 ]
 [ 3.5846102  -2.7800074 ]
 [ 3.1028268  -2.2790258 ]
 [ 3.403982   -2.593667  ]
 [ 3.1028268  -2.2790258 ]
 [-0.22023717  1.0228064 ]
 [ 0.47407573  0.30016547]
 [ 2.3437512  -1.5138606 ]
 [ 3.2834547  -2.465366  ]
 [ 2.688936   -1.8792673 ]
 [ 3.2834547  -2.465366  ]
 [ 3.5846102  -2.7800074 ]
 [ 2.688936   -1.8792673 ]
 [ 1.0313861  -0.21346495]
 [ 1.0313861  -0.21346495]
 [ 3.5846102  -2.7800074 ]
 [ 2.8962953  -2.0830956 ]
 [ 3.403982   -2.593667  ]
 [ 3.1028268  -2.2790258 ]
 [ 0.3475498   0.4541958 ]
 [ 0.37428105  0.43670803]
 [ 2.7156675  -1.8967551 ]]
2025-12-21 18:08:31,702 - [INFO] - ------------------------------------------------------------
2025-12-21 18:08:31,702 - [INFO] - On Validation Set:
	Accuracy of RRL  Model: 0.9067035245335177
	F1 Score of RRL  Model: 0.7660328772045393
2025-12-21 18:08:31,708 - [INFO] - On Validation Set:
Performance of  RRL Model: 
[[1217   69]
 [  66   95]]
              precision    recall  f1-score   support

           0       0.95      0.95      0.95      1286
           1       0.58      0.59      0.58       161

    accuracy                           0.91      1447
   macro avg       0.76      0.77      0.77      1447
weighted avg       0.91      0.91      0.91      1447

2025-12-21 18:08:31,708 - [INFO] - ------------------------------------------------------------
2025-12-21 18:08:32,717 - [INFO] - epoch: 52, loss_rrl: 109.03879868797958
2025-12-21 18:08:33,445 - [DEBUG] - y_true: (1447,) [0 0 0 0 0 1 0 0 0 0 0 0 0 0 0 0 0 1 0 0 0 0 0 0 1 0 0 0 0 0 0 0 0 0 0 0 0
 0 1 1 0]
2025-12-21 18:08:33,599 - [DEBUG] - y_rrl_: (1447,) [0 0 0 0 0 1 0 0 0 0 0 0 0 0 0 0 0 0 0 0 0 0 0 0 1 1 0 0 0 0 0 0 0 0 0 0 0
 0 1 0 0]
2025-12-21 18:08:33,600 - [DEBUG] - y_rrl: (1447, 2) [[ 3.6532981  -2.8486903 ]
 [ 0.46068665  0.2922297 ]
 [ 2.454066   -1.6185482 ]
 [ 2.454066   -1.6185482 ]
 [ 3.6532981  -2.8486903 ]
 [-0.615794    1.4075663 ]
 [ 3.8366764  -3.0377228 ]
 [ 2.9714582  -2.1583197 ]
 [ 3.8366764  -3.0377228 ]
 [ 1.146201   -0.36332268]
 [ 0.5333048   0.24122544]
 [ 2.5419405  -1.7428038 ]
 [ 2.8099024  -2.0209265 ]
 [ 3.6532981  -2.8486903 ]
 [ 3.8366764  -3.0377228 ]
 [ 3.6532981  -2.8486903 ]
 [ 2.9714582  -2.1583197 ]
 [ 0.5333048   0.24122544]
 [ 2.1219227  -1.3174284 ]
 [ 2.7536294  -1.943998  ]
 [ 3.6532981  -2.8486903 ]
 [ 3.6532981  -2.8486903 ]
 [ 3.6532981  -2.8486903 ]
 [ 3.6532981  -2.8486903 ]
 [-0.615794    1.4075663 ]
 [ 0.08497631  0.6787625 ]
 [ 1.9828517  -1.1672386 ]
 [ 3.6532981  -2.8486903 ]
 [ 2.9370077  -2.1330307 ]
 [ 3.5499036  -2.7375786 ]
 [ 3.6532981  -2.8486903 ]
 [ 3.3665254  -2.548546  ]
 [ 0.5333048   0.24122544]
 [ 0.5333048   0.24122544]
 [ 3.8366764  -3.0377228 ]
 [ 2.9714582  -2.1583197 ]
 [ 3.6532981  -2.8486903 ]
 [ 3.6532981  -2.8486903 ]
 [ 0.01591256  0.7809967 ]
 [ 0.91558135 -0.12369554]
 [ 2.9714582  -2.1583197 ]]
2025-12-21 18:08:33,603 - [INFO] - ------------------------------------------------------------
2025-12-21 18:08:33,603 - [INFO] - On Validation Set:
	Accuracy of RRL  Model: 0.9011748445058743
	F1 Score of RRL  Model: 0.7268272268450493
2025-12-21 18:08:33,609 - [INFO] - On Validation Set:
Performance of  RRL Model: 
[[1230   56]
 [  87   74]]
              precision    recall  f1-score   support

           0       0.93      0.96      0.95      1286
           1       0.57      0.46      0.51       161

    accuracy                           0.90      1447
   macro avg       0.75      0.71      0.73      1447
weighted avg       0.89      0.90      0.90      1447

2025-12-21 18:08:33,609 - [INFO] - ------------------------------------------------------------
2025-12-21 18:08:34,566 - [INFO] - epoch: 53, loss_rrl: 109.21426706947386
2025-12-21 18:08:35,425 - [DEBUG] - y_true: (1447,) [0 0 0 0 0 1 0 0 0 0 0 0 0 0 0 0 0 1 0 0 0 0 0 0 1 0 0 0 0 0 0 0 0 0 0 0 0
 0 1 1 0]
2025-12-21 18:08:35,575 - [DEBUG] - y_rrl_: (1447,) [0 0 0 0 0 1 0 0 0 0 0 0 0 0 0 0 0 0 0 0 0 0 0 0 1 0 0 0 0 0 0 0 0 0 0 0 0
 0 1 0 0]
2025-12-21 18:08:35,576 - [DEBUG] - y_rrl: (1447, 2) [[ 3.7546172  -2.9613218 ]
 [ 0.3762444   0.37151933]
 [ 2.1981206  -1.3728713 ]
 [ 2.750798   -1.9165084 ]
 [ 3.2019398  -2.4176846 ]
 [-0.7119261   1.4980936 ]
 [ 3.7546172  -2.9613218 ]
 [ 3.558218   -2.7593265 ]
 [ 3.7546172  -2.9613218 ]
 [ 2.4285135  -1.6223978 ]
 [ 1.6229976  -0.8355461 ]
 [ 2.2000246  -1.4288374 ]
 [ 2.201802   -1.4274149 ]
 [ 3.0055406  -2.2156892 ]
 [ 3.7546172  -2.9613218 ]
 [ 3.7546172  -2.9613218 ]
 [ 3.7546172  -2.9613218 ]
 [ 1.4265982  -0.6335507 ]
 [ 2.0478165  -1.2490187 ]
 [ 2.65399    -1.8501164 ]
 [ 3.558218   -2.7593265 ]
 [ 3.2019398  -2.4176846 ]
 [ 3.2019398  -2.4176846 ]
 [ 3.558218   -2.7593265 ]
 [-0.7119261   1.4980936 ]
 [ 0.7205473   0.07508612]
 [ 1.8793982  -1.0696489 ]
 [ 3.558218   -2.7593265 ]
 [ 2.297712   -1.5084746 ]
 [ 3.4583406  -2.6517873 ]
 [ 3.558218   -2.7593265 ]
 [ 2.1013126  -1.3064792 ]
 [ 1.3267208  -0.52601165]
 [ 1.1303213  -0.3240162 ]
 [ 3.2019398  -2.4176846 ]
 [ 3.558218   -2.7593265 ]
 [ 3.2019398  -2.4176846 ]
 [ 3.558218   -2.7593265 ]
 [ 0.19052424  0.5874614 ]
 [ 0.7984753  -0.01221382]
 [ 3.558218   -2.7593265 ]]
2025-12-21 18:08:35,578 - [INFO] - ------------------------------------------------------------
2025-12-21 18:08:35,578 - [INFO] - On Validation Set:
	Accuracy of RRL  Model: 0.902557014512785
	F1 Score of RRL  Model: 0.735479554886563
2025-12-21 18:08:35,584 - [INFO] - On Validation Set:
Performance of  RRL Model: 
[[1228   58]
 [  83   78]]
              precision    recall  f1-score   support

           0       0.94      0.95      0.95      1286
           1       0.57      0.48      0.53       161

    accuracy                           0.90      1447
   macro avg       0.76      0.72      0.74      1447
weighted avg       0.90      0.90      0.90      1447

2025-12-21 18:08:35,584 - [INFO] - ------------------------------------------------------------
2025-12-21 18:08:36,035 - [INFO] - epoch: 54, loss_rrl: 110.31833549030125
2025-12-21 18:08:37,128 - [DEBUG] - y_true: (1447,) [0 0 0 0 0 1 0 0 0 0 0 0 0 0 0 0 0 1 0 0 0 0 0 0 1 0 0 0 0 0 0 0 0 0 0 0 0
 0 1 1 0]
2025-12-21 18:08:37,279 - [DEBUG] - y_rrl_: (1447,) [0 0 0 0 0 1 0 0 0 0 1 0 0 0 0 0 0 0 0 0 0 0 0 0 1 0 0 0 0 0 0 0 0 0 0 0 0
 0 0 0 0]
2025-12-21 18:08:37,279 - [DEBUG] - y_rrl: (1447, 2) [[ 3.7584116  -2.970771  ]
 [ 0.5661177   0.1709534 ]
 [ 2.3946183  -1.5808656 ]
 [ 2.9661973  -2.1435132 ]
 [ 2.6658523  -1.8652434 ]
 [ 0.09080589  0.68923503]
 [ 3.7584116  -2.970771  ]
 [ 3.7584116  -2.970771  ]
 [ 3.7584116  -2.970771  ]
 [ 1.8999158  -1.1419712 ]
 [ 0.3620399   0.40485725]
 [ 2.1699371  -1.4041754 ]
 [ 2.522985   -1.7358778 ]
 [ 2.3946183  -1.5808656 ]
 [ 2.9110653  -2.0942273 ]
 [ 3.4871776  -2.6863933 ]
 [ 3.2374313  -2.427891  ]
 [ 0.88302034 -0.13802297]
 [ 2.2411149  -1.4535486 ]
 [ 2.8628957  -2.070313  ]
 [ 3.7584116  -2.970771  ]
 [ 2.9155986  -2.1237457 ]
 [ 3.1868327  -2.4081235 ]
 [ 2.9661973  -2.1435132 ]
 [-0.7314103   1.511972  ]
 [ 0.61178637  0.14635485]
 [ 2.518452   -1.7063594 ]
 [ 3.4871776  -2.6863933 ]
 [ 2.2913167  -1.5076654 ]
 [ 3.4871776  -2.6863933 ]
 [ 3.7584116  -2.970771  ]
 [ 2.2913167  -1.5076654 ]
 [ 0.61178637  0.14635485]
 [ 0.61178637  0.14635485]
 [ 3.1868327  -2.4081235 ]
 [ 3.7584116  -2.970771  ]
 [ 3.1868327  -2.4081235 ]
 [ 3.4871776  -2.6863933 ]
 [ 0.7546534   0.01698937]
 [ 0.7858866  -0.00525052]
 [ 3.7584116  -2.970771  ]]
2025-12-21 18:08:37,281 - [INFO] - ------------------------------------------------------------
2025-12-21 18:08:37,281 - [INFO] - On Validation Set:
	Accuracy of RRL  Model: 0.8997926744989634
	F1 Score of RRL  Model: 0.7142469966074364
2025-12-21 18:08:37,287 - [INFO] - On Validation Set:
Performance of  RRL Model: 
[[1234   52]
 [  93   68]]
              precision    recall  f1-score   support

           0       0.93      0.96      0.94      1286
           1       0.57      0.42      0.48       161

    accuracy                           0.90      1447
   macro avg       0.75      0.69      0.71      1447
weighted avg       0.89      0.90      0.89      1447

2025-12-21 18:08:37,287 - [INFO] - ------------------------------------------------------------
2025-12-21 18:08:37,529 - [INFO] - epoch: 55, loss_rrl: 110.14916768297553
2025-12-21 18:08:38,846 - [DEBUG] - y_true: (1447,) [0 0 0 0 0 1 0 0 0 0 0 0 0 0 0 0 0 1 0 0 0 0 0 0 1 0 0 0 0 0 0 0 0 0 0 0 0
 0 1 1 0]
2025-12-21 18:08:38,998 - [DEBUG] - y_rrl_: (1447,) [0 0 0 0 0 1 0 0 0 0 0 0 0 0 0 0 0 0 0 0 0 0 0 0 1 0 0 0 0 0 0 0 0 0 0 0 0
 0 1 0 0]
2025-12-21 18:08:38,999 - [DEBUG] - y_rrl: (1447, 2) [[ 3.2453542  -2.4722245 ]
 [ 0.7761606  -0.0340382 ]
 [ 2.2125301  -1.3992325 ]
 [ 2.7696729  -1.9475534 ]
 [ 3.2453542  -2.4722245 ]
 [-0.09355199  0.87343735]
 [ 3.802497   -3.0205452 ]
 [ 3.5932994  -2.8058698 ]
 [ 3.802497   -3.0205452 ]
 [ 2.4577062  -1.6632553 ]
 [ 1.6490365  -0.87289006]
 [ 3.802497   -3.0205452 ]
 [ 3.5260262  -2.7310445 ]
 [ 2.759686   -1.9680485 ]
 [ 2.947576   -2.1367505 ]
 [ 2.9688835  -2.1827235 ]
 [ 3.2453542  -2.4722245 ]
 [ 1.439839   -0.65821475]
 [ 1.4859253  -0.70737344]
 [ 2.6869311  -1.8946005 ]
 [ 3.5932994  -2.8058698 ]
 [ 2.9688835  -2.1827235 ]
 [ 3.2453542  -2.4722245 ]
 [ 2.759686   -1.9680485 ]
 [-0.737415    1.5123434 ]
 [ 0.66280144  0.08994608]
 [ 2.947576   -2.1367505 ]
 [ 3.3168287  -2.516369  ]
 [ 2.8961287  -2.1092758 ]
 [ 3.5260262  -2.7310445 ]
 [ 3.5932994  -2.8058698 ]
 [ 2.6869311  -1.8946005 ]
 [ 1.3725661  -0.5833891 ]
 [ 1.1633686  -0.36871374]
 [ 3.802497   -3.0205452 ]
 [ 3.5932994  -2.8058698 ]
 [ 3.2453542  -2.4722245 ]
 [ 2.759686   -1.9680485 ]
 [ 0.18291849  0.5839364 ]
 [ 1.2007855  -0.42110416]
 [ 3.0361567  -2.257549  ]]
2025-12-21 18:08:39,001 - [INFO] - ------------------------------------------------------------
2025-12-21 18:08:39,001 - [INFO] - On Validation Set:
	Accuracy of RRL  Model: 0.9101589495507948
	F1 Score of RRL  Model: 0.7396646405597813
2025-12-21 18:08:39,007 - [INFO] - On Validation Set:
Performance of  RRL Model: 
[[1244   42]
 [  88   73]]
              precision    recall  f1-score   support

           0       0.93      0.97      0.95      1286
           1       0.63      0.45      0.53       161

    accuracy                           0.91      1447
   macro avg       0.78      0.71      0.74      1447
weighted avg       0.90      0.91      0.90      1447

2025-12-21 18:08:39,007 - [INFO] - ------------------------------------------------------------
2025-12-21 18:08:39,036 - [INFO] - epoch: 56, loss_rrl: 109.0196727514267
2025-12-21 18:08:40,344 - [INFO] - epoch: 57, loss_rrl: 109.21697805449367
2025-12-21 18:08:40,544 - [DEBUG] - y_true: (1447,) [0 0 0 0 0 1 0 0 0 0 0 0 0 0 0 0 0 1 0 0 0 0 0 0 1 0 0 0 0 0 0 0 0 0 0 0 0
 0 1 1 0]
2025-12-21 18:08:40,694 - [DEBUG] - y_rrl_: (1447,) [0 1 0 0 0 1 0 0 0 0 0 0 0 0 0 0 0 0 0 0 0 0 0 0 1 0 0 0 0 0 0 0 0 0 0 0 0
 0 0 0 0]
2025-12-21 18:08:40,694 - [DEBUG] - y_rrl: (1447, 2) [[ 3.8284302  -3.0522156 ]
 [ 0.32805896  0.40413603]
 [ 2.1988955  -1.3916357 ]
 [ 2.7639549  -1.9479828 ]
 [ 3.2633708  -2.4958684 ]
 [-0.13657396  0.91072   ]
 [ 3.8284302  -3.0522156 ]
 [ 3.6121693  -2.830536  ]
 [ 3.8284302  -3.0522156 ]
 [ 2.4753237  -1.6867713 ]
 [ 1.6411409  -0.87071264]
 [ 2.212927   -1.4581301 ]
 [ 2.979988   -2.1995692 ]
 [ 2.7637272  -1.9778895 ]
 [ 3.5450475  -2.7559164 ]
 [ 3.5450475  -2.7559164 ]
 [ 3.8284302  -3.0522156 ]
 [ 1.42488    -0.64903295]
 [ 2.0258117  -1.244215  ]
 [ 2.6977968  -1.9113023 ]
 [ 3.6121693  -2.830536  ]
 [ 2.979988   -2.1995692 ]
 [ 3.2633708  -2.4958684 ]
 [ 3.3287866  -2.5342367 ]
 [-0.80855894  1.5778073 ]
 [ 0.6445189   0.10278644]
 [ 1.922818   -1.1307604 ]
 [ 3.3287866  -2.5342367 ]
 [ 2.3489985  -1.5766349 ]
 [ 3.5450475  -2.7559164 ]
 [ 3.6121693  -2.830536  ]
 [ 2.1327374  -1.3549552 ]
 [ 1.3577585  -0.5744133 ]
 [ 1.1414976  -0.35273352]
 [ 3.2633708  -2.4958684 ]
 [ 3.6121693  -2.830536  ]
 [ 3.2633708  -2.4958684 ]
 [ 3.3287866  -2.5342367 ]
 [ 0.5662624   0.19961645]
 [ 1.7690383  -1.0107352 ]
 [ 3.6121693  -2.830536  ]]
2025-12-21 18:08:40,696 - [INFO] - ------------------------------------------------------------
2025-12-21 18:08:40,696 - [INFO] - On Validation Set:
	Accuracy of RRL  Model: 0.9046302695231514
	F1 Score of RRL  Model: 0.7306054719119314
2025-12-21 18:08:40,702 - [INFO] - On Validation Set:
Performance of  RRL Model: 
[[1236   50]
 [  88   73]]
              precision    recall  f1-score   support

           0       0.93      0.96      0.95      1286
           1       0.59      0.45      0.51       161

    accuracy                           0.90      1447
   macro avg       0.76      0.71      0.73      1447
weighted avg       0.90      0.90      0.90      1447

2025-12-21 18:08:40,702 - [INFO] - ------------------------------------------------------------
2025-12-21 18:08:41,820 - [INFO] - epoch: 58, loss_rrl: 110.00182563439012
2025-12-21 18:08:42,231 - [DEBUG] - y_true: (1447,) [0 0 0 0 0 1 0 0 0 0 0 0 0 0 0 0 0 1 0 0 0 0 0 0 1 0 0 0 0 0 0 0 0 0 0 0 0
 0 1 1 0]
2025-12-21 18:08:42,382 - [DEBUG] - y_rrl_: (1447,) [0 0 0 0 0 1 0 0 0 0 0 0 0 0 0 0 0 0 0 0 0 0 0 0 1 1 0 0 0 0 0 0 0 0 0 0 0
 0 1 1 0]
2025-12-21 18:08:42,383 - [DEBUG] - y_rrl: (1447, 2) [[ 3.6499407  -2.874104  ]
 [ 0.5997132   0.12189018]
 [ 2.3425906  -1.5373638 ]
 [ 2.5460808  -1.7462146 ]
 [ 3.6499407  -2.874104  ]
 [-0.78244245  1.5460128 ]
 [ 3.853431   -3.082955  ]
 [ 3.1299222  -2.3512435 ]
 [ 3.853431   -3.082955  ]
 [ 1.964555   -1.1790601 ]
 [ 0.51138574  0.26664835]
 [ 1.8802433  -1.114386  ]
 [ 2.489049   -1.7152094 ]
 [ 3.3579485  -2.5693076 ]
 [ 3.5614388  -2.7781587 ]
 [ 2.7170753  -1.9332734 ]
 [ 2.926432   -2.1423926 ]
 [ 0.71487594  0.05779754]
 [ 2.1082697  -1.33245   ]
 [ 2.9526331  -2.1773353 ]
 [ 3.853431   -3.082955  ]
 [ 3.3579485  -2.5693076 ]
 [ 3.6499407  -2.874104  ]
 [ 3.3579485  -2.5693076 ]
 [-0.78244245  1.5460128 ]
 [ 0.00488923  0.73213327]
 [ 1.8942251  -1.104966  ]
 [ 3.5614388  -2.7781587 ]
 [ 2.31176    -1.5413011 ]
 [ 3.5614388  -2.7781587 ]
 [ 3.853431   -3.082955  ]
 [ 2.9526331  -2.1773353 ]
 [ 0.51138574  0.26664835]
 [ 0.51138574  0.26664835]
 [ 3.853431   -3.082955  ]
 [ 3.1299222  -2.3512435 ]
 [ 3.0090675  -2.2380698 ]
 [ 3.3579485  -2.5693076 ]
 [-0.14743559  0.91024727]
 [-0.1736366   0.94518965]
 [ 2.926432   -2.1423926 ]]
2025-12-21 18:08:42,385 - [INFO] - ------------------------------------------------------------
2025-12-21 18:08:42,385 - [INFO] - On Validation Set:
	Accuracy of RRL  Model: 0.9080856945404284
	F1 Score of RRL  Model: 0.7548622866918109
2025-12-21 18:08:42,391 - [INFO] - On Validation Set:
Performance of  RRL Model: 
[[1229   57]
 [  76   85]]
              precision    recall  f1-score   support

           0       0.94      0.96      0.95      1286
           1       0.60      0.53      0.56       161

    accuracy                           0.91      1447
   macro avg       0.77      0.74      0.75      1447
weighted avg       0.90      0.91      0.91      1447

2025-12-21 18:08:42,391 - [INFO] - ------------------------------------------------------------
2025-12-21 18:08:43,297 - [INFO] - epoch: 59, loss_rrl: 109.35735455714166
2025-12-21 18:08:43,922 - [DEBUG] - y_true: (1447,) [0 0 0 0 0 1 0 0 0 0 0 0 0 0 0 0 0 1 0 0 0 0 0 0 1 0 0 0 0 0 0 0 0 0 0 0 0
 0 1 1 0]
2025-12-21 18:08:44,072 - [DEBUG] - y_rrl_: (1447,) [0 0 0 0 0 1 0 0 0 0 0 0 0 0 0 0 0 0 0 0 0 0 0 0 1 0 0 0 0 0 0 0 0 0 0 0 0
 0 0 0 0]
2025-12-21 18:08:44,073 - [DEBUG] - y_rrl: (1447, 2) [[ 3.9865348  -3.2165074 ]
 [ 0.5967077   0.144777  ]
 [ 2.5068858  -1.6880054 ]
 [ 2.5068858  -1.6880054 ]
 [ 2.8053124  -1.9991252 ]
 [ 0.21026304  0.552403  ]
 [ 4.187719   -3.4229937 ]
 [ 3.3859453  -2.6007109 ]
 [ 4.187719   -3.4229937 ]
 [ 2.8149538  -2.038213  ]
 [ 1.2076632  -0.42243063]
 [ 3.585449   -2.8286324 ]
 [ 2.9685524  -2.193402  ]
 [ 3.405902   -2.6149216 ]
 [ 4.187719   -3.4229937 ]
 [ 3.9865348  -3.2165074 ]
 [ 3.405902   -2.6149216 ]
 [ 1.7882961  -1.0240166 ]
 [ 1.8666729  -1.0814351 ]
 [ 2.4852493  -1.6952302 ]
 [ 3.9865348  -3.2165074 ]
 [ 3.9865348  -3.2165074 ]
 [ 3.3859453  -2.6007109 ]
 [ 3.405902   -2.6149216 ]
 [ 0.21026304  0.552403  ]
 [ 1.072477   -0.3055882 ]
 [ 2.686433   -1.9017164 ]
 [ 3.3859453  -2.6007109 ]
 [ 2.686433   -1.9017164 ]
 [ 3.8892918  -3.111874  ]
 [ 3.9865348  -3.2165074 ]
 [ 2.4852493  -1.6952302 ]
 [ 1.4898697  -0.71289694]
 [ 1.4898697  -0.71289694]
 [ 4.187719   -3.4229937 ]
 [ 3.3859453  -2.6007109 ]
 [ 3.3859453  -2.6007109 ]
 [ 3.3859453  -2.6007109 ]
 [ 0.50868946  0.2412833 ]
 [ 2.1359363  -1.3887097 ]
 [ 3.3859453  -2.6007109 ]]
2025-12-21 18:08:44,075 - [INFO] - ------------------------------------------------------------
2025-12-21 18:08:44,075 - [INFO] - On Validation Set:
	Accuracy of RRL  Model: 0.9046302695231514
	F1 Score of RRL  Model: 0.663365835895776
2025-12-21 18:08:44,081 - [INFO] - On Validation Set:
Performance of  RRL Model: 
[[1267   19]
 [ 119   42]]
              precision    recall  f1-score   support

           0       0.91      0.99      0.95      1286
           1       0.69      0.26      0.38       161

    accuracy                           0.90      1447
   macro avg       0.80      0.62      0.66      1447
weighted avg       0.89      0.90      0.88      1447

2025-12-21 18:08:44,081 - [INFO] - ------------------------------------------------------------
2025-12-21 18:08:44,784 - [INFO] - epoch: 60, loss_rrl: 109.32143893279135
2025-12-21 18:08:45,620 - [DEBUG] - y_true: (1447,) [0 0 0 0 0 1 0 0 0 0 0 0 0 0 0 0 0 1 0 0 0 0 0 0 1 0 0 0 0 0 0 0 0 0 0 0 0
 0 1 1 0]
2025-12-21 18:08:45,771 - [DEBUG] - y_rrl_: (1447,) [0 1 0 0 0 1 0 0 0 0 0 0 0 0 0 0 0 0 0 0 0 0 0 0 1 0 0 0 0 0 0 0 0 0 0 0 0
 0 1 0 0]
2025-12-21 18:08:45,772 - [DEBUG] - y_rrl: (1447, 2) [[ 3.9559412e+00 -3.1969380e+00]
 [-4.1695118e-02  7.7892590e-01]
 [ 2.2846925e+00 -1.4955267e+00]
 [ 2.8557036e+00 -2.0581548e+00]
 [ 3.3849301e+00 -2.6343102e+00]
 [-6.8611652e-02  8.2556278e-01]
 [ 3.9559412e+00 -3.1969380e+00]
 [ 2.8557036e+00 -2.0581548e+00]
 [ 3.9559412e+00 -3.1969380e+00]
 [ 1.6772799e+00 -8.7311792e-01]
 [ 7.3024076e-01  7.4600056e-04]
 [ 2.0325625e+00 -1.2817001e+00]
 [ 2.8044341e+00 -2.0585382e+00]
 [ 3.1735802e+00 -2.4177136e+00]
 [ 3.9559412e+00 -3.1969380e+00]
 [ 3.9559412e+00 -3.1969380e+00]
 [ 3.6545560e+00 -2.8829718e+00]
 [ 1.2137997e+00 -4.4269499e-01]
 [ 2.8627100e+00 -2.0906034e+00]
 [ 2.2192924e+00 -1.4295777e+00]
 [ 3.7445912e+00 -2.9803414e+00]
 [ 3.3849301e+00 -2.6343102e+00]
 [ 3.3849301e+00 -2.6343102e+00]
 [ 3.7445912e+00 -2.9803414e+00]
 [-6.8611652e-02  8.2556278e-01]
 [ 8.4465361e-01 -8.3519638e-02]
 [ 2.6325722e+00 -1.8504962e+00]
 [ 3.1570890e+00 -2.3721213e+00]
 [ 2.4471338e+00 -1.6917665e+00]
 [ 3.6545560e+00 -2.8829718e+00]
 [ 3.7445912e+00 -2.9803414e+00]
 [ 2.2357838e+00 -1.4751700e+00]
 [ 1.4251497e+00 -6.5929139e-01]
 [ 6.2629706e-01  1.6552532e-01]
 [ 3.3849301e+00 -2.6343102e+00]
 [ 2.8557036e+00 -2.0581548e+00]
 [ 3.3849301e+00 -2.6343102e+00]
 [ 3.1570890e+00 -2.3721213e+00]
 [-6.8611652e-02  8.2556278e-01]
 [ 1.2837563e+00 -5.2704692e-01]
 [ 2.8557036e+00 -2.0581548e+00]]
2025-12-21 18:08:45,774 - [INFO] - ------------------------------------------------------------
2025-12-21 18:08:45,774 - [INFO] - On Validation Set:
	Accuracy of RRL  Model: 0.9053213545266068
	F1 Score of RRL  Model: 0.7211173369835109
2025-12-21 18:08:45,780 - [INFO] - On Validation Set:
Performance of  RRL Model: 
[[1243   43]
 [  94   67]]
              precision    recall  f1-score   support

           0       0.93      0.97      0.95      1286
           1       0.61      0.42      0.49       161

    accuracy                           0.91      1447
   macro avg       0.77      0.69      0.72      1447
weighted avg       0.89      0.91      0.90      1447

2025-12-21 18:08:45,780 - [INFO] - ------------------------------------------------------------
2025-12-21 18:08:46,261 - [INFO] - epoch: 61, loss_rrl: 108.52007794380188
2025-12-21 18:08:47,309 - [DEBUG] - y_true: (1447,) [0 0 0 0 0 1 0 0 0 0 0 0 0 0 0 0 0 1 0 0 0 0 0 0 1 0 0 0 0 0 0 0 0 0 0 0 0
 0 1 1 0]
2025-12-21 18:08:47,460 - [DEBUG] - y_rrl_: (1447,) [0 0 0 0 0 1 0 0 0 0 0 0 0 0 0 0 0 0 0 0 0 0 0 0 1 0 0 0 0 0 0 0 0 0 0 0 0
 0 0 0 0]
2025-12-21 18:08:47,461 - [DEBUG] - y_rrl: (1447, 2) [[ 4.0724053  -3.3191605 ]
 [ 1.2040024  -0.49346766]
 [ 2.6456628  -1.8677387 ]
 [ 3.1813297  -2.39513   ]
 [ 2.938671   -2.173217  ]
 [ 0.24491216  0.50110966]
 [ 4.0724053  -3.3191605 ]
 [ 4.0724053  -3.3191605 ]
 [ 4.0724053  -3.3191605 ]
 [ 3.3136637  -2.5948946 ]
 [ 1.6367154  -0.9096783 ]
 [ 2.8892043  -2.1519978 ]
 [ 3.2437294  -2.4862914 ]
 [ 2.6456628  -1.8677387 ]
 [ 3.7793963  -3.0136824 ]
 [ 3.7793963  -3.0136824 ]
 [ 3.474338   -2.700608  ]
 [ 2.2347817  -1.5282308 ]
 [ 3.1459439  -2.3848965 ]
 [ 3.1318626  -2.3739104 ]
 [ 4.0724053  -3.3191605 ]
 [ 3.2437294  -2.4862914 ]
 [ 3.5367377  -2.7917695 ]
 [ 3.1813297  -2.39513   ]
 [-0.5836718   1.3302189 ]
 [ 1.4061067  -0.6953618 ]
 [ 3.2162683  -2.4357634 ]
 [ 3.7793963  -3.0136824 ]
 [ 2.5961957  -1.8465192 ]
 [ 3.7793963  -3.0136824 ]
 [ 4.0724053  -3.3191605 ]
 [ 2.5961957  -1.8465192 ]
 [ 1.9417737  -1.2227527 ]
 [ 1.4061067  -0.6953618 ]
 [ 3.5367377  -2.7917695 ]
 [ 4.0724053  -3.3191605 ]
 [ 3.5367377  -2.7917695 ]
 [ 3.7793963  -3.0136824 ]
 [ 0.5379206   0.1956316 ]
 [ 0.99032265 -0.24381706]
 [ 4.0724053  -3.3191605 ]]
2025-12-21 18:08:47,463 - [INFO] - ------------------------------------------------------------
2025-12-21 18:08:47,463 - [INFO] - On Validation Set:
	Accuracy of RRL  Model: 0.9004837595024188
	F1 Score of RRL  Model: 0.6626078395813363
2025-12-21 18:08:47,468 - [INFO] - On Validation Set:
Performance of  RRL Model: 
[[1259   27]
 [ 117   44]]
              precision    recall  f1-score   support

           0       0.91      0.98      0.95      1286
           1       0.62      0.27      0.38       161

    accuracy                           0.90      1447
   macro avg       0.77      0.63      0.66      1447
weighted avg       0.88      0.90      0.88      1447

2025-12-21 18:08:47,469 - [INFO] - ------------------------------------------------------------
2025-12-21 18:08:47,741 - [INFO] - epoch: 62, loss_rrl: 108.46167463064194
2025-12-21 18:08:49,015 - [DEBUG] - y_true: (1447,) [0 0 0 0 0 1 0 0 0 0 0 0 0 0 0 0 0 1 0 0 0 0 0 0 1 0 0 0 0 0 0 0 0 0 0 0 0
 0 1 1 0]
2025-12-21 18:08:49,166 - [DEBUG] - y_rrl_: (1447,) [0 0 0 0 0 1 0 0 0 0 0 0 0 0 0 0 0 0 0 0 0 0 0 0 1 0 0 0 0 0 0 0 0 0 0 0 0
 0 1 0 0]
2025-12-21 18:08:49,167 - [DEBUG] - y_rrl: (1447, 2) [[ 3.839216   -3.0916958 ]
 [ 0.35389337  0.3521831 ]
 [ 2.275255   -1.4981549 ]
 [ 2.7315428  -1.9462676 ]
 [ 3.3829281  -2.643583  ]
 [-0.14283197  0.8883789 ]
 [ 3.839216   -3.0916958 ]
 [ 3.6539347  -2.9012742 ]
 [ 3.839216   -3.0916958 ]
 [ 2.3631942  -1.6527698 ]
 [ 1.4831338  -0.7899473 ]
 [ 2.9557025  -2.2207663 ]
 [ 3.0710025  -2.319297  ]
 [ 2.8857214  -2.1288753 ]
 [ 3.0089977  -2.2345119 ]
 [ 3.5272903  -2.7674098 ]
 [ 3.839216   -3.0916958 ]
 [ 1.2978526  -0.59952563]
 [ 2.7099757  -1.9495654 ]
 [ 2.7038934  -1.9465609 ]
 [ 3.6539347  -2.9012742 ]
 [ 3.0710025  -2.319297  ]
 [ 3.3829281  -2.643583  ]
 [ 3.3420093  -2.576988  ]
 [-0.7748655   1.5158014 ]
 [ 1.171208   -0.46566117]
 [ 1.9436558  -1.1812679 ]
 [ 3.3420093  -2.576988  ]
 [ 2.4328866  -1.6888697 ]
 [ 3.5272903  -2.7674098 ]
 [ 3.6539347  -2.9012742 ]
 [ 2.2476056  -1.4984481 ]
 [ 1.171208   -0.46566117]
 [ 0.985927   -0.27523947]
 [ 3.3829281  -2.643583  ]
 [ 3.6539347  -2.9012742 ]
 [ 3.3829281  -2.643583  ]
 [ 3.3420093  -2.576988  ]
 [ 0.16909383  0.56409276]
 [ 1.234435   -0.48915136]
 [ 3.6539347  -2.9012742 ]]
2025-12-21 18:08:49,169 - [INFO] - ------------------------------------------------------------
2025-12-21 18:08:49,169 - [INFO] - On Validation Set:
	Accuracy of RRL  Model: 0.9067035245335177
	F1 Score of RRL  Model: 0.7405242779058105
2025-12-21 18:08:49,175 - [INFO] - On Validation Set:
Performance of  RRL Model: 
[[1235   51]
 [  84   77]]
              precision    recall  f1-score   support

           0       0.94      0.96      0.95      1286
           1       0.60      0.48      0.53       161

    accuracy                           0.91      1447
   macro avg       0.77      0.72      0.74      1447
weighted avg       0.90      0.91      0.90      1447

2025-12-21 18:08:49,175 - [INFO] - ------------------------------------------------------------
2025-12-21 18:08:49,233 - [INFO] - epoch: 63, loss_rrl: 108.63074569776654
2025-12-21 18:08:50,525 - [INFO] - epoch: 64, loss_rrl: 108.9923394229263
2025-12-21 18:08:50,693 - [DEBUG] - y_true: (1447,) [0 0 0 0 0 1 0 0 0 0 0 0 0 0 0 0 0 1 0 0 0 0 0 0 1 0 0 0 0 0 0 0 0 0 0 0 0
 0 1 1 0]
2025-12-21 18:08:50,844 - [DEBUG] - y_rrl_: (1447,) [0 1 0 0 0 1 0 0 0 0 0 0 0 0 0 0 0 0 0 0 0 0 0 0 1 0 0 0 0 0 0 0 0 1 0 0 0
 0 1 0 0]
2025-12-21 18:08:50,845 - [DEBUG] - y_rrl: (1447, 2) [[ 3.6006563  -2.858851  ]
 [-1.0950943   1.8304513 ]
 [ 1.5760312  -0.7905076 ]
 [ 1.9661443  -1.172543  ]
 [ 2.121372   -1.3531921 ]
 [-0.41353208  1.1534442 ]
 [ 3.6006563  -2.858851  ]
 [ 2.3026743  -1.521326  ]
 [ 3.6006563  -2.858851  ]
 [ 1.4679909  -0.74278635]
 [ 0.61917657  0.08896121]
 [ 2.1529179  -1.4311664 ]
 [ 2.3866458  -1.6262343 ]
 [ 2.0633988  -1.292306  ]
 [ 3.2641265  -2.5100682 ]
 [ 3.2641265  -2.5100682 ]
 [ 2.9988527  -2.237026  ]
 [ 1.0121689  -0.31896216]
 [ 1.2539684  -0.4925592 ]
 [ 1.333727   -0.5477411 ]
 [ 3.3918452  -2.6449494 ]
 [ 2.8740134  -2.1280327 ]
 [ 2.7231755  -1.9750172 ]
 [ 2.453512   -1.6743414 ]
 [-0.41353208  1.1534442 ]
 [ 0.39708263  0.31771737]
 [ 2.351551   -1.5874224 ]
 [ 1.9661443  -1.172543  ]
 [ 1.7542286  -1.0014323 ]
 [ 3.2641265  -2.5100682 ]
 [ 3.3918452  -2.6449494 ]
 [ 1.5454174  -0.7875307 ]
 [ 0.88445026 -0.18408097]
 [ 0.07383552  0.6516457 ]
 [ 3.2105432  -2.4768155 ]
 [ 2.3026743  -1.521326  ]
 [ 2.7231755  -1.9750172 ]
 [ 1.9661443  -1.172543  ]
 [ 0.34820604  0.38381404]
 [ 0.98062325 -0.24098797]
 [ 2.3026743  -1.521326  ]]
2025-12-21 18:08:50,847 - [INFO] - ------------------------------------------------------------
2025-12-21 18:08:50,847 - [INFO] - On Validation Set:
	Accuracy of RRL  Model: 0.8832066344160332
	F1 Score of RRL  Model: 0.7363159080837042
2025-12-21 18:08:50,853 - [INFO] - On Validation Set:
Performance of  RRL Model: 
[[1179  107]
 [  62   99]]
              precision    recall  f1-score   support

           0       0.95      0.92      0.93      1286
           1       0.48      0.61      0.54       161

    accuracy                           0.88      1447
   macro avg       0.72      0.77      0.74      1447
weighted avg       0.90      0.88      0.89      1447

2025-12-21 18:08:50,853 - [INFO] - ------------------------------------------------------------
2025-12-21 18:08:52,007 - [INFO] - epoch: 65, loss_rrl: 108.10566923953593
2025-12-21 18:08:52,409 - [DEBUG] - y_true: (1447,) [0 0 0 0 0 1 0 0 0 0 0 0 0 0 0 0 0 1 0 0 0 0 0 0 1 0 0 0 0 0 0 0 0 0 0 0 0
 0 1 1 0]
2025-12-21 18:08:52,559 - [DEBUG] - y_rrl_: (1447,) [0 0 0 0 0 1 0 0 0 0 0 0 0 0 0 0 0 0 0 0 0 0 0 0 1 0 0 0 0 0 0 0 0 0 0 0 0
 0 0 1 0]
2025-12-21 18:08:52,560 - [DEBUG] - y_rrl: (1447, 2) [[ 4.0547047  -3.3185654 ]
 [ 1.3033129  -0.61673516]
 [ 3.1203432  -2.3522658 ]
 [ 3.1203432  -2.3522658 ]
 [ 4.0547047  -3.3185654 ]
 [-0.00448609  0.738821  ]
 [ 4.0547047  -3.3185654 ]
 [ 3.71495    -2.9666638 ]
 [ 4.0547047  -3.3185654 ]
 [ 1.861      -1.1396395 ]
 [ 1.4102944  -0.6932473 ]
 [ 2.9270694  -2.1997442 ]
 [ 3.377775   -2.6461363 ]
 [ 3.71495    -2.9666638 ]
 [ 4.0547047  -3.3185654 ]
 [ 3.0380208  -2.2942348 ]
 [ 3.71495    -2.9666638 ]
 [ 0.7333651  -0.02081826]
 [ 2.4424663  -1.7062237 ]
 [ 3.1193955  -2.3786526 ]
 [ 4.0547047  -3.3185654 ]
 [ 3.71495    -2.9666638 ]
 [ 4.0547047  -3.3185654 ]
 [ 4.0547047  -3.3185654 ]
 [ 0.3352682   0.38691962]
 [ 0.47756487  0.2152917 ]
 [ 2.1237624  -1.3700262 ]
 [ 4.0547047  -3.3185654 ]
 [ 3.0380208  -2.2942348 ]
 [ 4.0547047  -3.3185654 ]
 [ 4.0547047  -3.3185654 ]
 [ 3.1193955  -2.3786526 ]
 [ 1.4102944  -0.6932473 ]
 [ 0.7333651  -0.02081826]
 [ 4.0547047  -3.3185654 ]
 [ 4.0547047  -3.3185654 ]
 [ 3.377775   -2.6461363 ]
 [ 4.0547047  -3.3185654 ]
 [ 0.5910683   0.15080968]
 [ 0.36484468  0.3768463 ]
 [ 3.71495    -2.9666638 ]]
2025-12-21 18:08:52,562 - [INFO] - ------------------------------------------------------------
2025-12-21 18:08:52,562 - [INFO] - On Validation Set:
	Accuracy of RRL  Model: 0.9053213545266068
	F1 Score of RRL  Model: 0.6698905124682569
2025-12-21 18:08:52,568 - [INFO] - On Validation Set:
Performance of  RRL Model: 
[[1266   20]
 [ 117   44]]
              precision    recall  f1-score   support

           0       0.92      0.98      0.95      1286
           1       0.69      0.27      0.39       161

    accuracy                           0.91      1447
   macro avg       0.80      0.63      0.67      1447
weighted avg       0.89      0.91      0.89      1447

2025-12-21 18:08:52,568 - [INFO] - ------------------------------------------------------------
2025-12-21 18:08:53,686 - [INFO] - epoch: 66, loss_rrl: 107.19702492281795
2025-12-21 18:08:54,345 - [DEBUG] - y_true: (1447,) [0 0 0 0 0 1 0 0 0 0 0 0 0 0 0 0 0 1 0 0 0 0 0 0 1 0 0 0 0 0 0 0 0 0 0 0 0
 0 1 1 0]
2025-12-21 18:08:54,495 - [DEBUG] - y_rrl_: (1447,) [0 1 0 0 0 1 0 0 0 0 0 0 0 0 0 0 0 0 0 0 0 0 0 0 1 0 0 0 0 0 0 0 0 0 0 0 0
 0 0 0 0]
2025-12-21 18:08:54,495 - [DEBUG] - y_rrl: (1447, 2) [[ 3.7394204e+00 -3.0039225e+00]
 [ 5.3932242e-02  6.6421825e-01]
 [ 2.8618279e+00 -2.0947208e+00]
 [ 2.8618279e+00 -2.0947208e+00]
 [ 3.7394204e+00 -3.0039225e+00]
 [-3.9882638e-02  7.6868802e-01]
 [ 3.9539211e+00 -3.2234113e+00]
 [ 2.8618279e+00 -2.0947208e+00]
 [ 3.9539211e+00 -3.2234113e+00]
 [ 1.7701261e+00 -1.0357919e+00]
 [ 1.2798845e+00 -5.7685459e-01]
 [ 2.5860868e+00 -1.8552723e+00]
 [ 3.6301224e+00 -2.8875701e+00]
 [ 3.4156218e+00 -2.6680810e+00]
 [ 3.6301224e+00 -2.8875701e+00]
 [ 3.4156218e+00 -2.6680810e+00]
 [ 3.4156218e+00 -2.6680810e+00]
 [ 1.2798845e+00 -5.7685459e-01]
 [ 2.1583371e+00 -1.4227145e+00]
 [ 2.2767017e+00 -1.5170665e+00]
 [ 3.7394204e+00 -3.0039225e+00]
 [ 3.4156218e+00 -2.6680810e+00]
 [ 3.7394204e+00 -3.0039225e+00]
 [ 3.4156218e+00 -2.6680810e+00]
 [-7.1204090e-01  1.4364007e+00]
 [ 1.4943851e+00 -7.9634362e-01]
 [ 2.1449609e+00 -1.4000432e+00]
 [ 2.8618279e+00 -2.0947208e+00]
 [ 3.0449960e+00 -2.3099158e+00]
 [ 3.6301224e+00 -2.8875701e+00]
 [ 3.7394204e+00 -3.0039225e+00]
 [ 2.8304954e+00 -2.0904269e+00]
 [ 1.2798845e+00 -5.7685459e-01]
 [ 7.2609055e-01 -3.4942292e-03]
 [ 3.9539211e+00 -3.2234113e+00]
 [ 2.8618279e+00 -2.0947208e+00]
 [ 3.7394204e+00 -3.0039225e+00]
 [ 2.8618279e+00 -2.0947208e+00]
 [ 4.1902655e-01  3.1404462e-01]
 [ 1.4452789e+00 -7.1883887e-01]
 [ 2.8618279e+00 -2.0947208e+00]]
2025-12-21 18:08:54,497 - [INFO] - ------------------------------------------------------------
2025-12-21 18:08:54,497 - [INFO] - On Validation Set:
	Accuracy of RRL  Model: 0.899101589495508
	F1 Score of RRL  Model: 0.6915162665732142
2025-12-21 18:08:54,503 - [INFO] - On Validation Set:
Performance of  RRL Model: 
[[1244   42]
 [ 104   57]]
              precision    recall  f1-score   support

           0       0.92      0.97      0.94      1286
           1       0.58      0.35      0.44       161

    accuracy                           0.90      1447
   macro avg       0.75      0.66      0.69      1447
weighted avg       0.88      0.90      0.89      1447

2025-12-21 18:08:54,503 - [INFO] - ------------------------------------------------------------
2025-12-21 18:08:55,227 - [INFO] - epoch: 67, loss_rrl: 107.99036739952862
2025-12-21 18:08:56,027 - [DEBUG] - y_true: (1447,) [0 0 0 0 0 1 0 0 0 0 0 0 0 0 0 0 0 1 0 0 0 0 0 0 1 0 0 0 0 0 0 0 0 0 0 0 0
 0 1 1 0]
2025-12-21 18:08:56,176 - [DEBUG] - y_rrl_: (1447,) [0 0 0 0 0 1 0 0 0 0 0 0 0 0 0 0 0 0 0 0 0 0 0 0 1 0 0 0 0 0 0 0 0 0 0 0 0
 0 1 0 0]
2025-12-21 18:08:56,177 - [DEBUG] - y_rrl: (1447, 2) [[ 3.947993   -3.2230628 ]
 [ 1.4107451  -0.71784157]
 [ 2.6447108  -1.8927147 ]
 [ 2.6447108  -1.8927147 ]
 [ 3.947993   -3.2230628 ]
 [ 0.12611547  0.59227586]
 [ 3.947993   -3.2230628 ]
 [ 3.1583922  -2.4257426 ]
 [ 3.947993   -3.2230628 ]
 [ 1.6636783  -0.97117835]
 [ 1.086393   -0.40129447]
 [ 2.581107   -1.8558587 ]
 [ 3.947993   -3.2230628 ]
 [ 3.947993   -3.2230628 ]
 [ 3.947993   -3.2230628 ]
 [ 3.947993   -3.2230628 ]
 [ 3.1583922  -2.4257426 ]
 [ 1.086393   -0.40129447]
 [ 2.400173   -1.6750968 ]
 [ 3.0445955  -2.3151288 ]
 [ 3.947993   -3.2230628 ]
 [ 3.947993   -3.2230628 ]
 [ 3.947993   -3.2230628 ]
 [ 3.947993   -3.2230628 ]
 [-0.0915734   0.8149026 ]
 [ 1.086393   -0.40129447]
 [ 2.7117965  -1.9652    ]
 [ 3.947993   -3.2230628 ]
 [ 3.0445955  -2.3151288 ]
 [ 3.6218808  -2.8850126 ]
 [ 3.947993   -3.2230628 ]
 [ 3.0445955  -2.3151288 ]
 [ 1.086393   -0.40129447]
 [ 1.086393   -0.40129447]
 [ 3.947993   -3.2230628 ]
 [ 3.1583922  -2.4257426 ]
 [ 3.947993   -3.2230628 ]
 [ 3.947993   -3.2230628 ]
 [ 0.12611547  0.59227586]
 [ 1.7219085  -1.012844  ]
 [ 3.1583922  -2.4257426 ]]
2025-12-21 18:08:56,179 - [INFO] - ------------------------------------------------------------
2025-12-21 18:08:56,179 - [INFO] - On Validation Set:
	Accuracy of RRL  Model: 0.9018659295093296
	F1 Score of RRL  Model: 0.6592290138116783
2025-12-21 18:08:56,185 - [INFO] - On Validation Set:
Performance of  RRL Model: 
[[1263   23]
 [ 119   42]]
              precision    recall  f1-score   support

           0       0.91      0.98      0.95      1286
           1       0.65      0.26      0.37       161

    accuracy                           0.90      1447
   macro avg       0.78      0.62      0.66      1447
weighted avg       0.88      0.90      0.88      1447

2025-12-21 18:08:56,185 - [INFO] - ------------------------------------------------------------
2025-12-21 18:08:56,694 - [INFO] - epoch: 68, loss_rrl: 106.9283691085875
2025-12-21 18:08:57,718 - [DEBUG] - y_true: (1447,) [0 0 0 0 0 1 0 0 0 0 0 0 0 0 0 0 0 1 0 0 0 0 0 0 1 0 0 0 0 0 0 0 0 0 0 0 0
 0 1 1 0]
2025-12-21 18:08:57,869 - [DEBUG] - y_rrl_: (1447,) [0 0 0 0 0 1 0 0 0 0 1 0 0 0 0 0 0 0 0 0 0 0 0 0 1 0 0 0 0 0 0 0 0 0 0 0 0
 0 1 0 0]
2025-12-21 18:08:57,869 - [DEBUG] - y_rrl: (1447, 2) [[ 3.510073   -2.798385  ]
 [ 1.3763956  -0.7005763 ]
 [ 2.6825225  -1.9398696 ]
 [ 2.967504   -2.217134  ]
 [ 3.0141208  -2.2833033 ]
 [ 0.01894672  0.69407856]
 [ 3.7950544  -3.075649  ]
 [ 3.4634562  -2.7322154 ]
 [ 3.7950544  -3.075649  ]
 [ 2.273344   -1.5740219 ]
 [ 0.01894672  0.69407856]
 [ 2.952788   -2.248431  ]
 [ 2.838811   -2.1314595 ]
 [ 2.6825225  -1.9398696 ]
 [ 3.7950544  -3.075649  ]
 [ 3.1784747  -2.4549513 ]
 [ 2.6825225  -1.9398696 ]
 [ 1.2424303  -0.5546113 ]
 [ 1.9499274  -1.238072  ]
 [ 2.9061708  -2.1822615 ]
 [ 3.7950544  -3.075649  ]
 [ 3.1784747  -2.4549513 ]
 [ 3.510073   -2.798385  ]
 [ 3.0141208  -2.2833033 ]
 [ 0.10172482  0.6043541 ]
 [ 0.61778545  0.04614433]
 [ 2.4636211  -1.7259169 ]
 [ 3.7950544  -3.075649  ]
 [ 2.6211894  -1.9049973 ]
 [ 3.7950544  -3.075649  ]
 [ 3.7950544  -3.075649  ]
 [ 2.6211894  -1.9049973 ]
 [ 0.5148989   0.17899722]
 [ 0.9574487  -0.2773473 ]
 [ 3.510073   -2.798385  ]
 [ 3.7950544  -3.075649  ]
 [ 3.510073   -2.798385  ]
 [ 3.510073   -2.798385  ]
 [ 0.01894672  0.69407856]
 [ 0.80103993 -0.07162297]
 [ 3.1784747  -2.4549513 ]]
2025-12-21 18:08:57,871 - [INFO] - ------------------------------------------------------------
2025-12-21 18:08:57,871 - [INFO] - On Validation Set:
	Accuracy of RRL  Model: 0.9011748445058743
	F1 Score of RRL  Model: 0.7049923796244417
2025-12-21 18:08:57,877 - [INFO] - On Validation Set:
Performance of  RRL Model: 
[[1242   44]
 [  99   62]]
              precision    recall  f1-score   support

           0       0.93      0.97      0.95      1286
           1       0.58      0.39      0.46       161

    accuracy                           0.90      1447
   macro avg       0.76      0.68      0.70      1447
weighted avg       0.89      0.90      0.89      1447

2025-12-21 18:08:57,877 - [INFO] - ------------------------------------------------------------
2025-12-21 18:08:58,177 - [INFO] - epoch: 69, loss_rrl: 107.2570016104728
2025-12-21 18:08:59,398 - [DEBUG] - y_true: (1447,) [0 0 0 0 0 1 0 0 0 0 0 0 0 0 0 0 0 1 0 0 0 0 0 0 1 0 0 0 0 0 0 0 0 0 0 0 0
 0 1 1 0]
2025-12-21 18:08:59,548 - [DEBUG] - y_rrl_: (1447,) [0 1 0 0 0 1 0 0 0 0 0 0 0 0 0 0 0 0 0 0 0 0 0 0 1 0 0 0 0 0 0 0 0 0 0 0 0
 0 1 0 0]
2025-12-21 18:08:59,549 - [DEBUG] - y_rrl: (1447, 2) [[ 3.722255   -3.008325  ]
 [ 0.26279128  0.42054194]
 [ 1.8490467  -1.1113822 ]
 [ 2.136195   -1.390899  ]
 [ 3.4351068  -2.7288084 ]
 [-0.29625297  1.0088027 ]
 [ 3.722255   -3.008325  ]
 [ 2.9867418  -2.2720969 ]
 [ 3.722255   -3.008325  ]
 [ 1.777135   -1.0939889 ]
 [ 1.4949225  -0.8238791 ]
 [ 2.957161   -2.2549882 ]
 [ 3.1116633  -2.3936327 ]
 [ 2.854096   -2.1312246 ]
 [ 3.0028985  -2.26359   ]
 [ 3.3988116  -2.6731493 ]
 [ 3.2443092  -2.534505  ]
 [ 1.2373548  -0.5614711 ]
 [ 2.4901235  -1.7639036 ]
 [ 2.6014636  -1.8782232 ]
 [ 3.464687   -2.745917  ]
 [ 3.1116633  -2.3936327 ]
 [ 3.4351068  -2.7288084 ]
 [ 3.1412442  -2.4107413 ]
 [-0.29625297  1.0088027 ]
 [ 0.8843316  -0.20918684]
 [ 1.3153467  -0.61166215]
 [ 3.1412442  -2.4107413 ]
 [ 2.5718832  -1.8611145 ]
 [ 3.3988116  -2.6731493 ]
 [ 3.464687   -2.745917  ]
 [ 2.3143153  -1.5987065 ]
 [ 1.1714797  -0.48870355]
 [ 0.62676394  0.05322115]
 [ 3.4351068  -2.7288084 ]
 [ 2.9867418  -2.2720969 ]
 [ 3.4351068  -2.7288084 ]
 [ 3.1412442  -2.4107413 ]
 [ 0.02718988  0.6736269 ]
 [ 1.4408284  -0.74227023]
 [ 2.9867418  -2.2720969 ]]
2025-12-21 18:08:59,551 - [INFO] - ------------------------------------------------------------
2025-12-21 18:08:59,551 - [INFO] - On Validation Set:
	Accuracy of RRL  Model: 0.8977194194885971
	F1 Score of RRL  Model: 0.7295764261397502
2025-12-21 18:08:59,556 - [INFO] - On Validation Set:
Performance of  RRL Model: 
[[1220   66]
 [  82   79]]
              precision    recall  f1-score   support

           0       0.94      0.95      0.94      1286
           1       0.54      0.49      0.52       161

    accuracy                           0.90      1447
   macro avg       0.74      0.72      0.73      1447
weighted avg       0.89      0.90      0.90      1447

2025-12-21 18:08:59,557 - [INFO] - ------------------------------------------------------------
2025-12-21 18:08:59,645 - [INFO] - epoch: 70, loss_rrl: 107.97454721108079
2025-12-21 18:09:00,946 - [INFO] - epoch: 71, loss_rrl: 108.4885077662766
2025-12-21 18:09:01,084 - [DEBUG] - y_true: (1447,) [0 0 0 0 0 1 0 0 0 0 0 0 0 0 0 0 0 1 0 0 0 0 0 0 1 0 0 0 0 0 0 0 0 0 0 0 0
 0 1 1 0]
2025-12-21 18:09:01,234 - [DEBUG] - y_rrl_: (1447,) [0 0 0 0 0 1 0 0 0 0 1 0 0 0 0 0 0 0 0 0 0 0 0 0 1 0 0 0 0 0 0 0 0 0 0 0 0
 0 1 0 0]
2025-12-21 18:09:01,234 - [DEBUG] - y_rrl: (1447, 2) [[ 3.7981577  -3.089696  ]
 [ 0.67679715  0.01429083]
 [ 2.235756   -1.4910015 ]
 [ 2.5309844  -1.7786839 ]
 [ 2.5878878  -1.8547653 ]
 [-0.2384351   0.94562906]
 [ 3.7981577  -3.089696  ]
 [ 3.069738   -2.3361454 ]
 [ 3.7981577  -3.089696  ]
 [ 2.219874   -1.5308602 ]
 [ 0.32184052  0.38810748]
 [ 2.6531968  -1.9478424 ]
 [ 2.7745094  -2.0484626 ]
 [ 2.6120439  -1.8807882 ]
 [ 3.4460258  -2.7259321 ]
 [ 3.4460258  -2.7259321 ]
 [ 2.9072723  -2.1684709 ]
 [ 1.2368815  -0.55914026]
 [ 1.9029489  -1.1807806 ]
 [ 2.5721374  -1.845738  ]
 [ 3.7981577  -3.089696  ]
 [ 3.1507974  -2.4382496 ]
 [ 3.1266413  -2.4122267 ]
 [ 2.9072723  -2.1684709 ]
 [-0.2384351   0.94562906]
 [ 0.5653652   0.11832883]
 [ 3.069738   -2.3361454 ]
 [ 3.069738   -2.3361454 ]
 [ 2.2769089  -1.5580556 ]
 [ 3.4460258  -2.7259321 ]
 [ 3.7981577  -3.089696  ]
 [ 2.2769089  -1.5580556 ]
 [ 0.8605938  -0.16935357]
 [ 0.9416531  -0.27145788]
 [ 3.5029292  -2.8020134 ]
 [ 3.069738   -2.3361454 ]
 [ 3.1266413  -2.4122267 ]
 [ 3.069738   -2.3361454 ]
 [ 0.24695663  0.464316  ]
 [ 0.744557   -0.02609089]
 [ 3.069738   -2.3361454 ]]
2025-12-21 18:09:01,236 - [INFO] - ------------------------------------------------------------
2025-12-21 18:09:01,237 - [INFO] - On Validation Set:
	Accuracy of RRL  Model: 0.9060124395300622
	F1 Score of RRL  Model: 0.7515026618581487
2025-12-21 18:09:01,242 - [INFO] - On Validation Set:
Performance of  RRL Model: 
[[1226   60]
 [  76   85]]
              precision    recall  f1-score   support

           0       0.94      0.95      0.95      1286
           1       0.59      0.53      0.56       161

    accuracy                           0.91      1447
   macro avg       0.76      0.74      0.75      1447
weighted avg       0.90      0.91      0.90      1447

2025-12-21 18:09:01,243 - [INFO] - ------------------------------------------------------------
2025-12-21 18:09:02,594 - [INFO] - epoch: 72, loss_rrl: 108.05701024271548
2025-12-21 18:09:02,969 - [DEBUG] - y_true: (1447,) [0 0 0 0 0 1 0 0 0 0 0 0 0 0 0 0 0 1 0 0 0 0 0 0 1 0 0 0 0 0 0 0 0 0 0 0 0
 0 1 1 0]
2025-12-21 18:09:03,119 - [DEBUG] - y_rrl_: (1447,) [0 0 0 0 0 1 0 0 0 0 0 0 0 0 0 0 0 0 0 0 0 0 0 0 1 0 0 0 0 0 0 0 0 0 0 0 0
 0 0 0 0]
2025-12-21 18:09:03,120 - [DEBUG] - y_rrl: (1447, 2) [[ 4.122492   -3.4194846 ]
 [ 0.6134588   0.05982652]
 [ 2.924624   -2.1868405 ]
 [ 2.924624   -2.1868405 ]
 [ 4.122492   -3.4194846 ]
 [-0.00702437  0.70887655]
 [ 4.122492   -3.4194846 ]
 [ 3.4879832  -2.768698  ]
 [ 4.122492   -3.4194846 ]
 [ 2.2904425  -1.6018211 ]
 [ 2.0550296  -1.3751847 ]
 [ 3.2525706  -2.5420616 ]
 [ 3.7620163  -3.0474749 ]
 [ 3.4879832  -2.768698  ]
 [ 3.7620163  -3.0474749 ]
 [ 3.7620163  -3.0474749 ]
 [ 3.7620163  -3.0474749 ]
 [ 1.7809962  -1.0964078 ]
 [ 2.3204455  -1.6124636 ]
 [ 2.9764638  -2.264303  ]
 [ 3.8484588  -3.1407077 ]
 [ 3.7620163  -3.0474749 ]
 [ 4.122492   -3.4194846 ]
 [ 3.4879832  -2.768698  ]
 [-0.00702437  0.70887655]
 [ 1.5435098  -0.8707897 ]
 [ 2.8700314  -2.1461701 ]
 [ 3.4879832  -2.768698  ]
 [ 3.7620163  -3.0474749 ]
 [ 3.7620163  -3.0474749 ]
 [ 3.8484588  -3.1407077 ]
 [ 2.9764638  -2.264303  ]
 [ 2.0550296  -1.3751847 ]
 [ 1.7809962  -1.0964078 ]
 [ 4.122492   -3.4194846 ]
 [ 3.4879832  -2.768698  ]
 [ 4.122492   -3.4194846 ]
 [ 3.4879832  -2.768698  ]
 [ 0.504495    0.20448172]
 [ 1.3964798  -0.6968232 ]
 [ 3.4879832  -2.768698  ]]
2025-12-21 18:09:03,122 - [INFO] - ------------------------------------------------------------
2025-12-21 18:09:03,122 - [INFO] - On Validation Set:
	Accuracy of RRL  Model: 0.9053213545266068
	F1 Score of RRL  Model: 0.6644186121310305
2025-12-21 18:09:03,128 - [INFO] - On Validation Set:
Performance of  RRL Model: 
[[1268   18]
 [ 119   42]]
              precision    recall  f1-score   support

           0       0.91      0.99      0.95      1286
           1       0.70      0.26      0.38       161

    accuracy                           0.91      1447
   macro avg       0.81      0.62      0.66      1447
weighted avg       0.89      0.91      0.89      1447

2025-12-21 18:09:03,128 - [INFO] - ------------------------------------------------------------
2025-12-21 18:09:04,141 - [INFO] - epoch: 73, loss_rrl: 108.93328151665628
2025-12-21 18:09:04,702 - [DEBUG] - y_true: (1447,) [0 0 0 0 0 1 0 0 0 0 0 0 0 0 0 0 0 1 0 0 0 0 0 0 1 0 0 0 0 0 0 0 0 0 0 0 0
 0 1 1 0]
2025-12-21 18:09:04,854 - [DEBUG] - y_rrl_: (1447,) [0 0 0 0 0 1 0 0 0 0 0 0 0 0 0 0 0 0 0 0 0 0 0 0 1 0 0 0 0 0 0 0 0 0 0 0 0
 0 0 0 0]
2025-12-21 18:09:04,854 - [DEBUG] - y_rrl: (1447, 2) [[ 3.8538055  -3.151511  ]
 [ 1.1612754  -0.4889773 ]
 [ 2.9363418  -2.20432   ]
 [ 2.9363418  -2.20432   ]
 [ 3.8538055  -3.151511  ]
 [ 0.00657171  0.68998444]
 [ 4.1162553  -3.418656  ]
 [ 3.493236   -2.779505  ]
 [ 4.1162553  -3.418656  ]
 [ 1.9620513  -1.2859522 ]
 [ 1.4299041  -0.75779283]
 [ 3.1141317  -2.409223  ]
 [ 4.1162553  -3.418656  ]
 [ 3.8538055  -3.151511  ]
 [ 4.1162553  -3.418656  ]
 [ 3.212251   -2.5140839 ]
 [ 3.493236   -2.779505  ]
 [ 0.7883494  -0.1203659 ]
 [ 2.3386996  -1.6361519 ]
 [ 2.9802542  -2.273579  ]
 [ 3.8538055  -3.151511  ]
 [ 3.8538055  -3.151511  ]
 [ 3.8538055  -3.151511  ]
 [ 3.8538055  -3.151511  ]
 [ 0.00657171  0.68998444]
 [ 1.1793724  -0.51901174]
 [ 3.1141317  -2.409223  ]
 [ 3.8538055  -3.151511  ]
 [ 3.1141317  -2.409223  ]
 [ 3.7556863  -3.0466502 ]
 [ 3.8538055  -3.151511  ]
 [ 2.9802542  -2.273579  ]
 [ 1.4299041  -0.75779283]
 [ 0.7883494  -0.1203659 ]
 [ 4.1162553  -3.418656  ]
 [ 3.493236   -2.779505  ]
 [ 3.8538055  -3.151511  ]
 [ 3.8538055  -3.151511  ]
 [ 1.051701   -0.3441013 ]
 [ 1.1241716  -0.44534624]
 [ 3.493236   -2.779505  ]]
2025-12-21 18:09:04,856 - [INFO] - ------------------------------------------------------------
2025-12-21 18:09:04,856 - [INFO] - On Validation Set:
	Accuracy of RRL  Model: 0.899101589495508
	F1 Score of RRL  Model: 0.618473329865927
2025-12-21 18:09:04,862 - [INFO] - On Validation Set:
Performance of  RRL Model: 
[[1271   15]
 [ 131   30]]
              precision    recall  f1-score   support

           0       0.91      0.99      0.95      1286
           1       0.67      0.19      0.29       161

    accuracy                           0.90      1447
   macro avg       0.79      0.59      0.62      1447
weighted avg       0.88      0.90      0.87      1447

2025-12-21 18:09:04,862 - [INFO] - ------------------------------------------------------------
2025-12-21 18:09:05,680 - [INFO] - epoch: 74, loss_rrl: 109.4691296685487
2025-12-21 18:09:06,461 - [DEBUG] - y_true: (1447,) [0 0 0 0 0 1 0 0 0 0 0 0 0 0 0 0 0 1 0 0 0 0 0 0 1 0 0 0 0 0 0 0 0 0 0 0 0
 0 1 1 0]
2025-12-21 18:09:06,611 - [DEBUG] - y_rrl_: (1447,) [0 0 0 0 0 1 0 0 0 0 0 0 0 0 0 0 0 0 0 0 0 0 0 0 1 0 0 0 0 0 0 0 0 1 0 0 0
 0 1 0 0]
2025-12-21 18:09:06,612 - [DEBUG] - y_rrl: (1447, 2) [[ 3.9974687  -3.3052547 ]
 [ 0.569222    0.0962337 ]
 [ 3.0840874  -2.3624535 ]
 [ 3.0840874  -2.3624535 ]
 [ 3.9974687  -3.3052547 ]
 [-0.14603059  0.837318  ]
 [ 3.9974687  -3.3052547 ]
 [ 3.0840874  -2.3624535 ]
 [ 3.9974687  -3.3052547 ]
 [ 1.8932551  -1.2014527 ]
 [ 0.76806045 -0.10934702]
 [ 2.316164   -1.6389579 ]
 [ 3.3643758  -2.6762395 ]
 [ 3.9974687  -3.3052547 ]
 [ 3.9974687  -3.3052547 ]
 [ 3.3643758  -2.6762395 ]
 [ 3.6401973  -2.9366443 ]
 [ 0.76806045 -0.10934702]
 [ 2.5009034  -1.8084153 ]
 [ 2.0358758  -1.325172  ]
 [ 3.9974687  -3.3052547 ]
 [ 3.9974687  -3.3052547 ]
 [ 3.9974687  -3.3052547 ]
 [ 3.9974687  -3.3052547 ]
 [ 0.21124081  0.46870777]
 [ 1.125332   -0.47795722]
 [ 1.2742614  -0.60856074]
 [ 3.441359   -2.7310636 ]
 [ 1.958893   -1.2703478 ]
 [ 3.9974687  -3.3052547 ]
 [ 3.9974687  -3.3052547 ]
 [ 3.1339965  -2.4374306 ]
 [ 0.76806045 -0.10934702]
 [ 0.21195056  0.46484396]
 [ 3.9974687  -3.3052547 ]
 [ 3.441359   -2.7310636 ]
 [ 3.3643758  -2.6762395 ]
 [ 3.441359   -2.7310636 ]
 [-0.14603059  0.837318  ]
 [ 0.9873048  -0.3135756 ]
 [ 3.0840874  -2.3624535 ]]
2025-12-21 18:09:06,614 - [INFO] - ------------------------------------------------------------
2025-12-21 18:09:06,614 - [INFO] - On Validation Set:
	Accuracy of RRL  Model: 0.9046302695231514
	F1 Score of RRL  Model: 0.738767660910518
2025-12-21 18:09:06,620 - [INFO] - On Validation Set:
Performance of  RRL Model: 
[[1231   55]
 [  83   78]]
              precision    recall  f1-score   support

           0       0.94      0.96      0.95      1286
           1       0.59      0.48      0.53       161

    accuracy                           0.90      1447
   macro avg       0.76      0.72      0.74      1447
weighted avg       0.90      0.90      0.90      1447

2025-12-21 18:09:06,620 - [INFO] - ------------------------------------------------------------
2025-12-21 18:09:07,158 - [INFO] - epoch: 75, loss_rrl: 108.46790917217731
2025-12-21 18:09:08,141 - [DEBUG] - y_true: (1447,) [0 0 0 0 0 1 0 0 0 0 0 0 0 0 0 0 0 1 0 0 0 0 0 0 1 0 0 0 0 0 0 0 0 0 0 0 0
 0 1 1 0]
2025-12-21 18:09:08,290 - [DEBUG] - y_rrl_: (1447,) [0 0 0 0 0 1 0 0 0 0 0 0 0 0 0 0 0 0 0 0 0 0 0 0 1 0 0 0 0 0 0 0 0 0 0 0 0
 0 1 0 0]
2025-12-21 18:09:08,291 - [DEBUG] - y_rrl: (1447, 2) [[ 3.8912232  -3.204412  ]
 [ 0.40945762  0.25096834]
 [ 2.971413   -2.2554889 ]
 [ 2.971413   -2.2554889 ]
 [ 3.3280833  -2.6233985 ]
 [ 0.03257201  0.648835  ]
 [ 3.8912232  -3.204412  ]
 [ 3.5345533  -2.836502  ]
 [ 3.8912232  -3.204412  ]
 [ 2.3600543  -1.6914145 ]
 [ 0.72998375 -0.05428933]
 [ 2.824293   -2.1483    ]
 [ 3.214027   -2.5312445 ]
 [ 3.3280833  -2.6233985 ]
 [ 3.8912232  -3.204412  ]
 [ 3.8912232  -3.204412  ]
 [ 2.971413   -2.2554889 ]
 [ 1.2931241  -0.6353024 ]
 [ 2.3564095  -1.6693085 ]
 [ 3.0336058  -2.342476  ]
 [ 3.8912232  -3.204412  ]
 [ 3.8912232  -3.204412  ]
 [ 3.8912232  -3.204412  ]
 [ 3.3280833  -2.6233985 ]
 [ 0.13215351  0.54261345]
 [ 0.9725978  -0.33004487]
 [ 2.4676225  -1.7803904 ]
 [ 3.8912232  -3.204412  ]
 [ 3.0336058  -2.342476  ]
 [ 3.8912232  -3.204412  ]
 [ 3.8912232  -3.204412  ]
 [ 3.0336058  -2.342476  ]
 [ 1.2931241  -0.6353024 ]
 [ 1.2931241  -0.6353024 ]
 [ 3.8912232  -3.204412  ]
 [ 3.8912232  -3.204412  ]
 [ 3.8912232  -3.204412  ]
 [ 3.8912232  -3.204412  ]
 [ 0.03257201  0.648835  ]
 [ 1.5536044  -0.8809557 ]
 [ 3.5345533  -2.836502  ]]
2025-12-21 18:09:08,293 - [INFO] - ------------------------------------------------------------
2025-12-21 18:09:08,293 - [INFO] - On Validation Set:
	Accuracy of RRL  Model: 0.9032480995162405
	F1 Score of RRL  Model: 0.6843486281988955
2025-12-21 18:09:08,299 - [INFO] - On Validation Set:
Performance of  RRL Model: 
[[1256   30]
 [ 110   51]]
              precision    recall  f1-score   support

           0       0.92      0.98      0.95      1286
           1       0.63      0.32      0.42       161

    accuracy                           0.90      1447
   macro avg       0.77      0.65      0.68      1447
weighted avg       0.89      0.90      0.89      1447

2025-12-21 18:09:08,299 - [INFO] - ------------------------------------------------------------
2025-12-21 18:09:08,640 - [INFO] - epoch: 76, loss_rrl: 109.23982778564095
2025-12-21 18:09:09,874 - [DEBUG] - y_true: (1447,) [0 0 0 0 0 1 0 0 0 0 0 0 0 0 0 0 0 1 0 0 0 0 0 0 1 0 0 0 0 0 0 0 0 0 0 0 0
 0 1 1 0]
2025-12-21 18:09:10,024 - [DEBUG] - y_rrl_: (1447,) [0 0 0 0 0 1 0 0 0 0 0 0 0 0 0 0 0 0 0 0 0 0 0 0 1 0 0 0 0 0 0 0 1 1 0 0 0
 0 1 0 0]
2025-12-21 18:09:10,025 - [DEBUG] - y_rrl: (1447, 2) [[ 3.9985487  -3.3171535 ]
 [ 1.0109695  -0.35370713]
 [ 2.818176   -2.1034222 ]
 [ 2.818176   -2.1034222 ]
 [ 3.9985487  -3.3171535 ]
 [-0.07912393  0.75983536]
 [ 3.9985487  -3.3171535 ]
 [ 3.7467015  -3.0607538 ]
 [ 3.9985487  -3.3171535 ]
 [ 2.2430017  -1.5931934 ]
 [ 0.40253273  0.24084328]
 [ 2.778782   -2.1082184 ]
 [ 3.9985487  -3.3171535 ]
 [ 3.7467015  -3.0607538 ]
 [ 3.6591794  -2.9649785 ]
 [ 3.2998323  -2.6224144 ]
 [ 3.9985487  -3.3171535 ]
 [ 0.4900551   0.14506774]
 [ 2.526935   -1.8518189 ]
 [ 2.8718073  -2.181573  ]
 [ 3.7467015  -3.0607538 ]
 [ 3.9985487  -3.3171535 ]
 [ 3.9985487  -3.3171535 ]
 [ 3.7467015  -3.0607538 ]
 [-0.07912393  0.75983536]
 [ 1.0867745  -0.4410856 ]
 [ 2.9459882  -2.2574294 ]
 [ 3.7467015  -3.0607538 ]
 [ 2.4249382  -1.7432331 ]
 [ 3.6447046  -2.9521685 ]
 [ 3.7467015  -3.0607538 ]
 [ 2.338627   -1.6522466 ]
 [ 0.04868868  0.6058284 ]
 [ 0.13621102  0.51005286]
 [ 3.9985487  -3.3171535 ]
 [ 3.7467015  -3.0607538 ]
 [ 3.9985487  -3.3171535 ]
 [ 3.7467015  -3.0607538 ]
 [ 0.2747202   0.39485025]
 [ 0.630234    0.04606717]
 [ 3.7467015  -3.0607538 ]]
2025-12-21 18:09:10,027 - [INFO] - ------------------------------------------------------------
2025-12-21 18:09:10,027 - [INFO] - On Validation Set:
	Accuracy of RRL  Model: 0.89426399447132
	F1 Score of RRL  Model: 0.6778422410519009
2025-12-21 18:09:10,033 - [INFO] - On Validation Set:
Performance of  RRL Model: 
[[1240   46]
 [ 107   54]]
              precision    recall  f1-score   support

           0       0.92      0.96      0.94      1286
           1       0.54      0.34      0.41       161

    accuracy                           0.89      1447
   macro avg       0.73      0.65      0.68      1447
weighted avg       0.88      0.89      0.88      1447

2025-12-21 18:09:10,033 - [INFO] - ------------------------------------------------------------
2025-12-21 18:09:10,155 - [INFO] - epoch: 77, loss_rrl: 108.5037543643266
2025-12-21 18:09:11,502 - [INFO] - epoch: 78, loss_rrl: 108.759083641693
2025-12-21 18:09:11,614 - [DEBUG] - y_true: (1447,) [0 0 0 0 0 1 0 0 0 0 0 0 0 0 0 0 0 1 0 0 0 0 0 0 1 0 0 0 0 0 0 0 0 0 0 0 0
 0 1 1 0]
2025-12-21 18:09:11,764 - [DEBUG] - y_rrl_: (1447,) [0 0 0 0 0 1 0 0 0 0 0 0 0 0 0 0 0 0 0 0 0 0 0 0 1 0 0 0 0 0 0 0 0 0 0 0 0
 0 0 0 0]
2025-12-21 18:09:11,765 - [DEBUG] - y_rrl: (1447, 2) [[ 4.020205   -3.3441439 ]
 [ 0.44963005  0.20704079]
 [ 2.7418942  -2.024652  ]
 [ 2.7418942  -2.024652  ]
 [ 3.688543   -2.999804  ]
 [-0.07291681  0.7484135 ]
 [ 4.020205   -3.3441439 ]
 [ 3.688543   -2.999804  ]
 [ 4.020205   -3.3441439 ]
 [ 2.8602629  -2.2127862 ]
 [ 1.477288   -0.82773393]
 [ 2.9688916  -2.3034313 ]
 [ 2.8438444  -2.1478724 ]
 [ 3.681196   -2.9940913 ]
 [ 3.681196   -2.9940913 ]
 [ 3.681196   -2.9940913 ]
 [ 4.020205   -3.3441439 ]
 [ 1.80895    -1.1720738 ]
 [ 2.1152616  -1.4261957 ]
 [ 2.803911   -2.1109178 ]
 [ 4.020205   -3.3441439 ]
 [ 3.681196   -2.9940913 ]
 [ 3.688543   -2.999804  ]
 [ 3.681196   -2.9940913 ]
 [-0.07291681  0.7484135 ]
 [ 1.1382792  -0.47768128]
 [ 2.6298828  -1.9533788 ]
 [ 3.3495343  -2.6497514 ]
 [ 2.803911   -2.1109178 ]
 [ 3.681196   -2.9940913 ]
 [ 4.020205   -3.3441439 ]
 [ 2.803911   -2.1109178 ]
 [ 1.1382792  -0.47768128]
 [ 1.4699411  -0.8220212 ]
 [ 4.020205   -3.3441439 ]
 [ 3.688543   -2.999804  ]
 [ 3.688543   -2.999804  ]
 [ 3.3495343  -2.6497514 ]
 [ 0.7717818  -0.10351799]
 [ 0.8117151  -0.14047265]
 [ 3.688543   -2.999804  ]]
2025-12-21 18:09:11,767 - [INFO] - ------------------------------------------------------------
2025-12-21 18:09:11,767 - [INFO] - On Validation Set:
	Accuracy of RRL  Model: 0.9039391845196959
	F1 Score of RRL  Model: 0.701115247159872
2025-12-21 18:09:11,773 - [INFO] - On Validation Set:
Performance of  RRL Model: 
[[1250   36]
 [ 103   58]]
              precision    recall  f1-score   support

           0       0.92      0.97      0.95      1286
           1       0.62      0.36      0.45       161

    accuracy                           0.90      1447
   macro avg       0.77      0.67      0.70      1447
weighted avg       0.89      0.90      0.89      1447

2025-12-21 18:09:11,773 - [INFO] - ------------------------------------------------------------
2025-12-21 18:09:13,015 - [INFO] - epoch: 79, loss_rrl: 110.02966018393636
2025-12-21 18:09:13,349 - [DEBUG] - y_true: (1447,) [0 0 0 0 0 1 0 0 0 0 0 0 0 0 0 0 0 1 0 0 0 0 0 0 1 0 0 0 0 0 0 0 0 0 0 0 0
 0 1 1 0]
2025-12-21 18:09:13,499 - [DEBUG] - y_rrl_: (1447,) [0 0 0 0 0 1 0 0 0 0 0 0 0 0 0 0 0 0 0 0 0 0 0 0 1 0 0 0 0 0 0 0 0 0 0 0 0
 0 1 0 0]
2025-12-21 18:09:13,499 - [DEBUG] - y_rrl: (1447, 2) [[ 3.5515141  -2.8877466 ]
 [ 0.39900622  0.24461025]
 [ 2.3603888  -1.6639574 ]
 [ 2.731145   -2.027724  ]
 [ 3.5515141  -2.8877466 ]
 [-0.20782626  0.8781396 ]
 [ 3.9222703  -3.2515132 ]
 [ 3.342461   -2.656298  ]
 [ 3.9222703  -3.2515132 ]
 [ 2.1894965  -1.5315111 ]
 [ 0.9521132  -0.31606913]
 [ 2.4758337  -1.8046224 ]
 [ 3.390545   -2.7235556 ]
 [ 3.3181872  -2.6499605 ]
 [ 3.9222703  -3.2515132 ]
 [ 3.5515141  -2.8877466 ]
 [ 3.2050319  -2.5303173 ]
 [ 1.0895426  -0.44204974]
 [ 1.7129401  -1.0443676 ]
 [ 2.7742324  -2.094794  ]
 [ 3.6889434  -3.0137272 ]
 [ 3.5515141  -2.8877466 ]
 [ 3.5515141  -2.8877466 ]
 [ 3.3181872  -2.6499605 ]
 [-0.20782626  0.8781396 ]
 [ 1.3228694  -0.6798358 ]
 [ 1.8910978  -1.2413394 ]
 [ 3.6889434  -3.0137272 ]
 [ 3.0075593  -2.3325803 ]
 [ 3.575788   -2.894084  ]
 [ 3.6889434  -3.0137272 ]
 [ 2.7742324  -2.094794  ]
 [ 0.9521132  -0.31606913]
 [ 0.7187864  -0.07828306]
 [ 3.9222703  -3.2515132 ]
 [ 3.342461   -2.656298  ]
 [ 3.5515141  -2.8877466 ]
 [ 3.3181872  -2.6499605 ]
 [-0.20782626  0.8781396 ]
 [ 1.0221813  -0.3686424 ]
 [ 2.971705   -2.2925313 ]]
2025-12-21 18:09:13,501 - [INFO] - ------------------------------------------------------------
2025-12-21 18:09:13,501 - [INFO] - On Validation Set:
	Accuracy of RRL  Model: 0.8977194194885971
	F1 Score of RRL  Model: 0.7248059624775123
2025-12-21 18:09:13,507 - [INFO] - On Validation Set:
Performance of  RRL Model: 
[[1223   63]
 [  85   76]]
              precision    recall  f1-score   support

           0       0.94      0.95      0.94      1286
           1       0.55      0.47      0.51       161

    accuracy                           0.90      1447
   macro avg       0.74      0.71      0.72      1447
weighted avg       0.89      0.90      0.89      1447

2025-12-21 18:09:13,507 - [INFO] - ------------------------------------------------------------
2025-12-21 18:09:14,544 - [INFO] - epoch: 80, loss_rrl: 108.53769793733954
2025-12-21 18:09:15,096 - [DEBUG] - y_true: (1447,) [0 0 0 0 0 1 0 0 0 0 0 0 0 0 0 0 0 1 0 0 0 0 0 0 1 0 0 0 0 0 0 0 0 0 0 0 0
 0 1 1 0]
2025-12-21 18:09:15,246 - [DEBUG] - y_rrl_: (1447,) [0 0 0 0 0 1 0 0 0 0 0 0 0 0 0 0 0 0 0 0 0 0 0 0 1 0 0 0 0 0 0 0 0 0 0 0 0
 0 0 0 0]
2025-12-21 18:09:15,246 - [DEBUG] - y_rrl: (1447, 2) [[ 3.9350088  -3.2695353 ]
 [ 0.9606423  -0.337158  ]
 [ 2.565383   -1.8789144 ]
 [ 2.942583   -2.2492013 ]
 [ 3.5578086  -2.899248  ]
 [-0.00821782  0.66895485]
 [ 3.9350088  -3.2695353 ]
 [ 3.5706265  -2.8943028 ]
 [ 3.9350088  -3.2695353 ]
 [ 2.4286096  -1.780062  ]
 [ 1.1755977  -0.53460205]
 [ 2.3047965  -1.6537882 ]
 [ 3.5578086  -2.899248  ]
 [ 3.5578086  -2.899248  ]
 [ 3.9350088  -3.2695353 ]
 [ 3.2172332  -2.5555868 ]
 [ 3.5706265  -2.8943028 ]
 [ 1.1755977  -0.53460205]
 [ 2.6378958  -1.9829105 ]
 [ 2.4560528  -1.7901154 ]
 [ 3.9350088  -3.2695353 ]
 [ 3.5578086  -2.899248  ]
 [ 3.5578086  -2.899248  ]
 [ 3.9350088  -3.2695353 ]
 [ 0.11201991  0.5422808 ]
 [ 1.301218   -0.68081915]
 [ 1.1755977  -0.53460205]
 [ 3.9350088  -3.2695353 ]
 [ 1.9404144  -1.278556  ]
 [ 3.9350088  -3.2695353 ]
 [ 3.9350088  -3.2695353 ]
 [ 2.6140888  -1.9513392 ]
 [ 1.1755977  -0.53460205]
 [ 0.7983975  -0.16431466]
 [ 3.5578086  -2.899248  ]
 [ 3.9350088  -3.2695353 ]
 [ 3.5578086  -2.899248  ]
 [ 3.9350088  -3.2695353 ]
 [ 1.1063561  -0.43523297]
 [ 0.82582825 -0.17739835]
 [ 3.5706265  -2.8943028 ]]
2025-12-21 18:09:15,248 - [INFO] - ------------------------------------------------------------
2025-12-21 18:09:15,248 - [INFO] - On Validation Set:
	Accuracy of RRL  Model: 0.9060124395300622
	F1 Score of RRL  Model: 0.6862812615576896
2025-12-21 18:09:15,254 - [INFO] - On Validation Set:
Performance of  RRL Model: 
[[1261   25]
 [ 111   50]]
              precision    recall  f1-score   support

           0       0.92      0.98      0.95      1286
           1       0.67      0.31      0.42       161

    accuracy                           0.91      1447
   macro avg       0.79      0.65      0.69      1447
weighted avg       0.89      0.91      0.89      1447

2025-12-21 18:09:15,254 - [INFO] - ------------------------------------------------------------
2025-12-21 18:09:16,037 - [INFO] - epoch: 81, loss_rrl: 110.07101692445576
2025-12-21 18:09:16,787 - [DEBUG] - y_true: (1447,) [0 0 0 0 0 1 0 0 0 0 0 0 0 0 0 0 0 1 0 0 0 0 0 0 1 0 0 0 0 0 0 0 0 0 0 0 0
 0 1 1 0]
2025-12-21 18:09:16,937 - [DEBUG] - y_rrl_: (1447,) [0 0 0 0 0 1 0 0 0 0 0 0 0 0 0 0 0 0 0 0 0 0 0 0 1 0 0 0 0 0 0 0 0 0 0 0 0
 0 1 0 0]
2025-12-21 18:09:16,937 - [DEBUG] - y_rrl: (1447, 2) [[ 4.0096917  -3.349477  ]
 [ 0.7413618  -0.11182726]
 [ 3.0123148  -2.3244894 ]
 [ 3.0123148  -2.3244894 ]
 [ 4.0096917  -3.349477  ]
 [-0.85841423  1.5146492 ]
 [ 4.0096917  -3.349477  ]
 [ 4.0096917  -3.349477  ]
 [ 4.0096917  -3.349477  ]
 [ 2.8578246  -2.224986  ]
 [ 1.7912561  -1.168697  ]
 [ 2.9431233  -2.293188  ]
 [ 3.3187463  -2.6623092 ]
 [ 4.0096917  -3.349477  ]
 [ 4.0096917  -3.349477  ]
 [ 4.0096917  -3.349477  ]
 [ 4.0096917  -3.349477  ]
 [ 1.7912561  -1.168697  ]
 [ 2.3913531  -1.7307595 ]
 [ 3.0822985  -2.4179275 ]
 [ 4.0096917  -3.349477  ]
 [ 4.0096917  -3.349477  ]
 [ 4.0096917  -3.349477  ]
 [ 4.0096917  -3.349477  ]
 [-0.85841423  1.5146492 ]
 [ 0.7413618  -0.11182726]
 [ 2.0007515  -1.3608432 ]
 [ 4.0096917  -3.349477  ]
 [ 3.0822985  -2.4179275 ]
 [ 3.6507428  -2.9797752 ]
 [ 4.0096917  -3.349477  ]
 [ 3.0822985  -2.4179275 ]
 [ 1.4323071  -0.79899526]
 [ 1.4323071  -0.79899526]
 [ 4.0096917  -3.349477  ]
 [ 4.0096917  -3.349477  ]
 [ 4.0096917  -3.349477  ]
 [ 4.0096917  -3.349477  ]
 [ 0.19148019  0.45777944]
 [ 1.594234   -0.9470043 ]
 [ 4.0096917  -3.349477  ]]
2025-12-21 18:09:16,939 - [INFO] - ------------------------------------------------------------
2025-12-21 18:09:16,939 - [INFO] - On Validation Set:
	Accuracy of RRL  Model: 0.9060124395300622
	F1 Score of RRL  Model: 0.7485998691848581
2025-12-21 18:09:16,945 - [INFO] - On Validation Set:
Performance of  RRL Model: 
[[1228   58]
 [  78   83]]
              precision    recall  f1-score   support

           0       0.94      0.95      0.95      1286
           1       0.59      0.52      0.55       161

    accuracy                           0.91      1447
   macro avg       0.76      0.74      0.75      1447
weighted avg       0.90      0.91      0.90      1447

2025-12-21 18:09:16,945 - [INFO] - ------------------------------------------------------------
2025-12-21 18:09:17,527 - [INFO] - epoch: 82, loss_rrl: 109.89524697326124
2025-12-21 18:09:18,499 - [DEBUG] - y_true: (1447,) [0 0 0 0 0 1 0 0 0 0 0 0 0 0 0 0 0 1 0 0 0 0 0 0 1 0 0 0 0 0 0 0 0 0 0 0 0
 0 1 1 0]
2025-12-21 18:09:18,649 - [DEBUG] - y_rrl_: (1447,) [0 1 0 0 0 1 0 0 0 0 0 0 0 0 0 0 0 0 0 0 0 0 0 0 1 0 0 0 0 0 0 0 0 0 0 0 0
 0 0 0 0]
2025-12-21 18:09:18,649 - [DEBUG] - y_rrl: (1447, 2) [[ 3.964832   -3.3098545 ]
 [ 0.04011375  0.60130125]
 [ 2.96474    -2.2824476 ]
 [ 2.96474    -2.2824476 ]
 [ 3.964832   -3.3098545 ]
 [ 0.05332913  0.5972432 ]
 [ 3.964832   -3.3098545 ]
 [ 3.6085012  -2.942867  ]
 [ 3.964832   -3.3098545 ]
 [ 2.4465477  -1.8078898 ]
 [ 1.3615057  -0.7330219 ]
 [ 2.5234587  -1.867999  ]
 [ 3.6085012  -2.942867  ]
 [ 3.6085012  -2.942867  ]
 [ 3.6085012  -2.942867  ]
 [ 3.6085012  -2.942867  ]
 [ 3.6085012  -2.942867  ]
 [ 1.3615057  -0.7330219 ]
 [ 2.3686724  -1.7132982 ]
 [ 3.0463033  -2.3872018 ]
 [ 3.964832   -3.3098545 ]
 [ 3.6085012  -2.942867  ]
 [ 3.964832   -3.3098545 ]
 [ 3.6085012  -2.942867  ]
 [-0.8622831   1.5134534 ]
 [ 1.3615057  -0.7330219 ]
 [ 2.5234587  -1.867999  ]
 [ 3.6085012  -2.942867  ]
 [ 3.0463033  -2.3872018 ]
 [ 3.6085012  -2.942867  ]
 [ 3.964832   -3.3098545 ]
 [ 3.0463033  -2.3872018 ]
 [ 1.3615057  -0.7330219 ]
 [ 1.3615057  -0.7330219 ]
 [ 3.964832   -3.3098545 ]
 [ 3.6085012  -2.942867  ]
 [ 3.964832   -3.3098545 ]
 [ 3.6085012  -2.942867  ]
 [ 0.5761735   0.07804035]
 [ 1.211954   -0.5590724 ]
 [ 3.6085012  -2.942867  ]]
2025-12-21 18:09:18,651 - [INFO] - ------------------------------------------------------------
2025-12-21 18:09:18,651 - [INFO] - On Validation Set:
	Accuracy of RRL  Model: 0.9004837595024188
	F1 Score of RRL  Model: 0.7019260479967041
2025-12-21 18:09:18,657 - [INFO] - On Validation Set:
Performance of  RRL Model: 
[[1242   44]
 [ 100   61]]
              precision    recall  f1-score   support

           0       0.93      0.97      0.95      1286
           1       0.58      0.38      0.46       161

    accuracy                           0.90      1447
   macro avg       0.75      0.67      0.70      1447
weighted avg       0.89      0.90      0.89      1447

2025-12-21 18:09:18,657 - [INFO] - ------------------------------------------------------------
2025-12-21 18:09:19,024 - [INFO] - epoch: 83, loss_rrl: 111.44585639052093
2025-12-21 18:09:20,204 - [DEBUG] - y_true: (1447,) [0 0 0 0 0 1 0 0 0 0 0 0 0 0 0 0 0 1 0 0 0 0 0 0 1 0 0 0 0 0 0 0 0 0 0 0 0
 0 1 1 0]
2025-12-21 18:09:20,354 - [DEBUG] - y_rrl_: (1447,) [0 0 0 0 0 1 0 0 0 0 0 0 0 0 0 0 0 0 0 0 0 0 0 0 1 0 0 0 0 0 0 0 0 0 0 0 0
 0 0 0 0]
2025-12-21 18:09:20,355 - [DEBUG] - y_rrl: (1447, 2) [[ 3.9177048  -3.2679675 ]
 [ 0.45316353  0.17260033]
 [ 2.3684638  -1.6753545 ]
 [ 2.3684638  -1.6753545 ]
 [ 3.625468   -2.9636605 ]
 [-0.29576576  0.94554347]
 [ 3.9177048  -3.2679675 ]
 [ 3.3946002  -2.7285125 ]
 [ 3.9177048  -3.2679675 ]
 [ 2.1306422  -1.5098873 ]
 [ 1.5384197  -0.91347384]
 [ 3.3868515  -2.740713  ]
 [ 3.625468   -2.9636605 ]
 [ 3.330757   -2.666179  ]
 [ 3.625468   -2.9636605 ]
 [ 3.9177048  -3.2679675 ]
 [ 3.9177048  -3.2679675 ]
 [ 1.5997885  -0.9826328 ]
 [ 2.1667821  -1.5108413 ]
 [ 2.4613392  -1.7911607 ]
 [ 3.686837   -3.0328195 ]
 [ 3.5616248  -2.9013271 ]
 [ 3.625468   -2.9636605 ]
 [ 3.686837   -3.0328195 ]
 [ 0.06031431  0.5789031 ]
 [ 0.9612389  -0.34276253]
 [ 3.0307715  -2.3740726 ]
 [ 3.3946002  -2.7285125 ]
 [ 3.269388   -2.5970201 ]
 [ 3.9177048  -3.2679675 ]
 [ 3.686837   -3.0328195 ]
 [ 1.9304854  -1.2639062 ]
 [ 1.1823397  -0.54683346]
 [ 1.2437085  -0.61599237]
 [ 3.9177048  -3.2679675 ]
 [ 3.3946002  -2.7285125 ]
 [ 3.625468   -2.9636605 ]
 [ 3.3946002  -2.7285125 ]
 [ 1.1683488  -0.5190629 ]
 [ 1.1683488  -0.5190629 ]
 [ 3.3946002  -2.7285125 ]]
2025-12-21 18:09:20,357 - [INFO] - ------------------------------------------------------------
2025-12-21 18:09:20,357 - [INFO] - On Validation Set:
	Accuracy of RRL  Model: 0.8997926744989634
	F1 Score of RRL  Model: 0.6988380688546474
2025-12-21 18:09:20,363 - [INFO] - On Validation Set:
Performance of  RRL Model: 
[[1242   44]
 [ 101   60]]
              precision    recall  f1-score   support

           0       0.92      0.97      0.94      1286
           1       0.58      0.37      0.45       161

    accuracy                           0.90      1447
   macro avg       0.75      0.67      0.70      1447
weighted avg       0.89      0.90      0.89      1447

2025-12-21 18:09:20,363 - [INFO] - ------------------------------------------------------------
2025-12-21 18:09:20,512 - [INFO] - epoch: 84, loss_rrl: 108.43271024338901
2025-12-21 18:09:22,139 - [INFO] - epoch: 85, loss_rrl: 109.65897682495415
2025-12-21 18:09:22,224 - [DEBUG] - y_true: (1447,) [0 0 0 0 0 1 0 0 0 0 0 0 0 0 0 0 0 1 0 0 0 0 0 0 1 0 0 0 0 0 0 0 0 0 0 0 0
 0 1 1 0]
2025-12-21 18:09:22,383 - [DEBUG] - y_rrl_: (1447,) [0 0 0 0 0 1 0 0 0 0 0 0 0 0 0 0 0 0 0 0 0 0 0 0 1 0 0 0 0 0 0 0 0 0 0 0 0
 0 0 0 0]
2025-12-21 18:09:22,384 - [DEBUG] - y_rrl: (1447, 2) [[ 4.0433364  -3.3987954 ]
 [ 0.75977993 -0.14454901]
 [ 3.024225   -2.3529527 ]
 [ 3.024225   -2.3529527 ]
 [ 4.0433364  -3.3987954 ]
 [-0.14554006  0.7902409 ]
 [ 4.0433364  -3.3987954 ]
 [ 3.7112072  -3.0562007 ]
 [ 4.0433364  -3.3987954 ]
 [ 2.5249574  -1.8961364 ]
 [ 1.4359185  -0.81706023]
 [ 2.6221678  -1.977125  ]
 [ 3.2058892  -2.5544398 ]
 [ 3.7112072  -3.0562007 ]
 [ 3.7112072  -3.0562007 ]
 [ 3.7112072  -3.0562007 ]
 [ 3.7112072  -3.0562007 ]
 [ 1.4359185  -0.81706023]
 [ 2.451347   -1.8063748 ]
 [ 3.1274858  -2.478886  ]
 [ 4.0433364  -3.3987954 ]
 [ 3.7112072  -3.0562007 ]
 [ 4.0433364  -3.3987954 ]
 [ 3.7112072  -3.0562007 ]
 [-0.82167864  1.4627521 ]
 [ 1.4359185  -0.81706023]
 [ 3.2058892  -2.5544398 ]
 [ 3.7112072  -3.0562007 ]
 [ 3.1274858  -2.478886  ]
 [ 3.7112072  -3.0562007 ]
 [ 4.0433364  -3.3987954 ]
 [ 3.1274858  -2.478886  ]
 [ 1.4359185  -0.81706023]
 [ 1.4359185  -0.81706023]
 [ 4.0433364  -3.3987954 ]
 [ 3.7112072  -3.0562007 ]
 [ 4.0433364  -3.3987954 ]
 [ 3.7112072  -3.0562007 ]
 [ 0.35977772  0.2884798 ]
 [ 0.7163395  -0.07718512]
 [ 3.7112072  -3.0562007 ]]
2025-12-21 18:09:22,386 - [INFO] - ------------------------------------------------------------
2025-12-21 18:09:22,386 - [INFO] - On Validation Set:
	Accuracy of RRL  Model: 0.9032480995162405
	F1 Score of RRL  Model: 0.6912869090288445
2025-12-21 18:09:22,392 - [INFO] - On Validation Set:
Performance of  RRL Model: 
[[1253   33]
 [ 107   54]]
              precision    recall  f1-score   support

           0       0.92      0.97      0.95      1286
           1       0.62      0.34      0.44       161

    accuracy                           0.90      1447
   macro avg       0.77      0.65      0.69      1447
weighted avg       0.89      0.90      0.89      1447

2025-12-21 18:09:22,392 - [INFO] - ------------------------------------------------------------
2025-12-21 18:09:23,751 - [INFO] - epoch: 86, loss_rrl: 109.19092928618193
2025-12-21 18:09:24,066 - [DEBUG] - y_true: (1447,) [0 0 0 0 0 1 0 0 0 0 0 0 0 0 0 0 0 1 0 0 0 0 0 0 1 0 0 0 0 0 0 0 0 0 0 0 0
 0 1 1 0]
2025-12-21 18:09:24,230 - [DEBUG] - y_rrl_: (1447,) [0 0 0 0 0 1 0 0 0 0 0 0 0 0 0 0 0 0 0 0 0 0 0 0 1 0 0 0 0 0 0 0 0 0 0 0 0
 0 1 0 0]
2025-12-21 18:09:24,231 - [DEBUG] - y_rrl: (1447, 2) [[ 4.12939    -3.4900022 ]
 [ 0.5677427   0.0469712 ]
 [ 2.4947042  -1.831223  ]
 [ 2.8947442  -2.2247243 ]
 [ 3.7293499  -3.096501  ]
 [-0.09657638  0.73623675]
 [ 4.12939    -3.4900022 ]
 [ 3.5686007  -2.9146514 ]
 [ 4.12939    -3.4900022 ]
 [ 2.3895037  -1.7613527 ]
 [ 1.4843023  -0.87020046]
 [ 2.263359   -1.6299978 ]
 [ 3.3917496  -2.7485292 ]
 [ 3.1685607  -2.5211504 ]
 [ 3.7917895  -3.1420302 ]
 [ 3.7917895  -3.1420302 ]
 [ 3.7917895  -3.1420302 ]
 [ 1.2611136  -0.64282155]
 [ 2.2669592  -1.6229318 ]
 [ 2.96033    -2.3127246 ]
 [ 3.906201   -3.2626233 ]
 [ 3.3917496  -2.7485292 ]
 [ 3.7293499  -3.096501  ]
 [ 3.5686007  -2.9146514 ]
 [-0.09657638  0.73623675]
 [ 1.0842624  -0.47669932]
 [ 2.092573   -1.4721271 ]
 [ 3.5686007  -2.9146514 ]
 [ 2.7834787  -2.1466024 ]
 [ 3.7917895  -3.1420302 ]
 [ 3.906201   -3.2626233 ]
 [ 2.56029    -1.9192234 ]
 [ 1.4843023  -0.87020046]
 [ 0.86107385 -0.24932046]
 [ 3.7293499  -3.096501  ]
 [ 3.5686007  -2.9146514 ]
 [ 3.7293499  -3.096501  ]
 [ 3.5686007  -2.9146514 ]
 [-0.09657638  0.73623675]
 [ 1.3156075  -0.67792445]
 [ 3.5686007  -2.9146514 ]]
2025-12-21 18:09:24,233 - [INFO] - ------------------------------------------------------------
2025-12-21 18:09:24,233 - [INFO] - On Validation Set:
	Accuracy of RRL  Model: 0.9067035245335177
	F1 Score of RRL  Model: 0.7076430804597014
2025-12-21 18:09:24,239 - [INFO] - On Validation Set:
Performance of  RRL Model: 
[[1253   33]
 [ 102   59]]
              precision    recall  f1-score   support

           0       0.92      0.97      0.95      1286
           1       0.64      0.37      0.47       161

    accuracy                           0.91      1447
   macro avg       0.78      0.67      0.71      1447
weighted avg       0.89      0.91      0.90      1447

2025-12-21 18:09:24,239 - [INFO] - ------------------------------------------------------------
2025-12-21 18:09:25,358 - [INFO] - epoch: 87, loss_rrl: 108.78966151550412
2025-12-21 18:09:25,906 - [DEBUG] - y_true: (1447,) [0 0 0 0 0 1 0 0 0 0 0 0 0 0 0 0 0 1 0 0 0 0 0 0 1 0 0 0 0 0 0 0 0 0 0 0 0
 0 1 1 0]
2025-12-21 18:09:26,066 - [DEBUG] - y_rrl_: (1447,) [0 0 0 0 0 1 0 0 0 0 0 0 0 0 0 0 0 0 0 0 0 0 0 0 1 0 0 0 0 0 0 0 0 0 0 0 0
 0 1 0 0]
2025-12-21 18:09:26,067 - [DEBUG] - y_rrl: (1447, 2) [[ 3.7455738  -3.1071799 ]
 [ 1.4497817  -0.8465577 ]
 [ 2.991453   -2.349248  ]
 [ 3.401993   -2.753321  ]
 [ 3.3350337  -2.7031069 ]
 [-0.3050665   0.939701  ]
 [ 3.986603   -3.3523545 ]
 [ 3.401993   -2.753321  ]
 [ 3.986603   -3.3523545 ]
 [ 2.245024   -1.6217648 ]
 [ 1.1062007  -0.49269867]
 [ 2.43724    -1.819215  ]
 [ 3.576063   -2.9482815 ]
 [ 2.991453   -2.349248  ]
 [ 3.986603   -3.3523545 ]
 [ 3.401993   -2.753321  ]
 [ 3.401993   -2.753321  ]
 [ 1.1062007  -0.49269867]
 [ 2.1050308  -1.4661723 ]
 [ 2.8003998  -2.1580102 ]
 [ 3.7455738  -3.1071799 ]
 [ 2.991453   -2.349248  ]
 [ 3.3350337  -2.7031069 ]
 [ 3.7455738  -3.1071799 ]
 [ 0.03851451  0.585842  ]
 [ 1.2802707  -0.68765926]
 [ 3.1057923  -2.4647396 ]
 [ 3.7455738  -3.1071799 ]
 [ 2.6308887  -1.9991117 ]
 [ 3.986603   -3.3523545 ]
 [ 3.7455738  -3.1071799 ]
 [ 2.3898597  -1.753937  ]
 [ 1.1062007  -0.49269867]
 [ 0.6956607  -0.08862564]
 [ 3.576063   -2.9482815 ]
 [ 3.7455738  -3.1071799 ]
 [ 3.3350337  -2.7031069 ]
 [ 3.7455738  -3.1071799 ]
 [ 0.23216328  0.40594542]
 [ 1.1311517  -0.49848133]
 [ 3.401993   -2.753321  ]]
2025-12-21 18:09:26,069 - [INFO] - ------------------------------------------------------------
2025-12-21 18:09:26,069 - [INFO] - On Validation Set:
	Accuracy of RRL  Model: 0.907394609536973
	F1 Score of RRL  Model: 0.7333811849602887
2025-12-21 18:09:26,075 - [INFO] - On Validation Set:
Performance of  RRL Model: 
[[1241   45]
 [  89   72]]
              precision    recall  f1-score   support

           0       0.93      0.97      0.95      1286
           1       0.62      0.45      0.52       161

    accuracy                           0.91      1447
   macro avg       0.77      0.71      0.73      1447
weighted avg       0.90      0.91      0.90      1447

2025-12-21 18:09:26,075 - [INFO] - ------------------------------------------------------------
2025-12-21 18:09:26,966 - [INFO] - epoch: 88, loss_rrl: 108.89014802873135
2025-12-21 18:09:27,747 - [DEBUG] - y_true: (1447,) [0 0 0 0 0 1 0 0 0 0 0 0 0 0 0 0 0 1 0 0 0 0 0 0 1 0 0 0 0 0 0 0 0 0 0 0 0
 0 1 1 0]
2025-12-21 18:09:27,907 - [DEBUG] - y_rrl_: (1447,) [0 1 0 0 0 1 0 0 0 0 0 0 0 0 0 0 0 0 0 0 0 0 0 0 1 0 0 0 0 0 0 0 0 1 0 0 0
 0 1 0 0]
2025-12-21 18:09:27,908 - [DEBUG] - y_rrl: (1447, 2) [[ 4.1854033  -3.556278  ]
 [-0.37759164  1.0101268 ]
 [ 2.5640748  -1.8933649 ]
 [ 2.5640748  -1.8933649 ]
 [ 3.8919513  -3.2512193 ]
 [-0.10245725  0.73208135]
 [ 4.1854033  -3.556278  ]
 [ 2.9038208  -2.2432961 ]
 [ 4.1854033  -3.556278  ]
 [ 1.6430016  -1.0255153 ]
 [ 1.5188713  -0.93083185]
 [ 3.0731425  -2.4536715 ]
 [ 3.5522053  -2.901288  ]
 [ 3.5821917  -2.9387805 ]
 [ 3.8456576  -3.2063468 ]
 [ 3.8456576  -3.2063468 ]
 [ 4.1854033  -3.556278  ]
 [ 1.2554052  -0.66326547]
 [ 2.025455   -1.3801427 ]
 [ 1.9901805  -1.3256915 ]
 [ 3.9219377  -3.2887118 ]
 [ 3.8456576  -3.2063468 ]
 [ 3.8919513  -3.2512193 ]
 [ 3.5821917  -2.9387805 ]
 [-0.7918476   1.4179869 ]
 [ 0.8856733  -0.27584174]
 [ 3.3072908  -2.6714134 ]
 [ 2.5640748  -1.8933649 ]
 [ 2.9783113  -2.3336146 ]
 [ 3.8456576  -3.2063468 ]
 [ 3.9219377  -3.2887118 ]
 [ 2.7148454  -2.0660481 ]
 [ 1.1791254  -0.5809006 ]
 [ 0.19099495  0.42702255]
 [ 4.1854033  -3.556278  ]
 [ 2.9038208  -2.2432961 ]
 [ 3.8919513  -3.2512193 ]
 [ 2.5640748  -1.8933649 ]
 [ 0.2372885   0.38215014]
 [ 1.6430016  -1.0255153 ]
 [ 2.9038208  -2.2432961 ]]
2025-12-21 18:09:27,910 - [INFO] - ------------------------------------------------------------
2025-12-21 18:09:27,910 - [INFO] - On Validation Set:
	Accuracy of RRL  Model: 0.9018659295093296
	F1 Score of RRL  Model: 0.7295626125319827
2025-12-21 18:09:27,916 - [INFO] - On Validation Set:
Performance of  RRL Model: 
[[1230   56]
 [  86   75]]
              precision    recall  f1-score   support

           0       0.93      0.96      0.95      1286
           1       0.57      0.47      0.51       161

    accuracy                           0.90      1447
   macro avg       0.75      0.71      0.73      1447
weighted avg       0.89      0.90      0.90      1447

2025-12-21 18:09:27,916 - [INFO] - ------------------------------------------------------------
2025-12-21 18:09:28,583 - [INFO] - epoch: 89, loss_rrl: 109.53128599189222
2025-12-21 18:09:29,584 - [DEBUG] - y_true: (1447,) [0 0 0 0 0 1 0 0 0 0 0 0 0 0 0 0 0 1 0 0 0 0 0 0 1 0 0 0 0 0 0 0 0 0 0 0 0
 0 1 1 0]
2025-12-21 18:09:29,744 - [DEBUG] - y_rrl_: (1447,) [0 0 0 0 0 1 0 0 0 0 0 0 0 0 0 0 0 0 0 0 0 0 0 0 1 0 0 0 0 0 0 0 0 0 0 0 0
 0 1 0 0]
2025-12-21 18:09:29,744 - [DEBUG] - y_rrl: (1447, 2) [[ 3.951345   -3.3272963 ]
 [ 0.40182582  0.19871856]
 [ 2.5966105  -1.9429016 ]
 [ 2.5966105  -1.9429016 ]
 [ 3.951345   -3.3272963 ]
 [-0.29807284  0.92273647]
 [ 3.951345   -3.3272963 ]
 [ 3.327898   -2.6896996 ]
 [ 3.951345   -3.3272963 ]
 [ 2.198055   -1.584519  ]
 [ 1.350746   -0.75081867]
 [ 2.4805887  -1.8559989 ]
 [ 3.5935292  -2.9593875 ]
 [ 3.327898   -2.6896996 ]
 [ 3.5935292  -2.9593875 ]
 [ 3.951345   -3.3272963 ]
 [ 3.5935292  -2.9593875 ]
 [ 1.085115   -0.48113078]
 [ 2.4332507  -1.8147444 ]
 [ 2.7587242  -2.1266847 ]
 [ 3.6857138  -3.0576084 ]
 [ 3.5935292  -2.9593875 ]
 [ 3.951345   -3.3272963 ]
 [ 3.327898   -2.6896996 ]
 [-0.981362    1.6025859 ]
 [ 1.350746   -0.75081867]
 [ 2.4805887  -1.8559989 ]
 [ 3.327898   -2.6896996 ]
 [ 3.0243554  -2.3963728 ]
 [ 3.5935292  -2.9593875 ]
 [ 3.6857138  -3.0576084 ]
 [ 2.7587242  -2.1266847 ]
 [ 1.350746   -0.75081867]
 [ 1.085115   -0.48113078]
 [ 3.951345   -3.3272963 ]
 [ 3.327898   -2.6896996 ]
 [ 3.951345   -3.3272963 ]
 [ 3.327898   -2.6896996 ]
 [ 0.24569362  0.3823629 ]
 [ 1.0985832  -0.47586018]
 [ 3.327898   -2.6896996 ]]
2025-12-21 18:09:29,746 - [INFO] - ------------------------------------------------------------
2025-12-21 18:09:29,746 - [INFO] - On Validation Set:
	Accuracy of RRL  Model: 0.907394609536973
	F1 Score of RRL  Model: 0.7244859101294745
2025-12-21 18:09:29,752 - [INFO] - On Validation Set:
Performance of  RRL Model: 
[[1246   40]
 [  94   67]]
              precision    recall  f1-score   support

           0       0.93      0.97      0.95      1286
           1       0.63      0.42      0.50       161

    accuracy                           0.91      1447
   macro avg       0.78      0.69      0.72      1447
weighted avg       0.90      0.91      0.90      1447

2025-12-21 18:09:29,752 - [INFO] - ------------------------------------------------------------
2025-12-21 18:09:30,193 - [INFO] - epoch: 90, loss_rrl: 107.88753226771951
2025-12-21 18:09:31,505 - [DEBUG] - y_true: (1447,) [0 0 0 0 0 1 0 0 0 0 0 0 0 0 0 0 0 1 0 0 0 0 0 0 1 0 0 0 0 0 0 0 0 0 0 0 0
 0 1 1 0]
2025-12-21 18:09:31,664 - [DEBUG] - y_rrl_: (1447,) [0 0 0 0 0 1 0 0 0 0 0 0 0 0 0 0 0 0 0 0 0 0 0 0 1 0 0 0 0 0 0 0 0 0 0 0 0
 0 0 0 0]
2025-12-21 18:09:31,665 - [DEBUG] - y_rrl: (1447, 2) [[ 4.132386   -3.5134187 ]
 [ 0.9210402  -0.33519924]
 [ 2.7699156  -2.1216016 ]
 [ 2.7699156  -2.1216016 ]
 [ 4.132386   -3.5134187 ]
 [-0.1394705   0.7591689 ]
 [ 4.132386   -3.5134187 ]
 [ 3.512754   -2.8797712 ]
 [ 4.132386   -3.5134187 ]
 [ 2.0137286  -1.4112904 ]
 [ 1.0251985  -0.43352097]
 [ 2.8817008  -2.2694817 ]
 [ 4.132386   -3.5134187 ]
 [ 3.512754   -2.8797712 ]
 [ 4.132386   -3.5134187 ]
 [ 3.439681   -2.8241086 ]
 [ 3.774908   -3.1459394 ]
 [ 0.76304424 -0.1673533 ]
 [ 2.6201677  -2.0066795 ]
 [ 2.955395   -2.3285103 ]
 [ 3.8702316  -3.247251  ]
 [ 3.774908   -3.1459394 ]
 [ 4.132386   -3.5134187 ]
 [ 3.8702316  -3.247251  ]
 [ 0.21800706  0.39168942]
 [ 1.5180217  -0.9390491 ]
 [ 1.3830761  -0.78514874]
 [ 3.8702316  -3.247251  ]
 [ 3.0822034  -2.4566293 ]
 [ 4.132386   -3.5134187 ]
 [ 3.8702316  -3.247251  ]
 [ 2.397415   -1.7738829 ]
 [ 1.0251985  -0.43352097]
 [ 0.76304424 -0.1673533 ]
 [ 4.132386   -3.5134187 ]
 [ 3.8702316  -3.247251  ]
 [ 4.132386   -3.5134187 ]
 [ 3.8702316  -3.247251  ]
 [ 0.9758687  -0.34671956]
 [ 0.5781859   0.03618924]
 [ 3.512754   -2.8797712 ]]
2025-12-21 18:09:31,667 - [INFO] - ------------------------------------------------------------
2025-12-21 18:09:31,667 - [INFO] - On Validation Set:
	Accuracy of RRL  Model: 0.8997926744989634
	F1 Score of RRL  Model: 0.6693457516803378
2025-12-21 18:09:31,673 - [INFO] - On Validation Set:
Performance of  RRL Model: 
[[1255   31]
 [ 114   47]]
              precision    recall  f1-score   support

           0       0.92      0.98      0.95      1286
           1       0.60      0.29      0.39       161

    accuracy                           0.90      1447
   macro avg       0.76      0.63      0.67      1447
weighted avg       0.88      0.90      0.88      1447

2025-12-21 18:09:31,673 - [INFO] - ------------------------------------------------------------
2025-12-21 18:09:31,871 - [INFO] - epoch: 91, loss_rrl: 109.00716120377183
2025-12-21 18:09:33,321 - [INFO] - epoch: 92, loss_rrl: 109.08881909959018
2025-12-21 18:09:33,375 - [DEBUG] - y_true: (1447,) [0 0 0 0 0 1 0 0 0 0 0 0 0 0 0 0 0 1 0 0 0 0 0 0 1 0 0 0 0 0 0 0 0 0 0 0 0
 0 1 1 0]
2025-12-21 18:09:33,535 - [DEBUG] - y_rrl_: (1447,) [0 0 0 0 0 1 0 0 0 0 0 0 0 0 0 0 0 0 0 0 0 0 0 0 1 0 0 0 0 0 0 0 0 0 0 0 0
 0 0 0 0]
2025-12-21 18:09:33,536 - [DEBUG] - y_rrl: (1447, 2) [[ 4.138634   -3.5247436 ]
 [ 0.8522176  -0.26504537]
 [ 3.7812302  -3.1574292 ]
 [ 3.7812302  -3.1574292 ]
 [ 3.350889   -2.721847  ]
 [-0.1433921   0.758126  ]
 [ 4.138634   -3.5247436 ]
 [ 4.138634   -3.5247436 ]
 [ 4.138634   -3.5247436 ]
 [ 3.0102713  -2.420313  ]
 [ 0.82780325 -0.22077563]
 [ 3.5850098  -2.9744325 ]
 [ 3.2276065  -2.607118  ]
 [ 2.9934852  -2.3545325 ]
 [ 3.480944   -2.8458767 ]
 [ 3.7812302  -3.1574292 ]
 [ 3.350889   -2.721847  ]
 [ 1.9158347  -1.3352247 ]
 [ 2.5342038  -1.9197873 ]
 [ 3.2404172  -2.622652  ]
 [ 4.138634   -3.5247436 ]
 [ 3.7812302  -3.1574292 ]
 [ 4.138634   -3.5247436 ]
 [ 2.9934852  -2.3545325 ]
 [-0.8496055   1.4609909 ]
 [ 1.5584311  -0.9679103 ]
 [ 2.0992439  -1.5026873 ]
 [ 3.7812302  -3.1574292 ]
 [ 3.2404172  -2.622652  ]
 [ 3.7812302  -3.1574292 ]
 [ 4.138634   -3.5247436 ]
 [ 3.2404172  -2.622652  ]
 [ 1.2581449  -0.65635777]
 [ 1.5584311  -0.9679103 ]
 [ 4.138634   -3.5247436 ]
 [ 4.138634   -3.5247436 ]
 [ 4.138634   -3.5247436 ]
 [ 3.7812302  -3.1574292 ]
 [ 0.7676353  -0.1594996 ]
 [ 0.75482464 -0.14396559]
 [ 4.138634   -3.5247436 ]]
2025-12-21 18:09:33,538 - [INFO] - ------------------------------------------------------------
2025-12-21 18:09:33,538 - [INFO] - On Validation Set:
	Accuracy of RRL  Model: 0.9046302695231514
	F1 Score of RRL  Model: 0.7181487127371273
2025-12-21 18:09:33,544 - [INFO] - On Validation Set:
Performance of  RRL Model: 
[[1243   43]
 [  95   66]]
              precision    recall  f1-score   support

           0       0.93      0.97      0.95      1286
           1       0.61      0.41      0.49       161

    accuracy                           0.90      1447
   macro avg       0.77      0.69      0.72      1447
weighted avg       0.89      0.90      0.90      1447

2025-12-21 18:09:33,544 - [INFO] - ------------------------------------------------------------
2025-12-21 18:09:34,957 - [INFO] - epoch: 93, loss_rrl: 108.83620484173298
2025-12-21 18:09:35,246 - [DEBUG] - y_true: (1447,) [0 0 0 0 0 1 0 0 0 0 0 0 0 0 0 0 0 1 0 0 0 0 0 0 1 0 0 0 0 0 0 0 0 0 0 0 0
 0 1 1 0]
2025-12-21 18:09:35,406 - [DEBUG] - y_rrl_: (1447,) [0 1 0 0 0 1 0 0 0 0 0 0 0 0 0 0 0 0 0 0 0 0 0 0 1 0 0 0 0 0 0 0 0 0 0 0 0
 0 1 0 0]
2025-12-21 18:09:35,407 - [DEBUG] - y_rrl: (1447, 2) [[ 4.140377   -3.5315938 ]
 [-0.27686107  0.8782435 ]
 [ 3.1826847  -2.5662518 ]
 [ 3.5130577  -2.8905263 ]
 [ 3.0271878  -2.4095306 ]
 [-0.1756126   0.7853515 ]
 [ 4.140377   -3.5315938 ]
 [ 3.879064   -3.2663527 ]
 [ 4.140377   -3.5315938 ]
 [ 2.4036267  -1.8205837 ]
 [ 0.7471302  -0.16229118]
 [ 2.6750112  -2.0815754 ]
 [ 2.8691933  -2.2599616 ]
 [ 2.399868   -1.768463  ]
 [ 3.7743711  -3.155767  ]
 [ 3.7743711  -3.155767  ]
 [ 3.3575609  -2.7338047 ]
 [ 1.2686336  -0.69483924]
 [ 2.2258246  -1.6125717 ]
 [ 2.9528692  -2.3363132 ]
 [ 3.879064   -3.2663527 ]
 [ 3.443998   -2.831493  ]
 [ 3.8100045  -3.2073193 ]
 [ 2.730241   -2.0927374 ]
 [-0.1756126   0.7853515 ]
 [ 1.1639405  -0.58425367]
 [ 2.0545022  -1.462741  ]
 [ 3.5130577  -2.8905263 ]
 [ 2.8838096  -2.2772799 ]
 [ 3.7743711  -3.155767  ]
 [ 3.879064   -3.2663527 ]
 [ 2.6224961  -2.012039  ]
 [ 1.1639405  -0.58425367]
 [ 0.9026271  -0.31901267]
 [ 3.8100045  -3.2073193 ]
 [ 3.879064   -3.2663527 ]
 [ 3.8100045  -3.2073193 ]
 [ 3.5130577  -2.8905263 ]
 [ 0.19039384  0.40952495]
 [ 1.0460054  -0.45126322]
 [ 3.879064   -3.2663527 ]]
2025-12-21 18:09:35,409 - [INFO] - ------------------------------------------------------------
2025-12-21 18:09:35,409 - [INFO] - On Validation Set:
	Accuracy of RRL  Model: 0.899101589495508
	F1 Score of RRL  Model: 0.7018095076784101
2025-12-21 18:09:35,415 - [INFO] - On Validation Set:
Performance of  RRL Model: 
[[1239   47]
 [  99   62]]
              precision    recall  f1-score   support

           0       0.93      0.96      0.94      1286
           1       0.57      0.39      0.46       161

    accuracy                           0.90      1447
   macro avg       0.75      0.67      0.70      1447
weighted avg       0.89      0.90      0.89      1447

2025-12-21 18:09:35,415 - [INFO] - ------------------------------------------------------------
2025-12-21 18:09:36,618 - [INFO] - epoch: 94, loss_rrl: 108.88061489164829
2025-12-21 18:09:37,134 - [DEBUG] - y_true: (1447,) [0 0 0 0 0 1 0 0 0 0 0 0 0 0 0 0 0 1 0 0 0 0 0 0 1 0 0 0 0 0 0 0 0 0 0 0 0
 0 1 1 0]
2025-12-21 18:09:37,293 - [DEBUG] - y_rrl_: (1447,) [0 0 0 0 0 1 0 0 0 0 0 0 0 0 0 0 0 0 0 0 0 0 0 0 1 0 0 0 0 0 0 0 0 0 0 0 0
 0 1 1 0]
2025-12-21 18:09:37,294 - [DEBUG] - y_rrl: (1447, 2) [[ 4.002911   -3.3992088 ]
 [ 1.6022416  -1.0309228 ]
 [ 3.624596   -3.0111632 ]
 [ 3.624596   -3.0111632 ]
 [ 4.002911   -3.3992088 ]
 [-0.32594553  0.93071413]
 [ 4.002911   -3.3992088 ]
 [ 3.624596   -3.0111632 ]
 [ 4.002911   -3.3992088 ]
 [ 2.4785714  -1.8883502 ]
 [ 0.34189686  0.24695785]
 [ 3.2976642  -2.6972191 ]
 [ 4.002911   -3.3992088 ]
 [ 3.624596   -3.0111632 ]
 [ 4.002911   -3.3992088 ]
 [ 2.9193492  -2.3091736 ]
 [ 3.624596   -3.0111632 ]
 [ 0.64271194 -0.06489676]
 [ 2.3699503  -1.7656901 ]
 [ 3.0751972  -2.46768   ]
 [ 4.002911   -3.3992088 ]
 [ 3.624596   -3.0111632 ]
 [ 4.002911   -3.3992088 ]
 [ 4.002911   -3.3992088 ]
 [ 0.05236996  0.5426686 ]
 [ 1.7262744  -1.154932  ]
 [ 2.9193492  -2.3091736 ]
 [ 4.002911   -3.3992088 ]
 [ 2.3699503  -1.7656901 ]
 [ 4.002911   -3.3992088 ]
 [ 4.002911   -3.3992088 ]
 [ 3.0751972  -2.46768   ]
 [ 0.34189686  0.24695785]
 [ 0.64271194 -0.06489676]
 [ 4.002911   -3.3992088 ]
 [ 4.002911   -3.3992088 ]
 [ 4.002911   -3.3992088 ]
 [ 4.002911   -3.3992088 ]
 [ 0.25526845  0.3527338 ]
 [ 0.09942005  0.51124   ]
 [ 3.624596   -3.0111632 ]]
2025-12-21 18:09:37,296 - [INFO] - ------------------------------------------------------------
2025-12-21 18:09:37,296 - [INFO] - On Validation Set:
	Accuracy of RRL  Model: 0.9067035245335177
	F1 Score of RRL  Model: 0.7233563462559746
2025-12-21 18:09:37,302 - [INFO] - On Validation Set:
Performance of  RRL Model: 
[[1245   41]
 [  94   67]]
              precision    recall  f1-score   support

           0       0.93      0.97      0.95      1286
           1       0.62      0.42      0.50       161

    accuracy                           0.91      1447
   macro avg       0.78      0.69      0.72      1447
weighted avg       0.90      0.91      0.90      1447

2025-12-21 18:09:37,302 - [INFO] - ------------------------------------------------------------
2025-12-21 18:09:38,235 - [INFO] - epoch: 95, loss_rrl: 108.89799256809056
2025-12-21 18:09:38,984 - [DEBUG] - y_true: (1447,) [0 0 0 0 0 1 0 0 0 0 0 0 0 0 0 0 0 1 0 0 0 0 0 0 1 0 0 0 0 0 0 0 0 0 0 0 0
 0 1 1 0]
2025-12-21 18:09:39,144 - [DEBUG] - y_rrl_: (1447,) [0 0 0 0 0 1 0 0 0 0 0 0 0 0 0 0 0 0 0 0 0 0 0 0 1 0 0 0 0 0 0 0 0 0 0 0 0
 0 1 0 0]
2025-12-21 18:09:39,144 - [DEBUG] - y_rrl: (1447, 2) [[ 4.255565   -3.6568742 ]
 [ 0.6836797  -0.10662952]
 [ 3.6526577  -3.0404828 ]
 [ 3.6526577  -3.0404828 ]
 [ 3.4519513  -2.838639  ]
 [-0.05516135  0.6550223 ]
 [ 4.255565   -3.6568742 ]
 [ 3.6526577  -3.0404828 ]
 [ 4.255565   -3.6568742 ]
 [ 2.1527486  -1.5693856 ]
 [ 0.48247692  0.10261334]
 [ 3.340904   -2.7357676 ]
 [ 3.1840637  -2.5789437 ]
 [ 2.8490436  -2.2222476 ]
 [ 3.8909218  -3.2825897 ]
 [ 3.8909218  -3.2825897 ]
 [ 3.0873077  -2.4643545 ]
 [ 1.0478271  -0.4735148 ]
 [ 2.3908956  -1.7877879 ]
 [ 3.0977538  -2.491434  ]
 [ 4.0173016  -3.4147673 ]
 [ 3.8909218  -3.2825897 ]
 [ 4.255565   -3.6568742 ]
 [ 2.8490436  -2.2222476 ]
 [-0.05516135  0.6550223 ]
 [ 0.57923305 -0.01197579]
 [ 3.340904   -2.7357676 ]
 [ 3.6526577  -3.0404828 ]
 [ 3.3360178  -2.733541  ]
 [ 3.8909218  -3.2825897 ]
 [ 4.0173016  -3.4147673 ]
 [ 3.0977538  -2.491434  ]
 [ 1.2860913  -0.7156217 ]
 [ 1.0478271  -0.4735148 ]
 [ 4.255565   -3.6568742 ]
 [ 3.6526577  -3.0404828 ]
 [ 4.255565   -3.6568742 ]
 [ 3.6526577  -3.0404828 ]
 [-0.05516135  0.6550223 ]
 [ 1.3491344  -0.7511507 ]
 [ 3.6526577  -3.0404828 ]]
2025-12-21 18:09:39,146 - [INFO] - ------------------------------------------------------------
2025-12-21 18:09:39,146 - [INFO] - On Validation Set:
	Accuracy of RRL  Model: 0.9046302695231514
	F1 Score of RRL  Model: 0.6956970960427181
2025-12-21 18:09:39,152 - [INFO] - On Validation Set:
Performance of  RRL Model: 
[[1254   32]
 [ 106   55]]
              precision    recall  f1-score   support

           0       0.92      0.98      0.95      1286
           1       0.63      0.34      0.44       161

    accuracy                           0.90      1447
   macro avg       0.78      0.66      0.70      1447
weighted avg       0.89      0.90      0.89      1447

2025-12-21 18:09:39,152 - [INFO] - ------------------------------------------------------------
2025-12-21 18:09:40,149 - [INFO] - epoch: 96, loss_rrl: 109.19754241965711
2025-12-21 18:09:41,288 - [DEBUG] - y_true: (1447,) [0 0 0 0 0 1 0 0 0 0 0 0 0 0 0 0 0 1 0 0 0 0 0 0 1 0 0 0 0 0 0 0 0 0 0 0 0
 0 1 1 0]
2025-12-21 18:09:41,448 - [DEBUG] - y_rrl_: (1447,) [0 0 0 0 0 1 0 0 0 0 0 0 0 0 0 0 0 0 0 0 0 0 0 0 1 0 0 0 0 0 0 0 0 0 0 0 0
 0 0 0 0]
2025-12-21 18:09:41,449 - [DEBUG] - y_rrl: (1447, 2) [[ 3.953006   -3.359279  ]
 [ 0.39826098  0.17418101]
 [ 2.8034196  -2.1994963 ]
 [ 2.8034196  -2.1994963 ]
 [ 3.953006   -3.359279  ]
 [-0.3271997   0.922196  ]
 [ 3.953006   -3.359279  ]
 [ 3.1830177  -2.588646  ]
 [ 3.953006   -3.359279  ]
 [ 2.0276384  -1.4557838 ]
 [ 1.6981018  -1.1358446 ]
 [ 2.8534808  -2.2687066 ]
 [ 3.573408   -2.9701293 ]
 [ 3.3442996  -2.7372193 ]
 [ 3.573408   -2.9701293 ]
 [ 3.573408   -2.9701293 ]
 [ 3.412126   -2.8215559 ]
 [ 1.4689933  -0.90293473]
 [ 2.09452    -1.4964037 ]
 [ 2.7856543  -2.18437   ]
 [ 3.7238975  -3.1263688 ]
 [ 3.573408   -2.9701293 ]
 [ 3.953006   -3.359279  ]
 [ 3.3442996  -2.7372193 ]
 [-0.3271997   0.922196  ]
 [ 1.3185035  -0.7466953 ]
 [ 1.3185035  -0.7466953 ]
 [ 3.3442996  -2.7372193 ]
 [ 3.0147626  -2.4172802 ]
 [ 3.573408   -2.9701293 ]
 [ 3.7238975  -3.1263688 ]
 [ 2.7856543  -2.18437   ]
 [ 1.3185035  -0.7466953 ]
 [ 1.0893952  -0.51378524]
 [ 3.953006   -3.359279  ]
 [ 3.1830177  -2.588646  ]
 [ 3.953006   -3.359279  ]
 [ 3.3442996  -2.7372193 ]
 [ 0.59327835 -0.00467648]
 [ 1.4474488  -0.8638677 ]
 [ 3.1830177  -2.588646  ]]
2025-12-21 18:09:41,451 - [INFO] - ------------------------------------------------------------
2025-12-21 18:09:41,451 - [INFO] - On Validation Set:
	Accuracy of RRL  Model: 0.9018659295093296
	F1 Score of RRL  Model: 0.7099791102077688
2025-12-21 18:09:41,457 - [INFO] - On Validation Set:
Performance of  RRL Model: 
[[1241   45]
 [  97   64]]
              precision    recall  f1-score   support

           0       0.93      0.97      0.95      1286
           1       0.59      0.40      0.47       161

    accuracy                           0.90      1447
   macro avg       0.76      0.68      0.71      1447
weighted avg       0.89      0.90      0.89      1447

2025-12-21 18:09:41,457 - [INFO] - ------------------------------------------------------------
2025-12-21 18:09:41,994 - [INFO] - epoch: 97, loss_rrl: 107.85966508463025
2025-12-21 18:09:43,229 - [DEBUG] - y_true: (1447,) [0 0 0 0 0 1 0 0 0 0 0 0 0 0 0 0 0 1 0 0 0 0 0 0 1 0 0 0 0 0 0 0 0 0 0 0 0
 0 1 1 0]
2025-12-21 18:09:43,390 - [DEBUG] - y_rrl_: (1447,) [0 1 0 0 0 1 0 0 0 0 0 0 0 0 0 0 0 0 0 0 0 0 0 0 1 0 0 0 0 0 0 0 0 0 0 0 0
 0 0 0 0]
2025-12-21 18:09:43,390 - [DEBUG] - y_rrl: (1447, 2) [[ 3.9849386  -3.396172  ]
 [-0.44469923  1.0337558 ]
 [ 1.6763657  -1.0620787 ]
 [ 2.0118055  -1.3917118 ]
 [ 3.3591118  -2.7654443 ]
 [-0.07003763  0.65641177]
 [ 3.9849386  -3.396172  ]
 [ 2.7924542  -2.1866362 ]
 [ 3.9849386  -3.396172  ]
 [ 1.5790111  -1.0118827 ]
 [ 1.5790111  -1.0118827 ]
 [ 2.747402   -2.1580975 ]
 [ 2.4570146  -1.8570029 ]
 [ 3.273557   -2.6811345 ]
 [ 3.6089964  -3.0107677 ]
 [ 3.9849386  -3.396172  ]
 [ 3.0828414  -2.4877307 ]
 [ 1.5790111  -1.0118827 ]
 [ 2.406437   -1.8158245 ]
 [ 2.7405963  -2.1373978 ]
 [ 3.9849386  -3.396172  ]
 [ 3.273557   -2.6811345 ]
 [ 3.3591118  -2.7654443 ]
 [ 3.6089964  -3.0107677 ]
 [-1.0095965   1.5966072 ]
 [ 0.7106111  -0.13851255]
 [ 1.9144506  -1.3415158 ]
 [ 3.3186092  -2.7096732 ]
 [ 2.9831696  -2.38004   ]
 [ 3.6089964  -3.0107677 ]
 [ 3.9849386  -3.396172  ]
 [ 2.4051566  -1.8077643 ]
 [ 1.5790111  -1.0118827 ]
 [ 1.5790111  -1.0118827 ]
 [ 3.6494992  -3.0665388 ]
 [ 2.7924542  -2.1866362 ]
 [ 3.3591118  -2.7654443 ]
 [ 3.3186092  -2.7096732 ]
 [ 1.03413    -0.4389007 ]
 [ 0.56890506  0.01626012]
 [ 2.7924542  -2.1866362 ]]
2025-12-21 18:09:43,393 - [INFO] - ------------------------------------------------------------
2025-12-21 18:09:43,393 - [INFO] - On Validation Set:
	Accuracy of RRL  Model: 0.8977194194885971
	F1 Score of RRL  Model: 0.6894417503886401
2025-12-21 18:09:43,399 - [INFO] - On Validation Set:
Performance of  RRL Model: 
[[1242   44]
 [ 104   57]]
              precision    recall  f1-score   support

           0       0.92      0.97      0.94      1286
           1       0.56      0.35      0.44       161

    accuracy                           0.90      1447
   macro avg       0.74      0.66      0.69      1447
weighted avg       0.88      0.90      0.89      1447

2025-12-21 18:09:43,399 - [INFO] - ------------------------------------------------------------
2025-12-21 18:09:43,622 - [INFO] - epoch: 98, loss_rrl: 108.99114659242332
2025-12-21 18:09:44,991 - [INFO] - epoch: 99, loss_rrl: 108.96061081625521
