2025-12-21 21:50:43,722 - [DEBUG] - y_true: (1447,) [0 0 0 0 0 1 0 0 0 0 0 0 0 0 0 0 0 1 0 0 0 0 0 0 1 0 0 0 0 0 0 0 0 0 0 0 0
 0 1 1 0]
2025-12-21 21:50:43,876 - [DEBUG] - y_rrl_: (1447,) [0 0 0 0 0 0 0 0 0 0 0 0 0 0 0 0 0 0 0 0 0 0 0 0 0 0 0 0 0 0 0 0 0 0 0 0 0
 0 0 0 0]
2025-12-21 21:50:43,876 - [DEBUG] - y_rrl: (1447, 2) [[ 1.5412824  -0.64729387]
 [ 1.5412824  -0.64729387]
 [ 1.5412824  -0.64729387]
 [ 1.5412824  -0.64729387]
 [ 1.5412824  -0.64729387]
 [ 1.5412824  -0.64729387]
 [ 1.5412824  -0.64729387]
 [ 1.5412824  -0.64729387]
 [ 1.5412824  -0.64729387]
 [ 1.5412824  -0.64729387]
 [ 1.5412824  -0.64729387]
 [ 1.5412824  -0.64729387]
 [ 1.5412824  -0.64729387]
 [ 1.5412824  -0.64729387]
 [ 1.5412824  -0.64729387]
 [ 1.5412824  -0.64729387]
 [ 1.5412824  -0.64729387]
 [ 1.5412824  -0.64729387]
 [ 1.5412824  -0.64729387]
 [ 1.5412824  -0.64729387]
 [ 1.5412824  -0.64729387]
 [ 1.5412824  -0.64729387]
 [ 1.5412824  -0.64729387]
 [ 1.5412824  -0.64729387]
 [ 1.5412824  -0.64729387]
 [ 1.5412824  -0.64729387]
 [ 1.5412824  -0.64729387]
 [ 1.5412824  -0.64729387]
 [ 1.5412824  -0.64729387]
 [ 1.5412824  -0.64729387]
 [ 1.5412824  -0.64729387]
 [ 1.5412824  -0.64729387]
 [ 1.5412824  -0.64729387]
 [ 1.5412824  -0.64729387]
 [ 1.5412824  -0.64729387]
 [ 1.5412824  -0.64729387]
 [ 1.5412824  -0.64729387]
 [ 1.5412824  -0.64729387]
 [ 1.5412824  -0.64729387]
 [ 1.5412824  -0.64729387]
 [ 1.5412824  -0.64729387]]
2025-12-21 21:50:43,878 - [INFO] - ------------------------------------------------------------
2025-12-21 21:50:43,878 - [INFO] - On Validation Set:
	Accuracy of RRL  Model: 0.8887353144436766
	F1 Score of RRL  Model: 0.47054518843761434
2025-12-21 21:50:43,885 - [INFO] - On Validation Set:
Performance of  RRL Model: 
[[1286    0]
 [ 161    0]]
              precision    recall  f1-score   support

           0       0.89      1.00      0.94      1286
           1       0.00      0.00      0.00       161

    accuracy                           0.89      1447
   macro avg       0.44      0.50      0.47      1447
weighted avg       0.79      0.89      0.84      1447

2025-12-21 21:50:43,885 - [INFO] - ------------------------------------------------------------
2025-12-21 21:50:45,194 - [INFO] - epoch: 0, loss_rrl: 253.20602419227362
2025-12-21 21:50:45,423 - [DEBUG] - y_true: (1447,) [0 0 0 0 0 1 0 0 0 0 0 0 0 0 0 0 0 1 0 0 0 0 0 0 1 0 0 0 0 0 0 0 0 0 0 0 0
 0 1 1 0]
2025-12-21 21:50:45,572 - [DEBUG] - y_rrl_: (1447,) [0 0 0 0 0 1 0 0 0 0 0 0 0 0 0 0 0 0 0 0 0 0 0 0 1 0 0 0 0 0 0 0 0 0 0 0 0
 0 1 0 0]
2025-12-21 21:50:45,572 - [DEBUG] - y_rrl: (1447, 2) [[ 2.3906705  -1.4955728 ]
 [ 1.7539474  -0.86265403]
 [ 2.5219882  -1.6143415 ]
 [ 2.5219882  -1.6143415 ]
 [ 2.3906705  -1.4955728 ]
 [ 0.32983717  0.5725194 ]
 [ 2.3906705  -1.4955728 ]
 [ 2.5219882  -1.6143415 ]
 [ 2.5219882  -1.6143415 ]
 [ 1.9654492  -1.044772  ]
 [ 1.1974089  -0.2930845 ]
 [ 1.7539474  -0.86265403]
 [ 2.3906705  -1.4955728 ]
 [ 2.3906705  -1.4955728 ]
 [ 2.3906705  -1.4955728 ]
 [ 2.3906705  -1.4955728 ]
 [ 2.5219882  -1.6143415 ]
 [ 1.1974089  -0.2930845 ]
 [ 1.7539474  -0.86265403]
 [ 1.7539474  -0.86265403]
 [ 2.3906705  -1.4955728 ]
 [ 2.3906705  -1.4955728 ]
 [ 2.3906705  -1.4955728 ]
 [ 2.3906705  -1.4955728 ]
 [ 0.32983717  0.5725194 ]
 [ 1.1974089  -0.2930845 ]
 [ 1.7539474  -0.86265403]
 [ 2.3906705  -1.4955728 ]
 [ 1.7539474  -0.86265403]
 [ 2.5219882  -1.6143415 ]
 [ 2.3906705  -1.4955728 ]
 [ 1.7539474  -0.86265403]
 [ 1.1974089  -0.2930845 ]
 [ 1.1974089  -0.2930845 ]
 [ 2.3906705  -1.4955728 ]
 [ 2.5219882  -1.6143415 ]
 [ 2.3906705  -1.4955728 ]
 [ 2.3906705  -1.4955728 ]
 [ 0.32983717  0.5725194 ]
 [ 1.3256391  -0.40337342]
 [ 2.5219882  -1.6143415 ]]
2025-12-21 21:50:45,574 - [INFO] - ------------------------------------------------------------
2025-12-21 21:50:45,574 - [INFO] - On Validation Set:
	Accuracy of RRL  Model: 0.8970283344851416
	F1 Score of RRL  Model: 0.6702354969111775
2025-12-21 21:50:45,580 - [INFO] - On Validation Set:
Performance of  RRL Model: 
[[1249   37]
 [ 112   49]]
              precision    recall  f1-score   support

           0       0.92      0.97      0.94      1286
           1       0.57      0.30      0.40       161

    accuracy                           0.90      1447
   macro avg       0.74      0.64      0.67      1447
weighted avg       0.88      0.90      0.88      1447

2025-12-21 21:50:45,580 - [INFO] - ------------------------------------------------------------
2025-12-21 21:50:46,674 - [INFO] - epoch: 1, loss_rrl: 125.24394761398435
2025-12-21 21:50:47,119 - [DEBUG] - y_true: (1447,) [0 0 0 0 0 1 0 0 0 0 0 0 0 0 0 0 0 1 0 0 0 0 0 0 1 0 0 0 0 0 0 0 0 0 0 0 0
 0 1 1 0]
2025-12-21 21:50:47,267 - [DEBUG] - y_rrl_: (1447,) [0 0 0 0 0 1 0 0 0 0 0 0 0 0 0 0 0 0 0 0 0 0 0 0 1 0 0 0 0 0 0 0 0 0 0 0 0
 0 1 0 0]
2025-12-21 21:50:47,267 - [DEBUG] - y_rrl: (1447, 2) [[ 2.6984847  -1.7926978 ]
 [ 0.5657977   0.3280227 ]
 [ 2.3483272  -1.4459219 ]
 [ 2.3483272  -1.4459219 ]
 [ 2.6984847  -1.7926978 ]
 [-0.24950808  1.1547511 ]
 [ 2.6984847  -1.7926978 ]
 [ 2.3483272  -1.4459219 ]
 [ 2.6984847  -1.7926978 ]
 [ 1.6287758  -0.72208315]
 [ 1.1879122  -0.27248153]
 [ 1.9074636  -0.9963202 ]
 [ 2.0379865  -1.1451774 ]
 [ 2.2440085  -1.3371679 ]
 [ 2.2440085  -1.3371679 ]
 [ 2.2440085  -1.3371679 ]
 [ 2.3483272  -1.4459219 ]
 [ 1.1879122  -0.27248153]
 [ 1.4797308  -0.5917628 ]
 [ 1.9074636  -0.9963202 ]
 [ 2.6984847  -1.7926978 ]
 [ 2.2440085  -1.3371679 ]
 [ 2.6984847  -1.7926978 ]
 [ 2.4148798  -1.5045547 ]
 [-0.24950808  1.1547511 ]
 [ 0.7601794   0.13207594]
 [ 1.6718273  -0.7546783 ]
 [ 2.2440085  -1.3371679 ]
 [ 1.9074636  -0.9963202 ]
 [ 2.3483272  -1.4459219 ]
 [ 2.6984847  -1.7926978 ]
 [ 1.9074636  -0.9963202 ]
 [ 1.1879122  -0.27248153]
 [ 1.1879122  -0.27248153]
 [ 2.6984847  -1.7926978 ]
 [ 2.3483272  -1.4459219 ]
 [ 2.6984847  -1.7926978 ]
 [ 2.2440085  -1.3371679 ]
 [ 0.34909603  0.58280677]
 [ 0.63425976  0.28273287]
 [ 2.3483272  -1.4459219 ]]
2025-12-21 21:50:47,269 - [INFO] - ------------------------------------------------------------
2025-12-21 21:50:47,270 - [INFO] - On Validation Set:
	Accuracy of RRL  Model: 0.9053213545266068
	F1 Score of RRL  Model: 0.7532232143635171
2025-12-21 21:50:47,275 - [INFO] - On Validation Set:
Performance of  RRL Model: 
[[1223   63]
 [  74   87]]
              precision    recall  f1-score   support

           0       0.94      0.95      0.95      1286
           1       0.58      0.54      0.56       161

    accuracy                           0.91      1447
   macro avg       0.76      0.75      0.75      1447
weighted avg       0.90      0.91      0.90      1447

2025-12-21 21:50:47,276 - [INFO] - ------------------------------------------------------------
2025-12-21 21:50:48,304 - [INFO] - epoch: 2, loss_rrl: 117.30313873104751
2025-12-21 21:50:49,029 - [DEBUG] - y_true: (1447,) [0 0 0 0 0 1 0 0 0 0 0 0 0 0 0 0 0 1 0 0 0 0 0 0 1 0 0 0 0 0 0 0 0 0 0 0 0
 0 1 1 0]
2025-12-21 21:50:49,178 - [DEBUG] - y_rrl_: (1447,) [0 0 0 0 0 1 0 0 0 0 0 0 0 0 0 0 0 0 0 0 0 0 0 0 1 0 0 0 0 0 0 0 0 0 0 0 0
 0 1 0 0]
2025-12-21 21:50:49,178 - [DEBUG] - y_rrl: (1447, 2) [[ 2.9821239  -2.0799184 ]
 [ 0.8563345   0.03231648]
 [ 2.9263043  -2.02756   ]
 [ 2.9263043  -2.02756   ]
 [ 2.9821239  -2.0799184 ]
 [ 0.11359714  0.799811  ]
 [ 2.9821239  -2.0799184 ]
 [ 2.9263043  -2.02756   ]
 [ 3.151803   -2.253161  ]
 [ 1.9287016  -1.0256933 ]
 [ 1.1196394  -0.21702889]
 [ 2.1172423  -1.2188956 ]
 [ 2.346727   -1.4533457 ]
 [ 2.6100316  -1.7026911 ]
 [ 2.6100316  -1.7026911 ]
 [ 2.6100316  -1.7026911 ]
 [ 2.9263043  -2.02756   ]
 [ 1.1196394  -0.21702889]
 [ 1.8539375  -0.96955013]
 [ 2.384533   -1.47709   ]
 [ 2.9821239  -2.0799184 ]
 [ 2.6100316  -1.7026911 ]
 [ 2.9821239  -2.0799184 ]
 [ 2.6100316  -1.7026911 ]
 [ 0.11359714  0.799811  ]
 [ 0.8563345   0.03231648]
 [ 1.7848837  -0.8805642 ]
 [ 2.6100316  -1.7026911 ]
 [ 2.1172423  -1.2188956 ]
 [ 2.9263043  -2.02756   ]
 [ 2.9821239  -2.0799184 ]
 [ 2.384533   -1.47709   ]
 [ 1.1196394  -0.21702889]
 [ 1.1196394  -0.21702889]
 [ 2.9821239  -2.0799184 ]
 [ 2.9263043  -2.02756   ]
 [ 2.9821239  -2.0799184 ]
 [ 2.6100316  -1.7026911 ]
 [ 0.37690192  0.55046564]
 [ 0.8696914   0.06667005]
 [ 2.9263043  -2.02756   ]]
2025-12-21 21:50:49,180 - [INFO] - ------------------------------------------------------------
2025-12-21 21:50:49,180 - [INFO] - On Validation Set:
	Accuracy of RRL  Model: 0.9080856945404284
	F1 Score of RRL  Model: 0.7378955210261313
2025-12-21 21:50:49,186 - [INFO] - On Validation Set:
Performance of  RRL Model: 
[[1240   46]
 [  87   74]]
              precision    recall  f1-score   support

           0       0.93      0.96      0.95      1286
           1       0.62      0.46      0.53       161

    accuracy                           0.91      1447
   macro avg       0.78      0.71      0.74      1447
weighted avg       0.90      0.91      0.90      1447

2025-12-21 21:50:49,186 - [INFO] - ------------------------------------------------------------
2025-12-21 21:50:49,902 - [INFO] - epoch: 3, loss_rrl: 116.17383304983377
2025-12-21 21:50:50,786 - [DEBUG] - y_true: (1447,) [0 0 0 0 0 1 0 0 0 0 0 0 0 0 0 0 0 1 0 0 0 0 0 0 1 0 0 0 0 0 0 0 0 0 0 0 0
 0 1 1 0]
2025-12-21 21:50:50,935 - [DEBUG] - y_rrl_: (1447,) [0 0 0 0 0 1 0 0 0 0 0 0 0 0 0 0 0 0 0 0 0 0 0 0 1 0 0 0 0 0 0 0 0 0 0 0 0
 0 0 0 0]
2025-12-21 21:50:50,936 - [DEBUG] - y_rrl: (1447, 2) [[ 3.4386182  -2.540301  ]
 [ 0.9452812  -0.06043384]
 [ 3.168801   -2.270382  ]
 [ 3.168801   -2.270382  ]
 [ 3.4386182  -2.540301  ]
 [ 0.31861156  0.5789989 ]
 [ 3.616765   -2.7149951 ]
 [ 3.168801   -2.270382  ]
 [ 3.616765   -2.7149951 ]
 [ 3.168801   -2.270382  ]
 [ 2.7088141  -1.8052847 ]
 [ 2.7088141  -1.8052847 ]
 [ 2.9024029  -2.017011  ]
 [ 3.2223318  -2.3230646 ]
 [ 3.2223318  -2.3230646 ]
 [ 3.2223318  -2.3230646 ]
 [ 3.168801   -2.270382  ]
 [ 2.7088141  -1.8052847 ]
 [ 2.352746   -1.4722371 ]
 [ 2.7088141  -1.8052847 ]
 [ 3.4386182  -2.540301  ]
 [ 3.2223318  -2.3230646 ]
 [ 3.4386182  -2.540301  ]
 [ 3.4004786  -2.4977589 ]
 [ 0.31861156  0.5789989 ]
 [ 1.6690168  -0.7883409 ]
 [ 2.7088141  -1.8052847 ]
 [ 3.2223318  -2.3230646 ]
 [ 2.7088141  -1.8052847 ]
 [ 3.168801   -2.270382  ]
 [ 3.4386182  -2.540301  ]
 [ 2.7088141  -1.8052847 ]
 [ 2.7088141  -1.8052847 ]
 [ 2.7088141  -1.8052847 ]
 [ 3.4386182  -2.540301  ]
 [ 3.168801   -2.270382  ]
 [ 3.4386182  -2.540301  ]
 [ 3.2223318  -2.3230646 ]
 [ 1.3663441  -0.44652277]
 [ 1.4580142  -0.54174775]
 [ 3.168801   -2.270382  ]]
2025-12-21 21:50:50,938 - [INFO] - ------------------------------------------------------------
2025-12-21 21:50:50,938 - [INFO] - On Validation Set:
	Accuracy of RRL  Model: 0.9011748445058743
	F1 Score of RRL  Model: 0.6344881675566538
2025-12-21 21:50:50,944 - [INFO] - On Validation Set:
Performance of  RRL Model: 
[[1270   16]
 [ 127   34]]
              precision    recall  f1-score   support

           0       0.91      0.99      0.95      1286
           1       0.68      0.21      0.32       161

    accuracy                           0.90      1447
   macro avg       0.79      0.60      0.63      1447
weighted avg       0.88      0.90      0.88      1447

2025-12-21 21:50:50,944 - [INFO] - ------------------------------------------------------------
2025-12-21 21:50:51,420 - [INFO] - epoch: 4, loss_rrl: 114.5832392834127
2025-12-21 21:50:52,522 - [DEBUG] - y_true: (1447,) [0 0 0 0 0 1 0 0 0 0 0 0 0 0 0 0 0 1 0 0 0 0 0 0 1 0 0 0 0 0 0 0 0 0 0 0 0
 0 1 1 0]
2025-12-21 21:50:52,671 - [DEBUG] - y_rrl_: (1447,) [0 0 0 0 0 1 0 0 0 0 0 0 0 0 0 0 0 0 0 0 0 0 0 0 1 0 0 0 0 0 0 0 0 0 0 0 0
 0 0 0 0]
2025-12-21 21:50:52,672 - [DEBUG] - y_rrl: (1447, 2) [[ 3.362335   -2.468134  ]
 [ 0.5147587   0.36606526]
 [ 2.3547685  -1.4317243 ]
 [ 2.3547685  -1.4317243 ]
 [ 3.362335   -2.468134  ]
 [ 0.19657755  0.7107164 ]
 [ 3.362335   -2.468134  ]
 [ 3.362335   -2.468134  ]
 [ 3.362335   -2.468134  ]
 [ 2.4434474  -1.5432932 ]
 [ 0.9040151  -0.00612354]
 [ 2.1949537  -1.3045537 ]
 [ 3.1015885  -2.2064424 ]
 [ 3.1015885  -2.2064424 ]
 [ 3.1015885  -2.2064424 ]
 [ 3.1015885  -2.2064424 ]
 [ 3.362335   -2.468134  ]
 [ 1.276066   -0.379713  ]
 [ 2.1121309  -1.2356119 ]
 [ 2.1949537  -1.3045537 ]
 [ 3.362335   -2.468134  ]
 [ 3.1015885  -2.2064424 ]
 [ 3.362335   -2.468134  ]
 [ 3.1015885  -2.2064424 ]
 [-0.43291795  1.3382351 ]
 [ 1.276066   -0.379713  ]
 [ 1.7630132  -0.86672455]
 [ 3.1015885  -2.2064424 ]
 [ 2.1949537  -1.3045537 ]
 [ 3.362335   -2.468134  ]
 [ 3.362335   -2.468134  ]
 [ 2.1949537  -1.3045537 ]
 [ 0.9040151  -0.00612354]
 [ 1.276066   -0.379713  ]
 [ 3.362335   -2.468134  ]
 [ 3.362335   -2.468134  ]
 [ 3.362335   -2.468134  ]
 [ 3.1015885  -2.2064424 ]
 [ 0.4945355   0.40862104]
 [ 1.1032122  -0.19117224]
 [ 3.362335   -2.468134  ]]
2025-12-21 21:50:52,674 - [INFO] - ------------------------------------------------------------
2025-12-21 21:50:52,674 - [INFO] - On Validation Set:
	Accuracy of RRL  Model: 0.907394609536973
	F1 Score of RRL  Model: 0.7384140089579623
2025-12-21 21:50:52,680 - [INFO] - On Validation Set:
Performance of  RRL Model: 
[[1238   48]
 [  86   75]]
              precision    recall  f1-score   support

           0       0.94      0.96      0.95      1286
           1       0.61      0.47      0.53       161

    accuracy                           0.91      1447
   macro avg       0.77      0.71      0.74      1447
weighted avg       0.90      0.91      0.90      1447

2025-12-21 21:50:52,680 - [INFO] - ------------------------------------------------------------
2025-12-21 21:50:52,925 - [INFO] - epoch: 5, loss_rrl: 114.55423727445304
2025-12-21 21:50:54,253 - [DEBUG] - y_true: (1447,) [0 0 0 0 0 1 0 0 0 0 0 0 0 0 0 0 0 1 0 0 0 0 0 0 1 0 0 0 0 0 0 0 0 0 0 0 0
 0 1 1 0]
2025-12-21 21:50:54,402 - [DEBUG] - y_rrl_: (1447,) [0 0 0 0 0 1 0 0 0 0 0 0 0 0 0 0 0 0 0 0 0 0 0 0 1 0 0 0 0 0 0 0 0 0 0 0 0
 0 0 0 0]
2025-12-21 21:50:54,402 - [DEBUG] - y_rrl: (1447, 2) [[ 3.561714   -2.6718838 ]
 [ 0.7463106   0.13197818]
 [ 2.7389655  -1.8431964 ]
 [ 2.7389655  -1.8431964 ]
 [ 3.561714   -2.6718838 ]
 [ 0.43043983  0.46131423]
 [ 3.561714   -2.6718838 ]
 [ 3.2236593  -2.3337283 ]
 [ 3.561714   -2.6718838 ]
 [ 2.6526935  -1.7626987 ]
 [ 1.9936064  -1.0985591 ]
 [ 2.5645723  -1.6695889 ]
 [ 2.9815915  -2.0997462 ]
 [ 3.2606137  -2.3698437 ]
 [ 3.2606137  -2.3698437 ]
 [ 3.2606137  -2.3698437 ]
 [ 3.2236593  -2.3337283 ]
 [ 1.9936064  -1.0985591 ]
 [ 2.1400247  -1.267739  ]
 [ 2.9225588  -2.0316885 ]
 [ 3.561714   -2.6718838 ]
 [ 3.2606137  -2.3698437 ]
 [ 3.561714   -2.6718838 ]
 [ 3.2606137  -2.3698437 ]
 [-0.38120463  1.2703711 ]
 [ 1.7145842  -0.82846165]
 [ 2.0798786  -1.1790569 ]
 [ 3.2606137  -2.3698437 ]
 [ 2.5645723  -1.6695889 ]
 [ 3.2236593  -2.3337283 ]
 [ 3.561714   -2.6718838 ]
 [ 2.9225588  -2.0316885 ]
 [ 1.9936064  -1.0985591 ]
 [ 1.9936064  -1.0985591 ]
 [ 3.561714   -2.6718838 ]
 [ 3.2236593  -2.3337283 ]
 [ 3.561714   -2.6718838 ]
 [ 3.2606137  -2.3698437 ]
 [ 0.70946205  0.19121669]
 [ 1.077439   -0.16988905]
 [ 3.2236593  -2.3337283 ]]
2025-12-21 21:50:54,404 - [INFO] - ------------------------------------------------------------
2025-12-21 21:50:54,404 - [INFO] - On Validation Set:
	Accuracy of RRL  Model: 0.9087767795438839
	F1 Score of RRL  Model: 0.7171685462471569
2025-12-21 21:50:54,410 - [INFO] - On Validation Set:
Performance of  RRL Model: 
[[1253   33]
 [  99   62]]
              precision    recall  f1-score   support

           0       0.93      0.97      0.95      1286
           1       0.65      0.39      0.48       161

    accuracy                           0.91      1447
   macro avg       0.79      0.68      0.72      1447
weighted avg       0.90      0.91      0.90      1447

2025-12-21 21:50:54,410 - [INFO] - ------------------------------------------------------------
2025-12-21 21:50:54,438 - [INFO] - epoch: 6, loss_rrl: 114.67751578986645
2025-12-21 21:50:55,762 - [INFO] - epoch: 7, loss_rrl: 113.1006133724004
2025-12-21 21:50:55,963 - [DEBUG] - y_true: (1447,) [0 0 0 0 0 1 0 0 0 0 0 0 0 0 0 0 0 1 0 0 0 0 0 0 1 0 0 0 0 0 0 0 0 0 0 0 0
 0 1 1 0]
2025-12-21 21:50:56,113 - [DEBUG] - y_rrl_: (1447,) [0 1 0 0 0 1 0 0 0 0 0 0 0 0 0 0 0 0 0 0 0 0 0 0 1 0 0 0 0 0 0 0 0 0 0 0 0
 0 0 0 0]
2025-12-21 21:50:56,114 - [DEBUG] - y_rrl: (1447, 2) [[ 3.8553450e+00 -2.9701588e+00]
 [-5.4758973e-04  8.8358319e-01]
 [ 3.0399158e+00 -2.1379282e+00]
 [ 3.0399158e+00 -2.1379282e+00]
 [ 3.8553450e+00 -2.9701588e+00]
 [ 1.2685931e-01  7.7124828e-01]
 [ 3.8553450e+00 -2.9701588e+00]
 [ 3.5422983e+00 -2.6460965e+00]
 [ 3.8553450e+00 -2.9701588e+00]
 [ 2.8886833e+00 -1.9924183e+00]
 [ 1.6388785e+00 -7.4698979e-01]
 [ 2.7356584e+00 -1.8453511e+00]
 [ 3.2168655e+00 -2.3396063e+00]
 [ 3.5084219e+00 -2.6223013e+00]
 [ 3.2168655e+00 -2.3396063e+00]
 [ 3.5084219e+00 -2.6223013e+00]
 [ 3.8553450e+00 -2.9701588e+00]
 [ 2.0820434e+00 -1.1916729e+00]
 [ 2.2407990e+00 -1.3730069e+00]
 [ 2.4983239e+00 -1.6059624e+00]
 [ 3.8553450e+00 -2.9701588e+00]
 [ 3.5084219e+00 -2.6223013e+00]
 [ 3.8553450e+00 -2.9701588e+00]
 [ 3.2168655e+00 -2.3396063e+00]
 [-4.4371250e-01  1.3282664e+00]
 [ 1.7904868e+00 -9.0897799e-01]
 [ 2.0820434e+00 -1.1916729e+00]
 [ 2.9038186e+00 -2.0155439e+00]
 [ 3.1029272e+00 -2.2127199e+00]
 [ 3.8553450e+00 -2.9701588e+00]
 [ 3.8553450e+00 -2.9701588e+00]
 [ 2.8113708e+00 -1.9300250e+00]
 [ 1.6388785e+00 -7.4698979e-01]
 [ 1.7689966e+00 -8.6761057e-01]
 [ 3.8553450e+00 -2.9701588e+00]
 [ 3.5422983e+00 -2.6460965e+00]
 [ 3.8553450e+00 -2.9701588e+00]
 [ 2.9038186e+00 -2.0155439e+00]
 [ 8.2391024e-01  7.8971848e-02]
 [ 1.5042257e+00 -6.1245930e-01]
 [ 3.5422983e+00 -2.6460965e+00]]
2025-12-21 21:50:56,116 - [INFO] - ------------------------------------------------------------
2025-12-21 21:50:56,116 - [INFO] - On Validation Set:
	Accuracy of RRL  Model: 0.902557014512785
	F1 Score of RRL  Model: 0.7148601112736939
2025-12-21 21:50:56,122 - [INFO] - On Validation Set:
Performance of  RRL Model: 
[[1240   46]
 [  95   66]]
              precision    recall  f1-score   support

           0       0.93      0.96      0.95      1286
           1       0.59      0.41      0.48       161

    accuracy                           0.90      1447
   macro avg       0.76      0.69      0.71      1447
weighted avg       0.89      0.90      0.89      1447

2025-12-21 21:50:56,122 - [INFO] - ------------------------------------------------------------
2025-12-21 21:50:57,259 - [INFO] - epoch: 8, loss_rrl: 111.75431776605546
2025-12-21 21:50:57,680 - [DEBUG] - y_true: (1447,) [0 0 0 0 0 1 0 0 0 0 0 0 0 0 0 0 0 1 0 0 0 0 0 0 1 0 0 0 0 0 0 0 0 0 0 0 0
 0 1 1 0]
2025-12-21 21:50:57,829 - [DEBUG] - y_rrl_: (1447,) [0 0 0 0 0 1 0 0 0 0 0 0 0 0 0 0 0 0 0 0 0 0 0 0 1 0 0 0 0 0 0 0 0 0 0 0 0
 0 1 0 0]
2025-12-21 21:50:57,830 - [DEBUG] - y_rrl: (1447, 2) [[ 3.92427    -3.0440764 ]
 [ 0.5361151   0.33273506]
 [ 2.27256    -1.3864753 ]
 [ 2.27256    -1.3864753 ]
 [ 3.92427    -3.0440764 ]
 [-0.07342042  0.9664375 ]
 [ 3.92427    -3.0440764 ]
 [ 3.5297463  -2.6494536 ]
 [ 3.92427    -3.0440764 ]
 [ 2.3820682  -1.5034192 ]
 [ 1.2694004  -0.3945614 ]
 [ 2.4170787  -1.5405962 ]
 [ 3.2485182  -2.3761928 ]
 [ 3.2485182  -2.3761928 ]
 [ 3.2485182  -2.3761928 ]
 [ 3.2485182  -2.3761928 ]
 [ 3.5297463  -2.6494536 ]
 [ 1.2694004  -0.3945614 ]
 [ 2.1878257  -1.3248663 ]
 [ 2.8539946  -1.9815704 ]
 [ 3.92427    -3.0440764 ]
 [ 3.2485182  -2.3761928 ]
 [ 3.92427    -3.0440764 ]
 [ 3.2485182  -2.3761928 ]
 [-0.6971969   1.5767901 ]
 [ 1.2694004  -0.3945614 ]
 [ 2.4170787  -1.5405962 ]
 [ 3.2485182  -2.3761928 ]
 [ 2.4170787  -1.5405962 ]
 [ 3.5297463  -2.6494536 ]
 [ 3.92427    -3.0440764 ]
 [ 2.8539946  -1.9815704 ]
 [ 1.2694004  -0.3945614 ]
 [ 1.2694004  -0.3945614 ]
 [ 3.92427    -3.0440764 ]
 [ 3.5297463  -2.6494536 ]
 [ 3.92427    -3.0440764 ]
 [ 3.2485182  -2.3761928 ]
 [ 0.36349544  0.5254635 ]
 [ 1.0684239  -0.19050556]
 [ 3.5297463  -2.6494536 ]]
2025-12-21 21:50:57,832 - [INFO] - ------------------------------------------------------------
2025-12-21 21:50:57,832 - [INFO] - On Validation Set:
	Accuracy of RRL  Model: 0.9080856945404284
	F1 Score of RRL  Model: 0.7504878070915807
2025-12-21 21:50:57,838 - [INFO] - On Validation Set:
Performance of  RRL Model: 
[[1232   54]
 [  79   82]]
              precision    recall  f1-score   support

           0       0.94      0.96      0.95      1286
           1       0.60      0.51      0.55       161

    accuracy                           0.91      1447
   macro avg       0.77      0.73      0.75      1447
weighted avg       0.90      0.91      0.90      1447

2025-12-21 21:50:57,838 - [INFO] - ------------------------------------------------------------
2025-12-21 21:50:58,781 - [INFO] - epoch: 9, loss_rrl: 111.94544059224427
2025-12-21 21:50:59,426 - [DEBUG] - y_true: (1447,) [0 0 0 0 0 1 0 0 0 0 0 0 0 0 0 0 0 1 0 0 0 0 0 0 1 0 0 0 0 0 0 0 0 0 0 0 0
 0 1 1 0]
2025-12-21 21:50:59,574 - [DEBUG] - y_rrl_: (1447,) [0 0 0 0 0 0 0 0 0 0 0 0 0 0 0 0 0 0 0 0 0 0 0 0 1 0 0 0 0 0 0 0 0 0 0 0 0
 0 0 0 0]
2025-12-21 21:50:59,575 - [DEBUG] - y_rrl: (1447, 2) [[ 4.4613309e+00 -3.5865049e+00]
 [ 8.6743057e-01 -3.8319593e-03]
 [ 4.0431023e+00 -3.1681790e+00]
 [ 4.0431023e+00 -3.1681790e+00]
 [ 4.4613309e+00 -3.5865049e+00]
 [ 5.3857851e-01  3.3810684e-01]
 [ 4.4613309e+00 -3.5865049e+00]
 [ 4.0431023e+00 -3.1681790e+00]
 [ 4.4613309e+00 -3.5865049e+00]
 [ 2.7960527e+00 -1.9227570e+00]
 [ 1.9281193e+00 -1.0498749e+00]
 [ 3.1751690e+00 -2.2952969e+00]
 [ 3.7542586e+00 -2.8872378e+00]
 [ 4.0553956e+00 -3.1796489e+00]
 [ 3.7542586e+00 -2.8872378e+00]
 [ 4.0553956e+00 -3.1796489e+00]
 [ 4.0431023e+00 -3.1681790e+00]
 [ 1.9281193e+00 -1.0498749e+00]
 [ 2.1936121e+00 -1.3357472e+00]
 [ 2.8740323e+00 -2.0028858e+00]
 [ 4.4613309e+00 -3.5865049e+00]
 [ 4.0553956e+00 -3.1796489e+00]
 [ 4.4613309e+00 -3.5865049e+00]
 [ 3.7542586e+00 -2.8872378e+00]
 [-1.4184168e-01  1.0052454e+00]
 [ 1.6269826e+00 -7.5746393e-01]
 [ 3.1751690e+00 -2.2952969e+00]
 [ 3.7542586e+00 -2.8872378e+00]
 [ 3.1751690e+00 -2.2952969e+00]
 [ 4.0431023e+00 -3.1681790e+00]
 [ 4.4613309e+00 -3.5865049e+00]
 [ 3.2922604e+00 -2.4212117e+00]
 [ 1.9281193e+00 -1.0498749e+00]
 [ 1.9281193e+00 -1.0498749e+00]
 [ 4.4613309e+00 -3.5865049e+00]
 [ 4.0431023e+00 -3.1681790e+00]
 [ 4.4613309e+00 -3.5865049e+00]
 [ 3.7542586e+00 -2.8872378e+00]
 [ 8.3971524e-01  4.5695838e-02]
 [ 1.7199415e+00 -8.3865625e-01]
 [ 4.0431023e+00 -3.1681790e+00]]
2025-12-21 21:50:59,577 - [INFO] - ------------------------------------------------------------
2025-12-21 21:50:59,577 - [INFO] - On Validation Set:
	Accuracy of RRL  Model: 0.9053213545266068
	F1 Score of RRL  Model: 0.6698905124682569
2025-12-21 21:50:59,583 - [INFO] - On Validation Set:
Performance of  RRL Model: 
[[1266   20]
 [ 117   44]]
              precision    recall  f1-score   support

           0       0.92      0.98      0.95      1286
           1       0.69      0.27      0.39       161

    accuracy                           0.91      1447
   macro avg       0.80      0.63      0.67      1447
weighted avg       0.89      0.91      0.89      1447

2025-12-21 21:50:59,583 - [INFO] - ------------------------------------------------------------
2025-12-21 21:51:00,295 - [INFO] - epoch: 10, loss_rrl: 110.67537193186581
2025-12-21 21:51:01,164 - [DEBUG] - y_true: (1447,) [0 0 0 0 0 1 0 0 0 0 0 0 0 0 0 0 0 1 0 0 0 0 0 0 1 0 0 0 0 0 0 0 0 0 0 0 0
 0 1 1 0]
2025-12-21 21:51:01,316 - [DEBUG] - y_rrl_: (1447,) [0 0 0 0 0 1 0 0 0 0 0 0 0 0 0 0 0 0 0 0 0 0 0 0 0 0 0 0 0 0 0 0 0 0 0 0 0
 0 0 0 0]
2025-12-21 21:51:01,316 - [DEBUG] - y_rrl: (1447, 2) [[ 4.7311873  -3.86204   ]
 [ 0.7341908   0.13463917]
 [ 3.4032476  -2.5176086 ]
 [ 3.4032476  -2.5176086 ]
 [ 4.7311873  -3.86204   ]
 [ 0.2391662   0.64260113]
 [ 4.7311873  -3.86204   ]
 [ 4.0178475  -3.1378238 ]
 [ 4.7311873  -3.86204   ]
 [ 2.6591537  -1.7807411 ]
 [ 2.0090237  -1.1364807 ]
 [ 3.3677175  -2.4935634 ]
 [ 3.7728848  -2.9255178 ]
 [ 4.7311873  -3.86204   ]
 [ 4.419407   -3.5589125 ]
 [ 4.7311873  -3.86204   ]
 [ 4.2743754  -3.4051309 ]
 [ 2.0090237  -1.1364807 ]
 [ 2.8662271  -2.01395   ]
 [ 2.7994099  -1.9231286 ]
 [ 4.7311873  -3.86204   ]
 [ 4.7311873  -3.86204   ]
 [ 4.7311873  -3.86204   ]
 [ 4.419407   -3.5589125 ]
 [ 0.49569374  0.37529388]
 [ 1.0507215  -0.19995806]
 [ 3.3677175  -2.4935634 ]
 [ 4.1628795  -3.2916052 ]
 [ 3.3677175  -2.4935634 ]
 [ 3.962595   -3.1020033 ]
 [ 4.7311873  -3.86204   ]
 [ 3.5127492  -2.6473448 ]
 [ 2.0090237  -1.1364807 ]
 [ 1.7524964  -0.86917347]
 [ 4.7311873  -3.86204   ]
 [ 4.0178475  -3.1378238 ]
 [ 4.7311873  -3.86204   ]
 [ 4.1628795  -3.2916052 ]
 [ 1.0307244  -0.14430021]
 [ 2.1709433  -1.2963103 ]
 [ 4.0178475  -3.1378238 ]]
2025-12-21 21:51:01,319 - [INFO] - ------------------------------------------------------------
2025-12-21 21:51:01,319 - [INFO] - On Validation Set:
	Accuracy of RRL  Model: 0.8997926744989634
	F1 Score of RRL  Model: 0.6123818338681638
2025-12-21 21:51:01,324 - [INFO] - On Validation Set:
Performance of  RRL Model: 
[[1274   12]
 [ 133   28]]
              precision    recall  f1-score   support

           0       0.91      0.99      0.95      1286
           1       0.70      0.17      0.28       161

    accuracy                           0.90      1447
   macro avg       0.80      0.58      0.61      1447
weighted avg       0.88      0.90      0.87      1447

2025-12-21 21:51:01,324 - [INFO] - ------------------------------------------------------------
2025-12-21 21:51:01,830 - [INFO] - epoch: 11, loss_rrl: 111.62594623677433
2025-12-21 21:51:02,919 - [DEBUG] - y_true: (1447,) [0 0 0 0 0 1 0 0 0 0 0 0 0 0 0 0 0 1 0 0 0 0 0 0 1 0 0 0 0 0 0 0 0 0 0 0 0
 0 1 1 0]
2025-12-21 21:51:03,067 - [DEBUG] - y_rrl_: (1447,) [0 0 0 0 0 1 0 0 0 0 0 0 0 0 0 0 0 0 0 0 0 0 0 0 1 0 0 0 0 0 0 0 0 0 0 0 0
 0 1 0 0]
2025-12-21 21:51:03,067 - [DEBUG] - y_rrl: (1447, 2) [[ 4.4246836  -3.561482  ]
 [ 0.46021372  0.3920325 ]
 [ 2.4187999  -1.5498831 ]
 [ 2.4187999  -1.5498831 ]
 [ 4.4246836  -3.561482  ]
 [-0.10890397  0.97393185]
 [ 4.4246836  -3.561482  ]
 [ 3.9222388  -3.0589411 ]
 [ 4.4246836  -3.561482  ]
 [ 2.507629   -1.6459242 ]
 [ 1.5491271  -0.68255234]
 [ 2.9637368  -2.0955694 ]
 [ 3.6245522  -2.769017  ]
 [ 3.9710646  -3.1069548 ]
 [ 3.6245522  -2.769017  ]
 [ 3.9710646  -3.1069548 ]
 [ 3.9222388  -3.0589411 ]
 [ 1.5491271  -0.68255234]
 [ 2.4660978  -1.6195666 ]
 [ 2.6172245  -1.7576317 ]
 [ 4.4246836  -3.561482  ]
 [ 3.9710646  -3.1069548 ]
 [ 4.4246836  -3.561482  ]
 [ 3.6245522  -2.769017  ]
 [-0.76247567  1.614538  ]
 [ 1.2026149  -0.34461448]
 [ 2.9637368  -2.0955694 ]
 [ 3.6245522  -2.769017  ]
 [ 2.9637368  -2.0955694 ]
 [ 3.9222388  -3.0589411 ]
 [ 4.4246836  -3.561482  ]
 [ 2.6172245  -1.7576317 ]
 [ 1.5491271  -0.68255234]
 [ 1.5491271  -0.68255234]
 [ 4.4246836  -3.561482  ]
 [ 3.9222388  -3.0589411 ]
 [ 4.4246836  -3.561482  ]
 [ 3.6245522  -2.769017  ]
 [ 0.23760828  0.63599396]
 [ 1.2449362  -0.37539157]
 [ 3.9222388  -3.0589411 ]]
2025-12-21 21:51:03,069 - [INFO] - ------------------------------------------------------------
2025-12-21 21:51:03,070 - [INFO] - On Validation Set:
	Accuracy of RRL  Model: 0.9101589495507948
	F1 Score of RRL  Model: 0.7524164762616743
2025-12-21 21:51:03,075 - [INFO] - On Validation Set:
Performance of  RRL Model: 
[[1236   50]
 [  80   81]]
              precision    recall  f1-score   support

           0       0.94      0.96      0.95      1286
           1       0.62      0.50      0.55       161

    accuracy                           0.91      1447
   macro avg       0.78      0.73      0.75      1447
weighted avg       0.90      0.91      0.91      1447

2025-12-21 21:51:03,075 - [INFO] - ------------------------------------------------------------
2025-12-21 21:51:03,358 - [INFO] - epoch: 12, loss_rrl: 110.03761382959783
2025-12-21 21:51:04,682 - [DEBUG] - y_true: (1447,) [0 0 0 0 0 1 0 0 0 0 0 0 0 0 0 0 0 1 0 0 0 0 0 0 1 0 0 0 0 0 0 0 0 0 0 0 0
 0 1 1 0]
2025-12-21 21:51:04,832 - [DEBUG] - y_rrl_: (1447,) [0 1 0 0 0 1 0 0 0 0 0 0 0 0 0 0 0 0 0 0 0 0 0 0 1 0 0 0 0 0 0 0 0 0 0 0 0
 0 1 0 0]
2025-12-21 21:51:04,832 - [DEBUG] - y_rrl: (1447, 2) [[ 4.103017   -3.245177  ]
 [ 0.37726834  0.46886814]
 [ 3.2836728  -2.4211376 ]
 [ 3.2836728  -2.4211376 ]
 [ 4.103017   -3.245177  ]
 [-0.230479    1.0892323 ]
 [ 4.103017   -3.245177  ]
 [ 4.0320234  -3.1749885 ]
 [ 4.58298    -3.7260401 ]
 [ 2.5615137  -1.7060524 ]
 [ 1.5572453  -0.6969576 ]
 [ 3.027755   -2.1658938 ]
 [ 3.7068474  -2.8574984 ]
 [ 4.103017   -3.245177  ]
 [ 3.7068474  -2.8574984 ]
 [ 4.103017   -3.245177  ]
 [ 4.0320234  -3.1749885 ]
 [ 1.5572453  -0.6969576 ]
 [ 2.5220754  -1.681594  ]
 [ 2.6315856  -1.7782154 ]
 [ 4.103017   -3.245177  ]
 [ 4.103017   -3.245177  ]
 [ 4.103017   -3.245177  ]
 [ 3.7068474  -2.8574984 ]
 [-0.230479    1.0892323 ]
 [ 1.1610757  -0.30927896]
 [ 2.1822553  -1.3203344 ]
 [ 3.7068474  -2.8574984 ]
 [ 3.027755   -2.1658938 ]
 [ 4.0320234  -3.1749885 ]
 [ 4.103017   -3.245177  ]
 [ 2.6315856  -1.7782154 ]
 [ 1.5572453  -0.6969576 ]
 [ 1.5572453  -0.6969576 ]
 [ 4.103017   -3.245177  ]
 [ 4.0320234  -3.1749885 ]
 [ 4.103017   -3.245177  ]
 [ 3.7068474  -2.8574984 ]
 [ 0.16569048  0.7015537 ]
 [ 1.240952   -0.37772933]
 [ 4.0320234  -3.1749885 ]]
2025-12-21 21:51:04,834 - [INFO] - ------------------------------------------------------------
2025-12-21 21:51:04,834 - [INFO] - On Validation Set:
	Accuracy of RRL  Model: 0.9067035245335177
	F1 Score of RRL  Model: 0.7568257951757285
2025-12-21 21:51:04,840 - [INFO] - On Validation Set:
Performance of  RRL Model: 
[[1224   62]
 [  73   88]]
              precision    recall  f1-score   support

           0       0.94      0.95      0.95      1286
           1       0.59      0.55      0.57       161

    accuracy                           0.91      1447
   macro avg       0.77      0.75      0.76      1447
weighted avg       0.90      0.91      0.91      1447

2025-12-21 21:51:04,840 - [INFO] - ------------------------------------------------------------
2025-12-21 21:51:04,902 - [INFO] - epoch: 13, loss_rrl: 109.83048361353576
2025-12-21 21:51:06,249 - [INFO] - epoch: 14, loss_rrl: 109.5739606115967
2025-12-21 21:51:06,423 - [DEBUG] - y_true: (1447,) [0 0 0 0 0 1 0 0 0 0 0 0 0 0 0 0 0 1 0 0 0 0 0 0 1 0 0 0 0 0 0 0 0 0 0 0 0
 0 1 1 0]
2025-12-21 21:51:06,587 - [DEBUG] - y_rrl_: (1447,) [0 1 0 0 0 1 0 0 0 0 0 0 0 0 0 0 0 0 0 0 0 0 0 0 1 0 0 0 0 0 0 0 0 0 0 0 0
 0 1 0 0]
2025-12-21 21:51:06,587 - [DEBUG] - y_rrl: (1447, 2) [[ 4.717424   -3.8670027 ]
 [-0.84327286  1.703175  ]
 [ 2.9265404  -2.0488513 ]
 [ 2.9265404  -2.0488513 ]
 [ 4.717424   -3.8670027 ]
 [-0.8182896   1.6922475 ]
 [ 4.717424   -3.8670027 ]
 [ 3.7259426  -2.8536932 ]
 [ 4.717424   -3.8670027 ]
 [ 2.1670892  -1.2963945 ]
 [ 1.5187001  -0.6649566 ]
 [ 3.0775533  -2.2222552 ]
 [ 3.743886   -2.9009738 ]
 [ 4.2214136  -3.3700998 ]
 [ 3.743886   -2.9009738 ]
 [ 4.2214136  -3.3700998 ]
 [ 4.1227155  -3.2721999 ]
 [ 1.5187001  -0.6649566 ]
 [ 2.5064635  -1.672275  ]
 [ 2.2032528  -1.3346224 ]
 [ 4.2214136  -3.3700998 ]
 [ 4.2214136  -3.3700998 ]
 [ 4.2214136  -3.3700998 ]
 [ 3.743886   -2.9009738 ]
 [-0.4215169   1.2737406 ]
 [ 1.0411726  -0.19583063]
 [ 3.0775533  -2.2222552 ]
 [ 3.3471134  -2.4824672 ]
 [ 3.0775533  -2.2222552 ]
 [ 4.1227155  -3.2721999 ]
 [ 4.717424   -3.8670027 ]
 [ 3.194734   -2.3479319 ]
 [ 1.5187001  -0.6649566 ]
 [ 1.1219273  -0.24644983]
 [ 4.717424   -3.8670027 ]
 [ 3.7259426  -2.8536932 ]
 [ 4.2214136  -3.3700998 ]
 [ 3.3471134  -2.4824672 ]
 [ 0.20838979  0.6700797 ]
 [ 1.199871   -0.3432299 ]
 [ 3.7259426  -2.8536932 ]]
2025-12-21 21:51:06,589 - [INFO] - ------------------------------------------------------------
2025-12-21 21:51:06,590 - [INFO] - On Validation Set:
	Accuracy of RRL  Model: 0.9087767795438839
	F1 Score of RRL  Model: 0.7601922439509446
2025-12-21 21:51:06,597 - [INFO] - On Validation Set:
Performance of  RRL Model: 
[[1227   59]
 [  73   88]]
              precision    recall  f1-score   support

           0       0.94      0.95      0.95      1286
           1       0.60      0.55      0.57       161

    accuracy                           0.91      1447
   macro avg       0.77      0.75      0.76      1447
weighted avg       0.91      0.91      0.91      1447

2025-12-21 21:51:06,597 - [INFO] - ------------------------------------------------------------
2025-12-21 21:51:07,883 - [INFO] - epoch: 15, loss_rrl: 109.09454151242971
2025-12-21 21:51:08,289 - [DEBUG] - y_true: (1447,) [0 0 0 0 0 1 0 0 0 0 0 0 0 0 0 0 0 1 0 0 0 0 0 0 1 0 0 0 0 0 0 0 0 0 0 0 0
 0 1 1 0]
2025-12-21 21:51:08,440 - [DEBUG] - y_rrl_: (1447,) [0 0 0 0 0 1 0 0 0 0 0 0 0 0 0 0 0 0 0 0 0 0 0 0 1 0 0 0 0 0 0 0 0 0 0 0 0
 0 0 0 0]
2025-12-21 21:51:08,441 - [DEBUG] - y_rrl: (1447, 2) [[ 5.7698879e+00 -4.9262481e+00]
 [ 1.8894467e+00 -1.0616533e+00]
 [ 4.3033915e+00 -3.4542811e+00]
 [ 4.3033915e+00 -3.4542811e+00]
 [ 5.7698879e+00 -4.9262481e+00]
 [ 2.8930178e-01  5.5613065e-01]
 [ 5.7698879e+00 -4.9262481e+00]
 [ 5.1433301e+00 -4.2995968e+00]
 [ 5.7698879e+00 -4.9262481e+00]
 [ 3.4598444e+00 -2.6176450e+00]
 [ 2.3892593e+00 -1.5423239e+00]
 [ 4.0727453e+00 -3.2242761e+00]
 [ 4.7058797e+00 -3.8696623e+00]
 [ 5.2714853e+00 -4.4269605e+00]
 [ 5.2714853e+00 -4.4269605e+00]
 [ 5.2714853e+00 -4.4269605e+00]
 [ 5.1433301e+00 -4.2995968e+00]
 [ 2.3892593e+00 -1.5423239e+00]
 [ 3.4496875e+00 -2.6220453e+00]
 [ 4.6449280e+00 -3.8003101e+00]
 [ 5.7698879e+00 -4.9262481e+00]
 [ 5.2714853e+00 -4.4269605e+00]
 [ 5.7698879e+00 -4.9262481e+00]
 [ 5.2714853e+00 -4.4269605e+00]
 [-3.9470795e-01  1.2277136e+00]
 [ 1.8236539e+00 -9.8502529e-01]
 [ 3.1390617e+00 -2.2905347e+00]
 [ 5.2714853e+00 -4.4269605e+00]
 [ 4.0727453e+00 -3.2242761e+00]
 [ 5.1433301e+00 -4.2995968e+00]
 [ 5.7698879e+00 -4.9262481e+00]
 [ 4.6449280e+00 -3.8003101e+00]
 [ 2.3892593e+00 -1.5423239e+00]
 [ 2.3892593e+00 -1.5423239e+00]
 [ 5.7698879e+00 -4.9262481e+00]
 [ 5.1433301e+00 -4.2995968e+00]
 [ 5.7698879e+00 -4.9262481e+00]
 [ 5.2714853e+00 -4.4269605e+00]
 [ 8.5490721e-01 -1.1680452e-03]
 [ 2.0536473e+00 -1.2038531e+00]
 [ 5.1433301e+00 -4.2995968e+00]]
2025-12-21 21:51:08,443 - [INFO] - ------------------------------------------------------------
2025-12-21 21:51:08,443 - [INFO] - On Validation Set:
	Accuracy of RRL  Model: 0.9046302695231514
	F1 Score of RRL  Model: 0.6714869506850396
2025-12-21 21:51:08,449 - [INFO] - On Validation Set:
Performance of  RRL Model: 
[[1264   22]
 [ 116   45]]
              precision    recall  f1-score   support

           0       0.92      0.98      0.95      1286
           1       0.67      0.28      0.39       161

    accuracy                           0.90      1447
   macro avg       0.79      0.63      0.67      1447
weighted avg       0.89      0.90      0.89      1447

2025-12-21 21:51:08,449 - [INFO] - ------------------------------------------------------------
2025-12-21 21:51:09,498 - [INFO] - epoch: 16, loss_rrl: 109.5515804272145
2025-12-21 21:51:10,128 - [DEBUG] - y_true: (1447,) [0 0 0 0 0 1 0 0 0 0 0 0 0 0 0 0 0 1 0 0 0 0 0 0 1 0 0 0 0 0 0 0 0 0 0 0 0
 0 1 1 0]
2025-12-21 21:51:10,277 - [DEBUG] - y_rrl_: (1447,) [0 1 0 0 0 1 0 0 0 0 0 0 0 0 0 0 0 0 0 0 0 0 0 0 1 0 0 0 0 0 0 0 0 1 0 0 0
 0 1 0 0]
2025-12-21 21:51:10,278 - [DEBUG] - y_rrl: (1447, 2) [[ 5.323046   -4.4863915 ]
 [ 0.40980467  0.4165654 ]
 [ 3.796032   -2.9539702 ]
 [ 3.796032   -2.9539702 ]
 [ 5.323046   -4.4863915 ]
 [-0.39428362  1.232727  ]
 [ 5.323046   -4.4863915 ]
 [ 3.796032   -2.9539702 ]
 [ 5.323046   -4.4863915 ]
 [ 2.012931   -1.1723825 ]
 [ 1.0928729  -0.2651809 ]
 [ 2.8759737  -2.046769  ]
 [ 4.2022576  -3.372933  ]
 [ 4.837954   -4.0004234 ]
 [ 4.837954   -4.0004234 ]
 [ 4.1274295  -3.3021312 ]
 [ 4.6666226  -3.8298757 ]
 [ 1.0928729  -0.2651809 ]
 [ 2.8967009  -2.0757942 ]
 [ 2.7159078  -1.8691555 ]
 [ 5.323046   -4.4863915 ]
 [ 4.837954   -4.0004234 ]
 [ 5.323046   -4.4863915 ]
 [ 4.837954   -4.0004234 ]
 [-0.39428362  1.232727  ]
 [ 1.1677008  -0.33598298]
 [ 2.6266165  -1.7851232 ]
 [ 3.9673636  -3.124518  ]
 [ 3.5864983  -2.7450612 ]
 [ 4.6666226  -3.8298757 ]
 [ 5.323046   -4.4863915 ]
 [ 4.242922   -3.4015772 ]
 [ 1.0928729  -0.2651809 ]
 [ 0.22228234  0.61072475]
 [ 5.323046   -4.4863915 ]
 [ 3.796032   -2.9539702 ]
 [ 5.323046   -4.4863915 ]
 [ 3.9673636  -3.124518  ]
 [ 0.24141298  0.60523635]
 [ 1.4737384  -0.64463764]
 [ 3.796032   -2.9539702 ]]
2025-12-21 21:51:10,280 - [INFO] - ------------------------------------------------------------
2025-12-21 21:51:10,280 - [INFO] - On Validation Set:
	Accuracy of RRL  Model: 0.9032480995162405
	F1 Score of RRL  Model: 0.7396813158571061
2025-12-21 21:51:10,286 - [INFO] - On Validation Set:
Performance of  RRL Model: 
[[1227   59]
 [  81   80]]
              precision    recall  f1-score   support

           0       0.94      0.95      0.95      1286
           1       0.58      0.50      0.53       161

    accuracy                           0.90      1447
   macro avg       0.76      0.73      0.74      1447
weighted avg       0.90      0.90      0.90      1447

2025-12-21 21:51:10,286 - [INFO] - ------------------------------------------------------------
2025-12-21 21:51:11,058 - [INFO] - epoch: 17, loss_rrl: 108.57458139397204
2025-12-21 21:51:11,931 - [DEBUG] - y_true: (1447,) [0 0 0 0 0 1 0 0 0 0 0 0 0 0 0 0 0 1 0 0 0 0 0 0 1 0 0 0 0 0 0 0 0 0 0 0 0
 0 1 1 0]
2025-12-21 21:51:12,081 - [DEBUG] - y_rrl_: (1447,) [0 0 0 0 0 1 0 0 0 0 0 0 0 0 0 0 0 0 0 0 0 0 0 0 1 0 0 0 0 0 0 0 0 0 0 0 0
 0 0 0 0]
2025-12-21 21:51:12,081 - [DEBUG] - y_rrl: (1447, 2) [[ 5.837546   -5.008143  ]
 [ 1.6488043  -0.83474135]
 [ 4.2863097  -3.451566  ]
 [ 4.2863097  -3.451566  ]
 [ 5.837546   -5.008143  ]
 [-0.1374205   0.96861327]
 [ 5.837546   -5.008143  ]
 [ 5.148532   -4.319038  ]
 [ 5.837546   -5.008143  ]
 [ 3.243627   -2.4156227 ]
 [ 1.2857631  -0.4478655 ]
 [ 4.0528903  -3.2187526 ]
 [ 5.1464877  -4.325185  ]
 [ 5.837546   -5.008143  ]
 [ 5.1464877  -4.325185  ]
 [ 5.837546   -5.008143  ]
 [ 5.148532   -4.319038  ]
 [ 2.1479852  -1.3153374 ]
 [ 3.3476992  -2.5337825 ]
 [ 3.3618321  -2.5357943 ]
 [ 5.837546   -5.008143  ]
 [ 5.837546   -5.008143  ]
 [ 5.837546   -5.008143  ]
 [ 5.1464877  -4.325185  ]
 [-0.1374205   0.96861327]
 [ 1.4569275  -0.63237906]
 [ 4.0528903  -3.2187526 ]
 [ 5.1464877  -4.325185  ]
 [ 4.0528903  -3.2187526 ]
 [ 5.148532   -4.319038  ]
 [ 5.837546   -5.008143  ]
 [ 4.050846   -3.224899  ]
 [ 2.1479852  -1.3153374 ]
 [ 2.1479852  -1.3153374 ]
 [ 5.837546   -5.008143  ]
 [ 5.148532   -4.319038  ]
 [ 5.837546   -5.008143  ]
 [ 5.1464877  -4.325185  ]
 [ 0.5536372   0.2856549 ]
 [ 3.0704184  -2.2372556 ]
 [ 5.148532   -4.319038  ]]
2025-12-21 21:51:12,083 - [INFO] - ------------------------------------------------------------
2025-12-21 21:51:12,083 - [INFO] - On Validation Set:
	Accuracy of RRL  Model: 0.9046302695231514
	F1 Score of RRL  Model: 0.663365835895776
2025-12-21 21:51:12,089 - [INFO] - On Validation Set:
Performance of  RRL Model: 
[[1267   19]
 [ 119   42]]
              precision    recall  f1-score   support

           0       0.91      0.99      0.95      1286
           1       0.69      0.26      0.38       161

    accuracy                           0.90      1447
   macro avg       0.80      0.62      0.66      1447
weighted avg       0.89      0.90      0.88      1447

2025-12-21 21:51:12,089 - [INFO] - ------------------------------------------------------------
2025-12-21 21:51:12,734 - [INFO] - epoch: 18, loss_rrl: 109.13371861353517
2025-12-21 21:51:14,041 - [DEBUG] - y_true: (1447,) [0 0 0 0 0 1 0 0 0 0 0 0 0 0 0 0 0 1 0 0 0 0 0 0 1 0 0 0 0 0 0 0 0 0 0 0 0
 0 1 1 0]
2025-12-21 21:51:14,189 - [DEBUG] - y_rrl_: (1447,) [0 1 0 0 0 1 0 0 0 0 0 0 0 0 0 0 0 0 0 0 0 0 0 0 1 0 0 0 0 0 0 0 0 0 0 0 0
 0 1 0 0]
2025-12-21 21:51:14,190 - [DEBUG] - y_rrl: (1447, 2) [[ 5.735241   -4.9133368 ]
 [ 0.08267784  0.7269593 ]
 [ 4.184083   -3.3569076 ]
 [ 4.184083   -3.3569076 ]
 [ 5.735241   -4.9133368 ]
 [-0.4089824   1.2326802 ]
 [ 5.735241   -4.9133368 ]
 [ 4.184083   -3.3569076 ]
 [ 5.735241   -4.9133368 ]
 [ 2.2116342  -1.3859236 ]
 [ 1.9485269  -1.1234022 ]
 [ 4.3660994  -3.5403688 ]
 [ 4.9839754  -4.1700587 ]
 [ 5.2901173  -4.4673543 ]
 [ 5.735241   -4.9133368 ]
 [ 5.2901173  -4.4673543 ]
 [ 5.0342226  -4.212228  ]
 [ 1.9485269  -1.1234022 ]
 [ 3.1611607  -2.3544717 ]
 [ 3.0708356  -2.239066  ]
 [ 5.2901173  -4.4673543 ]
 [ 5.2901173  -4.4673543 ]
 [ 5.2901173  -4.4673543 ]
 [ 5.735241   -4.9133368 ]
 [ 0.03614128  0.7866979 ]
 [ 1.6423854  -0.82610655]
 [ 3.9209754  -3.0943863 ]
 [ 4.885101   -4.0580163 ]
 [ 3.9209754  -3.0943863 ]
 [ 5.0342226  -4.212228  ]
 [ 5.735241   -4.9133368 ]
 [ 3.9209754  -3.0943863 ]
 [ 1.9485269  -1.1234022 ]
 [ 1.098387   -0.2680819 ]
 [ 5.735241   -4.9133368 ]
 [ 4.184083   -3.3569076 ]
 [ 5.735241   -4.9133368 ]
 [ 4.885101   -4.0580163 ]
 [ 0.34228277  0.48940206]
 [ 2.4675286  -1.6410501 ]
 [ 4.184083   -3.3569076 ]]
2025-12-21 21:51:14,192 - [INFO] - ------------------------------------------------------------
2025-12-21 21:51:14,192 - [INFO] - On Validation Set:
	Accuracy of RRL  Model: 0.9060124395300622
	F1 Score of RRL  Model: 0.7345097404349468
2025-12-21 21:51:14,200 - [INFO] - On Validation Set:
Performance of  RRL Model: 
[[1237   49]
 [  87   74]]
              precision    recall  f1-score   support

           0       0.93      0.96      0.95      1286
           1       0.60      0.46      0.52       161

    accuracy                           0.91      1447
   macro avg       0.77      0.71      0.73      1447
weighted avg       0.90      0.91      0.90      1447

2025-12-21 21:51:14,200 - [INFO] - ------------------------------------------------------------
2025-12-21 21:51:14,578 - [INFO] - epoch: 19, loss_rrl: 109.87664965353906
2025-12-21 21:51:16,146 - [DEBUG] - y_true: (1447,) [0 0 0 0 0 1 0 0 0 0 0 0 0 0 0 0 0 1 0 0 0 0 0 0 1 0 0 0 0 0 0 0 0 0 0 0 0
 0 1 1 0]
2025-12-21 21:51:16,296 - [DEBUG] - y_rrl_: (1447,) [0 1 0 0 0 1 0 0 0 0 0 0 0 0 0 0 0 0 0 0 0 0 0 0 1 0 0 0 0 0 0 0 0 0 0 0 0
 0 0 0 0]
2025-12-21 21:51:16,297 - [DEBUG] - y_rrl: (1447, 2) [[ 6.007637   -5.1935306 ]
 [-0.22912197  1.0320503 ]
 [ 4.4315014  -3.6121986 ]
 [ 4.4315014  -3.6121986 ]
 [ 6.007637   -5.1935306 ]
 [-0.31939778  1.1352962 ]
 [ 6.007637   -5.1935306 ]
 [ 4.4315014  -3.6121986 ]
 [ 6.007637   -5.1935306 ]
 [ 2.3935544  -1.5756922 ]
 [ 1.2791548  -0.45674852]
 [ 4.171117   -3.3523767 ]
 [ 4.52707    -3.7171383 ]
 [ 5.338397   -4.520596  ]
 [ 5.338397   -4.520596  ]
 [ 5.338397   -4.520596  ]
 [ 5.2855163  -4.4713206 ]
 [ 2.13317    -1.3158702 ]
 [ 3.3849607  -2.585788  ]
 [ 3.3171017  -2.493255  ]
 [ 4.641447   -3.8352542 ]
 [ 5.338397   -4.520596  ]
 [ 4.641447   -3.8352542 ]
 [ 5.338397   -4.520596  ]
 [-0.31939778  1.1352962 ]
 [ 1.3218434  -0.5124128 ]
 [ 3.1866384  -2.369393  ]
 [ 4.4843817  -3.661474  ]
 [ 4.171117   -3.3523767 ]
 [ 5.2855163  -4.4713206 ]
 [ 6.007637   -5.1935306 ]
 [ 3.474167   -2.667035  ]
 [ 2.13317    -1.3158702 ]
 [ 1.2791548  -0.45674852]
 [ 6.007637   -5.1935306 ]
 [ 4.4315014  -3.6121986 ]
 [ 5.338397   -4.520596  ]
 [ 4.4843817  -3.661474  ]
 [ 0.49192885  0.33183882]
 [ 1.659209   -0.83638036]
 [ 4.4315014  -3.6121986 ]]
2025-12-21 21:51:16,299 - [INFO] - ------------------------------------------------------------
2025-12-21 21:51:16,299 - [INFO] - On Validation Set:
	Accuracy of RRL  Model: 0.9046302695231514
	F1 Score of RRL  Model: 0.7022100930565498
2025-12-21 21:51:16,305 - [INFO] - On Validation Set:
Performance of  RRL Model: 
[[1251   35]
 [ 103   58]]
              precision    recall  f1-score   support

           0       0.92      0.97      0.95      1286
           1       0.62      0.36      0.46       161

    accuracy                           0.90      1447
   macro avg       0.77      0.67      0.70      1447
weighted avg       0.89      0.90      0.89      1447

2025-12-21 21:51:16,305 - [INFO] - ------------------------------------------------------------
2025-12-21 21:51:16,415 - [INFO] - epoch: 20, loss_rrl: 108.72929845936596
2025-12-21 21:51:18,086 - [INFO] - epoch: 21, loss_rrl: 108.58494125120342
2025-12-21 21:51:18,256 - [DEBUG] - y_true: (1447,) [0 0 0 0 0 1 0 0 0 0 0 0 0 0 0 0 0 1 0 0 0 0 0 0 1 0 0 0 0 0 0 0 0 0 0 0 0
 0 1 1 0]
2025-12-21 21:51:18,405 - [DEBUG] - y_rrl_: (1447,) [0 0 0 0 0 1 0 0 0 0 0 0 0 0 0 0 0 0 0 0 0 0 0 0 1 0 0 0 0 0 0 0 0 0 0 0 0
 0 0 0 0]
2025-12-21 21:51:18,405 - [DEBUG] - y_rrl: (1447, 2) [[ 6.0485935  -5.2425666 ]
 [ 0.4829562   0.30709663]
 [ 4.476664   -3.665519  ]
 [ 4.476664   -3.665519  ]
 [ 5.2083983  -4.3973417 ]
 [-0.49864095  1.3064593 ]
 [ 6.0485935  -5.2425666 ]
 [ 5.3168592  -4.5107436 ]
 [ 6.0485935  -5.2425666 ]
 [ 4.2706046  -3.4659593 ]
 [ 1.2169555  -0.40273505]
 [ 4.1651845  -3.3545768 ]
 [ 4.4802485  -3.6783168 ]
 [ 4.5222454  -3.7075365 ]
 [ 5.3624406  -4.552761  ]
 [ 5.3624406  -4.552761  ]
 [ 4.476664   -3.665519  ]
 [ 3.11893    -2.3097923 ]
 [ 3.3227239  -2.5313435 ]
 [ 4.1651845  -3.3545768 ]
 [ 5.3624406  -4.552761  ]
 [ 5.3624406  -4.552761  ]
 [ 5.3624406  -4.552761  ]
 [ 5.2083983  -4.3973417 ]
 [-0.49864095  1.3064593 ]
 [ 1.1749586  -0.37351534]
 [ 4.1651845  -3.3545768 ]
 [ 5.3624406  -4.552761  ]
 [ 4.1651845  -3.3545768 ]
 [ 5.3168592  -4.5107436 ]
 [ 6.0485935  -5.2425666 ]
 [ 4.1651845  -3.3545768 ]
 [ 3.11893    -2.3097923 ]
 [ 3.11893    -2.3097923 ]
 [ 6.0485935  -5.2425666 ]
 [ 5.3168592  -4.5107436 ]
 [ 5.3624406  -4.552761  ]
 [ 5.3624406  -4.552761  ]
 [ 1.801438   -0.98961425]
 [ 1.5808069  -0.7661698 ]
 [ 5.3168592  -4.5107436 ]]
2025-12-21 21:51:18,407 - [INFO] - ------------------------------------------------------------
2025-12-21 21:51:18,408 - [INFO] - On Validation Set:
	Accuracy of RRL  Model: 0.9053213545266068
	F1 Score of RRL  Model: 0.7317153710924019
2025-12-21 21:51:18,414 - [INFO] - On Validation Set:
Performance of  RRL Model: 
[[1237   49]
 [  88   73]]
              precision    recall  f1-score   support

           0       0.93      0.96      0.95      1286
           1       0.60      0.45      0.52       161

    accuracy                           0.91      1447
   macro avg       0.77      0.71      0.73      1447
weighted avg       0.90      0.91      0.90      1447

2025-12-21 21:51:18,414 - [INFO] - ------------------------------------------------------------
2025-12-21 21:51:19,914 - [INFO] - epoch: 22, loss_rrl: 108.41320395097136
2025-12-21 21:51:20,348 - [DEBUG] - y_true: (1447,) [0 0 0 0 0 1 0 0 0 0 0 0 0 0 0 0 0 1 0 0 0 0 0 0 1 0 0 0 0 0 0 0 0 0 0 0 0
 0 1 1 0]
2025-12-21 21:51:20,496 - [DEBUG] - y_rrl_: (1447,) [0 0 0 0 0 1 0 0 0 0 0 0 0 0 0 0 0 0 0 0 0 0 0 0 1 0 0 0 0 0 0 0 0 0 0 0 0
 0 0 0 0]
2025-12-21 21:51:20,497 - [DEBUG] - y_rrl: (1447, 2) [[ 6.453687   -5.6559324 ]
 [ 1.191532   -0.41026223]
 [ 4.836329   -4.0335317 ]
 [ 4.836329   -4.0335317 ]
 [ 6.453687   -5.6559324 ]
 [-0.37338132  1.1729349 ]
 [ 6.453687   -5.6559324 ]
 [ 5.694119   -4.8962765 ]
 [ 6.453687   -5.6559324 ]
 [ 3.5087838  -2.7123308 ]
 [ 1.6487553  -0.859035  ]
 [ 5.087459   -4.2972655 ]
 [ 5.5026636  -4.7125306 ]
 [ 6.453687   -5.6559324 ]
 [ 6.453687   -5.6559324 ]
 [ 5.786136   -4.999553  ]
 [ 5.694119   -4.8962765 ]
 [ 2.4083233  -1.6186907 ]
 [ 3.6426349  -2.8592343 ]
 [ 4.5016418  -3.6993597 ]
 [ 5.786136   -4.999553  ]
 [ 6.453687   -5.6559324 ]
 [ 5.786136   -4.999553  ]
 [ 6.453687   -5.6559324 ]
 [ 0.21243623  0.5750287 ]
 [ 1.8590832  -1.0666414 ]
 [ 3.3977032  -2.5968628 ]
 [ 6.453687   -5.6559324 ]
 [ 4.5016418  -3.6993597 ]
 [ 5.694119   -4.8962765 ]
 [ 6.453687   -5.6559324 ]
 [ 4.593659   -3.8026364 ]
 [ 1.6487553  -0.859035  ]
 [ 1.6487553  -0.859035  ]
 [ 6.453687   -5.6559324 ]
 [ 5.694119   -4.8962765 ]
 [ 6.453687   -5.6559324 ]
 [ 6.453687   -5.6559324 ]
 [ 0.5776426   0.22953284]
 [ 1.8621366  -1.0706608 ]
 [ 5.694119   -4.8962765 ]]
2025-12-21 21:51:20,499 - [INFO] - ------------------------------------------------------------
2025-12-21 21:51:20,499 - [INFO] - On Validation Set:
	Accuracy of RRL  Model: 0.9046302695231514
	F1 Score of RRL  Model: 0.6911753789050418
2025-12-21 21:51:20,505 - [INFO] - On Validation Set:
Performance of  RRL Model: 
[[1256   30]
 [ 108   53]]
              precision    recall  f1-score   support

           0       0.92      0.98      0.95      1286
           1       0.64      0.33      0.43       161

    accuracy                           0.90      1447
   macro avg       0.78      0.65      0.69      1447
weighted avg       0.89      0.90      0.89      1447

2025-12-21 21:51:20,505 - [INFO] - ------------------------------------------------------------
2025-12-21 21:51:21,612 - [INFO] - epoch: 23, loss_rrl: 107.96238204278052
2025-12-21 21:51:22,219 - [DEBUG] - y_true: (1447,) [0 0 0 0 0 1 0 0 0 0 0 0 0 0 0 0 0 1 0 0 0 0 0 0 1 0 0 0 0 0 0 0 0 0 0 0 0
 0 1 1 0]
2025-12-21 21:51:22,368 - [DEBUG] - y_rrl_: (1447,) [0 0 0 0 0 1 0 0 0 0 0 0 0 0 0 0 0 0 0 0 0 0 0 0 0 0 0 0 0 0 0 0 0 0 0 0 0
 0 0 0 0]
2025-12-21 21:51:22,368 - [DEBUG] - y_rrl: (1447, 2) [[ 6.987823   -6.198511  ]
 [ 0.7303561   0.04767048]
 [ 4.8240395  -4.028949  ]
 [ 4.8240395  -4.028949  ]
 [ 6.987823   -6.198511  ]
 [-0.02398563  0.8151003 ]
 [ 6.987823   -6.198511  ]
 [ 4.8240395  -4.028949  ]
 [ 6.987823   -6.198511  ]
 [ 2.5745003  -1.7807709 ]
 [ 2.1292343  -1.3477694 ]
 [ 4.8770175  -4.09501   ]
 [ 5.284332   -4.4989457 ]
 [ 6.987823   -6.198511  ]
 [ 6.987823   -6.198511  ]
 [ 5.655911   -4.87399   ]
 [ 5.7106853  -4.9204683 ]
 [ 2.1292343  -1.3477694 ]
 [ 4.1471896  -3.371944  ]
 [ 4.8240395  -4.028949  ]
 [ 6.3489256  -5.5705724 ]
 [ 6.987823   -6.198511  ]
 [ 6.3489256  -5.5705724 ]
 [ 6.987823   -6.198511  ]
 [ 0.47425878  0.31603754]
 [ 2.2558994  -1.4717877 ]
 [ 3.2256958  -2.4442823 ]
 [ 6.1011767  -5.3069916 ]
 [ 5.0176706  -4.223886  ]
 [ 6.2089295  -5.4195313 ]
 [ 6.987823   -6.198511  ]
 [ 5.850681   -5.07151   ]
 [ 2.1292343  -1.3477694 ]
 [ 1.2425883  -0.4562497 ]
 [ 6.987823   -6.198511  ]
 [ 5.3222837  -4.528012  ]
 [ 6.2948084  -5.501929  ]
 [ 6.1011767  -5.3069916 ]
 [ 0.9864911  -0.18788265]
 [ 2.519726   -1.7342926 ]
 [ 4.8240395  -4.028949  ]]
2025-12-21 21:51:22,370 - [INFO] - ------------------------------------------------------------
2025-12-21 21:51:22,370 - [INFO] - On Validation Set:
	Accuracy of RRL  Model: 0.9046302695231514
	F1 Score of RRL  Model: 0.6547900589162725
2025-12-21 21:51:22,376 - [INFO] - On Validation Set:
Performance of  RRL Model: 
[[1270   16]
 [ 122   39]]
              precision    recall  f1-score   support

           0       0.91      0.99      0.95      1286
           1       0.71      0.24      0.36       161

    accuracy                           0.90      1447
   macro avg       0.81      0.61      0.65      1447
weighted avg       0.89      0.90      0.88      1447

2025-12-21 21:51:22,376 - [INFO] - ------------------------------------------------------------
2025-12-21 21:51:23,192 - [INFO] - epoch: 24, loss_rrl: 108.49677675589919
2025-12-21 21:51:24,030 - [DEBUG] - y_true: (1447,) [0 0 0 0 0 1 0 0 0 0 0 0 0 0 0 0 0 1 0 0 0 0 0 0 1 0 0 0 0 0 0 0 0 0 0 0 0
 0 1 1 0]
2025-12-21 21:51:24,179 - [DEBUG] - y_rrl_: (1447,) [0 1 0 0 0 1 0 0 0 0 0 0 0 0 0 0 0 1 0 0 0 0 0 0 1 1 0 0 0 0 0 0 0 1 0 0 0
 0 1 0 0]
2025-12-21 21:51:24,180 - [DEBUG] - y_rrl: (1447, 2) [[ 6.243154   -5.4624624 ]
 [-0.8026741   1.5644221 ]
 [ 3.8710928  -3.093423  ]
 [ 3.8710928  -3.093423  ]
 [ 6.243154   -5.4624624 ]
 [-1.0829825   1.8567725 ]
 [ 6.243154   -5.4624624 ]
 [ 3.8710928  -3.093423  ]
 [ 6.243154   -5.4624624 ]
 [ 0.6641584   0.11347065]
 [ 0.39643314  0.37788358]
 [ 3.6033676  -2.8290095 ]
 [ 5.195229   -4.4219    ]
 [ 6.096554   -5.32457   ]
 [ 6.243154   -5.4624624 ]
 [ 5.626324   -4.856383  ]
 [ 4.9194136  -4.137828  ]
 [ 0.24983303  0.5157759 ]
 [ 3.2233696  -2.465168  ]
 [ 3.171877   -2.3906841 ]
 [ 5.479724   -4.7184906 ]
 [ 6.243154   -5.4624624 ]
 [ 5.626324   -4.856383  ]
 [ 6.096554   -5.32457   ]
 [-1.6998129   2.4628518 ]
 [-0.03466167  0.8123672 ]
 [ 3.6033676  -2.8290095 ]
 [ 5.194833   -4.418057  ]
 [ 4.2201977  -3.435089  ]
 [ 4.9194136  -4.137828  ]
 [ 6.096554   -5.32457   ]
 [ 4.0735974  -3.2971969 ]
 [ 0.39643314  0.37788358]
 [-0.6518876   1.4222888 ]
 [ 6.243154   -5.4624624 ]
 [ 3.8710928  -3.093423  ]
 [ 6.243154   -5.4624624 ]
 [ 5.194833   -4.418057  ]
 [-0.6518876   1.4222888 ]
 [ 1.5176682  -0.74297667]
 [ 3.8710928  -3.093423  ]]
2025-12-21 21:51:24,182 - [INFO] - ------------------------------------------------------------
2025-12-21 21:51:24,182 - [INFO] - On Validation Set:
	Accuracy of RRL  Model: 0.8908085694540429
	F1 Score of RRL  Model: 0.7406715910018965
2025-12-21 21:51:24,188 - [INFO] - On Validation Set:
Performance of  RRL Model: 
[[1195   91]
 [  67   94]]
              precision    recall  f1-score   support

           0       0.95      0.93      0.94      1286
           1       0.51      0.58      0.54       161

    accuracy                           0.89      1447
   macro avg       0.73      0.76      0.74      1447
weighted avg       0.90      0.89      0.89      1447

2025-12-21 21:51:24,188 - [INFO] - ------------------------------------------------------------
2025-12-21 21:51:24,773 - [INFO] - epoch: 25, loss_rrl: 110.15957112051547
2025-12-21 21:51:25,982 - [DEBUG] - y_true: (1447,) [0 0 0 0 0 1 0 0 0 0 0 0 0 0 0 0 0 1 0 0 0 0 0 0 1 0 0 0 0 0 0 0 0 0 0 0 0
 0 1 1 0]
2025-12-21 21:51:26,141 - [DEBUG] - y_rrl_: (1447,) [0 0 0 0 0 1 0 0 0 0 0 0 0 0 0 0 0 0 0 0 0 0 0 0 1 0 0 0 0 0 0 0 0 0 0 0 0
 0 1 0 0]
2025-12-21 21:51:26,142 - [DEBUG] - y_rrl: (1447, 2) [[ 6.585658   -5.813754  ]
 [ 0.93979937 -0.18341216]
 [ 4.8236065  -4.0469055 ]
 [ 4.8236065  -4.0469055 ]
 [ 6.585658   -5.813754  ]
 [-0.7947994   1.5685147 ]
 [ 6.585658   -5.813754  ]
 [ 5.7394834  -4.967494  ]
 [ 6.585658   -5.813754  ]
 [ 3.604681   -2.8327754 ]
 [ 1.7588902  -0.99325705]
 [ 4.4161844  -3.6512651 ]
 [ 4.779428   -4.011273  ]
 [ 5.873223   -5.0978403 ]
 [ 5.873223   -5.0978403 ]
 [ 5.262359   -4.4975247 ]
 [ 5.7394834  -4.967494  ]
 [ 1.7588902  -0.99325705]
 [ 3.6460733  -2.8876688 ]
 [ 4.5045567  -3.728292  ]
 [ 5.262359   -4.4975247 ]
 [ 5.873223   -5.0978403 ]
 [ 5.262359   -4.4975247 ]
 [ 5.873223   -5.0978403 ]
 [-0.88317186  1.6455417 ]
 [ 1.798451   -1.030294  ]
 [ 3.893693   -3.1279764 ]
 [ 5.873223   -5.0978403 ]
 [ 4.5045567  -3.728292  ]
 [ 5.7394834  -4.967494  ]
 [ 6.585658   -5.813754  ]
 [ 4.5045567  -3.728292  ]
 [ 1.7588902  -0.99325705]
 [ 1.7588902  -0.99325705]
 [ 6.585658   -5.813754  ]
 [ 5.7394834  -4.967494  ]
 [ 5.873223   -5.0978403 ]
 [ 5.873223   -5.0978403 ]
 [-0.31186852  1.0822629 ]
 [ 1.056798   -0.2872856 ]
 [ 5.7394834  -4.967494  ]]
2025-12-21 21:51:26,144 - [INFO] - ------------------------------------------------------------
2025-12-21 21:51:26,144 - [INFO] - On Validation Set:
	Accuracy of RRL  Model: 0.907394609536973
	F1 Score of RRL  Model: 0.7350830691878893
2025-12-21 21:51:26,150 - [INFO] - On Validation Set:
Performance of  RRL Model: 
[[1240   46]
 [  88   73]]
              precision    recall  f1-score   support

           0       0.93      0.96      0.95      1286
           1       0.61      0.45      0.52       161

    accuracy                           0.91      1447
   macro avg       0.77      0.71      0.74      1447
weighted avg       0.90      0.91      0.90      1447

2025-12-21 21:51:26,150 - [INFO] - ------------------------------------------------------------
2025-12-21 21:51:26,509 - [INFO] - epoch: 26, loss_rrl: 109.15544052608311
2025-12-21 21:51:27,821 - [DEBUG] - y_true: (1447,) [0 0 0 0 0 1 0 0 0 0 0 0 0 0 0 0 0 1 0 0 0 0 0 0 1 0 0 0 0 0 0 0 0 0 0 0 0
 0 1 1 0]
2025-12-21 21:51:27,971 - [DEBUG] - y_rrl_: (1447,) [0 0 0 0 0 1 0 0 0 0 1 0 0 0 0 0 0 0 0 0 0 0 0 0 1 0 0 0 0 0 0 0 0 0 0 0 0
 0 1 0 0]
2025-12-21 21:51:27,972 - [DEBUG] - y_rrl: (1447, 2) [[ 6.7575555  -5.9946294 ]
 [ 0.8645957  -0.11422845]
 [ 4.7658668  -4.0067244 ]
 [ 4.7658668  -4.0067244 ]
 [ 5.8249803  -5.057425  ]
 [ 0.18013719  0.58319944]
 [ 6.7575555  -5.9946294 ]
 [ 5.698441   -4.9439287 ]
 [ 6.7575555  -5.9946294 ]
 [ 3.5559525  -2.8015132 ]
 [-0.26706132  1.028544  ]
 [ 4.6328044  -3.8655756 ]
 [ 4.878885   -4.1196175 ]
 [ 4.9238706  -4.16138   ]
 [ 4.8438373  -4.0774302 ]
 [ 5.4092474  -4.6532397 ]
 [ 4.9483647  -4.1807246 ]
 [ 1.6781217  -0.929815  ]
 [ 3.5371678  -2.795963  ]
 [ 4.4503064  -3.6915753 ]
 [ 5.2267494  -4.4792395 ]
 [ 6.038944   -5.272585  ]
 [ 5.4092474  -4.6532397 ]
 [ 5.642483   -4.8834248 ]
 [-0.44955918  1.2025442 ]
 [ 1.3302572  -0.57019275]
 [ 3.4022589  -2.6363506 ]
 [ 5.856446   -5.0985847 ]
 [ 4.6328044  -3.8655756 ]
 [ 5.880939   -5.117929  ]
 [ 6.5750575  -5.8206296 ]
 [ 3.8206105  -3.07223   ]
 [ 1.8606197  -1.1038153 ]
 [ 1.6781217  -0.929815  ]
 [ 6.7575555  -5.9946294 ]
 [ 5.698441   -4.9439287 ]
 [ 6.038944   -5.272585  ]
 [ 5.856446   -5.0985847 ]
 [ 0.26905277  0.4804996 ]
 [ 1.1390775  -0.37846532]
 [ 5.698441   -4.9439287 ]]
2025-12-21 21:51:27,974 - [INFO] - ------------------------------------------------------------
2025-12-21 21:51:27,974 - [INFO] - On Validation Set:
	Accuracy of RRL  Model: 0.9060124395300622
	F1 Score of RRL  Model: 0.7361641426058604
2025-12-21 21:51:27,980 - [INFO] - On Validation Set:
Performance of  RRL Model: 
[[1236   50]
 [  86   75]]
              precision    recall  f1-score   support

           0       0.93      0.96      0.95      1286
           1       0.60      0.47      0.52       161

    accuracy                           0.91      1447
   macro avg       0.77      0.71      0.74      1447
weighted avg       0.90      0.91      0.90      1447

2025-12-21 21:51:27,980 - [INFO] - ------------------------------------------------------------
2025-12-21 21:51:28,108 - [INFO] - epoch: 27, loss_rrl: 108.67889524064958
2025-12-21 21:51:29,571 - [INFO] - epoch: 28, loss_rrl: 108.15678901784122
2025-12-21 21:51:29,702 - [DEBUG] - y_true: (1447,) [0 0 0 0 0 1 0 0 0 0 0 0 0 0 0 0 0 1 0 0 0 0 0 0 1 0 0 0 0 0 0 0 0 0 0 0 0
 0 1 1 0]
2025-12-21 21:51:29,853 - [DEBUG] - y_rrl_: (1447,) [0 1 0 0 0 1 0 0 0 0 0 0 0 0 0 0 0 0 0 0 0 0 0 0 1 1 0 0 0 0 0 0 0 0 0 0 0
 0 0 0 0]
2025-12-21 21:51:29,853 - [DEBUG] - y_rrl: (1447, 2) [[ 6.8366995e+00 -6.0828600e+00]
 [ 3.1036803e-01  4.2936808e-01]
 [ 5.0119114e+00 -4.2534413e+00]
 [ 5.0119114e+00 -4.2534413e+00]
 [ 6.8366995e+00 -6.0828600e+00]
 [-9.3295026e-01  1.6886164e+00]
 [ 6.8366995e+00 -6.0828600e+00]
 [ 6.8366995e+00 -6.0828600e+00]
 [ 6.8366995e+00 -6.0828600e+00]
 [ 4.6245646e+00 -3.8707883e+00]
 [ 2.1017244e+00 -1.3437384e+00]
 [ 5.5643673e+00 -4.8063655e+00]
 [ 4.9067831e+00 -4.1565065e+00]
 [ 6.1166701e+00 -5.3594432e+00]
 [ 6.1166701e+00 -5.3594432e+00]
 [ 6.1166701e+00 -5.3594432e+00]
 [ 6.8366995e+00 -6.0828600e+00]
 [ 3.3522322e+00 -2.5942941e+00]
 [ 3.7236905e+00 -2.9827960e+00]
 [ 4.6750431e+00 -3.9169590e+00]
 [ 5.4858804e+00 -4.7388101e+00]
 [ 6.1166701e+00 -5.3594432e+00]
 [ 5.4858804e+00 -4.7388101e+00]
 [ 6.1166701e+00 -5.3594432e+00]
 [-1.5637397e+00  2.3092496e+00]
 [ 2.5139712e-03  7.4860454e-01]
 [ 3.4015517e+00 -2.6447570e+00]
 [ 6.1166701e+00 -5.3594432e+00]
 [ 4.6750431e+00 -3.9169590e+00]
 [ 5.9473753e+00 -5.1934533e+00]
 [ 6.8366995e+00 -6.0828600e+00]
 [ 4.0442538e+00 -3.2963257e+00]
 [ 2.4629083e+00 -1.7048872e+00]
 [ 2.4629083e+00 -1.7048872e+00]
 [ 6.8366995e+00 -6.0828600e+00]
 [ 6.8366995e+00 -6.0828600e+00]
 [ 6.1166701e+00 -5.3594432e+00]
 [ 6.1166701e+00 -5.3594432e+00]
 [ 1.1662605e+00 -4.0372658e-01]
 [ 1.7185633e+00 -9.5680445e-01]
 [ 6.8366995e+00 -6.0828600e+00]]
2025-12-21 21:51:29,855 - [INFO] - ------------------------------------------------------------
2025-12-21 21:51:29,856 - [INFO] - On Validation Set:
	Accuracy of RRL  Model: 0.912232204561161
	F1 Score of RRL  Model: 0.7588627634685006
2025-12-21 21:51:29,861 - [INFO] - On Validation Set:
Performance of  RRL Model: 
[[1237   49]
 [  78   83]]
              precision    recall  f1-score   support

           0       0.94      0.96      0.95      1286
           1       0.63      0.52      0.57       161

    accuracy                           0.91      1447
   macro avg       0.78      0.74      0.76      1447
weighted avg       0.91      0.91      0.91      1447

2025-12-21 21:51:29,861 - [INFO] - ------------------------------------------------------------
2025-12-21 21:51:31,352 - [INFO] - epoch: 29, loss_rrl: 107.64191796071827
2025-12-21 21:51:31,702 - [DEBUG] - y_true: (1447,) [0 0 0 0 0 1 0 0 0 0 0 0 0 0 0 0 0 1 0 0 0 0 0 0 1 0 0 0 0 0 0 0 0 0 0 0 0
 0 1 1 0]
2025-12-21 21:51:31,852 - [DEBUG] - y_rrl_: (1447,) [0 0 0 0 0 1 0 0 0 0 0 0 0 0 0 0 0 0 0 0 0 0 0 0 1 0 0 0 0 0 0 0 0 0 0 0 0
 0 1 0 0]
2025-12-21 21:51:31,853 - [DEBUG] - y_rrl: (1447, 2) [[ 6.3526974  -5.6163244 ]
 [ 0.41268808  0.3065526 ]
 [ 4.495387   -3.7544675 ]
 [ 4.495387   -3.7544675 ]
 [ 6.3526974  -5.6163244 ]
 [-1.6034646   2.3416705 ]
 [ 6.5923567  -5.847729  ]
 [ 5.458064   -4.721609  ]
 [ 6.5923567  -5.847729  ]
 [ 3.2113442  -2.474947  ]
 [ 1.3056778  -0.57513285]
 [ 4.500994   -3.765479  ]
 [ 5.346496   -4.608677  ]
 [ 5.64376    -4.9040456 ]
 [ 6.5923567  -5.847729  ]
 [ 5.04246    -4.312703  ]
 [ 5.458064   -4.721609  ]
 [ 1.3056778  -0.57513285]
 [ 3.20117    -2.4774585 ]
 [ 4.1536984  -3.413138  ]
 [ 5.04246    -4.312703  ]
 [ 5.64376    -4.9040456 ]
 [ 5.04246    -4.312703  ]
 [ 6.3526974  -5.6163244 ]
 [-1.495828    2.2207341 ]
 [ 1.6097138  -0.87110716]
 [ 2.4911757  -1.753578  ]
 [ 6.3526974  -5.6163244 ]
 [ 4.3933573  -3.644543  ]
 [ 5.6977234  -4.9530144 ]
 [ 6.3526974  -5.6163244 ]
 [ 5.0483313  -4.307853  ]
 [ 1.3056778  -0.57513285]
 [ 1.3056778  -0.57513285]
 [ 6.5923567  -5.847729  ]
 [ 5.458064   -4.721609  ]
 [ 6.3526974  -5.6163244 ]
 [ 6.3526974  -5.6163244 ]
 [-0.95890445  1.6939609 ]
 [ 0.5311573   0.20305306]
 [ 5.458064   -4.721609  ]]
2025-12-21 21:51:31,855 - [INFO] - ------------------------------------------------------------
2025-12-21 21:51:31,855 - [INFO] - On Validation Set:
	Accuracy of RRL  Model: 0.9039391845196959
	F1 Score of RRL  Model: 0.7524166497411942
2025-12-21 21:51:31,861 - [INFO] - On Validation Set:
Performance of  RRL Model: 
[[1220   66]
 [  73   88]]
              precision    recall  f1-score   support

           0       0.94      0.95      0.95      1286
           1       0.57      0.55      0.56       161

    accuracy                           0.90      1447
   macro avg       0.76      0.75      0.75      1447
weighted avg       0.90      0.90      0.90      1447

2025-12-21 21:51:31,861 - [INFO] - ------------------------------------------------------------
2025-12-21 21:51:32,956 - [INFO] - epoch: 30, loss_rrl: 108.45816542208195
2025-12-21 21:51:33,531 - [DEBUG] - y_true: (1447,) [0 0 0 0 0 1 0 0 0 0 0 0 0 0 0 0 0 1 0 0 0 0 0 0 1 0 0 0 0 0 0 0 0 0 0 0 0
 0 1 1 0]
2025-12-21 21:51:33,680 - [DEBUG] - y_rrl_: (1447,) [0 0 0 0 0 1 0 0 0 0 0 0 0 0 0 0 0 0 0 0 0 0 0 0 0 0 0 0 0 0 0 0 0 0 0 0 0
 0 0 0 0]
2025-12-21 21:51:33,681 - [DEBUG] - y_rrl: (1447, 2) [[ 7.149099   -6.421891  ]
 [ 1.6720449  -0.95184505]
 [ 5.276506   -4.544836  ]
 [ 5.276506   -4.544836  ]
 [ 7.149099   -6.421891  ]
 [ 0.2793258   0.45638978]
 [ 7.430742   -6.6954217 ]
 [ 6.267783   -5.5404954 ]
 [ 7.430742   -6.6954217 ]
 [ 3.957128   -3.229889  ]
 [ 2.0374587  -1.3159308 ]
 [ 5.912078   -5.1759243 ]
 [ 6.171206   -5.4425473 ]
 [ 6.449885   -5.7193813 ]
 [ 7.430742   -6.6954217 ]
 [ 5.8667774  -5.1460342 ]
 [ 6.267783   -5.5404954 ]
 [ 2.0374587  -1.3159308 ]
 [ 3.9698932  -3.2550588 ]
 [ 4.931221   -4.1998844 ]
 [ 5.8667774  -5.1460342 ]
 [ 6.449885   -5.7193813 ]
 [ 5.8667774  -5.1460342 ]
 [ 7.149099   -6.421891  ]
 [ 0.39543247  0.327227  ]
 [ 2.341887   -1.6124436 ]
 [ 3.8639724  -3.1257482 ]
 [ 7.149099   -6.421891  ]
 [ 5.212864   -4.4734144 ]
 [ 6.549426   -5.8140254 ]
 [ 7.149099   -6.421891  ]
 [ 5.2294292  -4.5079336 ]
 [ 2.0374587  -1.3159308 ]
 [ 2.0374587  -1.3159308 ]
 [ 7.430742   -6.6954217 ]
 [ 6.267783   -5.5404954 ]
 [ 7.149099   -6.421891  ]
 [ 7.149099   -6.421891  ]
 [ 1.1606412  -0.42500633]
 [ 1.2148821  -0.48976052]
 [ 6.267783   -5.5404954 ]]
2025-12-21 21:51:33,683 - [INFO] - ------------------------------------------------------------
2025-12-21 21:51:33,683 - [INFO] - On Validation Set:
	Accuracy of RRL  Model: 0.902557014512785
	F1 Score of RRL  Model: 0.6709310933803001
2025-12-21 21:51:33,688 - [INFO] - On Validation Set:
Performance of  RRL Model: 
[[1260   26]
 [ 115   46]]
              precision    recall  f1-score   support

           0       0.92      0.98      0.95      1286
           1       0.64      0.29      0.39       161

    accuracy                           0.90      1447
   macro avg       0.78      0.63      0.67      1447
weighted avg       0.89      0.90      0.89      1447

2025-12-21 21:51:33,689 - [INFO] - ------------------------------------------------------------
2025-12-21 21:51:34,539 - [INFO] - epoch: 31, loss_rrl: 108.8492644187063
2025-12-21 21:51:35,372 - [DEBUG] - y_true: (1447,) [0 0 0 0 0 1 0 0 0 0 0 0 0 0 0 0 0 1 0 0 0 0 0 0 1 0 0 0 0 0 0 0 0 0 0 0 0
 0 1 1 0]
2025-12-21 21:51:35,522 - [DEBUG] - y_rrl_: (1447,) [0 0 0 0 0 1 0 0 0 0 0 0 0 0 0 0 0 0 0 0 0 0 0 0 1 0 0 0 0 0 0 0 0 0 0 0 0
 0 1 0 0]
2025-12-21 21:51:35,523 - [DEBUG] - y_rrl: (1447, 2) [[ 7.2067757  -6.4887986 ]
 [ 2.972367   -2.2612774 ]
 [ 5.3426414  -4.6202846 ]
 [ 5.3426414  -4.6202846 ]
 [ 7.2067757  -6.4887986 ]
 [ 0.21347581  0.5128736 ]
 [ 7.5706058  -6.8446712 ]
 [ 6.3342943  -5.616237  ]
 [ 7.5706058  -6.8446712 ]
 [ 3.9650538  -3.2470393 ]
 [ 2.0158443  -1.3034036 ]
 [ 6.0213537  -5.294598  ]
 [ 6.286035   -5.566616  ]
 [ 6.5118113  -5.7905865 ]
 [ 7.5706058  -6.8446712 ]
 [ 5.934336   -5.222675  ]
 [ 6.3342943  -5.616237  ]
 [ 2.0158443  -1.3034036 ]
 [ 3.972995   -3.2671077 ]
 [ 4.9625597  -4.240513  ]
 [ 5.934336   -5.222675  ]
 [ 6.5118113  -5.7905865 ]
 [ 5.934336   -5.222675  ]
 [ 7.2067757  -6.4887986 ]
 [ 0.33096498  0.38257265]
 [ 2.367543   -1.6473447 ]
 [ 5.3263893  -4.5963855 ]
 [ 7.2067757  -6.4887986 ]
 [ 5.3263893  -4.5963855 ]
 [ 6.698124   -5.97211   ]
 [ 7.2067757  -6.4887986 ]
 [ 4.3850846  -3.6726015 ]
 [ 2.0158443  -1.3034036 ]
 [ 2.0158443  -1.3034036 ]
 [ 7.5706058  -6.8446712 ]
 [ 6.3342943  -5.616237  ]
 [ 7.2067757  -6.4887986 ]
 [ 7.2067757  -6.4887986 ]
 [-0.36399925  1.0807848 ]
 [ 1.1852524  -0.46928835]
 [ 6.3342943  -5.616237  ]]
2025-12-21 21:51:35,525 - [INFO] - ------------------------------------------------------------
2025-12-21 21:51:35,525 - [INFO] - On Validation Set:
	Accuracy of RRL  Model: 0.907394609536973
	F1 Score of RRL  Model: 0.7148927785815953
2025-12-21 21:51:35,531 - [INFO] - On Validation Set:
Performance of  RRL Model: 
[[1251   35]
 [  99   62]]
              precision    recall  f1-score   support

           0       0.93      0.97      0.95      1286
           1       0.64      0.39      0.48       161

    accuracy                           0.91      1447
   macro avg       0.78      0.68      0.71      1447
weighted avg       0.89      0.91      0.90      1447

2025-12-21 21:51:35,531 - [INFO] - ------------------------------------------------------------
2025-12-21 21:51:36,167 - [INFO] - epoch: 32, loss_rrl: 108.0224183127284
2025-12-21 21:51:37,222 - [DEBUG] - y_true: (1447,) [0 0 0 0 0 1 0 0 0 0 0 0 0 0 0 0 0 1 0 0 0 0 0 0 1 0 0 0 0 0 0 0 0 0 0 0 0
 0 1 1 0]
2025-12-21 21:51:37,372 - [DEBUG] - y_rrl_: (1447,) [0 0 0 0 0 1 0 0 0 0 0 0 0 0 0 0 0 0 0 0 0 0 0 0 0 0 0 0 0 0 0 0 0 0 0 0 0
 0 0 0 0]
2025-12-21 21:51:37,373 - [DEBUG] - y_rrl: (1447, 2) [[ 7.383215   -6.674559  ]
 [ 1.0560381  -0.36342743]
 [ 4.8289175  -4.1152334 ]
 [ 4.8289175  -4.1152334 ]
 [ 7.383215   -6.674559  ]
 [ 0.35576385  0.36112943]
 [ 7.7811203  -7.0646706 ]
 [ 5.800937   -5.0914717 ]
 [ 7.7811203  -7.0646706 ]
 [ 3.447389   -2.7379587 ]
 [ 2.1504855  -1.4472258 ]
 [ 5.609971   -4.9020834 ]
 [ 6.4504304  -5.740348  ]
 [ 7.383215   -6.674559  ]
 [ 7.7811203  -7.0646706 ]
 [ 6.0863113  -5.3838263 ]
 [ 5.800937   -5.0914717 ]
 [ 2.1504855  -1.4472258 ]
 [ 4.0379987  -3.3411498 ]
 [ 6.665592   -5.956205  ]
 [ 6.794344   -6.0950584 ]
 [ 7.383215   -6.674559  ]
 [ 6.794344   -6.0950584 ]
 [ 7.383215   -6.674559  ]
 [ 0.474925    0.22939761]
 [ 2.5146043  -1.803748  ]
 [ 3.4881742  -2.7782469 ]
 [ 7.383215   -6.674559  ]
 [ 6.3554645  -5.6350846 ]
 [ 7.063497   -6.346317  ]
 [ 7.383215   -6.674559  ]
 [ 5.800937   -5.0914717 ]
 [ 2.1504855  -1.4472258 ]
 [ 2.1504855  -1.4472258 ]
 [ 7.7811203  -7.0646706 ]
 [ 5.800937   -5.0914717 ]
 [ 7.383215   -6.674559  ]
 [ 7.383215   -6.674559  ]
 [ 1.063796   -0.35010293]
 [ 1.3491706  -0.64245707]
 [ 5.800937   -5.0914717 ]]
2025-12-21 21:51:37,375 - [INFO] - ------------------------------------------------------------
2025-12-21 21:51:37,375 - [INFO] - On Validation Set:
	Accuracy of RRL  Model: 0.902557014512785
	F1 Score of RRL  Model: 0.6574618934813887
2025-12-21 21:51:37,381 - [INFO] - On Validation Set:
Performance of  RRL Model: 
[[1265   21]
 [ 120   41]]
              precision    recall  f1-score   support

           0       0.91      0.98      0.95      1286
           1       0.66      0.25      0.37       161

    accuracy                           0.90      1447
   macro avg       0.79      0.62      0.66      1447
weighted avg       0.89      0.90      0.88      1447

2025-12-21 21:51:37,381 - [INFO] - ------------------------------------------------------------
2025-12-21 21:51:37,773 - [INFO] - epoch: 33, loss_rrl: 107.58159559592605
2025-12-21 21:51:39,060 - [DEBUG] - y_true: (1447,) [0 0 0 0 0 1 0 0 0 0 0 0 0 0 0 0 0 1 0 0 0 0 0 0 1 0 0 0 0 0 0 0 0 0 0 0 0
 0 1 1 0]
2025-12-21 21:51:39,209 - [DEBUG] - y_rrl_: (1447,) [0 0 0 0 0 1 0 0 0 0 0 0 0 0 0 0 0 0 0 0 0 0 0 0 0 0 0 0 0 0 0 0 0 0 0 0 0
 0 0 0 0]
2025-12-21 21:51:39,210 - [DEBUG] - y_rrl: (1447, 2) [[ 7.724275   -7.017352  ]
 [ 1.5073785  -0.81458956]
 [ 4.740997   -4.036765  ]
 [ 4.740997   -4.036765  ]
 [ 7.724275   -7.017352  ]
 [ 0.26360586  0.44379485]
 [ 7.724275   -7.017352  ]
 [ 6.5748854  -5.874868  ]
 [ 7.724275   -7.017352  ]
 [ 4.2316165  -3.531627  ]
 [ 1.9006857  -1.1990553 ]
 [ 6.982644   -6.275003  ]
 [ 6.3545456  -5.653841  ]
 [ 6.615527   -5.9130764 ]
 [ 6.2911406  -5.5841746 ]
 [ 6.418719   -5.7178235 ]
 [ 6.982644   -6.275003  ]
 [ 2.9260602  -2.2320986 ]
 [ 3.8996005  -3.2118285 ]
 [ 5.0395546  -4.3363075 ]
 [ 6.0109596  -5.3176885 ]
 [ 7.0232863  -6.313211  ]
 [ 6.418719   -5.7178235 ]
 [ 7.316516   -6.6172175 ]
 [ 0.36002627  0.33504114]
 [ 2.4353027  -1.7338309 ]
 [ 4.0170126  -3.307271  ]
 [ 7.316516   -6.6172175 ]
 [ 5.447314   -4.7364416 ]
 [ 6.1483016  -5.4405828 ]
 [ 7.316516   -6.6172175 ]
 [ 4.434987   -3.7409198 ]
 [ 2.4994764  -1.7978133 ]
 [ 2.0917177  -1.397679  ]
 [ 7.724275   -7.017352  ]
 [ 6.5748854  -5.874868  ]
 [ 7.724275   -7.017352  ]
 [ 7.316516   -6.6172175 ]
 [ 1.1943692  -0.49937853]
 [ 1.235011   -0.5375866 ]
 [ 6.5748854  -5.874868  ]]
2025-12-21 21:51:39,212 - [INFO] - ------------------------------------------------------------
2025-12-21 21:51:39,212 - [INFO] - On Validation Set:
	Accuracy of RRL  Model: 0.9004837595024188
	F1 Score of RRL  Model: 0.6703705578616989
2025-12-21 21:51:39,218 - [INFO] - On Validation Set:
Performance of  RRL Model: 
[[1256   30]
 [ 114   47]]
              precision    recall  f1-score   support

           0       0.92      0.98      0.95      1286
           1       0.61      0.29      0.39       161

    accuracy                           0.90      1447
   macro avg       0.76      0.63      0.67      1447
weighted avg       0.88      0.90      0.88      1447

2025-12-21 21:51:39,218 - [INFO] - ------------------------------------------------------------
2025-12-21 21:51:39,379 - [INFO] - epoch: 34, loss_rrl: 107.49283974803984
2025-12-21 21:51:40,843 - [INFO] - epoch: 35, loss_rrl: 107.10944343730807
2025-12-21 21:51:40,929 - [DEBUG] - y_true: (1447,) [0 0 0 0 0 1 0 0 0 0 0 0 0 0 0 0 0 1 0 0 0 0 0 0 1 0 0 0 0 0 0 0 0 0 0 0 0
 0 1 1 0]
2025-12-21 21:51:41,078 - [DEBUG] - y_rrl_: (1447,) [0 0 0 0 0 0 0 0 0 0 0 0 0 0 0 0 0 0 0 0 0 0 0 0 1 0 0 0 0 0 0 0 0 0 0 0 0
 0 0 0 0]
2025-12-21 21:51:41,078 - [DEBUG] - y_rrl: (1447, 2) [[ 7.952107   -7.254768  ]
 [ 2.180873   -1.4958106 ]
 [ 6.097346   -5.3958716 ]
 [ 6.097346   -5.3958716 ]
 [ 7.952107   -7.254768  ]
 [ 0.85011214 -0.14480309]
 [ 7.952107   -7.254768  ]
 [ 7.140639   -6.4432244 ]
 [ 7.952107   -7.254768  ]
 [ 4.825288   -4.1278954 ]
 [ 1.2430954  -0.5508415 ]
 [ 5.024359   -4.332126  ]
 [ 5.860825   -5.166453  ]
 [ 7.2552295  -6.554786  ]
 [ 7.2552295  -6.554786  ]
 [ 6.60492    -5.913472  ]
 [ 7.140639   -6.4432244 ]
 [ 2.7090082  -2.0167975 ]
 [ 4.4414234  -3.7553375 ]
 [ 5.6746683  -4.9734397 ]
 [ 6.60492    -5.913472  ]
 [ 7.2552295  -6.554786  ]
 [ 6.60492    -5.913472  ]
 [ 7.952107   -7.254768  ]
 [-0.20889713  0.89776057]
 [ 1.9649137  -1.2697781 ]
 [ 3.5752766  -2.8841436 ]
 [ 7.2552295  -6.554786  ]
 [ 5.6746683  -4.9734397 ]
 [ 7.140639   -6.4432244 ]
 [ 7.952107   -7.254768  ]
 [ 5.8358274  -5.1436706 ]
 [ 2.7090082  -2.0167975 ]
 [ 2.7090082  -2.0167975 ]
 [ 7.952107   -7.254768  ]
 [ 7.140639   -6.4432244 ]
 [ 7.2552295  -6.554786  ]
 [ 7.2552295  -6.554786  ]
 [ 0.89668036 -0.20347153]
 [ 1.3716639  -0.6835856 ]
 [ 7.140639   -6.4432244 ]]
2025-12-21 21:51:41,080 - [INFO] - ------------------------------------------------------------
2025-12-21 21:51:41,080 - [INFO] - On Validation Set:
	Accuracy of RRL  Model: 0.9032480995162405
	F1 Score of RRL  Model: 0.6584870798942655
2025-12-21 21:51:41,086 - [INFO] - On Validation Set:
Performance of  RRL Model: 
[[1266   20]
 [ 120   41]]
              precision    recall  f1-score   support

           0       0.91      0.98      0.95      1286
           1       0.67      0.25      0.37       161

    accuracy                           0.90      1447
   macro avg       0.79      0.62      0.66      1447
weighted avg       0.89      0.90      0.88      1447

2025-12-21 21:51:41,086 - [INFO] - ------------------------------------------------------------
2025-12-21 21:51:42,427 - [INFO] - epoch: 36, loss_rrl: 106.61909662932158
2025-12-21 21:51:42,746 - [DEBUG] - y_true: (1447,) [0 0 0 0 0 1 0 0 0 0 0 0 0 0 0 0 0 1 0 0 0 0 0 0 1 0 0 0 0 0 0 0 0 0 0 0 0
 0 1 1 0]
2025-12-21 21:51:42,906 - [DEBUG] - y_rrl_: (1447,) [0 0 0 0 0 0 0 0 0 0 0 0 0 0 0 0 0 0 0 0 0 0 0 0 0 0 0 0 0 0 0 0 0 0 0 0 0
 0 0 0 0]
2025-12-21 21:51:42,906 - [DEBUG] - y_rrl: (1447, 2) [[ 8.25713    -7.576635  ]
 [ 1.6186563  -0.9531618 ]
 [ 6.36881    -5.684258  ]
 [ 6.36881    -5.684258  ]
 [ 8.25713    -7.576635  ]
 [ 1.0694519  -0.3811226 ]
 [ 8.661225   -7.973462  ]
 [ 7.463289   -6.78272   ]
 [ 8.661225   -7.973462  ]
 [ 5.157382   -4.476831  ]
 [ 2.9826212  -2.3071315 ]
 [ 5.9862137  -5.313762  ]
 [ 6.8351626  -6.1605964 ]
 [ 7.559444   -6.875894  ]
 [ 8.661225   -7.973462  ]
 [ 6.8854256  -6.2106905 ]
 [ 7.463289   -6.78272   ]
 [ 2.9826212  -2.3071315 ]
 [ 4.660402   -3.990897  ]
 [ 5.9625463  -5.2782245 ]
 [ 6.8854256  -6.2106905 ]
 [ 7.559444   -6.875894  ]
 [ 6.8854256  -6.2106905 ]
 [ 8.25713    -7.576635  ]
 [ 1.0931191  -0.4166601 ]
 [ 2.9323585  -2.2570379 ]
 [ 5.0335803  -4.3519506 ]
 [ 8.25713    -7.576635  ]
 [ 5.9625463  -5.2782245 ]
 [ 7.8673854  -7.1795473 ]
 [ 8.25713    -7.576635  ]
 [ 6.082368   -5.406935  ]
 [ 2.9826212  -2.3071315 ]
 [ 2.9826212  -2.3071315 ]
 [ 8.25713    -7.576635  ]
 [ 7.463289   -6.78272   ]
 [ 8.25713    -7.576635  ]
 [ 8.25713    -7.576635  ]
 [ 0.39543384  0.28408107]
 [ 3.4452145  -2.7654006 ]
 [ 7.463289   -6.78272   ]]
2025-12-21 21:51:42,908 - [INFO] - ------------------------------------------------------------
2025-12-21 21:51:42,908 - [INFO] - On Validation Set:
	Accuracy of RRL  Model: 0.89426399447132
	F1 Score of RRL  Model: 0.5396405556976476
2025-12-21 21:51:42,914 - [INFO] - On Validation Set:
Performance of  RRL Model: 
[[1282    4]
 [ 149   12]]
              precision    recall  f1-score   support

           0       0.90      1.00      0.94      1286
           1       0.75      0.07      0.14       161

    accuracy                           0.89      1447
   macro avg       0.82      0.54      0.54      1447
weighted avg       0.88      0.89      0.85      1447

2025-12-21 21:51:42,914 - [INFO] - ------------------------------------------------------------
2025-12-21 21:51:44,048 - [INFO] - epoch: 37, loss_rrl: 107.02524403296411
2025-12-21 21:51:44,593 - [DEBUG] - y_true: (1447,) [0 0 0 0 0 1 0 0 0 0 0 0 0 0 0 0 0 1 0 0 0 0 0 0 1 0 0 0 0 0 0 0 0 0 0 0 0
 0 1 1 0]
2025-12-21 21:51:44,742 - [DEBUG] - y_rrl_: (1447,) [0 0 0 0 0 1 0 0 0 0 0 0 0 0 0 0 0 0 0 0 0 0 0 0 1 0 0 0 0 0 0 0 0 0 0 0 0
 0 0 0 0]
2025-12-21 21:51:44,742 - [DEBUG] - y_rrl: (1447, 2) [[ 7.5578904  -6.8867435 ]
 [ 1.518056   -0.85293406]
 [ 4.7597146  -4.083901  ]
 [ 4.7597146  -4.083901  ]
 [ 7.5578904  -6.8867435 ]
 [-1.2151068   1.8881718 ]
 [ 7.9626775  -7.2844434 ]
 [ 5.915322   -5.243416  ]
 [ 7.9626775  -7.2844434 ]
 [ 3.5830102  -2.911118  ]
 [ 2.1879237  -1.5216609 ]
 [ 6.320109   -5.641115  ]
 [ 6.5286927  -5.856243  ]
 [ 6.8562074  -6.182053  ]
 [ 7.9626775  -7.2844434 ]
 [ 6.162804   -5.4972863 ]
 [ 5.915322   -5.243416  ]
 [ 2.1879237  -1.5216609 ]
 [ 3.8936644  -3.233244  ]
 [ 5.213639   -4.5387254 ]
 [ 6.162804   -5.4972863 ]
 [ 6.8562074  -6.182053  ]
 [ 6.162804   -5.4972863 ]
 [ 7.5578904  -6.8867435 ]
 [-1.2068264   1.8682482 ]
 [ 2.553813   -1.8806167 ]
 [ 4.9693995  -4.288513  ]
 [ 7.5578904  -6.8867435 ]
 [ 5.618426   -4.936425  ]
 [ 6.320109   -5.641115  ]
 [ 7.5578904  -6.8867435 ]
 [ 5.3276486  -4.661444  ]
 [ 2.1879237  -1.5216609 ]
 [ 2.1879237  -1.5216609 ]
 [ 7.9626775  -7.2844434 ]
 [ 5.915322   -5.243416  ]
 [ 7.5578904  -6.8867435 ]
 [ 7.5578904  -6.8867435 ]
 [ 0.9205609  -0.24471894]
 [ 1.1680429  -0.49859005]
 [ 5.915322   -5.243416  ]]
2025-12-21 21:51:44,744 - [INFO] - ------------------------------------------------------------
2025-12-21 21:51:44,744 - [INFO] - On Validation Set:
	Accuracy of RRL  Model: 0.9046302695231514
	F1 Score of RRL  Model: 0.7200077399380804
2025-12-21 21:51:44,750 - [INFO] - On Validation Set:
Performance of  RRL Model: 
[[1242   44]
 [  94   67]]
              precision    recall  f1-score   support

           0       0.93      0.97      0.95      1286
           1       0.60      0.42      0.49       161

    accuracy                           0.90      1447
   macro avg       0.77      0.69      0.72      1447
weighted avg       0.89      0.90      0.90      1447

2025-12-21 21:51:44,750 - [INFO] - ------------------------------------------------------------
2025-12-21 21:51:45,646 - [INFO] - epoch: 38, loss_rrl: 107.71556709706783
2025-12-21 21:51:46,418 - [DEBUG] - y_true: (1447,) [0 0 0 0 0 1 0 0 0 0 0 0 0 0 0 0 0 1 0 0 0 0 0 0 1 0 0 0 0 0 0 0 0 0 0 0 0
 0 1 1 0]
2025-12-21 21:51:46,578 - [DEBUG] - y_rrl_: (1447,) [0 1 0 0 0 1 0 0 0 0 0 0 0 0 0 0 0 0 0 0 0 0 0 0 1 0 0 0 0 0 0 0 0 0 0 0 0
 0 1 0 0]
2025-12-21 21:51:46,579 - [DEBUG] - y_rrl: (1447, 2) [[ 7.1097746  -6.4479294 ]
 [ 0.1730761   0.48390457]
 [ 4.1888056  -3.5220504 ]
 [ 4.1888056  -3.5220504 ]
 [ 7.1097746  -6.4479294 ]
 [-1.6898155   2.353589  ]
 [ 7.5237713  -6.8550186 ]
 [ 5.390937   -4.728016  ]
 [ 7.5237713  -6.8550186 ]
 [ 3.9441726  -3.2822666 ]
 [ 1.7053175  -1.0482353 ]
 [ 5.804256   -5.134754  ]
 [ 6.100914   -5.4378047 ]
 [ 6.449015   -5.7842093 ]
 [ 7.5237713  -6.8550186 ]
 [ 5.7458434  -5.089498  ]
 [ 6.2651825  -5.603265  ]
 [ 1.7053175  -1.0482353 ]
 [ 3.4480622  -2.796684  ]
 [ 3.8552535  -3.188696  ]
 [ 5.7458434  -5.089498  ]
 [ 6.449015   -5.7842093 ]
 [ 5.7458434  -5.089498  ]
 [ 7.1097746  -6.4479294 ]
 [-1.7322272   2.384581  ]
 [ 2.0603883  -1.3965414 ]
 [ 4.5413246  -3.8699496 ]
 [ 6.235529   -5.5726795 ]
 [ 5.143496   -4.471035  ]
 [ 6.679179   -6.010354  ]
 [ 7.1097746  -6.4479294 ]
 [ 4.026327   -3.369234  ]
 [ 1.7053175  -1.0482353 ]
 [ 1.7053175  -1.0482353 ]
 [ 7.5237713  -6.8550186 ]
 [ 5.390937   -4.728016  ]
 [ 7.1097746  -6.4479294 ]
 [ 6.235529   -5.5726795 ]
 [-0.9701298   1.6310865 ]
 [ 2.1961505  -1.5349268 ]
 [ 5.390937   -4.728016  ]]
2025-12-21 21:51:46,581 - [INFO] - ------------------------------------------------------------
2025-12-21 21:51:46,581 - [INFO] - On Validation Set:
	Accuracy of RRL  Model: 0.9004837595024188
	F1 Score of RRL  Model: 0.7223714504988488
2025-12-21 21:51:46,587 - [INFO] - On Validation Set:
Performance of  RRL Model: 
[[1231   55]
 [  89   72]]
              precision    recall  f1-score   support

           0       0.93      0.96      0.94      1286
           1       0.57      0.45      0.50       161

    accuracy                           0.90      1447
   macro avg       0.75      0.70      0.72      1447
weighted avg       0.89      0.90      0.90      1447

2025-12-21 21:51:46,587 - [INFO] - ------------------------------------------------------------
2025-12-21 21:51:47,246 - [INFO] - epoch: 39, loss_rrl: 107.3711462803185
2025-12-21 21:51:48,255 - [DEBUG] - y_true: (1447,) [0 0 0 0 0 1 0 0 0 0 0 0 0 0 0 0 0 1 0 0 0 0 0 0 1 0 0 0 0 0 0 0 0 0 0 0 0
 0 1 1 0]
2025-12-21 21:51:48,406 - [DEBUG] - y_rrl_: (1447,) [0 0 0 0 0 1 0 0 0 0 0 0 0 0 0 0 0 0 0 0 0 0 0 0 1 0 0 0 0 0 0 0 0 0 0 0 0
 0 0 0 0]
2025-12-21 21:51:48,407 - [DEBUG] - y_rrl: (1447, 2) [[ 8.465166   -7.805888  ]
 [ 1.0598886  -0.41208166]
 [ 5.056856   -4.399502  ]
 [ 5.056856   -4.399502  ]
 [ 8.0315075  -7.3789625 ]
 [-0.80577034  1.4602475 ]
 [ 8.465166   -7.805888  ]
 [ 6.3071537  -5.6535583 ]
 [ 8.465166   -7.805888  ]
 [ 3.4072104  -2.754562  ]
 [ 2.4399412  -1.786248  ]
 [ 6.2474566  -5.594176  ]
 [ 6.599421   -5.9523826 ]
 [ 7.4161453  -6.76069   ]
 [ 8.465166   -7.805888  ]
 [ 7.123935   -6.470031  ]
 [ 7.5963507  -6.9370017 ]
 [ 2.0062826  -1.3593223 ]
 [ 4.3429546  -3.700625  ]
 [ 4.776556   -4.119385  ]
 [ 6.690276   -6.0431056 ]
 [ 7.4161453  -6.76069   ]
 [ 6.690276   -6.0431056 ]
 [ 8.0315075  -7.3789625 ]
 [-0.91627717  1.5595593 ]
 [ 1.9154272  -1.2685997 ]
 [ 6.065753   -5.4028287 ]
 [ 7.175969   -6.5224442 ]
 [ 5.6320944  -4.975903  ]
 [ 7.5963507  -6.9370017 ]
 [ 8.0315075  -7.3789625 ]
 [ 5.6320944  -4.975903  ]
 [ 2.4399412  -1.786248  ]
 [ 1.150744   -0.50280404]
 [ 8.0315075  -7.3789625 ]
 [ 6.3071537  -5.6535583 ]
 [ 8.0315075  -7.3789625 ]
 [ 7.175969   -6.5224442 ]
 [ 1.2416788  -0.58460486]
 [ 1.6844981  -1.0335345 ]
 [ 6.3071537  -5.6535583 ]]
2025-12-21 21:51:48,409 - [INFO] - ------------------------------------------------------------
2025-12-21 21:51:48,409 - [INFO] - On Validation Set:
	Accuracy of RRL  Model: 0.8984105044920525
	F1 Score of RRL  Model: 0.6569281611837171
2025-12-21 21:51:48,415 - [INFO] - On Validation Set:
Performance of  RRL Model: 
[[1257   29]
 [ 118   43]]
              precision    recall  f1-score   support

           0       0.91      0.98      0.94      1286
           1       0.60      0.27      0.37       161

    accuracy                           0.90      1447
   macro avg       0.76      0.62      0.66      1447
weighted avg       0.88      0.90      0.88      1447

2025-12-21 21:51:48,415 - [INFO] - ------------------------------------------------------------
2025-12-21 21:51:48,868 - [INFO] - epoch: 40, loss_rrl: 108.52804821543396
2025-12-21 21:51:50,115 - [DEBUG] - y_true: (1447,) [0 0 0 0 0 1 0 0 0 0 0 0 0 0 0 0 0 1 0 0 0 0 0 0 1 0 0 0 0 0 0 0 0 0 0 0 0
 0 1 1 0]
2025-12-21 21:51:50,264 - [DEBUG] - y_rrl_: (1447,) [0 1 0 0 0 0 0 0 0 0 0 0 0 0 0 0 0 0 0 0 0 0 0 0 1 0 0 0 0 0 0 0 0 0 0 0 0
 0 0 0 0]
2025-12-21 21:51:50,264 - [DEBUG] - y_rrl: (1447, 2) [[ 8.167796   -7.517963  ]
 [-0.20121159  0.84118956]
 [ 5.1298857  -4.475341  ]
 [ 5.1298857  -4.475341  ]
 [ 8.167796   -7.517963  ]
 [ 0.7125337  -0.05538994]
 [ 8.167796   -7.517963  ]
 [ 6.423589   -5.77273   ]
 [ 8.167796   -7.517963  ]
 [ 3.5362384  -2.8862975 ]
 [ 2.1078622  -1.4634684 ]
 [ 4.995213   -4.349901  ]
 [ 6.1297374  -5.482418  ]
 [ 7.581939   -6.9292464 ]
 [ 6.1451077  -5.4923754 ]
 [ 6.8266926  -6.182107  ]
 [ 7.280461   -6.6305594 ]
 [ 2.1078622  -1.4634684 ]
 [ 5.3744907  -4.735278  ]
 [ 4.8935876  -4.239211  ]
 [ 6.8266926  -6.182107  ]
 [ 7.581939   -6.9292464 ]
 [ 6.8266926  -6.182107  ]
 [ 8.167796   -7.517963  ]
 [-0.43344793  1.075914  ]
 [ 1.4109071  -0.76377946]
 [ 3.5446932  -2.9003394 ]
 [ 6.725067   -6.071417  ]
 [ 5.7504597  -5.09704   ]
 [ 7.280461   -6.6305594 ]
 [ 8.167796   -7.517963  ]
 [ 4.995213   -4.349901  ]
 [ 2.1078622  -1.4634684 ]
 [ 1.2509904  -0.60563904]
 [ 8.167796   -7.517963  ]
 [ 6.423589   -5.77273   ]
 [ 7.581939   -6.9292464 ]
 [ 6.725067   -6.071417  ]
 [ 1.4872885  -0.8417689 ]
 [ 2.848551   -2.2058535 ]
 [ 6.423589   -5.77273   ]]
2025-12-21 21:51:50,266 - [INFO] - ------------------------------------------------------------
2025-12-21 21:51:50,266 - [INFO] - On Validation Set:
	Accuracy of RRL  Model: 0.8949550794747754
	F1 Score of RRL  Model: 0.6493731746821236
2025-12-21 21:51:50,272 - [INFO] - On Validation Set:
Performance of  RRL Model: 
[[1253   33]
 [ 119   42]]
              precision    recall  f1-score   support

           0       0.91      0.97      0.94      1286
           1       0.56      0.26      0.36       161

    accuracy                           0.89      1447
   macro avg       0.74      0.62      0.65      1447
weighted avg       0.87      0.89      0.88      1447

2025-12-21 21:51:50,272 - [INFO] - ------------------------------------------------------------
2025-12-21 21:51:50,469 - [INFO] - epoch: 41, loss_rrl: 108.64790677651763
2025-12-21 21:51:51,865 - [INFO] - epoch: 42, loss_rrl: 108.4818372335285
2025-12-21 21:51:51,915 - [DEBUG] - y_true: (1447,) [0 0 0 0 0 1 0 0 0 0 0 0 0 0 0 0 0 1 0 0 0 0 0 0 1 0 0 0 0 0 0 0 0 0 0 0 0
 0 1 1 0]
2025-12-21 21:51:52,064 - [DEBUG] - y_rrl_: (1447,) [0 0 0 0 0 0 0 0 0 0 0 0 0 0 0 0 0 0 0 0 0 0 0 0 1 0 0 0 0 0 0 0 0 0 0 0 0
 0 0 0 0]
2025-12-21 21:51:52,065 - [DEBUG] - y_rrl: (1447, 2) [[ 8.335704   -7.6953115 ]
 [ 0.39593434  0.2274972 ]
 [ 5.745332   -5.1076794 ]
 [ 5.745332   -5.1076794 ]
 [ 7.003884   -6.3598776 ]
 [ 0.45862076  0.18253517]
 [ 8.335704   -7.6953115 ]
 [ 7.0771523  -6.443113  ]
 [ 8.335704   -7.6953115 ]
 [ 4.1893167  -3.5561693 ]
 [ 1.4730123  -0.83711314]
 [ 5.6926675  -5.0594907 ]
 [ 6.2885485  -5.6505895 ]
 [ 6.0652304  -5.4248347 ]
 [ 7.758793   -7.11559   ]
 [ 6.968125   -6.332853  ]
 [ 6.107074   -5.463001  ]
 [ 2.4430904  -1.8172253 ]
 [ 4.1805787  -3.5563238 ]
 [ 5.544681   -4.9071846 ]
 [ 6.606382   -5.977531  ]
 [ 7.758793   -7.11559   ]
 [ 6.968125   -6.332853  ]
 [ 6.0652304  -5.4248347 ]
 [-0.33204705  0.9652727 ]
 [ 1.5483446  -0.91056204]
 [ 3.668976   -3.0339193 ]
 [ 7.39705    -6.760268  ]
 [ 5.9064236  -5.2625065 ]
 [ 7.4388943  -6.7984343 ]
 [ 7.973962   -7.3399897 ]
 [ 5.650823   -5.0213246 ]
 [ 2.227921   -1.5928253 ]
 [ 1.8661785  -1.2375036 ]
 [ 8.335704   -7.6953115 ]
 [ 7.0771523  -6.443113  ]
 [ 7.758793   -7.11559   ]
 [ 7.39705    -6.760268  ]
 [ 1.2004236  -0.5706552 ]
 [ 2.0972335  -1.4675323 ]
 [ 7.0771523  -6.443113  ]]
2025-12-21 21:51:52,067 - [INFO] - ------------------------------------------------------------
2025-12-21 21:51:52,067 - [INFO] - On Validation Set:
	Accuracy of RRL  Model: 0.8997926744989634
	F1 Score of RRL  Model: 0.6589222518625447
2025-12-21 21:51:52,072 - [INFO] - On Validation Set:
Performance of  RRL Model: 
[[1259   27]
 [ 118   43]]
              precision    recall  f1-score   support

           0       0.91      0.98      0.95      1286
           1       0.61      0.27      0.37       161

    accuracy                           0.90      1447
   macro avg       0.76      0.62      0.66      1447
weighted avg       0.88      0.90      0.88      1447

2025-12-21 21:51:52,073 - [INFO] - ------------------------------------------------------------
2025-12-21 21:51:53,391 - [INFO] - epoch: 43, loss_rrl: 108.12697180174291
2025-12-21 21:51:53,660 - [DEBUG] - y_true: (1447,) [0 0 0 0 0 1 0 0 0 0 0 0 0 0 0 0 0 1 0 0 0 0 0 0 1 0 0 0 0 0 0 0 0 0 0 0 0
 0 1 1 0]
2025-12-21 21:51:53,809 - [DEBUG] - y_rrl_: (1447,) [0 1 0 0 0 1 0 0 0 0 1 0 0 0 0 0 0 0 0 0 0 0 0 0 1 1 0 0 0 0 0 0 0 0 0 0 0
 0 1 0 0]
2025-12-21 21:51:53,810 - [DEBUG] - y_rrl: (1447, 2) [[ 6.917985   -6.293307  ]
 [-0.44839895  1.0690866 ]
 [ 4.6288843  -4.0006022 ]
 [ 4.9541845  -4.3196216 ]
 [ 5.555834   -4.9276175 ]
 [-2.214004    2.8406222 ]
 [ 7.243284   -6.612326  ]
 [ 6.3163357  -5.685311  ]
 [ 7.243284   -6.612326  ]
 [ 3.4313078  -2.8011475 ]
 [-0.05146991  0.6717691 ]
 [ 4.1957083  -3.578083  ]
 [ 4.8336043  -4.2112813 ]
 [ 4.9732     -4.3422246 ]
 [ 6.660651   -6.026933  ]
 [ 5.5194845  -4.8998036 ]
 [ 4.6288843  -4.0006022 ]
 [ 1.6359813  -1.0129393 ]
 [ 3.0382776  -2.4230726 ]
 [ 4.75424    -4.119819  ]
 [ 5.8447847  -5.218823  ]
 [ 6.335351   -5.707914  ]
 [ 5.5194845  -4.8998036 ]
 [ 4.9732     -4.3422246 ]
 [-1.5281239   2.1520994 ]
 [ 0.04216696  0.57999593]
 [ 3.410774   -2.7850769 ]
 [ 6.660651   -6.026933  ]
 [ 4.428941   -3.8007996 ]
 [ 6.3163357  -5.685311  ]
 [ 7.243284   -6.612326  ]
 [ 4.540024   -3.9197052 ]
 [ 0.7280472  -0.10852665]
 [ 0.7280472  -0.10852665]
 [ 6.917985   -6.293307  ]
 [ 6.3163357  -5.685311  ]
 [ 6.335351   -5.707914  ]
 [ 6.335351   -5.707914  ]
 [-0.62018955  1.2476866 ]
 [ 2.4154701  -1.7940556 ]
 [ 5.9910355  -5.3662915 ]]
2025-12-21 21:51:53,812 - [INFO] - ------------------------------------------------------------
2025-12-21 21:51:53,812 - [INFO] - On Validation Set:
	Accuracy of RRL  Model: 0.8949550794747754
	F1 Score of RRL  Model: 0.7414200126031056
2025-12-21 21:51:53,817 - [INFO] - On Validation Set:
Performance of  RRL Model: 
[[1205   81]
 [  71   90]]
              precision    recall  f1-score   support

           0       0.94      0.94      0.94      1286
           1       0.53      0.56      0.54       161

    accuracy                           0.89      1447
   macro avg       0.74      0.75      0.74      1447
weighted avg       0.90      0.89      0.90      1447

2025-12-21 21:51:53,817 - [INFO] - ------------------------------------------------------------
2025-12-21 21:51:55,172 - [INFO] - epoch: 44, loss_rrl: 106.54083336889744
2025-12-21 21:51:55,707 - [DEBUG] - y_true: (1447,) [0 0 0 0 0 1 0 0 0 0 0 0 0 0 0 0 0 1 0 0 0 0 0 0 1 0 0 0 0 0 0 0 0 0 0 0 0
 0 1 1 0]
2025-12-21 21:51:55,858 - [DEBUG] - y_rrl_: (1447,) [0 0 0 0 0 1 0 0 0 0 0 0 0 0 0 0 0 0 0 0 0 0 0 0 1 0 0 0 0 0 0 0 0 0 0 0 0
 0 0 0 0]
2025-12-21 21:51:55,858 - [DEBUG] - y_rrl: (1447, 2) [[ 7.1566157  -6.541259  ]
 [ 0.5335405   0.08553936]
 [ 3.8107224  -3.1912098 ]
 [ 4.1205964  -3.4949374 ]
 [ 7.1566157  -6.541259  ]
 [-0.5915098   1.2137899 ]
 [ 7.4664907  -6.844986  ]
 [ 5.516371   -4.8941765 ]
 [ 7.4664907  -6.844986  ]
 [ 4.0447564  -3.4234364 ]
 [ 2.3279648  -1.7176656 ]
 [ 4.9388094  -4.3139067 ]
 [ 5.3825154  -4.7632875 ]
 [ 6.5790544  -5.9609885 ]
 [ 6.8889294  -6.264716  ]
 [ 5.7496996  -5.139215  ]
 [ 5.206496   -4.590449  ]
 [ 2.6378398  -2.021393  ]
 [ 3.2455235  -2.6393988 ]
 [ 4.9388094  -4.3139067 ]
 [ 6.059574   -5.442942  ]
 [ 6.5790544  -5.9609885 ]
 [ 5.7496996  -5.139215  ]
 [ 6.5790544  -5.9609885 ]
 [-1.4208652   2.0355635 ]
 [ 0.5335405   0.08553936]
 [ 4.419553   -3.795589  ]
 [ 6.8889294  -6.264716  ]
 [ 4.9388094  -4.3139067 ]
 [ 5.516371   -4.8941765 ]
 [ 7.4664907  -6.844986  ]
 [ 5.0618124  -4.4445553 ]
 [ 2.3279648  -1.7176656 ]
 [ 2.3279648  -1.7176656 ]
 [ 7.4664907  -6.844986  ]
 [ 5.516371   -4.8941765 ]
 [ 6.5790544  -5.9609885 ]
 [ 6.5790544  -5.9609885 ]
 [ 0.71612644 -0.08832464]
 [ 0.5292547   0.08475406]
 [ 5.206496   -4.590449  ]]
2025-12-21 21:51:55,860 - [INFO] - ------------------------------------------------------------
2025-12-21 21:51:55,860 - [INFO] - On Validation Set:
	Accuracy of RRL  Model: 0.9046302695231514
	F1 Score of RRL  Model: 0.7449028084375766
2025-12-21 21:51:55,866 - [INFO] - On Validation Set:
Performance of  RRL Model: 
[[1227   59]
 [  79   82]]
              precision    recall  f1-score   support

           0       0.94      0.95      0.95      1286
           1       0.58      0.51      0.54       161

    accuracy                           0.90      1447
   macro avg       0.76      0.73      0.74      1447
weighted avg       0.90      0.90      0.90      1447

2025-12-21 21:51:55,866 - [INFO] - ------------------------------------------------------------
2025-12-21 21:51:56,786 - [INFO] - epoch: 45, loss_rrl: 106.3720741122961
2025-12-21 21:51:57,523 - [DEBUG] - y_true: (1447,) [0 0 0 0 0 1 0 0 0 0 0 0 0 0 0 0 0 1 0 0 0 0 0 0 1 0 0 0 0 0 0 0 0 0 0 0 0
 0 1 1 0]
2025-12-21 21:51:57,675 - [DEBUG] - y_rrl_: (1447,) [0 0 0 0 0 0 0 0 0 0 0 0 0 0 0 0 0 0 0 0 0 0 0 0 0 0 0 0 0 0 0 0 0 0 0 0 0
 0 0 0 0]
2025-12-21 21:51:57,675 - [DEBUG] - y_rrl: (1447, 2) [[ 9.043544   -8.437394  ]
 [ 1.8107675  -1.2170196 ]
 [ 6.6799684  -6.0703607 ]
 [ 6.6799684  -6.0703607 ]
 [ 9.043544   -8.437394  ]
 [ 1.2243357  -0.6113894 ]
 [ 9.379173   -8.767008  ]
 [ 8.095992   -7.48978   ]
 [ 9.379173   -8.767008  ]
 [ 5.157163   -4.5517635 ]
 [ 2.7296503  -2.1283824 ]
 [ 6.5712314  -5.965793  ]
 [ 7.89317    -7.285865  ]
 [ 8.476422   -7.8676143 ]
 [ 9.379173   -8.767008  ]
 [ 7.6387444  -7.037341  ]
 [ 8.095992   -7.48978   ]
 [ 2.7296503  -2.1283824 ]
 [ 5.1300282  -4.532871  ]
 [ 7.453711   -6.844287  ]
 [ 7.6387444  -7.037341  ]
 [ 8.476422   -7.8676143 ]
 [ 7.6387444  -7.037341  ]
 [ 9.043544   -8.437394  ]
 [ 0.95377797 -0.35089675]
 [ 2.9840765  -2.3769064 ]
 [ 6.29772    -5.6831293 ]
 [ 9.043544   -8.437394  ]
 [ 7.7893405  -7.1739006 ]
 [ 9.379173   -8.767008  ]
 [ 9.043544   -8.437394  ]
 [ 5.6684804  -5.0663996 ]
 [ 2.7296503  -2.1283824 ]
 [ 2.7296503  -2.1283824 ]
 [ 9.379173   -8.767008  ]
 [ 8.095992   -7.48978   ]
 [ 9.043544   -8.437394  ]
 [ 9.043544   -8.437394  ]
 [ 0.38665667  0.21888378]
 [ 2.3569205  -1.7520579 ]
 [ 8.095992   -7.48978   ]]
2025-12-21 21:51:57,677 - [INFO] - ------------------------------------------------------------
2025-12-21 21:51:57,677 - [INFO] - On Validation Set:
	Accuracy of RRL  Model: 0.8956461644782309
	F1 Score of RRL  Model: 0.5595821919602993
2025-12-21 21:51:57,683 - [INFO] - On Validation Set:
Performance of  RRL Model: 
[[1280    6]
 [ 145   16]]
              precision    recall  f1-score   support

           0       0.90      1.00      0.94      1286
           1       0.73      0.10      0.17       161

    accuracy                           0.90      1447
   macro avg       0.81      0.55      0.56      1447
weighted avg       0.88      0.90      0.86      1447

2025-12-21 21:51:57,683 - [INFO] - ------------------------------------------------------------
2025-12-21 21:51:58,373 - [INFO] - epoch: 46, loss_rrl: 107.10454084537923
2025-12-21 21:51:59,344 - [DEBUG] - y_true: (1447,) [0 0 0 0 0 1 0 0 0 0 0 0 0 0 0 0 0 1 0 0 0 0 0 0 1 0 0 0 0 0 0 0 0 0 0 0 0
 0 1 1 0]
2025-12-21 21:51:59,493 - [DEBUG] - y_rrl_: (1447,) [0 1 0 0 0 1 0 0 0 0 0 0 0 0 0 0 0 0 0 0 0 0 0 0 1 0 0 0 0 0 0 0 0 0 0 0 0
 0 1 0 0]
2025-12-21 21:51:59,494 - [DEBUG] - y_rrl: (1447, 2) [[ 7.661386   -7.0584717 ]
 [-0.5451421   1.1326956 ]
 [ 4.3701286  -3.7671056 ]
 [ 4.3701286  -3.7671056 ]
 [ 7.661386   -7.0584717 ]
 [-2.0436554   2.642619  ]
 [ 7.661386   -7.0584717 ]
 [ 6.3379645  -5.740876  ]
 [ 7.661386   -7.0584717 ]
 [ 3.407061   -2.8107612 ]
 [ 1.8621734  -1.266605  ]
 [ 4.793076   -4.19672   ]
 [ 5.6251354  -5.024348  ]
 [ 6.748923   -6.1492863 ]
 [ 7.119988   -6.5144634 ]
 [ 6.2711253  -5.6728272 ]
 [ 6.7090297  -6.1060534 ]
 [ 1.4911081  -0.90142846]
 [ 4.4052076  -3.8175354 ]
 [ 4.7294755  -4.1291704 ]
 [ 5.90006    -5.3076506 ]
 [ 7.119988   -6.5144634 ]
 [ 6.2711253  -5.6728272 ]
 [ 6.748923   -6.1492863 ]
 [-2.8925176   3.484255  ]
 [ 0.6747852  -0.07411692]
 [ 2.7522936  -2.1541488 ]
 [ 6.748923   -6.1492863 ]
 [ 5.100541   -4.4943476 ]
 [ 6.1676316  -5.5620446 ]
 [ 7.290321   -6.6932955 ]
 [ 4.7294755  -4.1291704 ]
 [ 1.3207756  -0.7225963 ]
 [ 0.9497105  -0.35741976]
 [ 7.661386   -7.0584717 ]
 [ 6.3379645  -5.740876  ]
 [ 7.119988   -6.5144634 ]
 [ 6.748923   -6.1492863 ]
 [ 0.2108235   0.38243356]
 [ 1.1631798  -0.5699849 ]
 [ 6.3379645  -5.740876  ]]
2025-12-21 21:51:59,496 - [INFO] - ------------------------------------------------------------
2025-12-21 21:51:59,496 - [INFO] - On Validation Set:
	Accuracy of RRL  Model: 0.9046302695231514
	F1 Score of RRL  Model: 0.756233153638814
2025-12-21 21:51:59,502 - [INFO] - On Validation Set:
Performance of  RRL Model: 
[[1219   67]
 [  71   90]]
              precision    recall  f1-score   support

           0       0.94      0.95      0.95      1286
           1       0.57      0.56      0.57       161

    accuracy                           0.90      1447
   macro avg       0.76      0.75      0.76      1447
weighted avg       0.90      0.90      0.90      1447

2025-12-21 21:51:59,502 - [INFO] - ------------------------------------------------------------
2025-12-21 21:51:59,959 - [INFO] - epoch: 47, loss_rrl: 106.74846982210875
2025-12-21 21:52:01,203 - [DEBUG] - y_true: (1447,) [0 0 0 0 0 1 0 0 0 0 0 0 0 0 0 0 0 1 0 0 0 0 0 0 1 0 0 0 0 0 0 0 0 0 0 0 0
 0 1 1 0]
2025-12-21 21:52:01,353 - [DEBUG] - y_rrl_: (1447,) [0 1 0 0 0 1 0 0 0 0 0 0 0 0 0 0 0 0 0 0 0 0 0 0 1 0 0 0 0 0 0 0 0 0 0 0 0
 0 0 0 0]
2025-12-21 21:52:01,354 - [DEBUG] - y_rrl: (1447, 2) [[ 7.865218   -7.271399  ]
 [-0.9321802   1.5176404 ]
 [ 4.0027056  -3.4021633 ]
 [ 4.0027056  -3.4021633 ]
 [ 7.865218   -7.271399  ]
 [ 0.01165549  0.5887211 ]
 [ 7.865218   -7.271399  ]
 [ 5.9901     -5.3953776 ]
 [ 7.865218   -7.271399  ]
 [ 3.1006172  -2.5066571 ]
 [ 2.9315765  -2.337862  ]
 [ 4.9217844  -4.334351  ]
 [ 7.337342   -6.740959  ]
 [ 7.337342   -6.740959  ]
 [ 7.337342   -6.740959  ]
 [ 6.438067   -5.848728  ]
 [ 6.9226265  -6.3287463 ]
 [ 2.032302   -1.445631  ]
 [ 4.9339876  -4.349265  ]
 [ 4.3606563  -3.7627738 ]
 [ 6.438067   -5.848728  ]
 [ 7.337342   -6.740959  ]
 [ 6.438067   -5.848728  ]
 [ 7.337342   -6.740959  ]
 [-2.7645605   3.3475149 ]
 [ 2.4037004  -1.8074224 ]
 [ 2.8931394  -2.3039396 ]
 [ 6.404815   -5.80759   ]
 [ 5.293183   -4.6961427 ]
 [ 6.3947506  -5.798307  ]
 [ 7.865218   -7.271399  ]
 [ 4.3939085  -3.8039114 ]
 [ 2.4037004  -1.8074224 ]
 [ 0.5718991   0.01817757]
 [ 7.865218   -7.271399  ]
 [ 5.9901     -5.3953776 ]
 [ 7.337342   -6.740959  ]
 [ 6.404815   -5.80759   ]
 [ 0.74182445 -0.15165144]
 [ 2.8123224  -2.227176  ]
 [ 5.9901     -5.3953776 ]]
2025-12-21 21:52:01,356 - [INFO] - ------------------------------------------------------------
2025-12-21 21:52:01,356 - [INFO] - On Validation Set:
	Accuracy of RRL  Model: 0.902557014512785
	F1 Score of RRL  Model: 0.7256097314962378
2025-12-21 21:52:01,362 - [INFO] - On Validation Set:
Performance of  RRL Model: 
[[1234   52]
 [  89   72]]
              precision    recall  f1-score   support

           0       0.93      0.96      0.95      1286
           1       0.58      0.45      0.51       161

    accuracy                           0.90      1447
   macro avg       0.76      0.70      0.73      1447
weighted avg       0.89      0.90      0.90      1447

2025-12-21 21:52:01,362 - [INFO] - ------------------------------------------------------------
2025-12-21 21:52:01,590 - [INFO] - epoch: 48, loss_rrl: 107.05272669903934
2025-12-21 21:52:03,131 - [INFO] - epoch: 49, loss_rrl: 105.20732589811087
2025-12-21 21:52:03,149 - [DEBUG] - y_true: (1447,) [0 0 0 0 0 1 0 0 0 0 0 0 0 0 0 0 0 1 0 0 0 0 0 0 1 0 0 0 0 0 0 0 0 0 0 0 0
 0 1 1 0]
2025-12-21 21:52:03,299 - [DEBUG] - y_rrl_: (1447,) [0 1 0 0 0 1 0 0 0 0 1 0 0 0 0 0 0 0 0 0 0 0 0 0 1 0 0 0 0 0 0 0 0 1 0 0 0
 0 1 0 0]
2025-12-21 21:52:03,299 - [DEBUG] - y_rrl: (1447, 2) [[ 7.214801   -6.6299725 ]
 [-1.1089228   1.6868618 ]
 [ 3.4748986  -2.8916342 ]
 [ 3.4748986  -2.8916342 ]
 [ 5.743753   -5.155736  ]
 [-1.0563059   1.6419319 ]
 [ 7.214801   -6.6299725 ]
 [ 4.9459453  -4.3658705 ]
 [ 7.214801   -6.6299725 ]
 [ 2.0696363  -1.4903014 ]
 [-0.1372607   0.7183229 ]
 [ 5.1371455  -4.551672  ]
 [ 6.7056856  -6.1183405 ]
 [ 4.8535495  -4.2686543 ]
 [ 6.7056856  -6.1183405 ]
 [ 5.778637   -5.1981516 ]
 [ 4.8118773  -4.2238007 ]
 [ 0.9526987  -0.3804636 ]
 [ 2.9420092  -2.3716004 ]
 [ 3.2910511  -2.707874  ]
 [ 5.3975487  -4.8227024 ]
 [ 6.7056856  -6.1183405 ]
 [ 5.778637   -5.1981516 ]
 [ 4.8535495  -4.2686543 ]
 [-1.9833548   2.5621212 ]
 [ 1.751721   -1.1644713 ]
 [ 3.1141832  -2.5269659 ]
 [ 5.368706   -4.7861743 ]
 [ 4.6280303  -4.0400405 ]
 [ 6.282925   -5.6980367 ]
 [ 6.833712   -6.2545223 ]
 [ 5.1788173  -4.5965257 ]
 [ 0.8246721  -0.24428199]
 [-0.5123073   1.0878845 ]
 [ 7.214801   -6.6299725 ]
 [ 4.9459453  -4.3658705 ]
 [ 6.7056856  -6.1183405 ]
 [ 5.368706   -4.7861743 ]
 [-1.4742398   2.0504897 ]
 [ 0.60341525 -0.0278108 ]
 [ 4.9459453  -4.3658705 ]]
2025-12-21 21:52:03,301 - [INFO] - ------------------------------------------------------------
2025-12-21 21:52:03,301 - [INFO] - On Validation Set:
	Accuracy of RRL  Model: 0.8873531444367657
	F1 Score of RRL  Model: 0.7420629409249431
2025-12-21 21:52:03,307 - [INFO] - On Validation Set:
Performance of  RRL Model: 
[[1185  101]
 [  62   99]]
              precision    recall  f1-score   support

           0       0.95      0.92      0.94      1286
           1       0.49      0.61      0.55       161

    accuracy                           0.89      1447
   macro avg       0.72      0.77      0.74      1447
weighted avg       0.90      0.89      0.89      1447

2025-12-21 21:52:03,307 - [INFO] - ------------------------------------------------------------
2025-12-21 21:52:04,995 - [INFO] - epoch: 50, loss_rrl: 106.74008651077747
2025-12-21 21:52:05,292 - [DEBUG] - y_true: (1447,) [0 0 0 0 0 1 0 0 0 0 0 0 0 0 0 0 0 1 0 0 0 0 0 0 1 0 0 0 0 0 0 0 0 0 0 0 0
 0 1 1 0]
2025-12-21 21:52:05,441 - [DEBUG] - y_rrl_: (1447,) [0 0 0 0 0 1 0 0 0 0 0 0 0 0 0 0 0 0 0 0 0 0 0 0 1 0 0 0 0 0 0 0 0 0 0 0 0
 0 1 0 0]
2025-12-21 21:52:05,442 - [DEBUG] - y_rrl: (1447, 2) [[ 7.489208   -6.9188704 ]
 [ 0.7941749  -0.2203122 ]
 [ 5.0670958  -4.4935765 ]
 [ 5.428916   -4.84988   ]
 [ 7.489208   -6.9188704 ]
 [-0.486606    1.0632677 ]
 [ 7.8510284  -7.275174  ]
 [ 6.9174275  -6.3415155 ]
 [ 7.8510284  -7.275174  ]
 [ 4.0456586  -3.4704616 ]
 [ 1.513397   -0.9423293 ]
 [ 5.7292747  -5.1527863 ]
 [ 5.7876973  -5.213754  ]
 [ 6.9777174  -6.404909  ]
 [ 7.3395376  -6.761213  ]
 [ 6.0204806  -5.454347  ]
 [ 6.555608   -5.985212  ]
 [ 1.9002694  -1.3311706 ]
 [ 4.4686403  -3.906889  ]
 [ 5.217784   -4.6388245 ]
 [ 6.382301   -5.810651  ]
 [ 6.9777174  -6.404909  ]
 [ 6.0204806  -5.454347  ]
 [ 6.9777174  -6.404909  ]
 [-1.4438426   2.01383   ]
 [ 0.7941749  -0.2203122 ]
 [ 4.6136236  -4.035469  ]
 [ 7.3395376  -6.761213  ]
 [ 5.217784   -4.6388245 ]
 [ 6.9174275  -6.3415155 ]
 [ 7.8510284  -7.275174  ]
 [ 6.1513844  -5.5724835 ]
 [ 1.9841958  -1.4114671 ]
 [ 1.0269591  -0.4609049 ]
 [ 7.8510284  -7.275174  ]
 [ 6.9174275  -6.3415155 ]
 [ 6.9777174  -6.404909  ]
 [ 6.9777174  -6.404909  ]
 [-0.5705315   1.1435643 ]
 [ 1.1894016  -0.62252015]
 [ 6.555608   -5.985212  ]]
2025-12-21 21:52:05,444 - [INFO] - ------------------------------------------------------------
2025-12-21 21:52:05,444 - [INFO] - On Validation Set:
	Accuracy of RRL  Model: 0.9129232895646164
	F1 Score of RRL  Model: 0.7585650723025584
2025-12-21 21:52:05,449 - [INFO] - On Validation Set:
Performance of  RRL Model: 
[[1239   47]
 [  79   82]]
              precision    recall  f1-score   support

           0       0.94      0.96      0.95      1286
           1       0.64      0.51      0.57       161

    accuracy                           0.91      1447
   macro avg       0.79      0.74      0.76      1447
weighted avg       0.91      0.91      0.91      1447

2025-12-21 21:52:05,450 - [INFO] - ------------------------------------------------------------
2025-12-21 21:52:06,862 - [INFO] - epoch: 51, loss_rrl: 105.26923653669655
2025-12-21 21:52:07,407 - [DEBUG] - y_true: (1447,) [0 0 0 0 0 1 0 0 0 0 0 0 0 0 0 0 0 1 0 0 0 0 0 0 1 0 0 0 0 0 0 0 0 0 0 0 0
 0 1 1 0]
2025-12-21 21:52:07,572 - [DEBUG] - y_rrl_: (1447,) [0 0 0 0 0 0 0 0 0 0 0 0 0 0 0 0 0 0 0 0 0 0 0 0 1 0 0 0 0 0 0 0 0 0 0 0 0
 0 0 0 0]
2025-12-21 21:52:07,573 - [DEBUG] - y_rrl: (1447, 2) [[ 8.302355   -7.73539   ]
 [ 0.3276819   0.23088315]
 [ 5.3822865  -4.809781  ]
 [ 5.3822865  -4.809781  ]
 [ 8.302355   -7.73539   ]
 [ 0.3204306   0.25274506]
 [ 8.302355   -7.73539   ]
 [ 7.3941975  -6.827175  ]
 [ 8.302355   -7.73539   ]
 [ 5.8462143  -5.279916  ]
 [ 3.614576   -3.0469153 ]
 [ 5.2132936  -4.652193  ]
 [ 6.246961   -5.681839  ]
 [ 7.798737   -7.229347  ]
 [ 7.798737   -7.229347  ]
 [ 6.835449   -6.2725487 ]
 [ 7.3941975  -6.827175  ]
 [ 3.6653101  -3.1049333 ]
 [ 4.3755164  -3.816826  ]
 [ 6.581121   -6.0111637 ]
 [ 6.835449   -6.2725487 ]
 [ 7.798737   -7.229347  ]
 [ 6.835449   -6.2725487 ]
 [ 7.798737   -7.229347  ]
 [-1.0007641   1.5620542 ]
 [ 1.2909698  -0.7259156 ]
 [ 5.033138   -4.4639044 ]
 [ 7.798737   -7.229347  ]
 [ 6.581121   -6.0111637 ]
 [ 7.798737   -7.229347  ]
 [ 8.302355   -7.73539   ]
 [ 6.581121   -6.0111637 ]
 [ 4.1249804  -3.5556896 ]
 [ 3.1616924  -2.5988905 ]
 [ 8.302355   -7.73539   ]
 [ 7.3941975  -6.827175  ]
 [ 7.798737   -7.229347  ]
 [ 7.798737   -7.229347  ]
 [ 0.82404816 -0.2532978 ]
 [ 1.628627   -1.0703876 ]
 [ 7.3941975  -6.827175  ]]
2025-12-21 21:52:07,575 - [INFO] - ------------------------------------------------------------
2025-12-21 21:52:07,575 - [INFO] - On Validation Set:
	Accuracy of RRL  Model: 0.9039391845196959
	F1 Score of RRL  Model: 0.6781176734174582
2025-12-21 21:52:07,581 - [INFO] - On Validation Set:
Performance of  RRL Model: 
[[1260   26]
 [ 113   48]]
              precision    recall  f1-score   support

           0       0.92      0.98      0.95      1286
           1       0.65      0.30      0.41       161

    accuracy                           0.90      1447
   macro avg       0.78      0.64      0.68      1447
weighted avg       0.89      0.90      0.89      1447

2025-12-21 21:52:07,581 - [INFO] - ------------------------------------------------------------
2025-12-21 21:52:08,548 - [INFO] - epoch: 52, loss_rrl: 106.36459771730006
2025-12-21 21:52:09,250 - [DEBUG] - y_true: (1447,) [0 0 0 0 0 1 0 0 0 0 0 0 0 0 0 0 0 1 0 0 0 0 0 0 1 0 0 0 0 0 0 0 0 0 0 0 0
 0 1 1 0]
2025-12-21 21:52:09,400 - [DEBUG] - y_rrl_: (1447,) [0 1 0 0 0 1 0 0 0 0 0 0 0 0 0 0 0 0 0 0 0 0 0 0 1 0 0 0 0 0 0 0 0 1 0 0 0
 0 1 0 0]
2025-12-21 21:52:09,400 - [DEBUG] - y_rrl: (1447, 2) [[ 7.186686   -6.633808  ]
 [-1.7649105   2.3104212 ]
 [ 4.776594   -4.220504  ]
 [ 4.776594   -4.220504  ]
 [ 7.186686   -6.633808  ]
 [-2.3287184   2.8835316 ]
 [ 7.556936   -6.99878   ]
 [ 5.28445    -4.730739  ]
 [ 7.556936   -6.99878   ]
 [ 2.5092454  -1.9562072 ]
 [ 2.2813416  -1.7285227 ]
 [ 4.4437304  -3.8912692 ]
 [ 5.5027585  -4.9463797 ]
 [ 6.67883    -6.123573  ]
 [ 7.0490794  -6.4885445 ]
 [ 5.6957645  -5.1468153 ]
 [ 6.29346    -5.7405252 ]
 [ 1.2982761  -0.75176543]
 [ 3.2562172  -2.7113676 ]
 [ 4.4329066  -3.8763158 ]
 [ 5.6957645  -5.1468153 ]
 [ 6.67883    -6.123573  ]
 [ 5.6957645  -5.1468153 ]
 [ 6.67883    -6.123573  ]
 [-3.3117838   3.8602889 ]
 [ 0.59741414 -0.04109404]
 [ 4.282154   -3.7217648 ]
 [ 5.6698203  -5.1137867 ]
 [ 5.812166   -5.251074  ]
 [ 7.0490794  -6.4885445 ]
 [ 7.186686   -6.633808  ]
 [ 5.4419165  -4.8861017 ]
 [ 1.7734855  -1.2182871 ]
 [-0.2185897   0.7682563 ]
 [ 7.556936   -6.99878   ]
 [ 5.28445    -4.730739  ]
 [ 6.67883    -6.123573  ]
 [ 5.6698203  -5.1137867 ]
 [-1.2576069   1.8078883 ]
 [ 0.872533   -0.32286516]
 [ 5.28445    -4.730739  ]]
2025-12-21 21:52:09,402 - [INFO] - ------------------------------------------------------------
2025-12-21 21:52:09,402 - [INFO] - On Validation Set:
	Accuracy of RRL  Model: 0.8963372494816862
	F1 Score of RRL  Model: 0.7364874708624709
2025-12-21 21:52:09,408 - [INFO] - On Validation Set:
Performance of  RRL Model: 
[[1212   74]
 [  76   85]]
              precision    recall  f1-score   support

           0       0.94      0.94      0.94      1286
           1       0.53      0.53      0.53       161

    accuracy                           0.90      1447
   macro avg       0.74      0.74      0.74      1447
weighted avg       0.90      0.90      0.90      1447

2025-12-21 21:52:09,408 - [INFO] - ------------------------------------------------------------
2025-12-21 21:52:10,125 - [INFO] - epoch: 53, loss_rrl: 105.12194884568453
2025-12-21 21:52:11,062 - [DEBUG] - y_true: (1447,) [0 0 0 0 0 1 0 0 0 0 0 0 0 0 0 0 0 1 0 0 0 0 0 0 1 0 0 0 0 0 0 0 0 0 0 0 0
 0 1 1 0]
2025-12-21 21:52:11,211 - [DEBUG] - y_rrl_: (1447,) [0 1 0 0 0 1 0 0 0 0 0 0 0 0 0 0 0 0 0 0 0 0 0 0 1 0 0 0 0 0 0 0 0 0 0 0 0
 0 0 0 0]
2025-12-21 21:52:11,212 - [DEBUG] - y_rrl: (1447, 2) [[ 8.588326   -8.038984  ]
 [-0.70188683  1.2389377 ]
 [ 5.795334   -5.2480016 ]
 [ 5.795334   -5.2480016 ]
 [ 8.588326   -8.038984  ]
 [ 0.22188212  0.32827517]
 [ 8.588326   -8.038984  ]
 [ 6.305767   -5.76077   ]
 [ 8.588326   -8.038984  ]
 [ 3.5785449  -3.034198  ]
 [ 3.7115867  -3.1622927 ]
 [ 5.4859443  -4.94213   ]
 [ 6.5273476  -5.979715  ]
 [ 7.6835947  -7.1370783 ]
 [ 8.077893   -7.5262156 ]
 [ 7.125028   -6.579481  ]
 [ 7.7053957  -7.1559973 ]
 [ 2.3644223  -1.8264207 ]
 [ 4.2972517  -3.7608564 ]
 [ 4.528748   -3.9808688 ]
 [ 6.730729   -6.190344  ]
 [ 8.077893   -7.5262156 ]
 [ 7.125028   -6.579481  ]
 [ 7.6835947  -7.1370783 ]
 [-0.7309833   1.2750095 ]
 [ 1.6506069  -1.1030239 ]
 [ 5.858442   -5.3123493 ]
 [ 6.6782646  -6.130988  ]
 [ 5.928376   -5.3760962 ]
 [ 7.1949625  -6.6432285 ]
 [ 8.194028   -7.649846  ]
 [ 5.5340776  -4.9869585 ]
 [ 3.201153   -2.6495245 ]
 [ 0.84865934 -0.30756292]
 [ 8.588326   -8.038984  ]
 [ 6.305767   -5.76077   ]
 [ 8.077893   -7.5262156 ]
 [ 6.6782646  -6.130988  ]
 [ 1.9989017  -1.4516256 ]
 [ 1.9289676  -1.3878781 ]
 [ 6.305767   -5.76077   ]]
2025-12-21 21:52:11,214 - [INFO] - ------------------------------------------------------------
2025-12-21 21:52:11,214 - [INFO] - On Validation Set:
	Accuracy of RRL  Model: 0.907394609536973
	F1 Score of RRL  Model: 0.710841684562157
2025-12-21 21:52:11,220 - [INFO] - On Validation Set:
Performance of  RRL Model: 
[[1253   33]
 [ 101   60]]
              precision    recall  f1-score   support

           0       0.93      0.97      0.95      1286
           1       0.65      0.37      0.47       161

    accuracy                           0.91      1447
   macro avg       0.79      0.67      0.71      1447
weighted avg       0.89      0.91      0.90      1447

2025-12-21 21:52:11,220 - [INFO] - ------------------------------------------------------------
2025-12-21 21:52:11,707 - [INFO] - epoch: 54, loss_rrl: 104.58261897973716
2025-12-21 21:52:12,886 - [DEBUG] - y_true: (1447,) [0 0 0 0 0 1 0 0 0 0 0 0 0 0 0 0 0 1 0 0 0 0 0 0 1 0 0 0 0 0 0 0 0 0 0 0 0
 0 1 1 0]
2025-12-21 21:52:13,035 - [DEBUG] - y_rrl_: (1447,) [0 1 0 0 0 1 0 0 0 0 0 0 0 0 0 0 0 0 0 0 0 0 0 0 1 0 0 0 0 0 0 0 0 0 0 0 0
 0 1 0 0]
2025-12-21 21:52:13,035 - [DEBUG] - y_rrl: (1447, 2) [[ 7.3889084  -6.8482137 ]
 [-0.4990522   1.0321016 ]
 [ 3.2020237  -2.6560872 ]
 [ 4.408312   -3.8624046 ]
 [ 4.5879374  -4.0443473 ]
 [-0.6087144   1.1552705 ]
 [ 7.3889084  -6.8482137 ]
 [ 6.515771   -5.9750223 ]
 [ 7.3889084  -6.8482137 ]
 [ 3.7934227  -3.2533062 ]
 [ 0.9153189  -0.37179944]
 [ 3.0731082  -2.5377529 ]
 [ 5.669842   -5.1268287 ]
 [ 4.07516    -3.529279  ]
 [ 6.87613    -6.3331456 ]
 [ 5.9231772  -5.3861513 ]
 [ 4.921089   -4.377473  ]
 [ 1.5570476  -1.022354  ]
 [ 3.5067182  -2.9735715 ]
 [ 4.719572   -4.1759963 ]
 [ 5.9231772  -5.3861513 ]
 [ 5.669842   -5.1268287 ]
 [ 4.716889   -4.1798344 ]
 [ 5.2814484  -4.735596  ]
 [-3.484559    4.0161757 ]
 [ 1.9972235  -1.4542806 ]
 [ 3.7666187  -3.2290018 ]
 [ 6.87613    -6.3331456 ]
 [ 3.513284   -2.969679  ]
 [ 6.0029936  -5.459954  ]
 [ 7.3889084  -6.8482137 ]
 [ 3.513284   -2.969679  ]
 [ 1.9972235  -1.4542806 ]
 [ 1.0442703  -0.5072858 ]
 [ 6.18262    -5.6418967 ]
 [ 6.515771   -5.9750223 ]
 [ 5.669842   -5.1268287 ]
 [ 6.87613    -6.3331456 ]
 [ 0.23453161  0.30323955]
 [ 0.7280993  -0.19542916]
 [ 6.515771   -5.9750223 ]]
2025-12-21 21:52:13,037 - [INFO] - ------------------------------------------------------------
2025-12-21 21:52:13,037 - [INFO] - On Validation Set:
	Accuracy of RRL  Model: 0.9018659295093296
	F1 Score of RRL  Model: 0.7449378339192436
2025-12-21 21:52:13,044 - [INFO] - On Validation Set:
Performance of  RRL Model: 
[[1220   66]
 [  76   85]]
              precision    recall  f1-score   support

           0       0.94      0.95      0.95      1286
           1       0.56      0.53      0.54       161

    accuracy                           0.90      1447
   macro avg       0.75      0.74      0.74      1447
weighted avg       0.90      0.90      0.90      1447

2025-12-21 21:52:13,044 - [INFO] - ------------------------------------------------------------
2025-12-21 21:52:13,308 - [INFO] - epoch: 55, loss_rrl: 106.80763309448957
2025-12-21 21:52:14,844 - [DEBUG] - y_true: (1447,) [0 0 0 0 0 1 0 0 0 0 0 0 0 0 0 0 0 1 0 0 0 0 0 0 1 0 0 0 0 0 0 0 0 0 0 0 0
 0 1 1 0]
2025-12-21 21:52:14,999 - [DEBUG] - y_rrl_: (1447,) [0 0 0 0 0 1 0 0 0 0 0 0 0 0 0 0 0 0 0 0 0 0 0 0 1 0 0 0 0 0 0 0 0 0 0 0 0
 0 1 0 0]
2025-12-21 21:52:15,000 - [DEBUG] - y_rrl: (1447, 2) [[ 8.491368   -7.9592013 ]
 [ 1.5463052  -1.0157523 ]
 [ 7.1153474  -6.5808783 ]
 [ 7.1153474  -6.5808783 ]
 [ 8.491368   -7.9592013 ]
 [-1.0444214   1.578511  ]
 [ 8.491368   -7.9592013 ]
 [ 7.6251397  -7.0929174 ]
 [ 8.491368   -7.9592013 ]
 [ 4.899791   -4.3681827 ]
 [ 2.6482742  -2.121931  ]
 [ 6.3199925  -5.787245  ]
 [ 6.44303    -5.9124436 ]
 [ 7.9815764  -7.4471617 ]
 [ 6.7820067  -6.247563  ]
 [ 7.0352063  -6.5065827 ]
 [ 7.6251397  -7.0929174 ]
 [ 2.6482742  -2.121931  ]
 [ 4.630431   -4.1055813 ]
 [ 5.8102     -5.2752056 ]
 [ 7.0352063  -6.5065827 ]
 [ 7.9815764  -7.4471617 ]
 [ 7.0352063  -6.5065827 ]
 [ 7.9815764  -7.4471617 ]
 [-2.3813741   2.9047358 ]
 [ 1.5463052  -1.0157523 ]
 [ 4.2844214  -3.7500691 ]
 [ 7.9815764  -7.4471617 ]
 [ 5.8102     -5.2752056 ]
 [ 7.1153474  -6.5808783 ]
 [ 8.491368   -7.9592013 ]
 [ 6.6764293  -6.1414886 ]
 [ 2.1384819  -1.6098912 ]
 [ 2.1384819  -1.6098912 ]
 [ 8.491368   -7.9592013 ]
 [ 7.6251397  -7.0929174 ]
 [ 7.9815764  -7.4471617 ]
 [ 7.9815764  -7.4471617 ]
 [ 0.05754745  0.47233245]
 [ 1.8383403  -1.3139782 ]
 [ 7.6251397  -7.0929174 ]]
2025-12-21 21:52:15,002 - [INFO] - ------------------------------------------------------------
2025-12-21 21:52:15,002 - [INFO] - On Validation Set:
	Accuracy of RRL  Model: 0.9039391845196959
	F1 Score of RRL  Model: 0.7151594972561515
2025-12-21 21:52:15,008 - [INFO] - On Validation Set:
Performance of  RRL Model: 
[[1243   43]
 [  96   65]]
              precision    recall  f1-score   support

           0       0.93      0.97      0.95      1286
           1       0.60      0.40      0.48       161

    accuracy                           0.90      1447
   macro avg       0.77      0.69      0.72      1447
weighted avg       0.89      0.90      0.90      1447

2025-12-21 21:52:15,008 - [INFO] - ------------------------------------------------------------
2025-12-21 21:52:15,038 - [INFO] - epoch: 56, loss_rrl: 104.59581933915615
2025-12-21 21:52:16,428 - [INFO] - epoch: 57, loss_rrl: 106.6806907132268
2025-12-21 21:52:16,638 - [DEBUG] - y_true: (1447,) [0 0 0 0 0 1 0 0 0 0 0 0 0 0 0 0 0 1 0 0 0 0 0 0 1 0 0 0 0 0 0 0 0 0 0 0 0
 0 1 1 0]
2025-12-21 21:52:16,796 - [DEBUG] - y_rrl_: (1447,) [0 1 0 0 0 0 0 0 0 0 0 0 0 0 0 0 0 0 0 0 0 0 0 0 1 0 0 0 0 0 0 0 0 0 0 0 0
 0 1 0 0]
2025-12-21 21:52:16,796 - [DEBUG] - y_rrl: (1447, 2) [[ 8.32828    -7.8093987 ]
 [-0.87079847  1.3900925 ]
 [ 6.9442663  -6.4231257 ]
 [ 7.319915   -6.7939405 ]
 [ 8.32828    -7.8093987 ]
 [ 0.28901732  0.23550837]
 [ 8.703929   -8.180213  ]
 [ 7.8327317  -7.3089623 ]
 [ 8.703929   -8.180213  ]
 [ 5.097477   -4.5743017 ]
 [ 2.3995876  -1.880013  ]
 [ 5.528619   -5.009959  ]
 [ 6.637519   -6.1153216 ]
 [ 7.8154635  -7.294376  ]
 [ 8.191112   -7.665191  ]
 [ 6.8433013  -6.32784   ]
 [ 7.457083   -6.938148  ]
 [ 2.7933645  -2.2752979 ]
 [ 4.418511   -3.9067202 ]
 [ 5.9879646  -5.4614735 ]
 [ 7.21895    -6.698655  ]
 [ 7.8154635  -7.294376  ]
 [ 6.8433013  -6.32784   ]
 [ 7.8154635  -7.294376  ]
 [-0.68314517  1.2020445 ]
 [ 1.6991175  -1.1769428 ]
 [ 4.3508134  -3.8306224 ]
 [ 8.191112   -7.665191  ]
 [ 5.9879646  -5.4614735 ]
 [ 7.319915   -6.7939405 ]
 [ 8.703929   -8.180213  ]
 [ 6.859162   -6.3327236 ]
 [ 2.8770616  -2.3559976 ]
 [ 1.9048992  -1.3894613 ]
 [ 8.703929   -8.180213  ]
 [ 7.8327317  -7.3089623 ]
 [ 7.8154635  -7.294376  ]
 [ 7.8154635  -7.294376  ]
 [ 0.2053204   0.31620768]
 [ 2.0328188  -1.5166953 ]
 [ 7.457083   -6.938148  ]]
2025-12-21 21:52:16,798 - [INFO] - ------------------------------------------------------------
2025-12-21 21:52:16,798 - [INFO] - On Validation Set:
	Accuracy of RRL  Model: 0.8977194194885971
	F1 Score of RRL  Model: 0.6586001964010152
2025-12-21 21:52:16,804 - [INFO] - On Validation Set:
Performance of  RRL Model: 
[[1255   31]
 [ 117   44]]
              precision    recall  f1-score   support

           0       0.91      0.98      0.94      1286
           1       0.59      0.27      0.37       161

    accuracy                           0.90      1447
   macro avg       0.75      0.62      0.66      1447
weighted avg       0.88      0.90      0.88      1447

2025-12-21 21:52:16,804 - [INFO] - ------------------------------------------------------------
2025-12-21 21:52:18,018 - [INFO] - epoch: 58, loss_rrl: 105.25321187078953
2025-12-21 21:52:18,479 - [DEBUG] - y_true: (1447,) [0 0 0 0 0 1 0 0 0 0 0 0 0 0 0 0 0 1 0 0 0 0 0 0 1 0 0 0 0 0 0 0 0 0 0 0 0
 0 1 1 0]
2025-12-21 21:52:18,646 - [DEBUG] - y_rrl_: (1447,) [0 0 0 0 0 1 0 0 0 0 0 0 0 0 0 0 0 0 0 0 0 0 0 0 1 0 0 0 0 0 0 0 0 0 0 0 0
 0 1 0 0]
2025-12-21 21:52:18,647 - [DEBUG] - y_rrl: (1447, 2) [[ 7.6099396  -7.0945687 ]
 [ 1.109334   -0.5972831 ]
 [ 4.617322   -4.097048  ]
 [ 4.617322   -4.097048  ]
 [ 7.6099396  -7.0945687 ]
 [-2.0135221   2.530805  ]
 [ 7.6099396  -7.0945687 ]
 [ 6.7347784  -6.2193546 ]
 [ 7.6099396  -7.0945687 ]
 [ 3.973606   -3.4587598 ]
 [ 2.626324   -2.1109715 ]
 [ 4.384094   -3.8736308 ]
 [ 5.5732174  -5.059302  ]
 [ 7.0963516  -6.5788164 ]
 [ 7.0963516  -6.5788164 ]
 [ 6.09295    -5.5808806 ]
 [ 6.7347784  -6.2193546 ]
 [ 1.622922   -1.1130357 ]
 [ 3.694654   -3.1861517 ]
 [ 4.873908   -4.355814  ]
 [ 6.09295    -5.5808806 ]
 [ 7.0963516  -6.5788164 ]
 [ 6.09295    -5.5808806 ]
 [ 7.0963516  -6.5788164 ]
 [-3.3848047   3.8918896 ]
 [ 0.5896012  -0.07570428]
 [ 4.176394   -3.6589568 ]
 [ 7.0963516  -6.5788164 ]
 [ 4.873908   -4.355814  ]
 [ 6.2211905  -5.7036023 ]
 [ 7.6099396  -7.0945687 ]
 [ 4.873908   -4.355814  ]
 [ 2.112736   -1.5952189 ]
 [ 1.109334   -0.5972831 ]
 [ 7.6099396  -7.0945687 ]
 [ 6.7347784  -6.2193546 ]
 [ 7.0963516  -6.5788164 ]
 [ 7.0963516  -6.5788164 ]
 [ 0.02320066  0.49553812]
 [ 0.87436163 -0.36637974]
 [ 6.7347784  -6.2193546 ]]
2025-12-21 21:52:18,649 - [INFO] - ------------------------------------------------------------
2025-12-21 21:52:18,649 - [INFO] - On Validation Set:
	Accuracy of RRL  Model: 0.9101589495507948
	F1 Score of RRL  Model: 0.7651677818835514
2025-12-21 21:52:18,655 - [INFO] - On Validation Set:
Performance of  RRL Model: 
[[1227   59]
 [  71   90]]
              precision    recall  f1-score   support

           0       0.95      0.95      0.95      1286
           1       0.60      0.56      0.58       161

    accuracy                           0.91      1447
   macro avg       0.77      0.76      0.77      1447
weighted avg       0.91      0.91      0.91      1447

2025-12-21 21:52:18,655 - [INFO] - ------------------------------------------------------------
2025-12-21 21:52:19,640 - [INFO] - epoch: 59, loss_rrl: 105.13929337821901
2025-12-21 21:52:20,310 - [DEBUG] - y_true: (1447,) [0 0 0 0 0 1 0 0 0 0 0 0 0 0 0 0 0 1 0 0 0 0 0 0 1 0 0 0 0 0 0 0 0 0 0 0 0
 0 1 1 0]
2025-12-21 21:52:20,472 - [DEBUG] - y_rrl_: (1447,) [0 0 0 0 0 0 0 0 0 0 0 0 0 0 0 0 0 0 0 0 0 0 0 0 1 0 0 0 0 0 0 0 0 0 0 0 0
 0 1 0 0]
2025-12-21 21:52:20,473 - [DEBUG] - y_rrl: (1447, 2) [[ 8.795658   -8.288545  ]
 [ 0.28887844  0.21303175]
 [ 7.010184   -6.505528  ]
 [ 7.010184   -6.505528  ]
 [ 8.795658   -8.288545  ]
 [ 0.31469375  0.19321184]
 [ 8.795658   -8.288545  ]
 [ 7.530154   -7.027622  ]
 [ 8.795658   -8.288545  ]
 [ 4.7784576  -4.276485  ]
 [ 3.8164608  -3.3093574 ]
 [ 5.545206   -5.0428543 ]
 [ 6.775981   -6.2702603 ]
 [ 7.885929   -7.381325  ]
 [ 8.275688   -7.76645   ]
 [ 7.2527375  -6.7488093 ]
 [ 7.919914   -7.412748  ]
 [ 2.4037502  -1.9065918 ]
 [ 4.487525   -3.9916975 ]
 [ 6.5341725  -6.029072  ]
 [ 6.862978   -6.363684  ]
 [ 8.275688   -7.76645   ]
 [ 7.2527375  -6.7488093 ]
 [ 7.885929   -7.381325  ]
 [-0.7082571   1.2108523 ]
 [ 1.7967831  -1.2910736 ]
 [ 5.3625727  -4.853423  ]
 [ 7.885929   -7.381325  ]
 [ 6.923932   -6.4141974 ]
 [ 8.275688   -7.76645   ]
 [ 8.405899   -7.903419  ]
 [ 6.5341725  -6.029072  ]
 [ 3.296491   -2.7872632 ]
 [ 1.8837801  -1.3844973 ]
 [ 8.795658   -8.288545  ]
 [ 7.530154   -7.027622  ]
 [ 8.275688   -7.76645   ]
 [ 7.885929   -7.381325  ]
 [-0.18828715  0.68875813]
 [ 3.600574   -3.1000655 ]
 [ 7.530154   -7.027622  ]]
2025-12-21 21:52:20,475 - [INFO] - ------------------------------------------------------------
2025-12-21 21:52:20,475 - [INFO] - On Validation Set:
	Accuracy of RRL  Model: 0.9011748445058743
	F1 Score of RRL  Model: 0.6344881675566538
2025-12-21 21:52:20,481 - [INFO] - On Validation Set:
Performance of  RRL Model: 
[[1270   16]
 [ 127   34]]
              precision    recall  f1-score   support

           0       0.91      0.99      0.95      1286
           1       0.68      0.21      0.32       161

    accuracy                           0.90      1447
   macro avg       0.79      0.60      0.63      1447
weighted avg       0.88      0.90      0.88      1447

2025-12-21 21:52:20,481 - [INFO] - ------------------------------------------------------------
2025-12-21 21:52:21,242 - [INFO] - epoch: 60, loss_rrl: 105.98308777622879
2025-12-21 21:52:22,141 - [DEBUG] - y_true: (1447,) [0 0 0 0 0 1 0 0 0 0 0 0 0 0 0 0 0 1 0 0 0 0 0 0 1 0 0 0 0 0 0 0 0 0 0 0 0
 0 1 1 0]
2025-12-21 21:52:22,297 - [DEBUG] - y_rrl_: (1447,) [0 1 0 0 0 1 0 0 0 0 0 0 0 0 0 0 0 0 0 0 0 0 0 0 1 0 0 0 0 0 0 0 0 0 0 0 0
 0 0 0 0]
2025-12-21 21:52:22,298 - [DEBUG] - y_rrl: (1447, 2) [[ 8.447686   -7.9487047 ]
 [-0.39427355  0.8847638 ]
 [ 6.6314826  -6.134905  ]
 [ 6.6314826  -6.134905  ]
 [ 8.447686   -7.9487047 ]
 [-0.07658881  0.57635164]
 [ 8.447686   -7.9487047 ]
 [ 7.1617026  -6.6672096 ]
 [ 8.447686   -7.9487047 ]
 [ 4.4108396  -3.9168856 ]
 [ 1.4426603  -0.94817114]
 [ 5.189638   -4.695278  ]
 [ 6.4517746  -5.9541273 ]
 [ 7.5029955  -7.006469  ]
 [ 7.917466   -7.4164    ]
 [ 6.905216   -6.409309  ]
 [ 7.576173   -7.077141  ]
 [ 2.0243042  -1.5350231 ]
 [ 4.153541   -3.6655414 ]
 [ 5.257197   -4.7601337 ]
 [ 6.4907455  -5.9993777 ]
 [ 7.917466   -7.4164    ]
 [ 6.905216   -6.409309  ]
 [ 7.5029955  -7.006469  ]
 [-1.088839    1.5834426 ]
 [ 1.4551136  -0.95746845]
 [ 6.5431814  -6.041629  ]
 [ 7.5029955  -7.006469  ]
 [ 5.671668   -5.170065  ]
 [ 7.0459533  -6.544836  ]
 [ 8.0332155  -7.5387735 ]
 [ 5.257197   -4.7601337 ]
 [ 1.908555   -1.4126502 ]
 [ 1.4940839  -1.0027188 ]
 [ 8.447686   -7.9487047 ]
 [ 7.1617026  -6.6672096 ]
 [ 7.917466   -7.4164    ]
 [ 7.5029955  -7.006469  ]
 [ 0.45363125  0.04404723]
 [ 1.68718    -1.195197  ]
 [ 7.1617026  -6.6672096 ]]
2025-12-21 21:52:22,300 - [INFO] - ------------------------------------------------------------
2025-12-21 21:52:22,300 - [INFO] - On Validation Set:
	Accuracy of RRL  Model: 0.9080856945404284
	F1 Score of RRL  Model: 0.7180060515923894
2025-12-21 21:52:22,306 - [INFO] - On Validation Set:
Performance of  RRL Model: 
[[1251   35]
 [  98   63]]
              precision    recall  f1-score   support

           0       0.93      0.97      0.95      1286
           1       0.64      0.39      0.49       161

    accuracy                           0.91      1447
   macro avg       0.79      0.68      0.72      1447
weighted avg       0.90      0.91      0.90      1447

2025-12-21 21:52:22,306 - [INFO] - ------------------------------------------------------------
2025-12-21 21:52:22,836 - [INFO] - epoch: 61, loss_rrl: 107.13302410580218
2025-12-21 21:52:23,963 - [DEBUG] - y_true: (1447,) [0 0 0 0 0 1 0 0 0 0 0 0 0 0 0 0 0 1 0 0 0 0 0 0 1 0 0 0 0 0 0 0 0 0 0 0 0
 0 1 1 0]
2025-12-21 21:52:24,119 - [DEBUG] - y_rrl_: (1447,) [0 1 0 0 0 1 0 0 0 0 0 0 0 0 0 0 0 0 0 0 0 0 0 0 1 0 0 0 0 0 0 0 0 0 0 0 0
 0 1 0 0]
2025-12-21 21:52:24,120 - [DEBUG] - y_rrl: (1447, 2) [[ 8.264113   -7.7731543 ]
 [-0.17361163  0.6607729 ]
 [ 4.1128902  -3.6173007 ]
 [ 5.2718277  -4.776263  ]
 [ 7.1051755  -6.614192  ]
 [ 0.16841878  0.3277508 ]
 [ 8.264113   -7.7731543 ]
 [ 7.4080653  -6.917058  ]
 [ 8.264113   -7.7731543 ]
 [ 4.655816   -4.16533   ]
 [ 2.3046563  -1.8130437 ]
 [ 3.8788047  -3.3923073 ]
 [ 6.5677357  -6.074708  ]
 [ 6.5677357  -6.074708  ]
 [ 7.726673   -7.23367   ]
 [ 6.7257934  -6.2377996 ]
 [ 7.4080653  -6.917058  ]
 [ 2.285493   -1.7995416 ]
 [ 4.3879414  -3.9032202 ]
 [ 5.5011816  -5.007656  ]
 [ 6.7257934  -6.2377996 ]
 [ 6.5677357  -6.074708  ]
 [ 5.566856   -5.0788374 ]
 [ 7.726673   -7.23367   ]
 [-1.2614464   1.748159  ]
 [ 2.7489328  -2.2559283 ]
 [ 4.5003023  -4.0117855 ]
 [ 7.726673   -7.23367   ]
 [ 4.342244   -3.848694  ]
 [ 6.8706255  -6.377573  ]
 [ 8.264113   -7.7731543 ]
 [ 5.1982923  -4.704791  ]
 [ 2.7489328  -2.2559283 ]
 [ 1.748053   -1.2600576 ]
 [ 7.1051755  -6.614192  ]
 [ 7.4080653  -6.917058  ]
 [ 6.5677357  -6.074708  ]
 [ 7.726673   -7.23367   ]
 [-0.29502118  0.7841375 ]
 [ 1.501485   -1.0173393 ]
 [ 7.4080653  -6.917058  ]]
2025-12-21 21:52:24,122 - [INFO] - ------------------------------------------------------------
2025-12-21 21:52:24,122 - [INFO] - On Validation Set:
	Accuracy of RRL  Model: 0.9129232895646164
	F1 Score of RRL  Model: 0.747674959311788
2025-12-21 21:52:24,128 - [INFO] - On Validation Set:
Performance of  RRL Model: 
[[1246   40]
 [  86   75]]
              precision    recall  f1-score   support

           0       0.94      0.97      0.95      1286
           1       0.65      0.47      0.54       161

    accuracy                           0.91      1447
   macro avg       0.79      0.72      0.75      1447
weighted avg       0.90      0.91      0.91      1447

2025-12-21 21:52:24,128 - [INFO] - ------------------------------------------------------------
2025-12-21 21:52:24,428 - [INFO] - epoch: 62, loss_rrl: 106.33687800355256
2025-12-21 21:52:25,815 - [DEBUG] - y_true: (1447,) [0 0 0 0 0 1 0 0 0 0 0 0 0 0 0 0 0 1 0 0 0 0 0 0 1 0 0 0 0 0 0 0 0 0 0 0 0
 0 1 1 0]
2025-12-21 21:52:25,971 - [DEBUG] - y_rrl_: (1447,) [0 1 0 0 0 1 0 0 0 0 0 0 0 0 0 0 0 0 0 0 0 0 0 0 1 0 0 0 0 0 0 0 0 0 0 0 0
 0 1 0 0]
2025-12-21 21:52:25,971 - [DEBUG] - y_rrl: (1447, 2) [[ 8.179739   -7.6967115 ]
 [-0.3200909   0.7994724 ]
 [ 5.178035   -4.6904974 ]
 [ 5.178035   -4.6904974 ]
 [ 8.179739   -7.6967115 ]
 [ 0.0448111   0.44332403]
 [ 8.179739   -7.6967115 ]
 [ 7.3278975  -6.844823  ]
 [ 8.179739   -7.6967115 ]
 [ 4.574436   -4.091866  ]
 [ 3.1906886  -2.707654  ]
 [ 4.9328823  -4.4542055 ]
 [ 7.6331806  -7.1481485 ]
 [ 7.6331806  -7.1481485 ]
 [ 6.49267    -6.007613  ]
 [ 7.6331806  -7.1481485 ]
 [ 7.3278975  -6.844823  ]
 [ 2.1794205  -1.701248  ]
 [ 5.291181   -4.8093305 ]
 [ 5.3975925  -4.912048  ]
 [ 7.6331806  -7.1481485 ]
 [ 7.6331806  -7.1481485 ]
 [ 6.6219125  -6.1417427 ]
 [ 7.6331806  -7.1481485 ]
 [-2.903461    3.3791442 ]
 [ 1.0408255  -0.5533282 ]
 [ 3.6252136  -3.1451087 ]
 [ 7.6331806  -7.1481485 ]
 [ 5.3975925  -4.912048  ]
 [ 6.7813396  -6.29626   ]
 [ 8.179739   -7.6967115 ]
 [ 6.249433   -5.763937  ]
 [ 2.6441302  -2.1590908 ]
 [ 1.6328624  -1.1526848 ]
 [ 8.179739   -7.6967115 ]
 [ 7.3278975  -6.844823  ]
 [ 7.6331806  -7.1481485 ]
 [ 7.6331806  -7.1481485 ]
 [-0.41989884  0.9011667 ]
 [ 1.3688437  -0.892449  ]
 [ 7.3278975  -6.844823  ]]
2025-12-21 21:52:25,974 - [INFO] - ------------------------------------------------------------
2025-12-21 21:52:25,974 - [INFO] - On Validation Set:
	Accuracy of RRL  Model: 0.9101589495507948
	F1 Score of RRL  Model: 0.7568406738296398
2025-12-21 21:52:25,980 - [INFO] - On Validation Set:
Performance of  RRL Model: 
[[1233   53]
 [  77   84]]
              precision    recall  f1-score   support

           0       0.94      0.96      0.95      1286
           1       0.61      0.52      0.56       161

    accuracy                           0.91      1447
   macro avg       0.78      0.74      0.76      1447
weighted avg       0.90      0.91      0.91      1447

2025-12-21 21:52:25,980 - [INFO] - ------------------------------------------------------------
2025-12-21 21:52:26,044 - [INFO] - epoch: 63, loss_rrl: 107.94374105893075
2025-12-21 21:52:27,458 - [INFO] - epoch: 64, loss_rrl: 106.9881259445101
2025-12-21 21:52:27,639 - [DEBUG] - y_true: (1447,) [0 0 0 0 0 1 0 0 0 0 0 0 0 0 0 0 0 1 0 0 0 0 0 0 1 0 0 0 0 0 0 0 0 0 0 0 0
 0 1 1 0]
2025-12-21 21:52:27,796 - [DEBUG] - y_rrl_: (1447,) [0 1 0 0 0 1 0 0 0 0 0 0 0 0 0 0 0 1 0 0 0 0 0 0 1 1 0 0 0 0 0 0 0 1 0 0 0
 0 0 0 0]
2025-12-21 21:52:27,796 - [DEBUG] - y_rrl: (1447, 2) [[ 7.7472143  -7.2720137 ]
 [-3.0010157   3.4733677 ]
 [ 3.7244198  -3.2441776 ]
 [ 3.7244198  -3.2441776 ]
 [ 6.1741505  -5.6965466 ]
 [-0.4486548   0.9288656 ]
 [ 7.7472143  -7.2720137 ]
 [ 5.8683176  -5.3924446 ]
 [ 7.7472143  -7.2720137 ]
 [ 1.5164037  -1.0386169 ]
 [ 1.1453168  -0.6676975 ]
 [ 4.456729   -3.9857445 ]
 [ 5.664522   -5.190493  ]
 [ 5.6033173  -5.1237464 ]
 [ 7.176382   -6.699214  ]
 [ 6.1358805  -5.6634326 ]
 [ 5.318391   -4.8407407 ]
 [ 0.10481545  0.368084  ]
 [ 3.768262   -3.2989066 ]
 [ 3.903259   -3.4249623 ]
 [ 6.1358805  -5.6634326 ]
 [ 7.176382   -6.699214  ]
 [ 6.1358805  -5.6634326 ]
 [ 5.6033173  -5.1237464 ]
 [-1.9585932   2.429807  ]
 [-0.9373758   1.413823  ]
 [ 4.741655   -4.2687497 ]
 [ 6.153243   -5.675451  ]
 [ 4.9263973  -4.448725  ]
 [ 6.3206224  -5.843408  ]
 [ 7.7472143  -7.2720137 ]
 [ 5.782156   -5.304531  ]
 [ 0.57448375 -0.09489757]
 [-1.4891562   1.964647  ]
 [ 7.7472143  -7.2720137 ]
 [ 5.8683176  -5.3924446 ]
 [ 7.176382   -6.699214  ]
 [ 6.153243   -5.675451  ]
 [ 1.5164037  -1.0386169 ]
 [ 0.86222434 -0.3934813 ]
 [ 5.8683176  -5.3924446 ]]
2025-12-21 21:52:27,799 - [INFO] - ------------------------------------------------------------
2025-12-21 21:52:27,799 - [INFO] - On Validation Set:
	Accuracy of RRL  Model: 0.8921907394609537
	F1 Score of RRL  Model: 0.7303623645433175
2025-12-21 21:52:27,805 - [INFO] - On Validation Set:
Performance of  RRL Model: 
[[1206   80]
 [  76   85]]
              precision    recall  f1-score   support

           0       0.94      0.94      0.94      1286
           1       0.52      0.53      0.52       161

    accuracy                           0.89      1447
   macro avg       0.73      0.73      0.73      1447
weighted avg       0.89      0.89      0.89      1447

2025-12-21 21:52:27,805 - [INFO] - ------------------------------------------------------------
2025-12-21 21:52:29,023 - [INFO] - epoch: 65, loss_rrl: 108.83000602759421
2025-12-21 21:52:29,426 - [DEBUG] - y_true: (1447,) [0 0 0 0 0 1 0 0 0 0 0 0 0 0 0 0 0 1 0 0 0 0 0 0 1 0 0 0 0 0 0 0 0 0 0 0 0
 0 1 1 0]
2025-12-21 21:52:29,583 - [DEBUG] - y_rrl_: (1447,) [0 0 0 0 0 1 0 0 0 0 0 0 0 0 0 0 0 0 0 0 0 0 0 0 1 0 0 0 0 0 0 0 0 0 0 0 0
 0 0 0 0]
2025-12-21 21:52:29,584 - [DEBUG] - y_rrl: (1447, 2) [[ 8.646737   -8.179251  ]
 [ 2.1022234  -1.6423702 ]
 [ 7.210995   -6.7415347 ]
 [ 7.210995   -6.7415347 ]
 [ 8.646737   -8.179251  ]
 [-1.1849713   1.6543139 ]
 [ 8.646737   -8.179251  ]
 [ 7.795284   -7.327751  ]
 [ 8.646737   -8.179251  ]
 [ 4.9607487  -4.4936895 ]
 [ 3.5503614  -3.0828543 ]
 [ 5.3393373  -4.875938  ]
 [ 7.122535   -6.6580987 ]
 [ 8.0624485  -7.5930343 ]
 [ 8.646737   -8.179251  ]
 [ 7.0168905  -6.552057  ]
 [ 7.795284   -7.327751  ]
 [ 2.5048027  -2.0418763 ]
 [ 4.6412344  -4.1794047 ]
 [ 5.800608   -5.3306994 ]
 [ 7.0168905  -6.552057  ]
 [ 8.0624485  -7.5930343 ]
 [ 7.0168905  -6.552057  ]
 [ 8.646737   -8.179251  ]
 [-2.1428328   2.6014686 ]
 [ 2.026159   -1.5617018 ]
 [ 3.8935914  -3.4288058 ]
 [ 8.646737   -8.179251  ]
 [ 5.800608   -5.3306994 ]
 [ 7.795284   -7.327751  ]
 [ 8.646737   -8.179251  ]
 [ 5.800608   -5.3306994 ]
 [ 2.9660733  -2.4966373 ]
 [ 1.9205147  -1.4556594 ]
 [ 8.646737   -8.179251  ]
 [ 7.795284   -7.327751  ]
 [ 8.646737   -8.179251  ]
 [ 8.646737   -8.179251  ]
 [ 0.92351913 -0.45305517]
 [ 1.6432108  -1.1820191 ]
 [ 7.795284   -7.327751  ]]
2025-12-21 21:52:29,586 - [INFO] - ------------------------------------------------------------
2025-12-21 21:52:29,586 - [INFO] - On Validation Set:
	Accuracy of RRL  Model: 0.9046302695231514
	F1 Score of RRL  Model: 0.6934547933092624
2025-12-21 21:52:29,592 - [INFO] - On Validation Set:
Performance of  RRL Model: 
[[1255   31]
 [ 107   54]]
              precision    recall  f1-score   support

           0       0.92      0.98      0.95      1286
           1       0.64      0.34      0.44       161

    accuracy                           0.90      1447
   macro avg       0.78      0.66      0.69      1447
weighted avg       0.89      0.90      0.89      1447

2025-12-21 21:52:29,592 - [INFO] - ------------------------------------------------------------
2025-12-21 21:52:30,640 - [INFO] - epoch: 66, loss_rrl: 108.04083433561027
2025-12-21 21:52:31,274 - [DEBUG] - y_true: (1447,) [0 0 0 0 0 1 0 0 0 0 0 0 0 0 0 0 0 1 0 0 0 0 0 0 1 0 0 0 0 0 0 0 0 0 0 0 0
 0 1 1 0]
2025-12-21 21:52:31,430 - [DEBUG] - y_rrl_: (1447,) [0 0 0 0 0 1 0 0 0 0 0 0 0 0 0 0 0 0 0 0 0 0 0 0 1 0 0 0 0 0 0 0 0 1 0 0 0
 0 0 0 0]
2025-12-21 21:52:31,430 - [DEBUG] - y_rrl: (1447, 2) [[ 8.494234   -8.034419  ]
 [ 0.8426241  -0.3871903 ]
 [ 6.5197835  -6.0621524 ]
 [ 6.5197835  -6.0621524 ]
 [ 8.494234   -8.034419  ]
 [-0.32706398  0.7875629 ]
 [ 8.494234   -8.034419  ]
 [ 7.1107326  -6.6549907 ]
 [ 8.494234   -8.034419  ]
 [ 2.7940474  -2.3364732 ]
 [ 1.9172318  -1.4550996 ]
 [ 5.174456   -4.718602  ]
 [ 7.9032865  -7.4415812 ]
 [ 7.373798   -6.9162116 ]
 [ 7.9032865  -7.4415812 ]
 [ 6.843826   -6.386567  ]
 [ 7.64022    -7.1803603 ]
 [ 0.3282823   0.12528434]
 [ 3.9375408  -3.48732   ]
 [ 6.5197835  -6.0621524 ]
 [ 6.3143373  -5.8611975 ]
 [ 7.9032865  -7.4415812 ]
 [ 6.843826   -6.386567  ]
 [ 7.373798   -6.9162116 ]
 [-2.9093068   3.3623948 ]
 [ 1.3262832  -0.862261  ]
 [ 4.7872977  -4.3256316 ]
 [ 7.373798   -6.9162116 ]
 [ 5.6429677  -5.180778  ]
 [ 7.049271   -6.587522  ]
 [ 7.964747   -7.509051  ]
 [ 7.373798   -6.9162116 ]
 [ 1.3262832  -0.862261  ]
 [-0.26266629  0.7181229 ]
 [ 8.494234   -8.034419  ]
 [ 7.1107326  -6.6549907 ]
 [ 7.9032865  -7.4415812 ]
 [ 7.373798   -6.9162116 ]
 [ 0.2638846   0.19472432]
 [ 3.1744273  -2.7202706 ]
 [ 7.1107326  -6.6549907 ]]
2025-12-21 21:52:31,432 - [INFO] - ------------------------------------------------------------
2025-12-21 21:52:31,432 - [INFO] - On Validation Set:
	Accuracy of RRL  Model: 0.9011748445058743
	F1 Score of RRL  Model: 0.710815573844952
2025-12-21 21:52:31,438 - [INFO] - On Validation Set:
Performance of  RRL Model: 
[[1239   47]
 [  96   65]]
              precision    recall  f1-score   support

           0       0.93      0.96      0.95      1286
           1       0.58      0.40      0.48       161

    accuracy                           0.90      1447
   macro avg       0.75      0.68      0.71      1447
weighted avg       0.89      0.90      0.89      1447

2025-12-21 21:52:31,438 - [INFO] - ------------------------------------------------------------
2025-12-21 21:52:32,208 - [INFO] - epoch: 67, loss_rrl: 107.98269238881767
2025-12-21 21:52:33,199 - [DEBUG] - y_true: (1447,) [0 0 0 0 0 1 0 0 0 0 0 0 0 0 0 0 0 1 0 0 0 0 0 0 1 0 0 0 0 0 0 0 0 0 0 0 0
 0 1 1 0]
2025-12-21 21:52:33,350 - [DEBUG] - y_rrl_: (1447,) [0 1 0 0 0 0 0 0 0 0 0 0 0 0 0 0 0 0 0 0 0 0 0 0 1 0 0 0 0 0 0 0 0 0 0 0 0
 0 1 0 0]
2025-12-21 21:52:33,351 - [DEBUG] - y_rrl: (1447, 2) [[ 9.209169   -8.757009  ]
 [ 0.08683571  0.3581878 ]
 [ 7.199667   -6.749649  ]
 [ 7.199667   -6.749649  ]
 [ 9.209169   -8.757009  ]
 [ 0.37466112  0.07816131]
 [ 9.209169   -8.757009  ]
 [ 7.7861404  -7.337975  ]
 [ 9.209169   -8.757009  ]
 [ 3.547212   -3.0972557 ]
 [ 0.50515866 -0.05446579]
 [ 5.9180813  -5.46976   ]
 [ 7.0909157  -6.639781  ]
 [ 8.051321   -7.6013474 ]
 [ 8.622696   -8.168682  ]
 [ 7.5953445  -7.145648  ]
 [ 8.357515   -7.9053097 ]
 [ 1.1077782  -0.66170585]
 [ 4.6405354  -4.197714  ]
 [ 5.7875843  -5.3371334 ]
 [ 7.0239697  -6.5783134 ]
 [ 8.622696   -8.168682  ]
 [ 7.5953445  -7.145648  ]
 [ 8.051321   -7.6013474 ]
 [-0.65269005  1.1011956 ]
 [ 0.588251   -0.13484861]
 [ 7.2106133  -6.7561665 ]
 [ 8.051321   -7.6013474 ]
 [ 6.358959   -5.904468  ]
 [ 7.7710423  -7.3169837 ]
 [ 8.6377945  -8.189673  ]
 [ 5.7875843  -5.3371334 ]
 [ 1.0926803  -0.64071536]
 [ 0.52130497 -0.07338001]
 [ 9.209169   -8.757009  ]
 [ 7.7861404  -7.337975  ]
 [ 8.622696   -8.168682  ]
 [ 8.051321   -7.6013474 ]
 [-0.06621686  0.5128696 ]
 [ 2.19752    -1.7513443 ]
 [ 7.7861404  -7.337975  ]]
2025-12-21 21:52:33,353 - [INFO] - ------------------------------------------------------------
2025-12-21 21:52:33,353 - [INFO] - On Validation Set:
	Accuracy of RRL  Model: 0.8984105044920525
	F1 Score of RRL  Model: 0.6839132469964113
2025-12-21 21:52:33,359 - [INFO] - On Validation Set:
Performance of  RRL Model: 
[[1246   40]
 [ 107   54]]
              precision    recall  f1-score   support

           0       0.92      0.97      0.94      1286
           1       0.57      0.34      0.42       161

    accuracy                           0.90      1447
   macro avg       0.75      0.65      0.68      1447
weighted avg       0.88      0.90      0.89      1447

2025-12-21 21:52:33,359 - [INFO] - ------------------------------------------------------------
2025-12-21 21:52:33,909 - [INFO] - epoch: 68, loss_rrl: 107.49243195727468
2025-12-21 21:52:34,966 - [DEBUG] - y_true: (1447,) [0 0 0 0 0 1 0 0 0 0 0 0 0 0 0 0 0 1 0 0 0 0 0 0 1 0 0 0 0 0 0 0 0 0 0 0 0
 0 1 1 0]
2025-12-21 21:52:35,120 - [DEBUG] - y_rrl_: (1447,) [0 0 0 0 0 0 0 0 0 0 0 0 0 0 0 0 0 0 0 0 0 0 0 0 1 0 0 0 0 0 0 0 0 0 0 0 0
 0 1 0 0]
2025-12-21 21:52:35,120 - [DEBUG] - y_rrl: (1447, 2) [[ 8.529848   -8.085341  ]
 [ 1.6515797  -1.2076718 ]
 [ 5.692831   -5.244288  ]
 [ 5.692831   -5.244288  ]
 [ 8.529848   -8.085341  ]
 [ 0.33943766  0.10967125]
 [ 8.529848   -8.085341  ]
 [ 7.6866374  -7.242087  ]
 [ 8.529848   -8.085341  ]
 [ 4.9543457  -4.51022   ]
 [ 1.3211929  -0.8802671 ]
 [ 6.270074   -5.8250985 ]
 [ 8.529848   -8.085341  ]
 [ 7.9362435  -7.48992   ]
 [ 8.529848   -8.085341  ]
 [ 6.9241924  -6.4820595 ]
 [ 7.6866374  -7.242087  ]
 [ 2.5257304  -2.085372  ]
 [ 4.5332527  -4.093873  ]
 [ 6.51968    -6.072932  ]
 [ 6.9241924  -6.4820595 ]
 [ 7.9362435  -7.48992   ]
 [ 6.9241924  -6.4820595 ]
 [ 8.529848   -8.085341  ]
 [-0.6553621   1.0945047 ]
 [ 3.5377817  -3.0932324 ]
 [ 6.51968    -6.072932  ]
 [ 8.529848   -8.085341  ]
 [ 6.51968    -6.072932  ]
 [ 8.529848   -8.085341  ]
 [ 8.529848   -8.085341  ]
 [ 5.676469   -5.2296777 ]
 [ 1.932125   -1.4899513 ]
 [ 1.932125   -1.4899513 ]
 [ 8.529848   -8.085341  ]
 [ 7.6866374  -7.242087  ]
 [ 8.529848   -8.085341  ]
 [ 8.529848   -8.085341  ]
 [-0.07900847  0.5221107 ]
 [ 1.6044127  -1.1657375 ]
 [ 7.6866374  -7.242087  ]]
2025-12-21 21:52:35,122 - [INFO] - ------------------------------------------------------------
2025-12-21 21:52:35,122 - [INFO] - On Validation Set:
	Accuracy of RRL  Model: 0.8997926744989634
	F1 Score of RRL  Model: 0.6506140460430456
2025-12-21 21:52:35,128 - [INFO] - On Validation Set:
Performance of  RRL Model: 
[[1262   24]
 [ 121   40]]
              precision    recall  f1-score   support

           0       0.91      0.98      0.95      1286
           1       0.62      0.25      0.36       161

    accuracy                           0.90      1447
   macro avg       0.77      0.61      0.65      1447
weighted avg       0.88      0.90      0.88      1447

2025-12-21 21:52:35,128 - [INFO] - ------------------------------------------------------------
2025-12-21 21:52:35,449 - [INFO] - epoch: 69, loss_rrl: 106.26620483212173
2025-12-21 21:52:36,764 - [DEBUG] - y_true: (1447,) [0 0 0 0 0 1 0 0 0 0 0 0 0 0 0 0 0 1 0 0 0 0 0 0 1 0 0 0 0 0 0 0 0 0 0 0 0
 0 1 1 0]
2025-12-21 21:52:36,913 - [DEBUG] - y_rrl_: (1447,) [0 1 0 0 0 1 0 0 0 0 0 0 0 0 0 0 0 0 0 0 0 0 0 0 1 0 0 0 0 0 0 0 0 0 0 0 0
 0 1 0 0]
2025-12-21 21:52:36,913 - [DEBUG] - y_rrl: (1447, 2) [[ 8.26959    -7.8326693 ]
 [-1.429113    1.8637339 ]
 [ 3.1790762  -2.7376363 ]
 [ 4.229964   -3.7885442 ]
 [ 7.2187033  -6.781761  ]
 [ 0.10791426  0.33350703]
 [ 8.26959    -7.8326693 ]
 [ 6.1898947  -5.752376  ]
 [ 8.26959    -7.8326693 ]
 [ 3.491841   -3.0547354 ]
 [ 2.0678449  -1.6303251 ]
 [ 3.933922   -3.5005872 ]
 [ 6.633609   -6.194887  ]
 [ 6.633609   -6.194887  ]
 [ 6.633609   -6.194887  ]
 [ 7.684496   -7.2457952 ]
 [ 7.42902    -6.992055  ]
 [ 2.2867563  -1.8538548 ]
 [ 5.276224   -4.840196  ]
 [ 4.180804   -3.7410917 ]
 [ 7.684496   -7.2457952 ]
 [ 6.633609   -6.194887  ]
 [ 5.6133947  -5.178738  ]
 [ 7.684496   -7.2457952 ]
 [-3.061592    3.4923525 ]
 [ 1.3470396  -0.9061717 ]
 [ 3.5931203  -3.1585023 ]
 [ 6.4453707  -6.006116  ]
 [ 4.3690414  -3.9298627 ]
 [ 6.8439255  -6.405181  ]
 [ 8.26959    -7.8326693 ]
 [ 5.209613   -4.770477  ]
 [ 2.7218757  -2.2831297 ]
 [ 0.4625367  -0.02730193]
 [ 7.2187033  -6.781761  ]
 [ 6.1898947  -5.752376  ]
 [ 6.633609   -6.194887  ]
 [ 6.4453707  -6.006116  ]
 [-0.32720506  0.7627823 ]
 [ 1.3557707  -0.9245316 ]
 [ 6.1898947  -5.752376  ]]
2025-12-21 21:52:36,915 - [INFO] - ------------------------------------------------------------
2025-12-21 21:52:36,915 - [INFO] - On Validation Set:
	Accuracy of RRL  Model: 0.9060124395300622
	F1 Score of RRL  Model: 0.757082901298573
2025-12-21 21:52:36,921 - [INFO] - On Validation Set:
Performance of  RRL Model: 
[[1222   64]
 [  72   89]]
              precision    recall  f1-score   support

           0       0.94      0.95      0.95      1286
           1       0.58      0.55      0.57       161

    accuracy                           0.91      1447
   macro avg       0.76      0.75      0.76      1447
weighted avg       0.90      0.91      0.90      1447

2025-12-21 21:52:36,921 - [INFO] - ------------------------------------------------------------
2025-12-21 21:52:37,017 - [INFO] - epoch: 70, loss_rrl: 106.81808794476092
2025-12-21 21:52:38,441 - [INFO] - epoch: 71, loss_rrl: 107.38976938091218
2025-12-21 21:52:38,582 - [DEBUG] - y_true: (1447,) [0 0 0 0 0 1 0 0 0 0 0 0 0 0 0 0 0 1 0 0 0 0 0 0 1 0 0 0 0 0 0 0 0 0 0 0 0
 0 1 1 0]
2025-12-21 21:52:38,731 - [DEBUG] - y_rrl_: (1447,) [0 1 0 0 0 1 0 0 0 0 0 0 0 0 0 0 0 0 0 0 0 0 0 0 1 1 0 0 0 0 0 0 0 0 0 0 0
 0 0 0 0]
2025-12-21 21:52:38,732 - [DEBUG] - y_rrl: (1447, 2) [[ 8.452339   -8.022912  ]
 [-0.0305299   0.45721534]
 [ 5.6665006  -5.233219  ]
 [ 5.6665006  -5.233219  ]
 [ 7.091124   -6.6596284 ]
 [-0.3241098   0.7541381 ]
 [ 8.452339   -8.022912  ]
 [ 7.6203637  -7.1908946 ]
 [ 8.452339   -8.022912  ]
 [ 4.900855   -4.4717855 ]
 [ 0.86629534 -0.43420878]
 [ 5.180529   -4.7545953 ]
 [ 6.261263   -5.8327317 ]
 [ 6.4984765  -6.0652366 ]
 [ 7.859692   -7.42852   ]
 [ 6.8438735  -6.416645  ]
 [ 6.259148   -5.827611  ]
 [ 2.4610202  -2.035487  ]
 [ 4.413469   -3.9888391 ]
 [ 5.603699   -5.172079  ]
 [ 6.8438735  -6.416645  ]
 [ 7.859692   -7.42852   ]
 [ 6.8438735  -6.416645  ]
 [ 6.4984765  -6.0652366 ]
 [-1.339928    1.7660131 ]
 [-0.07545308  0.5061013 ]
 [ 3.7610896  -3.333874  ]
 [ 7.859692   -7.42852   ]
 [ 5.603699   -5.172079  ]
 [ 7.027716   -6.596503  ]
 [ 8.452339   -8.022912  ]
 [ 5.4198565  -4.9922214 ]
 [ 2.8841908  -2.4529705 ]
 [ 1.8683727  -1.4410955 ]
 [ 8.452339   -8.022912  ]
 [ 7.6203637  -7.1908946 ]
 [ 7.859692   -7.42852   ]
 [ 7.859692   -7.42852   ]
 [ 1.6925546  -1.2646775 ]
 [ 1.508712   -1.0848199 ]
 [ 7.6203637  -7.1908946 ]]
2025-12-21 21:52:38,734 - [INFO] - ------------------------------------------------------------
2025-12-21 21:52:38,734 - [INFO] - On Validation Set:
	Accuracy of RRL  Model: 0.9046302695231514
	F1 Score of RRL  Model: 0.7306054719119314
2025-12-21 21:52:38,740 - [INFO] - On Validation Set:
Performance of  RRL Model: 
[[1236   50]
 [  88   73]]
              precision    recall  f1-score   support

           0       0.93      0.96      0.95      1286
           1       0.59      0.45      0.51       161

    accuracy                           0.90      1447
   macro avg       0.76      0.71      0.73      1447
weighted avg       0.90      0.90      0.90      1447

2025-12-21 21:52:38,740 - [INFO] - ------------------------------------------------------------
2025-12-21 21:52:39,957 - [INFO] - epoch: 72, loss_rrl: 106.76835552789271
2025-12-21 21:52:40,321 - [DEBUG] - y_true: (1447,) [0 0 0 0 0 1 0 0 0 0 0 0 0 0 0 0 0 1 0 0 0 0 0 0 1 0 0 0 0 0 0 0 0 0 0 0 0
 0 1 1 0]
2025-12-21 21:52:40,469 - [DEBUG] - y_rrl_: (1447,) [0 0 0 0 0 1 0 0 0 0 0 0 0 0 0 0 0 0 0 0 0 0 0 0 1 0 0 0 0 0 0 0 0 0 0 0 0
 0 1 0 0]
2025-12-21 21:52:40,470 - [DEBUG] - y_rrl: (1447, 2) [[ 8.739473   -8.317408  ]
 [ 0.22327422  0.19073652]
 [ 6.6993036  -6.2792106 ]
 [ 6.6993036  -6.2792106 ]
 [ 8.739473   -8.317408  ]
 [-0.1064778   0.5291338 ]
 [ 8.739473   -8.317408  ]
 [ 7.2974014  -6.8790174 ]
 [ 8.739473   -8.317408  ]
 [ 4.54873    -4.130732  ]
 [ 3.7239733  -3.3018522 ]
 [ 5.4681106  -5.049426  ]
 [ 7.1372285  -6.717726  ]
 [ 7.524745   -7.104693  ]
 [ 8.739473   -8.317408  ]
 [ 7.1368423  -6.71689   ]
 [ 7.914032   -7.491925  ]
 [ 2.102808   -1.6882337 ]
 [ 4.092525   -3.6788182 ]
 [ 5.257916   -4.837424  ]
 [ 6.5202107  -6.103982  ]
 [ 8.1413765  -7.717601  ]
 [ 7.1368423  -6.71689   ]
 [ 8.122843   -7.7044997 ]
 [-0.5129143   0.9300385 ]
 [ 2.1217284  -1.7021708 ]
 [ 4.0222273  -3.6022804 ]
 [ 8.122843   -7.7044997 ]
 [ 5.8745475  -5.450331  ]
 [ 7.914032   -7.491925  ]
 [ 8.122843   -7.7044997 ]
 [ 6.0833573  -5.662906  ]
 [ 3.125876   -2.702046  ]
 [ 1.5047108  -1.0884274 ]
 [ 8.739473   -8.317408  ]
 [ 7.2974014  -6.8790174 ]
 [ 8.739473   -8.317408  ]
 [ 8.122843   -7.7044997 ]
 [-0.5129143   0.9300385 ]
 [ 1.7539147  -1.3372315 ]
 [ 7.2974014  -6.8790174 ]]
2025-12-21 21:52:40,471 - [INFO] - ------------------------------------------------------------
2025-12-21 21:52:40,472 - [INFO] - On Validation Set:
	Accuracy of RRL  Model: 0.9115411195577056
	F1 Score of RRL  Model: 0.7276587735704791
2025-12-21 21:52:40,477 - [INFO] - On Validation Set:
Performance of  RRL Model: 
[[1254   32]
 [  96   65]]
              precision    recall  f1-score   support

           0       0.93      0.98      0.95      1286
           1       0.67      0.40      0.50       161

    accuracy                           0.91      1447
   macro avg       0.80      0.69      0.73      1447
weighted avg       0.90      0.91      0.90      1447

2025-12-21 21:52:40,477 - [INFO] - ------------------------------------------------------------
2025-12-21 21:52:41,486 - [INFO] - epoch: 73, loss_rrl: 106.65205063298345
2025-12-21 21:52:42,063 - [DEBUG] - y_true: (1447,) [0 0 0 0 0 1 0 0 0 0 0 0 0 0 0 0 0 1 0 0 0 0 0 0 1 0 0 0 0 0 0 0 0 0 0 0 0
 0 1 1 0]
2025-12-21 21:52:42,213 - [DEBUG] - y_rrl_: (1447,) [0 0 0 0 0 1 0 0 0 0 0 0 0 0 0 0 0 0 0 0 0 0 0 0 1 0 0 0 0 0 0 0 0 0 0 0 0
 0 0 0 0]
2025-12-21 21:52:42,213 - [DEBUG] - y_rrl: (1447, 2) [[ 7.6587353  -7.241965  ]
 [ 1.4663941  -1.0557158 ]
 [ 5.6156735  -5.200834  ]
 [ 6.9502335  -6.5373616 ]
 [ 7.6587353  -7.241965  ]
 [ 0.13593708  0.27944103]
 [ 8.993295   -8.578491  ]
 [ 7.5383215  -7.1271234 ]
 [ 8.993295   -8.578491  ]
 [ 4.777989   -4.367164  ]
 [ 2.6242497  -2.2074199 ]
 [ 6.719143   -6.303908  ]
 [ 8.993295   -8.578491  ]
 [ 6.4394503  -6.0246506 ]
 [ 8.993295   -8.578491  ]
 [ 6.0490317  -5.634291  ]
 [ 6.834959   -6.4181476 ]
 [ 2.305996   -1.8984845 ]
 [ 2.9988     -2.5901532 ]
 [ 5.4998574  -5.086593  ]
 [ 6.752394   -6.3432674 ]
 [ 7.070648   -6.652202  ]
 [ 6.0490317  -5.634291  ]
 [ 7.0275383  -6.614413  ]
 [-0.29759154  0.70759016]
 [ 3.95881    -3.5439477 ]
 [ 5.263098   -4.84662   ]
 [ 8.362098   -7.9509406 ]
 [ 6.131055   -5.714145  ]
 [ 8.169518   -7.7546754 ]
 [ 8.362098   -7.9509406 ]
 [ 6.323634   -5.9104104 ]
 [ 2.036162   -1.6176578 ]
 [ 0.3833478   0.02780526]
 [ 8.993295   -8.578491  ]
 [ 7.5383215  -7.1271234 ]
 [ 7.6587353  -7.241965  ]
 [ 7.0275383  -6.614413  ]
 [ 2.1744015  -1.7610891 ]
 [ 1.9765615  -1.5669947 ]
 [ 6.203761   -5.7905955 ]]
2025-12-21 21:52:42,215 - [INFO] - ------------------------------------------------------------
2025-12-21 21:52:42,215 - [INFO] - On Validation Set:
	Accuracy of RRL  Model: 0.9067035245335177
	F1 Score of RRL  Model: 0.677333835473209
2025-12-21 21:52:42,221 - [INFO] - On Validation Set:
Performance of  RRL Model: 
[[1266   20]
 [ 115   46]]
              precision    recall  f1-score   support

           0       0.92      0.98      0.95      1286
           1       0.70      0.29      0.41       161

    accuracy                           0.91      1447
   macro avg       0.81      0.64      0.68      1447
weighted avg       0.89      0.91      0.89      1447

2025-12-21 21:52:42,221 - [INFO] - ------------------------------------------------------------
2025-12-21 21:52:42,985 - [INFO] - epoch: 74, loss_rrl: 106.4909858815372
2025-12-21 21:52:43,776 - [DEBUG] - y_true: (1447,) [0 0 0 0 0 1 0 0 0 0 0 0 0 0 0 0 0 1 0 0 0 0 0 0 1 0 0 0 0 0 0 0 0 0 0 0 0
 0 1 1 0]
2025-12-21 21:52:43,925 - [DEBUG] - y_rrl_: (1447,) [0 1 0 0 0 1 0 0 0 0 0 0 0 0 0 0 0 0 0 0 0 0 0 0 1 0 0 0 0 0 0 0 0 1 0 0 0
 0 1 0 0]
2025-12-21 21:52:43,926 - [DEBUG] - y_rrl: (1447, 2) [[ 8.4167061e+00 -8.0090599e+00]
 [-4.0090519e-01  8.0503410e-01]
 [ 5.0659490e+00 -4.6596866e+00]
 [ 5.0659490e+00 -4.6596866e+00]
 [ 8.4167061e+00 -8.0090599e+00]
 [-5.0181496e-01  9.1001672e-01]
 [ 8.4167061e+00 -8.0090599e+00]
 [ 5.6555691e+00 -5.2509470e+00]
 [ 8.4167061e+00 -8.0090599e+00]
 [ 1.5488833e+00 -1.1427050e+00]
 [ 7.2786123e-01 -3.1772959e-01]
 [ 6.1263118e+00 -5.7182426e+00]
 [ 8.4167061e+00 -8.0090599e+00]
 [ 7.1870289e+00 -6.7813129e+00]
 [ 8.4167061e+00 -8.0090599e+00]
 [ 6.8455272e+00 -6.4398317e+00]
 [ 7.5873895e+00 -7.1797047e+00]
 [ 3.9800984e-01  4.4526551e-03]
 [ 3.8023658e+00 -3.4026170e+00]
 [ 3.6048708e+00 -3.1982250e+00]
 [ 6.2054701e+00 -5.8033457e+00]
 [ 7.8270860e+00 -7.4177990e+00]
 [ 6.8455272e+00 -6.4398317e+00]
 [ 7.7766495e+00 -7.3725729e+00]
 [-8.9375395e-01  1.2967241e+00]
 [ 2.0196249e+00 -1.6100008e+00]
 [ 4.6715722e+00 -4.2622828e+00]
 [ 6.4848857e+00 -6.0803018e+00]
 [ 5.5366917e+00 -5.1269827e+00]
 [ 7.5873895e+00 -7.1797047e+00]
 [ 7.7766495e+00 -7.3725729e+00]
 [ 5.7259507e+00 -5.3198514e+00]
 [ 1.4300050e+00 -1.0187407e+00]
 [-1.4833740e+00  1.8879843e+00]
 [ 8.4167061e+00 -8.0090599e+00]
 [ 5.6555691e+00 -5.2509470e+00]
 [ 8.4167061e+00 -8.0090599e+00]
 [ 6.4848857e+00 -6.0803018e+00]
 [-8.9375395e-01  1.2967241e+00]
 [ 1.3966402e+00 -9.9409264e-01]
 [ 5.6555691e+00 -5.2509470e+00]]
2025-12-21 21:52:43,928 - [INFO] - ------------------------------------------------------------
2025-12-21 21:52:43,928 - [INFO] - On Validation Set:
	Accuracy of RRL  Model: 0.8970283344851416
	F1 Score of RRL  Model: 0.7237604949692054
2025-12-21 21:52:43,934 - [INFO] - On Validation Set:
Performance of  RRL Model: 
[[1222   64]
 [  85   76]]
              precision    recall  f1-score   support

           0       0.93      0.95      0.94      1286
           1       0.54      0.47      0.50       161

    accuracy                           0.90      1447
   macro avg       0.74      0.71      0.72      1447
weighted avg       0.89      0.90      0.89      1447

2025-12-21 21:52:43,934 - [INFO] - ------------------------------------------------------------
2025-12-21 21:52:44,480 - [INFO] - epoch: 75, loss_rrl: 105.99583481065929
2025-12-21 21:52:45,491 - [DEBUG] - y_true: (1447,) [0 0 0 0 0 1 0 0 0 0 0 0 0 0 0 0 0 1 0 0 0 0 0 0 1 0 0 0 0 0 0 0 0 0 0 0 0
 0 1 1 0]
2025-12-21 21:52:45,639 - [DEBUG] - y_rrl_: (1447,) [0 1 0 0 0 1 0 0 0 0 0 0 0 0 0 0 0 0 0 0 0 0 0 0 1 0 0 0 0 0 0 0 0 0 0 0 0
 0 1 0 0]
2025-12-21 21:52:45,640 - [DEBUG] - y_rrl: (1447, 2) [[ 8.1566105  -7.7560234 ]
 [-1.3266492   1.7249513 ]
 [ 5.436169   -5.0320663 ]
 [ 5.436169   -5.0320663 ]
 [ 8.1566105  -7.7560234 ]
 [-2.3039427   2.702723  ]
 [ 8.1566105  -7.7560234 ]
 [ 7.328979   -6.9283524 ]
 [ 8.1566105  -7.7560234 ]
 [ 4.573813   -4.173536  ]
 [ 3.1076384  -2.706987  ]
 [ 4.9016185  -4.5040956 ]
 [ 5.9996166  -5.5997663 ]
 [ 7.579907   -7.1777115 ]
 [ 7.579907   -7.1777115 ]
 [ 6.61872    -6.220004  ]
 [ 7.328979   -6.9283524 ]
 [ 2.146452   -1.7492796 ]
 [ 4.2107983  -3.814388  ]
 [ 6.113732   -5.711162  ]
 [ 6.61872    -6.220004  ]
 [ 7.579907   -7.1777115 ]
 [ 6.61872    -6.220004  ]
 [ 7.579907   -7.1777115 ]
 [-3.2651293   3.6604302 ]
 [ 0.95064324 -0.55072975]
 [ 5.1525455  -4.7534547 ]
 [ 7.579907   -7.1777115 ]
 [ 6.113732   -5.711162  ]
 [ 7.579907   -7.1777115 ]
 [ 8.1566105  -7.7560234 ]
 [ 5.2861     -4.883491  ]
 [ 2.5309331  -2.1286752 ]
 [ 1.5697467  -1.1709679 ]
 [ 8.1566105  -7.7560234 ]
 [ 7.328979   -6.9283524 ]
 [ 7.579907   -7.1777115 ]
 [ 7.579907   -7.1777115 ]
 [-1.1081343   1.504173  ]
 [ 1.185672   -0.7900473 ]
 [ 7.328979   -6.9283524 ]]
2025-12-21 21:52:45,642 - [INFO] - ------------------------------------------------------------
2025-12-21 21:52:45,642 - [INFO] - On Validation Set:
	Accuracy of RRL  Model: 0.9067035245335177
	F1 Score of RRL  Model: 0.7421096197488227
2025-12-21 21:52:45,648 - [INFO] - On Validation Set:
Performance of  RRL Model: 
[[1234   52]
 [  83   78]]
              precision    recall  f1-score   support

           0       0.94      0.96      0.95      1286
           1       0.60      0.48      0.54       161

    accuracy                           0.91      1447
   macro avg       0.77      0.72      0.74      1447
weighted avg       0.90      0.91      0.90      1447

2025-12-21 21:52:45,648 - [INFO] - ------------------------------------------------------------
2025-12-21 21:52:45,981 - [INFO] - epoch: 76, loss_rrl: 106.15146140940487
2025-12-21 21:52:47,194 - [DEBUG] - y_true: (1447,) [0 0 0 0 0 1 0 0 0 0 0 0 0 0 0 0 0 1 0 0 0 0 0 0 1 0 0 0 0 0 0 0 0 0 0 0 0
 0 1 1 0]
2025-12-21 21:52:47,342 - [DEBUG] - y_rrl_: (1447,) [0 0 0 0 0 1 0 0 0 0 0 0 0 0 0 0 0 0 0 0 0 0 0 0 1 0 0 0 0 0 0 0 0 0 0 0 0
 0 1 0 0]
2025-12-21 21:52:47,343 - [DEBUG] - y_rrl: (1447, 2) [[ 7.9816756  -7.5879993 ]
 [ 1.8402082  -1.4471837 ]
 [ 5.2576566  -4.8605456 ]
 [ 5.2576566  -4.8605456 ]
 [ 7.9816756  -7.5879993 ]
 [-0.23707321  0.634695  ]
 [ 7.9816756  -7.5879993 ]
 [ 7.158768   -6.7650537 ]
 [ 7.9816756  -7.5879993 ]
 [ 4.4093213  -4.015943  ]
 [ 0.6676095  -0.2767571 ]
 [ 5.6853952  -5.2913165 ]
 [ 7.4022484  -7.006997  ]
 [ 7.4022484  -7.006997  ]
 [ 6.322104   -5.926836  ]
 [ 7.4022484  -7.006997  ]
 [ 7.158768   -6.7650537 ]
 [ 1.9395201  -1.5491499 ]
 [ 4.982883   -4.5898705 ]
 [ 5.105968   -4.7103143 ]
 [ 7.4022484  -7.006997  ]
 [ 7.4022484  -7.006997  ]
 [ 6.40582    -6.0139413 ]
 [ 7.4022484  -7.006997  ]
 [-1.867914    2.2587435 ]
 [ 2.3565216  -1.9612038 ]
 [ 4.259574   -3.8643107 ]
 [ 7.4022484  -7.006997  ]
 [ 5.105968   -4.7103143 ]
 [ 6.579341   -6.1840515 ]
 [ 7.9816756  -7.5879993 ]
 [ 4.1095395  -3.7172582 ]
 [ 1.3600929  -0.96814764]
 [ 1.3600929  -0.96814764]
 [ 7.9816756  -7.5879993 ]
 [ 7.158768   -6.7650537 ]
 [ 7.4022484  -7.006997  ]
 [ 7.4022484  -7.006997  ]
 [-0.65407443  1.046749  ]
 [ 1.0077934  -0.6189414 ]
 [ 7.158768   -6.7650537 ]]
2025-12-21 21:52:47,345 - [INFO] - ------------------------------------------------------------
2025-12-21 21:52:47,345 - [INFO] - On Validation Set:
	Accuracy of RRL  Model: 0.899101589495508
	F1 Score of RRL  Model: 0.7392213499234681
2025-12-21 21:52:47,351 - [INFO] - On Validation Set:
Performance of  RRL Model: 
[[1217   69]
 [  77   84]]
              precision    recall  f1-score   support

           0       0.94      0.95      0.94      1286
           1       0.55      0.52      0.54       161

    accuracy                           0.90      1447
   macro avg       0.74      0.73      0.74      1447
weighted avg       0.90      0.90      0.90      1447

2025-12-21 21:52:47,351 - [INFO] - ------------------------------------------------------------
2025-12-21 21:52:47,475 - [INFO] - epoch: 77, loss_rrl: 106.2503668460995
2025-12-21 21:52:48,825 - [INFO] - epoch: 78, loss_rrl: 106.68854689970613
2025-12-21 21:52:48,937 - [DEBUG] - y_true: (1447,) [0 0 0 0 0 1 0 0 0 0 0 0 0 0 0 0 0 1 0 0 0 0 0 0 1 0 0 0 0 0 0 0 0 0 0 0 0
 0 1 1 0]
2025-12-21 21:52:49,087 - [DEBUG] - y_rrl_: (1447,) [0 1 0 0 0 1 0 0 0 0 0 0 0 0 0 0 0 0 0 0 0 0 0 0 1 1 0 0 0 0 0 0 0 0 0 0 0
 0 0 0 0]
2025-12-21 21:52:49,087 - [DEBUG] - y_rrl: (1447, 2) [[ 8.302441   -7.9155746 ]
 [-0.24413592  0.62889856]
 [ 5.5758085  -5.185583  ]
 [ 5.5758085  -5.185583  ]
 [ 8.302441   -7.9155746 ]
 [-0.5769402   0.9643221 ]
 [ 8.302441   -7.9155746 ]
 [ 7.4727964  -7.0858927 ]
 [ 8.302441   -7.9155746 ]
 [ 4.685256   -4.298679  ]
 [ 1.9385363  -1.5511296 ]
 [ 4.983752   -4.599758  ]
 [ 6.1244216  -5.738222  ]
 [ 7.738557   -7.3501477 ]
 [ 7.738557   -7.3501477 ]
 [ 6.7298913  -6.3447504 ]
 [ 7.4727964  -7.0858927 ]
 [ 2.1962118  -1.812545  ]
 [ 4.286112   -3.9031436 ]
 [ 5.4285345  -5.039729  ]
 [ 6.7298913  -6.3447504 ]
 [ 7.738557   -7.3501477 ]
 [ 6.7298913  -6.3447504 ]
 [ 7.738557   -7.3501477 ]
 [-1.5856055   1.9697188 ]
 [-0.30624586  0.6942932 ]
 [ 3.5327487  -3.1475914 ]
 [ 7.738557   -7.3501477 ]
 [ 5.4285345  -5.039729  ]
 [ 6.9089127  -6.5204663 ]
 [ 8.302441   -7.9155746 ]
 [ 5.249513   -4.864013  ]
 [ 2.6409938  -2.2525153 ]
 [ 1.6323284  -1.2471186 ]
 [ 8.302441   -7.9155746 ]
 [ 7.4727964  -7.0858927 ]
 [ 7.738557   -7.3501477 ]
 [ 7.738557   -7.3501477 ]
 [ 1.4673218  -1.0818415 ]
 [ 1.2883009  -0.9061264 ]
 [ 7.4727964  -7.0858927 ]]
2025-12-21 21:52:49,089 - [INFO] - ------------------------------------------------------------
2025-12-21 21:52:49,089 - [INFO] - On Validation Set:
	Accuracy of RRL  Model: 0.9080856945404284
	F1 Score of RRL  Model: 0.742784435899595
2025-12-21 21:52:49,095 - [INFO] - On Validation Set:
Performance of  RRL Model: 
[[1237   49]
 [  84   77]]
              precision    recall  f1-score   support

           0       0.94      0.96      0.95      1286
           1       0.61      0.48      0.54       161

    accuracy                           0.91      1447
   macro avg       0.77      0.72      0.74      1447
weighted avg       0.90      0.91      0.90      1447

2025-12-21 21:52:49,095 - [INFO] - ------------------------------------------------------------
2025-12-21 21:52:50,339 - [INFO] - epoch: 79, loss_rrl: 106.33556289412081
2025-12-21 21:52:50,664 - [DEBUG] - y_true: (1447,) [0 0 0 0 0 1 0 0 0 0 0 0 0 0 0 0 0 1 0 0 0 0 0 0 1 0 0 0 0 0 0 0 0 0 0 0 0
 0 1 1 0]
2025-12-21 21:52:50,814 - [DEBUG] - y_rrl_: (1447,) [0 0 0 0 0 1 0 0 0 0 0 0 0 0 0 0 0 0 0 0 0 0 0 0 1 0 0 0 0 0 0 0 0 1 0 0 0
 0 1 0 0]
2025-12-21 21:52:50,815 - [DEBUG] - y_rrl: (1447, 2) [[ 6.698018   -6.3193583 ]
 [ 1.2742603  -0.90259147]
 [ 5.2941284  -4.913919  ]
 [ 6.6203585  -6.2418857 ]
 [ 6.698018   -6.3193583 ]
 [-0.28330883  0.6640155 ]
 [ 8.645884   -8.265687  ]
 [ 7.192382   -6.8154216 ]
 [ 8.645884   -8.265687  ]
 [ 4.3738956  -3.9972486 ]
 [ 1.5498935  -1.1711605 ]
 [ 5.2871013  -4.909683  ]
 [ 7.0141015  -6.636051  ]
 [ 6.1259947  -5.7458224 ]
 [ 8.645884   -8.265687  ]
 [ 5.09685    -4.7198434 ]
 [ 5.866152   -5.487455  ]
 [ 1.8469782  -1.4731481 ]
 [ 2.633201   -2.2583032 ]
 [ 5.122587   -4.743764  ]
 [ 6.4230804  -6.0478106 ]
 [ 6.1259947  -5.7458224 ]
 [ 5.09685    -4.7198434 ]
 [ 6.698018   -6.3193583 ]
 [-0.7404311   1.1164585 ]
 [ 1.865977   -1.4878532 ]
 [ 3.7875214  -3.4089577 ]
 [ 8.024249   -7.6473255 ]
 [ 5.7442226  -5.3621264 ]
 [ 7.8140173  -7.433784  ]
 [ 8.024249   -7.6473255 ]
 [ 5.9544544  -5.575668  ]
 [ 0.9778701  -0.5976244 ]
 [-0.05127558  0.42835468]
 [ 8.645884   -8.265687  ]
 [ 7.192382   -6.8154216 ]
 [ 6.698018   -6.3193583 ]
 [ 6.698018   -6.3193583 ]
 [-0.7404311   1.1164585 ]
 [ 1.5892067  -1.2135668 ]
 [ 5.866152   -5.487455  ]]
2025-12-21 21:52:50,817 - [INFO] - ------------------------------------------------------------
2025-12-21 21:52:50,817 - [INFO] - On Validation Set:
	Accuracy of RRL  Model: 0.907394609536973
	F1 Score of RRL  Model: 0.736760505251268
2025-12-21 21:52:50,822 - [INFO] - On Validation Set:
Performance of  RRL Model: 
[[1239   47]
 [  87   74]]
              precision    recall  f1-score   support

           0       0.93      0.96      0.95      1286
           1       0.61      0.46      0.52       161

    accuracy                           0.91      1447
   macro avg       0.77      0.71      0.74      1447
weighted avg       0.90      0.91      0.90      1447

2025-12-21 21:52:50,823 - [INFO] - ------------------------------------------------------------
2025-12-21 21:52:52,087 - [INFO] - epoch: 80, loss_rrl: 106.5805314425379
2025-12-21 21:52:52,688 - [DEBUG] - y_true: (1447,) [0 0 0 0 0 1 0 0 0 0 0 0 0 0 0 0 0 1 0 0 0 0 0 0 1 0 0 0 0 0 0 0 0 0 0 0 0
 0 1 1 0]
2025-12-21 21:52:52,846 - [DEBUG] - y_rrl_: (1447,) [0 0 0 0 0 0 0 0 0 0 0 0 0 0 0 0 0 0 0 0 0 0 0 0 1 0 0 0 0 0 0 0 0 0 0 0 0
 0 0 0 0]
2025-12-21 21:52:52,847 - [DEBUG] - y_rrl: (1447, 2) [[ 8.989956   -8.619541  ]
 [ 1.9341834  -1.564095  ]
 [ 6.5112634  -6.1393147 ]
 [ 7.6008177  -7.2288837 ]
 [ 7.900403   -7.529972  ]
 [ 0.63628316 -0.26216382]
 [ 9.6067705  -9.233155  ]
 [ 8.163694   -7.7932434 ]
 [ 9.6067705  -9.233155  ]
 [ 5.2875476  -4.9174    ]
 [ 3.7952197  -3.4247262 ]
 [ 6.1986265  -5.8246155 ]
 [ 6.8920364  -6.520489  ]
 [ 7.337526   -6.9656124 ]
 [ 9.6067705  -9.233155  ]
 [ 7.389258   -7.020426  ]
 [ 8.163694   -7.7932434 ]
 [ 2.7573974  -2.38997   ]
 [ 4.937815   -4.5710306 ]
 [ 6.1084895  -5.736211  ]
 [ 7.389258   -7.020426  ]
 [ 7.337526   -6.9656124 ]
 [ 6.2997036  -5.9308567 ]
 [ 8.989956   -8.619541  ]
 [ 0.16133788  0.2082329 ]
 [ 2.7868536  -2.4152431 ]
 [ 5.7649727  -5.389848  ]
 [ 8.989956   -8.619541  ]
 [ 5.6357493  -5.260256  ]
 [ 8.780508   -8.4068575 ]
 [ 8.989956   -8.619541  ]
 [ 5.8451977  -5.4729395 ]
 [ 3.2323425  -2.8603666 ]
 [ 2.1945202  -1.8256104 ]
 [ 8.517216   -8.143586  ]
 [ 8.163694   -7.7932434 ]
 [ 7.900403   -7.529972  ]
 [ 8.989956   -8.619541  ]
 [ 2.6914883  -2.3191965 ]
 [ 2.4799283  -2.1107385 ]
 [ 8.163694   -7.7932434 ]]
2025-12-21 21:52:52,849 - [INFO] - ------------------------------------------------------------
2025-12-21 21:52:52,849 - [INFO] - On Validation Set:
	Accuracy of RRL  Model: 0.8997926744989634
	F1 Score of RRL  Model: 0.6193797676169398
2025-12-21 21:52:52,855 - [INFO] - On Validation Set:
Performance of  RRL Model: 
[[1272   14]
 [ 131   30]]
              precision    recall  f1-score   support

           0       0.91      0.99      0.95      1286
           1       0.68      0.19      0.29       161

    accuracy                           0.90      1447
   macro avg       0.79      0.59      0.62      1447
weighted avg       0.88      0.90      0.87      1447

2025-12-21 21:52:52,855 - [INFO] - ------------------------------------------------------------
2025-12-21 21:52:53,724 - [INFO] - epoch: 81, loss_rrl: 106.70969990640879
2025-12-21 21:52:54,542 - [DEBUG] - y_true: (1447,) [0 0 0 0 0 1 0 0 0 0 0 0 0 0 0 0 0 1 0 0 0 0 0 0 1 0 0 0 0 0 0 0 0 0 0 0 0
 0 1 1 0]
2025-12-21 21:52:54,699 - [DEBUG] - y_rrl_: (1447,) [0 0 0 0 0 1 0 0 0 0 0 0 0 0 0 0 0 0 0 0 0 0 0 0 1 0 0 0 0 0 0 0 0 0 0 0 0
 0 0 0 0]
2025-12-21 21:52:54,700 - [DEBUG] - y_rrl: (1447, 2) [[ 8.300059   -7.9312882 ]
 [ 4.9189935  -4.5503583 ]
 [ 5.431129   -5.060533  ]
 [ 6.7316675  -6.362723  ]
 [ 8.300059   -7.9312882 ]
 [-0.9383312   1.3039201 ]
 [ 9.600597   -9.233478  ]
 [ 7.290482   -6.92299   ]
 [ 9.600597   -9.233478  ]
 [ 4.4032717  -4.036075  ]
 [ 1.821175   -1.451889  ]
 [ 7.290482   -6.92299   ]
 [ 7.44176    -7.075208  ]
 [ 7.7412443  -7.371021  ]
 [ 9.041782   -8.67321   ]
 [ 6.703949   -6.3366995 ]
 [ 5.9899435  -5.6208005 ]
 [ 3.3659773  -3.001753  ]
 [ 4.2806168  -3.915353  ]
 [ 6.7316675  -6.362723  ]
 [ 8.004487   -7.6388884 ]
 [ 7.7412443  -7.371021  ]
 [ 6.703949   -6.3366995 ]
 [ 7.7412443  -7.371021  ]
 [-1.9756259   2.3382423 ]
 [ 2.2444353  -1.8778065 ]
 [ 5.742303   -5.3737025 ]
 [ 9.041782   -8.67321   ]
 [ 6.7316675  -6.362723  ]
 [ 6.7316675  -6.362723  ]
 [ 9.600597   -9.233478  ]
 [ 6.7316675  -6.362723  ]
 [ 2.543919   -2.1736186 ]
 [ 1.5066243  -1.1392964 ]
 [ 9.600597   -9.233478  ]
 [ 7.290482   -6.92299   ]
 [ 7.7412443  -7.371021  ]
 [ 7.7412443  -7.371021  ]
 [ 0.18321083  0.17997351]
 [ 2.4933262  -2.130514  ]
 [ 5.9899435  -5.6208005 ]]
2025-12-21 21:52:54,702 - [INFO] - ------------------------------------------------------------
2025-12-21 21:52:54,702 - [INFO] - On Validation Set:
	Accuracy of RRL  Model: 0.907394609536973
	F1 Score of RRL  Model: 0.7023401616191388
2025-12-21 21:52:54,708 - [INFO] - On Validation Set:
Performance of  RRL Model: 
[[1257   29]
 [ 105   56]]
              precision    recall  f1-score   support

           0       0.92      0.98      0.95      1286
           1       0.66      0.35      0.46       161

    accuracy                           0.91      1447
   macro avg       0.79      0.66      0.70      1447
weighted avg       0.89      0.91      0.89      1447

2025-12-21 21:52:54,708 - [INFO] - ------------------------------------------------------------
2025-12-21 21:52:55,376 - [INFO] - epoch: 82, loss_rrl: 107.34863910265267
2025-12-21 21:52:56,426 - [DEBUG] - y_true: (1447,) [0 0 0 0 0 1 0 0 0 0 0 0 0 0 0 0 0 1 0 0 0 0 0 0 1 0 0 0 0 0 0 0 0 0 0 0 0
 0 1 1 0]
2025-12-21 21:52:56,584 - [DEBUG] - y_rrl_: (1447,) [0 1 0 0 0 0 0 0 0 0 0 0 0 0 0 0 0 0 0 0 0 0 0 0 1 0 0 0 0 0 0 0 0 0 0 0 0
 0 0 0 0]
2025-12-21 21:52:56,584 - [DEBUG] - y_rrl: (1447, 2) [[ 9.206551   -8.845839  ]
 [ 0.14237294  0.21518257]
 [ 6.340139   -5.9776382 ]
 [ 6.340139   -5.9776382 ]
 [ 9.206551   -8.845839  ]
 [ 0.33879337  0.02239904]
 [ 9.206551   -8.845839  ]
 [ 6.899153   -6.538078  ]
 [ 9.206551   -8.845839  ]
 [ 2.7649317  -2.402534  ]
 [ 2.7649317  -2.402534  ]
 [ 5.8756638  -5.5174704 ]
 [ 9.206551   -8.845839  ]
 [ 8.647535   -8.2854    ]
 [ 9.206551   -8.845839  ]
 [ 7.6240454  -7.2647924 ]
 [ 6.899153   -6.538078  ]
 [ 1.7414422  -1.3819258 ]
 [ 5.206379   -4.8490515 ]
 [ 7.1587358  -6.79627   ]
 [ 7.6240454  -7.2647924 ]
 [ 8.647535   -8.2854    ]
 [ 7.6240454  -7.2647924 ]
 [ 9.206551   -8.845839  ]
 [-1.7247508   2.0796762 ]
 [ 2.7649317  -2.402534  ]
 [ 5.316649   -4.957031  ]
 [ 9.206551   -8.845839  ]
 [ 7.1587358  -6.79627   ]
 [ 7.717751   -7.356709  ]
 [ 9.206551   -8.845839  ]
 [ 6.340139   -5.9776382 ]
 [ 2.2059171  -1.8420944 ]
 [ 1.1824275  -0.82148623]
 [ 9.206551   -8.845839  ]
 [ 6.899153   -6.538078  ]
 [ 9.206551   -8.845839  ]
 [ 9.206551   -8.845839  ]
 [ 0.8978082  -0.5380405 ]
 [ 2.181715   -1.8251932 ]
 [ 6.899153   -6.538078  ]]
2025-12-21 21:52:56,586 - [INFO] - ------------------------------------------------------------
2025-12-21 21:52:56,586 - [INFO] - On Validation Set:
	Accuracy of RRL  Model: 0.899101589495508
	F1 Score of RRL  Model: 0.6552062932497715
2025-12-21 21:52:56,592 - [INFO] - On Validation Set:
Performance of  RRL Model: 
[[1259   27]
 [ 119   42]]
              precision    recall  f1-score   support

           0       0.91      0.98      0.95      1286
           1       0.61      0.26      0.37       161

    accuracy                           0.90      1447
   macro avg       0.76      0.62      0.66      1447
weighted avg       0.88      0.90      0.88      1447

2025-12-21 21:52:56,592 - [INFO] - ------------------------------------------------------------
2025-12-21 21:52:56,989 - [INFO] - epoch: 83, loss_rrl: 107.03984244167805
2025-12-21 21:52:58,291 - [DEBUG] - y_true: (1447,) [0 0 0 0 0 1 0 0 0 0 0 0 0 0 0 0 0 1 0 0 0 0 0 0 1 0 0 0 0 0 0 0 0 0 0 0 0
 0 1 1 0]
2025-12-21 21:52:58,449 - [DEBUG] - y_rrl_: (1447,) [0 0 0 0 0 0 0 0 0 0 0 0 0 0 0 0 0 0 0 0 0 0 0 0 1 0 0 0 0 0 0 0 0 0 0 0 0
 0 0 0 0]
2025-12-21 21:52:58,450 - [DEBUG] - y_rrl: (1447, 2) [[ 8.889939   -8.535602  ]
 [ 1.9257668  -1.5716916 ]
 [ 6.277288   -5.919949  ]
 [ 6.277288   -5.919949  ]
 [ 8.889939   -8.535602  ]
 [ 0.65246695 -0.2946614 ]
 [ 8.889939   -8.535602  ]
 [ 8.086296   -7.7319245 ]
 [ 8.889939   -8.535602  ]
 [ 5.2128816  -4.8587837 ]
 [ 2.461475   -2.1066365 ]
 [ 6.604414   -6.2497196 ]
 [ 8.889939   -8.535602  ]
 [ 8.332108   -7.976374  ]
 [ 7.8284836  -7.4741325 ]
 [ 8.332108   -7.976374  ]
 [ 8.086296   -7.7319245 ]
 [ 2.6990259  -2.3473976 ]
 [ 5.9129553  -5.5590897 ]
 [ 6.0465827  -5.690492  ]
 [ 8.332108   -7.976374  ]
 [ 8.332108   -7.976374  ]
 [ 7.300134   -6.947193  ]
 [ 8.889939   -8.535602  ]
 [-0.40940088  0.7600296 ]
 [ 3.7309988  -3.3765786 ]
 [ 5.0382657  -4.6824965 ]
 [ 8.889939   -8.535602  ]
 [ 6.0465827  -5.690492  ]
 [ 8.086296   -7.7319245 ]
 [ 8.889939   -8.535602  ]
 [ 5.0146093  -4.6613116 ]
 [ 3.1731675  -2.8173516 ]
 [ 2.1411946  -1.7881706 ]
 [ 8.889939   -8.535602  ]
 [ 8.086296   -7.7319245 ]
 [ 8.889939   -8.535602  ]
 [ 8.889939   -8.535602  ]
 [ 1.6602075  -1.3069124 ]
 [ 1.8761244  -1.525852  ]
 [ 8.086296   -7.7319245 ]]
2025-12-21 21:52:58,452 - [INFO] - ------------------------------------------------------------
2025-12-21 21:52:58,452 - [INFO] - On Validation Set:
	Accuracy of RRL  Model: 0.8997926744989634
	F1 Score of RRL  Model: 0.6448226186788278
2025-12-21 21:52:58,458 - [INFO] - On Validation Set:
Performance of  RRL Model: 
[[1264   22]
 [ 123   38]]
              precision    recall  f1-score   support

           0       0.91      0.98      0.95      1286
           1       0.63      0.24      0.34       161

    accuracy                           0.90      1447
   macro avg       0.77      0.61      0.64      1447
weighted avg       0.88      0.90      0.88      1447

2025-12-21 21:52:58,458 - [INFO] - ------------------------------------------------------------
2025-12-21 21:52:58,622 - [INFO] - epoch: 84, loss_rrl: 105.60250933468342
2025-12-21 21:53:00,060 - [INFO] - epoch: 85, loss_rrl: 107.15722190961242
2025-12-21 21:53:00,146 - [DEBUG] - y_true: (1447,) [0 0 0 0 0 1 0 0 0 0 0 0 0 0 0 0 0 1 0 0 0 0 0 0 1 0 0 0 0 0 0 0 0 0 0 0 0
 0 1 1 0]
2025-12-21 21:53:00,305 - [DEBUG] - y_rrl_: (1447,) [0 0 0 0 0 0 0 0 0 0 0 0 0 0 0 0 0 0 0 0 0 0 0 0 1 0 0 0 0 0 0 0 0 0 0 0 0
 0 0 0 0]
2025-12-21 21:53:00,306 - [DEBUG] - y_rrl: (1447, 2) [[ 9.042088   -8.694035  ]
 [ 1.7061634  -1.3612266 ]
 [ 6.448699   -6.097714  ]
 [ 6.448699   -6.097714  ]
 [ 9.042088   -8.694035  ]
 [ 0.23827924  0.11024409]
 [ 9.042088   -8.694035  ]
 [ 8.243504   -7.895416  ]
 [ 9.042088   -8.694035  ]
 [ 6.41381    -6.0660005 ]
 [ 4.9358273  -4.587702  ]
 [ 5.733423   -5.387729  ]
 [ 8.481864   -8.132442  ]
 [ 8.481864   -8.132442  ]
 [ 8.481864   -8.132442  ]
 [ 7.449766   -7.1030536 ]
 [ 8.243504   -7.895416  ]
 [ 3.90373    -3.5583146 ]
 [ 5.013839   -4.66894   ]
 [ 6.205297   -5.8555255 ]
 [ 7.449766   -7.1030536 ]
 [ 8.481864   -8.132442  ]
 [ 7.449766   -7.1030536 ]
 [ 8.481864   -8.132442  ]
 [-2.4311604   2.7751281 ]
 [ 4.375603   -4.02611   ]
 [ 4.1420903  -3.7953403 ]
 [ 8.481864   -8.132442  ]
 [ 6.205297   -5.8555255 ]
 [ 7.6832795  -7.3338246 ]
 [ 9.042088   -8.694035  ]
 [ 7.0038815  -6.654143  ]
 [ 4.375603   -4.02611   ]
 [ 3.3435059  -2.996723  ]
 [ 9.042088   -8.694035  ]
 [ 8.243504   -7.895416  ]
 [ 8.481864   -8.132442  ]
 [ 8.481864   -8.132442  ]
 [ 2.2764854  -1.9296465 ]
 [ 2.0429726  -1.698876  ]
 [ 8.243504   -7.895416  ]]
2025-12-21 21:53:00,308 - [INFO] - ------------------------------------------------------------
2025-12-21 21:53:00,308 - [INFO] - On Validation Set:
	Accuracy of RRL  Model: 0.8997926744989634
	F1 Score of RRL  Model: 0.6388160624125293
2025-12-21 21:53:00,314 - [INFO] - On Validation Set:
Performance of  RRL Model: 
[[1266   20]
 [ 125   36]]
              precision    recall  f1-score   support

           0       0.91      0.98      0.95      1286
           1       0.64      0.22      0.33       161

    accuracy                           0.90      1447
   macro avg       0.78      0.60      0.64      1447
weighted avg       0.88      0.90      0.88      1447

2025-12-21 21:53:00,314 - [INFO] - ------------------------------------------------------------
2025-12-21 21:53:01,686 - [INFO] - epoch: 86, loss_rrl: 107.268042486161
2025-12-21 21:53:02,011 - [DEBUG] - y_true: (1447,) [0 0 0 0 0 1 0 0 0 0 0 0 0 0 0 0 0 1 0 0 0 0 0 0 1 0 0 0 0 0 0 0 0 0 0 0 0
 0 1 1 0]
2025-12-21 21:53:02,176 - [DEBUG] - y_rrl_: (1447,) [0 0 0 0 0 1 0 0 0 0 0 0 0 0 0 0 0 0 0 0 0 0 0 0 0 0 0 0 0 0 0 0 0 0 0 0 0
 0 0 0 0]
2025-12-21 21:53:02,176 - [DEBUG] - y_rrl: (1447, 2) [[ 9.7012415  -9.359392  ]
 [ 1.0130677  -0.6769302 ]
 [ 5.4600143  -5.1181464 ]
 [ 6.4759655  -6.134111  ]
 [ 7.4590282  -7.1156745 ]
 [-0.8085304   1.1490465 ]
 [ 9.7012415  -9.359392  ]
 [ 8.283047   -7.944022  ]
 [ 9.7012415  -9.359392  ]
 [ 5.4089394  -5.070172  ]
 [ 3.310723   -2.9672983 ]
 [ 6.830856   -6.491588  ]
 [ 7.0341177  -6.694046  ]
 [ 6.265112   -5.9232755 ]
 [ 9.7012415  -9.359392  ]
 [ 8.071086   -7.7305226 ]
 [ 7.669882   -7.3265095 ]
 [ 4.3596025  -4.0234604 ]
 [ 5.0017176  -4.665772  ]
 [ 6.2171755  -5.8765016 ]
 [ 7.457988   -7.1202826 ]
 [ 8.10447    -7.761268  ]
 [ 7.055134   -6.714558  ]
 [ 7.861882   -7.521399  ]
 [ 1.8591763  -1.5211434 ]
 [ 2.8858128  -2.5456698 ]
 [ 4.727877   -4.3872743 ]
 [ 9.088143   -8.749152  ]
 [ 5.8143215  -5.470778  ]
 [ 8.896144   -8.554262  ]
 [ 9.088143   -8.749152  ]
 [ 6.006321   -5.665667  ]
 [ 3.9561656  -3.612892  ]
 [ 2.2937307  -1.9559405 ]
 [ 8.68529    -8.343428  ]
 [ 8.283047   -7.944022  ]
 [ 8.68529    -8.343428  ]
 [ 9.088143   -8.749152  ]
 [ 0.3741242  -0.03578232]
 [ 2.6642737  -2.326273  ]
 [ 8.283047   -7.944022  ]]
2025-12-21 21:53:02,178 - [INFO] - ------------------------------------------------------------
2025-12-21 21:53:02,178 - [INFO] - On Validation Set:
	Accuracy of RRL  Model: 0.907394609536973
	F1 Score of RRL  Model: 0.6932614913435253
2025-12-21 21:53:02,184 - [INFO] - On Validation Set:
Performance of  RRL Model: 
[[1261   25]
 [ 109   52]]
              precision    recall  f1-score   support

           0       0.92      0.98      0.95      1286
           1       0.68      0.32      0.44       161

    accuracy                           0.91      1447
   macro avg       0.80      0.65      0.69      1447
weighted avg       0.89      0.91      0.89      1447

2025-12-21 21:53:02,184 - [INFO] - ------------------------------------------------------------
2025-12-21 21:53:03,330 - [INFO] - epoch: 87, loss_rrl: 107.31969725340605
2025-12-21 21:53:03,889 - [DEBUG] - y_true: (1447,) [0 0 0 0 0 1 0 0 0 0 0 0 0 0 0 0 0 1 0 0 0 0 0 0 1 0 0 0 0 0 0 0 0 0 0 0 0
 0 1 1 0]
2025-12-21 21:53:04,055 - [DEBUG] - y_rrl_: (1447,) [0 0 0 0 0 1 0 0 0 0 0 0 0 0 0 0 0 0 0 0 0 0 0 0 1 0 0 0 0 0 0 0 0 0 0 0 0
 0 1 0 0]
2025-12-21 21:53:04,055 - [DEBUG] - y_rrl: (1447, 2) [[ 8.32987    -7.996905  ]
 [ 4.7696867  -4.433851  ]
 [ 5.722446   -5.386681  ]
 [ 6.3535924  -6.015035  ]
 [ 8.32987    -7.996905  ]
 [ 0.02077744  0.31543818]
 [ 8.961017   -8.625259  ]
 [ 7.568418   -7.231316  ]
 [ 8.961017   -8.625259  ]
 [ 4.6588917  -4.322034  ]
 [ 0.18975535  0.1424604 ]
 [ 6.655276   -6.3191824 ]
 [ 8.961017   -8.625259  ]
 [ 7.757776   -7.4234986 ]
 [ 8.961017   -8.625259  ]
 [ 6.711927   -6.3801956 ]
 [ 6.9372716  -6.602962  ]
 [ 2.1278083  -1.7931912 ]
 [ 4.250988   -3.920963  ]
 [ 6.083183   -5.7457757 ]
 [ 7.3430743  -7.0085497 ]
 [ 7.757776   -7.4234986 ]
 [ 6.711927   -6.3801956 ]
 [ 8.32987    -7.996905  ]
 [-0.45297727  0.7853346 ]
 [ 3.7457492  -3.4099002 ]
 [ 5.018098   -4.6809807 ]
 [ 8.961017   -8.625259  ]
 [ 6.083183   -5.7457757 ]
 [ 8.140512   -7.8047223 ]
 [ 8.961017   -8.625259  ]
 [ 5.857838   -5.5230093 ]
 [ 1.4966614  -1.1648369 ]
 [ 1.4966614  -1.1648369 ]
 [ 8.961017   -8.625259  ]
 [ 8.140512   -7.8047223 ]
 [ 8.32987    -7.996905  ]
 [ 8.32987    -7.996905  ]
 [ 0.02077744  0.31543818]
 [ 1.2806699  -0.94733566]
 [ 6.9372716  -6.602962  ]]
2025-12-21 21:53:04,058 - [INFO] - ------------------------------------------------------------
2025-12-21 21:53:04,058 - [INFO] - On Validation Set:
	Accuracy of RRL  Model: 0.9087767795438839
	F1 Score of RRL  Model: 0.7249049429657795
2025-12-21 21:53:04,065 - [INFO] - On Validation Set:
Performance of  RRL Model: 
[[1249   37]
 [  95   66]]
              precision    recall  f1-score   support

           0       0.93      0.97      0.95      1286
           1       0.64      0.41      0.50       161

    accuracy                           0.91      1447
   macro avg       0.79      0.69      0.72      1447
weighted avg       0.90      0.91      0.90      1447

2025-12-21 21:53:04,066 - [INFO] - ------------------------------------------------------------
2025-12-21 21:53:04,976 - [INFO] - epoch: 88, loss_rrl: 108.31488207913935
2025-12-21 21:53:05,771 - [DEBUG] - y_true: (1447,) [0 0 0 0 0 1 0 0 0 0 0 0 0 0 0 0 0 1 0 0 0 0 0 0 1 0 0 0 0 0 0 0 0 0 0 0 0
 0 1 1 0]
2025-12-21 21:53:05,937 - [DEBUG] - y_rrl_: (1447,) [0 0 0 0 0 1 0 0 0 0 0 0 0 0 0 0 0 0 0 0 0 0 0 0 1 0 0 0 0 0 0 0 0 0 0 0 0
 0 1 0 0]
2025-12-21 21:53:05,938 - [DEBUG] - y_rrl: (1447, 2) [[ 8.861128   -8.531366  ]
 [ 1.2504705  -0.9231209 ]
 [ 6.8391495  -6.5107985 ]
 [ 6.8391495  -6.5107985 ]
 [ 8.861128   -8.531366  ]
 [-1.6875267   2.016051  ]
 [ 8.861128   -8.531366  ]
 [ 6.8391495  -6.5107985 ]
 [ 8.861128   -8.531366  ]
 [ 3.9115984  -3.5834832 ]
 [ 0.71295375 -0.38389793]
 [ 4.964344   -4.6354337 ]
 [ 8.300289   -7.969241  ]
 [ 7.66741    -7.3390903 ]
 [ 8.300289   -7.969241  ]
 [ 7.271585   -6.943003  ]
 [ 7.4720287  -7.1409492 ]
 [ 1.4039131  -1.0779679 ]
 [ 4.19475    -3.870553  ]
 [ 6.1884303  -5.8598137 ]
 [ 6.638705   -6.312853  ]
 [ 8.300289   -7.969241  ]
 [ 7.271585   -6.943003  ]
 [ 7.66741    -7.3390903 ]
 [-1.1005372   1.4282811 ]
 [ 3.0654976  -2.7343562 ]
 [ 6.82131    -6.4899635 ]
 [ 7.66741    -7.3390903 ]
 [ 6.82131    -6.4899635 ]
 [ 8.300289   -7.969241  ]
 [ 8.228249   -7.9012165 ]
 [ 5.36017    -5.0315213 ]
 [ 2.0367925  -1.7081182 ]
 [ 1.4039131  -1.0779679 ]
 [ 8.861128   -8.531366  ]
 [ 6.8391495  -6.5107985 ]
 [ 8.300289   -7.969241  ]
 [ 7.66741    -7.3390903 ]
 [-1.1005372   1.4282811 ]
 [ 1.2067035  -0.87928826]
 [ 6.8391495  -6.5107985 ]]
2025-12-21 21:53:05,940 - [INFO] - ------------------------------------------------------------
2025-12-21 21:53:05,940 - [INFO] - On Validation Set:
	Accuracy of RRL  Model: 0.9080856945404284
	F1 Score of RRL  Model: 0.7378955210261313
2025-12-21 21:53:05,946 - [INFO] - On Validation Set:
Performance of  RRL Model: 
[[1240   46]
 [  87   74]]
              precision    recall  f1-score   support

           0       0.93      0.96      0.95      1286
           1       0.62      0.46      0.53       161

    accuracy                           0.91      1447
   macro avg       0.78      0.71      0.74      1447
weighted avg       0.90      0.91      0.90      1447

2025-12-21 21:53:05,946 - [INFO] - ------------------------------------------------------------
2025-12-21 21:53:06,619 - [INFO] - epoch: 89, loss_rrl: 106.738461246714
2025-12-21 21:53:07,649 - [DEBUG] - y_true: (1447,) [0 0 0 0 0 1 0 0 0 0 0 0 0 0 0 0 0 1 0 0 0 0 0 0 1 0 0 0 0 0 0 0 0 0 0 0 0
 0 1 1 0]
2025-12-21 21:53:07,816 - [DEBUG] - y_rrl_: (1447,) [0 1 0 0 0 0 0 0 0 0 0 0 0 0 0 0 0 0 0 0 0 0 0 0 1 0 0 0 0 0 0 0 0 0 0 0 0
 0 0 0 0]
2025-12-21 21:53:07,816 - [DEBUG] - y_rrl: (1447, 2) [[ 9.113092   -8.789221  ]
 [-1.8049709   2.1239977 ]
 [ 4.6356406  -4.3113933 ]
 [ 4.6356406  -4.3113933 ]
 [ 9.113092   -8.789221  ]
 [ 0.25960538  0.06470659]
 [ 9.113092   -8.789221  ]
 [ 6.334805   -6.0131974 ]
 [ 9.113092   -8.789221  ]
 [ 3.285822   -2.9630744 ]
 [ 2.7485757  -2.4256315 ]
 [ 5.7975583  -5.475755  ]
 [ 7.499094   -7.176858  ]
 [ 7.94113    -7.618665  ]
 [ 8.124448   -7.8005643 ]
 [ 7.5558276  -7.2330847 ]
 [ 8.285707   -7.9618063 ]
 [ 2.1299574  -1.80968   ]
 [ 4.4958262  -4.1773553 ]
 [ 5.124617   -4.8014884 ]
 [ 6.937209   -6.6171336 ]
 [ 8.559749   -8.234616  ]
 [ 7.5558276  -7.2330847 ]
 [ 8.494474   -8.17327   ]
 [-0.19097224  0.5116343 ]
 [ 2.1384983  -1.8148006 ]
 [ 4.168436   -3.8456407 ]
 [ 7.162189   -6.8406124 ]
 [ 7.07552    -6.750097  ]
 [ 9.113092   -8.789221  ]
 [ 8.494474   -8.17327   ]
 [ 5.6295176  -5.3067307 ]
 [ 2.195232   -1.8710265 ]
 [ 0.24432862  0.07758223]
 [ 9.113092   -8.789221  ]
 [ 6.334805   -6.0131974 ]
 [ 9.113092   -8.789221  ]
 [ 7.162189   -6.8406124 ]
 [ 2.2971776  -1.9744176 ]
 [ 2.1206408  -1.8003001 ]
 [ 6.334805   -6.0131974 ]]
2025-12-21 21:53:07,819 - [INFO] - ------------------------------------------------------------
2025-12-21 21:53:07,819 - [INFO] - On Validation Set:
	Accuracy of RRL  Model: 0.8921907394609537
	F1 Score of RRL  Model: 0.6315902859381121
2025-12-21 21:53:07,825 - [INFO] - On Validation Set:
Performance of  RRL Model: 
[[1254   32]
 [ 124   37]]
              precision    recall  f1-score   support

           0       0.91      0.98      0.94      1286
           1       0.54      0.23      0.32       161

    accuracy                           0.89      1447
   macro avg       0.72      0.60      0.63      1447
weighted avg       0.87      0.89      0.87      1447

2025-12-21 21:53:07,825 - [INFO] - ------------------------------------------------------------
2025-12-21 21:53:08,272 - [INFO] - epoch: 90, loss_rrl: 107.77170149981976
2025-12-21 21:53:09,578 - [DEBUG] - y_true: (1447,) [0 0 0 0 0 1 0 0 0 0 0 0 0 0 0 0 0 1 0 0 0 0 0 0 1 0 0 0 0 0 0 0 0 0 0 0 0
 0 1 1 0]
2025-12-21 21:53:09,867 - [DEBUG] - y_rrl_: (1447,) [0 1 0 0 0 0 0 0 0 0 0 0 0 0 0 0 0 0 0 0 0 0 0 0 1 0 0 0 0 0 0 0 0 1 0 0 0
 0 0 0 0]
2025-12-21 21:53:09,867 - [DEBUG] - y_rrl: (1447, 2) [[ 8.649253   -8.331144  ]
 [-0.04017802  0.3583986 ]
 [ 4.7902675  -4.469186  ]
 [ 4.7902675  -4.469186  ]
 [ 8.649253   -8.331144  ]
 [ 0.4403894  -0.11924005]
 [ 8.649253   -8.331144  ]
 [ 6.4757285  -6.1572256 ]
 [ 8.649253   -8.331144  ]
 [ 2.4830744  -2.1634464 ]
 [ 1.3155463  -0.99831235]
 [ 6.3282356  -6.0098124 ]
 [ 8.094511   -7.7751656 ]
 [ 8.094511   -7.7751656 ]
 [ 7.1368847  -6.817528  ]
 [ 8.094511   -7.7751656 ]
 [ 7.8161783  -7.49804   ]
 [ 1.3155463  -0.99831235]
 [ 5.6501503  -5.3323617 ]
 [ 5.2661176  -4.946122  ]
 [ 8.094511   -7.7751656 ]
 [ 8.094511   -7.7751656 ]
 [ 7.074475   -6.7574453 ]
 [ 8.094511   -7.7751656 ]
 [-2.7909777   3.1056216 ]
 [ 1.7808394  -1.4600549 ]
 [ 4.702258   -4.3828583 ]
 [ 6.7540607  -6.434351  ]
 [ 6.6065674  -6.2869377 ]
 [ 8.094511   -7.7751656 ]
 [ 8.649253   -8.331144  ]
 [ 5.586531   -5.269217  ]
 [ 0.76080436 -0.4423342 ]
 [-0.5796457   0.89848065]
 [ 8.649253   -8.331144  ]
 [ 6.4757285  -6.1572256 ]
 [ 8.094511   -7.7751656 ]
 [ 6.7540607  -6.434351  ]
 [ 1.4630392  -1.1457258 ]
 [ 1.6960676  -1.381389  ]
 [ 6.4757285  -6.1572256 ]]
2025-12-21 21:53:09,869 - [INFO] - ------------------------------------------------------------
2025-12-21 21:53:09,869 - [INFO] - On Validation Set:
	Accuracy of RRL  Model: 0.8963372494816862
	F1 Score of RRL  Model: 0.676315318539728
2025-12-21 21:53:09,875 - [INFO] - On Validation Set:
Performance of  RRL Model: 
[[1245   41]
 [ 109   52]]
              precision    recall  f1-score   support

           0       0.92      0.97      0.94      1286
           1       0.56      0.32      0.41       161

    accuracy                           0.90      1447
   macro avg       0.74      0.65      0.68      1447
weighted avg       0.88      0.90      0.88      1447

2025-12-21 21:53:09,875 - [INFO] - ------------------------------------------------------------
2025-12-21 21:53:10,057 - [INFO] - epoch: 91, loss_rrl: 108.1394645087421
2025-12-21 21:53:11,367 - [INFO] - epoch: 92, loss_rrl: 107.8623396512121
2025-12-21 21:53:11,416 - [DEBUG] - y_true: (1447,) [0 0 0 0 0 1 0 0 0 0 0 0 0 0 0 0 0 1 0 0 0 0 0 0 1 0 0 0 0 0 0 0 0 0 0 0 0
 0 1 1 0]
2025-12-21 21:53:11,564 - [DEBUG] - y_rrl_: (1447,) [0 0 0 0 0 1 0 0 0 0 0 0 0 0 0 0 0 0 0 0 0 0 0 0 1 0 0 0 0 0 0 0 0 0 0 0 0
 0 0 0 0]
2025-12-21 21:53:11,565 - [DEBUG] - y_rrl: (1447, 2) [[ 8.368481   -8.056026  ]
 [ 0.90421146 -0.5942403 ]
 [ 5.83178    -5.516777  ]
 [ 5.83178    -5.516777  ]
 [ 7.233407   -6.9196453 ]
 [ 0.12642889  0.18899895]
 [ 8.368481   -8.056026  ]
 [ 7.5249076  -7.212425  ]
 [ 8.368481   -8.056026  ]
 [ 3.534789   -3.2212098 ]
 [ 2.0479414  -1.7340821 ]
 [ 5.0055237  -4.6950035 ]
 [ 7.8104253  -7.4967594 ]
 [ 6.675352   -6.3603783 ]
 [ 6.868866   -6.555188  ]
 [ 6.777889   -6.4664645 ]
 [ 6.389835   -6.076044  ]
 [ 1.0154043  -0.7037878 ]
 [ 4.304546   -3.9946318 ]
 [ 5.4800053  -5.166031  ]
 [ 6.777889   -6.4664645 ]
 [ 7.8104253  -7.4967594 ]
 [ 6.777889   -6.4664645 ]
 [ 6.675352   -6.3603783 ]
 [-1.5286869   1.8393266 ]
 [ 1.4898864  -1.1748152 ]
 [ 3.3775544  -3.0660737 ]
 [ 7.8104253  -7.4967594 ]
 [ 5.4800053  -5.166031  ]
 [ 6.9668527  -6.653158  ]
 [ 8.368481   -8.056026  ]
 [ 6.323578   -6.009632  ]
 [ 1.4898864  -1.1748152 ]
 [ 0.4573495  -0.14452083]
 [ 8.368481   -8.056026  ]
 [ 7.5249076  -7.212425  ]
 [ 7.8104253  -7.4967594 ]
 [ 7.8104253  -7.4967594 ]
 [ 2.1713314  -1.8573954 ]
 [ 1.3597878  -1.050669  ]
 [ 7.5249076  -7.212425  ]]
2025-12-21 21:53:11,567 - [INFO] - ------------------------------------------------------------
2025-12-21 21:53:11,567 - [INFO] - On Validation Set:
	Accuracy of RRL  Model: 0.9067035245335177
	F1 Score of RRL  Model: 0.7233563462559746
2025-12-21 21:53:11,573 - [INFO] - On Validation Set:
Performance of  RRL Model: 
[[1245   41]
 [  94   67]]
              precision    recall  f1-score   support

           0       0.93      0.97      0.95      1286
           1       0.62      0.42      0.50       161

    accuracy                           0.91      1447
   macro avg       0.78      0.69      0.72      1447
weighted avg       0.90      0.91      0.90      1447

2025-12-21 21:53:11,573 - [INFO] - ------------------------------------------------------------
2025-12-21 21:53:12,864 - [INFO] - epoch: 93, loss_rrl: 107.98096823692322
2025-12-21 21:53:13,127 - [DEBUG] - y_true: (1447,) [0 0 0 0 0 1 0 0 0 0 0 0 0 0 0 0 0 1 0 0 0 0 0 0 1 0 0 0 0 0 0 0 0 0 0 0 0
 0 1 1 0]
2025-12-21 21:53:13,276 - [DEBUG] - y_rrl_: (1447,) [0 1 0 0 0 1 0 0 0 0 0 0 0 0 0 0 0 0 0 0 0 0 0 0 1 0 0 0 0 0 0 0 0 0 0 0 0
 0 1 0 0]
2025-12-21 21:53:13,276 - [DEBUG] - y_rrl: (1447, 2) [[ 8.607268   -8.300363  ]
 [-0.0948541   0.40064335]
 [ 5.1278057  -4.8183975 ]
 [ 6.0566225  -5.747225  ]
 [ 6.5432453  -6.235052  ]
 [-0.3240468   0.63137394]
 [ 8.607268   -8.300363  ]
 [ 7.762515   -7.4555798 ]
 [ 8.607268   -8.300363  ]
 [ 4.8990946  -4.592364  ]
 [ 2.2667491  -1.9584705 ]
 [ 4.269365   -3.964318  ]
 [ 5.455228   -5.1486154 ]
 [ 5.97256    -5.6631794 ]
 [ 8.036584   -7.728489  ]
 [ 6.9693885  -6.6634674 ]
 [ 6.627308   -6.3190985 ]
 [ 2.3347607  -2.0299294 ]
 [ 4.4720955  -4.167639  ]
 [ 5.6946917  -5.3862953 ]
 [ 6.9693885  -6.6634674 ]
 [ 7.107767   -6.7996616 ]
 [ 6.0405717  -5.734639  ]
 [ 6.9013767  -6.5920076 ]
 [-1.3912425   1.6963966 ]
 [ 1.1787319  -0.87203324]
 [ 3.5376463  -3.231667  ]
 [ 8.036584   -7.728489  ]
 [ 4.765875   -4.457467  ]
 [ 7.1918297  -6.883707  ]
 [ 8.607268   -8.300363  ]
 [ 5.610629   -5.30225   ]
 [ 2.831271   -2.5230792 ]
 [ 1.7640753  -1.4580564 ]
 [ 7.6784525  -7.3715343 ]
 [ 7.762515   -7.4555798 ]
 [ 7.107767   -6.7996616 ]
 [ 8.036584   -7.728489  ]
 [-0.82055724  1.1245238 ]
 [ 1.5213349  -1.2176704 ]
 [ 7.762515   -7.4555798 ]]
2025-12-21 21:53:13,278 - [INFO] - ------------------------------------------------------------
2025-12-21 21:53:13,279 - [INFO] - On Validation Set:
	Accuracy of RRL  Model: 0.9108500345542502
	F1 Score of RRL  Model: 0.7473816267950354
2025-12-21 21:53:13,284 - [INFO] - On Validation Set:
Performance of  RRL Model: 
[[1241   45]
 [  84   77]]
              precision    recall  f1-score   support

           0       0.94      0.97      0.95      1286
           1       0.63      0.48      0.54       161

    accuracy                           0.91      1447
   macro avg       0.78      0.72      0.75      1447
weighted avg       0.90      0.91      0.91      1447

2025-12-21 21:53:13,285 - [INFO] - ------------------------------------------------------------
2025-12-21 21:53:14,355 - [INFO] - epoch: 94, loss_rrl: 107.9521934427321
2025-12-21 21:53:14,835 - [DEBUG] - y_true: (1447,) [0 0 0 0 0 1 0 0 0 0 0 0 0 0 0 0 0 1 0 0 0 0 0 0 1 0 0 0 0 0 0 0 0 0 0 0 0
 0 1 1 0]
2025-12-21 21:53:14,982 - [DEBUG] - y_rrl_: (1447,) [0 0 0 0 0 1 0 0 0 0 0 0 0 0 0 0 0 0 0 0 0 0 0 0 1 0 0 0 0 0 0 0 0 0 0 0 0
 0 1 0 0]
2025-12-21 21:53:14,983 - [DEBUG] - y_rrl: (1447, 2) [[ 8.278667   -7.9772305 ]
 [ 1.7737694  -1.4725332 ]
 [ 4.232007   -3.927869  ]
 [ 4.232007   -3.927869  ]
 [ 8.278667   -7.9772305 ]
 [-0.7307062   1.0325577 ]
 [ 8.278667   -7.9772305 ]
 [ 5.9287624  -5.627031  ]
 [ 8.278667   -7.9772305 ]
 [ 3.0143344  -2.7128012 ]
 [ 1.9663254  -1.6668968 ]
 [ 5.9287624  -5.627031  ]
 [ 6.084578   -5.7834272 ]
 [ 7.727296   -7.4246945 ]
 [ 7.727296   -7.4246945 ]
 [ 6.679286   -6.3787904 ]
 [ 5.9287624  -5.627031  ]
 [ 1.9663254  -1.6668968 ]
 [ 4.185247   -3.8861742 ]
 [ 6.2287126  -5.9258437 ]
 [ 6.679286   -6.3787904 ]
 [ 7.727296   -7.4246945 ]
 [ 6.679286   -6.3787904 ]
 [ 7.727296   -7.4246945 ]
 [-1.7787153   2.0784621 ]
 [ 0.8202455  -0.5189985 ]
 [ 4.2678084  -3.9651492 ]
 [ 7.727296   -7.4246945 ]
 [ 6.2287126  -5.9258437 ]
 [ 6.2287126  -5.9258437 ]
 [ 8.278667   -7.9772305 ]
 [ 6.2287126  -5.9258437 ]
 [ 1.4149543  -1.1143615 ]
 [ 1.4149543  -1.1143615 ]
 [ 8.278667   -7.9772305 ]
 [ 5.9287624  -5.627031  ]
 [ 7.727296   -7.4246945 ]
 [ 7.727296   -7.4246945 ]
 [-0.17933515  0.48002252]
 [ 1.1225611  -0.8242721 ]
 [ 5.9287624  -5.627031  ]]
2025-12-21 21:53:14,985 - [INFO] - ------------------------------------------------------------
2025-12-21 21:53:14,985 - [INFO] - On Validation Set:
	Accuracy of RRL  Model: 0.9053213545266068
	F1 Score of RRL  Model: 0.7675469299834782
2025-12-21 21:53:14,991 - [INFO] - On Validation Set:
Performance of  RRL Model: 
[[1212   74]
 [  63   98]]
              precision    recall  f1-score   support

           0       0.95      0.94      0.95      1286
           1       0.57      0.61      0.59       161

    accuracy                           0.91      1447
   macro avg       0.76      0.78      0.77      1447
weighted avg       0.91      0.91      0.91      1447

2025-12-21 21:53:14,991 - [INFO] - ------------------------------------------------------------
2025-12-21 21:53:15,844 - [INFO] - epoch: 95, loss_rrl: 106.7131684012711
2025-12-21 21:53:16,540 - [DEBUG] - y_true: (1447,) [0 0 0 0 0 1 0 0 0 0 0 0 0 0 0 0 0 1 0 0 0 0 0 0 1 0 0 0 0 0 0 0 0 0 0 0 0
 0 1 1 0]
2025-12-21 21:53:16,686 - [DEBUG] - y_rrl_: (1447,) [0 0 0 0 0 0 0 0 0 0 0 0 0 0 0 0 0 0 0 0 0 0 0 0 1 0 0 0 0 0 0 0 0 0 0 0 0
 0 0 0 0]
2025-12-21 21:53:16,686 - [DEBUG] - y_rrl: (1447, 2) [[ 9.309255   -9.01322   ]
 [ 3.976671   -3.6825867 ]
 [ 7.901255   -7.604053  ]
 [ 7.901255   -7.604053  ]
 [ 9.309255   -9.01322   ]
 [ 0.9383326  -0.639518  ]
 [ 9.309255   -9.01322   ]
 [ 8.460785   -8.164722  ]
 [ 9.309255   -9.01322   ]
 [ 5.545651   -5.2497797 ]
 [ 3.0221972  -2.728103  ]
 [ 5.9373307  -5.643045  ]
 [ 9.309255   -9.01322   ]
 [ 8.749724   -8.452549  ]
 [ 9.309255   -9.01322   ]
 [ 7.715569   -7.4204326 ]
 [ 8.460785   -8.164722  ]
 [ 3.0221972  -2.728103  ]
 [ 5.2445383  -4.950781  ]
 [ 7.260426   -6.9629893 ]
 [ 7.715569   -7.4204326 ]
 [ 8.749724   -8.452549  ]
 [ 7.715569   -7.4204326 ]
 [ 9.309255   -9.01322   ]
 [-0.19526416  0.4885281 ]
 [ 4.0563517  -3.760219  ]
 [ 7.260426   -6.9629893 ]
 [ 9.309255   -9.01322   ]
 [ 7.260426   -6.9629893 ]
 [ 9.309255   -9.01322   ]
 [ 9.309255   -9.01322   ]
 [ 5.3778005  -5.082375  ]
 [ 2.4626675  -2.1674325 ]
 [ 2.4626675  -2.1674325 ]
 [ 9.309255   -9.01322   ]
 [ 8.460785   -8.164722  ]
 [ 9.309255   -9.01322   ]
 [ 9.309255   -9.01322   ]
 [ 0.463708   -0.16807218]
 [ 2.142505   -1.8495291 ]
 [ 8.460785   -8.164722  ]]
2025-12-21 21:53:16,688 - [INFO] - ------------------------------------------------------------
2025-12-21 21:53:16,688 - [INFO] - On Validation Set:
	Accuracy of RRL  Model: 0.9011748445058743
	F1 Score of RRL  Model: 0.6407527973818763
2025-12-21 21:53:16,694 - [INFO] - On Validation Set:
Performance of  RRL Model: 
[[1268   18]
 [ 125   36]]
              precision    recall  f1-score   support

           0       0.91      0.99      0.95      1286
           1       0.67      0.22      0.33       161

    accuracy                           0.90      1447
   macro avg       0.79      0.60      0.64      1447
weighted avg       0.88      0.90      0.88      1447

2025-12-21 21:53:16,694 - [INFO] - ------------------------------------------------------------
2025-12-21 21:53:17,329 - [INFO] - epoch: 96, loss_rrl: 106.98458092473447
2025-12-21 21:53:18,262 - [DEBUG] - y_true: (1447,) [0 0 0 0 0 1 0 0 0 0 0 0 0 0 0 0 0 1 0 0 0 0 0 0 1 0 0 0 0 0 0 0 0 0 0 0 0
 0 1 1 0]
2025-12-21 21:53:18,415 - [DEBUG] - y_rrl_: (1447,) [0 1 0 0 0 1 0 0 0 0 0 0 0 0 0 0 0 0 0 0 0 0 0 0 1 0 0 0 0 0 0 0 0 0 0 0 0
 0 0 0 0]
2025-12-21 21:53:18,415 - [DEBUG] - y_rrl: (1447, 2) [[ 8.909605   -8.618881  ]
 [-1.2762549   1.563716  ]
 [ 4.403268   -4.113454  ]
 [ 5.3358417  -5.0460377 ]
 [ 7.9770308  -7.6862974 ]
 [-0.0715537   0.36267734]
 [ 8.909605   -8.618881  ]
 [ 5.9041963  -5.61551   ]
 [ 8.909605   -8.618881  ]
 [ 3.9584057  -3.6699128 ]
 [ 3.60843    -3.3195915 ]
 [ 4.6216474  -4.332604  ]
 [ 5.778863   -5.4883757 ]
 [ 6.751788   -6.4622564 ]
 [ 8.34125    -8.049409  ]
 [ 7.3343873  -7.044519  ]
 [ 6.5610847  -6.2700787 ]
 [ 2.951542   -2.6650229 ]
 [ 4.193464   -3.9072533 ]
 [ 6.190063   -5.900285  ]
 [ 6.677499   -6.38995   ]
 [ 7.408676   -7.116825  ]
 [ 6.401813   -6.1119347 ]
 [ 7.6843624  -7.3948402 ]
 [-1.0784177   1.3675674 ]
 [ 1.4845523  -1.1939762 ]
 [ 3.0400753  -2.7501192 ]
 [ 7.6843624  -7.3948402 ]
 [ 5.914377   -5.6222696 ]
 [ 6.8469515  -6.5548534 ]
 [ 8.252717   -7.9643126 ]
 [ 5.257489   -4.967701  ]
 [ 3.0400753  -2.7501192 ]
 [ 1.4506131  -1.1629667 ]
 [ 7.9770308  -7.6862974 ]
 [ 5.9041963  -5.61551   ]
 [ 7.408676   -7.116825  ]
 [ 7.6843624  -7.3948402 ]
 [ 1.9911001  -1.7013501 ]
 [ 1.8384575  -1.5507073 ]
 [ 5.9041963  -5.61551   ]]
2025-12-21 21:53:18,417 - [INFO] - ------------------------------------------------------------
2025-12-21 21:53:18,417 - [INFO] - On Validation Set:
	Accuracy of RRL  Model: 0.8984105044920525
	F1 Score of RRL  Model: 0.6883224780757988
2025-12-21 21:53:18,423 - [INFO] - On Validation Set:
Performance of  RRL Model: 
[[1244   42]
 [ 105   56]]
              precision    recall  f1-score   support

           0       0.92      0.97      0.94      1286
           1       0.57      0.35      0.43       161

    accuracy                           0.90      1447
   macro avg       0.75      0.66      0.69      1447
weighted avg       0.88      0.90      0.89      1447

2025-12-21 21:53:18,423 - [INFO] - ------------------------------------------------------------
2025-12-21 21:53:18,858 - [INFO] - epoch: 97, loss_rrl: 107.10596749559045
2025-12-21 21:53:20,019 - [DEBUG] - y_true: (1447,) [0 0 0 0 0 1 0 0 0 0 0 0 0 0 0 0 0 1 0 0 0 0 0 0 1 0 0 0 0 0 0 0 0 0 0 0 0
 0 1 1 0]
2025-12-21 21:53:20,179 - [DEBUG] - y_rrl_: (1447,) [0 1 0 0 0 1 0 0 0 0 0 0 0 0 0 0 0 0 0 0 0 0 0 0 1 0 0 0 0 0 0 0 0 0 0 0 0
 0 0 0 0]
2025-12-21 21:53:20,179 - [DEBUG] - y_rrl: (1447, 2) [[ 8.309433   -8.023923  ]
 [-0.07330094  0.35676932]
 [ 3.366175   -3.0781322 ]
 [ 4.289191   -4.0011578 ]
 [ 7.3864174  -7.1008983 ]
 [ 0.02608819  0.26208264]
 [ 8.309433   -8.023923  ]
 [ 5.963736   -5.6779504 ]
 [ 8.309433   -8.023923  ]
 [ 2.0099735  -1.7232132 ]
 [ 2.0099735  -1.7232132 ]
 [ 4.0287757  -3.744893  ]
 [ 6.822493   -6.5358787 ]
 [ 6.822493   -6.5358787 ]
 [ 6.822493   -6.5358787 ]
 [ 7.7455087  -7.458904  ]
 [ 5.963736   -5.6779504 ]
 [ 0.99802816 -0.7131807 ]
 [ 5.274961   -4.989654  ]
 [ 6.252333   -5.9654775 ]
 [ 7.7455087  -7.458904  ]
 [ 6.822493   -6.5358787 ]
 [ 5.8105483  -5.5258465 ]
 [ 7.7455087  -7.458904  ]
 [-3.2247787   3.5074468 ]
 [ 1.446049   -1.1581936 ]
 [ 2.4677405  -2.18296   ]
 [ 7.7455087  -7.458904  ]
 [ 5.3293176  -5.042452  ]
 [ 6.252333   -5.9654775 ]
 [ 8.309433   -8.023923  ]
 [ 3.4648511  -3.1798735 ]
 [ 1.446049   -1.1581936 ]
 [ 0.4341036  -0.14816111]
 [ 7.3864174  -7.1008983 ]
 [ 5.963736   -5.6779504 ]
 [ 6.822493   -6.5358787 ]
 [ 7.7455087  -7.458904  ]
 [ 1.0712429  -0.7863309 ]
 [ 3.2229946  -2.9401886 ]
 [ 5.963736   -5.6779504 ]]
2025-12-21 21:53:20,181 - [INFO] - ------------------------------------------------------------
2025-12-21 21:53:20,181 - [INFO] - On Validation Set:
	Accuracy of RRL  Model: 0.8901174844505875
	F1 Score of RRL  Model: 0.6826180941331946
2025-12-21 21:53:20,187 - [INFO] - On Validation Set:
Performance of  RRL Model: 
[[1229   57]
 [ 102   59]]
              precision    recall  f1-score   support

           0       0.92      0.96      0.94      1286
           1       0.51      0.37      0.43       161

    accuracy                           0.89      1447
   macro avg       0.72      0.66      0.68      1447
weighted avg       0.88      0.89      0.88      1447

2025-12-21 21:53:20,188 - [INFO] - ------------------------------------------------------------
2025-12-21 21:53:20,413 - [INFO] - epoch: 98, loss_rrl: 106.9565350189805
2025-12-21 21:53:21,758 - [INFO] - epoch: 99, loss_rrl: 106.94333464279771
